ISO-10303-21;
HEADER;
/* Generated by software containing ST-Developer
 * from STEP Tools, Inc. (www.steptools.com) 
 */

FILE_DESCRIPTION(
/* description */ ('STEP AP214'),
/* implementation_level */ '2;1');

FILE_NAME(
/* name */ 'Adafruit_BNO055_AP214.step',
/* time_stamp */ '2026-05-23T12:13:54+02:00',
/* author */ (''),
/* organization */ (''),
/* preprocessor_version */ 'ST-DEVELOPER v20.1',
/* originating_system */ 'Autodesk Translation Framework v15.8.0.0',
/* authorisation */ '');

FILE_SCHEMA (('AUTOMOTIVE_DESIGN { 1 0 10303 214 3 1 1 }'));
ENDSEC;

DATA;
#10=MECHANICAL_DESIGN_GEOMETRIC_PRESENTATION_REPRESENTATION('',(#140,#141,
#142,#143,#144,#145,#146,#147,#148,#149,#150,#151,#152,#153,#154,#155,#156,
#157,#158,#159,#160,#161,#162,#163,#164,#165,#166,#167,#168,#169,#170,#171,
#172,#173,#174,#175,#176,#177,#178,#179,#180,#181,#182,#183,#184,#185,#186,
#187,#188,#189,#190,#191,#192,#193,#194,#195,#196,#197,#198,#199,#200,#201,
#202,#203,#204,#205,#206,#207,#208,#209,#210,#211,#212,#213,#214,#215,#216,
#217,#218,#219,#220,#221,#222,#223,#224,#225,#226,#227,#228,#229,#230,#231,
#232,#233,#234,#235,#236,#237,#238,#239,#240,#241,#242,#243,#244,#245,#246,
#247,#248,#249,#250,#251,#252,#253,#254,#255,#256,#257,#258,#259,#260,#261,
#262,#263,#264,#265,#266,#267,#268,#269,#270,#271,#272,#273,#274,#275,#276,
#277,#278,#279,#280,#281,#282,#283,#284,#285,#286,#287,#288,#289,#290,#291,
#292,#293,#294,#295,#296,#297,#298,#299,#300,#301,#302,#303,#304,#305,#306,
#307,#308,#309,#310,#311,#312,#313,#314,#315,#316,#317,#318,#319,#320,#321,
#322,#323,#324,#325,#326,#327,#328,#329,#330,#331,#332,#333,#334,#335,#336,
#337,#338,#339,#340,#341,#342,#343,#344,#345,#346,#347,#348,#349,#350,#351,
#352,#353,#354,#355,#356,#357,#358,#359,#360,#361,#362,#363,#364,#365,#366,
#367,#368,#369,#370,#371,#372,#373,#374,#375,#376,#377,#378,#379,#380,#381,
#382,#383,#384,#385,#386,#387,#388,#389,#390,#391,#392,#393,#394,#395,#396,
#397,#398,#399,#400,#401,#402,#403,#404,#405,#406,#407,#408,#409,#410,#411,
#412,#413,#414,#415,#416,#417,#418,#419,#420,#421,#422,#423,#424,#425,#426,
#427,#428,#429,#430,#431,#432,#433,#434,#435,#436,#437,#438,#439,#440,#441,
#442,#443,#444,#445,#446,#447,#448,#449,#450,#451,#452,#453,#454,#455,#456,
#457,#458,#459,#460,#461,#462,#463,#464,#465,#466,#467,#468,#469,#470,#471,
#472,#473,#474,#475,#476,#477,#478,#479,#480,#481,#482,#483,#484,#485,#486,
#487,#488,#489,#490,#491,#492,#493,#494,#495,#496,#497,#498,#499,#500,#501,
#502,#503,#504,#505,#506,#507,#508,#509,#510,#511,#512,#513,#514,#515,#516,
#517,#518,#519,#520,#521,#522,#523,#524,#525,#526,#527,#528,#529,#530,#531,
#532,#533,#534,#535,#536,#537,#538,#539,#540,#541,#542,#543,#544,#545,#546,
#547,#548,#549,#550,#551,#552,#553,#554,#555,#556,#557,#558,#559,#560,#561,
#562,#563,#564,#565,#566,#567,#568,#569,#570,#571,#572,#573,#574,#575,#576,
#577,#578,#579,#580,#581,#582,#583,#584,#585,#586,#587,#588,#589,#590,#591,
#592,#593,#594,#595,#596,#597,#598,#599,#600,#601,#602,#603,#604,#605,#606,
#607,#608,#609,#610,#611,#612,#613,#614,#615,#616,#617,#618,#619,#620,#621,
#622,#623,#624,#625,#626,#627,#628,#629,#630,#631,#632,#633,#634,#635,#636,
#637,#638,#639,#640,#641,#642,#643,#644,#645,#646,#647,#648,#649,#650,#651,
#652,#653,#654,#655,#656,#657,#658,#659,#660,#661,#662,#663,#664,#665,#666,
#667,#668,#669,#670,#671,#672,#673,#674,#675,#676,#677,#678,#679,#680,#681,
#682,#683,#684,#685,#686,#687,#688,#689,#690,#691,#692,#693,#694,#695,#696,
#697,#698,#699,#700,#701,#702,#703,#704,#705,#706,#707,#708,#709,#710,#711,
#712,#713,#714,#715,#716,#717,#718,#719,#720,#721,#722,#723,#724,#725,#726,
#727,#728,#729,#730,#731,#732,#733,#734,#735,#736,#737,#738,#739,#740,#741,
#742,#743,#744,#745,#746,#747,#748,#749,#750,#751,#752,#753,#754,#755,#756,
#757,#758,#759,#760,#761,#762,#763,#764,#765,#766,#767,#768,#769,#770,#771,
#772,#773,#774,#775,#776,#777,#778,#779,#780,#781,#782,#783,#784,#785,#786,
#787,#788,#789,#790,#791,#792,#793,#794,#795,#796,#797,#798,#799,#800,#801,
#802,#803,#804,#805,#806,#807,#808,#809,#810,#811,#812,#813,#814,#815,#816,
#817,#818,#819,#820,#821,#822,#823,#824,#825,#826,#827,#828,#829,#830,#831,
#832,#833,#834,#835,#836,#837,#838,#839,#840,#841,#842,#843,#844,#845,#846,
#847,#848,#849,#850,#851,#852,#853,#854,#855,#856,#857,#858,#859,#860,#861,
#862,#863,#864,#865,#866,#867,#868,#869,#870,#871,#872,#873,#874,#875,#876,
#877),#20671);
#11=SHAPE_REPRESENTATION_RELATIONSHIP('SRR','None',#20678,#12);
#12=ADVANCED_BREP_SHAPE_REPRESENTATION('',(#878,#879,#880,#881,#882,#883,
#884,#885,#886,#887,#888,#889,#890,#891,#892,#893,#894,#895,#896,#897,#898,
#899,#900,#901,#902,#903,#904,#905,#906,#907,#908,#909,#910,#911,#912,#913,
#914,#915,#916,#917,#918,#919,#920,#921,#922,#923,#924,#925,#926,#927,#928,
#929,#930,#931,#932,#933,#934,#935,#936,#937,#938,#939,#940,#941,#942,#943,
#944,#945,#946,#947,#948,#949,#950,#951,#952,#953,#954,#955,#956,#957,#958,
#959,#960,#961,#962,#963,#964,#965,#966,#967,#968,#969,#970,#971),#20670);
#13=ELLIPSE('',#13468,0.0707106781186659,0.0499999999999992);
#14=ELLIPSE('',#13469,0.0707106781187134,0.0500000000000474);
#15=ELLIPSE('',#13529,0.0707106781186447,0.0500000000000016);
#16=ELLIPSE('',#13531,0.0707106781187303,0.0500000000000336);
#17=TOROIDAL_SURFACE('',#13450,0.300000000000001,0.05);
#18=TOROIDAL_SURFACE('',#13811,2.44,0.1);
#19=TOROIDAL_SURFACE('',#13818,2.44,0.1);
#20=TOROIDAL_SURFACE('',#13820,2.44,0.1);
#21=TOROIDAL_SURFACE('',#13826,2.44,0.1);
#22=TOROIDAL_SURFACE('',#13827,2.44,0.1);
#23=TOROIDAL_SURFACE('',#13834,2.44,0.1);
#24=TOROIDAL_SURFACE('',#13836,2.44,0.1);
#25=TOROIDAL_SURFACE('',#13842,2.44,0.1);
#26=FACE_BOUND('',#2676,.T.);
#27=FACE_BOUND('',#2678,.T.);
#28=FACE_BOUND('',#2682,.T.);
#29=FACE_BOUND('',#2684,.T.);
#30=FACE_BOUND('',#2688,.T.);
#31=FACE_BOUND('',#2690,.T.);
#32=FACE_BOUND('',#2694,.T.);
#33=FACE_BOUND('',#2696,.T.);
#34=FACE_BOUND('',#2700,.T.);
#35=FACE_BOUND('',#2702,.T.);
#36=FACE_BOUND('',#2706,.T.);
#37=FACE_BOUND('',#2708,.T.);
#38=FACE_BOUND('',#2712,.T.);
#39=FACE_BOUND('',#2714,.T.);
#40=FACE_BOUND('',#2718,.T.);
#41=FACE_BOUND('',#2720,.T.);
#42=FACE_BOUND('',#2724,.T.);
#43=FACE_BOUND('',#2726,.T.);
#44=FACE_BOUND('',#2730,.T.);
#45=FACE_BOUND('',#2732,.T.);
#46=FACE_BOUND('',#2736,.T.);
#47=FACE_BOUND('',#2738,.T.);
#48=FACE_BOUND('',#2742,.T.);
#49=FACE_BOUND('',#2744,.T.);
#50=FACE_BOUND('',#2748,.T.);
#51=FACE_BOUND('',#2750,.T.);
#52=FACE_BOUND('',#2754,.T.);
#53=FACE_BOUND('',#2756,.T.);
#54=FACE_BOUND('',#2766,.T.);
#55=FACE_BOUND('',#2768,.T.);
#56=FACE_BOUND('',#2772,.T.);
#57=FACE_BOUND('',#2774,.T.);
#58=FACE_BOUND('',#2778,.T.);
#59=FACE_BOUND('',#2780,.T.);
#60=FACE_BOUND('',#2784,.T.);
#61=FACE_BOUND('',#2786,.T.);
#62=FACE_BOUND('',#2790,.T.);
#63=FACE_BOUND('',#2792,.T.);
#64=FACE_BOUND('',#2796,.T.);
#65=FACE_BOUND('',#2798,.T.);
#66=FACE_BOUND('',#2802,.T.);
#67=FACE_BOUND('',#2804,.T.);
#68=FACE_BOUND('',#2808,.T.);
#69=FACE_BOUND('',#2810,.T.);
#70=FACE_BOUND('',#2814,.T.);
#71=FACE_BOUND('',#2816,.T.);
#72=FACE_BOUND('',#2820,.T.);
#73=FACE_BOUND('',#2822,.T.);
#74=FACE_BOUND('',#2826,.T.);
#75=FACE_BOUND('',#2828,.T.);
#76=FACE_BOUND('',#2832,.T.);
#77=FACE_BOUND('',#2834,.T.);
#78=FACE_BOUND('',#2838,.T.);
#79=FACE_BOUND('',#2840,.T.);
#80=FACE_BOUND('',#2844,.T.);
#81=FACE_BOUND('',#2846,.T.);
#82=FACE_BOUND('',#2855,.T.);
#83=FACE_BOUND('',#3088,.T.);
#84=FACE_BOUND('',#3089,.T.);
#85=FACE_BOUND('',#3090,.T.);
#86=FACE_BOUND('',#3091,.T.);
#87=FACE_BOUND('',#3092,.T.);
#88=FACE_BOUND('',#3093,.T.);
#89=FACE_BOUND('',#3094,.T.);
#90=FACE_BOUND('',#3095,.T.);
#91=FACE_BOUND('',#3096,.T.);
#92=FACE_BOUND('',#3097,.T.);
#93=FACE_BOUND('',#3098,.T.);
#94=FACE_BOUND('',#3099,.T.);
#95=FACE_BOUND('',#3100,.T.);
#96=FACE_BOUND('',#3101,.T.);
#97=FACE_BOUND('',#3102,.T.);
#98=FACE_BOUND('',#3103,.T.);
#99=FACE_BOUND('',#3104,.T.);
#100=FACE_BOUND('',#3105,.T.);
#101=FACE_BOUND('',#3106,.T.);
#102=FACE_BOUND('',#3107,.T.);
#103=FACE_BOUND('',#3108,.T.);
#104=FACE_BOUND('',#3109,.T.);
#105=FACE_BOUND('',#3110,.T.);
#106=FACE_BOUND('',#3111,.T.);
#107=FACE_BOUND('',#3112,.T.);
#108=FACE_BOUND('',#3113,.T.);
#109=FACE_BOUND('',#3114,.T.);
#110=FACE_BOUND('',#3115,.T.);
#111=FACE_BOUND('',#3116,.T.);
#112=FACE_BOUND('',#3118,.T.);
#113=FACE_BOUND('',#3119,.T.);
#114=FACE_BOUND('',#3120,.T.);
#115=FACE_BOUND('',#3121,.T.);
#116=FACE_BOUND('',#3122,.T.);
#117=FACE_BOUND('',#3123,.T.);
#118=FACE_BOUND('',#3124,.T.);
#119=FACE_BOUND('',#3125,.T.);
#120=FACE_BOUND('',#3126,.T.);
#121=FACE_BOUND('',#3127,.T.);
#122=FACE_BOUND('',#3128,.T.);
#123=FACE_BOUND('',#3129,.T.);
#124=FACE_BOUND('',#3130,.T.);
#125=FACE_BOUND('',#3131,.T.);
#126=FACE_BOUND('',#3132,.T.);
#127=FACE_BOUND('',#3133,.T.);
#128=FACE_BOUND('',#3134,.T.);
#129=FACE_BOUND('',#3135,.T.);
#130=FACE_BOUND('',#3136,.T.);
#131=FACE_BOUND('',#3137,.T.);
#132=FACE_BOUND('',#3138,.T.);
#133=FACE_BOUND('',#3139,.T.);
#134=FACE_BOUND('',#3140,.T.);
#135=FACE_BOUND('',#3141,.T.);
#136=FACE_BOUND('',#3142,.T.);
#137=FACE_BOUND('',#3143,.T.);
#138=FACE_BOUND('',#3144,.T.);
#139=FACE_BOUND('',#3145,.T.);
#140=STYLED_ITEM('',(#20688),#878);
#141=STYLED_ITEM('',(#20690),#11883);
#142=STYLED_ITEM('',(#20690),#11884);
#143=STYLED_ITEM('',(#20690),#11885);
#144=STYLED_ITEM('',(#20690),#11886);
#145=STYLED_ITEM('',(#20690),#11887);
#146=STYLED_ITEM('',(#20690),#11888);
#147=STYLED_ITEM('',(#20689),#879);
#148=STYLED_ITEM('',(#20690),#11889);
#149=STYLED_ITEM('',(#20690),#11890);
#150=STYLED_ITEM('',(#20690),#11891);
#151=STYLED_ITEM('',(#20690),#11892);
#152=STYLED_ITEM('',(#20690),#11893);
#153=STYLED_ITEM('',(#20690),#11894);
#154=STYLED_ITEM('',(#20689),#880);
#155=STYLED_ITEM('',(#20690),#11895);
#156=STYLED_ITEM('',(#20690),#11896);
#157=STYLED_ITEM('',(#20690),#11897);
#158=STYLED_ITEM('',(#20690),#11898);
#159=STYLED_ITEM('',(#20690),#11899);
#160=STYLED_ITEM('',(#20690),#11900);
#161=STYLED_ITEM('',(#20689),#881);
#162=STYLED_ITEM('',(#20690),#11901);
#163=STYLED_ITEM('',(#20690),#11902);
#164=STYLED_ITEM('',(#20690),#11903);
#165=STYLED_ITEM('',(#20690),#11904);
#166=STYLED_ITEM('',(#20690),#11905);
#167=STYLED_ITEM('',(#20690),#11906);
#168=STYLED_ITEM('',(#20689),#882);
#169=STYLED_ITEM('',(#20690),#11907);
#170=STYLED_ITEM('',(#20690),#11908);
#171=STYLED_ITEM('',(#20690),#11909);
#172=STYLED_ITEM('',(#20690),#11910);
#173=STYLED_ITEM('',(#20690),#11911);
#174=STYLED_ITEM('',(#20690),#11912);
#175=STYLED_ITEM('',(#20689),#883);
#176=STYLED_ITEM('',(#20690),#11913);
#177=STYLED_ITEM('',(#20690),#11914);
#178=STYLED_ITEM('',(#20690),#11915);
#179=STYLED_ITEM('',(#20690),#11916);
#180=STYLED_ITEM('',(#20690),#11917);
#181=STYLED_ITEM('',(#20690),#11918);
#182=STYLED_ITEM('',(#20689),#884);
#183=STYLED_ITEM('',(#20688),#11919);
#184=STYLED_ITEM('',(#20688),#11920);
#185=STYLED_ITEM('',(#20688),#11921);
#186=STYLED_ITEM('',(#20688),#11922);
#187=STYLED_ITEM('',(#20688),#11923);
#188=STYLED_ITEM('',(#20688),#11924);
#189=STYLED_ITEM('',(#20689),#885);
#190=STYLED_ITEM('',(#20688),#11925);
#191=STYLED_ITEM('',(#20688),#11926);
#192=STYLED_ITEM('',(#20688),#11927);
#193=STYLED_ITEM('',(#20688),#11928);
#194=STYLED_ITEM('',(#20688),#11929);
#195=STYLED_ITEM('',(#20688),#11930);
#196=STYLED_ITEM('',(#20689),#886);
#197=STYLED_ITEM('',(#20688),#11931);
#198=STYLED_ITEM('',(#20688),#11932);
#199=STYLED_ITEM('',(#20688),#11933);
#200=STYLED_ITEM('',(#20688),#11934);
#201=STYLED_ITEM('',(#20688),#11935);
#202=STYLED_ITEM('',(#20688),#11936);
#203=STYLED_ITEM('',(#20689),#887);
#204=STYLED_ITEM('',(#20688),#11937);
#205=STYLED_ITEM('',(#20688),#11938);
#206=STYLED_ITEM('',(#20688),#11939);
#207=STYLED_ITEM('',(#20688),#11940);
#208=STYLED_ITEM('',(#20688),#11941);
#209=STYLED_ITEM('',(#20688),#11942);
#210=STYLED_ITEM('',(#20689),#888);
#211=STYLED_ITEM('',(#20688),#11943);
#212=STYLED_ITEM('',(#20688),#11944);
#213=STYLED_ITEM('',(#20688),#11945);
#214=STYLED_ITEM('',(#20688),#11946);
#215=STYLED_ITEM('',(#20688),#11947);
#216=STYLED_ITEM('',(#20688),#11948);
#217=STYLED_ITEM('',(#20689),#889);
#218=STYLED_ITEM('',(#20688),#11949);
#219=STYLED_ITEM('',(#20688),#11950);
#220=STYLED_ITEM('',(#20688),#11951);
#221=STYLED_ITEM('',(#20688),#11952);
#222=STYLED_ITEM('',(#20688),#11953);
#223=STYLED_ITEM('',(#20688),#11954);
#224=STYLED_ITEM('',(#20689),#890);
#225=STYLED_ITEM('',(#20688),#11955);
#226=STYLED_ITEM('',(#20688),#11956);
#227=STYLED_ITEM('',(#20688),#11957);
#228=STYLED_ITEM('',(#20688),#11958);
#229=STYLED_ITEM('',(#20688),#11959);
#230=STYLED_ITEM('',(#20688),#11960);
#231=STYLED_ITEM('',(#20689),#891);
#232=STYLED_ITEM('',(#20688),#11961);
#233=STYLED_ITEM('',(#20688),#11962);
#234=STYLED_ITEM('',(#20688),#11963);
#235=STYLED_ITEM('',(#20688),#11964);
#236=STYLED_ITEM('',(#20688),#11965);
#237=STYLED_ITEM('',(#20688),#11966);
#238=STYLED_ITEM('',(#20689),#892);
#239=STYLED_ITEM('',(#20688),#893);
#240=STYLED_ITEM('',(#20691),#11977);
#241=STYLED_ITEM('',(#20691),#11978);
#242=STYLED_ITEM('',(#20691),#11979);
#243=STYLED_ITEM('',(#20691),#11980);
#244=STYLED_ITEM('',(#20691),#11981);
#245=STYLED_ITEM('',(#20691),#11982);
#246=STYLED_ITEM('',(#20691),#11983);
#247=STYLED_ITEM('',(#20691),#11984);
#248=STYLED_ITEM('',(#20691),#11985);
#249=STYLED_ITEM('',(#20691),#11986);
#250=STYLED_ITEM('',(#20691),#11987);
#251=STYLED_ITEM('',(#20691),#11988);
#252=STYLED_ITEM('',(#20691),#11989);
#253=STYLED_ITEM('',(#20691),#11990);
#254=STYLED_ITEM('',(#20689),#894);
#255=STYLED_ITEM('',(#20691),#11991);
#256=STYLED_ITEM('',(#20691),#11992);
#257=STYLED_ITEM('',(#20691),#11993);
#258=STYLED_ITEM('',(#20691),#11994);
#259=STYLED_ITEM('',(#20691),#11995);
#260=STYLED_ITEM('',(#20691),#11996);
#261=STYLED_ITEM('',(#20691),#11997);
#262=STYLED_ITEM('',(#20691),#11998);
#263=STYLED_ITEM('',(#20691),#11999);
#264=STYLED_ITEM('',(#20691),#12000);
#265=STYLED_ITEM('',(#20691),#12001);
#266=STYLED_ITEM('',(#20691),#12002);
#267=STYLED_ITEM('',(#20691),#12003);
#268=STYLED_ITEM('',(#20691),#12004);
#269=STYLED_ITEM('',(#20689),#895);
#270=STYLED_ITEM('',(#20691),#12005);
#271=STYLED_ITEM('',(#20691),#12006);
#272=STYLED_ITEM('',(#20691),#12007);
#273=STYLED_ITEM('',(#20691),#12008);
#274=STYLED_ITEM('',(#20691),#12009);
#275=STYLED_ITEM('',(#20691),#12010);
#276=STYLED_ITEM('',(#20691),#12011);
#277=STYLED_ITEM('',(#20691),#12012);
#278=STYLED_ITEM('',(#20691),#12013);
#279=STYLED_ITEM('',(#20691),#12014);
#280=STYLED_ITEM('',(#20691),#12015);
#281=STYLED_ITEM('',(#20691),#12016);
#282=STYLED_ITEM('',(#20691),#12017);
#283=STYLED_ITEM('',(#20691),#12018);
#284=STYLED_ITEM('',(#20689),#896);
#285=STYLED_ITEM('',(#20691),#12019);
#286=STYLED_ITEM('',(#20691),#12020);
#287=STYLED_ITEM('',(#20691),#12021);
#288=STYLED_ITEM('',(#20691),#12022);
#289=STYLED_ITEM('',(#20691),#12023);
#290=STYLED_ITEM('',(#20691),#12024);
#291=STYLED_ITEM('',(#20691),#12025);
#292=STYLED_ITEM('',(#20691),#12026);
#293=STYLED_ITEM('',(#20691),#12027);
#294=STYLED_ITEM('',(#20691),#12028);
#295=STYLED_ITEM('',(#20691),#12029);
#296=STYLED_ITEM('',(#20691),#12030);
#297=STYLED_ITEM('',(#20691),#12031);
#298=STYLED_ITEM('',(#20691),#12032);
#299=STYLED_ITEM('',(#20689),#897);
#300=STYLED_ITEM('',(#20691),#12033);
#301=STYLED_ITEM('',(#20691),#12034);
#302=STYLED_ITEM('',(#20691),#12035);
#303=STYLED_ITEM('',(#20691),#12036);
#304=STYLED_ITEM('',(#20691),#12037);
#305=STYLED_ITEM('',(#20691),#12038);
#306=STYLED_ITEM('',(#20691),#12039);
#307=STYLED_ITEM('',(#20691),#12040);
#308=STYLED_ITEM('',(#20691),#12041);
#309=STYLED_ITEM('',(#20691),#12042);
#310=STYLED_ITEM('',(#20691),#12043);
#311=STYLED_ITEM('',(#20691),#12044);
#312=STYLED_ITEM('',(#20691),#12045);
#313=STYLED_ITEM('',(#20691),#12046);
#314=STYLED_ITEM('',(#20689),#898);
#315=STYLED_ITEM('',(#20688),#899);
#316=STYLED_ITEM('',(#20691),#12057);
#317=STYLED_ITEM('',(#20691),#12058);
#318=STYLED_ITEM('',(#20691),#12059);
#319=STYLED_ITEM('',(#20691),#12060);
#320=STYLED_ITEM('',(#20691),#12061);
#321=STYLED_ITEM('',(#20691),#12062);
#322=STYLED_ITEM('',(#20691),#12063);
#323=STYLED_ITEM('',(#20691),#12064);
#324=STYLED_ITEM('',(#20691),#12065);
#325=STYLED_ITEM('',(#20691),#12066);
#326=STYLED_ITEM('',(#20691),#12067);
#327=STYLED_ITEM('',(#20691),#12068);
#328=STYLED_ITEM('',(#20691),#12069);
#329=STYLED_ITEM('',(#20691),#12070);
#330=STYLED_ITEM('',(#20689),#900);
#331=STYLED_ITEM('',(#20691),#12071);
#332=STYLED_ITEM('',(#20691),#12072);
#333=STYLED_ITEM('',(#20691),#12073);
#334=STYLED_ITEM('',(#20691),#12074);
#335=STYLED_ITEM('',(#20691),#12075);
#336=STYLED_ITEM('',(#20691),#12076);
#337=STYLED_ITEM('',(#20691),#12077);
#338=STYLED_ITEM('',(#20691),#12078);
#339=STYLED_ITEM('',(#20691),#12079);
#340=STYLED_ITEM('',(#20691),#12080);
#341=STYLED_ITEM('',(#20691),#12081);
#342=STYLED_ITEM('',(#20691),#12082);
#343=STYLED_ITEM('',(#20691),#12083);
#344=STYLED_ITEM('',(#20691),#12084);
#345=STYLED_ITEM('',(#20689),#901);
#346=STYLED_ITEM('',(#20691),#12085);
#347=STYLED_ITEM('',(#20691),#12086);
#348=STYLED_ITEM('',(#20691),#12087);
#349=STYLED_ITEM('',(#20691),#12088);
#350=STYLED_ITEM('',(#20691),#12089);
#351=STYLED_ITEM('',(#20691),#12090);
#352=STYLED_ITEM('',(#20691),#12091);
#353=STYLED_ITEM('',(#20691),#12092);
#354=STYLED_ITEM('',(#20691),#12093);
#355=STYLED_ITEM('',(#20691),#12094);
#356=STYLED_ITEM('',(#20691),#12095);
#357=STYLED_ITEM('',(#20691),#12096);
#358=STYLED_ITEM('',(#20691),#12097);
#359=STYLED_ITEM('',(#20691),#12098);
#360=STYLED_ITEM('',(#20689),#902);
#361=STYLED_ITEM('',(#20691),#12099);
#362=STYLED_ITEM('',(#20691),#12100);
#363=STYLED_ITEM('',(#20691),#12101);
#364=STYLED_ITEM('',(#20691),#12102);
#365=STYLED_ITEM('',(#20691),#12103);
#366=STYLED_ITEM('',(#20691),#12104);
#367=STYLED_ITEM('',(#20691),#12105);
#368=STYLED_ITEM('',(#20691),#12106);
#369=STYLED_ITEM('',(#20691),#12107);
#370=STYLED_ITEM('',(#20691),#12108);
#371=STYLED_ITEM('',(#20691),#12109);
#372=STYLED_ITEM('',(#20691),#12110);
#373=STYLED_ITEM('',(#20691),#12111);
#374=STYLED_ITEM('',(#20691),#12112);
#375=STYLED_ITEM('',(#20689),#903);
#376=STYLED_ITEM('',(#20688),#12113);
#377=STYLED_ITEM('',(#20688),#12114);
#378=STYLED_ITEM('',(#20688),#12115);
#379=STYLED_ITEM('',(#20688),#12116);
#380=STYLED_ITEM('',(#20688),#12117);
#381=STYLED_ITEM('',(#20688),#12118);
#382=STYLED_ITEM('',(#20688),#12119);
#383=STYLED_ITEM('',(#20688),#12120);
#384=STYLED_ITEM('',(#20688),#12121);
#385=STYLED_ITEM('',(#20688),#12122);
#386=STYLED_ITEM('',(#20689),#904);
#387=STYLED_ITEM('',(#20691),#12123);
#388=STYLED_ITEM('',(#20691),#12124);
#389=STYLED_ITEM('',(#20691),#12125);
#390=STYLED_ITEM('',(#20691),#12126);
#391=STYLED_ITEM('',(#20691),#12127);
#392=STYLED_ITEM('',(#20691),#12128);
#393=STYLED_ITEM('',(#20691),#12129);
#394=STYLED_ITEM('',(#20691),#12130);
#395=STYLED_ITEM('',(#20691),#12131);
#396=STYLED_ITEM('',(#20691),#12132);
#397=STYLED_ITEM('',(#20691),#12133);
#398=STYLED_ITEM('',(#20691),#12134);
#399=STYLED_ITEM('',(#20691),#12135);
#400=STYLED_ITEM('',(#20691),#12136);
#401=STYLED_ITEM('',(#20689),#905);
#402=STYLED_ITEM('',(#20691),#12137);
#403=STYLED_ITEM('',(#20691),#12138);
#404=STYLED_ITEM('',(#20691),#12139);
#405=STYLED_ITEM('',(#20691),#12140);
#406=STYLED_ITEM('',(#20691),#12141);
#407=STYLED_ITEM('',(#20691),#12142);
#408=STYLED_ITEM('',(#20691),#12143);
#409=STYLED_ITEM('',(#20691),#12144);
#410=STYLED_ITEM('',(#20691),#12145);
#411=STYLED_ITEM('',(#20691),#12146);
#412=STYLED_ITEM('',(#20691),#12147);
#413=STYLED_ITEM('',(#20691),#12148);
#414=STYLED_ITEM('',(#20691),#12149);
#415=STYLED_ITEM('',(#20691),#12150);
#416=STYLED_ITEM('',(#20689),#906);
#417=STYLED_ITEM('',(#20691),#12151);
#418=STYLED_ITEM('',(#20691),#12152);
#419=STYLED_ITEM('',(#20691),#12153);
#420=STYLED_ITEM('',(#20691),#12154);
#421=STYLED_ITEM('',(#20691),#12155);
#422=STYLED_ITEM('',(#20691),#12156);
#423=STYLED_ITEM('',(#20691),#12157);
#424=STYLED_ITEM('',(#20691),#12158);
#425=STYLED_ITEM('',(#20691),#12159);
#426=STYLED_ITEM('',(#20691),#12160);
#427=STYLED_ITEM('',(#20691),#12161);
#428=STYLED_ITEM('',(#20691),#12162);
#429=STYLED_ITEM('',(#20691),#12163);
#430=STYLED_ITEM('',(#20691),#12164);
#431=STYLED_ITEM('',(#20689),#907);
#432=STYLED_ITEM('',(#20691),#12165);
#433=STYLED_ITEM('',(#20691),#12166);
#434=STYLED_ITEM('',(#20691),#12167);
#435=STYLED_ITEM('',(#20691),#12168);
#436=STYLED_ITEM('',(#20691),#12169);
#437=STYLED_ITEM('',(#20691),#12170);
#438=STYLED_ITEM('',(#20691),#12171);
#439=STYLED_ITEM('',(#20691),#12172);
#440=STYLED_ITEM('',(#20691),#12173);
#441=STYLED_ITEM('',(#20691),#12174);
#442=STYLED_ITEM('',(#20691),#12175);
#443=STYLED_ITEM('',(#20691),#12176);
#444=STYLED_ITEM('',(#20691),#12177);
#445=STYLED_ITEM('',(#20691),#12178);
#446=STYLED_ITEM('',(#20689),#908);
#447=STYLED_ITEM('',(#20691),#12179);
#448=STYLED_ITEM('',(#20691),#12180);
#449=STYLED_ITEM('',(#20691),#12181);
#450=STYLED_ITEM('',(#20691),#12182);
#451=STYLED_ITEM('',(#20691),#12183);
#452=STYLED_ITEM('',(#20691),#12184);
#453=STYLED_ITEM('',(#20691),#12185);
#454=STYLED_ITEM('',(#20691),#12186);
#455=STYLED_ITEM('',(#20691),#12187);
#456=STYLED_ITEM('',(#20691),#12188);
#457=STYLED_ITEM('',(#20691),#12189);
#458=STYLED_ITEM('',(#20691),#12190);
#459=STYLED_ITEM('',(#20691),#12191);
#460=STYLED_ITEM('',(#20691),#12192);
#461=STYLED_ITEM('',(#20689),#909);
#462=STYLED_ITEM('',(#20691),#12193);
#463=STYLED_ITEM('',(#20691),#12194);
#464=STYLED_ITEM('',(#20691),#12195);
#465=STYLED_ITEM('',(#20691),#12196);
#466=STYLED_ITEM('',(#20691),#12197);
#467=STYLED_ITEM('',(#20691),#12198);
#468=STYLED_ITEM('',(#20691),#12199);
#469=STYLED_ITEM('',(#20691),#12200);
#470=STYLED_ITEM('',(#20691),#12201);
#471=STYLED_ITEM('',(#20691),#12202);
#472=STYLED_ITEM('',(#20691),#12203);
#473=STYLED_ITEM('',(#20691),#12204);
#474=STYLED_ITEM('',(#20691),#12205);
#475=STYLED_ITEM('',(#20691),#12206);
#476=STYLED_ITEM('',(#20689),#910);
#477=STYLED_ITEM('',(#20688),#911);
#478=STYLED_ITEM('',(#20692),#12217);
#479=STYLED_ITEM('',(#20692),#12218);
#480=STYLED_ITEM('',(#20692),#12219);
#481=STYLED_ITEM('',(#20692),#12220);
#482=STYLED_ITEM('',(#20689),#912);
#483=STYLED_ITEM('',(#20692),#12221);
#484=STYLED_ITEM('',(#20692),#12222);
#485=STYLED_ITEM('',(#20692),#12223);
#486=STYLED_ITEM('',(#20692),#12224);
#487=STYLED_ITEM('',(#20689),#913);
#488=STYLED_ITEM('',(#20692),#12225);
#489=STYLED_ITEM('',(#20692),#12226);
#490=STYLED_ITEM('',(#20692),#12227);
#491=STYLED_ITEM('',(#20692),#12228);
#492=STYLED_ITEM('',(#20689),#914);
#493=STYLED_ITEM('',(#20692),#12229);
#494=STYLED_ITEM('',(#20692),#12230);
#495=STYLED_ITEM('',(#20692),#12231);
#496=STYLED_ITEM('',(#20692),#12232);
#497=STYLED_ITEM('',(#20689),#915);
#498=STYLED_ITEM('',(#20692),#12233);
#499=STYLED_ITEM('',(#20692),#12234);
#500=STYLED_ITEM('',(#20692),#12235);
#501=STYLED_ITEM('',(#20692),#12236);
#502=STYLED_ITEM('',(#20689),#916);
#503=STYLED_ITEM('',(#20692),#12237);
#504=STYLED_ITEM('',(#20692),#12238);
#505=STYLED_ITEM('',(#20692),#12239);
#506=STYLED_ITEM('',(#20692),#12240);
#507=STYLED_ITEM('',(#20689),#917);
#508=STYLED_ITEM('',(#20692),#12241);
#509=STYLED_ITEM('',(#20692),#12242);
#510=STYLED_ITEM('',(#20692),#12243);
#511=STYLED_ITEM('',(#20692),#12244);
#512=STYLED_ITEM('',(#20689),#918);
#513=STYLED_ITEM('',(#20692),#12245);
#514=STYLED_ITEM('',(#20692),#12246);
#515=STYLED_ITEM('',(#20692),#12247);
#516=STYLED_ITEM('',(#20692),#12248);
#517=STYLED_ITEM('',(#20689),#919);
#518=STYLED_ITEM('',(#20692),#12249);
#519=STYLED_ITEM('',(#20692),#12250);
#520=STYLED_ITEM('',(#20692),#12251);
#521=STYLED_ITEM('',(#20692),#12252);
#522=STYLED_ITEM('',(#20689),#920);
#523=STYLED_ITEM('',(#20692),#12253);
#524=STYLED_ITEM('',(#20692),#12254);
#525=STYLED_ITEM('',(#20692),#12255);
#526=STYLED_ITEM('',(#20692),#12256);
#527=STYLED_ITEM('',(#20689),#921);
#528=STYLED_ITEM('',(#20692),#12257);
#529=STYLED_ITEM('',(#20692),#12258);
#530=STYLED_ITEM('',(#20692),#12259);
#531=STYLED_ITEM('',(#20692),#12260);
#532=STYLED_ITEM('',(#20689),#922);
#533=STYLED_ITEM('',(#20692),#12261);
#534=STYLED_ITEM('',(#20692),#12262);
#535=STYLED_ITEM('',(#20692),#12263);
#536=STYLED_ITEM('',(#20692),#12264);
#537=STYLED_ITEM('',(#20689),#923);
#538=STYLED_ITEM('',(#20692),#12265);
#539=STYLED_ITEM('',(#20692),#12266);
#540=STYLED_ITEM('',(#20692),#12267);
#541=STYLED_ITEM('',(#20692),#12268);
#542=STYLED_ITEM('',(#20689),#924);
#543=STYLED_ITEM('',(#20692),#12269);
#544=STYLED_ITEM('',(#20692),#12270);
#545=STYLED_ITEM('',(#20692),#12271);
#546=STYLED_ITEM('',(#20692),#12272);
#547=STYLED_ITEM('',(#20689),#925);
#548=STYLED_ITEM('',(#20692),#12273);
#549=STYLED_ITEM('',(#20692),#12274);
#550=STYLED_ITEM('',(#20692),#12275);
#551=STYLED_ITEM('',(#20689),#926);
#552=STYLED_ITEM('',(#20692),#12276);
#553=STYLED_ITEM('',(#20692),#12277);
#554=STYLED_ITEM('',(#20692),#12278);
#555=STYLED_ITEM('',(#20689),#927);
#556=STYLED_ITEM('',(#20692),#12279);
#557=STYLED_ITEM('',(#20692),#12280);
#558=STYLED_ITEM('',(#20692),#12281);
#559=STYLED_ITEM('',(#20692),#12282);
#560=STYLED_ITEM('',(#20689),#928);
#561=STYLED_ITEM('',(#20692),#12283);
#562=STYLED_ITEM('',(#20692),#12284);
#563=STYLED_ITEM('',(#20692),#12285);
#564=STYLED_ITEM('',(#20692),#12286);
#565=STYLED_ITEM('',(#20689),#929);
#566=STYLED_ITEM('',(#20692),#12287);
#567=STYLED_ITEM('',(#20692),#12288);
#568=STYLED_ITEM('',(#20692),#12289);
#569=STYLED_ITEM('',(#20692),#12290);
#570=STYLED_ITEM('',(#20689),#930);
#571=STYLED_ITEM('',(#20692),#12291);
#572=STYLED_ITEM('',(#20692),#12292);
#573=STYLED_ITEM('',(#20692),#12293);
#574=STYLED_ITEM('',(#20692),#12294);
#575=STYLED_ITEM('',(#20689),#931);
#576=STYLED_ITEM('',(#20692),#12295);
#577=STYLED_ITEM('',(#20692),#12296);
#578=STYLED_ITEM('',(#20692),#12297);
#579=STYLED_ITEM('',(#20692),#12298);
#580=STYLED_ITEM('',(#20689),#932);
#581=STYLED_ITEM('',(#20692),#12299);
#582=STYLED_ITEM('',(#20692),#12300);
#583=STYLED_ITEM('',(#20692),#12301);
#584=STYLED_ITEM('',(#20692),#12302);
#585=STYLED_ITEM('',(#20689),#933);
#586=STYLED_ITEM('',(#20692),#12303);
#587=STYLED_ITEM('',(#20692),#12304);
#588=STYLED_ITEM('',(#20692),#12305);
#589=STYLED_ITEM('',(#20692),#12306);
#590=STYLED_ITEM('',(#20689),#934);
#591=STYLED_ITEM('',(#20692),#12307);
#592=STYLED_ITEM('',(#20692),#12308);
#593=STYLED_ITEM('',(#20692),#12309);
#594=STYLED_ITEM('',(#20692),#12310);
#595=STYLED_ITEM('',(#20689),#935);
#596=STYLED_ITEM('',(#20692),#12311);
#597=STYLED_ITEM('',(#20692),#12312);
#598=STYLED_ITEM('',(#20692),#12313);
#599=STYLED_ITEM('',(#20692),#12314);
#600=STYLED_ITEM('',(#20689),#936);
#601=STYLED_ITEM('',(#20692),#12315);
#602=STYLED_ITEM('',(#20692),#12316);
#603=STYLED_ITEM('',(#20692),#12317);
#604=STYLED_ITEM('',(#20692),#12318);
#605=STYLED_ITEM('',(#20689),#937);
#606=STYLED_ITEM('',(#20692),#12319);
#607=STYLED_ITEM('',(#20692),#12320);
#608=STYLED_ITEM('',(#20692),#12321);
#609=STYLED_ITEM('',(#20692),#12322);
#610=STYLED_ITEM('',(#20689),#938);
#611=STYLED_ITEM('',(#20692),#12323);
#612=STYLED_ITEM('',(#20692),#12324);
#613=STYLED_ITEM('',(#20692),#12325);
#614=STYLED_ITEM('',(#20692),#12326);
#615=STYLED_ITEM('',(#20689),#939);
#616=STYLED_ITEM('',(#20692),#12327);
#617=STYLED_ITEM('',(#20692),#12328);
#618=STYLED_ITEM('',(#20692),#12329);
#619=STYLED_ITEM('',(#20692),#12330);
#620=STYLED_ITEM('',(#20689),#940);
#621=STYLED_ITEM('',(#20692),#12331);
#622=STYLED_ITEM('',(#20692),#12332);
#623=STYLED_ITEM('',(#20692),#12333);
#624=STYLED_ITEM('',(#20692),#12334);
#625=STYLED_ITEM('',(#20689),#941);
#626=STYLED_ITEM('',(#20688),#942);
#627=STYLED_ITEM('',(#20691),#12378);
#628=STYLED_ITEM('',(#20691),#12379);
#629=STYLED_ITEM('',(#20691),#12380);
#630=STYLED_ITEM('',(#20691),#12381);
#631=STYLED_ITEM('',(#20691),#12382);
#632=STYLED_ITEM('',(#20691),#12383);
#633=STYLED_ITEM('',(#20689),#943);
#634=STYLED_ITEM('',(#20691),#12384);
#635=STYLED_ITEM('',(#20691),#12385);
#636=STYLED_ITEM('',(#20691),#12386);
#637=STYLED_ITEM('',(#20691),#12387);
#638=STYLED_ITEM('',(#20691),#12388);
#639=STYLED_ITEM('',(#20691),#12389);
#640=STYLED_ITEM('',(#20689),#944);
#641=STYLED_ITEM('',(#20691),#12390);
#642=STYLED_ITEM('',(#20691),#12391);
#643=STYLED_ITEM('',(#20691),#12392);
#644=STYLED_ITEM('',(#20691),#12393);
#645=STYLED_ITEM('',(#20691),#12394);
#646=STYLED_ITEM('',(#20691),#12395);
#647=STYLED_ITEM('',(#20689),#945);
#648=STYLED_ITEM('',(#20691),#12396);
#649=STYLED_ITEM('',(#20691),#12397);
#650=STYLED_ITEM('',(#20691),#12398);
#651=STYLED_ITEM('',(#20691),#12399);
#652=STYLED_ITEM('',(#20691),#12400);
#653=STYLED_ITEM('',(#20691),#12401);
#654=STYLED_ITEM('',(#20689),#946);
#655=STYLED_ITEM('',(#20691),#12402);
#656=STYLED_ITEM('',(#20691),#12403);
#657=STYLED_ITEM('',(#20691),#12404);
#658=STYLED_ITEM('',(#20691),#12405);
#659=STYLED_ITEM('',(#20691),#12406);
#660=STYLED_ITEM('',(#20691),#12407);
#661=STYLED_ITEM('',(#20689),#947);
#662=STYLED_ITEM('',(#20691),#12408);
#663=STYLED_ITEM('',(#20691),#12409);
#664=STYLED_ITEM('',(#20691),#12410);
#665=STYLED_ITEM('',(#20691),#12411);
#666=STYLED_ITEM('',(#20691),#12412);
#667=STYLED_ITEM('',(#20691),#12413);
#668=STYLED_ITEM('',(#20689),#948);
#669=STYLED_ITEM('',(#20691),#12414);
#670=STYLED_ITEM('',(#20691),#12415);
#671=STYLED_ITEM('',(#20691),#12416);
#672=STYLED_ITEM('',(#20691),#12417);
#673=STYLED_ITEM('',(#20691),#12418);
#674=STYLED_ITEM('',(#20691),#12419);
#675=STYLED_ITEM('',(#20689),#949);
#676=STYLED_ITEM('',(#20691),#12420);
#677=STYLED_ITEM('',(#20691),#12421);
#678=STYLED_ITEM('',(#20691),#12422);
#679=STYLED_ITEM('',(#20691),#12423);
#680=STYLED_ITEM('',(#20691),#12424);
#681=STYLED_ITEM('',(#20691),#12425);
#682=STYLED_ITEM('',(#20689),#950);
#683=STYLED_ITEM('',(#20691),#12426);
#684=STYLED_ITEM('',(#20691),#12427);
#685=STYLED_ITEM('',(#20691),#12428);
#686=STYLED_ITEM('',(#20691),#12429);
#687=STYLED_ITEM('',(#20691),#12430);
#688=STYLED_ITEM('',(#20691),#12431);
#689=STYLED_ITEM('',(#20689),#951);
#690=STYLED_ITEM('',(#20691),#12432);
#691=STYLED_ITEM('',(#20691),#12433);
#692=STYLED_ITEM('',(#20691),#12434);
#693=STYLED_ITEM('',(#20691),#12435);
#694=STYLED_ITEM('',(#20691),#12436);
#695=STYLED_ITEM('',(#20691),#12437);
#696=STYLED_ITEM('',(#20689),#952);
#697=STYLED_ITEM('',(#20691),#12438);
#698=STYLED_ITEM('',(#20691),#12439);
#699=STYLED_ITEM('',(#20691),#12440);
#700=STYLED_ITEM('',(#20691),#12441);
#701=STYLED_ITEM('',(#20691),#12442);
#702=STYLED_ITEM('',(#20691),#12443);
#703=STYLED_ITEM('',(#20689),#953);
#704=STYLED_ITEM('',(#20691),#12444);
#705=STYLED_ITEM('',(#20691),#12445);
#706=STYLED_ITEM('',(#20691),#12446);
#707=STYLED_ITEM('',(#20691),#12447);
#708=STYLED_ITEM('',(#20691),#12448);
#709=STYLED_ITEM('',(#20691),#12449);
#710=STYLED_ITEM('',(#20689),#954);
#711=STYLED_ITEM('',(#20691),#12450);
#712=STYLED_ITEM('',(#20691),#12451);
#713=STYLED_ITEM('',(#20691),#12452);
#714=STYLED_ITEM('',(#20691),#12453);
#715=STYLED_ITEM('',(#20691),#12454);
#716=STYLED_ITEM('',(#20691),#12455);
#717=STYLED_ITEM('',(#20689),#955);
#718=STYLED_ITEM('',(#20691),#12456);
#719=STYLED_ITEM('',(#20691),#12457);
#720=STYLED_ITEM('',(#20691),#12458);
#721=STYLED_ITEM('',(#20691),#12459);
#722=STYLED_ITEM('',(#20691),#12460);
#723=STYLED_ITEM('',(#20691),#12461);
#724=STYLED_ITEM('',(#20689),#956);
#725=STYLED_ITEM('',(#20691),#12462);
#726=STYLED_ITEM('',(#20691),#12463);
#727=STYLED_ITEM('',(#20691),#12464);
#728=STYLED_ITEM('',(#20691),#12465);
#729=STYLED_ITEM('',(#20691),#12466);
#730=STYLED_ITEM('',(#20691),#12467);
#731=STYLED_ITEM('',(#20689),#957);
#732=STYLED_ITEM('',(#20691),#12468);
#733=STYLED_ITEM('',(#20691),#12469);
#734=STYLED_ITEM('',(#20691),#12470);
#735=STYLED_ITEM('',(#20691),#12471);
#736=STYLED_ITEM('',(#20691),#12472);
#737=STYLED_ITEM('',(#20691),#12473);
#738=STYLED_ITEM('',(#20689),#958);
#739=STYLED_ITEM('',(#20691),#12474);
#740=STYLED_ITEM('',(#20691),#12475);
#741=STYLED_ITEM('',(#20691),#12476);
#742=STYLED_ITEM('',(#20691),#12477);
#743=STYLED_ITEM('',(#20691),#12478);
#744=STYLED_ITEM('',(#20691),#12479);
#745=STYLED_ITEM('',(#20689),#959);
#746=STYLED_ITEM('',(#20691),#12480);
#747=STYLED_ITEM('',(#20691),#12481);
#748=STYLED_ITEM('',(#20691),#12482);
#749=STYLED_ITEM('',(#20691),#12483);
#750=STYLED_ITEM('',(#20691),#12484);
#751=STYLED_ITEM('',(#20691),#12485);
#752=STYLED_ITEM('',(#20689),#960);
#753=STYLED_ITEM('',(#20691),#12486);
#754=STYLED_ITEM('',(#20691),#12487);
#755=STYLED_ITEM('',(#20691),#12488);
#756=STYLED_ITEM('',(#20691),#12489);
#757=STYLED_ITEM('',(#20691),#12490);
#758=STYLED_ITEM('',(#20691),#12491);
#759=STYLED_ITEM('',(#20689),#961);
#760=STYLED_ITEM('',(#20691),#12492);
#761=STYLED_ITEM('',(#20691),#12493);
#762=STYLED_ITEM('',(#20691),#12494);
#763=STYLED_ITEM('',(#20691),#12495);
#764=STYLED_ITEM('',(#20691),#12496);
#765=STYLED_ITEM('',(#20691),#12497);
#766=STYLED_ITEM('',(#20689),#962);
#767=STYLED_ITEM('',(#20691),#12498);
#768=STYLED_ITEM('',(#20691),#12499);
#769=STYLED_ITEM('',(#20691),#12500);
#770=STYLED_ITEM('',(#20691),#12501);
#771=STYLED_ITEM('',(#20691),#12502);
#772=STYLED_ITEM('',(#20691),#12503);
#773=STYLED_ITEM('',(#20689),#963);
#774=STYLED_ITEM('',(#20691),#12504);
#775=STYLED_ITEM('',(#20691),#12505);
#776=STYLED_ITEM('',(#20691),#12506);
#777=STYLED_ITEM('',(#20691),#12507);
#778=STYLED_ITEM('',(#20691),#12508);
#779=STYLED_ITEM('',(#20691),#12509);
#780=STYLED_ITEM('',(#20689),#964);
#781=STYLED_ITEM('',(#20691),#12510);
#782=STYLED_ITEM('',(#20691),#12511);
#783=STYLED_ITEM('',(#20691),#12512);
#784=STYLED_ITEM('',(#20691),#12513);
#785=STYLED_ITEM('',(#20691),#12514);
#786=STYLED_ITEM('',(#20691),#12515);
#787=STYLED_ITEM('',(#20689),#965);
#788=STYLED_ITEM('',(#20691),#12516);
#789=STYLED_ITEM('',(#20691),#12517);
#790=STYLED_ITEM('',(#20691),#12518);
#791=STYLED_ITEM('',(#20691),#12519);
#792=STYLED_ITEM('',(#20691),#12520);
#793=STYLED_ITEM('',(#20691),#12521);
#794=STYLED_ITEM('',(#20689),#966);
#795=STYLED_ITEM('',(#20691),#12522);
#796=STYLED_ITEM('',(#20691),#12523);
#797=STYLED_ITEM('',(#20691),#12524);
#798=STYLED_ITEM('',(#20691),#12525);
#799=STYLED_ITEM('',(#20691),#12526);
#800=STYLED_ITEM('',(#20691),#12527);
#801=STYLED_ITEM('',(#20689),#967);
#802=STYLED_ITEM('',(#20691),#12528);
#803=STYLED_ITEM('',(#20691),#12529);
#804=STYLED_ITEM('',(#20691),#12530);
#805=STYLED_ITEM('',(#20691),#12531);
#806=STYLED_ITEM('',(#20691),#12532);
#807=STYLED_ITEM('',(#20691),#12533);
#808=STYLED_ITEM('',(#20689),#968);
#809=STYLED_ITEM('',(#20691),#12534);
#810=STYLED_ITEM('',(#20691),#12535);
#811=STYLED_ITEM('',(#20691),#12536);
#812=STYLED_ITEM('',(#20691),#12537);
#813=STYLED_ITEM('',(#20691),#12538);
#814=STYLED_ITEM('',(#20691),#12539);
#815=STYLED_ITEM('',(#20689),#969);
#816=STYLED_ITEM('',(#20691),#12540);
#817=STYLED_ITEM('',(#20691),#12541);
#818=STYLED_ITEM('',(#20691),#12542);
#819=STYLED_ITEM('',(#20691),#12543);
#820=STYLED_ITEM('',(#20691),#12544);
#821=STYLED_ITEM('',(#20691),#12545);
#822=STYLED_ITEM('',(#20689),#970);
#823=STYLED_ITEM('',(#20693),#12546);
#824=STYLED_ITEM('',(#20693),#12547);
#825=STYLED_ITEM('',(#20693),#12548);
#826=STYLED_ITEM('',(#20693),#12549);
#827=STYLED_ITEM('',(#20693),#12550);
#828=STYLED_ITEM('',(#20693),#12551);
#829=STYLED_ITEM('',(#20693),#12552);
#830=STYLED_ITEM('',(#20693),#12553);
#831=STYLED_ITEM('',(#20693),#12554);
#832=STYLED_ITEM('',(#20693),#12555);
#833=STYLED_ITEM('',(#20693),#12556);
#834=STYLED_ITEM('',(#20693),#12557);
#835=STYLED_ITEM('',(#20693),#12558);
#836=STYLED_ITEM('',(#20693),#12559);
#837=STYLED_ITEM('',(#20692),#12560);
#838=STYLED_ITEM('',(#20692),#12561);
#839=STYLED_ITEM('',(#20692),#12562);
#840=STYLED_ITEM('',(#20692),#12563);
#841=STYLED_ITEM('',(#20692),#12564);
#842=STYLED_ITEM('',(#20692),#12565);
#843=STYLED_ITEM('',(#20692),#12566);
#844=STYLED_ITEM('',(#20692),#12567);
#845=STYLED_ITEM('',(#20692),#12568);
#846=STYLED_ITEM('',(#20692),#12569);
#847=STYLED_ITEM('',(#20692),#12570);
#848=STYLED_ITEM('',(#20692),#12571);
#849=STYLED_ITEM('',(#20692),#12572);
#850=STYLED_ITEM('',(#20692),#12573);
#851=STYLED_ITEM('',(#20694),#12574);
#852=STYLED_ITEM('',(#20694),#12575);
#853=STYLED_ITEM('',(#20693),#12576);
#854=STYLED_ITEM('',(#20693),#12577);
#855=STYLED_ITEM('',(#20693),#12578);
#856=STYLED_ITEM('',(#20693),#12579);
#857=STYLED_ITEM('',(#20693),#12580);
#858=STYLED_ITEM('',(#20693),#12581);
#859=STYLED_ITEM('',(#20693),#12582);
#860=STYLED_ITEM('',(#20693),#12583);
#861=STYLED_ITEM('',(#20693),#12584);
#862=STYLED_ITEM('',(#20693),#12585);
#863=STYLED_ITEM('',(#20693),#12586);
#864=STYLED_ITEM('',(#20693),#12587);
#865=STYLED_ITEM('',(#20693),#12588);
#866=STYLED_ITEM('',(#20693),#12589);
#867=STYLED_ITEM('',(#20693),#12590);
#868=STYLED_ITEM('',(#20693),#12591);
#869=STYLED_ITEM('',(#20693),#12592);
#870=STYLED_ITEM('',(#20693),#12593);
#871=STYLED_ITEM('',(#20693),#12594);
#872=STYLED_ITEM('',(#20693),#12595);
#873=STYLED_ITEM('',(#20693),#12596);
#874=STYLED_ITEM('',(#20693),#12597);
#875=STYLED_ITEM('',(#20693),#12598);
#876=STYLED_ITEM('',(#20693),#12599);
#877=STYLED_ITEM('',(#20688),#971);
#878=MANIFOLD_SOLID_BREP('Body1',#12605);
#879=MANIFOLD_SOLID_BREP('Body2',#12606);
#880=MANIFOLD_SOLID_BREP('Body3',#12607);
#881=MANIFOLD_SOLID_BREP('Body4',#12608);
#882=MANIFOLD_SOLID_BREP('Body5',#12609);
#883=MANIFOLD_SOLID_BREP('Body6',#12610);
#884=MANIFOLD_SOLID_BREP('Body7',#12611);
#885=MANIFOLD_SOLID_BREP('Body8',#12612);
#886=MANIFOLD_SOLID_BREP('Body9',#12613);
#887=MANIFOLD_SOLID_BREP('Body10',#12614);
#888=MANIFOLD_SOLID_BREP('Body11',#12615);
#889=MANIFOLD_SOLID_BREP('Body12',#12616);
#890=MANIFOLD_SOLID_BREP('Body13',#12617);
#891=MANIFOLD_SOLID_BREP('Body14',#12618);
#892=MANIFOLD_SOLID_BREP('Body15',#12619);
#893=MANIFOLD_SOLID_BREP('Body16',#12620);
#894=MANIFOLD_SOLID_BREP('Body17',#12621);
#895=MANIFOLD_SOLID_BREP('Body18',#12622);
#896=MANIFOLD_SOLID_BREP('Body19',#12623);
#897=MANIFOLD_SOLID_BREP('Body20',#12624);
#898=MANIFOLD_SOLID_BREP('Body21',#12625);
#899=MANIFOLD_SOLID_BREP('Body22',#12626);
#900=MANIFOLD_SOLID_BREP('Body23',#12627);
#901=MANIFOLD_SOLID_BREP('Body24',#12628);
#902=MANIFOLD_SOLID_BREP('Body25',#12629);
#903=MANIFOLD_SOLID_BREP('Body26',#12630);
#904=MANIFOLD_SOLID_BREP('Body27',#12631);
#905=MANIFOLD_SOLID_BREP('Body28',#12632);
#906=MANIFOLD_SOLID_BREP('Body29',#12633);
#907=MANIFOLD_SOLID_BREP('Body30',#12634);
#908=MANIFOLD_SOLID_BREP('Body31',#12635);
#909=MANIFOLD_SOLID_BREP('Body32',#12636);
#910=MANIFOLD_SOLID_BREP('Body33',#12637);
#911=MANIFOLD_SOLID_BREP('Body34',#12638);
#912=MANIFOLD_SOLID_BREP('Body35',#12639);
#913=MANIFOLD_SOLID_BREP('Body36',#12640);
#914=MANIFOLD_SOLID_BREP('Body37',#12641);
#915=MANIFOLD_SOLID_BREP('Body38',#12642);
#916=MANIFOLD_SOLID_BREP('Body39',#12643);
#917=MANIFOLD_SOLID_BREP('Body40',#12644);
#918=MANIFOLD_SOLID_BREP('Body41',#12645);
#919=MANIFOLD_SOLID_BREP('Body42',#12646);
#920=MANIFOLD_SOLID_BREP('Body43',#12647);
#921=MANIFOLD_SOLID_BREP('Body44',#12648);
#922=MANIFOLD_SOLID_BREP('Body45',#12649);
#923=MANIFOLD_SOLID_BREP('Body46',#12650);
#924=MANIFOLD_SOLID_BREP('Body47',#12651);
#925=MANIFOLD_SOLID_BREP('Body48',#12652);
#926=MANIFOLD_SOLID_BREP('Body49',#12653);
#927=MANIFOLD_SOLID_BREP('Body50',#12654);
#928=MANIFOLD_SOLID_BREP('Body51',#12655);
#929=MANIFOLD_SOLID_BREP('Body52',#12656);
#930=MANIFOLD_SOLID_BREP('Body53',#12657);
#931=MANIFOLD_SOLID_BREP('Body54',#12658);
#932=MANIFOLD_SOLID_BREP('Body55',#12659);
#933=MANIFOLD_SOLID_BREP('Body56',#12660);
#934=MANIFOLD_SOLID_BREP('Body57',#12661);
#935=MANIFOLD_SOLID_BREP('Body58',#12662);
#936=MANIFOLD_SOLID_BREP('Body59',#12663);
#937=MANIFOLD_SOLID_BREP('Body60',#12664);
#938=MANIFOLD_SOLID_BREP('Body61',#12665);
#939=MANIFOLD_SOLID_BREP('Body62',#12666);
#940=MANIFOLD_SOLID_BREP('Body63',#12667);
#941=MANIFOLD_SOLID_BREP('Body64',#12668);
#942=MANIFOLD_SOLID_BREP('Body65',#12669);
#943=MANIFOLD_SOLID_BREP('Body66',#12670);
#944=MANIFOLD_SOLID_BREP('Body67',#12671);
#945=MANIFOLD_SOLID_BREP('Body68',#12672);
#946=MANIFOLD_SOLID_BREP('Body69',#12673);
#947=MANIFOLD_SOLID_BREP('Body70',#12674);
#948=MANIFOLD_SOLID_BREP('Body71',#12675);
#949=MANIFOLD_SOLID_BREP('Body72',#12676);
#950=MANIFOLD_SOLID_BREP('Body73',#12677);
#951=MANIFOLD_SOLID_BREP('Body74',#12678);
#952=MANIFOLD_SOLID_BREP('Body75',#12679);
#953=MANIFOLD_SOLID_BREP('Body76',#12680);
#954=MANIFOLD_SOLID_BREP('Body77',#12681);
#955=MANIFOLD_SOLID_BREP('Body78',#12682);
#956=MANIFOLD_SOLID_BREP('Body79',#12683);
#957=MANIFOLD_SOLID_BREP('Body80',#12684);
#958=MANIFOLD_SOLID_BREP('Body81',#12685);
#959=MANIFOLD_SOLID_BREP('Body82',#12686);
#960=MANIFOLD_SOLID_BREP('Body83',#12687);
#961=MANIFOLD_SOLID_BREP('Body84',#12688);
#962=MANIFOLD_SOLID_BREP('Body85',#12689);
#963=MANIFOLD_SOLID_BREP('Body86',#12690);
#964=MANIFOLD_SOLID_BREP('Body87',#12691);
#965=MANIFOLD_SOLID_BREP('Body88',#12692);
#966=MANIFOLD_SOLID_BREP('Body89',#12693);
#967=MANIFOLD_SOLID_BREP('Body90',#12694);
#968=MANIFOLD_SOLID_BREP('Body91',#12695);
#969=MANIFOLD_SOLID_BREP('Body92',#12696);
#970=MANIFOLD_SOLID_BREP('Body93',#12697);
#971=MANIFOLD_SOLID_BREP('Body94',#12698);
#972=SPHERICAL_SURFACE('',#12721,0.05);
#973=SPHERICAL_SURFACE('',#12724,0.05);
#974=SPHERICAL_SURFACE('',#12741,0.05);
#975=SPHERICAL_SURFACE('',#12743,0.05);
#976=SPHERICAL_SURFACE('',#12745,0.05);
#977=SPHERICAL_SURFACE('',#12747,0.05);
#978=SPHERICAL_SURFACE('',#12757,0.05);
#979=SPHERICAL_SURFACE('',#12759,0.05);
#980=SPHERICAL_SURFACE('',#13480,0.05);
#981=SPHERICAL_SURFACE('',#13482,0.05);
#982=SPHERICAL_SURFACE('',#13485,0.05);
#983=SPHERICAL_SURFACE('',#13488,0.05);
#984=SPHERICAL_SURFACE('',#13505,0.05);
#985=SPHERICAL_SURFACE('',#13507,0.05);
#986=SPHERICAL_SURFACE('',#13509,0.05);
#987=SPHERICAL_SURFACE('',#13511,0.05);
#988=SPHERICAL_SURFACE('',#13524,0.05);
#989=SPHERICAL_SURFACE('',#13526,0.05);
#990=CIRCLE('',#12719,0.0499999999999997);
#991=CIRCLE('',#12720,0.0499999999999997);
#992=CIRCLE('',#12722,0.0499999999999997);
#993=CIRCLE('',#12723,0.0499999999999997);
#994=CIRCLE('',#12725,0.0499999999999997);
#995=CIRCLE('',#12726,0.0499999999999997);
#996=CIRCLE('',#12728,0.0499999999999997);
#997=CIRCLE('',#12730,0.0499999999999997);
#998=CIRCLE('',#12732,0.0499999999999997);
#999=CIRCLE('',#12733,0.0499999999999997);
#1000=CIRCLE('',#12735,0.0499999999999997);
#1001=CIRCLE('',#12737,0.0499999999999997);
#1002=CIRCLE('',#12739,0.0499999999999997);
#1003=CIRCLE('',#12740,0.0499999999999997);
#1004=CIRCLE('',#12742,0.0499999999999997);
#1005=CIRCLE('',#12744,0.0499999999999997);
#1006=CIRCLE('',#12746,0.0499999999999997);
#1007=CIRCLE('',#12748,0.0499999999999997);
#1008=CIRCLE('',#12750,0.0499999999999997);
#1009=CIRCLE('',#12752,0.0499999999999997);
#1010=CIRCLE('',#12754,0.0499999999999997);
#1011=CIRCLE('',#12756,0.0499999999999997);
#1012=CIRCLE('',#12758,0.0499999999999997);
#1013=CIRCLE('',#12760,0.0499999999999997);
#1014=CIRCLE('',#12859,0.150000000000001);
#1015=CIRCLE('',#12860,0.150000000000001);
#1016=CIRCLE('',#12863,0.150000000000001);
#1017=CIRCLE('',#12864,0.150000000000001);
#1018=CIRCLE('',#12869,0.150000000000001);
#1019=CIRCLE('',#12870,0.150000000000001);
#1020=CIRCLE('',#12873,0.150000000000001);
#1021=CIRCLE('',#12874,0.150000000000001);
#1022=CIRCLE('',#12879,0.150000000000001);
#1023=CIRCLE('',#12880,0.150000000000001);
#1024=CIRCLE('',#12883,0.150000000000001);
#1025=CIRCLE('',#12884,0.150000000000001);
#1026=CIRCLE('',#12889,0.15);
#1027=CIRCLE('',#12890,0.15);
#1028=CIRCLE('',#12893,0.150000000000001);
#1029=CIRCLE('',#12894,0.150000000000001);
#1030=CIRCLE('',#12901,0.150000000000001);
#1031=CIRCLE('',#12902,0.150000000000001);
#1032=CIRCLE('',#12905,0.150000000000001);
#1033=CIRCLE('',#12906,0.150000000000001);
#1034=CIRCLE('',#12911,0.15);
#1035=CIRCLE('',#12912,0.15);
#1036=CIRCLE('',#12915,0.150000000000001);
#1037=CIRCLE('',#12916,0.150000000000001);
#1038=CIRCLE('',#12923,0.150000000000001);
#1039=CIRCLE('',#12924,0.150000000000001);
#1040=CIRCLE('',#12927,0.150000000000001);
#1041=CIRCLE('',#12928,0.150000000000001);
#1042=CIRCLE('',#12933,0.15);
#1043=CIRCLE('',#12934,0.15);
#1044=CIRCLE('',#12937,0.150000000000001);
#1045=CIRCLE('',#12938,0.150000000000001);
#1046=CIRCLE('',#12947,0.150000000000001);
#1047=CIRCLE('',#12948,0.150000000000001);
#1048=CIRCLE('',#12951,0.150000000000001);
#1049=CIRCLE('',#12952,0.150000000000001);
#1050=CIRCLE('',#12957,0.150000000000001);
#1051=CIRCLE('',#12958,0.150000000000001);
#1052=CIRCLE('',#12961,0.150000000000001);
#1053=CIRCLE('',#12962,0.150000000000001);
#1054=CIRCLE('',#12979,0.0800000000000002);
#1055=CIRCLE('',#12980,0.0800000000000002);
#1056=CIRCLE('',#12983,0.0800000000000002);
#1057=CIRCLE('',#12984,0.0800000000000002);
#1058=CIRCLE('',#12989,0.0800000000000002);
#1059=CIRCLE('',#12990,0.0800000000000002);
#1060=CIRCLE('',#12993,0.0800000000000002);
#1061=CIRCLE('',#12994,0.0800000000000002);
#1062=CIRCLE('',#13001,0.0800000000000002);
#1063=CIRCLE('',#13002,0.0800000000000002);
#1064=CIRCLE('',#13005,0.0800000000000002);
#1065=CIRCLE('',#13006,0.0800000000000002);
#1066=CIRCLE('',#13011,0.0800000000000002);
#1067=CIRCLE('',#13012,0.0800000000000002);
#1068=CIRCLE('',#13015,0.0800000000000002);
#1069=CIRCLE('',#13016,0.0800000000000002);
#1070=CIRCLE('',#13023,0.0800000000000002);
#1071=CIRCLE('',#13024,0.0800000000000002);
#1072=CIRCLE('',#13027,0.0800000000000002);
#1073=CIRCLE('',#13028,0.0800000000000002);
#1074=CIRCLE('',#13033,0.0800000000000002);
#1075=CIRCLE('',#13034,0.0800000000000002);
#1076=CIRCLE('',#13037,0.0800000000000002);
#1077=CIRCLE('',#13038,0.0800000000000002);
#1078=CIRCLE('',#13045,0.0800000000000002);
#1079=CIRCLE('',#13046,0.0800000000000002);
#1080=CIRCLE('',#13049,0.0800000000000002);
#1081=CIRCLE('',#13050,0.0800000000000002);
#1082=CIRCLE('',#13055,0.0800000000000002);
#1083=CIRCLE('',#13056,0.0800000000000002);
#1084=CIRCLE('',#13059,0.0800000000000002);
#1085=CIRCLE('',#13060,0.0800000000000002);
#1086=CIRCLE('',#13077,0.0800000000000002);
#1087=CIRCLE('',#13078,0.0800000000000002);
#1088=CIRCLE('',#13081,0.0800000000000002);
#1089=CIRCLE('',#13082,0.0800000000000002);
#1090=CIRCLE('',#13087,0.0800000000000002);
#1091=CIRCLE('',#13088,0.0800000000000002);
#1092=CIRCLE('',#13091,0.0800000000000002);
#1093=CIRCLE('',#13092,0.0800000000000002);
#1094=CIRCLE('',#13099,0.0800000000000002);
#1095=CIRCLE('',#13100,0.0800000000000002);
#1096=CIRCLE('',#13103,0.0800000000000002);
#1097=CIRCLE('',#13104,0.0800000000000002);
#1098=CIRCLE('',#13109,0.0800000000000002);
#1099=CIRCLE('',#13110,0.0800000000000002);
#1100=CIRCLE('',#13113,0.0800000000000002);
#1101=CIRCLE('',#13114,0.0800000000000002);
#1102=CIRCLE('',#13121,0.0800000000000002);
#1103=CIRCLE('',#13122,0.0800000000000002);
#1104=CIRCLE('',#13125,0.0800000000000002);
#1105=CIRCLE('',#13126,0.0800000000000002);
#1106=CIRCLE('',#13131,0.0800000000000002);
#1107=CIRCLE('',#13132,0.0800000000000002);
#1108=CIRCLE('',#13135,0.0800000000000002);
#1109=CIRCLE('',#13136,0.0800000000000002);
#1110=CIRCLE('',#13143,0.0800000000000002);
#1111=CIRCLE('',#13144,0.0800000000000002);
#1112=CIRCLE('',#13147,0.0800000000000002);
#1113=CIRCLE('',#13148,0.0800000000000002);
#1114=CIRCLE('',#13153,0.0800000000000002);
#1115=CIRCLE('',#13154,0.0800000000000002);
#1116=CIRCLE('',#13157,0.0800000000000002);
#1117=CIRCLE('',#13158,0.0800000000000002);
#1118=CIRCLE('',#13165,0.0800000000000002);
#1119=CIRCLE('',#13166,0.0800000000000002);
#1120=CIRCLE('',#13169,0.0800000000000002);
#1121=CIRCLE('',#13170,0.0800000000000002);
#1122=CIRCLE('',#13175,0.0800000000000002);
#1123=CIRCLE('',#13176,0.0800000000000002);
#1124=CIRCLE('',#13179,0.0800000000000002);
#1125=CIRCLE('',#13180,0.0800000000000002);
#1126=CIRCLE('',#13187,0.0800000000000002);
#1127=CIRCLE('',#13188,0.0800000000000002);
#1128=CIRCLE('',#13191,0.0800000000000002);
#1129=CIRCLE('',#13192,0.0800000000000002);
#1130=CIRCLE('',#13197,0.0800000000000002);
#1131=CIRCLE('',#13198,0.0800000000000002);
#1132=CIRCLE('',#13201,0.0800000000000002);
#1133=CIRCLE('',#13202,0.0800000000000002);
#1134=CIRCLE('',#13217,1.25);
#1135=CIRCLE('',#13218,1.25);
#1136=CIRCLE('',#13220,2.);
#1137=CIRCLE('',#13221,2.);
#1138=CIRCLE('',#13225,1.25);
#1139=CIRCLE('',#13226,1.25);
#1140=CIRCLE('',#13228,2.);
#1141=CIRCLE('',#13229,2.);
#1142=CIRCLE('',#13233,1.25);
#1143=CIRCLE('',#13234,1.25);
#1144=CIRCLE('',#13236,2.00000000000001);
#1145=CIRCLE('',#13237,2.00000000000001);
#1146=CIRCLE('',#13241,1.25);
#1147=CIRCLE('',#13242,1.25);
#1148=CIRCLE('',#13244,2.);
#1149=CIRCLE('',#13245,2.);
#1150=CIRCLE('',#13249,0.499999999999999);
#1151=CIRCLE('',#13250,0.499999999999999);
#1152=CIRCLE('',#13252,1.);
#1153=CIRCLE('',#13253,1.);
#1154=CIRCLE('',#13257,0.499999999999999);
#1155=CIRCLE('',#13258,0.499999999999999);
#1156=CIRCLE('',#13260,1.);
#1157=CIRCLE('',#13261,1.);
#1158=CIRCLE('',#13265,0.499999999999999);
#1159=CIRCLE('',#13266,0.499999999999999);
#1160=CIRCLE('',#13268,1.);
#1161=CIRCLE('',#13269,1.);
#1162=CIRCLE('',#13273,0.499999999999999);
#1163=CIRCLE('',#13274,0.499999999999999);
#1164=CIRCLE('',#13276,1.);
#1165=CIRCLE('',#13277,1.);
#1166=CIRCLE('',#13281,0.499999999999999);
#1167=CIRCLE('',#13282,0.499999999999999);
#1168=CIRCLE('',#13284,1.);
#1169=CIRCLE('',#13285,1.);
#1170=CIRCLE('',#13289,0.499999999999999);
#1171=CIRCLE('',#13290,0.499999999999999);
#1172=CIRCLE('',#13292,1.);
#1173=CIRCLE('',#13293,1.);
#1174=CIRCLE('',#13297,0.500000000000004);
#1175=CIRCLE('',#13298,0.500000000000004);
#1176=CIRCLE('',#13300,1.);
#1177=CIRCLE('',#13301,1.);
#1178=CIRCLE('',#13305,0.500000000000004);
#1179=CIRCLE('',#13306,0.500000000000004);
#1180=CIRCLE('',#13308,1.);
#1181=CIRCLE('',#13309,1.);
#1182=CIRCLE('',#13313,0.500000000000004);
#1183=CIRCLE('',#13314,0.500000000000004);
#1184=CIRCLE('',#13316,1.);
#1185=CIRCLE('',#13317,1.);
#1186=CIRCLE('',#13321,0.500000000000004);
#1187=CIRCLE('',#13322,0.500000000000004);
#1188=CIRCLE('',#13324,1.);
#1189=CIRCLE('',#13325,1.);
#1190=CIRCLE('',#13329,0.5);
#1191=CIRCLE('',#13330,0.5);
#1192=CIRCLE('',#13334,0.5);
#1193=CIRCLE('',#13335,0.5);
#1194=CIRCLE('',#13339,1.25);
#1195=CIRCLE('',#13340,1.25);
#1196=CIRCLE('',#13342,2.);
#1197=CIRCLE('',#13343,2.);
#1198=CIRCLE('',#13347,0.500000000000004);
#1199=CIRCLE('',#13348,0.500000000000004);
#1200=CIRCLE('',#13350,1.);
#1201=CIRCLE('',#13351,1.);
#1202=CIRCLE('',#13355,0.500000000000004);
#1203=CIRCLE('',#13356,0.500000000000004);
#1204=CIRCLE('',#13358,1.);
#1205=CIRCLE('',#13359,1.);
#1206=CIRCLE('',#13363,0.500000000000004);
#1207=CIRCLE('',#13364,0.500000000000004);
#1208=CIRCLE('',#13366,1.);
#1209=CIRCLE('',#13367,1.);
#1210=CIRCLE('',#13371,0.500000000000004);
#1211=CIRCLE('',#13372,0.500000000000004);
#1212=CIRCLE('',#13374,1.);
#1213=CIRCLE('',#13375,1.);
#1214=CIRCLE('',#13379,1.25);
#1215=CIRCLE('',#13380,1.25);
#1216=CIRCLE('',#13382,2.00000000000001);
#1217=CIRCLE('',#13383,2.00000000000001);
#1218=CIRCLE('',#13387,1.25);
#1219=CIRCLE('',#13388,1.25);
#1220=CIRCLE('',#13390,2.);
#1221=CIRCLE('',#13391,2.);
#1222=CIRCLE('',#13395,0.499999999999999);
#1223=CIRCLE('',#13396,0.499999999999999);
#1224=CIRCLE('',#13398,1.);
#1225=CIRCLE('',#13399,1.);
#1226=CIRCLE('',#13403,0.499999999999999);
#1227=CIRCLE('',#13404,0.499999999999999);
#1228=CIRCLE('',#13406,1.);
#1229=CIRCLE('',#13407,1.);
#1230=CIRCLE('',#13411,0.499999999999999);
#1231=CIRCLE('',#13412,0.499999999999999);
#1232=CIRCLE('',#13414,1.);
#1233=CIRCLE('',#13415,1.);
#1234=CIRCLE('',#13419,0.499999999999999);
#1235=CIRCLE('',#13420,0.499999999999999);
#1236=CIRCLE('',#13422,1.);
#1237=CIRCLE('',#13423,1.);
#1238=CIRCLE('',#13427,0.499999999999999);
#1239=CIRCLE('',#13428,0.499999999999999);
#1240=CIRCLE('',#13430,1.);
#1241=CIRCLE('',#13431,1.);
#1242=CIRCLE('',#13435,0.499999999999999);
#1243=CIRCLE('',#13436,0.499999999999999);
#1244=CIRCLE('',#13438,1.);
#1245=CIRCLE('',#13439,1.);
#1246=CIRCLE('',#13443,1.25);
#1247=CIRCLE('',#13444,1.25);
#1248=CIRCLE('',#13446,2.);
#1249=CIRCLE('',#13447,2.);
#1250=CIRCLE('',#13451,0.25);
#1251=CIRCLE('',#13452,0.05);
#1252=CIRCLE('',#13453,0.300000000000002);
#1253=CIRCLE('',#13455,0.25);
#1254=CIRCLE('',#13471,0.0500000000000001);
#1255=CIRCLE('',#13472,0.0500000000000001);
#1256=CIRCLE('',#13474,0.0499999999999997);
#1257=CIRCLE('',#13476,0.0500000000000001);
#1258=CIRCLE('',#13477,0.0500000000000001);
#1259=CIRCLE('',#13479,0.0499999999999997);
#1260=CIRCLE('',#13481,0.05);
#1261=CIRCLE('',#13483,0.0499999999999997);
#1262=CIRCLE('',#13484,0.05);
#1263=CIRCLE('',#13486,0.05);
#1264=CIRCLE('',#13487,0.0499999999999997);
#1265=CIRCLE('',#13489,0.05);
#1266=CIRCLE('',#13491,0.05);
#1267=CIRCLE('',#13493,0.0499999999999999);
#1268=CIRCLE('',#13495,0.0499999999999997);
#1269=CIRCLE('',#13497,0.0499999999999997);
#1270=CIRCLE('',#13498,0.0499999999999997);
#1271=CIRCLE('',#13500,0.0499999999999997);
#1272=CIRCLE('',#13502,0.05);
#1273=CIRCLE('',#13504,0.05);
#1274=CIRCLE('',#13506,0.0499999999999997);
#1275=CIRCLE('',#13508,0.0499999999999998);
#1276=CIRCLE('',#13510,0.0499999999999998);
#1277=CIRCLE('',#13512,0.0499999999999997);
#1278=CIRCLE('',#13514,0.0499999999999997);
#1279=CIRCLE('',#13516,0.0499999999999997);
#1280=CIRCLE('',#13518,0.0500000000000001);
#1281=CIRCLE('',#13519,0.0499999999999997);
#1282=CIRCLE('',#13521,0.0499999999999997);
#1283=CIRCLE('',#13523,0.0500000000000001);
#1284=CIRCLE('',#13525,0.0499999999999997);
#1285=CIRCLE('',#13527,0.0499999999999997);
#1286=CIRCLE('',#13702,0.25);
#1287=CIRCLE('',#13703,0.25);
#1288=CIRCLE('',#13705,0.25);
#1289=CIRCLE('',#13706,0.25);
#1290=CIRCLE('',#13708,0.25);
#1291=CIRCLE('',#13709,0.25);
#1292=CIRCLE('',#13711,0.25);
#1293=CIRCLE('',#13712,0.25);
#1294=CIRCLE('',#13714,0.25);
#1295=CIRCLE('',#13715,0.25);
#1296=CIRCLE('',#13717,0.25);
#1297=CIRCLE('',#13718,0.25);
#1298=CIRCLE('',#13720,0.25);
#1299=CIRCLE('',#13721,0.25);
#1300=CIRCLE('',#13723,0.25);
#1301=CIRCLE('',#13724,0.25);
#1302=CIRCLE('',#13726,0.25);
#1303=CIRCLE('',#13727,0.25);
#1304=CIRCLE('',#13729,0.25);
#1305=CIRCLE('',#13730,0.25);
#1306=CIRCLE('',#13732,0.25);
#1307=CIRCLE('',#13733,0.25);
#1308=CIRCLE('',#13735,0.249999999999999);
#1309=CIRCLE('',#13736,0.249999999999999);
#1310=CIRCLE('',#13738,0.249999999999999);
#1311=CIRCLE('',#13739,0.249999999999999);
#1312=CIRCLE('',#13741,0.250000008);
#1313=CIRCLE('',#13742,0.250000008);
#1314=CIRCLE('',#13744,0.5);
#1315=CIRCLE('',#13745,0.5);
#1316=CIRCLE('',#13747,0.5);
#1317=CIRCLE('',#13748,0.5);
#1318=CIRCLE('',#13750,0.5);
#1319=CIRCLE('',#13751,0.5);
#1320=CIRCLE('',#13753,0.5);
#1321=CIRCLE('',#13754,0.5);
#1322=CIRCLE('',#13756,0.500000000000001);
#1323=CIRCLE('',#13757,0.500000000000001);
#1324=CIRCLE('',#13759,0.500000000000001);
#1325=CIRCLE('',#13760,0.500000000000001);
#1326=CIRCLE('',#13762,0.500000000000001);
#1327=CIRCLE('',#13763,0.500000000000001);
#1328=CIRCLE('',#13765,0.500000000000001);
#1329=CIRCLE('',#13766,0.500000000000001);
#1330=CIRCLE('',#13768,0.499999999999999);
#1331=CIRCLE('',#13769,0.499999999999999);
#1332=CIRCLE('',#13771,0.499999999999999);
#1333=CIRCLE('',#13772,0.499999999999999);
#1334=CIRCLE('',#13774,1.25);
#1335=CIRCLE('',#13775,1.25);
#1336=CIRCLE('',#13777,1.25);
#1337=CIRCLE('',#13778,1.25);
#1338=CIRCLE('',#13780,1.25);
#1339=CIRCLE('',#13781,1.25);
#1340=CIRCLE('',#13783,1.25);
#1341=CIRCLE('',#13784,1.25);
#1342=CIRCLE('',#13786,2.44);
#1343=CIRCLE('',#13787,2.44);
#1344=CIRCLE('',#13788,2.44);
#1345=CIRCLE('',#13789,2.44);
#1346=CIRCLE('',#13791,2.44);
#1347=CIRCLE('',#13792,2.44);
#1348=CIRCLE('',#13793,2.44);
#1349=CIRCLE('',#13794,2.44);
#1350=CIRCLE('',#13796,2.54);
#1351=CIRCLE('',#13797,2.54);
#1352=CIRCLE('',#13800,2.54);
#1353=CIRCLE('',#13801,2.54);
#1354=CIRCLE('',#13804,2.54);
#1355=CIRCLE('',#13805,2.54);
#1356=CIRCLE('',#13808,2.54);
#1357=CIRCLE('',#13809,2.54);
#1358=CIRCLE('',#13812,0.0999999999999994);
#1359=CIRCLE('',#13813,0.0999999999999994);
#1360=CIRCLE('',#13815,0.0999999999999994);
#1361=CIRCLE('',#13817,0.0999999999999994);
#1362=CIRCLE('',#13819,0.1);
#1363=CIRCLE('',#13821,0.1);
#1364=CIRCLE('',#13823,0.1);
#1365=CIRCLE('',#13825,0.1);
#1366=CIRCLE('',#13828,0.0999999999999994);
#1367=CIRCLE('',#13829,0.0999999999999994);
#1368=CIRCLE('',#13831,0.0999999999999994);
#1369=CIRCLE('',#13833,0.0999999999999994);
#1370=CIRCLE('',#13835,0.1);
#1371=CIRCLE('',#13837,0.1);
#1372=CIRCLE('',#13839,0.1);
#1373=CIRCLE('',#13841,0.1);
#1374=CYLINDRICAL_SURFACE('',#12718,0.0499999999999997);
#1375=CYLINDRICAL_SURFACE('',#12727,0.0499999999999997);
#1376=CYLINDRICAL_SURFACE('',#12729,0.0499999999999997);
#1377=CYLINDRICAL_SURFACE('',#12731,0.0499999999999997);
#1378=CYLINDRICAL_SURFACE('',#12734,0.0499999999999997);
#1379=CYLINDRICAL_SURFACE('',#12736,0.0499999999999997);
#1380=CYLINDRICAL_SURFACE('',#12738,0.0499999999999997);
#1381=CYLINDRICAL_SURFACE('',#12749,0.0499999999999997);
#1382=CYLINDRICAL_SURFACE('',#12751,0.0499999999999997);
#1383=CYLINDRICAL_SURFACE('',#12753,0.0499999999999997);
#1384=CYLINDRICAL_SURFACE('',#12755,0.0499999999999997);
#1385=CYLINDRICAL_SURFACE('',#12761,0.0499999999999997);
#1386=CYLINDRICAL_SURFACE('',#12858,0.150000000000001);
#1387=CYLINDRICAL_SURFACE('',#12862,0.150000000000001);
#1388=CYLINDRICAL_SURFACE('',#12868,0.150000000000001);
#1389=CYLINDRICAL_SURFACE('',#12872,0.150000000000001);
#1390=CYLINDRICAL_SURFACE('',#12878,0.150000000000001);
#1391=CYLINDRICAL_SURFACE('',#12882,0.150000000000001);
#1392=CYLINDRICAL_SURFACE('',#12888,0.15);
#1393=CYLINDRICAL_SURFACE('',#12892,0.150000000000001);
#1394=CYLINDRICAL_SURFACE('',#12900,0.150000000000001);
#1395=CYLINDRICAL_SURFACE('',#12904,0.150000000000001);
#1396=CYLINDRICAL_SURFACE('',#12910,0.15);
#1397=CYLINDRICAL_SURFACE('',#12914,0.150000000000001);
#1398=CYLINDRICAL_SURFACE('',#12922,0.150000000000001);
#1399=CYLINDRICAL_SURFACE('',#12926,0.150000000000001);
#1400=CYLINDRICAL_SURFACE('',#12932,0.15);
#1401=CYLINDRICAL_SURFACE('',#12936,0.150000000000001);
#1402=CYLINDRICAL_SURFACE('',#12946,0.150000000000001);
#1403=CYLINDRICAL_SURFACE('',#12950,0.150000000000001);
#1404=CYLINDRICAL_SURFACE('',#12956,0.150000000000001);
#1405=CYLINDRICAL_SURFACE('',#12960,0.150000000000001);
#1406=CYLINDRICAL_SURFACE('',#12978,0.0800000000000002);
#1407=CYLINDRICAL_SURFACE('',#12982,0.0800000000000002);
#1408=CYLINDRICAL_SURFACE('',#12988,0.0800000000000002);
#1409=CYLINDRICAL_SURFACE('',#12992,0.0800000000000002);
#1410=CYLINDRICAL_SURFACE('',#13000,0.0800000000000002);
#1411=CYLINDRICAL_SURFACE('',#13004,0.0800000000000002);
#1412=CYLINDRICAL_SURFACE('',#13010,0.0800000000000002);
#1413=CYLINDRICAL_SURFACE('',#13014,0.0800000000000002);
#1414=CYLINDRICAL_SURFACE('',#13022,0.0800000000000002);
#1415=CYLINDRICAL_SURFACE('',#13026,0.0800000000000002);
#1416=CYLINDRICAL_SURFACE('',#13032,0.0800000000000002);
#1417=CYLINDRICAL_SURFACE('',#13036,0.0800000000000002);
#1418=CYLINDRICAL_SURFACE('',#13044,0.0800000000000002);
#1419=CYLINDRICAL_SURFACE('',#13048,0.0800000000000002);
#1420=CYLINDRICAL_SURFACE('',#13054,0.0800000000000002);
#1421=CYLINDRICAL_SURFACE('',#13058,0.0800000000000002);
#1422=CYLINDRICAL_SURFACE('',#13076,0.0800000000000002);
#1423=CYLINDRICAL_SURFACE('',#13080,0.0800000000000002);
#1424=CYLINDRICAL_SURFACE('',#13086,0.0800000000000002);
#1425=CYLINDRICAL_SURFACE('',#13090,0.0800000000000002);
#1426=CYLINDRICAL_SURFACE('',#13098,0.0800000000000002);
#1427=CYLINDRICAL_SURFACE('',#13102,0.0800000000000002);
#1428=CYLINDRICAL_SURFACE('',#13108,0.0800000000000002);
#1429=CYLINDRICAL_SURFACE('',#13112,0.0800000000000002);
#1430=CYLINDRICAL_SURFACE('',#13120,0.0800000000000002);
#1431=CYLINDRICAL_SURFACE('',#13124,0.0800000000000002);
#1432=CYLINDRICAL_SURFACE('',#13130,0.0800000000000002);
#1433=CYLINDRICAL_SURFACE('',#13134,0.0800000000000002);
#1434=CYLINDRICAL_SURFACE('',#13142,0.0800000000000002);
#1435=CYLINDRICAL_SURFACE('',#13146,0.0800000000000002);
#1436=CYLINDRICAL_SURFACE('',#13152,0.0800000000000002);
#1437=CYLINDRICAL_SURFACE('',#13156,0.0800000000000002);
#1438=CYLINDRICAL_SURFACE('',#13164,0.0800000000000002);
#1439=CYLINDRICAL_SURFACE('',#13168,0.0800000000000002);
#1440=CYLINDRICAL_SURFACE('',#13174,0.0800000000000002);
#1441=CYLINDRICAL_SURFACE('',#13178,0.0800000000000002);
#1442=CYLINDRICAL_SURFACE('',#13186,0.0800000000000002);
#1443=CYLINDRICAL_SURFACE('',#13190,0.0800000000000002);
#1444=CYLINDRICAL_SURFACE('',#13196,0.0800000000000002);
#1445=CYLINDRICAL_SURFACE('',#13200,0.0800000000000002);
#1446=CYLINDRICAL_SURFACE('',#13216,1.25);
#1447=CYLINDRICAL_SURFACE('',#13219,2.);
#1448=CYLINDRICAL_SURFACE('',#13224,1.25);
#1449=CYLINDRICAL_SURFACE('',#13227,2.);
#1450=CYLINDRICAL_SURFACE('',#13232,1.25);
#1451=CYLINDRICAL_SURFACE('',#13235,2.00000000000001);
#1452=CYLINDRICAL_SURFACE('',#13240,1.25);
#1453=CYLINDRICAL_SURFACE('',#13243,2.);
#1454=CYLINDRICAL_SURFACE('',#13248,0.499999999999999);
#1455=CYLINDRICAL_SURFACE('',#13251,1.);
#1456=CYLINDRICAL_SURFACE('',#13256,0.499999999999999);
#1457=CYLINDRICAL_SURFACE('',#13259,1.);
#1458=CYLINDRICAL_SURFACE('',#13264,0.499999999999999);
#1459=CYLINDRICAL_SURFACE('',#13267,1.);
#1460=CYLINDRICAL_SURFACE('',#13272,0.499999999999999);
#1461=CYLINDRICAL_SURFACE('',#13275,1.);
#1462=CYLINDRICAL_SURFACE('',#13280,0.499999999999999);
#1463=CYLINDRICAL_SURFACE('',#13283,1.);
#1464=CYLINDRICAL_SURFACE('',#13288,0.499999999999999);
#1465=CYLINDRICAL_SURFACE('',#13291,1.);
#1466=CYLINDRICAL_SURFACE('',#13296,0.500000000000004);
#1467=CYLINDRICAL_SURFACE('',#13299,1.);
#1468=CYLINDRICAL_SURFACE('',#13304,0.500000000000004);
#1469=CYLINDRICAL_SURFACE('',#13307,1.);
#1470=CYLINDRICAL_SURFACE('',#13312,0.500000000000004);
#1471=CYLINDRICAL_SURFACE('',#13315,1.);
#1472=CYLINDRICAL_SURFACE('',#13320,0.500000000000004);
#1473=CYLINDRICAL_SURFACE('',#13323,1.);
#1474=CYLINDRICAL_SURFACE('',#13328,0.5);
#1475=CYLINDRICAL_SURFACE('',#13333,0.5);
#1476=CYLINDRICAL_SURFACE('',#13338,1.25);
#1477=CYLINDRICAL_SURFACE('',#13341,2.);
#1478=CYLINDRICAL_SURFACE('',#13346,0.500000000000004);
#1479=CYLINDRICAL_SURFACE('',#13349,1.);
#1480=CYLINDRICAL_SURFACE('',#13354,0.500000000000004);
#1481=CYLINDRICAL_SURFACE('',#13357,1.);
#1482=CYLINDRICAL_SURFACE('',#13362,0.500000000000004);
#1483=CYLINDRICAL_SURFACE('',#13365,1.);
#1484=CYLINDRICAL_SURFACE('',#13370,0.500000000000004);
#1485=CYLINDRICAL_SURFACE('',#13373,1.);
#1486=CYLINDRICAL_SURFACE('',#13378,1.25);
#1487=CYLINDRICAL_SURFACE('',#13381,2.00000000000001);
#1488=CYLINDRICAL_SURFACE('',#13386,1.25);
#1489=CYLINDRICAL_SURFACE('',#13389,2.);
#1490=CYLINDRICAL_SURFACE('',#13394,0.499999999999999);
#1491=CYLINDRICAL_SURFACE('',#13397,1.);
#1492=CYLINDRICAL_SURFACE('',#13402,0.499999999999999);
#1493=CYLINDRICAL_SURFACE('',#13405,1.);
#1494=CYLINDRICAL_SURFACE('',#13410,0.499999999999999);
#1495=CYLINDRICAL_SURFACE('',#13413,1.);
#1496=CYLINDRICAL_SURFACE('',#13418,0.499999999999999);
#1497=CYLINDRICAL_SURFACE('',#13421,1.);
#1498=CYLINDRICAL_SURFACE('',#13426,0.499999999999999);
#1499=CYLINDRICAL_SURFACE('',#13429,1.);
#1500=CYLINDRICAL_SURFACE('',#13434,0.499999999999999);
#1501=CYLINDRICAL_SURFACE('',#13437,1.);
#1502=CYLINDRICAL_SURFACE('',#13442,1.25);
#1503=CYLINDRICAL_SURFACE('',#13445,2.);
#1504=CYLINDRICAL_SURFACE('',#13454,0.25);
#1505=CYLINDRICAL_SURFACE('',#13467,0.0500000000000001);
#1506=CYLINDRICAL_SURFACE('',#13470,0.0500000000000001);
#1507=CYLINDRICAL_SURFACE('',#13473,0.0499999999999997);
#1508=CYLINDRICAL_SURFACE('',#13475,0.0500000000000001);
#1509=CYLINDRICAL_SURFACE('',#13478,0.0499999999999997);
#1510=CYLINDRICAL_SURFACE('',#13490,0.05);
#1511=CYLINDRICAL_SURFACE('',#13492,0.05);
#1512=CYLINDRICAL_SURFACE('',#13494,0.0499999999999997);
#1513=CYLINDRICAL_SURFACE('',#13496,0.0499999999999997);
#1514=CYLINDRICAL_SURFACE('',#13499,0.0499999999999997);
#1515=CYLINDRICAL_SURFACE('',#13501,0.05);
#1516=CYLINDRICAL_SURFACE('',#13503,0.05);
#1517=CYLINDRICAL_SURFACE('',#13513,0.0499999999999997);
#1518=CYLINDRICAL_SURFACE('',#13515,0.0499999999999997);
#1519=CYLINDRICAL_SURFACE('',#13517,0.0499999999999997);
#1520=CYLINDRICAL_SURFACE('',#13520,0.0499999999999997);
#1521=CYLINDRICAL_SURFACE('',#13522,0.0499999999999997);
#1522=CYLINDRICAL_SURFACE('',#13528,0.0499999999999997);
#1523=CYLINDRICAL_SURFACE('',#13530,0.0499999999999997);
#1524=CYLINDRICAL_SURFACE('',#13532,0.0499999999999997);
#1525=CYLINDRICAL_SURFACE('',#13701,0.25);
#1526=CYLINDRICAL_SURFACE('',#13704,0.25);
#1527=CYLINDRICAL_SURFACE('',#13707,0.25);
#1528=CYLINDRICAL_SURFACE('',#13710,0.25);
#1529=CYLINDRICAL_SURFACE('',#13713,0.25);
#1530=CYLINDRICAL_SURFACE('',#13716,0.25);
#1531=CYLINDRICAL_SURFACE('',#13719,0.25);
#1532=CYLINDRICAL_SURFACE('',#13722,0.25);
#1533=CYLINDRICAL_SURFACE('',#13725,0.25);
#1534=CYLINDRICAL_SURFACE('',#13728,0.25);
#1535=CYLINDRICAL_SURFACE('',#13731,0.25);
#1536=CYLINDRICAL_SURFACE('',#13734,0.249999999999999);
#1537=CYLINDRICAL_SURFACE('',#13737,0.249999999999999);
#1538=CYLINDRICAL_SURFACE('',#13740,0.250000008);
#1539=CYLINDRICAL_SURFACE('',#13743,0.5);
#1540=CYLINDRICAL_SURFACE('',#13746,0.5);
#1541=CYLINDRICAL_SURFACE('',#13749,0.5);
#1542=CYLINDRICAL_SURFACE('',#13752,0.5);
#1543=CYLINDRICAL_SURFACE('',#13755,0.500000000000001);
#1544=CYLINDRICAL_SURFACE('',#13758,0.500000000000001);
#1545=CYLINDRICAL_SURFACE('',#13761,0.500000000000001);
#1546=CYLINDRICAL_SURFACE('',#13764,0.500000000000001);
#1547=CYLINDRICAL_SURFACE('',#13767,0.499999999999999);
#1548=CYLINDRICAL_SURFACE('',#13770,0.499999999999999);
#1549=CYLINDRICAL_SURFACE('',#13773,1.25);
#1550=CYLINDRICAL_SURFACE('',#13776,1.25);
#1551=CYLINDRICAL_SURFACE('',#13779,1.25);
#1552=CYLINDRICAL_SURFACE('',#13782,1.25);
#1553=CYLINDRICAL_SURFACE('',#13795,2.54);
#1554=CYLINDRICAL_SURFACE('',#13799,2.54);
#1555=CYLINDRICAL_SURFACE('',#13803,2.54);
#1556=CYLINDRICAL_SURFACE('',#13807,2.54);
#1557=CYLINDRICAL_SURFACE('',#13814,0.0999999999999994);
#1558=CYLINDRICAL_SURFACE('',#13816,0.0999999999999994);
#1559=CYLINDRICAL_SURFACE('',#13822,0.1);
#1560=CYLINDRICAL_SURFACE('',#13824,0.1);
#1561=CYLINDRICAL_SURFACE('',#13830,0.0999999999999994);
#1562=CYLINDRICAL_SURFACE('',#13832,0.0999999999999994);
#1563=CYLINDRICAL_SURFACE('',#13838,0.1);
#1564=CYLINDRICAL_SURFACE('',#13840,0.1);
#1565=FACE_OUTER_BOUND('',#2313,.T.);
#1566=FACE_OUTER_BOUND('',#2314,.T.);
#1567=FACE_OUTER_BOUND('',#2315,.T.);
#1568=FACE_OUTER_BOUND('',#2316,.T.);
#1569=FACE_OUTER_BOUND('',#2317,.T.);
#1570=FACE_OUTER_BOUND('',#2318,.T.);
#1571=FACE_OUTER_BOUND('',#2319,.T.);
#1572=FACE_OUTER_BOUND('',#2320,.T.);
#1573=FACE_OUTER_BOUND('',#2321,.T.);
#1574=FACE_OUTER_BOUND('',#2322,.T.);
#1575=FACE_OUTER_BOUND('',#2323,.T.);
#1576=FACE_OUTER_BOUND('',#2324,.T.);
#1577=FACE_OUTER_BOUND('',#2325,.T.);
#1578=FACE_OUTER_BOUND('',#2326,.T.);
#1579=FACE_OUTER_BOUND('',#2327,.T.);
#1580=FACE_OUTER_BOUND('',#2328,.T.);
#1581=FACE_OUTER_BOUND('',#2329,.T.);
#1582=FACE_OUTER_BOUND('',#2330,.T.);
#1583=FACE_OUTER_BOUND('',#2331,.T.);
#1584=FACE_OUTER_BOUND('',#2332,.T.);
#1585=FACE_OUTER_BOUND('',#2333,.T.);
#1586=FACE_OUTER_BOUND('',#2334,.T.);
#1587=FACE_OUTER_BOUND('',#2335,.T.);
#1588=FACE_OUTER_BOUND('',#2336,.T.);
#1589=FACE_OUTER_BOUND('',#2337,.T.);
#1590=FACE_OUTER_BOUND('',#2338,.T.);
#1591=FACE_OUTER_BOUND('',#2339,.T.);
#1592=FACE_OUTER_BOUND('',#2340,.T.);
#1593=FACE_OUTER_BOUND('',#2341,.T.);
#1594=FACE_OUTER_BOUND('',#2342,.T.);
#1595=FACE_OUTER_BOUND('',#2343,.T.);
#1596=FACE_OUTER_BOUND('',#2344,.T.);
#1597=FACE_OUTER_BOUND('',#2345,.T.);
#1598=FACE_OUTER_BOUND('',#2346,.T.);
#1599=FACE_OUTER_BOUND('',#2347,.T.);
#1600=FACE_OUTER_BOUND('',#2348,.T.);
#1601=FACE_OUTER_BOUND('',#2349,.T.);
#1602=FACE_OUTER_BOUND('',#2350,.T.);
#1603=FACE_OUTER_BOUND('',#2351,.T.);
#1604=FACE_OUTER_BOUND('',#2352,.T.);
#1605=FACE_OUTER_BOUND('',#2353,.T.);
#1606=FACE_OUTER_BOUND('',#2354,.T.);
#1607=FACE_OUTER_BOUND('',#2355,.T.);
#1608=FACE_OUTER_BOUND('',#2356,.T.);
#1609=FACE_OUTER_BOUND('',#2357,.T.);
#1610=FACE_OUTER_BOUND('',#2358,.T.);
#1611=FACE_OUTER_BOUND('',#2359,.T.);
#1612=FACE_OUTER_BOUND('',#2360,.T.);
#1613=FACE_OUTER_BOUND('',#2361,.T.);
#1614=FACE_OUTER_BOUND('',#2362,.T.);
#1615=FACE_OUTER_BOUND('',#2363,.T.);
#1616=FACE_OUTER_BOUND('',#2364,.T.);
#1617=FACE_OUTER_BOUND('',#2365,.T.);
#1618=FACE_OUTER_BOUND('',#2366,.T.);
#1619=FACE_OUTER_BOUND('',#2367,.T.);
#1620=FACE_OUTER_BOUND('',#2368,.T.);
#1621=FACE_OUTER_BOUND('',#2369,.T.);
#1622=FACE_OUTER_BOUND('',#2370,.T.);
#1623=FACE_OUTER_BOUND('',#2371,.T.);
#1624=FACE_OUTER_BOUND('',#2372,.T.);
#1625=FACE_OUTER_BOUND('',#2373,.T.);
#1626=FACE_OUTER_BOUND('',#2374,.T.);
#1627=FACE_OUTER_BOUND('',#2375,.T.);
#1628=FACE_OUTER_BOUND('',#2376,.T.);
#1629=FACE_OUTER_BOUND('',#2377,.T.);
#1630=FACE_OUTER_BOUND('',#2378,.T.);
#1631=FACE_OUTER_BOUND('',#2379,.T.);
#1632=FACE_OUTER_BOUND('',#2380,.T.);
#1633=FACE_OUTER_BOUND('',#2381,.T.);
#1634=FACE_OUTER_BOUND('',#2382,.T.);
#1635=FACE_OUTER_BOUND('',#2383,.T.);
#1636=FACE_OUTER_BOUND('',#2384,.T.);
#1637=FACE_OUTER_BOUND('',#2385,.T.);
#1638=FACE_OUTER_BOUND('',#2386,.T.);
#1639=FACE_OUTER_BOUND('',#2387,.T.);
#1640=FACE_OUTER_BOUND('',#2388,.T.);
#1641=FACE_OUTER_BOUND('',#2389,.T.);
#1642=FACE_OUTER_BOUND('',#2390,.T.);
#1643=FACE_OUTER_BOUND('',#2391,.T.);
#1644=FACE_OUTER_BOUND('',#2392,.T.);
#1645=FACE_OUTER_BOUND('',#2393,.T.);
#1646=FACE_OUTER_BOUND('',#2394,.T.);
#1647=FACE_OUTER_BOUND('',#2395,.T.);
#1648=FACE_OUTER_BOUND('',#2396,.T.);
#1649=FACE_OUTER_BOUND('',#2397,.T.);
#1650=FACE_OUTER_BOUND('',#2398,.T.);
#1651=FACE_OUTER_BOUND('',#2399,.T.);
#1652=FACE_OUTER_BOUND('',#2400,.T.);
#1653=FACE_OUTER_BOUND('',#2401,.T.);
#1654=FACE_OUTER_BOUND('',#2402,.T.);
#1655=FACE_OUTER_BOUND('',#2403,.T.);
#1656=FACE_OUTER_BOUND('',#2404,.T.);
#1657=FACE_OUTER_BOUND('',#2405,.T.);
#1658=FACE_OUTER_BOUND('',#2406,.T.);
#1659=FACE_OUTER_BOUND('',#2407,.T.);
#1660=FACE_OUTER_BOUND('',#2408,.T.);
#1661=FACE_OUTER_BOUND('',#2409,.T.);
#1662=FACE_OUTER_BOUND('',#2410,.T.);
#1663=FACE_OUTER_BOUND('',#2411,.T.);
#1664=FACE_OUTER_BOUND('',#2412,.T.);
#1665=FACE_OUTER_BOUND('',#2413,.T.);
#1666=FACE_OUTER_BOUND('',#2414,.T.);
#1667=FACE_OUTER_BOUND('',#2415,.T.);
#1668=FACE_OUTER_BOUND('',#2416,.T.);
#1669=FACE_OUTER_BOUND('',#2417,.T.);
#1670=FACE_OUTER_BOUND('',#2418,.T.);
#1671=FACE_OUTER_BOUND('',#2419,.T.);
#1672=FACE_OUTER_BOUND('',#2420,.T.);
#1673=FACE_OUTER_BOUND('',#2421,.T.);
#1674=FACE_OUTER_BOUND('',#2422,.T.);
#1675=FACE_OUTER_BOUND('',#2423,.T.);
#1676=FACE_OUTER_BOUND('',#2424,.T.);
#1677=FACE_OUTER_BOUND('',#2425,.T.);
#1678=FACE_OUTER_BOUND('',#2426,.T.);
#1679=FACE_OUTER_BOUND('',#2427,.T.);
#1680=FACE_OUTER_BOUND('',#2428,.T.);
#1681=FACE_OUTER_BOUND('',#2429,.T.);
#1682=FACE_OUTER_BOUND('',#2430,.T.);
#1683=FACE_OUTER_BOUND('',#2431,.T.);
#1684=FACE_OUTER_BOUND('',#2432,.T.);
#1685=FACE_OUTER_BOUND('',#2433,.T.);
#1686=FACE_OUTER_BOUND('',#2434,.T.);
#1687=FACE_OUTER_BOUND('',#2435,.T.);
#1688=FACE_OUTER_BOUND('',#2436,.T.);
#1689=FACE_OUTER_BOUND('',#2437,.T.);
#1690=FACE_OUTER_BOUND('',#2438,.T.);
#1691=FACE_OUTER_BOUND('',#2439,.T.);
#1692=FACE_OUTER_BOUND('',#2440,.T.);
#1693=FACE_OUTER_BOUND('',#2441,.T.);
#1694=FACE_OUTER_BOUND('',#2442,.T.);
#1695=FACE_OUTER_BOUND('',#2443,.T.);
#1696=FACE_OUTER_BOUND('',#2444,.T.);
#1697=FACE_OUTER_BOUND('',#2445,.T.);
#1698=FACE_OUTER_BOUND('',#2446,.T.);
#1699=FACE_OUTER_BOUND('',#2447,.T.);
#1700=FACE_OUTER_BOUND('',#2448,.T.);
#1701=FACE_OUTER_BOUND('',#2449,.T.);
#1702=FACE_OUTER_BOUND('',#2450,.T.);
#1703=FACE_OUTER_BOUND('',#2451,.T.);
#1704=FACE_OUTER_BOUND('',#2452,.T.);
#1705=FACE_OUTER_BOUND('',#2453,.T.);
#1706=FACE_OUTER_BOUND('',#2454,.T.);
#1707=FACE_OUTER_BOUND('',#2455,.T.);
#1708=FACE_OUTER_BOUND('',#2456,.T.);
#1709=FACE_OUTER_BOUND('',#2457,.T.);
#1710=FACE_OUTER_BOUND('',#2458,.T.);
#1711=FACE_OUTER_BOUND('',#2459,.T.);
#1712=FACE_OUTER_BOUND('',#2460,.T.);
#1713=FACE_OUTER_BOUND('',#2461,.T.);
#1714=FACE_OUTER_BOUND('',#2462,.T.);
#1715=FACE_OUTER_BOUND('',#2463,.T.);
#1716=FACE_OUTER_BOUND('',#2464,.T.);
#1717=FACE_OUTER_BOUND('',#2465,.T.);
#1718=FACE_OUTER_BOUND('',#2466,.T.);
#1719=FACE_OUTER_BOUND('',#2467,.T.);
#1720=FACE_OUTER_BOUND('',#2468,.T.);
#1721=FACE_OUTER_BOUND('',#2469,.T.);
#1722=FACE_OUTER_BOUND('',#2470,.T.);
#1723=FACE_OUTER_BOUND('',#2471,.T.);
#1724=FACE_OUTER_BOUND('',#2472,.T.);
#1725=FACE_OUTER_BOUND('',#2473,.T.);
#1726=FACE_OUTER_BOUND('',#2474,.T.);
#1727=FACE_OUTER_BOUND('',#2475,.T.);
#1728=FACE_OUTER_BOUND('',#2476,.T.);
#1729=FACE_OUTER_BOUND('',#2477,.T.);
#1730=FACE_OUTER_BOUND('',#2478,.T.);
#1731=FACE_OUTER_BOUND('',#2479,.T.);
#1732=FACE_OUTER_BOUND('',#2480,.T.);
#1733=FACE_OUTER_BOUND('',#2481,.T.);
#1734=FACE_OUTER_BOUND('',#2482,.T.);
#1735=FACE_OUTER_BOUND('',#2483,.T.);
#1736=FACE_OUTER_BOUND('',#2484,.T.);
#1737=FACE_OUTER_BOUND('',#2485,.T.);
#1738=FACE_OUTER_BOUND('',#2486,.T.);
#1739=FACE_OUTER_BOUND('',#2487,.T.);
#1740=FACE_OUTER_BOUND('',#2488,.T.);
#1741=FACE_OUTER_BOUND('',#2489,.T.);
#1742=FACE_OUTER_BOUND('',#2490,.T.);
#1743=FACE_OUTER_BOUND('',#2491,.T.);
#1744=FACE_OUTER_BOUND('',#2492,.T.);
#1745=FACE_OUTER_BOUND('',#2493,.T.);
#1746=FACE_OUTER_BOUND('',#2494,.T.);
#1747=FACE_OUTER_BOUND('',#2495,.T.);
#1748=FACE_OUTER_BOUND('',#2496,.T.);
#1749=FACE_OUTER_BOUND('',#2497,.T.);
#1750=FACE_OUTER_BOUND('',#2498,.T.);
#1751=FACE_OUTER_BOUND('',#2499,.T.);
#1752=FACE_OUTER_BOUND('',#2500,.T.);
#1753=FACE_OUTER_BOUND('',#2501,.T.);
#1754=FACE_OUTER_BOUND('',#2502,.T.);
#1755=FACE_OUTER_BOUND('',#2503,.T.);
#1756=FACE_OUTER_BOUND('',#2504,.T.);
#1757=FACE_OUTER_BOUND('',#2505,.T.);
#1758=FACE_OUTER_BOUND('',#2506,.T.);
#1759=FACE_OUTER_BOUND('',#2507,.T.);
#1760=FACE_OUTER_BOUND('',#2508,.T.);
#1761=FACE_OUTER_BOUND('',#2509,.T.);
#1762=FACE_OUTER_BOUND('',#2510,.T.);
#1763=FACE_OUTER_BOUND('',#2511,.T.);
#1764=FACE_OUTER_BOUND('',#2512,.T.);
#1765=FACE_OUTER_BOUND('',#2513,.T.);
#1766=FACE_OUTER_BOUND('',#2514,.T.);
#1767=FACE_OUTER_BOUND('',#2515,.T.);
#1768=FACE_OUTER_BOUND('',#2516,.T.);
#1769=FACE_OUTER_BOUND('',#2517,.T.);
#1770=FACE_OUTER_BOUND('',#2518,.T.);
#1771=FACE_OUTER_BOUND('',#2519,.T.);
#1772=FACE_OUTER_BOUND('',#2520,.T.);
#1773=FACE_OUTER_BOUND('',#2521,.T.);
#1774=FACE_OUTER_BOUND('',#2522,.T.);
#1775=FACE_OUTER_BOUND('',#2523,.T.);
#1776=FACE_OUTER_BOUND('',#2524,.T.);
#1777=FACE_OUTER_BOUND('',#2525,.T.);
#1778=FACE_OUTER_BOUND('',#2526,.T.);
#1779=FACE_OUTER_BOUND('',#2527,.T.);
#1780=FACE_OUTER_BOUND('',#2528,.T.);
#1781=FACE_OUTER_BOUND('',#2529,.T.);
#1782=FACE_OUTER_BOUND('',#2530,.T.);
#1783=FACE_OUTER_BOUND('',#2531,.T.);
#1784=FACE_OUTER_BOUND('',#2532,.T.);
#1785=FACE_OUTER_BOUND('',#2533,.T.);
#1786=FACE_OUTER_BOUND('',#2534,.T.);
#1787=FACE_OUTER_BOUND('',#2535,.T.);
#1788=FACE_OUTER_BOUND('',#2536,.T.);
#1789=FACE_OUTER_BOUND('',#2537,.T.);
#1790=FACE_OUTER_BOUND('',#2538,.T.);
#1791=FACE_OUTER_BOUND('',#2539,.T.);
#1792=FACE_OUTER_BOUND('',#2540,.T.);
#1793=FACE_OUTER_BOUND('',#2541,.T.);
#1794=FACE_OUTER_BOUND('',#2542,.T.);
#1795=FACE_OUTER_BOUND('',#2543,.T.);
#1796=FACE_OUTER_BOUND('',#2544,.T.);
#1797=FACE_OUTER_BOUND('',#2545,.T.);
#1798=FACE_OUTER_BOUND('',#2546,.T.);
#1799=FACE_OUTER_BOUND('',#2547,.T.);
#1800=FACE_OUTER_BOUND('',#2548,.T.);
#1801=FACE_OUTER_BOUND('',#2549,.T.);
#1802=FACE_OUTER_BOUND('',#2550,.T.);
#1803=FACE_OUTER_BOUND('',#2551,.T.);
#1804=FACE_OUTER_BOUND('',#2552,.T.);
#1805=FACE_OUTER_BOUND('',#2553,.T.);
#1806=FACE_OUTER_BOUND('',#2554,.T.);
#1807=FACE_OUTER_BOUND('',#2555,.T.);
#1808=FACE_OUTER_BOUND('',#2556,.T.);
#1809=FACE_OUTER_BOUND('',#2557,.T.);
#1810=FACE_OUTER_BOUND('',#2558,.T.);
#1811=FACE_OUTER_BOUND('',#2559,.T.);
#1812=FACE_OUTER_BOUND('',#2560,.T.);
#1813=FACE_OUTER_BOUND('',#2561,.T.);
#1814=FACE_OUTER_BOUND('',#2562,.T.);
#1815=FACE_OUTER_BOUND('',#2563,.T.);
#1816=FACE_OUTER_BOUND('',#2564,.T.);
#1817=FACE_OUTER_BOUND('',#2565,.T.);
#1818=FACE_OUTER_BOUND('',#2566,.T.);
#1819=FACE_OUTER_BOUND('',#2567,.T.);
#1820=FACE_OUTER_BOUND('',#2568,.T.);
#1821=FACE_OUTER_BOUND('',#2569,.T.);
#1822=FACE_OUTER_BOUND('',#2570,.T.);
#1823=FACE_OUTER_BOUND('',#2571,.T.);
#1824=FACE_OUTER_BOUND('',#2572,.T.);
#1825=FACE_OUTER_BOUND('',#2573,.T.);
#1826=FACE_OUTER_BOUND('',#2574,.T.);
#1827=FACE_OUTER_BOUND('',#2575,.T.);
#1828=FACE_OUTER_BOUND('',#2576,.T.);
#1829=FACE_OUTER_BOUND('',#2577,.T.);
#1830=FACE_OUTER_BOUND('',#2578,.T.);
#1831=FACE_OUTER_BOUND('',#2579,.T.);
#1832=FACE_OUTER_BOUND('',#2580,.T.);
#1833=FACE_OUTER_BOUND('',#2581,.T.);
#1834=FACE_OUTER_BOUND('',#2582,.T.);
#1835=FACE_OUTER_BOUND('',#2583,.T.);
#1836=FACE_OUTER_BOUND('',#2584,.T.);
#1837=FACE_OUTER_BOUND('',#2585,.T.);
#1838=FACE_OUTER_BOUND('',#2586,.T.);
#1839=FACE_OUTER_BOUND('',#2587,.T.);
#1840=FACE_OUTER_BOUND('',#2588,.T.);
#1841=FACE_OUTER_BOUND('',#2589,.T.);
#1842=FACE_OUTER_BOUND('',#2590,.T.);
#1843=FACE_OUTER_BOUND('',#2591,.T.);
#1844=FACE_OUTER_BOUND('',#2592,.T.);
#1845=FACE_OUTER_BOUND('',#2593,.T.);
#1846=FACE_OUTER_BOUND('',#2594,.T.);
#1847=FACE_OUTER_BOUND('',#2595,.T.);
#1848=FACE_OUTER_BOUND('',#2596,.T.);
#1849=FACE_OUTER_BOUND('',#2597,.T.);
#1850=FACE_OUTER_BOUND('',#2598,.T.);
#1851=FACE_OUTER_BOUND('',#2599,.T.);
#1852=FACE_OUTER_BOUND('',#2600,.T.);
#1853=FACE_OUTER_BOUND('',#2601,.T.);
#1854=FACE_OUTER_BOUND('',#2602,.T.);
#1855=FACE_OUTER_BOUND('',#2603,.T.);
#1856=FACE_OUTER_BOUND('',#2604,.T.);
#1857=FACE_OUTER_BOUND('',#2605,.T.);
#1858=FACE_OUTER_BOUND('',#2606,.T.);
#1859=FACE_OUTER_BOUND('',#2607,.T.);
#1860=FACE_OUTER_BOUND('',#2608,.T.);
#1861=FACE_OUTER_BOUND('',#2609,.T.);
#1862=FACE_OUTER_BOUND('',#2610,.T.);
#1863=FACE_OUTER_BOUND('',#2611,.T.);
#1864=FACE_OUTER_BOUND('',#2612,.T.);
#1865=FACE_OUTER_BOUND('',#2613,.T.);
#1866=FACE_OUTER_BOUND('',#2614,.T.);
#1867=FACE_OUTER_BOUND('',#2615,.T.);
#1868=FACE_OUTER_BOUND('',#2616,.T.);
#1869=FACE_OUTER_BOUND('',#2617,.T.);
#1870=FACE_OUTER_BOUND('',#2618,.T.);
#1871=FACE_OUTER_BOUND('',#2619,.T.);
#1872=FACE_OUTER_BOUND('',#2620,.T.);
#1873=FACE_OUTER_BOUND('',#2621,.T.);
#1874=FACE_OUTER_BOUND('',#2622,.T.);
#1875=FACE_OUTER_BOUND('',#2623,.T.);
#1876=FACE_OUTER_BOUND('',#2624,.T.);
#1877=FACE_OUTER_BOUND('',#2625,.T.);
#1878=FACE_OUTER_BOUND('',#2626,.T.);
#1879=FACE_OUTER_BOUND('',#2627,.T.);
#1880=FACE_OUTER_BOUND('',#2628,.T.);
#1881=FACE_OUTER_BOUND('',#2629,.T.);
#1882=FACE_OUTER_BOUND('',#2630,.T.);
#1883=FACE_OUTER_BOUND('',#2631,.T.);
#1884=FACE_OUTER_BOUND('',#2632,.T.);
#1885=FACE_OUTER_BOUND('',#2633,.T.);
#1886=FACE_OUTER_BOUND('',#2634,.T.);
#1887=FACE_OUTER_BOUND('',#2635,.T.);
#1888=FACE_OUTER_BOUND('',#2636,.T.);
#1889=FACE_OUTER_BOUND('',#2637,.T.);
#1890=FACE_OUTER_BOUND('',#2638,.T.);
#1891=FACE_OUTER_BOUND('',#2639,.T.);
#1892=FACE_OUTER_BOUND('',#2640,.T.);
#1893=FACE_OUTER_BOUND('',#2641,.T.);
#1894=FACE_OUTER_BOUND('',#2642,.T.);
#1895=FACE_OUTER_BOUND('',#2643,.T.);
#1896=FACE_OUTER_BOUND('',#2644,.T.);
#1897=FACE_OUTER_BOUND('',#2645,.T.);
#1898=FACE_OUTER_BOUND('',#2646,.T.);
#1899=FACE_OUTER_BOUND('',#2647,.T.);
#1900=FACE_OUTER_BOUND('',#2648,.T.);
#1901=FACE_OUTER_BOUND('',#2649,.T.);
#1902=FACE_OUTER_BOUND('',#2650,.T.);
#1903=FACE_OUTER_BOUND('',#2651,.T.);
#1904=FACE_OUTER_BOUND('',#2652,.T.);
#1905=FACE_OUTER_BOUND('',#2653,.T.);
#1906=FACE_OUTER_BOUND('',#2654,.T.);
#1907=FACE_OUTER_BOUND('',#2655,.T.);
#1908=FACE_OUTER_BOUND('',#2656,.T.);
#1909=FACE_OUTER_BOUND('',#2657,.T.);
#1910=FACE_OUTER_BOUND('',#2658,.T.);
#1911=FACE_OUTER_BOUND('',#2659,.T.);
#1912=FACE_OUTER_BOUND('',#2660,.T.);
#1913=FACE_OUTER_BOUND('',#2661,.T.);
#1914=FACE_OUTER_BOUND('',#2662,.T.);
#1915=FACE_OUTER_BOUND('',#2663,.T.);
#1916=FACE_OUTER_BOUND('',#2664,.T.);
#1917=FACE_OUTER_BOUND('',#2665,.T.);
#1918=FACE_OUTER_BOUND('',#2666,.T.);
#1919=FACE_OUTER_BOUND('',#2667,.T.);
#1920=FACE_OUTER_BOUND('',#2668,.T.);
#1921=FACE_OUTER_BOUND('',#2669,.T.);
#1922=FACE_OUTER_BOUND('',#2670,.T.);
#1923=FACE_OUTER_BOUND('',#2671,.T.);
#1924=FACE_OUTER_BOUND('',#2672,.T.);
#1925=FACE_OUTER_BOUND('',#2673,.T.);
#1926=FACE_OUTER_BOUND('',#2674,.T.);
#1927=FACE_OUTER_BOUND('',#2675,.T.);
#1928=FACE_OUTER_BOUND('',#2677,.T.);
#1929=FACE_OUTER_BOUND('',#2679,.T.);
#1930=FACE_OUTER_BOUND('',#2680,.T.);
#1931=FACE_OUTER_BOUND('',#2681,.T.);
#1932=FACE_OUTER_BOUND('',#2683,.T.);
#1933=FACE_OUTER_BOUND('',#2685,.T.);
#1934=FACE_OUTER_BOUND('',#2686,.T.);
#1935=FACE_OUTER_BOUND('',#2687,.T.);
#1936=FACE_OUTER_BOUND('',#2689,.T.);
#1937=FACE_OUTER_BOUND('',#2691,.T.);
#1938=FACE_OUTER_BOUND('',#2692,.T.);
#1939=FACE_OUTER_BOUND('',#2693,.T.);
#1940=FACE_OUTER_BOUND('',#2695,.T.);
#1941=FACE_OUTER_BOUND('',#2697,.T.);
#1942=FACE_OUTER_BOUND('',#2698,.T.);
#1943=FACE_OUTER_BOUND('',#2699,.T.);
#1944=FACE_OUTER_BOUND('',#2701,.T.);
#1945=FACE_OUTER_BOUND('',#2703,.T.);
#1946=FACE_OUTER_BOUND('',#2704,.T.);
#1947=FACE_OUTER_BOUND('',#2705,.T.);
#1948=FACE_OUTER_BOUND('',#2707,.T.);
#1949=FACE_OUTER_BOUND('',#2709,.T.);
#1950=FACE_OUTER_BOUND('',#2710,.T.);
#1951=FACE_OUTER_BOUND('',#2711,.T.);
#1952=FACE_OUTER_BOUND('',#2713,.T.);
#1953=FACE_OUTER_BOUND('',#2715,.T.);
#1954=FACE_OUTER_BOUND('',#2716,.T.);
#1955=FACE_OUTER_BOUND('',#2717,.T.);
#1956=FACE_OUTER_BOUND('',#2719,.T.);
#1957=FACE_OUTER_BOUND('',#2721,.T.);
#1958=FACE_OUTER_BOUND('',#2722,.T.);
#1959=FACE_OUTER_BOUND('',#2723,.T.);
#1960=FACE_OUTER_BOUND('',#2725,.T.);
#1961=FACE_OUTER_BOUND('',#2727,.T.);
#1962=FACE_OUTER_BOUND('',#2728,.T.);
#1963=FACE_OUTER_BOUND('',#2729,.T.);
#1964=FACE_OUTER_BOUND('',#2731,.T.);
#1965=FACE_OUTER_BOUND('',#2733,.T.);
#1966=FACE_OUTER_BOUND('',#2734,.T.);
#1967=FACE_OUTER_BOUND('',#2735,.T.);
#1968=FACE_OUTER_BOUND('',#2737,.T.);
#1969=FACE_OUTER_BOUND('',#2739,.T.);
#1970=FACE_OUTER_BOUND('',#2740,.T.);
#1971=FACE_OUTER_BOUND('',#2741,.T.);
#1972=FACE_OUTER_BOUND('',#2743,.T.);
#1973=FACE_OUTER_BOUND('',#2745,.T.);
#1974=FACE_OUTER_BOUND('',#2746,.T.);
#1975=FACE_OUTER_BOUND('',#2747,.T.);
#1976=FACE_OUTER_BOUND('',#2749,.T.);
#1977=FACE_OUTER_BOUND('',#2751,.T.);
#1978=FACE_OUTER_BOUND('',#2752,.T.);
#1979=FACE_OUTER_BOUND('',#2753,.T.);
#1980=FACE_OUTER_BOUND('',#2755,.T.);
#1981=FACE_OUTER_BOUND('',#2757,.T.);
#1982=FACE_OUTER_BOUND('',#2758,.T.);
#1983=FACE_OUTER_BOUND('',#2759,.T.);
#1984=FACE_OUTER_BOUND('',#2760,.T.);
#1985=FACE_OUTER_BOUND('',#2761,.T.);
#1986=FACE_OUTER_BOUND('',#2762,.T.);
#1987=FACE_OUTER_BOUND('',#2763,.T.);
#1988=FACE_OUTER_BOUND('',#2764,.T.);
#1989=FACE_OUTER_BOUND('',#2765,.T.);
#1990=FACE_OUTER_BOUND('',#2767,.T.);
#1991=FACE_OUTER_BOUND('',#2769,.T.);
#1992=FACE_OUTER_BOUND('',#2770,.T.);
#1993=FACE_OUTER_BOUND('',#2771,.T.);
#1994=FACE_OUTER_BOUND('',#2773,.T.);
#1995=FACE_OUTER_BOUND('',#2775,.T.);
#1996=FACE_OUTER_BOUND('',#2776,.T.);
#1997=FACE_OUTER_BOUND('',#2777,.T.);
#1998=FACE_OUTER_BOUND('',#2779,.T.);
#1999=FACE_OUTER_BOUND('',#2781,.T.);
#2000=FACE_OUTER_BOUND('',#2782,.T.);
#2001=FACE_OUTER_BOUND('',#2783,.T.);
#2002=FACE_OUTER_BOUND('',#2785,.T.);
#2003=FACE_OUTER_BOUND('',#2787,.T.);
#2004=FACE_OUTER_BOUND('',#2788,.T.);
#2005=FACE_OUTER_BOUND('',#2789,.T.);
#2006=FACE_OUTER_BOUND('',#2791,.T.);
#2007=FACE_OUTER_BOUND('',#2793,.T.);
#2008=FACE_OUTER_BOUND('',#2794,.T.);
#2009=FACE_OUTER_BOUND('',#2795,.T.);
#2010=FACE_OUTER_BOUND('',#2797,.T.);
#2011=FACE_OUTER_BOUND('',#2799,.T.);
#2012=FACE_OUTER_BOUND('',#2800,.T.);
#2013=FACE_OUTER_BOUND('',#2801,.T.);
#2014=FACE_OUTER_BOUND('',#2803,.T.);
#2015=FACE_OUTER_BOUND('',#2805,.T.);
#2016=FACE_OUTER_BOUND('',#2806,.T.);
#2017=FACE_OUTER_BOUND('',#2807,.T.);
#2018=FACE_OUTER_BOUND('',#2809,.T.);
#2019=FACE_OUTER_BOUND('',#2811,.T.);
#2020=FACE_OUTER_BOUND('',#2812,.T.);
#2021=FACE_OUTER_BOUND('',#2813,.T.);
#2022=FACE_OUTER_BOUND('',#2815,.T.);
#2023=FACE_OUTER_BOUND('',#2817,.T.);
#2024=FACE_OUTER_BOUND('',#2818,.T.);
#2025=FACE_OUTER_BOUND('',#2819,.T.);
#2026=FACE_OUTER_BOUND('',#2821,.T.);
#2027=FACE_OUTER_BOUND('',#2823,.T.);
#2028=FACE_OUTER_BOUND('',#2824,.T.);
#2029=FACE_OUTER_BOUND('',#2825,.T.);
#2030=FACE_OUTER_BOUND('',#2827,.T.);
#2031=FACE_OUTER_BOUND('',#2829,.T.);
#2032=FACE_OUTER_BOUND('',#2830,.T.);
#2033=FACE_OUTER_BOUND('',#2831,.T.);
#2034=FACE_OUTER_BOUND('',#2833,.T.);
#2035=FACE_OUTER_BOUND('',#2835,.T.);
#2036=FACE_OUTER_BOUND('',#2836,.T.);
#2037=FACE_OUTER_BOUND('',#2837,.T.);
#2038=FACE_OUTER_BOUND('',#2839,.T.);
#2039=FACE_OUTER_BOUND('',#2841,.T.);
#2040=FACE_OUTER_BOUND('',#2842,.T.);
#2041=FACE_OUTER_BOUND('',#2843,.T.);
#2042=FACE_OUTER_BOUND('',#2845,.T.);
#2043=FACE_OUTER_BOUND('',#2847,.T.);
#2044=FACE_OUTER_BOUND('',#2848,.T.);
#2045=FACE_OUTER_BOUND('',#2849,.T.);
#2046=FACE_OUTER_BOUND('',#2850,.T.);
#2047=FACE_OUTER_BOUND('',#2851,.T.);
#2048=FACE_OUTER_BOUND('',#2852,.T.);
#2049=FACE_OUTER_BOUND('',#2853,.T.);
#2050=FACE_OUTER_BOUND('',#2854,.T.);
#2051=FACE_OUTER_BOUND('',#2856,.T.);
#2052=FACE_OUTER_BOUND('',#2857,.T.);
#2053=FACE_OUTER_BOUND('',#2858,.T.);
#2054=FACE_OUTER_BOUND('',#2859,.T.);
#2055=FACE_OUTER_BOUND('',#2860,.T.);
#2056=FACE_OUTER_BOUND('',#2861,.T.);
#2057=FACE_OUTER_BOUND('',#2862,.T.);
#2058=FACE_OUTER_BOUND('',#2863,.T.);
#2059=FACE_OUTER_BOUND('',#2864,.T.);
#2060=FACE_OUTER_BOUND('',#2865,.T.);
#2061=FACE_OUTER_BOUND('',#2866,.T.);
#2062=FACE_OUTER_BOUND('',#2867,.T.);
#2063=FACE_OUTER_BOUND('',#2868,.T.);
#2064=FACE_OUTER_BOUND('',#2869,.T.);
#2065=FACE_OUTER_BOUND('',#2870,.T.);
#2066=FACE_OUTER_BOUND('',#2871,.T.);
#2067=FACE_OUTER_BOUND('',#2872,.T.);
#2068=FACE_OUTER_BOUND('',#2873,.T.);
#2069=FACE_OUTER_BOUND('',#2874,.T.);
#2070=FACE_OUTER_BOUND('',#2875,.T.);
#2071=FACE_OUTER_BOUND('',#2876,.T.);
#2072=FACE_OUTER_BOUND('',#2877,.T.);
#2073=FACE_OUTER_BOUND('',#2878,.T.);
#2074=FACE_OUTER_BOUND('',#2879,.T.);
#2075=FACE_OUTER_BOUND('',#2880,.T.);
#2076=FACE_OUTER_BOUND('',#2881,.T.);
#2077=FACE_OUTER_BOUND('',#2882,.T.);
#2078=FACE_OUTER_BOUND('',#2883,.T.);
#2079=FACE_OUTER_BOUND('',#2884,.T.);
#2080=FACE_OUTER_BOUND('',#2885,.T.);
#2081=FACE_OUTER_BOUND('',#2886,.T.);
#2082=FACE_OUTER_BOUND('',#2887,.T.);
#2083=FACE_OUTER_BOUND('',#2888,.T.);
#2084=FACE_OUTER_BOUND('',#2889,.T.);
#2085=FACE_OUTER_BOUND('',#2890,.T.);
#2086=FACE_OUTER_BOUND('',#2891,.T.);
#2087=FACE_OUTER_BOUND('',#2892,.T.);
#2088=FACE_OUTER_BOUND('',#2893,.T.);
#2089=FACE_OUTER_BOUND('',#2894,.T.);
#2090=FACE_OUTER_BOUND('',#2895,.T.);
#2091=FACE_OUTER_BOUND('',#2896,.T.);
#2092=FACE_OUTER_BOUND('',#2897,.T.);
#2093=FACE_OUTER_BOUND('',#2898,.T.);
#2094=FACE_OUTER_BOUND('',#2899,.T.);
#2095=FACE_OUTER_BOUND('',#2900,.T.);
#2096=FACE_OUTER_BOUND('',#2901,.T.);
#2097=FACE_OUTER_BOUND('',#2902,.T.);
#2098=FACE_OUTER_BOUND('',#2903,.T.);
#2099=FACE_OUTER_BOUND('',#2904,.T.);
#2100=FACE_OUTER_BOUND('',#2905,.T.);
#2101=FACE_OUTER_BOUND('',#2906,.T.);
#2102=FACE_OUTER_BOUND('',#2907,.T.);
#2103=FACE_OUTER_BOUND('',#2908,.T.);
#2104=FACE_OUTER_BOUND('',#2909,.T.);
#2105=FACE_OUTER_BOUND('',#2910,.T.);
#2106=FACE_OUTER_BOUND('',#2911,.T.);
#2107=FACE_OUTER_BOUND('',#2912,.T.);
#2108=FACE_OUTER_BOUND('',#2913,.T.);
#2109=FACE_OUTER_BOUND('',#2914,.T.);
#2110=FACE_OUTER_BOUND('',#2915,.T.);
#2111=FACE_OUTER_BOUND('',#2916,.T.);
#2112=FACE_OUTER_BOUND('',#2917,.T.);
#2113=FACE_OUTER_BOUND('',#2918,.T.);
#2114=FACE_OUTER_BOUND('',#2919,.T.);
#2115=FACE_OUTER_BOUND('',#2920,.T.);
#2116=FACE_OUTER_BOUND('',#2921,.T.);
#2117=FACE_OUTER_BOUND('',#2922,.T.);
#2118=FACE_OUTER_BOUND('',#2923,.T.);
#2119=FACE_OUTER_BOUND('',#2924,.T.);
#2120=FACE_OUTER_BOUND('',#2925,.T.);
#2121=FACE_OUTER_BOUND('',#2926,.T.);
#2122=FACE_OUTER_BOUND('',#2927,.T.);
#2123=FACE_OUTER_BOUND('',#2928,.T.);
#2124=FACE_OUTER_BOUND('',#2929,.T.);
#2125=FACE_OUTER_BOUND('',#2930,.T.);
#2126=FACE_OUTER_BOUND('',#2931,.T.);
#2127=FACE_OUTER_BOUND('',#2932,.T.);
#2128=FACE_OUTER_BOUND('',#2933,.T.);
#2129=FACE_OUTER_BOUND('',#2934,.T.);
#2130=FACE_OUTER_BOUND('',#2935,.T.);
#2131=FACE_OUTER_BOUND('',#2936,.T.);
#2132=FACE_OUTER_BOUND('',#2937,.T.);
#2133=FACE_OUTER_BOUND('',#2938,.T.);
#2134=FACE_OUTER_BOUND('',#2939,.T.);
#2135=FACE_OUTER_BOUND('',#2940,.T.);
#2136=FACE_OUTER_BOUND('',#2941,.T.);
#2137=FACE_OUTER_BOUND('',#2942,.T.);
#2138=FACE_OUTER_BOUND('',#2943,.T.);
#2139=FACE_OUTER_BOUND('',#2944,.T.);
#2140=FACE_OUTER_BOUND('',#2945,.T.);
#2141=FACE_OUTER_BOUND('',#2946,.T.);
#2142=FACE_OUTER_BOUND('',#2947,.T.);
#2143=FACE_OUTER_BOUND('',#2948,.T.);
#2144=FACE_OUTER_BOUND('',#2949,.T.);
#2145=FACE_OUTER_BOUND('',#2950,.T.);
#2146=FACE_OUTER_BOUND('',#2951,.T.);
#2147=FACE_OUTER_BOUND('',#2952,.T.);
#2148=FACE_OUTER_BOUND('',#2953,.T.);
#2149=FACE_OUTER_BOUND('',#2954,.T.);
#2150=FACE_OUTER_BOUND('',#2955,.T.);
#2151=FACE_OUTER_BOUND('',#2956,.T.);
#2152=FACE_OUTER_BOUND('',#2957,.T.);
#2153=FACE_OUTER_BOUND('',#2958,.T.);
#2154=FACE_OUTER_BOUND('',#2959,.T.);
#2155=FACE_OUTER_BOUND('',#2960,.T.);
#2156=FACE_OUTER_BOUND('',#2961,.T.);
#2157=FACE_OUTER_BOUND('',#2962,.T.);
#2158=FACE_OUTER_BOUND('',#2963,.T.);
#2159=FACE_OUTER_BOUND('',#2964,.T.);
#2160=FACE_OUTER_BOUND('',#2965,.T.);
#2161=FACE_OUTER_BOUND('',#2966,.T.);
#2162=FACE_OUTER_BOUND('',#2967,.T.);
#2163=FACE_OUTER_BOUND('',#2968,.T.);
#2164=FACE_OUTER_BOUND('',#2969,.T.);
#2165=FACE_OUTER_BOUND('',#2970,.T.);
#2166=FACE_OUTER_BOUND('',#2971,.T.);
#2167=FACE_OUTER_BOUND('',#2972,.T.);
#2168=FACE_OUTER_BOUND('',#2973,.T.);
#2169=FACE_OUTER_BOUND('',#2974,.T.);
#2170=FACE_OUTER_BOUND('',#2975,.T.);
#2171=FACE_OUTER_BOUND('',#2976,.T.);
#2172=FACE_OUTER_BOUND('',#2977,.T.);
#2173=FACE_OUTER_BOUND('',#2978,.T.);
#2174=FACE_OUTER_BOUND('',#2979,.T.);
#2175=FACE_OUTER_BOUND('',#2980,.T.);
#2176=FACE_OUTER_BOUND('',#2981,.T.);
#2177=FACE_OUTER_BOUND('',#2982,.T.);
#2178=FACE_OUTER_BOUND('',#2983,.T.);
#2179=FACE_OUTER_BOUND('',#2984,.T.);
#2180=FACE_OUTER_BOUND('',#2985,.T.);
#2181=FACE_OUTER_BOUND('',#2986,.T.);
#2182=FACE_OUTER_BOUND('',#2987,.T.);
#2183=FACE_OUTER_BOUND('',#2988,.T.);
#2184=FACE_OUTER_BOUND('',#2989,.T.);
#2185=FACE_OUTER_BOUND('',#2990,.T.);
#2186=FACE_OUTER_BOUND('',#2991,.T.);
#2187=FACE_OUTER_BOUND('',#2992,.T.);
#2188=FACE_OUTER_BOUND('',#2993,.T.);
#2189=FACE_OUTER_BOUND('',#2994,.T.);
#2190=FACE_OUTER_BOUND('',#2995,.T.);
#2191=FACE_OUTER_BOUND('',#2996,.T.);
#2192=FACE_OUTER_BOUND('',#2997,.T.);
#2193=FACE_OUTER_BOUND('',#2998,.T.);
#2194=FACE_OUTER_BOUND('',#2999,.T.);
#2195=FACE_OUTER_BOUND('',#3000,.T.);
#2196=FACE_OUTER_BOUND('',#3001,.T.);
#2197=FACE_OUTER_BOUND('',#3002,.T.);
#2198=FACE_OUTER_BOUND('',#3003,.T.);
#2199=FACE_OUTER_BOUND('',#3004,.T.);
#2200=FACE_OUTER_BOUND('',#3005,.T.);
#2201=FACE_OUTER_BOUND('',#3006,.T.);
#2202=FACE_OUTER_BOUND('',#3007,.T.);
#2203=FACE_OUTER_BOUND('',#3008,.T.);
#2204=FACE_OUTER_BOUND('',#3009,.T.);
#2205=FACE_OUTER_BOUND('',#3010,.T.);
#2206=FACE_OUTER_BOUND('',#3011,.T.);
#2207=FACE_OUTER_BOUND('',#3012,.T.);
#2208=FACE_OUTER_BOUND('',#3013,.T.);
#2209=FACE_OUTER_BOUND('',#3014,.T.);
#2210=FACE_OUTER_BOUND('',#3015,.T.);
#2211=FACE_OUTER_BOUND('',#3016,.T.);
#2212=FACE_OUTER_BOUND('',#3017,.T.);
#2213=FACE_OUTER_BOUND('',#3018,.T.);
#2214=FACE_OUTER_BOUND('',#3019,.T.);
#2215=FACE_OUTER_BOUND('',#3020,.T.);
#2216=FACE_OUTER_BOUND('',#3021,.T.);
#2217=FACE_OUTER_BOUND('',#3022,.T.);
#2218=FACE_OUTER_BOUND('',#3023,.T.);
#2219=FACE_OUTER_BOUND('',#3024,.T.);
#2220=FACE_OUTER_BOUND('',#3025,.T.);
#2221=FACE_OUTER_BOUND('',#3026,.T.);
#2222=FACE_OUTER_BOUND('',#3027,.T.);
#2223=FACE_OUTER_BOUND('',#3028,.T.);
#2224=FACE_OUTER_BOUND('',#3029,.T.);
#2225=FACE_OUTER_BOUND('',#3030,.T.);
#2226=FACE_OUTER_BOUND('',#3031,.T.);
#2227=FACE_OUTER_BOUND('',#3032,.T.);
#2228=FACE_OUTER_BOUND('',#3033,.T.);
#2229=FACE_OUTER_BOUND('',#3034,.T.);
#2230=FACE_OUTER_BOUND('',#3035,.T.);
#2231=FACE_OUTER_BOUND('',#3036,.T.);
#2232=FACE_OUTER_BOUND('',#3037,.T.);
#2233=FACE_OUTER_BOUND('',#3038,.T.);
#2234=FACE_OUTER_BOUND('',#3039,.T.);
#2235=FACE_OUTER_BOUND('',#3040,.T.);
#2236=FACE_OUTER_BOUND('',#3041,.T.);
#2237=FACE_OUTER_BOUND('',#3042,.T.);
#2238=FACE_OUTER_BOUND('',#3043,.T.);
#2239=FACE_OUTER_BOUND('',#3044,.T.);
#2240=FACE_OUTER_BOUND('',#3045,.T.);
#2241=FACE_OUTER_BOUND('',#3046,.T.);
#2242=FACE_OUTER_BOUND('',#3047,.T.);
#2243=FACE_OUTER_BOUND('',#3048,.T.);
#2244=FACE_OUTER_BOUND('',#3049,.T.);
#2245=FACE_OUTER_BOUND('',#3050,.T.);
#2246=FACE_OUTER_BOUND('',#3051,.T.);
#2247=FACE_OUTER_BOUND('',#3052,.T.);
#2248=FACE_OUTER_BOUND('',#3053,.T.);
#2249=FACE_OUTER_BOUND('',#3054,.T.);
#2250=FACE_OUTER_BOUND('',#3055,.T.);
#2251=FACE_OUTER_BOUND('',#3056,.T.);
#2252=FACE_OUTER_BOUND('',#3057,.T.);
#2253=FACE_OUTER_BOUND('',#3058,.T.);
#2254=FACE_OUTER_BOUND('',#3059,.T.);
#2255=FACE_OUTER_BOUND('',#3060,.T.);
#2256=FACE_OUTER_BOUND('',#3061,.T.);
#2257=FACE_OUTER_BOUND('',#3062,.T.);
#2258=FACE_OUTER_BOUND('',#3063,.T.);
#2259=FACE_OUTER_BOUND('',#3064,.T.);
#2260=FACE_OUTER_BOUND('',#3065,.T.);
#2261=FACE_OUTER_BOUND('',#3066,.T.);
#2262=FACE_OUTER_BOUND('',#3067,.T.);
#2263=FACE_OUTER_BOUND('',#3068,.T.);
#2264=FACE_OUTER_BOUND('',#3069,.T.);
#2265=FACE_OUTER_BOUND('',#3070,.T.);
#2266=FACE_OUTER_BOUND('',#3071,.T.);
#2267=FACE_OUTER_BOUND('',#3072,.T.);
#2268=FACE_OUTER_BOUND('',#3073,.T.);
#2269=FACE_OUTER_BOUND('',#3074,.T.);
#2270=FACE_OUTER_BOUND('',#3075,.T.);
#2271=FACE_OUTER_BOUND('',#3076,.T.);
#2272=FACE_OUTER_BOUND('',#3077,.T.);
#2273=FACE_OUTER_BOUND('',#3078,.T.);
#2274=FACE_OUTER_BOUND('',#3079,.T.);
#2275=FACE_OUTER_BOUND('',#3080,.T.);
#2276=FACE_OUTER_BOUND('',#3081,.T.);
#2277=FACE_OUTER_BOUND('',#3082,.T.);
#2278=FACE_OUTER_BOUND('',#3083,.T.);
#2279=FACE_OUTER_BOUND('',#3084,.T.);
#2280=FACE_OUTER_BOUND('',#3085,.T.);
#2281=FACE_OUTER_BOUND('',#3086,.T.);
#2282=FACE_OUTER_BOUND('',#3087,.T.);
#2283=FACE_OUTER_BOUND('',#3117,.T.);
#2284=FACE_OUTER_BOUND('',#3146,.T.);
#2285=FACE_OUTER_BOUND('',#3147,.T.);
#2286=FACE_OUTER_BOUND('',#3148,.T.);
#2287=FACE_OUTER_BOUND('',#3149,.T.);
#2288=FACE_OUTER_BOUND('',#3150,.T.);
#2289=FACE_OUTER_BOUND('',#3151,.T.);
#2290=FACE_OUTER_BOUND('',#3152,.T.);
#2291=FACE_OUTER_BOUND('',#3153,.T.);
#2292=FACE_OUTER_BOUND('',#3154,.T.);
#2293=FACE_OUTER_BOUND('',#3155,.T.);
#2294=FACE_OUTER_BOUND('',#3156,.T.);
#2295=FACE_OUTER_BOUND('',#3157,.T.);
#2296=FACE_OUTER_BOUND('',#3158,.T.);
#2297=FACE_OUTER_BOUND('',#3159,.T.);
#2298=FACE_OUTER_BOUND('',#3160,.T.);
#2299=FACE_OUTER_BOUND('',#3161,.T.);
#2300=FACE_OUTER_BOUND('',#3162,.T.);
#2301=FACE_OUTER_BOUND('',#3163,.T.);
#2302=FACE_OUTER_BOUND('',#3164,.T.);
#2303=FACE_OUTER_BOUND('',#3165,.T.);
#2304=FACE_OUTER_BOUND('',#3166,.T.);
#2305=FACE_OUTER_BOUND('',#3167,.T.);
#2306=FACE_OUTER_BOUND('',#3168,.T.);
#2307=FACE_OUTER_BOUND('',#3169,.T.);
#2308=FACE_OUTER_BOUND('',#3170,.T.);
#2309=FACE_OUTER_BOUND('',#3171,.T.);
#2310=FACE_OUTER_BOUND('',#3172,.T.);
#2311=FACE_OUTER_BOUND('',#3173,.T.);
#2312=FACE_OUTER_BOUND('',#3174,.T.);
#2313=EDGE_LOOP('',(#8165,#8166,#8167,#8168));
#2314=EDGE_LOOP('',(#8169,#8170,#8171,#8172));
#2315=EDGE_LOOP('',(#8173,#8174,#8175,#8176));
#2316=EDGE_LOOP('',(#8177,#8178,#8179,#8180));
#2317=EDGE_LOOP('',(#8181,#8182,#8183,#8184));
#2318=EDGE_LOOP('',(#8185,#8186,#8187,#8188));
#2319=EDGE_LOOP('',(#8189,#8190,#8191,#8192));
#2320=EDGE_LOOP('',(#8193,#8194,#8195));
#2321=EDGE_LOOP('',(#8196,#8197,#8198));
#2322=EDGE_LOOP('',(#8199,#8200,#8201,#8202));
#2323=EDGE_LOOP('',(#8203,#8204,#8205,#8206));
#2324=EDGE_LOOP('',(#8207,#8208,#8209,#8210));
#2325=EDGE_LOOP('',(#8211,#8212,#8213,#8214));
#2326=EDGE_LOOP('',(#8215,#8216,#8217,#8218));
#2327=EDGE_LOOP('',(#8219,#8220,#8221,#8222));
#2328=EDGE_LOOP('',(#8223,#8224,#8225));
#2329=EDGE_LOOP('',(#8226,#8227,#8228));
#2330=EDGE_LOOP('',(#8229,#8230,#8231));
#2331=EDGE_LOOP('',(#8232,#8233,#8234));
#2332=EDGE_LOOP('',(#8235,#8236,#8237,#8238));
#2333=EDGE_LOOP('',(#8239,#8240,#8241,#8242));
#2334=EDGE_LOOP('',(#8243,#8244,#8245,#8246));
#2335=EDGE_LOOP('',(#8247,#8248,#8249,#8250));
#2336=EDGE_LOOP('',(#8251,#8252,#8253));
#2337=EDGE_LOOP('',(#8254,#8255,#8256));
#2338=EDGE_LOOP('',(#8257,#8258,#8259,#8260));
#2339=EDGE_LOOP('',(#8261,#8262,#8263,#8264));
#2340=EDGE_LOOP('',(#8265,#8266,#8267,#8268));
#2341=EDGE_LOOP('',(#8269,#8270,#8271,#8272));
#2342=EDGE_LOOP('',(#8273,#8274,#8275,#8276));
#2343=EDGE_LOOP('',(#8277,#8278,#8279,#8280));
#2344=EDGE_LOOP('',(#8281,#8282,#8283,#8284));
#2345=EDGE_LOOP('',(#8285,#8286,#8287,#8288));
#2346=EDGE_LOOP('',(#8289,#8290,#8291,#8292));
#2347=EDGE_LOOP('',(#8293,#8294,#8295,#8296));
#2348=EDGE_LOOP('',(#8297,#8298,#8299,#8300));
#2349=EDGE_LOOP('',(#8301,#8302,#8303,#8304));
#2350=EDGE_LOOP('',(#8305,#8306,#8307,#8308));
#2351=EDGE_LOOP('',(#8309,#8310,#8311,#8312));
#2352=EDGE_LOOP('',(#8313,#8314,#8315,#8316));
#2353=EDGE_LOOP('',(#8317,#8318,#8319,#8320));
#2354=EDGE_LOOP('',(#8321,#8322,#8323,#8324));
#2355=EDGE_LOOP('',(#8325,#8326,#8327,#8328));
#2356=EDGE_LOOP('',(#8329,#8330,#8331,#8332));
#2357=EDGE_LOOP('',(#8333,#8334,#8335,#8336));
#2358=EDGE_LOOP('',(#8337,#8338,#8339,#8340));
#2359=EDGE_LOOP('',(#8341,#8342,#8343,#8344));
#2360=EDGE_LOOP('',(#8345,#8346,#8347,#8348));
#2361=EDGE_LOOP('',(#8349,#8350,#8351,#8352));
#2362=EDGE_LOOP('',(#8353,#8354,#8355,#8356));
#2363=EDGE_LOOP('',(#8357,#8358,#8359,#8360));
#2364=EDGE_LOOP('',(#8361,#8362,#8363,#8364));
#2365=EDGE_LOOP('',(#8365,#8366,#8367,#8368));
#2366=EDGE_LOOP('',(#8369,#8370,#8371,#8372));
#2367=EDGE_LOOP('',(#8373,#8374,#8375,#8376));
#2368=EDGE_LOOP('',(#8377,#8378,#8379,#8380));
#2369=EDGE_LOOP('',(#8381,#8382,#8383,#8384));
#2370=EDGE_LOOP('',(#8385,#8386,#8387,#8388));
#2371=EDGE_LOOP('',(#8389,#8390,#8391,#8392));
#2372=EDGE_LOOP('',(#8393,#8394,#8395,#8396));
#2373=EDGE_LOOP('',(#8397,#8398,#8399,#8400));
#2374=EDGE_LOOP('',(#8401,#8402,#8403,#8404));
#2375=EDGE_LOOP('',(#8405,#8406,#8407,#8408));
#2376=EDGE_LOOP('',(#8409,#8410,#8411,#8412));
#2377=EDGE_LOOP('',(#8413,#8414,#8415,#8416));
#2378=EDGE_LOOP('',(#8417,#8418,#8419,#8420));
#2379=EDGE_LOOP('',(#8421,#8422,#8423,#8424));
#2380=EDGE_LOOP('',(#8425,#8426,#8427,#8428));
#2381=EDGE_LOOP('',(#8429,#8430,#8431,#8432));
#2382=EDGE_LOOP('',(#8433,#8434,#8435,#8436));
#2383=EDGE_LOOP('',(#8437,#8438,#8439,#8440));
#2384=EDGE_LOOP('',(#8441,#8442,#8443,#8444));
#2385=EDGE_LOOP('',(#8445,#8446,#8447,#8448));
#2386=EDGE_LOOP('',(#8449,#8450,#8451,#8452));
#2387=EDGE_LOOP('',(#8453,#8454,#8455,#8456));
#2388=EDGE_LOOP('',(#8457,#8458,#8459,#8460));
#2389=EDGE_LOOP('',(#8461,#8462,#8463,#8464));
#2390=EDGE_LOOP('',(#8465,#8466,#8467,#8468));
#2391=EDGE_LOOP('',(#8469,#8470,#8471,#8472));
#2392=EDGE_LOOP('',(#8473,#8474,#8475,#8476));
#2393=EDGE_LOOP('',(#8477,#8478,#8479,#8480));
#2394=EDGE_LOOP('',(#8481,#8482,#8483,#8484));
#2395=EDGE_LOOP('',(#8485,#8486,#8487,#8488));
#2396=EDGE_LOOP('',(#8489,#8490,#8491,#8492));
#2397=EDGE_LOOP('',(#8493,#8494,#8495,#8496));
#2398=EDGE_LOOP('',(#8497,#8498,#8499,#8500));
#2399=EDGE_LOOP('',(#8501,#8502,#8503,#8504));
#2400=EDGE_LOOP('',(#8505,#8506,#8507,#8508));
#2401=EDGE_LOOP('',(#8509,#8510,#8511,#8512));
#2402=EDGE_LOOP('',(#8513,#8514,#8515,#8516));
#2403=EDGE_LOOP('',(#8517,#8518,#8519,#8520));
#2404=EDGE_LOOP('',(#8521,#8522,#8523,#8524));
#2405=EDGE_LOOP('',(#8525,#8526,#8527,#8528));
#2406=EDGE_LOOP('',(#8529,#8530,#8531,#8532));
#2407=EDGE_LOOP('',(#8533,#8534,#8535,#8536));
#2408=EDGE_LOOP('',(#8537,#8538,#8539,#8540));
#2409=EDGE_LOOP('',(#8541,#8542,#8543,#8544));
#2410=EDGE_LOOP('',(#8545,#8546,#8547,#8548));
#2411=EDGE_LOOP('',(#8549,#8550,#8551,#8552));
#2412=EDGE_LOOP('',(#8553,#8554,#8555,#8556));
#2413=EDGE_LOOP('',(#8557,#8558,#8559,#8560));
#2414=EDGE_LOOP('',(#8561,#8562,#8563,#8564));
#2415=EDGE_LOOP('',(#8565,#8566,#8567,#8568));
#2416=EDGE_LOOP('',(#8569,#8570,#8571,#8572));
#2417=EDGE_LOOP('',(#8573,#8574,#8575,#8576));
#2418=EDGE_LOOP('',(#8577,#8578,#8579,#8580));
#2419=EDGE_LOOP('',(#8581,#8582,#8583,#8584));
#2420=EDGE_LOOP('',(#8585,#8586,#8587,#8588));
#2421=EDGE_LOOP('',(#8589,#8590,#8591,#8592));
#2422=EDGE_LOOP('',(#8593,#8594,#8595,#8596));
#2423=EDGE_LOOP('',(#8597,#8598,#8599,#8600));
#2424=EDGE_LOOP('',(#8601,#8602,#8603,#8604));
#2425=EDGE_LOOP('',(#8605,#8606,#8607,#8608));
#2426=EDGE_LOOP('',(#8609,#8610,#8611,#8612));
#2427=EDGE_LOOP('',(#8613,#8614,#8615,#8616));
#2428=EDGE_LOOP('',(#8617,#8618,#8619,#8620));
#2429=EDGE_LOOP('',(#8621,#8622,#8623,#8624));
#2430=EDGE_LOOP('',(#8625,#8626,#8627,#8628));
#2431=EDGE_LOOP('',(#8629,#8630,#8631,#8632));
#2432=EDGE_LOOP('',(#8633,#8634,#8635,#8636));
#2433=EDGE_LOOP('',(#8637,#8638,#8639,#8640));
#2434=EDGE_LOOP('',(#8641,#8642,#8643,#8644));
#2435=EDGE_LOOP('',(#8645,#8646,#8647,#8648));
#2436=EDGE_LOOP('',(#8649,#8650,#8651,#8652));
#2437=EDGE_LOOP('',(#8653,#8654,#8655,#8656));
#2438=EDGE_LOOP('',(#8657,#8658,#8659,#8660));
#2439=EDGE_LOOP('',(#8661,#8662,#8663,#8664));
#2440=EDGE_LOOP('',(#8665,#8666,#8667,#8668));
#2441=EDGE_LOOP('',(#8669,#8670,#8671,#8672));
#2442=EDGE_LOOP('',(#8673,#8674,#8675,#8676));
#2443=EDGE_LOOP('',(#8677,#8678,#8679,#8680));
#2444=EDGE_LOOP('',(#8681,#8682,#8683,#8684));
#2445=EDGE_LOOP('',(#8685,#8686,#8687,#8688,#8689,#8690,#8691,#8692,#8693,
#8694,#8695,#8696));
#2446=EDGE_LOOP('',(#8697,#8698,#8699,#8700,#8701,#8702,#8703,#8704,#8705,
#8706,#8707,#8708));
#2447=EDGE_LOOP('',(#8709,#8710,#8711,#8712));
#2448=EDGE_LOOP('',(#8713,#8714,#8715,#8716));
#2449=EDGE_LOOP('',(#8717,#8718,#8719,#8720));
#2450=EDGE_LOOP('',(#8721,#8722,#8723,#8724));
#2451=EDGE_LOOP('',(#8725,#8726,#8727,#8728));
#2452=EDGE_LOOP('',(#8729,#8730,#8731,#8732));
#2453=EDGE_LOOP('',(#8733,#8734,#8735,#8736));
#2454=EDGE_LOOP('',(#8737,#8738,#8739,#8740));
#2455=EDGE_LOOP('',(#8741,#8742,#8743,#8744));
#2456=EDGE_LOOP('',(#8745,#8746,#8747,#8748));
#2457=EDGE_LOOP('',(#8749,#8750,#8751,#8752));
#2458=EDGE_LOOP('',(#8753,#8754,#8755,#8756));
#2459=EDGE_LOOP('',(#8757,#8758,#8759,#8760,#8761,#8762,#8763,#8764,#8765,
#8766,#8767,#8768));
#2460=EDGE_LOOP('',(#8769,#8770,#8771,#8772,#8773,#8774,#8775,#8776,#8777,
#8778,#8779,#8780));
#2461=EDGE_LOOP('',(#8781,#8782,#8783,#8784));
#2462=EDGE_LOOP('',(#8785,#8786,#8787,#8788));
#2463=EDGE_LOOP('',(#8789,#8790,#8791,#8792));
#2464=EDGE_LOOP('',(#8793,#8794,#8795,#8796));
#2465=EDGE_LOOP('',(#8797,#8798,#8799,#8800));
#2466=EDGE_LOOP('',(#8801,#8802,#8803,#8804));
#2467=EDGE_LOOP('',(#8805,#8806,#8807,#8808));
#2468=EDGE_LOOP('',(#8809,#8810,#8811,#8812));
#2469=EDGE_LOOP('',(#8813,#8814,#8815,#8816));
#2470=EDGE_LOOP('',(#8817,#8818,#8819,#8820));
#2471=EDGE_LOOP('',(#8821,#8822,#8823,#8824));
#2472=EDGE_LOOP('',(#8825,#8826,#8827,#8828));
#2473=EDGE_LOOP('',(#8829,#8830,#8831,#8832,#8833,#8834,#8835,#8836,#8837,
#8838,#8839,#8840));
#2474=EDGE_LOOP('',(#8841,#8842,#8843,#8844,#8845,#8846,#8847,#8848,#8849,
#8850,#8851,#8852));
#2475=EDGE_LOOP('',(#8853,#8854,#8855,#8856));
#2476=EDGE_LOOP('',(#8857,#8858,#8859,#8860));
#2477=EDGE_LOOP('',(#8861,#8862,#8863,#8864));
#2478=EDGE_LOOP('',(#8865,#8866,#8867,#8868));
#2479=EDGE_LOOP('',(#8869,#8870,#8871,#8872));
#2480=EDGE_LOOP('',(#8873,#8874,#8875,#8876));
#2481=EDGE_LOOP('',(#8877,#8878,#8879,#8880));
#2482=EDGE_LOOP('',(#8881,#8882,#8883,#8884));
#2483=EDGE_LOOP('',(#8885,#8886,#8887,#8888));
#2484=EDGE_LOOP('',(#8889,#8890,#8891,#8892));
#2485=EDGE_LOOP('',(#8893,#8894,#8895,#8896));
#2486=EDGE_LOOP('',(#8897,#8898,#8899,#8900));
#2487=EDGE_LOOP('',(#8901,#8902,#8903,#8904,#8905,#8906,#8907,#8908,#8909,
#8910,#8911,#8912));
#2488=EDGE_LOOP('',(#8913,#8914,#8915,#8916,#8917,#8918,#8919,#8920,#8921,
#8922,#8923,#8924));
#2489=EDGE_LOOP('',(#8925,#8926,#8927,#8928));
#2490=EDGE_LOOP('',(#8929,#8930,#8931,#8932));
#2491=EDGE_LOOP('',(#8933,#8934,#8935,#8936));
#2492=EDGE_LOOP('',(#8937,#8938,#8939,#8940));
#2493=EDGE_LOOP('',(#8941,#8942,#8943,#8944));
#2494=EDGE_LOOP('',(#8945,#8946,#8947,#8948));
#2495=EDGE_LOOP('',(#8949,#8950,#8951,#8952));
#2496=EDGE_LOOP('',(#8953,#8954,#8955,#8956));
#2497=EDGE_LOOP('',(#8957,#8958,#8959,#8960));
#2498=EDGE_LOOP('',(#8961,#8962,#8963,#8964));
#2499=EDGE_LOOP('',(#8965,#8966,#8967,#8968));
#2500=EDGE_LOOP('',(#8969,#8970,#8971,#8972));
#2501=EDGE_LOOP('',(#8973,#8974,#8975,#8976,#8977,#8978,#8979,#8980,#8981,
#8982,#8983,#8984));
#2502=EDGE_LOOP('',(#8985,#8986,#8987,#8988,#8989,#8990,#8991,#8992,#8993,
#8994,#8995,#8996));
#2503=EDGE_LOOP('',(#8997,#8998,#8999,#9000));
#2504=EDGE_LOOP('',(#9001,#9002,#9003,#9004));
#2505=EDGE_LOOP('',(#9005,#9006,#9007,#9008));
#2506=EDGE_LOOP('',(#9009,#9010,#9011,#9012));
#2507=EDGE_LOOP('',(#9013,#9014,#9015,#9016));
#2508=EDGE_LOOP('',(#9017,#9018,#9019,#9020));
#2509=EDGE_LOOP('',(#9021,#9022,#9023,#9024));
#2510=EDGE_LOOP('',(#9025,#9026,#9027,#9028));
#2511=EDGE_LOOP('',(#9029,#9030,#9031,#9032));
#2512=EDGE_LOOP('',(#9033,#9034,#9035,#9036));
#2513=EDGE_LOOP('',(#9037,#9038,#9039,#9040));
#2514=EDGE_LOOP('',(#9041,#9042,#9043,#9044));
#2515=EDGE_LOOP('',(#9045,#9046,#9047,#9048));
#2516=EDGE_LOOP('',(#9049,#9050,#9051,#9052));
#2517=EDGE_LOOP('',(#9053,#9054,#9055,#9056));
#2518=EDGE_LOOP('',(#9057,#9058,#9059,#9060));
#2519=EDGE_LOOP('',(#9061,#9062,#9063,#9064));
#2520=EDGE_LOOP('',(#9065,#9066,#9067,#9068));
#2521=EDGE_LOOP('',(#9069,#9070,#9071,#9072));
#2522=EDGE_LOOP('',(#9073,#9074,#9075,#9076));
#2523=EDGE_LOOP('',(#9077,#9078,#9079,#9080));
#2524=EDGE_LOOP('',(#9081,#9082,#9083,#9084));
#2525=EDGE_LOOP('',(#9085,#9086,#9087,#9088,#9089,#9090,#9091,#9092,#9093,
#9094,#9095,#9096));
#2526=EDGE_LOOP('',(#9097,#9098,#9099,#9100,#9101,#9102,#9103,#9104,#9105,
#9106,#9107,#9108));
#2527=EDGE_LOOP('',(#9109,#9110,#9111,#9112));
#2528=EDGE_LOOP('',(#9113,#9114,#9115,#9116));
#2529=EDGE_LOOP('',(#9117,#9118,#9119,#9120));
#2530=EDGE_LOOP('',(#9121,#9122,#9123,#9124));
#2531=EDGE_LOOP('',(#9125,#9126,#9127,#9128));
#2532=EDGE_LOOP('',(#9129,#9130,#9131,#9132));
#2533=EDGE_LOOP('',(#9133,#9134,#9135,#9136));
#2534=EDGE_LOOP('',(#9137,#9138,#9139,#9140));
#2535=EDGE_LOOP('',(#9141,#9142,#9143,#9144));
#2536=EDGE_LOOP('',(#9145,#9146,#9147,#9148));
#2537=EDGE_LOOP('',(#9149,#9150,#9151,#9152));
#2538=EDGE_LOOP('',(#9153,#9154,#9155,#9156));
#2539=EDGE_LOOP('',(#9157,#9158,#9159,#9160,#9161,#9162,#9163,#9164,#9165,
#9166,#9167,#9168));
#2540=EDGE_LOOP('',(#9169,#9170,#9171,#9172,#9173,#9174,#9175,#9176,#9177,
#9178,#9179,#9180));
#2541=EDGE_LOOP('',(#9181,#9182,#9183,#9184));
#2542=EDGE_LOOP('',(#9185,#9186,#9187,#9188));
#2543=EDGE_LOOP('',(#9189,#9190,#9191,#9192));
#2544=EDGE_LOOP('',(#9193,#9194,#9195,#9196));
#2545=EDGE_LOOP('',(#9197,#9198,#9199,#9200));
#2546=EDGE_LOOP('',(#9201,#9202,#9203,#9204));
#2547=EDGE_LOOP('',(#9205,#9206,#9207,#9208));
#2548=EDGE_LOOP('',(#9209,#9210,#9211,#9212));
#2549=EDGE_LOOP('',(#9213,#9214,#9215,#9216));
#2550=EDGE_LOOP('',(#9217,#9218,#9219,#9220));
#2551=EDGE_LOOP('',(#9221,#9222,#9223,#9224));
#2552=EDGE_LOOP('',(#9225,#9226,#9227,#9228));
#2553=EDGE_LOOP('',(#9229,#9230,#9231,#9232,#9233,#9234,#9235,#9236,#9237,
#9238,#9239,#9240));
#2554=EDGE_LOOP('',(#9241,#9242,#9243,#9244,#9245,#9246,#9247,#9248,#9249,
#9250,#9251,#9252));
#2555=EDGE_LOOP('',(#9253,#9254,#9255,#9256));
#2556=EDGE_LOOP('',(#9257,#9258,#9259,#9260));
#2557=EDGE_LOOP('',(#9261,#9262,#9263,#9264));
#2558=EDGE_LOOP('',(#9265,#9266,#9267,#9268));
#2559=EDGE_LOOP('',(#9269,#9270,#9271,#9272));
#2560=EDGE_LOOP('',(#9273,#9274,#9275,#9276));
#2561=EDGE_LOOP('',(#9277,#9278,#9279,#9280));
#2562=EDGE_LOOP('',(#9281,#9282,#9283,#9284));
#2563=EDGE_LOOP('',(#9285,#9286,#9287,#9288));
#2564=EDGE_LOOP('',(#9289,#9290,#9291,#9292));
#2565=EDGE_LOOP('',(#9293,#9294,#9295,#9296));
#2566=EDGE_LOOP('',(#9297,#9298,#9299,#9300));
#2567=EDGE_LOOP('',(#9301,#9302,#9303,#9304,#9305,#9306,#9307,#9308,#9309,
#9310,#9311,#9312));
#2568=EDGE_LOOP('',(#9313,#9314,#9315,#9316,#9317,#9318,#9319,#9320,#9321,
#9322,#9323,#9324));
#2569=EDGE_LOOP('',(#9325,#9326,#9327,#9328));
#2570=EDGE_LOOP('',(#9329,#9330,#9331,#9332));
#2571=EDGE_LOOP('',(#9333,#9334,#9335,#9336));
#2572=EDGE_LOOP('',(#9337,#9338,#9339,#9340));
#2573=EDGE_LOOP('',(#9341,#9342,#9343,#9344));
#2574=EDGE_LOOP('',(#9345,#9346,#9347,#9348));
#2575=EDGE_LOOP('',(#9349,#9350,#9351,#9352));
#2576=EDGE_LOOP('',(#9353,#9354,#9355,#9356));
#2577=EDGE_LOOP('',(#9357,#9358,#9359,#9360));
#2578=EDGE_LOOP('',(#9361,#9362,#9363,#9364));
#2579=EDGE_LOOP('',(#9365,#9366,#9367,#9368));
#2580=EDGE_LOOP('',(#9369,#9370,#9371,#9372));
#2581=EDGE_LOOP('',(#9373,#9374,#9375,#9376));
#2582=EDGE_LOOP('',(#9377,#9378,#9379,#9380));
#2583=EDGE_LOOP('',(#9381,#9382,#9383,#9384));
#2584=EDGE_LOOP('',(#9385,#9386,#9387,#9388));
#2585=EDGE_LOOP('',(#9389,#9390,#9391,#9392));
#2586=EDGE_LOOP('',(#9393,#9394,#9395,#9396));
#2587=EDGE_LOOP('',(#9397,#9398,#9399,#9400));
#2588=EDGE_LOOP('',(#9401,#9402,#9403,#9404));
#2589=EDGE_LOOP('',(#9405,#9406,#9407,#9408));
#2590=EDGE_LOOP('',(#9409,#9410,#9411,#9412));
#2591=EDGE_LOOP('',(#9413,#9414,#9415,#9416,#9417,#9418,#9419,#9420,#9421,
#9422,#9423,#9424));
#2592=EDGE_LOOP('',(#9425,#9426,#9427,#9428,#9429,#9430,#9431,#9432,#9433,
#9434,#9435,#9436));
#2593=EDGE_LOOP('',(#9437,#9438,#9439,#9440));
#2594=EDGE_LOOP('',(#9441,#9442,#9443,#9444));
#2595=EDGE_LOOP('',(#9445,#9446,#9447,#9448));
#2596=EDGE_LOOP('',(#9449,#9450,#9451,#9452));
#2597=EDGE_LOOP('',(#9453,#9454,#9455,#9456));
#2598=EDGE_LOOP('',(#9457,#9458,#9459,#9460));
#2599=EDGE_LOOP('',(#9461,#9462,#9463,#9464));
#2600=EDGE_LOOP('',(#9465,#9466,#9467,#9468));
#2601=EDGE_LOOP('',(#9469,#9470,#9471,#9472));
#2602=EDGE_LOOP('',(#9473,#9474,#9475,#9476));
#2603=EDGE_LOOP('',(#9477,#9478,#9479,#9480));
#2604=EDGE_LOOP('',(#9481,#9482,#9483,#9484));
#2605=EDGE_LOOP('',(#9485,#9486,#9487,#9488,#9489,#9490,#9491,#9492,#9493,
#9494,#9495,#9496));
#2606=EDGE_LOOP('',(#9497,#9498,#9499,#9500,#9501,#9502,#9503,#9504,#9505,
#9506,#9507,#9508));
#2607=EDGE_LOOP('',(#9509,#9510,#9511,#9512));
#2608=EDGE_LOOP('',(#9513,#9514,#9515,#9516));
#2609=EDGE_LOOP('',(#9517,#9518,#9519,#9520));
#2610=EDGE_LOOP('',(#9521,#9522,#9523,#9524));
#2611=EDGE_LOOP('',(#9525,#9526,#9527,#9528));
#2612=EDGE_LOOP('',(#9529,#9530,#9531,#9532));
#2613=EDGE_LOOP('',(#9533,#9534,#9535,#9536));
#2614=EDGE_LOOP('',(#9537,#9538,#9539,#9540));
#2615=EDGE_LOOP('',(#9541,#9542,#9543,#9544));
#2616=EDGE_LOOP('',(#9545,#9546,#9547,#9548));
#2617=EDGE_LOOP('',(#9549,#9550,#9551,#9552));
#2618=EDGE_LOOP('',(#9553,#9554,#9555,#9556));
#2619=EDGE_LOOP('',(#9557,#9558,#9559,#9560,#9561,#9562,#9563,#9564,#9565,
#9566,#9567,#9568));
#2620=EDGE_LOOP('',(#9569,#9570,#9571,#9572,#9573,#9574,#9575,#9576,#9577,
#9578,#9579,#9580));
#2621=EDGE_LOOP('',(#9581,#9582,#9583,#9584));
#2622=EDGE_LOOP('',(#9585,#9586,#9587,#9588));
#2623=EDGE_LOOP('',(#9589,#9590,#9591,#9592));
#2624=EDGE_LOOP('',(#9593,#9594,#9595,#9596));
#2625=EDGE_LOOP('',(#9597,#9598,#9599,#9600));
#2626=EDGE_LOOP('',(#9601,#9602,#9603,#9604));
#2627=EDGE_LOOP('',(#9605,#9606,#9607,#9608));
#2628=EDGE_LOOP('',(#9609,#9610,#9611,#9612));
#2629=EDGE_LOOP('',(#9613,#9614,#9615,#9616));
#2630=EDGE_LOOP('',(#9617,#9618,#9619,#9620));
#2631=EDGE_LOOP('',(#9621,#9622,#9623,#9624));
#2632=EDGE_LOOP('',(#9625,#9626,#9627,#9628));
#2633=EDGE_LOOP('',(#9629,#9630,#9631,#9632,#9633,#9634,#9635,#9636,#9637,
#9638,#9639,#9640));
#2634=EDGE_LOOP('',(#9641,#9642,#9643,#9644,#9645,#9646,#9647,#9648,#9649,
#9650,#9651,#9652));
#2635=EDGE_LOOP('',(#9653,#9654,#9655,#9656));
#2636=EDGE_LOOP('',(#9657,#9658,#9659,#9660));
#2637=EDGE_LOOP('',(#9661,#9662,#9663,#9664));
#2638=EDGE_LOOP('',(#9665,#9666,#9667,#9668));
#2639=EDGE_LOOP('',(#9669,#9670,#9671,#9672));
#2640=EDGE_LOOP('',(#9673,#9674,#9675,#9676));
#2641=EDGE_LOOP('',(#9677,#9678,#9679,#9680));
#2642=EDGE_LOOP('',(#9681,#9682,#9683,#9684));
#2643=EDGE_LOOP('',(#9685,#9686,#9687,#9688));
#2644=EDGE_LOOP('',(#9689,#9690,#9691,#9692));
#2645=EDGE_LOOP('',(#9693,#9694,#9695,#9696));
#2646=EDGE_LOOP('',(#9697,#9698,#9699,#9700));
#2647=EDGE_LOOP('',(#9701,#9702,#9703,#9704,#9705,#9706,#9707,#9708,#9709,
#9710,#9711,#9712));
#2648=EDGE_LOOP('',(#9713,#9714,#9715,#9716,#9717,#9718,#9719,#9720,#9721,
#9722,#9723,#9724));
#2649=EDGE_LOOP('',(#9725,#9726,#9727,#9728));
#2650=EDGE_LOOP('',(#9729,#9730,#9731,#9732));
#2651=EDGE_LOOP('',(#9733,#9734,#9735,#9736));
#2652=EDGE_LOOP('',(#9737,#9738,#9739,#9740));
#2653=EDGE_LOOP('',(#9741,#9742,#9743,#9744));
#2654=EDGE_LOOP('',(#9745,#9746,#9747,#9748));
#2655=EDGE_LOOP('',(#9749,#9750,#9751,#9752));
#2656=EDGE_LOOP('',(#9753,#9754,#9755,#9756));
#2657=EDGE_LOOP('',(#9757,#9758,#9759,#9760));
#2658=EDGE_LOOP('',(#9761,#9762,#9763,#9764));
#2659=EDGE_LOOP('',(#9765,#9766,#9767,#9768));
#2660=EDGE_LOOP('',(#9769,#9770,#9771,#9772));
#2661=EDGE_LOOP('',(#9773,#9774,#9775,#9776,#9777,#9778,#9779,#9780,#9781,
#9782,#9783,#9784));
#2662=EDGE_LOOP('',(#9785,#9786,#9787,#9788,#9789,#9790,#9791,#9792,#9793,
#9794,#9795,#9796));
#2663=EDGE_LOOP('',(#9797,#9798,#9799,#9800));
#2664=EDGE_LOOP('',(#9801,#9802,#9803,#9804));
#2665=EDGE_LOOP('',(#9805,#9806,#9807,#9808));
#2666=EDGE_LOOP('',(#9809,#9810,#9811,#9812));
#2667=EDGE_LOOP('',(#9813,#9814,#9815,#9816));
#2668=EDGE_LOOP('',(#9817,#9818,#9819,#9820));
#2669=EDGE_LOOP('',(#9821,#9822,#9823,#9824));
#2670=EDGE_LOOP('',(#9825,#9826,#9827,#9828));
#2671=EDGE_LOOP('',(#9829,#9830,#9831,#9832));
#2672=EDGE_LOOP('',(#9833,#9834,#9835,#9836));
#2673=EDGE_LOOP('',(#9837,#9838,#9839,#9840));
#2674=EDGE_LOOP('',(#9841,#9842,#9843,#9844));
#2675=EDGE_LOOP('',(#9845));
#2676=EDGE_LOOP('',(#9846));
#2677=EDGE_LOOP('',(#9847));
#2678=EDGE_LOOP('',(#9848));
#2679=EDGE_LOOP('',(#9849,#9850,#9851,#9852));
#2680=EDGE_LOOP('',(#9853,#9854,#9855,#9856));
#2681=EDGE_LOOP('',(#9857));
#2682=EDGE_LOOP('',(#9858));
#2683=EDGE_LOOP('',(#9859));
#2684=EDGE_LOOP('',(#9860));
#2685=EDGE_LOOP('',(#9861,#9862,#9863,#9864));
#2686=EDGE_LOOP('',(#9865,#9866,#9867,#9868));
#2687=EDGE_LOOP('',(#9869));
#2688=EDGE_LOOP('',(#9870));
#2689=EDGE_LOOP('',(#9871));
#2690=EDGE_LOOP('',(#9872));
#2691=EDGE_LOOP('',(#9873,#9874,#9875,#9876));
#2692=EDGE_LOOP('',(#9877,#9878,#9879,#9880));
#2693=EDGE_LOOP('',(#9881));
#2694=EDGE_LOOP('',(#9882));
#2695=EDGE_LOOP('',(#9883));
#2696=EDGE_LOOP('',(#9884));
#2697=EDGE_LOOP('',(#9885,#9886,#9887,#9888));
#2698=EDGE_LOOP('',(#9889,#9890,#9891,#9892));
#2699=EDGE_LOOP('',(#9893));
#2700=EDGE_LOOP('',(#9894));
#2701=EDGE_LOOP('',(#9895));
#2702=EDGE_LOOP('',(#9896));
#2703=EDGE_LOOP('',(#9897,#9898,#9899,#9900));
#2704=EDGE_LOOP('',(#9901,#9902,#9903,#9904));
#2705=EDGE_LOOP('',(#9905));
#2706=EDGE_LOOP('',(#9906));
#2707=EDGE_LOOP('',(#9907));
#2708=EDGE_LOOP('',(#9908));
#2709=EDGE_LOOP('',(#9909,#9910,#9911,#9912));
#2710=EDGE_LOOP('',(#9913,#9914,#9915,#9916));
#2711=EDGE_LOOP('',(#9917));
#2712=EDGE_LOOP('',(#9918));
#2713=EDGE_LOOP('',(#9919));
#2714=EDGE_LOOP('',(#9920));
#2715=EDGE_LOOP('',(#9921,#9922,#9923,#9924));
#2716=EDGE_LOOP('',(#9925,#9926,#9927,#9928));
#2717=EDGE_LOOP('',(#9929));
#2718=EDGE_LOOP('',(#9930));
#2719=EDGE_LOOP('',(#9931));
#2720=EDGE_LOOP('',(#9932));
#2721=EDGE_LOOP('',(#9933,#9934,#9935,#9936));
#2722=EDGE_LOOP('',(#9937,#9938,#9939,#9940));
#2723=EDGE_LOOP('',(#9941));
#2724=EDGE_LOOP('',(#9942));
#2725=EDGE_LOOP('',(#9943));
#2726=EDGE_LOOP('',(#9944));
#2727=EDGE_LOOP('',(#9945,#9946,#9947,#9948));
#2728=EDGE_LOOP('',(#9949,#9950,#9951,#9952));
#2729=EDGE_LOOP('',(#9953));
#2730=EDGE_LOOP('',(#9954));
#2731=EDGE_LOOP('',(#9955));
#2732=EDGE_LOOP('',(#9956));
#2733=EDGE_LOOP('',(#9957,#9958,#9959,#9960));
#2734=EDGE_LOOP('',(#9961,#9962,#9963,#9964));
#2735=EDGE_LOOP('',(#9965));
#2736=EDGE_LOOP('',(#9966));
#2737=EDGE_LOOP('',(#9967));
#2738=EDGE_LOOP('',(#9968));
#2739=EDGE_LOOP('',(#9969,#9970,#9971,#9972));
#2740=EDGE_LOOP('',(#9973,#9974,#9975,#9976));
#2741=EDGE_LOOP('',(#9977));
#2742=EDGE_LOOP('',(#9978));
#2743=EDGE_LOOP('',(#9979));
#2744=EDGE_LOOP('',(#9980));
#2745=EDGE_LOOP('',(#9981,#9982,#9983,#9984));
#2746=EDGE_LOOP('',(#9985,#9986,#9987,#9988));
#2747=EDGE_LOOP('',(#9989));
#2748=EDGE_LOOP('',(#9990));
#2749=EDGE_LOOP('',(#9991));
#2750=EDGE_LOOP('',(#9992));
#2751=EDGE_LOOP('',(#9993,#9994,#9995,#9996));
#2752=EDGE_LOOP('',(#9997,#9998,#9999,#10000));
#2753=EDGE_LOOP('',(#10001));
#2754=EDGE_LOOP('',(#10002));
#2755=EDGE_LOOP('',(#10003));
#2756=EDGE_LOOP('',(#10004));
#2757=EDGE_LOOP('',(#10005,#10006,#10007,#10008));
#2758=EDGE_LOOP('',(#10009));
#2759=EDGE_LOOP('',(#10010));
#2760=EDGE_LOOP('',(#10011,#10012,#10013,#10014));
#2761=EDGE_LOOP('',(#10015));
#2762=EDGE_LOOP('',(#10016));
#2763=EDGE_LOOP('',(#10017,#10018,#10019,#10020));
#2764=EDGE_LOOP('',(#10021,#10022,#10023,#10024));
#2765=EDGE_LOOP('',(#10025));
#2766=EDGE_LOOP('',(#10026));
#2767=EDGE_LOOP('',(#10027));
#2768=EDGE_LOOP('',(#10028));
#2769=EDGE_LOOP('',(#10029,#10030,#10031,#10032));
#2770=EDGE_LOOP('',(#10033,#10034,#10035,#10036));
#2771=EDGE_LOOP('',(#10037));
#2772=EDGE_LOOP('',(#10038));
#2773=EDGE_LOOP('',(#10039));
#2774=EDGE_LOOP('',(#10040));
#2775=EDGE_LOOP('',(#10041,#10042,#10043,#10044));
#2776=EDGE_LOOP('',(#10045,#10046,#10047,#10048));
#2777=EDGE_LOOP('',(#10049));
#2778=EDGE_LOOP('',(#10050));
#2779=EDGE_LOOP('',(#10051));
#2780=EDGE_LOOP('',(#10052));
#2781=EDGE_LOOP('',(#10053,#10054,#10055,#10056));
#2782=EDGE_LOOP('',(#10057,#10058,#10059,#10060));
#2783=EDGE_LOOP('',(#10061));
#2784=EDGE_LOOP('',(#10062));
#2785=EDGE_LOOP('',(#10063));
#2786=EDGE_LOOP('',(#10064));
#2787=EDGE_LOOP('',(#10065,#10066,#10067,#10068));
#2788=EDGE_LOOP('',(#10069,#10070,#10071,#10072));
#2789=EDGE_LOOP('',(#10073));
#2790=EDGE_LOOP('',(#10074));
#2791=EDGE_LOOP('',(#10075));
#2792=EDGE_LOOP('',(#10076));
#2793=EDGE_LOOP('',(#10077,#10078,#10079,#10080));
#2794=EDGE_LOOP('',(#10081,#10082,#10083,#10084));
#2795=EDGE_LOOP('',(#10085));
#2796=EDGE_LOOP('',(#10086));
#2797=EDGE_LOOP('',(#10087));
#2798=EDGE_LOOP('',(#10088));
#2799=EDGE_LOOP('',(#10089,#10090,#10091,#10092));
#2800=EDGE_LOOP('',(#10093,#10094,#10095,#10096));
#2801=EDGE_LOOP('',(#10097));
#2802=EDGE_LOOP('',(#10098));
#2803=EDGE_LOOP('',(#10099));
#2804=EDGE_LOOP('',(#10100));
#2805=EDGE_LOOP('',(#10101,#10102,#10103,#10104));
#2806=EDGE_LOOP('',(#10105,#10106,#10107,#10108));
#2807=EDGE_LOOP('',(#10109));
#2808=EDGE_LOOP('',(#10110));
#2809=EDGE_LOOP('',(#10111));
#2810=EDGE_LOOP('',(#10112));
#2811=EDGE_LOOP('',(#10113,#10114,#10115,#10116));
#2812=EDGE_LOOP('',(#10117,#10118,#10119,#10120));
#2813=EDGE_LOOP('',(#10121));
#2814=EDGE_LOOP('',(#10122));
#2815=EDGE_LOOP('',(#10123));
#2816=EDGE_LOOP('',(#10124));
#2817=EDGE_LOOP('',(#10125,#10126,#10127,#10128));
#2818=EDGE_LOOP('',(#10129,#10130,#10131,#10132));
#2819=EDGE_LOOP('',(#10133));
#2820=EDGE_LOOP('',(#10134));
#2821=EDGE_LOOP('',(#10135));
#2822=EDGE_LOOP('',(#10136));
#2823=EDGE_LOOP('',(#10137,#10138,#10139,#10140));
#2824=EDGE_LOOP('',(#10141,#10142,#10143,#10144));
#2825=EDGE_LOOP('',(#10145));
#2826=EDGE_LOOP('',(#10146));
#2827=EDGE_LOOP('',(#10147));
#2828=EDGE_LOOP('',(#10148));
#2829=EDGE_LOOP('',(#10149,#10150,#10151,#10152));
#2830=EDGE_LOOP('',(#10153,#10154,#10155,#10156));
#2831=EDGE_LOOP('',(#10157));
#2832=EDGE_LOOP('',(#10158));
#2833=EDGE_LOOP('',(#10159));
#2834=EDGE_LOOP('',(#10160));
#2835=EDGE_LOOP('',(#10161,#10162,#10163,#10164));
#2836=EDGE_LOOP('',(#10165,#10166,#10167,#10168));
#2837=EDGE_LOOP('',(#10169));
#2838=EDGE_LOOP('',(#10170));
#2839=EDGE_LOOP('',(#10171));
#2840=EDGE_LOOP('',(#10172));
#2841=EDGE_LOOP('',(#10173,#10174,#10175,#10176));
#2842=EDGE_LOOP('',(#10177,#10178,#10179,#10180));
#2843=EDGE_LOOP('',(#10181));
#2844=EDGE_LOOP('',(#10182));
#2845=EDGE_LOOP('',(#10183));
#2846=EDGE_LOOP('',(#10184));
#2847=EDGE_LOOP('',(#10185,#10186,#10187,#10188));
#2848=EDGE_LOOP('',(#10189,#10190,#10191,#10192));
#2849=EDGE_LOOP('',(#10193,#10194,#10195,#10196,#10197,#10198));
#2850=EDGE_LOOP('',(#10199,#10200,#10201,#10202));
#2851=EDGE_LOOP('',(#10203,#10204,#10205,#10206,#10207));
#2852=EDGE_LOOP('',(#10208,#10209,#10210,#10211));
#2853=EDGE_LOOP('',(#10212,#10213,#10214,#10215,#10216));
#2854=EDGE_LOOP('',(#10217,#10218,#10219,#10220));
#2855=EDGE_LOOP('',(#10221));
#2856=EDGE_LOOP('',(#10222,#10223,#10224,#10225));
#2857=EDGE_LOOP('',(#10226,#10227,#10228,#10229));
#2858=EDGE_LOOP('',(#10230,#10231,#10232,#10233));
#2859=EDGE_LOOP('',(#10234,#10235,#10236,#10237));
#2860=EDGE_LOOP('',(#10238));
#2861=EDGE_LOOP('',(#10239,#10240,#10241,#10242));
#2862=EDGE_LOOP('',(#10243,#10244,#10245,#10246));
#2863=EDGE_LOOP('',(#10247,#10248,#10249,#10250));
#2864=EDGE_LOOP('',(#10251,#10252,#10253,#10254));
#2865=EDGE_LOOP('',(#10255,#10256,#10257,#10258));
#2866=EDGE_LOOP('',(#10259,#10260,#10261));
#2867=EDGE_LOOP('',(#10262,#10263,#10264));
#2868=EDGE_LOOP('',(#10265,#10266,#10267));
#2869=EDGE_LOOP('',(#10268,#10269,#10270));
#2870=EDGE_LOOP('',(#10271,#10272,#10273,#10274));
#2871=EDGE_LOOP('',(#10275,#10276,#10277,#10278));
#2872=EDGE_LOOP('',(#10279,#10280,#10281,#10282));
#2873=EDGE_LOOP('',(#10283,#10284,#10285,#10286));
#2874=EDGE_LOOP('',(#10287,#10288,#10289,#10290));
#2875=EDGE_LOOP('',(#10291,#10292,#10293,#10294));
#2876=EDGE_LOOP('',(#10295,#10296,#10297,#10298));
#2877=EDGE_LOOP('',(#10299,#10300,#10301));
#2878=EDGE_LOOP('',(#10302,#10303,#10304));
#2879=EDGE_LOOP('',(#10305,#10306,#10307));
#2880=EDGE_LOOP('',(#10308,#10309,#10310));
#2881=EDGE_LOOP('',(#10311,#10312,#10313,#10314));
#2882=EDGE_LOOP('',(#10315,#10316,#10317,#10318));
#2883=EDGE_LOOP('',(#10319,#10320,#10321,#10322));
#2884=EDGE_LOOP('',(#10323,#10324,#10325,#10326));
#2885=EDGE_LOOP('',(#10327,#10328,#10329,#10330));
#2886=EDGE_LOOP('',(#10331,#10332,#10333,#10334));
#2887=EDGE_LOOP('',(#10335,#10336,#10337,#10338));
#2888=EDGE_LOOP('',(#10339,#10340,#10341,#10342));
#2889=EDGE_LOOP('',(#10343,#10344,#10345,#10346));
#2890=EDGE_LOOP('',(#10347,#10348,#10349,#10350));
#2891=EDGE_LOOP('',(#10351,#10352,#10353,#10354));
#2892=EDGE_LOOP('',(#10355,#10356,#10357,#10358));
#2893=EDGE_LOOP('',(#10359,#10360,#10361,#10362));
#2894=EDGE_LOOP('',(#10363,#10364,#10365,#10366));
#2895=EDGE_LOOP('',(#10367,#10368,#10369,#10370));
#2896=EDGE_LOOP('',(#10371,#10372,#10373,#10374));
#2897=EDGE_LOOP('',(#10375,#10376,#10377,#10378));
#2898=EDGE_LOOP('',(#10379,#10380,#10381,#10382));
#2899=EDGE_LOOP('',(#10383,#10384,#10385,#10386));
#2900=EDGE_LOOP('',(#10387,#10388,#10389,#10390));
#2901=EDGE_LOOP('',(#10391,#10392,#10393,#10394));
#2902=EDGE_LOOP('',(#10395,#10396,#10397,#10398));
#2903=EDGE_LOOP('',(#10399,#10400,#10401,#10402));
#2904=EDGE_LOOP('',(#10403,#10404,#10405,#10406));
#2905=EDGE_LOOP('',(#10407,#10408,#10409,#10410));
#2906=EDGE_LOOP('',(#10411,#10412,#10413,#10414));
#2907=EDGE_LOOP('',(#10415,#10416,#10417,#10418));
#2908=EDGE_LOOP('',(#10419,#10420,#10421,#10422));
#2909=EDGE_LOOP('',(#10423,#10424,#10425,#10426));
#2910=EDGE_LOOP('',(#10427,#10428,#10429,#10430));
#2911=EDGE_LOOP('',(#10431,#10432,#10433,#10434));
#2912=EDGE_LOOP('',(#10435,#10436,#10437,#10438));
#2913=EDGE_LOOP('',(#10439,#10440,#10441,#10442));
#2914=EDGE_LOOP('',(#10443,#10444,#10445,#10446));
#2915=EDGE_LOOP('',(#10447,#10448,#10449,#10450));
#2916=EDGE_LOOP('',(#10451,#10452,#10453,#10454));
#2917=EDGE_LOOP('',(#10455,#10456,#10457,#10458));
#2918=EDGE_LOOP('',(#10459,#10460,#10461,#10462));
#2919=EDGE_LOOP('',(#10463,#10464,#10465,#10466));
#2920=EDGE_LOOP('',(#10467,#10468,#10469,#10470));
#2921=EDGE_LOOP('',(#10471,#10472,#10473,#10474));
#2922=EDGE_LOOP('',(#10475,#10476,#10477,#10478));
#2923=EDGE_LOOP('',(#10479,#10480,#10481,#10482));
#2924=EDGE_LOOP('',(#10483,#10484,#10485,#10486));
#2925=EDGE_LOOP('',(#10487,#10488,#10489,#10490));
#2926=EDGE_LOOP('',(#10491,#10492,#10493,#10494));
#2927=EDGE_LOOP('',(#10495,#10496,#10497,#10498));
#2928=EDGE_LOOP('',(#10499,#10500,#10501,#10502));
#2929=EDGE_LOOP('',(#10503,#10504,#10505,#10506));
#2930=EDGE_LOOP('',(#10507,#10508,#10509,#10510));
#2931=EDGE_LOOP('',(#10511,#10512,#10513,#10514));
#2932=EDGE_LOOP('',(#10515,#10516,#10517,#10518));
#2933=EDGE_LOOP('',(#10519,#10520,#10521,#10522));
#2934=EDGE_LOOP('',(#10523,#10524,#10525,#10526));
#2935=EDGE_LOOP('',(#10527,#10528,#10529,#10530));
#2936=EDGE_LOOP('',(#10531,#10532,#10533,#10534));
#2937=EDGE_LOOP('',(#10535,#10536,#10537,#10538));
#2938=EDGE_LOOP('',(#10539,#10540,#10541,#10542));
#2939=EDGE_LOOP('',(#10543,#10544,#10545,#10546));
#2940=EDGE_LOOP('',(#10547,#10548,#10549,#10550));
#2941=EDGE_LOOP('',(#10551,#10552,#10553,#10554));
#2942=EDGE_LOOP('',(#10555,#10556,#10557,#10558));
#2943=EDGE_LOOP('',(#10559,#10560,#10561,#10562));
#2944=EDGE_LOOP('',(#10563,#10564,#10565,#10566));
#2945=EDGE_LOOP('',(#10567,#10568,#10569,#10570));
#2946=EDGE_LOOP('',(#10571,#10572,#10573,#10574));
#2947=EDGE_LOOP('',(#10575,#10576,#10577,#10578));
#2948=EDGE_LOOP('',(#10579,#10580,#10581,#10582));
#2949=EDGE_LOOP('',(#10583,#10584,#10585,#10586));
#2950=EDGE_LOOP('',(#10587,#10588,#10589,#10590));
#2951=EDGE_LOOP('',(#10591,#10592,#10593,#10594));
#2952=EDGE_LOOP('',(#10595,#10596,#10597,#10598));
#2953=EDGE_LOOP('',(#10599,#10600,#10601,#10602));
#2954=EDGE_LOOP('',(#10603,#10604,#10605,#10606));
#2955=EDGE_LOOP('',(#10607,#10608,#10609,#10610));
#2956=EDGE_LOOP('',(#10611,#10612,#10613,#10614));
#2957=EDGE_LOOP('',(#10615,#10616,#10617,#10618));
#2958=EDGE_LOOP('',(#10619,#10620,#10621,#10622));
#2959=EDGE_LOOP('',(#10623,#10624,#10625,#10626));
#2960=EDGE_LOOP('',(#10627,#10628,#10629,#10630));
#2961=EDGE_LOOP('',(#10631,#10632,#10633,#10634));
#2962=EDGE_LOOP('',(#10635,#10636,#10637,#10638));
#2963=EDGE_LOOP('',(#10639,#10640,#10641,#10642));
#2964=EDGE_LOOP('',(#10643,#10644,#10645,#10646));
#2965=EDGE_LOOP('',(#10647,#10648,#10649,#10650));
#2966=EDGE_LOOP('',(#10651,#10652,#10653,#10654));
#2967=EDGE_LOOP('',(#10655,#10656,#10657,#10658));
#2968=EDGE_LOOP('',(#10659,#10660,#10661,#10662));
#2969=EDGE_LOOP('',(#10663,#10664,#10665,#10666));
#2970=EDGE_LOOP('',(#10667,#10668,#10669,#10670));
#2971=EDGE_LOOP('',(#10671,#10672,#10673,#10674));
#2972=EDGE_LOOP('',(#10675,#10676,#10677,#10678));
#2973=EDGE_LOOP('',(#10679,#10680,#10681,#10682));
#2974=EDGE_LOOP('',(#10683,#10684,#10685,#10686));
#2975=EDGE_LOOP('',(#10687,#10688,#10689,#10690));
#2976=EDGE_LOOP('',(#10691,#10692,#10693,#10694));
#2977=EDGE_LOOP('',(#10695,#10696,#10697,#10698));
#2978=EDGE_LOOP('',(#10699,#10700,#10701,#10702));
#2979=EDGE_LOOP('',(#10703,#10704,#10705,#10706));
#2980=EDGE_LOOP('',(#10707,#10708,#10709,#10710));
#2981=EDGE_LOOP('',(#10711,#10712,#10713,#10714));
#2982=EDGE_LOOP('',(#10715,#10716,#10717,#10718));
#2983=EDGE_LOOP('',(#10719,#10720,#10721,#10722));
#2984=EDGE_LOOP('',(#10723,#10724,#10725,#10726));
#2985=EDGE_LOOP('',(#10727,#10728,#10729,#10730));
#2986=EDGE_LOOP('',(#10731,#10732,#10733,#10734));
#2987=EDGE_LOOP('',(#10735,#10736,#10737,#10738));
#2988=EDGE_LOOP('',(#10739,#10740,#10741,#10742));
#2989=EDGE_LOOP('',(#10743,#10744,#10745,#10746));
#2990=EDGE_LOOP('',(#10747,#10748,#10749,#10750));
#2991=EDGE_LOOP('',(#10751,#10752,#10753,#10754));
#2992=EDGE_LOOP('',(#10755,#10756,#10757,#10758));
#2993=EDGE_LOOP('',(#10759,#10760,#10761,#10762));
#2994=EDGE_LOOP('',(#10763,#10764,#10765,#10766));
#2995=EDGE_LOOP('',(#10767,#10768,#10769,#10770));
#2996=EDGE_LOOP('',(#10771,#10772,#10773,#10774));
#2997=EDGE_LOOP('',(#10775,#10776,#10777,#10778));
#2998=EDGE_LOOP('',(#10779,#10780,#10781,#10782));
#2999=EDGE_LOOP('',(#10783,#10784,#10785,#10786));
#3000=EDGE_LOOP('',(#10787,#10788,#10789,#10790));
#3001=EDGE_LOOP('',(#10791,#10792,#10793,#10794));
#3002=EDGE_LOOP('',(#10795,#10796,#10797,#10798));
#3003=EDGE_LOOP('',(#10799,#10800,#10801,#10802));
#3004=EDGE_LOOP('',(#10803,#10804,#10805,#10806));
#3005=EDGE_LOOP('',(#10807,#10808,#10809,#10810));
#3006=EDGE_LOOP('',(#10811,#10812,#10813,#10814));
#3007=EDGE_LOOP('',(#10815,#10816,#10817,#10818));
#3008=EDGE_LOOP('',(#10819,#10820,#10821,#10822));
#3009=EDGE_LOOP('',(#10823,#10824,#10825,#10826));
#3010=EDGE_LOOP('',(#10827,#10828,#10829,#10830));
#3011=EDGE_LOOP('',(#10831,#10832,#10833,#10834));
#3012=EDGE_LOOP('',(#10835,#10836,#10837,#10838));
#3013=EDGE_LOOP('',(#10839,#10840,#10841,#10842));
#3014=EDGE_LOOP('',(#10843,#10844,#10845,#10846));
#3015=EDGE_LOOP('',(#10847,#10848,#10849,#10850));
#3016=EDGE_LOOP('',(#10851,#10852,#10853,#10854));
#3017=EDGE_LOOP('',(#10855,#10856,#10857,#10858));
#3018=EDGE_LOOP('',(#10859,#10860,#10861,#10862));
#3019=EDGE_LOOP('',(#10863,#10864,#10865,#10866));
#3020=EDGE_LOOP('',(#10867,#10868,#10869,#10870));
#3021=EDGE_LOOP('',(#10871,#10872,#10873,#10874));
#3022=EDGE_LOOP('',(#10875,#10876,#10877,#10878));
#3023=EDGE_LOOP('',(#10879,#10880,#10881,#10882));
#3024=EDGE_LOOP('',(#10883,#10884,#10885,#10886));
#3025=EDGE_LOOP('',(#10887,#10888,#10889,#10890));
#3026=EDGE_LOOP('',(#10891,#10892,#10893,#10894));
#3027=EDGE_LOOP('',(#10895,#10896,#10897,#10898));
#3028=EDGE_LOOP('',(#10899,#10900,#10901,#10902));
#3029=EDGE_LOOP('',(#10903,#10904,#10905,#10906));
#3030=EDGE_LOOP('',(#10907,#10908,#10909,#10910));
#3031=EDGE_LOOP('',(#10911,#10912,#10913,#10914));
#3032=EDGE_LOOP('',(#10915,#10916,#10917,#10918));
#3033=EDGE_LOOP('',(#10919,#10920,#10921,#10922));
#3034=EDGE_LOOP('',(#10923,#10924,#10925,#10926));
#3035=EDGE_LOOP('',(#10927,#10928,#10929,#10930));
#3036=EDGE_LOOP('',(#10931,#10932,#10933,#10934));
#3037=EDGE_LOOP('',(#10935,#10936,#10937,#10938));
#3038=EDGE_LOOP('',(#10939,#10940,#10941,#10942));
#3039=EDGE_LOOP('',(#10943,#10944,#10945,#10946));
#3040=EDGE_LOOP('',(#10947,#10948,#10949,#10950));
#3041=EDGE_LOOP('',(#10951,#10952,#10953,#10954));
#3042=EDGE_LOOP('',(#10955,#10956,#10957,#10958));
#3043=EDGE_LOOP('',(#10959,#10960,#10961,#10962));
#3044=EDGE_LOOP('',(#10963,#10964,#10965,#10966));
#3045=EDGE_LOOP('',(#10967,#10968,#10969,#10970));
#3046=EDGE_LOOP('',(#10971,#10972,#10973,#10974));
#3047=EDGE_LOOP('',(#10975,#10976,#10977,#10978));
#3048=EDGE_LOOP('',(#10979,#10980,#10981,#10982));
#3049=EDGE_LOOP('',(#10983,#10984,#10985,#10986));
#3050=EDGE_LOOP('',(#10987,#10988,#10989,#10990));
#3051=EDGE_LOOP('',(#10991,#10992,#10993,#10994));
#3052=EDGE_LOOP('',(#10995,#10996,#10997,#10998));
#3053=EDGE_LOOP('',(#10999,#11000,#11001,#11002));
#3054=EDGE_LOOP('',(#11003,#11004,#11005,#11006));
#3055=EDGE_LOOP('',(#11007,#11008,#11009,#11010));
#3056=EDGE_LOOP('',(#11011,#11012,#11013,#11014));
#3057=EDGE_LOOP('',(#11015,#11016,#11017,#11018));
#3058=EDGE_LOOP('',(#11019,#11020,#11021,#11022));
#3059=EDGE_LOOP('',(#11023,#11024,#11025,#11026));
#3060=EDGE_LOOP('',(#11027,#11028,#11029,#11030));
#3061=EDGE_LOOP('',(#11031,#11032,#11033,#11034));
#3062=EDGE_LOOP('',(#11035,#11036,#11037,#11038));
#3063=EDGE_LOOP('',(#11039,#11040,#11041,#11042));
#3064=EDGE_LOOP('',(#11043,#11044,#11045,#11046));
#3065=EDGE_LOOP('',(#11047,#11048,#11049,#11050));
#3066=EDGE_LOOP('',(#11051,#11052,#11053,#11054));
#3067=EDGE_LOOP('',(#11055,#11056,#11057,#11058));
#3068=EDGE_LOOP('',(#11059,#11060,#11061,#11062));
#3069=EDGE_LOOP('',(#11063,#11064,#11065,#11066));
#3070=EDGE_LOOP('',(#11067,#11068,#11069,#11070));
#3071=EDGE_LOOP('',(#11071,#11072,#11073,#11074));
#3072=EDGE_LOOP('',(#11075,#11076,#11077,#11078));
#3073=EDGE_LOOP('',(#11079,#11080,#11081,#11082));
#3074=EDGE_LOOP('',(#11083,#11084,#11085,#11086));
#3075=EDGE_LOOP('',(#11087,#11088,#11089,#11090));
#3076=EDGE_LOOP('',(#11091,#11092,#11093,#11094));
#3077=EDGE_LOOP('',(#11095,#11096,#11097,#11098));
#3078=EDGE_LOOP('',(#11099,#11100,#11101,#11102));
#3079=EDGE_LOOP('',(#11103,#11104,#11105,#11106));
#3080=EDGE_LOOP('',(#11107,#11108,#11109,#11110));
#3081=EDGE_LOOP('',(#11111,#11112,#11113,#11114));
#3082=EDGE_LOOP('',(#11115,#11116,#11117,#11118));
#3083=EDGE_LOOP('',(#11119,#11120,#11121,#11122));
#3084=EDGE_LOOP('',(#11123,#11124,#11125,#11126));
#3085=EDGE_LOOP('',(#11127,#11128,#11129,#11130));
#3086=EDGE_LOOP('',(#11131,#11132,#11133,#11134));
#3087=EDGE_LOOP('',(#11135,#11136,#11137,#11138,#11139,#11140,#11141,#11142));
#3088=EDGE_LOOP('',(#11143));
#3089=EDGE_LOOP('',(#11144));
#3090=EDGE_LOOP('',(#11145));
#3091=EDGE_LOOP('',(#11146));
#3092=EDGE_LOOP('',(#11147));
#3093=EDGE_LOOP('',(#11148));
#3094=EDGE_LOOP('',(#11149));
#3095=EDGE_LOOP('',(#11150));
#3096=EDGE_LOOP('',(#11151));
#3097=EDGE_LOOP('',(#11152));
#3098=EDGE_LOOP('',(#11153));
#3099=EDGE_LOOP('',(#11154));
#3100=EDGE_LOOP('',(#11155));
#3101=EDGE_LOOP('',(#11156));
#3102=EDGE_LOOP('',(#11157));
#3103=EDGE_LOOP('',(#11158));
#3104=EDGE_LOOP('',(#11159));
#3105=EDGE_LOOP('',(#11160));
#3106=EDGE_LOOP('',(#11161));
#3107=EDGE_LOOP('',(#11162));
#3108=EDGE_LOOP('',(#11163));
#3109=EDGE_LOOP('',(#11164));
#3110=EDGE_LOOP('',(#11165));
#3111=EDGE_LOOP('',(#11166));
#3112=EDGE_LOOP('',(#11167));
#3113=EDGE_LOOP('',(#11168));
#3114=EDGE_LOOP('',(#11169));
#3115=EDGE_LOOP('',(#11170));
#3116=EDGE_LOOP('',(#11171,#11172,#11173,#11174));
#3117=EDGE_LOOP('',(#11175,#11176,#11177,#11178,#11179,#11180,#11181,#11182));
#3118=EDGE_LOOP('',(#11183));
#3119=EDGE_LOOP('',(#11184));
#3120=EDGE_LOOP('',(#11185));
#3121=EDGE_LOOP('',(#11186));
#3122=EDGE_LOOP('',(#11187));
#3123=EDGE_LOOP('',(#11188));
#3124=EDGE_LOOP('',(#11189));
#3125=EDGE_LOOP('',(#11190));
#3126=EDGE_LOOP('',(#11191));
#3127=EDGE_LOOP('',(#11192));
#3128=EDGE_LOOP('',(#11193));
#3129=EDGE_LOOP('',(#11194));
#3130=EDGE_LOOP('',(#11195));
#3131=EDGE_LOOP('',(#11196));
#3132=EDGE_LOOP('',(#11197));
#3133=EDGE_LOOP('',(#11198));
#3134=EDGE_LOOP('',(#11199));
#3135=EDGE_LOOP('',(#11200));
#3136=EDGE_LOOP('',(#11201));
#3137=EDGE_LOOP('',(#11202));
#3138=EDGE_LOOP('',(#11203));
#3139=EDGE_LOOP('',(#11204));
#3140=EDGE_LOOP('',(#11205));
#3141=EDGE_LOOP('',(#11206));
#3142=EDGE_LOOP('',(#11207));
#3143=EDGE_LOOP('',(#11208));
#3144=EDGE_LOOP('',(#11209));
#3145=EDGE_LOOP('',(#11210));
#3146=EDGE_LOOP('',(#11211,#11212,#11213,#11214));
#3147=EDGE_LOOP('',(#11215,#11216,#11217,#11218));
#3148=EDGE_LOOP('',(#11219,#11220,#11221,#11222));
#3149=EDGE_LOOP('',(#11223,#11224,#11225,#11226));
#3150=EDGE_LOOP('',(#11227,#11228,#11229,#11230));
#3151=EDGE_LOOP('',(#11231,#11232,#11233,#11234));
#3152=EDGE_LOOP('',(#11235,#11236,#11237,#11238));
#3153=EDGE_LOOP('',(#11239,#11240,#11241,#11242));
#3154=EDGE_LOOP('',(#11243,#11244,#11245,#11246));
#3155=EDGE_LOOP('',(#11247,#11248,#11249,#11250));
#3156=EDGE_LOOP('',(#11251,#11252,#11253,#11254));
#3157=EDGE_LOOP('',(#11255,#11256,#11257,#11258));
#3158=EDGE_LOOP('',(#11259,#11260,#11261,#11262));
#3159=EDGE_LOOP('',(#11263,#11264,#11265,#11266));
#3160=EDGE_LOOP('',(#11267,#11268,#11269,#11270));
#3161=EDGE_LOOP('',(#11271,#11272,#11273,#11274));
#3162=EDGE_LOOP('',(#11275,#11276,#11277,#11278));
#3163=EDGE_LOOP('',(#11279,#11280,#11281,#11282));
#3164=EDGE_LOOP('',(#11283,#11284,#11285,#11286));
#3165=EDGE_LOOP('',(#11287,#11288,#11289,#11290));
#3166=EDGE_LOOP('',(#11291,#11292,#11293,#11294));
#3167=EDGE_LOOP('',(#11295,#11296,#11297,#11298));
#3168=EDGE_LOOP('',(#11299,#11300,#11301,#11302));
#3169=EDGE_LOOP('',(#11303,#11304,#11305,#11306));
#3170=EDGE_LOOP('',(#11307,#11308,#11309,#11310));
#3171=EDGE_LOOP('',(#11311,#11312,#11313,#11314));
#3172=EDGE_LOOP('',(#11315,#11316,#11317,#11318));
#3173=EDGE_LOOP('',(#11319,#11320,#11321,#11322));
#3174=EDGE_LOOP('',(#11323,#11324,#11325,#11326));
#3175=LINE('',#17319,#4368);
#3176=LINE('',#17321,#4369);
#3177=LINE('',#17323,#4370);
#3178=LINE('',#17324,#4371);
#3179=LINE('',#17328,#4372);
#3180=LINE('',#17330,#4373);
#3181=LINE('',#17332,#4374);
#3182=LINE('',#17333,#4375);
#3183=LINE('',#17337,#4376);
#3184=LINE('',#17339,#4377);
#3185=LINE('',#17341,#4378);
#3186=LINE('',#17342,#4379);
#3187=LINE('',#17346,#4380);
#3188=LINE('',#17348,#4381);
#3189=LINE('',#17350,#4382);
#3190=LINE('',#17351,#4383);
#3191=LINE('',#17355,#4384);
#3192=LINE('',#17357,#4385);
#3193=LINE('',#17359,#4386);
#3194=LINE('',#17360,#4387);
#3195=LINE('',#17364,#4388);
#3196=LINE('',#17366,#4389);
#3197=LINE('',#17368,#4390);
#3198=LINE('',#17369,#4391);
#3199=LINE('',#17417,#4392);
#3200=LINE('',#17419,#4393);
#3201=LINE('',#17421,#4394);
#3202=LINE('',#17422,#4395);
#3203=LINE('',#17425,#4396);
#3204=LINE('',#17427,#4397);
#3205=LINE('',#17428,#4398);
#3206=LINE('',#17431,#4399);
#3207=LINE('',#17433,#4400);
#3208=LINE('',#17434,#4401);
#3209=LINE('',#17436,#4402);
#3210=LINE('',#17437,#4403);
#3211=LINE('',#17443,#4404);
#3212=LINE('',#17445,#4405);
#3213=LINE('',#17447,#4406);
#3214=LINE('',#17448,#4407);
#3215=LINE('',#17451,#4408);
#3216=LINE('',#17453,#4409);
#3217=LINE('',#17454,#4410);
#3218=LINE('',#17457,#4411);
#3219=LINE('',#17459,#4412);
#3220=LINE('',#17460,#4413);
#3221=LINE('',#17462,#4414);
#3222=LINE('',#17463,#4415);
#3223=LINE('',#17469,#4416);
#3224=LINE('',#17471,#4417);
#3225=LINE('',#17473,#4418);
#3226=LINE('',#17474,#4419);
#3227=LINE('',#17477,#4420);
#3228=LINE('',#17479,#4421);
#3229=LINE('',#17480,#4422);
#3230=LINE('',#17483,#4423);
#3231=LINE('',#17485,#4424);
#3232=LINE('',#17486,#4425);
#3233=LINE('',#17488,#4426);
#3234=LINE('',#17489,#4427);
#3235=LINE('',#17495,#4428);
#3236=LINE('',#17497,#4429);
#3237=LINE('',#17499,#4430);
#3238=LINE('',#17500,#4431);
#3239=LINE('',#17503,#4432);
#3240=LINE('',#17505,#4433);
#3241=LINE('',#17506,#4434);
#3242=LINE('',#17509,#4435);
#3243=LINE('',#17511,#4436);
#3244=LINE('',#17512,#4437);
#3245=LINE('',#17514,#4438);
#3246=LINE('',#17515,#4439);
#3247=LINE('',#17521,#4440);
#3248=LINE('',#17523,#4441);
#3249=LINE('',#17525,#4442);
#3250=LINE('',#17526,#4443);
#3251=LINE('',#17529,#4444);
#3252=LINE('',#17531,#4445);
#3253=LINE('',#17532,#4446);
#3254=LINE('',#17535,#4447);
#3255=LINE('',#17537,#4448);
#3256=LINE('',#17538,#4449);
#3257=LINE('',#17540,#4450);
#3258=LINE('',#17541,#4451);
#3259=LINE('',#17547,#4452);
#3260=LINE('',#17549,#4453);
#3261=LINE('',#17551,#4454);
#3262=LINE('',#17552,#4455);
#3263=LINE('',#17555,#4456);
#3264=LINE('',#17557,#4457);
#3265=LINE('',#17558,#4458);
#3266=LINE('',#17561,#4459);
#3267=LINE('',#17563,#4460);
#3268=LINE('',#17564,#4461);
#3269=LINE('',#17566,#4462);
#3270=LINE('',#17567,#4463);
#3271=LINE('',#17573,#4464);
#3272=LINE('',#17575,#4465);
#3273=LINE('',#17577,#4466);
#3274=LINE('',#17578,#4467);
#3275=LINE('',#17581,#4468);
#3276=LINE('',#17583,#4469);
#3277=LINE('',#17584,#4470);
#3278=LINE('',#17587,#4471);
#3279=LINE('',#17589,#4472);
#3280=LINE('',#17590,#4473);
#3281=LINE('',#17592,#4474);
#3282=LINE('',#17593,#4475);
#3283=LINE('',#17599,#4476);
#3284=LINE('',#17601,#4477);
#3285=LINE('',#17603,#4478);
#3286=LINE('',#17604,#4479);
#3287=LINE('',#17607,#4480);
#3288=LINE('',#17609,#4481);
#3289=LINE('',#17610,#4482);
#3290=LINE('',#17613,#4483);
#3291=LINE('',#17615,#4484);
#3292=LINE('',#17616,#4485);
#3293=LINE('',#17618,#4486);
#3294=LINE('',#17619,#4487);
#3295=LINE('',#17625,#4488);
#3296=LINE('',#17627,#4489);
#3297=LINE('',#17629,#4490);
#3298=LINE('',#17630,#4491);
#3299=LINE('',#17633,#4492);
#3300=LINE('',#17635,#4493);
#3301=LINE('',#17636,#4494);
#3302=LINE('',#17639,#4495);
#3303=LINE('',#17641,#4496);
#3304=LINE('',#17642,#4497);
#3305=LINE('',#17644,#4498);
#3306=LINE('',#17645,#4499);
#3307=LINE('',#17651,#4500);
#3308=LINE('',#17653,#4501);
#3309=LINE('',#17655,#4502);
#3310=LINE('',#17656,#4503);
#3311=LINE('',#17659,#4504);
#3312=LINE('',#17661,#4505);
#3313=LINE('',#17662,#4506);
#3314=LINE('',#17665,#4507);
#3315=LINE('',#17667,#4508);
#3316=LINE('',#17668,#4509);
#3317=LINE('',#17670,#4510);
#3318=LINE('',#17671,#4511);
#3319=LINE('',#17677,#4512);
#3320=LINE('',#17679,#4513);
#3321=LINE('',#17681,#4514);
#3322=LINE('',#17682,#4515);
#3323=LINE('',#17685,#4516);
#3324=LINE('',#17687,#4517);
#3325=LINE('',#17688,#4518);
#3326=LINE('',#17691,#4519);
#3327=LINE('',#17693,#4520);
#3328=LINE('',#17694,#4521);
#3329=LINE('',#17696,#4522);
#3330=LINE('',#17697,#4523);
#3331=LINE('',#17703,#4524);
#3332=LINE('',#17705,#4525);
#3333=LINE('',#17707,#4526);
#3334=LINE('',#17708,#4527);
#3335=LINE('',#17711,#4528);
#3336=LINE('',#17713,#4529);
#3337=LINE('',#17714,#4530);
#3338=LINE('',#17717,#4531);
#3339=LINE('',#17719,#4532);
#3340=LINE('',#17720,#4533);
#3341=LINE('',#17722,#4534);
#3342=LINE('',#17723,#4535);
#3343=LINE('',#17729,#4536);
#3344=LINE('',#17731,#4537);
#3345=LINE('',#17733,#4538);
#3346=LINE('',#17734,#4539);
#3347=LINE('',#17737,#4540);
#3348=LINE('',#17739,#4541);
#3349=LINE('',#17740,#4542);
#3350=LINE('',#17743,#4543);
#3351=LINE('',#17745,#4544);
#3352=LINE('',#17746,#4545);
#3353=LINE('',#17748,#4546);
#3354=LINE('',#17749,#4547);
#3355=LINE('',#17755,#4548);
#3356=LINE('',#17757,#4549);
#3357=LINE('',#17759,#4550);
#3358=LINE('',#17760,#4551);
#3359=LINE('',#17763,#4552);
#3360=LINE('',#17765,#4553);
#3361=LINE('',#17766,#4554);
#3362=LINE('',#17769,#4555);
#3363=LINE('',#17771,#4556);
#3364=LINE('',#17772,#4557);
#3365=LINE('',#17774,#4558);
#3366=LINE('',#17775,#4559);
#3367=LINE('',#17781,#4560);
#3368=LINE('',#17783,#4561);
#3369=LINE('',#17785,#4562);
#3370=LINE('',#17786,#4563);
#3371=LINE('',#17790,#4564);
#3372=LINE('',#17792,#4565);
#3373=LINE('',#17794,#4566);
#3374=LINE('',#17795,#4567);
#3375=LINE('',#17799,#4568);
#3376=LINE('',#17800,#4569);
#3377=LINE('',#17801,#4570);
#3378=LINE('',#17803,#4571);
#3379=LINE('',#17804,#4572);
#3380=LINE('',#17807,#4573);
#3381=LINE('',#17809,#4574);
#3382=LINE('',#17810,#4575);
#3383=LINE('',#17812,#4576);
#3384=LINE('',#17813,#4577);
#3385=LINE('',#17815,#4578);
#3386=LINE('',#17818,#4579);
#3387=LINE('',#17823,#4580);
#3388=LINE('',#17825,#4581);
#3389=LINE('',#17827,#4582);
#3390=LINE('',#17828,#4583);
#3391=LINE('',#17831,#4584);
#3392=LINE('',#17833,#4585);
#3393=LINE('',#17834,#4586);
#3394=LINE('',#17839,#4587);
#3395=LINE('',#17843,#4588);
#3396=LINE('',#17845,#4589);
#3397=LINE('',#17846,#4590);
#3398=LINE('',#17851,#4591);
#3399=LINE('',#17855,#4592);
#3400=LINE('',#17857,#4593);
#3401=LINE('',#17858,#4594);
#3402=LINE('',#17861,#4595);
#3403=LINE('',#17863,#4596);
#3404=LINE('',#17864,#4597);
#3405=LINE('',#17867,#4598);
#3406=LINE('',#17869,#4599);
#3407=LINE('',#17870,#4600);
#3408=LINE('',#17875,#4601);
#3409=LINE('',#17879,#4602);
#3410=LINE('',#17881,#4603);
#3411=LINE('',#17882,#4604);
#3412=LINE('',#17887,#4605);
#3413=LINE('',#17890,#4606);
#3414=LINE('',#17891,#4607);
#3415=LINE('',#17899,#4608);
#3416=LINE('',#17902,#4609);
#3417=LINE('',#17905,#4610);
#3418=LINE('',#17907,#4611);
#3419=LINE('',#17908,#4612);
#3420=LINE('',#17913,#4613);
#3421=LINE('',#17917,#4614);
#3422=LINE('',#17919,#4615);
#3423=LINE('',#17920,#4616);
#3424=LINE('',#17923,#4617);
#3425=LINE('',#17925,#4618);
#3426=LINE('',#17926,#4619);
#3427=LINE('',#17929,#4620);
#3428=LINE('',#17931,#4621);
#3429=LINE('',#17932,#4622);
#3430=LINE('',#17937,#4623);
#3431=LINE('',#17941,#4624);
#3432=LINE('',#17943,#4625);
#3433=LINE('',#17944,#4626);
#3434=LINE('',#17949,#4627);
#3435=LINE('',#17953,#4628);
#3436=LINE('',#17955,#4629);
#3437=LINE('',#17956,#4630);
#3438=LINE('',#17959,#4631);
#3439=LINE('',#17961,#4632);
#3440=LINE('',#17962,#4633);
#3441=LINE('',#17964,#4634);
#3442=LINE('',#17965,#4635);
#3443=LINE('',#17973,#4636);
#3444=LINE('',#17976,#4637);
#3445=LINE('',#17979,#4638);
#3446=LINE('',#17981,#4639);
#3447=LINE('',#17982,#4640);
#3448=LINE('',#17987,#4641);
#3449=LINE('',#17991,#4642);
#3450=LINE('',#17993,#4643);
#3451=LINE('',#17994,#4644);
#3452=LINE('',#17997,#4645);
#3453=LINE('',#17999,#4646);
#3454=LINE('',#18000,#4647);
#3455=LINE('',#18003,#4648);
#3456=LINE('',#18005,#4649);
#3457=LINE('',#18006,#4650);
#3458=LINE('',#18011,#4651);
#3459=LINE('',#18015,#4652);
#3460=LINE('',#18017,#4653);
#3461=LINE('',#18018,#4654);
#3462=LINE('',#18023,#4655);
#3463=LINE('',#18027,#4656);
#3464=LINE('',#18029,#4657);
#3465=LINE('',#18030,#4658);
#3466=LINE('',#18033,#4659);
#3467=LINE('',#18035,#4660);
#3468=LINE('',#18036,#4661);
#3469=LINE('',#18038,#4662);
#3470=LINE('',#18039,#4663);
#3471=LINE('',#18047,#4664);
#3472=LINE('',#18050,#4665);
#3473=LINE('',#18053,#4666);
#3474=LINE('',#18055,#4667);
#3475=LINE('',#18056,#4668);
#3476=LINE('',#18061,#4669);
#3477=LINE('',#18065,#4670);
#3478=LINE('',#18067,#4671);
#3479=LINE('',#18068,#4672);
#3480=LINE('',#18071,#4673);
#3481=LINE('',#18073,#4674);
#3482=LINE('',#18074,#4675);
#3483=LINE('',#18077,#4676);
#3484=LINE('',#18079,#4677);
#3485=LINE('',#18080,#4678);
#3486=LINE('',#18085,#4679);
#3487=LINE('',#18089,#4680);
#3488=LINE('',#18091,#4681);
#3489=LINE('',#18092,#4682);
#3490=LINE('',#18097,#4683);
#3491=LINE('',#18101,#4684);
#3492=LINE('',#18103,#4685);
#3493=LINE('',#18104,#4686);
#3494=LINE('',#18107,#4687);
#3495=LINE('',#18109,#4688);
#3496=LINE('',#18110,#4689);
#3497=LINE('',#18112,#4690);
#3498=LINE('',#18113,#4691);
#3499=LINE('',#18119,#4692);
#3500=LINE('',#18121,#4693);
#3501=LINE('',#18123,#4694);
#3502=LINE('',#18124,#4695);
#3503=LINE('',#18127,#4696);
#3504=LINE('',#18129,#4697);
#3505=LINE('',#18130,#4698);
#3506=LINE('',#18135,#4699);
#3507=LINE('',#18139,#4700);
#3508=LINE('',#18141,#4701);
#3509=LINE('',#18142,#4702);
#3510=LINE('',#18147,#4703);
#3511=LINE('',#18151,#4704);
#3512=LINE('',#18153,#4705);
#3513=LINE('',#18154,#4706);
#3514=LINE('',#18157,#4707);
#3515=LINE('',#18159,#4708);
#3516=LINE('',#18160,#4709);
#3517=LINE('',#18163,#4710);
#3518=LINE('',#18165,#4711);
#3519=LINE('',#18166,#4712);
#3520=LINE('',#18171,#4713);
#3521=LINE('',#18175,#4714);
#3522=LINE('',#18177,#4715);
#3523=LINE('',#18178,#4716);
#3524=LINE('',#18183,#4717);
#3525=LINE('',#18186,#4718);
#3526=LINE('',#18187,#4719);
#3527=LINE('',#18193,#4720);
#3528=LINE('',#18195,#4721);
#3529=LINE('',#18197,#4722);
#3530=LINE('',#18198,#4723);
#3531=LINE('',#18202,#4724);
#3532=LINE('',#18204,#4725);
#3533=LINE('',#18206,#4726);
#3534=LINE('',#18207,#4727);
#3535=LINE('',#18210,#4728);
#3536=LINE('',#18212,#4729);
#3537=LINE('',#18213,#4730);
#3538=LINE('',#18216,#4731);
#3539=LINE('',#18217,#4732);
#3540=LINE('',#18220,#4733);
#3541=LINE('',#18221,#4734);
#3542=LINE('',#18223,#4735);
#3543=LINE('',#18225,#4736);
#3544=LINE('',#18226,#4737);
#3545=LINE('',#18228,#4738);
#3546=LINE('',#18230,#4739);
#3547=LINE('',#18235,#4740);
#3548=LINE('',#18237,#4741);
#3549=LINE('',#18239,#4742);
#3550=LINE('',#18240,#4743);
#3551=LINE('',#18243,#4744);
#3552=LINE('',#18245,#4745);
#3553=LINE('',#18246,#4746);
#3554=LINE('',#18251,#4747);
#3555=LINE('',#18255,#4748);
#3556=LINE('',#18257,#4749);
#3557=LINE('',#18258,#4750);
#3558=LINE('',#18263,#4751);
#3559=LINE('',#18267,#4752);
#3560=LINE('',#18269,#4753);
#3561=LINE('',#18270,#4754);
#3562=LINE('',#18273,#4755);
#3563=LINE('',#18275,#4756);
#3564=LINE('',#18276,#4757);
#3565=LINE('',#18279,#4758);
#3566=LINE('',#18281,#4759);
#3567=LINE('',#18282,#4760);
#3568=LINE('',#18287,#4761);
#3569=LINE('',#18291,#4762);
#3570=LINE('',#18293,#4763);
#3571=LINE('',#18294,#4764);
#3572=LINE('',#18299,#4765);
#3573=LINE('',#18302,#4766);
#3574=LINE('',#18303,#4767);
#3575=LINE('',#18309,#4768);
#3576=LINE('',#18311,#4769);
#3577=LINE('',#18313,#4770);
#3578=LINE('',#18314,#4771);
#3579=LINE('',#18317,#4772);
#3580=LINE('',#18319,#4773);
#3581=LINE('',#18320,#4774);
#3582=LINE('',#18325,#4775);
#3583=LINE('',#18329,#4776);
#3584=LINE('',#18331,#4777);
#3585=LINE('',#18332,#4778);
#3586=LINE('',#18337,#4779);
#3587=LINE('',#18341,#4780);
#3588=LINE('',#18343,#4781);
#3589=LINE('',#18344,#4782);
#3590=LINE('',#18347,#4783);
#3591=LINE('',#18349,#4784);
#3592=LINE('',#18350,#4785);
#3593=LINE('',#18353,#4786);
#3594=LINE('',#18355,#4787);
#3595=LINE('',#18356,#4788);
#3596=LINE('',#18361,#4789);
#3597=LINE('',#18365,#4790);
#3598=LINE('',#18367,#4791);
#3599=LINE('',#18368,#4792);
#3600=LINE('',#18373,#4793);
#3601=LINE('',#18376,#4794);
#3602=LINE('',#18377,#4795);
#3603=LINE('',#18383,#4796);
#3604=LINE('',#18385,#4797);
#3605=LINE('',#18387,#4798);
#3606=LINE('',#18388,#4799);
#3607=LINE('',#18391,#4800);
#3608=LINE('',#18393,#4801);
#3609=LINE('',#18394,#4802);
#3610=LINE('',#18399,#4803);
#3611=LINE('',#18403,#4804);
#3612=LINE('',#18405,#4805);
#3613=LINE('',#18406,#4806);
#3614=LINE('',#18411,#4807);
#3615=LINE('',#18415,#4808);
#3616=LINE('',#18417,#4809);
#3617=LINE('',#18418,#4810);
#3618=LINE('',#18421,#4811);
#3619=LINE('',#18423,#4812);
#3620=LINE('',#18424,#4813);
#3621=LINE('',#18427,#4814);
#3622=LINE('',#18429,#4815);
#3623=LINE('',#18430,#4816);
#3624=LINE('',#18435,#4817);
#3625=LINE('',#18439,#4818);
#3626=LINE('',#18441,#4819);
#3627=LINE('',#18442,#4820);
#3628=LINE('',#18447,#4821);
#3629=LINE('',#18450,#4822);
#3630=LINE('',#18451,#4823);
#3631=LINE('',#18457,#4824);
#3632=LINE('',#18459,#4825);
#3633=LINE('',#18461,#4826);
#3634=LINE('',#18462,#4827);
#3635=LINE('',#18465,#4828);
#3636=LINE('',#18467,#4829);
#3637=LINE('',#18468,#4830);
#3638=LINE('',#18474,#4831);
#3639=LINE('',#18477,#4832);
#3640=LINE('',#18479,#4833);
#3641=LINE('',#18480,#4834);
#3642=LINE('',#18486,#4835);
#3643=LINE('',#18489,#4836);
#3644=LINE('',#18491,#4837);
#3645=LINE('',#18492,#4838);
#3646=LINE('',#18495,#4839);
#3647=LINE('',#18497,#4840);
#3648=LINE('',#18498,#4841);
#3649=LINE('',#18501,#4842);
#3650=LINE('',#18503,#4843);
#3651=LINE('',#18504,#4844);
#3652=LINE('',#18510,#4845);
#3653=LINE('',#18513,#4846);
#3654=LINE('',#18515,#4847);
#3655=LINE('',#18516,#4848);
#3656=LINE('',#18522,#4849);
#3657=LINE('',#18524,#4850);
#3658=LINE('',#18525,#4851);
#3659=LINE('',#18531,#4852);
#3660=LINE('',#18533,#4853);
#3661=LINE('',#18535,#4854);
#3662=LINE('',#18536,#4855);
#3663=LINE('',#18540,#4856);
#3664=LINE('',#18542,#4857);
#3665=LINE('',#18544,#4858);
#3666=LINE('',#18545,#4859);
#3667=LINE('',#18548,#4860);
#3668=LINE('',#18550,#4861);
#3669=LINE('',#18551,#4862);
#3670=LINE('',#18554,#4863);
#3671=LINE('',#18555,#4864);
#3672=LINE('',#18558,#4865);
#3673=LINE('',#18559,#4866);
#3674=LINE('',#18561,#4867);
#3675=LINE('',#18563,#4868);
#3676=LINE('',#18564,#4869);
#3677=LINE('',#18566,#4870);
#3678=LINE('',#18568,#4871);
#3679=LINE('',#18573,#4872);
#3680=LINE('',#18575,#4873);
#3681=LINE('',#18577,#4874);
#3682=LINE('',#18578,#4875);
#3683=LINE('',#18581,#4876);
#3684=LINE('',#18583,#4877);
#3685=LINE('',#18584,#4878);
#3686=LINE('',#18590,#4879);
#3687=LINE('',#18593,#4880);
#3688=LINE('',#18595,#4881);
#3689=LINE('',#18596,#4882);
#3690=LINE('',#18602,#4883);
#3691=LINE('',#18605,#4884);
#3692=LINE('',#18607,#4885);
#3693=LINE('',#18608,#4886);
#3694=LINE('',#18611,#4887);
#3695=LINE('',#18613,#4888);
#3696=LINE('',#18614,#4889);
#3697=LINE('',#18617,#4890);
#3698=LINE('',#18619,#4891);
#3699=LINE('',#18620,#4892);
#3700=LINE('',#18626,#4893);
#3701=LINE('',#18629,#4894);
#3702=LINE('',#18631,#4895);
#3703=LINE('',#18632,#4896);
#3704=LINE('',#18638,#4897);
#3705=LINE('',#18640,#4898);
#3706=LINE('',#18641,#4899);
#3707=LINE('',#18647,#4900);
#3708=LINE('',#18649,#4901);
#3709=LINE('',#18651,#4902);
#3710=LINE('',#18652,#4903);
#3711=LINE('',#18655,#4904);
#3712=LINE('',#18657,#4905);
#3713=LINE('',#18658,#4906);
#3714=LINE('',#18664,#4907);
#3715=LINE('',#18667,#4908);
#3716=LINE('',#18669,#4909);
#3717=LINE('',#18670,#4910);
#3718=LINE('',#18676,#4911);
#3719=LINE('',#18679,#4912);
#3720=LINE('',#18681,#4913);
#3721=LINE('',#18682,#4914);
#3722=LINE('',#18685,#4915);
#3723=LINE('',#18687,#4916);
#3724=LINE('',#18688,#4917);
#3725=LINE('',#18691,#4918);
#3726=LINE('',#18693,#4919);
#3727=LINE('',#18694,#4920);
#3728=LINE('',#18700,#4921);
#3729=LINE('',#18703,#4922);
#3730=LINE('',#18705,#4923);
#3731=LINE('',#18706,#4924);
#3732=LINE('',#18712,#4925);
#3733=LINE('',#18714,#4926);
#3734=LINE('',#18715,#4927);
#3735=LINE('',#18721,#4928);
#3736=LINE('',#18723,#4929);
#3737=LINE('',#18725,#4930);
#3738=LINE('',#18726,#4931);
#3739=LINE('',#18729,#4932);
#3740=LINE('',#18731,#4933);
#3741=LINE('',#18732,#4934);
#3742=LINE('',#18737,#4935);
#3743=LINE('',#18741,#4936);
#3744=LINE('',#18743,#4937);
#3745=LINE('',#18744,#4938);
#3746=LINE('',#18749,#4939);
#3747=LINE('',#18753,#4940);
#3748=LINE('',#18755,#4941);
#3749=LINE('',#18756,#4942);
#3750=LINE('',#18759,#4943);
#3751=LINE('',#18761,#4944);
#3752=LINE('',#18762,#4945);
#3753=LINE('',#18765,#4946);
#3754=LINE('',#18767,#4947);
#3755=LINE('',#18768,#4948);
#3756=LINE('',#18773,#4949);
#3757=LINE('',#18777,#4950);
#3758=LINE('',#18779,#4951);
#3759=LINE('',#18780,#4952);
#3760=LINE('',#18785,#4953);
#3761=LINE('',#18788,#4954);
#3762=LINE('',#18789,#4955);
#3763=LINE('',#18795,#4956);
#3764=LINE('',#18797,#4957);
#3765=LINE('',#18799,#4958);
#3766=LINE('',#18800,#4959);
#3767=LINE('',#18803,#4960);
#3768=LINE('',#18805,#4961);
#3769=LINE('',#18806,#4962);
#3770=LINE('',#18812,#4963);
#3771=LINE('',#18815,#4964);
#3772=LINE('',#18817,#4965);
#3773=LINE('',#18818,#4966);
#3774=LINE('',#18824,#4967);
#3775=LINE('',#18827,#4968);
#3776=LINE('',#18829,#4969);
#3777=LINE('',#18830,#4970);
#3778=LINE('',#18833,#4971);
#3779=LINE('',#18835,#4972);
#3780=LINE('',#18836,#4973);
#3781=LINE('',#18839,#4974);
#3782=LINE('',#18841,#4975);
#3783=LINE('',#18842,#4976);
#3784=LINE('',#18848,#4977);
#3785=LINE('',#18851,#4978);
#3786=LINE('',#18853,#4979);
#3787=LINE('',#18854,#4980);
#3788=LINE('',#18860,#4981);
#3789=LINE('',#18862,#4982);
#3790=LINE('',#18863,#4983);
#3791=LINE('',#18869,#4984);
#3792=LINE('',#18871,#4985);
#3793=LINE('',#18873,#4986);
#3794=LINE('',#18874,#4987);
#3795=LINE('',#18877,#4988);
#3796=LINE('',#18879,#4989);
#3797=LINE('',#18880,#4990);
#3798=LINE('',#18886,#4991);
#3799=LINE('',#18889,#4992);
#3800=LINE('',#18891,#4993);
#3801=LINE('',#18892,#4994);
#3802=LINE('',#18898,#4995);
#3803=LINE('',#18901,#4996);
#3804=LINE('',#18903,#4997);
#3805=LINE('',#18904,#4998);
#3806=LINE('',#18907,#4999);
#3807=LINE('',#18909,#5000);
#3808=LINE('',#18910,#5001);
#3809=LINE('',#18913,#5002);
#3810=LINE('',#18915,#5003);
#3811=LINE('',#18916,#5004);
#3812=LINE('',#18922,#5005);
#3813=LINE('',#18925,#5006);
#3814=LINE('',#18927,#5007);
#3815=LINE('',#18928,#5008);
#3816=LINE('',#18934,#5009);
#3817=LINE('',#18936,#5010);
#3818=LINE('',#18937,#5011);
#3819=LINE('',#18943,#5012);
#3820=LINE('',#18945,#5013);
#3821=LINE('',#18947,#5014);
#3822=LINE('',#18948,#5015);
#3823=LINE('',#18951,#5016);
#3824=LINE('',#18953,#5017);
#3825=LINE('',#18954,#5018);
#3826=LINE('',#18959,#5019);
#3827=LINE('',#18963,#5020);
#3828=LINE('',#18965,#5021);
#3829=LINE('',#18966,#5022);
#3830=LINE('',#18971,#5023);
#3831=LINE('',#18975,#5024);
#3832=LINE('',#18977,#5025);
#3833=LINE('',#18978,#5026);
#3834=LINE('',#18981,#5027);
#3835=LINE('',#18983,#5028);
#3836=LINE('',#18984,#5029);
#3837=LINE('',#18987,#5030);
#3838=LINE('',#18989,#5031);
#3839=LINE('',#18990,#5032);
#3840=LINE('',#18995,#5033);
#3841=LINE('',#18999,#5034);
#3842=LINE('',#19001,#5035);
#3843=LINE('',#19002,#5036);
#3844=LINE('',#19007,#5037);
#3845=LINE('',#19010,#5038);
#3846=LINE('',#19011,#5039);
#3847=LINE('',#19017,#5040);
#3848=LINE('',#19019,#5041);
#3849=LINE('',#19021,#5042);
#3850=LINE('',#19022,#5043);
#3851=LINE('',#19026,#5044);
#3852=LINE('',#19028,#5045);
#3853=LINE('',#19030,#5046);
#3854=LINE('',#19031,#5047);
#3855=LINE('',#19034,#5048);
#3856=LINE('',#19036,#5049);
#3857=LINE('',#19037,#5050);
#3858=LINE('',#19040,#5051);
#3859=LINE('',#19041,#5052);
#3860=LINE('',#19044,#5053);
#3861=LINE('',#19045,#5054);
#3862=LINE('',#19047,#5055);
#3863=LINE('',#19049,#5056);
#3864=LINE('',#19050,#5057);
#3865=LINE('',#19052,#5058);
#3866=LINE('',#19054,#5059);
#3867=LINE('',#19060,#5060);
#3868=LINE('',#19066,#5061);
#3869=LINE('',#19074,#5062);
#3870=LINE('',#19080,#5063);
#3871=LINE('',#19088,#5064);
#3872=LINE('',#19094,#5065);
#3873=LINE('',#19102,#5066);
#3874=LINE('',#19108,#5067);
#3875=LINE('',#19116,#5068);
#3876=LINE('',#19122,#5069);
#3877=LINE('',#19130,#5070);
#3878=LINE('',#19136,#5071);
#3879=LINE('',#19144,#5072);
#3880=LINE('',#19150,#5073);
#3881=LINE('',#19158,#5074);
#3882=LINE('',#19164,#5075);
#3883=LINE('',#19172,#5076);
#3884=LINE('',#19178,#5077);
#3885=LINE('',#19186,#5078);
#3886=LINE('',#19192,#5079);
#3887=LINE('',#19200,#5080);
#3888=LINE('',#19206,#5081);
#3889=LINE('',#19214,#5082);
#3890=LINE('',#19220,#5083);
#3891=LINE('',#19228,#5084);
#3892=LINE('',#19234,#5085);
#3893=LINE('',#19242,#5086);
#3894=LINE('',#19248,#5087);
#3895=LINE('',#19256,#5088);
#3896=LINE('',#19264,#5089);
#3897=LINE('',#19272,#5090);
#3898=LINE('',#19278,#5091);
#3899=LINE('',#19286,#5092);
#3900=LINE('',#19292,#5093);
#3901=LINE('',#19300,#5094);
#3902=LINE('',#19306,#5095);
#3903=LINE('',#19314,#5096);
#3904=LINE('',#19320,#5097);
#3905=LINE('',#19328,#5098);
#3906=LINE('',#19334,#5099);
#3907=LINE('',#19342,#5100);
#3908=LINE('',#19348,#5101);
#3909=LINE('',#19356,#5102);
#3910=LINE('',#19362,#5103);
#3911=LINE('',#19370,#5104);
#3912=LINE('',#19376,#5105);
#3913=LINE('',#19384,#5106);
#3914=LINE('',#19390,#5107);
#3915=LINE('',#19398,#5108);
#3916=LINE('',#19404,#5109);
#3917=LINE('',#19412,#5110);
#3918=LINE('',#19418,#5111);
#3919=LINE('',#19426,#5112);
#3920=LINE('',#19432,#5113);
#3921=LINE('',#19440,#5114);
#3922=LINE('',#19446,#5115);
#3923=LINE('',#19454,#5116);
#3924=LINE('',#19460,#5117);
#3925=LINE('',#19473,#5118);
#3926=LINE('',#19477,#5119);
#3927=LINE('',#19479,#5120);
#3928=LINE('',#19481,#5121);
#3929=LINE('',#19483,#5122);
#3930=LINE('',#19485,#5123);
#3931=LINE('',#19486,#5124);
#3932=LINE('',#19490,#5125);
#3933=LINE('',#19492,#5126);
#3934=LINE('',#19494,#5127);
#3935=LINE('',#19495,#5128);
#3936=LINE('',#19499,#5129);
#3937=LINE('',#19501,#5130);
#3938=LINE('',#19503,#5131);
#3939=LINE('',#19505,#5132);
#3940=LINE('',#19506,#5133);
#3941=LINE('',#19510,#5134);
#3942=LINE('',#19512,#5135);
#3943=LINE('',#19514,#5136);
#3944=LINE('',#19515,#5137);
#3945=LINE('',#19519,#5138);
#3946=LINE('',#19521,#5139);
#3947=LINE('',#19523,#5140);
#3948=LINE('',#19525,#5141);
#3949=LINE('',#19526,#5142);
#3950=LINE('',#19530,#5143);
#3951=LINE('',#19532,#5144);
#3952=LINE('',#19534,#5145);
#3953=LINE('',#19535,#5146);
#3954=LINE('',#19537,#5147);
#3955=LINE('',#19538,#5148);
#3956=LINE('',#19542,#5149);
#3957=LINE('',#19544,#5150);
#3958=LINE('',#19546,#5151);
#3959=LINE('',#19547,#5152);
#3960=LINE('',#19551,#5153);
#3961=LINE('',#19553,#5154);
#3962=LINE('',#19555,#5155);
#3963=LINE('',#19556,#5156);
#3964=LINE('',#19560,#5157);
#3965=LINE('',#19562,#5158);
#3966=LINE('',#19564,#5159);
#3967=LINE('',#19565,#5160);
#3968=LINE('',#19636,#5161);
#3969=LINE('',#19638,#5162);
#3970=LINE('',#19640,#5163);
#3971=LINE('',#19641,#5164);
#3972=LINE('',#19644,#5165);
#3973=LINE('',#19646,#5166);
#3974=LINE('',#19647,#5167);
#3975=LINE('',#19650,#5168);
#3976=LINE('',#19652,#5169);
#3977=LINE('',#19653,#5170);
#3978=LINE('',#19655,#5171);
#3979=LINE('',#19656,#5172);
#3980=LINE('',#19662,#5173);
#3981=LINE('',#19664,#5174);
#3982=LINE('',#19666,#5175);
#3983=LINE('',#19667,#5176);
#3984=LINE('',#19670,#5177);
#3985=LINE('',#19672,#5178);
#3986=LINE('',#19673,#5179);
#3987=LINE('',#19676,#5180);
#3988=LINE('',#19678,#5181);
#3989=LINE('',#19679,#5182);
#3990=LINE('',#19681,#5183);
#3991=LINE('',#19682,#5184);
#3992=LINE('',#19688,#5185);
#3993=LINE('',#19690,#5186);
#3994=LINE('',#19692,#5187);
#3995=LINE('',#19693,#5188);
#3996=LINE('',#19696,#5189);
#3997=LINE('',#19698,#5190);
#3998=LINE('',#19699,#5191);
#3999=LINE('',#19702,#5192);
#4000=LINE('',#19704,#5193);
#4001=LINE('',#19705,#5194);
#4002=LINE('',#19707,#5195);
#4003=LINE('',#19708,#5196);
#4004=LINE('',#19714,#5197);
#4005=LINE('',#19716,#5198);
#4006=LINE('',#19718,#5199);
#4007=LINE('',#19719,#5200);
#4008=LINE('',#19722,#5201);
#4009=LINE('',#19724,#5202);
#4010=LINE('',#19725,#5203);
#4011=LINE('',#19728,#5204);
#4012=LINE('',#19730,#5205);
#4013=LINE('',#19731,#5206);
#4014=LINE('',#19733,#5207);
#4015=LINE('',#19734,#5208);
#4016=LINE('',#19740,#5209);
#4017=LINE('',#19742,#5210);
#4018=LINE('',#19744,#5211);
#4019=LINE('',#19745,#5212);
#4020=LINE('',#19748,#5213);
#4021=LINE('',#19750,#5214);
#4022=LINE('',#19751,#5215);
#4023=LINE('',#19754,#5216);
#4024=LINE('',#19756,#5217);
#4025=LINE('',#19757,#5218);
#4026=LINE('',#19759,#5219);
#4027=LINE('',#19760,#5220);
#4028=LINE('',#19766,#5221);
#4029=LINE('',#19768,#5222);
#4030=LINE('',#19770,#5223);
#4031=LINE('',#19771,#5224);
#4032=LINE('',#19774,#5225);
#4033=LINE('',#19776,#5226);
#4034=LINE('',#19777,#5227);
#4035=LINE('',#19780,#5228);
#4036=LINE('',#19782,#5229);
#4037=LINE('',#19783,#5230);
#4038=LINE('',#19785,#5231);
#4039=LINE('',#19786,#5232);
#4040=LINE('',#19792,#5233);
#4041=LINE('',#19794,#5234);
#4042=LINE('',#19796,#5235);
#4043=LINE('',#19797,#5236);
#4044=LINE('',#19800,#5237);
#4045=LINE('',#19802,#5238);
#4046=LINE('',#19803,#5239);
#4047=LINE('',#19806,#5240);
#4048=LINE('',#19808,#5241);
#4049=LINE('',#19809,#5242);
#4050=LINE('',#19811,#5243);
#4051=LINE('',#19812,#5244);
#4052=LINE('',#19818,#5245);
#4053=LINE('',#19820,#5246);
#4054=LINE('',#19822,#5247);
#4055=LINE('',#19823,#5248);
#4056=LINE('',#19826,#5249);
#4057=LINE('',#19828,#5250);
#4058=LINE('',#19829,#5251);
#4059=LINE('',#19832,#5252);
#4060=LINE('',#19834,#5253);
#4061=LINE('',#19835,#5254);
#4062=LINE('',#19837,#5255);
#4063=LINE('',#19838,#5256);
#4064=LINE('',#19844,#5257);
#4065=LINE('',#19846,#5258);
#4066=LINE('',#19848,#5259);
#4067=LINE('',#19849,#5260);
#4068=LINE('',#19852,#5261);
#4069=LINE('',#19854,#5262);
#4070=LINE('',#19855,#5263);
#4071=LINE('',#19858,#5264);
#4072=LINE('',#19860,#5265);
#4073=LINE('',#19861,#5266);
#4074=LINE('',#19863,#5267);
#4075=LINE('',#19864,#5268);
#4076=LINE('',#19870,#5269);
#4077=LINE('',#19872,#5270);
#4078=LINE('',#19874,#5271);
#4079=LINE('',#19875,#5272);
#4080=LINE('',#19878,#5273);
#4081=LINE('',#19880,#5274);
#4082=LINE('',#19881,#5275);
#4083=LINE('',#19884,#5276);
#4084=LINE('',#19886,#5277);
#4085=LINE('',#19887,#5278);
#4086=LINE('',#19889,#5279);
#4087=LINE('',#19890,#5280);
#4088=LINE('',#19896,#5281);
#4089=LINE('',#19898,#5282);
#4090=LINE('',#19900,#5283);
#4091=LINE('',#19901,#5284);
#4092=LINE('',#19904,#5285);
#4093=LINE('',#19906,#5286);
#4094=LINE('',#19907,#5287);
#4095=LINE('',#19910,#5288);
#4096=LINE('',#19912,#5289);
#4097=LINE('',#19913,#5290);
#4098=LINE('',#19915,#5291);
#4099=LINE('',#19916,#5292);
#4100=LINE('',#19922,#5293);
#4101=LINE('',#19924,#5294);
#4102=LINE('',#19926,#5295);
#4103=LINE('',#19927,#5296);
#4104=LINE('',#19930,#5297);
#4105=LINE('',#19932,#5298);
#4106=LINE('',#19933,#5299);
#4107=LINE('',#19936,#5300);
#4108=LINE('',#19938,#5301);
#4109=LINE('',#19939,#5302);
#4110=LINE('',#19941,#5303);
#4111=LINE('',#19942,#5304);
#4112=LINE('',#19948,#5305);
#4113=LINE('',#19950,#5306);
#4114=LINE('',#19952,#5307);
#4115=LINE('',#19953,#5308);
#4116=LINE('',#19956,#5309);
#4117=LINE('',#19958,#5310);
#4118=LINE('',#19959,#5311);
#4119=LINE('',#19962,#5312);
#4120=LINE('',#19964,#5313);
#4121=LINE('',#19965,#5314);
#4122=LINE('',#19967,#5315);
#4123=LINE('',#19968,#5316);
#4124=LINE('',#19974,#5317);
#4125=LINE('',#19976,#5318);
#4126=LINE('',#19978,#5319);
#4127=LINE('',#19979,#5320);
#4128=LINE('',#19982,#5321);
#4129=LINE('',#19984,#5322);
#4130=LINE('',#19985,#5323);
#4131=LINE('',#19988,#5324);
#4132=LINE('',#19990,#5325);
#4133=LINE('',#19991,#5326);
#4134=LINE('',#19993,#5327);
#4135=LINE('',#19994,#5328);
#4136=LINE('',#20000,#5329);
#4137=LINE('',#20002,#5330);
#4138=LINE('',#20004,#5331);
#4139=LINE('',#20005,#5332);
#4140=LINE('',#20008,#5333);
#4141=LINE('',#20010,#5334);
#4142=LINE('',#20011,#5335);
#4143=LINE('',#20014,#5336);
#4144=LINE('',#20016,#5337);
#4145=LINE('',#20017,#5338);
#4146=LINE('',#20019,#5339);
#4147=LINE('',#20020,#5340);
#4148=LINE('',#20026,#5341);
#4149=LINE('',#20028,#5342);
#4150=LINE('',#20030,#5343);
#4151=LINE('',#20031,#5344);
#4152=LINE('',#20034,#5345);
#4153=LINE('',#20036,#5346);
#4154=LINE('',#20037,#5347);
#4155=LINE('',#20040,#5348);
#4156=LINE('',#20042,#5349);
#4157=LINE('',#20043,#5350);
#4158=LINE('',#20045,#5351);
#4159=LINE('',#20046,#5352);
#4160=LINE('',#20052,#5353);
#4161=LINE('',#20054,#5354);
#4162=LINE('',#20056,#5355);
#4163=LINE('',#20057,#5356);
#4164=LINE('',#20060,#5357);
#4165=LINE('',#20062,#5358);
#4166=LINE('',#20063,#5359);
#4167=LINE('',#20066,#5360);
#4168=LINE('',#20068,#5361);
#4169=LINE('',#20069,#5362);
#4170=LINE('',#20071,#5363);
#4171=LINE('',#20072,#5364);
#4172=LINE('',#20078,#5365);
#4173=LINE('',#20080,#5366);
#4174=LINE('',#20082,#5367);
#4175=LINE('',#20083,#5368);
#4176=LINE('',#20086,#5369);
#4177=LINE('',#20088,#5370);
#4178=LINE('',#20089,#5371);
#4179=LINE('',#20092,#5372);
#4180=LINE('',#20094,#5373);
#4181=LINE('',#20095,#5374);
#4182=LINE('',#20097,#5375);
#4183=LINE('',#20098,#5376);
#4184=LINE('',#20104,#5377);
#4185=LINE('',#20106,#5378);
#4186=LINE('',#20108,#5379);
#4187=LINE('',#20109,#5380);
#4188=LINE('',#20112,#5381);
#4189=LINE('',#20114,#5382);
#4190=LINE('',#20115,#5383);
#4191=LINE('',#20118,#5384);
#4192=LINE('',#20120,#5385);
#4193=LINE('',#20121,#5386);
#4194=LINE('',#20123,#5387);
#4195=LINE('',#20124,#5388);
#4196=LINE('',#20130,#5389);
#4197=LINE('',#20132,#5390);
#4198=LINE('',#20134,#5391);
#4199=LINE('',#20135,#5392);
#4200=LINE('',#20138,#5393);
#4201=LINE('',#20140,#5394);
#4202=LINE('',#20141,#5395);
#4203=LINE('',#20144,#5396);
#4204=LINE('',#20146,#5397);
#4205=LINE('',#20147,#5398);
#4206=LINE('',#20149,#5399);
#4207=LINE('',#20150,#5400);
#4208=LINE('',#20156,#5401);
#4209=LINE('',#20158,#5402);
#4210=LINE('',#20160,#5403);
#4211=LINE('',#20161,#5404);
#4212=LINE('',#20164,#5405);
#4213=LINE('',#20166,#5406);
#4214=LINE('',#20167,#5407);
#4215=LINE('',#20170,#5408);
#4216=LINE('',#20172,#5409);
#4217=LINE('',#20173,#5410);
#4218=LINE('',#20175,#5411);
#4219=LINE('',#20176,#5412);
#4220=LINE('',#20182,#5413);
#4221=LINE('',#20184,#5414);
#4222=LINE('',#20186,#5415);
#4223=LINE('',#20187,#5416);
#4224=LINE('',#20190,#5417);
#4225=LINE('',#20192,#5418);
#4226=LINE('',#20193,#5419);
#4227=LINE('',#20196,#5420);
#4228=LINE('',#20198,#5421);
#4229=LINE('',#20199,#5422);
#4230=LINE('',#20201,#5423);
#4231=LINE('',#20202,#5424);
#4232=LINE('',#20208,#5425);
#4233=LINE('',#20210,#5426);
#4234=LINE('',#20212,#5427);
#4235=LINE('',#20213,#5428);
#4236=LINE('',#20216,#5429);
#4237=LINE('',#20218,#5430);
#4238=LINE('',#20219,#5431);
#4239=LINE('',#20222,#5432);
#4240=LINE('',#20224,#5433);
#4241=LINE('',#20225,#5434);
#4242=LINE('',#20227,#5435);
#4243=LINE('',#20228,#5436);
#4244=LINE('',#20234,#5437);
#4245=LINE('',#20236,#5438);
#4246=LINE('',#20238,#5439);
#4247=LINE('',#20239,#5440);
#4248=LINE('',#20242,#5441);
#4249=LINE('',#20244,#5442);
#4250=LINE('',#20245,#5443);
#4251=LINE('',#20248,#5444);
#4252=LINE('',#20250,#5445);
#4253=LINE('',#20251,#5446);
#4254=LINE('',#20253,#5447);
#4255=LINE('',#20254,#5448);
#4256=LINE('',#20260,#5449);
#4257=LINE('',#20262,#5450);
#4258=LINE('',#20264,#5451);
#4259=LINE('',#20265,#5452);
#4260=LINE('',#20268,#5453);
#4261=LINE('',#20270,#5454);
#4262=LINE('',#20271,#5455);
#4263=LINE('',#20274,#5456);
#4264=LINE('',#20276,#5457);
#4265=LINE('',#20277,#5458);
#4266=LINE('',#20279,#5459);
#4267=LINE('',#20280,#5460);
#4268=LINE('',#20286,#5461);
#4269=LINE('',#20288,#5462);
#4270=LINE('',#20290,#5463);
#4271=LINE('',#20291,#5464);
#4272=LINE('',#20294,#5465);
#4273=LINE('',#20296,#5466);
#4274=LINE('',#20297,#5467);
#4275=LINE('',#20300,#5468);
#4276=LINE('',#20302,#5469);
#4277=LINE('',#20303,#5470);
#4278=LINE('',#20305,#5471);
#4279=LINE('',#20306,#5472);
#4280=LINE('',#20312,#5473);
#4281=LINE('',#20314,#5474);
#4282=LINE('',#20316,#5475);
#4283=LINE('',#20317,#5476);
#4284=LINE('',#20320,#5477);
#4285=LINE('',#20322,#5478);
#4286=LINE('',#20323,#5479);
#4287=LINE('',#20326,#5480);
#4288=LINE('',#20328,#5481);
#4289=LINE('',#20329,#5482);
#4290=LINE('',#20331,#5483);
#4291=LINE('',#20332,#5484);
#4292=LINE('',#20338,#5485);
#4293=LINE('',#20340,#5486);
#4294=LINE('',#20342,#5487);
#4295=LINE('',#20343,#5488);
#4296=LINE('',#20346,#5489);
#4297=LINE('',#20348,#5490);
#4298=LINE('',#20349,#5491);
#4299=LINE('',#20352,#5492);
#4300=LINE('',#20354,#5493);
#4301=LINE('',#20355,#5494);
#4302=LINE('',#20357,#5495);
#4303=LINE('',#20358,#5496);
#4304=LINE('',#20365,#5497);
#4305=LINE('',#20371,#5498);
#4306=LINE('',#20377,#5499);
#4307=LINE('',#20383,#5500);
#4308=LINE('',#20389,#5501);
#4309=LINE('',#20395,#5502);
#4310=LINE('',#20401,#5503);
#4311=LINE('',#20407,#5504);
#4312=LINE('',#20413,#5505);
#4313=LINE('',#20419,#5506);
#4314=LINE('',#20425,#5507);
#4315=LINE('',#20431,#5508);
#4316=LINE('',#20437,#5509);
#4317=LINE('',#20443,#5510);
#4318=LINE('',#20449,#5511);
#4319=LINE('',#20455,#5512);
#4320=LINE('',#20461,#5513);
#4321=LINE('',#20467,#5514);
#4322=LINE('',#20473,#5515);
#4323=LINE('',#20479,#5516);
#4324=LINE('',#20485,#5517);
#4325=LINE('',#20491,#5518);
#4326=LINE('',#20497,#5519);
#4327=LINE('',#20503,#5520);
#4328=LINE('',#20509,#5521);
#4329=LINE('',#20515,#5522);
#4330=LINE('',#20521,#5523);
#4331=LINE('',#20527,#5524);
#4332=LINE('',#20532,#5525);
#4333=LINE('',#20536,#5526);
#4334=LINE('',#20540,#5527);
#4335=LINE('',#20544,#5528);
#4336=LINE('',#20548,#5529);
#4337=LINE('',#20550,#5530);
#4338=LINE('',#20552,#5531);
#4339=LINE('',#20553,#5532);
#4340=LINE('',#20557,#5533);
#4341=LINE('',#20561,#5534);
#4342=LINE('',#20565,#5535);
#4343=LINE('',#20569,#5536);
#4344=LINE('',#20574,#5537);
#4345=LINE('',#20578,#5538);
#4346=LINE('',#20582,#5539);
#4347=LINE('',#20584,#5540);
#4348=LINE('',#20585,#5541);
#4349=LINE('',#20590,#5542);
#4350=LINE('',#20594,#5543);
#4351=LINE('',#20596,#5544);
#4352=LINE('',#20597,#5545);
#4353=LINE('',#20602,#5546);
#4354=LINE('',#20606,#5547);
#4355=LINE('',#20608,#5548);
#4356=LINE('',#20609,#5549);
#4357=LINE('',#20614,#5550);
#4358=LINE('',#20617,#5551);
#4359=LINE('',#20618,#5552);
#4360=LINE('',#20653,#5553);
#4361=LINE('',#20655,#5554);
#4362=LINE('',#20656,#5555);
#4363=LINE('',#20659,#5556);
#4364=LINE('',#20660,#5557);
#4365=LINE('',#20663,#5558);
#4366=LINE('',#20664,#5559);
#4367=LINE('',#20666,#5560);
#4368=VECTOR('',#13852,1000.);
#4369=VECTOR('',#13853,1000.);
#4370=VECTOR('',#13854,1000.);
#4371=VECTOR('',#13855,1000.);
#4372=VECTOR('',#13858,1000.);
#4373=VECTOR('',#13859,1000.);
#4374=VECTOR('',#13860,1000.);
#4375=VECTOR('',#13861,1000.);
#4376=VECTOR('',#13864,1000.);
#4377=VECTOR('',#13865,1000.);
#4378=VECTOR('',#13866,1000.);
#4379=VECTOR('',#13867,1000.);
#4380=VECTOR('',#13870,1000.);
#4381=VECTOR('',#13871,1000.);
#4382=VECTOR('',#13872,1000.);
#4383=VECTOR('',#13873,1000.);
#4384=VECTOR('',#13876,1000.);
#4385=VECTOR('',#13877,1000.);
#4386=VECTOR('',#13878,1000.);
#4387=VECTOR('',#13879,1000.);
#4388=VECTOR('',#13882,1000.);
#4389=VECTOR('',#13883,1000.);
#4390=VECTOR('',#13884,1000.);
#4391=VECTOR('',#13885,1000.);
#4392=VECTOR('',#13976,1000.);
#4393=VECTOR('',#13977,1000.);
#4394=VECTOR('',#13978,1000.);
#4395=VECTOR('',#13979,1000.);
#4396=VECTOR('',#13982,1000.);
#4397=VECTOR('',#13983,1000.);
#4398=VECTOR('',#13984,1000.);
#4399=VECTOR('',#13987,1000.);
#4400=VECTOR('',#13988,1000.);
#4401=VECTOR('',#13989,1000.);
#4402=VECTOR('',#13992,1000.);
#4403=VECTOR('',#13993,1000.);
#4404=VECTOR('',#14000,1000.);
#4405=VECTOR('',#14001,1000.);
#4406=VECTOR('',#14002,1000.);
#4407=VECTOR('',#14003,1000.);
#4408=VECTOR('',#14006,1000.);
#4409=VECTOR('',#14007,1000.);
#4410=VECTOR('',#14008,1000.);
#4411=VECTOR('',#14011,1000.);
#4412=VECTOR('',#14012,1000.);
#4413=VECTOR('',#14013,1000.);
#4414=VECTOR('',#14016,1000.);
#4415=VECTOR('',#14017,1000.);
#4416=VECTOR('',#14024,1000.);
#4417=VECTOR('',#14025,1000.);
#4418=VECTOR('',#14026,1000.);
#4419=VECTOR('',#14027,1000.);
#4420=VECTOR('',#14030,1000.);
#4421=VECTOR('',#14031,1000.);
#4422=VECTOR('',#14032,1000.);
#4423=VECTOR('',#14035,1000.);
#4424=VECTOR('',#14036,1000.);
#4425=VECTOR('',#14037,1000.);
#4426=VECTOR('',#14040,1000.);
#4427=VECTOR('',#14041,1000.);
#4428=VECTOR('',#14048,1000.);
#4429=VECTOR('',#14049,1000.);
#4430=VECTOR('',#14050,1000.);
#4431=VECTOR('',#14051,1000.);
#4432=VECTOR('',#14054,1000.);
#4433=VECTOR('',#14055,1000.);
#4434=VECTOR('',#14056,1000.);
#4435=VECTOR('',#14059,1000.);
#4436=VECTOR('',#14060,1000.);
#4437=VECTOR('',#14061,1000.);
#4438=VECTOR('',#14064,1000.);
#4439=VECTOR('',#14065,1000.);
#4440=VECTOR('',#14072,1000.);
#4441=VECTOR('',#14073,1000.);
#4442=VECTOR('',#14074,1000.);
#4443=VECTOR('',#14075,1000.);
#4444=VECTOR('',#14078,1000.);
#4445=VECTOR('',#14079,1000.);
#4446=VECTOR('',#14080,1000.);
#4447=VECTOR('',#14083,1000.);
#4448=VECTOR('',#14084,1000.);
#4449=VECTOR('',#14085,1000.);
#4450=VECTOR('',#14088,1000.);
#4451=VECTOR('',#14089,1000.);
#4452=VECTOR('',#14096,1000.);
#4453=VECTOR('',#14097,1000.);
#4454=VECTOR('',#14098,1000.);
#4455=VECTOR('',#14099,1000.);
#4456=VECTOR('',#14102,1000.);
#4457=VECTOR('',#14103,1000.);
#4458=VECTOR('',#14104,1000.);
#4459=VECTOR('',#14107,1000.);
#4460=VECTOR('',#14108,1000.);
#4461=VECTOR('',#14109,1000.);
#4462=VECTOR('',#14112,1000.);
#4463=VECTOR('',#14113,1000.);
#4464=VECTOR('',#14120,1000.);
#4465=VECTOR('',#14121,1000.);
#4466=VECTOR('',#14122,1000.);
#4467=VECTOR('',#14123,1000.);
#4468=VECTOR('',#14126,1000.);
#4469=VECTOR('',#14127,1000.);
#4470=VECTOR('',#14128,1000.);
#4471=VECTOR('',#14131,1000.);
#4472=VECTOR('',#14132,1000.);
#4473=VECTOR('',#14133,1000.);
#4474=VECTOR('',#14136,1000.);
#4475=VECTOR('',#14137,1000.);
#4476=VECTOR('',#14144,1000.);
#4477=VECTOR('',#14145,1000.);
#4478=VECTOR('',#14146,1000.);
#4479=VECTOR('',#14147,1000.);
#4480=VECTOR('',#14150,1000.);
#4481=VECTOR('',#14151,1000.);
#4482=VECTOR('',#14152,1000.);
#4483=VECTOR('',#14155,1000.);
#4484=VECTOR('',#14156,1000.);
#4485=VECTOR('',#14157,1000.);
#4486=VECTOR('',#14160,1000.);
#4487=VECTOR('',#14161,1000.);
#4488=VECTOR('',#14168,1000.);
#4489=VECTOR('',#14169,1000.);
#4490=VECTOR('',#14170,1000.);
#4491=VECTOR('',#14171,1000.);
#4492=VECTOR('',#14174,1000.);
#4493=VECTOR('',#14175,1000.);
#4494=VECTOR('',#14176,1000.);
#4495=VECTOR('',#14179,1000.);
#4496=VECTOR('',#14180,1000.);
#4497=VECTOR('',#14181,1000.);
#4498=VECTOR('',#14184,1000.);
#4499=VECTOR('',#14185,1000.);
#4500=VECTOR('',#14192,1000.);
#4501=VECTOR('',#14193,1000.);
#4502=VECTOR('',#14194,1000.);
#4503=VECTOR('',#14195,1000.);
#4504=VECTOR('',#14198,1000.);
#4505=VECTOR('',#14199,1000.);
#4506=VECTOR('',#14200,1000.);
#4507=VECTOR('',#14203,1000.);
#4508=VECTOR('',#14204,1000.);
#4509=VECTOR('',#14205,1000.);
#4510=VECTOR('',#14208,1000.);
#4511=VECTOR('',#14209,1000.);
#4512=VECTOR('',#14216,1000.);
#4513=VECTOR('',#14217,1000.);
#4514=VECTOR('',#14218,1000.);
#4515=VECTOR('',#14219,1000.);
#4516=VECTOR('',#14222,1000.);
#4517=VECTOR('',#14223,1000.);
#4518=VECTOR('',#14224,1000.);
#4519=VECTOR('',#14227,1000.);
#4520=VECTOR('',#14228,1000.);
#4521=VECTOR('',#14229,1000.);
#4522=VECTOR('',#14232,1000.);
#4523=VECTOR('',#14233,1000.);
#4524=VECTOR('',#14240,1000.);
#4525=VECTOR('',#14241,1000.);
#4526=VECTOR('',#14242,1000.);
#4527=VECTOR('',#14243,1000.);
#4528=VECTOR('',#14246,1000.);
#4529=VECTOR('',#14247,1000.);
#4530=VECTOR('',#14248,1000.);
#4531=VECTOR('',#14251,1000.);
#4532=VECTOR('',#14252,1000.);
#4533=VECTOR('',#14253,1000.);
#4534=VECTOR('',#14256,1000.);
#4535=VECTOR('',#14257,1000.);
#4536=VECTOR('',#14264,1000.);
#4537=VECTOR('',#14265,1000.);
#4538=VECTOR('',#14266,1000.);
#4539=VECTOR('',#14267,1000.);
#4540=VECTOR('',#14270,1000.);
#4541=VECTOR('',#14271,1000.);
#4542=VECTOR('',#14272,1000.);
#4543=VECTOR('',#14275,1000.);
#4544=VECTOR('',#14276,1000.);
#4545=VECTOR('',#14277,1000.);
#4546=VECTOR('',#14280,1000.);
#4547=VECTOR('',#14281,1000.);
#4548=VECTOR('',#14288,1000.);
#4549=VECTOR('',#14289,1000.);
#4550=VECTOR('',#14290,1000.);
#4551=VECTOR('',#14291,1000.);
#4552=VECTOR('',#14294,1000.);
#4553=VECTOR('',#14295,1000.);
#4554=VECTOR('',#14296,1000.);
#4555=VECTOR('',#14299,1000.);
#4556=VECTOR('',#14300,1000.);
#4557=VECTOR('',#14301,1000.);
#4558=VECTOR('',#14304,1000.);
#4559=VECTOR('',#14305,1000.);
#4560=VECTOR('',#14312,1000.);
#4561=VECTOR('',#14313,1000.);
#4562=VECTOR('',#14314,1000.);
#4563=VECTOR('',#14315,1000.);
#4564=VECTOR('',#14318,1000.);
#4565=VECTOR('',#14319,1000.);
#4566=VECTOR('',#14320,1000.);
#4567=VECTOR('',#14321,1000.);
#4568=VECTOR('',#14324,1000.);
#4569=VECTOR('',#14325,1000.);
#4570=VECTOR('',#14326,1000.);
#4571=VECTOR('',#14329,1000.);
#4572=VECTOR('',#14330,1000.);
#4573=VECTOR('',#14333,1000.);
#4574=VECTOR('',#14334,1000.);
#4575=VECTOR('',#14335,1000.);
#4576=VECTOR('',#14338,1000.);
#4577=VECTOR('',#14339,1000.);
#4578=VECTOR('',#14342,1000.);
#4579=VECTOR('',#14347,1000.);
#4580=VECTOR('',#14352,1000.);
#4581=VECTOR('',#14353,1000.);
#4582=VECTOR('',#14354,1000.);
#4583=VECTOR('',#14355,1000.);
#4584=VECTOR('',#14358,1000.);
#4585=VECTOR('',#14359,1000.);
#4586=VECTOR('',#14360,1000.);
#4587=VECTOR('',#14365,1000.);
#4588=VECTOR('',#14370,1000.);
#4589=VECTOR('',#14371,1000.);
#4590=VECTOR('',#14372,1000.);
#4591=VECTOR('',#14377,1000.);
#4592=VECTOR('',#14382,1000.);
#4593=VECTOR('',#14383,1000.);
#4594=VECTOR('',#14384,1000.);
#4595=VECTOR('',#14387,1000.);
#4596=VECTOR('',#14388,1000.);
#4597=VECTOR('',#14389,1000.);
#4598=VECTOR('',#14392,1000.);
#4599=VECTOR('',#14393,1000.);
#4600=VECTOR('',#14394,1000.);
#4601=VECTOR('',#14399,1000.);
#4602=VECTOR('',#14404,1000.);
#4603=VECTOR('',#14405,1000.);
#4604=VECTOR('',#14406,1000.);
#4605=VECTOR('',#14411,1000.);
#4606=VECTOR('',#14416,1000.);
#4607=VECTOR('',#14417,1000.);
#4608=VECTOR('',#14426,1000.);
#4609=VECTOR('',#14429,1000.);
#4610=VECTOR('',#14432,1000.);
#4611=VECTOR('',#14433,1000.);
#4612=VECTOR('',#14434,1000.);
#4613=VECTOR('',#14439,1000.);
#4614=VECTOR('',#14444,1000.);
#4615=VECTOR('',#14445,1000.);
#4616=VECTOR('',#14446,1000.);
#4617=VECTOR('',#14449,1000.);
#4618=VECTOR('',#14450,1000.);
#4619=VECTOR('',#14451,1000.);
#4620=VECTOR('',#14454,1000.);
#4621=VECTOR('',#14455,1000.);
#4622=VECTOR('',#14456,1000.);
#4623=VECTOR('',#14461,1000.);
#4624=VECTOR('',#14466,1000.);
#4625=VECTOR('',#14467,1000.);
#4626=VECTOR('',#14468,1000.);
#4627=VECTOR('',#14473,1000.);
#4628=VECTOR('',#14478,1000.);
#4629=VECTOR('',#14479,1000.);
#4630=VECTOR('',#14480,1000.);
#4631=VECTOR('',#14483,1000.);
#4632=VECTOR('',#14484,1000.);
#4633=VECTOR('',#14485,1000.);
#4634=VECTOR('',#14488,1000.);
#4635=VECTOR('',#14489,1000.);
#4636=VECTOR('',#14498,1000.);
#4637=VECTOR('',#14501,1000.);
#4638=VECTOR('',#14504,1000.);
#4639=VECTOR('',#14505,1000.);
#4640=VECTOR('',#14506,1000.);
#4641=VECTOR('',#14511,1000.);
#4642=VECTOR('',#14516,1000.);
#4643=VECTOR('',#14517,1000.);
#4644=VECTOR('',#14518,1000.);
#4645=VECTOR('',#14521,1000.);
#4646=VECTOR('',#14522,1000.);
#4647=VECTOR('',#14523,1000.);
#4648=VECTOR('',#14526,1000.);
#4649=VECTOR('',#14527,1000.);
#4650=VECTOR('',#14528,1000.);
#4651=VECTOR('',#14533,1000.);
#4652=VECTOR('',#14538,1000.);
#4653=VECTOR('',#14539,1000.);
#4654=VECTOR('',#14540,1000.);
#4655=VECTOR('',#14545,1000.);
#4656=VECTOR('',#14550,1000.);
#4657=VECTOR('',#14551,1000.);
#4658=VECTOR('',#14552,1000.);
#4659=VECTOR('',#14555,1000.);
#4660=VECTOR('',#14556,1000.);
#4661=VECTOR('',#14557,1000.);
#4662=VECTOR('',#14560,1000.);
#4663=VECTOR('',#14561,1000.);
#4664=VECTOR('',#14570,1000.);
#4665=VECTOR('',#14573,1000.);
#4666=VECTOR('',#14576,1000.);
#4667=VECTOR('',#14577,1000.);
#4668=VECTOR('',#14578,1000.);
#4669=VECTOR('',#14583,1000.);
#4670=VECTOR('',#14588,1000.);
#4671=VECTOR('',#14589,1000.);
#4672=VECTOR('',#14590,1000.);
#4673=VECTOR('',#14593,1000.);
#4674=VECTOR('',#14594,1000.);
#4675=VECTOR('',#14595,1000.);
#4676=VECTOR('',#14598,1000.);
#4677=VECTOR('',#14599,1000.);
#4678=VECTOR('',#14600,1000.);
#4679=VECTOR('',#14605,1000.);
#4680=VECTOR('',#14610,1000.);
#4681=VECTOR('',#14611,1000.);
#4682=VECTOR('',#14612,1000.);
#4683=VECTOR('',#14617,1000.);
#4684=VECTOR('',#14622,1000.);
#4685=VECTOR('',#14623,1000.);
#4686=VECTOR('',#14624,1000.);
#4687=VECTOR('',#14627,1000.);
#4688=VECTOR('',#14628,1000.);
#4689=VECTOR('',#14629,1000.);
#4690=VECTOR('',#14632,1000.);
#4691=VECTOR('',#14633,1000.);
#4692=VECTOR('',#14640,1000.);
#4693=VECTOR('',#14641,1000.);
#4694=VECTOR('',#14642,1000.);
#4695=VECTOR('',#14643,1000.);
#4696=VECTOR('',#14646,1000.);
#4697=VECTOR('',#14647,1000.);
#4698=VECTOR('',#14648,1000.);
#4699=VECTOR('',#14653,1000.);
#4700=VECTOR('',#14658,1000.);
#4701=VECTOR('',#14659,1000.);
#4702=VECTOR('',#14660,1000.);
#4703=VECTOR('',#14665,1000.);
#4704=VECTOR('',#14670,1000.);
#4705=VECTOR('',#14671,1000.);
#4706=VECTOR('',#14672,1000.);
#4707=VECTOR('',#14675,1000.);
#4708=VECTOR('',#14676,1000.);
#4709=VECTOR('',#14677,1000.);
#4710=VECTOR('',#14680,1000.);
#4711=VECTOR('',#14681,1000.);
#4712=VECTOR('',#14682,1000.);
#4713=VECTOR('',#14687,1000.);
#4714=VECTOR('',#14692,1000.);
#4715=VECTOR('',#14693,1000.);
#4716=VECTOR('',#14694,1000.);
#4717=VECTOR('',#14699,1000.);
#4718=VECTOR('',#14704,1000.);
#4719=VECTOR('',#14705,1000.);
#4720=VECTOR('',#14712,1000.);
#4721=VECTOR('',#14713,1000.);
#4722=VECTOR('',#14714,1000.);
#4723=VECTOR('',#14715,1000.);
#4724=VECTOR('',#14718,1000.);
#4725=VECTOR('',#14719,1000.);
#4726=VECTOR('',#14720,1000.);
#4727=VECTOR('',#14721,1000.);
#4728=VECTOR('',#14724,1000.);
#4729=VECTOR('',#14725,1000.);
#4730=VECTOR('',#14726,1000.);
#4731=VECTOR('',#14729,1000.);
#4732=VECTOR('',#14730,1000.);
#4733=VECTOR('',#14733,1000.);
#4734=VECTOR('',#14734,1000.);
#4735=VECTOR('',#14737,1000.);
#4736=VECTOR('',#14740,1000.);
#4737=VECTOR('',#14741,1000.);
#4738=VECTOR('',#14744,1000.);
#4739=VECTOR('',#14747,1000.);
#4740=VECTOR('',#14752,1000.);
#4741=VECTOR('',#14753,1000.);
#4742=VECTOR('',#14754,1000.);
#4743=VECTOR('',#14755,1000.);
#4744=VECTOR('',#14758,1000.);
#4745=VECTOR('',#14759,1000.);
#4746=VECTOR('',#14760,1000.);
#4747=VECTOR('',#14765,1000.);
#4748=VECTOR('',#14770,1000.);
#4749=VECTOR('',#14771,1000.);
#4750=VECTOR('',#14772,1000.);
#4751=VECTOR('',#14777,1000.);
#4752=VECTOR('',#14782,1000.);
#4753=VECTOR('',#14783,1000.);
#4754=VECTOR('',#14784,1000.);
#4755=VECTOR('',#14787,1000.);
#4756=VECTOR('',#14788,1000.);
#4757=VECTOR('',#14789,1000.);
#4758=VECTOR('',#14792,1000.);
#4759=VECTOR('',#14793,1000.);
#4760=VECTOR('',#14794,1000.);
#4761=VECTOR('',#14799,1000.);
#4762=VECTOR('',#14804,1000.);
#4763=VECTOR('',#14805,1000.);
#4764=VECTOR('',#14806,1000.);
#4765=VECTOR('',#14811,1000.);
#4766=VECTOR('',#14816,1000.);
#4767=VECTOR('',#14817,1000.);
#4768=VECTOR('',#14824,1000.);
#4769=VECTOR('',#14825,1000.);
#4770=VECTOR('',#14826,1000.);
#4771=VECTOR('',#14827,1000.);
#4772=VECTOR('',#14830,1000.);
#4773=VECTOR('',#14831,1000.);
#4774=VECTOR('',#14832,1000.);
#4775=VECTOR('',#14837,1000.);
#4776=VECTOR('',#14842,1000.);
#4777=VECTOR('',#14843,1000.);
#4778=VECTOR('',#14844,1000.);
#4779=VECTOR('',#14849,1000.);
#4780=VECTOR('',#14854,1000.);
#4781=VECTOR('',#14855,1000.);
#4782=VECTOR('',#14856,1000.);
#4783=VECTOR('',#14859,1000.);
#4784=VECTOR('',#14860,1000.);
#4785=VECTOR('',#14861,1000.);
#4786=VECTOR('',#14864,1000.);
#4787=VECTOR('',#14865,1000.);
#4788=VECTOR('',#14866,1000.);
#4789=VECTOR('',#14871,1000.);
#4790=VECTOR('',#14876,1000.);
#4791=VECTOR('',#14877,1000.);
#4792=VECTOR('',#14878,1000.);
#4793=VECTOR('',#14883,1000.);
#4794=VECTOR('',#14888,1000.);
#4795=VECTOR('',#14889,1000.);
#4796=VECTOR('',#14896,1000.);
#4797=VECTOR('',#14897,1000.);
#4798=VECTOR('',#14898,1000.);
#4799=VECTOR('',#14899,1000.);
#4800=VECTOR('',#14902,1000.);
#4801=VECTOR('',#14903,1000.);
#4802=VECTOR('',#14904,1000.);
#4803=VECTOR('',#14909,1000.);
#4804=VECTOR('',#14914,1000.);
#4805=VECTOR('',#14915,1000.);
#4806=VECTOR('',#14916,1000.);
#4807=VECTOR('',#14921,1000.);
#4808=VECTOR('',#14926,1000.);
#4809=VECTOR('',#14927,1000.);
#4810=VECTOR('',#14928,1000.);
#4811=VECTOR('',#14931,1000.);
#4812=VECTOR('',#14932,1000.);
#4813=VECTOR('',#14933,1000.);
#4814=VECTOR('',#14936,1000.);
#4815=VECTOR('',#14937,1000.);
#4816=VECTOR('',#14938,1000.);
#4817=VECTOR('',#14943,1000.);
#4818=VECTOR('',#14948,1000.);
#4819=VECTOR('',#14949,1000.);
#4820=VECTOR('',#14950,1000.);
#4821=VECTOR('',#14955,1000.);
#4822=VECTOR('',#14960,1000.);
#4823=VECTOR('',#14961,1000.);
#4824=VECTOR('',#14968,1000.);
#4825=VECTOR('',#14969,1000.);
#4826=VECTOR('',#14970,1000.);
#4827=VECTOR('',#14971,1000.);
#4828=VECTOR('',#14974,1000.);
#4829=VECTOR('',#14975,1000.);
#4830=VECTOR('',#14976,1000.);
#4831=VECTOR('',#14983,1000.);
#4832=VECTOR('',#14986,1000.);
#4833=VECTOR('',#14987,1000.);
#4834=VECTOR('',#14988,1000.);
#4835=VECTOR('',#14995,1000.);
#4836=VECTOR('',#14998,1000.);
#4837=VECTOR('',#14999,1000.);
#4838=VECTOR('',#15000,1000.);
#4839=VECTOR('',#15003,1000.);
#4840=VECTOR('',#15004,1000.);
#4841=VECTOR('',#15005,1000.);
#4842=VECTOR('',#15008,1000.);
#4843=VECTOR('',#15009,1000.);
#4844=VECTOR('',#15010,1000.);
#4845=VECTOR('',#15017,1000.);
#4846=VECTOR('',#15020,1000.);
#4847=VECTOR('',#15021,1000.);
#4848=VECTOR('',#15022,1000.);
#4849=VECTOR('',#15029,1000.);
#4850=VECTOR('',#15032,1000.);
#4851=VECTOR('',#15033,1000.);
#4852=VECTOR('',#15040,1000.);
#4853=VECTOR('',#15041,1000.);
#4854=VECTOR('',#15042,1000.);
#4855=VECTOR('',#15043,1000.);
#4856=VECTOR('',#15046,1000.);
#4857=VECTOR('',#15047,1000.);
#4858=VECTOR('',#15048,1000.);
#4859=VECTOR('',#15049,1000.);
#4860=VECTOR('',#15052,1000.);
#4861=VECTOR('',#15053,1000.);
#4862=VECTOR('',#15054,1000.);
#4863=VECTOR('',#15057,1000.);
#4864=VECTOR('',#15058,1000.);
#4865=VECTOR('',#15061,1000.);
#4866=VECTOR('',#15062,1000.);
#4867=VECTOR('',#15065,1000.);
#4868=VECTOR('',#15068,1000.);
#4869=VECTOR('',#15069,1000.);
#4870=VECTOR('',#15072,1000.);
#4871=VECTOR('',#15075,1000.);
#4872=VECTOR('',#15080,1000.);
#4873=VECTOR('',#15081,1000.);
#4874=VECTOR('',#15082,1000.);
#4875=VECTOR('',#15083,1000.);
#4876=VECTOR('',#15086,1000.);
#4877=VECTOR('',#15087,1000.);
#4878=VECTOR('',#15088,1000.);
#4879=VECTOR('',#15095,1000.);
#4880=VECTOR('',#15098,1000.);
#4881=VECTOR('',#15099,1000.);
#4882=VECTOR('',#15100,1000.);
#4883=VECTOR('',#15107,1000.);
#4884=VECTOR('',#15110,1000.);
#4885=VECTOR('',#15111,1000.);
#4886=VECTOR('',#15112,1000.);
#4887=VECTOR('',#15115,1000.);
#4888=VECTOR('',#15116,1000.);
#4889=VECTOR('',#15117,1000.);
#4890=VECTOR('',#15120,1000.);
#4891=VECTOR('',#15121,1000.);
#4892=VECTOR('',#15122,1000.);
#4893=VECTOR('',#15129,1000.);
#4894=VECTOR('',#15132,1000.);
#4895=VECTOR('',#15133,1000.);
#4896=VECTOR('',#15134,1000.);
#4897=VECTOR('',#15141,1000.);
#4898=VECTOR('',#15144,1000.);
#4899=VECTOR('',#15145,1000.);
#4900=VECTOR('',#15152,1000.);
#4901=VECTOR('',#15153,1000.);
#4902=VECTOR('',#15154,1000.);
#4903=VECTOR('',#15155,1000.);
#4904=VECTOR('',#15158,1000.);
#4905=VECTOR('',#15159,1000.);
#4906=VECTOR('',#15160,1000.);
#4907=VECTOR('',#15167,1000.);
#4908=VECTOR('',#15170,1000.);
#4909=VECTOR('',#15171,1000.);
#4910=VECTOR('',#15172,1000.);
#4911=VECTOR('',#15179,1000.);
#4912=VECTOR('',#15182,1000.);
#4913=VECTOR('',#15183,1000.);
#4914=VECTOR('',#15184,1000.);
#4915=VECTOR('',#15187,1000.);
#4916=VECTOR('',#15188,1000.);
#4917=VECTOR('',#15189,1000.);
#4918=VECTOR('',#15192,1000.);
#4919=VECTOR('',#15193,1000.);
#4920=VECTOR('',#15194,1000.);
#4921=VECTOR('',#15201,1000.);
#4922=VECTOR('',#15204,1000.);
#4923=VECTOR('',#15205,1000.);
#4924=VECTOR('',#15206,1000.);
#4925=VECTOR('',#15213,1000.);
#4926=VECTOR('',#15216,1000.);
#4927=VECTOR('',#15217,1000.);
#4928=VECTOR('',#15224,1000.);
#4929=VECTOR('',#15225,1000.);
#4930=VECTOR('',#15226,1000.);
#4931=VECTOR('',#15227,1000.);
#4932=VECTOR('',#15230,1000.);
#4933=VECTOR('',#15231,1000.);
#4934=VECTOR('',#15232,1000.);
#4935=VECTOR('',#15237,1000.);
#4936=VECTOR('',#15242,1000.);
#4937=VECTOR('',#15243,1000.);
#4938=VECTOR('',#15244,1000.);
#4939=VECTOR('',#15249,1000.);
#4940=VECTOR('',#15254,1000.);
#4941=VECTOR('',#15255,1000.);
#4942=VECTOR('',#15256,1000.);
#4943=VECTOR('',#15259,1000.);
#4944=VECTOR('',#15260,1000.);
#4945=VECTOR('',#15261,1000.);
#4946=VECTOR('',#15264,1000.);
#4947=VECTOR('',#15265,1000.);
#4948=VECTOR('',#15266,1000.);
#4949=VECTOR('',#15271,1000.);
#4950=VECTOR('',#15276,1000.);
#4951=VECTOR('',#15277,1000.);
#4952=VECTOR('',#15278,1000.);
#4953=VECTOR('',#15283,1000.);
#4954=VECTOR('',#15288,1000.);
#4955=VECTOR('',#15289,1000.);
#4956=VECTOR('',#15296,1000.);
#4957=VECTOR('',#15297,1000.);
#4958=VECTOR('',#15298,1000.);
#4959=VECTOR('',#15299,1000.);
#4960=VECTOR('',#15302,1000.);
#4961=VECTOR('',#15303,1000.);
#4962=VECTOR('',#15304,1000.);
#4963=VECTOR('',#15311,1000.);
#4964=VECTOR('',#15314,1000.);
#4965=VECTOR('',#15315,1000.);
#4966=VECTOR('',#15316,1000.);
#4967=VECTOR('',#15323,1000.);
#4968=VECTOR('',#15326,1000.);
#4969=VECTOR('',#15327,1000.);
#4970=VECTOR('',#15328,1000.);
#4971=VECTOR('',#15331,1000.);
#4972=VECTOR('',#15332,1000.);
#4973=VECTOR('',#15333,1000.);
#4974=VECTOR('',#15336,1000.);
#4975=VECTOR('',#15337,1000.);
#4976=VECTOR('',#15338,1000.);
#4977=VECTOR('',#15345,1000.);
#4978=VECTOR('',#15348,1000.);
#4979=VECTOR('',#15349,1000.);
#4980=VECTOR('',#15350,1000.);
#4981=VECTOR('',#15357,1000.);
#4982=VECTOR('',#15360,1000.);
#4983=VECTOR('',#15361,1000.);
#4984=VECTOR('',#15368,1000.);
#4985=VECTOR('',#15369,1000.);
#4986=VECTOR('',#15370,1000.);
#4987=VECTOR('',#15371,1000.);
#4988=VECTOR('',#15374,1000.);
#4989=VECTOR('',#15375,1000.);
#4990=VECTOR('',#15376,1000.);
#4991=VECTOR('',#15383,1000.);
#4992=VECTOR('',#15386,1000.);
#4993=VECTOR('',#15387,1000.);
#4994=VECTOR('',#15388,1000.);
#4995=VECTOR('',#15395,1000.);
#4996=VECTOR('',#15398,1000.);
#4997=VECTOR('',#15399,1000.);
#4998=VECTOR('',#15400,1000.);
#4999=VECTOR('',#15403,1000.);
#5000=VECTOR('',#15404,1000.);
#5001=VECTOR('',#15405,1000.);
#5002=VECTOR('',#15408,1000.);
#5003=VECTOR('',#15409,1000.);
#5004=VECTOR('',#15410,1000.);
#5005=VECTOR('',#15417,1000.);
#5006=VECTOR('',#15420,1000.);
#5007=VECTOR('',#15421,1000.);
#5008=VECTOR('',#15422,1000.);
#5009=VECTOR('',#15429,1000.);
#5010=VECTOR('',#15432,1000.);
#5011=VECTOR('',#15433,1000.);
#5012=VECTOR('',#15440,1000.);
#5013=VECTOR('',#15441,1000.);
#5014=VECTOR('',#15442,1000.);
#5015=VECTOR('',#15443,1000.);
#5016=VECTOR('',#15446,1000.);
#5017=VECTOR('',#15447,1000.);
#5018=VECTOR('',#15448,1000.);
#5019=VECTOR('',#15453,1000.);
#5020=VECTOR('',#15458,1000.);
#5021=VECTOR('',#15459,1000.);
#5022=VECTOR('',#15460,1000.);
#5023=VECTOR('',#15465,1000.);
#5024=VECTOR('',#15470,1000.);
#5025=VECTOR('',#15471,1000.);
#5026=VECTOR('',#15472,1000.);
#5027=VECTOR('',#15475,1000.);
#5028=VECTOR('',#15476,1000.);
#5029=VECTOR('',#15477,1000.);
#5030=VECTOR('',#15480,1000.);
#5031=VECTOR('',#15481,1000.);
#5032=VECTOR('',#15482,1000.);
#5033=VECTOR('',#15487,1000.);
#5034=VECTOR('',#15492,1000.);
#5035=VECTOR('',#15493,1000.);
#5036=VECTOR('',#15494,1000.);
#5037=VECTOR('',#15499,1000.);
#5038=VECTOR('',#15504,1000.);
#5039=VECTOR('',#15505,1000.);
#5040=VECTOR('',#15512,1000.);
#5041=VECTOR('',#15513,1000.);
#5042=VECTOR('',#15514,1000.);
#5043=VECTOR('',#15515,1000.);
#5044=VECTOR('',#15518,1000.);
#5045=VECTOR('',#15519,1000.);
#5046=VECTOR('',#15520,1000.);
#5047=VECTOR('',#15521,1000.);
#5048=VECTOR('',#15524,1000.);
#5049=VECTOR('',#15525,1000.);
#5050=VECTOR('',#15526,1000.);
#5051=VECTOR('',#15529,1000.);
#5052=VECTOR('',#15530,1000.);
#5053=VECTOR('',#15533,1000.);
#5054=VECTOR('',#15534,1000.);
#5055=VECTOR('',#15537,1000.);
#5056=VECTOR('',#15540,1000.);
#5057=VECTOR('',#15541,1000.);
#5058=VECTOR('',#15544,1000.);
#5059=VECTOR('',#15547,1000.);
#5060=VECTOR('',#15554,1.25);
#5061=VECTOR('',#15561,2.);
#5062=VECTOR('',#15572,1.25);
#5063=VECTOR('',#15579,2.);
#5064=VECTOR('',#15590,1.25);
#5065=VECTOR('',#15597,2.00000000000001);
#5066=VECTOR('',#15608,1.25);
#5067=VECTOR('',#15615,2.);
#5068=VECTOR('',#15626,0.499999999999999);
#5069=VECTOR('',#15633,1.);
#5070=VECTOR('',#15644,0.499999999999999);
#5071=VECTOR('',#15651,1.);
#5072=VECTOR('',#15662,0.499999999999999);
#5073=VECTOR('',#15669,1.);
#5074=VECTOR('',#15680,0.499999999999999);
#5075=VECTOR('',#15687,1.);
#5076=VECTOR('',#15698,0.499999999999999);
#5077=VECTOR('',#15705,1.);
#5078=VECTOR('',#15716,0.499999999999999);
#5079=VECTOR('',#15723,1.);
#5080=VECTOR('',#15734,0.500000000000004);
#5081=VECTOR('',#15741,1.);
#5082=VECTOR('',#15752,0.500000000000004);
#5083=VECTOR('',#15759,1.);
#5084=VECTOR('',#15770,0.500000000000004);
#5085=VECTOR('',#15777,1.);
#5086=VECTOR('',#15788,0.500000000000004);
#5087=VECTOR('',#15795,1.);
#5088=VECTOR('',#15806,0.5);
#5089=VECTOR('',#15817,0.5);
#5090=VECTOR('',#15828,1.25);
#5091=VECTOR('',#15835,2.);
#5092=VECTOR('',#15846,0.500000000000004);
#5093=VECTOR('',#15853,1.);
#5094=VECTOR('',#15864,0.500000000000004);
#5095=VECTOR('',#15871,1.);
#5096=VECTOR('',#15882,0.500000000000004);
#5097=VECTOR('',#15889,1.);
#5098=VECTOR('',#15900,0.500000000000004);
#5099=VECTOR('',#15907,1.);
#5100=VECTOR('',#15918,1.25);
#5101=VECTOR('',#15925,2.00000000000001);
#5102=VECTOR('',#15936,1.25);
#5103=VECTOR('',#15943,2.);
#5104=VECTOR('',#15954,0.499999999999999);
#5105=VECTOR('',#15961,1.);
#5106=VECTOR('',#15972,0.499999999999999);
#5107=VECTOR('',#15979,1.);
#5108=VECTOR('',#15990,0.499999999999999);
#5109=VECTOR('',#15997,1.);
#5110=VECTOR('',#16008,0.499999999999999);
#5111=VECTOR('',#16015,1.);
#5112=VECTOR('',#16026,0.499999999999999);
#5113=VECTOR('',#16033,1.);
#5114=VECTOR('',#16044,0.499999999999999);
#5115=VECTOR('',#16051,1.);
#5116=VECTOR('',#16062,1.25);
#5117=VECTOR('',#16069,2.);
#5118=VECTOR('',#16088,0.25);
#5119=VECTOR('',#16091,1000.);
#5120=VECTOR('',#16092,1000.);
#5121=VECTOR('',#16093,1000.);
#5122=VECTOR('',#16094,1000.);
#5123=VECTOR('',#16095,1000.);
#5124=VECTOR('',#16096,1000.);
#5125=VECTOR('',#16099,1000.);
#5126=VECTOR('',#16100,1000.);
#5127=VECTOR('',#16101,1000.);
#5128=VECTOR('',#16102,1000.);
#5129=VECTOR('',#16105,1000.);
#5130=VECTOR('',#16106,1000.);
#5131=VECTOR('',#16107,1000.);
#5132=VECTOR('',#16108,1000.);
#5133=VECTOR('',#16109,1000.);
#5134=VECTOR('',#16112,1000.);
#5135=VECTOR('',#16113,1000.);
#5136=VECTOR('',#16114,1000.);
#5137=VECTOR('',#16115,1000.);
#5138=VECTOR('',#16118,1000.);
#5139=VECTOR('',#16119,1000.);
#5140=VECTOR('',#16120,1000.);
#5141=VECTOR('',#16121,1000.);
#5142=VECTOR('',#16122,1000.);
#5143=VECTOR('',#16125,1000.);
#5144=VECTOR('',#16126,1000.);
#5145=VECTOR('',#16127,1000.);
#5146=VECTOR('',#16128,1000.);
#5147=VECTOR('',#16131,1000.);
#5148=VECTOR('',#16132,1000.);
#5149=VECTOR('',#16135,1000.);
#5150=VECTOR('',#16136,1000.);
#5151=VECTOR('',#16137,1000.);
#5152=VECTOR('',#16138,1000.);
#5153=VECTOR('',#16141,1000.);
#5154=VECTOR('',#16142,1000.);
#5155=VECTOR('',#16143,1000.);
#5156=VECTOR('',#16144,1000.);
#5157=VECTOR('',#16147,1000.);
#5158=VECTOR('',#16148,1000.);
#5159=VECTOR('',#16149,1000.);
#5160=VECTOR('',#16150,1000.);
#5161=VECTOR('',#16287,1000.);
#5162=VECTOR('',#16288,1000.);
#5163=VECTOR('',#16289,1000.);
#5164=VECTOR('',#16290,1000.);
#5165=VECTOR('',#16293,1000.);
#5166=VECTOR('',#16294,1000.);
#5167=VECTOR('',#16295,1000.);
#5168=VECTOR('',#16298,1000.);
#5169=VECTOR('',#16299,1000.);
#5170=VECTOR('',#16300,1000.);
#5171=VECTOR('',#16303,1000.);
#5172=VECTOR('',#16304,1000.);
#5173=VECTOR('',#16311,1000.);
#5174=VECTOR('',#16312,1000.);
#5175=VECTOR('',#16313,1000.);
#5176=VECTOR('',#16314,1000.);
#5177=VECTOR('',#16317,1000.);
#5178=VECTOR('',#16318,1000.);
#5179=VECTOR('',#16319,1000.);
#5180=VECTOR('',#16322,1000.);
#5181=VECTOR('',#16323,1000.);
#5182=VECTOR('',#16324,1000.);
#5183=VECTOR('',#16327,1000.);
#5184=VECTOR('',#16328,1000.);
#5185=VECTOR('',#16335,1000.);
#5186=VECTOR('',#16336,1000.);
#5187=VECTOR('',#16337,1000.);
#5188=VECTOR('',#16338,1000.);
#5189=VECTOR('',#16341,1000.);
#5190=VECTOR('',#16342,1000.);
#5191=VECTOR('',#16343,1000.);
#5192=VECTOR('',#16346,1000.);
#5193=VECTOR('',#16347,1000.);
#5194=VECTOR('',#16348,1000.);
#5195=VECTOR('',#16351,1000.);
#5196=VECTOR('',#16352,1000.);
#5197=VECTOR('',#16359,1000.);
#5198=VECTOR('',#16360,1000.);
#5199=VECTOR('',#16361,1000.);
#5200=VECTOR('',#16362,1000.);
#5201=VECTOR('',#16365,1000.);
#5202=VECTOR('',#16366,1000.);
#5203=VECTOR('',#16367,1000.);
#5204=VECTOR('',#16370,1000.);
#5205=VECTOR('',#16371,1000.);
#5206=VECTOR('',#16372,1000.);
#5207=VECTOR('',#16375,1000.);
#5208=VECTOR('',#16376,1000.);
#5209=VECTOR('',#16383,1000.);
#5210=VECTOR('',#16384,1000.);
#5211=VECTOR('',#16385,1000.);
#5212=VECTOR('',#16386,1000.);
#5213=VECTOR('',#16389,1000.);
#5214=VECTOR('',#16390,1000.);
#5215=VECTOR('',#16391,1000.);
#5216=VECTOR('',#16394,1000.);
#5217=VECTOR('',#16395,1000.);
#5218=VECTOR('',#16396,1000.);
#5219=VECTOR('',#16399,1000.);
#5220=VECTOR('',#16400,1000.);
#5221=VECTOR('',#16407,1000.);
#5222=VECTOR('',#16408,1000.);
#5223=VECTOR('',#16409,1000.);
#5224=VECTOR('',#16410,1000.);
#5225=VECTOR('',#16413,1000.);
#5226=VECTOR('',#16414,1000.);
#5227=VECTOR('',#16415,1000.);
#5228=VECTOR('',#16418,1000.);
#5229=VECTOR('',#16419,1000.);
#5230=VECTOR('',#16420,1000.);
#5231=VECTOR('',#16423,1000.);
#5232=VECTOR('',#16424,1000.);
#5233=VECTOR('',#16431,1000.);
#5234=VECTOR('',#16432,1000.);
#5235=VECTOR('',#16433,1000.);
#5236=VECTOR('',#16434,1000.);
#5237=VECTOR('',#16437,1000.);
#5238=VECTOR('',#16438,1000.);
#5239=VECTOR('',#16439,1000.);
#5240=VECTOR('',#16442,1000.);
#5241=VECTOR('',#16443,1000.);
#5242=VECTOR('',#16444,1000.);
#5243=VECTOR('',#16447,1000.);
#5244=VECTOR('',#16448,1000.);
#5245=VECTOR('',#16455,1000.);
#5246=VECTOR('',#16456,1000.);
#5247=VECTOR('',#16457,1000.);
#5248=VECTOR('',#16458,1000.);
#5249=VECTOR('',#16461,1000.);
#5250=VECTOR('',#16462,1000.);
#5251=VECTOR('',#16463,1000.);
#5252=VECTOR('',#16466,1000.);
#5253=VECTOR('',#16467,1000.);
#5254=VECTOR('',#16468,1000.);
#5255=VECTOR('',#16471,1000.);
#5256=VECTOR('',#16472,1000.);
#5257=VECTOR('',#16479,1000.);
#5258=VECTOR('',#16480,1000.);
#5259=VECTOR('',#16481,1000.);
#5260=VECTOR('',#16482,1000.);
#5261=VECTOR('',#16485,1000.);
#5262=VECTOR('',#16486,1000.);
#5263=VECTOR('',#16487,1000.);
#5264=VECTOR('',#16490,1000.);
#5265=VECTOR('',#16491,1000.);
#5266=VECTOR('',#16492,1000.);
#5267=VECTOR('',#16495,1000.);
#5268=VECTOR('',#16496,1000.);
#5269=VECTOR('',#16503,1000.);
#5270=VECTOR('',#16504,1000.);
#5271=VECTOR('',#16505,1000.);
#5272=VECTOR('',#16506,1000.);
#5273=VECTOR('',#16509,1000.);
#5274=VECTOR('',#16510,1000.);
#5275=VECTOR('',#16511,1000.);
#5276=VECTOR('',#16514,1000.);
#5277=VECTOR('',#16515,1000.);
#5278=VECTOR('',#16516,1000.);
#5279=VECTOR('',#16519,1000.);
#5280=VECTOR('',#16520,1000.);
#5281=VECTOR('',#16527,1000.);
#5282=VECTOR('',#16528,1000.);
#5283=VECTOR('',#16529,1000.);
#5284=VECTOR('',#16530,1000.);
#5285=VECTOR('',#16533,1000.);
#5286=VECTOR('',#16534,1000.);
#5287=VECTOR('',#16535,1000.);
#5288=VECTOR('',#16538,1000.);
#5289=VECTOR('',#16539,1000.);
#5290=VECTOR('',#16540,1000.);
#5291=VECTOR('',#16543,1000.);
#5292=VECTOR('',#16544,1000.);
#5293=VECTOR('',#16551,1000.);
#5294=VECTOR('',#16552,1000.);
#5295=VECTOR('',#16553,1000.);
#5296=VECTOR('',#16554,1000.);
#5297=VECTOR('',#16557,1000.);
#5298=VECTOR('',#16558,1000.);
#5299=VECTOR('',#16559,1000.);
#5300=VECTOR('',#16562,1000.);
#5301=VECTOR('',#16563,1000.);
#5302=VECTOR('',#16564,1000.);
#5303=VECTOR('',#16567,1000.);
#5304=VECTOR('',#16568,1000.);
#5305=VECTOR('',#16575,1000.);
#5306=VECTOR('',#16576,1000.);
#5307=VECTOR('',#16577,1000.);
#5308=VECTOR('',#16578,1000.);
#5309=VECTOR('',#16581,1000.);
#5310=VECTOR('',#16582,1000.);
#5311=VECTOR('',#16583,1000.);
#5312=VECTOR('',#16586,1000.);
#5313=VECTOR('',#16587,1000.);
#5314=VECTOR('',#16588,1000.);
#5315=VECTOR('',#16591,1000.);
#5316=VECTOR('',#16592,1000.);
#5317=VECTOR('',#16599,1000.);
#5318=VECTOR('',#16600,1000.);
#5319=VECTOR('',#16601,1000.);
#5320=VECTOR('',#16602,1000.);
#5321=VECTOR('',#16605,1000.);
#5322=VECTOR('',#16606,1000.);
#5323=VECTOR('',#16607,1000.);
#5324=VECTOR('',#16610,1000.);
#5325=VECTOR('',#16611,1000.);
#5326=VECTOR('',#16612,1000.);
#5327=VECTOR('',#16615,1000.);
#5328=VECTOR('',#16616,1000.);
#5329=VECTOR('',#16623,1000.);
#5330=VECTOR('',#16624,1000.);
#5331=VECTOR('',#16625,1000.);
#5332=VECTOR('',#16626,1000.);
#5333=VECTOR('',#16629,1000.);
#5334=VECTOR('',#16630,1000.);
#5335=VECTOR('',#16631,1000.);
#5336=VECTOR('',#16634,1000.);
#5337=VECTOR('',#16635,1000.);
#5338=VECTOR('',#16636,1000.);
#5339=VECTOR('',#16639,1000.);
#5340=VECTOR('',#16640,1000.);
#5341=VECTOR('',#16647,1000.);
#5342=VECTOR('',#16648,1000.);
#5343=VECTOR('',#16649,1000.);
#5344=VECTOR('',#16650,1000.);
#5345=VECTOR('',#16653,1000.);
#5346=VECTOR('',#16654,1000.);
#5347=VECTOR('',#16655,1000.);
#5348=VECTOR('',#16658,1000.);
#5349=VECTOR('',#16659,1000.);
#5350=VECTOR('',#16660,1000.);
#5351=VECTOR('',#16663,1000.);
#5352=VECTOR('',#16664,1000.);
#5353=VECTOR('',#16671,1000.);
#5354=VECTOR('',#16672,1000.);
#5355=VECTOR('',#16673,1000.);
#5356=VECTOR('',#16674,1000.);
#5357=VECTOR('',#16677,1000.);
#5358=VECTOR('',#16678,1000.);
#5359=VECTOR('',#16679,1000.);
#5360=VECTOR('',#16682,1000.);
#5361=VECTOR('',#16683,1000.);
#5362=VECTOR('',#16684,1000.);
#5363=VECTOR('',#16687,1000.);
#5364=VECTOR('',#16688,1000.);
#5365=VECTOR('',#16695,1000.);
#5366=VECTOR('',#16696,1000.);
#5367=VECTOR('',#16697,1000.);
#5368=VECTOR('',#16698,1000.);
#5369=VECTOR('',#16701,1000.);
#5370=VECTOR('',#16702,1000.);
#5371=VECTOR('',#16703,1000.);
#5372=VECTOR('',#16706,1000.);
#5373=VECTOR('',#16707,1000.);
#5374=VECTOR('',#16708,1000.);
#5375=VECTOR('',#16711,1000.);
#5376=VECTOR('',#16712,1000.);
#5377=VECTOR('',#16719,1000.);
#5378=VECTOR('',#16720,1000.);
#5379=VECTOR('',#16721,1000.);
#5380=VECTOR('',#16722,1000.);
#5381=VECTOR('',#16725,1000.);
#5382=VECTOR('',#16726,1000.);
#5383=VECTOR('',#16727,1000.);
#5384=VECTOR('',#16730,1000.);
#5385=VECTOR('',#16731,1000.);
#5386=VECTOR('',#16732,1000.);
#5387=VECTOR('',#16735,1000.);
#5388=VECTOR('',#16736,1000.);
#5389=VECTOR('',#16743,1000.);
#5390=VECTOR('',#16744,1000.);
#5391=VECTOR('',#16745,1000.);
#5392=VECTOR('',#16746,1000.);
#5393=VECTOR('',#16749,1000.);
#5394=VECTOR('',#16750,1000.);
#5395=VECTOR('',#16751,1000.);
#5396=VECTOR('',#16754,1000.);
#5397=VECTOR('',#16755,1000.);
#5398=VECTOR('',#16756,1000.);
#5399=VECTOR('',#16759,1000.);
#5400=VECTOR('',#16760,1000.);
#5401=VECTOR('',#16767,1000.);
#5402=VECTOR('',#16768,1000.);
#5403=VECTOR('',#16769,1000.);
#5404=VECTOR('',#16770,1000.);
#5405=VECTOR('',#16773,1000.);
#5406=VECTOR('',#16774,1000.);
#5407=VECTOR('',#16775,1000.);
#5408=VECTOR('',#16778,1000.);
#5409=VECTOR('',#16779,1000.);
#5410=VECTOR('',#16780,1000.);
#5411=VECTOR('',#16783,1000.);
#5412=VECTOR('',#16784,1000.);
#5413=VECTOR('',#16791,1000.);
#5414=VECTOR('',#16792,1000.);
#5415=VECTOR('',#16793,1000.);
#5416=VECTOR('',#16794,1000.);
#5417=VECTOR('',#16797,1000.);
#5418=VECTOR('',#16798,1000.);
#5419=VECTOR('',#16799,1000.);
#5420=VECTOR('',#16802,1000.);
#5421=VECTOR('',#16803,1000.);
#5422=VECTOR('',#16804,1000.);
#5423=VECTOR('',#16807,1000.);
#5424=VECTOR('',#16808,1000.);
#5425=VECTOR('',#16815,1000.);
#5426=VECTOR('',#16816,1000.);
#5427=VECTOR('',#16817,1000.);
#5428=VECTOR('',#16818,1000.);
#5429=VECTOR('',#16821,1000.);
#5430=VECTOR('',#16822,1000.);
#5431=VECTOR('',#16823,1000.);
#5432=VECTOR('',#16826,1000.);
#5433=VECTOR('',#16827,1000.);
#5434=VECTOR('',#16828,1000.);
#5435=VECTOR('',#16831,1000.);
#5436=VECTOR('',#16832,1000.);
#5437=VECTOR('',#16839,1000.);
#5438=VECTOR('',#16840,1000.);
#5439=VECTOR('',#16841,1000.);
#5440=VECTOR('',#16842,1000.);
#5441=VECTOR('',#16845,1000.);
#5442=VECTOR('',#16846,1000.);
#5443=VECTOR('',#16847,1000.);
#5444=VECTOR('',#16850,1000.);
#5445=VECTOR('',#16851,1000.);
#5446=VECTOR('',#16852,1000.);
#5447=VECTOR('',#16855,1000.);
#5448=VECTOR('',#16856,1000.);
#5449=VECTOR('',#16863,1000.);
#5450=VECTOR('',#16864,1000.);
#5451=VECTOR('',#16865,1000.);
#5452=VECTOR('',#16866,1000.);
#5453=VECTOR('',#16869,1000.);
#5454=VECTOR('',#16870,1000.);
#5455=VECTOR('',#16871,1000.);
#5456=VECTOR('',#16874,1000.);
#5457=VECTOR('',#16875,1000.);
#5458=VECTOR('',#16876,1000.);
#5459=VECTOR('',#16879,1000.);
#5460=VECTOR('',#16880,1000.);
#5461=VECTOR('',#16887,1000.);
#5462=VECTOR('',#16888,1000.);
#5463=VECTOR('',#16889,1000.);
#5464=VECTOR('',#16890,1000.);
#5465=VECTOR('',#16893,1000.);
#5466=VECTOR('',#16894,1000.);
#5467=VECTOR('',#16895,1000.);
#5468=VECTOR('',#16898,1000.);
#5469=VECTOR('',#16899,1000.);
#5470=VECTOR('',#16900,1000.);
#5471=VECTOR('',#16903,1000.);
#5472=VECTOR('',#16904,1000.);
#5473=VECTOR('',#16911,1000.);
#5474=VECTOR('',#16912,1000.);
#5475=VECTOR('',#16913,1000.);
#5476=VECTOR('',#16914,1000.);
#5477=VECTOR('',#16917,1000.);
#5478=VECTOR('',#16918,1000.);
#5479=VECTOR('',#16919,1000.);
#5480=VECTOR('',#16922,1000.);
#5481=VECTOR('',#16923,1000.);
#5482=VECTOR('',#16924,1000.);
#5483=VECTOR('',#16927,1000.);
#5484=VECTOR('',#16928,1000.);
#5485=VECTOR('',#16935,1000.);
#5486=VECTOR('',#16936,1000.);
#5487=VECTOR('',#16937,1000.);
#5488=VECTOR('',#16938,1000.);
#5489=VECTOR('',#16941,1000.);
#5490=VECTOR('',#16942,1000.);
#5491=VECTOR('',#16943,1000.);
#5492=VECTOR('',#16946,1000.);
#5493=VECTOR('',#16947,1000.);
#5494=VECTOR('',#16948,1000.);
#5495=VECTOR('',#16951,1000.);
#5496=VECTOR('',#16952,1000.);
#5497=VECTOR('',#16961,0.25);
#5498=VECTOR('',#16968,0.25);
#5499=VECTOR('',#16975,0.25);
#5500=VECTOR('',#16982,0.25);
#5501=VECTOR('',#16989,0.25);
#5502=VECTOR('',#16996,0.25);
#5503=VECTOR('',#17003,0.25);
#5504=VECTOR('',#17010,0.25);
#5505=VECTOR('',#17017,0.25);
#5506=VECTOR('',#17024,0.25);
#5507=VECTOR('',#17031,0.25);
#5508=VECTOR('',#17038,0.249999999999999);
#5509=VECTOR('',#17045,0.249999999999999);
#5510=VECTOR('',#17052,0.250000008);
#5511=VECTOR('',#17059,0.5);
#5512=VECTOR('',#17066,0.5);
#5513=VECTOR('',#17073,0.5);
#5514=VECTOR('',#17080,0.5);
#5515=VECTOR('',#17087,0.500000000000001);
#5516=VECTOR('',#17094,0.500000000000001);
#5517=VECTOR('',#17101,0.500000000000001);
#5518=VECTOR('',#17108,0.500000000000001);
#5519=VECTOR('',#17115,0.499999999999999);
#5520=VECTOR('',#17122,0.499999999999999);
#5521=VECTOR('',#17129,1.25);
#5522=VECTOR('',#17136,1.25);
#5523=VECTOR('',#17143,1.25);
#5524=VECTOR('',#17150,1.25);
#5525=VECTOR('',#17155,1000.);
#5526=VECTOR('',#17158,1000.);
#5527=VECTOR('',#17161,1000.);
#5528=VECTOR('',#17164,1000.);
#5529=VECTOR('',#17167,1000.);
#5530=VECTOR('',#17168,1000.);
#5531=VECTOR('',#17169,1000.);
#5532=VECTOR('',#17170,1000.);
#5533=VECTOR('',#17173,1000.);
#5534=VECTOR('',#17176,1000.);
#5535=VECTOR('',#17179,1000.);
#5536=VECTOR('',#17182,1000.);
#5537=VECTOR('',#17187,1000.);
#5538=VECTOR('',#17190,1000.);
#5539=VECTOR('',#17195,1000.);
#5540=VECTOR('',#17196,1000.);
#5541=VECTOR('',#17197,1000.);
#5542=VECTOR('',#17202,1000.);
#5543=VECTOR('',#17207,1000.);
#5544=VECTOR('',#17208,1000.);
#5545=VECTOR('',#17209,1000.);
#5546=VECTOR('',#17214,1000.);
#5547=VECTOR('',#17219,1000.);
#5548=VECTOR('',#17220,1000.);
#5549=VECTOR('',#17221,1000.);
#5550=VECTOR('',#17226,1000.);
#5551=VECTOR('',#17231,1000.);
#5552=VECTOR('',#17232,1000.);
#5553=VECTOR('',#17299,1000.);
#5554=VECTOR('',#17300,1000.);
#5555=VECTOR('',#17301,1000.);
#5556=VECTOR('',#17304,1000.);
#5557=VECTOR('',#17305,1000.);
#5558=VECTOR('',#17308,1000.);
#5559=VECTOR('',#17309,1000.);
#5560=VECTOR('',#17312,1000.);
#5561=VERTEX_POINT('',#17317);
#5562=VERTEX_POINT('',#17318);
#5563=VERTEX_POINT('',#17320);
#5564=VERTEX_POINT('',#17322);
#5565=VERTEX_POINT('',#17326);
#5566=VERTEX_POINT('',#17327);
#5567=VERTEX_POINT('',#17329);
#5568=VERTEX_POINT('',#17331);
#5569=VERTEX_POINT('',#17335);
#5570=VERTEX_POINT('',#17336);
#5571=VERTEX_POINT('',#17338);
#5572=VERTEX_POINT('',#17340);
#5573=VERTEX_POINT('',#17344);
#5574=VERTEX_POINT('',#17345);
#5575=VERTEX_POINT('',#17347);
#5576=VERTEX_POINT('',#17349);
#5577=VERTEX_POINT('',#17353);
#5578=VERTEX_POINT('',#17354);
#5579=VERTEX_POINT('',#17356);
#5580=VERTEX_POINT('',#17358);
#5581=VERTEX_POINT('',#17362);
#5582=VERTEX_POINT('',#17363);
#5583=VERTEX_POINT('',#17365);
#5584=VERTEX_POINT('',#17367);
#5585=VERTEX_POINT('',#17415);
#5586=VERTEX_POINT('',#17416);
#5587=VERTEX_POINT('',#17418);
#5588=VERTEX_POINT('',#17420);
#5589=VERTEX_POINT('',#17424);
#5590=VERTEX_POINT('',#17426);
#5591=VERTEX_POINT('',#17430);
#5592=VERTEX_POINT('',#17432);
#5593=VERTEX_POINT('',#17441);
#5594=VERTEX_POINT('',#17442);
#5595=VERTEX_POINT('',#17444);
#5596=VERTEX_POINT('',#17446);
#5597=VERTEX_POINT('',#17450);
#5598=VERTEX_POINT('',#17452);
#5599=VERTEX_POINT('',#17456);
#5600=VERTEX_POINT('',#17458);
#5601=VERTEX_POINT('',#17467);
#5602=VERTEX_POINT('',#17468);
#5603=VERTEX_POINT('',#17470);
#5604=VERTEX_POINT('',#17472);
#5605=VERTEX_POINT('',#17476);
#5606=VERTEX_POINT('',#17478);
#5607=VERTEX_POINT('',#17482);
#5608=VERTEX_POINT('',#17484);
#5609=VERTEX_POINT('',#17493);
#5610=VERTEX_POINT('',#17494);
#5611=VERTEX_POINT('',#17496);
#5612=VERTEX_POINT('',#17498);
#5613=VERTEX_POINT('',#17502);
#5614=VERTEX_POINT('',#17504);
#5615=VERTEX_POINT('',#17508);
#5616=VERTEX_POINT('',#17510);
#5617=VERTEX_POINT('',#17519);
#5618=VERTEX_POINT('',#17520);
#5619=VERTEX_POINT('',#17522);
#5620=VERTEX_POINT('',#17524);
#5621=VERTEX_POINT('',#17528);
#5622=VERTEX_POINT('',#17530);
#5623=VERTEX_POINT('',#17534);
#5624=VERTEX_POINT('',#17536);
#5625=VERTEX_POINT('',#17545);
#5626=VERTEX_POINT('',#17546);
#5627=VERTEX_POINT('',#17548);
#5628=VERTEX_POINT('',#17550);
#5629=VERTEX_POINT('',#17554);
#5630=VERTEX_POINT('',#17556);
#5631=VERTEX_POINT('',#17560);
#5632=VERTEX_POINT('',#17562);
#5633=VERTEX_POINT('',#17571);
#5634=VERTEX_POINT('',#17572);
#5635=VERTEX_POINT('',#17574);
#5636=VERTEX_POINT('',#17576);
#5637=VERTEX_POINT('',#17580);
#5638=VERTEX_POINT('',#17582);
#5639=VERTEX_POINT('',#17586);
#5640=VERTEX_POINT('',#17588);
#5641=VERTEX_POINT('',#17597);
#5642=VERTEX_POINT('',#17598);
#5643=VERTEX_POINT('',#17600);
#5644=VERTEX_POINT('',#17602);
#5645=VERTEX_POINT('',#17606);
#5646=VERTEX_POINT('',#17608);
#5647=VERTEX_POINT('',#17612);
#5648=VERTEX_POINT('',#17614);
#5649=VERTEX_POINT('',#17623);
#5650=VERTEX_POINT('',#17624);
#5651=VERTEX_POINT('',#17626);
#5652=VERTEX_POINT('',#17628);
#5653=VERTEX_POINT('',#17632);
#5654=VERTEX_POINT('',#17634);
#5655=VERTEX_POINT('',#17638);
#5656=VERTEX_POINT('',#17640);
#5657=VERTEX_POINT('',#17649);
#5658=VERTEX_POINT('',#17650);
#5659=VERTEX_POINT('',#17652);
#5660=VERTEX_POINT('',#17654);
#5661=VERTEX_POINT('',#17658);
#5662=VERTEX_POINT('',#17660);
#5663=VERTEX_POINT('',#17664);
#5664=VERTEX_POINT('',#17666);
#5665=VERTEX_POINT('',#17675);
#5666=VERTEX_POINT('',#17676);
#5667=VERTEX_POINT('',#17678);
#5668=VERTEX_POINT('',#17680);
#5669=VERTEX_POINT('',#17684);
#5670=VERTEX_POINT('',#17686);
#5671=VERTEX_POINT('',#17690);
#5672=VERTEX_POINT('',#17692);
#5673=VERTEX_POINT('',#17701);
#5674=VERTEX_POINT('',#17702);
#5675=VERTEX_POINT('',#17704);
#5676=VERTEX_POINT('',#17706);
#5677=VERTEX_POINT('',#17710);
#5678=VERTEX_POINT('',#17712);
#5679=VERTEX_POINT('',#17716);
#5680=VERTEX_POINT('',#17718);
#5681=VERTEX_POINT('',#17727);
#5682=VERTEX_POINT('',#17728);
#5683=VERTEX_POINT('',#17730);
#5684=VERTEX_POINT('',#17732);
#5685=VERTEX_POINT('',#17736);
#5686=VERTEX_POINT('',#17738);
#5687=VERTEX_POINT('',#17742);
#5688=VERTEX_POINT('',#17744);
#5689=VERTEX_POINT('',#17753);
#5690=VERTEX_POINT('',#17754);
#5691=VERTEX_POINT('',#17756);
#5692=VERTEX_POINT('',#17758);
#5693=VERTEX_POINT('',#17762);
#5694=VERTEX_POINT('',#17764);
#5695=VERTEX_POINT('',#17768);
#5696=VERTEX_POINT('',#17770);
#5697=VERTEX_POINT('',#17779);
#5698=VERTEX_POINT('',#17780);
#5699=VERTEX_POINT('',#17782);
#5700=VERTEX_POINT('',#17784);
#5701=VERTEX_POINT('',#17788);
#5702=VERTEX_POINT('',#17789);
#5703=VERTEX_POINT('',#17791);
#5704=VERTEX_POINT('',#17793);
#5705=VERTEX_POINT('',#17797);
#5706=VERTEX_POINT('',#17798);
#5707=VERTEX_POINT('',#17806);
#5708=VERTEX_POINT('',#17808);
#5709=VERTEX_POINT('',#17821);
#5710=VERTEX_POINT('',#17822);
#5711=VERTEX_POINT('',#17824);
#5712=VERTEX_POINT('',#17826);
#5713=VERTEX_POINT('',#17830);
#5714=VERTEX_POINT('',#17832);
#5715=VERTEX_POINT('',#17836);
#5716=VERTEX_POINT('',#17838);
#5717=VERTEX_POINT('',#17842);
#5718=VERTEX_POINT('',#17844);
#5719=VERTEX_POINT('',#17848);
#5720=VERTEX_POINT('',#17850);
#5721=VERTEX_POINT('',#17854);
#5722=VERTEX_POINT('',#17856);
#5723=VERTEX_POINT('',#17860);
#5724=VERTEX_POINT('',#17862);
#5725=VERTEX_POINT('',#17866);
#5726=VERTEX_POINT('',#17868);
#5727=VERTEX_POINT('',#17872);
#5728=VERTEX_POINT('',#17874);
#5729=VERTEX_POINT('',#17878);
#5730=VERTEX_POINT('',#17880);
#5731=VERTEX_POINT('',#17884);
#5732=VERTEX_POINT('',#17886);
#5733=VERTEX_POINT('',#17895);
#5734=VERTEX_POINT('',#17896);
#5735=VERTEX_POINT('',#17898);
#5736=VERTEX_POINT('',#17900);
#5737=VERTEX_POINT('',#17904);
#5738=VERTEX_POINT('',#17906);
#5739=VERTEX_POINT('',#17910);
#5740=VERTEX_POINT('',#17912);
#5741=VERTEX_POINT('',#17916);
#5742=VERTEX_POINT('',#17918);
#5743=VERTEX_POINT('',#17922);
#5744=VERTEX_POINT('',#17924);
#5745=VERTEX_POINT('',#17928);
#5746=VERTEX_POINT('',#17930);
#5747=VERTEX_POINT('',#17934);
#5748=VERTEX_POINT('',#17936);
#5749=VERTEX_POINT('',#17940);
#5750=VERTEX_POINT('',#17942);
#5751=VERTEX_POINT('',#17946);
#5752=VERTEX_POINT('',#17948);
#5753=VERTEX_POINT('',#17952);
#5754=VERTEX_POINT('',#17954);
#5755=VERTEX_POINT('',#17958);
#5756=VERTEX_POINT('',#17960);
#5757=VERTEX_POINT('',#17969);
#5758=VERTEX_POINT('',#17970);
#5759=VERTEX_POINT('',#17972);
#5760=VERTEX_POINT('',#17974);
#5761=VERTEX_POINT('',#17978);
#5762=VERTEX_POINT('',#17980);
#5763=VERTEX_POINT('',#17984);
#5764=VERTEX_POINT('',#17986);
#5765=VERTEX_POINT('',#17990);
#5766=VERTEX_POINT('',#17992);
#5767=VERTEX_POINT('',#17996);
#5768=VERTEX_POINT('',#17998);
#5769=VERTEX_POINT('',#18002);
#5770=VERTEX_POINT('',#18004);
#5771=VERTEX_POINT('',#18008);
#5772=VERTEX_POINT('',#18010);
#5773=VERTEX_POINT('',#18014);
#5774=VERTEX_POINT('',#18016);
#5775=VERTEX_POINT('',#18020);
#5776=VERTEX_POINT('',#18022);
#5777=VERTEX_POINT('',#18026);
#5778=VERTEX_POINT('',#18028);
#5779=VERTEX_POINT('',#18032);
#5780=VERTEX_POINT('',#18034);
#5781=VERTEX_POINT('',#18043);
#5782=VERTEX_POINT('',#18044);
#5783=VERTEX_POINT('',#18046);
#5784=VERTEX_POINT('',#18048);
#5785=VERTEX_POINT('',#18052);
#5786=VERTEX_POINT('',#18054);
#5787=VERTEX_POINT('',#18058);
#5788=VERTEX_POINT('',#18060);
#5789=VERTEX_POINT('',#18064);
#5790=VERTEX_POINT('',#18066);
#5791=VERTEX_POINT('',#18070);
#5792=VERTEX_POINT('',#18072);
#5793=VERTEX_POINT('',#18076);
#5794=VERTEX_POINT('',#18078);
#5795=VERTEX_POINT('',#18082);
#5796=VERTEX_POINT('',#18084);
#5797=VERTEX_POINT('',#18088);
#5798=VERTEX_POINT('',#18090);
#5799=VERTEX_POINT('',#18094);
#5800=VERTEX_POINT('',#18096);
#5801=VERTEX_POINT('',#18100);
#5802=VERTEX_POINT('',#18102);
#5803=VERTEX_POINT('',#18106);
#5804=VERTEX_POINT('',#18108);
#5805=VERTEX_POINT('',#18117);
#5806=VERTEX_POINT('',#18118);
#5807=VERTEX_POINT('',#18120);
#5808=VERTEX_POINT('',#18122);
#5809=VERTEX_POINT('',#18126);
#5810=VERTEX_POINT('',#18128);
#5811=VERTEX_POINT('',#18132);
#5812=VERTEX_POINT('',#18134);
#5813=VERTEX_POINT('',#18138);
#5814=VERTEX_POINT('',#18140);
#5815=VERTEX_POINT('',#18144);
#5816=VERTEX_POINT('',#18146);
#5817=VERTEX_POINT('',#18150);
#5818=VERTEX_POINT('',#18152);
#5819=VERTEX_POINT('',#18156);
#5820=VERTEX_POINT('',#18158);
#5821=VERTEX_POINT('',#18162);
#5822=VERTEX_POINT('',#18164);
#5823=VERTEX_POINT('',#18168);
#5824=VERTEX_POINT('',#18170);
#5825=VERTEX_POINT('',#18174);
#5826=VERTEX_POINT('',#18176);
#5827=VERTEX_POINT('',#18180);
#5828=VERTEX_POINT('',#18182);
#5829=VERTEX_POINT('',#18191);
#5830=VERTEX_POINT('',#18192);
#5831=VERTEX_POINT('',#18194);
#5832=VERTEX_POINT('',#18196);
#5833=VERTEX_POINT('',#18200);
#5834=VERTEX_POINT('',#18201);
#5835=VERTEX_POINT('',#18203);
#5836=VERTEX_POINT('',#18205);
#5837=VERTEX_POINT('',#18209);
#5838=VERTEX_POINT('',#18211);
#5839=VERTEX_POINT('',#18215);
#5840=VERTEX_POINT('',#18219);
#5841=VERTEX_POINT('',#18233);
#5842=VERTEX_POINT('',#18234);
#5843=VERTEX_POINT('',#18236);
#5844=VERTEX_POINT('',#18238);
#5845=VERTEX_POINT('',#18242);
#5846=VERTEX_POINT('',#18244);
#5847=VERTEX_POINT('',#18248);
#5848=VERTEX_POINT('',#18250);
#5849=VERTEX_POINT('',#18254);
#5850=VERTEX_POINT('',#18256);
#5851=VERTEX_POINT('',#18260);
#5852=VERTEX_POINT('',#18262);
#5853=VERTEX_POINT('',#18266);
#5854=VERTEX_POINT('',#18268);
#5855=VERTEX_POINT('',#18272);
#5856=VERTEX_POINT('',#18274);
#5857=VERTEX_POINT('',#18278);
#5858=VERTEX_POINT('',#18280);
#5859=VERTEX_POINT('',#18284);
#5860=VERTEX_POINT('',#18286);
#5861=VERTEX_POINT('',#18290);
#5862=VERTEX_POINT('',#18292);
#5863=VERTEX_POINT('',#18296);
#5864=VERTEX_POINT('',#18298);
#5865=VERTEX_POINT('',#18307);
#5866=VERTEX_POINT('',#18308);
#5867=VERTEX_POINT('',#18310);
#5868=VERTEX_POINT('',#18312);
#5869=VERTEX_POINT('',#18316);
#5870=VERTEX_POINT('',#18318);
#5871=VERTEX_POINT('',#18322);
#5872=VERTEX_POINT('',#18324);
#5873=VERTEX_POINT('',#18328);
#5874=VERTEX_POINT('',#18330);
#5875=VERTEX_POINT('',#18334);
#5876=VERTEX_POINT('',#18336);
#5877=VERTEX_POINT('',#18340);
#5878=VERTEX_POINT('',#18342);
#5879=VERTEX_POINT('',#18346);
#5880=VERTEX_POINT('',#18348);
#5881=VERTEX_POINT('',#18352);
#5882=VERTEX_POINT('',#18354);
#5883=VERTEX_POINT('',#18358);
#5884=VERTEX_POINT('',#18360);
#5885=VERTEX_POINT('',#18364);
#5886=VERTEX_POINT('',#18366);
#5887=VERTEX_POINT('',#18370);
#5888=VERTEX_POINT('',#18372);
#5889=VERTEX_POINT('',#18381);
#5890=VERTEX_POINT('',#18382);
#5891=VERTEX_POINT('',#18384);
#5892=VERTEX_POINT('',#18386);
#5893=VERTEX_POINT('',#18390);
#5894=VERTEX_POINT('',#18392);
#5895=VERTEX_POINT('',#18396);
#5896=VERTEX_POINT('',#18398);
#5897=VERTEX_POINT('',#18402);
#5898=VERTEX_POINT('',#18404);
#5899=VERTEX_POINT('',#18408);
#5900=VERTEX_POINT('',#18410);
#5901=VERTEX_POINT('',#18414);
#5902=VERTEX_POINT('',#18416);
#5903=VERTEX_POINT('',#18420);
#5904=VERTEX_POINT('',#18422);
#5905=VERTEX_POINT('',#18426);
#5906=VERTEX_POINT('',#18428);
#5907=VERTEX_POINT('',#18432);
#5908=VERTEX_POINT('',#18434);
#5909=VERTEX_POINT('',#18438);
#5910=VERTEX_POINT('',#18440);
#5911=VERTEX_POINT('',#18444);
#5912=VERTEX_POINT('',#18446);
#5913=VERTEX_POINT('',#18455);
#5914=VERTEX_POINT('',#18456);
#5915=VERTEX_POINT('',#18458);
#5916=VERTEX_POINT('',#18460);
#5917=VERTEX_POINT('',#18464);
#5918=VERTEX_POINT('',#18466);
#5919=VERTEX_POINT('',#18470);
#5920=VERTEX_POINT('',#18472);
#5921=VERTEX_POINT('',#18476);
#5922=VERTEX_POINT('',#18478);
#5923=VERTEX_POINT('',#18482);
#5924=VERTEX_POINT('',#18484);
#5925=VERTEX_POINT('',#18488);
#5926=VERTEX_POINT('',#18490);
#5927=VERTEX_POINT('',#18494);
#5928=VERTEX_POINT('',#18496);
#5929=VERTEX_POINT('',#18500);
#5930=VERTEX_POINT('',#18502);
#5931=VERTEX_POINT('',#18506);
#5932=VERTEX_POINT('',#18508);
#5933=VERTEX_POINT('',#18512);
#5934=VERTEX_POINT('',#18514);
#5935=VERTEX_POINT('',#18518);
#5936=VERTEX_POINT('',#18520);
#5937=VERTEX_POINT('',#18529);
#5938=VERTEX_POINT('',#18530);
#5939=VERTEX_POINT('',#18532);
#5940=VERTEX_POINT('',#18534);
#5941=VERTEX_POINT('',#18538);
#5942=VERTEX_POINT('',#18539);
#5943=VERTEX_POINT('',#18541);
#5944=VERTEX_POINT('',#18543);
#5945=VERTEX_POINT('',#18547);
#5946=VERTEX_POINT('',#18549);
#5947=VERTEX_POINT('',#18553);
#5948=VERTEX_POINT('',#18557);
#5949=VERTEX_POINT('',#18571);
#5950=VERTEX_POINT('',#18572);
#5951=VERTEX_POINT('',#18574);
#5952=VERTEX_POINT('',#18576);
#5953=VERTEX_POINT('',#18580);
#5954=VERTEX_POINT('',#18582);
#5955=VERTEX_POINT('',#18586);
#5956=VERTEX_POINT('',#18588);
#5957=VERTEX_POINT('',#18592);
#5958=VERTEX_POINT('',#18594);
#5959=VERTEX_POINT('',#18598);
#5960=VERTEX_POINT('',#18600);
#5961=VERTEX_POINT('',#18604);
#5962=VERTEX_POINT('',#18606);
#5963=VERTEX_POINT('',#18610);
#5964=VERTEX_POINT('',#18612);
#5965=VERTEX_POINT('',#18616);
#5966=VERTEX_POINT('',#18618);
#5967=VERTEX_POINT('',#18622);
#5968=VERTEX_POINT('',#18624);
#5969=VERTEX_POINT('',#18628);
#5970=VERTEX_POINT('',#18630);
#5971=VERTEX_POINT('',#18634);
#5972=VERTEX_POINT('',#18636);
#5973=VERTEX_POINT('',#18645);
#5974=VERTEX_POINT('',#18646);
#5975=VERTEX_POINT('',#18648);
#5976=VERTEX_POINT('',#18650);
#5977=VERTEX_POINT('',#18654);
#5978=VERTEX_POINT('',#18656);
#5979=VERTEX_POINT('',#18660);
#5980=VERTEX_POINT('',#18662);
#5981=VERTEX_POINT('',#18666);
#5982=VERTEX_POINT('',#18668);
#5983=VERTEX_POINT('',#18672);
#5984=VERTEX_POINT('',#18674);
#5985=VERTEX_POINT('',#18678);
#5986=VERTEX_POINT('',#18680);
#5987=VERTEX_POINT('',#18684);
#5988=VERTEX_POINT('',#18686);
#5989=VERTEX_POINT('',#18690);
#5990=VERTEX_POINT('',#18692);
#5991=VERTEX_POINT('',#18696);
#5992=VERTEX_POINT('',#18698);
#5993=VERTEX_POINT('',#18702);
#5994=VERTEX_POINT('',#18704);
#5995=VERTEX_POINT('',#18708);
#5996=VERTEX_POINT('',#18710);
#5997=VERTEX_POINT('',#18719);
#5998=VERTEX_POINT('',#18720);
#5999=VERTEX_POINT('',#18722);
#6000=VERTEX_POINT('',#18724);
#6001=VERTEX_POINT('',#18728);
#6002=VERTEX_POINT('',#18730);
#6003=VERTEX_POINT('',#18734);
#6004=VERTEX_POINT('',#18736);
#6005=VERTEX_POINT('',#18740);
#6006=VERTEX_POINT('',#18742);
#6007=VERTEX_POINT('',#18746);
#6008=VERTEX_POINT('',#18748);
#6009=VERTEX_POINT('',#18752);
#6010=VERTEX_POINT('',#18754);
#6011=VERTEX_POINT('',#18758);
#6012=VERTEX_POINT('',#18760);
#6013=VERTEX_POINT('',#18764);
#6014=VERTEX_POINT('',#18766);
#6015=VERTEX_POINT('',#18770);
#6016=VERTEX_POINT('',#18772);
#6017=VERTEX_POINT('',#18776);
#6018=VERTEX_POINT('',#18778);
#6019=VERTEX_POINT('',#18782);
#6020=VERTEX_POINT('',#18784);
#6021=VERTEX_POINT('',#18793);
#6022=VERTEX_POINT('',#18794);
#6023=VERTEX_POINT('',#18796);
#6024=VERTEX_POINT('',#18798);
#6025=VERTEX_POINT('',#18802);
#6026=VERTEX_POINT('',#18804);
#6027=VERTEX_POINT('',#18808);
#6028=VERTEX_POINT('',#18810);
#6029=VERTEX_POINT('',#18814);
#6030=VERTEX_POINT('',#18816);
#6031=VERTEX_POINT('',#18820);
#6032=VERTEX_POINT('',#18822);
#6033=VERTEX_POINT('',#18826);
#6034=VERTEX_POINT('',#18828);
#6035=VERTEX_POINT('',#18832);
#6036=VERTEX_POINT('',#18834);
#6037=VERTEX_POINT('',#18838);
#6038=VERTEX_POINT('',#18840);
#6039=VERTEX_POINT('',#18844);
#6040=VERTEX_POINT('',#18846);
#6041=VERTEX_POINT('',#18850);
#6042=VERTEX_POINT('',#18852);
#6043=VERTEX_POINT('',#18856);
#6044=VERTEX_POINT('',#18858);
#6045=VERTEX_POINT('',#18867);
#6046=VERTEX_POINT('',#18868);
#6047=VERTEX_POINT('',#18870);
#6048=VERTEX_POINT('',#18872);
#6049=VERTEX_POINT('',#18876);
#6050=VERTEX_POINT('',#18878);
#6051=VERTEX_POINT('',#18882);
#6052=VERTEX_POINT('',#18884);
#6053=VERTEX_POINT('',#18888);
#6054=VERTEX_POINT('',#18890);
#6055=VERTEX_POINT('',#18894);
#6056=VERTEX_POINT('',#18896);
#6057=VERTEX_POINT('',#18900);
#6058=VERTEX_POINT('',#18902);
#6059=VERTEX_POINT('',#18906);
#6060=VERTEX_POINT('',#18908);
#6061=VERTEX_POINT('',#18912);
#6062=VERTEX_POINT('',#18914);
#6063=VERTEX_POINT('',#18918);
#6064=VERTEX_POINT('',#18920);
#6065=VERTEX_POINT('',#18924);
#6066=VERTEX_POINT('',#18926);
#6067=VERTEX_POINT('',#18930);
#6068=VERTEX_POINT('',#18932);
#6069=VERTEX_POINT('',#18941);
#6070=VERTEX_POINT('',#18942);
#6071=VERTEX_POINT('',#18944);
#6072=VERTEX_POINT('',#18946);
#6073=VERTEX_POINT('',#18950);
#6074=VERTEX_POINT('',#18952);
#6075=VERTEX_POINT('',#18956);
#6076=VERTEX_POINT('',#18958);
#6077=VERTEX_POINT('',#18962);
#6078=VERTEX_POINT('',#18964);
#6079=VERTEX_POINT('',#18968);
#6080=VERTEX_POINT('',#18970);
#6081=VERTEX_POINT('',#18974);
#6082=VERTEX_POINT('',#18976);
#6083=VERTEX_POINT('',#18980);
#6084=VERTEX_POINT('',#18982);
#6085=VERTEX_POINT('',#18986);
#6086=VERTEX_POINT('',#18988);
#6087=VERTEX_POINT('',#18992);
#6088=VERTEX_POINT('',#18994);
#6089=VERTEX_POINT('',#18998);
#6090=VERTEX_POINT('',#19000);
#6091=VERTEX_POINT('',#19004);
#6092=VERTEX_POINT('',#19006);
#6093=VERTEX_POINT('',#19015);
#6094=VERTEX_POINT('',#19016);
#6095=VERTEX_POINT('',#19018);
#6096=VERTEX_POINT('',#19020);
#6097=VERTEX_POINT('',#19024);
#6098=VERTEX_POINT('',#19025);
#6099=VERTEX_POINT('',#19027);
#6100=VERTEX_POINT('',#19029);
#6101=VERTEX_POINT('',#19033);
#6102=VERTEX_POINT('',#19035);
#6103=VERTEX_POINT('',#19039);
#6104=VERTEX_POINT('',#19043);
#6105=VERTEX_POINT('',#19057);
#6106=VERTEX_POINT('',#19059);
#6107=VERTEX_POINT('',#19063);
#6108=VERTEX_POINT('',#19065);
#6109=VERTEX_POINT('',#19071);
#6110=VERTEX_POINT('',#19073);
#6111=VERTEX_POINT('',#19077);
#6112=VERTEX_POINT('',#19079);
#6113=VERTEX_POINT('',#19085);
#6114=VERTEX_POINT('',#19087);
#6115=VERTEX_POINT('',#19091);
#6116=VERTEX_POINT('',#19093);
#6117=VERTEX_POINT('',#19099);
#6118=VERTEX_POINT('',#19101);
#6119=VERTEX_POINT('',#19105);
#6120=VERTEX_POINT('',#19107);
#6121=VERTEX_POINT('',#19113);
#6122=VERTEX_POINT('',#19115);
#6123=VERTEX_POINT('',#19119);
#6124=VERTEX_POINT('',#19121);
#6125=VERTEX_POINT('',#19127);
#6126=VERTEX_POINT('',#19129);
#6127=VERTEX_POINT('',#19133);
#6128=VERTEX_POINT('',#19135);
#6129=VERTEX_POINT('',#19141);
#6130=VERTEX_POINT('',#19143);
#6131=VERTEX_POINT('',#19147);
#6132=VERTEX_POINT('',#19149);
#6133=VERTEX_POINT('',#19155);
#6134=VERTEX_POINT('',#19157);
#6135=VERTEX_POINT('',#19161);
#6136=VERTEX_POINT('',#19163);
#6137=VERTEX_POINT('',#19169);
#6138=VERTEX_POINT('',#19171);
#6139=VERTEX_POINT('',#19175);
#6140=VERTEX_POINT('',#19177);
#6141=VERTEX_POINT('',#19183);
#6142=VERTEX_POINT('',#19185);
#6143=VERTEX_POINT('',#19189);
#6144=VERTEX_POINT('',#19191);
#6145=VERTEX_POINT('',#19197);
#6146=VERTEX_POINT('',#19199);
#6147=VERTEX_POINT('',#19203);
#6148=VERTEX_POINT('',#19205);
#6149=VERTEX_POINT('',#19211);
#6150=VERTEX_POINT('',#19213);
#6151=VERTEX_POINT('',#19217);
#6152=VERTEX_POINT('',#19219);
#6153=VERTEX_POINT('',#19225);
#6154=VERTEX_POINT('',#19227);
#6155=VERTEX_POINT('',#19231);
#6156=VERTEX_POINT('',#19233);
#6157=VERTEX_POINT('',#19239);
#6158=VERTEX_POINT('',#19241);
#6159=VERTEX_POINT('',#19245);
#6160=VERTEX_POINT('',#19247);
#6161=VERTEX_POINT('',#19253);
#6162=VERTEX_POINT('',#19255);
#6163=VERTEX_POINT('',#19261);
#6164=VERTEX_POINT('',#19263);
#6165=VERTEX_POINT('',#19269);
#6166=VERTEX_POINT('',#19271);
#6167=VERTEX_POINT('',#19275);
#6168=VERTEX_POINT('',#19277);
#6169=VERTEX_POINT('',#19283);
#6170=VERTEX_POINT('',#19285);
#6171=VERTEX_POINT('',#19289);
#6172=VERTEX_POINT('',#19291);
#6173=VERTEX_POINT('',#19297);
#6174=VERTEX_POINT('',#19299);
#6175=VERTEX_POINT('',#19303);
#6176=VERTEX_POINT('',#19305);
#6177=VERTEX_POINT('',#19311);
#6178=VERTEX_POINT('',#19313);
#6179=VERTEX_POINT('',#19317);
#6180=VERTEX_POINT('',#19319);
#6181=VERTEX_POINT('',#19325);
#6182=VERTEX_POINT('',#19327);
#6183=VERTEX_POINT('',#19331);
#6184=VERTEX_POINT('',#19333);
#6185=VERTEX_POINT('',#19339);
#6186=VERTEX_POINT('',#19341);
#6187=VERTEX_POINT('',#19345);
#6188=VERTEX_POINT('',#19347);
#6189=VERTEX_POINT('',#19353);
#6190=VERTEX_POINT('',#19355);
#6191=VERTEX_POINT('',#19359);
#6192=VERTEX_POINT('',#19361);
#6193=VERTEX_POINT('',#19367);
#6194=VERTEX_POINT('',#19369);
#6195=VERTEX_POINT('',#19373);
#6196=VERTEX_POINT('',#19375);
#6197=VERTEX_POINT('',#19381);
#6198=VERTEX_POINT('',#19383);
#6199=VERTEX_POINT('',#19387);
#6200=VERTEX_POINT('',#19389);
#6201=VERTEX_POINT('',#19395);
#6202=VERTEX_POINT('',#19397);
#6203=VERTEX_POINT('',#19401);
#6204=VERTEX_POINT('',#19403);
#6205=VERTEX_POINT('',#19409);
#6206=VERTEX_POINT('',#19411);
#6207=VERTEX_POINT('',#19415);
#6208=VERTEX_POINT('',#19417);
#6209=VERTEX_POINT('',#19423);
#6210=VERTEX_POINT('',#19425);
#6211=VERTEX_POINT('',#19429);
#6212=VERTEX_POINT('',#19431);
#6213=VERTEX_POINT('',#19437);
#6214=VERTEX_POINT('',#19439);
#6215=VERTEX_POINT('',#19443);
#6216=VERTEX_POINT('',#19445);
#6217=VERTEX_POINT('',#19451);
#6218=VERTEX_POINT('',#19453);
#6219=VERTEX_POINT('',#19457);
#6220=VERTEX_POINT('',#19459);
#6221=VERTEX_POINT('',#19465);
#6222=VERTEX_POINT('',#19467);
#6223=VERTEX_POINT('',#19471);
#6224=VERTEX_POINT('',#19475);
#6225=VERTEX_POINT('',#19476);
#6226=VERTEX_POINT('',#19478);
#6227=VERTEX_POINT('',#19480);
#6228=VERTEX_POINT('',#19482);
#6229=VERTEX_POINT('',#19484);
#6230=VERTEX_POINT('',#19488);
#6231=VERTEX_POINT('',#19489);
#6232=VERTEX_POINT('',#19491);
#6233=VERTEX_POINT('',#19493);
#6234=VERTEX_POINT('',#19497);
#6235=VERTEX_POINT('',#19498);
#6236=VERTEX_POINT('',#19500);
#6237=VERTEX_POINT('',#19502);
#6238=VERTEX_POINT('',#19504);
#6239=VERTEX_POINT('',#19508);
#6240=VERTEX_POINT('',#19509);
#6241=VERTEX_POINT('',#19511);
#6242=VERTEX_POINT('',#19513);
#6243=VERTEX_POINT('',#19517);
#6244=VERTEX_POINT('',#19518);
#6245=VERTEX_POINT('',#19520);
#6246=VERTEX_POINT('',#19522);
#6247=VERTEX_POINT('',#19524);
#6248=VERTEX_POINT('',#19528);
#6249=VERTEX_POINT('',#19529);
#6250=VERTEX_POINT('',#19531);
#6251=VERTEX_POINT('',#19533);
#6252=VERTEX_POINT('',#19540);
#6253=VERTEX_POINT('',#19541);
#6254=VERTEX_POINT('',#19543);
#6255=VERTEX_POINT('',#19545);
#6256=VERTEX_POINT('',#19549);
#6257=VERTEX_POINT('',#19550);
#6258=VERTEX_POINT('',#19552);
#6259=VERTEX_POINT('',#19554);
#6260=VERTEX_POINT('',#19558);
#6261=VERTEX_POINT('',#19559);
#6262=VERTEX_POINT('',#19561);
#6263=VERTEX_POINT('',#19563);
#6264=VERTEX_POINT('',#19634);
#6265=VERTEX_POINT('',#19635);
#6266=VERTEX_POINT('',#19637);
#6267=VERTEX_POINT('',#19639);
#6268=VERTEX_POINT('',#19643);
#6269=VERTEX_POINT('',#19645);
#6270=VERTEX_POINT('',#19649);
#6271=VERTEX_POINT('',#19651);
#6272=VERTEX_POINT('',#19660);
#6273=VERTEX_POINT('',#19661);
#6274=VERTEX_POINT('',#19663);
#6275=VERTEX_POINT('',#19665);
#6276=VERTEX_POINT('',#19669);
#6277=VERTEX_POINT('',#19671);
#6278=VERTEX_POINT('',#19675);
#6279=VERTEX_POINT('',#19677);
#6280=VERTEX_POINT('',#19686);
#6281=VERTEX_POINT('',#19687);
#6282=VERTEX_POINT('',#19689);
#6283=VERTEX_POINT('',#19691);
#6284=VERTEX_POINT('',#19695);
#6285=VERTEX_POINT('',#19697);
#6286=VERTEX_POINT('',#19701);
#6287=VERTEX_POINT('',#19703);
#6288=VERTEX_POINT('',#19712);
#6289=VERTEX_POINT('',#19713);
#6290=VERTEX_POINT('',#19715);
#6291=VERTEX_POINT('',#19717);
#6292=VERTEX_POINT('',#19721);
#6293=VERTEX_POINT('',#19723);
#6294=VERTEX_POINT('',#19727);
#6295=VERTEX_POINT('',#19729);
#6296=VERTEX_POINT('',#19738);
#6297=VERTEX_POINT('',#19739);
#6298=VERTEX_POINT('',#19741);
#6299=VERTEX_POINT('',#19743);
#6300=VERTEX_POINT('',#19747);
#6301=VERTEX_POINT('',#19749);
#6302=VERTEX_POINT('',#19753);
#6303=VERTEX_POINT('',#19755);
#6304=VERTEX_POINT('',#19764);
#6305=VERTEX_POINT('',#19765);
#6306=VERTEX_POINT('',#19767);
#6307=VERTEX_POINT('',#19769);
#6308=VERTEX_POINT('',#19773);
#6309=VERTEX_POINT('',#19775);
#6310=VERTEX_POINT('',#19779);
#6311=VERTEX_POINT('',#19781);
#6312=VERTEX_POINT('',#19790);
#6313=VERTEX_POINT('',#19791);
#6314=VERTEX_POINT('',#19793);
#6315=VERTEX_POINT('',#19795);
#6316=VERTEX_POINT('',#19799);
#6317=VERTEX_POINT('',#19801);
#6318=VERTEX_POINT('',#19805);
#6319=VERTEX_POINT('',#19807);
#6320=VERTEX_POINT('',#19816);
#6321=VERTEX_POINT('',#19817);
#6322=VERTEX_POINT('',#19819);
#6323=VERTEX_POINT('',#19821);
#6324=VERTEX_POINT('',#19825);
#6325=VERTEX_POINT('',#19827);
#6326=VERTEX_POINT('',#19831);
#6327=VERTEX_POINT('',#19833);
#6328=VERTEX_POINT('',#19842);
#6329=VERTEX_POINT('',#19843);
#6330=VERTEX_POINT('',#19845);
#6331=VERTEX_POINT('',#19847);
#6332=VERTEX_POINT('',#19851);
#6333=VERTEX_POINT('',#19853);
#6334=VERTEX_POINT('',#19857);
#6335=VERTEX_POINT('',#19859);
#6336=VERTEX_POINT('',#19868);
#6337=VERTEX_POINT('',#19869);
#6338=VERTEX_POINT('',#19871);
#6339=VERTEX_POINT('',#19873);
#6340=VERTEX_POINT('',#19877);
#6341=VERTEX_POINT('',#19879);
#6342=VERTEX_POINT('',#19883);
#6343=VERTEX_POINT('',#19885);
#6344=VERTEX_POINT('',#19894);
#6345=VERTEX_POINT('',#19895);
#6346=VERTEX_POINT('',#19897);
#6347=VERTEX_POINT('',#19899);
#6348=VERTEX_POINT('',#19903);
#6349=VERTEX_POINT('',#19905);
#6350=VERTEX_POINT('',#19909);
#6351=VERTEX_POINT('',#19911);
#6352=VERTEX_POINT('',#19920);
#6353=VERTEX_POINT('',#19921);
#6354=VERTEX_POINT('',#19923);
#6355=VERTEX_POINT('',#19925);
#6356=VERTEX_POINT('',#19929);
#6357=VERTEX_POINT('',#19931);
#6358=VERTEX_POINT('',#19935);
#6359=VERTEX_POINT('',#19937);
#6360=VERTEX_POINT('',#19946);
#6361=VERTEX_POINT('',#19947);
#6362=VERTEX_POINT('',#19949);
#6363=VERTEX_POINT('',#19951);
#6364=VERTEX_POINT('',#19955);
#6365=VERTEX_POINT('',#19957);
#6366=VERTEX_POINT('',#19961);
#6367=VERTEX_POINT('',#19963);
#6368=VERTEX_POINT('',#19972);
#6369=VERTEX_POINT('',#19973);
#6370=VERTEX_POINT('',#19975);
#6371=VERTEX_POINT('',#19977);
#6372=VERTEX_POINT('',#19981);
#6373=VERTEX_POINT('',#19983);
#6374=VERTEX_POINT('',#19987);
#6375=VERTEX_POINT('',#19989);
#6376=VERTEX_POINT('',#19998);
#6377=VERTEX_POINT('',#19999);
#6378=VERTEX_POINT('',#20001);
#6379=VERTEX_POINT('',#20003);
#6380=VERTEX_POINT('',#20007);
#6381=VERTEX_POINT('',#20009);
#6382=VERTEX_POINT('',#20013);
#6383=VERTEX_POINT('',#20015);
#6384=VERTEX_POINT('',#20024);
#6385=VERTEX_POINT('',#20025);
#6386=VERTEX_POINT('',#20027);
#6387=VERTEX_POINT('',#20029);
#6388=VERTEX_POINT('',#20033);
#6389=VERTEX_POINT('',#20035);
#6390=VERTEX_POINT('',#20039);
#6391=VERTEX_POINT('',#20041);
#6392=VERTEX_POINT('',#20050);
#6393=VERTEX_POINT('',#20051);
#6394=VERTEX_POINT('',#20053);
#6395=VERTEX_POINT('',#20055);
#6396=VERTEX_POINT('',#20059);
#6397=VERTEX_POINT('',#20061);
#6398=VERTEX_POINT('',#20065);
#6399=VERTEX_POINT('',#20067);
#6400=VERTEX_POINT('',#20076);
#6401=VERTEX_POINT('',#20077);
#6402=VERTEX_POINT('',#20079);
#6403=VERTEX_POINT('',#20081);
#6404=VERTEX_POINT('',#20085);
#6405=VERTEX_POINT('',#20087);
#6406=VERTEX_POINT('',#20091);
#6407=VERTEX_POINT('',#20093);
#6408=VERTEX_POINT('',#20102);
#6409=VERTEX_POINT('',#20103);
#6410=VERTEX_POINT('',#20105);
#6411=VERTEX_POINT('',#20107);
#6412=VERTEX_POINT('',#20111);
#6413=VERTEX_POINT('',#20113);
#6414=VERTEX_POINT('',#20117);
#6415=VERTEX_POINT('',#20119);
#6416=VERTEX_POINT('',#20128);
#6417=VERTEX_POINT('',#20129);
#6418=VERTEX_POINT('',#20131);
#6419=VERTEX_POINT('',#20133);
#6420=VERTEX_POINT('',#20137);
#6421=VERTEX_POINT('',#20139);
#6422=VERTEX_POINT('',#20143);
#6423=VERTEX_POINT('',#20145);
#6424=VERTEX_POINT('',#20154);
#6425=VERTEX_POINT('',#20155);
#6426=VERTEX_POINT('',#20157);
#6427=VERTEX_POINT('',#20159);
#6428=VERTEX_POINT('',#20163);
#6429=VERTEX_POINT('',#20165);
#6430=VERTEX_POINT('',#20169);
#6431=VERTEX_POINT('',#20171);
#6432=VERTEX_POINT('',#20180);
#6433=VERTEX_POINT('',#20181);
#6434=VERTEX_POINT('',#20183);
#6435=VERTEX_POINT('',#20185);
#6436=VERTEX_POINT('',#20189);
#6437=VERTEX_POINT('',#20191);
#6438=VERTEX_POINT('',#20195);
#6439=VERTEX_POINT('',#20197);
#6440=VERTEX_POINT('',#20206);
#6441=VERTEX_POINT('',#20207);
#6442=VERTEX_POINT('',#20209);
#6443=VERTEX_POINT('',#20211);
#6444=VERTEX_POINT('',#20215);
#6445=VERTEX_POINT('',#20217);
#6446=VERTEX_POINT('',#20221);
#6447=VERTEX_POINT('',#20223);
#6448=VERTEX_POINT('',#20232);
#6449=VERTEX_POINT('',#20233);
#6450=VERTEX_POINT('',#20235);
#6451=VERTEX_POINT('',#20237);
#6452=VERTEX_POINT('',#20241);
#6453=VERTEX_POINT('',#20243);
#6454=VERTEX_POINT('',#20247);
#6455=VERTEX_POINT('',#20249);
#6456=VERTEX_POINT('',#20258);
#6457=VERTEX_POINT('',#20259);
#6458=VERTEX_POINT('',#20261);
#6459=VERTEX_POINT('',#20263);
#6460=VERTEX_POINT('',#20267);
#6461=VERTEX_POINT('',#20269);
#6462=VERTEX_POINT('',#20273);
#6463=VERTEX_POINT('',#20275);
#6464=VERTEX_POINT('',#20284);
#6465=VERTEX_POINT('',#20285);
#6466=VERTEX_POINT('',#20287);
#6467=VERTEX_POINT('',#20289);
#6468=VERTEX_POINT('',#20293);
#6469=VERTEX_POINT('',#20295);
#6470=VERTEX_POINT('',#20299);
#6471=VERTEX_POINT('',#20301);
#6472=VERTEX_POINT('',#20310);
#6473=VERTEX_POINT('',#20311);
#6474=VERTEX_POINT('',#20313);
#6475=VERTEX_POINT('',#20315);
#6476=VERTEX_POINT('',#20319);
#6477=VERTEX_POINT('',#20321);
#6478=VERTEX_POINT('',#20325);
#6479=VERTEX_POINT('',#20327);
#6480=VERTEX_POINT('',#20336);
#6481=VERTEX_POINT('',#20337);
#6482=VERTEX_POINT('',#20339);
#6483=VERTEX_POINT('',#20341);
#6484=VERTEX_POINT('',#20345);
#6485=VERTEX_POINT('',#20347);
#6486=VERTEX_POINT('',#20351);
#6487=VERTEX_POINT('',#20353);
#6488=VERTEX_POINT('',#20362);
#6489=VERTEX_POINT('',#20364);
#6490=VERTEX_POINT('',#20368);
#6491=VERTEX_POINT('',#20370);
#6492=VERTEX_POINT('',#20374);
#6493=VERTEX_POINT('',#20376);
#6494=VERTEX_POINT('',#20380);
#6495=VERTEX_POINT('',#20382);
#6496=VERTEX_POINT('',#20386);
#6497=VERTEX_POINT('',#20388);
#6498=VERTEX_POINT('',#20392);
#6499=VERTEX_POINT('',#20394);
#6500=VERTEX_POINT('',#20398);
#6501=VERTEX_POINT('',#20400);
#6502=VERTEX_POINT('',#20404);
#6503=VERTEX_POINT('',#20406);
#6504=VERTEX_POINT('',#20410);
#6505=VERTEX_POINT('',#20412);
#6506=VERTEX_POINT('',#20416);
#6507=VERTEX_POINT('',#20418);
#6508=VERTEX_POINT('',#20422);
#6509=VERTEX_POINT('',#20424);
#6510=VERTEX_POINT('',#20428);
#6511=VERTEX_POINT('',#20430);
#6512=VERTEX_POINT('',#20434);
#6513=VERTEX_POINT('',#20436);
#6514=VERTEX_POINT('',#20440);
#6515=VERTEX_POINT('',#20442);
#6516=VERTEX_POINT('',#20446);
#6517=VERTEX_POINT('',#20448);
#6518=VERTEX_POINT('',#20452);
#6519=VERTEX_POINT('',#20454);
#6520=VERTEX_POINT('',#20458);
#6521=VERTEX_POINT('',#20460);
#6522=VERTEX_POINT('',#20464);
#6523=VERTEX_POINT('',#20466);
#6524=VERTEX_POINT('',#20470);
#6525=VERTEX_POINT('',#20472);
#6526=VERTEX_POINT('',#20476);
#6527=VERTEX_POINT('',#20478);
#6528=VERTEX_POINT('',#20482);
#6529=VERTEX_POINT('',#20484);
#6530=VERTEX_POINT('',#20488);
#6531=VERTEX_POINT('',#20490);
#6532=VERTEX_POINT('',#20494);
#6533=VERTEX_POINT('',#20496);
#6534=VERTEX_POINT('',#20500);
#6535=VERTEX_POINT('',#20502);
#6536=VERTEX_POINT('',#20506);
#6537=VERTEX_POINT('',#20508);
#6538=VERTEX_POINT('',#20512);
#6539=VERTEX_POINT('',#20514);
#6540=VERTEX_POINT('',#20518);
#6541=VERTEX_POINT('',#20520);
#6542=VERTEX_POINT('',#20524);
#6543=VERTEX_POINT('',#20526);
#6544=VERTEX_POINT('',#20530);
#6545=VERTEX_POINT('',#20531);
#6546=VERTEX_POINT('',#20533);
#6547=VERTEX_POINT('',#20535);
#6548=VERTEX_POINT('',#20537);
#6549=VERTEX_POINT('',#20539);
#6550=VERTEX_POINT('',#20541);
#6551=VERTEX_POINT('',#20543);
#6552=VERTEX_POINT('',#20546);
#6553=VERTEX_POINT('',#20547);
#6554=VERTEX_POINT('',#20549);
#6555=VERTEX_POINT('',#20551);
#6556=VERTEX_POINT('',#20555);
#6557=VERTEX_POINT('',#20556);
#6558=VERTEX_POINT('',#20558);
#6559=VERTEX_POINT('',#20560);
#6560=VERTEX_POINT('',#20562);
#6561=VERTEX_POINT('',#20564);
#6562=VERTEX_POINT('',#20566);
#6563=VERTEX_POINT('',#20568);
#6564=VERTEX_POINT('',#20572);
#6565=VERTEX_POINT('',#20573);
#6566=VERTEX_POINT('',#20575);
#6567=VERTEX_POINT('',#20577);
#6568=VERTEX_POINT('',#20581);
#6569=VERTEX_POINT('',#20583);
#6570=VERTEX_POINT('',#20587);
#6571=VERTEX_POINT('',#20589);
#6572=VERTEX_POINT('',#20593);
#6573=VERTEX_POINT('',#20595);
#6574=VERTEX_POINT('',#20599);
#6575=VERTEX_POINT('',#20601);
#6576=VERTEX_POINT('',#20605);
#6577=VERTEX_POINT('',#20607);
#6578=VERTEX_POINT('',#20611);
#6579=VERTEX_POINT('',#20613);
#6580=VERTEX_POINT('',#20652);
#6581=VERTEX_POINT('',#20654);
#6582=VERTEX_POINT('',#20658);
#6583=VERTEX_POINT('',#20662);
#6584=EDGE_CURVE('',#5561,#5562,#3175,.T.);
#6585=EDGE_CURVE('',#5562,#5563,#3176,.T.);
#6586=EDGE_CURVE('',#5563,#5564,#3177,.T.);
#6587=EDGE_CURVE('',#5564,#5561,#3178,.T.);
#6588=EDGE_CURVE('',#5565,#5566,#3179,.T.);
#6589=EDGE_CURVE('',#5566,#5567,#3180,.T.);
#6590=EDGE_CURVE('',#5567,#5568,#3181,.T.);
#6591=EDGE_CURVE('',#5568,#5565,#3182,.T.);
#6592=EDGE_CURVE('',#5569,#5570,#3183,.T.);
#6593=EDGE_CURVE('',#5570,#5571,#3184,.T.);
#6594=EDGE_CURVE('',#5571,#5572,#3185,.T.);
#6595=EDGE_CURVE('',#5572,#5569,#3186,.T.);
#6596=EDGE_CURVE('',#5573,#5574,#3187,.T.);
#6597=EDGE_CURVE('',#5574,#5575,#3188,.T.);
#6598=EDGE_CURVE('',#5575,#5576,#3189,.T.);
#6599=EDGE_CURVE('',#5576,#5573,#3190,.T.);
#6600=EDGE_CURVE('',#5577,#5578,#3191,.T.);
#6601=EDGE_CURVE('',#5578,#5579,#3192,.T.);
#6602=EDGE_CURVE('',#5579,#5580,#3193,.T.);
#6603=EDGE_CURVE('',#5580,#5577,#3194,.T.);
#6604=EDGE_CURVE('',#5581,#5582,#3195,.T.);
#6605=EDGE_CURVE('',#5582,#5583,#3196,.T.);
#6606=EDGE_CURVE('',#5583,#5584,#3197,.T.);
#6607=EDGE_CURVE('',#5584,#5581,#3198,.T.);
#6608=EDGE_CURVE('',#5577,#5567,#990,.T.);
#6609=EDGE_CURVE('',#5568,#5580,#991,.T.);
#6610=EDGE_CURVE('',#5577,#5572,#992,.T.);
#6611=EDGE_CURVE('',#5572,#5567,#993,.T.);
#6612=EDGE_CURVE('',#5568,#5564,#994,.T.);
#6613=EDGE_CURVE('',#5564,#5580,#995,.T.);
#6614=EDGE_CURVE('',#5569,#5566,#996,.T.);
#6615=EDGE_CURVE('',#5578,#5571,#997,.T.);
#6616=EDGE_CURVE('',#5579,#5576,#998,.T.);
#6617=EDGE_CURVE('',#5573,#5578,#999,.T.);
#6618=EDGE_CURVE('',#5561,#5579,#1000,.T.);
#6619=EDGE_CURVE('',#5565,#5563,#1001,.T.);
#6620=EDGE_CURVE('',#5566,#5584,#1002,.T.);
#6621=EDGE_CURVE('',#5581,#5565,#1003,.T.);
#6622=EDGE_CURVE('',#5569,#5584,#1004,.T.);
#6623=EDGE_CURVE('',#5573,#5571,#1005,.T.);
#6624=EDGE_CURVE('',#5561,#5576,#1006,.T.);
#6625=EDGE_CURVE('',#5581,#5563,#1007,.T.);
#6626=EDGE_CURVE('',#5570,#5583,#1008,.T.);
#6627=EDGE_CURVE('',#5574,#5570,#1009,.T.);
#6628=EDGE_CURVE('',#5562,#5575,#1010,.T.);
#6629=EDGE_CURVE('',#5582,#5562,#1011,.T.);
#6630=EDGE_CURVE('',#5574,#5583,#1012,.T.);
#6631=EDGE_CURVE('',#5582,#5575,#1013,.T.);
#6632=EDGE_CURVE('',#5585,#5586,#3199,.T.);
#6633=EDGE_CURVE('',#5587,#5586,#3200,.T.);
#6634=EDGE_CURVE('',#5588,#5587,#3201,.T.);
#6635=EDGE_CURVE('',#5588,#5585,#3202,.T.);
#6636=EDGE_CURVE('',#5586,#5589,#3203,.T.);
#6637=EDGE_CURVE('',#5590,#5589,#3204,.T.);
#6638=EDGE_CURVE('',#5587,#5590,#3205,.T.);
#6639=EDGE_CURVE('',#5589,#5591,#3206,.T.);
#6640=EDGE_CURVE('',#5592,#5591,#3207,.T.);
#6641=EDGE_CURVE('',#5590,#5592,#3208,.T.);
#6642=EDGE_CURVE('',#5591,#5585,#3209,.T.);
#6643=EDGE_CURVE('',#5592,#5588,#3210,.T.);
#6644=EDGE_CURVE('',#5593,#5594,#3211,.T.);
#6645=EDGE_CURVE('',#5595,#5594,#3212,.T.);
#6646=EDGE_CURVE('',#5596,#5595,#3213,.T.);
#6647=EDGE_CURVE('',#5596,#5593,#3214,.T.);
#6648=EDGE_CURVE('',#5594,#5597,#3215,.T.);
#6649=EDGE_CURVE('',#5598,#5597,#3216,.T.);
#6650=EDGE_CURVE('',#5595,#5598,#3217,.T.);
#6651=EDGE_CURVE('',#5597,#5599,#3218,.T.);
#6652=EDGE_CURVE('',#5600,#5599,#3219,.T.);
#6653=EDGE_CURVE('',#5598,#5600,#3220,.T.);
#6654=EDGE_CURVE('',#5599,#5593,#3221,.T.);
#6655=EDGE_CURVE('',#5600,#5596,#3222,.T.);
#6656=EDGE_CURVE('',#5601,#5602,#3223,.T.);
#6657=EDGE_CURVE('',#5603,#5602,#3224,.T.);
#6658=EDGE_CURVE('',#5604,#5603,#3225,.T.);
#6659=EDGE_CURVE('',#5604,#5601,#3226,.T.);
#6660=EDGE_CURVE('',#5602,#5605,#3227,.T.);
#6661=EDGE_CURVE('',#5606,#5605,#3228,.T.);
#6662=EDGE_CURVE('',#5603,#5606,#3229,.T.);
#6663=EDGE_CURVE('',#5605,#5607,#3230,.T.);
#6664=EDGE_CURVE('',#5608,#5607,#3231,.T.);
#6665=EDGE_CURVE('',#5606,#5608,#3232,.T.);
#6666=EDGE_CURVE('',#5607,#5601,#3233,.T.);
#6667=EDGE_CURVE('',#5608,#5604,#3234,.T.);
#6668=EDGE_CURVE('',#5609,#5610,#3235,.T.);
#6669=EDGE_CURVE('',#5611,#5610,#3236,.T.);
#6670=EDGE_CURVE('',#5612,#5611,#3237,.T.);
#6671=EDGE_CURVE('',#5612,#5609,#3238,.T.);
#6672=EDGE_CURVE('',#5610,#5613,#3239,.T.);
#6673=EDGE_CURVE('',#5614,#5613,#3240,.T.);
#6674=EDGE_CURVE('',#5611,#5614,#3241,.T.);
#6675=EDGE_CURVE('',#5613,#5615,#3242,.T.);
#6676=EDGE_CURVE('',#5616,#5615,#3243,.T.);
#6677=EDGE_CURVE('',#5614,#5616,#3244,.T.);
#6678=EDGE_CURVE('',#5615,#5609,#3245,.T.);
#6679=EDGE_CURVE('',#5616,#5612,#3246,.T.);
#6680=EDGE_CURVE('',#5617,#5618,#3247,.T.);
#6681=EDGE_CURVE('',#5619,#5618,#3248,.T.);
#6682=EDGE_CURVE('',#5620,#5619,#3249,.T.);
#6683=EDGE_CURVE('',#5620,#5617,#3250,.T.);
#6684=EDGE_CURVE('',#5618,#5621,#3251,.T.);
#6685=EDGE_CURVE('',#5622,#5621,#3252,.T.);
#6686=EDGE_CURVE('',#5619,#5622,#3253,.T.);
#6687=EDGE_CURVE('',#5621,#5623,#3254,.T.);
#6688=EDGE_CURVE('',#5624,#5623,#3255,.T.);
#6689=EDGE_CURVE('',#5622,#5624,#3256,.T.);
#6690=EDGE_CURVE('',#5623,#5617,#3257,.T.);
#6691=EDGE_CURVE('',#5624,#5620,#3258,.T.);
#6692=EDGE_CURVE('',#5625,#5626,#3259,.T.);
#6693=EDGE_CURVE('',#5627,#5626,#3260,.T.);
#6694=EDGE_CURVE('',#5628,#5627,#3261,.T.);
#6695=EDGE_CURVE('',#5628,#5625,#3262,.T.);
#6696=EDGE_CURVE('',#5626,#5629,#3263,.T.);
#6697=EDGE_CURVE('',#5630,#5629,#3264,.T.);
#6698=EDGE_CURVE('',#5627,#5630,#3265,.T.);
#6699=EDGE_CURVE('',#5629,#5631,#3266,.T.);
#6700=EDGE_CURVE('',#5632,#5631,#3267,.T.);
#6701=EDGE_CURVE('',#5630,#5632,#3268,.T.);
#6702=EDGE_CURVE('',#5631,#5625,#3269,.T.);
#6703=EDGE_CURVE('',#5632,#5628,#3270,.T.);
#6704=EDGE_CURVE('',#5633,#5634,#3271,.T.);
#6705=EDGE_CURVE('',#5635,#5634,#3272,.T.);
#6706=EDGE_CURVE('',#5636,#5635,#3273,.T.);
#6707=EDGE_CURVE('',#5636,#5633,#3274,.T.);
#6708=EDGE_CURVE('',#5634,#5637,#3275,.T.);
#6709=EDGE_CURVE('',#5638,#5637,#3276,.T.);
#6710=EDGE_CURVE('',#5635,#5638,#3277,.T.);
#6711=EDGE_CURVE('',#5637,#5639,#3278,.T.);
#6712=EDGE_CURVE('',#5640,#5639,#3279,.T.);
#6713=EDGE_CURVE('',#5638,#5640,#3280,.T.);
#6714=EDGE_CURVE('',#5639,#5633,#3281,.T.);
#6715=EDGE_CURVE('',#5640,#5636,#3282,.T.);
#6716=EDGE_CURVE('',#5641,#5642,#3283,.T.);
#6717=EDGE_CURVE('',#5643,#5642,#3284,.T.);
#6718=EDGE_CURVE('',#5644,#5643,#3285,.T.);
#6719=EDGE_CURVE('',#5644,#5641,#3286,.T.);
#6720=EDGE_CURVE('',#5642,#5645,#3287,.T.);
#6721=EDGE_CURVE('',#5646,#5645,#3288,.T.);
#6722=EDGE_CURVE('',#5643,#5646,#3289,.T.);
#6723=EDGE_CURVE('',#5645,#5647,#3290,.T.);
#6724=EDGE_CURVE('',#5648,#5647,#3291,.T.);
#6725=EDGE_CURVE('',#5646,#5648,#3292,.T.);
#6726=EDGE_CURVE('',#5647,#5641,#3293,.T.);
#6727=EDGE_CURVE('',#5648,#5644,#3294,.T.);
#6728=EDGE_CURVE('',#5649,#5650,#3295,.T.);
#6729=EDGE_CURVE('',#5651,#5650,#3296,.T.);
#6730=EDGE_CURVE('',#5652,#5651,#3297,.T.);
#6731=EDGE_CURVE('',#5652,#5649,#3298,.T.);
#6732=EDGE_CURVE('',#5650,#5653,#3299,.T.);
#6733=EDGE_CURVE('',#5654,#5653,#3300,.T.);
#6734=EDGE_CURVE('',#5651,#5654,#3301,.T.);
#6735=EDGE_CURVE('',#5653,#5655,#3302,.T.);
#6736=EDGE_CURVE('',#5656,#5655,#3303,.T.);
#6737=EDGE_CURVE('',#5654,#5656,#3304,.T.);
#6738=EDGE_CURVE('',#5655,#5649,#3305,.T.);
#6739=EDGE_CURVE('',#5656,#5652,#3306,.T.);
#6740=EDGE_CURVE('',#5657,#5658,#3307,.T.);
#6741=EDGE_CURVE('',#5659,#5658,#3308,.T.);
#6742=EDGE_CURVE('',#5660,#5659,#3309,.T.);
#6743=EDGE_CURVE('',#5660,#5657,#3310,.T.);
#6744=EDGE_CURVE('',#5658,#5661,#3311,.T.);
#6745=EDGE_CURVE('',#5662,#5661,#3312,.T.);
#6746=EDGE_CURVE('',#5659,#5662,#3313,.T.);
#6747=EDGE_CURVE('',#5661,#5663,#3314,.T.);
#6748=EDGE_CURVE('',#5664,#5663,#3315,.T.);
#6749=EDGE_CURVE('',#5662,#5664,#3316,.T.);
#6750=EDGE_CURVE('',#5663,#5657,#3317,.T.);
#6751=EDGE_CURVE('',#5664,#5660,#3318,.T.);
#6752=EDGE_CURVE('',#5665,#5666,#3319,.T.);
#6753=EDGE_CURVE('',#5667,#5666,#3320,.T.);
#6754=EDGE_CURVE('',#5668,#5667,#3321,.T.);
#6755=EDGE_CURVE('',#5668,#5665,#3322,.T.);
#6756=EDGE_CURVE('',#5666,#5669,#3323,.T.);
#6757=EDGE_CURVE('',#5670,#5669,#3324,.T.);
#6758=EDGE_CURVE('',#5667,#5670,#3325,.T.);
#6759=EDGE_CURVE('',#5669,#5671,#3326,.T.);
#6760=EDGE_CURVE('',#5672,#5671,#3327,.T.);
#6761=EDGE_CURVE('',#5670,#5672,#3328,.T.);
#6762=EDGE_CURVE('',#5671,#5665,#3329,.T.);
#6763=EDGE_CURVE('',#5672,#5668,#3330,.T.);
#6764=EDGE_CURVE('',#5673,#5674,#3331,.T.);
#6765=EDGE_CURVE('',#5675,#5674,#3332,.T.);
#6766=EDGE_CURVE('',#5676,#5675,#3333,.T.);
#6767=EDGE_CURVE('',#5676,#5673,#3334,.T.);
#6768=EDGE_CURVE('',#5674,#5677,#3335,.T.);
#6769=EDGE_CURVE('',#5678,#5677,#3336,.T.);
#6770=EDGE_CURVE('',#5675,#5678,#3337,.T.);
#6771=EDGE_CURVE('',#5677,#5679,#3338,.T.);
#6772=EDGE_CURVE('',#5680,#5679,#3339,.T.);
#6773=EDGE_CURVE('',#5678,#5680,#3340,.T.);
#6774=EDGE_CURVE('',#5679,#5673,#3341,.T.);
#6775=EDGE_CURVE('',#5680,#5676,#3342,.T.);
#6776=EDGE_CURVE('',#5681,#5682,#3343,.T.);
#6777=EDGE_CURVE('',#5683,#5682,#3344,.T.);
#6778=EDGE_CURVE('',#5684,#5683,#3345,.T.);
#6779=EDGE_CURVE('',#5684,#5681,#3346,.T.);
#6780=EDGE_CURVE('',#5682,#5685,#3347,.T.);
#6781=EDGE_CURVE('',#5686,#5685,#3348,.T.);
#6782=EDGE_CURVE('',#5683,#5686,#3349,.T.);
#6783=EDGE_CURVE('',#5685,#5687,#3350,.T.);
#6784=EDGE_CURVE('',#5688,#5687,#3351,.T.);
#6785=EDGE_CURVE('',#5686,#5688,#3352,.T.);
#6786=EDGE_CURVE('',#5687,#5681,#3353,.T.);
#6787=EDGE_CURVE('',#5688,#5684,#3354,.T.);
#6788=EDGE_CURVE('',#5689,#5690,#3355,.T.);
#6789=EDGE_CURVE('',#5691,#5690,#3356,.T.);
#6790=EDGE_CURVE('',#5692,#5691,#3357,.T.);
#6791=EDGE_CURVE('',#5692,#5689,#3358,.T.);
#6792=EDGE_CURVE('',#5690,#5693,#3359,.T.);
#6793=EDGE_CURVE('',#5694,#5693,#3360,.T.);
#6794=EDGE_CURVE('',#5691,#5694,#3361,.T.);
#6795=EDGE_CURVE('',#5693,#5695,#3362,.T.);
#6796=EDGE_CURVE('',#5696,#5695,#3363,.T.);
#6797=EDGE_CURVE('',#5694,#5696,#3364,.T.);
#6798=EDGE_CURVE('',#5695,#5689,#3365,.T.);
#6799=EDGE_CURVE('',#5696,#5692,#3366,.T.);
#6800=EDGE_CURVE('',#5697,#5698,#3367,.T.);
#6801=EDGE_CURVE('',#5698,#5699,#3368,.T.);
#6802=EDGE_CURVE('',#5699,#5700,#3369,.T.);
#6803=EDGE_CURVE('',#5700,#5697,#3370,.T.);
#6804=EDGE_CURVE('',#5701,#5702,#3371,.T.);
#6805=EDGE_CURVE('',#5702,#5703,#3372,.T.);
#6806=EDGE_CURVE('',#5703,#5704,#3373,.T.);
#6807=EDGE_CURVE('',#5704,#5701,#3374,.T.);
#6808=EDGE_CURVE('',#5705,#5706,#3375,.T.);
#6809=EDGE_CURVE('',#5705,#5702,#3376,.T.);
#6810=EDGE_CURVE('',#5701,#5706,#3377,.T.);
#6811=EDGE_CURVE('',#5706,#5698,#3378,.T.);
#6812=EDGE_CURVE('',#5697,#5705,#3379,.T.);
#6813=EDGE_CURVE('',#5703,#5707,#3380,.T.);
#6814=EDGE_CURVE('',#5708,#5707,#3381,.T.);
#6815=EDGE_CURVE('',#5708,#5704,#3382,.T.);
#6816=EDGE_CURVE('',#5699,#5708,#3383,.T.);
#6817=EDGE_CURVE('',#5707,#5700,#3384,.T.);
#6818=EDGE_CURVE('',#5706,#5708,#3385,.T.);
#6819=EDGE_CURVE('',#5707,#5705,#3386,.T.);
#6820=EDGE_CURVE('',#5709,#5710,#3387,.T.);
#6821=EDGE_CURVE('',#5711,#5709,#3388,.T.);
#6822=EDGE_CURVE('',#5711,#5712,#3389,.T.);
#6823=EDGE_CURVE('',#5712,#5710,#3390,.T.);
#6824=EDGE_CURVE('',#5713,#5709,#3391,.T.);
#6825=EDGE_CURVE('',#5714,#5713,#3392,.T.);
#6826=EDGE_CURVE('',#5714,#5711,#3393,.T.);
#6827=EDGE_CURVE('',#5715,#5713,#1014,.T.);
#6828=EDGE_CURVE('',#5716,#5715,#3394,.T.);
#6829=EDGE_CURVE('',#5716,#5714,#1015,.T.);
#6830=EDGE_CURVE('',#5717,#5715,#3395,.T.);
#6831=EDGE_CURVE('',#5718,#5717,#3396,.T.);
#6832=EDGE_CURVE('',#5718,#5716,#3397,.T.);
#6833=EDGE_CURVE('',#5719,#5717,#1016,.T.);
#6834=EDGE_CURVE('',#5720,#5719,#3398,.T.);
#6835=EDGE_CURVE('',#5720,#5718,#1017,.T.);
#6836=EDGE_CURVE('',#5721,#5719,#3399,.T.);
#6837=EDGE_CURVE('',#5722,#5721,#3400,.T.);
#6838=EDGE_CURVE('',#5722,#5720,#3401,.T.);
#6839=EDGE_CURVE('',#5723,#5721,#3402,.T.);
#6840=EDGE_CURVE('',#5724,#5723,#3403,.T.);
#6841=EDGE_CURVE('',#5724,#5722,#3404,.T.);
#6842=EDGE_CURVE('',#5725,#5723,#3405,.T.);
#6843=EDGE_CURVE('',#5726,#5725,#3406,.T.);
#6844=EDGE_CURVE('',#5726,#5724,#3407,.T.);
#6845=EDGE_CURVE('',#5727,#5725,#1018,.T.);
#6846=EDGE_CURVE('',#5728,#5727,#3408,.T.);
#6847=EDGE_CURVE('',#5728,#5726,#1019,.T.);
#6848=EDGE_CURVE('',#5729,#5727,#3409,.T.);
#6849=EDGE_CURVE('',#5730,#5729,#3410,.T.);
#6850=EDGE_CURVE('',#5730,#5728,#3411,.T.);
#6851=EDGE_CURVE('',#5731,#5729,#1020,.T.);
#6852=EDGE_CURVE('',#5732,#5731,#3412,.T.);
#6853=EDGE_CURVE('',#5732,#5730,#1021,.T.);
#6854=EDGE_CURVE('',#5710,#5731,#3413,.T.);
#6855=EDGE_CURVE('',#5712,#5732,#3414,.T.);
#6856=EDGE_CURVE('',#5733,#5734,#1022,.T.);
#6857=EDGE_CURVE('',#5735,#5733,#3415,.T.);
#6858=EDGE_CURVE('',#5735,#5736,#1023,.T.);
#6859=EDGE_CURVE('',#5736,#5734,#3416,.T.);
#6860=EDGE_CURVE('',#5737,#5733,#3417,.T.);
#6861=EDGE_CURVE('',#5738,#5737,#3418,.T.);
#6862=EDGE_CURVE('',#5738,#5735,#3419,.T.);
#6863=EDGE_CURVE('',#5739,#5737,#1024,.T.);
#6864=EDGE_CURVE('',#5740,#5739,#3420,.T.);
#6865=EDGE_CURVE('',#5740,#5738,#1025,.T.);
#6866=EDGE_CURVE('',#5741,#5739,#3421,.T.);
#6867=EDGE_CURVE('',#5742,#5741,#3422,.T.);
#6868=EDGE_CURVE('',#5742,#5740,#3423,.T.);
#6869=EDGE_CURVE('',#5743,#5741,#3424,.T.);
#6870=EDGE_CURVE('',#5744,#5743,#3425,.T.);
#6871=EDGE_CURVE('',#5744,#5742,#3426,.T.);
#6872=EDGE_CURVE('',#5745,#5743,#3427,.T.);
#6873=EDGE_CURVE('',#5746,#5745,#3428,.T.);
#6874=EDGE_CURVE('',#5746,#5744,#3429,.T.);
#6875=EDGE_CURVE('',#5747,#5745,#1026,.T.);
#6876=EDGE_CURVE('',#5748,#5747,#3430,.T.);
#6877=EDGE_CURVE('',#5748,#5746,#1027,.T.);
#6878=EDGE_CURVE('',#5749,#5747,#3431,.T.);
#6879=EDGE_CURVE('',#5750,#5749,#3432,.T.);
#6880=EDGE_CURVE('',#5750,#5748,#3433,.T.);
#6881=EDGE_CURVE('',#5751,#5749,#1028,.T.);
#6882=EDGE_CURVE('',#5752,#5751,#3434,.T.);
#6883=EDGE_CURVE('',#5752,#5750,#1029,.T.);
#6884=EDGE_CURVE('',#5753,#5751,#3435,.T.);
#6885=EDGE_CURVE('',#5754,#5753,#3436,.T.);
#6886=EDGE_CURVE('',#5754,#5752,#3437,.T.);
#6887=EDGE_CURVE('',#5755,#5753,#3438,.T.);
#6888=EDGE_CURVE('',#5756,#5755,#3439,.T.);
#6889=EDGE_CURVE('',#5756,#5754,#3440,.T.);
#6890=EDGE_CURVE('',#5734,#5755,#3441,.T.);
#6891=EDGE_CURVE('',#5736,#5756,#3442,.T.);
#6892=EDGE_CURVE('',#5757,#5758,#1030,.T.);
#6893=EDGE_CURVE('',#5759,#5757,#3443,.T.);
#6894=EDGE_CURVE('',#5759,#5760,#1031,.T.);
#6895=EDGE_CURVE('',#5760,#5758,#3444,.T.);
#6896=EDGE_CURVE('',#5761,#5757,#3445,.T.);
#6897=EDGE_CURVE('',#5762,#5761,#3446,.T.);
#6898=EDGE_CURVE('',#5762,#5759,#3447,.T.);
#6899=EDGE_CURVE('',#5763,#5761,#1032,.T.);
#6900=EDGE_CURVE('',#5764,#5763,#3448,.T.);
#6901=EDGE_CURVE('',#5764,#5762,#1033,.T.);
#6902=EDGE_CURVE('',#5765,#5763,#3449,.T.);
#6903=EDGE_CURVE('',#5766,#5765,#3450,.T.);
#6904=EDGE_CURVE('',#5766,#5764,#3451,.T.);
#6905=EDGE_CURVE('',#5767,#5765,#3452,.T.);
#6906=EDGE_CURVE('',#5768,#5767,#3453,.T.);
#6907=EDGE_CURVE('',#5768,#5766,#3454,.T.);
#6908=EDGE_CURVE('',#5769,#5767,#3455,.T.);
#6909=EDGE_CURVE('',#5770,#5769,#3456,.T.);
#6910=EDGE_CURVE('',#5770,#5768,#3457,.T.);
#6911=EDGE_CURVE('',#5771,#5769,#1034,.T.);
#6912=EDGE_CURVE('',#5772,#5771,#3458,.T.);
#6913=EDGE_CURVE('',#5772,#5770,#1035,.T.);
#6914=EDGE_CURVE('',#5773,#5771,#3459,.T.);
#6915=EDGE_CURVE('',#5774,#5773,#3460,.T.);
#6916=EDGE_CURVE('',#5774,#5772,#3461,.T.);
#6917=EDGE_CURVE('',#5775,#5773,#1036,.T.);
#6918=EDGE_CURVE('',#5776,#5775,#3462,.T.);
#6919=EDGE_CURVE('',#5776,#5774,#1037,.T.);
#6920=EDGE_CURVE('',#5777,#5775,#3463,.T.);
#6921=EDGE_CURVE('',#5778,#5777,#3464,.T.);
#6922=EDGE_CURVE('',#5778,#5776,#3465,.T.);
#6923=EDGE_CURVE('',#5779,#5777,#3466,.T.);
#6924=EDGE_CURVE('',#5780,#5779,#3467,.T.);
#6925=EDGE_CURVE('',#5780,#5778,#3468,.T.);
#6926=EDGE_CURVE('',#5758,#5779,#3469,.T.);
#6927=EDGE_CURVE('',#5760,#5780,#3470,.T.);
#6928=EDGE_CURVE('',#5781,#5782,#1038,.T.);
#6929=EDGE_CURVE('',#5783,#5781,#3471,.T.);
#6930=EDGE_CURVE('',#5783,#5784,#1039,.T.);
#6931=EDGE_CURVE('',#5784,#5782,#3472,.T.);
#6932=EDGE_CURVE('',#5785,#5781,#3473,.T.);
#6933=EDGE_CURVE('',#5786,#5785,#3474,.T.);
#6934=EDGE_CURVE('',#5786,#5783,#3475,.T.);
#6935=EDGE_CURVE('',#5787,#5785,#1040,.T.);
#6936=EDGE_CURVE('',#5788,#5787,#3476,.T.);
#6937=EDGE_CURVE('',#5788,#5786,#1041,.T.);
#6938=EDGE_CURVE('',#5789,#5787,#3477,.T.);
#6939=EDGE_CURVE('',#5790,#5789,#3478,.T.);
#6940=EDGE_CURVE('',#5790,#5788,#3479,.T.);
#6941=EDGE_CURVE('',#5791,#5789,#3480,.T.);
#6942=EDGE_CURVE('',#5792,#5791,#3481,.T.);
#6943=EDGE_CURVE('',#5792,#5790,#3482,.T.);
#6944=EDGE_CURVE('',#5793,#5791,#3483,.T.);
#6945=EDGE_CURVE('',#5794,#5793,#3484,.T.);
#6946=EDGE_CURVE('',#5794,#5792,#3485,.T.);
#6947=EDGE_CURVE('',#5795,#5793,#1042,.T.);
#6948=EDGE_CURVE('',#5796,#5795,#3486,.T.);
#6949=EDGE_CURVE('',#5796,#5794,#1043,.T.);
#6950=EDGE_CURVE('',#5797,#5795,#3487,.T.);
#6951=EDGE_CURVE('',#5798,#5797,#3488,.T.);
#6952=EDGE_CURVE('',#5798,#5796,#3489,.T.);
#6953=EDGE_CURVE('',#5799,#5797,#1044,.T.);
#6954=EDGE_CURVE('',#5800,#5799,#3490,.T.);
#6955=EDGE_CURVE('',#5800,#5798,#1045,.T.);
#6956=EDGE_CURVE('',#5801,#5799,#3491,.T.);
#6957=EDGE_CURVE('',#5802,#5801,#3492,.T.);
#6958=EDGE_CURVE('',#5802,#5800,#3493,.T.);
#6959=EDGE_CURVE('',#5803,#5801,#3494,.T.);
#6960=EDGE_CURVE('',#5804,#5803,#3495,.T.);
#6961=EDGE_CURVE('',#5804,#5802,#3496,.T.);
#6962=EDGE_CURVE('',#5782,#5803,#3497,.T.);
#6963=EDGE_CURVE('',#5784,#5804,#3498,.T.);
#6964=EDGE_CURVE('',#5805,#5806,#3499,.T.);
#6965=EDGE_CURVE('',#5807,#5805,#3500,.T.);
#6966=EDGE_CURVE('',#5807,#5808,#3501,.T.);
#6967=EDGE_CURVE('',#5808,#5806,#3502,.T.);
#6968=EDGE_CURVE('',#5809,#5805,#3503,.T.);
#6969=EDGE_CURVE('',#5810,#5809,#3504,.T.);
#6970=EDGE_CURVE('',#5810,#5807,#3505,.T.);
#6971=EDGE_CURVE('',#5811,#5809,#1046,.T.);
#6972=EDGE_CURVE('',#5812,#5811,#3506,.T.);
#6973=EDGE_CURVE('',#5812,#5810,#1047,.T.);
#6974=EDGE_CURVE('',#5813,#5811,#3507,.T.);
#6975=EDGE_CURVE('',#5814,#5813,#3508,.T.);
#6976=EDGE_CURVE('',#5814,#5812,#3509,.T.);
#6977=EDGE_CURVE('',#5815,#5813,#1048,.T.);
#6978=EDGE_CURVE('',#5816,#5815,#3510,.T.);
#6979=EDGE_CURVE('',#5816,#5814,#1049,.T.);
#6980=EDGE_CURVE('',#5817,#5815,#3511,.T.);
#6981=EDGE_CURVE('',#5818,#5817,#3512,.T.);
#6982=EDGE_CURVE('',#5818,#5816,#3513,.T.);
#6983=EDGE_CURVE('',#5819,#5817,#3514,.T.);
#6984=EDGE_CURVE('',#5820,#5819,#3515,.T.);
#6985=EDGE_CURVE('',#5820,#5818,#3516,.T.);
#6986=EDGE_CURVE('',#5821,#5819,#3517,.T.);
#6987=EDGE_CURVE('',#5822,#5821,#3518,.T.);
#6988=EDGE_CURVE('',#5822,#5820,#3519,.T.);
#6989=EDGE_CURVE('',#5823,#5821,#1050,.T.);
#6990=EDGE_CURVE('',#5824,#5823,#3520,.T.);
#6991=EDGE_CURVE('',#5824,#5822,#1051,.T.);
#6992=EDGE_CURVE('',#5825,#5823,#3521,.T.);
#6993=EDGE_CURVE('',#5826,#5825,#3522,.T.);
#6994=EDGE_CURVE('',#5826,#5824,#3523,.T.);
#6995=EDGE_CURVE('',#5827,#5825,#1052,.T.);
#6996=EDGE_CURVE('',#5828,#5827,#3524,.T.);
#6997=EDGE_CURVE('',#5828,#5826,#1053,.T.);
#6998=EDGE_CURVE('',#5806,#5827,#3525,.T.);
#6999=EDGE_CURVE('',#5808,#5828,#3526,.T.);
#7000=EDGE_CURVE('',#5829,#5830,#3527,.T.);
#7001=EDGE_CURVE('',#5830,#5831,#3528,.T.);
#7002=EDGE_CURVE('',#5831,#5832,#3529,.T.);
#7003=EDGE_CURVE('',#5832,#5829,#3530,.T.);
#7004=EDGE_CURVE('',#5833,#5834,#3531,.T.);
#7005=EDGE_CURVE('',#5834,#5835,#3532,.T.);
#7006=EDGE_CURVE('',#5835,#5836,#3533,.T.);
#7007=EDGE_CURVE('',#5836,#5833,#3534,.T.);
#7008=EDGE_CURVE('',#5837,#5832,#3535,.T.);
#7009=EDGE_CURVE('',#5838,#5837,#3536,.T.);
#7010=EDGE_CURVE('',#5829,#5838,#3537,.T.);
#7011=EDGE_CURVE('',#5839,#5838,#3538,.T.);
#7012=EDGE_CURVE('',#5830,#5839,#3539,.T.);
#7013=EDGE_CURVE('',#5840,#5831,#3540,.T.);
#7014=EDGE_CURVE('',#5837,#5840,#3541,.T.);
#7015=EDGE_CURVE('',#5840,#5839,#3542,.T.);
#7016=EDGE_CURVE('',#5833,#5838,#3543,.T.);
#7017=EDGE_CURVE('',#5839,#5836,#3544,.T.);
#7018=EDGE_CURVE('',#5840,#5835,#3545,.T.);
#7019=EDGE_CURVE('',#5834,#5837,#3546,.T.);
#7020=EDGE_CURVE('',#5841,#5842,#3547,.T.);
#7021=EDGE_CURVE('',#5843,#5841,#3548,.T.);
#7022=EDGE_CURVE('',#5843,#5844,#3549,.T.);
#7023=EDGE_CURVE('',#5844,#5842,#3550,.T.);
#7024=EDGE_CURVE('',#5845,#5841,#3551,.T.);
#7025=EDGE_CURVE('',#5846,#5845,#3552,.T.);
#7026=EDGE_CURVE('',#5846,#5843,#3553,.T.);
#7027=EDGE_CURVE('',#5847,#5845,#1054,.T.);
#7028=EDGE_CURVE('',#5848,#5847,#3554,.T.);
#7029=EDGE_CURVE('',#5848,#5846,#1055,.T.);
#7030=EDGE_CURVE('',#5849,#5847,#3555,.T.);
#7031=EDGE_CURVE('',#5850,#5849,#3556,.T.);
#7032=EDGE_CURVE('',#5850,#5848,#3557,.T.);
#7033=EDGE_CURVE('',#5851,#5849,#1056,.T.);
#7034=EDGE_CURVE('',#5852,#5851,#3558,.T.);
#7035=EDGE_CURVE('',#5852,#5850,#1057,.T.);
#7036=EDGE_CURVE('',#5853,#5851,#3559,.T.);
#7037=EDGE_CURVE('',#5854,#5853,#3560,.T.);
#7038=EDGE_CURVE('',#5854,#5852,#3561,.T.);
#7039=EDGE_CURVE('',#5855,#5853,#3562,.T.);
#7040=EDGE_CURVE('',#5856,#5855,#3563,.T.);
#7041=EDGE_CURVE('',#5856,#5854,#3564,.T.);
#7042=EDGE_CURVE('',#5857,#5855,#3565,.T.);
#7043=EDGE_CURVE('',#5858,#5857,#3566,.T.);
#7044=EDGE_CURVE('',#5858,#5856,#3567,.T.);
#7045=EDGE_CURVE('',#5859,#5857,#1058,.T.);
#7046=EDGE_CURVE('',#5860,#5859,#3568,.T.);
#7047=EDGE_CURVE('',#5860,#5858,#1059,.T.);
#7048=EDGE_CURVE('',#5861,#5859,#3569,.T.);
#7049=EDGE_CURVE('',#5862,#5861,#3570,.T.);
#7050=EDGE_CURVE('',#5862,#5860,#3571,.T.);
#7051=EDGE_CURVE('',#5863,#5861,#1060,.T.);
#7052=EDGE_CURVE('',#5864,#5863,#3572,.T.);
#7053=EDGE_CURVE('',#5864,#5862,#1061,.T.);
#7054=EDGE_CURVE('',#5842,#5863,#3573,.T.);
#7055=EDGE_CURVE('',#5844,#5864,#3574,.T.);
#7056=EDGE_CURVE('',#5865,#5866,#3575,.T.);
#7057=EDGE_CURVE('',#5867,#5865,#3576,.T.);
#7058=EDGE_CURVE('',#5867,#5868,#3577,.T.);
#7059=EDGE_CURVE('',#5868,#5866,#3578,.T.);
#7060=EDGE_CURVE('',#5869,#5865,#3579,.T.);
#7061=EDGE_CURVE('',#5870,#5869,#3580,.T.);
#7062=EDGE_CURVE('',#5870,#5867,#3581,.T.);
#7063=EDGE_CURVE('',#5871,#5869,#1062,.T.);
#7064=EDGE_CURVE('',#5872,#5871,#3582,.T.);
#7065=EDGE_CURVE('',#5872,#5870,#1063,.T.);
#7066=EDGE_CURVE('',#5873,#5871,#3583,.T.);
#7067=EDGE_CURVE('',#5874,#5873,#3584,.T.);
#7068=EDGE_CURVE('',#5874,#5872,#3585,.T.);
#7069=EDGE_CURVE('',#5875,#5873,#1064,.T.);
#7070=EDGE_CURVE('',#5876,#5875,#3586,.T.);
#7071=EDGE_CURVE('',#5876,#5874,#1065,.T.);
#7072=EDGE_CURVE('',#5877,#5875,#3587,.T.);
#7073=EDGE_CURVE('',#5878,#5877,#3588,.T.);
#7074=EDGE_CURVE('',#5878,#5876,#3589,.T.);
#7075=EDGE_CURVE('',#5879,#5877,#3590,.T.);
#7076=EDGE_CURVE('',#5880,#5879,#3591,.T.);
#7077=EDGE_CURVE('',#5880,#5878,#3592,.T.);
#7078=EDGE_CURVE('',#5881,#5879,#3593,.T.);
#7079=EDGE_CURVE('',#5882,#5881,#3594,.T.);
#7080=EDGE_CURVE('',#5882,#5880,#3595,.T.);
#7081=EDGE_CURVE('',#5883,#5881,#1066,.T.);
#7082=EDGE_CURVE('',#5884,#5883,#3596,.T.);
#7083=EDGE_CURVE('',#5884,#5882,#1067,.T.);
#7084=EDGE_CURVE('',#5885,#5883,#3597,.T.);
#7085=EDGE_CURVE('',#5886,#5885,#3598,.T.);
#7086=EDGE_CURVE('',#5886,#5884,#3599,.T.);
#7087=EDGE_CURVE('',#5887,#5885,#1068,.T.);
#7088=EDGE_CURVE('',#5888,#5887,#3600,.T.);
#7089=EDGE_CURVE('',#5888,#5886,#1069,.T.);
#7090=EDGE_CURVE('',#5866,#5887,#3601,.T.);
#7091=EDGE_CURVE('',#5868,#5888,#3602,.T.);
#7092=EDGE_CURVE('',#5889,#5890,#3603,.T.);
#7093=EDGE_CURVE('',#5891,#5889,#3604,.T.);
#7094=EDGE_CURVE('',#5891,#5892,#3605,.T.);
#7095=EDGE_CURVE('',#5892,#5890,#3606,.T.);
#7096=EDGE_CURVE('',#5893,#5889,#3607,.T.);
#7097=EDGE_CURVE('',#5894,#5893,#3608,.T.);
#7098=EDGE_CURVE('',#5894,#5891,#3609,.T.);
#7099=EDGE_CURVE('',#5895,#5893,#1070,.T.);
#7100=EDGE_CURVE('',#5896,#5895,#3610,.T.);
#7101=EDGE_CURVE('',#5896,#5894,#1071,.T.);
#7102=EDGE_CURVE('',#5897,#5895,#3611,.T.);
#7103=EDGE_CURVE('',#5898,#5897,#3612,.T.);
#7104=EDGE_CURVE('',#5898,#5896,#3613,.T.);
#7105=EDGE_CURVE('',#5899,#5897,#1072,.T.);
#7106=EDGE_CURVE('',#5900,#5899,#3614,.T.);
#7107=EDGE_CURVE('',#5900,#5898,#1073,.T.);
#7108=EDGE_CURVE('',#5901,#5899,#3615,.T.);
#7109=EDGE_CURVE('',#5902,#5901,#3616,.T.);
#7110=EDGE_CURVE('',#5902,#5900,#3617,.T.);
#7111=EDGE_CURVE('',#5903,#5901,#3618,.T.);
#7112=EDGE_CURVE('',#5904,#5903,#3619,.T.);
#7113=EDGE_CURVE('',#5904,#5902,#3620,.T.);
#7114=EDGE_CURVE('',#5905,#5903,#3621,.T.);
#7115=EDGE_CURVE('',#5906,#5905,#3622,.T.);
#7116=EDGE_CURVE('',#5906,#5904,#3623,.T.);
#7117=EDGE_CURVE('',#5907,#5905,#1074,.T.);
#7118=EDGE_CURVE('',#5908,#5907,#3624,.T.);
#7119=EDGE_CURVE('',#5908,#5906,#1075,.T.);
#7120=EDGE_CURVE('',#5909,#5907,#3625,.T.);
#7121=EDGE_CURVE('',#5910,#5909,#3626,.T.);
#7122=EDGE_CURVE('',#5910,#5908,#3627,.T.);
#7123=EDGE_CURVE('',#5911,#5909,#1076,.T.);
#7124=EDGE_CURVE('',#5912,#5911,#3628,.T.);
#7125=EDGE_CURVE('',#5912,#5910,#1077,.T.);
#7126=EDGE_CURVE('',#5890,#5911,#3629,.T.);
#7127=EDGE_CURVE('',#5892,#5912,#3630,.T.);
#7128=EDGE_CURVE('',#5913,#5914,#3631,.T.);
#7129=EDGE_CURVE('',#5915,#5914,#3632,.T.);
#7130=EDGE_CURVE('',#5916,#5915,#3633,.T.);
#7131=EDGE_CURVE('',#5916,#5913,#3634,.T.);
#7132=EDGE_CURVE('',#5917,#5913,#3635,.T.);
#7133=EDGE_CURVE('',#5918,#5916,#3636,.T.);
#7134=EDGE_CURVE('',#5918,#5917,#3637,.T.);
#7135=EDGE_CURVE('',#5919,#5917,#1078,.T.);
#7136=EDGE_CURVE('',#5920,#5918,#1079,.T.);
#7137=EDGE_CURVE('',#5920,#5919,#3638,.T.);
#7138=EDGE_CURVE('',#5921,#5919,#3639,.T.);
#7139=EDGE_CURVE('',#5922,#5920,#3640,.T.);
#7140=EDGE_CURVE('',#5922,#5921,#3641,.T.);
#7141=EDGE_CURVE('',#5923,#5921,#1080,.T.);
#7142=EDGE_CURVE('',#5924,#5922,#1081,.T.);
#7143=EDGE_CURVE('',#5924,#5923,#3642,.T.);
#7144=EDGE_CURVE('',#5925,#5923,#3643,.T.);
#7145=EDGE_CURVE('',#5926,#5924,#3644,.T.);
#7146=EDGE_CURVE('',#5926,#5925,#3645,.T.);
#7147=EDGE_CURVE('',#5927,#5925,#3646,.T.);
#7148=EDGE_CURVE('',#5928,#5926,#3647,.T.);
#7149=EDGE_CURVE('',#5928,#5927,#3648,.T.);
#7150=EDGE_CURVE('',#5929,#5927,#3649,.T.);
#7151=EDGE_CURVE('',#5930,#5928,#3650,.T.);
#7152=EDGE_CURVE('',#5930,#5929,#3651,.T.);
#7153=EDGE_CURVE('',#5931,#5929,#1082,.T.);
#7154=EDGE_CURVE('',#5932,#5930,#1083,.T.);
#7155=EDGE_CURVE('',#5932,#5931,#3652,.T.);
#7156=EDGE_CURVE('',#5933,#5931,#3653,.T.);
#7157=EDGE_CURVE('',#5934,#5932,#3654,.T.);
#7158=EDGE_CURVE('',#5934,#5933,#3655,.T.);
#7159=EDGE_CURVE('',#5935,#5933,#1084,.T.);
#7160=EDGE_CURVE('',#5936,#5934,#1085,.T.);
#7161=EDGE_CURVE('',#5936,#5935,#3656,.T.);
#7162=EDGE_CURVE('',#5914,#5935,#3657,.T.);
#7163=EDGE_CURVE('',#5915,#5936,#3658,.T.);
#7164=EDGE_CURVE('',#5937,#5938,#3659,.T.);
#7165=EDGE_CURVE('',#5939,#5937,#3660,.T.);
#7166=EDGE_CURVE('',#5940,#5939,#3661,.T.);
#7167=EDGE_CURVE('',#5938,#5940,#3662,.T.);
#7168=EDGE_CURVE('',#5941,#5942,#3663,.T.);
#7169=EDGE_CURVE('',#5943,#5941,#3664,.T.);
#7170=EDGE_CURVE('',#5944,#5943,#3665,.T.);
#7171=EDGE_CURVE('',#5942,#5944,#3666,.T.);
#7172=EDGE_CURVE('',#5945,#5939,#3667,.T.);
#7173=EDGE_CURVE('',#5937,#5946,#3668,.T.);
#7174=EDGE_CURVE('',#5946,#5945,#3669,.T.);
#7175=EDGE_CURVE('',#5938,#5947,#3670,.T.);
#7176=EDGE_CURVE('',#5947,#5946,#3671,.T.);
#7177=EDGE_CURVE('',#5945,#5948,#3672,.T.);
#7178=EDGE_CURVE('',#5948,#5940,#3673,.T.);
#7179=EDGE_CURVE('',#5948,#5947,#3674,.T.);
#7180=EDGE_CURVE('',#5941,#5946,#3675,.T.);
#7181=EDGE_CURVE('',#5947,#5943,#3676,.T.);
#7182=EDGE_CURVE('',#5948,#5944,#3677,.T.);
#7183=EDGE_CURVE('',#5942,#5945,#3678,.T.);
#7184=EDGE_CURVE('',#5949,#5950,#3679,.T.);
#7185=EDGE_CURVE('',#5951,#5950,#3680,.T.);
#7186=EDGE_CURVE('',#5952,#5951,#3681,.T.);
#7187=EDGE_CURVE('',#5952,#5949,#3682,.T.);
#7188=EDGE_CURVE('',#5953,#5949,#3683,.T.);
#7189=EDGE_CURVE('',#5954,#5952,#3684,.T.);
#7190=EDGE_CURVE('',#5954,#5953,#3685,.T.);
#7191=EDGE_CURVE('',#5955,#5953,#1086,.T.);
#7192=EDGE_CURVE('',#5956,#5954,#1087,.T.);
#7193=EDGE_CURVE('',#5956,#5955,#3686,.T.);
#7194=EDGE_CURVE('',#5957,#5955,#3687,.T.);
#7195=EDGE_CURVE('',#5958,#5956,#3688,.T.);
#7196=EDGE_CURVE('',#5958,#5957,#3689,.T.);
#7197=EDGE_CURVE('',#5959,#5957,#1088,.T.);
#7198=EDGE_CURVE('',#5960,#5958,#1089,.T.);
#7199=EDGE_CURVE('',#5960,#5959,#3690,.T.);
#7200=EDGE_CURVE('',#5961,#5959,#3691,.T.);
#7201=EDGE_CURVE('',#5962,#5960,#3692,.T.);
#7202=EDGE_CURVE('',#5962,#5961,#3693,.T.);
#7203=EDGE_CURVE('',#5963,#5961,#3694,.T.);
#7204=EDGE_CURVE('',#5964,#5962,#3695,.T.);
#7205=EDGE_CURVE('',#5964,#5963,#3696,.T.);
#7206=EDGE_CURVE('',#5965,#5963,#3697,.T.);
#7207=EDGE_CURVE('',#5966,#5964,#3698,.T.);
#7208=EDGE_CURVE('',#5966,#5965,#3699,.T.);
#7209=EDGE_CURVE('',#5967,#5965,#1090,.T.);
#7210=EDGE_CURVE('',#5968,#5966,#1091,.T.);
#7211=EDGE_CURVE('',#5968,#5967,#3700,.T.);
#7212=EDGE_CURVE('',#5969,#5967,#3701,.T.);
#7213=EDGE_CURVE('',#5970,#5968,#3702,.T.);
#7214=EDGE_CURVE('',#5970,#5969,#3703,.T.);
#7215=EDGE_CURVE('',#5971,#5969,#1092,.T.);
#7216=EDGE_CURVE('',#5972,#5970,#1093,.T.);
#7217=EDGE_CURVE('',#5972,#5971,#3704,.T.);
#7218=EDGE_CURVE('',#5950,#5971,#3705,.T.);
#7219=EDGE_CURVE('',#5951,#5972,#3706,.T.);
#7220=EDGE_CURVE('',#5973,#5974,#3707,.T.);
#7221=EDGE_CURVE('',#5975,#5974,#3708,.T.);
#7222=EDGE_CURVE('',#5976,#5975,#3709,.T.);
#7223=EDGE_CURVE('',#5976,#5973,#3710,.T.);
#7224=EDGE_CURVE('',#5977,#5973,#3711,.T.);
#7225=EDGE_CURVE('',#5978,#5976,#3712,.T.);
#7226=EDGE_CURVE('',#5978,#5977,#3713,.T.);
#7227=EDGE_CURVE('',#5979,#5977,#1094,.T.);
#7228=EDGE_CURVE('',#5980,#5978,#1095,.T.);
#7229=EDGE_CURVE('',#5980,#5979,#3714,.T.);
#7230=EDGE_CURVE('',#5981,#5979,#3715,.T.);
#7231=EDGE_CURVE('',#5982,#5980,#3716,.T.);
#7232=EDGE_CURVE('',#5982,#5981,#3717,.T.);
#7233=EDGE_CURVE('',#5983,#5981,#1096,.T.);
#7234=EDGE_CURVE('',#5984,#5982,#1097,.T.);
#7235=EDGE_CURVE('',#5984,#5983,#3718,.T.);
#7236=EDGE_CURVE('',#5985,#5983,#3719,.T.);
#7237=EDGE_CURVE('',#5986,#5984,#3720,.T.);
#7238=EDGE_CURVE('',#5986,#5985,#3721,.T.);
#7239=EDGE_CURVE('',#5987,#5985,#3722,.T.);
#7240=EDGE_CURVE('',#5988,#5986,#3723,.T.);
#7241=EDGE_CURVE('',#5988,#5987,#3724,.T.);
#7242=EDGE_CURVE('',#5989,#5987,#3725,.T.);
#7243=EDGE_CURVE('',#5990,#5988,#3726,.T.);
#7244=EDGE_CURVE('',#5990,#5989,#3727,.T.);
#7245=EDGE_CURVE('',#5991,#5989,#1098,.T.);
#7246=EDGE_CURVE('',#5992,#5990,#1099,.T.);
#7247=EDGE_CURVE('',#5992,#5991,#3728,.T.);
#7248=EDGE_CURVE('',#5993,#5991,#3729,.T.);
#7249=EDGE_CURVE('',#5994,#5992,#3730,.T.);
#7250=EDGE_CURVE('',#5994,#5993,#3731,.T.);
#7251=EDGE_CURVE('',#5995,#5993,#1100,.T.);
#7252=EDGE_CURVE('',#5996,#5994,#1101,.T.);
#7253=EDGE_CURVE('',#5996,#5995,#3732,.T.);
#7254=EDGE_CURVE('',#5974,#5995,#3733,.T.);
#7255=EDGE_CURVE('',#5975,#5996,#3734,.T.);
#7256=EDGE_CURVE('',#5997,#5998,#3735,.T.);
#7257=EDGE_CURVE('',#5999,#5997,#3736,.T.);
#7258=EDGE_CURVE('',#5999,#6000,#3737,.T.);
#7259=EDGE_CURVE('',#6000,#5998,#3738,.T.);
#7260=EDGE_CURVE('',#6001,#5997,#3739,.T.);
#7261=EDGE_CURVE('',#6002,#6001,#3740,.T.);
#7262=EDGE_CURVE('',#6002,#5999,#3741,.T.);
#7263=EDGE_CURVE('',#6003,#6001,#1102,.T.);
#7264=EDGE_CURVE('',#6004,#6003,#3742,.T.);
#7265=EDGE_CURVE('',#6004,#6002,#1103,.T.);
#7266=EDGE_CURVE('',#6005,#6003,#3743,.T.);
#7267=EDGE_CURVE('',#6006,#6005,#3744,.T.);
#7268=EDGE_CURVE('',#6006,#6004,#3745,.T.);
#7269=EDGE_CURVE('',#6007,#6005,#1104,.T.);
#7270=EDGE_CURVE('',#6008,#6007,#3746,.T.);
#7271=EDGE_CURVE('',#6008,#6006,#1105,.T.);
#7272=EDGE_CURVE('',#6009,#6007,#3747,.T.);
#7273=EDGE_CURVE('',#6010,#6009,#3748,.T.);
#7274=EDGE_CURVE('',#6010,#6008,#3749,.T.);
#7275=EDGE_CURVE('',#6011,#6009,#3750,.T.);
#7276=EDGE_CURVE('',#6012,#6011,#3751,.T.);
#7277=EDGE_CURVE('',#6012,#6010,#3752,.T.);
#7278=EDGE_CURVE('',#6013,#6011,#3753,.T.);
#7279=EDGE_CURVE('',#6014,#6013,#3754,.T.);
#7280=EDGE_CURVE('',#6014,#6012,#3755,.T.);
#7281=EDGE_CURVE('',#6015,#6013,#1106,.T.);
#7282=EDGE_CURVE('',#6016,#6015,#3756,.T.);
#7283=EDGE_CURVE('',#6016,#6014,#1107,.T.);
#7284=EDGE_CURVE('',#6017,#6015,#3757,.T.);
#7285=EDGE_CURVE('',#6018,#6017,#3758,.T.);
#7286=EDGE_CURVE('',#6018,#6016,#3759,.T.);
#7287=EDGE_CURVE('',#6019,#6017,#1108,.T.);
#7288=EDGE_CURVE('',#6020,#6019,#3760,.T.);
#7289=EDGE_CURVE('',#6020,#6018,#1109,.T.);
#7290=EDGE_CURVE('',#5998,#6019,#3761,.T.);
#7291=EDGE_CURVE('',#6000,#6020,#3762,.T.);
#7292=EDGE_CURVE('',#6021,#6022,#3763,.T.);
#7293=EDGE_CURVE('',#6023,#6022,#3764,.T.);
#7294=EDGE_CURVE('',#6024,#6023,#3765,.T.);
#7295=EDGE_CURVE('',#6024,#6021,#3766,.T.);
#7296=EDGE_CURVE('',#6025,#6021,#3767,.T.);
#7297=EDGE_CURVE('',#6026,#6024,#3768,.T.);
#7298=EDGE_CURVE('',#6026,#6025,#3769,.T.);
#7299=EDGE_CURVE('',#6027,#6025,#1110,.T.);
#7300=EDGE_CURVE('',#6028,#6026,#1111,.T.);
#7301=EDGE_CURVE('',#6028,#6027,#3770,.T.);
#7302=EDGE_CURVE('',#6029,#6027,#3771,.T.);
#7303=EDGE_CURVE('',#6030,#6028,#3772,.T.);
#7304=EDGE_CURVE('',#6030,#6029,#3773,.T.);
#7305=EDGE_CURVE('',#6031,#6029,#1112,.T.);
#7306=EDGE_CURVE('',#6032,#6030,#1113,.T.);
#7307=EDGE_CURVE('',#6032,#6031,#3774,.T.);
#7308=EDGE_CURVE('',#6033,#6031,#3775,.T.);
#7309=EDGE_CURVE('',#6034,#6032,#3776,.T.);
#7310=EDGE_CURVE('',#6034,#6033,#3777,.T.);
#7311=EDGE_CURVE('',#6035,#6033,#3778,.T.);
#7312=EDGE_CURVE('',#6036,#6034,#3779,.T.);
#7313=EDGE_CURVE('',#6036,#6035,#3780,.T.);
#7314=EDGE_CURVE('',#6037,#6035,#3781,.T.);
#7315=EDGE_CURVE('',#6038,#6036,#3782,.T.);
#7316=EDGE_CURVE('',#6038,#6037,#3783,.T.);
#7317=EDGE_CURVE('',#6039,#6037,#1114,.T.);
#7318=EDGE_CURVE('',#6040,#6038,#1115,.T.);
#7319=EDGE_CURVE('',#6040,#6039,#3784,.T.);
#7320=EDGE_CURVE('',#6041,#6039,#3785,.T.);
#7321=EDGE_CURVE('',#6042,#6040,#3786,.T.);
#7322=EDGE_CURVE('',#6042,#6041,#3787,.T.);
#7323=EDGE_CURVE('',#6043,#6041,#1116,.T.);
#7324=EDGE_CURVE('',#6044,#6042,#1117,.T.);
#7325=EDGE_CURVE('',#6044,#6043,#3788,.T.);
#7326=EDGE_CURVE('',#6022,#6043,#3789,.T.);
#7327=EDGE_CURVE('',#6023,#6044,#3790,.T.);
#7328=EDGE_CURVE('',#6045,#6046,#3791,.T.);
#7329=EDGE_CURVE('',#6047,#6046,#3792,.T.);
#7330=EDGE_CURVE('',#6048,#6047,#3793,.T.);
#7331=EDGE_CURVE('',#6048,#6045,#3794,.T.);
#7332=EDGE_CURVE('',#6049,#6045,#3795,.T.);
#7333=EDGE_CURVE('',#6050,#6048,#3796,.T.);
#7334=EDGE_CURVE('',#6050,#6049,#3797,.T.);
#7335=EDGE_CURVE('',#6051,#6049,#1118,.T.);
#7336=EDGE_CURVE('',#6052,#6050,#1119,.T.);
#7337=EDGE_CURVE('',#6052,#6051,#3798,.T.);
#7338=EDGE_CURVE('',#6053,#6051,#3799,.T.);
#7339=EDGE_CURVE('',#6054,#6052,#3800,.T.);
#7340=EDGE_CURVE('',#6054,#6053,#3801,.T.);
#7341=EDGE_CURVE('',#6055,#6053,#1120,.T.);
#7342=EDGE_CURVE('',#6056,#6054,#1121,.T.);
#7343=EDGE_CURVE('',#6056,#6055,#3802,.T.);
#7344=EDGE_CURVE('',#6057,#6055,#3803,.T.);
#7345=EDGE_CURVE('',#6058,#6056,#3804,.T.);
#7346=EDGE_CURVE('',#6058,#6057,#3805,.T.);
#7347=EDGE_CURVE('',#6059,#6057,#3806,.T.);
#7348=EDGE_CURVE('',#6060,#6058,#3807,.T.);
#7349=EDGE_CURVE('',#6060,#6059,#3808,.T.);
#7350=EDGE_CURVE('',#6061,#6059,#3809,.T.);
#7351=EDGE_CURVE('',#6062,#6060,#3810,.T.);
#7352=EDGE_CURVE('',#6062,#6061,#3811,.T.);
#7353=EDGE_CURVE('',#6063,#6061,#1122,.T.);
#7354=EDGE_CURVE('',#6064,#6062,#1123,.T.);
#7355=EDGE_CURVE('',#6064,#6063,#3812,.T.);
#7356=EDGE_CURVE('',#6065,#6063,#3813,.T.);
#7357=EDGE_CURVE('',#6066,#6064,#3814,.T.);
#7358=EDGE_CURVE('',#6066,#6065,#3815,.T.);
#7359=EDGE_CURVE('',#6067,#6065,#1124,.T.);
#7360=EDGE_CURVE('',#6068,#6066,#1125,.T.);
#7361=EDGE_CURVE('',#6068,#6067,#3816,.T.);
#7362=EDGE_CURVE('',#6046,#6067,#3817,.T.);
#7363=EDGE_CURVE('',#6047,#6068,#3818,.T.);
#7364=EDGE_CURVE('',#6069,#6070,#3819,.T.);
#7365=EDGE_CURVE('',#6071,#6069,#3820,.T.);
#7366=EDGE_CURVE('',#6071,#6072,#3821,.T.);
#7367=EDGE_CURVE('',#6072,#6070,#3822,.T.);
#7368=EDGE_CURVE('',#6073,#6069,#3823,.T.);
#7369=EDGE_CURVE('',#6074,#6073,#3824,.T.);
#7370=EDGE_CURVE('',#6074,#6071,#3825,.T.);
#7371=EDGE_CURVE('',#6075,#6073,#1126,.T.);
#7372=EDGE_CURVE('',#6076,#6075,#3826,.T.);
#7373=EDGE_CURVE('',#6076,#6074,#1127,.T.);
#7374=EDGE_CURVE('',#6077,#6075,#3827,.T.);
#7375=EDGE_CURVE('',#6078,#6077,#3828,.T.);
#7376=EDGE_CURVE('',#6078,#6076,#3829,.T.);
#7377=EDGE_CURVE('',#6079,#6077,#1128,.T.);
#7378=EDGE_CURVE('',#6080,#6079,#3830,.T.);
#7379=EDGE_CURVE('',#6080,#6078,#1129,.T.);
#7380=EDGE_CURVE('',#6081,#6079,#3831,.T.);
#7381=EDGE_CURVE('',#6082,#6081,#3832,.T.);
#7382=EDGE_CURVE('',#6082,#6080,#3833,.T.);
#7383=EDGE_CURVE('',#6083,#6081,#3834,.T.);
#7384=EDGE_CURVE('',#6084,#6083,#3835,.T.);
#7385=EDGE_CURVE('',#6084,#6082,#3836,.T.);
#7386=EDGE_CURVE('',#6085,#6083,#3837,.T.);
#7387=EDGE_CURVE('',#6086,#6085,#3838,.T.);
#7388=EDGE_CURVE('',#6086,#6084,#3839,.T.);
#7389=EDGE_CURVE('',#6087,#6085,#1130,.T.);
#7390=EDGE_CURVE('',#6088,#6087,#3840,.T.);
#7391=EDGE_CURVE('',#6088,#6086,#1131,.T.);
#7392=EDGE_CURVE('',#6089,#6087,#3841,.T.);
#7393=EDGE_CURVE('',#6090,#6089,#3842,.T.);
#7394=EDGE_CURVE('',#6090,#6088,#3843,.T.);
#7395=EDGE_CURVE('',#6091,#6089,#1132,.T.);
#7396=EDGE_CURVE('',#6092,#6091,#3844,.T.);
#7397=EDGE_CURVE('',#6092,#6090,#1133,.T.);
#7398=EDGE_CURVE('',#6070,#6091,#3845,.T.);
#7399=EDGE_CURVE('',#6072,#6092,#3846,.T.);
#7400=EDGE_CURVE('',#6093,#6094,#3847,.T.);
#7401=EDGE_CURVE('',#6095,#6093,#3848,.T.);
#7402=EDGE_CURVE('',#6096,#6095,#3849,.T.);
#7403=EDGE_CURVE('',#6094,#6096,#3850,.T.);
#7404=EDGE_CURVE('',#6097,#6098,#3851,.T.);
#7405=EDGE_CURVE('',#6099,#6097,#3852,.T.);
#7406=EDGE_CURVE('',#6100,#6099,#3853,.T.);
#7407=EDGE_CURVE('',#6098,#6100,#3854,.T.);
#7408=EDGE_CURVE('',#6101,#6095,#3855,.T.);
#7409=EDGE_CURVE('',#6093,#6102,#3856,.T.);
#7410=EDGE_CURVE('',#6102,#6101,#3857,.T.);
#7411=EDGE_CURVE('',#6094,#6103,#3858,.T.);
#7412=EDGE_CURVE('',#6103,#6102,#3859,.T.);
#7413=EDGE_CURVE('',#6101,#6104,#3860,.T.);
#7414=EDGE_CURVE('',#6104,#6096,#3861,.T.);
#7415=EDGE_CURVE('',#6104,#6103,#3862,.T.);
#7416=EDGE_CURVE('',#6097,#6102,#3863,.T.);
#7417=EDGE_CURVE('',#6103,#6099,#3864,.T.);
#7418=EDGE_CURVE('',#6104,#6100,#3865,.T.);
#7419=EDGE_CURVE('',#6098,#6101,#3866,.T.);
#7420=EDGE_CURVE('',#6105,#6105,#1134,.T.);
#7421=EDGE_CURVE('',#6105,#6106,#3867,.T.);
#7422=EDGE_CURVE('',#6106,#6106,#1135,.T.);
#7423=EDGE_CURVE('',#6107,#6107,#1136,.T.);
#7424=EDGE_CURVE('',#6107,#6108,#3868,.T.);
#7425=EDGE_CURVE('',#6108,#6108,#1137,.T.);
#7426=EDGE_CURVE('',#6109,#6109,#1138,.T.);
#7427=EDGE_CURVE('',#6109,#6110,#3869,.T.);
#7428=EDGE_CURVE('',#6110,#6110,#1139,.T.);
#7429=EDGE_CURVE('',#6111,#6111,#1140,.T.);
#7430=EDGE_CURVE('',#6111,#6112,#3870,.T.);
#7431=EDGE_CURVE('',#6112,#6112,#1141,.T.);
#7432=EDGE_CURVE('',#6113,#6113,#1142,.T.);
#7433=EDGE_CURVE('',#6113,#6114,#3871,.T.);
#7434=EDGE_CURVE('',#6114,#6114,#1143,.T.);
#7435=EDGE_CURVE('',#6115,#6115,#1144,.T.);
#7436=EDGE_CURVE('',#6115,#6116,#3872,.T.);
#7437=EDGE_CURVE('',#6116,#6116,#1145,.T.);
#7438=EDGE_CURVE('',#6117,#6117,#1146,.T.);
#7439=EDGE_CURVE('',#6117,#6118,#3873,.T.);
#7440=EDGE_CURVE('',#6118,#6118,#1147,.T.);
#7441=EDGE_CURVE('',#6119,#6119,#1148,.T.);
#7442=EDGE_CURVE('',#6119,#6120,#3874,.T.);
#7443=EDGE_CURVE('',#6120,#6120,#1149,.T.);
#7444=EDGE_CURVE('',#6121,#6121,#1150,.T.);
#7445=EDGE_CURVE('',#6121,#6122,#3875,.T.);
#7446=EDGE_CURVE('',#6122,#6122,#1151,.T.);
#7447=EDGE_CURVE('',#6123,#6123,#1152,.T.);
#7448=EDGE_CURVE('',#6123,#6124,#3876,.T.);
#7449=EDGE_CURVE('',#6124,#6124,#1153,.T.);
#7450=EDGE_CURVE('',#6125,#6125,#1154,.T.);
#7451=EDGE_CURVE('',#6125,#6126,#3877,.T.);
#7452=EDGE_CURVE('',#6126,#6126,#1155,.T.);
#7453=EDGE_CURVE('',#6127,#6127,#1156,.T.);
#7454=EDGE_CURVE('',#6127,#6128,#3878,.T.);
#7455=EDGE_CURVE('',#6128,#6128,#1157,.T.);
#7456=EDGE_CURVE('',#6129,#6129,#1158,.T.);
#7457=EDGE_CURVE('',#6129,#6130,#3879,.T.);
#7458=EDGE_CURVE('',#6130,#6130,#1159,.T.);
#7459=EDGE_CURVE('',#6131,#6131,#1160,.T.);
#7460=EDGE_CURVE('',#6131,#6132,#3880,.T.);
#7461=EDGE_CURVE('',#6132,#6132,#1161,.T.);
#7462=EDGE_CURVE('',#6133,#6133,#1162,.T.);
#7463=EDGE_CURVE('',#6133,#6134,#3881,.T.);
#7464=EDGE_CURVE('',#6134,#6134,#1163,.T.);
#7465=EDGE_CURVE('',#6135,#6135,#1164,.T.);
#7466=EDGE_CURVE('',#6135,#6136,#3882,.T.);
#7467=EDGE_CURVE('',#6136,#6136,#1165,.T.);
#7468=EDGE_CURVE('',#6137,#6137,#1166,.T.);
#7469=EDGE_CURVE('',#6137,#6138,#3883,.T.);
#7470=EDGE_CURVE('',#6138,#6138,#1167,.T.);
#7471=EDGE_CURVE('',#6139,#6139,#1168,.T.);
#7472=EDGE_CURVE('',#6139,#6140,#3884,.T.);
#7473=EDGE_CURVE('',#6140,#6140,#1169,.T.);
#7474=EDGE_CURVE('',#6141,#6141,#1170,.T.);
#7475=EDGE_CURVE('',#6141,#6142,#3885,.T.);
#7476=EDGE_CURVE('',#6142,#6142,#1171,.T.);
#7477=EDGE_CURVE('',#6143,#6143,#1172,.T.);
#7478=EDGE_CURVE('',#6143,#6144,#3886,.T.);
#7479=EDGE_CURVE('',#6144,#6144,#1173,.T.);
#7480=EDGE_CURVE('',#6145,#6145,#1174,.T.);
#7481=EDGE_CURVE('',#6145,#6146,#3887,.T.);
#7482=EDGE_CURVE('',#6146,#6146,#1175,.T.);
#7483=EDGE_CURVE('',#6147,#6147,#1176,.T.);
#7484=EDGE_CURVE('',#6147,#6148,#3888,.T.);
#7485=EDGE_CURVE('',#6148,#6148,#1177,.T.);
#7486=EDGE_CURVE('',#6149,#6149,#1178,.T.);
#7487=EDGE_CURVE('',#6149,#6150,#3889,.T.);
#7488=EDGE_CURVE('',#6150,#6150,#1179,.T.);
#7489=EDGE_CURVE('',#6151,#6151,#1180,.T.);
#7490=EDGE_CURVE('',#6151,#6152,#3890,.T.);
#7491=EDGE_CURVE('',#6152,#6152,#1181,.T.);
#7492=EDGE_CURVE('',#6153,#6153,#1182,.T.);
#7493=EDGE_CURVE('',#6153,#6154,#3891,.T.);
#7494=EDGE_CURVE('',#6154,#6154,#1183,.T.);
#7495=EDGE_CURVE('',#6155,#6155,#1184,.T.);
#7496=EDGE_CURVE('',#6155,#6156,#3892,.T.);
#7497=EDGE_CURVE('',#6156,#6156,#1185,.T.);
#7498=EDGE_CURVE('',#6157,#6157,#1186,.T.);
#7499=EDGE_CURVE('',#6157,#6158,#3893,.T.);
#7500=EDGE_CURVE('',#6158,#6158,#1187,.T.);
#7501=EDGE_CURVE('',#6159,#6159,#1188,.T.);
#7502=EDGE_CURVE('',#6159,#6160,#3894,.T.);
#7503=EDGE_CURVE('',#6160,#6160,#1189,.T.);
#7504=EDGE_CURVE('',#6161,#6161,#1190,.T.);
#7505=EDGE_CURVE('',#6161,#6162,#3895,.T.);
#7506=EDGE_CURVE('',#6162,#6162,#1191,.T.);
#7507=EDGE_CURVE('',#6163,#6163,#1192,.T.);
#7508=EDGE_CURVE('',#6163,#6164,#3896,.T.);
#7509=EDGE_CURVE('',#6164,#6164,#1193,.T.);
#7510=EDGE_CURVE('',#6165,#6165,#1194,.T.);
#7511=EDGE_CURVE('',#6165,#6166,#3897,.T.);
#7512=EDGE_CURVE('',#6166,#6166,#1195,.T.);
#7513=EDGE_CURVE('',#6167,#6167,#1196,.T.);
#7514=EDGE_CURVE('',#6167,#6168,#3898,.T.);
#7515=EDGE_CURVE('',#6168,#6168,#1197,.T.);
#7516=EDGE_CURVE('',#6169,#6169,#1198,.T.);
#7517=EDGE_CURVE('',#6169,#6170,#3899,.T.);
#7518=EDGE_CURVE('',#6170,#6170,#1199,.T.);
#7519=EDGE_CURVE('',#6171,#6171,#1200,.T.);
#7520=EDGE_CURVE('',#6171,#6172,#3900,.T.);
#7521=EDGE_CURVE('',#6172,#6172,#1201,.T.);
#7522=EDGE_CURVE('',#6173,#6173,#1202,.T.);
#7523=EDGE_CURVE('',#6173,#6174,#3901,.T.);
#7524=EDGE_CURVE('',#6174,#6174,#1203,.T.);
#7525=EDGE_CURVE('',#6175,#6175,#1204,.T.);
#7526=EDGE_CURVE('',#6175,#6176,#3902,.T.);
#7527=EDGE_CURVE('',#6176,#6176,#1205,.T.);
#7528=EDGE_CURVE('',#6177,#6177,#1206,.T.);
#7529=EDGE_CURVE('',#6177,#6178,#3903,.T.);
#7530=EDGE_CURVE('',#6178,#6178,#1207,.T.);
#7531=EDGE_CURVE('',#6179,#6179,#1208,.T.);
#7532=EDGE_CURVE('',#6179,#6180,#3904,.T.);
#7533=EDGE_CURVE('',#6180,#6180,#1209,.T.);
#7534=EDGE_CURVE('',#6181,#6181,#1210,.T.);
#7535=EDGE_CURVE('',#6181,#6182,#3905,.T.);
#7536=EDGE_CURVE('',#6182,#6182,#1211,.T.);
#7537=EDGE_CURVE('',#6183,#6183,#1212,.T.);
#7538=EDGE_CURVE('',#6183,#6184,#3906,.T.);
#7539=EDGE_CURVE('',#6184,#6184,#1213,.T.);
#7540=EDGE_CURVE('',#6185,#6185,#1214,.T.);
#7541=EDGE_CURVE('',#6185,#6186,#3907,.T.);
#7542=EDGE_CURVE('',#6186,#6186,#1215,.T.);
#7543=EDGE_CURVE('',#6187,#6187,#1216,.T.);
#7544=EDGE_CURVE('',#6187,#6188,#3908,.T.);
#7545=EDGE_CURVE('',#6188,#6188,#1217,.T.);
#7546=EDGE_CURVE('',#6189,#6189,#1218,.T.);
#7547=EDGE_CURVE('',#6189,#6190,#3909,.T.);
#7548=EDGE_CURVE('',#6190,#6190,#1219,.T.);
#7549=EDGE_CURVE('',#6191,#6191,#1220,.T.);
#7550=EDGE_CURVE('',#6191,#6192,#3910,.T.);
#7551=EDGE_CURVE('',#6192,#6192,#1221,.T.);
#7552=EDGE_CURVE('',#6193,#6193,#1222,.T.);
#7553=EDGE_CURVE('',#6193,#6194,#3911,.T.);
#7554=EDGE_CURVE('',#6194,#6194,#1223,.T.);
#7555=EDGE_CURVE('',#6195,#6195,#1224,.T.);
#7556=EDGE_CURVE('',#6195,#6196,#3912,.T.);
#7557=EDGE_CURVE('',#6196,#6196,#1225,.T.);
#7558=EDGE_CURVE('',#6197,#6197,#1226,.T.);
#7559=EDGE_CURVE('',#6197,#6198,#3913,.T.);
#7560=EDGE_CURVE('',#6198,#6198,#1227,.T.);
#7561=EDGE_CURVE('',#6199,#6199,#1228,.T.);
#7562=EDGE_CURVE('',#6199,#6200,#3914,.T.);
#7563=EDGE_CURVE('',#6200,#6200,#1229,.T.);
#7564=EDGE_CURVE('',#6201,#6201,#1230,.T.);
#7565=EDGE_CURVE('',#6201,#6202,#3915,.T.);
#7566=EDGE_CURVE('',#6202,#6202,#1231,.T.);
#7567=EDGE_CURVE('',#6203,#6203,#1232,.T.);
#7568=EDGE_CURVE('',#6203,#6204,#3916,.T.);
#7569=EDGE_CURVE('',#6204,#6204,#1233,.T.);
#7570=EDGE_CURVE('',#6205,#6205,#1234,.T.);
#7571=EDGE_CURVE('',#6205,#6206,#3917,.T.);
#7572=EDGE_CURVE('',#6206,#6206,#1235,.T.);
#7573=EDGE_CURVE('',#6207,#6207,#1236,.T.);
#7574=EDGE_CURVE('',#6207,#6208,#3918,.T.);
#7575=EDGE_CURVE('',#6208,#6208,#1237,.T.);
#7576=EDGE_CURVE('',#6209,#6209,#1238,.T.);
#7577=EDGE_CURVE('',#6209,#6210,#3919,.T.);
#7578=EDGE_CURVE('',#6210,#6210,#1239,.T.);
#7579=EDGE_CURVE('',#6211,#6211,#1240,.T.);
#7580=EDGE_CURVE('',#6211,#6212,#3920,.T.);
#7581=EDGE_CURVE('',#6212,#6212,#1241,.T.);
#7582=EDGE_CURVE('',#6213,#6213,#1242,.T.);
#7583=EDGE_CURVE('',#6213,#6214,#3921,.T.);
#7584=EDGE_CURVE('',#6214,#6214,#1243,.T.);
#7585=EDGE_CURVE('',#6215,#6215,#1244,.T.);
#7586=EDGE_CURVE('',#6215,#6216,#3922,.T.);
#7587=EDGE_CURVE('',#6216,#6216,#1245,.T.);
#7588=EDGE_CURVE('',#6217,#6217,#1246,.T.);
#7589=EDGE_CURVE('',#6217,#6218,#3923,.T.);
#7590=EDGE_CURVE('',#6218,#6218,#1247,.T.);
#7591=EDGE_CURVE('',#6219,#6219,#1248,.T.);
#7592=EDGE_CURVE('',#6219,#6220,#3924,.T.);
#7593=EDGE_CURVE('',#6220,#6220,#1249,.T.);
#7594=EDGE_CURVE('',#6221,#6221,#1250,.T.);
#7595=EDGE_CURVE('',#6221,#6222,#1251,.T.);
#7596=EDGE_CURVE('',#6222,#6222,#1252,.T.);
#7597=EDGE_CURVE('',#6223,#6223,#1253,.T.);
#7598=EDGE_CURVE('',#6223,#6221,#3925,.T.);
#7599=EDGE_CURVE('',#6224,#6225,#3926,.T.);
#7600=EDGE_CURVE('',#6224,#6226,#3927,.T.);
#7601=EDGE_CURVE('',#6227,#6226,#3928,.T.);
#7602=EDGE_CURVE('',#6227,#6228,#3929,.T.);
#7603=EDGE_CURVE('',#6228,#6229,#3930,.T.);
#7604=EDGE_CURVE('',#6229,#6225,#3931,.T.);
#7605=EDGE_CURVE('',#6230,#6231,#3932,.T.);
#7606=EDGE_CURVE('',#6231,#6232,#3933,.T.);
#7607=EDGE_CURVE('',#6232,#6233,#3934,.T.);
#7608=EDGE_CURVE('',#6233,#6230,#3935,.T.);
#7609=EDGE_CURVE('',#6234,#6235,#3936,.T.);
#7610=EDGE_CURVE('',#6235,#6236,#3937,.T.);
#7611=EDGE_CURVE('',#6236,#6237,#3938,.T.);
#7612=EDGE_CURVE('',#6238,#6237,#3939,.T.);
#7613=EDGE_CURVE('',#6238,#6234,#3940,.T.);
#7614=EDGE_CURVE('',#6239,#6240,#3941,.T.);
#7615=EDGE_CURVE('',#6240,#6241,#3942,.T.);
#7616=EDGE_CURVE('',#6241,#6242,#3943,.T.);
#7617=EDGE_CURVE('',#6242,#6239,#3944,.T.);
#7618=EDGE_CURVE('',#6243,#6244,#3945,.T.);
#7619=EDGE_CURVE('',#6244,#6245,#3946,.T.);
#7620=EDGE_CURVE('',#6245,#6246,#3947,.T.);
#7621=EDGE_CURVE('',#6246,#6247,#3948,.T.);
#7622=EDGE_CURVE('',#6243,#6247,#3949,.T.);
#7623=EDGE_CURVE('',#6248,#6249,#3950,.T.);
#7624=EDGE_CURVE('',#6249,#6250,#3951,.T.);
#7625=EDGE_CURVE('',#6250,#6251,#3952,.T.);
#7626=EDGE_CURVE('',#6251,#6248,#3953,.T.);
#7627=EDGE_CURVE('',#6245,#6235,#3954,.T.);
#7628=EDGE_CURVE('',#6234,#6246,#3955,.T.);
#7629=EDGE_CURVE('',#6252,#6253,#3956,.T.);
#7630=EDGE_CURVE('',#6253,#6254,#3957,.T.);
#7631=EDGE_CURVE('',#6254,#6255,#3958,.T.);
#7632=EDGE_CURVE('',#6255,#6252,#3959,.T.);
#7633=EDGE_CURVE('',#6256,#6257,#3960,.T.);
#7634=EDGE_CURVE('',#6257,#6258,#3961,.T.);
#7635=EDGE_CURVE('',#6258,#6259,#3962,.T.);
#7636=EDGE_CURVE('',#6259,#6256,#3963,.T.);
#7637=EDGE_CURVE('',#6260,#6261,#3964,.T.);
#7638=EDGE_CURVE('',#6261,#6262,#3965,.T.);
#7639=EDGE_CURVE('',#6262,#6263,#3966,.T.);
#7640=EDGE_CURVE('',#6263,#6260,#3967,.T.);
#7641=EDGE_CURVE('',#6246,#6231,#13,.T.);
#7642=EDGE_CURVE('',#6232,#6234,#14,.T.);
#7643=EDGE_CURVE('',#6229,#6251,#1254,.T.);
#7644=EDGE_CURVE('',#6248,#6228,#1255,.T.);
#7645=EDGE_CURVE('',#6233,#6238,#1256,.T.);
#7646=EDGE_CURVE('',#6230,#6224,#1257,.T.);
#7647=EDGE_CURVE('',#6226,#6233,#1258,.T.);
#7648=EDGE_CURVE('',#6247,#6230,#1259,.T.);
#7649=EDGE_CURVE('',#6226,#6238,#1260,.T.);
#7650=EDGE_CURVE('',#6248,#6255,#1261,.T.);
#7651=EDGE_CURVE('',#6255,#6228,#1262,.T.);
#7652=EDGE_CURVE('',#6229,#6263,#1263,.T.);
#7653=EDGE_CURVE('',#6263,#6251,#1264,.T.);
#7654=EDGE_CURVE('',#6247,#6224,#1265,.T.);
#7655=EDGE_CURVE('',#6227,#6237,#1266,.T.);
#7656=EDGE_CURVE('',#6252,#6227,#1267,.T.);
#7657=EDGE_CURVE('',#6249,#6254,#1268,.T.);
#7658=EDGE_CURVE('',#6250,#6259,#1269,.T.);
#7659=EDGE_CURVE('',#6256,#6249,#1270,.T.);
#7660=EDGE_CURVE('',#6260,#6250,#1271,.T.);
#7661=EDGE_CURVE('',#6225,#6262,#1272,.T.);
#7662=EDGE_CURVE('',#6243,#6225,#1273,.T.);
#7663=EDGE_CURVE('',#6252,#6237,#1274,.T.);
#7664=EDGE_CURVE('',#6256,#6254,#1275,.T.);
#7665=EDGE_CURVE('',#6260,#6259,#1276,.T.);
#7666=EDGE_CURVE('',#6243,#6262,#1277,.T.);
#7667=EDGE_CURVE('',#6253,#6236,#1278,.T.);
#7668=EDGE_CURVE('',#6257,#6253,#1279,.T.);
#7669=EDGE_CURVE('',#6258,#6242,#1280,.T.);
#7670=EDGE_CURVE('',#6239,#6257,#1281,.T.);
#7671=EDGE_CURVE('',#6261,#6258,#1282,.T.);
#7672=EDGE_CURVE('',#6244,#6261,#1283,.T.);
#7673=EDGE_CURVE('',#6239,#6236,#1284,.T.);
#7674=EDGE_CURVE('',#6244,#6242,#1285,.T.);
#7675=EDGE_CURVE('',#6240,#6235,#15,.T.);
#7676=EDGE_CURVE('',#6245,#6241,#16,.T.);
#7677=EDGE_CURVE('',#6264,#6265,#3968,.T.);
#7678=EDGE_CURVE('',#6264,#6266,#3969,.T.);
#7679=EDGE_CURVE('',#6267,#6266,#3970,.T.);
#7680=EDGE_CURVE('',#6265,#6267,#3971,.T.);
#7681=EDGE_CURVE('',#6265,#6268,#3972,.T.);
#7682=EDGE_CURVE('',#6269,#6267,#3973,.T.);
#7683=EDGE_CURVE('',#6268,#6269,#3974,.T.);
#7684=EDGE_CURVE('',#6268,#6270,#3975,.T.);
#7685=EDGE_CURVE('',#6271,#6269,#3976,.T.);
#7686=EDGE_CURVE('',#6270,#6271,#3977,.T.);
#7687=EDGE_CURVE('',#6270,#6264,#3978,.T.);
#7688=EDGE_CURVE('',#6266,#6271,#3979,.T.);
#7689=EDGE_CURVE('',#6272,#6273,#3980,.T.);
#7690=EDGE_CURVE('',#6272,#6274,#3981,.T.);
#7691=EDGE_CURVE('',#6275,#6274,#3982,.T.);
#7692=EDGE_CURVE('',#6273,#6275,#3983,.T.);
#7693=EDGE_CURVE('',#6273,#6276,#3984,.T.);
#7694=EDGE_CURVE('',#6277,#6275,#3985,.T.);
#7695=EDGE_CURVE('',#6276,#6277,#3986,.T.);
#7696=EDGE_CURVE('',#6276,#6278,#3987,.T.);
#7697=EDGE_CURVE('',#6279,#6277,#3988,.T.);
#7698=EDGE_CURVE('',#6278,#6279,#3989,.T.);
#7699=EDGE_CURVE('',#6278,#6272,#3990,.T.);
#7700=EDGE_CURVE('',#6274,#6279,#3991,.T.);
#7701=EDGE_CURVE('',#6280,#6281,#3992,.T.);
#7702=EDGE_CURVE('',#6280,#6282,#3993,.T.);
#7703=EDGE_CURVE('',#6283,#6282,#3994,.T.);
#7704=EDGE_CURVE('',#6281,#6283,#3995,.T.);
#7705=EDGE_CURVE('',#6281,#6284,#3996,.T.);
#7706=EDGE_CURVE('',#6285,#6283,#3997,.T.);
#7707=EDGE_CURVE('',#6284,#6285,#3998,.T.);
#7708=EDGE_CURVE('',#6284,#6286,#3999,.T.);
#7709=EDGE_CURVE('',#6287,#6285,#4000,.T.);
#7710=EDGE_CURVE('',#6286,#6287,#4001,.T.);
#7711=EDGE_CURVE('',#6286,#6280,#4002,.T.);
#7712=EDGE_CURVE('',#6282,#6287,#4003,.T.);
#7713=EDGE_CURVE('',#6288,#6289,#4004,.T.);
#7714=EDGE_CURVE('',#6288,#6290,#4005,.T.);
#7715=EDGE_CURVE('',#6291,#6290,#4006,.T.);
#7716=EDGE_CURVE('',#6289,#6291,#4007,.T.);
#7717=EDGE_CURVE('',#6289,#6292,#4008,.T.);
#7718=EDGE_CURVE('',#6293,#6291,#4009,.T.);
#7719=EDGE_CURVE('',#6292,#6293,#4010,.T.);
#7720=EDGE_CURVE('',#6292,#6294,#4011,.T.);
#7721=EDGE_CURVE('',#6295,#6293,#4012,.T.);
#7722=EDGE_CURVE('',#6294,#6295,#4013,.T.);
#7723=EDGE_CURVE('',#6294,#6288,#4014,.T.);
#7724=EDGE_CURVE('',#6290,#6295,#4015,.T.);
#7725=EDGE_CURVE('',#6296,#6297,#4016,.T.);
#7726=EDGE_CURVE('',#6296,#6298,#4017,.T.);
#7727=EDGE_CURVE('',#6299,#6298,#4018,.T.);
#7728=EDGE_CURVE('',#6297,#6299,#4019,.T.);
#7729=EDGE_CURVE('',#6297,#6300,#4020,.T.);
#7730=EDGE_CURVE('',#6301,#6299,#4021,.T.);
#7731=EDGE_CURVE('',#6300,#6301,#4022,.T.);
#7732=EDGE_CURVE('',#6300,#6302,#4023,.T.);
#7733=EDGE_CURVE('',#6303,#6301,#4024,.T.);
#7734=EDGE_CURVE('',#6302,#6303,#4025,.T.);
#7735=EDGE_CURVE('',#6302,#6296,#4026,.T.);
#7736=EDGE_CURVE('',#6298,#6303,#4027,.T.);
#7737=EDGE_CURVE('',#6304,#6305,#4028,.T.);
#7738=EDGE_CURVE('',#6304,#6306,#4029,.T.);
#7739=EDGE_CURVE('',#6307,#6306,#4030,.T.);
#7740=EDGE_CURVE('',#6305,#6307,#4031,.T.);
#7741=EDGE_CURVE('',#6305,#6308,#4032,.T.);
#7742=EDGE_CURVE('',#6309,#6307,#4033,.T.);
#7743=EDGE_CURVE('',#6308,#6309,#4034,.T.);
#7744=EDGE_CURVE('',#6308,#6310,#4035,.T.);
#7745=EDGE_CURVE('',#6311,#6309,#4036,.T.);
#7746=EDGE_CURVE('',#6310,#6311,#4037,.T.);
#7747=EDGE_CURVE('',#6310,#6304,#4038,.T.);
#7748=EDGE_CURVE('',#6306,#6311,#4039,.T.);
#7749=EDGE_CURVE('',#6312,#6313,#4040,.T.);
#7750=EDGE_CURVE('',#6312,#6314,#4041,.T.);
#7751=EDGE_CURVE('',#6315,#6314,#4042,.T.);
#7752=EDGE_CURVE('',#6313,#6315,#4043,.T.);
#7753=EDGE_CURVE('',#6313,#6316,#4044,.T.);
#7754=EDGE_CURVE('',#6317,#6315,#4045,.T.);
#7755=EDGE_CURVE('',#6316,#6317,#4046,.T.);
#7756=EDGE_CURVE('',#6316,#6318,#4047,.T.);
#7757=EDGE_CURVE('',#6319,#6317,#4048,.T.);
#7758=EDGE_CURVE('',#6318,#6319,#4049,.T.);
#7759=EDGE_CURVE('',#6318,#6312,#4050,.T.);
#7760=EDGE_CURVE('',#6314,#6319,#4051,.T.);
#7761=EDGE_CURVE('',#6320,#6321,#4052,.T.);
#7762=EDGE_CURVE('',#6320,#6322,#4053,.T.);
#7763=EDGE_CURVE('',#6323,#6322,#4054,.T.);
#7764=EDGE_CURVE('',#6321,#6323,#4055,.T.);
#7765=EDGE_CURVE('',#6321,#6324,#4056,.T.);
#7766=EDGE_CURVE('',#6325,#6323,#4057,.T.);
#7767=EDGE_CURVE('',#6324,#6325,#4058,.T.);
#7768=EDGE_CURVE('',#6324,#6326,#4059,.T.);
#7769=EDGE_CURVE('',#6327,#6325,#4060,.T.);
#7770=EDGE_CURVE('',#6326,#6327,#4061,.T.);
#7771=EDGE_CURVE('',#6326,#6320,#4062,.T.);
#7772=EDGE_CURVE('',#6322,#6327,#4063,.T.);
#7773=EDGE_CURVE('',#6328,#6329,#4064,.T.);
#7774=EDGE_CURVE('',#6328,#6330,#4065,.T.);
#7775=EDGE_CURVE('',#6331,#6330,#4066,.T.);
#7776=EDGE_CURVE('',#6329,#6331,#4067,.T.);
#7777=EDGE_CURVE('',#6329,#6332,#4068,.T.);
#7778=EDGE_CURVE('',#6333,#6331,#4069,.T.);
#7779=EDGE_CURVE('',#6332,#6333,#4070,.T.);
#7780=EDGE_CURVE('',#6332,#6334,#4071,.T.);
#7781=EDGE_CURVE('',#6335,#6333,#4072,.T.);
#7782=EDGE_CURVE('',#6334,#6335,#4073,.T.);
#7783=EDGE_CURVE('',#6334,#6328,#4074,.T.);
#7784=EDGE_CURVE('',#6330,#6335,#4075,.T.);
#7785=EDGE_CURVE('',#6336,#6337,#4076,.T.);
#7786=EDGE_CURVE('',#6336,#6338,#4077,.T.);
#7787=EDGE_CURVE('',#6339,#6338,#4078,.T.);
#7788=EDGE_CURVE('',#6337,#6339,#4079,.T.);
#7789=EDGE_CURVE('',#6337,#6340,#4080,.T.);
#7790=EDGE_CURVE('',#6341,#6339,#4081,.T.);
#7791=EDGE_CURVE('',#6340,#6341,#4082,.T.);
#7792=EDGE_CURVE('',#6340,#6342,#4083,.T.);
#7793=EDGE_CURVE('',#6343,#6341,#4084,.T.);
#7794=EDGE_CURVE('',#6342,#6343,#4085,.T.);
#7795=EDGE_CURVE('',#6342,#6336,#4086,.T.);
#7796=EDGE_CURVE('',#6338,#6343,#4087,.T.);
#7797=EDGE_CURVE('',#6344,#6345,#4088,.T.);
#7798=EDGE_CURVE('',#6344,#6346,#4089,.T.);
#7799=EDGE_CURVE('',#6347,#6346,#4090,.T.);
#7800=EDGE_CURVE('',#6345,#6347,#4091,.T.);
#7801=EDGE_CURVE('',#6345,#6348,#4092,.T.);
#7802=EDGE_CURVE('',#6349,#6347,#4093,.T.);
#7803=EDGE_CURVE('',#6348,#6349,#4094,.T.);
#7804=EDGE_CURVE('',#6348,#6350,#4095,.T.);
#7805=EDGE_CURVE('',#6351,#6349,#4096,.T.);
#7806=EDGE_CURVE('',#6350,#6351,#4097,.T.);
#7807=EDGE_CURVE('',#6350,#6344,#4098,.T.);
#7808=EDGE_CURVE('',#6346,#6351,#4099,.T.);
#7809=EDGE_CURVE('',#6352,#6353,#4100,.T.);
#7810=EDGE_CURVE('',#6352,#6354,#4101,.T.);
#7811=EDGE_CURVE('',#6355,#6354,#4102,.T.);
#7812=EDGE_CURVE('',#6353,#6355,#4103,.T.);
#7813=EDGE_CURVE('',#6353,#6356,#4104,.T.);
#7814=EDGE_CURVE('',#6357,#6355,#4105,.T.);
#7815=EDGE_CURVE('',#6356,#6357,#4106,.T.);
#7816=EDGE_CURVE('',#6356,#6358,#4107,.T.);
#7817=EDGE_CURVE('',#6359,#6357,#4108,.T.);
#7818=EDGE_CURVE('',#6358,#6359,#4109,.T.);
#7819=EDGE_CURVE('',#6358,#6352,#4110,.T.);
#7820=EDGE_CURVE('',#6354,#6359,#4111,.T.);
#7821=EDGE_CURVE('',#6360,#6361,#4112,.T.);
#7822=EDGE_CURVE('',#6360,#6362,#4113,.T.);
#7823=EDGE_CURVE('',#6363,#6362,#4114,.T.);
#7824=EDGE_CURVE('',#6361,#6363,#4115,.T.);
#7825=EDGE_CURVE('',#6361,#6364,#4116,.T.);
#7826=EDGE_CURVE('',#6365,#6363,#4117,.T.);
#7827=EDGE_CURVE('',#6364,#6365,#4118,.T.);
#7828=EDGE_CURVE('',#6364,#6366,#4119,.T.);
#7829=EDGE_CURVE('',#6367,#6365,#4120,.T.);
#7830=EDGE_CURVE('',#6366,#6367,#4121,.T.);
#7831=EDGE_CURVE('',#6366,#6360,#4122,.T.);
#7832=EDGE_CURVE('',#6362,#6367,#4123,.T.);
#7833=EDGE_CURVE('',#6368,#6369,#4124,.T.);
#7834=EDGE_CURVE('',#6368,#6370,#4125,.T.);
#7835=EDGE_CURVE('',#6371,#6370,#4126,.T.);
#7836=EDGE_CURVE('',#6369,#6371,#4127,.T.);
#7837=EDGE_CURVE('',#6369,#6372,#4128,.T.);
#7838=EDGE_CURVE('',#6373,#6371,#4129,.T.);
#7839=EDGE_CURVE('',#6372,#6373,#4130,.T.);
#7840=EDGE_CURVE('',#6372,#6374,#4131,.T.);
#7841=EDGE_CURVE('',#6375,#6373,#4132,.T.);
#7842=EDGE_CURVE('',#6374,#6375,#4133,.T.);
#7843=EDGE_CURVE('',#6374,#6368,#4134,.T.);
#7844=EDGE_CURVE('',#6370,#6375,#4135,.T.);
#7845=EDGE_CURVE('',#6376,#6377,#4136,.T.);
#7846=EDGE_CURVE('',#6376,#6378,#4137,.T.);
#7847=EDGE_CURVE('',#6379,#6378,#4138,.T.);
#7848=EDGE_CURVE('',#6377,#6379,#4139,.T.);
#7849=EDGE_CURVE('',#6377,#6380,#4140,.T.);
#7850=EDGE_CURVE('',#6381,#6379,#4141,.T.);
#7851=EDGE_CURVE('',#6380,#6381,#4142,.T.);
#7852=EDGE_CURVE('',#6380,#6382,#4143,.T.);
#7853=EDGE_CURVE('',#6383,#6381,#4144,.T.);
#7854=EDGE_CURVE('',#6382,#6383,#4145,.T.);
#7855=EDGE_CURVE('',#6382,#6376,#4146,.T.);
#7856=EDGE_CURVE('',#6378,#6383,#4147,.T.);
#7857=EDGE_CURVE('',#6384,#6385,#4148,.T.);
#7858=EDGE_CURVE('',#6384,#6386,#4149,.T.);
#7859=EDGE_CURVE('',#6387,#6386,#4150,.T.);
#7860=EDGE_CURVE('',#6385,#6387,#4151,.T.);
#7861=EDGE_CURVE('',#6385,#6388,#4152,.T.);
#7862=EDGE_CURVE('',#6389,#6387,#4153,.T.);
#7863=EDGE_CURVE('',#6388,#6389,#4154,.T.);
#7864=EDGE_CURVE('',#6388,#6390,#4155,.T.);
#7865=EDGE_CURVE('',#6391,#6389,#4156,.T.);
#7866=EDGE_CURVE('',#6390,#6391,#4157,.T.);
#7867=EDGE_CURVE('',#6390,#6384,#4158,.T.);
#7868=EDGE_CURVE('',#6386,#6391,#4159,.T.);
#7869=EDGE_CURVE('',#6392,#6393,#4160,.T.);
#7870=EDGE_CURVE('',#6392,#6394,#4161,.T.);
#7871=EDGE_CURVE('',#6395,#6394,#4162,.T.);
#7872=EDGE_CURVE('',#6393,#6395,#4163,.T.);
#7873=EDGE_CURVE('',#6393,#6396,#4164,.T.);
#7874=EDGE_CURVE('',#6397,#6395,#4165,.T.);
#7875=EDGE_CURVE('',#6396,#6397,#4166,.T.);
#7876=EDGE_CURVE('',#6396,#6398,#4167,.T.);
#7877=EDGE_CURVE('',#6399,#6397,#4168,.T.);
#7878=EDGE_CURVE('',#6398,#6399,#4169,.T.);
#7879=EDGE_CURVE('',#6398,#6392,#4170,.T.);
#7880=EDGE_CURVE('',#6394,#6399,#4171,.T.);
#7881=EDGE_CURVE('',#6400,#6401,#4172,.T.);
#7882=EDGE_CURVE('',#6400,#6402,#4173,.T.);
#7883=EDGE_CURVE('',#6403,#6402,#4174,.T.);
#7884=EDGE_CURVE('',#6401,#6403,#4175,.T.);
#7885=EDGE_CURVE('',#6401,#6404,#4176,.T.);
#7886=EDGE_CURVE('',#6405,#6403,#4177,.T.);
#7887=EDGE_CURVE('',#6404,#6405,#4178,.T.);
#7888=EDGE_CURVE('',#6404,#6406,#4179,.T.);
#7889=EDGE_CURVE('',#6407,#6405,#4180,.T.);
#7890=EDGE_CURVE('',#6406,#6407,#4181,.T.);
#7891=EDGE_CURVE('',#6406,#6400,#4182,.T.);
#7892=EDGE_CURVE('',#6402,#6407,#4183,.T.);
#7893=EDGE_CURVE('',#6408,#6409,#4184,.T.);
#7894=EDGE_CURVE('',#6408,#6410,#4185,.T.);
#7895=EDGE_CURVE('',#6411,#6410,#4186,.T.);
#7896=EDGE_CURVE('',#6409,#6411,#4187,.T.);
#7897=EDGE_CURVE('',#6409,#6412,#4188,.T.);
#7898=EDGE_CURVE('',#6413,#6411,#4189,.T.);
#7899=EDGE_CURVE('',#6412,#6413,#4190,.T.);
#7900=EDGE_CURVE('',#6412,#6414,#4191,.T.);
#7901=EDGE_CURVE('',#6415,#6413,#4192,.T.);
#7902=EDGE_CURVE('',#6414,#6415,#4193,.T.);
#7903=EDGE_CURVE('',#6414,#6408,#4194,.T.);
#7904=EDGE_CURVE('',#6410,#6415,#4195,.T.);
#7905=EDGE_CURVE('',#6416,#6417,#4196,.T.);
#7906=EDGE_CURVE('',#6416,#6418,#4197,.T.);
#7907=EDGE_CURVE('',#6419,#6418,#4198,.T.);
#7908=EDGE_CURVE('',#6417,#6419,#4199,.T.);
#7909=EDGE_CURVE('',#6417,#6420,#4200,.T.);
#7910=EDGE_CURVE('',#6421,#6419,#4201,.T.);
#7911=EDGE_CURVE('',#6420,#6421,#4202,.T.);
#7912=EDGE_CURVE('',#6420,#6422,#4203,.T.);
#7913=EDGE_CURVE('',#6423,#6421,#4204,.T.);
#7914=EDGE_CURVE('',#6422,#6423,#4205,.T.);
#7915=EDGE_CURVE('',#6422,#6416,#4206,.T.);
#7916=EDGE_CURVE('',#6418,#6423,#4207,.T.);
#7917=EDGE_CURVE('',#6424,#6425,#4208,.T.);
#7918=EDGE_CURVE('',#6424,#6426,#4209,.T.);
#7919=EDGE_CURVE('',#6427,#6426,#4210,.T.);
#7920=EDGE_CURVE('',#6425,#6427,#4211,.T.);
#7921=EDGE_CURVE('',#6425,#6428,#4212,.T.);
#7922=EDGE_CURVE('',#6429,#6427,#4213,.T.);
#7923=EDGE_CURVE('',#6428,#6429,#4214,.T.);
#7924=EDGE_CURVE('',#6428,#6430,#4215,.T.);
#7925=EDGE_CURVE('',#6431,#6429,#4216,.T.);
#7926=EDGE_CURVE('',#6430,#6431,#4217,.T.);
#7927=EDGE_CURVE('',#6430,#6424,#4218,.T.);
#7928=EDGE_CURVE('',#6426,#6431,#4219,.T.);
#7929=EDGE_CURVE('',#6432,#6433,#4220,.T.);
#7930=EDGE_CURVE('',#6432,#6434,#4221,.T.);
#7931=EDGE_CURVE('',#6435,#6434,#4222,.T.);
#7932=EDGE_CURVE('',#6433,#6435,#4223,.T.);
#7933=EDGE_CURVE('',#6433,#6436,#4224,.T.);
#7934=EDGE_CURVE('',#6437,#6435,#4225,.T.);
#7935=EDGE_CURVE('',#6436,#6437,#4226,.T.);
#7936=EDGE_CURVE('',#6436,#6438,#4227,.T.);
#7937=EDGE_CURVE('',#6439,#6437,#4228,.T.);
#7938=EDGE_CURVE('',#6438,#6439,#4229,.T.);
#7939=EDGE_CURVE('',#6438,#6432,#4230,.T.);
#7940=EDGE_CURVE('',#6434,#6439,#4231,.T.);
#7941=EDGE_CURVE('',#6440,#6441,#4232,.T.);
#7942=EDGE_CURVE('',#6440,#6442,#4233,.T.);
#7943=EDGE_CURVE('',#6443,#6442,#4234,.T.);
#7944=EDGE_CURVE('',#6441,#6443,#4235,.T.);
#7945=EDGE_CURVE('',#6441,#6444,#4236,.T.);
#7946=EDGE_CURVE('',#6445,#6443,#4237,.T.);
#7947=EDGE_CURVE('',#6444,#6445,#4238,.T.);
#7948=EDGE_CURVE('',#6444,#6446,#4239,.T.);
#7949=EDGE_CURVE('',#6447,#6445,#4240,.T.);
#7950=EDGE_CURVE('',#6446,#6447,#4241,.T.);
#7951=EDGE_CURVE('',#6446,#6440,#4242,.T.);
#7952=EDGE_CURVE('',#6442,#6447,#4243,.T.);
#7953=EDGE_CURVE('',#6448,#6449,#4244,.T.);
#7954=EDGE_CURVE('',#6448,#6450,#4245,.T.);
#7955=EDGE_CURVE('',#6451,#6450,#4246,.T.);
#7956=EDGE_CURVE('',#6449,#6451,#4247,.T.);
#7957=EDGE_CURVE('',#6449,#6452,#4248,.T.);
#7958=EDGE_CURVE('',#6453,#6451,#4249,.T.);
#7959=EDGE_CURVE('',#6452,#6453,#4250,.T.);
#7960=EDGE_CURVE('',#6452,#6454,#4251,.T.);
#7961=EDGE_CURVE('',#6455,#6453,#4252,.T.);
#7962=EDGE_CURVE('',#6454,#6455,#4253,.T.);
#7963=EDGE_CURVE('',#6454,#6448,#4254,.T.);
#7964=EDGE_CURVE('',#6450,#6455,#4255,.T.);
#7965=EDGE_CURVE('',#6456,#6457,#4256,.T.);
#7966=EDGE_CURVE('',#6456,#6458,#4257,.T.);
#7967=EDGE_CURVE('',#6459,#6458,#4258,.T.);
#7968=EDGE_CURVE('',#6457,#6459,#4259,.T.);
#7969=EDGE_CURVE('',#6457,#6460,#4260,.T.);
#7970=EDGE_CURVE('',#6461,#6459,#4261,.T.);
#7971=EDGE_CURVE('',#6460,#6461,#4262,.T.);
#7972=EDGE_CURVE('',#6460,#6462,#4263,.T.);
#7973=EDGE_CURVE('',#6463,#6461,#4264,.T.);
#7974=EDGE_CURVE('',#6462,#6463,#4265,.T.);
#7975=EDGE_CURVE('',#6462,#6456,#4266,.T.);
#7976=EDGE_CURVE('',#6458,#6463,#4267,.T.);
#7977=EDGE_CURVE('',#6464,#6465,#4268,.T.);
#7978=EDGE_CURVE('',#6464,#6466,#4269,.T.);
#7979=EDGE_CURVE('',#6467,#6466,#4270,.T.);
#7980=EDGE_CURVE('',#6465,#6467,#4271,.T.);
#7981=EDGE_CURVE('',#6465,#6468,#4272,.T.);
#7982=EDGE_CURVE('',#6469,#6467,#4273,.T.);
#7983=EDGE_CURVE('',#6468,#6469,#4274,.T.);
#7984=EDGE_CURVE('',#6468,#6470,#4275,.T.);
#7985=EDGE_CURVE('',#6471,#6469,#4276,.T.);
#7986=EDGE_CURVE('',#6470,#6471,#4277,.T.);
#7987=EDGE_CURVE('',#6470,#6464,#4278,.T.);
#7988=EDGE_CURVE('',#6466,#6471,#4279,.T.);
#7989=EDGE_CURVE('',#6472,#6473,#4280,.T.);
#7990=EDGE_CURVE('',#6472,#6474,#4281,.T.);
#7991=EDGE_CURVE('',#6475,#6474,#4282,.T.);
#7992=EDGE_CURVE('',#6473,#6475,#4283,.T.);
#7993=EDGE_CURVE('',#6473,#6476,#4284,.T.);
#7994=EDGE_CURVE('',#6477,#6475,#4285,.T.);
#7995=EDGE_CURVE('',#6476,#6477,#4286,.T.);
#7996=EDGE_CURVE('',#6476,#6478,#4287,.T.);
#7997=EDGE_CURVE('',#6479,#6477,#4288,.T.);
#7998=EDGE_CURVE('',#6478,#6479,#4289,.T.);
#7999=EDGE_CURVE('',#6478,#6472,#4290,.T.);
#8000=EDGE_CURVE('',#6474,#6479,#4291,.T.);
#8001=EDGE_CURVE('',#6480,#6481,#4292,.T.);
#8002=EDGE_CURVE('',#6480,#6482,#4293,.T.);
#8003=EDGE_CURVE('',#6483,#6482,#4294,.T.);
#8004=EDGE_CURVE('',#6481,#6483,#4295,.T.);
#8005=EDGE_CURVE('',#6481,#6484,#4296,.T.);
#8006=EDGE_CURVE('',#6485,#6483,#4297,.T.);
#8007=EDGE_CURVE('',#6484,#6485,#4298,.T.);
#8008=EDGE_CURVE('',#6484,#6486,#4299,.T.);
#8009=EDGE_CURVE('',#6487,#6485,#4300,.T.);
#8010=EDGE_CURVE('',#6486,#6487,#4301,.T.);
#8011=EDGE_CURVE('',#6486,#6480,#4302,.T.);
#8012=EDGE_CURVE('',#6482,#6487,#4303,.T.);
#8013=EDGE_CURVE('',#6488,#6488,#1286,.T.);
#8014=EDGE_CURVE('',#6488,#6489,#4304,.T.);
#8015=EDGE_CURVE('',#6489,#6489,#1287,.T.);
#8016=EDGE_CURVE('',#6490,#6490,#1288,.T.);
#8017=EDGE_CURVE('',#6490,#6491,#4305,.T.);
#8018=EDGE_CURVE('',#6491,#6491,#1289,.T.);
#8019=EDGE_CURVE('',#6492,#6492,#1290,.T.);
#8020=EDGE_CURVE('',#6492,#6493,#4306,.T.);
#8021=EDGE_CURVE('',#6493,#6493,#1291,.T.);
#8022=EDGE_CURVE('',#6494,#6494,#1292,.T.);
#8023=EDGE_CURVE('',#6494,#6495,#4307,.T.);
#8024=EDGE_CURVE('',#6495,#6495,#1293,.T.);
#8025=EDGE_CURVE('',#6496,#6496,#1294,.T.);
#8026=EDGE_CURVE('',#6496,#6497,#4308,.T.);
#8027=EDGE_CURVE('',#6497,#6497,#1295,.T.);
#8028=EDGE_CURVE('',#6498,#6498,#1296,.T.);
#8029=EDGE_CURVE('',#6498,#6499,#4309,.T.);
#8030=EDGE_CURVE('',#6499,#6499,#1297,.T.);
#8031=EDGE_CURVE('',#6500,#6500,#1298,.T.);
#8032=EDGE_CURVE('',#6500,#6501,#4310,.T.);
#8033=EDGE_CURVE('',#6501,#6501,#1299,.T.);
#8034=EDGE_CURVE('',#6502,#6502,#1300,.T.);
#8035=EDGE_CURVE('',#6502,#6503,#4311,.T.);
#8036=EDGE_CURVE('',#6503,#6503,#1301,.T.);
#8037=EDGE_CURVE('',#6504,#6504,#1302,.T.);
#8038=EDGE_CURVE('',#6504,#6505,#4312,.T.);
#8039=EDGE_CURVE('',#6505,#6505,#1303,.T.);
#8040=EDGE_CURVE('',#6506,#6506,#1304,.T.);
#8041=EDGE_CURVE('',#6506,#6507,#4313,.T.);
#8042=EDGE_CURVE('',#6507,#6507,#1305,.T.);
#8043=EDGE_CURVE('',#6508,#6508,#1306,.T.);
#8044=EDGE_CURVE('',#6508,#6509,#4314,.T.);
#8045=EDGE_CURVE('',#6509,#6509,#1307,.T.);
#8046=EDGE_CURVE('',#6510,#6510,#1308,.T.);
#8047=EDGE_CURVE('',#6510,#6511,#4315,.T.);
#8048=EDGE_CURVE('',#6511,#6511,#1309,.T.);
#8049=EDGE_CURVE('',#6512,#6512,#1310,.T.);
#8050=EDGE_CURVE('',#6512,#6513,#4316,.T.);
#8051=EDGE_CURVE('',#6513,#6513,#1311,.T.);
#8052=EDGE_CURVE('',#6514,#6514,#1312,.T.);
#8053=EDGE_CURVE('',#6514,#6515,#4317,.T.);
#8054=EDGE_CURVE('',#6515,#6515,#1313,.T.);
#8055=EDGE_CURVE('',#6516,#6516,#1314,.T.);
#8056=EDGE_CURVE('',#6516,#6517,#4318,.T.);
#8057=EDGE_CURVE('',#6517,#6517,#1315,.T.);
#8058=EDGE_CURVE('',#6518,#6518,#1316,.T.);
#8059=EDGE_CURVE('',#6518,#6519,#4319,.T.);
#8060=EDGE_CURVE('',#6519,#6519,#1317,.T.);
#8061=EDGE_CURVE('',#6520,#6520,#1318,.T.);
#8062=EDGE_CURVE('',#6520,#6521,#4320,.T.);
#8063=EDGE_CURVE('',#6521,#6521,#1319,.T.);
#8064=EDGE_CURVE('',#6522,#6522,#1320,.T.);
#8065=EDGE_CURVE('',#6522,#6523,#4321,.T.);
#8066=EDGE_CURVE('',#6523,#6523,#1321,.T.);
#8067=EDGE_CURVE('',#6524,#6524,#1322,.T.);
#8068=EDGE_CURVE('',#6524,#6525,#4322,.T.);
#8069=EDGE_CURVE('',#6525,#6525,#1323,.T.);
#8070=EDGE_CURVE('',#6526,#6526,#1324,.T.);
#8071=EDGE_CURVE('',#6526,#6527,#4323,.T.);
#8072=EDGE_CURVE('',#6527,#6527,#1325,.T.);
#8073=EDGE_CURVE('',#6528,#6528,#1326,.T.);
#8074=EDGE_CURVE('',#6528,#6529,#4324,.T.);
#8075=EDGE_CURVE('',#6529,#6529,#1327,.T.);
#8076=EDGE_CURVE('',#6530,#6530,#1328,.T.);
#8077=EDGE_CURVE('',#6530,#6531,#4325,.T.);
#8078=EDGE_CURVE('',#6531,#6531,#1329,.T.);
#8079=EDGE_CURVE('',#6532,#6532,#1330,.T.);
#8080=EDGE_CURVE('',#6532,#6533,#4326,.T.);
#8081=EDGE_CURVE('',#6533,#6533,#1331,.T.);
#8082=EDGE_CURVE('',#6534,#6534,#1332,.T.);
#8083=EDGE_CURVE('',#6534,#6535,#4327,.T.);
#8084=EDGE_CURVE('',#6535,#6535,#1333,.T.);
#8085=EDGE_CURVE('',#6536,#6536,#1334,.T.);
#8086=EDGE_CURVE('',#6536,#6537,#4328,.T.);
#8087=EDGE_CURVE('',#6537,#6537,#1335,.T.);
#8088=EDGE_CURVE('',#6538,#6538,#1336,.T.);
#8089=EDGE_CURVE('',#6538,#6539,#4329,.T.);
#8090=EDGE_CURVE('',#6539,#6539,#1337,.T.);
#8091=EDGE_CURVE('',#6540,#6540,#1338,.T.);
#8092=EDGE_CURVE('',#6540,#6541,#4330,.T.);
#8093=EDGE_CURVE('',#6541,#6541,#1339,.T.);
#8094=EDGE_CURVE('',#6542,#6542,#1340,.T.);
#8095=EDGE_CURVE('',#6542,#6543,#4331,.T.);
#8096=EDGE_CURVE('',#6543,#6543,#1341,.T.);
#8097=EDGE_CURVE('',#6544,#6545,#4332,.T.);
#8098=EDGE_CURVE('',#6545,#6546,#1342,.T.);
#8099=EDGE_CURVE('',#6546,#6547,#4333,.T.);
#8100=EDGE_CURVE('',#6547,#6548,#1343,.T.);
#8101=EDGE_CURVE('',#6548,#6549,#4334,.T.);
#8102=EDGE_CURVE('',#6549,#6550,#1344,.T.);
#8103=EDGE_CURVE('',#6550,#6551,#4335,.T.);
#8104=EDGE_CURVE('',#6551,#6544,#1345,.T.);
#8105=EDGE_CURVE('',#6552,#6553,#4336,.T.);
#8106=EDGE_CURVE('',#6554,#6552,#4337,.T.);
#8107=EDGE_CURVE('',#6555,#6554,#4338,.T.);
#8108=EDGE_CURVE('',#6553,#6555,#4339,.T.);
#8109=EDGE_CURVE('',#6556,#6557,#4340,.T.);
#8110=EDGE_CURVE('',#6557,#6558,#1346,.T.);
#8111=EDGE_CURVE('',#6558,#6559,#4341,.T.);
#8112=EDGE_CURVE('',#6559,#6560,#1347,.T.);
#8113=EDGE_CURVE('',#6560,#6561,#4342,.T.);
#8114=EDGE_CURVE('',#6561,#6562,#1348,.T.);
#8115=EDGE_CURVE('',#6562,#6563,#4343,.T.);
#8116=EDGE_CURVE('',#6563,#6556,#1349,.T.);
#8117=EDGE_CURVE('',#6564,#6565,#4344,.T.);
#8118=EDGE_CURVE('',#6565,#6566,#1350,.T.);
#8119=EDGE_CURVE('',#6567,#6566,#4345,.T.);
#8120=EDGE_CURVE('',#6567,#6564,#1351,.T.);
#8121=EDGE_CURVE('',#6566,#6568,#4346,.T.);
#8122=EDGE_CURVE('',#6569,#6568,#4347,.T.);
#8123=EDGE_CURVE('',#6569,#6567,#4348,.T.);
#8124=EDGE_CURVE('',#6568,#6570,#1352,.T.);
#8125=EDGE_CURVE('',#6571,#6570,#4349,.T.);
#8126=EDGE_CURVE('',#6571,#6569,#1353,.T.);
#8127=EDGE_CURVE('',#6570,#6572,#4350,.T.);
#8128=EDGE_CURVE('',#6573,#6572,#4351,.T.);
#8129=EDGE_CURVE('',#6573,#6571,#4352,.T.);
#8130=EDGE_CURVE('',#6572,#6574,#1354,.T.);
#8131=EDGE_CURVE('',#6575,#6574,#4353,.T.);
#8132=EDGE_CURVE('',#6575,#6573,#1355,.T.);
#8133=EDGE_CURVE('',#6574,#6576,#4354,.T.);
#8134=EDGE_CURVE('',#6577,#6576,#4355,.T.);
#8135=EDGE_CURVE('',#6577,#6575,#4356,.T.);
#8136=EDGE_CURVE('',#6576,#6578,#1356,.T.);
#8137=EDGE_CURVE('',#6579,#6578,#4357,.T.);
#8138=EDGE_CURVE('',#6579,#6577,#1357,.T.);
#8139=EDGE_CURVE('',#6578,#6565,#4358,.T.);
#8140=EDGE_CURVE('',#6564,#6579,#4359,.T.);
#8141=EDGE_CURVE('',#6562,#6568,#1358,.T.);
#8142=EDGE_CURVE('',#6570,#6561,#1359,.T.);
#8143=EDGE_CURVE('',#6572,#6560,#1360,.T.);
#8144=EDGE_CURVE('',#6563,#6566,#1361,.T.);
#8145=EDGE_CURVE('',#6574,#6559,#1362,.T.);
#8146=EDGE_CURVE('',#6556,#6565,#1363,.T.);
#8147=EDGE_CURVE('',#6576,#6558,#1364,.T.);
#8148=EDGE_CURVE('',#6557,#6578,#1365,.T.);
#8149=EDGE_CURVE('',#6569,#6549,#1366,.T.);
#8150=EDGE_CURVE('',#6550,#6571,#1367,.T.);
#8151=EDGE_CURVE('',#6551,#6573,#1368,.T.);
#8152=EDGE_CURVE('',#6567,#6548,#1369,.T.);
#8153=EDGE_CURVE('',#6544,#6575,#1370,.T.);
#8154=EDGE_CURVE('',#6564,#6547,#1371,.T.);
#8155=EDGE_CURVE('',#6545,#6577,#1372,.T.);
#8156=EDGE_CURVE('',#6579,#6546,#1373,.T.);
#8157=EDGE_CURVE('',#6580,#6552,#4360,.T.);
#8158=EDGE_CURVE('',#6581,#6580,#4361,.T.);
#8159=EDGE_CURVE('',#6581,#6554,#4362,.T.);
#8160=EDGE_CURVE('',#6582,#6553,#4363,.T.);
#8161=EDGE_CURVE('',#6580,#6582,#4364,.T.);
#8162=EDGE_CURVE('',#6583,#6555,#4365,.T.);
#8163=EDGE_CURVE('',#6582,#6583,#4366,.T.);
#8164=EDGE_CURVE('',#6583,#6581,#4367,.T.);
#8165=ORIENTED_EDGE('',*,*,#6584,.T.);
#8166=ORIENTED_EDGE('',*,*,#6585,.T.);
#8167=ORIENTED_EDGE('',*,*,#6586,.T.);
#8168=ORIENTED_EDGE('',*,*,#6587,.T.);
#8169=ORIENTED_EDGE('',*,*,#6588,.T.);
#8170=ORIENTED_EDGE('',*,*,#6589,.T.);
#8171=ORIENTED_EDGE('',*,*,#6590,.T.);
#8172=ORIENTED_EDGE('',*,*,#6591,.T.);
#8173=ORIENTED_EDGE('',*,*,#6592,.T.);
#8174=ORIENTED_EDGE('',*,*,#6593,.T.);
#8175=ORIENTED_EDGE('',*,*,#6594,.T.);
#8176=ORIENTED_EDGE('',*,*,#6595,.T.);
#8177=ORIENTED_EDGE('',*,*,#6596,.T.);
#8178=ORIENTED_EDGE('',*,*,#6597,.T.);
#8179=ORIENTED_EDGE('',*,*,#6598,.T.);
#8180=ORIENTED_EDGE('',*,*,#6599,.T.);
#8181=ORIENTED_EDGE('',*,*,#6600,.T.);
#8182=ORIENTED_EDGE('',*,*,#6601,.T.);
#8183=ORIENTED_EDGE('',*,*,#6602,.T.);
#8184=ORIENTED_EDGE('',*,*,#6603,.T.);
#8185=ORIENTED_EDGE('',*,*,#6604,.T.);
#8186=ORIENTED_EDGE('',*,*,#6605,.T.);
#8187=ORIENTED_EDGE('',*,*,#6606,.T.);
#8188=ORIENTED_EDGE('',*,*,#6607,.T.);
#8189=ORIENTED_EDGE('',*,*,#6608,.F.);
#8190=ORIENTED_EDGE('',*,*,#6603,.F.);
#8191=ORIENTED_EDGE('',*,*,#6609,.F.);
#8192=ORIENTED_EDGE('',*,*,#6590,.F.);
#8193=ORIENTED_EDGE('',*,*,#6610,.F.);
#8194=ORIENTED_EDGE('',*,*,#6608,.T.);
#8195=ORIENTED_EDGE('',*,*,#6611,.F.);
#8196=ORIENTED_EDGE('',*,*,#6612,.F.);
#8197=ORIENTED_EDGE('',*,*,#6609,.T.);
#8198=ORIENTED_EDGE('',*,*,#6613,.F.);
#8199=ORIENTED_EDGE('',*,*,#6611,.T.);
#8200=ORIENTED_EDGE('',*,*,#6589,.F.);
#8201=ORIENTED_EDGE('',*,*,#6614,.F.);
#8202=ORIENTED_EDGE('',*,*,#6595,.F.);
#8203=ORIENTED_EDGE('',*,*,#6610,.T.);
#8204=ORIENTED_EDGE('',*,*,#6594,.F.);
#8205=ORIENTED_EDGE('',*,*,#6615,.F.);
#8206=ORIENTED_EDGE('',*,*,#6600,.F.);
#8207=ORIENTED_EDGE('',*,*,#6616,.F.);
#8208=ORIENTED_EDGE('',*,*,#6601,.F.);
#8209=ORIENTED_EDGE('',*,*,#6617,.F.);
#8210=ORIENTED_EDGE('',*,*,#6599,.F.);
#8211=ORIENTED_EDGE('',*,*,#6613,.T.);
#8212=ORIENTED_EDGE('',*,*,#6602,.F.);
#8213=ORIENTED_EDGE('',*,*,#6618,.F.);
#8214=ORIENTED_EDGE('',*,*,#6587,.F.);
#8215=ORIENTED_EDGE('',*,*,#6612,.T.);
#8216=ORIENTED_EDGE('',*,*,#6586,.F.);
#8217=ORIENTED_EDGE('',*,*,#6619,.F.);
#8218=ORIENTED_EDGE('',*,*,#6591,.F.);
#8219=ORIENTED_EDGE('',*,*,#6620,.F.);
#8220=ORIENTED_EDGE('',*,*,#6588,.F.);
#8221=ORIENTED_EDGE('',*,*,#6621,.F.);
#8222=ORIENTED_EDGE('',*,*,#6607,.F.);
#8223=ORIENTED_EDGE('',*,*,#6614,.T.);
#8224=ORIENTED_EDGE('',*,*,#6620,.T.);
#8225=ORIENTED_EDGE('',*,*,#6622,.F.);
#8226=ORIENTED_EDGE('',*,*,#6617,.T.);
#8227=ORIENTED_EDGE('',*,*,#6615,.T.);
#8228=ORIENTED_EDGE('',*,*,#6623,.F.);
#8229=ORIENTED_EDGE('',*,*,#6618,.T.);
#8230=ORIENTED_EDGE('',*,*,#6616,.T.);
#8231=ORIENTED_EDGE('',*,*,#6624,.F.);
#8232=ORIENTED_EDGE('',*,*,#6621,.T.);
#8233=ORIENTED_EDGE('',*,*,#6619,.T.);
#8234=ORIENTED_EDGE('',*,*,#6625,.F.);
#8235=ORIENTED_EDGE('',*,*,#6622,.T.);
#8236=ORIENTED_EDGE('',*,*,#6606,.F.);
#8237=ORIENTED_EDGE('',*,*,#6626,.F.);
#8238=ORIENTED_EDGE('',*,*,#6592,.F.);
#8239=ORIENTED_EDGE('',*,*,#6623,.T.);
#8240=ORIENTED_EDGE('',*,*,#6593,.F.);
#8241=ORIENTED_EDGE('',*,*,#6627,.F.);
#8242=ORIENTED_EDGE('',*,*,#6596,.F.);
#8243=ORIENTED_EDGE('',*,*,#6624,.T.);
#8244=ORIENTED_EDGE('',*,*,#6598,.F.);
#8245=ORIENTED_EDGE('',*,*,#6628,.F.);
#8246=ORIENTED_EDGE('',*,*,#6584,.F.);
#8247=ORIENTED_EDGE('',*,*,#6625,.T.);
#8248=ORIENTED_EDGE('',*,*,#6585,.F.);
#8249=ORIENTED_EDGE('',*,*,#6629,.F.);
#8250=ORIENTED_EDGE('',*,*,#6604,.F.);
#8251=ORIENTED_EDGE('',*,*,#6627,.T.);
#8252=ORIENTED_EDGE('',*,*,#6626,.T.);
#8253=ORIENTED_EDGE('',*,*,#6630,.F.);
#8254=ORIENTED_EDGE('',*,*,#6629,.T.);
#8255=ORIENTED_EDGE('',*,*,#6628,.T.);
#8256=ORIENTED_EDGE('',*,*,#6631,.F.);
#8257=ORIENTED_EDGE('',*,*,#6630,.T.);
#8258=ORIENTED_EDGE('',*,*,#6605,.F.);
#8259=ORIENTED_EDGE('',*,*,#6631,.T.);
#8260=ORIENTED_EDGE('',*,*,#6597,.F.);
#8261=ORIENTED_EDGE('',*,*,#6632,.T.);
#8262=ORIENTED_EDGE('',*,*,#6633,.F.);
#8263=ORIENTED_EDGE('',*,*,#6634,.F.);
#8264=ORIENTED_EDGE('',*,*,#6635,.T.);
#8265=ORIENTED_EDGE('',*,*,#6636,.T.);
#8266=ORIENTED_EDGE('',*,*,#6637,.F.);
#8267=ORIENTED_EDGE('',*,*,#6638,.F.);
#8268=ORIENTED_EDGE('',*,*,#6633,.T.);
#8269=ORIENTED_EDGE('',*,*,#6639,.T.);
#8270=ORIENTED_EDGE('',*,*,#6640,.F.);
#8271=ORIENTED_EDGE('',*,*,#6641,.F.);
#8272=ORIENTED_EDGE('',*,*,#6637,.T.);
#8273=ORIENTED_EDGE('',*,*,#6642,.T.);
#8274=ORIENTED_EDGE('',*,*,#6635,.F.);
#8275=ORIENTED_EDGE('',*,*,#6643,.F.);
#8276=ORIENTED_EDGE('',*,*,#6640,.T.);
#8277=ORIENTED_EDGE('',*,*,#6634,.T.);
#8278=ORIENTED_EDGE('',*,*,#6638,.T.);
#8279=ORIENTED_EDGE('',*,*,#6641,.T.);
#8280=ORIENTED_EDGE('',*,*,#6643,.T.);
#8281=ORIENTED_EDGE('',*,*,#6632,.F.);
#8282=ORIENTED_EDGE('',*,*,#6642,.F.);
#8283=ORIENTED_EDGE('',*,*,#6639,.F.);
#8284=ORIENTED_EDGE('',*,*,#6636,.F.);
#8285=ORIENTED_EDGE('',*,*,#6644,.T.);
#8286=ORIENTED_EDGE('',*,*,#6645,.F.);
#8287=ORIENTED_EDGE('',*,*,#6646,.F.);
#8288=ORIENTED_EDGE('',*,*,#6647,.T.);
#8289=ORIENTED_EDGE('',*,*,#6648,.T.);
#8290=ORIENTED_EDGE('',*,*,#6649,.F.);
#8291=ORIENTED_EDGE('',*,*,#6650,.F.);
#8292=ORIENTED_EDGE('',*,*,#6645,.T.);
#8293=ORIENTED_EDGE('',*,*,#6651,.T.);
#8294=ORIENTED_EDGE('',*,*,#6652,.F.);
#8295=ORIENTED_EDGE('',*,*,#6653,.F.);
#8296=ORIENTED_EDGE('',*,*,#6649,.T.);
#8297=ORIENTED_EDGE('',*,*,#6654,.T.);
#8298=ORIENTED_EDGE('',*,*,#6647,.F.);
#8299=ORIENTED_EDGE('',*,*,#6655,.F.);
#8300=ORIENTED_EDGE('',*,*,#6652,.T.);
#8301=ORIENTED_EDGE('',*,*,#6646,.T.);
#8302=ORIENTED_EDGE('',*,*,#6650,.T.);
#8303=ORIENTED_EDGE('',*,*,#6653,.T.);
#8304=ORIENTED_EDGE('',*,*,#6655,.T.);
#8305=ORIENTED_EDGE('',*,*,#6644,.F.);
#8306=ORIENTED_EDGE('',*,*,#6654,.F.);
#8307=ORIENTED_EDGE('',*,*,#6651,.F.);
#8308=ORIENTED_EDGE('',*,*,#6648,.F.);
#8309=ORIENTED_EDGE('',*,*,#6656,.T.);
#8310=ORIENTED_EDGE('',*,*,#6657,.F.);
#8311=ORIENTED_EDGE('',*,*,#6658,.F.);
#8312=ORIENTED_EDGE('',*,*,#6659,.T.);
#8313=ORIENTED_EDGE('',*,*,#6660,.T.);
#8314=ORIENTED_EDGE('',*,*,#6661,.F.);
#8315=ORIENTED_EDGE('',*,*,#6662,.F.);
#8316=ORIENTED_EDGE('',*,*,#6657,.T.);
#8317=ORIENTED_EDGE('',*,*,#6663,.T.);
#8318=ORIENTED_EDGE('',*,*,#6664,.F.);
#8319=ORIENTED_EDGE('',*,*,#6665,.F.);
#8320=ORIENTED_EDGE('',*,*,#6661,.T.);
#8321=ORIENTED_EDGE('',*,*,#6666,.T.);
#8322=ORIENTED_EDGE('',*,*,#6659,.F.);
#8323=ORIENTED_EDGE('',*,*,#6667,.F.);
#8324=ORIENTED_EDGE('',*,*,#6664,.T.);
#8325=ORIENTED_EDGE('',*,*,#6658,.T.);
#8326=ORIENTED_EDGE('',*,*,#6662,.T.);
#8327=ORIENTED_EDGE('',*,*,#6665,.T.);
#8328=ORIENTED_EDGE('',*,*,#6667,.T.);
#8329=ORIENTED_EDGE('',*,*,#6656,.F.);
#8330=ORIENTED_EDGE('',*,*,#6666,.F.);
#8331=ORIENTED_EDGE('',*,*,#6663,.F.);
#8332=ORIENTED_EDGE('',*,*,#6660,.F.);
#8333=ORIENTED_EDGE('',*,*,#6668,.T.);
#8334=ORIENTED_EDGE('',*,*,#6669,.F.);
#8335=ORIENTED_EDGE('',*,*,#6670,.F.);
#8336=ORIENTED_EDGE('',*,*,#6671,.T.);
#8337=ORIENTED_EDGE('',*,*,#6672,.T.);
#8338=ORIENTED_EDGE('',*,*,#6673,.F.);
#8339=ORIENTED_EDGE('',*,*,#6674,.F.);
#8340=ORIENTED_EDGE('',*,*,#6669,.T.);
#8341=ORIENTED_EDGE('',*,*,#6675,.T.);
#8342=ORIENTED_EDGE('',*,*,#6676,.F.);
#8343=ORIENTED_EDGE('',*,*,#6677,.F.);
#8344=ORIENTED_EDGE('',*,*,#6673,.T.);
#8345=ORIENTED_EDGE('',*,*,#6678,.T.);
#8346=ORIENTED_EDGE('',*,*,#6671,.F.);
#8347=ORIENTED_EDGE('',*,*,#6679,.F.);
#8348=ORIENTED_EDGE('',*,*,#6676,.T.);
#8349=ORIENTED_EDGE('',*,*,#6670,.T.);
#8350=ORIENTED_EDGE('',*,*,#6674,.T.);
#8351=ORIENTED_EDGE('',*,*,#6677,.T.);
#8352=ORIENTED_EDGE('',*,*,#6679,.T.);
#8353=ORIENTED_EDGE('',*,*,#6668,.F.);
#8354=ORIENTED_EDGE('',*,*,#6678,.F.);
#8355=ORIENTED_EDGE('',*,*,#6675,.F.);
#8356=ORIENTED_EDGE('',*,*,#6672,.F.);
#8357=ORIENTED_EDGE('',*,*,#6680,.T.);
#8358=ORIENTED_EDGE('',*,*,#6681,.F.);
#8359=ORIENTED_EDGE('',*,*,#6682,.F.);
#8360=ORIENTED_EDGE('',*,*,#6683,.T.);
#8361=ORIENTED_EDGE('',*,*,#6684,.T.);
#8362=ORIENTED_EDGE('',*,*,#6685,.F.);
#8363=ORIENTED_EDGE('',*,*,#6686,.F.);
#8364=ORIENTED_EDGE('',*,*,#6681,.T.);
#8365=ORIENTED_EDGE('',*,*,#6687,.T.);
#8366=ORIENTED_EDGE('',*,*,#6688,.F.);
#8367=ORIENTED_EDGE('',*,*,#6689,.F.);
#8368=ORIENTED_EDGE('',*,*,#6685,.T.);
#8369=ORIENTED_EDGE('',*,*,#6690,.T.);
#8370=ORIENTED_EDGE('',*,*,#6683,.F.);
#8371=ORIENTED_EDGE('',*,*,#6691,.F.);
#8372=ORIENTED_EDGE('',*,*,#6688,.T.);
#8373=ORIENTED_EDGE('',*,*,#6682,.T.);
#8374=ORIENTED_EDGE('',*,*,#6686,.T.);
#8375=ORIENTED_EDGE('',*,*,#6689,.T.);
#8376=ORIENTED_EDGE('',*,*,#6691,.T.);
#8377=ORIENTED_EDGE('',*,*,#6680,.F.);
#8378=ORIENTED_EDGE('',*,*,#6690,.F.);
#8379=ORIENTED_EDGE('',*,*,#6687,.F.);
#8380=ORIENTED_EDGE('',*,*,#6684,.F.);
#8381=ORIENTED_EDGE('',*,*,#6692,.T.);
#8382=ORIENTED_EDGE('',*,*,#6693,.F.);
#8383=ORIENTED_EDGE('',*,*,#6694,.F.);
#8384=ORIENTED_EDGE('',*,*,#6695,.T.);
#8385=ORIENTED_EDGE('',*,*,#6696,.T.);
#8386=ORIENTED_EDGE('',*,*,#6697,.F.);
#8387=ORIENTED_EDGE('',*,*,#6698,.F.);
#8388=ORIENTED_EDGE('',*,*,#6693,.T.);
#8389=ORIENTED_EDGE('',*,*,#6699,.T.);
#8390=ORIENTED_EDGE('',*,*,#6700,.F.);
#8391=ORIENTED_EDGE('',*,*,#6701,.F.);
#8392=ORIENTED_EDGE('',*,*,#6697,.T.);
#8393=ORIENTED_EDGE('',*,*,#6702,.T.);
#8394=ORIENTED_EDGE('',*,*,#6695,.F.);
#8395=ORIENTED_EDGE('',*,*,#6703,.F.);
#8396=ORIENTED_EDGE('',*,*,#6700,.T.);
#8397=ORIENTED_EDGE('',*,*,#6694,.T.);
#8398=ORIENTED_EDGE('',*,*,#6698,.T.);
#8399=ORIENTED_EDGE('',*,*,#6701,.T.);
#8400=ORIENTED_EDGE('',*,*,#6703,.T.);
#8401=ORIENTED_EDGE('',*,*,#6692,.F.);
#8402=ORIENTED_EDGE('',*,*,#6702,.F.);
#8403=ORIENTED_EDGE('',*,*,#6699,.F.);
#8404=ORIENTED_EDGE('',*,*,#6696,.F.);
#8405=ORIENTED_EDGE('',*,*,#6704,.T.);
#8406=ORIENTED_EDGE('',*,*,#6705,.F.);
#8407=ORIENTED_EDGE('',*,*,#6706,.F.);
#8408=ORIENTED_EDGE('',*,*,#6707,.T.);
#8409=ORIENTED_EDGE('',*,*,#6708,.T.);
#8410=ORIENTED_EDGE('',*,*,#6709,.F.);
#8411=ORIENTED_EDGE('',*,*,#6710,.F.);
#8412=ORIENTED_EDGE('',*,*,#6705,.T.);
#8413=ORIENTED_EDGE('',*,*,#6711,.T.);
#8414=ORIENTED_EDGE('',*,*,#6712,.F.);
#8415=ORIENTED_EDGE('',*,*,#6713,.F.);
#8416=ORIENTED_EDGE('',*,*,#6709,.T.);
#8417=ORIENTED_EDGE('',*,*,#6714,.T.);
#8418=ORIENTED_EDGE('',*,*,#6707,.F.);
#8419=ORIENTED_EDGE('',*,*,#6715,.F.);
#8420=ORIENTED_EDGE('',*,*,#6712,.T.);
#8421=ORIENTED_EDGE('',*,*,#6706,.T.);
#8422=ORIENTED_EDGE('',*,*,#6710,.T.);
#8423=ORIENTED_EDGE('',*,*,#6713,.T.);
#8424=ORIENTED_EDGE('',*,*,#6715,.T.);
#8425=ORIENTED_EDGE('',*,*,#6704,.F.);
#8426=ORIENTED_EDGE('',*,*,#6714,.F.);
#8427=ORIENTED_EDGE('',*,*,#6711,.F.);
#8428=ORIENTED_EDGE('',*,*,#6708,.F.);
#8429=ORIENTED_EDGE('',*,*,#6716,.T.);
#8430=ORIENTED_EDGE('',*,*,#6717,.F.);
#8431=ORIENTED_EDGE('',*,*,#6718,.F.);
#8432=ORIENTED_EDGE('',*,*,#6719,.T.);
#8433=ORIENTED_EDGE('',*,*,#6720,.T.);
#8434=ORIENTED_EDGE('',*,*,#6721,.F.);
#8435=ORIENTED_EDGE('',*,*,#6722,.F.);
#8436=ORIENTED_EDGE('',*,*,#6717,.T.);
#8437=ORIENTED_EDGE('',*,*,#6723,.T.);
#8438=ORIENTED_EDGE('',*,*,#6724,.F.);
#8439=ORIENTED_EDGE('',*,*,#6725,.F.);
#8440=ORIENTED_EDGE('',*,*,#6721,.T.);
#8441=ORIENTED_EDGE('',*,*,#6726,.T.);
#8442=ORIENTED_EDGE('',*,*,#6719,.F.);
#8443=ORIENTED_EDGE('',*,*,#6727,.F.);
#8444=ORIENTED_EDGE('',*,*,#6724,.T.);
#8445=ORIENTED_EDGE('',*,*,#6718,.T.);
#8446=ORIENTED_EDGE('',*,*,#6722,.T.);
#8447=ORIENTED_EDGE('',*,*,#6725,.T.);
#8448=ORIENTED_EDGE('',*,*,#6727,.T.);
#8449=ORIENTED_EDGE('',*,*,#6716,.F.);
#8450=ORIENTED_EDGE('',*,*,#6726,.F.);
#8451=ORIENTED_EDGE('',*,*,#6723,.F.);
#8452=ORIENTED_EDGE('',*,*,#6720,.F.);
#8453=ORIENTED_EDGE('',*,*,#6728,.T.);
#8454=ORIENTED_EDGE('',*,*,#6729,.F.);
#8455=ORIENTED_EDGE('',*,*,#6730,.F.);
#8456=ORIENTED_EDGE('',*,*,#6731,.T.);
#8457=ORIENTED_EDGE('',*,*,#6732,.T.);
#8458=ORIENTED_EDGE('',*,*,#6733,.F.);
#8459=ORIENTED_EDGE('',*,*,#6734,.F.);
#8460=ORIENTED_EDGE('',*,*,#6729,.T.);
#8461=ORIENTED_EDGE('',*,*,#6735,.T.);
#8462=ORIENTED_EDGE('',*,*,#6736,.F.);
#8463=ORIENTED_EDGE('',*,*,#6737,.F.);
#8464=ORIENTED_EDGE('',*,*,#6733,.T.);
#8465=ORIENTED_EDGE('',*,*,#6738,.T.);
#8466=ORIENTED_EDGE('',*,*,#6731,.F.);
#8467=ORIENTED_EDGE('',*,*,#6739,.F.);
#8468=ORIENTED_EDGE('',*,*,#6736,.T.);
#8469=ORIENTED_EDGE('',*,*,#6730,.T.);
#8470=ORIENTED_EDGE('',*,*,#6734,.T.);
#8471=ORIENTED_EDGE('',*,*,#6737,.T.);
#8472=ORIENTED_EDGE('',*,*,#6739,.T.);
#8473=ORIENTED_EDGE('',*,*,#6728,.F.);
#8474=ORIENTED_EDGE('',*,*,#6738,.F.);
#8475=ORIENTED_EDGE('',*,*,#6735,.F.);
#8476=ORIENTED_EDGE('',*,*,#6732,.F.);
#8477=ORIENTED_EDGE('',*,*,#6740,.T.);
#8478=ORIENTED_EDGE('',*,*,#6741,.F.);
#8479=ORIENTED_EDGE('',*,*,#6742,.F.);
#8480=ORIENTED_EDGE('',*,*,#6743,.T.);
#8481=ORIENTED_EDGE('',*,*,#6744,.T.);
#8482=ORIENTED_EDGE('',*,*,#6745,.F.);
#8483=ORIENTED_EDGE('',*,*,#6746,.F.);
#8484=ORIENTED_EDGE('',*,*,#6741,.T.);
#8485=ORIENTED_EDGE('',*,*,#6747,.T.);
#8486=ORIENTED_EDGE('',*,*,#6748,.F.);
#8487=ORIENTED_EDGE('',*,*,#6749,.F.);
#8488=ORIENTED_EDGE('',*,*,#6745,.T.);
#8489=ORIENTED_EDGE('',*,*,#6750,.T.);
#8490=ORIENTED_EDGE('',*,*,#6743,.F.);
#8491=ORIENTED_EDGE('',*,*,#6751,.F.);
#8492=ORIENTED_EDGE('',*,*,#6748,.T.);
#8493=ORIENTED_EDGE('',*,*,#6742,.T.);
#8494=ORIENTED_EDGE('',*,*,#6746,.T.);
#8495=ORIENTED_EDGE('',*,*,#6749,.T.);
#8496=ORIENTED_EDGE('',*,*,#6751,.T.);
#8497=ORIENTED_EDGE('',*,*,#6740,.F.);
#8498=ORIENTED_EDGE('',*,*,#6750,.F.);
#8499=ORIENTED_EDGE('',*,*,#6747,.F.);
#8500=ORIENTED_EDGE('',*,*,#6744,.F.);
#8501=ORIENTED_EDGE('',*,*,#6752,.T.);
#8502=ORIENTED_EDGE('',*,*,#6753,.F.);
#8503=ORIENTED_EDGE('',*,*,#6754,.F.);
#8504=ORIENTED_EDGE('',*,*,#6755,.T.);
#8505=ORIENTED_EDGE('',*,*,#6756,.T.);
#8506=ORIENTED_EDGE('',*,*,#6757,.F.);
#8507=ORIENTED_EDGE('',*,*,#6758,.F.);
#8508=ORIENTED_EDGE('',*,*,#6753,.T.);
#8509=ORIENTED_EDGE('',*,*,#6759,.T.);
#8510=ORIENTED_EDGE('',*,*,#6760,.F.);
#8511=ORIENTED_EDGE('',*,*,#6761,.F.);
#8512=ORIENTED_EDGE('',*,*,#6757,.T.);
#8513=ORIENTED_EDGE('',*,*,#6762,.T.);
#8514=ORIENTED_EDGE('',*,*,#6755,.F.);
#8515=ORIENTED_EDGE('',*,*,#6763,.F.);
#8516=ORIENTED_EDGE('',*,*,#6760,.T.);
#8517=ORIENTED_EDGE('',*,*,#6754,.T.);
#8518=ORIENTED_EDGE('',*,*,#6758,.T.);
#8519=ORIENTED_EDGE('',*,*,#6761,.T.);
#8520=ORIENTED_EDGE('',*,*,#6763,.T.);
#8521=ORIENTED_EDGE('',*,*,#6752,.F.);
#8522=ORIENTED_EDGE('',*,*,#6762,.F.);
#8523=ORIENTED_EDGE('',*,*,#6759,.F.);
#8524=ORIENTED_EDGE('',*,*,#6756,.F.);
#8525=ORIENTED_EDGE('',*,*,#6764,.T.);
#8526=ORIENTED_EDGE('',*,*,#6765,.F.);
#8527=ORIENTED_EDGE('',*,*,#6766,.F.);
#8528=ORIENTED_EDGE('',*,*,#6767,.T.);
#8529=ORIENTED_EDGE('',*,*,#6768,.T.);
#8530=ORIENTED_EDGE('',*,*,#6769,.F.);
#8531=ORIENTED_EDGE('',*,*,#6770,.F.);
#8532=ORIENTED_EDGE('',*,*,#6765,.T.);
#8533=ORIENTED_EDGE('',*,*,#6771,.T.);
#8534=ORIENTED_EDGE('',*,*,#6772,.F.);
#8535=ORIENTED_EDGE('',*,*,#6773,.F.);
#8536=ORIENTED_EDGE('',*,*,#6769,.T.);
#8537=ORIENTED_EDGE('',*,*,#6774,.T.);
#8538=ORIENTED_EDGE('',*,*,#6767,.F.);
#8539=ORIENTED_EDGE('',*,*,#6775,.F.);
#8540=ORIENTED_EDGE('',*,*,#6772,.T.);
#8541=ORIENTED_EDGE('',*,*,#6766,.T.);
#8542=ORIENTED_EDGE('',*,*,#6770,.T.);
#8543=ORIENTED_EDGE('',*,*,#6773,.T.);
#8544=ORIENTED_EDGE('',*,*,#6775,.T.);
#8545=ORIENTED_EDGE('',*,*,#6764,.F.);
#8546=ORIENTED_EDGE('',*,*,#6774,.F.);
#8547=ORIENTED_EDGE('',*,*,#6771,.F.);
#8548=ORIENTED_EDGE('',*,*,#6768,.F.);
#8549=ORIENTED_EDGE('',*,*,#6776,.T.);
#8550=ORIENTED_EDGE('',*,*,#6777,.F.);
#8551=ORIENTED_EDGE('',*,*,#6778,.F.);
#8552=ORIENTED_EDGE('',*,*,#6779,.T.);
#8553=ORIENTED_EDGE('',*,*,#6780,.T.);
#8554=ORIENTED_EDGE('',*,*,#6781,.F.);
#8555=ORIENTED_EDGE('',*,*,#6782,.F.);
#8556=ORIENTED_EDGE('',*,*,#6777,.T.);
#8557=ORIENTED_EDGE('',*,*,#6783,.T.);
#8558=ORIENTED_EDGE('',*,*,#6784,.F.);
#8559=ORIENTED_EDGE('',*,*,#6785,.F.);
#8560=ORIENTED_EDGE('',*,*,#6781,.T.);
#8561=ORIENTED_EDGE('',*,*,#6786,.T.);
#8562=ORIENTED_EDGE('',*,*,#6779,.F.);
#8563=ORIENTED_EDGE('',*,*,#6787,.F.);
#8564=ORIENTED_EDGE('',*,*,#6784,.T.);
#8565=ORIENTED_EDGE('',*,*,#6778,.T.);
#8566=ORIENTED_EDGE('',*,*,#6782,.T.);
#8567=ORIENTED_EDGE('',*,*,#6785,.T.);
#8568=ORIENTED_EDGE('',*,*,#6787,.T.);
#8569=ORIENTED_EDGE('',*,*,#6776,.F.);
#8570=ORIENTED_EDGE('',*,*,#6786,.F.);
#8571=ORIENTED_EDGE('',*,*,#6783,.F.);
#8572=ORIENTED_EDGE('',*,*,#6780,.F.);
#8573=ORIENTED_EDGE('',*,*,#6788,.T.);
#8574=ORIENTED_EDGE('',*,*,#6789,.F.);
#8575=ORIENTED_EDGE('',*,*,#6790,.F.);
#8576=ORIENTED_EDGE('',*,*,#6791,.T.);
#8577=ORIENTED_EDGE('',*,*,#6792,.T.);
#8578=ORIENTED_EDGE('',*,*,#6793,.F.);
#8579=ORIENTED_EDGE('',*,*,#6794,.F.);
#8580=ORIENTED_EDGE('',*,*,#6789,.T.);
#8581=ORIENTED_EDGE('',*,*,#6795,.T.);
#8582=ORIENTED_EDGE('',*,*,#6796,.F.);
#8583=ORIENTED_EDGE('',*,*,#6797,.F.);
#8584=ORIENTED_EDGE('',*,*,#6793,.T.);
#8585=ORIENTED_EDGE('',*,*,#6798,.T.);
#8586=ORIENTED_EDGE('',*,*,#6791,.F.);
#8587=ORIENTED_EDGE('',*,*,#6799,.F.);
#8588=ORIENTED_EDGE('',*,*,#6796,.T.);
#8589=ORIENTED_EDGE('',*,*,#6790,.T.);
#8590=ORIENTED_EDGE('',*,*,#6794,.T.);
#8591=ORIENTED_EDGE('',*,*,#6797,.T.);
#8592=ORIENTED_EDGE('',*,*,#6799,.T.);
#8593=ORIENTED_EDGE('',*,*,#6788,.F.);
#8594=ORIENTED_EDGE('',*,*,#6798,.F.);
#8595=ORIENTED_EDGE('',*,*,#6795,.F.);
#8596=ORIENTED_EDGE('',*,*,#6792,.F.);
#8597=ORIENTED_EDGE('',*,*,#6800,.T.);
#8598=ORIENTED_EDGE('',*,*,#6801,.T.);
#8599=ORIENTED_EDGE('',*,*,#6802,.T.);
#8600=ORIENTED_EDGE('',*,*,#6803,.T.);
#8601=ORIENTED_EDGE('',*,*,#6804,.T.);
#8602=ORIENTED_EDGE('',*,*,#6805,.T.);
#8603=ORIENTED_EDGE('',*,*,#6806,.T.);
#8604=ORIENTED_EDGE('',*,*,#6807,.T.);
#8605=ORIENTED_EDGE('',*,*,#6808,.F.);
#8606=ORIENTED_EDGE('',*,*,#6809,.T.);
#8607=ORIENTED_EDGE('',*,*,#6804,.F.);
#8608=ORIENTED_EDGE('',*,*,#6810,.T.);
#8609=ORIENTED_EDGE('',*,*,#6808,.T.);
#8610=ORIENTED_EDGE('',*,*,#6811,.T.);
#8611=ORIENTED_EDGE('',*,*,#6800,.F.);
#8612=ORIENTED_EDGE('',*,*,#6812,.T.);
#8613=ORIENTED_EDGE('',*,*,#6806,.F.);
#8614=ORIENTED_EDGE('',*,*,#6813,.T.);
#8615=ORIENTED_EDGE('',*,*,#6814,.F.);
#8616=ORIENTED_EDGE('',*,*,#6815,.T.);
#8617=ORIENTED_EDGE('',*,*,#6802,.F.);
#8618=ORIENTED_EDGE('',*,*,#6816,.T.);
#8619=ORIENTED_EDGE('',*,*,#6814,.T.);
#8620=ORIENTED_EDGE('',*,*,#6817,.T.);
#8621=ORIENTED_EDGE('',*,*,#6818,.F.);
#8622=ORIENTED_EDGE('',*,*,#6810,.F.);
#8623=ORIENTED_EDGE('',*,*,#6807,.F.);
#8624=ORIENTED_EDGE('',*,*,#6815,.F.);
#8625=ORIENTED_EDGE('',*,*,#6811,.F.);
#8626=ORIENTED_EDGE('',*,*,#6818,.T.);
#8627=ORIENTED_EDGE('',*,*,#6816,.F.);
#8628=ORIENTED_EDGE('',*,*,#6801,.F.);
#8629=ORIENTED_EDGE('',*,*,#6819,.F.);
#8630=ORIENTED_EDGE('',*,*,#6813,.F.);
#8631=ORIENTED_EDGE('',*,*,#6805,.F.);
#8632=ORIENTED_EDGE('',*,*,#6809,.F.);
#8633=ORIENTED_EDGE('',*,*,#6817,.F.);
#8634=ORIENTED_EDGE('',*,*,#6819,.T.);
#8635=ORIENTED_EDGE('',*,*,#6812,.F.);
#8636=ORIENTED_EDGE('',*,*,#6803,.F.);
#8637=ORIENTED_EDGE('',*,*,#6820,.F.);
#8638=ORIENTED_EDGE('',*,*,#6821,.F.);
#8639=ORIENTED_EDGE('',*,*,#6822,.T.);
#8640=ORIENTED_EDGE('',*,*,#6823,.T.);
#8641=ORIENTED_EDGE('',*,*,#6824,.F.);
#8642=ORIENTED_EDGE('',*,*,#6825,.F.);
#8643=ORIENTED_EDGE('',*,*,#6826,.T.);
#8644=ORIENTED_EDGE('',*,*,#6821,.T.);
#8645=ORIENTED_EDGE('',*,*,#6827,.F.);
#8646=ORIENTED_EDGE('',*,*,#6828,.F.);
#8647=ORIENTED_EDGE('',*,*,#6829,.T.);
#8648=ORIENTED_EDGE('',*,*,#6825,.T.);
#8649=ORIENTED_EDGE('',*,*,#6830,.F.);
#8650=ORIENTED_EDGE('',*,*,#6831,.F.);
#8651=ORIENTED_EDGE('',*,*,#6832,.T.);
#8652=ORIENTED_EDGE('',*,*,#6828,.T.);
#8653=ORIENTED_EDGE('',*,*,#6833,.F.);
#8654=ORIENTED_EDGE('',*,*,#6834,.F.);
#8655=ORIENTED_EDGE('',*,*,#6835,.T.);
#8656=ORIENTED_EDGE('',*,*,#6831,.T.);
#8657=ORIENTED_EDGE('',*,*,#6836,.F.);
#8658=ORIENTED_EDGE('',*,*,#6837,.F.);
#8659=ORIENTED_EDGE('',*,*,#6838,.T.);
#8660=ORIENTED_EDGE('',*,*,#6834,.T.);
#8661=ORIENTED_EDGE('',*,*,#6839,.F.);
#8662=ORIENTED_EDGE('',*,*,#6840,.F.);
#8663=ORIENTED_EDGE('',*,*,#6841,.T.);
#8664=ORIENTED_EDGE('',*,*,#6837,.T.);
#8665=ORIENTED_EDGE('',*,*,#6842,.F.);
#8666=ORIENTED_EDGE('',*,*,#6843,.F.);
#8667=ORIENTED_EDGE('',*,*,#6844,.T.);
#8668=ORIENTED_EDGE('',*,*,#6840,.T.);
#8669=ORIENTED_EDGE('',*,*,#6845,.F.);
#8670=ORIENTED_EDGE('',*,*,#6846,.F.);
#8671=ORIENTED_EDGE('',*,*,#6847,.T.);
#8672=ORIENTED_EDGE('',*,*,#6843,.T.);
#8673=ORIENTED_EDGE('',*,*,#6848,.F.);
#8674=ORIENTED_EDGE('',*,*,#6849,.F.);
#8675=ORIENTED_EDGE('',*,*,#6850,.T.);
#8676=ORIENTED_EDGE('',*,*,#6846,.T.);
#8677=ORIENTED_EDGE('',*,*,#6851,.F.);
#8678=ORIENTED_EDGE('',*,*,#6852,.F.);
#8679=ORIENTED_EDGE('',*,*,#6853,.T.);
#8680=ORIENTED_EDGE('',*,*,#6849,.T.);
#8681=ORIENTED_EDGE('',*,*,#6854,.F.);
#8682=ORIENTED_EDGE('',*,*,#6823,.F.);
#8683=ORIENTED_EDGE('',*,*,#6855,.T.);
#8684=ORIENTED_EDGE('',*,*,#6852,.T.);
#8685=ORIENTED_EDGE('',*,*,#6822,.F.);
#8686=ORIENTED_EDGE('',*,*,#6826,.F.);
#8687=ORIENTED_EDGE('',*,*,#6829,.F.);
#8688=ORIENTED_EDGE('',*,*,#6832,.F.);
#8689=ORIENTED_EDGE('',*,*,#6835,.F.);
#8690=ORIENTED_EDGE('',*,*,#6838,.F.);
#8691=ORIENTED_EDGE('',*,*,#6841,.F.);
#8692=ORIENTED_EDGE('',*,*,#6844,.F.);
#8693=ORIENTED_EDGE('',*,*,#6847,.F.);
#8694=ORIENTED_EDGE('',*,*,#6850,.F.);
#8695=ORIENTED_EDGE('',*,*,#6853,.F.);
#8696=ORIENTED_EDGE('',*,*,#6855,.F.);
#8697=ORIENTED_EDGE('',*,*,#6820,.T.);
#8698=ORIENTED_EDGE('',*,*,#6854,.T.);
#8699=ORIENTED_EDGE('',*,*,#6851,.T.);
#8700=ORIENTED_EDGE('',*,*,#6848,.T.);
#8701=ORIENTED_EDGE('',*,*,#6845,.T.);
#8702=ORIENTED_EDGE('',*,*,#6842,.T.);
#8703=ORIENTED_EDGE('',*,*,#6839,.T.);
#8704=ORIENTED_EDGE('',*,*,#6836,.T.);
#8705=ORIENTED_EDGE('',*,*,#6833,.T.);
#8706=ORIENTED_EDGE('',*,*,#6830,.T.);
#8707=ORIENTED_EDGE('',*,*,#6827,.T.);
#8708=ORIENTED_EDGE('',*,*,#6824,.T.);
#8709=ORIENTED_EDGE('',*,*,#6856,.F.);
#8710=ORIENTED_EDGE('',*,*,#6857,.F.);
#8711=ORIENTED_EDGE('',*,*,#6858,.T.);
#8712=ORIENTED_EDGE('',*,*,#6859,.T.);
#8713=ORIENTED_EDGE('',*,*,#6860,.F.);
#8714=ORIENTED_EDGE('',*,*,#6861,.F.);
#8715=ORIENTED_EDGE('',*,*,#6862,.T.);
#8716=ORIENTED_EDGE('',*,*,#6857,.T.);
#8717=ORIENTED_EDGE('',*,*,#6863,.F.);
#8718=ORIENTED_EDGE('',*,*,#6864,.F.);
#8719=ORIENTED_EDGE('',*,*,#6865,.T.);
#8720=ORIENTED_EDGE('',*,*,#6861,.T.);
#8721=ORIENTED_EDGE('',*,*,#6866,.F.);
#8722=ORIENTED_EDGE('',*,*,#6867,.F.);
#8723=ORIENTED_EDGE('',*,*,#6868,.T.);
#8724=ORIENTED_EDGE('',*,*,#6864,.T.);
#8725=ORIENTED_EDGE('',*,*,#6869,.F.);
#8726=ORIENTED_EDGE('',*,*,#6870,.F.);
#8727=ORIENTED_EDGE('',*,*,#6871,.T.);
#8728=ORIENTED_EDGE('',*,*,#6867,.T.);
#8729=ORIENTED_EDGE('',*,*,#6872,.F.);
#8730=ORIENTED_EDGE('',*,*,#6873,.F.);
#8731=ORIENTED_EDGE('',*,*,#6874,.T.);
#8732=ORIENTED_EDGE('',*,*,#6870,.T.);
#8733=ORIENTED_EDGE('',*,*,#6875,.F.);
#8734=ORIENTED_EDGE('',*,*,#6876,.F.);
#8735=ORIENTED_EDGE('',*,*,#6877,.T.);
#8736=ORIENTED_EDGE('',*,*,#6873,.T.);
#8737=ORIENTED_EDGE('',*,*,#6878,.F.);
#8738=ORIENTED_EDGE('',*,*,#6879,.F.);
#8739=ORIENTED_EDGE('',*,*,#6880,.T.);
#8740=ORIENTED_EDGE('',*,*,#6876,.T.);
#8741=ORIENTED_EDGE('',*,*,#6881,.F.);
#8742=ORIENTED_EDGE('',*,*,#6882,.F.);
#8743=ORIENTED_EDGE('',*,*,#6883,.T.);
#8744=ORIENTED_EDGE('',*,*,#6879,.T.);
#8745=ORIENTED_EDGE('',*,*,#6884,.F.);
#8746=ORIENTED_EDGE('',*,*,#6885,.F.);
#8747=ORIENTED_EDGE('',*,*,#6886,.T.);
#8748=ORIENTED_EDGE('',*,*,#6882,.T.);
#8749=ORIENTED_EDGE('',*,*,#6887,.F.);
#8750=ORIENTED_EDGE('',*,*,#6888,.F.);
#8751=ORIENTED_EDGE('',*,*,#6889,.T.);
#8752=ORIENTED_EDGE('',*,*,#6885,.T.);
#8753=ORIENTED_EDGE('',*,*,#6890,.F.);
#8754=ORIENTED_EDGE('',*,*,#6859,.F.);
#8755=ORIENTED_EDGE('',*,*,#6891,.T.);
#8756=ORIENTED_EDGE('',*,*,#6888,.T.);
#8757=ORIENTED_EDGE('',*,*,#6858,.F.);
#8758=ORIENTED_EDGE('',*,*,#6862,.F.);
#8759=ORIENTED_EDGE('',*,*,#6865,.F.);
#8760=ORIENTED_EDGE('',*,*,#6868,.F.);
#8761=ORIENTED_EDGE('',*,*,#6871,.F.);
#8762=ORIENTED_EDGE('',*,*,#6874,.F.);
#8763=ORIENTED_EDGE('',*,*,#6877,.F.);
#8764=ORIENTED_EDGE('',*,*,#6880,.F.);
#8765=ORIENTED_EDGE('',*,*,#6883,.F.);
#8766=ORIENTED_EDGE('',*,*,#6886,.F.);
#8767=ORIENTED_EDGE('',*,*,#6889,.F.);
#8768=ORIENTED_EDGE('',*,*,#6891,.F.);
#8769=ORIENTED_EDGE('',*,*,#6856,.T.);
#8770=ORIENTED_EDGE('',*,*,#6890,.T.);
#8771=ORIENTED_EDGE('',*,*,#6887,.T.);
#8772=ORIENTED_EDGE('',*,*,#6884,.T.);
#8773=ORIENTED_EDGE('',*,*,#6881,.T.);
#8774=ORIENTED_EDGE('',*,*,#6878,.T.);
#8775=ORIENTED_EDGE('',*,*,#6875,.T.);
#8776=ORIENTED_EDGE('',*,*,#6872,.T.);
#8777=ORIENTED_EDGE('',*,*,#6869,.T.);
#8778=ORIENTED_EDGE('',*,*,#6866,.T.);
#8779=ORIENTED_EDGE('',*,*,#6863,.T.);
#8780=ORIENTED_EDGE('',*,*,#6860,.T.);
#8781=ORIENTED_EDGE('',*,*,#6892,.F.);
#8782=ORIENTED_EDGE('',*,*,#6893,.F.);
#8783=ORIENTED_EDGE('',*,*,#6894,.T.);
#8784=ORIENTED_EDGE('',*,*,#6895,.T.);
#8785=ORIENTED_EDGE('',*,*,#6896,.F.);
#8786=ORIENTED_EDGE('',*,*,#6897,.F.);
#8787=ORIENTED_EDGE('',*,*,#6898,.T.);
#8788=ORIENTED_EDGE('',*,*,#6893,.T.);
#8789=ORIENTED_EDGE('',*,*,#6899,.F.);
#8790=ORIENTED_EDGE('',*,*,#6900,.F.);
#8791=ORIENTED_EDGE('',*,*,#6901,.T.);
#8792=ORIENTED_EDGE('',*,*,#6897,.T.);
#8793=ORIENTED_EDGE('',*,*,#6902,.F.);
#8794=ORIENTED_EDGE('',*,*,#6903,.F.);
#8795=ORIENTED_EDGE('',*,*,#6904,.T.);
#8796=ORIENTED_EDGE('',*,*,#6900,.T.);
#8797=ORIENTED_EDGE('',*,*,#6905,.F.);
#8798=ORIENTED_EDGE('',*,*,#6906,.F.);
#8799=ORIENTED_EDGE('',*,*,#6907,.T.);
#8800=ORIENTED_EDGE('',*,*,#6903,.T.);
#8801=ORIENTED_EDGE('',*,*,#6908,.F.);
#8802=ORIENTED_EDGE('',*,*,#6909,.F.);
#8803=ORIENTED_EDGE('',*,*,#6910,.T.);
#8804=ORIENTED_EDGE('',*,*,#6906,.T.);
#8805=ORIENTED_EDGE('',*,*,#6911,.F.);
#8806=ORIENTED_EDGE('',*,*,#6912,.F.);
#8807=ORIENTED_EDGE('',*,*,#6913,.T.);
#8808=ORIENTED_EDGE('',*,*,#6909,.T.);
#8809=ORIENTED_EDGE('',*,*,#6914,.F.);
#8810=ORIENTED_EDGE('',*,*,#6915,.F.);
#8811=ORIENTED_EDGE('',*,*,#6916,.T.);
#8812=ORIENTED_EDGE('',*,*,#6912,.T.);
#8813=ORIENTED_EDGE('',*,*,#6917,.F.);
#8814=ORIENTED_EDGE('',*,*,#6918,.F.);
#8815=ORIENTED_EDGE('',*,*,#6919,.T.);
#8816=ORIENTED_EDGE('',*,*,#6915,.T.);
#8817=ORIENTED_EDGE('',*,*,#6920,.F.);
#8818=ORIENTED_EDGE('',*,*,#6921,.F.);
#8819=ORIENTED_EDGE('',*,*,#6922,.T.);
#8820=ORIENTED_EDGE('',*,*,#6918,.T.);
#8821=ORIENTED_EDGE('',*,*,#6923,.F.);
#8822=ORIENTED_EDGE('',*,*,#6924,.F.);
#8823=ORIENTED_EDGE('',*,*,#6925,.T.);
#8824=ORIENTED_EDGE('',*,*,#6921,.T.);
#8825=ORIENTED_EDGE('',*,*,#6926,.F.);
#8826=ORIENTED_EDGE('',*,*,#6895,.F.);
#8827=ORIENTED_EDGE('',*,*,#6927,.T.);
#8828=ORIENTED_EDGE('',*,*,#6924,.T.);
#8829=ORIENTED_EDGE('',*,*,#6894,.F.);
#8830=ORIENTED_EDGE('',*,*,#6898,.F.);
#8831=ORIENTED_EDGE('',*,*,#6901,.F.);
#8832=ORIENTED_EDGE('',*,*,#6904,.F.);
#8833=ORIENTED_EDGE('',*,*,#6907,.F.);
#8834=ORIENTED_EDGE('',*,*,#6910,.F.);
#8835=ORIENTED_EDGE('',*,*,#6913,.F.);
#8836=ORIENTED_EDGE('',*,*,#6916,.F.);
#8837=ORIENTED_EDGE('',*,*,#6919,.F.);
#8838=ORIENTED_EDGE('',*,*,#6922,.F.);
#8839=ORIENTED_EDGE('',*,*,#6925,.F.);
#8840=ORIENTED_EDGE('',*,*,#6927,.F.);
#8841=ORIENTED_EDGE('',*,*,#6892,.T.);
#8842=ORIENTED_EDGE('',*,*,#6926,.T.);
#8843=ORIENTED_EDGE('',*,*,#6923,.T.);
#8844=ORIENTED_EDGE('',*,*,#6920,.T.);
#8845=ORIENTED_EDGE('',*,*,#6917,.T.);
#8846=ORIENTED_EDGE('',*,*,#6914,.T.);
#8847=ORIENTED_EDGE('',*,*,#6911,.T.);
#8848=ORIENTED_EDGE('',*,*,#6908,.T.);
#8849=ORIENTED_EDGE('',*,*,#6905,.T.);
#8850=ORIENTED_EDGE('',*,*,#6902,.T.);
#8851=ORIENTED_EDGE('',*,*,#6899,.T.);
#8852=ORIENTED_EDGE('',*,*,#6896,.T.);
#8853=ORIENTED_EDGE('',*,*,#6928,.F.);
#8854=ORIENTED_EDGE('',*,*,#6929,.F.);
#8855=ORIENTED_EDGE('',*,*,#6930,.T.);
#8856=ORIENTED_EDGE('',*,*,#6931,.T.);
#8857=ORIENTED_EDGE('',*,*,#6932,.F.);
#8858=ORIENTED_EDGE('',*,*,#6933,.F.);
#8859=ORIENTED_EDGE('',*,*,#6934,.T.);
#8860=ORIENTED_EDGE('',*,*,#6929,.T.);
#8861=ORIENTED_EDGE('',*,*,#6935,.F.);
#8862=ORIENTED_EDGE('',*,*,#6936,.F.);
#8863=ORIENTED_EDGE('',*,*,#6937,.T.);
#8864=ORIENTED_EDGE('',*,*,#6933,.T.);
#8865=ORIENTED_EDGE('',*,*,#6938,.F.);
#8866=ORIENTED_EDGE('',*,*,#6939,.F.);
#8867=ORIENTED_EDGE('',*,*,#6940,.T.);
#8868=ORIENTED_EDGE('',*,*,#6936,.T.);
#8869=ORIENTED_EDGE('',*,*,#6941,.F.);
#8870=ORIENTED_EDGE('',*,*,#6942,.F.);
#8871=ORIENTED_EDGE('',*,*,#6943,.T.);
#8872=ORIENTED_EDGE('',*,*,#6939,.T.);
#8873=ORIENTED_EDGE('',*,*,#6944,.F.);
#8874=ORIENTED_EDGE('',*,*,#6945,.F.);
#8875=ORIENTED_EDGE('',*,*,#6946,.T.);
#8876=ORIENTED_EDGE('',*,*,#6942,.T.);
#8877=ORIENTED_EDGE('',*,*,#6947,.F.);
#8878=ORIENTED_EDGE('',*,*,#6948,.F.);
#8879=ORIENTED_EDGE('',*,*,#6949,.T.);
#8880=ORIENTED_EDGE('',*,*,#6945,.T.);
#8881=ORIENTED_EDGE('',*,*,#6950,.F.);
#8882=ORIENTED_EDGE('',*,*,#6951,.F.);
#8883=ORIENTED_EDGE('',*,*,#6952,.T.);
#8884=ORIENTED_EDGE('',*,*,#6948,.T.);
#8885=ORIENTED_EDGE('',*,*,#6953,.F.);
#8886=ORIENTED_EDGE('',*,*,#6954,.F.);
#8887=ORIENTED_EDGE('',*,*,#6955,.T.);
#8888=ORIENTED_EDGE('',*,*,#6951,.T.);
#8889=ORIENTED_EDGE('',*,*,#6956,.F.);
#8890=ORIENTED_EDGE('',*,*,#6957,.F.);
#8891=ORIENTED_EDGE('',*,*,#6958,.T.);
#8892=ORIENTED_EDGE('',*,*,#6954,.T.);
#8893=ORIENTED_EDGE('',*,*,#6959,.F.);
#8894=ORIENTED_EDGE('',*,*,#6960,.F.);
#8895=ORIENTED_EDGE('',*,*,#6961,.T.);
#8896=ORIENTED_EDGE('',*,*,#6957,.T.);
#8897=ORIENTED_EDGE('',*,*,#6962,.F.);
#8898=ORIENTED_EDGE('',*,*,#6931,.F.);
#8899=ORIENTED_EDGE('',*,*,#6963,.T.);
#8900=ORIENTED_EDGE('',*,*,#6960,.T.);
#8901=ORIENTED_EDGE('',*,*,#6930,.F.);
#8902=ORIENTED_EDGE('',*,*,#6934,.F.);
#8903=ORIENTED_EDGE('',*,*,#6937,.F.);
#8904=ORIENTED_EDGE('',*,*,#6940,.F.);
#8905=ORIENTED_EDGE('',*,*,#6943,.F.);
#8906=ORIENTED_EDGE('',*,*,#6946,.F.);
#8907=ORIENTED_EDGE('',*,*,#6949,.F.);
#8908=ORIENTED_EDGE('',*,*,#6952,.F.);
#8909=ORIENTED_EDGE('',*,*,#6955,.F.);
#8910=ORIENTED_EDGE('',*,*,#6958,.F.);
#8911=ORIENTED_EDGE('',*,*,#6961,.F.);
#8912=ORIENTED_EDGE('',*,*,#6963,.F.);
#8913=ORIENTED_EDGE('',*,*,#6928,.T.);
#8914=ORIENTED_EDGE('',*,*,#6962,.T.);
#8915=ORIENTED_EDGE('',*,*,#6959,.T.);
#8916=ORIENTED_EDGE('',*,*,#6956,.T.);
#8917=ORIENTED_EDGE('',*,*,#6953,.T.);
#8918=ORIENTED_EDGE('',*,*,#6950,.T.);
#8919=ORIENTED_EDGE('',*,*,#6947,.T.);
#8920=ORIENTED_EDGE('',*,*,#6944,.T.);
#8921=ORIENTED_EDGE('',*,*,#6941,.T.);
#8922=ORIENTED_EDGE('',*,*,#6938,.T.);
#8923=ORIENTED_EDGE('',*,*,#6935,.T.);
#8924=ORIENTED_EDGE('',*,*,#6932,.T.);
#8925=ORIENTED_EDGE('',*,*,#6964,.F.);
#8926=ORIENTED_EDGE('',*,*,#6965,.F.);
#8927=ORIENTED_EDGE('',*,*,#6966,.T.);
#8928=ORIENTED_EDGE('',*,*,#6967,.T.);
#8929=ORIENTED_EDGE('',*,*,#6968,.F.);
#8930=ORIENTED_EDGE('',*,*,#6969,.F.);
#8931=ORIENTED_EDGE('',*,*,#6970,.T.);
#8932=ORIENTED_EDGE('',*,*,#6965,.T.);
#8933=ORIENTED_EDGE('',*,*,#6971,.F.);
#8934=ORIENTED_EDGE('',*,*,#6972,.F.);
#8935=ORIENTED_EDGE('',*,*,#6973,.T.);
#8936=ORIENTED_EDGE('',*,*,#6969,.T.);
#8937=ORIENTED_EDGE('',*,*,#6974,.F.);
#8938=ORIENTED_EDGE('',*,*,#6975,.F.);
#8939=ORIENTED_EDGE('',*,*,#6976,.T.);
#8940=ORIENTED_EDGE('',*,*,#6972,.T.);
#8941=ORIENTED_EDGE('',*,*,#6977,.F.);
#8942=ORIENTED_EDGE('',*,*,#6978,.F.);
#8943=ORIENTED_EDGE('',*,*,#6979,.T.);
#8944=ORIENTED_EDGE('',*,*,#6975,.T.);
#8945=ORIENTED_EDGE('',*,*,#6980,.F.);
#8946=ORIENTED_EDGE('',*,*,#6981,.F.);
#8947=ORIENTED_EDGE('',*,*,#6982,.T.);
#8948=ORIENTED_EDGE('',*,*,#6978,.T.);
#8949=ORIENTED_EDGE('',*,*,#6983,.F.);
#8950=ORIENTED_EDGE('',*,*,#6984,.F.);
#8951=ORIENTED_EDGE('',*,*,#6985,.T.);
#8952=ORIENTED_EDGE('',*,*,#6981,.T.);
#8953=ORIENTED_EDGE('',*,*,#6986,.F.);
#8954=ORIENTED_EDGE('',*,*,#6987,.F.);
#8955=ORIENTED_EDGE('',*,*,#6988,.T.);
#8956=ORIENTED_EDGE('',*,*,#6984,.T.);
#8957=ORIENTED_EDGE('',*,*,#6989,.F.);
#8958=ORIENTED_EDGE('',*,*,#6990,.F.);
#8959=ORIENTED_EDGE('',*,*,#6991,.T.);
#8960=ORIENTED_EDGE('',*,*,#6987,.T.);
#8961=ORIENTED_EDGE('',*,*,#6992,.F.);
#8962=ORIENTED_EDGE('',*,*,#6993,.F.);
#8963=ORIENTED_EDGE('',*,*,#6994,.T.);
#8964=ORIENTED_EDGE('',*,*,#6990,.T.);
#8965=ORIENTED_EDGE('',*,*,#6995,.F.);
#8966=ORIENTED_EDGE('',*,*,#6996,.F.);
#8967=ORIENTED_EDGE('',*,*,#6997,.T.);
#8968=ORIENTED_EDGE('',*,*,#6993,.T.);
#8969=ORIENTED_EDGE('',*,*,#6998,.F.);
#8970=ORIENTED_EDGE('',*,*,#6967,.F.);
#8971=ORIENTED_EDGE('',*,*,#6999,.T.);
#8972=ORIENTED_EDGE('',*,*,#6996,.T.);
#8973=ORIENTED_EDGE('',*,*,#6966,.F.);
#8974=ORIENTED_EDGE('',*,*,#6970,.F.);
#8975=ORIENTED_EDGE('',*,*,#6973,.F.);
#8976=ORIENTED_EDGE('',*,*,#6976,.F.);
#8977=ORIENTED_EDGE('',*,*,#6979,.F.);
#8978=ORIENTED_EDGE('',*,*,#6982,.F.);
#8979=ORIENTED_EDGE('',*,*,#6985,.F.);
#8980=ORIENTED_EDGE('',*,*,#6988,.F.);
#8981=ORIENTED_EDGE('',*,*,#6991,.F.);
#8982=ORIENTED_EDGE('',*,*,#6994,.F.);
#8983=ORIENTED_EDGE('',*,*,#6997,.F.);
#8984=ORIENTED_EDGE('',*,*,#6999,.F.);
#8985=ORIENTED_EDGE('',*,*,#6964,.T.);
#8986=ORIENTED_EDGE('',*,*,#6998,.T.);
#8987=ORIENTED_EDGE('',*,*,#6995,.T.);
#8988=ORIENTED_EDGE('',*,*,#6992,.T.);
#8989=ORIENTED_EDGE('',*,*,#6989,.T.);
#8990=ORIENTED_EDGE('',*,*,#6986,.T.);
#8991=ORIENTED_EDGE('',*,*,#6983,.T.);
#8992=ORIENTED_EDGE('',*,*,#6980,.T.);
#8993=ORIENTED_EDGE('',*,*,#6977,.T.);
#8994=ORIENTED_EDGE('',*,*,#6974,.T.);
#8995=ORIENTED_EDGE('',*,*,#6971,.T.);
#8996=ORIENTED_EDGE('',*,*,#6968,.T.);
#8997=ORIENTED_EDGE('',*,*,#7000,.T.);
#8998=ORIENTED_EDGE('',*,*,#7001,.T.);
#8999=ORIENTED_EDGE('',*,*,#7002,.T.);
#9000=ORIENTED_EDGE('',*,*,#7003,.T.);
#9001=ORIENTED_EDGE('',*,*,#7004,.T.);
#9002=ORIENTED_EDGE('',*,*,#7005,.T.);
#9003=ORIENTED_EDGE('',*,*,#7006,.T.);
#9004=ORIENTED_EDGE('',*,*,#7007,.T.);
#9005=ORIENTED_EDGE('',*,*,#7008,.F.);
#9006=ORIENTED_EDGE('',*,*,#7009,.F.);
#9007=ORIENTED_EDGE('',*,*,#7010,.F.);
#9008=ORIENTED_EDGE('',*,*,#7003,.F.);
#9009=ORIENTED_EDGE('',*,*,#7010,.T.);
#9010=ORIENTED_EDGE('',*,*,#7011,.F.);
#9011=ORIENTED_EDGE('',*,*,#7012,.F.);
#9012=ORIENTED_EDGE('',*,*,#7000,.F.);
#9013=ORIENTED_EDGE('',*,*,#7008,.T.);
#9014=ORIENTED_EDGE('',*,*,#7002,.F.);
#9015=ORIENTED_EDGE('',*,*,#7013,.F.);
#9016=ORIENTED_EDGE('',*,*,#7014,.F.);
#9017=ORIENTED_EDGE('',*,*,#7012,.T.);
#9018=ORIENTED_EDGE('',*,*,#7015,.F.);
#9019=ORIENTED_EDGE('',*,*,#7013,.T.);
#9020=ORIENTED_EDGE('',*,*,#7001,.F.);
#9021=ORIENTED_EDGE('',*,*,#7016,.F.);
#9022=ORIENTED_EDGE('',*,*,#7007,.F.);
#9023=ORIENTED_EDGE('',*,*,#7017,.F.);
#9024=ORIENTED_EDGE('',*,*,#7011,.T.);
#9025=ORIENTED_EDGE('',*,*,#7017,.T.);
#9026=ORIENTED_EDGE('',*,*,#7006,.F.);
#9027=ORIENTED_EDGE('',*,*,#7018,.F.);
#9028=ORIENTED_EDGE('',*,*,#7015,.T.);
#9029=ORIENTED_EDGE('',*,*,#7016,.T.);
#9030=ORIENTED_EDGE('',*,*,#7009,.T.);
#9031=ORIENTED_EDGE('',*,*,#7019,.F.);
#9032=ORIENTED_EDGE('',*,*,#7004,.F.);
#9033=ORIENTED_EDGE('',*,*,#7018,.T.);
#9034=ORIENTED_EDGE('',*,*,#7005,.F.);
#9035=ORIENTED_EDGE('',*,*,#7019,.T.);
#9036=ORIENTED_EDGE('',*,*,#7014,.T.);
#9037=ORIENTED_EDGE('',*,*,#7020,.F.);
#9038=ORIENTED_EDGE('',*,*,#7021,.F.);
#9039=ORIENTED_EDGE('',*,*,#7022,.T.);
#9040=ORIENTED_EDGE('',*,*,#7023,.T.);
#9041=ORIENTED_EDGE('',*,*,#7024,.F.);
#9042=ORIENTED_EDGE('',*,*,#7025,.F.);
#9043=ORIENTED_EDGE('',*,*,#7026,.T.);
#9044=ORIENTED_EDGE('',*,*,#7021,.T.);
#9045=ORIENTED_EDGE('',*,*,#7027,.F.);
#9046=ORIENTED_EDGE('',*,*,#7028,.F.);
#9047=ORIENTED_EDGE('',*,*,#7029,.T.);
#9048=ORIENTED_EDGE('',*,*,#7025,.T.);
#9049=ORIENTED_EDGE('',*,*,#7030,.F.);
#9050=ORIENTED_EDGE('',*,*,#7031,.F.);
#9051=ORIENTED_EDGE('',*,*,#7032,.T.);
#9052=ORIENTED_EDGE('',*,*,#7028,.T.);
#9053=ORIENTED_EDGE('',*,*,#7033,.F.);
#9054=ORIENTED_EDGE('',*,*,#7034,.F.);
#9055=ORIENTED_EDGE('',*,*,#7035,.T.);
#9056=ORIENTED_EDGE('',*,*,#7031,.T.);
#9057=ORIENTED_EDGE('',*,*,#7036,.F.);
#9058=ORIENTED_EDGE('',*,*,#7037,.F.);
#9059=ORIENTED_EDGE('',*,*,#7038,.T.);
#9060=ORIENTED_EDGE('',*,*,#7034,.T.);
#9061=ORIENTED_EDGE('',*,*,#7039,.F.);
#9062=ORIENTED_EDGE('',*,*,#7040,.F.);
#9063=ORIENTED_EDGE('',*,*,#7041,.T.);
#9064=ORIENTED_EDGE('',*,*,#7037,.T.);
#9065=ORIENTED_EDGE('',*,*,#7042,.F.);
#9066=ORIENTED_EDGE('',*,*,#7043,.F.);
#9067=ORIENTED_EDGE('',*,*,#7044,.T.);
#9068=ORIENTED_EDGE('',*,*,#7040,.T.);
#9069=ORIENTED_EDGE('',*,*,#7045,.F.);
#9070=ORIENTED_EDGE('',*,*,#7046,.F.);
#9071=ORIENTED_EDGE('',*,*,#7047,.T.);
#9072=ORIENTED_EDGE('',*,*,#7043,.T.);
#9073=ORIENTED_EDGE('',*,*,#7048,.F.);
#9074=ORIENTED_EDGE('',*,*,#7049,.F.);
#9075=ORIENTED_EDGE('',*,*,#7050,.T.);
#9076=ORIENTED_EDGE('',*,*,#7046,.T.);
#9077=ORIENTED_EDGE('',*,*,#7051,.F.);
#9078=ORIENTED_EDGE('',*,*,#7052,.F.);
#9079=ORIENTED_EDGE('',*,*,#7053,.T.);
#9080=ORIENTED_EDGE('',*,*,#7049,.T.);
#9081=ORIENTED_EDGE('',*,*,#7054,.F.);
#9082=ORIENTED_EDGE('',*,*,#7023,.F.);
#9083=ORIENTED_EDGE('',*,*,#7055,.T.);
#9084=ORIENTED_EDGE('',*,*,#7052,.T.);
#9085=ORIENTED_EDGE('',*,*,#7022,.F.);
#9086=ORIENTED_EDGE('',*,*,#7026,.F.);
#9087=ORIENTED_EDGE('',*,*,#7029,.F.);
#9088=ORIENTED_EDGE('',*,*,#7032,.F.);
#9089=ORIENTED_EDGE('',*,*,#7035,.F.);
#9090=ORIENTED_EDGE('',*,*,#7038,.F.);
#9091=ORIENTED_EDGE('',*,*,#7041,.F.);
#9092=ORIENTED_EDGE('',*,*,#7044,.F.);
#9093=ORIENTED_EDGE('',*,*,#7047,.F.);
#9094=ORIENTED_EDGE('',*,*,#7050,.F.);
#9095=ORIENTED_EDGE('',*,*,#7053,.F.);
#9096=ORIENTED_EDGE('',*,*,#7055,.F.);
#9097=ORIENTED_EDGE('',*,*,#7020,.T.);
#9098=ORIENTED_EDGE('',*,*,#7054,.T.);
#9099=ORIENTED_EDGE('',*,*,#7051,.T.);
#9100=ORIENTED_EDGE('',*,*,#7048,.T.);
#9101=ORIENTED_EDGE('',*,*,#7045,.T.);
#9102=ORIENTED_EDGE('',*,*,#7042,.T.);
#9103=ORIENTED_EDGE('',*,*,#7039,.T.);
#9104=ORIENTED_EDGE('',*,*,#7036,.T.);
#9105=ORIENTED_EDGE('',*,*,#7033,.T.);
#9106=ORIENTED_EDGE('',*,*,#7030,.T.);
#9107=ORIENTED_EDGE('',*,*,#7027,.T.);
#9108=ORIENTED_EDGE('',*,*,#7024,.T.);
#9109=ORIENTED_EDGE('',*,*,#7056,.F.);
#9110=ORIENTED_EDGE('',*,*,#7057,.F.);
#9111=ORIENTED_EDGE('',*,*,#7058,.T.);
#9112=ORIENTED_EDGE('',*,*,#7059,.T.);
#9113=ORIENTED_EDGE('',*,*,#7060,.F.);
#9114=ORIENTED_EDGE('',*,*,#7061,.F.);
#9115=ORIENTED_EDGE('',*,*,#7062,.T.);
#9116=ORIENTED_EDGE('',*,*,#7057,.T.);
#9117=ORIENTED_EDGE('',*,*,#7063,.F.);
#9118=ORIENTED_EDGE('',*,*,#7064,.F.);
#9119=ORIENTED_EDGE('',*,*,#7065,.T.);
#9120=ORIENTED_EDGE('',*,*,#7061,.T.);
#9121=ORIENTED_EDGE('',*,*,#7066,.F.);
#9122=ORIENTED_EDGE('',*,*,#7067,.F.);
#9123=ORIENTED_EDGE('',*,*,#7068,.T.);
#9124=ORIENTED_EDGE('',*,*,#7064,.T.);
#9125=ORIENTED_EDGE('',*,*,#7069,.F.);
#9126=ORIENTED_EDGE('',*,*,#7070,.F.);
#9127=ORIENTED_EDGE('',*,*,#7071,.T.);
#9128=ORIENTED_EDGE('',*,*,#7067,.T.);
#9129=ORIENTED_EDGE('',*,*,#7072,.F.);
#9130=ORIENTED_EDGE('',*,*,#7073,.F.);
#9131=ORIENTED_EDGE('',*,*,#7074,.T.);
#9132=ORIENTED_EDGE('',*,*,#7070,.T.);
#9133=ORIENTED_EDGE('',*,*,#7075,.F.);
#9134=ORIENTED_EDGE('',*,*,#7076,.F.);
#9135=ORIENTED_EDGE('',*,*,#7077,.T.);
#9136=ORIENTED_EDGE('',*,*,#7073,.T.);
#9137=ORIENTED_EDGE('',*,*,#7078,.F.);
#9138=ORIENTED_EDGE('',*,*,#7079,.F.);
#9139=ORIENTED_EDGE('',*,*,#7080,.T.);
#9140=ORIENTED_EDGE('',*,*,#7076,.T.);
#9141=ORIENTED_EDGE('',*,*,#7081,.F.);
#9142=ORIENTED_EDGE('',*,*,#7082,.F.);
#9143=ORIENTED_EDGE('',*,*,#7083,.T.);
#9144=ORIENTED_EDGE('',*,*,#7079,.T.);
#9145=ORIENTED_EDGE('',*,*,#7084,.F.);
#9146=ORIENTED_EDGE('',*,*,#7085,.F.);
#9147=ORIENTED_EDGE('',*,*,#7086,.T.);
#9148=ORIENTED_EDGE('',*,*,#7082,.T.);
#9149=ORIENTED_EDGE('',*,*,#7087,.F.);
#9150=ORIENTED_EDGE('',*,*,#7088,.F.);
#9151=ORIENTED_EDGE('',*,*,#7089,.T.);
#9152=ORIENTED_EDGE('',*,*,#7085,.T.);
#9153=ORIENTED_EDGE('',*,*,#7090,.F.);
#9154=ORIENTED_EDGE('',*,*,#7059,.F.);
#9155=ORIENTED_EDGE('',*,*,#7091,.T.);
#9156=ORIENTED_EDGE('',*,*,#7088,.T.);
#9157=ORIENTED_EDGE('',*,*,#7058,.F.);
#9158=ORIENTED_EDGE('',*,*,#7062,.F.);
#9159=ORIENTED_EDGE('',*,*,#7065,.F.);
#9160=ORIENTED_EDGE('',*,*,#7068,.F.);
#9161=ORIENTED_EDGE('',*,*,#7071,.F.);
#9162=ORIENTED_EDGE('',*,*,#7074,.F.);
#9163=ORIENTED_EDGE('',*,*,#7077,.F.);
#9164=ORIENTED_EDGE('',*,*,#7080,.F.);
#9165=ORIENTED_EDGE('',*,*,#7083,.F.);
#9166=ORIENTED_EDGE('',*,*,#7086,.F.);
#9167=ORIENTED_EDGE('',*,*,#7089,.F.);
#9168=ORIENTED_EDGE('',*,*,#7091,.F.);
#9169=ORIENTED_EDGE('',*,*,#7056,.T.);
#9170=ORIENTED_EDGE('',*,*,#7090,.T.);
#9171=ORIENTED_EDGE('',*,*,#7087,.T.);
#9172=ORIENTED_EDGE('',*,*,#7084,.T.);
#9173=ORIENTED_EDGE('',*,*,#7081,.T.);
#9174=ORIENTED_EDGE('',*,*,#7078,.T.);
#9175=ORIENTED_EDGE('',*,*,#7075,.T.);
#9176=ORIENTED_EDGE('',*,*,#7072,.T.);
#9177=ORIENTED_EDGE('',*,*,#7069,.T.);
#9178=ORIENTED_EDGE('',*,*,#7066,.T.);
#9179=ORIENTED_EDGE('',*,*,#7063,.T.);
#9180=ORIENTED_EDGE('',*,*,#7060,.T.);
#9181=ORIENTED_EDGE('',*,*,#7092,.F.);
#9182=ORIENTED_EDGE('',*,*,#7093,.F.);
#9183=ORIENTED_EDGE('',*,*,#7094,.T.);
#9184=ORIENTED_EDGE('',*,*,#7095,.T.);
#9185=ORIENTED_EDGE('',*,*,#7096,.F.);
#9186=ORIENTED_EDGE('',*,*,#7097,.F.);
#9187=ORIENTED_EDGE('',*,*,#7098,.T.);
#9188=ORIENTED_EDGE('',*,*,#7093,.T.);
#9189=ORIENTED_EDGE('',*,*,#7099,.F.);
#9190=ORIENTED_EDGE('',*,*,#7100,.F.);
#9191=ORIENTED_EDGE('',*,*,#7101,.T.);
#9192=ORIENTED_EDGE('',*,*,#7097,.T.);
#9193=ORIENTED_EDGE('',*,*,#7102,.F.);
#9194=ORIENTED_EDGE('',*,*,#7103,.F.);
#9195=ORIENTED_EDGE('',*,*,#7104,.T.);
#9196=ORIENTED_EDGE('',*,*,#7100,.T.);
#9197=ORIENTED_EDGE('',*,*,#7105,.F.);
#9198=ORIENTED_EDGE('',*,*,#7106,.F.);
#9199=ORIENTED_EDGE('',*,*,#7107,.T.);
#9200=ORIENTED_EDGE('',*,*,#7103,.T.);
#9201=ORIENTED_EDGE('',*,*,#7108,.F.);
#9202=ORIENTED_EDGE('',*,*,#7109,.F.);
#9203=ORIENTED_EDGE('',*,*,#7110,.T.);
#9204=ORIENTED_EDGE('',*,*,#7106,.T.);
#9205=ORIENTED_EDGE('',*,*,#7111,.F.);
#9206=ORIENTED_EDGE('',*,*,#7112,.F.);
#9207=ORIENTED_EDGE('',*,*,#7113,.T.);
#9208=ORIENTED_EDGE('',*,*,#7109,.T.);
#9209=ORIENTED_EDGE('',*,*,#7114,.F.);
#9210=ORIENTED_EDGE('',*,*,#7115,.F.);
#9211=ORIENTED_EDGE('',*,*,#7116,.T.);
#9212=ORIENTED_EDGE('',*,*,#7112,.T.);
#9213=ORIENTED_EDGE('',*,*,#7117,.F.);
#9214=ORIENTED_EDGE('',*,*,#7118,.F.);
#9215=ORIENTED_EDGE('',*,*,#7119,.T.);
#9216=ORIENTED_EDGE('',*,*,#7115,.T.);
#9217=ORIENTED_EDGE('',*,*,#7120,.F.);
#9218=ORIENTED_EDGE('',*,*,#7121,.F.);
#9219=ORIENTED_EDGE('',*,*,#7122,.T.);
#9220=ORIENTED_EDGE('',*,*,#7118,.T.);
#9221=ORIENTED_EDGE('',*,*,#7123,.F.);
#9222=ORIENTED_EDGE('',*,*,#7124,.F.);
#9223=ORIENTED_EDGE('',*,*,#7125,.T.);
#9224=ORIENTED_EDGE('',*,*,#7121,.T.);
#9225=ORIENTED_EDGE('',*,*,#7126,.F.);
#9226=ORIENTED_EDGE('',*,*,#7095,.F.);
#9227=ORIENTED_EDGE('',*,*,#7127,.T.);
#9228=ORIENTED_EDGE('',*,*,#7124,.T.);
#9229=ORIENTED_EDGE('',*,*,#7094,.F.);
#9230=ORIENTED_EDGE('',*,*,#7098,.F.);
#9231=ORIENTED_EDGE('',*,*,#7101,.F.);
#9232=ORIENTED_EDGE('',*,*,#7104,.F.);
#9233=ORIENTED_EDGE('',*,*,#7107,.F.);
#9234=ORIENTED_EDGE('',*,*,#7110,.F.);
#9235=ORIENTED_EDGE('',*,*,#7113,.F.);
#9236=ORIENTED_EDGE('',*,*,#7116,.F.);
#9237=ORIENTED_EDGE('',*,*,#7119,.F.);
#9238=ORIENTED_EDGE('',*,*,#7122,.F.);
#9239=ORIENTED_EDGE('',*,*,#7125,.F.);
#9240=ORIENTED_EDGE('',*,*,#7127,.F.);
#9241=ORIENTED_EDGE('',*,*,#7092,.T.);
#9242=ORIENTED_EDGE('',*,*,#7126,.T.);
#9243=ORIENTED_EDGE('',*,*,#7123,.T.);
#9244=ORIENTED_EDGE('',*,*,#7120,.T.);
#9245=ORIENTED_EDGE('',*,*,#7117,.T.);
#9246=ORIENTED_EDGE('',*,*,#7114,.T.);
#9247=ORIENTED_EDGE('',*,*,#7111,.T.);
#9248=ORIENTED_EDGE('',*,*,#7108,.T.);
#9249=ORIENTED_EDGE('',*,*,#7105,.T.);
#9250=ORIENTED_EDGE('',*,*,#7102,.T.);
#9251=ORIENTED_EDGE('',*,*,#7099,.T.);
#9252=ORIENTED_EDGE('',*,*,#7096,.T.);
#9253=ORIENTED_EDGE('',*,*,#7128,.T.);
#9254=ORIENTED_EDGE('',*,*,#7129,.F.);
#9255=ORIENTED_EDGE('',*,*,#7130,.F.);
#9256=ORIENTED_EDGE('',*,*,#7131,.T.);
#9257=ORIENTED_EDGE('',*,*,#7132,.T.);
#9258=ORIENTED_EDGE('',*,*,#7131,.F.);
#9259=ORIENTED_EDGE('',*,*,#7133,.F.);
#9260=ORIENTED_EDGE('',*,*,#7134,.T.);
#9261=ORIENTED_EDGE('',*,*,#7135,.T.);
#9262=ORIENTED_EDGE('',*,*,#7134,.F.);
#9263=ORIENTED_EDGE('',*,*,#7136,.F.);
#9264=ORIENTED_EDGE('',*,*,#7137,.T.);
#9265=ORIENTED_EDGE('',*,*,#7138,.T.);
#9266=ORIENTED_EDGE('',*,*,#7137,.F.);
#9267=ORIENTED_EDGE('',*,*,#7139,.F.);
#9268=ORIENTED_EDGE('',*,*,#7140,.T.);
#9269=ORIENTED_EDGE('',*,*,#7141,.T.);
#9270=ORIENTED_EDGE('',*,*,#7140,.F.);
#9271=ORIENTED_EDGE('',*,*,#7142,.F.);
#9272=ORIENTED_EDGE('',*,*,#7143,.T.);
#9273=ORIENTED_EDGE('',*,*,#7144,.T.);
#9274=ORIENTED_EDGE('',*,*,#7143,.F.);
#9275=ORIENTED_EDGE('',*,*,#7145,.F.);
#9276=ORIENTED_EDGE('',*,*,#7146,.T.);
#9277=ORIENTED_EDGE('',*,*,#7147,.T.);
#9278=ORIENTED_EDGE('',*,*,#7146,.F.);
#9279=ORIENTED_EDGE('',*,*,#7148,.F.);
#9280=ORIENTED_EDGE('',*,*,#7149,.T.);
#9281=ORIENTED_EDGE('',*,*,#7150,.T.);
#9282=ORIENTED_EDGE('',*,*,#7149,.F.);
#9283=ORIENTED_EDGE('',*,*,#7151,.F.);
#9284=ORIENTED_EDGE('',*,*,#7152,.T.);
#9285=ORIENTED_EDGE('',*,*,#7153,.T.);
#9286=ORIENTED_EDGE('',*,*,#7152,.F.);
#9287=ORIENTED_EDGE('',*,*,#7154,.F.);
#9288=ORIENTED_EDGE('',*,*,#7155,.T.);
#9289=ORIENTED_EDGE('',*,*,#7156,.T.);
#9290=ORIENTED_EDGE('',*,*,#7155,.F.);
#9291=ORIENTED_EDGE('',*,*,#7157,.F.);
#9292=ORIENTED_EDGE('',*,*,#7158,.T.);
#9293=ORIENTED_EDGE('',*,*,#7159,.T.);
#9294=ORIENTED_EDGE('',*,*,#7158,.F.);
#9295=ORIENTED_EDGE('',*,*,#7160,.F.);
#9296=ORIENTED_EDGE('',*,*,#7161,.T.);
#9297=ORIENTED_EDGE('',*,*,#7162,.T.);
#9298=ORIENTED_EDGE('',*,*,#7161,.F.);
#9299=ORIENTED_EDGE('',*,*,#7163,.F.);
#9300=ORIENTED_EDGE('',*,*,#7129,.T.);
#9301=ORIENTED_EDGE('',*,*,#7130,.T.);
#9302=ORIENTED_EDGE('',*,*,#7163,.T.);
#9303=ORIENTED_EDGE('',*,*,#7160,.T.);
#9304=ORIENTED_EDGE('',*,*,#7157,.T.);
#9305=ORIENTED_EDGE('',*,*,#7154,.T.);
#9306=ORIENTED_EDGE('',*,*,#7151,.T.);
#9307=ORIENTED_EDGE('',*,*,#7148,.T.);
#9308=ORIENTED_EDGE('',*,*,#7145,.T.);
#9309=ORIENTED_EDGE('',*,*,#7142,.T.);
#9310=ORIENTED_EDGE('',*,*,#7139,.T.);
#9311=ORIENTED_EDGE('',*,*,#7136,.T.);
#9312=ORIENTED_EDGE('',*,*,#7133,.T.);
#9313=ORIENTED_EDGE('',*,*,#7128,.F.);
#9314=ORIENTED_EDGE('',*,*,#7132,.F.);
#9315=ORIENTED_EDGE('',*,*,#7135,.F.);
#9316=ORIENTED_EDGE('',*,*,#7138,.F.);
#9317=ORIENTED_EDGE('',*,*,#7141,.F.);
#9318=ORIENTED_EDGE('',*,*,#7144,.F.);
#9319=ORIENTED_EDGE('',*,*,#7147,.F.);
#9320=ORIENTED_EDGE('',*,*,#7150,.F.);
#9321=ORIENTED_EDGE('',*,*,#7153,.F.);
#9322=ORIENTED_EDGE('',*,*,#7156,.F.);
#9323=ORIENTED_EDGE('',*,*,#7159,.F.);
#9324=ORIENTED_EDGE('',*,*,#7162,.F.);
#9325=ORIENTED_EDGE('',*,*,#7164,.F.);
#9326=ORIENTED_EDGE('',*,*,#7165,.F.);
#9327=ORIENTED_EDGE('',*,*,#7166,.F.);
#9328=ORIENTED_EDGE('',*,*,#7167,.F.);
#9329=ORIENTED_EDGE('',*,*,#7168,.F.);
#9330=ORIENTED_EDGE('',*,*,#7169,.F.);
#9331=ORIENTED_EDGE('',*,*,#7170,.F.);
#9332=ORIENTED_EDGE('',*,*,#7171,.F.);
#9333=ORIENTED_EDGE('',*,*,#7172,.T.);
#9334=ORIENTED_EDGE('',*,*,#7165,.T.);
#9335=ORIENTED_EDGE('',*,*,#7173,.T.);
#9336=ORIENTED_EDGE('',*,*,#7174,.T.);
#9337=ORIENTED_EDGE('',*,*,#7173,.F.);
#9338=ORIENTED_EDGE('',*,*,#7164,.T.);
#9339=ORIENTED_EDGE('',*,*,#7175,.T.);
#9340=ORIENTED_EDGE('',*,*,#7176,.T.);
#9341=ORIENTED_EDGE('',*,*,#7172,.F.);
#9342=ORIENTED_EDGE('',*,*,#7177,.T.);
#9343=ORIENTED_EDGE('',*,*,#7178,.T.);
#9344=ORIENTED_EDGE('',*,*,#7166,.T.);
#9345=ORIENTED_EDGE('',*,*,#7175,.F.);
#9346=ORIENTED_EDGE('',*,*,#7167,.T.);
#9347=ORIENTED_EDGE('',*,*,#7178,.F.);
#9348=ORIENTED_EDGE('',*,*,#7179,.T.);
#9349=ORIENTED_EDGE('',*,*,#7180,.T.);
#9350=ORIENTED_EDGE('',*,*,#7176,.F.);
#9351=ORIENTED_EDGE('',*,*,#7181,.T.);
#9352=ORIENTED_EDGE('',*,*,#7169,.T.);
#9353=ORIENTED_EDGE('',*,*,#7181,.F.);
#9354=ORIENTED_EDGE('',*,*,#7179,.F.);
#9355=ORIENTED_EDGE('',*,*,#7182,.T.);
#9356=ORIENTED_EDGE('',*,*,#7170,.T.);
#9357=ORIENTED_EDGE('',*,*,#7180,.F.);
#9358=ORIENTED_EDGE('',*,*,#7168,.T.);
#9359=ORIENTED_EDGE('',*,*,#7183,.T.);
#9360=ORIENTED_EDGE('',*,*,#7174,.F.);
#9361=ORIENTED_EDGE('',*,*,#7182,.F.);
#9362=ORIENTED_EDGE('',*,*,#7177,.F.);
#9363=ORIENTED_EDGE('',*,*,#7183,.F.);
#9364=ORIENTED_EDGE('',*,*,#7171,.T.);
#9365=ORIENTED_EDGE('',*,*,#7184,.T.);
#9366=ORIENTED_EDGE('',*,*,#7185,.F.);
#9367=ORIENTED_EDGE('',*,*,#7186,.F.);
#9368=ORIENTED_EDGE('',*,*,#7187,.T.);
#9369=ORIENTED_EDGE('',*,*,#7188,.T.);
#9370=ORIENTED_EDGE('',*,*,#7187,.F.);
#9371=ORIENTED_EDGE('',*,*,#7189,.F.);
#9372=ORIENTED_EDGE('',*,*,#7190,.T.);
#9373=ORIENTED_EDGE('',*,*,#7191,.T.);
#9374=ORIENTED_EDGE('',*,*,#7190,.F.);
#9375=ORIENTED_EDGE('',*,*,#7192,.F.);
#9376=ORIENTED_EDGE('',*,*,#7193,.T.);
#9377=ORIENTED_EDGE('',*,*,#7194,.T.);
#9378=ORIENTED_EDGE('',*,*,#7193,.F.);
#9379=ORIENTED_EDGE('',*,*,#7195,.F.);
#9380=ORIENTED_EDGE('',*,*,#7196,.T.);
#9381=ORIENTED_EDGE('',*,*,#7197,.T.);
#9382=ORIENTED_EDGE('',*,*,#7196,.F.);
#9383=ORIENTED_EDGE('',*,*,#7198,.F.);
#9384=ORIENTED_EDGE('',*,*,#7199,.T.);
#9385=ORIENTED_EDGE('',*,*,#7200,.T.);
#9386=ORIENTED_EDGE('',*,*,#7199,.F.);
#9387=ORIENTED_EDGE('',*,*,#7201,.F.);
#9388=ORIENTED_EDGE('',*,*,#7202,.T.);
#9389=ORIENTED_EDGE('',*,*,#7203,.T.);
#9390=ORIENTED_EDGE('',*,*,#7202,.F.);
#9391=ORIENTED_EDGE('',*,*,#7204,.F.);
#9392=ORIENTED_EDGE('',*,*,#7205,.T.);
#9393=ORIENTED_EDGE('',*,*,#7206,.T.);
#9394=ORIENTED_EDGE('',*,*,#7205,.F.);
#9395=ORIENTED_EDGE('',*,*,#7207,.F.);
#9396=ORIENTED_EDGE('',*,*,#7208,.T.);
#9397=ORIENTED_EDGE('',*,*,#7209,.T.);
#9398=ORIENTED_EDGE('',*,*,#7208,.F.);
#9399=ORIENTED_EDGE('',*,*,#7210,.F.);
#9400=ORIENTED_EDGE('',*,*,#7211,.T.);
#9401=ORIENTED_EDGE('',*,*,#7212,.T.);
#9402=ORIENTED_EDGE('',*,*,#7211,.F.);
#9403=ORIENTED_EDGE('',*,*,#7213,.F.);
#9404=ORIENTED_EDGE('',*,*,#7214,.T.);
#9405=ORIENTED_EDGE('',*,*,#7215,.T.);
#9406=ORIENTED_EDGE('',*,*,#7214,.F.);
#9407=ORIENTED_EDGE('',*,*,#7216,.F.);
#9408=ORIENTED_EDGE('',*,*,#7217,.T.);
#9409=ORIENTED_EDGE('',*,*,#7218,.T.);
#9410=ORIENTED_EDGE('',*,*,#7217,.F.);
#9411=ORIENTED_EDGE('',*,*,#7219,.F.);
#9412=ORIENTED_EDGE('',*,*,#7185,.T.);
#9413=ORIENTED_EDGE('',*,*,#7186,.T.);
#9414=ORIENTED_EDGE('',*,*,#7219,.T.);
#9415=ORIENTED_EDGE('',*,*,#7216,.T.);
#9416=ORIENTED_EDGE('',*,*,#7213,.T.);
#9417=ORIENTED_EDGE('',*,*,#7210,.T.);
#9418=ORIENTED_EDGE('',*,*,#7207,.T.);
#9419=ORIENTED_EDGE('',*,*,#7204,.T.);
#9420=ORIENTED_EDGE('',*,*,#7201,.T.);
#9421=ORIENTED_EDGE('',*,*,#7198,.T.);
#9422=ORIENTED_EDGE('',*,*,#7195,.T.);
#9423=ORIENTED_EDGE('',*,*,#7192,.T.);
#9424=ORIENTED_EDGE('',*,*,#7189,.T.);
#9425=ORIENTED_EDGE('',*,*,#7184,.F.);
#9426=ORIENTED_EDGE('',*,*,#7188,.F.);
#9427=ORIENTED_EDGE('',*,*,#7191,.F.);
#9428=ORIENTED_EDGE('',*,*,#7194,.F.);
#9429=ORIENTED_EDGE('',*,*,#7197,.F.);
#9430=ORIENTED_EDGE('',*,*,#7200,.F.);
#9431=ORIENTED_EDGE('',*,*,#7203,.F.);
#9432=ORIENTED_EDGE('',*,*,#7206,.F.);
#9433=ORIENTED_EDGE('',*,*,#7209,.F.);
#9434=ORIENTED_EDGE('',*,*,#7212,.F.);
#9435=ORIENTED_EDGE('',*,*,#7215,.F.);
#9436=ORIENTED_EDGE('',*,*,#7218,.F.);
#9437=ORIENTED_EDGE('',*,*,#7220,.T.);
#9438=ORIENTED_EDGE('',*,*,#7221,.F.);
#9439=ORIENTED_EDGE('',*,*,#7222,.F.);
#9440=ORIENTED_EDGE('',*,*,#7223,.T.);
#9441=ORIENTED_EDGE('',*,*,#7224,.T.);
#9442=ORIENTED_EDGE('',*,*,#7223,.F.);
#9443=ORIENTED_EDGE('',*,*,#7225,.F.);
#9444=ORIENTED_EDGE('',*,*,#7226,.T.);
#9445=ORIENTED_EDGE('',*,*,#7227,.T.);
#9446=ORIENTED_EDGE('',*,*,#7226,.F.);
#9447=ORIENTED_EDGE('',*,*,#7228,.F.);
#9448=ORIENTED_EDGE('',*,*,#7229,.T.);
#9449=ORIENTED_EDGE('',*,*,#7230,.T.);
#9450=ORIENTED_EDGE('',*,*,#7229,.F.);
#9451=ORIENTED_EDGE('',*,*,#7231,.F.);
#9452=ORIENTED_EDGE('',*,*,#7232,.T.);
#9453=ORIENTED_EDGE('',*,*,#7233,.T.);
#9454=ORIENTED_EDGE('',*,*,#7232,.F.);
#9455=ORIENTED_EDGE('',*,*,#7234,.F.);
#9456=ORIENTED_EDGE('',*,*,#7235,.T.);
#9457=ORIENTED_EDGE('',*,*,#7236,.T.);
#9458=ORIENTED_EDGE('',*,*,#7235,.F.);
#9459=ORIENTED_EDGE('',*,*,#7237,.F.);
#9460=ORIENTED_EDGE('',*,*,#7238,.T.);
#9461=ORIENTED_EDGE('',*,*,#7239,.T.);
#9462=ORIENTED_EDGE('',*,*,#7238,.F.);
#9463=ORIENTED_EDGE('',*,*,#7240,.F.);
#9464=ORIENTED_EDGE('',*,*,#7241,.T.);
#9465=ORIENTED_EDGE('',*,*,#7242,.T.);
#9466=ORIENTED_EDGE('',*,*,#7241,.F.);
#9467=ORIENTED_EDGE('',*,*,#7243,.F.);
#9468=ORIENTED_EDGE('',*,*,#7244,.T.);
#9469=ORIENTED_EDGE('',*,*,#7245,.T.);
#9470=ORIENTED_EDGE('',*,*,#7244,.F.);
#9471=ORIENTED_EDGE('',*,*,#7246,.F.);
#9472=ORIENTED_EDGE('',*,*,#7247,.T.);
#9473=ORIENTED_EDGE('',*,*,#7248,.T.);
#9474=ORIENTED_EDGE('',*,*,#7247,.F.);
#9475=ORIENTED_EDGE('',*,*,#7249,.F.);
#9476=ORIENTED_EDGE('',*,*,#7250,.T.);
#9477=ORIENTED_EDGE('',*,*,#7251,.T.);
#9478=ORIENTED_EDGE('',*,*,#7250,.F.);
#9479=ORIENTED_EDGE('',*,*,#7252,.F.);
#9480=ORIENTED_EDGE('',*,*,#7253,.T.);
#9481=ORIENTED_EDGE('',*,*,#7254,.T.);
#9482=ORIENTED_EDGE('',*,*,#7253,.F.);
#9483=ORIENTED_EDGE('',*,*,#7255,.F.);
#9484=ORIENTED_EDGE('',*,*,#7221,.T.);
#9485=ORIENTED_EDGE('',*,*,#7222,.T.);
#9486=ORIENTED_EDGE('',*,*,#7255,.T.);
#9487=ORIENTED_EDGE('',*,*,#7252,.T.);
#9488=ORIENTED_EDGE('',*,*,#7249,.T.);
#9489=ORIENTED_EDGE('',*,*,#7246,.T.);
#9490=ORIENTED_EDGE('',*,*,#7243,.T.);
#9491=ORIENTED_EDGE('',*,*,#7240,.T.);
#9492=ORIENTED_EDGE('',*,*,#7237,.T.);
#9493=ORIENTED_EDGE('',*,*,#7234,.T.);
#9494=ORIENTED_EDGE('',*,*,#7231,.T.);
#9495=ORIENTED_EDGE('',*,*,#7228,.T.);
#9496=ORIENTED_EDGE('',*,*,#7225,.T.);
#9497=ORIENTED_EDGE('',*,*,#7220,.F.);
#9498=ORIENTED_EDGE('',*,*,#7224,.F.);
#9499=ORIENTED_EDGE('',*,*,#7227,.F.);
#9500=ORIENTED_EDGE('',*,*,#7230,.F.);
#9501=ORIENTED_EDGE('',*,*,#7233,.F.);
#9502=ORIENTED_EDGE('',*,*,#7236,.F.);
#9503=ORIENTED_EDGE('',*,*,#7239,.F.);
#9504=ORIENTED_EDGE('',*,*,#7242,.F.);
#9505=ORIENTED_EDGE('',*,*,#7245,.F.);
#9506=ORIENTED_EDGE('',*,*,#7248,.F.);
#9507=ORIENTED_EDGE('',*,*,#7251,.F.);
#9508=ORIENTED_EDGE('',*,*,#7254,.F.);
#9509=ORIENTED_EDGE('',*,*,#7256,.F.);
#9510=ORIENTED_EDGE('',*,*,#7257,.F.);
#9511=ORIENTED_EDGE('',*,*,#7258,.T.);
#9512=ORIENTED_EDGE('',*,*,#7259,.T.);
#9513=ORIENTED_EDGE('',*,*,#7260,.F.);
#9514=ORIENTED_EDGE('',*,*,#7261,.F.);
#9515=ORIENTED_EDGE('',*,*,#7262,.T.);
#9516=ORIENTED_EDGE('',*,*,#7257,.T.);
#9517=ORIENTED_EDGE('',*,*,#7263,.F.);
#9518=ORIENTED_EDGE('',*,*,#7264,.F.);
#9519=ORIENTED_EDGE('',*,*,#7265,.T.);
#9520=ORIENTED_EDGE('',*,*,#7261,.T.);
#9521=ORIENTED_EDGE('',*,*,#7266,.F.);
#9522=ORIENTED_EDGE('',*,*,#7267,.F.);
#9523=ORIENTED_EDGE('',*,*,#7268,.T.);
#9524=ORIENTED_EDGE('',*,*,#7264,.T.);
#9525=ORIENTED_EDGE('',*,*,#7269,.F.);
#9526=ORIENTED_EDGE('',*,*,#7270,.F.);
#9527=ORIENTED_EDGE('',*,*,#7271,.T.);
#9528=ORIENTED_EDGE('',*,*,#7267,.T.);
#9529=ORIENTED_EDGE('',*,*,#7272,.F.);
#9530=ORIENTED_EDGE('',*,*,#7273,.F.);
#9531=ORIENTED_EDGE('',*,*,#7274,.T.);
#9532=ORIENTED_EDGE('',*,*,#7270,.T.);
#9533=ORIENTED_EDGE('',*,*,#7275,.F.);
#9534=ORIENTED_EDGE('',*,*,#7276,.F.);
#9535=ORIENTED_EDGE('',*,*,#7277,.T.);
#9536=ORIENTED_EDGE('',*,*,#7273,.T.);
#9537=ORIENTED_EDGE('',*,*,#7278,.F.);
#9538=ORIENTED_EDGE('',*,*,#7279,.F.);
#9539=ORIENTED_EDGE('',*,*,#7280,.T.);
#9540=ORIENTED_EDGE('',*,*,#7276,.T.);
#9541=ORIENTED_EDGE('',*,*,#7281,.F.);
#9542=ORIENTED_EDGE('',*,*,#7282,.F.);
#9543=ORIENTED_EDGE('',*,*,#7283,.T.);
#9544=ORIENTED_EDGE('',*,*,#7279,.T.);
#9545=ORIENTED_EDGE('',*,*,#7284,.F.);
#9546=ORIENTED_EDGE('',*,*,#7285,.F.);
#9547=ORIENTED_EDGE('',*,*,#7286,.T.);
#9548=ORIENTED_EDGE('',*,*,#7282,.T.);
#9549=ORIENTED_EDGE('',*,*,#7287,.F.);
#9550=ORIENTED_EDGE('',*,*,#7288,.F.);
#9551=ORIENTED_EDGE('',*,*,#7289,.T.);
#9552=ORIENTED_EDGE('',*,*,#7285,.T.);
#9553=ORIENTED_EDGE('',*,*,#7290,.F.);
#9554=ORIENTED_EDGE('',*,*,#7259,.F.);
#9555=ORIENTED_EDGE('',*,*,#7291,.T.);
#9556=ORIENTED_EDGE('',*,*,#7288,.T.);
#9557=ORIENTED_EDGE('',*,*,#7258,.F.);
#9558=ORIENTED_EDGE('',*,*,#7262,.F.);
#9559=ORIENTED_EDGE('',*,*,#7265,.F.);
#9560=ORIENTED_EDGE('',*,*,#7268,.F.);
#9561=ORIENTED_EDGE('',*,*,#7271,.F.);
#9562=ORIENTED_EDGE('',*,*,#7274,.F.);
#9563=ORIENTED_EDGE('',*,*,#7277,.F.);
#9564=ORIENTED_EDGE('',*,*,#7280,.F.);
#9565=ORIENTED_EDGE('',*,*,#7283,.F.);
#9566=ORIENTED_EDGE('',*,*,#7286,.F.);
#9567=ORIENTED_EDGE('',*,*,#7289,.F.);
#9568=ORIENTED_EDGE('',*,*,#7291,.F.);
#9569=ORIENTED_EDGE('',*,*,#7256,.T.);
#9570=ORIENTED_EDGE('',*,*,#7290,.T.);
#9571=ORIENTED_EDGE('',*,*,#7287,.T.);
#9572=ORIENTED_EDGE('',*,*,#7284,.T.);
#9573=ORIENTED_EDGE('',*,*,#7281,.T.);
#9574=ORIENTED_EDGE('',*,*,#7278,.T.);
#9575=ORIENTED_EDGE('',*,*,#7275,.T.);
#9576=ORIENTED_EDGE('',*,*,#7272,.T.);
#9577=ORIENTED_EDGE('',*,*,#7269,.T.);
#9578=ORIENTED_EDGE('',*,*,#7266,.T.);
#9579=ORIENTED_EDGE('',*,*,#7263,.T.);
#9580=ORIENTED_EDGE('',*,*,#7260,.T.);
#9581=ORIENTED_EDGE('',*,*,#7292,.T.);
#9582=ORIENTED_EDGE('',*,*,#7293,.F.);
#9583=ORIENTED_EDGE('',*,*,#7294,.F.);
#9584=ORIENTED_EDGE('',*,*,#7295,.T.);
#9585=ORIENTED_EDGE('',*,*,#7296,.T.);
#9586=ORIENTED_EDGE('',*,*,#7295,.F.);
#9587=ORIENTED_EDGE('',*,*,#7297,.F.);
#9588=ORIENTED_EDGE('',*,*,#7298,.T.);
#9589=ORIENTED_EDGE('',*,*,#7299,.T.);
#9590=ORIENTED_EDGE('',*,*,#7298,.F.);
#9591=ORIENTED_EDGE('',*,*,#7300,.F.);
#9592=ORIENTED_EDGE('',*,*,#7301,.T.);
#9593=ORIENTED_EDGE('',*,*,#7302,.T.);
#9594=ORIENTED_EDGE('',*,*,#7301,.F.);
#9595=ORIENTED_EDGE('',*,*,#7303,.F.);
#9596=ORIENTED_EDGE('',*,*,#7304,.T.);
#9597=ORIENTED_EDGE('',*,*,#7305,.T.);
#9598=ORIENTED_EDGE('',*,*,#7304,.F.);
#9599=ORIENTED_EDGE('',*,*,#7306,.F.);
#9600=ORIENTED_EDGE('',*,*,#7307,.T.);
#9601=ORIENTED_EDGE('',*,*,#7308,.T.);
#9602=ORIENTED_EDGE('',*,*,#7307,.F.);
#9603=ORIENTED_EDGE('',*,*,#7309,.F.);
#9604=ORIENTED_EDGE('',*,*,#7310,.T.);
#9605=ORIENTED_EDGE('',*,*,#7311,.T.);
#9606=ORIENTED_EDGE('',*,*,#7310,.F.);
#9607=ORIENTED_EDGE('',*,*,#7312,.F.);
#9608=ORIENTED_EDGE('',*,*,#7313,.T.);
#9609=ORIENTED_EDGE('',*,*,#7314,.T.);
#9610=ORIENTED_EDGE('',*,*,#7313,.F.);
#9611=ORIENTED_EDGE('',*,*,#7315,.F.);
#9612=ORIENTED_EDGE('',*,*,#7316,.T.);
#9613=ORIENTED_EDGE('',*,*,#7317,.T.);
#9614=ORIENTED_EDGE('',*,*,#7316,.F.);
#9615=ORIENTED_EDGE('',*,*,#7318,.F.);
#9616=ORIENTED_EDGE('',*,*,#7319,.T.);
#9617=ORIENTED_EDGE('',*,*,#7320,.T.);
#9618=ORIENTED_EDGE('',*,*,#7319,.F.);
#9619=ORIENTED_EDGE('',*,*,#7321,.F.);
#9620=ORIENTED_EDGE('',*,*,#7322,.T.);
#9621=ORIENTED_EDGE('',*,*,#7323,.T.);
#9622=ORIENTED_EDGE('',*,*,#7322,.F.);
#9623=ORIENTED_EDGE('',*,*,#7324,.F.);
#9624=ORIENTED_EDGE('',*,*,#7325,.T.);
#9625=ORIENTED_EDGE('',*,*,#7326,.T.);
#9626=ORIENTED_EDGE('',*,*,#7325,.F.);
#9627=ORIENTED_EDGE('',*,*,#7327,.F.);
#9628=ORIENTED_EDGE('',*,*,#7293,.T.);
#9629=ORIENTED_EDGE('',*,*,#7294,.T.);
#9630=ORIENTED_EDGE('',*,*,#7327,.T.);
#9631=ORIENTED_EDGE('',*,*,#7324,.T.);
#9632=ORIENTED_EDGE('',*,*,#7321,.T.);
#9633=ORIENTED_EDGE('',*,*,#7318,.T.);
#9634=ORIENTED_EDGE('',*,*,#7315,.T.);
#9635=ORIENTED_EDGE('',*,*,#7312,.T.);
#9636=ORIENTED_EDGE('',*,*,#7309,.T.);
#9637=ORIENTED_EDGE('',*,*,#7306,.T.);
#9638=ORIENTED_EDGE('',*,*,#7303,.T.);
#9639=ORIENTED_EDGE('',*,*,#7300,.T.);
#9640=ORIENTED_EDGE('',*,*,#7297,.T.);
#9641=ORIENTED_EDGE('',*,*,#7292,.F.);
#9642=ORIENTED_EDGE('',*,*,#7296,.F.);
#9643=ORIENTED_EDGE('',*,*,#7299,.F.);
#9644=ORIENTED_EDGE('',*,*,#7302,.F.);
#9645=ORIENTED_EDGE('',*,*,#7305,.F.);
#9646=ORIENTED_EDGE('',*,*,#7308,.F.);
#9647=ORIENTED_EDGE('',*,*,#7311,.F.);
#9648=ORIENTED_EDGE('',*,*,#7314,.F.);
#9649=ORIENTED_EDGE('',*,*,#7317,.F.);
#9650=ORIENTED_EDGE('',*,*,#7320,.F.);
#9651=ORIENTED_EDGE('',*,*,#7323,.F.);
#9652=ORIENTED_EDGE('',*,*,#7326,.F.);
#9653=ORIENTED_EDGE('',*,*,#7328,.T.);
#9654=ORIENTED_EDGE('',*,*,#7329,.F.);
#9655=ORIENTED_EDGE('',*,*,#7330,.F.);
#9656=ORIENTED_EDGE('',*,*,#7331,.T.);
#9657=ORIENTED_EDGE('',*,*,#7332,.T.);
#9658=ORIENTED_EDGE('',*,*,#7331,.F.);
#9659=ORIENTED_EDGE('',*,*,#7333,.F.);
#9660=ORIENTED_EDGE('',*,*,#7334,.T.);
#9661=ORIENTED_EDGE('',*,*,#7335,.T.);
#9662=ORIENTED_EDGE('',*,*,#7334,.F.);
#9663=ORIENTED_EDGE('',*,*,#7336,.F.);
#9664=ORIENTED_EDGE('',*,*,#7337,.T.);
#9665=ORIENTED_EDGE('',*,*,#7338,.T.);
#9666=ORIENTED_EDGE('',*,*,#7337,.F.);
#9667=ORIENTED_EDGE('',*,*,#7339,.F.);
#9668=ORIENTED_EDGE('',*,*,#7340,.T.);
#9669=ORIENTED_EDGE('',*,*,#7341,.T.);
#9670=ORIENTED_EDGE('',*,*,#7340,.F.);
#9671=ORIENTED_EDGE('',*,*,#7342,.F.);
#9672=ORIENTED_EDGE('',*,*,#7343,.T.);
#9673=ORIENTED_EDGE('',*,*,#7344,.T.);
#9674=ORIENTED_EDGE('',*,*,#7343,.F.);
#9675=ORIENTED_EDGE('',*,*,#7345,.F.);
#9676=ORIENTED_EDGE('',*,*,#7346,.T.);
#9677=ORIENTED_EDGE('',*,*,#7347,.T.);
#9678=ORIENTED_EDGE('',*,*,#7346,.F.);
#9679=ORIENTED_EDGE('',*,*,#7348,.F.);
#9680=ORIENTED_EDGE('',*,*,#7349,.T.);
#9681=ORIENTED_EDGE('',*,*,#7350,.T.);
#9682=ORIENTED_EDGE('',*,*,#7349,.F.);
#9683=ORIENTED_EDGE('',*,*,#7351,.F.);
#9684=ORIENTED_EDGE('',*,*,#7352,.T.);
#9685=ORIENTED_EDGE('',*,*,#7353,.T.);
#9686=ORIENTED_EDGE('',*,*,#7352,.F.);
#9687=ORIENTED_EDGE('',*,*,#7354,.F.);
#9688=ORIENTED_EDGE('',*,*,#7355,.T.);
#9689=ORIENTED_EDGE('',*,*,#7356,.T.);
#9690=ORIENTED_EDGE('',*,*,#7355,.F.);
#9691=ORIENTED_EDGE('',*,*,#7357,.F.);
#9692=ORIENTED_EDGE('',*,*,#7358,.T.);
#9693=ORIENTED_EDGE('',*,*,#7359,.T.);
#9694=ORIENTED_EDGE('',*,*,#7358,.F.);
#9695=ORIENTED_EDGE('',*,*,#7360,.F.);
#9696=ORIENTED_EDGE('',*,*,#7361,.T.);
#9697=ORIENTED_EDGE('',*,*,#7362,.T.);
#9698=ORIENTED_EDGE('',*,*,#7361,.F.);
#9699=ORIENTED_EDGE('',*,*,#7363,.F.);
#9700=ORIENTED_EDGE('',*,*,#7329,.T.);
#9701=ORIENTED_EDGE('',*,*,#7330,.T.);
#9702=ORIENTED_EDGE('',*,*,#7363,.T.);
#9703=ORIENTED_EDGE('',*,*,#7360,.T.);
#9704=ORIENTED_EDGE('',*,*,#7357,.T.);
#9705=ORIENTED_EDGE('',*,*,#7354,.T.);
#9706=ORIENTED_EDGE('',*,*,#7351,.T.);
#9707=ORIENTED_EDGE('',*,*,#7348,.T.);
#9708=ORIENTED_EDGE('',*,*,#7345,.T.);
#9709=ORIENTED_EDGE('',*,*,#7342,.T.);
#9710=ORIENTED_EDGE('',*,*,#7339,.T.);
#9711=ORIENTED_EDGE('',*,*,#7336,.T.);
#9712=ORIENTED_EDGE('',*,*,#7333,.T.);
#9713=ORIENTED_EDGE('',*,*,#7328,.F.);
#9714=ORIENTED_EDGE('',*,*,#7332,.F.);
#9715=ORIENTED_EDGE('',*,*,#7335,.F.);
#9716=ORIENTED_EDGE('',*,*,#7338,.F.);
#9717=ORIENTED_EDGE('',*,*,#7341,.F.);
#9718=ORIENTED_EDGE('',*,*,#7344,.F.);
#9719=ORIENTED_EDGE('',*,*,#7347,.F.);
#9720=ORIENTED_EDGE('',*,*,#7350,.F.);
#9721=ORIENTED_EDGE('',*,*,#7353,.F.);
#9722=ORIENTED_EDGE('',*,*,#7356,.F.);
#9723=ORIENTED_EDGE('',*,*,#7359,.F.);
#9724=ORIENTED_EDGE('',*,*,#7362,.F.);
#9725=ORIENTED_EDGE('',*,*,#7364,.F.);
#9726=ORIENTED_EDGE('',*,*,#7365,.F.);
#9727=ORIENTED_EDGE('',*,*,#7366,.T.);
#9728=ORIENTED_EDGE('',*,*,#7367,.T.);
#9729=ORIENTED_EDGE('',*,*,#7368,.F.);
#9730=ORIENTED_EDGE('',*,*,#7369,.F.);
#9731=ORIENTED_EDGE('',*,*,#7370,.T.);
#9732=ORIENTED_EDGE('',*,*,#7365,.T.);
#9733=ORIENTED_EDGE('',*,*,#7371,.F.);
#9734=ORIENTED_EDGE('',*,*,#7372,.F.);
#9735=ORIENTED_EDGE('',*,*,#7373,.T.);
#9736=ORIENTED_EDGE('',*,*,#7369,.T.);
#9737=ORIENTED_EDGE('',*,*,#7374,.F.);
#9738=ORIENTED_EDGE('',*,*,#7375,.F.);
#9739=ORIENTED_EDGE('',*,*,#7376,.T.);
#9740=ORIENTED_EDGE('',*,*,#7372,.T.);
#9741=ORIENTED_EDGE('',*,*,#7377,.F.);
#9742=ORIENTED_EDGE('',*,*,#7378,.F.);
#9743=ORIENTED_EDGE('',*,*,#7379,.T.);
#9744=ORIENTED_EDGE('',*,*,#7375,.T.);
#9745=ORIENTED_EDGE('',*,*,#7380,.F.);
#9746=ORIENTED_EDGE('',*,*,#7381,.F.);
#9747=ORIENTED_EDGE('',*,*,#7382,.T.);
#9748=ORIENTED_EDGE('',*,*,#7378,.T.);
#9749=ORIENTED_EDGE('',*,*,#7383,.F.);
#9750=ORIENTED_EDGE('',*,*,#7384,.F.);
#9751=ORIENTED_EDGE('',*,*,#7385,.T.);
#9752=ORIENTED_EDGE('',*,*,#7381,.T.);
#9753=ORIENTED_EDGE('',*,*,#7386,.F.);
#9754=ORIENTED_EDGE('',*,*,#7387,.F.);
#9755=ORIENTED_EDGE('',*,*,#7388,.T.);
#9756=ORIENTED_EDGE('',*,*,#7384,.T.);
#9757=ORIENTED_EDGE('',*,*,#7389,.F.);
#9758=ORIENTED_EDGE('',*,*,#7390,.F.);
#9759=ORIENTED_EDGE('',*,*,#7391,.T.);
#9760=ORIENTED_EDGE('',*,*,#7387,.T.);
#9761=ORIENTED_EDGE('',*,*,#7392,.F.);
#9762=ORIENTED_EDGE('',*,*,#7393,.F.);
#9763=ORIENTED_EDGE('',*,*,#7394,.T.);
#9764=ORIENTED_EDGE('',*,*,#7390,.T.);
#9765=ORIENTED_EDGE('',*,*,#7395,.F.);
#9766=ORIENTED_EDGE('',*,*,#7396,.F.);
#9767=ORIENTED_EDGE('',*,*,#7397,.T.);
#9768=ORIENTED_EDGE('',*,*,#7393,.T.);
#9769=ORIENTED_EDGE('',*,*,#7398,.F.);
#9770=ORIENTED_EDGE('',*,*,#7367,.F.);
#9771=ORIENTED_EDGE('',*,*,#7399,.T.);
#9772=ORIENTED_EDGE('',*,*,#7396,.T.);
#9773=ORIENTED_EDGE('',*,*,#7366,.F.);
#9774=ORIENTED_EDGE('',*,*,#7370,.F.);
#9775=ORIENTED_EDGE('',*,*,#7373,.F.);
#9776=ORIENTED_EDGE('',*,*,#7376,.F.);
#9777=ORIENTED_EDGE('',*,*,#7379,.F.);
#9778=ORIENTED_EDGE('',*,*,#7382,.F.);
#9779=ORIENTED_EDGE('',*,*,#7385,.F.);
#9780=ORIENTED_EDGE('',*,*,#7388,.F.);
#9781=ORIENTED_EDGE('',*,*,#7391,.F.);
#9782=ORIENTED_EDGE('',*,*,#7394,.F.);
#9783=ORIENTED_EDGE('',*,*,#7397,.F.);
#9784=ORIENTED_EDGE('',*,*,#7399,.F.);
#9785=ORIENTED_EDGE('',*,*,#7364,.T.);
#9786=ORIENTED_EDGE('',*,*,#7398,.T.);
#9787=ORIENTED_EDGE('',*,*,#7395,.T.);
#9788=ORIENTED_EDGE('',*,*,#7392,.T.);
#9789=ORIENTED_EDGE('',*,*,#7389,.T.);
#9790=ORIENTED_EDGE('',*,*,#7386,.T.);
#9791=ORIENTED_EDGE('',*,*,#7383,.T.);
#9792=ORIENTED_EDGE('',*,*,#7380,.T.);
#9793=ORIENTED_EDGE('',*,*,#7377,.T.);
#9794=ORIENTED_EDGE('',*,*,#7374,.T.);
#9795=ORIENTED_EDGE('',*,*,#7371,.T.);
#9796=ORIENTED_EDGE('',*,*,#7368,.T.);
#9797=ORIENTED_EDGE('',*,*,#7400,.F.);
#9798=ORIENTED_EDGE('',*,*,#7401,.F.);
#9799=ORIENTED_EDGE('',*,*,#7402,.F.);
#9800=ORIENTED_EDGE('',*,*,#7403,.F.);
#9801=ORIENTED_EDGE('',*,*,#7404,.F.);
#9802=ORIENTED_EDGE('',*,*,#7405,.F.);
#9803=ORIENTED_EDGE('',*,*,#7406,.F.);
#9804=ORIENTED_EDGE('',*,*,#7407,.F.);
#9805=ORIENTED_EDGE('',*,*,#7408,.T.);
#9806=ORIENTED_EDGE('',*,*,#7401,.T.);
#9807=ORIENTED_EDGE('',*,*,#7409,.T.);
#9808=ORIENTED_EDGE('',*,*,#7410,.T.);
#9809=ORIENTED_EDGE('',*,*,#7409,.F.);
#9810=ORIENTED_EDGE('',*,*,#7400,.T.);
#9811=ORIENTED_EDGE('',*,*,#7411,.T.);
#9812=ORIENTED_EDGE('',*,*,#7412,.T.);
#9813=ORIENTED_EDGE('',*,*,#7408,.F.);
#9814=ORIENTED_EDGE('',*,*,#7413,.T.);
#9815=ORIENTED_EDGE('',*,*,#7414,.T.);
#9816=ORIENTED_EDGE('',*,*,#7402,.T.);
#9817=ORIENTED_EDGE('',*,*,#7411,.F.);
#9818=ORIENTED_EDGE('',*,*,#7403,.T.);
#9819=ORIENTED_EDGE('',*,*,#7414,.F.);
#9820=ORIENTED_EDGE('',*,*,#7415,.T.);
#9821=ORIENTED_EDGE('',*,*,#7416,.T.);
#9822=ORIENTED_EDGE('',*,*,#7412,.F.);
#9823=ORIENTED_EDGE('',*,*,#7417,.T.);
#9824=ORIENTED_EDGE('',*,*,#7405,.T.);
#9825=ORIENTED_EDGE('',*,*,#7417,.F.);
#9826=ORIENTED_EDGE('',*,*,#7415,.F.);
#9827=ORIENTED_EDGE('',*,*,#7418,.T.);
#9828=ORIENTED_EDGE('',*,*,#7406,.T.);
#9829=ORIENTED_EDGE('',*,*,#7416,.F.);
#9830=ORIENTED_EDGE('',*,*,#7404,.T.);
#9831=ORIENTED_EDGE('',*,*,#7419,.T.);
#9832=ORIENTED_EDGE('',*,*,#7410,.F.);
#9833=ORIENTED_EDGE('',*,*,#7418,.F.);
#9834=ORIENTED_EDGE('',*,*,#7413,.F.);
#9835=ORIENTED_EDGE('',*,*,#7419,.F.);
#9836=ORIENTED_EDGE('',*,*,#7407,.T.);
#9837=ORIENTED_EDGE('',*,*,#7420,.T.);
#9838=ORIENTED_EDGE('',*,*,#7421,.T.);
#9839=ORIENTED_EDGE('',*,*,#7422,.F.);
#9840=ORIENTED_EDGE('',*,*,#7421,.F.);
#9841=ORIENTED_EDGE('',*,*,#7423,.T.);
#9842=ORIENTED_EDGE('',*,*,#7424,.T.);
#9843=ORIENTED_EDGE('',*,*,#7425,.F.);
#9844=ORIENTED_EDGE('',*,*,#7424,.F.);
#9845=ORIENTED_EDGE('',*,*,#7425,.T.);
#9846=ORIENTED_EDGE('',*,*,#7420,.F.);
#9847=ORIENTED_EDGE('',*,*,#7423,.F.);
#9848=ORIENTED_EDGE('',*,*,#7422,.T.);
#9849=ORIENTED_EDGE('',*,*,#7426,.T.);
#9850=ORIENTED_EDGE('',*,*,#7427,.T.);
#9851=ORIENTED_EDGE('',*,*,#7428,.F.);
#9852=ORIENTED_EDGE('',*,*,#7427,.F.);
#9853=ORIENTED_EDGE('',*,*,#7429,.T.);
#9854=ORIENTED_EDGE('',*,*,#7430,.T.);
#9855=ORIENTED_EDGE('',*,*,#7431,.F.);
#9856=ORIENTED_EDGE('',*,*,#7430,.F.);
#9857=ORIENTED_EDGE('',*,*,#7431,.T.);
#9858=ORIENTED_EDGE('',*,*,#7426,.F.);
#9859=ORIENTED_EDGE('',*,*,#7429,.F.);
#9860=ORIENTED_EDGE('',*,*,#7428,.T.);
#9861=ORIENTED_EDGE('',*,*,#7432,.T.);
#9862=ORIENTED_EDGE('',*,*,#7433,.T.);
#9863=ORIENTED_EDGE('',*,*,#7434,.F.);
#9864=ORIENTED_EDGE('',*,*,#7433,.F.);
#9865=ORIENTED_EDGE('',*,*,#7435,.T.);
#9866=ORIENTED_EDGE('',*,*,#7436,.T.);
#9867=ORIENTED_EDGE('',*,*,#7437,.F.);
#9868=ORIENTED_EDGE('',*,*,#7436,.F.);
#9869=ORIENTED_EDGE('',*,*,#7437,.T.);
#9870=ORIENTED_EDGE('',*,*,#7432,.F.);
#9871=ORIENTED_EDGE('',*,*,#7435,.F.);
#9872=ORIENTED_EDGE('',*,*,#7434,.T.);
#9873=ORIENTED_EDGE('',*,*,#7438,.T.);
#9874=ORIENTED_EDGE('',*,*,#7439,.T.);
#9875=ORIENTED_EDGE('',*,*,#7440,.F.);
#9876=ORIENTED_EDGE('',*,*,#7439,.F.);
#9877=ORIENTED_EDGE('',*,*,#7441,.T.);
#9878=ORIENTED_EDGE('',*,*,#7442,.T.);
#9879=ORIENTED_EDGE('',*,*,#7443,.F.);
#9880=ORIENTED_EDGE('',*,*,#7442,.F.);
#9881=ORIENTED_EDGE('',*,*,#7443,.T.);
#9882=ORIENTED_EDGE('',*,*,#7438,.F.);
#9883=ORIENTED_EDGE('',*,*,#7441,.F.);
#9884=ORIENTED_EDGE('',*,*,#7440,.T.);
#9885=ORIENTED_EDGE('',*,*,#7444,.T.);
#9886=ORIENTED_EDGE('',*,*,#7445,.T.);
#9887=ORIENTED_EDGE('',*,*,#7446,.F.);
#9888=ORIENTED_EDGE('',*,*,#7445,.F.);
#9889=ORIENTED_EDGE('',*,*,#7447,.T.);
#9890=ORIENTED_EDGE('',*,*,#7448,.T.);
#9891=ORIENTED_EDGE('',*,*,#7449,.F.);
#9892=ORIENTED_EDGE('',*,*,#7448,.F.);
#9893=ORIENTED_EDGE('',*,*,#7449,.T.);
#9894=ORIENTED_EDGE('',*,*,#7444,.F.);
#9895=ORIENTED_EDGE('',*,*,#7447,.F.);
#9896=ORIENTED_EDGE('',*,*,#7446,.T.);
#9897=ORIENTED_EDGE('',*,*,#7450,.T.);
#9898=ORIENTED_EDGE('',*,*,#7451,.T.);
#9899=ORIENTED_EDGE('',*,*,#7452,.F.);
#9900=ORIENTED_EDGE('',*,*,#7451,.F.);
#9901=ORIENTED_EDGE('',*,*,#7453,.T.);
#9902=ORIENTED_EDGE('',*,*,#7454,.T.);
#9903=ORIENTED_EDGE('',*,*,#7455,.F.);
#9904=ORIENTED_EDGE('',*,*,#7454,.F.);
#9905=ORIENTED_EDGE('',*,*,#7455,.T.);
#9906=ORIENTED_EDGE('',*,*,#7450,.F.);
#9907=ORIENTED_EDGE('',*,*,#7453,.F.);
#9908=ORIENTED_EDGE('',*,*,#7452,.T.);
#9909=ORIENTED_EDGE('',*,*,#7456,.T.);
#9910=ORIENTED_EDGE('',*,*,#7457,.T.);
#9911=ORIENTED_EDGE('',*,*,#7458,.F.);
#9912=ORIENTED_EDGE('',*,*,#7457,.F.);
#9913=ORIENTED_EDGE('',*,*,#7459,.T.);
#9914=ORIENTED_EDGE('',*,*,#7460,.T.);
#9915=ORIENTED_EDGE('',*,*,#7461,.F.);
#9916=ORIENTED_EDGE('',*,*,#7460,.F.);
#9917=ORIENTED_EDGE('',*,*,#7461,.T.);
#9918=ORIENTED_EDGE('',*,*,#7456,.F.);
#9919=ORIENTED_EDGE('',*,*,#7459,.F.);
#9920=ORIENTED_EDGE('',*,*,#7458,.T.);
#9921=ORIENTED_EDGE('',*,*,#7462,.T.);
#9922=ORIENTED_EDGE('',*,*,#7463,.T.);
#9923=ORIENTED_EDGE('',*,*,#7464,.F.);
#9924=ORIENTED_EDGE('',*,*,#7463,.F.);
#9925=ORIENTED_EDGE('',*,*,#7465,.T.);
#9926=ORIENTED_EDGE('',*,*,#7466,.T.);
#9927=ORIENTED_EDGE('',*,*,#7467,.F.);
#9928=ORIENTED_EDGE('',*,*,#7466,.F.);
#9929=ORIENTED_EDGE('',*,*,#7467,.T.);
#9930=ORIENTED_EDGE('',*,*,#7462,.F.);
#9931=ORIENTED_EDGE('',*,*,#7465,.F.);
#9932=ORIENTED_EDGE('',*,*,#7464,.T.);
#9933=ORIENTED_EDGE('',*,*,#7468,.T.);
#9934=ORIENTED_EDGE('',*,*,#7469,.T.);
#9935=ORIENTED_EDGE('',*,*,#7470,.F.);
#9936=ORIENTED_EDGE('',*,*,#7469,.F.);
#9937=ORIENTED_EDGE('',*,*,#7471,.T.);
#9938=ORIENTED_EDGE('',*,*,#7472,.T.);
#9939=ORIENTED_EDGE('',*,*,#7473,.F.);
#9940=ORIENTED_EDGE('',*,*,#7472,.F.);
#9941=ORIENTED_EDGE('',*,*,#7473,.T.);
#9942=ORIENTED_EDGE('',*,*,#7468,.F.);
#9943=ORIENTED_EDGE('',*,*,#7471,.F.);
#9944=ORIENTED_EDGE('',*,*,#7470,.T.);
#9945=ORIENTED_EDGE('',*,*,#7474,.T.);
#9946=ORIENTED_EDGE('',*,*,#7475,.T.);
#9947=ORIENTED_EDGE('',*,*,#7476,.F.);
#9948=ORIENTED_EDGE('',*,*,#7475,.F.);
#9949=ORIENTED_EDGE('',*,*,#7477,.T.);
#9950=ORIENTED_EDGE('',*,*,#7478,.T.);
#9951=ORIENTED_EDGE('',*,*,#7479,.F.);
#9952=ORIENTED_EDGE('',*,*,#7478,.F.);
#9953=ORIENTED_EDGE('',*,*,#7479,.T.);
#9954=ORIENTED_EDGE('',*,*,#7474,.F.);
#9955=ORIENTED_EDGE('',*,*,#7477,.F.);
#9956=ORIENTED_EDGE('',*,*,#7476,.T.);
#9957=ORIENTED_EDGE('',*,*,#7480,.T.);
#9958=ORIENTED_EDGE('',*,*,#7481,.T.);
#9959=ORIENTED_EDGE('',*,*,#7482,.F.);
#9960=ORIENTED_EDGE('',*,*,#7481,.F.);
#9961=ORIENTED_EDGE('',*,*,#7483,.T.);
#9962=ORIENTED_EDGE('',*,*,#7484,.T.);
#9963=ORIENTED_EDGE('',*,*,#7485,.F.);
#9964=ORIENTED_EDGE('',*,*,#7484,.F.);
#9965=ORIENTED_EDGE('',*,*,#7485,.T.);
#9966=ORIENTED_EDGE('',*,*,#7480,.F.);
#9967=ORIENTED_EDGE('',*,*,#7483,.F.);
#9968=ORIENTED_EDGE('',*,*,#7482,.T.);
#9969=ORIENTED_EDGE('',*,*,#7486,.T.);
#9970=ORIENTED_EDGE('',*,*,#7487,.T.);
#9971=ORIENTED_EDGE('',*,*,#7488,.F.);
#9972=ORIENTED_EDGE('',*,*,#7487,.F.);
#9973=ORIENTED_EDGE('',*,*,#7489,.T.);
#9974=ORIENTED_EDGE('',*,*,#7490,.T.);
#9975=ORIENTED_EDGE('',*,*,#7491,.F.);
#9976=ORIENTED_EDGE('',*,*,#7490,.F.);
#9977=ORIENTED_EDGE('',*,*,#7491,.T.);
#9978=ORIENTED_EDGE('',*,*,#7486,.F.);
#9979=ORIENTED_EDGE('',*,*,#7489,.F.);
#9980=ORIENTED_EDGE('',*,*,#7488,.T.);
#9981=ORIENTED_EDGE('',*,*,#7492,.T.);
#9982=ORIENTED_EDGE('',*,*,#7493,.T.);
#9983=ORIENTED_EDGE('',*,*,#7494,.F.);
#9984=ORIENTED_EDGE('',*,*,#7493,.F.);
#9985=ORIENTED_EDGE('',*,*,#7495,.T.);
#9986=ORIENTED_EDGE('',*,*,#7496,.T.);
#9987=ORIENTED_EDGE('',*,*,#7497,.F.);
#9988=ORIENTED_EDGE('',*,*,#7496,.F.);
#9989=ORIENTED_EDGE('',*,*,#7497,.T.);
#9990=ORIENTED_EDGE('',*,*,#7492,.F.);
#9991=ORIENTED_EDGE('',*,*,#7495,.F.);
#9992=ORIENTED_EDGE('',*,*,#7494,.T.);
#9993=ORIENTED_EDGE('',*,*,#7498,.T.);
#9994=ORIENTED_EDGE('',*,*,#7499,.T.);
#9995=ORIENTED_EDGE('',*,*,#7500,.F.);
#9996=ORIENTED_EDGE('',*,*,#7499,.F.);
#9997=ORIENTED_EDGE('',*,*,#7501,.T.);
#9998=ORIENTED_EDGE('',*,*,#7502,.T.);
#9999=ORIENTED_EDGE('',*,*,#7503,.F.);
#10000=ORIENTED_EDGE('',*,*,#7502,.F.);
#10001=ORIENTED_EDGE('',*,*,#7503,.T.);
#10002=ORIENTED_EDGE('',*,*,#7498,.F.);
#10003=ORIENTED_EDGE('',*,*,#7501,.F.);
#10004=ORIENTED_EDGE('',*,*,#7500,.T.);
#10005=ORIENTED_EDGE('',*,*,#7504,.T.);
#10006=ORIENTED_EDGE('',*,*,#7505,.T.);
#10007=ORIENTED_EDGE('',*,*,#7506,.F.);
#10008=ORIENTED_EDGE('',*,*,#7505,.F.);
#10009=ORIENTED_EDGE('',*,*,#7506,.T.);
#10010=ORIENTED_EDGE('',*,*,#7504,.F.);
#10011=ORIENTED_EDGE('',*,*,#7507,.T.);
#10012=ORIENTED_EDGE('',*,*,#7508,.T.);
#10013=ORIENTED_EDGE('',*,*,#7509,.F.);
#10014=ORIENTED_EDGE('',*,*,#7508,.F.);
#10015=ORIENTED_EDGE('',*,*,#7509,.T.);
#10016=ORIENTED_EDGE('',*,*,#7507,.F.);
#10017=ORIENTED_EDGE('',*,*,#7510,.F.);
#10018=ORIENTED_EDGE('',*,*,#7511,.T.);
#10019=ORIENTED_EDGE('',*,*,#7512,.T.);
#10020=ORIENTED_EDGE('',*,*,#7511,.F.);
#10021=ORIENTED_EDGE('',*,*,#7513,.F.);
#10022=ORIENTED_EDGE('',*,*,#7514,.T.);
#10023=ORIENTED_EDGE('',*,*,#7515,.T.);
#10024=ORIENTED_EDGE('',*,*,#7514,.F.);
#10025=ORIENTED_EDGE('',*,*,#7515,.F.);
#10026=ORIENTED_EDGE('',*,*,#7510,.T.);
#10027=ORIENTED_EDGE('',*,*,#7513,.T.);
#10028=ORIENTED_EDGE('',*,*,#7512,.F.);
#10029=ORIENTED_EDGE('',*,*,#7516,.F.);
#10030=ORIENTED_EDGE('',*,*,#7517,.T.);
#10031=ORIENTED_EDGE('',*,*,#7518,.T.);
#10032=ORIENTED_EDGE('',*,*,#7517,.F.);
#10033=ORIENTED_EDGE('',*,*,#7519,.F.);
#10034=ORIENTED_EDGE('',*,*,#7520,.T.);
#10035=ORIENTED_EDGE('',*,*,#7521,.T.);
#10036=ORIENTED_EDGE('',*,*,#7520,.F.);
#10037=ORIENTED_EDGE('',*,*,#7521,.F.);
#10038=ORIENTED_EDGE('',*,*,#7516,.T.);
#10039=ORIENTED_EDGE('',*,*,#7519,.T.);
#10040=ORIENTED_EDGE('',*,*,#7518,.F.);
#10041=ORIENTED_EDGE('',*,*,#7522,.F.);
#10042=ORIENTED_EDGE('',*,*,#7523,.T.);
#10043=ORIENTED_EDGE('',*,*,#7524,.T.);
#10044=ORIENTED_EDGE('',*,*,#7523,.F.);
#10045=ORIENTED_EDGE('',*,*,#7525,.F.);
#10046=ORIENTED_EDGE('',*,*,#7526,.T.);
#10047=ORIENTED_EDGE('',*,*,#7527,.T.);
#10048=ORIENTED_EDGE('',*,*,#7526,.F.);
#10049=ORIENTED_EDGE('',*,*,#7527,.F.);
#10050=ORIENTED_EDGE('',*,*,#7522,.T.);
#10051=ORIENTED_EDGE('',*,*,#7525,.T.);
#10052=ORIENTED_EDGE('',*,*,#7524,.F.);
#10053=ORIENTED_EDGE('',*,*,#7528,.F.);
#10054=ORIENTED_EDGE('',*,*,#7529,.T.);
#10055=ORIENTED_EDGE('',*,*,#7530,.T.);
#10056=ORIENTED_EDGE('',*,*,#7529,.F.);
#10057=ORIENTED_EDGE('',*,*,#7531,.F.);
#10058=ORIENTED_EDGE('',*,*,#7532,.T.);
#10059=ORIENTED_EDGE('',*,*,#7533,.T.);
#10060=ORIENTED_EDGE('',*,*,#7532,.F.);
#10061=ORIENTED_EDGE('',*,*,#7533,.F.);
#10062=ORIENTED_EDGE('',*,*,#7528,.T.);
#10063=ORIENTED_EDGE('',*,*,#7531,.T.);
#10064=ORIENTED_EDGE('',*,*,#7530,.F.);
#10065=ORIENTED_EDGE('',*,*,#7534,.F.);
#10066=ORIENTED_EDGE('',*,*,#7535,.T.);
#10067=ORIENTED_EDGE('',*,*,#7536,.T.);
#10068=ORIENTED_EDGE('',*,*,#7535,.F.);
#10069=ORIENTED_EDGE('',*,*,#7537,.F.);
#10070=ORIENTED_EDGE('',*,*,#7538,.T.);
#10071=ORIENTED_EDGE('',*,*,#7539,.T.);
#10072=ORIENTED_EDGE('',*,*,#7538,.F.);
#10073=ORIENTED_EDGE('',*,*,#7539,.F.);
#10074=ORIENTED_EDGE('',*,*,#7534,.T.);
#10075=ORIENTED_EDGE('',*,*,#7537,.T.);
#10076=ORIENTED_EDGE('',*,*,#7536,.F.);
#10077=ORIENTED_EDGE('',*,*,#7540,.F.);
#10078=ORIENTED_EDGE('',*,*,#7541,.T.);
#10079=ORIENTED_EDGE('',*,*,#7542,.T.);
#10080=ORIENTED_EDGE('',*,*,#7541,.F.);
#10081=ORIENTED_EDGE('',*,*,#7543,.F.);
#10082=ORIENTED_EDGE('',*,*,#7544,.T.);
#10083=ORIENTED_EDGE('',*,*,#7545,.T.);
#10084=ORIENTED_EDGE('',*,*,#7544,.F.);
#10085=ORIENTED_EDGE('',*,*,#7545,.F.);
#10086=ORIENTED_EDGE('',*,*,#7540,.T.);
#10087=ORIENTED_EDGE('',*,*,#7543,.T.);
#10088=ORIENTED_EDGE('',*,*,#7542,.F.);
#10089=ORIENTED_EDGE('',*,*,#7546,.F.);
#10090=ORIENTED_EDGE('',*,*,#7547,.T.);
#10091=ORIENTED_EDGE('',*,*,#7548,.T.);
#10092=ORIENTED_EDGE('',*,*,#7547,.F.);
#10093=ORIENTED_EDGE('',*,*,#7549,.F.);
#10094=ORIENTED_EDGE('',*,*,#7550,.T.);
#10095=ORIENTED_EDGE('',*,*,#7551,.T.);
#10096=ORIENTED_EDGE('',*,*,#7550,.F.);
#10097=ORIENTED_EDGE('',*,*,#7551,.F.);
#10098=ORIENTED_EDGE('',*,*,#7546,.T.);
#10099=ORIENTED_EDGE('',*,*,#7549,.T.);
#10100=ORIENTED_EDGE('',*,*,#7548,.F.);
#10101=ORIENTED_EDGE('',*,*,#7552,.F.);
#10102=ORIENTED_EDGE('',*,*,#7553,.T.);
#10103=ORIENTED_EDGE('',*,*,#7554,.T.);
#10104=ORIENTED_EDGE('',*,*,#7553,.F.);
#10105=ORIENTED_EDGE('',*,*,#7555,.F.);
#10106=ORIENTED_EDGE('',*,*,#7556,.T.);
#10107=ORIENTED_EDGE('',*,*,#7557,.T.);
#10108=ORIENTED_EDGE('',*,*,#7556,.F.);
#10109=ORIENTED_EDGE('',*,*,#7557,.F.);
#10110=ORIENTED_EDGE('',*,*,#7552,.T.);
#10111=ORIENTED_EDGE('',*,*,#7555,.T.);
#10112=ORIENTED_EDGE('',*,*,#7554,.F.);
#10113=ORIENTED_EDGE('',*,*,#7558,.F.);
#10114=ORIENTED_EDGE('',*,*,#7559,.T.);
#10115=ORIENTED_EDGE('',*,*,#7560,.T.);
#10116=ORIENTED_EDGE('',*,*,#7559,.F.);
#10117=ORIENTED_EDGE('',*,*,#7561,.F.);
#10118=ORIENTED_EDGE('',*,*,#7562,.T.);
#10119=ORIENTED_EDGE('',*,*,#7563,.T.);
#10120=ORIENTED_EDGE('',*,*,#7562,.F.);
#10121=ORIENTED_EDGE('',*,*,#7563,.F.);
#10122=ORIENTED_EDGE('',*,*,#7558,.T.);
#10123=ORIENTED_EDGE('',*,*,#7561,.T.);
#10124=ORIENTED_EDGE('',*,*,#7560,.F.);
#10125=ORIENTED_EDGE('',*,*,#7564,.F.);
#10126=ORIENTED_EDGE('',*,*,#7565,.T.);
#10127=ORIENTED_EDGE('',*,*,#7566,.T.);
#10128=ORIENTED_EDGE('',*,*,#7565,.F.);
#10129=ORIENTED_EDGE('',*,*,#7567,.F.);
#10130=ORIENTED_EDGE('',*,*,#7568,.T.);
#10131=ORIENTED_EDGE('',*,*,#7569,.T.);
#10132=ORIENTED_EDGE('',*,*,#7568,.F.);
#10133=ORIENTED_EDGE('',*,*,#7569,.F.);
#10134=ORIENTED_EDGE('',*,*,#7564,.T.);
#10135=ORIENTED_EDGE('',*,*,#7567,.T.);
#10136=ORIENTED_EDGE('',*,*,#7566,.F.);
#10137=ORIENTED_EDGE('',*,*,#7570,.F.);
#10138=ORIENTED_EDGE('',*,*,#7571,.T.);
#10139=ORIENTED_EDGE('',*,*,#7572,.T.);
#10140=ORIENTED_EDGE('',*,*,#7571,.F.);
#10141=ORIENTED_EDGE('',*,*,#7573,.F.);
#10142=ORIENTED_EDGE('',*,*,#7574,.T.);
#10143=ORIENTED_EDGE('',*,*,#7575,.T.);
#10144=ORIENTED_EDGE('',*,*,#7574,.F.);
#10145=ORIENTED_EDGE('',*,*,#7575,.F.);
#10146=ORIENTED_EDGE('',*,*,#7570,.T.);
#10147=ORIENTED_EDGE('',*,*,#7573,.T.);
#10148=ORIENTED_EDGE('',*,*,#7572,.F.);
#10149=ORIENTED_EDGE('',*,*,#7576,.F.);
#10150=ORIENTED_EDGE('',*,*,#7577,.T.);
#10151=ORIENTED_EDGE('',*,*,#7578,.T.);
#10152=ORIENTED_EDGE('',*,*,#7577,.F.);
#10153=ORIENTED_EDGE('',*,*,#7579,.F.);
#10154=ORIENTED_EDGE('',*,*,#7580,.T.);
#10155=ORIENTED_EDGE('',*,*,#7581,.T.);
#10156=ORIENTED_EDGE('',*,*,#7580,.F.);
#10157=ORIENTED_EDGE('',*,*,#7581,.F.);
#10158=ORIENTED_EDGE('',*,*,#7576,.T.);
#10159=ORIENTED_EDGE('',*,*,#7579,.T.);
#10160=ORIENTED_EDGE('',*,*,#7578,.F.);
#10161=ORIENTED_EDGE('',*,*,#7582,.F.);
#10162=ORIENTED_EDGE('',*,*,#7583,.T.);
#10163=ORIENTED_EDGE('',*,*,#7584,.T.);
#10164=ORIENTED_EDGE('',*,*,#7583,.F.);
#10165=ORIENTED_EDGE('',*,*,#7585,.F.);
#10166=ORIENTED_EDGE('',*,*,#7586,.T.);
#10167=ORIENTED_EDGE('',*,*,#7587,.T.);
#10168=ORIENTED_EDGE('',*,*,#7586,.F.);
#10169=ORIENTED_EDGE('',*,*,#7587,.F.);
#10170=ORIENTED_EDGE('',*,*,#7582,.T.);
#10171=ORIENTED_EDGE('',*,*,#7585,.T.);
#10172=ORIENTED_EDGE('',*,*,#7584,.F.);
#10173=ORIENTED_EDGE('',*,*,#7588,.F.);
#10174=ORIENTED_EDGE('',*,*,#7589,.T.);
#10175=ORIENTED_EDGE('',*,*,#7590,.T.);
#10176=ORIENTED_EDGE('',*,*,#7589,.F.);
#10177=ORIENTED_EDGE('',*,*,#7591,.F.);
#10178=ORIENTED_EDGE('',*,*,#7592,.T.);
#10179=ORIENTED_EDGE('',*,*,#7593,.T.);
#10180=ORIENTED_EDGE('',*,*,#7592,.F.);
#10181=ORIENTED_EDGE('',*,*,#7593,.F.);
#10182=ORIENTED_EDGE('',*,*,#7588,.T.);
#10183=ORIENTED_EDGE('',*,*,#7591,.T.);
#10184=ORIENTED_EDGE('',*,*,#7590,.F.);
#10185=ORIENTED_EDGE('',*,*,#7594,.F.);
#10186=ORIENTED_EDGE('',*,*,#7595,.T.);
#10187=ORIENTED_EDGE('',*,*,#7596,.F.);
#10188=ORIENTED_EDGE('',*,*,#7595,.F.);
#10189=ORIENTED_EDGE('',*,*,#7597,.F.);
#10190=ORIENTED_EDGE('',*,*,#7598,.T.);
#10191=ORIENTED_EDGE('',*,*,#7594,.T.);
#10192=ORIENTED_EDGE('',*,*,#7598,.F.);
#10193=ORIENTED_EDGE('',*,*,#7599,.F.);
#10194=ORIENTED_EDGE('',*,*,#7600,.T.);
#10195=ORIENTED_EDGE('',*,*,#7601,.F.);
#10196=ORIENTED_EDGE('',*,*,#7602,.T.);
#10197=ORIENTED_EDGE('',*,*,#7603,.T.);
#10198=ORIENTED_EDGE('',*,*,#7604,.T.);
#10199=ORIENTED_EDGE('',*,*,#7605,.T.);
#10200=ORIENTED_EDGE('',*,*,#7606,.T.);
#10201=ORIENTED_EDGE('',*,*,#7607,.T.);
#10202=ORIENTED_EDGE('',*,*,#7608,.T.);
#10203=ORIENTED_EDGE('',*,*,#7609,.T.);
#10204=ORIENTED_EDGE('',*,*,#7610,.T.);
#10205=ORIENTED_EDGE('',*,*,#7611,.T.);
#10206=ORIENTED_EDGE('',*,*,#7612,.F.);
#10207=ORIENTED_EDGE('',*,*,#7613,.T.);
#10208=ORIENTED_EDGE('',*,*,#7614,.T.);
#10209=ORIENTED_EDGE('',*,*,#7615,.T.);
#10210=ORIENTED_EDGE('',*,*,#7616,.T.);
#10211=ORIENTED_EDGE('',*,*,#7617,.T.);
#10212=ORIENTED_EDGE('',*,*,#7618,.T.);
#10213=ORIENTED_EDGE('',*,*,#7619,.T.);
#10214=ORIENTED_EDGE('',*,*,#7620,.T.);
#10215=ORIENTED_EDGE('',*,*,#7621,.T.);
#10216=ORIENTED_EDGE('',*,*,#7622,.F.);
#10217=ORIENTED_EDGE('',*,*,#7623,.T.);
#10218=ORIENTED_EDGE('',*,*,#7624,.T.);
#10219=ORIENTED_EDGE('',*,*,#7625,.T.);
#10220=ORIENTED_EDGE('',*,*,#7626,.T.);
#10221=ORIENTED_EDGE('',*,*,#7596,.T.);
#10222=ORIENTED_EDGE('',*,*,#7620,.F.);
#10223=ORIENTED_EDGE('',*,*,#7627,.T.);
#10224=ORIENTED_EDGE('',*,*,#7609,.F.);
#10225=ORIENTED_EDGE('',*,*,#7628,.T.);
#10226=ORIENTED_EDGE('',*,*,#7629,.T.);
#10227=ORIENTED_EDGE('',*,*,#7630,.T.);
#10228=ORIENTED_EDGE('',*,*,#7631,.T.);
#10229=ORIENTED_EDGE('',*,*,#7632,.T.);
#10230=ORIENTED_EDGE('',*,*,#7633,.T.);
#10231=ORIENTED_EDGE('',*,*,#7634,.T.);
#10232=ORIENTED_EDGE('',*,*,#7635,.T.);
#10233=ORIENTED_EDGE('',*,*,#7636,.T.);
#10234=ORIENTED_EDGE('',*,*,#7637,.T.);
#10235=ORIENTED_EDGE('',*,*,#7638,.T.);
#10236=ORIENTED_EDGE('',*,*,#7639,.T.);
#10237=ORIENTED_EDGE('',*,*,#7640,.T.);
#10238=ORIENTED_EDGE('',*,*,#7597,.T.);
#10239=ORIENTED_EDGE('',*,*,#7641,.F.);
#10240=ORIENTED_EDGE('',*,*,#7628,.F.);
#10241=ORIENTED_EDGE('',*,*,#7642,.F.);
#10242=ORIENTED_EDGE('',*,*,#7606,.F.);
#10243=ORIENTED_EDGE('',*,*,#7643,.F.);
#10244=ORIENTED_EDGE('',*,*,#7603,.F.);
#10245=ORIENTED_EDGE('',*,*,#7644,.F.);
#10246=ORIENTED_EDGE('',*,*,#7626,.F.);
#10247=ORIENTED_EDGE('',*,*,#7642,.T.);
#10248=ORIENTED_EDGE('',*,*,#7613,.F.);
#10249=ORIENTED_EDGE('',*,*,#7645,.F.);
#10250=ORIENTED_EDGE('',*,*,#7607,.F.);
#10251=ORIENTED_EDGE('',*,*,#7646,.F.);
#10252=ORIENTED_EDGE('',*,*,#7608,.F.);
#10253=ORIENTED_EDGE('',*,*,#7647,.F.);
#10254=ORIENTED_EDGE('',*,*,#7600,.F.);
#10255=ORIENTED_EDGE('',*,*,#7641,.T.);
#10256=ORIENTED_EDGE('',*,*,#7605,.F.);
#10257=ORIENTED_EDGE('',*,*,#7648,.F.);
#10258=ORIENTED_EDGE('',*,*,#7621,.F.);
#10259=ORIENTED_EDGE('',*,*,#7647,.T.);
#10260=ORIENTED_EDGE('',*,*,#7645,.T.);
#10261=ORIENTED_EDGE('',*,*,#7649,.F.);
#10262=ORIENTED_EDGE('',*,*,#7650,.F.);
#10263=ORIENTED_EDGE('',*,*,#7644,.T.);
#10264=ORIENTED_EDGE('',*,*,#7651,.F.);
#10265=ORIENTED_EDGE('',*,*,#7652,.F.);
#10266=ORIENTED_EDGE('',*,*,#7643,.T.);
#10267=ORIENTED_EDGE('',*,*,#7653,.F.);
#10268=ORIENTED_EDGE('',*,*,#7648,.T.);
#10269=ORIENTED_EDGE('',*,*,#7646,.T.);
#10270=ORIENTED_EDGE('',*,*,#7654,.F.);
#10271=ORIENTED_EDGE('',*,*,#7649,.T.);
#10272=ORIENTED_EDGE('',*,*,#7612,.T.);
#10273=ORIENTED_EDGE('',*,*,#7655,.F.);
#10274=ORIENTED_EDGE('',*,*,#7601,.T.);
#10275=ORIENTED_EDGE('',*,*,#7651,.T.);
#10276=ORIENTED_EDGE('',*,*,#7602,.F.);
#10277=ORIENTED_EDGE('',*,*,#7656,.F.);
#10278=ORIENTED_EDGE('',*,*,#7632,.F.);
#10279=ORIENTED_EDGE('',*,*,#7650,.T.);
#10280=ORIENTED_EDGE('',*,*,#7631,.F.);
#10281=ORIENTED_EDGE('',*,*,#7657,.F.);
#10282=ORIENTED_EDGE('',*,*,#7623,.F.);
#10283=ORIENTED_EDGE('',*,*,#7658,.F.);
#10284=ORIENTED_EDGE('',*,*,#7624,.F.);
#10285=ORIENTED_EDGE('',*,*,#7659,.F.);
#10286=ORIENTED_EDGE('',*,*,#7636,.F.);
#10287=ORIENTED_EDGE('',*,*,#7653,.T.);
#10288=ORIENTED_EDGE('',*,*,#7625,.F.);
#10289=ORIENTED_EDGE('',*,*,#7660,.F.);
#10290=ORIENTED_EDGE('',*,*,#7640,.F.);
#10291=ORIENTED_EDGE('',*,*,#7652,.T.);
#10292=ORIENTED_EDGE('',*,*,#7639,.F.);
#10293=ORIENTED_EDGE('',*,*,#7661,.F.);
#10294=ORIENTED_EDGE('',*,*,#7604,.F.);
#10295=ORIENTED_EDGE('',*,*,#7654,.T.);
#10296=ORIENTED_EDGE('',*,*,#7599,.T.);
#10297=ORIENTED_EDGE('',*,*,#7662,.F.);
#10298=ORIENTED_EDGE('',*,*,#7622,.T.);
#10299=ORIENTED_EDGE('',*,*,#7656,.T.);
#10300=ORIENTED_EDGE('',*,*,#7655,.T.);
#10301=ORIENTED_EDGE('',*,*,#7663,.F.);
#10302=ORIENTED_EDGE('',*,*,#7659,.T.);
#10303=ORIENTED_EDGE('',*,*,#7657,.T.);
#10304=ORIENTED_EDGE('',*,*,#7664,.F.);
#10305=ORIENTED_EDGE('',*,*,#7660,.T.);
#10306=ORIENTED_EDGE('',*,*,#7658,.T.);
#10307=ORIENTED_EDGE('',*,*,#7665,.F.);
#10308=ORIENTED_EDGE('',*,*,#7662,.T.);
#10309=ORIENTED_EDGE('',*,*,#7661,.T.);
#10310=ORIENTED_EDGE('',*,*,#7666,.F.);
#10311=ORIENTED_EDGE('',*,*,#7663,.T.);
#10312=ORIENTED_EDGE('',*,*,#7611,.F.);
#10313=ORIENTED_EDGE('',*,*,#7667,.F.);
#10314=ORIENTED_EDGE('',*,*,#7629,.F.);
#10315=ORIENTED_EDGE('',*,*,#7664,.T.);
#10316=ORIENTED_EDGE('',*,*,#7630,.F.);
#10317=ORIENTED_EDGE('',*,*,#7668,.F.);
#10318=ORIENTED_EDGE('',*,*,#7633,.F.);
#10319=ORIENTED_EDGE('',*,*,#7669,.F.);
#10320=ORIENTED_EDGE('',*,*,#7634,.F.);
#10321=ORIENTED_EDGE('',*,*,#7670,.F.);
#10322=ORIENTED_EDGE('',*,*,#7617,.F.);
#10323=ORIENTED_EDGE('',*,*,#7665,.T.);
#10324=ORIENTED_EDGE('',*,*,#7635,.F.);
#10325=ORIENTED_EDGE('',*,*,#7671,.F.);
#10326=ORIENTED_EDGE('',*,*,#7637,.F.);
#10327=ORIENTED_EDGE('',*,*,#7666,.T.);
#10328=ORIENTED_EDGE('',*,*,#7638,.F.);
#10329=ORIENTED_EDGE('',*,*,#7672,.F.);
#10330=ORIENTED_EDGE('',*,*,#7618,.F.);
#10331=ORIENTED_EDGE('',*,*,#7668,.T.);
#10332=ORIENTED_EDGE('',*,*,#7667,.T.);
#10333=ORIENTED_EDGE('',*,*,#7673,.F.);
#10334=ORIENTED_EDGE('',*,*,#7670,.T.);
#10335=ORIENTED_EDGE('',*,*,#7671,.T.);
#10336=ORIENTED_EDGE('',*,*,#7669,.T.);
#10337=ORIENTED_EDGE('',*,*,#7674,.F.);
#10338=ORIENTED_EDGE('',*,*,#7672,.T.);
#10339=ORIENTED_EDGE('',*,*,#7673,.T.);
#10340=ORIENTED_EDGE('',*,*,#7610,.F.);
#10341=ORIENTED_EDGE('',*,*,#7675,.F.);
#10342=ORIENTED_EDGE('',*,*,#7614,.F.);
#10343=ORIENTED_EDGE('',*,*,#7674,.T.);
#10344=ORIENTED_EDGE('',*,*,#7616,.F.);
#10345=ORIENTED_EDGE('',*,*,#7676,.F.);
#10346=ORIENTED_EDGE('',*,*,#7619,.F.);
#10347=ORIENTED_EDGE('',*,*,#7675,.T.);
#10348=ORIENTED_EDGE('',*,*,#7627,.F.);
#10349=ORIENTED_EDGE('',*,*,#7676,.T.);
#10350=ORIENTED_EDGE('',*,*,#7615,.F.);
#10351=ORIENTED_EDGE('',*,*,#7677,.F.);
#10352=ORIENTED_EDGE('',*,*,#7678,.T.);
#10353=ORIENTED_EDGE('',*,*,#7679,.F.);
#10354=ORIENTED_EDGE('',*,*,#7680,.F.);
#10355=ORIENTED_EDGE('',*,*,#7681,.F.);
#10356=ORIENTED_EDGE('',*,*,#7680,.T.);
#10357=ORIENTED_EDGE('',*,*,#7682,.F.);
#10358=ORIENTED_EDGE('',*,*,#7683,.F.);
#10359=ORIENTED_EDGE('',*,*,#7684,.F.);
#10360=ORIENTED_EDGE('',*,*,#7683,.T.);
#10361=ORIENTED_EDGE('',*,*,#7685,.F.);
#10362=ORIENTED_EDGE('',*,*,#7686,.F.);
#10363=ORIENTED_EDGE('',*,*,#7687,.F.);
#10364=ORIENTED_EDGE('',*,*,#7686,.T.);
#10365=ORIENTED_EDGE('',*,*,#7688,.F.);
#10366=ORIENTED_EDGE('',*,*,#7678,.F.);
#10367=ORIENTED_EDGE('',*,*,#7679,.T.);
#10368=ORIENTED_EDGE('',*,*,#7688,.T.);
#10369=ORIENTED_EDGE('',*,*,#7685,.T.);
#10370=ORIENTED_EDGE('',*,*,#7682,.T.);
#10371=ORIENTED_EDGE('',*,*,#7677,.T.);
#10372=ORIENTED_EDGE('',*,*,#7681,.T.);
#10373=ORIENTED_EDGE('',*,*,#7684,.T.);
#10374=ORIENTED_EDGE('',*,*,#7687,.T.);
#10375=ORIENTED_EDGE('',*,*,#7689,.F.);
#10376=ORIENTED_EDGE('',*,*,#7690,.T.);
#10377=ORIENTED_EDGE('',*,*,#7691,.F.);
#10378=ORIENTED_EDGE('',*,*,#7692,.F.);
#10379=ORIENTED_EDGE('',*,*,#7693,.F.);
#10380=ORIENTED_EDGE('',*,*,#7692,.T.);
#10381=ORIENTED_EDGE('',*,*,#7694,.F.);
#10382=ORIENTED_EDGE('',*,*,#7695,.F.);
#10383=ORIENTED_EDGE('',*,*,#7696,.F.);
#10384=ORIENTED_EDGE('',*,*,#7695,.T.);
#10385=ORIENTED_EDGE('',*,*,#7697,.F.);
#10386=ORIENTED_EDGE('',*,*,#7698,.F.);
#10387=ORIENTED_EDGE('',*,*,#7699,.F.);
#10388=ORIENTED_EDGE('',*,*,#7698,.T.);
#10389=ORIENTED_EDGE('',*,*,#7700,.F.);
#10390=ORIENTED_EDGE('',*,*,#7690,.F.);
#10391=ORIENTED_EDGE('',*,*,#7691,.T.);
#10392=ORIENTED_EDGE('',*,*,#7700,.T.);
#10393=ORIENTED_EDGE('',*,*,#7697,.T.);
#10394=ORIENTED_EDGE('',*,*,#7694,.T.);
#10395=ORIENTED_EDGE('',*,*,#7689,.T.);
#10396=ORIENTED_EDGE('',*,*,#7693,.T.);
#10397=ORIENTED_EDGE('',*,*,#7696,.T.);
#10398=ORIENTED_EDGE('',*,*,#7699,.T.);
#10399=ORIENTED_EDGE('',*,*,#7701,.F.);
#10400=ORIENTED_EDGE('',*,*,#7702,.T.);
#10401=ORIENTED_EDGE('',*,*,#7703,.F.);
#10402=ORIENTED_EDGE('',*,*,#7704,.F.);
#10403=ORIENTED_EDGE('',*,*,#7705,.F.);
#10404=ORIENTED_EDGE('',*,*,#7704,.T.);
#10405=ORIENTED_EDGE('',*,*,#7706,.F.);
#10406=ORIENTED_EDGE('',*,*,#7707,.F.);
#10407=ORIENTED_EDGE('',*,*,#7708,.F.);
#10408=ORIENTED_EDGE('',*,*,#7707,.T.);
#10409=ORIENTED_EDGE('',*,*,#7709,.F.);
#10410=ORIENTED_EDGE('',*,*,#7710,.F.);
#10411=ORIENTED_EDGE('',*,*,#7711,.F.);
#10412=ORIENTED_EDGE('',*,*,#7710,.T.);
#10413=ORIENTED_EDGE('',*,*,#7712,.F.);
#10414=ORIENTED_EDGE('',*,*,#7702,.F.);
#10415=ORIENTED_EDGE('',*,*,#7703,.T.);
#10416=ORIENTED_EDGE('',*,*,#7712,.T.);
#10417=ORIENTED_EDGE('',*,*,#7709,.T.);
#10418=ORIENTED_EDGE('',*,*,#7706,.T.);
#10419=ORIENTED_EDGE('',*,*,#7701,.T.);
#10420=ORIENTED_EDGE('',*,*,#7705,.T.);
#10421=ORIENTED_EDGE('',*,*,#7708,.T.);
#10422=ORIENTED_EDGE('',*,*,#7711,.T.);
#10423=ORIENTED_EDGE('',*,*,#7713,.F.);
#10424=ORIENTED_EDGE('',*,*,#7714,.T.);
#10425=ORIENTED_EDGE('',*,*,#7715,.F.);
#10426=ORIENTED_EDGE('',*,*,#7716,.F.);
#10427=ORIENTED_EDGE('',*,*,#7717,.F.);
#10428=ORIENTED_EDGE('',*,*,#7716,.T.);
#10429=ORIENTED_EDGE('',*,*,#7718,.F.);
#10430=ORIENTED_EDGE('',*,*,#7719,.F.);
#10431=ORIENTED_EDGE('',*,*,#7720,.F.);
#10432=ORIENTED_EDGE('',*,*,#7719,.T.);
#10433=ORIENTED_EDGE('',*,*,#7721,.F.);
#10434=ORIENTED_EDGE('',*,*,#7722,.F.);
#10435=ORIENTED_EDGE('',*,*,#7723,.F.);
#10436=ORIENTED_EDGE('',*,*,#7722,.T.);
#10437=ORIENTED_EDGE('',*,*,#7724,.F.);
#10438=ORIENTED_EDGE('',*,*,#7714,.F.);
#10439=ORIENTED_EDGE('',*,*,#7715,.T.);
#10440=ORIENTED_EDGE('',*,*,#7724,.T.);
#10441=ORIENTED_EDGE('',*,*,#7721,.T.);
#10442=ORIENTED_EDGE('',*,*,#7718,.T.);
#10443=ORIENTED_EDGE('',*,*,#7713,.T.);
#10444=ORIENTED_EDGE('',*,*,#7717,.T.);
#10445=ORIENTED_EDGE('',*,*,#7720,.T.);
#10446=ORIENTED_EDGE('',*,*,#7723,.T.);
#10447=ORIENTED_EDGE('',*,*,#7725,.F.);
#10448=ORIENTED_EDGE('',*,*,#7726,.T.);
#10449=ORIENTED_EDGE('',*,*,#7727,.F.);
#10450=ORIENTED_EDGE('',*,*,#7728,.F.);
#10451=ORIENTED_EDGE('',*,*,#7729,.F.);
#10452=ORIENTED_EDGE('',*,*,#7728,.T.);
#10453=ORIENTED_EDGE('',*,*,#7730,.F.);
#10454=ORIENTED_EDGE('',*,*,#7731,.F.);
#10455=ORIENTED_EDGE('',*,*,#7732,.F.);
#10456=ORIENTED_EDGE('',*,*,#7731,.T.);
#10457=ORIENTED_EDGE('',*,*,#7733,.F.);
#10458=ORIENTED_EDGE('',*,*,#7734,.F.);
#10459=ORIENTED_EDGE('',*,*,#7735,.F.);
#10460=ORIENTED_EDGE('',*,*,#7734,.T.);
#10461=ORIENTED_EDGE('',*,*,#7736,.F.);
#10462=ORIENTED_EDGE('',*,*,#7726,.F.);
#10463=ORIENTED_EDGE('',*,*,#7727,.T.);
#10464=ORIENTED_EDGE('',*,*,#7736,.T.);
#10465=ORIENTED_EDGE('',*,*,#7733,.T.);
#10466=ORIENTED_EDGE('',*,*,#7730,.T.);
#10467=ORIENTED_EDGE('',*,*,#7725,.T.);
#10468=ORIENTED_EDGE('',*,*,#7729,.T.);
#10469=ORIENTED_EDGE('',*,*,#7732,.T.);
#10470=ORIENTED_EDGE('',*,*,#7735,.T.);
#10471=ORIENTED_EDGE('',*,*,#7737,.F.);
#10472=ORIENTED_EDGE('',*,*,#7738,.T.);
#10473=ORIENTED_EDGE('',*,*,#7739,.F.);
#10474=ORIENTED_EDGE('',*,*,#7740,.F.);
#10475=ORIENTED_EDGE('',*,*,#7741,.F.);
#10476=ORIENTED_EDGE('',*,*,#7740,.T.);
#10477=ORIENTED_EDGE('',*,*,#7742,.F.);
#10478=ORIENTED_EDGE('',*,*,#7743,.F.);
#10479=ORIENTED_EDGE('',*,*,#7744,.F.);
#10480=ORIENTED_EDGE('',*,*,#7743,.T.);
#10481=ORIENTED_EDGE('',*,*,#7745,.F.);
#10482=ORIENTED_EDGE('',*,*,#7746,.F.);
#10483=ORIENTED_EDGE('',*,*,#7747,.F.);
#10484=ORIENTED_EDGE('',*,*,#7746,.T.);
#10485=ORIENTED_EDGE('',*,*,#7748,.F.);
#10486=ORIENTED_EDGE('',*,*,#7738,.F.);
#10487=ORIENTED_EDGE('',*,*,#7739,.T.);
#10488=ORIENTED_EDGE('',*,*,#7748,.T.);
#10489=ORIENTED_EDGE('',*,*,#7745,.T.);
#10490=ORIENTED_EDGE('',*,*,#7742,.T.);
#10491=ORIENTED_EDGE('',*,*,#7737,.T.);
#10492=ORIENTED_EDGE('',*,*,#7741,.T.);
#10493=ORIENTED_EDGE('',*,*,#7744,.T.);
#10494=ORIENTED_EDGE('',*,*,#7747,.T.);
#10495=ORIENTED_EDGE('',*,*,#7749,.F.);
#10496=ORIENTED_EDGE('',*,*,#7750,.T.);
#10497=ORIENTED_EDGE('',*,*,#7751,.F.);
#10498=ORIENTED_EDGE('',*,*,#7752,.F.);
#10499=ORIENTED_EDGE('',*,*,#7753,.F.);
#10500=ORIENTED_EDGE('',*,*,#7752,.T.);
#10501=ORIENTED_EDGE('',*,*,#7754,.F.);
#10502=ORIENTED_EDGE('',*,*,#7755,.F.);
#10503=ORIENTED_EDGE('',*,*,#7756,.F.);
#10504=ORIENTED_EDGE('',*,*,#7755,.T.);
#10505=ORIENTED_EDGE('',*,*,#7757,.F.);
#10506=ORIENTED_EDGE('',*,*,#7758,.F.);
#10507=ORIENTED_EDGE('',*,*,#7759,.F.);
#10508=ORIENTED_EDGE('',*,*,#7758,.T.);
#10509=ORIENTED_EDGE('',*,*,#7760,.F.);
#10510=ORIENTED_EDGE('',*,*,#7750,.F.);
#10511=ORIENTED_EDGE('',*,*,#7751,.T.);
#10512=ORIENTED_EDGE('',*,*,#7760,.T.);
#10513=ORIENTED_EDGE('',*,*,#7757,.T.);
#10514=ORIENTED_EDGE('',*,*,#7754,.T.);
#10515=ORIENTED_EDGE('',*,*,#7749,.T.);
#10516=ORIENTED_EDGE('',*,*,#7753,.T.);
#10517=ORIENTED_EDGE('',*,*,#7756,.T.);
#10518=ORIENTED_EDGE('',*,*,#7759,.T.);
#10519=ORIENTED_EDGE('',*,*,#7761,.F.);
#10520=ORIENTED_EDGE('',*,*,#7762,.T.);
#10521=ORIENTED_EDGE('',*,*,#7763,.F.);
#10522=ORIENTED_EDGE('',*,*,#7764,.F.);
#10523=ORIENTED_EDGE('',*,*,#7765,.F.);
#10524=ORIENTED_EDGE('',*,*,#7764,.T.);
#10525=ORIENTED_EDGE('',*,*,#7766,.F.);
#10526=ORIENTED_EDGE('',*,*,#7767,.F.);
#10527=ORIENTED_EDGE('',*,*,#7768,.F.);
#10528=ORIENTED_EDGE('',*,*,#7767,.T.);
#10529=ORIENTED_EDGE('',*,*,#7769,.F.);
#10530=ORIENTED_EDGE('',*,*,#7770,.F.);
#10531=ORIENTED_EDGE('',*,*,#7771,.F.);
#10532=ORIENTED_EDGE('',*,*,#7770,.T.);
#10533=ORIENTED_EDGE('',*,*,#7772,.F.);
#10534=ORIENTED_EDGE('',*,*,#7762,.F.);
#10535=ORIENTED_EDGE('',*,*,#7763,.T.);
#10536=ORIENTED_EDGE('',*,*,#7772,.T.);
#10537=ORIENTED_EDGE('',*,*,#7769,.T.);
#10538=ORIENTED_EDGE('',*,*,#7766,.T.);
#10539=ORIENTED_EDGE('',*,*,#7761,.T.);
#10540=ORIENTED_EDGE('',*,*,#7765,.T.);
#10541=ORIENTED_EDGE('',*,*,#7768,.T.);
#10542=ORIENTED_EDGE('',*,*,#7771,.T.);
#10543=ORIENTED_EDGE('',*,*,#7773,.F.);
#10544=ORIENTED_EDGE('',*,*,#7774,.T.);
#10545=ORIENTED_EDGE('',*,*,#7775,.F.);
#10546=ORIENTED_EDGE('',*,*,#7776,.F.);
#10547=ORIENTED_EDGE('',*,*,#7777,.F.);
#10548=ORIENTED_EDGE('',*,*,#7776,.T.);
#10549=ORIENTED_EDGE('',*,*,#7778,.F.);
#10550=ORIENTED_EDGE('',*,*,#7779,.F.);
#10551=ORIENTED_EDGE('',*,*,#7780,.F.);
#10552=ORIENTED_EDGE('',*,*,#7779,.T.);
#10553=ORIENTED_EDGE('',*,*,#7781,.F.);
#10554=ORIENTED_EDGE('',*,*,#7782,.F.);
#10555=ORIENTED_EDGE('',*,*,#7783,.F.);
#10556=ORIENTED_EDGE('',*,*,#7782,.T.);
#10557=ORIENTED_EDGE('',*,*,#7784,.F.);
#10558=ORIENTED_EDGE('',*,*,#7774,.F.);
#10559=ORIENTED_EDGE('',*,*,#7775,.T.);
#10560=ORIENTED_EDGE('',*,*,#7784,.T.);
#10561=ORIENTED_EDGE('',*,*,#7781,.T.);
#10562=ORIENTED_EDGE('',*,*,#7778,.T.);
#10563=ORIENTED_EDGE('',*,*,#7773,.T.);
#10564=ORIENTED_EDGE('',*,*,#7777,.T.);
#10565=ORIENTED_EDGE('',*,*,#7780,.T.);
#10566=ORIENTED_EDGE('',*,*,#7783,.T.);
#10567=ORIENTED_EDGE('',*,*,#7785,.F.);
#10568=ORIENTED_EDGE('',*,*,#7786,.T.);
#10569=ORIENTED_EDGE('',*,*,#7787,.F.);
#10570=ORIENTED_EDGE('',*,*,#7788,.F.);
#10571=ORIENTED_EDGE('',*,*,#7789,.F.);
#10572=ORIENTED_EDGE('',*,*,#7788,.T.);
#10573=ORIENTED_EDGE('',*,*,#7790,.F.);
#10574=ORIENTED_EDGE('',*,*,#7791,.F.);
#10575=ORIENTED_EDGE('',*,*,#7792,.F.);
#10576=ORIENTED_EDGE('',*,*,#7791,.T.);
#10577=ORIENTED_EDGE('',*,*,#7793,.F.);
#10578=ORIENTED_EDGE('',*,*,#7794,.F.);
#10579=ORIENTED_EDGE('',*,*,#7795,.F.);
#10580=ORIENTED_EDGE('',*,*,#7794,.T.);
#10581=ORIENTED_EDGE('',*,*,#7796,.F.);
#10582=ORIENTED_EDGE('',*,*,#7786,.F.);
#10583=ORIENTED_EDGE('',*,*,#7787,.T.);
#10584=ORIENTED_EDGE('',*,*,#7796,.T.);
#10585=ORIENTED_EDGE('',*,*,#7793,.T.);
#10586=ORIENTED_EDGE('',*,*,#7790,.T.);
#10587=ORIENTED_EDGE('',*,*,#7785,.T.);
#10588=ORIENTED_EDGE('',*,*,#7789,.T.);
#10589=ORIENTED_EDGE('',*,*,#7792,.T.);
#10590=ORIENTED_EDGE('',*,*,#7795,.T.);
#10591=ORIENTED_EDGE('',*,*,#7797,.F.);
#10592=ORIENTED_EDGE('',*,*,#7798,.T.);
#10593=ORIENTED_EDGE('',*,*,#7799,.F.);
#10594=ORIENTED_EDGE('',*,*,#7800,.F.);
#10595=ORIENTED_EDGE('',*,*,#7801,.F.);
#10596=ORIENTED_EDGE('',*,*,#7800,.T.);
#10597=ORIENTED_EDGE('',*,*,#7802,.F.);
#10598=ORIENTED_EDGE('',*,*,#7803,.F.);
#10599=ORIENTED_EDGE('',*,*,#7804,.F.);
#10600=ORIENTED_EDGE('',*,*,#7803,.T.);
#10601=ORIENTED_EDGE('',*,*,#7805,.F.);
#10602=ORIENTED_EDGE('',*,*,#7806,.F.);
#10603=ORIENTED_EDGE('',*,*,#7807,.F.);
#10604=ORIENTED_EDGE('',*,*,#7806,.T.);
#10605=ORIENTED_EDGE('',*,*,#7808,.F.);
#10606=ORIENTED_EDGE('',*,*,#7798,.F.);
#10607=ORIENTED_EDGE('',*,*,#7799,.T.);
#10608=ORIENTED_EDGE('',*,*,#7808,.T.);
#10609=ORIENTED_EDGE('',*,*,#7805,.T.);
#10610=ORIENTED_EDGE('',*,*,#7802,.T.);
#10611=ORIENTED_EDGE('',*,*,#7797,.T.);
#10612=ORIENTED_EDGE('',*,*,#7801,.T.);
#10613=ORIENTED_EDGE('',*,*,#7804,.T.);
#10614=ORIENTED_EDGE('',*,*,#7807,.T.);
#10615=ORIENTED_EDGE('',*,*,#7809,.F.);
#10616=ORIENTED_EDGE('',*,*,#7810,.T.);
#10617=ORIENTED_EDGE('',*,*,#7811,.F.);
#10618=ORIENTED_EDGE('',*,*,#7812,.F.);
#10619=ORIENTED_EDGE('',*,*,#7813,.F.);
#10620=ORIENTED_EDGE('',*,*,#7812,.T.);
#10621=ORIENTED_EDGE('',*,*,#7814,.F.);
#10622=ORIENTED_EDGE('',*,*,#7815,.F.);
#10623=ORIENTED_EDGE('',*,*,#7816,.F.);
#10624=ORIENTED_EDGE('',*,*,#7815,.T.);
#10625=ORIENTED_EDGE('',*,*,#7817,.F.);
#10626=ORIENTED_EDGE('',*,*,#7818,.F.);
#10627=ORIENTED_EDGE('',*,*,#7819,.F.);
#10628=ORIENTED_EDGE('',*,*,#7818,.T.);
#10629=ORIENTED_EDGE('',*,*,#7820,.F.);
#10630=ORIENTED_EDGE('',*,*,#7810,.F.);
#10631=ORIENTED_EDGE('',*,*,#7811,.T.);
#10632=ORIENTED_EDGE('',*,*,#7820,.T.);
#10633=ORIENTED_EDGE('',*,*,#7817,.T.);
#10634=ORIENTED_EDGE('',*,*,#7814,.T.);
#10635=ORIENTED_EDGE('',*,*,#7809,.T.);
#10636=ORIENTED_EDGE('',*,*,#7813,.T.);
#10637=ORIENTED_EDGE('',*,*,#7816,.T.);
#10638=ORIENTED_EDGE('',*,*,#7819,.T.);
#10639=ORIENTED_EDGE('',*,*,#7821,.F.);
#10640=ORIENTED_EDGE('',*,*,#7822,.T.);
#10641=ORIENTED_EDGE('',*,*,#7823,.F.);
#10642=ORIENTED_EDGE('',*,*,#7824,.F.);
#10643=ORIENTED_EDGE('',*,*,#7825,.F.);
#10644=ORIENTED_EDGE('',*,*,#7824,.T.);
#10645=ORIENTED_EDGE('',*,*,#7826,.F.);
#10646=ORIENTED_EDGE('',*,*,#7827,.F.);
#10647=ORIENTED_EDGE('',*,*,#7828,.F.);
#10648=ORIENTED_EDGE('',*,*,#7827,.T.);
#10649=ORIENTED_EDGE('',*,*,#7829,.F.);
#10650=ORIENTED_EDGE('',*,*,#7830,.F.);
#10651=ORIENTED_EDGE('',*,*,#7831,.F.);
#10652=ORIENTED_EDGE('',*,*,#7830,.T.);
#10653=ORIENTED_EDGE('',*,*,#7832,.F.);
#10654=ORIENTED_EDGE('',*,*,#7822,.F.);
#10655=ORIENTED_EDGE('',*,*,#7823,.T.);
#10656=ORIENTED_EDGE('',*,*,#7832,.T.);
#10657=ORIENTED_EDGE('',*,*,#7829,.T.);
#10658=ORIENTED_EDGE('',*,*,#7826,.T.);
#10659=ORIENTED_EDGE('',*,*,#7821,.T.);
#10660=ORIENTED_EDGE('',*,*,#7825,.T.);
#10661=ORIENTED_EDGE('',*,*,#7828,.T.);
#10662=ORIENTED_EDGE('',*,*,#7831,.T.);
#10663=ORIENTED_EDGE('',*,*,#7833,.F.);
#10664=ORIENTED_EDGE('',*,*,#7834,.T.);
#10665=ORIENTED_EDGE('',*,*,#7835,.F.);
#10666=ORIENTED_EDGE('',*,*,#7836,.F.);
#10667=ORIENTED_EDGE('',*,*,#7837,.F.);
#10668=ORIENTED_EDGE('',*,*,#7836,.T.);
#10669=ORIENTED_EDGE('',*,*,#7838,.F.);
#10670=ORIENTED_EDGE('',*,*,#7839,.F.);
#10671=ORIENTED_EDGE('',*,*,#7840,.F.);
#10672=ORIENTED_EDGE('',*,*,#7839,.T.);
#10673=ORIENTED_EDGE('',*,*,#7841,.F.);
#10674=ORIENTED_EDGE('',*,*,#7842,.F.);
#10675=ORIENTED_EDGE('',*,*,#7843,.F.);
#10676=ORIENTED_EDGE('',*,*,#7842,.T.);
#10677=ORIENTED_EDGE('',*,*,#7844,.F.);
#10678=ORIENTED_EDGE('',*,*,#7834,.F.);
#10679=ORIENTED_EDGE('',*,*,#7835,.T.);
#10680=ORIENTED_EDGE('',*,*,#7844,.T.);
#10681=ORIENTED_EDGE('',*,*,#7841,.T.);
#10682=ORIENTED_EDGE('',*,*,#7838,.T.);
#10683=ORIENTED_EDGE('',*,*,#7833,.T.);
#10684=ORIENTED_EDGE('',*,*,#7837,.T.);
#10685=ORIENTED_EDGE('',*,*,#7840,.T.);
#10686=ORIENTED_EDGE('',*,*,#7843,.T.);
#10687=ORIENTED_EDGE('',*,*,#7845,.F.);
#10688=ORIENTED_EDGE('',*,*,#7846,.T.);
#10689=ORIENTED_EDGE('',*,*,#7847,.F.);
#10690=ORIENTED_EDGE('',*,*,#7848,.F.);
#10691=ORIENTED_EDGE('',*,*,#7849,.F.);
#10692=ORIENTED_EDGE('',*,*,#7848,.T.);
#10693=ORIENTED_EDGE('',*,*,#7850,.F.);
#10694=ORIENTED_EDGE('',*,*,#7851,.F.);
#10695=ORIENTED_EDGE('',*,*,#7852,.F.);
#10696=ORIENTED_EDGE('',*,*,#7851,.T.);
#10697=ORIENTED_EDGE('',*,*,#7853,.F.);
#10698=ORIENTED_EDGE('',*,*,#7854,.F.);
#10699=ORIENTED_EDGE('',*,*,#7855,.F.);
#10700=ORIENTED_EDGE('',*,*,#7854,.T.);
#10701=ORIENTED_EDGE('',*,*,#7856,.F.);
#10702=ORIENTED_EDGE('',*,*,#7846,.F.);
#10703=ORIENTED_EDGE('',*,*,#7847,.T.);
#10704=ORIENTED_EDGE('',*,*,#7856,.T.);
#10705=ORIENTED_EDGE('',*,*,#7853,.T.);
#10706=ORIENTED_EDGE('',*,*,#7850,.T.);
#10707=ORIENTED_EDGE('',*,*,#7845,.T.);
#10708=ORIENTED_EDGE('',*,*,#7849,.T.);
#10709=ORIENTED_EDGE('',*,*,#7852,.T.);
#10710=ORIENTED_EDGE('',*,*,#7855,.T.);
#10711=ORIENTED_EDGE('',*,*,#7857,.F.);
#10712=ORIENTED_EDGE('',*,*,#7858,.T.);
#10713=ORIENTED_EDGE('',*,*,#7859,.F.);
#10714=ORIENTED_EDGE('',*,*,#7860,.F.);
#10715=ORIENTED_EDGE('',*,*,#7861,.F.);
#10716=ORIENTED_EDGE('',*,*,#7860,.T.);
#10717=ORIENTED_EDGE('',*,*,#7862,.F.);
#10718=ORIENTED_EDGE('',*,*,#7863,.F.);
#10719=ORIENTED_EDGE('',*,*,#7864,.F.);
#10720=ORIENTED_EDGE('',*,*,#7863,.T.);
#10721=ORIENTED_EDGE('',*,*,#7865,.F.);
#10722=ORIENTED_EDGE('',*,*,#7866,.F.);
#10723=ORIENTED_EDGE('',*,*,#7867,.F.);
#10724=ORIENTED_EDGE('',*,*,#7866,.T.);
#10725=ORIENTED_EDGE('',*,*,#7868,.F.);
#10726=ORIENTED_EDGE('',*,*,#7858,.F.);
#10727=ORIENTED_EDGE('',*,*,#7859,.T.);
#10728=ORIENTED_EDGE('',*,*,#7868,.T.);
#10729=ORIENTED_EDGE('',*,*,#7865,.T.);
#10730=ORIENTED_EDGE('',*,*,#7862,.T.);
#10731=ORIENTED_EDGE('',*,*,#7857,.T.);
#10732=ORIENTED_EDGE('',*,*,#7861,.T.);
#10733=ORIENTED_EDGE('',*,*,#7864,.T.);
#10734=ORIENTED_EDGE('',*,*,#7867,.T.);
#10735=ORIENTED_EDGE('',*,*,#7869,.F.);
#10736=ORIENTED_EDGE('',*,*,#7870,.T.);
#10737=ORIENTED_EDGE('',*,*,#7871,.F.);
#10738=ORIENTED_EDGE('',*,*,#7872,.F.);
#10739=ORIENTED_EDGE('',*,*,#7873,.F.);
#10740=ORIENTED_EDGE('',*,*,#7872,.T.);
#10741=ORIENTED_EDGE('',*,*,#7874,.F.);
#10742=ORIENTED_EDGE('',*,*,#7875,.F.);
#10743=ORIENTED_EDGE('',*,*,#7876,.F.);
#10744=ORIENTED_EDGE('',*,*,#7875,.T.);
#10745=ORIENTED_EDGE('',*,*,#7877,.F.);
#10746=ORIENTED_EDGE('',*,*,#7878,.F.);
#10747=ORIENTED_EDGE('',*,*,#7879,.F.);
#10748=ORIENTED_EDGE('',*,*,#7878,.T.);
#10749=ORIENTED_EDGE('',*,*,#7880,.F.);
#10750=ORIENTED_EDGE('',*,*,#7870,.F.);
#10751=ORIENTED_EDGE('',*,*,#7871,.T.);
#10752=ORIENTED_EDGE('',*,*,#7880,.T.);
#10753=ORIENTED_EDGE('',*,*,#7877,.T.);
#10754=ORIENTED_EDGE('',*,*,#7874,.T.);
#10755=ORIENTED_EDGE('',*,*,#7869,.T.);
#10756=ORIENTED_EDGE('',*,*,#7873,.T.);
#10757=ORIENTED_EDGE('',*,*,#7876,.T.);
#10758=ORIENTED_EDGE('',*,*,#7879,.T.);
#10759=ORIENTED_EDGE('',*,*,#7881,.F.);
#10760=ORIENTED_EDGE('',*,*,#7882,.T.);
#10761=ORIENTED_EDGE('',*,*,#7883,.F.);
#10762=ORIENTED_EDGE('',*,*,#7884,.F.);
#10763=ORIENTED_EDGE('',*,*,#7885,.F.);
#10764=ORIENTED_EDGE('',*,*,#7884,.T.);
#10765=ORIENTED_EDGE('',*,*,#7886,.F.);
#10766=ORIENTED_EDGE('',*,*,#7887,.F.);
#10767=ORIENTED_EDGE('',*,*,#7888,.F.);
#10768=ORIENTED_EDGE('',*,*,#7887,.T.);
#10769=ORIENTED_EDGE('',*,*,#7889,.F.);
#10770=ORIENTED_EDGE('',*,*,#7890,.F.);
#10771=ORIENTED_EDGE('',*,*,#7891,.F.);
#10772=ORIENTED_EDGE('',*,*,#7890,.T.);
#10773=ORIENTED_EDGE('',*,*,#7892,.F.);
#10774=ORIENTED_EDGE('',*,*,#7882,.F.);
#10775=ORIENTED_EDGE('',*,*,#7883,.T.);
#10776=ORIENTED_EDGE('',*,*,#7892,.T.);
#10777=ORIENTED_EDGE('',*,*,#7889,.T.);
#10778=ORIENTED_EDGE('',*,*,#7886,.T.);
#10779=ORIENTED_EDGE('',*,*,#7881,.T.);
#10780=ORIENTED_EDGE('',*,*,#7885,.T.);
#10781=ORIENTED_EDGE('',*,*,#7888,.T.);
#10782=ORIENTED_EDGE('',*,*,#7891,.T.);
#10783=ORIENTED_EDGE('',*,*,#7893,.F.);
#10784=ORIENTED_EDGE('',*,*,#7894,.T.);
#10785=ORIENTED_EDGE('',*,*,#7895,.F.);
#10786=ORIENTED_EDGE('',*,*,#7896,.F.);
#10787=ORIENTED_EDGE('',*,*,#7897,.F.);
#10788=ORIENTED_EDGE('',*,*,#7896,.T.);
#10789=ORIENTED_EDGE('',*,*,#7898,.F.);
#10790=ORIENTED_EDGE('',*,*,#7899,.F.);
#10791=ORIENTED_EDGE('',*,*,#7900,.F.);
#10792=ORIENTED_EDGE('',*,*,#7899,.T.);
#10793=ORIENTED_EDGE('',*,*,#7901,.F.);
#10794=ORIENTED_EDGE('',*,*,#7902,.F.);
#10795=ORIENTED_EDGE('',*,*,#7903,.F.);
#10796=ORIENTED_EDGE('',*,*,#7902,.T.);
#10797=ORIENTED_EDGE('',*,*,#7904,.F.);
#10798=ORIENTED_EDGE('',*,*,#7894,.F.);
#10799=ORIENTED_EDGE('',*,*,#7895,.T.);
#10800=ORIENTED_EDGE('',*,*,#7904,.T.);
#10801=ORIENTED_EDGE('',*,*,#7901,.T.);
#10802=ORIENTED_EDGE('',*,*,#7898,.T.);
#10803=ORIENTED_EDGE('',*,*,#7893,.T.);
#10804=ORIENTED_EDGE('',*,*,#7897,.T.);
#10805=ORIENTED_EDGE('',*,*,#7900,.T.);
#10806=ORIENTED_EDGE('',*,*,#7903,.T.);
#10807=ORIENTED_EDGE('',*,*,#7905,.F.);
#10808=ORIENTED_EDGE('',*,*,#7906,.T.);
#10809=ORIENTED_EDGE('',*,*,#7907,.F.);
#10810=ORIENTED_EDGE('',*,*,#7908,.F.);
#10811=ORIENTED_EDGE('',*,*,#7909,.F.);
#10812=ORIENTED_EDGE('',*,*,#7908,.T.);
#10813=ORIENTED_EDGE('',*,*,#7910,.F.);
#10814=ORIENTED_EDGE('',*,*,#7911,.F.);
#10815=ORIENTED_EDGE('',*,*,#7912,.F.);
#10816=ORIENTED_EDGE('',*,*,#7911,.T.);
#10817=ORIENTED_EDGE('',*,*,#7913,.F.);
#10818=ORIENTED_EDGE('',*,*,#7914,.F.);
#10819=ORIENTED_EDGE('',*,*,#7915,.F.);
#10820=ORIENTED_EDGE('',*,*,#7914,.T.);
#10821=ORIENTED_EDGE('',*,*,#7916,.F.);
#10822=ORIENTED_EDGE('',*,*,#7906,.F.);
#10823=ORIENTED_EDGE('',*,*,#7907,.T.);
#10824=ORIENTED_EDGE('',*,*,#7916,.T.);
#10825=ORIENTED_EDGE('',*,*,#7913,.T.);
#10826=ORIENTED_EDGE('',*,*,#7910,.T.);
#10827=ORIENTED_EDGE('',*,*,#7905,.T.);
#10828=ORIENTED_EDGE('',*,*,#7909,.T.);
#10829=ORIENTED_EDGE('',*,*,#7912,.T.);
#10830=ORIENTED_EDGE('',*,*,#7915,.T.);
#10831=ORIENTED_EDGE('',*,*,#7917,.F.);
#10832=ORIENTED_EDGE('',*,*,#7918,.T.);
#10833=ORIENTED_EDGE('',*,*,#7919,.F.);
#10834=ORIENTED_EDGE('',*,*,#7920,.F.);
#10835=ORIENTED_EDGE('',*,*,#7921,.F.);
#10836=ORIENTED_EDGE('',*,*,#7920,.T.);
#10837=ORIENTED_EDGE('',*,*,#7922,.F.);
#10838=ORIENTED_EDGE('',*,*,#7923,.F.);
#10839=ORIENTED_EDGE('',*,*,#7924,.F.);
#10840=ORIENTED_EDGE('',*,*,#7923,.T.);
#10841=ORIENTED_EDGE('',*,*,#7925,.F.);
#10842=ORIENTED_EDGE('',*,*,#7926,.F.);
#10843=ORIENTED_EDGE('',*,*,#7927,.F.);
#10844=ORIENTED_EDGE('',*,*,#7926,.T.);
#10845=ORIENTED_EDGE('',*,*,#7928,.F.);
#10846=ORIENTED_EDGE('',*,*,#7918,.F.);
#10847=ORIENTED_EDGE('',*,*,#7919,.T.);
#10848=ORIENTED_EDGE('',*,*,#7928,.T.);
#10849=ORIENTED_EDGE('',*,*,#7925,.T.);
#10850=ORIENTED_EDGE('',*,*,#7922,.T.);
#10851=ORIENTED_EDGE('',*,*,#7917,.T.);
#10852=ORIENTED_EDGE('',*,*,#7921,.T.);
#10853=ORIENTED_EDGE('',*,*,#7924,.T.);
#10854=ORIENTED_EDGE('',*,*,#7927,.T.);
#10855=ORIENTED_EDGE('',*,*,#7929,.F.);
#10856=ORIENTED_EDGE('',*,*,#7930,.T.);
#10857=ORIENTED_EDGE('',*,*,#7931,.F.);
#10858=ORIENTED_EDGE('',*,*,#7932,.F.);
#10859=ORIENTED_EDGE('',*,*,#7933,.F.);
#10860=ORIENTED_EDGE('',*,*,#7932,.T.);
#10861=ORIENTED_EDGE('',*,*,#7934,.F.);
#10862=ORIENTED_EDGE('',*,*,#7935,.F.);
#10863=ORIENTED_EDGE('',*,*,#7936,.F.);
#10864=ORIENTED_EDGE('',*,*,#7935,.T.);
#10865=ORIENTED_EDGE('',*,*,#7937,.F.);
#10866=ORIENTED_EDGE('',*,*,#7938,.F.);
#10867=ORIENTED_EDGE('',*,*,#7939,.F.);
#10868=ORIENTED_EDGE('',*,*,#7938,.T.);
#10869=ORIENTED_EDGE('',*,*,#7940,.F.);
#10870=ORIENTED_EDGE('',*,*,#7930,.F.);
#10871=ORIENTED_EDGE('',*,*,#7931,.T.);
#10872=ORIENTED_EDGE('',*,*,#7940,.T.);
#10873=ORIENTED_EDGE('',*,*,#7937,.T.);
#10874=ORIENTED_EDGE('',*,*,#7934,.T.);
#10875=ORIENTED_EDGE('',*,*,#7929,.T.);
#10876=ORIENTED_EDGE('',*,*,#7933,.T.);
#10877=ORIENTED_EDGE('',*,*,#7936,.T.);
#10878=ORIENTED_EDGE('',*,*,#7939,.T.);
#10879=ORIENTED_EDGE('',*,*,#7941,.F.);
#10880=ORIENTED_EDGE('',*,*,#7942,.T.);
#10881=ORIENTED_EDGE('',*,*,#7943,.F.);
#10882=ORIENTED_EDGE('',*,*,#7944,.F.);
#10883=ORIENTED_EDGE('',*,*,#7945,.F.);
#10884=ORIENTED_EDGE('',*,*,#7944,.T.);
#10885=ORIENTED_EDGE('',*,*,#7946,.F.);
#10886=ORIENTED_EDGE('',*,*,#7947,.F.);
#10887=ORIENTED_EDGE('',*,*,#7948,.F.);
#10888=ORIENTED_EDGE('',*,*,#7947,.T.);
#10889=ORIENTED_EDGE('',*,*,#7949,.F.);
#10890=ORIENTED_EDGE('',*,*,#7950,.F.);
#10891=ORIENTED_EDGE('',*,*,#7951,.F.);
#10892=ORIENTED_EDGE('',*,*,#7950,.T.);
#10893=ORIENTED_EDGE('',*,*,#7952,.F.);
#10894=ORIENTED_EDGE('',*,*,#7942,.F.);
#10895=ORIENTED_EDGE('',*,*,#7943,.T.);
#10896=ORIENTED_EDGE('',*,*,#7952,.T.);
#10897=ORIENTED_EDGE('',*,*,#7949,.T.);
#10898=ORIENTED_EDGE('',*,*,#7946,.T.);
#10899=ORIENTED_EDGE('',*,*,#7941,.T.);
#10900=ORIENTED_EDGE('',*,*,#7945,.T.);
#10901=ORIENTED_EDGE('',*,*,#7948,.T.);
#10902=ORIENTED_EDGE('',*,*,#7951,.T.);
#10903=ORIENTED_EDGE('',*,*,#7953,.F.);
#10904=ORIENTED_EDGE('',*,*,#7954,.T.);
#10905=ORIENTED_EDGE('',*,*,#7955,.F.);
#10906=ORIENTED_EDGE('',*,*,#7956,.F.);
#10907=ORIENTED_EDGE('',*,*,#7957,.F.);
#10908=ORIENTED_EDGE('',*,*,#7956,.T.);
#10909=ORIENTED_EDGE('',*,*,#7958,.F.);
#10910=ORIENTED_EDGE('',*,*,#7959,.F.);
#10911=ORIENTED_EDGE('',*,*,#7960,.F.);
#10912=ORIENTED_EDGE('',*,*,#7959,.T.);
#10913=ORIENTED_EDGE('',*,*,#7961,.F.);
#10914=ORIENTED_EDGE('',*,*,#7962,.F.);
#10915=ORIENTED_EDGE('',*,*,#7963,.F.);
#10916=ORIENTED_EDGE('',*,*,#7962,.T.);
#10917=ORIENTED_EDGE('',*,*,#7964,.F.);
#10918=ORIENTED_EDGE('',*,*,#7954,.F.);
#10919=ORIENTED_EDGE('',*,*,#7955,.T.);
#10920=ORIENTED_EDGE('',*,*,#7964,.T.);
#10921=ORIENTED_EDGE('',*,*,#7961,.T.);
#10922=ORIENTED_EDGE('',*,*,#7958,.T.);
#10923=ORIENTED_EDGE('',*,*,#7953,.T.);
#10924=ORIENTED_EDGE('',*,*,#7957,.T.);
#10925=ORIENTED_EDGE('',*,*,#7960,.T.);
#10926=ORIENTED_EDGE('',*,*,#7963,.T.);
#10927=ORIENTED_EDGE('',*,*,#7965,.F.);
#10928=ORIENTED_EDGE('',*,*,#7966,.T.);
#10929=ORIENTED_EDGE('',*,*,#7967,.F.);
#10930=ORIENTED_EDGE('',*,*,#7968,.F.);
#10931=ORIENTED_EDGE('',*,*,#7969,.F.);
#10932=ORIENTED_EDGE('',*,*,#7968,.T.);
#10933=ORIENTED_EDGE('',*,*,#7970,.F.);
#10934=ORIENTED_EDGE('',*,*,#7971,.F.);
#10935=ORIENTED_EDGE('',*,*,#7972,.F.);
#10936=ORIENTED_EDGE('',*,*,#7971,.T.);
#10937=ORIENTED_EDGE('',*,*,#7973,.F.);
#10938=ORIENTED_EDGE('',*,*,#7974,.F.);
#10939=ORIENTED_EDGE('',*,*,#7975,.F.);
#10940=ORIENTED_EDGE('',*,*,#7974,.T.);
#10941=ORIENTED_EDGE('',*,*,#7976,.F.);
#10942=ORIENTED_EDGE('',*,*,#7966,.F.);
#10943=ORIENTED_EDGE('',*,*,#7967,.T.);
#10944=ORIENTED_EDGE('',*,*,#7976,.T.);
#10945=ORIENTED_EDGE('',*,*,#7973,.T.);
#10946=ORIENTED_EDGE('',*,*,#7970,.T.);
#10947=ORIENTED_EDGE('',*,*,#7965,.T.);
#10948=ORIENTED_EDGE('',*,*,#7969,.T.);
#10949=ORIENTED_EDGE('',*,*,#7972,.T.);
#10950=ORIENTED_EDGE('',*,*,#7975,.T.);
#10951=ORIENTED_EDGE('',*,*,#7977,.F.);
#10952=ORIENTED_EDGE('',*,*,#7978,.T.);
#10953=ORIENTED_EDGE('',*,*,#7979,.F.);
#10954=ORIENTED_EDGE('',*,*,#7980,.F.);
#10955=ORIENTED_EDGE('',*,*,#7981,.F.);
#10956=ORIENTED_EDGE('',*,*,#7980,.T.);
#10957=ORIENTED_EDGE('',*,*,#7982,.F.);
#10958=ORIENTED_EDGE('',*,*,#7983,.F.);
#10959=ORIENTED_EDGE('',*,*,#7984,.F.);
#10960=ORIENTED_EDGE('',*,*,#7983,.T.);
#10961=ORIENTED_EDGE('',*,*,#7985,.F.);
#10962=ORIENTED_EDGE('',*,*,#7986,.F.);
#10963=ORIENTED_EDGE('',*,*,#7987,.F.);
#10964=ORIENTED_EDGE('',*,*,#7986,.T.);
#10965=ORIENTED_EDGE('',*,*,#7988,.F.);
#10966=ORIENTED_EDGE('',*,*,#7978,.F.);
#10967=ORIENTED_EDGE('',*,*,#7979,.T.);
#10968=ORIENTED_EDGE('',*,*,#7988,.T.);
#10969=ORIENTED_EDGE('',*,*,#7985,.T.);
#10970=ORIENTED_EDGE('',*,*,#7982,.T.);
#10971=ORIENTED_EDGE('',*,*,#7977,.T.);
#10972=ORIENTED_EDGE('',*,*,#7981,.T.);
#10973=ORIENTED_EDGE('',*,*,#7984,.T.);
#10974=ORIENTED_EDGE('',*,*,#7987,.T.);
#10975=ORIENTED_EDGE('',*,*,#7989,.F.);
#10976=ORIENTED_EDGE('',*,*,#7990,.T.);
#10977=ORIENTED_EDGE('',*,*,#7991,.F.);
#10978=ORIENTED_EDGE('',*,*,#7992,.F.);
#10979=ORIENTED_EDGE('',*,*,#7993,.F.);
#10980=ORIENTED_EDGE('',*,*,#7992,.T.);
#10981=ORIENTED_EDGE('',*,*,#7994,.F.);
#10982=ORIENTED_EDGE('',*,*,#7995,.F.);
#10983=ORIENTED_EDGE('',*,*,#7996,.F.);
#10984=ORIENTED_EDGE('',*,*,#7995,.T.);
#10985=ORIENTED_EDGE('',*,*,#7997,.F.);
#10986=ORIENTED_EDGE('',*,*,#7998,.F.);
#10987=ORIENTED_EDGE('',*,*,#7999,.F.);
#10988=ORIENTED_EDGE('',*,*,#7998,.T.);
#10989=ORIENTED_EDGE('',*,*,#8000,.F.);
#10990=ORIENTED_EDGE('',*,*,#7990,.F.);
#10991=ORIENTED_EDGE('',*,*,#7991,.T.);
#10992=ORIENTED_EDGE('',*,*,#8000,.T.);
#10993=ORIENTED_EDGE('',*,*,#7997,.T.);
#10994=ORIENTED_EDGE('',*,*,#7994,.T.);
#10995=ORIENTED_EDGE('',*,*,#7989,.T.);
#10996=ORIENTED_EDGE('',*,*,#7993,.T.);
#10997=ORIENTED_EDGE('',*,*,#7996,.T.);
#10998=ORIENTED_EDGE('',*,*,#7999,.T.);
#10999=ORIENTED_EDGE('',*,*,#8001,.F.);
#11000=ORIENTED_EDGE('',*,*,#8002,.T.);
#11001=ORIENTED_EDGE('',*,*,#8003,.F.);
#11002=ORIENTED_EDGE('',*,*,#8004,.F.);
#11003=ORIENTED_EDGE('',*,*,#8005,.F.);
#11004=ORIENTED_EDGE('',*,*,#8004,.T.);
#11005=ORIENTED_EDGE('',*,*,#8006,.F.);
#11006=ORIENTED_EDGE('',*,*,#8007,.F.);
#11007=ORIENTED_EDGE('',*,*,#8008,.F.);
#11008=ORIENTED_EDGE('',*,*,#8007,.T.);
#11009=ORIENTED_EDGE('',*,*,#8009,.F.);
#11010=ORIENTED_EDGE('',*,*,#8010,.F.);
#11011=ORIENTED_EDGE('',*,*,#8011,.F.);
#11012=ORIENTED_EDGE('',*,*,#8010,.T.);
#11013=ORIENTED_EDGE('',*,*,#8012,.F.);
#11014=ORIENTED_EDGE('',*,*,#8002,.F.);
#11015=ORIENTED_EDGE('',*,*,#8003,.T.);
#11016=ORIENTED_EDGE('',*,*,#8012,.T.);
#11017=ORIENTED_EDGE('',*,*,#8009,.T.);
#11018=ORIENTED_EDGE('',*,*,#8006,.T.);
#11019=ORIENTED_EDGE('',*,*,#8001,.T.);
#11020=ORIENTED_EDGE('',*,*,#8005,.T.);
#11021=ORIENTED_EDGE('',*,*,#8008,.T.);
#11022=ORIENTED_EDGE('',*,*,#8011,.T.);
#11023=ORIENTED_EDGE('',*,*,#8013,.T.);
#11024=ORIENTED_EDGE('',*,*,#8014,.T.);
#11025=ORIENTED_EDGE('',*,*,#8015,.F.);
#11026=ORIENTED_EDGE('',*,*,#8014,.F.);
#11027=ORIENTED_EDGE('',*,*,#8016,.T.);
#11028=ORIENTED_EDGE('',*,*,#8017,.T.);
#11029=ORIENTED_EDGE('',*,*,#8018,.F.);
#11030=ORIENTED_EDGE('',*,*,#8017,.F.);
#11031=ORIENTED_EDGE('',*,*,#8019,.T.);
#11032=ORIENTED_EDGE('',*,*,#8020,.T.);
#11033=ORIENTED_EDGE('',*,*,#8021,.F.);
#11034=ORIENTED_EDGE('',*,*,#8020,.F.);
#11035=ORIENTED_EDGE('',*,*,#8022,.T.);
#11036=ORIENTED_EDGE('',*,*,#8023,.T.);
#11037=ORIENTED_EDGE('',*,*,#8024,.F.);
#11038=ORIENTED_EDGE('',*,*,#8023,.F.);
#11039=ORIENTED_EDGE('',*,*,#8025,.T.);
#11040=ORIENTED_EDGE('',*,*,#8026,.T.);
#11041=ORIENTED_EDGE('',*,*,#8027,.F.);
#11042=ORIENTED_EDGE('',*,*,#8026,.F.);
#11043=ORIENTED_EDGE('',*,*,#8028,.T.);
#11044=ORIENTED_EDGE('',*,*,#8029,.T.);
#11045=ORIENTED_EDGE('',*,*,#8030,.F.);
#11046=ORIENTED_EDGE('',*,*,#8029,.F.);
#11047=ORIENTED_EDGE('',*,*,#8031,.T.);
#11048=ORIENTED_EDGE('',*,*,#8032,.T.);
#11049=ORIENTED_EDGE('',*,*,#8033,.F.);
#11050=ORIENTED_EDGE('',*,*,#8032,.F.);
#11051=ORIENTED_EDGE('',*,*,#8034,.T.);
#11052=ORIENTED_EDGE('',*,*,#8035,.T.);
#11053=ORIENTED_EDGE('',*,*,#8036,.F.);
#11054=ORIENTED_EDGE('',*,*,#8035,.F.);
#11055=ORIENTED_EDGE('',*,*,#8037,.T.);
#11056=ORIENTED_EDGE('',*,*,#8038,.T.);
#11057=ORIENTED_EDGE('',*,*,#8039,.F.);
#11058=ORIENTED_EDGE('',*,*,#8038,.F.);
#11059=ORIENTED_EDGE('',*,*,#8040,.T.);
#11060=ORIENTED_EDGE('',*,*,#8041,.T.);
#11061=ORIENTED_EDGE('',*,*,#8042,.F.);
#11062=ORIENTED_EDGE('',*,*,#8041,.F.);
#11063=ORIENTED_EDGE('',*,*,#8043,.T.);
#11064=ORIENTED_EDGE('',*,*,#8044,.T.);
#11065=ORIENTED_EDGE('',*,*,#8045,.F.);
#11066=ORIENTED_EDGE('',*,*,#8044,.F.);
#11067=ORIENTED_EDGE('',*,*,#8046,.T.);
#11068=ORIENTED_EDGE('',*,*,#8047,.T.);
#11069=ORIENTED_EDGE('',*,*,#8048,.F.);
#11070=ORIENTED_EDGE('',*,*,#8047,.F.);
#11071=ORIENTED_EDGE('',*,*,#8049,.T.);
#11072=ORIENTED_EDGE('',*,*,#8050,.T.);
#11073=ORIENTED_EDGE('',*,*,#8051,.F.);
#11074=ORIENTED_EDGE('',*,*,#8050,.F.);
#11075=ORIENTED_EDGE('',*,*,#8052,.T.);
#11076=ORIENTED_EDGE('',*,*,#8053,.T.);
#11077=ORIENTED_EDGE('',*,*,#8054,.F.);
#11078=ORIENTED_EDGE('',*,*,#8053,.F.);
#11079=ORIENTED_EDGE('',*,*,#8055,.T.);
#11080=ORIENTED_EDGE('',*,*,#8056,.T.);
#11081=ORIENTED_EDGE('',*,*,#8057,.F.);
#11082=ORIENTED_EDGE('',*,*,#8056,.F.);
#11083=ORIENTED_EDGE('',*,*,#8058,.T.);
#11084=ORIENTED_EDGE('',*,*,#8059,.T.);
#11085=ORIENTED_EDGE('',*,*,#8060,.F.);
#11086=ORIENTED_EDGE('',*,*,#8059,.F.);
#11087=ORIENTED_EDGE('',*,*,#8061,.T.);
#11088=ORIENTED_EDGE('',*,*,#8062,.T.);
#11089=ORIENTED_EDGE('',*,*,#8063,.F.);
#11090=ORIENTED_EDGE('',*,*,#8062,.F.);
#11091=ORIENTED_EDGE('',*,*,#8064,.T.);
#11092=ORIENTED_EDGE('',*,*,#8065,.T.);
#11093=ORIENTED_EDGE('',*,*,#8066,.F.);
#11094=ORIENTED_EDGE('',*,*,#8065,.F.);
#11095=ORIENTED_EDGE('',*,*,#8067,.T.);
#11096=ORIENTED_EDGE('',*,*,#8068,.T.);
#11097=ORIENTED_EDGE('',*,*,#8069,.F.);
#11098=ORIENTED_EDGE('',*,*,#8068,.F.);
#11099=ORIENTED_EDGE('',*,*,#8070,.T.);
#11100=ORIENTED_EDGE('',*,*,#8071,.T.);
#11101=ORIENTED_EDGE('',*,*,#8072,.F.);
#11102=ORIENTED_EDGE('',*,*,#8071,.F.);
#11103=ORIENTED_EDGE('',*,*,#8073,.T.);
#11104=ORIENTED_EDGE('',*,*,#8074,.T.);
#11105=ORIENTED_EDGE('',*,*,#8075,.F.);
#11106=ORIENTED_EDGE('',*,*,#8074,.F.);
#11107=ORIENTED_EDGE('',*,*,#8076,.T.);
#11108=ORIENTED_EDGE('',*,*,#8077,.T.);
#11109=ORIENTED_EDGE('',*,*,#8078,.F.);
#11110=ORIENTED_EDGE('',*,*,#8077,.F.);
#11111=ORIENTED_EDGE('',*,*,#8079,.T.);
#11112=ORIENTED_EDGE('',*,*,#8080,.T.);
#11113=ORIENTED_EDGE('',*,*,#8081,.F.);
#11114=ORIENTED_EDGE('',*,*,#8080,.F.);
#11115=ORIENTED_EDGE('',*,*,#8082,.T.);
#11116=ORIENTED_EDGE('',*,*,#8083,.T.);
#11117=ORIENTED_EDGE('',*,*,#8084,.F.);
#11118=ORIENTED_EDGE('',*,*,#8083,.F.);
#11119=ORIENTED_EDGE('',*,*,#8085,.T.);
#11120=ORIENTED_EDGE('',*,*,#8086,.T.);
#11121=ORIENTED_EDGE('',*,*,#8087,.F.);
#11122=ORIENTED_EDGE('',*,*,#8086,.F.);
#11123=ORIENTED_EDGE('',*,*,#8088,.T.);
#11124=ORIENTED_EDGE('',*,*,#8089,.T.);
#11125=ORIENTED_EDGE('',*,*,#8090,.F.);
#11126=ORIENTED_EDGE('',*,*,#8089,.F.);
#11127=ORIENTED_EDGE('',*,*,#8091,.T.);
#11128=ORIENTED_EDGE('',*,*,#8092,.T.);
#11129=ORIENTED_EDGE('',*,*,#8093,.F.);
#11130=ORIENTED_EDGE('',*,*,#8092,.F.);
#11131=ORIENTED_EDGE('',*,*,#8094,.T.);
#11132=ORIENTED_EDGE('',*,*,#8095,.T.);
#11133=ORIENTED_EDGE('',*,*,#8096,.F.);
#11134=ORIENTED_EDGE('',*,*,#8095,.F.);
#11135=ORIENTED_EDGE('',*,*,#8097,.T.);
#11136=ORIENTED_EDGE('',*,*,#8098,.T.);
#11137=ORIENTED_EDGE('',*,*,#8099,.T.);
#11138=ORIENTED_EDGE('',*,*,#8100,.T.);
#11139=ORIENTED_EDGE('',*,*,#8101,.T.);
#11140=ORIENTED_EDGE('',*,*,#8102,.T.);
#11141=ORIENTED_EDGE('',*,*,#8103,.T.);
#11142=ORIENTED_EDGE('',*,*,#8104,.T.);
#11143=ORIENTED_EDGE('',*,*,#8016,.F.);
#11144=ORIENTED_EDGE('',*,*,#8022,.F.);
#11145=ORIENTED_EDGE('',*,*,#8028,.F.);
#11146=ORIENTED_EDGE('',*,*,#8034,.F.);
#11147=ORIENTED_EDGE('',*,*,#8040,.F.);
#11148=ORIENTED_EDGE('',*,*,#8046,.F.);
#11149=ORIENTED_EDGE('',*,*,#8052,.F.);
#11150=ORIENTED_EDGE('',*,*,#8058,.F.);
#11151=ORIENTED_EDGE('',*,*,#8064,.F.);
#11152=ORIENTED_EDGE('',*,*,#8070,.F.);
#11153=ORIENTED_EDGE('',*,*,#8076,.F.);
#11154=ORIENTED_EDGE('',*,*,#8082,.F.);
#11155=ORIENTED_EDGE('',*,*,#8088,.F.);
#11156=ORIENTED_EDGE('',*,*,#8094,.F.);
#11157=ORIENTED_EDGE('',*,*,#8091,.F.);
#11158=ORIENTED_EDGE('',*,*,#8085,.F.);
#11159=ORIENTED_EDGE('',*,*,#8079,.F.);
#11160=ORIENTED_EDGE('',*,*,#8073,.F.);
#11161=ORIENTED_EDGE('',*,*,#8067,.F.);
#11162=ORIENTED_EDGE('',*,*,#8061,.F.);
#11163=ORIENTED_EDGE('',*,*,#8055,.F.);
#11164=ORIENTED_EDGE('',*,*,#8049,.F.);
#11165=ORIENTED_EDGE('',*,*,#8043,.F.);
#11166=ORIENTED_EDGE('',*,*,#8037,.F.);
#11167=ORIENTED_EDGE('',*,*,#8031,.F.);
#11168=ORIENTED_EDGE('',*,*,#8025,.F.);
#11169=ORIENTED_EDGE('',*,*,#8019,.F.);
#11170=ORIENTED_EDGE('',*,*,#8013,.F.);
#11171=ORIENTED_EDGE('',*,*,#8105,.F.);
#11172=ORIENTED_EDGE('',*,*,#8106,.F.);
#11173=ORIENTED_EDGE('',*,*,#8107,.F.);
#11174=ORIENTED_EDGE('',*,*,#8108,.F.);
#11175=ORIENTED_EDGE('',*,*,#8109,.T.);
#11176=ORIENTED_EDGE('',*,*,#8110,.T.);
#11177=ORIENTED_EDGE('',*,*,#8111,.T.);
#11178=ORIENTED_EDGE('',*,*,#8112,.T.);
#11179=ORIENTED_EDGE('',*,*,#8113,.T.);
#11180=ORIENTED_EDGE('',*,*,#8114,.T.);
#11181=ORIENTED_EDGE('',*,*,#8115,.T.);
#11182=ORIENTED_EDGE('',*,*,#8116,.T.);
#11183=ORIENTED_EDGE('',*,*,#8096,.T.);
#11184=ORIENTED_EDGE('',*,*,#8093,.T.);
#11185=ORIENTED_EDGE('',*,*,#8090,.T.);
#11186=ORIENTED_EDGE('',*,*,#8087,.T.);
#11187=ORIENTED_EDGE('',*,*,#8084,.T.);
#11188=ORIENTED_EDGE('',*,*,#8081,.T.);
#11189=ORIENTED_EDGE('',*,*,#8078,.T.);
#11190=ORIENTED_EDGE('',*,*,#8075,.T.);
#11191=ORIENTED_EDGE('',*,*,#8072,.T.);
#11192=ORIENTED_EDGE('',*,*,#8069,.T.);
#11193=ORIENTED_EDGE('',*,*,#8066,.T.);
#11194=ORIENTED_EDGE('',*,*,#8063,.T.);
#11195=ORIENTED_EDGE('',*,*,#8060,.T.);
#11196=ORIENTED_EDGE('',*,*,#8057,.T.);
#11197=ORIENTED_EDGE('',*,*,#8054,.T.);
#11198=ORIENTED_EDGE('',*,*,#8051,.T.);
#11199=ORIENTED_EDGE('',*,*,#8048,.T.);
#11200=ORIENTED_EDGE('',*,*,#8045,.T.);
#11201=ORIENTED_EDGE('',*,*,#8042,.T.);
#11202=ORIENTED_EDGE('',*,*,#8039,.T.);
#11203=ORIENTED_EDGE('',*,*,#8036,.T.);
#11204=ORIENTED_EDGE('',*,*,#8033,.T.);
#11205=ORIENTED_EDGE('',*,*,#8030,.T.);
#11206=ORIENTED_EDGE('',*,*,#8027,.T.);
#11207=ORIENTED_EDGE('',*,*,#8024,.T.);
#11208=ORIENTED_EDGE('',*,*,#8021,.T.);
#11209=ORIENTED_EDGE('',*,*,#8018,.T.);
#11210=ORIENTED_EDGE('',*,*,#8015,.T.);
#11211=ORIENTED_EDGE('',*,*,#8117,.T.);
#11212=ORIENTED_EDGE('',*,*,#8118,.T.);
#11213=ORIENTED_EDGE('',*,*,#8119,.F.);
#11214=ORIENTED_EDGE('',*,*,#8120,.T.);
#11215=ORIENTED_EDGE('',*,*,#8119,.T.);
#11216=ORIENTED_EDGE('',*,*,#8121,.T.);
#11217=ORIENTED_EDGE('',*,*,#8122,.F.);
#11218=ORIENTED_EDGE('',*,*,#8123,.T.);
#11219=ORIENTED_EDGE('',*,*,#8122,.T.);
#11220=ORIENTED_EDGE('',*,*,#8124,.T.);
#11221=ORIENTED_EDGE('',*,*,#8125,.F.);
#11222=ORIENTED_EDGE('',*,*,#8126,.T.);
#11223=ORIENTED_EDGE('',*,*,#8125,.T.);
#11224=ORIENTED_EDGE('',*,*,#8127,.T.);
#11225=ORIENTED_EDGE('',*,*,#8128,.F.);
#11226=ORIENTED_EDGE('',*,*,#8129,.T.);
#11227=ORIENTED_EDGE('',*,*,#8128,.T.);
#11228=ORIENTED_EDGE('',*,*,#8130,.T.);
#11229=ORIENTED_EDGE('',*,*,#8131,.F.);
#11230=ORIENTED_EDGE('',*,*,#8132,.T.);
#11231=ORIENTED_EDGE('',*,*,#8131,.T.);
#11232=ORIENTED_EDGE('',*,*,#8133,.T.);
#11233=ORIENTED_EDGE('',*,*,#8134,.F.);
#11234=ORIENTED_EDGE('',*,*,#8135,.T.);
#11235=ORIENTED_EDGE('',*,*,#8134,.T.);
#11236=ORIENTED_EDGE('',*,*,#8136,.T.);
#11237=ORIENTED_EDGE('',*,*,#8137,.F.);
#11238=ORIENTED_EDGE('',*,*,#8138,.T.);
#11239=ORIENTED_EDGE('',*,*,#8137,.T.);
#11240=ORIENTED_EDGE('',*,*,#8139,.T.);
#11241=ORIENTED_EDGE('',*,*,#8117,.F.);
#11242=ORIENTED_EDGE('',*,*,#8140,.T.);
#11243=ORIENTED_EDGE('',*,*,#8141,.F.);
#11244=ORIENTED_EDGE('',*,*,#8114,.F.);
#11245=ORIENTED_EDGE('',*,*,#8142,.F.);
#11246=ORIENTED_EDGE('',*,*,#8124,.F.);
#11247=ORIENTED_EDGE('',*,*,#8142,.T.);
#11248=ORIENTED_EDGE('',*,*,#8113,.F.);
#11249=ORIENTED_EDGE('',*,*,#8143,.F.);
#11250=ORIENTED_EDGE('',*,*,#8127,.F.);
#11251=ORIENTED_EDGE('',*,*,#8141,.T.);
#11252=ORIENTED_EDGE('',*,*,#8121,.F.);
#11253=ORIENTED_EDGE('',*,*,#8144,.F.);
#11254=ORIENTED_EDGE('',*,*,#8115,.F.);
#11255=ORIENTED_EDGE('',*,*,#8143,.T.);
#11256=ORIENTED_EDGE('',*,*,#8112,.F.);
#11257=ORIENTED_EDGE('',*,*,#8145,.F.);
#11258=ORIENTED_EDGE('',*,*,#8130,.F.);
#11259=ORIENTED_EDGE('',*,*,#8144,.T.);
#11260=ORIENTED_EDGE('',*,*,#8118,.F.);
#11261=ORIENTED_EDGE('',*,*,#8146,.F.);
#11262=ORIENTED_EDGE('',*,*,#8116,.F.);
#11263=ORIENTED_EDGE('',*,*,#8145,.T.);
#11264=ORIENTED_EDGE('',*,*,#8111,.F.);
#11265=ORIENTED_EDGE('',*,*,#8147,.F.);
#11266=ORIENTED_EDGE('',*,*,#8133,.F.);
#11267=ORIENTED_EDGE('',*,*,#8146,.T.);
#11268=ORIENTED_EDGE('',*,*,#8139,.F.);
#11269=ORIENTED_EDGE('',*,*,#8148,.F.);
#11270=ORIENTED_EDGE('',*,*,#8109,.F.);
#11271=ORIENTED_EDGE('',*,*,#8147,.T.);
#11272=ORIENTED_EDGE('',*,*,#8110,.F.);
#11273=ORIENTED_EDGE('',*,*,#8148,.T.);
#11274=ORIENTED_EDGE('',*,*,#8136,.F.);
#11275=ORIENTED_EDGE('',*,*,#8149,.F.);
#11276=ORIENTED_EDGE('',*,*,#8126,.F.);
#11277=ORIENTED_EDGE('',*,*,#8150,.F.);
#11278=ORIENTED_EDGE('',*,*,#8102,.F.);
#11279=ORIENTED_EDGE('',*,*,#8150,.T.);
#11280=ORIENTED_EDGE('',*,*,#8129,.F.);
#11281=ORIENTED_EDGE('',*,*,#8151,.F.);
#11282=ORIENTED_EDGE('',*,*,#8103,.F.);
#11283=ORIENTED_EDGE('',*,*,#8149,.T.);
#11284=ORIENTED_EDGE('',*,*,#8101,.F.);
#11285=ORIENTED_EDGE('',*,*,#8152,.F.);
#11286=ORIENTED_EDGE('',*,*,#8123,.F.);
#11287=ORIENTED_EDGE('',*,*,#8151,.T.);
#11288=ORIENTED_EDGE('',*,*,#8132,.F.);
#11289=ORIENTED_EDGE('',*,*,#8153,.F.);
#11290=ORIENTED_EDGE('',*,*,#8104,.F.);
#11291=ORIENTED_EDGE('',*,*,#8152,.T.);
#11292=ORIENTED_EDGE('',*,*,#8100,.F.);
#11293=ORIENTED_EDGE('',*,*,#8154,.F.);
#11294=ORIENTED_EDGE('',*,*,#8120,.F.);
#11295=ORIENTED_EDGE('',*,*,#8153,.T.);
#11296=ORIENTED_EDGE('',*,*,#8135,.F.);
#11297=ORIENTED_EDGE('',*,*,#8155,.F.);
#11298=ORIENTED_EDGE('',*,*,#8097,.F.);
#11299=ORIENTED_EDGE('',*,*,#8154,.T.);
#11300=ORIENTED_EDGE('',*,*,#8099,.F.);
#11301=ORIENTED_EDGE('',*,*,#8156,.F.);
#11302=ORIENTED_EDGE('',*,*,#8140,.F.);
#11303=ORIENTED_EDGE('',*,*,#8155,.T.);
#11304=ORIENTED_EDGE('',*,*,#8138,.F.);
#11305=ORIENTED_EDGE('',*,*,#8156,.T.);
#11306=ORIENTED_EDGE('',*,*,#8098,.F.);
#11307=ORIENTED_EDGE('',*,*,#8106,.T.);
#11308=ORIENTED_EDGE('',*,*,#8157,.F.);
#11309=ORIENTED_EDGE('',*,*,#8158,.F.);
#11310=ORIENTED_EDGE('',*,*,#8159,.T.);
#11311=ORIENTED_EDGE('',*,*,#8105,.T.);
#11312=ORIENTED_EDGE('',*,*,#8160,.F.);
#11313=ORIENTED_EDGE('',*,*,#8161,.F.);
#11314=ORIENTED_EDGE('',*,*,#8157,.T.);
#11315=ORIENTED_EDGE('',*,*,#8108,.T.);
#11316=ORIENTED_EDGE('',*,*,#8162,.F.);
#11317=ORIENTED_EDGE('',*,*,#8163,.F.);
#11318=ORIENTED_EDGE('',*,*,#8160,.T.);
#11319=ORIENTED_EDGE('',*,*,#8107,.T.);
#11320=ORIENTED_EDGE('',*,*,#8159,.F.);
#11321=ORIENTED_EDGE('',*,*,#8164,.F.);
#11322=ORIENTED_EDGE('',*,*,#8162,.T.);
#11323=ORIENTED_EDGE('',*,*,#8158,.T.);
#11324=ORIENTED_EDGE('',*,*,#8161,.T.);
#11325=ORIENTED_EDGE('',*,*,#8163,.T.);
#11326=ORIENTED_EDGE('',*,*,#8164,.T.);
#11327=PLANE('',#12712);
#11328=PLANE('',#12713);
#11329=PLANE('',#12714);
#11330=PLANE('',#12715);
#11331=PLANE('',#12716);
#11332=PLANE('',#12717);
#11333=PLANE('',#12762);
#11334=PLANE('',#12763);
#11335=PLANE('',#12764);
#11336=PLANE('',#12765);
#11337=PLANE('',#12766);
#11338=PLANE('',#12767);
#11339=PLANE('',#12768);
#11340=PLANE('',#12769);
#11341=PLANE('',#12770);
#11342=PLANE('',#12771);
#11343=PLANE('',#12772);
#11344=PLANE('',#12773);
#11345=PLANE('',#12774);
#11346=PLANE('',#12775);
#11347=PLANE('',#12776);
#11348=PLANE('',#12777);
#11349=PLANE('',#12778);
#11350=PLANE('',#12779);
#11351=PLANE('',#12780);
#11352=PLANE('',#12781);
#11353=PLANE('',#12782);
#11354=PLANE('',#12783);
#11355=PLANE('',#12784);
#11356=PLANE('',#12785);
#11357=PLANE('',#12786);
#11358=PLANE('',#12787);
#11359=PLANE('',#12788);
#11360=PLANE('',#12789);
#11361=PLANE('',#12790);
#11362=PLANE('',#12791);
#11363=PLANE('',#12792);
#11364=PLANE('',#12793);
#11365=PLANE('',#12794);
#11366=PLANE('',#12795);
#11367=PLANE('',#12796);
#11368=PLANE('',#12797);
#11369=PLANE('',#12798);
#11370=PLANE('',#12799);
#11371=PLANE('',#12800);
#11372=PLANE('',#12801);
#11373=PLANE('',#12802);
#11374=PLANE('',#12803);
#11375=PLANE('',#12804);
#11376=PLANE('',#12805);
#11377=PLANE('',#12806);
#11378=PLANE('',#12807);
#11379=PLANE('',#12808);
#11380=PLANE('',#12809);
#11381=PLANE('',#12810);
#11382=PLANE('',#12811);
#11383=PLANE('',#12812);
#11384=PLANE('',#12813);
#11385=PLANE('',#12814);
#11386=PLANE('',#12815);
#11387=PLANE('',#12816);
#11388=PLANE('',#12817);
#11389=PLANE('',#12818);
#11390=PLANE('',#12819);
#11391=PLANE('',#12820);
#11392=PLANE('',#12821);
#11393=PLANE('',#12822);
#11394=PLANE('',#12823);
#11395=PLANE('',#12824);
#11396=PLANE('',#12825);
#11397=PLANE('',#12826);
#11398=PLANE('',#12827);
#11399=PLANE('',#12828);
#11400=PLANE('',#12829);
#11401=PLANE('',#12830);
#11402=PLANE('',#12831);
#11403=PLANE('',#12832);
#11404=PLANE('',#12833);
#11405=PLANE('',#12834);
#11406=PLANE('',#12835);
#11407=PLANE('',#12836);
#11408=PLANE('',#12837);
#11409=PLANE('',#12838);
#11410=PLANE('',#12839);
#11411=PLANE('',#12840);
#11412=PLANE('',#12841);
#11413=PLANE('',#12842);
#11414=PLANE('',#12843);
#11415=PLANE('',#12844);
#11416=PLANE('',#12845);
#11417=PLANE('',#12846);
#11418=PLANE('',#12847);
#11419=PLANE('',#12848);
#11420=PLANE('',#12849);
#11421=PLANE('',#12850);
#11422=PLANE('',#12851);
#11423=PLANE('',#12852);
#11424=PLANE('',#12853);
#11425=PLANE('',#12854);
#11426=PLANE('',#12855);
#11427=PLANE('',#12856);
#11428=PLANE('',#12857);
#11429=PLANE('',#12861);
#11430=PLANE('',#12865);
#11431=PLANE('',#12866);
#11432=PLANE('',#12867);
#11433=PLANE('',#12871);
#11434=PLANE('',#12875);
#11435=PLANE('',#12876);
#11436=PLANE('',#12877);
#11437=PLANE('',#12881);
#11438=PLANE('',#12885);
#11439=PLANE('',#12886);
#11440=PLANE('',#12887);
#11441=PLANE('',#12891);
#11442=PLANE('',#12895);
#11443=PLANE('',#12896);
#11444=PLANE('',#12897);
#11445=PLANE('',#12898);
#11446=PLANE('',#12899);
#11447=PLANE('',#12903);
#11448=PLANE('',#12907);
#11449=PLANE('',#12908);
#11450=PLANE('',#12909);
#11451=PLANE('',#12913);
#11452=PLANE('',#12917);
#11453=PLANE('',#12918);
#11454=PLANE('',#12919);
#11455=PLANE('',#12920);
#11456=PLANE('',#12921);
#11457=PLANE('',#12925);
#11458=PLANE('',#12929);
#11459=PLANE('',#12930);
#11460=PLANE('',#12931);
#11461=PLANE('',#12935);
#11462=PLANE('',#12939);
#11463=PLANE('',#12940);
#11464=PLANE('',#12941);
#11465=PLANE('',#12942);
#11466=PLANE('',#12943);
#11467=PLANE('',#12944);
#11468=PLANE('',#12945);
#11469=PLANE('',#12949);
#11470=PLANE('',#12953);
#11471=PLANE('',#12954);
#11472=PLANE('',#12955);
#11473=PLANE('',#12959);
#11474=PLANE('',#12963);
#11475=PLANE('',#12964);
#11476=PLANE('',#12965);
#11477=PLANE('',#12966);
#11478=PLANE('',#12967);
#11479=PLANE('',#12968);
#11480=PLANE('',#12969);
#11481=PLANE('',#12970);
#11482=PLANE('',#12971);
#11483=PLANE('',#12972);
#11484=PLANE('',#12973);
#11485=PLANE('',#12974);
#11486=PLANE('',#12975);
#11487=PLANE('',#12976);
#11488=PLANE('',#12977);
#11489=PLANE('',#12981);
#11490=PLANE('',#12985);
#11491=PLANE('',#12986);
#11492=PLANE('',#12987);
#11493=PLANE('',#12991);
#11494=PLANE('',#12995);
#11495=PLANE('',#12996);
#11496=PLANE('',#12997);
#11497=PLANE('',#12998);
#11498=PLANE('',#12999);
#11499=PLANE('',#13003);
#11500=PLANE('',#13007);
#11501=PLANE('',#13008);
#11502=PLANE('',#13009);
#11503=PLANE('',#13013);
#11504=PLANE('',#13017);
#11505=PLANE('',#13018);
#11506=PLANE('',#13019);
#11507=PLANE('',#13020);
#11508=PLANE('',#13021);
#11509=PLANE('',#13025);
#11510=PLANE('',#13029);
#11511=PLANE('',#13030);
#11512=PLANE('',#13031);
#11513=PLANE('',#13035);
#11514=PLANE('',#13039);
#11515=PLANE('',#13040);
#11516=PLANE('',#13041);
#11517=PLANE('',#13042);
#11518=PLANE('',#13043);
#11519=PLANE('',#13047);
#11520=PLANE('',#13051);
#11521=PLANE('',#13052);
#11522=PLANE('',#13053);
#11523=PLANE('',#13057);
#11524=PLANE('',#13061);
#11525=PLANE('',#13062);
#11526=PLANE('',#13063);
#11527=PLANE('',#13064);
#11528=PLANE('',#13065);
#11529=PLANE('',#13066);
#11530=PLANE('',#13067);
#11531=PLANE('',#13068);
#11532=PLANE('',#13069);
#11533=PLANE('',#13070);
#11534=PLANE('',#13071);
#11535=PLANE('',#13072);
#11536=PLANE('',#13073);
#11537=PLANE('',#13074);
#11538=PLANE('',#13075);
#11539=PLANE('',#13079);
#11540=PLANE('',#13083);
#11541=PLANE('',#13084);
#11542=PLANE('',#13085);
#11543=PLANE('',#13089);
#11544=PLANE('',#13093);
#11545=PLANE('',#13094);
#11546=PLANE('',#13095);
#11547=PLANE('',#13096);
#11548=PLANE('',#13097);
#11549=PLANE('',#13101);
#11550=PLANE('',#13105);
#11551=PLANE('',#13106);
#11552=PLANE('',#13107);
#11553=PLANE('',#13111);
#11554=PLANE('',#13115);
#11555=PLANE('',#13116);
#11556=PLANE('',#13117);
#11557=PLANE('',#13118);
#11558=PLANE('',#13119);
#11559=PLANE('',#13123);
#11560=PLANE('',#13127);
#11561=PLANE('',#13128);
#11562=PLANE('',#13129);
#11563=PLANE('',#13133);
#11564=PLANE('',#13137);
#11565=PLANE('',#13138);
#11566=PLANE('',#13139);
#11567=PLANE('',#13140);
#11568=PLANE('',#13141);
#11569=PLANE('',#13145);
#11570=PLANE('',#13149);
#11571=PLANE('',#13150);
#11572=PLANE('',#13151);
#11573=PLANE('',#13155);
#11574=PLANE('',#13159);
#11575=PLANE('',#13160);
#11576=PLANE('',#13161);
#11577=PLANE('',#13162);
#11578=PLANE('',#13163);
#11579=PLANE('',#13167);
#11580=PLANE('',#13171);
#11581=PLANE('',#13172);
#11582=PLANE('',#13173);
#11583=PLANE('',#13177);
#11584=PLANE('',#13181);
#11585=PLANE('',#13182);
#11586=PLANE('',#13183);
#11587=PLANE('',#13184);
#11588=PLANE('',#13185);
#11589=PLANE('',#13189);
#11590=PLANE('',#13193);
#11591=PLANE('',#13194);
#11592=PLANE('',#13195);
#11593=PLANE('',#13199);
#11594=PLANE('',#13203);
#11595=PLANE('',#13204);
#11596=PLANE('',#13205);
#11597=PLANE('',#13206);
#11598=PLANE('',#13207);
#11599=PLANE('',#13208);
#11600=PLANE('',#13209);
#11601=PLANE('',#13210);
#11602=PLANE('',#13211);
#11603=PLANE('',#13212);
#11604=PLANE('',#13213);
#11605=PLANE('',#13214);
#11606=PLANE('',#13215);
#11607=PLANE('',#13222);
#11608=PLANE('',#13223);
#11609=PLANE('',#13230);
#11610=PLANE('',#13231);
#11611=PLANE('',#13238);
#11612=PLANE('',#13239);
#11613=PLANE('',#13246);
#11614=PLANE('',#13247);
#11615=PLANE('',#13254);
#11616=PLANE('',#13255);
#11617=PLANE('',#13262);
#11618=PLANE('',#13263);
#11619=PLANE('',#13270);
#11620=PLANE('',#13271);
#11621=PLANE('',#13278);
#11622=PLANE('',#13279);
#11623=PLANE('',#13286);
#11624=PLANE('',#13287);
#11625=PLANE('',#13294);
#11626=PLANE('',#13295);
#11627=PLANE('',#13302);
#11628=PLANE('',#13303);
#11629=PLANE('',#13310);
#11630=PLANE('',#13311);
#11631=PLANE('',#13318);
#11632=PLANE('',#13319);
#11633=PLANE('',#13326);
#11634=PLANE('',#13327);
#11635=PLANE('',#13331);
#11636=PLANE('',#13332);
#11637=PLANE('',#13336);
#11638=PLANE('',#13337);
#11639=PLANE('',#13344);
#11640=PLANE('',#13345);
#11641=PLANE('',#13352);
#11642=PLANE('',#13353);
#11643=PLANE('',#13360);
#11644=PLANE('',#13361);
#11645=PLANE('',#13368);
#11646=PLANE('',#13369);
#11647=PLANE('',#13376);
#11648=PLANE('',#13377);
#11649=PLANE('',#13384);
#11650=PLANE('',#13385);
#11651=PLANE('',#13392);
#11652=PLANE('',#13393);
#11653=PLANE('',#13400);
#11654=PLANE('',#13401);
#11655=PLANE('',#13408);
#11656=PLANE('',#13409);
#11657=PLANE('',#13416);
#11658=PLANE('',#13417);
#11659=PLANE('',#13424);
#11660=PLANE('',#13425);
#11661=PLANE('',#13432);
#11662=PLANE('',#13433);
#11663=PLANE('',#13440);
#11664=PLANE('',#13441);
#11665=PLANE('',#13448);
#11666=PLANE('',#13449);
#11667=PLANE('',#13456);
#11668=PLANE('',#13457);
#11669=PLANE('',#13458);
#11670=PLANE('',#13459);
#11671=PLANE('',#13460);
#11672=PLANE('',#13461);
#11673=PLANE('',#13462);
#11674=PLANE('',#13463);
#11675=PLANE('',#13464);
#11676=PLANE('',#13465);
#11677=PLANE('',#13466);
#11678=PLANE('',#13533);
#11679=PLANE('',#13534);
#11680=PLANE('',#13535);
#11681=PLANE('',#13536);
#11682=PLANE('',#13537);
#11683=PLANE('',#13538);
#11684=PLANE('',#13539);
#11685=PLANE('',#13540);
#11686=PLANE('',#13541);
#11687=PLANE('',#13542);
#11688=PLANE('',#13543);
#11689=PLANE('',#13544);
#11690=PLANE('',#13545);
#11691=PLANE('',#13546);
#11692=PLANE('',#13547);
#11693=PLANE('',#13548);
#11694=PLANE('',#13549);
#11695=PLANE('',#13550);
#11696=PLANE('',#13551);
#11697=PLANE('',#13552);
#11698=PLANE('',#13553);
#11699=PLANE('',#13554);
#11700=PLANE('',#13555);
#11701=PLANE('',#13556);
#11702=PLANE('',#13557);
#11703=PLANE('',#13558);
#11704=PLANE('',#13559);
#11705=PLANE('',#13560);
#11706=PLANE('',#13561);
#11707=PLANE('',#13562);
#11708=PLANE('',#13563);
#11709=PLANE('',#13564);
#11710=PLANE('',#13565);
#11711=PLANE('',#13566);
#11712=PLANE('',#13567);
#11713=PLANE('',#13568);
#11714=PLANE('',#13569);
#11715=PLANE('',#13570);
#11716=PLANE('',#13571);
#11717=PLANE('',#13572);
#11718=PLANE('',#13573);
#11719=PLANE('',#13574);
#11720=PLANE('',#13575);
#11721=PLANE('',#13576);
#11722=PLANE('',#13577);
#11723=PLANE('',#13578);
#11724=PLANE('',#13579);
#11725=PLANE('',#13580);
#11726=PLANE('',#13581);
#11727=PLANE('',#13582);
#11728=PLANE('',#13583);
#11729=PLANE('',#13584);
#11730=PLANE('',#13585);
#11731=PLANE('',#13586);
#11732=PLANE('',#13587);
#11733=PLANE('',#13588);
#11734=PLANE('',#13589);
#11735=PLANE('',#13590);
#11736=PLANE('',#13591);
#11737=PLANE('',#13592);
#11738=PLANE('',#13593);
#11739=PLANE('',#13594);
#11740=PLANE('',#13595);
#11741=PLANE('',#13596);
#11742=PLANE('',#13597);
#11743=PLANE('',#13598);
#11744=PLANE('',#13599);
#11745=PLANE('',#13600);
#11746=PLANE('',#13601);
#11747=PLANE('',#13602);
#11748=PLANE('',#13603);
#11749=PLANE('',#13604);
#11750=PLANE('',#13605);
#11751=PLANE('',#13606);
#11752=PLANE('',#13607);
#11753=PLANE('',#13608);
#11754=PLANE('',#13609);
#11755=PLANE('',#13610);
#11756=PLANE('',#13611);
#11757=PLANE('',#13612);
#11758=PLANE('',#13613);
#11759=PLANE('',#13614);
#11760=PLANE('',#13615);
#11761=PLANE('',#13616);
#11762=PLANE('',#13617);
#11763=PLANE('',#13618);
#11764=PLANE('',#13619);
#11765=PLANE('',#13620);
#11766=PLANE('',#13621);
#11767=PLANE('',#13622);
#11768=PLANE('',#13623);
#11769=PLANE('',#13624);
#11770=PLANE('',#13625);
#11771=PLANE('',#13626);
#11772=PLANE('',#13627);
#11773=PLANE('',#13628);
#11774=PLANE('',#13629);
#11775=PLANE('',#13630);
#11776=PLANE('',#13631);
#11777=PLANE('',#13632);
#11778=PLANE('',#13633);
#11779=PLANE('',#13634);
#11780=PLANE('',#13635);
#11781=PLANE('',#13636);
#11782=PLANE('',#13637);
#11783=PLANE('',#13638);
#11784=PLANE('',#13639);
#11785=PLANE('',#13640);
#11786=PLANE('',#13641);
#11787=PLANE('',#13642);
#11788=PLANE('',#13643);
#11789=PLANE('',#13644);
#11790=PLANE('',#13645);
#11791=PLANE('',#13646);
#11792=PLANE('',#13647);
#11793=PLANE('',#13648);
#11794=PLANE('',#13649);
#11795=PLANE('',#13650);
#11796=PLANE('',#13651);
#11797=PLANE('',#13652);
#11798=PLANE('',#13653);
#11799=PLANE('',#13654);
#11800=PLANE('',#13655);
#11801=PLANE('',#13656);
#11802=PLANE('',#13657);
#11803=PLANE('',#13658);
#11804=PLANE('',#13659);
#11805=PLANE('',#13660);
#11806=PLANE('',#13661);
#11807=PLANE('',#13662);
#11808=PLANE('',#13663);
#11809=PLANE('',#13664);
#11810=PLANE('',#13665);
#11811=PLANE('',#13666);
#11812=PLANE('',#13667);
#11813=PLANE('',#13668);
#11814=PLANE('',#13669);
#11815=PLANE('',#13670);
#11816=PLANE('',#13671);
#11817=PLANE('',#13672);
#11818=PLANE('',#13673);
#11819=PLANE('',#13674);
#11820=PLANE('',#13675);
#11821=PLANE('',#13676);
#11822=PLANE('',#13677);
#11823=PLANE('',#13678);
#11824=PLANE('',#13679);
#11825=PLANE('',#13680);
#11826=PLANE('',#13681);
#11827=PLANE('',#13682);
#11828=PLANE('',#13683);
#11829=PLANE('',#13684);
#11830=PLANE('',#13685);
#11831=PLANE('',#13686);
#11832=PLANE('',#13687);
#11833=PLANE('',#13688);
#11834=PLANE('',#13689);
#11835=PLANE('',#13690);
#11836=PLANE('',#13691);
#11837=PLANE('',#13692);
#11838=PLANE('',#13693);
#11839=PLANE('',#13694);
#11840=PLANE('',#13695);
#11841=PLANE('',#13696);
#11842=PLANE('',#13697);
#11843=PLANE('',#13698);
#11844=PLANE('',#13699);
#11845=PLANE('',#13700);
#11846=PLANE('',#13785);
#11847=PLANE('',#13790);
#11848=PLANE('',#13798);
#11849=PLANE('',#13802);
#11850=PLANE('',#13806);
#11851=PLANE('',#13810);
#11852=PLANE('',#13843);
#11853=PLANE('',#13844);
#11854=PLANE('',#13845);
#11855=PLANE('',#13846);
#11856=PLANE('',#13847);
#11857=ADVANCED_FACE('',(#1565),#11327,.F.);
#11858=ADVANCED_FACE('',(#1566),#11328,.F.);
#11859=ADVANCED_FACE('',(#1567),#11329,.F.);
#11860=ADVANCED_FACE('',(#1568),#11330,.F.);
#11861=ADVANCED_FACE('',(#1569),#11331,.T.);
#11862=ADVANCED_FACE('',(#1570),#11332,.F.);
#11863=ADVANCED_FACE('',(#1571),#1374,.T.);
#11864=ADVANCED_FACE('',(#1572),#972,.T.);
#11865=ADVANCED_FACE('',(#1573),#973,.T.);
#11866=ADVANCED_FACE('',(#1574),#1375,.T.);
#11867=ADVANCED_FACE('',(#1575),#1376,.T.);
#11868=ADVANCED_FACE('',(#1576),#1377,.T.);
#11869=ADVANCED_FACE('',(#1577),#1378,.T.);
#11870=ADVANCED_FACE('',(#1578),#1379,.T.);
#11871=ADVANCED_FACE('',(#1579),#1380,.T.);
#11872=ADVANCED_FACE('',(#1580),#974,.T.);
#11873=ADVANCED_FACE('',(#1581),#975,.T.);
#11874=ADVANCED_FACE('',(#1582),#976,.T.);
#11875=ADVANCED_FACE('',(#1583),#977,.T.);
#11876=ADVANCED_FACE('',(#1584),#1381,.T.);
#11877=ADVANCED_FACE('',(#1585),#1382,.T.);
#11878=ADVANCED_FACE('',(#1586),#1383,.T.);
#11879=ADVANCED_FACE('',(#1587),#1384,.T.);
#11880=ADVANCED_FACE('',(#1588),#978,.T.);
#11881=ADVANCED_FACE('',(#1589),#979,.T.);
#11882=ADVANCED_FACE('',(#1590),#1385,.T.);
#11883=ADVANCED_FACE('',(#1591),#11333,.F.);
#11884=ADVANCED_FACE('',(#1592),#11334,.F.);
#11885=ADVANCED_FACE('',(#1593),#11335,.F.);
#11886=ADVANCED_FACE('',(#1594),#11336,.F.);
#11887=ADVANCED_FACE('',(#1595),#11337,.T.);
#11888=ADVANCED_FACE('',(#1596),#11338,.F.);
#11889=ADVANCED_FACE('',(#1597),#11339,.F.);
#11890=ADVANCED_FACE('',(#1598),#11340,.F.);
#11891=ADVANCED_FACE('',(#1599),#11341,.F.);
#11892=ADVANCED_FACE('',(#1600),#11342,.F.);
#11893=ADVANCED_FACE('',(#1601),#11343,.T.);
#11894=ADVANCED_FACE('',(#1602),#11344,.F.);
#11895=ADVANCED_FACE('',(#1603),#11345,.F.);
#11896=ADVANCED_FACE('',(#1604),#11346,.F.);
#11897=ADVANCED_FACE('',(#1605),#11347,.F.);
#11898=ADVANCED_FACE('',(#1606),#11348,.F.);
#11899=ADVANCED_FACE('',(#1607),#11349,.T.);
#11900=ADVANCED_FACE('',(#1608),#11350,.F.);
#11901=ADVANCED_FACE('',(#1609),#11351,.F.);
#11902=ADVANCED_FACE('',(#1610),#11352,.F.);
#11903=ADVANCED_FACE('',(#1611),#11353,.F.);
#11904=ADVANCED_FACE('',(#1612),#11354,.F.);
#11905=ADVANCED_FACE('',(#1613),#11355,.T.);
#11906=ADVANCED_FACE('',(#1614),#11356,.F.);
#11907=ADVANCED_FACE('',(#1615),#11357,.F.);
#11908=ADVANCED_FACE('',(#1616),#11358,.F.);
#11909=ADVANCED_FACE('',(#1617),#11359,.F.);
#11910=ADVANCED_FACE('',(#1618),#11360,.F.);
#11911=ADVANCED_FACE('',(#1619),#11361,.T.);
#11912=ADVANCED_FACE('',(#1620),#11362,.F.);
#11913=ADVANCED_FACE('',(#1621),#11363,.F.);
#11914=ADVANCED_FACE('',(#1622),#11364,.F.);
#11915=ADVANCED_FACE('',(#1623),#11365,.F.);
#11916=ADVANCED_FACE('',(#1624),#11366,.F.);
#11917=ADVANCED_FACE('',(#1625),#11367,.T.);
#11918=ADVANCED_FACE('',(#1626),#11368,.F.);
#11919=ADVANCED_FACE('',(#1627),#11369,.F.);
#11920=ADVANCED_FACE('',(#1628),#11370,.F.);
#11921=ADVANCED_FACE('',(#1629),#11371,.F.);
#11922=ADVANCED_FACE('',(#1630),#11372,.F.);
#11923=ADVANCED_FACE('',(#1631),#11373,.T.);
#11924=ADVANCED_FACE('',(#1632),#11374,.F.);
#11925=ADVANCED_FACE('',(#1633),#11375,.F.);
#11926=ADVANCED_FACE('',(#1634),#11376,.F.);
#11927=ADVANCED_FACE('',(#1635),#11377,.F.);
#11928=ADVANCED_FACE('',(#1636),#11378,.F.);
#11929=ADVANCED_FACE('',(#1637),#11379,.T.);
#11930=ADVANCED_FACE('',(#1638),#11380,.F.);
#11931=ADVANCED_FACE('',(#1639),#11381,.F.);
#11932=ADVANCED_FACE('',(#1640),#11382,.F.);
#11933=ADVANCED_FACE('',(#1641),#11383,.F.);
#11934=ADVANCED_FACE('',(#1642),#11384,.F.);
#11935=ADVANCED_FACE('',(#1643),#11385,.T.);
#11936=ADVANCED_FACE('',(#1644),#11386,.F.);
#11937=ADVANCED_FACE('',(#1645),#11387,.F.);
#11938=ADVANCED_FACE('',(#1646),#11388,.F.);
#11939=ADVANCED_FACE('',(#1647),#11389,.F.);
#11940=ADVANCED_FACE('',(#1648),#11390,.F.);
#11941=ADVANCED_FACE('',(#1649),#11391,.T.);
#11942=ADVANCED_FACE('',(#1650),#11392,.F.);
#11943=ADVANCED_FACE('',(#1651),#11393,.F.);
#11944=ADVANCED_FACE('',(#1652),#11394,.F.);
#11945=ADVANCED_FACE('',(#1653),#11395,.F.);
#11946=ADVANCED_FACE('',(#1654),#11396,.F.);
#11947=ADVANCED_FACE('',(#1655),#11397,.T.);
#11948=ADVANCED_FACE('',(#1656),#11398,.F.);
#11949=ADVANCED_FACE('',(#1657),#11399,.F.);
#11950=ADVANCED_FACE('',(#1658),#11400,.F.);
#11951=ADVANCED_FACE('',(#1659),#11401,.F.);
#11952=ADVANCED_FACE('',(#1660),#11402,.F.);
#11953=ADVANCED_FACE('',(#1661),#11403,.T.);
#11954=ADVANCED_FACE('',(#1662),#11404,.F.);
#11955=ADVANCED_FACE('',(#1663),#11405,.F.);
#11956=ADVANCED_FACE('',(#1664),#11406,.F.);
#11957=ADVANCED_FACE('',(#1665),#11407,.F.);
#11958=ADVANCED_FACE('',(#1666),#11408,.F.);
#11959=ADVANCED_FACE('',(#1667),#11409,.F.);
#11960=ADVANCED_FACE('',(#1668),#11410,.T.);
#11961=ADVANCED_FACE('',(#1669),#11411,.F.);
#11962=ADVANCED_FACE('',(#1670),#11412,.F.);
#11963=ADVANCED_FACE('',(#1671),#11413,.F.);
#11964=ADVANCED_FACE('',(#1672),#11414,.F.);
#11965=ADVANCED_FACE('',(#1673),#11415,.F.);
#11966=ADVANCED_FACE('',(#1674),#11416,.T.);
#11967=ADVANCED_FACE('',(#1675),#11417,.T.);
#11968=ADVANCED_FACE('',(#1676),#11418,.F.);
#11969=ADVANCED_FACE('',(#1677),#11419,.F.);
#11970=ADVANCED_FACE('',(#1678),#11420,.T.);
#11971=ADVANCED_FACE('',(#1679),#11421,.F.);
#11972=ADVANCED_FACE('',(#1680),#11422,.T.);
#11973=ADVANCED_FACE('',(#1681),#11423,.F.);
#11974=ADVANCED_FACE('',(#1682),#11424,.T.);
#11975=ADVANCED_FACE('',(#1683),#11425,.F.);
#11976=ADVANCED_FACE('',(#1684),#11426,.T.);
#11977=ADVANCED_FACE('',(#1685),#11427,.T.);
#11978=ADVANCED_FACE('',(#1686),#11428,.T.);
#11979=ADVANCED_FACE('',(#1687),#1386,.T.);
#11980=ADVANCED_FACE('',(#1688),#11429,.T.);
#11981=ADVANCED_FACE('',(#1689),#1387,.F.);
#11982=ADVANCED_FACE('',(#1690),#11430,.T.);
#11983=ADVANCED_FACE('',(#1691),#11431,.T.);
#11984=ADVANCED_FACE('',(#1692),#11432,.T.);
#11985=ADVANCED_FACE('',(#1693),#1388,.T.);
#11986=ADVANCED_FACE('',(#1694),#11433,.T.);
#11987=ADVANCED_FACE('',(#1695),#1389,.F.);
#11988=ADVANCED_FACE('',(#1696),#11434,.T.);
#11989=ADVANCED_FACE('',(#1697),#11435,.F.);
#11990=ADVANCED_FACE('',(#1698),#11436,.T.);
#11991=ADVANCED_FACE('',(#1699),#1390,.F.);
#11992=ADVANCED_FACE('',(#1700),#11437,.T.);
#11993=ADVANCED_FACE('',(#1701),#1391,.T.);
#11994=ADVANCED_FACE('',(#1702),#11438,.T.);
#11995=ADVANCED_FACE('',(#1703),#11439,.T.);
#11996=ADVANCED_FACE('',(#1704),#11440,.T.);
#11997=ADVANCED_FACE('',(#1705),#1392,.F.);
#11998=ADVANCED_FACE('',(#1706),#11441,.T.);
#11999=ADVANCED_FACE('',(#1707),#1393,.T.);
#12000=ADVANCED_FACE('',(#1708),#11442,.T.);
#12001=ADVANCED_FACE('',(#1709),#11443,.T.);
#12002=ADVANCED_FACE('',(#1710),#11444,.T.);
#12003=ADVANCED_FACE('',(#1711),#11445,.T.);
#12004=ADVANCED_FACE('',(#1712),#11446,.F.);
#12005=ADVANCED_FACE('',(#1713),#1394,.F.);
#12006=ADVANCED_FACE('',(#1714),#11447,.T.);
#12007=ADVANCED_FACE('',(#1715),#1395,.T.);
#12008=ADVANCED_FACE('',(#1716),#11448,.T.);
#12009=ADVANCED_FACE('',(#1717),#11449,.T.);
#12010=ADVANCED_FACE('',(#1718),#11450,.T.);
#12011=ADVANCED_FACE('',(#1719),#1396,.F.);
#12012=ADVANCED_FACE('',(#1720),#11451,.T.);
#12013=ADVANCED_FACE('',(#1721),#1397,.T.);
#12014=ADVANCED_FACE('',(#1722),#11452,.T.);
#12015=ADVANCED_FACE('',(#1723),#11453,.T.);
#12016=ADVANCED_FACE('',(#1724),#11454,.T.);
#12017=ADVANCED_FACE('',(#1725),#11455,.T.);
#12018=ADVANCED_FACE('',(#1726),#11456,.F.);
#12019=ADVANCED_FACE('',(#1727),#1398,.F.);
#12020=ADVANCED_FACE('',(#1728),#11457,.T.);
#12021=ADVANCED_FACE('',(#1729),#1399,.T.);
#12022=ADVANCED_FACE('',(#1730),#11458,.T.);
#12023=ADVANCED_FACE('',(#1731),#11459,.T.);
#12024=ADVANCED_FACE('',(#1732),#11460,.T.);
#12025=ADVANCED_FACE('',(#1733),#1400,.F.);
#12026=ADVANCED_FACE('',(#1734),#11461,.T.);
#12027=ADVANCED_FACE('',(#1735),#1401,.T.);
#12028=ADVANCED_FACE('',(#1736),#11462,.T.);
#12029=ADVANCED_FACE('',(#1737),#11463,.T.);
#12030=ADVANCED_FACE('',(#1738),#11464,.T.);
#12031=ADVANCED_FACE('',(#1739),#11465,.T.);
#12032=ADVANCED_FACE('',(#1740),#11466,.F.);
#12033=ADVANCED_FACE('',(#1741),#11467,.T.);
#12034=ADVANCED_FACE('',(#1742),#11468,.T.);
#12035=ADVANCED_FACE('',(#1743),#1402,.T.);
#12036=ADVANCED_FACE('',(#1744),#11469,.T.);
#12037=ADVANCED_FACE('',(#1745),#1403,.F.);
#12038=ADVANCED_FACE('',(#1746),#11470,.T.);
#12039=ADVANCED_FACE('',(#1747),#11471,.T.);
#12040=ADVANCED_FACE('',(#1748),#11472,.T.);
#12041=ADVANCED_FACE('',(#1749),#1404,.T.);
#12042=ADVANCED_FACE('',(#1750),#11473,.T.);
#12043=ADVANCED_FACE('',(#1751),#1405,.F.);
#12044=ADVANCED_FACE('',(#1752),#11474,.T.);
#12045=ADVANCED_FACE('',(#1753),#11475,.F.);
#12046=ADVANCED_FACE('',(#1754),#11476,.T.);
#12047=ADVANCED_FACE('',(#1755),#11477,.T.);
#12048=ADVANCED_FACE('',(#1756),#11478,.F.);
#12049=ADVANCED_FACE('',(#1757),#11479,.T.);
#12050=ADVANCED_FACE('',(#1758),#11480,.T.);
#12051=ADVANCED_FACE('',(#1759),#11481,.T.);
#12052=ADVANCED_FACE('',(#1760),#11482,.T.);
#12053=ADVANCED_FACE('',(#1761),#11483,.F.);
#12054=ADVANCED_FACE('',(#1762),#11484,.F.);
#12055=ADVANCED_FACE('',(#1763),#11485,.F.);
#12056=ADVANCED_FACE('',(#1764),#11486,.F.);
#12057=ADVANCED_FACE('',(#1765),#11487,.T.);
#12058=ADVANCED_FACE('',(#1766),#11488,.T.);
#12059=ADVANCED_FACE('',(#1767),#1406,.T.);
#12060=ADVANCED_FACE('',(#1768),#11489,.T.);
#12061=ADVANCED_FACE('',(#1769),#1407,.F.);
#12062=ADVANCED_FACE('',(#1770),#11490,.T.);
#12063=ADVANCED_FACE('',(#1771),#11491,.T.);
#12064=ADVANCED_FACE('',(#1772),#11492,.T.);
#12065=ADVANCED_FACE('',(#1773),#1408,.T.);
#12066=ADVANCED_FACE('',(#1774),#11493,.T.);
#12067=ADVANCED_FACE('',(#1775),#1409,.F.);
#12068=ADVANCED_FACE('',(#1776),#11494,.T.);
#12069=ADVANCED_FACE('',(#1777),#11495,.T.);
#12070=ADVANCED_FACE('',(#1778),#11496,.F.);
#12071=ADVANCED_FACE('',(#1779),#11497,.T.);
#12072=ADVANCED_FACE('',(#1780),#11498,.T.);
#12073=ADVANCED_FACE('',(#1781),#1410,.T.);
#12074=ADVANCED_FACE('',(#1782),#11499,.T.);
#12075=ADVANCED_FACE('',(#1783),#1411,.F.);
#12076=ADVANCED_FACE('',(#1784),#11500,.T.);
#12077=ADVANCED_FACE('',(#1785),#11501,.T.);
#12078=ADVANCED_FACE('',(#1786),#11502,.T.);
#12079=ADVANCED_FACE('',(#1787),#1412,.T.);
#12080=ADVANCED_FACE('',(#1788),#11503,.T.);
#12081=ADVANCED_FACE('',(#1789),#1413,.F.);
#12082=ADVANCED_FACE('',(#1790),#11504,.T.);
#12083=ADVANCED_FACE('',(#1791),#11505,.T.);
#12084=ADVANCED_FACE('',(#1792),#11506,.F.);
#12085=ADVANCED_FACE('',(#1793),#11507,.T.);
#12086=ADVANCED_FACE('',(#1794),#11508,.T.);
#12087=ADVANCED_FACE('',(#1795),#1414,.T.);
#12088=ADVANCED_FACE('',(#1796),#11509,.T.);
#12089=ADVANCED_FACE('',(#1797),#1415,.F.);
#12090=ADVANCED_FACE('',(#1798),#11510,.T.);
#12091=ADVANCED_FACE('',(#1799),#11511,.T.);
#12092=ADVANCED_FACE('',(#1800),#11512,.T.);
#12093=ADVANCED_FACE('',(#1801),#1416,.T.);
#12094=ADVANCED_FACE('',(#1802),#11513,.T.);
#12095=ADVANCED_FACE('',(#1803),#1417,.F.);
#12096=ADVANCED_FACE('',(#1804),#11514,.T.);
#12097=ADVANCED_FACE('',(#1805),#11515,.T.);
#12098=ADVANCED_FACE('',(#1806),#11516,.F.);
#12099=ADVANCED_FACE('',(#1807),#11517,.T.);
#12100=ADVANCED_FACE('',(#1808),#11518,.T.);
#12101=ADVANCED_FACE('',(#1809),#1418,.T.);
#12102=ADVANCED_FACE('',(#1810),#11519,.T.);
#12103=ADVANCED_FACE('',(#1811),#1419,.F.);
#12104=ADVANCED_FACE('',(#1812),#11520,.T.);
#12105=ADVANCED_FACE('',(#1813),#11521,.T.);
#12106=ADVANCED_FACE('',(#1814),#11522,.T.);
#12107=ADVANCED_FACE('',(#1815),#1420,.T.);
#12108=ADVANCED_FACE('',(#1816),#11523,.T.);
#12109=ADVANCED_FACE('',(#1817),#1421,.F.);
#12110=ADVANCED_FACE('',(#1818),#11524,.T.);
#12111=ADVANCED_FACE('',(#1819),#11525,.T.);
#12112=ADVANCED_FACE('',(#1820),#11526,.F.);
#12113=ADVANCED_FACE('',(#1821),#11527,.T.);
#12114=ADVANCED_FACE('',(#1822),#11528,.F.);
#12115=ADVANCED_FACE('',(#1823),#11529,.T.);
#12116=ADVANCED_FACE('',(#1824),#11530,.T.);
#12117=ADVANCED_FACE('',(#1825),#11531,.T.);
#12118=ADVANCED_FACE('',(#1826),#11532,.T.);
#12119=ADVANCED_FACE('',(#1827),#11533,.F.);
#12120=ADVANCED_FACE('',(#1828),#11534,.F.);
#12121=ADVANCED_FACE('',(#1829),#11535,.F.);
#12122=ADVANCED_FACE('',(#1830),#11536,.F.);
#12123=ADVANCED_FACE('',(#1831),#11537,.T.);
#12124=ADVANCED_FACE('',(#1832),#11538,.T.);
#12125=ADVANCED_FACE('',(#1833),#1422,.T.);
#12126=ADVANCED_FACE('',(#1834),#11539,.T.);
#12127=ADVANCED_FACE('',(#1835),#1423,.F.);
#12128=ADVANCED_FACE('',(#1836),#11540,.T.);
#12129=ADVANCED_FACE('',(#1837),#11541,.T.);
#12130=ADVANCED_FACE('',(#1838),#11542,.T.);
#12131=ADVANCED_FACE('',(#1839),#1424,.T.);
#12132=ADVANCED_FACE('',(#1840),#11543,.T.);
#12133=ADVANCED_FACE('',(#1841),#1425,.F.);
#12134=ADVANCED_FACE('',(#1842),#11544,.T.);
#12135=ADVANCED_FACE('',(#1843),#11545,.T.);
#12136=ADVANCED_FACE('',(#1844),#11546,.F.);
#12137=ADVANCED_FACE('',(#1845),#11547,.T.);
#12138=ADVANCED_FACE('',(#1846),#11548,.T.);
#12139=ADVANCED_FACE('',(#1847),#1426,.T.);
#12140=ADVANCED_FACE('',(#1848),#11549,.T.);
#12141=ADVANCED_FACE('',(#1849),#1427,.F.);
#12142=ADVANCED_FACE('',(#1850),#11550,.T.);
#12143=ADVANCED_FACE('',(#1851),#11551,.T.);
#12144=ADVANCED_FACE('',(#1852),#11552,.T.);
#12145=ADVANCED_FACE('',(#1853),#1428,.T.);
#12146=ADVANCED_FACE('',(#1854),#11553,.T.);
#12147=ADVANCED_FACE('',(#1855),#1429,.F.);
#12148=ADVANCED_FACE('',(#1856),#11554,.T.);
#12149=ADVANCED_FACE('',(#1857),#11555,.T.);
#12150=ADVANCED_FACE('',(#1858),#11556,.F.);
#12151=ADVANCED_FACE('',(#1859),#11557,.T.);
#12152=ADVANCED_FACE('',(#1860),#11558,.T.);
#12153=ADVANCED_FACE('',(#1861),#1430,.T.);
#12154=ADVANCED_FACE('',(#1862),#11559,.T.);
#12155=ADVANCED_FACE('',(#1863),#1431,.F.);
#12156=ADVANCED_FACE('',(#1864),#11560,.T.);
#12157=ADVANCED_FACE('',(#1865),#11561,.T.);
#12158=ADVANCED_FACE('',(#1866),#11562,.T.);
#12159=ADVANCED_FACE('',(#1867),#1432,.T.);
#12160=ADVANCED_FACE('',(#1868),#11563,.T.);
#12161=ADVANCED_FACE('',(#1869),#1433,.F.);
#12162=ADVANCED_FACE('',(#1870),#11564,.T.);
#12163=ADVANCED_FACE('',(#1871),#11565,.T.);
#12164=ADVANCED_FACE('',(#1872),#11566,.F.);
#12165=ADVANCED_FACE('',(#1873),#11567,.T.);
#12166=ADVANCED_FACE('',(#1874),#11568,.T.);
#12167=ADVANCED_FACE('',(#1875),#1434,.T.);
#12168=ADVANCED_FACE('',(#1876),#11569,.T.);
#12169=ADVANCED_FACE('',(#1877),#1435,.F.);
#12170=ADVANCED_FACE('',(#1878),#11570,.T.);
#12171=ADVANCED_FACE('',(#1879),#11571,.T.);
#12172=ADVANCED_FACE('',(#1880),#11572,.T.);
#12173=ADVANCED_FACE('',(#1881),#1436,.T.);
#12174=ADVANCED_FACE('',(#1882),#11573,.T.);
#12175=ADVANCED_FACE('',(#1883),#1437,.F.);
#12176=ADVANCED_FACE('',(#1884),#11574,.T.);
#12177=ADVANCED_FACE('',(#1885),#11575,.T.);
#12178=ADVANCED_FACE('',(#1886),#11576,.F.);
#12179=ADVANCED_FACE('',(#1887),#11577,.T.);
#12180=ADVANCED_FACE('',(#1888),#11578,.T.);
#12181=ADVANCED_FACE('',(#1889),#1438,.T.);
#12182=ADVANCED_FACE('',(#1890),#11579,.T.);
#12183=ADVANCED_FACE('',(#1891),#1439,.F.);
#12184=ADVANCED_FACE('',(#1892),#11580,.T.);
#12185=ADVANCED_FACE('',(#1893),#11581,.T.);
#12186=ADVANCED_FACE('',(#1894),#11582,.T.);
#12187=ADVANCED_FACE('',(#1895),#1440,.T.);
#12188=ADVANCED_FACE('',(#1896),#11583,.T.);
#12189=ADVANCED_FACE('',(#1897),#1441,.F.);
#12190=ADVANCED_FACE('',(#1898),#11584,.T.);
#12191=ADVANCED_FACE('',(#1899),#11585,.T.);
#12192=ADVANCED_FACE('',(#1900),#11586,.F.);
#12193=ADVANCED_FACE('',(#1901),#11587,.T.);
#12194=ADVANCED_FACE('',(#1902),#11588,.T.);
#12195=ADVANCED_FACE('',(#1903),#1442,.T.);
#12196=ADVANCED_FACE('',(#1904),#11589,.T.);
#12197=ADVANCED_FACE('',(#1905),#1443,.F.);
#12198=ADVANCED_FACE('',(#1906),#11590,.T.);
#12199=ADVANCED_FACE('',(#1907),#11591,.T.);
#12200=ADVANCED_FACE('',(#1908),#11592,.T.);
#12201=ADVANCED_FACE('',(#1909),#1444,.T.);
#12202=ADVANCED_FACE('',(#1910),#11593,.T.);
#12203=ADVANCED_FACE('',(#1911),#1445,.F.);
#12204=ADVANCED_FACE('',(#1912),#11594,.T.);
#12205=ADVANCED_FACE('',(#1913),#11595,.T.);
#12206=ADVANCED_FACE('',(#1914),#11596,.F.);
#12207=ADVANCED_FACE('',(#1915),#11597,.T.);
#12208=ADVANCED_FACE('',(#1916),#11598,.F.);
#12209=ADVANCED_FACE('',(#1917),#11599,.T.);
#12210=ADVANCED_FACE('',(#1918),#11600,.T.);
#12211=ADVANCED_FACE('',(#1919),#11601,.T.);
#12212=ADVANCED_FACE('',(#1920),#11602,.T.);
#12213=ADVANCED_FACE('',(#1921),#11603,.F.);
#12214=ADVANCED_FACE('',(#1922),#11604,.F.);
#12215=ADVANCED_FACE('',(#1923),#11605,.F.);
#12216=ADVANCED_FACE('',(#1924),#11606,.F.);
#12217=ADVANCED_FACE('',(#1925),#1446,.F.);
#12218=ADVANCED_FACE('',(#1926),#1447,.T.);
#12219=ADVANCED_FACE('',(#1927,#26),#11607,.T.);
#12220=ADVANCED_FACE('',(#1928,#27),#11608,.F.);
#12221=ADVANCED_FACE('',(#1929),#1448,.F.);
#12222=ADVANCED_FACE('',(#1930),#1449,.T.);
#12223=ADVANCED_FACE('',(#1931,#28),#11609,.T.);
#12224=ADVANCED_FACE('',(#1932,#29),#11610,.F.);
#12225=ADVANCED_FACE('',(#1933),#1450,.F.);
#12226=ADVANCED_FACE('',(#1934),#1451,.T.);
#12227=ADVANCED_FACE('',(#1935,#30),#11611,.T.);
#12228=ADVANCED_FACE('',(#1936,#31),#11612,.F.);
#12229=ADVANCED_FACE('',(#1937),#1452,.F.);
#12230=ADVANCED_FACE('',(#1938),#1453,.T.);
#12231=ADVANCED_FACE('',(#1939,#32),#11613,.T.);
#12232=ADVANCED_FACE('',(#1940,#33),#11614,.F.);
#12233=ADVANCED_FACE('',(#1941),#1454,.F.);
#12234=ADVANCED_FACE('',(#1942),#1455,.T.);
#12235=ADVANCED_FACE('',(#1943,#34),#11615,.T.);
#12236=ADVANCED_FACE('',(#1944,#35),#11616,.F.);
#12237=ADVANCED_FACE('',(#1945),#1456,.F.);
#12238=ADVANCED_FACE('',(#1946),#1457,.T.);
#12239=ADVANCED_FACE('',(#1947,#36),#11617,.T.);
#12240=ADVANCED_FACE('',(#1948,#37),#11618,.F.);
#12241=ADVANCED_FACE('',(#1949),#1458,.F.);
#12242=ADVANCED_FACE('',(#1950),#1459,.T.);
#12243=ADVANCED_FACE('',(#1951,#38),#11619,.T.);
#12244=ADVANCED_FACE('',(#1952,#39),#11620,.F.);
#12245=ADVANCED_FACE('',(#1953),#1460,.F.);
#12246=ADVANCED_FACE('',(#1954),#1461,.T.);
#12247=ADVANCED_FACE('',(#1955,#40),#11621,.T.);
#12248=ADVANCED_FACE('',(#1956,#41),#11622,.F.);
#12249=ADVANCED_FACE('',(#1957),#1462,.F.);
#12250=ADVANCED_FACE('',(#1958),#1463,.T.);
#12251=ADVANCED_FACE('',(#1959,#42),#11623,.T.);
#12252=ADVANCED_FACE('',(#1960,#43),#11624,.F.);
#12253=ADVANCED_FACE('',(#1961),#1464,.F.);
#12254=ADVANCED_FACE('',(#1962),#1465,.T.);
#12255=ADVANCED_FACE('',(#1963,#44),#11625,.T.);
#12256=ADVANCED_FACE('',(#1964,#45),#11626,.F.);
#12257=ADVANCED_FACE('',(#1965),#1466,.F.);
#12258=ADVANCED_FACE('',(#1966),#1467,.T.);
#12259=ADVANCED_FACE('',(#1967,#46),#11627,.T.);
#12260=ADVANCED_FACE('',(#1968,#47),#11628,.F.);
#12261=ADVANCED_FACE('',(#1969),#1468,.F.);
#12262=ADVANCED_FACE('',(#1970),#1469,.T.);
#12263=ADVANCED_FACE('',(#1971,#48),#11629,.T.);
#12264=ADVANCED_FACE('',(#1972,#49),#11630,.F.);
#12265=ADVANCED_FACE('',(#1973),#1470,.F.);
#12266=ADVANCED_FACE('',(#1974),#1471,.T.);
#12267=ADVANCED_FACE('',(#1975,#50),#11631,.T.);
#12268=ADVANCED_FACE('',(#1976,#51),#11632,.F.);
#12269=ADVANCED_FACE('',(#1977),#1472,.F.);
#12270=ADVANCED_FACE('',(#1978),#1473,.T.);
#12271=ADVANCED_FACE('',(#1979,#52),#11633,.T.);
#12272=ADVANCED_FACE('',(#1980,#53),#11634,.F.);
#12273=ADVANCED_FACE('',(#1981),#1474,.T.);
#12274=ADVANCED_FACE('',(#1982),#11635,.T.);
#12275=ADVANCED_FACE('',(#1983),#11636,.F.);
#12276=ADVANCED_FACE('',(#1984),#1475,.T.);
#12277=ADVANCED_FACE('',(#1985),#11637,.T.);
#12278=ADVANCED_FACE('',(#1986),#11638,.F.);
#12279=ADVANCED_FACE('',(#1987),#1476,.F.);
#12280=ADVANCED_FACE('',(#1988),#1477,.T.);
#12281=ADVANCED_FACE('',(#1989,#54),#11639,.T.);
#12282=ADVANCED_FACE('',(#1990,#55),#11640,.F.);
#12283=ADVANCED_FACE('',(#1991),#1478,.F.);
#12284=ADVANCED_FACE('',(#1992),#1479,.T.);
#12285=ADVANCED_FACE('',(#1993,#56),#11641,.T.);
#12286=ADVANCED_FACE('',(#1994,#57),#11642,.F.);
#12287=ADVANCED_FACE('',(#1995),#1480,.F.);
#12288=ADVANCED_FACE('',(#1996),#1481,.T.);
#12289=ADVANCED_FACE('',(#1997,#58),#11643,.T.);
#12290=ADVANCED_FACE('',(#1998,#59),#11644,.F.);
#12291=ADVANCED_FACE('',(#1999),#1482,.F.);
#12292=ADVANCED_FACE('',(#2000),#1483,.T.);
#12293=ADVANCED_FACE('',(#2001,#60),#11645,.T.);
#12294=ADVANCED_FACE('',(#2002,#61),#11646,.F.);
#12295=ADVANCED_FACE('',(#2003),#1484,.F.);
#12296=ADVANCED_FACE('',(#2004),#1485,.T.);
#12297=ADVANCED_FACE('',(#2005,#62),#11647,.T.);
#12298=ADVANCED_FACE('',(#2006,#63),#11648,.F.);
#12299=ADVANCED_FACE('',(#2007),#1486,.F.);
#12300=ADVANCED_FACE('',(#2008),#1487,.T.);
#12301=ADVANCED_FACE('',(#2009,#64),#11649,.T.);
#12302=ADVANCED_FACE('',(#2010,#65),#11650,.F.);
#12303=ADVANCED_FACE('',(#2011),#1488,.F.);
#12304=ADVANCED_FACE('',(#2012),#1489,.T.);
#12305=ADVANCED_FACE('',(#2013,#66),#11651,.T.);
#12306=ADVANCED_FACE('',(#2014,#67),#11652,.F.);
#12307=ADVANCED_FACE('',(#2015),#1490,.F.);
#12308=ADVANCED_FACE('',(#2016),#1491,.T.);
#12309=ADVANCED_FACE('',(#2017,#68),#11653,.T.);
#12310=ADVANCED_FACE('',(#2018,#69),#11654,.F.);
#12311=ADVANCED_FACE('',(#2019),#1492,.F.);
#12312=ADVANCED_FACE('',(#2020),#1493,.T.);
#12313=ADVANCED_FACE('',(#2021,#70),#11655,.T.);
#12314=ADVANCED_FACE('',(#2022,#71),#11656,.F.);
#12315=ADVANCED_FACE('',(#2023),#1494,.F.);
#12316=ADVANCED_FACE('',(#2024),#1495,.T.);
#12317=ADVANCED_FACE('',(#2025,#72),#11657,.T.);
#12318=ADVANCED_FACE('',(#2026,#73),#11658,.F.);
#12319=ADVANCED_FACE('',(#2027),#1496,.F.);
#12320=ADVANCED_FACE('',(#2028),#1497,.T.);
#12321=ADVANCED_FACE('',(#2029,#74),#11659,.T.);
#12322=ADVANCED_FACE('',(#2030,#75),#11660,.F.);
#12323=ADVANCED_FACE('',(#2031),#1498,.F.);
#12324=ADVANCED_FACE('',(#2032),#1499,.T.);
#12325=ADVANCED_FACE('',(#2033,#76),#11661,.T.);
#12326=ADVANCED_FACE('',(#2034,#77),#11662,.F.);
#12327=ADVANCED_FACE('',(#2035),#1500,.F.);
#12328=ADVANCED_FACE('',(#2036),#1501,.T.);
#12329=ADVANCED_FACE('',(#2037,#78),#11663,.T.);
#12330=ADVANCED_FACE('',(#2038,#79),#11664,.F.);
#12331=ADVANCED_FACE('',(#2039),#1502,.F.);
#12332=ADVANCED_FACE('',(#2040),#1503,.T.);
#12333=ADVANCED_FACE('',(#2041,#80),#11665,.T.);
#12334=ADVANCED_FACE('',(#2042,#81),#11666,.F.);
#12335=ADVANCED_FACE('',(#2043),#17,.T.);
#12336=ADVANCED_FACE('',(#2044),#1504,.F.);
#12337=ADVANCED_FACE('',(#2045),#11667,.T.);
#12338=ADVANCED_FACE('',(#2046),#11668,.F.);
#12339=ADVANCED_FACE('',(#2047),#11669,.F.);
#12340=ADVANCED_FACE('',(#2048),#11670,.F.);
#12341=ADVANCED_FACE('',(#2049),#11671,.F.);
#12342=ADVANCED_FACE('',(#2050,#82),#11672,.T.);
#12343=ADVANCED_FACE('',(#2051),#11673,.F.);
#12344=ADVANCED_FACE('',(#2052),#11674,.T.);
#12345=ADVANCED_FACE('',(#2053),#11675,.T.);
#12346=ADVANCED_FACE('',(#2054),#11676,.T.);
#12347=ADVANCED_FACE('',(#2055),#11677,.T.);
#12348=ADVANCED_FACE('',(#2056),#1505,.T.);
#12349=ADVANCED_FACE('',(#2057),#1506,.T.);
#12350=ADVANCED_FACE('',(#2058),#1507,.T.);
#12351=ADVANCED_FACE('',(#2059),#1508,.T.);
#12352=ADVANCED_FACE('',(#2060),#1509,.T.);
#12353=ADVANCED_FACE('',(#2061),#980,.T.);
#12354=ADVANCED_FACE('',(#2062),#981,.T.);
#12355=ADVANCED_FACE('',(#2063),#982,.T.);
#12356=ADVANCED_FACE('',(#2064),#983,.T.);
#12357=ADVANCED_FACE('',(#2065),#1510,.T.);
#12358=ADVANCED_FACE('',(#2066),#1511,.T.);
#12359=ADVANCED_FACE('',(#2067),#1512,.T.);
#12360=ADVANCED_FACE('',(#2068),#1513,.T.);
#12361=ADVANCED_FACE('',(#2069),#1514,.T.);
#12362=ADVANCED_FACE('',(#2070),#1515,.T.);
#12363=ADVANCED_FACE('',(#2071),#1516,.T.);
#12364=ADVANCED_FACE('',(#2072),#984,.T.);
#12365=ADVANCED_FACE('',(#2073),#985,.T.);
#12366=ADVANCED_FACE('',(#2074),#986,.T.);
#12367=ADVANCED_FACE('',(#2075),#987,.T.);
#12368=ADVANCED_FACE('',(#2076),#1517,.T.);
#12369=ADVANCED_FACE('',(#2077),#1518,.T.);
#12370=ADVANCED_FACE('',(#2078),#1519,.T.);
#12371=ADVANCED_FACE('',(#2079),#1520,.T.);
#12372=ADVANCED_FACE('',(#2080),#1521,.T.);
#12373=ADVANCED_FACE('',(#2081),#988,.T.);
#12374=ADVANCED_FACE('',(#2082),#989,.T.);
#12375=ADVANCED_FACE('',(#2083),#1522,.T.);
#12376=ADVANCED_FACE('',(#2084),#1523,.T.);
#12377=ADVANCED_FACE('',(#2085),#1524,.T.);
#12378=ADVANCED_FACE('',(#2086),#11678,.T.);
#12379=ADVANCED_FACE('',(#2087),#11679,.T.);
#12380=ADVANCED_FACE('',(#2088),#11680,.T.);
#12381=ADVANCED_FACE('',(#2089),#11681,.T.);
#12382=ADVANCED_FACE('',(#2090),#11682,.T.);
#12383=ADVANCED_FACE('',(#2091),#11683,.F.);
#12384=ADVANCED_FACE('',(#2092),#11684,.T.);
#12385=ADVANCED_FACE('',(#2093),#11685,.T.);
#12386=ADVANCED_FACE('',(#2094),#11686,.T.);
#12387=ADVANCED_FACE('',(#2095),#11687,.T.);
#12388=ADVANCED_FACE('',(#2096),#11688,.T.);
#12389=ADVANCED_FACE('',(#2097),#11689,.F.);
#12390=ADVANCED_FACE('',(#2098),#11690,.T.);
#12391=ADVANCED_FACE('',(#2099),#11691,.T.);
#12392=ADVANCED_FACE('',(#2100),#11692,.T.);
#12393=ADVANCED_FACE('',(#2101),#11693,.T.);
#12394=ADVANCED_FACE('',(#2102),#11694,.T.);
#12395=ADVANCED_FACE('',(#2103),#11695,.F.);
#12396=ADVANCED_FACE('',(#2104),#11696,.T.);
#12397=ADVANCED_FACE('',(#2105),#11697,.T.);
#12398=ADVANCED_FACE('',(#2106),#11698,.T.);
#12399=ADVANCED_FACE('',(#2107),#11699,.T.);
#12400=ADVANCED_FACE('',(#2108),#11700,.F.);
#12401=ADVANCED_FACE('',(#2109),#11701,.F.);
#12402=ADVANCED_FACE('',(#2110),#11702,.T.);
#12403=ADVANCED_FACE('',(#2111),#11703,.T.);
#12404=ADVANCED_FACE('',(#2112),#11704,.T.);
#12405=ADVANCED_FACE('',(#2113),#11705,.T.);
#12406=ADVANCED_FACE('',(#2114),#11706,.T.);
#12407=ADVANCED_FACE('',(#2115),#11707,.F.);
#12408=ADVANCED_FACE('',(#2116),#11708,.T.);
#12409=ADVANCED_FACE('',(#2117),#11709,.T.);
#12410=ADVANCED_FACE('',(#2118),#11710,.T.);
#12411=ADVANCED_FACE('',(#2119),#11711,.T.);
#12412=ADVANCED_FACE('',(#2120),#11712,.F.);
#12413=ADVANCED_FACE('',(#2121),#11713,.F.);
#12414=ADVANCED_FACE('',(#2122),#11714,.T.);
#12415=ADVANCED_FACE('',(#2123),#11715,.T.);
#12416=ADVANCED_FACE('',(#2124),#11716,.T.);
#12417=ADVANCED_FACE('',(#2125),#11717,.T.);
#12418=ADVANCED_FACE('',(#2126),#11718,.F.);
#12419=ADVANCED_FACE('',(#2127),#11719,.F.);
#12420=ADVANCED_FACE('',(#2128),#11720,.T.);
#12421=ADVANCED_FACE('',(#2129),#11721,.T.);
#12422=ADVANCED_FACE('',(#2130),#11722,.T.);
#12423=ADVANCED_FACE('',(#2131),#11723,.T.);
#12424=ADVANCED_FACE('',(#2132),#11724,.T.);
#12425=ADVANCED_FACE('',(#2133),#11725,.F.);
#12426=ADVANCED_FACE('',(#2134),#11726,.T.);
#12427=ADVANCED_FACE('',(#2135),#11727,.T.);
#12428=ADVANCED_FACE('',(#2136),#11728,.T.);
#12429=ADVANCED_FACE('',(#2137),#11729,.T.);
#12430=ADVANCED_FACE('',(#2138),#11730,.T.);
#12431=ADVANCED_FACE('',(#2139),#11731,.F.);
#12432=ADVANCED_FACE('',(#2140),#11732,.T.);
#12433=ADVANCED_FACE('',(#2141),#11733,.T.);
#12434=ADVANCED_FACE('',(#2142),#11734,.T.);
#12435=ADVANCED_FACE('',(#2143),#11735,.T.);
#12436=ADVANCED_FACE('',(#2144),#11736,.F.);
#12437=ADVANCED_FACE('',(#2145),#11737,.F.);
#12438=ADVANCED_FACE('',(#2146),#11738,.T.);
#12439=ADVANCED_FACE('',(#2147),#11739,.T.);
#12440=ADVANCED_FACE('',(#2148),#11740,.T.);
#12441=ADVANCED_FACE('',(#2149),#11741,.T.);
#12442=ADVANCED_FACE('',(#2150),#11742,.T.);
#12443=ADVANCED_FACE('',(#2151),#11743,.F.);
#12444=ADVANCED_FACE('',(#2152),#11744,.T.);
#12445=ADVANCED_FACE('',(#2153),#11745,.T.);
#12446=ADVANCED_FACE('',(#2154),#11746,.T.);
#12447=ADVANCED_FACE('',(#2155),#11747,.T.);
#12448=ADVANCED_FACE('',(#2156),#11748,.F.);
#12449=ADVANCED_FACE('',(#2157),#11749,.F.);
#12450=ADVANCED_FACE('',(#2158),#11750,.T.);
#12451=ADVANCED_FACE('',(#2159),#11751,.T.);
#12452=ADVANCED_FACE('',(#2160),#11752,.T.);
#12453=ADVANCED_FACE('',(#2161),#11753,.T.);
#12454=ADVANCED_FACE('',(#2162),#11754,.T.);
#12455=ADVANCED_FACE('',(#2163),#11755,.F.);
#12456=ADVANCED_FACE('',(#2164),#11756,.T.);
#12457=ADVANCED_FACE('',(#2165),#11757,.T.);
#12458=ADVANCED_FACE('',(#2166),#11758,.T.);
#12459=ADVANCED_FACE('',(#2167),#11759,.T.);
#12460=ADVANCED_FACE('',(#2168),#11760,.T.);
#12461=ADVANCED_FACE('',(#2169),#11761,.F.);
#12462=ADVANCED_FACE('',(#2170),#11762,.T.);
#12463=ADVANCED_FACE('',(#2171),#11763,.T.);
#12464=ADVANCED_FACE('',(#2172),#11764,.T.);
#12465=ADVANCED_FACE('',(#2173),#11765,.T.);
#12466=ADVANCED_FACE('',(#2174),#11766,.T.);
#12467=ADVANCED_FACE('',(#2175),#11767,.F.);
#12468=ADVANCED_FACE('',(#2176),#11768,.T.);
#12469=ADVANCED_FACE('',(#2177),#11769,.T.);
#12470=ADVANCED_FACE('',(#2178),#11770,.T.);
#12471=ADVANCED_FACE('',(#2179),#11771,.T.);
#12472=ADVANCED_FACE('',(#2180),#11772,.T.);
#12473=ADVANCED_FACE('',(#2181),#11773,.F.);
#12474=ADVANCED_FACE('',(#2182),#11774,.T.);
#12475=ADVANCED_FACE('',(#2183),#11775,.T.);
#12476=ADVANCED_FACE('',(#2184),#11776,.T.);
#12477=ADVANCED_FACE('',(#2185),#11777,.T.);
#12478=ADVANCED_FACE('',(#2186),#11778,.T.);
#12479=ADVANCED_FACE('',(#2187),#11779,.F.);
#12480=ADVANCED_FACE('',(#2188),#11780,.T.);
#12481=ADVANCED_FACE('',(#2189),#11781,.T.);
#12482=ADVANCED_FACE('',(#2190),#11782,.T.);
#12483=ADVANCED_FACE('',(#2191),#11783,.T.);
#12484=ADVANCED_FACE('',(#2192),#11784,.F.);
#12485=ADVANCED_FACE('',(#2193),#11785,.F.);
#12486=ADVANCED_FACE('',(#2194),#11786,.T.);
#12487=ADVANCED_FACE('',(#2195),#11787,.T.);
#12488=ADVANCED_FACE('',(#2196),#11788,.T.);
#12489=ADVANCED_FACE('',(#2197),#11789,.T.);
#12490=ADVANCED_FACE('',(#2198),#11790,.T.);
#12491=ADVANCED_FACE('',(#2199),#11791,.F.);
#12492=ADVANCED_FACE('',(#2200),#11792,.T.);
#12493=ADVANCED_FACE('',(#2201),#11793,.T.);
#12494=ADVANCED_FACE('',(#2202),#11794,.T.);
#12495=ADVANCED_FACE('',(#2203),#11795,.T.);
#12496=ADVANCED_FACE('',(#2204),#11796,.T.);
#12497=ADVANCED_FACE('',(#2205),#11797,.F.);
#12498=ADVANCED_FACE('',(#2206),#11798,.T.);
#12499=ADVANCED_FACE('',(#2207),#11799,.T.);
#12500=ADVANCED_FACE('',(#2208),#11800,.T.);
#12501=ADVANCED_FACE('',(#2209),#11801,.T.);
#12502=ADVANCED_FACE('',(#2210),#11802,.T.);
#12503=ADVANCED_FACE('',(#2211),#11803,.F.);
#12504=ADVANCED_FACE('',(#2212),#11804,.T.);
#12505=ADVANCED_FACE('',(#2213),#11805,.T.);
#12506=ADVANCED_FACE('',(#2214),#11806,.T.);
#12507=ADVANCED_FACE('',(#2215),#11807,.T.);
#12508=ADVANCED_FACE('',(#2216),#11808,.T.);
#12509=ADVANCED_FACE('',(#2217),#11809,.F.);
#12510=ADVANCED_FACE('',(#2218),#11810,.T.);
#12511=ADVANCED_FACE('',(#2219),#11811,.T.);
#12512=ADVANCED_FACE('',(#2220),#11812,.T.);
#12513=ADVANCED_FACE('',(#2221),#11813,.T.);
#12514=ADVANCED_FACE('',(#2222),#11814,.T.);
#12515=ADVANCED_FACE('',(#2223),#11815,.F.);
#12516=ADVANCED_FACE('',(#2224),#11816,.T.);
#12517=ADVANCED_FACE('',(#2225),#11817,.T.);
#12518=ADVANCED_FACE('',(#2226),#11818,.T.);
#12519=ADVANCED_FACE('',(#2227),#11819,.T.);
#12520=ADVANCED_FACE('',(#2228),#11820,.F.);
#12521=ADVANCED_FACE('',(#2229),#11821,.F.);
#12522=ADVANCED_FACE('',(#2230),#11822,.T.);
#12523=ADVANCED_FACE('',(#2231),#11823,.T.);
#12524=ADVANCED_FACE('',(#2232),#11824,.T.);
#12525=ADVANCED_FACE('',(#2233),#11825,.T.);
#12526=ADVANCED_FACE('',(#2234),#11826,.T.);
#12527=ADVANCED_FACE('',(#2235),#11827,.F.);
#12528=ADVANCED_FACE('',(#2236),#11828,.T.);
#12529=ADVANCED_FACE('',(#2237),#11829,.T.);
#12530=ADVANCED_FACE('',(#2238),#11830,.T.);
#12531=ADVANCED_FACE('',(#2239),#11831,.T.);
#12532=ADVANCED_FACE('',(#2240),#11832,.F.);
#12533=ADVANCED_FACE('',(#2241),#11833,.F.);
#12534=ADVANCED_FACE('',(#2242),#11834,.T.);
#12535=ADVANCED_FACE('',(#2243),#11835,.T.);
#12536=ADVANCED_FACE('',(#2244),#11836,.T.);
#12537=ADVANCED_FACE('',(#2245),#11837,.T.);
#12538=ADVANCED_FACE('',(#2246),#11838,.T.);
#12539=ADVANCED_FACE('',(#2247),#11839,.F.);
#12540=ADVANCED_FACE('',(#2248),#11840,.T.);
#12541=ADVANCED_FACE('',(#2249),#11841,.T.);
#12542=ADVANCED_FACE('',(#2250),#11842,.T.);
#12543=ADVANCED_FACE('',(#2251),#11843,.T.);
#12544=ADVANCED_FACE('',(#2252),#11844,.F.);
#12545=ADVANCED_FACE('',(#2253),#11845,.F.);
#12546=ADVANCED_FACE('',(#2254),#1525,.F.);
#12547=ADVANCED_FACE('',(#2255),#1526,.F.);
#12548=ADVANCED_FACE('',(#2256),#1527,.F.);
#12549=ADVANCED_FACE('',(#2257),#1528,.F.);
#12550=ADVANCED_FACE('',(#2258),#1529,.F.);
#12551=ADVANCED_FACE('',(#2259),#1530,.F.);
#12552=ADVANCED_FACE('',(#2260),#1531,.F.);
#12553=ADVANCED_FACE('',(#2261),#1532,.F.);
#12554=ADVANCED_FACE('',(#2262),#1533,.F.);
#12555=ADVANCED_FACE('',(#2263),#1534,.F.);
#12556=ADVANCED_FACE('',(#2264),#1535,.F.);
#12557=ADVANCED_FACE('',(#2265),#1536,.F.);
#12558=ADVANCED_FACE('',(#2266),#1537,.F.);
#12559=ADVANCED_FACE('',(#2267),#1538,.F.);
#12560=ADVANCED_FACE('',(#2268),#1539,.F.);
#12561=ADVANCED_FACE('',(#2269),#1540,.F.);
#12562=ADVANCED_FACE('',(#2270),#1541,.F.);
#12563=ADVANCED_FACE('',(#2271),#1542,.F.);
#12564=ADVANCED_FACE('',(#2272),#1543,.F.);
#12565=ADVANCED_FACE('',(#2273),#1544,.F.);
#12566=ADVANCED_FACE('',(#2274),#1545,.F.);
#12567=ADVANCED_FACE('',(#2275),#1546,.F.);
#12568=ADVANCED_FACE('',(#2276),#1547,.F.);
#12569=ADVANCED_FACE('',(#2277),#1548,.F.);
#12570=ADVANCED_FACE('',(#2278),#1549,.F.);
#12571=ADVANCED_FACE('',(#2279),#1550,.F.);
#12572=ADVANCED_FACE('',(#2280),#1551,.F.);
#12573=ADVANCED_FACE('',(#2281),#1552,.F.);
#12574=ADVANCED_FACE('',(#2282,#83,#84,#85,#86,#87,#88,#89,#90,#91,#92,
#93,#94,#95,#96,#97,#98,#99,#100,#101,#102,#103,#104,#105,#106,#107,#108,
#109,#110,#111),#11846,.T.);
#12575=ADVANCED_FACE('',(#2283,#112,#113,#114,#115,#116,#117,#118,#119,
#120,#121,#122,#123,#124,#125,#126,#127,#128,#129,#130,#131,#132,#133,#134,
#135,#136,#137,#138,#139),#11847,.F.);
#12576=ADVANCED_FACE('',(#2284),#1553,.T.);
#12577=ADVANCED_FACE('',(#2285),#11848,.F.);
#12578=ADVANCED_FACE('',(#2286),#1554,.T.);
#12579=ADVANCED_FACE('',(#2287),#11849,.F.);
#12580=ADVANCED_FACE('',(#2288),#1555,.T.);
#12581=ADVANCED_FACE('',(#2289),#11850,.F.);
#12582=ADVANCED_FACE('',(#2290),#1556,.T.);
#12583=ADVANCED_FACE('',(#2291),#11851,.F.);
#12584=ADVANCED_FACE('',(#2292),#18,.T.);
#12585=ADVANCED_FACE('',(#2293),#1557,.T.);
#12586=ADVANCED_FACE('',(#2294),#1558,.T.);
#12587=ADVANCED_FACE('',(#2295),#19,.T.);
#12588=ADVANCED_FACE('',(#2296),#20,.T.);
#12589=ADVANCED_FACE('',(#2297),#1559,.T.);
#12590=ADVANCED_FACE('',(#2298),#1560,.T.);
#12591=ADVANCED_FACE('',(#2299),#21,.T.);
#12592=ADVANCED_FACE('',(#2300),#22,.T.);
#12593=ADVANCED_FACE('',(#2301),#1561,.T.);
#12594=ADVANCED_FACE('',(#2302),#1562,.T.);
#12595=ADVANCED_FACE('',(#2303),#23,.T.);
#12596=ADVANCED_FACE('',(#2304),#24,.T.);
#12597=ADVANCED_FACE('',(#2305),#1563,.T.);
#12598=ADVANCED_FACE('',(#2306),#1564,.T.);
#12599=ADVANCED_FACE('',(#2307),#25,.T.);
#12600=ADVANCED_FACE('',(#2308),#11852,.F.);
#12601=ADVANCED_FACE('',(#2309),#11853,.F.);
#12602=ADVANCED_FACE('',(#2310),#11854,.F.);
#12603=ADVANCED_FACE('',(#2311),#11855,.F.);
#12604=ADVANCED_FACE('',(#2312),#11856,.T.);
#12605=CLOSED_SHELL('',(#11857,#11858,#11859,#11860,#11861,#11862,#11863,
#11864,#11865,#11866,#11867,#11868,#11869,#11870,#11871,#11872,#11873,#11874,
#11875,#11876,#11877,#11878,#11879,#11880,#11881,#11882));
#12606=CLOSED_SHELL('',(#11883,#11884,#11885,#11886,#11887,#11888));
#12607=CLOSED_SHELL('',(#11889,#11890,#11891,#11892,#11893,#11894));
#12608=CLOSED_SHELL('',(#11895,#11896,#11897,#11898,#11899,#11900));
#12609=CLOSED_SHELL('',(#11901,#11902,#11903,#11904,#11905,#11906));
#12610=CLOSED_SHELL('',(#11907,#11908,#11909,#11910,#11911,#11912));
#12611=CLOSED_SHELL('',(#11913,#11914,#11915,#11916,#11917,#11918));
#12612=CLOSED_SHELL('',(#11919,#11920,#11921,#11922,#11923,#11924));
#12613=CLOSED_SHELL('',(#11925,#11926,#11927,#11928,#11929,#11930));
#12614=CLOSED_SHELL('',(#11931,#11932,#11933,#11934,#11935,#11936));
#12615=CLOSED_SHELL('',(#11937,#11938,#11939,#11940,#11941,#11942));
#12616=CLOSED_SHELL('',(#11943,#11944,#11945,#11946,#11947,#11948));
#12617=CLOSED_SHELL('',(#11949,#11950,#11951,#11952,#11953,#11954));
#12618=CLOSED_SHELL('',(#11955,#11956,#11957,#11958,#11959,#11960));
#12619=CLOSED_SHELL('',(#11961,#11962,#11963,#11964,#11965,#11966));
#12620=CLOSED_SHELL('',(#11967,#11968,#11969,#11970,#11971,#11972,#11973,
#11974,#11975,#11976));
#12621=CLOSED_SHELL('',(#11977,#11978,#11979,#11980,#11981,#11982,#11983,
#11984,#11985,#11986,#11987,#11988,#11989,#11990));
#12622=CLOSED_SHELL('',(#11991,#11992,#11993,#11994,#11995,#11996,#11997,
#11998,#11999,#12000,#12001,#12002,#12003,#12004));
#12623=CLOSED_SHELL('',(#12005,#12006,#12007,#12008,#12009,#12010,#12011,
#12012,#12013,#12014,#12015,#12016,#12017,#12018));
#12624=CLOSED_SHELL('',(#12019,#12020,#12021,#12022,#12023,#12024,#12025,
#12026,#12027,#12028,#12029,#12030,#12031,#12032));
#12625=CLOSED_SHELL('',(#12033,#12034,#12035,#12036,#12037,#12038,#12039,
#12040,#12041,#12042,#12043,#12044,#12045,#12046));
#12626=CLOSED_SHELL('',(#12047,#12048,#12049,#12050,#12051,#12052,#12053,
#12054,#12055,#12056));
#12627=CLOSED_SHELL('',(#12057,#12058,#12059,#12060,#12061,#12062,#12063,
#12064,#12065,#12066,#12067,#12068,#12069,#12070));
#12628=CLOSED_SHELL('',(#12071,#12072,#12073,#12074,#12075,#12076,#12077,
#12078,#12079,#12080,#12081,#12082,#12083,#12084));
#12629=CLOSED_SHELL('',(#12085,#12086,#12087,#12088,#12089,#12090,#12091,
#12092,#12093,#12094,#12095,#12096,#12097,#12098));
#12630=CLOSED_SHELL('',(#12099,#12100,#12101,#12102,#12103,#12104,#12105,
#12106,#12107,#12108,#12109,#12110,#12111,#12112));
#12631=CLOSED_SHELL('',(#12113,#12114,#12115,#12116,#12117,#12118,#12119,
#12120,#12121,#12122));
#12632=CLOSED_SHELL('',(#12123,#12124,#12125,#12126,#12127,#12128,#12129,
#12130,#12131,#12132,#12133,#12134,#12135,#12136));
#12633=CLOSED_SHELL('',(#12137,#12138,#12139,#12140,#12141,#12142,#12143,
#12144,#12145,#12146,#12147,#12148,#12149,#12150));
#12634=CLOSED_SHELL('',(#12151,#12152,#12153,#12154,#12155,#12156,#12157,
#12158,#12159,#12160,#12161,#12162,#12163,#12164));
#12635=CLOSED_SHELL('',(#12165,#12166,#12167,#12168,#12169,#12170,#12171,
#12172,#12173,#12174,#12175,#12176,#12177,#12178));
#12636=CLOSED_SHELL('',(#12179,#12180,#12181,#12182,#12183,#12184,#12185,
#12186,#12187,#12188,#12189,#12190,#12191,#12192));
#12637=CLOSED_SHELL('',(#12193,#12194,#12195,#12196,#12197,#12198,#12199,
#12200,#12201,#12202,#12203,#12204,#12205,#12206));
#12638=CLOSED_SHELL('',(#12207,#12208,#12209,#12210,#12211,#12212,#12213,
#12214,#12215,#12216));
#12639=CLOSED_SHELL('',(#12217,#12218,#12219,#12220));
#12640=CLOSED_SHELL('',(#12221,#12222,#12223,#12224));
#12641=CLOSED_SHELL('',(#12225,#12226,#12227,#12228));
#12642=CLOSED_SHELL('',(#12229,#12230,#12231,#12232));
#12643=CLOSED_SHELL('',(#12233,#12234,#12235,#12236));
#12644=CLOSED_SHELL('',(#12237,#12238,#12239,#12240));
#12645=CLOSED_SHELL('',(#12241,#12242,#12243,#12244));
#12646=CLOSED_SHELL('',(#12245,#12246,#12247,#12248));
#12647=CLOSED_SHELL('',(#12249,#12250,#12251,#12252));
#12648=CLOSED_SHELL('',(#12253,#12254,#12255,#12256));
#12649=CLOSED_SHELL('',(#12257,#12258,#12259,#12260));
#12650=CLOSED_SHELL('',(#12261,#12262,#12263,#12264));
#12651=CLOSED_SHELL('',(#12265,#12266,#12267,#12268));
#12652=CLOSED_SHELL('',(#12269,#12270,#12271,#12272));
#12653=CLOSED_SHELL('',(#12273,#12274,#12275));
#12654=CLOSED_SHELL('',(#12276,#12277,#12278));
#12655=CLOSED_SHELL('',(#12279,#12280,#12281,#12282));
#12656=CLOSED_SHELL('',(#12283,#12284,#12285,#12286));
#12657=CLOSED_SHELL('',(#12287,#12288,#12289,#12290));
#12658=CLOSED_SHELL('',(#12291,#12292,#12293,#12294));
#12659=CLOSED_SHELL('',(#12295,#12296,#12297,#12298));
#12660=CLOSED_SHELL('',(#12299,#12300,#12301,#12302));
#12661=CLOSED_SHELL('',(#12303,#12304,#12305,#12306));
#12662=CLOSED_SHELL('',(#12307,#12308,#12309,#12310));
#12663=CLOSED_SHELL('',(#12311,#12312,#12313,#12314));
#12664=CLOSED_SHELL('',(#12315,#12316,#12317,#12318));
#12665=CLOSED_SHELL('',(#12319,#12320,#12321,#12322));
#12666=CLOSED_SHELL('',(#12323,#12324,#12325,#12326));
#12667=CLOSED_SHELL('',(#12327,#12328,#12329,#12330));
#12668=CLOSED_SHELL('',(#12331,#12332,#12333,#12334));
#12669=CLOSED_SHELL('',(#12335,#12336,#12337,#12338,#12339,#12340,#12341,
#12342,#12343,#12344,#12345,#12346,#12347,#12348,#12349,#12350,#12351,#12352,
#12353,#12354,#12355,#12356,#12357,#12358,#12359,#12360,#12361,#12362,#12363,
#12364,#12365,#12366,#12367,#12368,#12369,#12370,#12371,#12372,#12373,#12374,
#12375,#12376,#12377));
#12670=CLOSED_SHELL('',(#12378,#12379,#12380,#12381,#12382,#12383));
#12671=CLOSED_SHELL('',(#12384,#12385,#12386,#12387,#12388,#12389));
#12672=CLOSED_SHELL('',(#12390,#12391,#12392,#12393,#12394,#12395));
#12673=CLOSED_SHELL('',(#12396,#12397,#12398,#12399,#12400,#12401));
#12674=CLOSED_SHELL('',(#12402,#12403,#12404,#12405,#12406,#12407));
#12675=CLOSED_SHELL('',(#12408,#12409,#12410,#12411,#12412,#12413));
#12676=CLOSED_SHELL('',(#12414,#12415,#12416,#12417,#12418,#12419));
#12677=CLOSED_SHELL('',(#12420,#12421,#12422,#12423,#12424,#12425));
#12678=CLOSED_SHELL('',(#12426,#12427,#12428,#12429,#12430,#12431));
#12679=CLOSED_SHELL('',(#12432,#12433,#12434,#12435,#12436,#12437));
#12680=CLOSED_SHELL('',(#12438,#12439,#12440,#12441,#12442,#12443));
#12681=CLOSED_SHELL('',(#12444,#12445,#12446,#12447,#12448,#12449));
#12682=CLOSED_SHELL('',(#12450,#12451,#12452,#12453,#12454,#12455));
#12683=CLOSED_SHELL('',(#12456,#12457,#12458,#12459,#12460,#12461));
#12684=CLOSED_SHELL('',(#12462,#12463,#12464,#12465,#12466,#12467));
#12685=CLOSED_SHELL('',(#12468,#12469,#12470,#12471,#12472,#12473));
#12686=CLOSED_SHELL('',(#12474,#12475,#12476,#12477,#12478,#12479));
#12687=CLOSED_SHELL('',(#12480,#12481,#12482,#12483,#12484,#12485));
#12688=CLOSED_SHELL('',(#12486,#12487,#12488,#12489,#12490,#12491));
#12689=CLOSED_SHELL('',(#12492,#12493,#12494,#12495,#12496,#12497));
#12690=CLOSED_SHELL('',(#12498,#12499,#12500,#12501,#12502,#12503));
#12691=CLOSED_SHELL('',(#12504,#12505,#12506,#12507,#12508,#12509));
#12692=CLOSED_SHELL('',(#12510,#12511,#12512,#12513,#12514,#12515));
#12693=CLOSED_SHELL('',(#12516,#12517,#12518,#12519,#12520,#12521));
#12694=CLOSED_SHELL('',(#12522,#12523,#12524,#12525,#12526,#12527));
#12695=CLOSED_SHELL('',(#12528,#12529,#12530,#12531,#12532,#12533));
#12696=CLOSED_SHELL('',(#12534,#12535,#12536,#12537,#12538,#12539));
#12697=CLOSED_SHELL('',(#12540,#12541,#12542,#12543,#12544,#12545));
#12698=CLOSED_SHELL('',(#12546,#12547,#12548,#12549,#12550,#12551,#12552,
#12553,#12554,#12555,#12556,#12557,#12558,#12559,#12560,#12561,#12562,#12563,
#12564,#12565,#12566,#12567,#12568,#12569,#12570,#12571,#12572,#12573,#12574,
#12575,#12576,#12577,#12578,#12579,#12580,#12581,#12582,#12583,#12584,#12585,
#12586,#12587,#12588,#12589,#12590,#12591,#12592,#12593,#12594,#12595,#12596,
#12597,#12598,#12599,#12600,#12601,#12602,#12603,#12604));
#12699=DERIVED_UNIT_ELEMENT(#12701,1.);
#12700=DERIVED_UNIT_ELEMENT(#20673,-3.);
#12701=(
MASS_UNIT()
NAMED_UNIT(*)
SI_UNIT(.KILO.,.GRAM.)
);
#12702=DERIVED_UNIT((#12699,#12700));
#12703=MEASURE_REPRESENTATION_ITEM('density measure',
POSITIVE_RATIO_MEASURE(7850.),#12702);
#12704=PROPERTY_DEFINITION_REPRESENTATION(#12709,#12706);
#12705=PROPERTY_DEFINITION_REPRESENTATION(#12710,#12707);
#12706=REPRESENTATION('material name',(#12708),#20670);
#12707=REPRESENTATION('density',(#12703),#20670);
#12708=DESCRIPTIVE_REPRESENTATION_ITEM('Steel','Steel');
#12709=PROPERTY_DEFINITION('material property','material name',#20680);
#12710=PROPERTY_DEFINITION('material property','density of part',#20680);
#12711=AXIS2_PLACEMENT_3D('',#17315,#13848,#13849);
#12712=AXIS2_PLACEMENT_3D('',#17316,#13850,#13851);
#12713=AXIS2_PLACEMENT_3D('',#17325,#13856,#13857);
#12714=AXIS2_PLACEMENT_3D('',#17334,#13862,#13863);
#12715=AXIS2_PLACEMENT_3D('',#17343,#13868,#13869);
#12716=AXIS2_PLACEMENT_3D('',#17352,#13874,#13875);
#12717=AXIS2_PLACEMENT_3D('',#17361,#13880,#13881);
#12718=AXIS2_PLACEMENT_3D('',#17370,#13886,#13887);
#12719=AXIS2_PLACEMENT_3D('',#17371,#13888,#13889);
#12720=AXIS2_PLACEMENT_3D('',#17372,#13890,#13891);
#12721=AXIS2_PLACEMENT_3D('',#17373,#13892,#13893);
#12722=AXIS2_PLACEMENT_3D('',#17374,#13894,#13895);
#12723=AXIS2_PLACEMENT_3D('',#17375,#13896,#13897);
#12724=AXIS2_PLACEMENT_3D('',#17376,#13898,#13899);
#12725=AXIS2_PLACEMENT_3D('',#17377,#13900,#13901);
#12726=AXIS2_PLACEMENT_3D('',#17378,#13902,#13903);
#12727=AXIS2_PLACEMENT_3D('',#17379,#13904,#13905);
#12728=AXIS2_PLACEMENT_3D('',#17380,#13906,#13907);
#12729=AXIS2_PLACEMENT_3D('',#17381,#13908,#13909);
#12730=AXIS2_PLACEMENT_3D('',#17382,#13910,#13911);
#12731=AXIS2_PLACEMENT_3D('',#17383,#13912,#13913);
#12732=AXIS2_PLACEMENT_3D('',#17384,#13914,#13915);
#12733=AXIS2_PLACEMENT_3D('',#17385,#13916,#13917);
#12734=AXIS2_PLACEMENT_3D('',#17386,#13918,#13919);
#12735=AXIS2_PLACEMENT_3D('',#17387,#13920,#13921);
#12736=AXIS2_PLACEMENT_3D('',#17388,#13922,#13923);
#12737=AXIS2_PLACEMENT_3D('',#17389,#13924,#13925);
#12738=AXIS2_PLACEMENT_3D('',#17390,#13926,#13927);
#12739=AXIS2_PLACEMENT_3D('',#17391,#13928,#13929);
#12740=AXIS2_PLACEMENT_3D('',#17392,#13930,#13931);
#12741=AXIS2_PLACEMENT_3D('',#17393,#13932,#13933);
#12742=AXIS2_PLACEMENT_3D('',#17394,#13934,#13935);
#12743=AXIS2_PLACEMENT_3D('',#17395,#13936,#13937);
#12744=AXIS2_PLACEMENT_3D('',#17396,#13938,#13939);
#12745=AXIS2_PLACEMENT_3D('',#17397,#13940,#13941);
#12746=AXIS2_PLACEMENT_3D('',#17398,#13942,#13943);
#12747=AXIS2_PLACEMENT_3D('',#17399,#13944,#13945);
#12748=AXIS2_PLACEMENT_3D('',#17400,#13946,#13947);
#12749=AXIS2_PLACEMENT_3D('',#17401,#13948,#13949);
#12750=AXIS2_PLACEMENT_3D('',#17402,#13950,#13951);
#12751=AXIS2_PLACEMENT_3D('',#17403,#13952,#13953);
#12752=AXIS2_PLACEMENT_3D('',#17404,#13954,#13955);
#12753=AXIS2_PLACEMENT_3D('',#17405,#13956,#13957);
#12754=AXIS2_PLACEMENT_3D('',#17406,#13958,#13959);
#12755=AXIS2_PLACEMENT_3D('',#17407,#13960,#13961);
#12756=AXIS2_PLACEMENT_3D('',#17408,#13962,#13963);
#12757=AXIS2_PLACEMENT_3D('',#17409,#13964,#13965);
#12758=AXIS2_PLACEMENT_3D('',#17410,#13966,#13967);
#12759=AXIS2_PLACEMENT_3D('',#17411,#13968,#13969);
#12760=AXIS2_PLACEMENT_3D('',#17412,#13970,#13971);
#12761=AXIS2_PLACEMENT_3D('',#17413,#13972,#13973);
#12762=AXIS2_PLACEMENT_3D('',#17414,#13974,#13975);
#12763=AXIS2_PLACEMENT_3D('',#17423,#13980,#13981);
#12764=AXIS2_PLACEMENT_3D('',#17429,#13985,#13986);
#12765=AXIS2_PLACEMENT_3D('',#17435,#13990,#13991);
#12766=AXIS2_PLACEMENT_3D('',#17438,#13994,#13995);
#12767=AXIS2_PLACEMENT_3D('',#17439,#13996,#13997);
#12768=AXIS2_PLACEMENT_3D('',#17440,#13998,#13999);
#12769=AXIS2_PLACEMENT_3D('',#17449,#14004,#14005);
#12770=AXIS2_PLACEMENT_3D('',#17455,#14009,#14010);
#12771=AXIS2_PLACEMENT_3D('',#17461,#14014,#14015);
#12772=AXIS2_PLACEMENT_3D('',#17464,#14018,#14019);
#12773=AXIS2_PLACEMENT_3D('',#17465,#14020,#14021);
#12774=AXIS2_PLACEMENT_3D('',#17466,#14022,#14023);
#12775=AXIS2_PLACEMENT_3D('',#17475,#14028,#14029);
#12776=AXIS2_PLACEMENT_3D('',#17481,#14033,#14034);
#12777=AXIS2_PLACEMENT_3D('',#17487,#14038,#14039);
#12778=AXIS2_PLACEMENT_3D('',#17490,#14042,#14043);
#12779=AXIS2_PLACEMENT_3D('',#17491,#14044,#14045);
#12780=AXIS2_PLACEMENT_3D('',#17492,#14046,#14047);
#12781=AXIS2_PLACEMENT_3D('',#17501,#14052,#14053);
#12782=AXIS2_PLACEMENT_3D('',#17507,#14057,#14058);
#12783=AXIS2_PLACEMENT_3D('',#17513,#14062,#14063);
#12784=AXIS2_PLACEMENT_3D('',#17516,#14066,#14067);
#12785=AXIS2_PLACEMENT_3D('',#17517,#14068,#14069);
#12786=AXIS2_PLACEMENT_3D('',#17518,#14070,#14071);
#12787=AXIS2_PLACEMENT_3D('',#17527,#14076,#14077);
#12788=AXIS2_PLACEMENT_3D('',#17533,#14081,#14082);
#12789=AXIS2_PLACEMENT_3D('',#17539,#14086,#14087);
#12790=AXIS2_PLACEMENT_3D('',#17542,#14090,#14091);
#12791=AXIS2_PLACEMENT_3D('',#17543,#14092,#14093);
#12792=AXIS2_PLACEMENT_3D('',#17544,#14094,#14095);
#12793=AXIS2_PLACEMENT_3D('',#17553,#14100,#14101);
#12794=AXIS2_PLACEMENT_3D('',#17559,#14105,#14106);
#12795=AXIS2_PLACEMENT_3D('',#17565,#14110,#14111);
#12796=AXIS2_PLACEMENT_3D('',#17568,#14114,#14115);
#12797=AXIS2_PLACEMENT_3D('',#17569,#14116,#14117);
#12798=AXIS2_PLACEMENT_3D('',#17570,#14118,#14119);
#12799=AXIS2_PLACEMENT_3D('',#17579,#14124,#14125);
#12800=AXIS2_PLACEMENT_3D('',#17585,#14129,#14130);
#12801=AXIS2_PLACEMENT_3D('',#17591,#14134,#14135);
#12802=AXIS2_PLACEMENT_3D('',#17594,#14138,#14139);
#12803=AXIS2_PLACEMENT_3D('',#17595,#14140,#14141);
#12804=AXIS2_PLACEMENT_3D('',#17596,#14142,#14143);
#12805=AXIS2_PLACEMENT_3D('',#17605,#14148,#14149);
#12806=AXIS2_PLACEMENT_3D('',#17611,#14153,#14154);
#12807=AXIS2_PLACEMENT_3D('',#17617,#14158,#14159);
#12808=AXIS2_PLACEMENT_3D('',#17620,#14162,#14163);
#12809=AXIS2_PLACEMENT_3D('',#17621,#14164,#14165);
#12810=AXIS2_PLACEMENT_3D('',#17622,#14166,#14167);
#12811=AXIS2_PLACEMENT_3D('',#17631,#14172,#14173);
#12812=AXIS2_PLACEMENT_3D('',#17637,#14177,#14178);
#12813=AXIS2_PLACEMENT_3D('',#17643,#14182,#14183);
#12814=AXIS2_PLACEMENT_3D('',#17646,#14186,#14187);
#12815=AXIS2_PLACEMENT_3D('',#17647,#14188,#14189);
#12816=AXIS2_PLACEMENT_3D('',#17648,#14190,#14191);
#12817=AXIS2_PLACEMENT_3D('',#17657,#14196,#14197);
#12818=AXIS2_PLACEMENT_3D('',#17663,#14201,#14202);
#12819=AXIS2_PLACEMENT_3D('',#17669,#14206,#14207);
#12820=AXIS2_PLACEMENT_3D('',#17672,#14210,#14211);
#12821=AXIS2_PLACEMENT_3D('',#17673,#14212,#14213);
#12822=AXIS2_PLACEMENT_3D('',#17674,#14214,#14215);
#12823=AXIS2_PLACEMENT_3D('',#17683,#14220,#14221);
#12824=AXIS2_PLACEMENT_3D('',#17689,#14225,#14226);
#12825=AXIS2_PLACEMENT_3D('',#17695,#14230,#14231);
#12826=AXIS2_PLACEMENT_3D('',#17698,#14234,#14235);
#12827=AXIS2_PLACEMENT_3D('',#17699,#14236,#14237);
#12828=AXIS2_PLACEMENT_3D('',#17700,#14238,#14239);
#12829=AXIS2_PLACEMENT_3D('',#17709,#14244,#14245);
#12830=AXIS2_PLACEMENT_3D('',#17715,#14249,#14250);
#12831=AXIS2_PLACEMENT_3D('',#17721,#14254,#14255);
#12832=AXIS2_PLACEMENT_3D('',#17724,#14258,#14259);
#12833=AXIS2_PLACEMENT_3D('',#17725,#14260,#14261);
#12834=AXIS2_PLACEMENT_3D('',#17726,#14262,#14263);
#12835=AXIS2_PLACEMENT_3D('',#17735,#14268,#14269);
#12836=AXIS2_PLACEMENT_3D('',#17741,#14273,#14274);
#12837=AXIS2_PLACEMENT_3D('',#17747,#14278,#14279);
#12838=AXIS2_PLACEMENT_3D('',#17750,#14282,#14283);
#12839=AXIS2_PLACEMENT_3D('',#17751,#14284,#14285);
#12840=AXIS2_PLACEMENT_3D('',#17752,#14286,#14287);
#12841=AXIS2_PLACEMENT_3D('',#17761,#14292,#14293);
#12842=AXIS2_PLACEMENT_3D('',#17767,#14297,#14298);
#12843=AXIS2_PLACEMENT_3D('',#17773,#14302,#14303);
#12844=AXIS2_PLACEMENT_3D('',#17776,#14306,#14307);
#12845=AXIS2_PLACEMENT_3D('',#17777,#14308,#14309);
#12846=AXIS2_PLACEMENT_3D('',#17778,#14310,#14311);
#12847=AXIS2_PLACEMENT_3D('',#17787,#14316,#14317);
#12848=AXIS2_PLACEMENT_3D('',#17796,#14322,#14323);
#12849=AXIS2_PLACEMENT_3D('',#17802,#14327,#14328);
#12850=AXIS2_PLACEMENT_3D('',#17805,#14331,#14332);
#12851=AXIS2_PLACEMENT_3D('',#17811,#14336,#14337);
#12852=AXIS2_PLACEMENT_3D('',#17814,#14340,#14341);
#12853=AXIS2_PLACEMENT_3D('',#17816,#14343,#14344);
#12854=AXIS2_PLACEMENT_3D('',#17817,#14345,#14346);
#12855=AXIS2_PLACEMENT_3D('',#17819,#14348,#14349);
#12856=AXIS2_PLACEMENT_3D('',#17820,#14350,#14351);
#12857=AXIS2_PLACEMENT_3D('',#17829,#14356,#14357);
#12858=AXIS2_PLACEMENT_3D('',#17835,#14361,#14362);
#12859=AXIS2_PLACEMENT_3D('',#17837,#14363,#14364);
#12860=AXIS2_PLACEMENT_3D('',#17840,#14366,#14367);
#12861=AXIS2_PLACEMENT_3D('',#17841,#14368,#14369);
#12862=AXIS2_PLACEMENT_3D('',#17847,#14373,#14374);
#12863=AXIS2_PLACEMENT_3D('',#17849,#14375,#14376);
#12864=AXIS2_PLACEMENT_3D('',#17852,#14378,#14379);
#12865=AXIS2_PLACEMENT_3D('',#17853,#14380,#14381);
#12866=AXIS2_PLACEMENT_3D('',#17859,#14385,#14386);
#12867=AXIS2_PLACEMENT_3D('',#17865,#14390,#14391);
#12868=AXIS2_PLACEMENT_3D('',#17871,#14395,#14396);
#12869=AXIS2_PLACEMENT_3D('',#17873,#14397,#14398);
#12870=AXIS2_PLACEMENT_3D('',#17876,#14400,#14401);
#12871=AXIS2_PLACEMENT_3D('',#17877,#14402,#14403);
#12872=AXIS2_PLACEMENT_3D('',#17883,#14407,#14408);
#12873=AXIS2_PLACEMENT_3D('',#17885,#14409,#14410);
#12874=AXIS2_PLACEMENT_3D('',#17888,#14412,#14413);
#12875=AXIS2_PLACEMENT_3D('',#17889,#14414,#14415);
#12876=AXIS2_PLACEMENT_3D('',#17892,#14418,#14419);
#12877=AXIS2_PLACEMENT_3D('',#17893,#14420,#14421);
#12878=AXIS2_PLACEMENT_3D('',#17894,#14422,#14423);
#12879=AXIS2_PLACEMENT_3D('',#17897,#14424,#14425);
#12880=AXIS2_PLACEMENT_3D('',#17901,#14427,#14428);
#12881=AXIS2_PLACEMENT_3D('',#17903,#14430,#14431);
#12882=AXIS2_PLACEMENT_3D('',#17909,#14435,#14436);
#12883=AXIS2_PLACEMENT_3D('',#17911,#14437,#14438);
#12884=AXIS2_PLACEMENT_3D('',#17914,#14440,#14441);
#12885=AXIS2_PLACEMENT_3D('',#17915,#14442,#14443);
#12886=AXIS2_PLACEMENT_3D('',#17921,#14447,#14448);
#12887=AXIS2_PLACEMENT_3D('',#17927,#14452,#14453);
#12888=AXIS2_PLACEMENT_3D('',#17933,#14457,#14458);
#12889=AXIS2_PLACEMENT_3D('',#17935,#14459,#14460);
#12890=AXIS2_PLACEMENT_3D('',#17938,#14462,#14463);
#12891=AXIS2_PLACEMENT_3D('',#17939,#14464,#14465);
#12892=AXIS2_PLACEMENT_3D('',#17945,#14469,#14470);
#12893=AXIS2_PLACEMENT_3D('',#17947,#14471,#14472);
#12894=AXIS2_PLACEMENT_3D('',#17950,#14474,#14475);
#12895=AXIS2_PLACEMENT_3D('',#17951,#14476,#14477);
#12896=AXIS2_PLACEMENT_3D('',#17957,#14481,#14482);
#12897=AXIS2_PLACEMENT_3D('',#17963,#14486,#14487);
#12898=AXIS2_PLACEMENT_3D('',#17966,#14490,#14491);
#12899=AXIS2_PLACEMENT_3D('',#17967,#14492,#14493);
#12900=AXIS2_PLACEMENT_3D('',#17968,#14494,#14495);
#12901=AXIS2_PLACEMENT_3D('',#17971,#14496,#14497);
#12902=AXIS2_PLACEMENT_3D('',#17975,#14499,#14500);
#12903=AXIS2_PLACEMENT_3D('',#17977,#14502,#14503);
#12904=AXIS2_PLACEMENT_3D('',#17983,#14507,#14508);
#12905=AXIS2_PLACEMENT_3D('',#17985,#14509,#14510);
#12906=AXIS2_PLACEMENT_3D('',#17988,#14512,#14513);
#12907=AXIS2_PLACEMENT_3D('',#17989,#14514,#14515);
#12908=AXIS2_PLACEMENT_3D('',#17995,#14519,#14520);
#12909=AXIS2_PLACEMENT_3D('',#18001,#14524,#14525);
#12910=AXIS2_PLACEMENT_3D('',#18007,#14529,#14530);
#12911=AXIS2_PLACEMENT_3D('',#18009,#14531,#14532);
#12912=AXIS2_PLACEMENT_3D('',#18012,#14534,#14535);
#12913=AXIS2_PLACEMENT_3D('',#18013,#14536,#14537);
#12914=AXIS2_PLACEMENT_3D('',#18019,#14541,#14542);
#12915=AXIS2_PLACEMENT_3D('',#18021,#14543,#14544);
#12916=AXIS2_PLACEMENT_3D('',#18024,#14546,#14547);
#12917=AXIS2_PLACEMENT_3D('',#18025,#14548,#14549);
#12918=AXIS2_PLACEMENT_3D('',#18031,#14553,#14554);
#12919=AXIS2_PLACEMENT_3D('',#18037,#14558,#14559);
#12920=AXIS2_PLACEMENT_3D('',#18040,#14562,#14563);
#12921=AXIS2_PLACEMENT_3D('',#18041,#14564,#14565);
#12922=AXIS2_PLACEMENT_3D('',#18042,#14566,#14567);
#12923=AXIS2_PLACEMENT_3D('',#18045,#14568,#14569);
#12924=AXIS2_PLACEMENT_3D('',#18049,#14571,#14572);
#12925=AXIS2_PLACEMENT_3D('',#18051,#14574,#14575);
#12926=AXIS2_PLACEMENT_3D('',#18057,#14579,#14580);
#12927=AXIS2_PLACEMENT_3D('',#18059,#14581,#14582);
#12928=AXIS2_PLACEMENT_3D('',#18062,#14584,#14585);
#12929=AXIS2_PLACEMENT_3D('',#18063,#14586,#14587);
#12930=AXIS2_PLACEMENT_3D('',#18069,#14591,#14592);
#12931=AXIS2_PLACEMENT_3D('',#18075,#14596,#14597);
#12932=AXIS2_PLACEMENT_3D('',#18081,#14601,#14602);
#12933=AXIS2_PLACEMENT_3D('',#18083,#14603,#14604);
#12934=AXIS2_PLACEMENT_3D('',#18086,#14606,#14607);
#12935=AXIS2_PLACEMENT_3D('',#18087,#14608,#14609);
#12936=AXIS2_PLACEMENT_3D('',#18093,#14613,#14614);
#12937=AXIS2_PLACEMENT_3D('',#18095,#14615,#14616);
#12938=AXIS2_PLACEMENT_3D('',#18098,#14618,#14619);
#12939=AXIS2_PLACEMENT_3D('',#18099,#14620,#14621);
#12940=AXIS2_PLACEMENT_3D('',#18105,#14625,#14626);
#12941=AXIS2_PLACEMENT_3D('',#18111,#14630,#14631);
#12942=AXIS2_PLACEMENT_3D('',#18114,#14634,#14635);
#12943=AXIS2_PLACEMENT_3D('',#18115,#14636,#14637);
#12944=AXIS2_PLACEMENT_3D('',#18116,#14638,#14639);
#12945=AXIS2_PLACEMENT_3D('',#18125,#14644,#14645);
#12946=AXIS2_PLACEMENT_3D('',#18131,#14649,#14650);
#12947=AXIS2_PLACEMENT_3D('',#18133,#14651,#14652);
#12948=AXIS2_PLACEMENT_3D('',#18136,#14654,#14655);
#12949=AXIS2_PLACEMENT_3D('',#18137,#14656,#14657);
#12950=AXIS2_PLACEMENT_3D('',#18143,#14661,#14662);
#12951=AXIS2_PLACEMENT_3D('',#18145,#14663,#14664);
#12952=AXIS2_PLACEMENT_3D('',#18148,#14666,#14667);
#12953=AXIS2_PLACEMENT_3D('',#18149,#14668,#14669);
#12954=AXIS2_PLACEMENT_3D('',#18155,#14673,#14674);
#12955=AXIS2_PLACEMENT_3D('',#18161,#14678,#14679);
#12956=AXIS2_PLACEMENT_3D('',#18167,#14683,#14684);
#12957=AXIS2_PLACEMENT_3D('',#18169,#14685,#14686);
#12958=AXIS2_PLACEMENT_3D('',#18172,#14688,#14689);
#12959=AXIS2_PLACEMENT_3D('',#18173,#14690,#14691);
#12960=AXIS2_PLACEMENT_3D('',#18179,#14695,#14696);
#12961=AXIS2_PLACEMENT_3D('',#18181,#14697,#14698);
#12962=AXIS2_PLACEMENT_3D('',#18184,#14700,#14701);
#12963=AXIS2_PLACEMENT_3D('',#18185,#14702,#14703);
#12964=AXIS2_PLACEMENT_3D('',#18188,#14706,#14707);
#12965=AXIS2_PLACEMENT_3D('',#18189,#14708,#14709);
#12966=AXIS2_PLACEMENT_3D('',#18190,#14710,#14711);
#12967=AXIS2_PLACEMENT_3D('',#18199,#14716,#14717);
#12968=AXIS2_PLACEMENT_3D('',#18208,#14722,#14723);
#12969=AXIS2_PLACEMENT_3D('',#18214,#14727,#14728);
#12970=AXIS2_PLACEMENT_3D('',#18218,#14731,#14732);
#12971=AXIS2_PLACEMENT_3D('',#18222,#14735,#14736);
#12972=AXIS2_PLACEMENT_3D('',#18224,#14738,#14739);
#12973=AXIS2_PLACEMENT_3D('',#18227,#14742,#14743);
#12974=AXIS2_PLACEMENT_3D('',#18229,#14745,#14746);
#12975=AXIS2_PLACEMENT_3D('',#18231,#14748,#14749);
#12976=AXIS2_PLACEMENT_3D('',#18232,#14750,#14751);
#12977=AXIS2_PLACEMENT_3D('',#18241,#14756,#14757);
#12978=AXIS2_PLACEMENT_3D('',#18247,#14761,#14762);
#12979=AXIS2_PLACEMENT_3D('',#18249,#14763,#14764);
#12980=AXIS2_PLACEMENT_3D('',#18252,#14766,#14767);
#12981=AXIS2_PLACEMENT_3D('',#18253,#14768,#14769);
#12982=AXIS2_PLACEMENT_3D('',#18259,#14773,#14774);
#12983=AXIS2_PLACEMENT_3D('',#18261,#14775,#14776);
#12984=AXIS2_PLACEMENT_3D('',#18264,#14778,#14779);
#12985=AXIS2_PLACEMENT_3D('',#18265,#14780,#14781);
#12986=AXIS2_PLACEMENT_3D('',#18271,#14785,#14786);
#12987=AXIS2_PLACEMENT_3D('',#18277,#14790,#14791);
#12988=AXIS2_PLACEMENT_3D('',#18283,#14795,#14796);
#12989=AXIS2_PLACEMENT_3D('',#18285,#14797,#14798);
#12990=AXIS2_PLACEMENT_3D('',#18288,#14800,#14801);
#12991=AXIS2_PLACEMENT_3D('',#18289,#14802,#14803);
#12992=AXIS2_PLACEMENT_3D('',#18295,#14807,#14808);
#12993=AXIS2_PLACEMENT_3D('',#18297,#14809,#14810);
#12994=AXIS2_PLACEMENT_3D('',#18300,#14812,#14813);
#12995=AXIS2_PLACEMENT_3D('',#18301,#14814,#14815);
#12996=AXIS2_PLACEMENT_3D('',#18304,#14818,#14819);
#12997=AXIS2_PLACEMENT_3D('',#18305,#14820,#14821);
#12998=AXIS2_PLACEMENT_3D('',#18306,#14822,#14823);
#12999=AXIS2_PLACEMENT_3D('',#18315,#14828,#14829);
#13000=AXIS2_PLACEMENT_3D('',#18321,#14833,#14834);
#13001=AXIS2_PLACEMENT_3D('',#18323,#14835,#14836);
#13002=AXIS2_PLACEMENT_3D('',#18326,#14838,#14839);
#13003=AXIS2_PLACEMENT_3D('',#18327,#14840,#14841);
#13004=AXIS2_PLACEMENT_3D('',#18333,#14845,#14846);
#13005=AXIS2_PLACEMENT_3D('',#18335,#14847,#14848);
#13006=AXIS2_PLACEMENT_3D('',#18338,#14850,#14851);
#13007=AXIS2_PLACEMENT_3D('',#18339,#14852,#14853);
#13008=AXIS2_PLACEMENT_3D('',#18345,#14857,#14858);
#13009=AXIS2_PLACEMENT_3D('',#18351,#14862,#14863);
#13010=AXIS2_PLACEMENT_3D('',#18357,#14867,#14868);
#13011=AXIS2_PLACEMENT_3D('',#18359,#14869,#14870);
#13012=AXIS2_PLACEMENT_3D('',#18362,#14872,#14873);
#13013=AXIS2_PLACEMENT_3D('',#18363,#14874,#14875);
#13014=AXIS2_PLACEMENT_3D('',#18369,#14879,#14880);
#13015=AXIS2_PLACEMENT_3D('',#18371,#14881,#14882);
#13016=AXIS2_PLACEMENT_3D('',#18374,#14884,#14885);
#13017=AXIS2_PLACEMENT_3D('',#18375,#14886,#14887);
#13018=AXIS2_PLACEMENT_3D('',#18378,#14890,#14891);
#13019=AXIS2_PLACEMENT_3D('',#18379,#14892,#14893);
#13020=AXIS2_PLACEMENT_3D('',#18380,#14894,#14895);
#13021=AXIS2_PLACEMENT_3D('',#18389,#14900,#14901);
#13022=AXIS2_PLACEMENT_3D('',#18395,#14905,#14906);
#13023=AXIS2_PLACEMENT_3D('',#18397,#14907,#14908);
#13024=AXIS2_PLACEMENT_3D('',#18400,#14910,#14911);
#13025=AXIS2_PLACEMENT_3D('',#18401,#14912,#14913);
#13026=AXIS2_PLACEMENT_3D('',#18407,#14917,#14918);
#13027=AXIS2_PLACEMENT_3D('',#18409,#14919,#14920);
#13028=AXIS2_PLACEMENT_3D('',#18412,#14922,#14923);
#13029=AXIS2_PLACEMENT_3D('',#18413,#14924,#14925);
#13030=AXIS2_PLACEMENT_3D('',#18419,#14929,#14930);
#13031=AXIS2_PLACEMENT_3D('',#18425,#14934,#14935);
#13032=AXIS2_PLACEMENT_3D('',#18431,#14939,#14940);
#13033=AXIS2_PLACEMENT_3D('',#18433,#14941,#14942);
#13034=AXIS2_PLACEMENT_3D('',#18436,#14944,#14945);
#13035=AXIS2_PLACEMENT_3D('',#18437,#14946,#14947);
#13036=AXIS2_PLACEMENT_3D('',#18443,#14951,#14952);
#13037=AXIS2_PLACEMENT_3D('',#18445,#14953,#14954);
#13038=AXIS2_PLACEMENT_3D('',#18448,#14956,#14957);
#13039=AXIS2_PLACEMENT_3D('',#18449,#14958,#14959);
#13040=AXIS2_PLACEMENT_3D('',#18452,#14962,#14963);
#13041=AXIS2_PLACEMENT_3D('',#18453,#14964,#14965);
#13042=AXIS2_PLACEMENT_3D('',#18454,#14966,#14967);
#13043=AXIS2_PLACEMENT_3D('',#18463,#14972,#14973);
#13044=AXIS2_PLACEMENT_3D('',#18469,#14977,#14978);
#13045=AXIS2_PLACEMENT_3D('',#18471,#14979,#14980);
#13046=AXIS2_PLACEMENT_3D('',#18473,#14981,#14982);
#13047=AXIS2_PLACEMENT_3D('',#18475,#14984,#14985);
#13048=AXIS2_PLACEMENT_3D('',#18481,#14989,#14990);
#13049=AXIS2_PLACEMENT_3D('',#18483,#14991,#14992);
#13050=AXIS2_PLACEMENT_3D('',#18485,#14993,#14994);
#13051=AXIS2_PLACEMENT_3D('',#18487,#14996,#14997);
#13052=AXIS2_PLACEMENT_3D('',#18493,#15001,#15002);
#13053=AXIS2_PLACEMENT_3D('',#18499,#15006,#15007);
#13054=AXIS2_PLACEMENT_3D('',#18505,#15011,#15012);
#13055=AXIS2_PLACEMENT_3D('',#18507,#15013,#15014);
#13056=AXIS2_PLACEMENT_3D('',#18509,#15015,#15016);
#13057=AXIS2_PLACEMENT_3D('',#18511,#15018,#15019);
#13058=AXIS2_PLACEMENT_3D('',#18517,#15023,#15024);
#13059=AXIS2_PLACEMENT_3D('',#18519,#15025,#15026);
#13060=AXIS2_PLACEMENT_3D('',#18521,#15027,#15028);
#13061=AXIS2_PLACEMENT_3D('',#18523,#15030,#15031);
#13062=AXIS2_PLACEMENT_3D('',#18526,#15034,#15035);
#13063=AXIS2_PLACEMENT_3D('',#18527,#15036,#15037);
#13064=AXIS2_PLACEMENT_3D('',#18528,#15038,#15039);
#13065=AXIS2_PLACEMENT_3D('',#18537,#15044,#15045);
#13066=AXIS2_PLACEMENT_3D('',#18546,#15050,#15051);
#13067=AXIS2_PLACEMENT_3D('',#18552,#15055,#15056);
#13068=AXIS2_PLACEMENT_3D('',#18556,#15059,#15060);
#13069=AXIS2_PLACEMENT_3D('',#18560,#15063,#15064);
#13070=AXIS2_PLACEMENT_3D('',#18562,#15066,#15067);
#13071=AXIS2_PLACEMENT_3D('',#18565,#15070,#15071);
#13072=AXIS2_PLACEMENT_3D('',#18567,#15073,#15074);
#13073=AXIS2_PLACEMENT_3D('',#18569,#15076,#15077);
#13074=AXIS2_PLACEMENT_3D('',#18570,#15078,#15079);
#13075=AXIS2_PLACEMENT_3D('',#18579,#15084,#15085);
#13076=AXIS2_PLACEMENT_3D('',#18585,#15089,#15090);
#13077=AXIS2_PLACEMENT_3D('',#18587,#15091,#15092);
#13078=AXIS2_PLACEMENT_3D('',#18589,#15093,#15094);
#13079=AXIS2_PLACEMENT_3D('',#18591,#15096,#15097);
#13080=AXIS2_PLACEMENT_3D('',#18597,#15101,#15102);
#13081=AXIS2_PLACEMENT_3D('',#18599,#15103,#15104);
#13082=AXIS2_PLACEMENT_3D('',#18601,#15105,#15106);
#13083=AXIS2_PLACEMENT_3D('',#18603,#15108,#15109);
#13084=AXIS2_PLACEMENT_3D('',#18609,#15113,#15114);
#13085=AXIS2_PLACEMENT_3D('',#18615,#15118,#15119);
#13086=AXIS2_PLACEMENT_3D('',#18621,#15123,#15124);
#13087=AXIS2_PLACEMENT_3D('',#18623,#15125,#15126);
#13088=AXIS2_PLACEMENT_3D('',#18625,#15127,#15128);
#13089=AXIS2_PLACEMENT_3D('',#18627,#15130,#15131);
#13090=AXIS2_PLACEMENT_3D('',#18633,#15135,#15136);
#13091=AXIS2_PLACEMENT_3D('',#18635,#15137,#15138);
#13092=AXIS2_PLACEMENT_3D('',#18637,#15139,#15140);
#13093=AXIS2_PLACEMENT_3D('',#18639,#15142,#15143);
#13094=AXIS2_PLACEMENT_3D('',#18642,#15146,#15147);
#13095=AXIS2_PLACEMENT_3D('',#18643,#15148,#15149);
#13096=AXIS2_PLACEMENT_3D('',#18644,#15150,#15151);
#13097=AXIS2_PLACEMENT_3D('',#18653,#15156,#15157);
#13098=AXIS2_PLACEMENT_3D('',#18659,#15161,#15162);
#13099=AXIS2_PLACEMENT_3D('',#18661,#15163,#15164);
#13100=AXIS2_PLACEMENT_3D('',#18663,#15165,#15166);
#13101=AXIS2_PLACEMENT_3D('',#18665,#15168,#15169);
#13102=AXIS2_PLACEMENT_3D('',#18671,#15173,#15174);
#13103=AXIS2_PLACEMENT_3D('',#18673,#15175,#15176);
#13104=AXIS2_PLACEMENT_3D('',#18675,#15177,#15178);
#13105=AXIS2_PLACEMENT_3D('',#18677,#15180,#15181);
#13106=AXIS2_PLACEMENT_3D('',#18683,#15185,#15186);
#13107=AXIS2_PLACEMENT_3D('',#18689,#15190,#15191);
#13108=AXIS2_PLACEMENT_3D('',#18695,#15195,#15196);
#13109=AXIS2_PLACEMENT_3D('',#18697,#15197,#15198);
#13110=AXIS2_PLACEMENT_3D('',#18699,#15199,#15200);
#13111=AXIS2_PLACEMENT_3D('',#18701,#15202,#15203);
#13112=AXIS2_PLACEMENT_3D('',#18707,#15207,#15208);
#13113=AXIS2_PLACEMENT_3D('',#18709,#15209,#15210);
#13114=AXIS2_PLACEMENT_3D('',#18711,#15211,#15212);
#13115=AXIS2_PLACEMENT_3D('',#18713,#15214,#15215);
#13116=AXIS2_PLACEMENT_3D('',#18716,#15218,#15219);
#13117=AXIS2_PLACEMENT_3D('',#18717,#15220,#15221);
#13118=AXIS2_PLACEMENT_3D('',#18718,#15222,#15223);
#13119=AXIS2_PLACEMENT_3D('',#18727,#15228,#15229);
#13120=AXIS2_PLACEMENT_3D('',#18733,#15233,#15234);
#13121=AXIS2_PLACEMENT_3D('',#18735,#15235,#15236);
#13122=AXIS2_PLACEMENT_3D('',#18738,#15238,#15239);
#13123=AXIS2_PLACEMENT_3D('',#18739,#15240,#15241);
#13124=AXIS2_PLACEMENT_3D('',#18745,#15245,#15246);
#13125=AXIS2_PLACEMENT_3D('',#18747,#15247,#15248);
#13126=AXIS2_PLACEMENT_3D('',#18750,#15250,#15251);
#13127=AXIS2_PLACEMENT_3D('',#18751,#15252,#15253);
#13128=AXIS2_PLACEMENT_3D('',#18757,#15257,#15258);
#13129=AXIS2_PLACEMENT_3D('',#18763,#15262,#15263);
#13130=AXIS2_PLACEMENT_3D('',#18769,#15267,#15268);
#13131=AXIS2_PLACEMENT_3D('',#18771,#15269,#15270);
#13132=AXIS2_PLACEMENT_3D('',#18774,#15272,#15273);
#13133=AXIS2_PLACEMENT_3D('',#18775,#15274,#15275);
#13134=AXIS2_PLACEMENT_3D('',#18781,#15279,#15280);
#13135=AXIS2_PLACEMENT_3D('',#18783,#15281,#15282);
#13136=AXIS2_PLACEMENT_3D('',#18786,#15284,#15285);
#13137=AXIS2_PLACEMENT_3D('',#18787,#15286,#15287);
#13138=AXIS2_PLACEMENT_3D('',#18790,#15290,#15291);
#13139=AXIS2_PLACEMENT_3D('',#18791,#15292,#15293);
#13140=AXIS2_PLACEMENT_3D('',#18792,#15294,#15295);
#13141=AXIS2_PLACEMENT_3D('',#18801,#15300,#15301);
#13142=AXIS2_PLACEMENT_3D('',#18807,#15305,#15306);
#13143=AXIS2_PLACEMENT_3D('',#18809,#15307,#15308);
#13144=AXIS2_PLACEMENT_3D('',#18811,#15309,#15310);
#13145=AXIS2_PLACEMENT_3D('',#18813,#15312,#15313);
#13146=AXIS2_PLACEMENT_3D('',#18819,#15317,#15318);
#13147=AXIS2_PLACEMENT_3D('',#18821,#15319,#15320);
#13148=AXIS2_PLACEMENT_3D('',#18823,#15321,#15322);
#13149=AXIS2_PLACEMENT_3D('',#18825,#15324,#15325);
#13150=AXIS2_PLACEMENT_3D('',#18831,#15329,#15330);
#13151=AXIS2_PLACEMENT_3D('',#18837,#15334,#15335);
#13152=AXIS2_PLACEMENT_3D('',#18843,#15339,#15340);
#13153=AXIS2_PLACEMENT_3D('',#18845,#15341,#15342);
#13154=AXIS2_PLACEMENT_3D('',#18847,#15343,#15344);
#13155=AXIS2_PLACEMENT_3D('',#18849,#15346,#15347);
#13156=AXIS2_PLACEMENT_3D('',#18855,#15351,#15352);
#13157=AXIS2_PLACEMENT_3D('',#18857,#15353,#15354);
#13158=AXIS2_PLACEMENT_3D('',#18859,#15355,#15356);
#13159=AXIS2_PLACEMENT_3D('',#18861,#15358,#15359);
#13160=AXIS2_PLACEMENT_3D('',#18864,#15362,#15363);
#13161=AXIS2_PLACEMENT_3D('',#18865,#15364,#15365);
#13162=AXIS2_PLACEMENT_3D('',#18866,#15366,#15367);
#13163=AXIS2_PLACEMENT_3D('',#18875,#15372,#15373);
#13164=AXIS2_PLACEMENT_3D('',#18881,#15377,#15378);
#13165=AXIS2_PLACEMENT_3D('',#18883,#15379,#15380);
#13166=AXIS2_PLACEMENT_3D('',#18885,#15381,#15382);
#13167=AXIS2_PLACEMENT_3D('',#18887,#15384,#15385);
#13168=AXIS2_PLACEMENT_3D('',#18893,#15389,#15390);
#13169=AXIS2_PLACEMENT_3D('',#18895,#15391,#15392);
#13170=AXIS2_PLACEMENT_3D('',#18897,#15393,#15394);
#13171=AXIS2_PLACEMENT_3D('',#18899,#15396,#15397);
#13172=AXIS2_PLACEMENT_3D('',#18905,#15401,#15402);
#13173=AXIS2_PLACEMENT_3D('',#18911,#15406,#15407);
#13174=AXIS2_PLACEMENT_3D('',#18917,#15411,#15412);
#13175=AXIS2_PLACEMENT_3D('',#18919,#15413,#15414);
#13176=AXIS2_PLACEMENT_3D('',#18921,#15415,#15416);
#13177=AXIS2_PLACEMENT_3D('',#18923,#15418,#15419);
#13178=AXIS2_PLACEMENT_3D('',#18929,#15423,#15424);
#13179=AXIS2_PLACEMENT_3D('',#18931,#15425,#15426);
#13180=AXIS2_PLACEMENT_3D('',#18933,#15427,#15428);
#13181=AXIS2_PLACEMENT_3D('',#18935,#15430,#15431);
#13182=AXIS2_PLACEMENT_3D('',#18938,#15434,#15435);
#13183=AXIS2_PLACEMENT_3D('',#18939,#15436,#15437);
#13184=AXIS2_PLACEMENT_3D('',#18940,#15438,#15439);
#13185=AXIS2_PLACEMENT_3D('',#18949,#15444,#15445);
#13186=AXIS2_PLACEMENT_3D('',#18955,#15449,#15450);
#13187=AXIS2_PLACEMENT_3D('',#18957,#15451,#15452);
#13188=AXIS2_PLACEMENT_3D('',#18960,#15454,#15455);
#13189=AXIS2_PLACEMENT_3D('',#18961,#15456,#15457);
#13190=AXIS2_PLACEMENT_3D('',#18967,#15461,#15462);
#13191=AXIS2_PLACEMENT_3D('',#18969,#15463,#15464);
#13192=AXIS2_PLACEMENT_3D('',#18972,#15466,#15467);
#13193=AXIS2_PLACEMENT_3D('',#18973,#15468,#15469);
#13194=AXIS2_PLACEMENT_3D('',#18979,#15473,#15474);
#13195=AXIS2_PLACEMENT_3D('',#18985,#15478,#15479);
#13196=AXIS2_PLACEMENT_3D('',#18991,#15483,#15484);
#13197=AXIS2_PLACEMENT_3D('',#18993,#15485,#15486);
#13198=AXIS2_PLACEMENT_3D('',#18996,#15488,#15489);
#13199=AXIS2_PLACEMENT_3D('',#18997,#15490,#15491);
#13200=AXIS2_PLACEMENT_3D('',#19003,#15495,#15496);
#13201=AXIS2_PLACEMENT_3D('',#19005,#15497,#15498);
#13202=AXIS2_PLACEMENT_3D('',#19008,#15500,#15501);
#13203=AXIS2_PLACEMENT_3D('',#19009,#15502,#15503);
#13204=AXIS2_PLACEMENT_3D('',#19012,#15506,#15507);
#13205=AXIS2_PLACEMENT_3D('',#19013,#15508,#15509);
#13206=AXIS2_PLACEMENT_3D('',#19014,#15510,#15511);
#13207=AXIS2_PLACEMENT_3D('',#19023,#15516,#15517);
#13208=AXIS2_PLACEMENT_3D('',#19032,#15522,#15523);
#13209=AXIS2_PLACEMENT_3D('',#19038,#15527,#15528);
#13210=AXIS2_PLACEMENT_3D('',#19042,#15531,#15532);
#13211=AXIS2_PLACEMENT_3D('',#19046,#15535,#15536);
#13212=AXIS2_PLACEMENT_3D('',#19048,#15538,#15539);
#13213=AXIS2_PLACEMENT_3D('',#19051,#15542,#15543);
#13214=AXIS2_PLACEMENT_3D('',#19053,#15545,#15546);
#13215=AXIS2_PLACEMENT_3D('',#19055,#15548,#15549);
#13216=AXIS2_PLACEMENT_3D('',#19056,#15550,#15551);
#13217=AXIS2_PLACEMENT_3D('',#19058,#15552,#15553);
#13218=AXIS2_PLACEMENT_3D('',#19061,#15555,#15556);
#13219=AXIS2_PLACEMENT_3D('',#19062,#15557,#15558);
#13220=AXIS2_PLACEMENT_3D('',#19064,#15559,#15560);
#13221=AXIS2_PLACEMENT_3D('',#19067,#15562,#15563);
#13222=AXIS2_PLACEMENT_3D('',#19068,#15564,#15565);
#13223=AXIS2_PLACEMENT_3D('',#19069,#15566,#15567);
#13224=AXIS2_PLACEMENT_3D('',#19070,#15568,#15569);
#13225=AXIS2_PLACEMENT_3D('',#19072,#15570,#15571);
#13226=AXIS2_PLACEMENT_3D('',#19075,#15573,#15574);
#13227=AXIS2_PLACEMENT_3D('',#19076,#15575,#15576);
#13228=AXIS2_PLACEMENT_3D('',#19078,#15577,#15578);
#13229=AXIS2_PLACEMENT_3D('',#19081,#15580,#15581);
#13230=AXIS2_PLACEMENT_3D('',#19082,#15582,#15583);
#13231=AXIS2_PLACEMENT_3D('',#19083,#15584,#15585);
#13232=AXIS2_PLACEMENT_3D('',#19084,#15586,#15587);
#13233=AXIS2_PLACEMENT_3D('',#19086,#15588,#15589);
#13234=AXIS2_PLACEMENT_3D('',#19089,#15591,#15592);
#13235=AXIS2_PLACEMENT_3D('',#19090,#15593,#15594);
#13236=AXIS2_PLACEMENT_3D('',#19092,#15595,#15596);
#13237=AXIS2_PLACEMENT_3D('',#19095,#15598,#15599);
#13238=AXIS2_PLACEMENT_3D('',#19096,#15600,#15601);
#13239=AXIS2_PLACEMENT_3D('',#19097,#15602,#15603);
#13240=AXIS2_PLACEMENT_3D('',#19098,#15604,#15605);
#13241=AXIS2_PLACEMENT_3D('',#19100,#15606,#15607);
#13242=AXIS2_PLACEMENT_3D('',#19103,#15609,#15610);
#13243=AXIS2_PLACEMENT_3D('',#19104,#15611,#15612);
#13244=AXIS2_PLACEMENT_3D('',#19106,#15613,#15614);
#13245=AXIS2_PLACEMENT_3D('',#19109,#15616,#15617);
#13246=AXIS2_PLACEMENT_3D('',#19110,#15618,#15619);
#13247=AXIS2_PLACEMENT_3D('',#19111,#15620,#15621);
#13248=AXIS2_PLACEMENT_3D('',#19112,#15622,#15623);
#13249=AXIS2_PLACEMENT_3D('',#19114,#15624,#15625);
#13250=AXIS2_PLACEMENT_3D('',#19117,#15627,#15628);
#13251=AXIS2_PLACEMENT_3D('',#19118,#15629,#15630);
#13252=AXIS2_PLACEMENT_3D('',#19120,#15631,#15632);
#13253=AXIS2_PLACEMENT_3D('',#19123,#15634,#15635);
#13254=AXIS2_PLACEMENT_3D('',#19124,#15636,#15637);
#13255=AXIS2_PLACEMENT_3D('',#19125,#15638,#15639);
#13256=AXIS2_PLACEMENT_3D('',#19126,#15640,#15641);
#13257=AXIS2_PLACEMENT_3D('',#19128,#15642,#15643);
#13258=AXIS2_PLACEMENT_3D('',#19131,#15645,#15646);
#13259=AXIS2_PLACEMENT_3D('',#19132,#15647,#15648);
#13260=AXIS2_PLACEMENT_3D('',#19134,#15649,#15650);
#13261=AXIS2_PLACEMENT_3D('',#19137,#15652,#15653);
#13262=AXIS2_PLACEMENT_3D('',#19138,#15654,#15655);
#13263=AXIS2_PLACEMENT_3D('',#19139,#15656,#15657);
#13264=AXIS2_PLACEMENT_3D('',#19140,#15658,#15659);
#13265=AXIS2_PLACEMENT_3D('',#19142,#15660,#15661);
#13266=AXIS2_PLACEMENT_3D('',#19145,#15663,#15664);
#13267=AXIS2_PLACEMENT_3D('',#19146,#15665,#15666);
#13268=AXIS2_PLACEMENT_3D('',#19148,#15667,#15668);
#13269=AXIS2_PLACEMENT_3D('',#19151,#15670,#15671);
#13270=AXIS2_PLACEMENT_3D('',#19152,#15672,#15673);
#13271=AXIS2_PLACEMENT_3D('',#19153,#15674,#15675);
#13272=AXIS2_PLACEMENT_3D('',#19154,#15676,#15677);
#13273=AXIS2_PLACEMENT_3D('',#19156,#15678,#15679);
#13274=AXIS2_PLACEMENT_3D('',#19159,#15681,#15682);
#13275=AXIS2_PLACEMENT_3D('',#19160,#15683,#15684);
#13276=AXIS2_PLACEMENT_3D('',#19162,#15685,#15686);
#13277=AXIS2_PLACEMENT_3D('',#19165,#15688,#15689);
#13278=AXIS2_PLACEMENT_3D('',#19166,#15690,#15691);
#13279=AXIS2_PLACEMENT_3D('',#19167,#15692,#15693);
#13280=AXIS2_PLACEMENT_3D('',#19168,#15694,#15695);
#13281=AXIS2_PLACEMENT_3D('',#19170,#15696,#15697);
#13282=AXIS2_PLACEMENT_3D('',#19173,#15699,#15700);
#13283=AXIS2_PLACEMENT_3D('',#19174,#15701,#15702);
#13284=AXIS2_PLACEMENT_3D('',#19176,#15703,#15704);
#13285=AXIS2_PLACEMENT_3D('',#19179,#15706,#15707);
#13286=AXIS2_PLACEMENT_3D('',#19180,#15708,#15709);
#13287=AXIS2_PLACEMENT_3D('',#19181,#15710,#15711);
#13288=AXIS2_PLACEMENT_3D('',#19182,#15712,#15713);
#13289=AXIS2_PLACEMENT_3D('',#19184,#15714,#15715);
#13290=AXIS2_PLACEMENT_3D('',#19187,#15717,#15718);
#13291=AXIS2_PLACEMENT_3D('',#19188,#15719,#15720);
#13292=AXIS2_PLACEMENT_3D('',#19190,#15721,#15722);
#13293=AXIS2_PLACEMENT_3D('',#19193,#15724,#15725);
#13294=AXIS2_PLACEMENT_3D('',#19194,#15726,#15727);
#13295=AXIS2_PLACEMENT_3D('',#19195,#15728,#15729);
#13296=AXIS2_PLACEMENT_3D('',#19196,#15730,#15731);
#13297=AXIS2_PLACEMENT_3D('',#19198,#15732,#15733);
#13298=AXIS2_PLACEMENT_3D('',#19201,#15735,#15736);
#13299=AXIS2_PLACEMENT_3D('',#19202,#15737,#15738);
#13300=AXIS2_PLACEMENT_3D('',#19204,#15739,#15740);
#13301=AXIS2_PLACEMENT_3D('',#19207,#15742,#15743);
#13302=AXIS2_PLACEMENT_3D('',#19208,#15744,#15745);
#13303=AXIS2_PLACEMENT_3D('',#19209,#15746,#15747);
#13304=AXIS2_PLACEMENT_3D('',#19210,#15748,#15749);
#13305=AXIS2_PLACEMENT_3D('',#19212,#15750,#15751);
#13306=AXIS2_PLACEMENT_3D('',#19215,#15753,#15754);
#13307=AXIS2_PLACEMENT_3D('',#19216,#15755,#15756);
#13308=AXIS2_PLACEMENT_3D('',#19218,#15757,#15758);
#13309=AXIS2_PLACEMENT_3D('',#19221,#15760,#15761);
#13310=AXIS2_PLACEMENT_3D('',#19222,#15762,#15763);
#13311=AXIS2_PLACEMENT_3D('',#19223,#15764,#15765);
#13312=AXIS2_PLACEMENT_3D('',#19224,#15766,#15767);
#13313=AXIS2_PLACEMENT_3D('',#19226,#15768,#15769);
#13314=AXIS2_PLACEMENT_3D('',#19229,#15771,#15772);
#13315=AXIS2_PLACEMENT_3D('',#19230,#15773,#15774);
#13316=AXIS2_PLACEMENT_3D('',#19232,#15775,#15776);
#13317=AXIS2_PLACEMENT_3D('',#19235,#15778,#15779);
#13318=AXIS2_PLACEMENT_3D('',#19236,#15780,#15781);
#13319=AXIS2_PLACEMENT_3D('',#19237,#15782,#15783);
#13320=AXIS2_PLACEMENT_3D('',#19238,#15784,#15785);
#13321=AXIS2_PLACEMENT_3D('',#19240,#15786,#15787);
#13322=AXIS2_PLACEMENT_3D('',#19243,#15789,#15790);
#13323=AXIS2_PLACEMENT_3D('',#19244,#15791,#15792);
#13324=AXIS2_PLACEMENT_3D('',#19246,#15793,#15794);
#13325=AXIS2_PLACEMENT_3D('',#19249,#15796,#15797);
#13326=AXIS2_PLACEMENT_3D('',#19250,#15798,#15799);
#13327=AXIS2_PLACEMENT_3D('',#19251,#15800,#15801);
#13328=AXIS2_PLACEMENT_3D('',#19252,#15802,#15803);
#13329=AXIS2_PLACEMENT_3D('',#19254,#15804,#15805);
#13330=AXIS2_PLACEMENT_3D('',#19257,#15807,#15808);
#13331=AXIS2_PLACEMENT_3D('',#19258,#15809,#15810);
#13332=AXIS2_PLACEMENT_3D('',#19259,#15811,#15812);
#13333=AXIS2_PLACEMENT_3D('',#19260,#15813,#15814);
#13334=AXIS2_PLACEMENT_3D('',#19262,#15815,#15816);
#13335=AXIS2_PLACEMENT_3D('',#19265,#15818,#15819);
#13336=AXIS2_PLACEMENT_3D('',#19266,#15820,#15821);
#13337=AXIS2_PLACEMENT_3D('',#19267,#15822,#15823);
#13338=AXIS2_PLACEMENT_3D('',#19268,#15824,#15825);
#13339=AXIS2_PLACEMENT_3D('',#19270,#15826,#15827);
#13340=AXIS2_PLACEMENT_3D('',#19273,#15829,#15830);
#13341=AXIS2_PLACEMENT_3D('',#19274,#15831,#15832);
#13342=AXIS2_PLACEMENT_3D('',#19276,#15833,#15834);
#13343=AXIS2_PLACEMENT_3D('',#19279,#15836,#15837);
#13344=AXIS2_PLACEMENT_3D('',#19280,#15838,#15839);
#13345=AXIS2_PLACEMENT_3D('',#19281,#15840,#15841);
#13346=AXIS2_PLACEMENT_3D('',#19282,#15842,#15843);
#13347=AXIS2_PLACEMENT_3D('',#19284,#15844,#15845);
#13348=AXIS2_PLACEMENT_3D('',#19287,#15847,#15848);
#13349=AXIS2_PLACEMENT_3D('',#19288,#15849,#15850);
#13350=AXIS2_PLACEMENT_3D('',#19290,#15851,#15852);
#13351=AXIS2_PLACEMENT_3D('',#19293,#15854,#15855);
#13352=AXIS2_PLACEMENT_3D('',#19294,#15856,#15857);
#13353=AXIS2_PLACEMENT_3D('',#19295,#15858,#15859);
#13354=AXIS2_PLACEMENT_3D('',#19296,#15860,#15861);
#13355=AXIS2_PLACEMENT_3D('',#19298,#15862,#15863);
#13356=AXIS2_PLACEMENT_3D('',#19301,#15865,#15866);
#13357=AXIS2_PLACEMENT_3D('',#19302,#15867,#15868);
#13358=AXIS2_PLACEMENT_3D('',#19304,#15869,#15870);
#13359=AXIS2_PLACEMENT_3D('',#19307,#15872,#15873);
#13360=AXIS2_PLACEMENT_3D('',#19308,#15874,#15875);
#13361=AXIS2_PLACEMENT_3D('',#19309,#15876,#15877);
#13362=AXIS2_PLACEMENT_3D('',#19310,#15878,#15879);
#13363=AXIS2_PLACEMENT_3D('',#19312,#15880,#15881);
#13364=AXIS2_PLACEMENT_3D('',#19315,#15883,#15884);
#13365=AXIS2_PLACEMENT_3D('',#19316,#15885,#15886);
#13366=AXIS2_PLACEMENT_3D('',#19318,#15887,#15888);
#13367=AXIS2_PLACEMENT_3D('',#19321,#15890,#15891);
#13368=AXIS2_PLACEMENT_3D('',#19322,#15892,#15893);
#13369=AXIS2_PLACEMENT_3D('',#19323,#15894,#15895);
#13370=AXIS2_PLACEMENT_3D('',#19324,#15896,#15897);
#13371=AXIS2_PLACEMENT_3D('',#19326,#15898,#15899);
#13372=AXIS2_PLACEMENT_3D('',#19329,#15901,#15902);
#13373=AXIS2_PLACEMENT_3D('',#19330,#15903,#15904);
#13374=AXIS2_PLACEMENT_3D('',#19332,#15905,#15906);
#13375=AXIS2_PLACEMENT_3D('',#19335,#15908,#15909);
#13376=AXIS2_PLACEMENT_3D('',#19336,#15910,#15911);
#13377=AXIS2_PLACEMENT_3D('',#19337,#15912,#15913);
#13378=AXIS2_PLACEMENT_3D('',#19338,#15914,#15915);
#13379=AXIS2_PLACEMENT_3D('',#19340,#15916,#15917);
#13380=AXIS2_PLACEMENT_3D('',#19343,#15919,#15920);
#13381=AXIS2_PLACEMENT_3D('',#19344,#15921,#15922);
#13382=AXIS2_PLACEMENT_3D('',#19346,#15923,#15924);
#13383=AXIS2_PLACEMENT_3D('',#19349,#15926,#15927);
#13384=AXIS2_PLACEMENT_3D('',#19350,#15928,#15929);
#13385=AXIS2_PLACEMENT_3D('',#19351,#15930,#15931);
#13386=AXIS2_PLACEMENT_3D('',#19352,#15932,#15933);
#13387=AXIS2_PLACEMENT_3D('',#19354,#15934,#15935);
#13388=AXIS2_PLACEMENT_3D('',#19357,#15937,#15938);
#13389=AXIS2_PLACEMENT_3D('',#19358,#15939,#15940);
#13390=AXIS2_PLACEMENT_3D('',#19360,#15941,#15942);
#13391=AXIS2_PLACEMENT_3D('',#19363,#15944,#15945);
#13392=AXIS2_PLACEMENT_3D('',#19364,#15946,#15947);
#13393=AXIS2_PLACEMENT_3D('',#19365,#15948,#15949);
#13394=AXIS2_PLACEMENT_3D('',#19366,#15950,#15951);
#13395=AXIS2_PLACEMENT_3D('',#19368,#15952,#15953);
#13396=AXIS2_PLACEMENT_3D('',#19371,#15955,#15956);
#13397=AXIS2_PLACEMENT_3D('',#19372,#15957,#15958);
#13398=AXIS2_PLACEMENT_3D('',#19374,#15959,#15960);
#13399=AXIS2_PLACEMENT_3D('',#19377,#15962,#15963);
#13400=AXIS2_PLACEMENT_3D('',#19378,#15964,#15965);
#13401=AXIS2_PLACEMENT_3D('',#19379,#15966,#15967);
#13402=AXIS2_PLACEMENT_3D('',#19380,#15968,#15969);
#13403=AXIS2_PLACEMENT_3D('',#19382,#15970,#15971);
#13404=AXIS2_PLACEMENT_3D('',#19385,#15973,#15974);
#13405=AXIS2_PLACEMENT_3D('',#19386,#15975,#15976);
#13406=AXIS2_PLACEMENT_3D('',#19388,#15977,#15978);
#13407=AXIS2_PLACEMENT_3D('',#19391,#15980,#15981);
#13408=AXIS2_PLACEMENT_3D('',#19392,#15982,#15983);
#13409=AXIS2_PLACEMENT_3D('',#19393,#15984,#15985);
#13410=AXIS2_PLACEMENT_3D('',#19394,#15986,#15987);
#13411=AXIS2_PLACEMENT_3D('',#19396,#15988,#15989);
#13412=AXIS2_PLACEMENT_3D('',#19399,#15991,#15992);
#13413=AXIS2_PLACEMENT_3D('',#19400,#15993,#15994);
#13414=AXIS2_PLACEMENT_3D('',#19402,#15995,#15996);
#13415=AXIS2_PLACEMENT_3D('',#19405,#15998,#15999);
#13416=AXIS2_PLACEMENT_3D('',#19406,#16000,#16001);
#13417=AXIS2_PLACEMENT_3D('',#19407,#16002,#16003);
#13418=AXIS2_PLACEMENT_3D('',#19408,#16004,#16005);
#13419=AXIS2_PLACEMENT_3D('',#19410,#16006,#16007);
#13420=AXIS2_PLACEMENT_3D('',#19413,#16009,#16010);
#13421=AXIS2_PLACEMENT_3D('',#19414,#16011,#16012);
#13422=AXIS2_PLACEMENT_3D('',#19416,#16013,#16014);
#13423=AXIS2_PLACEMENT_3D('',#19419,#16016,#16017);
#13424=AXIS2_PLACEMENT_3D('',#19420,#16018,#16019);
#13425=AXIS2_PLACEMENT_3D('',#19421,#16020,#16021);
#13426=AXIS2_PLACEMENT_3D('',#19422,#16022,#16023);
#13427=AXIS2_PLACEMENT_3D('',#19424,#16024,#16025);
#13428=AXIS2_PLACEMENT_3D('',#19427,#16027,#16028);
#13429=AXIS2_PLACEMENT_3D('',#19428,#16029,#16030);
#13430=AXIS2_PLACEMENT_3D('',#19430,#16031,#16032);
#13431=AXIS2_PLACEMENT_3D('',#19433,#16034,#16035);
#13432=AXIS2_PLACEMENT_3D('',#19434,#16036,#16037);
#13433=AXIS2_PLACEMENT_3D('',#19435,#16038,#16039);
#13434=AXIS2_PLACEMENT_3D('',#19436,#16040,#16041);
#13435=AXIS2_PLACEMENT_3D('',#19438,#16042,#16043);
#13436=AXIS2_PLACEMENT_3D('',#19441,#16045,#16046);
#13437=AXIS2_PLACEMENT_3D('',#19442,#16047,#16048);
#13438=AXIS2_PLACEMENT_3D('',#19444,#16049,#16050);
#13439=AXIS2_PLACEMENT_3D('',#19447,#16052,#16053);
#13440=AXIS2_PLACEMENT_3D('',#19448,#16054,#16055);
#13441=AXIS2_PLACEMENT_3D('',#19449,#16056,#16057);
#13442=AXIS2_PLACEMENT_3D('',#19450,#16058,#16059);
#13443=AXIS2_PLACEMENT_3D('',#19452,#16060,#16061);
#13444=AXIS2_PLACEMENT_3D('',#19455,#16063,#16064);
#13445=AXIS2_PLACEMENT_3D('',#19456,#16065,#16066);
#13446=AXIS2_PLACEMENT_3D('',#19458,#16067,#16068);
#13447=AXIS2_PLACEMENT_3D('',#19461,#16070,#16071);
#13448=AXIS2_PLACEMENT_3D('',#19462,#16072,#16073);
#13449=AXIS2_PLACEMENT_3D('',#19463,#16074,#16075);
#13450=AXIS2_PLACEMENT_3D('',#19464,#16076,#16077);
#13451=AXIS2_PLACEMENT_3D('',#19466,#16078,#16079);
#13452=AXIS2_PLACEMENT_3D('',#19468,#16080,#16081);
#13453=AXIS2_PLACEMENT_3D('',#19469,#16082,#16083);
#13454=AXIS2_PLACEMENT_3D('',#19470,#16084,#16085);
#13455=AXIS2_PLACEMENT_3D('',#19472,#16086,#16087);
#13456=AXIS2_PLACEMENT_3D('',#19474,#16089,#16090);
#13457=AXIS2_PLACEMENT_3D('',#19487,#16097,#16098);
#13458=AXIS2_PLACEMENT_3D('',#19496,#16103,#16104);
#13459=AXIS2_PLACEMENT_3D('',#19507,#16110,#16111);
#13460=AXIS2_PLACEMENT_3D('',#19516,#16116,#16117);
#13461=AXIS2_PLACEMENT_3D('',#19527,#16123,#16124);
#13462=AXIS2_PLACEMENT_3D('',#19536,#16129,#16130);
#13463=AXIS2_PLACEMENT_3D('',#19539,#16133,#16134);
#13464=AXIS2_PLACEMENT_3D('',#19548,#16139,#16140);
#13465=AXIS2_PLACEMENT_3D('',#19557,#16145,#16146);
#13466=AXIS2_PLACEMENT_3D('',#19566,#16151,#16152);
#13467=AXIS2_PLACEMENT_3D('',#19567,#16153,#16154);
#13468=AXIS2_PLACEMENT_3D('',#19568,#16155,#16156);
#13469=AXIS2_PLACEMENT_3D('',#19569,#16157,#16158);
#13470=AXIS2_PLACEMENT_3D('',#19570,#16159,#16160);
#13471=AXIS2_PLACEMENT_3D('',#19571,#16161,#16162);
#13472=AXIS2_PLACEMENT_3D('',#19572,#16163,#16164);
#13473=AXIS2_PLACEMENT_3D('',#19573,#16165,#16166);
#13474=AXIS2_PLACEMENT_3D('',#19574,#16167,#16168);
#13475=AXIS2_PLACEMENT_3D('',#19575,#16169,#16170);
#13476=AXIS2_PLACEMENT_3D('',#19576,#16171,#16172);
#13477=AXIS2_PLACEMENT_3D('',#19577,#16173,#16174);
#13478=AXIS2_PLACEMENT_3D('',#19578,#16175,#16176);
#13479=AXIS2_PLACEMENT_3D('',#19579,#16177,#16178);
#13480=AXIS2_PLACEMENT_3D('',#19580,#16179,#16180);
#13481=AXIS2_PLACEMENT_3D('',#19581,#16181,#16182);
#13482=AXIS2_PLACEMENT_3D('',#19582,#16183,#16184);
#13483=AXIS2_PLACEMENT_3D('',#19583,#16185,#16186);
#13484=AXIS2_PLACEMENT_3D('',#19584,#16187,#16188);
#13485=AXIS2_PLACEMENT_3D('',#19585,#16189,#16190);
#13486=AXIS2_PLACEMENT_3D('',#19586,#16191,#16192);
#13487=AXIS2_PLACEMENT_3D('',#19587,#16193,#16194);
#13488=AXIS2_PLACEMENT_3D('',#19588,#16195,#16196);
#13489=AXIS2_PLACEMENT_3D('',#19589,#16197,#16198);
#13490=AXIS2_PLACEMENT_3D('',#19590,#16199,#16200);
#13491=AXIS2_PLACEMENT_3D('',#19591,#16201,#16202);
#13492=AXIS2_PLACEMENT_3D('',#19592,#16203,#16204);
#13493=AXIS2_PLACEMENT_3D('',#19593,#16205,#16206);
#13494=AXIS2_PLACEMENT_3D('',#19594,#16207,#16208);
#13495=AXIS2_PLACEMENT_3D('',#19595,#16209,#16210);
#13496=AXIS2_PLACEMENT_3D('',#19596,#16211,#16212);
#13497=AXIS2_PLACEMENT_3D('',#19597,#16213,#16214);
#13498=AXIS2_PLACEMENT_3D('',#19598,#16215,#16216);
#13499=AXIS2_PLACEMENT_3D('',#19599,#16217,#16218);
#13500=AXIS2_PLACEMENT_3D('',#19600,#16219,#16220);
#13501=AXIS2_PLACEMENT_3D('',#19601,#16221,#16222);
#13502=AXIS2_PLACEMENT_3D('',#19602,#16223,#16224);
#13503=AXIS2_PLACEMENT_3D('',#19603,#16225,#16226);
#13504=AXIS2_PLACEMENT_3D('',#19604,#16227,#16228);
#13505=AXIS2_PLACEMENT_3D('',#19605,#16229,#16230);
#13506=AXIS2_PLACEMENT_3D('',#19606,#16231,#16232);
#13507=AXIS2_PLACEMENT_3D('',#19607,#16233,#16234);
#13508=AXIS2_PLACEMENT_3D('',#19608,#16235,#16236);
#13509=AXIS2_PLACEMENT_3D('',#19609,#16237,#16238);
#13510=AXIS2_PLACEMENT_3D('',#19610,#16239,#16240);
#13511=AXIS2_PLACEMENT_3D('',#19611,#16241,#16242);
#13512=AXIS2_PLACEMENT_3D('',#19612,#16243,#16244);
#13513=AXIS2_PLACEMENT_3D('',#19613,#16245,#16246);
#13514=AXIS2_PLACEMENT_3D('',#19614,#16247,#16248);
#13515=AXIS2_PLACEMENT_3D('',#19615,#16249,#16250);
#13516=AXIS2_PLACEMENT_3D('',#19616,#16251,#16252);
#13517=AXIS2_PLACEMENT_3D('',#19617,#16253,#16254);
#13518=AXIS2_PLACEMENT_3D('',#19618,#16255,#16256);
#13519=AXIS2_PLACEMENT_3D('',#19619,#16257,#16258);
#13520=AXIS2_PLACEMENT_3D('',#19620,#16259,#16260);
#13521=AXIS2_PLACEMENT_3D('',#19621,#16261,#16262);
#13522=AXIS2_PLACEMENT_3D('',#19622,#16263,#16264);
#13523=AXIS2_PLACEMENT_3D('',#19623,#16265,#16266);
#13524=AXIS2_PLACEMENT_3D('',#19624,#16267,#16268);
#13525=AXIS2_PLACEMENT_3D('',#19625,#16269,#16270);
#13526=AXIS2_PLACEMENT_3D('',#19626,#16271,#16272);
#13527=AXIS2_PLACEMENT_3D('',#19627,#16273,#16274);
#13528=AXIS2_PLACEMENT_3D('',#19628,#16275,#16276);
#13529=AXIS2_PLACEMENT_3D('',#19629,#16277,#16278);
#13530=AXIS2_PLACEMENT_3D('',#19630,#16279,#16280);
#13531=AXIS2_PLACEMENT_3D('',#19631,#16281,#16282);
#13532=AXIS2_PLACEMENT_3D('',#19632,#16283,#16284);
#13533=AXIS2_PLACEMENT_3D('',#19633,#16285,#16286);
#13534=AXIS2_PLACEMENT_3D('',#19642,#16291,#16292);
#13535=AXIS2_PLACEMENT_3D('',#19648,#16296,#16297);
#13536=AXIS2_PLACEMENT_3D('',#19654,#16301,#16302);
#13537=AXIS2_PLACEMENT_3D('',#19657,#16305,#16306);
#13538=AXIS2_PLACEMENT_3D('',#19658,#16307,#16308);
#13539=AXIS2_PLACEMENT_3D('',#19659,#16309,#16310);
#13540=AXIS2_PLACEMENT_3D('',#19668,#16315,#16316);
#13541=AXIS2_PLACEMENT_3D('',#19674,#16320,#16321);
#13542=AXIS2_PLACEMENT_3D('',#19680,#16325,#16326);
#13543=AXIS2_PLACEMENT_3D('',#19683,#16329,#16330);
#13544=AXIS2_PLACEMENT_3D('',#19684,#16331,#16332);
#13545=AXIS2_PLACEMENT_3D('',#19685,#16333,#16334);
#13546=AXIS2_PLACEMENT_3D('',#19694,#16339,#16340);
#13547=AXIS2_PLACEMENT_3D('',#19700,#16344,#16345);
#13548=AXIS2_PLACEMENT_3D('',#19706,#16349,#16350);
#13549=AXIS2_PLACEMENT_3D('',#19709,#16353,#16354);
#13550=AXIS2_PLACEMENT_3D('',#19710,#16355,#16356);
#13551=AXIS2_PLACEMENT_3D('',#19711,#16357,#16358);
#13552=AXIS2_PLACEMENT_3D('',#19720,#16363,#16364);
#13553=AXIS2_PLACEMENT_3D('',#19726,#16368,#16369);
#13554=AXIS2_PLACEMENT_3D('',#19732,#16373,#16374);
#13555=AXIS2_PLACEMENT_3D('',#19735,#16377,#16378);
#13556=AXIS2_PLACEMENT_3D('',#19736,#16379,#16380);
#13557=AXIS2_PLACEMENT_3D('',#19737,#16381,#16382);
#13558=AXIS2_PLACEMENT_3D('',#19746,#16387,#16388);
#13559=AXIS2_PLACEMENT_3D('',#19752,#16392,#16393);
#13560=AXIS2_PLACEMENT_3D('',#19758,#16397,#16398);
#13561=AXIS2_PLACEMENT_3D('',#19761,#16401,#16402);
#13562=AXIS2_PLACEMENT_3D('',#19762,#16403,#16404);
#13563=AXIS2_PLACEMENT_3D('',#19763,#16405,#16406);
#13564=AXIS2_PLACEMENT_3D('',#19772,#16411,#16412);
#13565=AXIS2_PLACEMENT_3D('',#19778,#16416,#16417);
#13566=AXIS2_PLACEMENT_3D('',#19784,#16421,#16422);
#13567=AXIS2_PLACEMENT_3D('',#19787,#16425,#16426);
#13568=AXIS2_PLACEMENT_3D('',#19788,#16427,#16428);
#13569=AXIS2_PLACEMENT_3D('',#19789,#16429,#16430);
#13570=AXIS2_PLACEMENT_3D('',#19798,#16435,#16436);
#13571=AXIS2_PLACEMENT_3D('',#19804,#16440,#16441);
#13572=AXIS2_PLACEMENT_3D('',#19810,#16445,#16446);
#13573=AXIS2_PLACEMENT_3D('',#19813,#16449,#16450);
#13574=AXIS2_PLACEMENT_3D('',#19814,#16451,#16452);
#13575=AXIS2_PLACEMENT_3D('',#19815,#16453,#16454);
#13576=AXIS2_PLACEMENT_3D('',#19824,#16459,#16460);
#13577=AXIS2_PLACEMENT_3D('',#19830,#16464,#16465);
#13578=AXIS2_PLACEMENT_3D('',#19836,#16469,#16470);
#13579=AXIS2_PLACEMENT_3D('',#19839,#16473,#16474);
#13580=AXIS2_PLACEMENT_3D('',#19840,#16475,#16476);
#13581=AXIS2_PLACEMENT_3D('',#19841,#16477,#16478);
#13582=AXIS2_PLACEMENT_3D('',#19850,#16483,#16484);
#13583=AXIS2_PLACEMENT_3D('',#19856,#16488,#16489);
#13584=AXIS2_PLACEMENT_3D('',#19862,#16493,#16494);
#13585=AXIS2_PLACEMENT_3D('',#19865,#16497,#16498);
#13586=AXIS2_PLACEMENT_3D('',#19866,#16499,#16500);
#13587=AXIS2_PLACEMENT_3D('',#19867,#16501,#16502);
#13588=AXIS2_PLACEMENT_3D('',#19876,#16507,#16508);
#13589=AXIS2_PLACEMENT_3D('',#19882,#16512,#16513);
#13590=AXIS2_PLACEMENT_3D('',#19888,#16517,#16518);
#13591=AXIS2_PLACEMENT_3D('',#19891,#16521,#16522);
#13592=AXIS2_PLACEMENT_3D('',#19892,#16523,#16524);
#13593=AXIS2_PLACEMENT_3D('',#19893,#16525,#16526);
#13594=AXIS2_PLACEMENT_3D('',#19902,#16531,#16532);
#13595=AXIS2_PLACEMENT_3D('',#19908,#16536,#16537);
#13596=AXIS2_PLACEMENT_3D('',#19914,#16541,#16542);
#13597=AXIS2_PLACEMENT_3D('',#19917,#16545,#16546);
#13598=AXIS2_PLACEMENT_3D('',#19918,#16547,#16548);
#13599=AXIS2_PLACEMENT_3D('',#19919,#16549,#16550);
#13600=AXIS2_PLACEMENT_3D('',#19928,#16555,#16556);
#13601=AXIS2_PLACEMENT_3D('',#19934,#16560,#16561);
#13602=AXIS2_PLACEMENT_3D('',#19940,#16565,#16566);
#13603=AXIS2_PLACEMENT_3D('',#19943,#16569,#16570);
#13604=AXIS2_PLACEMENT_3D('',#19944,#16571,#16572);
#13605=AXIS2_PLACEMENT_3D('',#19945,#16573,#16574);
#13606=AXIS2_PLACEMENT_3D('',#19954,#16579,#16580);
#13607=AXIS2_PLACEMENT_3D('',#19960,#16584,#16585);
#13608=AXIS2_PLACEMENT_3D('',#19966,#16589,#16590);
#13609=AXIS2_PLACEMENT_3D('',#19969,#16593,#16594);
#13610=AXIS2_PLACEMENT_3D('',#19970,#16595,#16596);
#13611=AXIS2_PLACEMENT_3D('',#19971,#16597,#16598);
#13612=AXIS2_PLACEMENT_3D('',#19980,#16603,#16604);
#13613=AXIS2_PLACEMENT_3D('',#19986,#16608,#16609);
#13614=AXIS2_PLACEMENT_3D('',#19992,#16613,#16614);
#13615=AXIS2_PLACEMENT_3D('',#19995,#16617,#16618);
#13616=AXIS2_PLACEMENT_3D('',#19996,#16619,#16620);
#13617=AXIS2_PLACEMENT_3D('',#19997,#16621,#16622);
#13618=AXIS2_PLACEMENT_3D('',#20006,#16627,#16628);
#13619=AXIS2_PLACEMENT_3D('',#20012,#16632,#16633);
#13620=AXIS2_PLACEMENT_3D('',#20018,#16637,#16638);
#13621=AXIS2_PLACEMENT_3D('',#20021,#16641,#16642);
#13622=AXIS2_PLACEMENT_3D('',#20022,#16643,#16644);
#13623=AXIS2_PLACEMENT_3D('',#20023,#16645,#16646);
#13624=AXIS2_PLACEMENT_3D('',#20032,#16651,#16652);
#13625=AXIS2_PLACEMENT_3D('',#20038,#16656,#16657);
#13626=AXIS2_PLACEMENT_3D('',#20044,#16661,#16662);
#13627=AXIS2_PLACEMENT_3D('',#20047,#16665,#16666);
#13628=AXIS2_PLACEMENT_3D('',#20048,#16667,#16668);
#13629=AXIS2_PLACEMENT_3D('',#20049,#16669,#16670);
#13630=AXIS2_PLACEMENT_3D('',#20058,#16675,#16676);
#13631=AXIS2_PLACEMENT_3D('',#20064,#16680,#16681);
#13632=AXIS2_PLACEMENT_3D('',#20070,#16685,#16686);
#13633=AXIS2_PLACEMENT_3D('',#20073,#16689,#16690);
#13634=AXIS2_PLACEMENT_3D('',#20074,#16691,#16692);
#13635=AXIS2_PLACEMENT_3D('',#20075,#16693,#16694);
#13636=AXIS2_PLACEMENT_3D('',#20084,#16699,#16700);
#13637=AXIS2_PLACEMENT_3D('',#20090,#16704,#16705);
#13638=AXIS2_PLACEMENT_3D('',#20096,#16709,#16710);
#13639=AXIS2_PLACEMENT_3D('',#20099,#16713,#16714);
#13640=AXIS2_PLACEMENT_3D('',#20100,#16715,#16716);
#13641=AXIS2_PLACEMENT_3D('',#20101,#16717,#16718);
#13642=AXIS2_PLACEMENT_3D('',#20110,#16723,#16724);
#13643=AXIS2_PLACEMENT_3D('',#20116,#16728,#16729);
#13644=AXIS2_PLACEMENT_3D('',#20122,#16733,#16734);
#13645=AXIS2_PLACEMENT_3D('',#20125,#16737,#16738);
#13646=AXIS2_PLACEMENT_3D('',#20126,#16739,#16740);
#13647=AXIS2_PLACEMENT_3D('',#20127,#16741,#16742);
#13648=AXIS2_PLACEMENT_3D('',#20136,#16747,#16748);
#13649=AXIS2_PLACEMENT_3D('',#20142,#16752,#16753);
#13650=AXIS2_PLACEMENT_3D('',#20148,#16757,#16758);
#13651=AXIS2_PLACEMENT_3D('',#20151,#16761,#16762);
#13652=AXIS2_PLACEMENT_3D('',#20152,#16763,#16764);
#13653=AXIS2_PLACEMENT_3D('',#20153,#16765,#16766);
#13654=AXIS2_PLACEMENT_3D('',#20162,#16771,#16772);
#13655=AXIS2_PLACEMENT_3D('',#20168,#16776,#16777);
#13656=AXIS2_PLACEMENT_3D('',#20174,#16781,#16782);
#13657=AXIS2_PLACEMENT_3D('',#20177,#16785,#16786);
#13658=AXIS2_PLACEMENT_3D('',#20178,#16787,#16788);
#13659=AXIS2_PLACEMENT_3D('',#20179,#16789,#16790);
#13660=AXIS2_PLACEMENT_3D('',#20188,#16795,#16796);
#13661=AXIS2_PLACEMENT_3D('',#20194,#16800,#16801);
#13662=AXIS2_PLACEMENT_3D('',#20200,#16805,#16806);
#13663=AXIS2_PLACEMENT_3D('',#20203,#16809,#16810);
#13664=AXIS2_PLACEMENT_3D('',#20204,#16811,#16812);
#13665=AXIS2_PLACEMENT_3D('',#20205,#16813,#16814);
#13666=AXIS2_PLACEMENT_3D('',#20214,#16819,#16820);
#13667=AXIS2_PLACEMENT_3D('',#20220,#16824,#16825);
#13668=AXIS2_PLACEMENT_3D('',#20226,#16829,#16830);
#13669=AXIS2_PLACEMENT_3D('',#20229,#16833,#16834);
#13670=AXIS2_PLACEMENT_3D('',#20230,#16835,#16836);
#13671=AXIS2_PLACEMENT_3D('',#20231,#16837,#16838);
#13672=AXIS2_PLACEMENT_3D('',#20240,#16843,#16844);
#13673=AXIS2_PLACEMENT_3D('',#20246,#16848,#16849);
#13674=AXIS2_PLACEMENT_3D('',#20252,#16853,#16854);
#13675=AXIS2_PLACEMENT_3D('',#20255,#16857,#16858);
#13676=AXIS2_PLACEMENT_3D('',#20256,#16859,#16860);
#13677=AXIS2_PLACEMENT_3D('',#20257,#16861,#16862);
#13678=AXIS2_PLACEMENT_3D('',#20266,#16867,#16868);
#13679=AXIS2_PLACEMENT_3D('',#20272,#16872,#16873);
#13680=AXIS2_PLACEMENT_3D('',#20278,#16877,#16878);
#13681=AXIS2_PLACEMENT_3D('',#20281,#16881,#16882);
#13682=AXIS2_PLACEMENT_3D('',#20282,#16883,#16884);
#13683=AXIS2_PLACEMENT_3D('',#20283,#16885,#16886);
#13684=AXIS2_PLACEMENT_3D('',#20292,#16891,#16892);
#13685=AXIS2_PLACEMENT_3D('',#20298,#16896,#16897);
#13686=AXIS2_PLACEMENT_3D('',#20304,#16901,#16902);
#13687=AXIS2_PLACEMENT_3D('',#20307,#16905,#16906);
#13688=AXIS2_PLACEMENT_3D('',#20308,#16907,#16908);
#13689=AXIS2_PLACEMENT_3D('',#20309,#16909,#16910);
#13690=AXIS2_PLACEMENT_3D('',#20318,#16915,#16916);
#13691=AXIS2_PLACEMENT_3D('',#20324,#16920,#16921);
#13692=AXIS2_PLACEMENT_3D('',#20330,#16925,#16926);
#13693=AXIS2_PLACEMENT_3D('',#20333,#16929,#16930);
#13694=AXIS2_PLACEMENT_3D('',#20334,#16931,#16932);
#13695=AXIS2_PLACEMENT_3D('',#20335,#16933,#16934);
#13696=AXIS2_PLACEMENT_3D('',#20344,#16939,#16940);
#13697=AXIS2_PLACEMENT_3D('',#20350,#16944,#16945);
#13698=AXIS2_PLACEMENT_3D('',#20356,#16949,#16950);
#13699=AXIS2_PLACEMENT_3D('',#20359,#16953,#16954);
#13700=AXIS2_PLACEMENT_3D('',#20360,#16955,#16956);
#13701=AXIS2_PLACEMENT_3D('',#20361,#16957,#16958);
#13702=AXIS2_PLACEMENT_3D('',#20363,#16959,#16960);
#13703=AXIS2_PLACEMENT_3D('',#20366,#16962,#16963);
#13704=AXIS2_PLACEMENT_3D('',#20367,#16964,#16965);
#13705=AXIS2_PLACEMENT_3D('',#20369,#16966,#16967);
#13706=AXIS2_PLACEMENT_3D('',#20372,#16969,#16970);
#13707=AXIS2_PLACEMENT_3D('',#20373,#16971,#16972);
#13708=AXIS2_PLACEMENT_3D('',#20375,#16973,#16974);
#13709=AXIS2_PLACEMENT_3D('',#20378,#16976,#16977);
#13710=AXIS2_PLACEMENT_3D('',#20379,#16978,#16979);
#13711=AXIS2_PLACEMENT_3D('',#20381,#16980,#16981);
#13712=AXIS2_PLACEMENT_3D('',#20384,#16983,#16984);
#13713=AXIS2_PLACEMENT_3D('',#20385,#16985,#16986);
#13714=AXIS2_PLACEMENT_3D('',#20387,#16987,#16988);
#13715=AXIS2_PLACEMENT_3D('',#20390,#16990,#16991);
#13716=AXIS2_PLACEMENT_3D('',#20391,#16992,#16993);
#13717=AXIS2_PLACEMENT_3D('',#20393,#16994,#16995);
#13718=AXIS2_PLACEMENT_3D('',#20396,#16997,#16998);
#13719=AXIS2_PLACEMENT_3D('',#20397,#16999,#17000);
#13720=AXIS2_PLACEMENT_3D('',#20399,#17001,#17002);
#13721=AXIS2_PLACEMENT_3D('',#20402,#17004,#17005);
#13722=AXIS2_PLACEMENT_3D('',#20403,#17006,#17007);
#13723=AXIS2_PLACEMENT_3D('',#20405,#17008,#17009);
#13724=AXIS2_PLACEMENT_3D('',#20408,#17011,#17012);
#13725=AXIS2_PLACEMENT_3D('',#20409,#17013,#17014);
#13726=AXIS2_PLACEMENT_3D('',#20411,#17015,#17016);
#13727=AXIS2_PLACEMENT_3D('',#20414,#17018,#17019);
#13728=AXIS2_PLACEMENT_3D('',#20415,#17020,#17021);
#13729=AXIS2_PLACEMENT_3D('',#20417,#17022,#17023);
#13730=AXIS2_PLACEMENT_3D('',#20420,#17025,#17026);
#13731=AXIS2_PLACEMENT_3D('',#20421,#17027,#17028);
#13732=AXIS2_PLACEMENT_3D('',#20423,#17029,#17030);
#13733=AXIS2_PLACEMENT_3D('',#20426,#17032,#17033);
#13734=AXIS2_PLACEMENT_3D('',#20427,#17034,#17035);
#13735=AXIS2_PLACEMENT_3D('',#20429,#17036,#17037);
#13736=AXIS2_PLACEMENT_3D('',#20432,#17039,#17040);
#13737=AXIS2_PLACEMENT_3D('',#20433,#17041,#17042);
#13738=AXIS2_PLACEMENT_3D('',#20435,#17043,#17044);
#13739=AXIS2_PLACEMENT_3D('',#20438,#17046,#17047);
#13740=AXIS2_PLACEMENT_3D('',#20439,#17048,#17049);
#13741=AXIS2_PLACEMENT_3D('',#20441,#17050,#17051);
#13742=AXIS2_PLACEMENT_3D('',#20444,#17053,#17054);
#13743=AXIS2_PLACEMENT_3D('',#20445,#17055,#17056);
#13744=AXIS2_PLACEMENT_3D('',#20447,#17057,#17058);
#13745=AXIS2_PLACEMENT_3D('',#20450,#17060,#17061);
#13746=AXIS2_PLACEMENT_3D('',#20451,#17062,#17063);
#13747=AXIS2_PLACEMENT_3D('',#20453,#17064,#17065);
#13748=AXIS2_PLACEMENT_3D('',#20456,#17067,#17068);
#13749=AXIS2_PLACEMENT_3D('',#20457,#17069,#17070);
#13750=AXIS2_PLACEMENT_3D('',#20459,#17071,#17072);
#13751=AXIS2_PLACEMENT_3D('',#20462,#17074,#17075);
#13752=AXIS2_PLACEMENT_3D('',#20463,#17076,#17077);
#13753=AXIS2_PLACEMENT_3D('',#20465,#17078,#17079);
#13754=AXIS2_PLACEMENT_3D('',#20468,#17081,#17082);
#13755=AXIS2_PLACEMENT_3D('',#20469,#17083,#17084);
#13756=AXIS2_PLACEMENT_3D('',#20471,#17085,#17086);
#13757=AXIS2_PLACEMENT_3D('',#20474,#17088,#17089);
#13758=AXIS2_PLACEMENT_3D('',#20475,#17090,#17091);
#13759=AXIS2_PLACEMENT_3D('',#20477,#17092,#17093);
#13760=AXIS2_PLACEMENT_3D('',#20480,#17095,#17096);
#13761=AXIS2_PLACEMENT_3D('',#20481,#17097,#17098);
#13762=AXIS2_PLACEMENT_3D('',#20483,#17099,#17100);
#13763=AXIS2_PLACEMENT_3D('',#20486,#17102,#17103);
#13764=AXIS2_PLACEMENT_3D('',#20487,#17104,#17105);
#13765=AXIS2_PLACEMENT_3D('',#20489,#17106,#17107);
#13766=AXIS2_PLACEMENT_3D('',#20492,#17109,#17110);
#13767=AXIS2_PLACEMENT_3D('',#20493,#17111,#17112);
#13768=AXIS2_PLACEMENT_3D('',#20495,#17113,#17114);
#13769=AXIS2_PLACEMENT_3D('',#20498,#17116,#17117);
#13770=AXIS2_PLACEMENT_3D('',#20499,#17118,#17119);
#13771=AXIS2_PLACEMENT_3D('',#20501,#17120,#17121);
#13772=AXIS2_PLACEMENT_3D('',#20504,#17123,#17124);
#13773=AXIS2_PLACEMENT_3D('',#20505,#17125,#17126);
#13774=AXIS2_PLACEMENT_3D('',#20507,#17127,#17128);
#13775=AXIS2_PLACEMENT_3D('',#20510,#17130,#17131);
#13776=AXIS2_PLACEMENT_3D('',#20511,#17132,#17133);
#13777=AXIS2_PLACEMENT_3D('',#20513,#17134,#17135);
#13778=AXIS2_PLACEMENT_3D('',#20516,#17137,#17138);
#13779=AXIS2_PLACEMENT_3D('',#20517,#17139,#17140);
#13780=AXIS2_PLACEMENT_3D('',#20519,#17141,#17142);
#13781=AXIS2_PLACEMENT_3D('',#20522,#17144,#17145);
#13782=AXIS2_PLACEMENT_3D('',#20523,#17146,#17147);
#13783=AXIS2_PLACEMENT_3D('',#20525,#17148,#17149);
#13784=AXIS2_PLACEMENT_3D('',#20528,#17151,#17152);
#13785=AXIS2_PLACEMENT_3D('',#20529,#17153,#17154);
#13786=AXIS2_PLACEMENT_3D('',#20534,#17156,#17157);
#13787=AXIS2_PLACEMENT_3D('',#20538,#17159,#17160);
#13788=AXIS2_PLACEMENT_3D('',#20542,#17162,#17163);
#13789=AXIS2_PLACEMENT_3D('',#20545,#17165,#17166);
#13790=AXIS2_PLACEMENT_3D('',#20554,#17171,#17172);
#13791=AXIS2_PLACEMENT_3D('',#20559,#17174,#17175);
#13792=AXIS2_PLACEMENT_3D('',#20563,#17177,#17178);
#13793=AXIS2_PLACEMENT_3D('',#20567,#17180,#17181);
#13794=AXIS2_PLACEMENT_3D('',#20570,#17183,#17184);
#13795=AXIS2_PLACEMENT_3D('',#20571,#17185,#17186);
#13796=AXIS2_PLACEMENT_3D('',#20576,#17188,#17189);
#13797=AXIS2_PLACEMENT_3D('',#20579,#17191,#17192);
#13798=AXIS2_PLACEMENT_3D('',#20580,#17193,#17194);
#13799=AXIS2_PLACEMENT_3D('',#20586,#17198,#17199);
#13800=AXIS2_PLACEMENT_3D('',#20588,#17200,#17201);
#13801=AXIS2_PLACEMENT_3D('',#20591,#17203,#17204);
#13802=AXIS2_PLACEMENT_3D('',#20592,#17205,#17206);
#13803=AXIS2_PLACEMENT_3D('',#20598,#17210,#17211);
#13804=AXIS2_PLACEMENT_3D('',#20600,#17212,#17213);
#13805=AXIS2_PLACEMENT_3D('',#20603,#17215,#17216);
#13806=AXIS2_PLACEMENT_3D('',#20604,#17217,#17218);
#13807=AXIS2_PLACEMENT_3D('',#20610,#17222,#17223);
#13808=AXIS2_PLACEMENT_3D('',#20612,#17224,#17225);
#13809=AXIS2_PLACEMENT_3D('',#20615,#17227,#17228);
#13810=AXIS2_PLACEMENT_3D('',#20616,#17229,#17230);
#13811=AXIS2_PLACEMENT_3D('',#20619,#17233,#17234);
#13812=AXIS2_PLACEMENT_3D('',#20620,#17235,#17236);
#13813=AXIS2_PLACEMENT_3D('',#20621,#17237,#17238);
#13814=AXIS2_PLACEMENT_3D('',#20622,#17239,#17240);
#13815=AXIS2_PLACEMENT_3D('',#20623,#17241,#17242);
#13816=AXIS2_PLACEMENT_3D('',#20624,#17243,#17244);
#13817=AXIS2_PLACEMENT_3D('',#20625,#17245,#17246);
#13818=AXIS2_PLACEMENT_3D('',#20626,#17247,#17248);
#13819=AXIS2_PLACEMENT_3D('',#20627,#17249,#17250);
#13820=AXIS2_PLACEMENT_3D('',#20628,#17251,#17252);
#13821=AXIS2_PLACEMENT_3D('',#20629,#17253,#17254);
#13822=AXIS2_PLACEMENT_3D('',#20630,#17255,#17256);
#13823=AXIS2_PLACEMENT_3D('',#20631,#17257,#17258);
#13824=AXIS2_PLACEMENT_3D('',#20632,#17259,#17260);
#13825=AXIS2_PLACEMENT_3D('',#20633,#17261,#17262);
#13826=AXIS2_PLACEMENT_3D('',#20634,#17263,#17264);
#13827=AXIS2_PLACEMENT_3D('',#20635,#17265,#17266);
#13828=AXIS2_PLACEMENT_3D('',#20636,#17267,#17268);
#13829=AXIS2_PLACEMENT_3D('',#20637,#17269,#17270);
#13830=AXIS2_PLACEMENT_3D('',#20638,#17271,#17272);
#13831=AXIS2_PLACEMENT_3D('',#20639,#17273,#17274);
#13832=AXIS2_PLACEMENT_3D('',#20640,#17275,#17276);
#13833=AXIS2_PLACEMENT_3D('',#20641,#17277,#17278);
#13834=AXIS2_PLACEMENT_3D('',#20642,#17279,#17280);
#13835=AXIS2_PLACEMENT_3D('',#20643,#17281,#17282);
#13836=AXIS2_PLACEMENT_3D('',#20644,#17283,#17284);
#13837=AXIS2_PLACEMENT_3D('',#20645,#17285,#17286);
#13838=AXIS2_PLACEMENT_3D('',#20646,#17287,#17288);
#13839=AXIS2_PLACEMENT_3D('',#20647,#17289,#17290);
#13840=AXIS2_PLACEMENT_3D('',#20648,#17291,#17292);
#13841=AXIS2_PLACEMENT_3D('',#20649,#17293,#17294);
#13842=AXIS2_PLACEMENT_3D('',#20650,#17295,#17296);
#13843=AXIS2_PLACEMENT_3D('',#20651,#17297,#17298);
#13844=AXIS2_PLACEMENT_3D('',#20657,#17302,#17303);
#13845=AXIS2_PLACEMENT_3D('',#20661,#17306,#17307);
#13846=AXIS2_PLACEMENT_3D('',#20665,#17310,#17311);
#13847=AXIS2_PLACEMENT_3D('',#20667,#17313,#17314);
#13848=DIRECTION('axis',(0.,0.,1.));
#13849=DIRECTION('refdir',(1.,0.,0.));
#13850=DIRECTION('center_axis',(1.,0.,-6.67201336914157E-16));
#13851=DIRECTION('ref_axis',(-6.67201336914157E-16,0.,-1.));
#13852=DIRECTION('',(0.,-1.,0.));
#13853=DIRECTION('',(6.67201336914157E-16,0.,1.));
#13854=DIRECTION('',(0.,1.,0.));
#13855=DIRECTION('',(-6.67201336914157E-16,0.,-1.));
#13856=DIRECTION('center_axis',(-2.28253088944317E-16,0.,-1.));
#13857=DIRECTION('ref_axis',(-1.,0.,2.28253088944317E-16));
#13858=DIRECTION('',(1.,0.,-2.28253088944317E-16));
#13859=DIRECTION('',(0.,1.,0.));
#13860=DIRECTION('',(-1.,0.,2.28253088944317E-16));
#13861=DIRECTION('',(0.,-1.,0.));
#13862=DIRECTION('center_axis',(-1.,0.,3.33600668457078E-16));
#13863=DIRECTION('ref_axis',(3.33600668457078E-16,0.,1.));
#13864=DIRECTION('',(-3.33600668457078E-16,0.,-1.));
#13865=DIRECTION('',(0.,1.,0.));
#13866=DIRECTION('',(3.33600668457078E-16,0.,1.));
#13867=DIRECTION('',(0.,-1.,0.));
#13868=DIRECTION('center_axis',(1.3695185336659E-15,0.,1.));
#13869=DIRECTION('ref_axis',(1.,0.,-1.3695185336659E-15));
#13870=DIRECTION('',(0.,-1.,0.));
#13871=DIRECTION('',(-1.,0.,1.3695185336659E-15));
#13872=DIRECTION('',(0.,1.,0.));
#13873=DIRECTION('',(1.,0.,-1.3695185336659E-15));
#13874=DIRECTION('center_axis',(0.,1.,0.));
#13875=DIRECTION('ref_axis',(0.,0.,1.));
#13876=DIRECTION('',(-3.33600668457078E-16,0.,-1.));
#13877=DIRECTION('',(-1.,0.,1.3695185336659E-15));
#13878=DIRECTION('',(6.67201336914157E-16,0.,1.));
#13879=DIRECTION('',(1.,0.,-2.28253088944317E-16));
#13880=DIRECTION('center_axis',(0.,1.,0.));
#13881=DIRECTION('ref_axis',(0.,0.,1.));
#13882=DIRECTION('',(-6.67201336914157E-16,0.,-1.));
#13883=DIRECTION('',(1.,0.,-1.3695185336659E-15));
#13884=DIRECTION('',(3.33600668457078E-16,0.,1.));
#13885=DIRECTION('',(-1.,0.,2.28253088944317E-16));
#13886=DIRECTION('center_axis',(-1.,0.,2.28253088944317E-16));
#13887=DIRECTION('ref_axis',(2.28253088944317E-16,0.,1.));
#13888=DIRECTION('center_axis',(1.,0.,0.));
#13889=DIRECTION('ref_axis',(0.,0.,-1.));
#13890=DIRECTION('center_axis',(-1.,0.,0.));
#13891=DIRECTION('ref_axis',(0.,0.,1.));
#13892=DIRECTION('center_axis',(0.,1.,0.));
#13893=DIRECTION('ref_axis',(1.,0.,0.));
#13894=DIRECTION('center_axis',(0.,0.,-1.));
#13895=DIRECTION('ref_axis',(1.,0.,0.));
#13896=DIRECTION('center_axis',(0.,-1.,0.));
#13897=DIRECTION('ref_axis',(0.,0.,1.));
#13898=DIRECTION('center_axis',(0.,1.,0.));
#13899=DIRECTION('ref_axis',(1.,0.,0.));
#13900=DIRECTION('center_axis',(0.,-1.,0.));
#13901=DIRECTION('ref_axis',(0.,0.,1.));
#13902=DIRECTION('center_axis',(0.,0.,-1.));
#13903=DIRECTION('ref_axis',(1.,0.,0.));
#13904=DIRECTION('center_axis',(0.,-1.,0.));
#13905=DIRECTION('ref_axis',(0.,0.,-1.));
#13906=DIRECTION('center_axis',(0.,-1.,0.));
#13907=DIRECTION('ref_axis',(0.,0.,-1.));
#13908=DIRECTION('center_axis',(3.33600668457078E-16,0.,1.));
#13909=DIRECTION('ref_axis',(1.,0.,-3.33600668457078E-16));
#13910=DIRECTION('center_axis',(0.,0.,-1.));
#13911=DIRECTION('ref_axis',(-1.,0.,0.));
#13912=DIRECTION('center_axis',(1.,0.,-1.3695185336659E-15));
#13913=DIRECTION('ref_axis',(-1.3695185336659E-15,0.,-1.));
#13914=DIRECTION('center_axis',(-1.,0.,0.));
#13915=DIRECTION('ref_axis',(0.,0.,1.));
#13916=DIRECTION('center_axis',(1.,0.,0.));
#13917=DIRECTION('ref_axis',(0.,0.,-1.));
#13918=DIRECTION('center_axis',(-6.67201336914157E-16,0.,-1.));
#13919=DIRECTION('ref_axis',(-1.,0.,6.67201336914157E-16));
#13920=DIRECTION('center_axis',(0.,0.,-1.));
#13921=DIRECTION('ref_axis',(-1.,0.,0.));
#13922=DIRECTION('center_axis',(0.,-1.,0.));
#13923=DIRECTION('ref_axis',(0.,0.,-1.));
#13924=DIRECTION('center_axis',(0.,-1.,0.));
#13925=DIRECTION('ref_axis',(0.,0.,-1.));
#13926=DIRECTION('center_axis',(1.,0.,-2.28253088944317E-16));
#13927=DIRECTION('ref_axis',(-2.28253088944317E-16,0.,-1.));
#13928=DIRECTION('center_axis',(1.,0.,0.));
#13929=DIRECTION('ref_axis',(0.,0.,-1.));
#13930=DIRECTION('center_axis',(-1.,0.,0.));
#13931=DIRECTION('ref_axis',(0.,0.,1.));
#13932=DIRECTION('center_axis',(0.,1.,0.));
#13933=DIRECTION('ref_axis',(1.,0.,0.));
#13934=DIRECTION('center_axis',(0.,0.,-1.));
#13935=DIRECTION('ref_axis',(1.,0.,0.));
#13936=DIRECTION('center_axis',(0.,1.,0.));
#13937=DIRECTION('ref_axis',(1.,0.,0.));
#13938=DIRECTION('center_axis',(0.,-1.,0.));
#13939=DIRECTION('ref_axis',(0.,0.,1.));
#13940=DIRECTION('center_axis',(0.,1.,0.));
#13941=DIRECTION('ref_axis',(1.,0.,0.));
#13942=DIRECTION('center_axis',(0.,-1.,0.));
#13943=DIRECTION('ref_axis',(0.,0.,1.));
#13944=DIRECTION('center_axis',(0.,1.,0.));
#13945=DIRECTION('ref_axis',(1.,0.,0.));
#13946=DIRECTION('center_axis',(0.,0.,-1.));
#13947=DIRECTION('ref_axis',(1.,0.,0.));
#13948=DIRECTION('center_axis',(-3.33600668457078E-16,0.,-1.));
#13949=DIRECTION('ref_axis',(-1.,0.,3.33600668457078E-16));
#13950=DIRECTION('center_axis',(0.,0.,-1.));
#13951=DIRECTION('ref_axis',(-1.,0.,0.));
#13952=DIRECTION('center_axis',(0.,-1.,0.));
#13953=DIRECTION('ref_axis',(0.,0.,-1.));
#13954=DIRECTION('center_axis',(0.,-1.,0.));
#13955=DIRECTION('ref_axis',(0.,0.,-1.));
#13956=DIRECTION('center_axis',(0.,-1.,0.));
#13957=DIRECTION('ref_axis',(0.,0.,-1.));
#13958=DIRECTION('center_axis',(0.,-1.,0.));
#13959=DIRECTION('ref_axis',(0.,0.,-1.));
#13960=DIRECTION('center_axis',(6.67201336914157E-16,0.,1.));
#13961=DIRECTION('ref_axis',(1.,0.,-6.67201336914157E-16));
#13962=DIRECTION('center_axis',(0.,0.,-1.));
#13963=DIRECTION('ref_axis',(-1.,0.,0.));
#13964=DIRECTION('center_axis',(0.,1.,0.));
#13965=DIRECTION('ref_axis',(1.,0.,0.));
#13966=DIRECTION('center_axis',(-1.,0.,0.));
#13967=DIRECTION('ref_axis',(0.,0.,-1.));
#13968=DIRECTION('center_axis',(0.,1.,0.));
#13969=DIRECTION('ref_axis',(1.,0.,0.));
#13970=DIRECTION('center_axis',(1.,0.,0.));
#13971=DIRECTION('ref_axis',(0.,0.,1.));
#13972=DIRECTION('center_axis',(-1.,0.,1.3695185336659E-15));
#13973=DIRECTION('ref_axis',(1.3695185336659E-15,0.,1.));
#13974=DIRECTION('center_axis',(1.,0.,-4.33680868994202E-16));
#13975=DIRECTION('ref_axis',(-4.33680868994202E-16,0.,-1.));
#13976=DIRECTION('',(4.33680868994202E-16,0.,1.));
#13977=DIRECTION('',(0.,-1.,0.));
#13978=DIRECTION('',(4.33680868994202E-16,0.,1.));
#13979=DIRECTION('',(0.,-1.,0.));
#13980=DIRECTION('center_axis',(0.,0.,-1.));
#13981=DIRECTION('ref_axis',(-1.,0.,0.));
#13982=DIRECTION('',(1.,0.,0.));
#13983=DIRECTION('',(0.,-1.,0.));
#13984=DIRECTION('',(1.,0.,0.));
#13985=DIRECTION('center_axis',(-1.,0.,0.));
#13986=DIRECTION('ref_axis',(0.,0.,1.));
#13987=DIRECTION('',(0.,0.,-1.));
#13988=DIRECTION('',(0.,-1.,0.));
#13989=DIRECTION('',(0.,0.,-1.));
#13990=DIRECTION('center_axis',(0.,0.,1.));
#13991=DIRECTION('ref_axis',(1.,0.,0.));
#13992=DIRECTION('',(-1.,0.,0.));
#13993=DIRECTION('',(-1.,0.,0.));
#13994=DIRECTION('center_axis',(0.,1.,0.));
#13995=DIRECTION('ref_axis',(0.,0.,1.));
#13996=DIRECTION('center_axis',(0.,1.,0.));
#13997=DIRECTION('ref_axis',(0.,0.,1.));
#13998=DIRECTION('center_axis',(1.,0.,0.));
#13999=DIRECTION('ref_axis',(0.,0.,-1.));
#14000=DIRECTION('',(0.,0.,1.));
#14001=DIRECTION('',(0.,-1.,0.));
#14002=DIRECTION('',(0.,0.,1.));
#14003=DIRECTION('',(0.,-1.,0.));
#14004=DIRECTION('center_axis',(-1.3010426069826E-15,0.,-1.));
#14005=DIRECTION('ref_axis',(-1.,0.,1.3010426069826E-15));
#14006=DIRECTION('',(1.,0.,-1.3010426069826E-15));
#14007=DIRECTION('',(0.,-1.,0.));
#14008=DIRECTION('',(1.,0.,-1.3010426069826E-15));
#14009=DIRECTION('center_axis',(-1.,0.,1.44560289664734E-15));
#14010=DIRECTION('ref_axis',(1.44560289664734E-15,0.,1.));
#14011=DIRECTION('',(-1.44560289664734E-15,0.,-1.));
#14012=DIRECTION('',(0.,-1.,0.));
#14013=DIRECTION('',(-1.44560289664734E-15,0.,-1.));
#14014=DIRECTION('center_axis',(0.,0.,1.));
#14015=DIRECTION('ref_axis',(1.,0.,0.));
#14016=DIRECTION('',(-1.,0.,0.));
#14017=DIRECTION('',(-1.,0.,0.));
#14018=DIRECTION('center_axis',(0.,1.,0.));
#14019=DIRECTION('ref_axis',(0.,0.,1.));
#14020=DIRECTION('center_axis',(0.,1.,0.));
#14021=DIRECTION('ref_axis',(0.,0.,1.));
#14022=DIRECTION('center_axis',(1.,0.,0.));
#14023=DIRECTION('ref_axis',(0.,0.,-1.));
#14024=DIRECTION('',(0.,0.,1.));
#14025=DIRECTION('',(0.,-1.,0.));
#14026=DIRECTION('',(0.,0.,1.));
#14027=DIRECTION('',(0.,-1.,0.));
#14028=DIRECTION('center_axis',(0.,0.,-1.));
#14029=DIRECTION('ref_axis',(-1.,0.,0.));
#14030=DIRECTION('',(1.,0.,0.));
#14031=DIRECTION('',(0.,-1.,0.));
#14032=DIRECTION('',(1.,0.,0.));
#14033=DIRECTION('center_axis',(-1.,0.,0.));
#14034=DIRECTION('ref_axis',(0.,0.,1.));
#14035=DIRECTION('',(0.,0.,-1.));
#14036=DIRECTION('',(0.,-1.,0.));
#14037=DIRECTION('',(0.,0.,-1.));
#14038=DIRECTION('center_axis',(0.,0.,1.));
#14039=DIRECTION('ref_axis',(1.,0.,0.));
#14040=DIRECTION('',(-1.,0.,0.));
#14041=DIRECTION('',(-1.,0.,0.));
#14042=DIRECTION('center_axis',(0.,1.,0.));
#14043=DIRECTION('ref_axis',(0.,0.,1.));
#14044=DIRECTION('center_axis',(0.,1.,0.));
#14045=DIRECTION('ref_axis',(0.,0.,1.));
#14046=DIRECTION('center_axis',(1.,0.,0.));
#14047=DIRECTION('ref_axis',(0.,0.,-1.));
#14048=DIRECTION('',(0.,0.,1.));
#14049=DIRECTION('',(0.,-1.,0.));
#14050=DIRECTION('',(0.,0.,1.));
#14051=DIRECTION('',(0.,-1.,0.));
#14052=DIRECTION('center_axis',(0.,0.,-1.));
#14053=DIRECTION('ref_axis',(-1.,0.,0.));
#14054=DIRECTION('',(1.,0.,0.));
#14055=DIRECTION('',(0.,-1.,0.));
#14056=DIRECTION('',(1.,0.,0.));
#14057=DIRECTION('center_axis',(-1.,0.,0.));
#14058=DIRECTION('ref_axis',(0.,0.,1.));
#14059=DIRECTION('',(0.,0.,-1.));
#14060=DIRECTION('',(0.,-1.,0.));
#14061=DIRECTION('',(0.,0.,-1.));
#14062=DIRECTION('center_axis',(0.,0.,1.));
#14063=DIRECTION('ref_axis',(1.,0.,0.));
#14064=DIRECTION('',(-1.,0.,0.));
#14065=DIRECTION('',(-1.,0.,0.));
#14066=DIRECTION('center_axis',(0.,1.,0.));
#14067=DIRECTION('ref_axis',(0.,0.,1.));
#14068=DIRECTION('center_axis',(0.,1.,0.));
#14069=DIRECTION('ref_axis',(0.,0.,1.));
#14070=DIRECTION('center_axis',(1.,0.,0.));
#14071=DIRECTION('ref_axis',(0.,0.,-1.));
#14072=DIRECTION('',(0.,0.,1.));
#14073=DIRECTION('',(0.,-1.,0.));
#14074=DIRECTION('',(0.,0.,1.));
#14075=DIRECTION('',(0.,-1.,0.));
#14076=DIRECTION('center_axis',(0.,0.,-1.));
#14077=DIRECTION('ref_axis',(-1.,0.,0.));
#14078=DIRECTION('',(1.,0.,0.));
#14079=DIRECTION('',(0.,-1.,0.));
#14080=DIRECTION('',(1.,0.,0.));
#14081=DIRECTION('center_axis',(-1.,0.,0.));
#14082=DIRECTION('ref_axis',(0.,0.,1.));
#14083=DIRECTION('',(0.,0.,-1.));
#14084=DIRECTION('',(0.,-1.,0.));
#14085=DIRECTION('',(0.,0.,-1.));
#14086=DIRECTION('center_axis',(0.,0.,1.));
#14087=DIRECTION('ref_axis',(1.,0.,0.));
#14088=DIRECTION('',(-1.,0.,0.));
#14089=DIRECTION('',(-1.,0.,0.));
#14090=DIRECTION('center_axis',(0.,1.,0.));
#14091=DIRECTION('ref_axis',(0.,0.,1.));
#14092=DIRECTION('center_axis',(0.,1.,0.));
#14093=DIRECTION('ref_axis',(0.,0.,1.));
#14094=DIRECTION('center_axis',(1.,0.,0.));
#14095=DIRECTION('ref_axis',(0.,0.,-1.));
#14096=DIRECTION('',(0.,0.,1.));
#14097=DIRECTION('',(0.,-1.,0.));
#14098=DIRECTION('',(0.,0.,1.));
#14099=DIRECTION('',(0.,-1.,0.));
#14100=DIRECTION('center_axis',(0.,0.,-1.));
#14101=DIRECTION('ref_axis',(-1.,0.,0.));
#14102=DIRECTION('',(1.,0.,0.));
#14103=DIRECTION('',(0.,-1.,0.));
#14104=DIRECTION('',(1.,0.,0.));
#14105=DIRECTION('center_axis',(-1.,0.,0.));
#14106=DIRECTION('ref_axis',(0.,0.,1.));
#14107=DIRECTION('',(0.,0.,-1.));
#14108=DIRECTION('',(0.,-1.,0.));
#14109=DIRECTION('',(0.,0.,-1.));
#14110=DIRECTION('center_axis',(0.,0.,1.));
#14111=DIRECTION('ref_axis',(1.,0.,0.));
#14112=DIRECTION('',(-1.,0.,0.));
#14113=DIRECTION('',(-1.,0.,0.));
#14114=DIRECTION('center_axis',(0.,1.,0.));
#14115=DIRECTION('ref_axis',(0.,0.,1.));
#14116=DIRECTION('center_axis',(0.,1.,0.));
#14117=DIRECTION('ref_axis',(0.,0.,1.));
#14118=DIRECTION('center_axis',(1.,0.,-8.67361737988404E-16));
#14119=DIRECTION('ref_axis',(-8.67361737988404E-16,0.,-1.));
#14120=DIRECTION('',(8.67361737988404E-16,0.,1.));
#14121=DIRECTION('',(0.,-1.,0.));
#14122=DIRECTION('',(8.67361737988404E-16,0.,1.));
#14123=DIRECTION('',(0.,-1.,0.));
#14124=DIRECTION('center_axis',(-6.93889390390724E-16,0.,-1.));
#14125=DIRECTION('ref_axis',(-1.,0.,6.93889390390724E-16));
#14126=DIRECTION('',(1.,0.,-6.93889390390724E-16));
#14127=DIRECTION('',(0.,-1.,0.));
#14128=DIRECTION('',(1.,0.,-6.93889390390724E-16));
#14129=DIRECTION('center_axis',(-1.,0.,0.));
#14130=DIRECTION('ref_axis',(0.,0.,1.));
#14131=DIRECTION('',(0.,0.,-1.));
#14132=DIRECTION('',(0.,-1.,0.));
#14133=DIRECTION('',(0.,0.,-1.));
#14134=DIRECTION('center_axis',(0.,0.,1.));
#14135=DIRECTION('ref_axis',(1.,0.,0.));
#14136=DIRECTION('',(-1.,0.,0.));
#14137=DIRECTION('',(-1.,0.,0.));
#14138=DIRECTION('center_axis',(0.,1.,0.));
#14139=DIRECTION('ref_axis',(0.,0.,1.));
#14140=DIRECTION('center_axis',(0.,1.,0.));
#14141=DIRECTION('ref_axis',(0.,0.,1.));
#14142=DIRECTION('center_axis',(1.,0.,0.));
#14143=DIRECTION('ref_axis',(0.,0.,-1.));
#14144=DIRECTION('',(0.,0.,1.));
#14145=DIRECTION('',(0.,-1.,0.));
#14146=DIRECTION('',(0.,0.,1.));
#14147=DIRECTION('',(0.,-1.,0.));
#14148=DIRECTION('center_axis',(0.,0.,-1.));
#14149=DIRECTION('ref_axis',(-1.,0.,0.));
#14150=DIRECTION('',(1.,0.,0.));
#14151=DIRECTION('',(0.,-1.,0.));
#14152=DIRECTION('',(1.,0.,0.));
#14153=DIRECTION('center_axis',(-1.,0.,0.));
#14154=DIRECTION('ref_axis',(0.,0.,1.));
#14155=DIRECTION('',(0.,0.,-1.));
#14156=DIRECTION('',(0.,-1.,0.));
#14157=DIRECTION('',(0.,0.,-1.));
#14158=DIRECTION('center_axis',(6.93889390390722E-16,0.,1.));
#14159=DIRECTION('ref_axis',(1.,0.,-6.93889390390722E-16));
#14160=DIRECTION('',(-1.,0.,6.93889390390722E-16));
#14161=DIRECTION('',(-1.,0.,6.93889390390722E-16));
#14162=DIRECTION('center_axis',(0.,1.,0.));
#14163=DIRECTION('ref_axis',(0.,0.,1.));
#14164=DIRECTION('center_axis',(0.,1.,0.));
#14165=DIRECTION('ref_axis',(0.,0.,1.));
#14166=DIRECTION('center_axis',(1.,0.,0.));
#14167=DIRECTION('ref_axis',(0.,0.,-1.));
#14168=DIRECTION('',(0.,0.,1.));
#14169=DIRECTION('',(0.,-1.,0.));
#14170=DIRECTION('',(0.,0.,1.));
#14171=DIRECTION('',(0.,-1.,0.));
#14172=DIRECTION('center_axis',(0.,0.,-1.));
#14173=DIRECTION('ref_axis',(-1.,0.,0.));
#14174=DIRECTION('',(1.,0.,0.));
#14175=DIRECTION('',(0.,-1.,0.));
#14176=DIRECTION('',(1.,0.,0.));
#14177=DIRECTION('center_axis',(-1.,0.,0.));
#14178=DIRECTION('ref_axis',(0.,0.,1.));
#14179=DIRECTION('',(0.,0.,-1.));
#14180=DIRECTION('',(0.,-1.,0.));
#14181=DIRECTION('',(0.,0.,-1.));
#14182=DIRECTION('center_axis',(0.,0.,1.));
#14183=DIRECTION('ref_axis',(1.,0.,0.));
#14184=DIRECTION('',(-1.,0.,0.));
#14185=DIRECTION('',(-1.,0.,0.));
#14186=DIRECTION('center_axis',(0.,1.,0.));
#14187=DIRECTION('ref_axis',(0.,0.,1.));
#14188=DIRECTION('center_axis',(0.,1.,0.));
#14189=DIRECTION('ref_axis',(0.,0.,1.));
#14190=DIRECTION('center_axis',(1.,0.,0.));
#14191=DIRECTION('ref_axis',(0.,0.,-1.));
#14192=DIRECTION('',(0.,0.,1.));
#14193=DIRECTION('',(0.,-1.,0.));
#14194=DIRECTION('',(0.,0.,1.));
#14195=DIRECTION('',(0.,-1.,0.));
#14196=DIRECTION('center_axis',(-8.67361737988404E-16,0.,-1.));
#14197=DIRECTION('ref_axis',(-1.,0.,8.67361737988404E-16));
#14198=DIRECTION('',(1.,0.,-8.67361737988404E-16));
#14199=DIRECTION('',(0.,-1.,0.));
#14200=DIRECTION('',(1.,0.,-8.67361737988404E-16));
#14201=DIRECTION('center_axis',(-1.,0.,0.));
#14202=DIRECTION('ref_axis',(0.,0.,1.));
#14203=DIRECTION('',(0.,0.,-1.));
#14204=DIRECTION('',(0.,-1.,0.));
#14205=DIRECTION('',(0.,0.,-1.));
#14206=DIRECTION('center_axis',(8.67361737988404E-16,0.,1.));
#14207=DIRECTION('ref_axis',(1.,0.,-8.67361737988404E-16));
#14208=DIRECTION('',(-1.,0.,8.67361737988404E-16));
#14209=DIRECTION('',(-1.,0.,8.67361737988404E-16));
#14210=DIRECTION('center_axis',(0.,1.,0.));
#14211=DIRECTION('ref_axis',(0.,0.,1.));
#14212=DIRECTION('center_axis',(0.,1.,0.));
#14213=DIRECTION('ref_axis',(0.,0.,1.));
#14214=DIRECTION('center_axis',(1.,0.,0.));
#14215=DIRECTION('ref_axis',(0.,0.,-1.));
#14216=DIRECTION('',(0.,0.,1.));
#14217=DIRECTION('',(0.,-1.,0.));
#14218=DIRECTION('',(0.,0.,1.));
#14219=DIRECTION('',(0.,-1.,0.));
#14220=DIRECTION('center_axis',(0.,0.,-1.));
#14221=DIRECTION('ref_axis',(-1.,0.,0.));
#14222=DIRECTION('',(1.,0.,0.));
#14223=DIRECTION('',(0.,-1.,0.));
#14224=DIRECTION('',(1.,0.,0.));
#14225=DIRECTION('center_axis',(-1.,0.,0.));
#14226=DIRECTION('ref_axis',(0.,0.,1.));
#14227=DIRECTION('',(0.,0.,-1.));
#14228=DIRECTION('',(0.,-1.,0.));
#14229=DIRECTION('',(0.,0.,-1.));
#14230=DIRECTION('center_axis',(-8.67361737988403E-16,0.,1.));
#14231=DIRECTION('ref_axis',(1.,0.,8.67361737988403E-16));
#14232=DIRECTION('',(-1.,0.,-8.67361737988403E-16));
#14233=DIRECTION('',(-1.,0.,-8.67361737988403E-16));
#14234=DIRECTION('center_axis',(0.,1.,0.));
#14235=DIRECTION('ref_axis',(0.,0.,1.));
#14236=DIRECTION('center_axis',(0.,1.,0.));
#14237=DIRECTION('ref_axis',(0.,0.,1.));
#14238=DIRECTION('center_axis',(1.,0.,-2.77555756156289E-15));
#14239=DIRECTION('ref_axis',(-2.77555756156289E-15,0.,-1.));
#14240=DIRECTION('',(2.77555756156289E-15,0.,1.));
#14241=DIRECTION('',(0.,-1.,0.));
#14242=DIRECTION('',(2.77555756156289E-15,0.,1.));
#14243=DIRECTION('',(0.,-1.,0.));
#14244=DIRECTION('center_axis',(0.,0.,-1.));
#14245=DIRECTION('ref_axis',(-1.,0.,0.));
#14246=DIRECTION('',(1.,0.,0.));
#14247=DIRECTION('',(0.,-1.,0.));
#14248=DIRECTION('',(1.,0.,0.));
#14249=DIRECTION('center_axis',(-1.,0.,0.));
#14250=DIRECTION('ref_axis',(0.,0.,1.));
#14251=DIRECTION('',(0.,0.,-1.));
#14252=DIRECTION('',(0.,-1.,0.));
#14253=DIRECTION('',(0.,0.,-1.));
#14254=DIRECTION('center_axis',(0.,0.,1.));
#14255=DIRECTION('ref_axis',(1.,0.,0.));
#14256=DIRECTION('',(-1.,0.,0.));
#14257=DIRECTION('',(-1.,0.,0.));
#14258=DIRECTION('center_axis',(0.,1.,0.));
#14259=DIRECTION('ref_axis',(0.,0.,1.));
#14260=DIRECTION('center_axis',(0.,1.,0.));
#14261=DIRECTION('ref_axis',(0.,0.,1.));
#14262=DIRECTION('center_axis',(1.,0.,0.));
#14263=DIRECTION('ref_axis',(0.,0.,-1.));
#14264=DIRECTION('',(0.,0.,1.));
#14265=DIRECTION('',(0.,-1.,0.));
#14266=DIRECTION('',(0.,0.,1.));
#14267=DIRECTION('',(0.,-1.,0.));
#14268=DIRECTION('center_axis',(0.,0.,-1.));
#14269=DIRECTION('ref_axis',(-1.,0.,0.));
#14270=DIRECTION('',(1.,0.,0.));
#14271=DIRECTION('',(0.,-1.,0.));
#14272=DIRECTION('',(1.,0.,0.));
#14273=DIRECTION('center_axis',(-1.,0.,0.));
#14274=DIRECTION('ref_axis',(0.,0.,1.));
#14275=DIRECTION('',(0.,0.,-1.));
#14276=DIRECTION('',(0.,-1.,0.));
#14277=DIRECTION('',(0.,0.,-1.));
#14278=DIRECTION('center_axis',(0.,0.,1.));
#14279=DIRECTION('ref_axis',(1.,0.,0.));
#14280=DIRECTION('',(-1.,0.,0.));
#14281=DIRECTION('',(-1.,0.,0.));
#14282=DIRECTION('center_axis',(0.,-1.,0.));
#14283=DIRECTION('ref_axis',(0.,0.,-1.));
#14284=DIRECTION('center_axis',(0.,-1.,0.));
#14285=DIRECTION('ref_axis',(0.,0.,-1.));
#14286=DIRECTION('center_axis',(1.,0.,0.));
#14287=DIRECTION('ref_axis',(0.,0.,-1.));
#14288=DIRECTION('',(0.,0.,1.));
#14289=DIRECTION('',(0.,-1.,0.));
#14290=DIRECTION('',(0.,0.,1.));
#14291=DIRECTION('',(0.,-1.,0.));
#14292=DIRECTION('center_axis',(0.,0.,-1.));
#14293=DIRECTION('ref_axis',(-1.,0.,0.));
#14294=DIRECTION('',(1.,0.,0.));
#14295=DIRECTION('',(0.,-1.,0.));
#14296=DIRECTION('',(1.,0.,0.));
#14297=DIRECTION('center_axis',(-1.,0.,0.));
#14298=DIRECTION('ref_axis',(0.,0.,1.));
#14299=DIRECTION('',(0.,0.,-1.));
#14300=DIRECTION('',(0.,-1.,0.));
#14301=DIRECTION('',(0.,0.,-1.));
#14302=DIRECTION('center_axis',(0.,0.,1.));
#14303=DIRECTION('ref_axis',(1.,0.,0.));
#14304=DIRECTION('',(-1.,0.,0.));
#14305=DIRECTION('',(-1.,0.,0.));
#14306=DIRECTION('center_axis',(0.,-1.,0.));
#14307=DIRECTION('ref_axis',(0.,0.,-1.));
#14308=DIRECTION('center_axis',(0.,-1.,0.));
#14309=DIRECTION('ref_axis',(0.,0.,-1.));
#14310=DIRECTION('center_axis',(0.,1.,0.));
#14311=DIRECTION('ref_axis',(0.,0.,1.));
#14312=DIRECTION('',(0.,0.,1.));
#14313=DIRECTION('',(1.,0.,0.));
#14314=DIRECTION('',(-1.19636101791504E-15,0.,-1.));
#14315=DIRECTION('',(-1.,0.,0.));
#14316=DIRECTION('center_axis',(0.,1.,0.));
#14317=DIRECTION('ref_axis',(0.,0.,1.));
#14318=DIRECTION('',(0.,0.,-1.));
#14319=DIRECTION('',(1.,0.,0.));
#14320=DIRECTION('',(1.19636101791504E-15,0.,1.));
#14321=DIRECTION('',(-1.,0.,0.));
#14322=DIRECTION('center_axis',(0.984807753012209,0.173648177666927,0.));
#14323=DIRECTION('ref_axis',(0.,0.,1.));
#14324=DIRECTION('',(0.,0.,1.));
#14325=DIRECTION('',(0.171087869746033,-0.970287525247815,0.171087869746033));
#14326=DIRECTION('',(-0.171087869746033,0.970287525247815,0.171087869746033));
#14327=DIRECTION('center_axis',(-0.984807753012209,0.173648177666927,0.));
#14328=DIRECTION('ref_axis',(0.,0.,-1.));
#14329=DIRECTION('',(0.171087869746033,0.970287525247815,-0.171087869746033));
#14330=DIRECTION('',(-0.171087869746033,-0.970287525247815,-0.171087869746033));
#14331=DIRECTION('center_axis',(-0.984807753012209,0.173648177666926,1.17818560584431E-15));
#14332=DIRECTION('ref_axis',(-1.19636101791504E-15,0.,-1.));
#14333=DIRECTION('',(0.171087869746031,0.970287525247815,-0.171087869746033));
#14334=DIRECTION('',(-1.19636101791504E-15,0.,-1.));
#14335=DIRECTION('',(-0.171087869746032,-0.970287525247815,-0.171087869746033));
#14336=DIRECTION('center_axis',(0.984807753012209,0.173648177666926,-1.17818560584431E-15));
#14337=DIRECTION('ref_axis',(1.19636101791504E-15,0.,1.));
#14338=DIRECTION('',(0.171087869746032,-0.970287525247815,0.171087869746033));
#14339=DIRECTION('',(-0.171087869746031,0.970287525247815,0.171087869746033));
#14340=DIRECTION('center_axis',(0.,0.173648177666927,-0.984807753012209));
#14341=DIRECTION('ref_axis',(1.,0.,0.));
#14342=DIRECTION('',(1.,0.,0.));
#14343=DIRECTION('center_axis',(0.,0.173648177666927,0.984807753012209));
#14344=DIRECTION('ref_axis',(-1.,0.,0.));
#14345=DIRECTION('center_axis',(0.,0.173648177666928,0.984807753012209));
#14346=DIRECTION('ref_axis',(-1.,0.,0.));
#14347=DIRECTION('',(-1.,0.,0.));
#14348=DIRECTION('center_axis',(0.,0.173648177666928,-0.984807753012209));
#14349=DIRECTION('ref_axis',(1.,0.,0.));
#14350=DIRECTION('center_axis',(-0.984807753012208,-0.17364817766693,0.));
#14351=DIRECTION('ref_axis',(0.17364817766693,-0.984807753012208,0.));
#14352=DIRECTION('',(0.17364817766693,-0.984807753012208,0.));
#14353=DIRECTION('',(0.,0.,1.));
#14354=DIRECTION('',(0.17364817766693,-0.984807753012208,0.));
#14355=DIRECTION('',(0.,0.,1.));
#14356=DIRECTION('center_axis',(0.,1.,0.));
#14357=DIRECTION('ref_axis',(0.,0.,1.));
#14358=DIRECTION('',(-1.,0.,0.));
#14359=DIRECTION('',(0.,0.,1.));
#14360=DIRECTION('',(-1.,0.,0.));
#14361=DIRECTION('center_axis',(0.,0.,1.));
#14362=DIRECTION('ref_axis',(1.,0.,0.));
#14363=DIRECTION('center_axis',(0.,0.,1.));
#14364=DIRECTION('ref_axis',(-1.,0.,0.));
#14365=DIRECTION('',(0.,0.,1.));
#14366=DIRECTION('center_axis',(0.,0.,1.));
#14367=DIRECTION('ref_axis',(-1.,0.,0.));
#14368=DIRECTION('center_axis',(1.,0.,0.));
#14369=DIRECTION('ref_axis',(0.,0.,-1.));
#14370=DIRECTION('',(0.,1.,0.));
#14371=DIRECTION('',(0.,0.,1.));
#14372=DIRECTION('',(0.,1.,0.));
#14373=DIRECTION('center_axis',(0.,0.,1.));
#14374=DIRECTION('ref_axis',(1.,0.,0.));
#14375=DIRECTION('center_axis',(0.,0.,-1.));
#14376=DIRECTION('ref_axis',(1.,0.,0.));
#14377=DIRECTION('',(0.,0.,1.));
#14378=DIRECTION('center_axis',(0.,0.,-1.));
#14379=DIRECTION('ref_axis',(1.,0.,0.));
#14380=DIRECTION('center_axis',(-5.59588218057026E-15,1.,0.));
#14381=DIRECTION('ref_axis',(-1.,-5.59588218057026E-15,0.));
#14382=DIRECTION('',(-1.,-5.59588218057026E-15,0.));
#14383=DIRECTION('',(0.,0.,1.));
#14384=DIRECTION('',(-1.,-5.59588218057026E-15,0.));
#14385=DIRECTION('center_axis',(1.,0.,0.));
#14386=DIRECTION('ref_axis',(0.,0.,-1.));
#14387=DIRECTION('',(0.,1.,0.));
#14388=DIRECTION('',(0.,0.,1.));
#14389=DIRECTION('',(0.,1.,0.));
#14390=DIRECTION('center_axis',(3.61400724161833E-15,-1.,0.));
#14391=DIRECTION('ref_axis',(1.,3.61400724161833E-15,0.));
#14392=DIRECTION('',(1.,3.61400724161833E-15,0.));
#14393=DIRECTION('',(0.,0.,1.));
#14394=DIRECTION('',(1.,3.61400724161833E-15,0.));
#14395=DIRECTION('center_axis',(0.,0.,1.));
#14396=DIRECTION('ref_axis',(1.,0.,0.));
#14397=DIRECTION('center_axis',(0.,0.,1.));
#14398=DIRECTION('ref_axis',(-1.,0.,0.));
#14399=DIRECTION('',(0.,0.,1.));
#14400=DIRECTION('center_axis',(0.,0.,1.));
#14401=DIRECTION('ref_axis',(-1.,0.,0.));
#14402=DIRECTION('center_axis',(-1.,0.,0.));
#14403=DIRECTION('ref_axis',(0.,0.,1.));
#14404=DIRECTION('',(0.,-1.,0.));
#14405=DIRECTION('',(0.,0.,1.));
#14406=DIRECTION('',(0.,-1.,0.));
#14407=DIRECTION('center_axis',(0.,0.,1.));
#14408=DIRECTION('ref_axis',(1.,0.,0.));
#14409=DIRECTION('center_axis',(0.,0.,-1.));
#14410=DIRECTION('ref_axis',(1.,0.,0.));
#14411=DIRECTION('',(0.,0.,1.));
#14412=DIRECTION('center_axis',(0.,0.,-1.));
#14413=DIRECTION('ref_axis',(1.,0.,0.));
#14414=DIRECTION('center_axis',(-9.8381057114287E-13,-1.,0.));
#14415=DIRECTION('ref_axis',(1.,-9.8381057114287E-13,0.));
#14416=DIRECTION('',(1.,-9.8381057114287E-13,0.));
#14417=DIRECTION('',(1.,-9.8381057114287E-13,0.));
#14418=DIRECTION('center_axis',(0.,0.,1.));
#14419=DIRECTION('ref_axis',(1.,0.,0.));
#14420=DIRECTION('center_axis',(0.,0.,1.));
#14421=DIRECTION('ref_axis',(1.,0.,0.));
#14422=DIRECTION('center_axis',(0.,0.,1.));
#14423=DIRECTION('ref_axis',(1.,0.,0.));
#14424=DIRECTION('center_axis',(0.,0.,-1.));
#14425=DIRECTION('ref_axis',(-1.,0.,0.));
#14426=DIRECTION('',(0.,0.,1.));
#14427=DIRECTION('center_axis',(0.,0.,-1.));
#14428=DIRECTION('ref_axis',(-1.,0.,0.));
#14429=DIRECTION('',(0.,0.,1.));
#14430=DIRECTION('center_axis',(-1.,0.,0.));
#14431=DIRECTION('ref_axis',(0.,0.,1.));
#14432=DIRECTION('',(0.,-1.,0.));
#14433=DIRECTION('',(0.,0.,1.));
#14434=DIRECTION('',(0.,-1.,0.));
#14435=DIRECTION('center_axis',(0.,0.,1.));
#14436=DIRECTION('ref_axis',(1.,0.,0.));
#14437=DIRECTION('center_axis',(0.,0.,1.));
#14438=DIRECTION('ref_axis',(1.,0.,0.));
#14439=DIRECTION('',(0.,0.,1.));
#14440=DIRECTION('center_axis',(0.,0.,1.));
#14441=DIRECTION('ref_axis',(1.,0.,0.));
#14442=DIRECTION('center_axis',(0.,1.,0.));
#14443=DIRECTION('ref_axis',(0.,0.,1.));
#14444=DIRECTION('',(-1.,0.,0.));
#14445=DIRECTION('',(0.,0.,1.));
#14446=DIRECTION('',(-1.,0.,0.));
#14447=DIRECTION('center_axis',(0.984807753012208,-0.17364817766693,0.));
#14448=DIRECTION('ref_axis',(0.17364817766693,0.984807753012208,0.));
#14449=DIRECTION('',(0.17364817766693,0.984807753012208,0.));
#14450=DIRECTION('',(0.,0.,1.));
#14451=DIRECTION('',(0.17364817766693,0.984807753012208,0.));
#14452=DIRECTION('center_axis',(9.8381057114287E-13,-1.,0.));
#14453=DIRECTION('ref_axis',(1.,9.8381057114287E-13,0.));
#14454=DIRECTION('',(1.,9.8381057114287E-13,0.));
#14455=DIRECTION('',(0.,0.,1.));
#14456=DIRECTION('',(1.,9.8381057114287E-13,0.));
#14457=DIRECTION('center_axis',(0.,0.,1.));
#14458=DIRECTION('ref_axis',(1.,0.,0.));
#14459=DIRECTION('center_axis',(0.,0.,-1.));
#14460=DIRECTION('ref_axis',(-1.,0.,0.));
#14461=DIRECTION('',(0.,0.,1.));
#14462=DIRECTION('center_axis',(0.,0.,-1.));
#14463=DIRECTION('ref_axis',(-1.,0.,0.));
#14464=DIRECTION('center_axis',(1.,0.,0.));
#14465=DIRECTION('ref_axis',(0.,0.,-1.));
#14466=DIRECTION('',(0.,1.,0.));
#14467=DIRECTION('',(0.,0.,1.));
#14468=DIRECTION('',(0.,1.,0.));
#14469=DIRECTION('center_axis',(0.,0.,1.));
#14470=DIRECTION('ref_axis',(1.,0.,0.));
#14471=DIRECTION('center_axis',(0.,0.,1.));
#14472=DIRECTION('ref_axis',(1.,0.,0.));
#14473=DIRECTION('',(0.,0.,1.));
#14474=DIRECTION('center_axis',(0.,0.,1.));
#14475=DIRECTION('ref_axis',(1.,0.,0.));
#14476=DIRECTION('center_axis',(0.,-1.,0.));
#14477=DIRECTION('ref_axis',(0.,0.,-1.));
#14478=DIRECTION('',(1.,0.,0.));
#14479=DIRECTION('',(0.,0.,1.));
#14480=DIRECTION('',(1.,0.,0.));
#14481=DIRECTION('center_axis',(-1.,0.,0.));
#14482=DIRECTION('ref_axis',(0.,0.,1.));
#14483=DIRECTION('',(0.,-1.,0.));
#14484=DIRECTION('',(0.,0.,1.));
#14485=DIRECTION('',(0.,-1.,0.));
#14486=DIRECTION('center_axis',(5.59588218057029E-15,1.,0.));
#14487=DIRECTION('ref_axis',(-1.,5.59588218057029E-15,0.));
#14488=DIRECTION('',(-1.,5.59588218057029E-15,0.));
#14489=DIRECTION('',(-1.,5.59588218057029E-15,0.));
#14490=DIRECTION('center_axis',(0.,0.,-1.));
#14491=DIRECTION('ref_axis',(-1.,0.,0.));
#14492=DIRECTION('center_axis',(0.,0.,-1.));
#14493=DIRECTION('ref_axis',(-1.,0.,0.));
#14494=DIRECTION('center_axis',(0.,0.,1.));
#14495=DIRECTION('ref_axis',(1.,0.,0.));
#14496=DIRECTION('center_axis',(0.,0.,-1.));
#14497=DIRECTION('ref_axis',(-1.,0.,0.));
#14498=DIRECTION('',(0.,0.,1.));
#14499=DIRECTION('center_axis',(0.,0.,-1.));
#14500=DIRECTION('ref_axis',(-1.,0.,0.));
#14501=DIRECTION('',(0.,0.,1.));
#14502=DIRECTION('center_axis',(-1.,0.,0.));
#14503=DIRECTION('ref_axis',(0.,0.,1.));
#14504=DIRECTION('',(0.,-1.,0.));
#14505=DIRECTION('',(0.,0.,1.));
#14506=DIRECTION('',(0.,-1.,0.));
#14507=DIRECTION('center_axis',(0.,0.,1.));
#14508=DIRECTION('ref_axis',(1.,0.,0.));
#14509=DIRECTION('center_axis',(0.,0.,1.));
#14510=DIRECTION('ref_axis',(1.,0.,0.));
#14511=DIRECTION('',(0.,0.,1.));
#14512=DIRECTION('center_axis',(0.,0.,1.));
#14513=DIRECTION('ref_axis',(1.,0.,0.));
#14514=DIRECTION('center_axis',(0.,1.,0.));
#14515=DIRECTION('ref_axis',(0.,0.,1.));
#14516=DIRECTION('',(-1.,0.,0.));
#14517=DIRECTION('',(0.,0.,1.));
#14518=DIRECTION('',(-1.,0.,0.));
#14519=DIRECTION('center_axis',(0.984807753012208,-0.17364817766693,0.));
#14520=DIRECTION('ref_axis',(0.17364817766693,0.984807753012208,0.));
#14521=DIRECTION('',(0.17364817766693,0.984807753012208,0.));
#14522=DIRECTION('',(0.,0.,1.));
#14523=DIRECTION('',(0.17364817766693,0.984807753012208,0.));
#14524=DIRECTION('center_axis',(9.8381057114287E-13,-1.,0.));
#14525=DIRECTION('ref_axis',(1.,9.8381057114287E-13,0.));
#14526=DIRECTION('',(1.,9.8381057114287E-13,0.));
#14527=DIRECTION('',(0.,0.,1.));
#14528=DIRECTION('',(1.,9.8381057114287E-13,0.));
#14529=DIRECTION('center_axis',(0.,0.,1.));
#14530=DIRECTION('ref_axis',(1.,0.,0.));
#14531=DIRECTION('center_axis',(0.,0.,-1.));
#14532=DIRECTION('ref_axis',(-1.,0.,0.));
#14533=DIRECTION('',(0.,0.,1.));
#14534=DIRECTION('center_axis',(0.,0.,-1.));
#14535=DIRECTION('ref_axis',(-1.,0.,0.));
#14536=DIRECTION('center_axis',(1.,0.,0.));
#14537=DIRECTION('ref_axis',(0.,0.,-1.));
#14538=DIRECTION('',(0.,1.,0.));
#14539=DIRECTION('',(0.,0.,1.));
#14540=DIRECTION('',(0.,1.,0.));
#14541=DIRECTION('center_axis',(0.,0.,1.));
#14542=DIRECTION('ref_axis',(1.,0.,0.));
#14543=DIRECTION('center_axis',(0.,0.,1.));
#14544=DIRECTION('ref_axis',(1.,0.,0.));
#14545=DIRECTION('',(0.,0.,1.));
#14546=DIRECTION('center_axis',(0.,0.,1.));
#14547=DIRECTION('ref_axis',(1.,0.,0.));
#14548=DIRECTION('center_axis',(0.,-1.,0.));
#14549=DIRECTION('ref_axis',(0.,0.,-1.));
#14550=DIRECTION('',(1.,0.,0.));
#14551=DIRECTION('',(0.,0.,1.));
#14552=DIRECTION('',(1.,0.,0.));
#14553=DIRECTION('center_axis',(-1.,0.,0.));
#14554=DIRECTION('ref_axis',(0.,0.,1.));
#14555=DIRECTION('',(0.,-1.,0.));
#14556=DIRECTION('',(0.,0.,1.));
#14557=DIRECTION('',(0.,-1.,0.));
#14558=DIRECTION('center_axis',(5.59588218057029E-15,1.,0.));
#14559=DIRECTION('ref_axis',(-1.,5.59588218057029E-15,0.));
#14560=DIRECTION('',(-1.,5.59588218057029E-15,0.));
#14561=DIRECTION('',(-1.,5.59588218057029E-15,0.));
#14562=DIRECTION('center_axis',(0.,0.,-1.));
#14563=DIRECTION('ref_axis',(-1.,0.,0.));
#14564=DIRECTION('center_axis',(0.,0.,-1.));
#14565=DIRECTION('ref_axis',(-1.,0.,0.));
#14566=DIRECTION('center_axis',(0.,0.,1.));
#14567=DIRECTION('ref_axis',(1.,0.,0.));
#14568=DIRECTION('center_axis',(0.,0.,-1.));
#14569=DIRECTION('ref_axis',(-1.,0.,0.));
#14570=DIRECTION('',(0.,0.,1.));
#14571=DIRECTION('center_axis',(0.,0.,-1.));
#14572=DIRECTION('ref_axis',(-1.,0.,0.));
#14573=DIRECTION('',(0.,0.,1.));
#14574=DIRECTION('center_axis',(-1.,0.,0.));
#14575=DIRECTION('ref_axis',(0.,0.,1.));
#14576=DIRECTION('',(0.,-1.,0.));
#14577=DIRECTION('',(0.,0.,1.));
#14578=DIRECTION('',(0.,-1.,0.));
#14579=DIRECTION('center_axis',(0.,0.,1.));
#14580=DIRECTION('ref_axis',(1.,0.,0.));
#14581=DIRECTION('center_axis',(0.,0.,1.));
#14582=DIRECTION('ref_axis',(1.,0.,0.));
#14583=DIRECTION('',(0.,0.,1.));
#14584=DIRECTION('center_axis',(0.,0.,1.));
#14585=DIRECTION('ref_axis',(1.,0.,0.));
#14586=DIRECTION('center_axis',(0.,1.,0.));
#14587=DIRECTION('ref_axis',(0.,0.,1.));
#14588=DIRECTION('',(-1.,0.,0.));
#14589=DIRECTION('',(0.,0.,1.));
#14590=DIRECTION('',(-1.,0.,0.));
#14591=DIRECTION('center_axis',(0.984807753012208,-0.17364817766693,0.));
#14592=DIRECTION('ref_axis',(0.17364817766693,0.984807753012208,0.));
#14593=DIRECTION('',(0.17364817766693,0.984807753012208,0.));
#14594=DIRECTION('',(0.,0.,1.));
#14595=DIRECTION('',(0.17364817766693,0.984807753012208,0.));
#14596=DIRECTION('center_axis',(9.8381057114287E-13,-1.,0.));
#14597=DIRECTION('ref_axis',(1.,9.8381057114287E-13,0.));
#14598=DIRECTION('',(1.,9.8381057114287E-13,0.));
#14599=DIRECTION('',(0.,0.,1.));
#14600=DIRECTION('',(1.,9.8381057114287E-13,0.));
#14601=DIRECTION('center_axis',(0.,0.,1.));
#14602=DIRECTION('ref_axis',(1.,0.,0.));
#14603=DIRECTION('center_axis',(0.,0.,-1.));
#14604=DIRECTION('ref_axis',(-1.,0.,0.));
#14605=DIRECTION('',(0.,0.,1.));
#14606=DIRECTION('center_axis',(0.,0.,-1.));
#14607=DIRECTION('ref_axis',(-1.,0.,0.));
#14608=DIRECTION('center_axis',(1.,0.,0.));
#14609=DIRECTION('ref_axis',(0.,0.,-1.));
#14610=DIRECTION('',(0.,1.,0.));
#14611=DIRECTION('',(0.,0.,1.));
#14612=DIRECTION('',(0.,1.,0.));
#14613=DIRECTION('center_axis',(0.,0.,1.));
#14614=DIRECTION('ref_axis',(1.,0.,0.));
#14615=DIRECTION('center_axis',(0.,0.,1.));
#14616=DIRECTION('ref_axis',(1.,0.,0.));
#14617=DIRECTION('',(0.,0.,1.));
#14618=DIRECTION('center_axis',(0.,0.,1.));
#14619=DIRECTION('ref_axis',(1.,0.,0.));
#14620=DIRECTION('center_axis',(0.,-1.,0.));
#14621=DIRECTION('ref_axis',(0.,0.,-1.));
#14622=DIRECTION('',(1.,0.,0.));
#14623=DIRECTION('',(0.,0.,1.));
#14624=DIRECTION('',(1.,0.,0.));
#14625=DIRECTION('center_axis',(-1.,0.,0.));
#14626=DIRECTION('ref_axis',(0.,0.,1.));
#14627=DIRECTION('',(0.,-1.,0.));
#14628=DIRECTION('',(0.,0.,1.));
#14629=DIRECTION('',(0.,-1.,0.));
#14630=DIRECTION('center_axis',(5.59588218057029E-15,1.,0.));
#14631=DIRECTION('ref_axis',(-1.,5.59588218057029E-15,0.));
#14632=DIRECTION('',(-1.,5.59588218057029E-15,0.));
#14633=DIRECTION('',(-1.,5.59588218057029E-15,0.));
#14634=DIRECTION('center_axis',(0.,0.,-1.));
#14635=DIRECTION('ref_axis',(-1.,0.,0.));
#14636=DIRECTION('center_axis',(0.,0.,-1.));
#14637=DIRECTION('ref_axis',(-1.,0.,0.));
#14638=DIRECTION('center_axis',(-0.984807753012208,-0.17364817766693,0.));
#14639=DIRECTION('ref_axis',(0.17364817766693,-0.984807753012208,0.));
#14640=DIRECTION('',(0.17364817766693,-0.984807753012208,0.));
#14641=DIRECTION('',(0.,0.,1.));
#14642=DIRECTION('',(0.17364817766693,-0.984807753012208,0.));
#14643=DIRECTION('',(0.,0.,1.));
#14644=DIRECTION('center_axis',(0.,1.,0.));
#14645=DIRECTION('ref_axis',(0.,0.,1.));
#14646=DIRECTION('',(-1.,0.,0.));
#14647=DIRECTION('',(0.,0.,1.));
#14648=DIRECTION('',(-1.,0.,0.));
#14649=DIRECTION('center_axis',(0.,0.,1.));
#14650=DIRECTION('ref_axis',(1.,0.,0.));
#14651=DIRECTION('center_axis',(0.,0.,1.));
#14652=DIRECTION('ref_axis',(-1.,0.,0.));
#14653=DIRECTION('',(0.,0.,1.));
#14654=DIRECTION('center_axis',(0.,0.,1.));
#14655=DIRECTION('ref_axis',(-1.,0.,0.));
#14656=DIRECTION('center_axis',(1.,0.,0.));
#14657=DIRECTION('ref_axis',(0.,0.,-1.));
#14658=DIRECTION('',(0.,1.,0.));
#14659=DIRECTION('',(0.,0.,1.));
#14660=DIRECTION('',(0.,1.,0.));
#14661=DIRECTION('center_axis',(0.,0.,1.));
#14662=DIRECTION('ref_axis',(1.,0.,0.));
#14663=DIRECTION('center_axis',(0.,0.,-1.));
#14664=DIRECTION('ref_axis',(1.,0.,0.));
#14665=DIRECTION('',(0.,0.,1.));
#14666=DIRECTION('center_axis',(0.,0.,-1.));
#14667=DIRECTION('ref_axis',(1.,0.,0.));
#14668=DIRECTION('center_axis',(-5.59588218057026E-15,1.,0.));
#14669=DIRECTION('ref_axis',(-1.,-5.59588218057026E-15,0.));
#14670=DIRECTION('',(-1.,-5.59588218057026E-15,0.));
#14671=DIRECTION('',(0.,0.,1.));
#14672=DIRECTION('',(-1.,-5.59588218057026E-15,0.));
#14673=DIRECTION('center_axis',(1.,0.,0.));
#14674=DIRECTION('ref_axis',(0.,0.,-1.));
#14675=DIRECTION('',(0.,1.,0.));
#14676=DIRECTION('',(0.,0.,1.));
#14677=DIRECTION('',(0.,1.,0.));
#14678=DIRECTION('center_axis',(3.61400724161833E-15,-1.,0.));
#14679=DIRECTION('ref_axis',(1.,3.61400724161833E-15,0.));
#14680=DIRECTION('',(1.,3.61400724161833E-15,0.));
#14681=DIRECTION('',(0.,0.,1.));
#14682=DIRECTION('',(1.,3.61400724161833E-15,0.));
#14683=DIRECTION('center_axis',(0.,0.,1.));
#14684=DIRECTION('ref_axis',(1.,0.,0.));
#14685=DIRECTION('center_axis',(0.,0.,1.));
#14686=DIRECTION('ref_axis',(-1.,0.,0.));
#14687=DIRECTION('',(0.,0.,1.));
#14688=DIRECTION('center_axis',(0.,0.,1.));
#14689=DIRECTION('ref_axis',(-1.,0.,0.));
#14690=DIRECTION('center_axis',(-1.,0.,0.));
#14691=DIRECTION('ref_axis',(0.,0.,1.));
#14692=DIRECTION('',(0.,-1.,0.));
#14693=DIRECTION('',(0.,0.,1.));
#14694=DIRECTION('',(0.,-1.,0.));
#14695=DIRECTION('center_axis',(0.,0.,1.));
#14696=DIRECTION('ref_axis',(1.,0.,0.));
#14697=DIRECTION('center_axis',(0.,0.,-1.));
#14698=DIRECTION('ref_axis',(1.,0.,0.));
#14699=DIRECTION('',(0.,0.,1.));
#14700=DIRECTION('center_axis',(0.,0.,-1.));
#14701=DIRECTION('ref_axis',(1.,0.,0.));
#14702=DIRECTION('center_axis',(-9.8381057114287E-13,-1.,0.));
#14703=DIRECTION('ref_axis',(1.,-9.8381057114287E-13,0.));
#14704=DIRECTION('',(1.,-9.8381057114287E-13,0.));
#14705=DIRECTION('',(1.,-9.8381057114287E-13,0.));
#14706=DIRECTION('center_axis',(0.,0.,1.));
#14707=DIRECTION('ref_axis',(1.,0.,0.));
#14708=DIRECTION('center_axis',(0.,0.,1.));
#14709=DIRECTION('ref_axis',(1.,0.,0.));
#14710=DIRECTION('center_axis',(0.,1.,0.));
#14711=DIRECTION('ref_axis',(0.,0.,1.));
#14712=DIRECTION('',(0.,0.,-1.));
#14713=DIRECTION('',(-1.,0.,0.));
#14714=DIRECTION('',(0.,0.,1.));
#14715=DIRECTION('',(1.,0.,0.));
#14716=DIRECTION('center_axis',(0.,1.,0.));
#14717=DIRECTION('ref_axis',(0.,0.,1.));
#14718=DIRECTION('',(-1.,0.,0.));
#14719=DIRECTION('',(0.,0.,-1.));
#14720=DIRECTION('',(1.,0.,0.));
#14721=DIRECTION('',(0.,0.,1.));
#14722=DIRECTION('center_axis',(0.,0.173648177666925,0.984807753012209));
#14723=DIRECTION('ref_axis',(-1.,0.,0.));
#14724=DIRECTION('',(0.17108786974603,0.970287525247816,-0.17108786974603));
#14725=DIRECTION('',(-1.,0.,0.));
#14726=DIRECTION('',(0.17108786974603,-0.970287525247816,0.17108786974603));
#14727=DIRECTION('center_axis',(0.984807753012209,0.173648177666925,0.));
#14728=DIRECTION('ref_axis',(0.,0.,1.));
#14729=DIRECTION('',(0.,0.,1.));
#14730=DIRECTION('',(0.17108786974603,-0.970287525247816,-0.17108786974603));
#14731=DIRECTION('center_axis',(-0.984807753012209,0.173648177666925,0.));
#14732=DIRECTION('ref_axis',(0.,0.,-1.));
#14733=DIRECTION('',(0.17108786974603,0.970287525247816,0.17108786974603));
#14734=DIRECTION('',(0.,0.,-1.));
#14735=DIRECTION('center_axis',(0.,0.173648177666925,-0.984807753012209));
#14736=DIRECTION('ref_axis',(1.,0.,0.));
#14737=DIRECTION('',(1.,0.,0.));
#14738=DIRECTION('center_axis',(-0.984807753012208,0.17364817766693,0.));
#14739=DIRECTION('ref_axis',(0.,0.,-1.));
#14740=DIRECTION('',(0.171087869746035,0.970287525247815,0.171087869746031));
#14741=DIRECTION('',(-0.171087869746035,-0.970287525247815,0.171087869746031));
#14742=DIRECTION('center_axis',(0.,0.173648177666926,0.984807753012209));
#14743=DIRECTION('ref_axis',(-1.,0.,0.));
#14744=DIRECTION('',(0.171087869746035,-0.970287525247815,0.171087869746031));
#14745=DIRECTION('center_axis',(0.,0.173648177666926,-0.984807753012209));
#14746=DIRECTION('ref_axis',(1.,0.,0.));
#14747=DIRECTION('',(-0.171087869746035,0.970287525247815,0.171087869746031));
#14748=DIRECTION('center_axis',(0.984807753012208,0.17364817766693,0.));
#14749=DIRECTION('ref_axis',(0.,0.,1.));
#14750=DIRECTION('center_axis',(0.,0.173648177666942,0.984807753012206));
#14751=DIRECTION('ref_axis',(0.,-0.984807753012206,0.173648177666942));
#14752=DIRECTION('',(0.,-0.984807753012206,0.173648177666942));
#14753=DIRECTION('',(1.,0.,0.));
#14754=DIRECTION('',(0.,-0.984807753012206,0.173648177666942));
#14755=DIRECTION('',(1.,0.,0.));
#14756=DIRECTION('center_axis',(0.,1.,0.));
#14757=DIRECTION('ref_axis',(0.,0.,1.));
#14758=DIRECTION('',(0.,0.,1.));
#14759=DIRECTION('',(1.,0.,0.));
#14760=DIRECTION('',(0.,0.,1.));
#14761=DIRECTION('center_axis',(1.,0.,0.));
#14762=DIRECTION('ref_axis',(0.,0.,-1.));
#14763=DIRECTION('center_axis',(1.,0.,0.));
#14764=DIRECTION('ref_axis',(0.,0.,1.));
#14765=DIRECTION('',(1.,0.,0.));
#14766=DIRECTION('center_axis',(1.,0.,0.));
#14767=DIRECTION('ref_axis',(0.,0.,1.));
#14768=DIRECTION('center_axis',(0.,0.,-1.));
#14769=DIRECTION('ref_axis',(-1.,0.,0.));
#14770=DIRECTION('',(0.,1.,0.));
#14771=DIRECTION('',(1.,0.,0.));
#14772=DIRECTION('',(0.,1.,0.));
#14773=DIRECTION('center_axis',(1.,0.,0.));
#14774=DIRECTION('ref_axis',(0.,0.,-1.));
#14775=DIRECTION('center_axis',(-1.,0.,0.));
#14776=DIRECTION('ref_axis',(0.,0.,-1.));
#14777=DIRECTION('',(1.,0.,0.));
#14778=DIRECTION('center_axis',(-1.,0.,0.));
#14779=DIRECTION('ref_axis',(0.,0.,-1.));
#14780=DIRECTION('center_axis',(0.,1.,0.));
#14781=DIRECTION('ref_axis',(0.,0.,1.));
#14782=DIRECTION('',(0.,0.,1.));
#14783=DIRECTION('',(1.,0.,0.));
#14784=DIRECTION('',(0.,0.,1.));
#14785=DIRECTION('center_axis',(0.,0.,-1.));
#14786=DIRECTION('ref_axis',(-1.,0.,0.));
#14787=DIRECTION('',(0.,1.,0.));
#14788=DIRECTION('',(1.,0.,0.));
#14789=DIRECTION('',(0.,1.,0.));
#14790=DIRECTION('center_axis',(0.,-1.,0.));
#14791=DIRECTION('ref_axis',(0.,0.,-1.));
#14792=DIRECTION('',(0.,0.,-1.));
#14793=DIRECTION('',(1.,0.,0.));
#14794=DIRECTION('',(0.,0.,-1.));
#14795=DIRECTION('center_axis',(1.,0.,0.));
#14796=DIRECTION('ref_axis',(0.,0.,-1.));
#14797=DIRECTION('center_axis',(1.,0.,0.));
#14798=DIRECTION('ref_axis',(0.,0.,1.));
#14799=DIRECTION('',(1.,0.,0.));
#14800=DIRECTION('center_axis',(1.,0.,0.));
#14801=DIRECTION('ref_axis',(0.,0.,1.));
#14802=DIRECTION('center_axis',(0.,0.,1.));
#14803=DIRECTION('ref_axis',(1.,0.,0.));
#14804=DIRECTION('',(0.,-1.,0.));
#14805=DIRECTION('',(1.,0.,0.));
#14806=DIRECTION('',(0.,-1.,0.));
#14807=DIRECTION('center_axis',(1.,0.,0.));
#14808=DIRECTION('ref_axis',(0.,0.,-1.));
#14809=DIRECTION('center_axis',(-1.,0.,0.));
#14810=DIRECTION('ref_axis',(0.,0.,-1.));
#14811=DIRECTION('',(1.,0.,0.));
#14812=DIRECTION('center_axis',(-1.,0.,0.));
#14813=DIRECTION('ref_axis',(0.,0.,-1.));
#14814=DIRECTION('center_axis',(0.,-1.,0.));
#14815=DIRECTION('ref_axis',(0.,0.,-1.));
#14816=DIRECTION('',(0.,0.,-1.));
#14817=DIRECTION('',(0.,0.,-1.));
#14818=DIRECTION('center_axis',(-1.,0.,0.));
#14819=DIRECTION('ref_axis',(0.,0.,1.));
#14820=DIRECTION('center_axis',(-1.,0.,0.));
#14821=DIRECTION('ref_axis',(0.,0.,1.));
#14822=DIRECTION('center_axis',(0.,0.173648177666942,0.984807753012206));
#14823=DIRECTION('ref_axis',(0.,-0.984807753012206,0.173648177666942));
#14824=DIRECTION('',(0.,-0.984807753012206,0.173648177666942));
#14825=DIRECTION('',(1.,0.,0.));
#14826=DIRECTION('',(0.,-0.984807753012206,0.173648177666942));
#14827=DIRECTION('',(1.,0.,0.));
#14828=DIRECTION('center_axis',(0.,1.,0.));
#14829=DIRECTION('ref_axis',(0.,0.,1.));
#14830=DIRECTION('',(0.,0.,1.));
#14831=DIRECTION('',(1.,0.,0.));
#14832=DIRECTION('',(0.,0.,1.));
#14833=DIRECTION('center_axis',(1.,0.,0.));
#14834=DIRECTION('ref_axis',(0.,0.,-1.));
#14835=DIRECTION('center_axis',(1.,0.,0.));
#14836=DIRECTION('ref_axis',(0.,0.,1.));
#14837=DIRECTION('',(1.,0.,0.));
#14838=DIRECTION('center_axis',(1.,0.,0.));
#14839=DIRECTION('ref_axis',(0.,0.,1.));
#14840=DIRECTION('center_axis',(0.,0.,-1.));
#14841=DIRECTION('ref_axis',(-1.,0.,0.));
#14842=DIRECTION('',(0.,1.,0.));
#14843=DIRECTION('',(1.,0.,0.));
#14844=DIRECTION('',(0.,1.,0.));
#14845=DIRECTION('center_axis',(1.,0.,0.));
#14846=DIRECTION('ref_axis',(0.,0.,-1.));
#14847=DIRECTION('center_axis',(-1.,0.,0.));
#14848=DIRECTION('ref_axis',(0.,0.,-1.));
#14849=DIRECTION('',(1.,0.,0.));
#14850=DIRECTION('center_axis',(-1.,0.,0.));
#14851=DIRECTION('ref_axis',(0.,0.,-1.));
#14852=DIRECTION('center_axis',(0.,1.,0.));
#14853=DIRECTION('ref_axis',(0.,0.,1.));
#14854=DIRECTION('',(0.,0.,1.));
#14855=DIRECTION('',(1.,0.,0.));
#14856=DIRECTION('',(0.,0.,1.));
#14857=DIRECTION('center_axis',(0.,0.,-1.));
#14858=DIRECTION('ref_axis',(-1.,0.,0.));
#14859=DIRECTION('',(0.,1.,0.));
#14860=DIRECTION('',(1.,0.,0.));
#14861=DIRECTION('',(0.,1.,0.));
#14862=DIRECTION('center_axis',(0.,-1.,0.));
#14863=DIRECTION('ref_axis',(0.,0.,-1.));
#14864=DIRECTION('',(0.,0.,-1.));
#14865=DIRECTION('',(1.,0.,0.));
#14866=DIRECTION('',(0.,0.,-1.));
#14867=DIRECTION('center_axis',(1.,0.,0.));
#14868=DIRECTION('ref_axis',(0.,0.,-1.));
#14869=DIRECTION('center_axis',(1.,0.,0.));
#14870=DIRECTION('ref_axis',(0.,0.,1.));
#14871=DIRECTION('',(1.,0.,0.));
#14872=DIRECTION('center_axis',(1.,0.,0.));
#14873=DIRECTION('ref_axis',(0.,0.,1.));
#14874=DIRECTION('center_axis',(0.,0.,1.));
#14875=DIRECTION('ref_axis',(1.,0.,0.));
#14876=DIRECTION('',(0.,-1.,0.));
#14877=DIRECTION('',(1.,0.,0.));
#14878=DIRECTION('',(0.,-1.,0.));
#14879=DIRECTION('center_axis',(1.,0.,0.));
#14880=DIRECTION('ref_axis',(0.,0.,-1.));
#14881=DIRECTION('center_axis',(-1.,0.,0.));
#14882=DIRECTION('ref_axis',(0.,0.,-1.));
#14883=DIRECTION('',(1.,0.,0.));
#14884=DIRECTION('center_axis',(-1.,0.,0.));
#14885=DIRECTION('ref_axis',(0.,0.,-1.));
#14886=DIRECTION('center_axis',(0.,-1.,0.));
#14887=DIRECTION('ref_axis',(0.,0.,-1.));
#14888=DIRECTION('',(0.,0.,-1.));
#14889=DIRECTION('',(0.,0.,-1.));
#14890=DIRECTION('center_axis',(-1.,0.,0.));
#14891=DIRECTION('ref_axis',(0.,0.,1.));
#14892=DIRECTION('center_axis',(-1.,0.,0.));
#14893=DIRECTION('ref_axis',(0.,0.,1.));
#14894=DIRECTION('center_axis',(0.,0.173648177666942,0.984807753012206));
#14895=DIRECTION('ref_axis',(0.,-0.984807753012206,0.173648177666942));
#14896=DIRECTION('',(0.,-0.984807753012206,0.173648177666942));
#14897=DIRECTION('',(1.,0.,0.));
#14898=DIRECTION('',(0.,-0.984807753012206,0.173648177666942));
#14899=DIRECTION('',(1.,0.,0.));
#14900=DIRECTION('center_axis',(0.,1.,0.));
#14901=DIRECTION('ref_axis',(0.,0.,1.));
#14902=DIRECTION('',(0.,0.,1.));
#14903=DIRECTION('',(1.,0.,0.));
#14904=DIRECTION('',(0.,0.,1.));
#14905=DIRECTION('center_axis',(1.,0.,0.));
#14906=DIRECTION('ref_axis',(0.,0.,-1.));
#14907=DIRECTION('center_axis',(1.,0.,0.));
#14908=DIRECTION('ref_axis',(0.,0.,1.));
#14909=DIRECTION('',(1.,0.,0.));
#14910=DIRECTION('center_axis',(1.,0.,0.));
#14911=DIRECTION('ref_axis',(0.,0.,1.));
#14912=DIRECTION('center_axis',(0.,0.,-1.));
#14913=DIRECTION('ref_axis',(-1.,0.,0.));
#14914=DIRECTION('',(0.,1.,0.));
#14915=DIRECTION('',(1.,0.,0.));
#14916=DIRECTION('',(0.,1.,0.));
#14917=DIRECTION('center_axis',(1.,0.,0.));
#14918=DIRECTION('ref_axis',(0.,0.,-1.));
#14919=DIRECTION('center_axis',(-1.,0.,0.));
#14920=DIRECTION('ref_axis',(0.,0.,-1.));
#14921=DIRECTION('',(1.,0.,0.));
#14922=DIRECTION('center_axis',(-1.,0.,0.));
#14923=DIRECTION('ref_axis',(0.,0.,-1.));
#14924=DIRECTION('center_axis',(0.,1.,0.));
#14925=DIRECTION('ref_axis',(0.,0.,1.));
#14926=DIRECTION('',(0.,0.,1.));
#14927=DIRECTION('',(1.,0.,0.));
#14928=DIRECTION('',(0.,0.,1.));
#14929=DIRECTION('center_axis',(0.,0.,-1.));
#14930=DIRECTION('ref_axis',(-1.,0.,0.));
#14931=DIRECTION('',(0.,1.,0.));
#14932=DIRECTION('',(1.,0.,0.));
#14933=DIRECTION('',(0.,1.,0.));
#14934=DIRECTION('center_axis',(0.,-1.,0.));
#14935=DIRECTION('ref_axis',(0.,0.,-1.));
#14936=DIRECTION('',(0.,0.,-1.));
#14937=DIRECTION('',(1.,0.,0.));
#14938=DIRECTION('',(0.,0.,-1.));
#14939=DIRECTION('center_axis',(1.,0.,0.));
#14940=DIRECTION('ref_axis',(0.,0.,-1.));
#14941=DIRECTION('center_axis',(1.,0.,0.));
#14942=DIRECTION('ref_axis',(0.,0.,1.));
#14943=DIRECTION('',(1.,0.,0.));
#14944=DIRECTION('center_axis',(1.,0.,0.));
#14945=DIRECTION('ref_axis',(0.,0.,1.));
#14946=DIRECTION('center_axis',(0.,0.,1.));
#14947=DIRECTION('ref_axis',(1.,0.,0.));
#14948=DIRECTION('',(0.,-1.,0.));
#14949=DIRECTION('',(1.,0.,0.));
#14950=DIRECTION('',(0.,-1.,0.));
#14951=DIRECTION('center_axis',(1.,0.,0.));
#14952=DIRECTION('ref_axis',(0.,0.,-1.));
#14953=DIRECTION('center_axis',(-1.,0.,0.));
#14954=DIRECTION('ref_axis',(0.,0.,-1.));
#14955=DIRECTION('',(1.,0.,0.));
#14956=DIRECTION('center_axis',(-1.,0.,0.));
#14957=DIRECTION('ref_axis',(0.,0.,-1.));
#14958=DIRECTION('center_axis',(0.,-1.,0.));
#14959=DIRECTION('ref_axis',(0.,0.,-1.));
#14960=DIRECTION('',(0.,0.,-1.));
#14961=DIRECTION('',(0.,0.,-1.));
#14962=DIRECTION('center_axis',(-1.,0.,0.));
#14963=DIRECTION('ref_axis',(0.,0.,1.));
#14964=DIRECTION('center_axis',(-1.,0.,0.));
#14965=DIRECTION('ref_axis',(0.,0.,1.));
#14966=DIRECTION('center_axis',(0.,0.173648177666942,-0.984807753012206));
#14967=DIRECTION('ref_axis',(0.,-0.984807753012206,-0.173648177666942));
#14968=DIRECTION('',(0.,-0.984807753012206,-0.173648177666942));
#14969=DIRECTION('',(1.,0.,0.));
#14970=DIRECTION('',(0.,-0.984807753012206,-0.173648177666942));
#14971=DIRECTION('',(1.,0.,0.));
#14972=DIRECTION('center_axis',(0.,1.,0.));
#14973=DIRECTION('ref_axis',(0.,0.,-1.));
#14974=DIRECTION('',(0.,0.,-1.));
#14975=DIRECTION('',(0.,0.,-1.));
#14976=DIRECTION('',(1.,0.,0.));
#14977=DIRECTION('center_axis',(1.,0.,0.));
#14978=DIRECTION('ref_axis',(0.,0.,1.));
#14979=DIRECTION('center_axis',(-1.,0.,0.));
#14980=DIRECTION('ref_axis',(0.,0.,-1.));
#14981=DIRECTION('center_axis',(-1.,0.,0.));
#14982=DIRECTION('ref_axis',(0.,0.,-1.));
#14983=DIRECTION('',(1.,0.,0.));
#14984=DIRECTION('center_axis',(0.,0.,1.));
#14985=DIRECTION('ref_axis',(-1.,0.,0.));
#14986=DIRECTION('',(0.,1.,0.));
#14987=DIRECTION('',(0.,1.,0.));
#14988=DIRECTION('',(1.,0.,0.));
#14989=DIRECTION('center_axis',(1.,0.,0.));
#14990=DIRECTION('ref_axis',(0.,0.,1.));
#14991=DIRECTION('center_axis',(1.,0.,0.));
#14992=DIRECTION('ref_axis',(0.,0.,1.));
#14993=DIRECTION('center_axis',(1.,0.,0.));
#14994=DIRECTION('ref_axis',(0.,0.,1.));
#14995=DIRECTION('',(1.,0.,0.));
#14996=DIRECTION('center_axis',(0.,1.,0.));
#14997=DIRECTION('ref_axis',(0.,0.,-1.));
#14998=DIRECTION('',(0.,0.,-1.));
#14999=DIRECTION('',(0.,0.,-1.));
#15000=DIRECTION('',(1.,0.,0.));
#15001=DIRECTION('center_axis',(0.,0.,1.));
#15002=DIRECTION('ref_axis',(-1.,0.,0.));
#15003=DIRECTION('',(0.,1.,0.));
#15004=DIRECTION('',(0.,1.,0.));
#15005=DIRECTION('',(1.,0.,0.));
#15006=DIRECTION('center_axis',(0.,-1.,0.));
#15007=DIRECTION('ref_axis',(0.,0.,1.));
#15008=DIRECTION('',(0.,0.,1.));
#15009=DIRECTION('',(0.,0.,1.));
#15010=DIRECTION('',(1.,0.,0.));
#15011=DIRECTION('center_axis',(1.,0.,0.));
#15012=DIRECTION('ref_axis',(0.,0.,1.));
#15013=DIRECTION('center_axis',(-1.,0.,0.));
#15014=DIRECTION('ref_axis',(0.,0.,-1.));
#15015=DIRECTION('center_axis',(-1.,0.,0.));
#15016=DIRECTION('ref_axis',(0.,0.,-1.));
#15017=DIRECTION('',(1.,0.,0.));
#15018=DIRECTION('center_axis',(0.,0.,-1.));
#15019=DIRECTION('ref_axis',(1.,0.,0.));
#15020=DIRECTION('',(0.,-1.,0.));
#15021=DIRECTION('',(0.,-1.,0.));
#15022=DIRECTION('',(1.,0.,0.));
#15023=DIRECTION('center_axis',(1.,0.,0.));
#15024=DIRECTION('ref_axis',(0.,0.,1.));
#15025=DIRECTION('center_axis',(1.,0.,0.));
#15026=DIRECTION('ref_axis',(0.,0.,1.));
#15027=DIRECTION('center_axis',(1.,0.,0.));
#15028=DIRECTION('ref_axis',(0.,0.,1.));
#15029=DIRECTION('',(1.,0.,0.));
#15030=DIRECTION('center_axis',(0.,-1.,0.));
#15031=DIRECTION('ref_axis',(0.,0.,1.));
#15032=DIRECTION('',(0.,0.,1.));
#15033=DIRECTION('',(0.,0.,1.));
#15034=DIRECTION('center_axis',(-1.,0.,0.));
#15035=DIRECTION('ref_axis',(0.,0.,-1.));
#15036=DIRECTION('center_axis',(-1.,0.,0.));
#15037=DIRECTION('ref_axis',(0.,0.,-1.));
#15038=DIRECTION('center_axis',(0.,1.,0.));
#15039=DIRECTION('ref_axis',(0.,0.,-1.));
#15040=DIRECTION('',(0.,0.,1.));
#15041=DIRECTION('',(1.,0.,0.));
#15042=DIRECTION('',(0.,0.,-1.));
#15043=DIRECTION('',(-1.,0.,0.));
#15044=DIRECTION('center_axis',(0.,1.,0.));
#15045=DIRECTION('ref_axis',(0.,0.,-1.));
#15046=DIRECTION('',(-1.,0.,0.));
#15047=DIRECTION('',(0.,0.,-1.));
#15048=DIRECTION('',(1.,0.,0.));
#15049=DIRECTION('',(0.,0.,1.));
#15050=DIRECTION('center_axis',(0.,0.173648177666925,-0.984807753012209));
#15051=DIRECTION('ref_axis',(-1.,0.,0.));
#15052=DIRECTION('',(0.17108786974603,0.970287525247816,0.17108786974603));
#15053=DIRECTION('',(0.17108786974603,-0.970287525247816,-0.17108786974603));
#15054=DIRECTION('',(-1.,0.,0.));
#15055=DIRECTION('center_axis',(0.984807753012209,0.173648177666925,0.));
#15056=DIRECTION('ref_axis',(0.,0.,-1.));
#15057=DIRECTION('',(0.17108786974603,-0.970287525247816,0.17108786974603));
#15058=DIRECTION('',(0.,0.,-1.));
#15059=DIRECTION('center_axis',(-0.984807753012209,0.173648177666925,0.));
#15060=DIRECTION('ref_axis',(0.,0.,1.));
#15061=DIRECTION('',(0.,0.,1.));
#15062=DIRECTION('',(0.17108786974603,0.970287525247816,-0.17108786974603));
#15063=DIRECTION('center_axis',(0.,0.173648177666925,0.984807753012209));
#15064=DIRECTION('ref_axis',(1.,0.,0.));
#15065=DIRECTION('',(1.,0.,0.));
#15066=DIRECTION('center_axis',(-0.984807753012208,0.17364817766693,0.));
#15067=DIRECTION('ref_axis',(0.,0.,1.));
#15068=DIRECTION('',(0.171087869746035,0.970287525247815,-0.171087869746031));
#15069=DIRECTION('',(-0.171087869746035,-0.970287525247815,-0.171087869746031));
#15070=DIRECTION('center_axis',(0.,0.173648177666926,-0.984807753012209));
#15071=DIRECTION('ref_axis',(-1.,0.,0.));
#15072=DIRECTION('',(0.171087869746035,-0.970287525247815,-0.171087869746031));
#15073=DIRECTION('center_axis',(0.,0.173648177666926,0.984807753012209));
#15074=DIRECTION('ref_axis',(1.,0.,0.));
#15075=DIRECTION('',(-0.171087869746035,0.970287525247815,-0.171087869746031));
#15076=DIRECTION('center_axis',(0.984807753012208,0.17364817766693,0.));
#15077=DIRECTION('ref_axis',(0.,0.,-1.));
#15078=DIRECTION('center_axis',(0.,0.173648177666942,-0.984807753012206));
#15079=DIRECTION('ref_axis',(0.,-0.984807753012206,-0.173648177666942));
#15080=DIRECTION('',(0.,-0.984807753012206,-0.173648177666942));
#15081=DIRECTION('',(1.,0.,0.));
#15082=DIRECTION('',(0.,-0.984807753012206,-0.173648177666942));
#15083=DIRECTION('',(1.,0.,0.));
#15084=DIRECTION('center_axis',(0.,1.,0.));
#15085=DIRECTION('ref_axis',(0.,0.,-1.));
#15086=DIRECTION('',(0.,0.,-1.));
#15087=DIRECTION('',(0.,0.,-1.));
#15088=DIRECTION('',(1.,0.,0.));
#15089=DIRECTION('center_axis',(1.,0.,0.));
#15090=DIRECTION('ref_axis',(0.,0.,1.));
#15091=DIRECTION('center_axis',(-1.,0.,0.));
#15092=DIRECTION('ref_axis',(0.,0.,-1.));
#15093=DIRECTION('center_axis',(-1.,0.,0.));
#15094=DIRECTION('ref_axis',(0.,0.,-1.));
#15095=DIRECTION('',(1.,0.,0.));
#15096=DIRECTION('center_axis',(0.,0.,1.));
#15097=DIRECTION('ref_axis',(-1.,0.,0.));
#15098=DIRECTION('',(0.,1.,0.));
#15099=DIRECTION('',(0.,1.,0.));
#15100=DIRECTION('',(1.,0.,0.));
#15101=DIRECTION('center_axis',(1.,0.,0.));
#15102=DIRECTION('ref_axis',(0.,0.,1.));
#15103=DIRECTION('center_axis',(1.,0.,0.));
#15104=DIRECTION('ref_axis',(0.,0.,1.));
#15105=DIRECTION('center_axis',(1.,0.,0.));
#15106=DIRECTION('ref_axis',(0.,0.,1.));
#15107=DIRECTION('',(1.,0.,0.));
#15108=DIRECTION('center_axis',(0.,1.,0.));
#15109=DIRECTION('ref_axis',(0.,0.,-1.));
#15110=DIRECTION('',(0.,0.,-1.));
#15111=DIRECTION('',(0.,0.,-1.));
#15112=DIRECTION('',(1.,0.,0.));
#15113=DIRECTION('center_axis',(0.,0.,1.));
#15114=DIRECTION('ref_axis',(-1.,0.,0.));
#15115=DIRECTION('',(0.,1.,0.));
#15116=DIRECTION('',(0.,1.,0.));
#15117=DIRECTION('',(1.,0.,0.));
#15118=DIRECTION('center_axis',(0.,-1.,0.));
#15119=DIRECTION('ref_axis',(0.,0.,1.));
#15120=DIRECTION('',(0.,0.,1.));
#15121=DIRECTION('',(0.,0.,1.));
#15122=DIRECTION('',(1.,0.,0.));
#15123=DIRECTION('center_axis',(1.,0.,0.));
#15124=DIRECTION('ref_axis',(0.,0.,1.));
#15125=DIRECTION('center_axis',(-1.,0.,0.));
#15126=DIRECTION('ref_axis',(0.,0.,-1.));
#15127=DIRECTION('center_axis',(-1.,0.,0.));
#15128=DIRECTION('ref_axis',(0.,0.,-1.));
#15129=DIRECTION('',(1.,0.,0.));
#15130=DIRECTION('center_axis',(0.,0.,-1.));
#15131=DIRECTION('ref_axis',(1.,0.,0.));
#15132=DIRECTION('',(0.,-1.,0.));
#15133=DIRECTION('',(0.,-1.,0.));
#15134=DIRECTION('',(1.,0.,0.));
#15135=DIRECTION('center_axis',(1.,0.,0.));
#15136=DIRECTION('ref_axis',(0.,0.,1.));
#15137=DIRECTION('center_axis',(1.,0.,0.));
#15138=DIRECTION('ref_axis',(0.,0.,1.));
#15139=DIRECTION('center_axis',(1.,0.,0.));
#15140=DIRECTION('ref_axis',(0.,0.,1.));
#15141=DIRECTION('',(1.,0.,0.));
#15142=DIRECTION('center_axis',(0.,-1.,0.));
#15143=DIRECTION('ref_axis',(0.,0.,1.));
#15144=DIRECTION('',(0.,0.,1.));
#15145=DIRECTION('',(0.,0.,1.));
#15146=DIRECTION('center_axis',(-1.,0.,0.));
#15147=DIRECTION('ref_axis',(0.,0.,-1.));
#15148=DIRECTION('center_axis',(-1.,0.,0.));
#15149=DIRECTION('ref_axis',(0.,0.,-1.));
#15150=DIRECTION('center_axis',(0.,0.173648177666942,-0.984807753012206));
#15151=DIRECTION('ref_axis',(0.,-0.984807753012206,-0.173648177666942));
#15152=DIRECTION('',(0.,-0.984807753012206,-0.173648177666942));
#15153=DIRECTION('',(1.,0.,0.));
#15154=DIRECTION('',(0.,-0.984807753012206,-0.173648177666942));
#15155=DIRECTION('',(1.,0.,0.));
#15156=DIRECTION('center_axis',(0.,1.,0.));
#15157=DIRECTION('ref_axis',(0.,0.,-1.));
#15158=DIRECTION('',(0.,0.,-1.));
#15159=DIRECTION('',(0.,0.,-1.));
#15160=DIRECTION('',(1.,0.,0.));
#15161=DIRECTION('center_axis',(1.,0.,0.));
#15162=DIRECTION('ref_axis',(0.,0.,1.));
#15163=DIRECTION('center_axis',(-1.,0.,0.));
#15164=DIRECTION('ref_axis',(0.,0.,-1.));
#15165=DIRECTION('center_axis',(-1.,0.,0.));
#15166=DIRECTION('ref_axis',(0.,0.,-1.));
#15167=DIRECTION('',(1.,0.,0.));
#15168=DIRECTION('center_axis',(0.,0.,1.));
#15169=DIRECTION('ref_axis',(-1.,0.,0.));
#15170=DIRECTION('',(0.,1.,0.));
#15171=DIRECTION('',(0.,1.,0.));
#15172=DIRECTION('',(1.,0.,0.));
#15173=DIRECTION('center_axis',(1.,0.,0.));
#15174=DIRECTION('ref_axis',(0.,0.,1.));
#15175=DIRECTION('center_axis',(1.,0.,0.));
#15176=DIRECTION('ref_axis',(0.,0.,1.));
#15177=DIRECTION('center_axis',(1.,0.,0.));
#15178=DIRECTION('ref_axis',(0.,0.,1.));
#15179=DIRECTION('',(1.,0.,0.));
#15180=DIRECTION('center_axis',(0.,1.,0.));
#15181=DIRECTION('ref_axis',(0.,0.,-1.));
#15182=DIRECTION('',(0.,0.,-1.));
#15183=DIRECTION('',(0.,0.,-1.));
#15184=DIRECTION('',(1.,0.,0.));
#15185=DIRECTION('center_axis',(0.,0.,1.));
#15186=DIRECTION('ref_axis',(-1.,0.,0.));
#15187=DIRECTION('',(0.,1.,0.));
#15188=DIRECTION('',(0.,1.,0.));
#15189=DIRECTION('',(1.,0.,0.));
#15190=DIRECTION('center_axis',(0.,-1.,0.));
#15191=DIRECTION('ref_axis',(0.,0.,1.));
#15192=DIRECTION('',(0.,0.,1.));
#15193=DIRECTION('',(0.,0.,1.));
#15194=DIRECTION('',(1.,0.,0.));
#15195=DIRECTION('center_axis',(1.,0.,0.));
#15196=DIRECTION('ref_axis',(0.,0.,1.));
#15197=DIRECTION('center_axis',(-1.,0.,0.));
#15198=DIRECTION('ref_axis',(0.,0.,-1.));
#15199=DIRECTION('center_axis',(-1.,0.,0.));
#15200=DIRECTION('ref_axis',(0.,0.,-1.));
#15201=DIRECTION('',(1.,0.,0.));
#15202=DIRECTION('center_axis',(0.,0.,-1.));
#15203=DIRECTION('ref_axis',(1.,0.,0.));
#15204=DIRECTION('',(0.,-1.,0.));
#15205=DIRECTION('',(0.,-1.,0.));
#15206=DIRECTION('',(1.,0.,0.));
#15207=DIRECTION('center_axis',(1.,0.,0.));
#15208=DIRECTION('ref_axis',(0.,0.,1.));
#15209=DIRECTION('center_axis',(1.,0.,0.));
#15210=DIRECTION('ref_axis',(0.,0.,1.));
#15211=DIRECTION('center_axis',(1.,0.,0.));
#15212=DIRECTION('ref_axis',(0.,0.,1.));
#15213=DIRECTION('',(1.,0.,0.));
#15214=DIRECTION('center_axis',(0.,-1.,0.));
#15215=DIRECTION('ref_axis',(0.,0.,1.));
#15216=DIRECTION('',(0.,0.,1.));
#15217=DIRECTION('',(0.,0.,1.));
#15218=DIRECTION('center_axis',(-1.,0.,0.));
#15219=DIRECTION('ref_axis',(0.,0.,-1.));
#15220=DIRECTION('center_axis',(-1.,0.,0.));
#15221=DIRECTION('ref_axis',(0.,0.,-1.));
#15222=DIRECTION('center_axis',(0.,0.173648177666942,0.984807753012206));
#15223=DIRECTION('ref_axis',(0.,-0.984807753012206,0.173648177666942));
#15224=DIRECTION('',(0.,-0.984807753012206,0.173648177666942));
#15225=DIRECTION('',(1.,0.,0.));
#15226=DIRECTION('',(0.,-0.984807753012206,0.173648177666942));
#15227=DIRECTION('',(1.,0.,0.));
#15228=DIRECTION('center_axis',(0.,1.,0.));
#15229=DIRECTION('ref_axis',(0.,0.,1.));
#15230=DIRECTION('',(0.,0.,1.));
#15231=DIRECTION('',(1.,0.,0.));
#15232=DIRECTION('',(0.,0.,1.));
#15233=DIRECTION('center_axis',(1.,0.,0.));
#15234=DIRECTION('ref_axis',(0.,0.,-1.));
#15235=DIRECTION('center_axis',(1.,0.,0.));
#15236=DIRECTION('ref_axis',(0.,0.,1.));
#15237=DIRECTION('',(1.,0.,0.));
#15238=DIRECTION('center_axis',(1.,0.,0.));
#15239=DIRECTION('ref_axis',(0.,0.,1.));
#15240=DIRECTION('center_axis',(0.,0.,-1.));
#15241=DIRECTION('ref_axis',(-1.,0.,0.));
#15242=DIRECTION('',(0.,1.,0.));
#15243=DIRECTION('',(1.,0.,0.));
#15244=DIRECTION('',(0.,1.,0.));
#15245=DIRECTION('center_axis',(1.,0.,0.));
#15246=DIRECTION('ref_axis',(0.,0.,-1.));
#15247=DIRECTION('center_axis',(-1.,0.,0.));
#15248=DIRECTION('ref_axis',(0.,0.,-1.));
#15249=DIRECTION('',(1.,0.,0.));
#15250=DIRECTION('center_axis',(-1.,0.,0.));
#15251=DIRECTION('ref_axis',(0.,0.,-1.));
#15252=DIRECTION('center_axis',(0.,1.,0.));
#15253=DIRECTION('ref_axis',(0.,0.,1.));
#15254=DIRECTION('',(0.,0.,1.));
#15255=DIRECTION('',(1.,0.,0.));
#15256=DIRECTION('',(0.,0.,1.));
#15257=DIRECTION('center_axis',(0.,0.,-1.));
#15258=DIRECTION('ref_axis',(-1.,0.,0.));
#15259=DIRECTION('',(0.,1.,0.));
#15260=DIRECTION('',(1.,0.,0.));
#15261=DIRECTION('',(0.,1.,0.));
#15262=DIRECTION('center_axis',(0.,-1.,0.));
#15263=DIRECTION('ref_axis',(0.,0.,-1.));
#15264=DIRECTION('',(0.,0.,-1.));
#15265=DIRECTION('',(1.,0.,0.));
#15266=DIRECTION('',(0.,0.,-1.));
#15267=DIRECTION('center_axis',(1.,0.,0.));
#15268=DIRECTION('ref_axis',(0.,0.,-1.));
#15269=DIRECTION('center_axis',(1.,0.,0.));
#15270=DIRECTION('ref_axis',(0.,0.,1.));
#15271=DIRECTION('',(1.,0.,0.));
#15272=DIRECTION('center_axis',(1.,0.,0.));
#15273=DIRECTION('ref_axis',(0.,0.,1.));
#15274=DIRECTION('center_axis',(0.,0.,1.));
#15275=DIRECTION('ref_axis',(1.,0.,0.));
#15276=DIRECTION('',(0.,-1.,0.));
#15277=DIRECTION('',(1.,0.,0.));
#15278=DIRECTION('',(0.,-1.,0.));
#15279=DIRECTION('center_axis',(1.,0.,0.));
#15280=DIRECTION('ref_axis',(0.,0.,-1.));
#15281=DIRECTION('center_axis',(-1.,0.,0.));
#15282=DIRECTION('ref_axis',(0.,0.,-1.));
#15283=DIRECTION('',(1.,0.,0.));
#15284=DIRECTION('center_axis',(-1.,0.,0.));
#15285=DIRECTION('ref_axis',(0.,0.,-1.));
#15286=DIRECTION('center_axis',(0.,-1.,0.));
#15287=DIRECTION('ref_axis',(0.,0.,-1.));
#15288=DIRECTION('',(0.,0.,-1.));
#15289=DIRECTION('',(0.,0.,-1.));
#15290=DIRECTION('center_axis',(-1.,0.,0.));
#15291=DIRECTION('ref_axis',(0.,0.,1.));
#15292=DIRECTION('center_axis',(-1.,0.,0.));
#15293=DIRECTION('ref_axis',(0.,0.,1.));
#15294=DIRECTION('center_axis',(0.,0.173648177666942,-0.984807753012206));
#15295=DIRECTION('ref_axis',(0.,-0.984807753012206,-0.173648177666942));
#15296=DIRECTION('',(0.,-0.984807753012206,-0.173648177666942));
#15297=DIRECTION('',(1.,0.,0.));
#15298=DIRECTION('',(0.,-0.984807753012206,-0.173648177666942));
#15299=DIRECTION('',(1.,0.,0.));
#15300=DIRECTION('center_axis',(0.,1.,0.));
#15301=DIRECTION('ref_axis',(0.,0.,-1.));
#15302=DIRECTION('',(0.,0.,-1.));
#15303=DIRECTION('',(0.,0.,-1.));
#15304=DIRECTION('',(1.,0.,0.));
#15305=DIRECTION('center_axis',(1.,0.,0.));
#15306=DIRECTION('ref_axis',(0.,0.,1.));
#15307=DIRECTION('center_axis',(-1.,0.,0.));
#15308=DIRECTION('ref_axis',(0.,0.,-1.));
#15309=DIRECTION('center_axis',(-1.,0.,0.));
#15310=DIRECTION('ref_axis',(0.,0.,-1.));
#15311=DIRECTION('',(1.,0.,0.));
#15312=DIRECTION('center_axis',(0.,0.,1.));
#15313=DIRECTION('ref_axis',(-1.,0.,0.));
#15314=DIRECTION('',(0.,1.,0.));
#15315=DIRECTION('',(0.,1.,0.));
#15316=DIRECTION('',(1.,0.,0.));
#15317=DIRECTION('center_axis',(1.,0.,0.));
#15318=DIRECTION('ref_axis',(0.,0.,1.));
#15319=DIRECTION('center_axis',(1.,0.,0.));
#15320=DIRECTION('ref_axis',(0.,0.,1.));
#15321=DIRECTION('center_axis',(1.,0.,0.));
#15322=DIRECTION('ref_axis',(0.,0.,1.));
#15323=DIRECTION('',(1.,0.,0.));
#15324=DIRECTION('center_axis',(0.,1.,0.));
#15325=DIRECTION('ref_axis',(0.,0.,-1.));
#15326=DIRECTION('',(0.,0.,-1.));
#15327=DIRECTION('',(0.,0.,-1.));
#15328=DIRECTION('',(1.,0.,0.));
#15329=DIRECTION('center_axis',(0.,0.,1.));
#15330=DIRECTION('ref_axis',(-1.,0.,0.));
#15331=DIRECTION('',(0.,1.,0.));
#15332=DIRECTION('',(0.,1.,0.));
#15333=DIRECTION('',(1.,0.,0.));
#15334=DIRECTION('center_axis',(0.,-1.,0.));
#15335=DIRECTION('ref_axis',(0.,0.,1.));
#15336=DIRECTION('',(0.,0.,1.));
#15337=DIRECTION('',(0.,0.,1.));
#15338=DIRECTION('',(1.,0.,0.));
#15339=DIRECTION('center_axis',(1.,0.,0.));
#15340=DIRECTION('ref_axis',(0.,0.,1.));
#15341=DIRECTION('center_axis',(-1.,0.,0.));
#15342=DIRECTION('ref_axis',(0.,0.,-1.));
#15343=DIRECTION('center_axis',(-1.,0.,0.));
#15344=DIRECTION('ref_axis',(0.,0.,-1.));
#15345=DIRECTION('',(1.,0.,0.));
#15346=DIRECTION('center_axis',(0.,0.,-1.));
#15347=DIRECTION('ref_axis',(1.,0.,0.));
#15348=DIRECTION('',(0.,-1.,0.));
#15349=DIRECTION('',(0.,-1.,0.));
#15350=DIRECTION('',(1.,0.,0.));
#15351=DIRECTION('center_axis',(1.,0.,0.));
#15352=DIRECTION('ref_axis',(0.,0.,1.));
#15353=DIRECTION('center_axis',(1.,0.,0.));
#15354=DIRECTION('ref_axis',(0.,0.,1.));
#15355=DIRECTION('center_axis',(1.,0.,0.));
#15356=DIRECTION('ref_axis',(0.,0.,1.));
#15357=DIRECTION('',(1.,0.,0.));
#15358=DIRECTION('center_axis',(0.,-1.,0.));
#15359=DIRECTION('ref_axis',(0.,0.,1.));
#15360=DIRECTION('',(0.,0.,1.));
#15361=DIRECTION('',(0.,0.,1.));
#15362=DIRECTION('center_axis',(-1.,0.,0.));
#15363=DIRECTION('ref_axis',(0.,0.,-1.));
#15364=DIRECTION('center_axis',(-1.,0.,0.));
#15365=DIRECTION('ref_axis',(0.,0.,-1.));
#15366=DIRECTION('center_axis',(0.,0.173648177666942,-0.984807753012206));
#15367=DIRECTION('ref_axis',(0.,-0.984807753012206,-0.173648177666942));
#15368=DIRECTION('',(0.,-0.984807753012206,-0.173648177666942));
#15369=DIRECTION('',(1.,0.,0.));
#15370=DIRECTION('',(0.,-0.984807753012206,-0.173648177666942));
#15371=DIRECTION('',(1.,0.,0.));
#15372=DIRECTION('center_axis',(0.,1.,0.));
#15373=DIRECTION('ref_axis',(0.,0.,-1.));
#15374=DIRECTION('',(0.,0.,-1.));
#15375=DIRECTION('',(0.,0.,-1.));
#15376=DIRECTION('',(1.,0.,0.));
#15377=DIRECTION('center_axis',(1.,0.,0.));
#15378=DIRECTION('ref_axis',(0.,0.,1.));
#15379=DIRECTION('center_axis',(-1.,0.,0.));
#15380=DIRECTION('ref_axis',(0.,0.,-1.));
#15381=DIRECTION('center_axis',(-1.,0.,0.));
#15382=DIRECTION('ref_axis',(0.,0.,-1.));
#15383=DIRECTION('',(1.,0.,0.));
#15384=DIRECTION('center_axis',(0.,0.,1.));
#15385=DIRECTION('ref_axis',(-1.,0.,0.));
#15386=DIRECTION('',(0.,1.,0.));
#15387=DIRECTION('',(0.,1.,0.));
#15388=DIRECTION('',(1.,0.,0.));
#15389=DIRECTION('center_axis',(1.,0.,0.));
#15390=DIRECTION('ref_axis',(0.,0.,1.));
#15391=DIRECTION('center_axis',(1.,0.,0.));
#15392=DIRECTION('ref_axis',(0.,0.,1.));
#15393=DIRECTION('center_axis',(1.,0.,0.));
#15394=DIRECTION('ref_axis',(0.,0.,1.));
#15395=DIRECTION('',(1.,0.,0.));
#15396=DIRECTION('center_axis',(0.,1.,0.));
#15397=DIRECTION('ref_axis',(0.,0.,-1.));
#15398=DIRECTION('',(0.,0.,-1.));
#15399=DIRECTION('',(0.,0.,-1.));
#15400=DIRECTION('',(1.,0.,0.));
#15401=DIRECTION('center_axis',(0.,0.,1.));
#15402=DIRECTION('ref_axis',(-1.,0.,0.));
#15403=DIRECTION('',(0.,1.,0.));
#15404=DIRECTION('',(0.,1.,0.));
#15405=DIRECTION('',(1.,0.,0.));
#15406=DIRECTION('center_axis',(0.,-1.,0.));
#15407=DIRECTION('ref_axis',(0.,0.,1.));
#15408=DIRECTION('',(0.,0.,1.));
#15409=DIRECTION('',(0.,0.,1.));
#15410=DIRECTION('',(1.,0.,0.));
#15411=DIRECTION('center_axis',(1.,0.,0.));
#15412=DIRECTION('ref_axis',(0.,0.,1.));
#15413=DIRECTION('center_axis',(-1.,0.,0.));
#15414=DIRECTION('ref_axis',(0.,0.,-1.));
#15415=DIRECTION('center_axis',(-1.,0.,0.));
#15416=DIRECTION('ref_axis',(0.,0.,-1.));
#15417=DIRECTION('',(1.,0.,0.));
#15418=DIRECTION('center_axis',(0.,0.,-1.));
#15419=DIRECTION('ref_axis',(1.,0.,0.));
#15420=DIRECTION('',(0.,-1.,0.));
#15421=DIRECTION('',(0.,-1.,0.));
#15422=DIRECTION('',(1.,0.,0.));
#15423=DIRECTION('center_axis',(1.,0.,0.));
#15424=DIRECTION('ref_axis',(0.,0.,1.));
#15425=DIRECTION('center_axis',(1.,0.,0.));
#15426=DIRECTION('ref_axis',(0.,0.,1.));
#15427=DIRECTION('center_axis',(1.,0.,0.));
#15428=DIRECTION('ref_axis',(0.,0.,1.));
#15429=DIRECTION('',(1.,0.,0.));
#15430=DIRECTION('center_axis',(0.,-1.,0.));
#15431=DIRECTION('ref_axis',(0.,0.,1.));
#15432=DIRECTION('',(0.,0.,1.));
#15433=DIRECTION('',(0.,0.,1.));
#15434=DIRECTION('center_axis',(-1.,0.,0.));
#15435=DIRECTION('ref_axis',(0.,0.,-1.));
#15436=DIRECTION('center_axis',(-1.,0.,0.));
#15437=DIRECTION('ref_axis',(0.,0.,-1.));
#15438=DIRECTION('center_axis',(0.,0.173648177666942,0.984807753012206));
#15439=DIRECTION('ref_axis',(0.,-0.984807753012206,0.173648177666942));
#15440=DIRECTION('',(0.,-0.984807753012206,0.173648177666942));
#15441=DIRECTION('',(1.,0.,0.));
#15442=DIRECTION('',(0.,-0.984807753012206,0.173648177666942));
#15443=DIRECTION('',(1.,0.,0.));
#15444=DIRECTION('center_axis',(0.,1.,0.));
#15445=DIRECTION('ref_axis',(0.,0.,1.));
#15446=DIRECTION('',(0.,0.,1.));
#15447=DIRECTION('',(1.,0.,0.));
#15448=DIRECTION('',(0.,0.,1.));
#15449=DIRECTION('center_axis',(1.,0.,0.));
#15450=DIRECTION('ref_axis',(0.,0.,-1.));
#15451=DIRECTION('center_axis',(1.,0.,0.));
#15452=DIRECTION('ref_axis',(0.,0.,1.));
#15453=DIRECTION('',(1.,0.,0.));
#15454=DIRECTION('center_axis',(1.,0.,0.));
#15455=DIRECTION('ref_axis',(0.,0.,1.));
#15456=DIRECTION('center_axis',(0.,0.,-1.));
#15457=DIRECTION('ref_axis',(-1.,0.,0.));
#15458=DIRECTION('',(0.,1.,0.));
#15459=DIRECTION('',(1.,0.,0.));
#15460=DIRECTION('',(0.,1.,0.));
#15461=DIRECTION('center_axis',(1.,0.,0.));
#15462=DIRECTION('ref_axis',(0.,0.,-1.));
#15463=DIRECTION('center_axis',(-1.,0.,0.));
#15464=DIRECTION('ref_axis',(0.,0.,-1.));
#15465=DIRECTION('',(1.,0.,0.));
#15466=DIRECTION('center_axis',(-1.,0.,0.));
#15467=DIRECTION('ref_axis',(0.,0.,-1.));
#15468=DIRECTION('center_axis',(0.,1.,0.));
#15469=DIRECTION('ref_axis',(0.,0.,1.));
#15470=DIRECTION('',(0.,0.,1.));
#15471=DIRECTION('',(1.,0.,0.));
#15472=DIRECTION('',(0.,0.,1.));
#15473=DIRECTION('center_axis',(0.,0.,-1.));
#15474=DIRECTION('ref_axis',(-1.,0.,0.));
#15475=DIRECTION('',(0.,1.,0.));
#15476=DIRECTION('',(1.,0.,0.));
#15477=DIRECTION('',(0.,1.,0.));
#15478=DIRECTION('center_axis',(0.,-1.,0.));
#15479=DIRECTION('ref_axis',(0.,0.,-1.));
#15480=DIRECTION('',(0.,0.,-1.));
#15481=DIRECTION('',(1.,0.,0.));
#15482=DIRECTION('',(0.,0.,-1.));
#15483=DIRECTION('center_axis',(1.,0.,0.));
#15484=DIRECTION('ref_axis',(0.,0.,-1.));
#15485=DIRECTION('center_axis',(1.,0.,0.));
#15486=DIRECTION('ref_axis',(0.,0.,1.));
#15487=DIRECTION('',(1.,0.,0.));
#15488=DIRECTION('center_axis',(1.,0.,0.));
#15489=DIRECTION('ref_axis',(0.,0.,1.));
#15490=DIRECTION('center_axis',(0.,0.,1.));
#15491=DIRECTION('ref_axis',(1.,0.,0.));
#15492=DIRECTION('',(0.,-1.,0.));
#15493=DIRECTION('',(1.,0.,0.));
#15494=DIRECTION('',(0.,-1.,0.));
#15495=DIRECTION('center_axis',(1.,0.,0.));
#15496=DIRECTION('ref_axis',(0.,0.,-1.));
#15497=DIRECTION('center_axis',(-1.,0.,0.));
#15498=DIRECTION('ref_axis',(0.,0.,-1.));
#15499=DIRECTION('',(1.,0.,0.));
#15500=DIRECTION('center_axis',(-1.,0.,0.));
#15501=DIRECTION('ref_axis',(0.,0.,-1.));
#15502=DIRECTION('center_axis',(0.,-1.,0.));
#15503=DIRECTION('ref_axis',(0.,0.,-1.));
#15504=DIRECTION('',(0.,0.,-1.));
#15505=DIRECTION('',(0.,0.,-1.));
#15506=DIRECTION('center_axis',(-1.,0.,0.));
#15507=DIRECTION('ref_axis',(0.,0.,1.));
#15508=DIRECTION('center_axis',(-1.,0.,0.));
#15509=DIRECTION('ref_axis',(0.,0.,1.));
#15510=DIRECTION('center_axis',(0.,1.,0.));
#15511=DIRECTION('ref_axis',(0.,0.,-1.));
#15512=DIRECTION('',(0.,0.,1.));
#15513=DIRECTION('',(1.,0.,0.));
#15514=DIRECTION('',(0.,0.,-1.));
#15515=DIRECTION('',(-1.,0.,0.));
#15516=DIRECTION('center_axis',(0.,1.,0.));
#15517=DIRECTION('ref_axis',(0.,0.,-1.));
#15518=DIRECTION('',(-1.,0.,0.));
#15519=DIRECTION('',(0.,0.,-1.));
#15520=DIRECTION('',(1.,0.,0.));
#15521=DIRECTION('',(0.,0.,1.));
#15522=DIRECTION('center_axis',(0.,0.173648177666925,-0.984807753012209));
#15523=DIRECTION('ref_axis',(-1.,0.,0.));
#15524=DIRECTION('',(0.17108786974603,0.970287525247816,0.17108786974603));
#15525=DIRECTION('',(0.17108786974603,-0.970287525247816,-0.17108786974603));
#15526=DIRECTION('',(-1.,0.,0.));
#15527=DIRECTION('center_axis',(0.984807753012209,0.173648177666925,0.));
#15528=DIRECTION('ref_axis',(0.,0.,-1.));
#15529=DIRECTION('',(0.17108786974603,-0.970287525247816,0.17108786974603));
#15530=DIRECTION('',(0.,0.,-1.));
#15531=DIRECTION('center_axis',(-0.984807753012209,0.173648177666925,0.));
#15532=DIRECTION('ref_axis',(0.,0.,1.));
#15533=DIRECTION('',(0.,0.,1.));
#15534=DIRECTION('',(0.17108786974603,0.970287525247816,-0.17108786974603));
#15535=DIRECTION('center_axis',(0.,0.173648177666925,0.984807753012209));
#15536=DIRECTION('ref_axis',(1.,0.,0.));
#15537=DIRECTION('',(1.,0.,0.));
#15538=DIRECTION('center_axis',(-0.984807753012208,0.17364817766693,0.));
#15539=DIRECTION('ref_axis',(0.,0.,1.));
#15540=DIRECTION('',(0.171087869746035,0.970287525247815,-0.171087869746031));
#15541=DIRECTION('',(-0.171087869746035,-0.970287525247815,-0.171087869746031));
#15542=DIRECTION('center_axis',(0.,0.173648177666926,-0.984807753012209));
#15543=DIRECTION('ref_axis',(-1.,0.,0.));
#15544=DIRECTION('',(0.171087869746035,-0.970287525247815,-0.171087869746031));
#15545=DIRECTION('center_axis',(0.,0.173648177666926,0.984807753012209));
#15546=DIRECTION('ref_axis',(1.,0.,0.));
#15547=DIRECTION('',(-0.171087869746035,0.970287525247815,-0.171087869746031));
#15548=DIRECTION('center_axis',(0.984807753012208,0.17364817766693,0.));
#15549=DIRECTION('ref_axis',(0.,0.,-1.));
#15550=DIRECTION('center_axis',(0.,-1.,0.));
#15551=DIRECTION('ref_axis',(0.,0.,-1.));
#15552=DIRECTION('center_axis',(0.,1.,0.));
#15553=DIRECTION('ref_axis',(0.,0.,1.));
#15554=DIRECTION('',(0.,-1.,0.));
#15555=DIRECTION('center_axis',(0.,1.,0.));
#15556=DIRECTION('ref_axis',(0.,0.,1.));
#15557=DIRECTION('center_axis',(0.,-1.,0.));
#15558=DIRECTION('ref_axis',(0.,0.,-1.));
#15559=DIRECTION('center_axis',(0.,1.,0.));
#15560=DIRECTION('ref_axis',(0.,0.,1.));
#15561=DIRECTION('',(0.,1.,0.));
#15562=DIRECTION('center_axis',(0.,1.,0.));
#15563=DIRECTION('ref_axis',(0.,0.,1.));
#15564=DIRECTION('center_axis',(0.,1.,0.));
#15565=DIRECTION('ref_axis',(0.,0.,1.));
#15566=DIRECTION('center_axis',(0.,1.,0.));
#15567=DIRECTION('ref_axis',(0.,0.,1.));
#15568=DIRECTION('center_axis',(0.,-1.,0.));
#15569=DIRECTION('ref_axis',(0.,0.,-1.));
#15570=DIRECTION('center_axis',(0.,1.,0.));
#15571=DIRECTION('ref_axis',(0.,0.,1.));
#15572=DIRECTION('',(0.,-1.,0.));
#15573=DIRECTION('center_axis',(0.,1.,0.));
#15574=DIRECTION('ref_axis',(0.,0.,1.));
#15575=DIRECTION('center_axis',(0.,-1.,0.));
#15576=DIRECTION('ref_axis',(0.,0.,-1.));
#15577=DIRECTION('center_axis',(0.,1.,0.));
#15578=DIRECTION('ref_axis',(0.,0.,1.));
#15579=DIRECTION('',(0.,1.,0.));
#15580=DIRECTION('center_axis',(0.,1.,0.));
#15581=DIRECTION('ref_axis',(0.,0.,1.));
#15582=DIRECTION('center_axis',(0.,1.,0.));
#15583=DIRECTION('ref_axis',(0.,0.,1.));
#15584=DIRECTION('center_axis',(0.,1.,0.));
#15585=DIRECTION('ref_axis',(0.,0.,1.));
#15586=DIRECTION('center_axis',(0.,-1.,0.));
#15587=DIRECTION('ref_axis',(0.,0.,-1.));
#15588=DIRECTION('center_axis',(0.,1.,0.));
#15589=DIRECTION('ref_axis',(0.,0.,1.));
#15590=DIRECTION('',(0.,-1.,0.));
#15591=DIRECTION('center_axis',(0.,1.,0.));
#15592=DIRECTION('ref_axis',(0.,0.,1.));
#15593=DIRECTION('center_axis',(0.,-1.,0.));
#15594=DIRECTION('ref_axis',(0.,0.,-1.));
#15595=DIRECTION('center_axis',(0.,1.,0.));
#15596=DIRECTION('ref_axis',(0.,0.,1.));
#15597=DIRECTION('',(0.,1.,0.));
#15598=DIRECTION('center_axis',(0.,1.,0.));
#15599=DIRECTION('ref_axis',(0.,0.,1.));
#15600=DIRECTION('center_axis',(0.,1.,0.));
#15601=DIRECTION('ref_axis',(0.,0.,1.));
#15602=DIRECTION('center_axis',(0.,1.,0.));
#15603=DIRECTION('ref_axis',(0.,0.,1.));
#15604=DIRECTION('center_axis',(0.,-1.,0.));
#15605=DIRECTION('ref_axis',(0.,0.,-1.));
#15606=DIRECTION('center_axis',(0.,1.,0.));
#15607=DIRECTION('ref_axis',(0.,0.,1.));
#15608=DIRECTION('',(0.,-1.,0.));
#15609=DIRECTION('center_axis',(0.,1.,0.));
#15610=DIRECTION('ref_axis',(0.,0.,1.));
#15611=DIRECTION('center_axis',(0.,-1.,0.));
#15612=DIRECTION('ref_axis',(0.,0.,-1.));
#15613=DIRECTION('center_axis',(0.,1.,0.));
#15614=DIRECTION('ref_axis',(0.,0.,1.));
#15615=DIRECTION('',(0.,1.,0.));
#15616=DIRECTION('center_axis',(0.,1.,0.));
#15617=DIRECTION('ref_axis',(0.,0.,1.));
#15618=DIRECTION('center_axis',(0.,1.,0.));
#15619=DIRECTION('ref_axis',(0.,0.,1.));
#15620=DIRECTION('center_axis',(0.,1.,0.));
#15621=DIRECTION('ref_axis',(0.,0.,1.));
#15622=DIRECTION('center_axis',(0.,-1.,0.));
#15623=DIRECTION('ref_axis',(0.,0.,-1.));
#15624=DIRECTION('center_axis',(0.,1.,0.));
#15625=DIRECTION('ref_axis',(0.,0.,1.));
#15626=DIRECTION('',(0.,-1.,0.));
#15627=DIRECTION('center_axis',(0.,1.,0.));
#15628=DIRECTION('ref_axis',(0.,0.,1.));
#15629=DIRECTION('center_axis',(0.,-1.,0.));
#15630=DIRECTION('ref_axis',(0.,0.,-1.));
#15631=DIRECTION('center_axis',(0.,1.,0.));
#15632=DIRECTION('ref_axis',(0.,0.,1.));
#15633=DIRECTION('',(0.,1.,0.));
#15634=DIRECTION('center_axis',(0.,1.,0.));
#15635=DIRECTION('ref_axis',(0.,0.,1.));
#15636=DIRECTION('center_axis',(0.,1.,0.));
#15637=DIRECTION('ref_axis',(0.,0.,1.));
#15638=DIRECTION('center_axis',(0.,1.,0.));
#15639=DIRECTION('ref_axis',(0.,0.,1.));
#15640=DIRECTION('center_axis',(0.,-1.,0.));
#15641=DIRECTION('ref_axis',(0.,0.,-1.));
#15642=DIRECTION('center_axis',(0.,1.,0.));
#15643=DIRECTION('ref_axis',(0.,0.,1.));
#15644=DIRECTION('',(0.,-1.,0.));
#15645=DIRECTION('center_axis',(0.,1.,0.));
#15646=DIRECTION('ref_axis',(0.,0.,1.));
#15647=DIRECTION('center_axis',(0.,-1.,0.));
#15648=DIRECTION('ref_axis',(0.,0.,-1.));
#15649=DIRECTION('center_axis',(0.,1.,0.));
#15650=DIRECTION('ref_axis',(0.,0.,1.));
#15651=DIRECTION('',(0.,1.,0.));
#15652=DIRECTION('center_axis',(0.,1.,0.));
#15653=DIRECTION('ref_axis',(0.,0.,1.));
#15654=DIRECTION('center_axis',(0.,1.,0.));
#15655=DIRECTION('ref_axis',(0.,0.,1.));
#15656=DIRECTION('center_axis',(0.,1.,0.));
#15657=DIRECTION('ref_axis',(0.,0.,1.));
#15658=DIRECTION('center_axis',(0.,-1.,0.));
#15659=DIRECTION('ref_axis',(0.,0.,-1.));
#15660=DIRECTION('center_axis',(0.,1.,0.));
#15661=DIRECTION('ref_axis',(0.,0.,1.));
#15662=DIRECTION('',(0.,-1.,0.));
#15663=DIRECTION('center_axis',(0.,1.,0.));
#15664=DIRECTION('ref_axis',(0.,0.,1.));
#15665=DIRECTION('center_axis',(0.,-1.,0.));
#15666=DIRECTION('ref_axis',(0.,0.,-1.));
#15667=DIRECTION('center_axis',(0.,1.,0.));
#15668=DIRECTION('ref_axis',(0.,0.,1.));
#15669=DIRECTION('',(0.,1.,0.));
#15670=DIRECTION('center_axis',(0.,1.,0.));
#15671=DIRECTION('ref_axis',(0.,0.,1.));
#15672=DIRECTION('center_axis',(0.,1.,0.));
#15673=DIRECTION('ref_axis',(0.,0.,1.));
#15674=DIRECTION('center_axis',(0.,1.,0.));
#15675=DIRECTION('ref_axis',(0.,0.,1.));
#15676=DIRECTION('center_axis',(0.,-1.,0.));
#15677=DIRECTION('ref_axis',(0.,0.,-1.));
#15678=DIRECTION('center_axis',(0.,1.,0.));
#15679=DIRECTION('ref_axis',(0.,0.,1.));
#15680=DIRECTION('',(0.,-1.,0.));
#15681=DIRECTION('center_axis',(0.,1.,0.));
#15682=DIRECTION('ref_axis',(0.,0.,1.));
#15683=DIRECTION('center_axis',(0.,-1.,0.));
#15684=DIRECTION('ref_axis',(0.,0.,-1.));
#15685=DIRECTION('center_axis',(0.,1.,0.));
#15686=DIRECTION('ref_axis',(0.,0.,1.));
#15687=DIRECTION('',(0.,1.,0.));
#15688=DIRECTION('center_axis',(0.,1.,0.));
#15689=DIRECTION('ref_axis',(0.,0.,1.));
#15690=DIRECTION('center_axis',(0.,1.,0.));
#15691=DIRECTION('ref_axis',(0.,0.,1.));
#15692=DIRECTION('center_axis',(0.,1.,0.));
#15693=DIRECTION('ref_axis',(0.,0.,1.));
#15694=DIRECTION('center_axis',(0.,-1.,0.));
#15695=DIRECTION('ref_axis',(0.,0.,-1.));
#15696=DIRECTION('center_axis',(0.,1.,0.));
#15697=DIRECTION('ref_axis',(0.,0.,1.));
#15698=DIRECTION('',(0.,-1.,0.));
#15699=DIRECTION('center_axis',(0.,1.,0.));
#15700=DIRECTION('ref_axis',(0.,0.,1.));
#15701=DIRECTION('center_axis',(0.,-1.,0.));
#15702=DIRECTION('ref_axis',(0.,0.,-1.));
#15703=DIRECTION('center_axis',(0.,1.,0.));
#15704=DIRECTION('ref_axis',(0.,0.,1.));
#15705=DIRECTION('',(0.,1.,0.));
#15706=DIRECTION('center_axis',(0.,1.,0.));
#15707=DIRECTION('ref_axis',(0.,0.,1.));
#15708=DIRECTION('center_axis',(0.,1.,0.));
#15709=DIRECTION('ref_axis',(0.,0.,1.));
#15710=DIRECTION('center_axis',(0.,1.,0.));
#15711=DIRECTION('ref_axis',(0.,0.,1.));
#15712=DIRECTION('center_axis',(0.,-1.,0.));
#15713=DIRECTION('ref_axis',(0.,0.,-1.));
#15714=DIRECTION('center_axis',(0.,1.,0.));
#15715=DIRECTION('ref_axis',(0.,0.,1.));
#15716=DIRECTION('',(0.,-1.,0.));
#15717=DIRECTION('center_axis',(0.,1.,0.));
#15718=DIRECTION('ref_axis',(0.,0.,1.));
#15719=DIRECTION('center_axis',(0.,-1.,0.));
#15720=DIRECTION('ref_axis',(0.,0.,-1.));
#15721=DIRECTION('center_axis',(0.,1.,0.));
#15722=DIRECTION('ref_axis',(0.,0.,1.));
#15723=DIRECTION('',(0.,1.,0.));
#15724=DIRECTION('center_axis',(0.,1.,0.));
#15725=DIRECTION('ref_axis',(0.,0.,1.));
#15726=DIRECTION('center_axis',(0.,1.,0.));
#15727=DIRECTION('ref_axis',(0.,0.,1.));
#15728=DIRECTION('center_axis',(0.,1.,0.));
#15729=DIRECTION('ref_axis',(0.,0.,1.));
#15730=DIRECTION('center_axis',(0.,-1.,0.));
#15731=DIRECTION('ref_axis',(0.,0.,-1.));
#15732=DIRECTION('center_axis',(0.,1.,0.));
#15733=DIRECTION('ref_axis',(0.,0.,1.));
#15734=DIRECTION('',(0.,-1.,0.));
#15735=DIRECTION('center_axis',(0.,1.,0.));
#15736=DIRECTION('ref_axis',(0.,0.,1.));
#15737=DIRECTION('center_axis',(0.,-1.,0.));
#15738=DIRECTION('ref_axis',(0.,0.,-1.));
#15739=DIRECTION('center_axis',(0.,1.,0.));
#15740=DIRECTION('ref_axis',(0.,0.,1.));
#15741=DIRECTION('',(0.,1.,0.));
#15742=DIRECTION('center_axis',(0.,1.,0.));
#15743=DIRECTION('ref_axis',(0.,0.,1.));
#15744=DIRECTION('center_axis',(0.,1.,0.));
#15745=DIRECTION('ref_axis',(0.,0.,1.));
#15746=DIRECTION('center_axis',(0.,1.,0.));
#15747=DIRECTION('ref_axis',(0.,0.,1.));
#15748=DIRECTION('center_axis',(0.,-1.,0.));
#15749=DIRECTION('ref_axis',(0.,0.,-1.));
#15750=DIRECTION('center_axis',(0.,1.,0.));
#15751=DIRECTION('ref_axis',(0.,0.,1.));
#15752=DIRECTION('',(0.,-1.,0.));
#15753=DIRECTION('center_axis',(0.,1.,0.));
#15754=DIRECTION('ref_axis',(0.,0.,1.));
#15755=DIRECTION('center_axis',(0.,-1.,0.));
#15756=DIRECTION('ref_axis',(0.,0.,-1.));
#15757=DIRECTION('center_axis',(0.,1.,0.));
#15758=DIRECTION('ref_axis',(0.,0.,1.));
#15759=DIRECTION('',(0.,1.,0.));
#15760=DIRECTION('center_axis',(0.,1.,0.));
#15761=DIRECTION('ref_axis',(0.,0.,1.));
#15762=DIRECTION('center_axis',(0.,1.,0.));
#15763=DIRECTION('ref_axis',(0.,0.,1.));
#15764=DIRECTION('center_axis',(0.,1.,0.));
#15765=DIRECTION('ref_axis',(0.,0.,1.));
#15766=DIRECTION('center_axis',(0.,-1.,0.));
#15767=DIRECTION('ref_axis',(0.,0.,-1.));
#15768=DIRECTION('center_axis',(0.,1.,0.));
#15769=DIRECTION('ref_axis',(0.,0.,1.));
#15770=DIRECTION('',(0.,-1.,0.));
#15771=DIRECTION('center_axis',(0.,1.,0.));
#15772=DIRECTION('ref_axis',(0.,0.,1.));
#15773=DIRECTION('center_axis',(0.,-1.,0.));
#15774=DIRECTION('ref_axis',(0.,0.,-1.));
#15775=DIRECTION('center_axis',(0.,1.,0.));
#15776=DIRECTION('ref_axis',(0.,0.,1.));
#15777=DIRECTION('',(0.,1.,0.));
#15778=DIRECTION('center_axis',(0.,1.,0.));
#15779=DIRECTION('ref_axis',(0.,0.,1.));
#15780=DIRECTION('center_axis',(0.,1.,0.));
#15781=DIRECTION('ref_axis',(0.,0.,1.));
#15782=DIRECTION('center_axis',(0.,1.,0.));
#15783=DIRECTION('ref_axis',(0.,0.,1.));
#15784=DIRECTION('center_axis',(0.,-1.,0.));
#15785=DIRECTION('ref_axis',(0.,0.,-1.));
#15786=DIRECTION('center_axis',(0.,1.,0.));
#15787=DIRECTION('ref_axis',(0.,0.,1.));
#15788=DIRECTION('',(0.,-1.,0.));
#15789=DIRECTION('center_axis',(0.,1.,0.));
#15790=DIRECTION('ref_axis',(0.,0.,1.));
#15791=DIRECTION('center_axis',(0.,-1.,0.));
#15792=DIRECTION('ref_axis',(0.,0.,-1.));
#15793=DIRECTION('center_axis',(0.,1.,0.));
#15794=DIRECTION('ref_axis',(0.,0.,1.));
#15795=DIRECTION('',(0.,1.,0.));
#15796=DIRECTION('center_axis',(0.,1.,0.));
#15797=DIRECTION('ref_axis',(0.,0.,1.));
#15798=DIRECTION('center_axis',(0.,1.,0.));
#15799=DIRECTION('ref_axis',(0.,0.,1.));
#15800=DIRECTION('center_axis',(0.,1.,0.));
#15801=DIRECTION('ref_axis',(0.,0.,1.));
#15802=DIRECTION('center_axis',(0.,-1.,0.));
#15803=DIRECTION('ref_axis',(0.,0.,-1.));
#15804=DIRECTION('center_axis',(0.,1.,0.));
#15805=DIRECTION('ref_axis',(0.,0.,1.));
#15806=DIRECTION('',(0.,1.,0.));
#15807=DIRECTION('center_axis',(0.,1.,0.));
#15808=DIRECTION('ref_axis',(0.,0.,1.));
#15809=DIRECTION('center_axis',(0.,1.,0.));
#15810=DIRECTION('ref_axis',(0.,0.,1.));
#15811=DIRECTION('center_axis',(0.,1.,0.));
#15812=DIRECTION('ref_axis',(0.,0.,1.));
#15813=DIRECTION('center_axis',(0.,-1.,0.));
#15814=DIRECTION('ref_axis',(0.,0.,-1.));
#15815=DIRECTION('center_axis',(0.,1.,0.));
#15816=DIRECTION('ref_axis',(0.,0.,1.));
#15817=DIRECTION('',(0.,1.,0.));
#15818=DIRECTION('center_axis',(0.,1.,0.));
#15819=DIRECTION('ref_axis',(0.,0.,1.));
#15820=DIRECTION('center_axis',(0.,1.,0.));
#15821=DIRECTION('ref_axis',(0.,0.,1.));
#15822=DIRECTION('center_axis',(0.,1.,0.));
#15823=DIRECTION('ref_axis',(0.,0.,1.));
#15824=DIRECTION('center_axis',(0.,1.,0.));
#15825=DIRECTION('ref_axis',(0.,0.,-1.));
#15826=DIRECTION('center_axis',(0.,1.,0.));
#15827=DIRECTION('ref_axis',(0.,0.,1.));
#15828=DIRECTION('',(0.,1.,0.));
#15829=DIRECTION('center_axis',(0.,1.,0.));
#15830=DIRECTION('ref_axis',(0.,0.,1.));
#15831=DIRECTION('center_axis',(0.,1.,0.));
#15832=DIRECTION('ref_axis',(0.,0.,-1.));
#15833=DIRECTION('center_axis',(0.,1.,0.));
#15834=DIRECTION('ref_axis',(0.,0.,1.));
#15835=DIRECTION('',(0.,-1.,0.));
#15836=DIRECTION('center_axis',(0.,1.,0.));
#15837=DIRECTION('ref_axis',(0.,0.,1.));
#15838=DIRECTION('center_axis',(0.,-1.,0.));
#15839=DIRECTION('ref_axis',(0.,0.,1.));
#15840=DIRECTION('center_axis',(0.,-1.,0.));
#15841=DIRECTION('ref_axis',(0.,0.,1.));
#15842=DIRECTION('center_axis',(0.,1.,0.));
#15843=DIRECTION('ref_axis',(0.,0.,-1.));
#15844=DIRECTION('center_axis',(0.,1.,0.));
#15845=DIRECTION('ref_axis',(0.,0.,1.));
#15846=DIRECTION('',(0.,1.,0.));
#15847=DIRECTION('center_axis',(0.,1.,0.));
#15848=DIRECTION('ref_axis',(0.,0.,1.));
#15849=DIRECTION('center_axis',(0.,1.,0.));
#15850=DIRECTION('ref_axis',(0.,0.,-1.));
#15851=DIRECTION('center_axis',(0.,1.,0.));
#15852=DIRECTION('ref_axis',(0.,0.,1.));
#15853=DIRECTION('',(0.,-1.,0.));
#15854=DIRECTION('center_axis',(0.,1.,0.));
#15855=DIRECTION('ref_axis',(0.,0.,1.));
#15856=DIRECTION('center_axis',(0.,-1.,0.));
#15857=DIRECTION('ref_axis',(0.,0.,1.));
#15858=DIRECTION('center_axis',(0.,-1.,0.));
#15859=DIRECTION('ref_axis',(0.,0.,1.));
#15860=DIRECTION('center_axis',(0.,1.,0.));
#15861=DIRECTION('ref_axis',(0.,0.,-1.));
#15862=DIRECTION('center_axis',(0.,1.,0.));
#15863=DIRECTION('ref_axis',(0.,0.,1.));
#15864=DIRECTION('',(0.,1.,0.));
#15865=DIRECTION('center_axis',(0.,1.,0.));
#15866=DIRECTION('ref_axis',(0.,0.,1.));
#15867=DIRECTION('center_axis',(0.,1.,0.));
#15868=DIRECTION('ref_axis',(0.,0.,-1.));
#15869=DIRECTION('center_axis',(0.,1.,0.));
#15870=DIRECTION('ref_axis',(0.,0.,1.));
#15871=DIRECTION('',(0.,-1.,0.));
#15872=DIRECTION('center_axis',(0.,1.,0.));
#15873=DIRECTION('ref_axis',(0.,0.,1.));
#15874=DIRECTION('center_axis',(0.,-1.,0.));
#15875=DIRECTION('ref_axis',(0.,0.,1.));
#15876=DIRECTION('center_axis',(0.,-1.,0.));
#15877=DIRECTION('ref_axis',(0.,0.,1.));
#15878=DIRECTION('center_axis',(0.,1.,0.));
#15879=DIRECTION('ref_axis',(0.,0.,-1.));
#15880=DIRECTION('center_axis',(0.,1.,0.));
#15881=DIRECTION('ref_axis',(0.,0.,1.));
#15882=DIRECTION('',(0.,1.,0.));
#15883=DIRECTION('center_axis',(0.,1.,0.));
#15884=DIRECTION('ref_axis',(0.,0.,1.));
#15885=DIRECTION('center_axis',(0.,1.,0.));
#15886=DIRECTION('ref_axis',(0.,0.,-1.));
#15887=DIRECTION('center_axis',(0.,1.,0.));
#15888=DIRECTION('ref_axis',(0.,0.,1.));
#15889=DIRECTION('',(0.,-1.,0.));
#15890=DIRECTION('center_axis',(0.,1.,0.));
#15891=DIRECTION('ref_axis',(0.,0.,1.));
#15892=DIRECTION('center_axis',(0.,-1.,0.));
#15893=DIRECTION('ref_axis',(0.,0.,1.));
#15894=DIRECTION('center_axis',(0.,-1.,0.));
#15895=DIRECTION('ref_axis',(0.,0.,1.));
#15896=DIRECTION('center_axis',(0.,1.,0.));
#15897=DIRECTION('ref_axis',(0.,0.,-1.));
#15898=DIRECTION('center_axis',(0.,1.,0.));
#15899=DIRECTION('ref_axis',(0.,0.,1.));
#15900=DIRECTION('',(0.,1.,0.));
#15901=DIRECTION('center_axis',(0.,1.,0.));
#15902=DIRECTION('ref_axis',(0.,0.,1.));
#15903=DIRECTION('center_axis',(0.,1.,0.));
#15904=DIRECTION('ref_axis',(0.,0.,-1.));
#15905=DIRECTION('center_axis',(0.,1.,0.));
#15906=DIRECTION('ref_axis',(0.,0.,1.));
#15907=DIRECTION('',(0.,-1.,0.));
#15908=DIRECTION('center_axis',(0.,1.,0.));
#15909=DIRECTION('ref_axis',(0.,0.,1.));
#15910=DIRECTION('center_axis',(0.,-1.,0.));
#15911=DIRECTION('ref_axis',(0.,0.,1.));
#15912=DIRECTION('center_axis',(0.,-1.,0.));
#15913=DIRECTION('ref_axis',(0.,0.,1.));
#15914=DIRECTION('center_axis',(0.,1.,0.));
#15915=DIRECTION('ref_axis',(0.,0.,-1.));
#15916=DIRECTION('center_axis',(0.,1.,0.));
#15917=DIRECTION('ref_axis',(0.,0.,1.));
#15918=DIRECTION('',(0.,1.,0.));
#15919=DIRECTION('center_axis',(0.,1.,0.));
#15920=DIRECTION('ref_axis',(0.,0.,1.));
#15921=DIRECTION('center_axis',(0.,1.,0.));
#15922=DIRECTION('ref_axis',(0.,0.,-1.));
#15923=DIRECTION('center_axis',(0.,1.,0.));
#15924=DIRECTION('ref_axis',(0.,0.,1.));
#15925=DIRECTION('',(0.,-1.,0.));
#15926=DIRECTION('center_axis',(0.,1.,0.));
#15927=DIRECTION('ref_axis',(0.,0.,1.));
#15928=DIRECTION('center_axis',(0.,-1.,0.));
#15929=DIRECTION('ref_axis',(0.,0.,1.));
#15930=DIRECTION('center_axis',(0.,-1.,0.));
#15931=DIRECTION('ref_axis',(0.,0.,1.));
#15932=DIRECTION('center_axis',(0.,1.,0.));
#15933=DIRECTION('ref_axis',(0.,0.,-1.));
#15934=DIRECTION('center_axis',(0.,1.,0.));
#15935=DIRECTION('ref_axis',(0.,0.,1.));
#15936=DIRECTION('',(0.,1.,0.));
#15937=DIRECTION('center_axis',(0.,1.,0.));
#15938=DIRECTION('ref_axis',(0.,0.,1.));
#15939=DIRECTION('center_axis',(0.,1.,0.));
#15940=DIRECTION('ref_axis',(0.,0.,-1.));
#15941=DIRECTION('center_axis',(0.,1.,0.));
#15942=DIRECTION('ref_axis',(0.,0.,1.));
#15943=DIRECTION('',(0.,-1.,0.));
#15944=DIRECTION('center_axis',(0.,1.,0.));
#15945=DIRECTION('ref_axis',(0.,0.,1.));
#15946=DIRECTION('center_axis',(0.,-1.,0.));
#15947=DIRECTION('ref_axis',(0.,0.,1.));
#15948=DIRECTION('center_axis',(0.,-1.,0.));
#15949=DIRECTION('ref_axis',(0.,0.,1.));
#15950=DIRECTION('center_axis',(0.,1.,0.));
#15951=DIRECTION('ref_axis',(0.,0.,-1.));
#15952=DIRECTION('center_axis',(0.,1.,0.));
#15953=DIRECTION('ref_axis',(0.,0.,1.));
#15954=DIRECTION('',(0.,1.,0.));
#15955=DIRECTION('center_axis',(0.,1.,0.));
#15956=DIRECTION('ref_axis',(0.,0.,1.));
#15957=DIRECTION('center_axis',(0.,1.,0.));
#15958=DIRECTION('ref_axis',(0.,0.,-1.));
#15959=DIRECTION('center_axis',(0.,1.,0.));
#15960=DIRECTION('ref_axis',(0.,0.,1.));
#15961=DIRECTION('',(0.,-1.,0.));
#15962=DIRECTION('center_axis',(0.,1.,0.));
#15963=DIRECTION('ref_axis',(0.,0.,1.));
#15964=DIRECTION('center_axis',(0.,-1.,0.));
#15965=DIRECTION('ref_axis',(0.,0.,1.));
#15966=DIRECTION('center_axis',(0.,-1.,0.));
#15967=DIRECTION('ref_axis',(0.,0.,1.));
#15968=DIRECTION('center_axis',(0.,1.,0.));
#15969=DIRECTION('ref_axis',(0.,0.,-1.));
#15970=DIRECTION('center_axis',(0.,1.,0.));
#15971=DIRECTION('ref_axis',(0.,0.,1.));
#15972=DIRECTION('',(0.,1.,0.));
#15973=DIRECTION('center_axis',(0.,1.,0.));
#15974=DIRECTION('ref_axis',(0.,0.,1.));
#15975=DIRECTION('center_axis',(0.,1.,0.));
#15976=DIRECTION('ref_axis',(0.,0.,-1.));
#15977=DIRECTION('center_axis',(0.,1.,0.));
#15978=DIRECTION('ref_axis',(0.,0.,1.));
#15979=DIRECTION('',(0.,-1.,0.));
#15980=DIRECTION('center_axis',(0.,1.,0.));
#15981=DIRECTION('ref_axis',(0.,0.,1.));
#15982=DIRECTION('center_axis',(0.,-1.,0.));
#15983=DIRECTION('ref_axis',(0.,0.,1.));
#15984=DIRECTION('center_axis',(0.,-1.,0.));
#15985=DIRECTION('ref_axis',(0.,0.,1.));
#15986=DIRECTION('center_axis',(0.,1.,0.));
#15987=DIRECTION('ref_axis',(0.,0.,-1.));
#15988=DIRECTION('center_axis',(0.,1.,0.));
#15989=DIRECTION('ref_axis',(0.,0.,1.));
#15990=DIRECTION('',(0.,1.,0.));
#15991=DIRECTION('center_axis',(0.,1.,0.));
#15992=DIRECTION('ref_axis',(0.,0.,1.));
#15993=DIRECTION('center_axis',(0.,1.,0.));
#15994=DIRECTION('ref_axis',(0.,0.,-1.));
#15995=DIRECTION('center_axis',(0.,1.,0.));
#15996=DIRECTION('ref_axis',(0.,0.,1.));
#15997=DIRECTION('',(0.,-1.,0.));
#15998=DIRECTION('center_axis',(0.,1.,0.));
#15999=DIRECTION('ref_axis',(0.,0.,1.));
#16000=DIRECTION('center_axis',(0.,-1.,0.));
#16001=DIRECTION('ref_axis',(0.,0.,1.));
#16002=DIRECTION('center_axis',(0.,-1.,0.));
#16003=DIRECTION('ref_axis',(0.,0.,1.));
#16004=DIRECTION('center_axis',(0.,1.,0.));
#16005=DIRECTION('ref_axis',(0.,0.,-1.));
#16006=DIRECTION('center_axis',(0.,1.,0.));
#16007=DIRECTION('ref_axis',(0.,0.,1.));
#16008=DIRECTION('',(0.,1.,0.));
#16009=DIRECTION('center_axis',(0.,1.,0.));
#16010=DIRECTION('ref_axis',(0.,0.,1.));
#16011=DIRECTION('center_axis',(0.,1.,0.));
#16012=DIRECTION('ref_axis',(0.,0.,-1.));
#16013=DIRECTION('center_axis',(0.,1.,0.));
#16014=DIRECTION('ref_axis',(0.,0.,1.));
#16015=DIRECTION('',(0.,-1.,0.));
#16016=DIRECTION('center_axis',(0.,1.,0.));
#16017=DIRECTION('ref_axis',(0.,0.,1.));
#16018=DIRECTION('center_axis',(0.,-1.,0.));
#16019=DIRECTION('ref_axis',(0.,0.,1.));
#16020=DIRECTION('center_axis',(0.,-1.,0.));
#16021=DIRECTION('ref_axis',(0.,0.,1.));
#16022=DIRECTION('center_axis',(0.,1.,0.));
#16023=DIRECTION('ref_axis',(0.,0.,-1.));
#16024=DIRECTION('center_axis',(0.,1.,0.));
#16025=DIRECTION('ref_axis',(0.,0.,1.));
#16026=DIRECTION('',(0.,1.,0.));
#16027=DIRECTION('center_axis',(0.,1.,0.));
#16028=DIRECTION('ref_axis',(0.,0.,1.));
#16029=DIRECTION('center_axis',(0.,1.,0.));
#16030=DIRECTION('ref_axis',(0.,0.,-1.));
#16031=DIRECTION('center_axis',(0.,1.,0.));
#16032=DIRECTION('ref_axis',(0.,0.,1.));
#16033=DIRECTION('',(0.,-1.,0.));
#16034=DIRECTION('center_axis',(0.,1.,0.));
#16035=DIRECTION('ref_axis',(0.,0.,1.));
#16036=DIRECTION('center_axis',(0.,-1.,0.));
#16037=DIRECTION('ref_axis',(0.,0.,1.));
#16038=DIRECTION('center_axis',(0.,-1.,0.));
#16039=DIRECTION('ref_axis',(0.,0.,1.));
#16040=DIRECTION('center_axis',(0.,1.,0.));
#16041=DIRECTION('ref_axis',(0.,0.,-1.));
#16042=DIRECTION('center_axis',(0.,1.,0.));
#16043=DIRECTION('ref_axis',(0.,0.,1.));
#16044=DIRECTION('',(0.,1.,0.));
#16045=DIRECTION('center_axis',(0.,1.,0.));
#16046=DIRECTION('ref_axis',(0.,0.,1.));
#16047=DIRECTION('center_axis',(0.,1.,0.));
#16048=DIRECTION('ref_axis',(0.,0.,-1.));
#16049=DIRECTION('center_axis',(0.,1.,0.));
#16050=DIRECTION('ref_axis',(0.,0.,1.));
#16051=DIRECTION('',(0.,-1.,0.));
#16052=DIRECTION('center_axis',(0.,1.,0.));
#16053=DIRECTION('ref_axis',(0.,0.,1.));
#16054=DIRECTION('center_axis',(0.,-1.,0.));
#16055=DIRECTION('ref_axis',(0.,0.,1.));
#16056=DIRECTION('center_axis',(0.,-1.,0.));
#16057=DIRECTION('ref_axis',(0.,0.,1.));
#16058=DIRECTION('center_axis',(0.,1.,0.));
#16059=DIRECTION('ref_axis',(0.,0.,-1.));
#16060=DIRECTION('center_axis',(0.,1.,0.));
#16061=DIRECTION('ref_axis',(0.,0.,1.));
#16062=DIRECTION('',(0.,1.,0.));
#16063=DIRECTION('center_axis',(0.,1.,0.));
#16064=DIRECTION('ref_axis',(0.,0.,1.));
#16065=DIRECTION('center_axis',(0.,1.,0.));
#16066=DIRECTION('ref_axis',(0.,0.,-1.));
#16067=DIRECTION('center_axis',(0.,1.,0.));
#16068=DIRECTION('ref_axis',(0.,0.,1.));
#16069=DIRECTION('',(0.,-1.,0.));
#16070=DIRECTION('center_axis',(0.,1.,0.));
#16071=DIRECTION('ref_axis',(0.,0.,1.));
#16072=DIRECTION('center_axis',(0.,-1.,0.));
#16073=DIRECTION('ref_axis',(0.,0.,1.));
#16074=DIRECTION('center_axis',(0.,-1.,0.));
#16075=DIRECTION('ref_axis',(0.,0.,1.));
#16076=DIRECTION('center_axis',(0.,1.,0.));
#16077=DIRECTION('ref_axis',(0.,0.,1.));
#16078=DIRECTION('center_axis',(0.,1.,0.));
#16079=DIRECTION('ref_axis',(0.,0.,1.));
#16080=DIRECTION('center_axis',(-1.,0.,0.));
#16081=DIRECTION('ref_axis',(0.,0.,-1.));
#16082=DIRECTION('center_axis',(0.,-1.,0.));
#16083=DIRECTION('ref_axis',(0.,0.,1.));
#16084=DIRECTION('center_axis',(0.,1.,0.));
#16085=DIRECTION('ref_axis',(0.,0.,1.));
#16086=DIRECTION('center_axis',(0.,1.,0.));
#16087=DIRECTION('ref_axis',(0.,0.,1.));
#16088=DIRECTION('',(0.,1.,0.));
#16089=DIRECTION('center_axis',(-0.832050294337845,0.554700196225228,0.));
#16090=DIRECTION('ref_axis',(0.,0.,-1.));
#16091=DIRECTION('',(0.554700196225228,0.832050294337845,0.));
#16092=DIRECTION('',(0.,0.,1.));
#16093=DIRECTION('',(-0.554700196225228,-0.832050294337845,0.));
#16094=DIRECTION('',(0.549442255794755,0.824163383692135,-0.137360563948686));
#16095=DIRECTION('',(0.,0.,-1.));
#16096=DIRECTION('',(-0.549442255794755,-0.824163383692135,-0.137360563948686));
#16097=DIRECTION('center_axis',(1.,0.,0.));
#16098=DIRECTION('ref_axis',(0.,0.,-1.));
#16099=DIRECTION('',(0.,-1.,0.));
#16100=DIRECTION('',(0.,0.,1.));
#16101=DIRECTION('',(0.,1.,0.));
#16102=DIRECTION('',(0.,0.,-1.));
#16103=DIRECTION('center_axis',(0.,0.,-1.));
#16104=DIRECTION('ref_axis',(-1.,0.,0.));
#16105=DIRECTION('',(1.,0.,0.));
#16106=DIRECTION('',(0.,1.,0.));
#16107=DIRECTION('',(-1.,0.,0.));
#16108=DIRECTION('',(0.554700196225228,0.832050294337845,0.));
#16109=DIRECTION('',(0.,-1.,0.));
#16110=DIRECTION('center_axis',(-1.,0.,0.));
#16111=DIRECTION('ref_axis',(0.,0.,1.));
#16112=DIRECTION('',(0.,-1.,0.));
#16113=DIRECTION('',(0.,0.,-1.));
#16114=DIRECTION('',(0.,1.,0.));
#16115=DIRECTION('',(0.,0.,1.));
#16116=DIRECTION('center_axis',(0.,0.,1.));
#16117=DIRECTION('ref_axis',(1.,0.,0.));
#16118=DIRECTION('',(1.,0.,0.));
#16119=DIRECTION('',(0.,-1.,0.));
#16120=DIRECTION('',(-1.,0.,0.));
#16121=DIRECTION('',(0.,1.,0.));
#16122=DIRECTION('',(-0.554700196225228,-0.832050294337845,0.));
#16123=DIRECTION('center_axis',(0.,1.,0.));
#16124=DIRECTION('ref_axis',(0.,0.,1.));
#16125=DIRECTION('',(1.,0.,0.));
#16126=DIRECTION('',(0.,0.,-1.));
#16127=DIRECTION('',(-1.,0.,0.));
#16128=DIRECTION('',(0.,0.,1.));
#16129=DIRECTION('center_axis',(0.,1.,0.));
#16130=DIRECTION('ref_axis',(0.,0.,1.));
#16131=DIRECTION('',(0.,0.,1.));
#16132=DIRECTION('',(0.,0.,-1.));
#16133=DIRECTION('center_axis',(0.,0.164398987305354,0.986393923832144));
#16134=DIRECTION('ref_axis',(-1.,0.,0.));
#16135=DIRECTION('',(1.,0.,0.));
#16136=DIRECTION('',(-0.162221421130759,0.973328526784576,-0.162221421130759));
#16137=DIRECTION('',(-1.,0.,0.));
#16138=DIRECTION('',(-0.549442255794755,-0.824163383692135,0.137360563948686));
#16139=DIRECTION('center_axis',(0.986393923832144,0.164398987305354,0.));
#16140=DIRECTION('ref_axis',(0.,0.,1.));
#16141=DIRECTION('',(0.162221421130759,-0.973328526784576,0.162221421130759));
#16142=DIRECTION('',(0.,0.,-1.));
#16143=DIRECTION('',(-0.162221421130759,0.973328526784576,0.162221421130759));
#16144=DIRECTION('',(0.,0.,1.));
#16145=DIRECTION('center_axis',(0.,0.164398987305354,-0.986393923832144));
#16146=DIRECTION('ref_axis',(1.,0.,0.));
#16147=DIRECTION('',(0.162221421130759,-0.973328526784576,-0.162221421130759));
#16148=DIRECTION('',(-1.,0.,0.));
#16149=DIRECTION('',(0.549442255794755,0.824163383692135,0.137360563948686));
#16150=DIRECTION('',(1.,0.,0.));
#16151=DIRECTION('center_axis',(0.,1.,0.));
#16152=DIRECTION('ref_axis',(0.,0.,1.));
#16153=DIRECTION('center_axis',(0.,0.,1.));
#16154=DIRECTION('ref_axis',(1.,0.,0.));
#16155=DIRECTION('center_axis',(-5.80243338069184E-14,0.707106781186525,
-0.707106781186571));
#16156=DIRECTION('ref_axis',(8.05437229404339E-14,0.70710678118657,0.707106781186525));
#16157=DIRECTION('center_axis',(-4.61630059016353E-15,0.707106781186535,
0.70710678118656));
#16158=DIRECTION('ref_axis',(-1.00696937736397E-12,-0.70710678118656,0.707106781186535));
#16159=DIRECTION('center_axis',(0.,0.,1.));
#16160=DIRECTION('ref_axis',(1.,0.,0.));
#16161=DIRECTION('center_axis',(0.,0.,-1.));
#16162=DIRECTION('ref_axis',(-1.,0.,0.));
#16163=DIRECTION('center_axis',(0.,0.,1.));
#16164=DIRECTION('ref_axis',(1.,0.,0.));
#16165=DIRECTION('center_axis',(0.,-1.,0.));
#16166=DIRECTION('ref_axis',(0.,0.,-1.));
#16167=DIRECTION('center_axis',(0.,1.,0.));
#16168=DIRECTION('ref_axis',(0.,0.,1.));
#16169=DIRECTION('center_axis',(0.,0.,1.));
#16170=DIRECTION('ref_axis',(1.,0.,0.));
#16171=DIRECTION('center_axis',(0.,0.,-1.));
#16172=DIRECTION('ref_axis',(-1.,0.,0.));
#16173=DIRECTION('center_axis',(0.,0.,1.));
#16174=DIRECTION('ref_axis',(1.,0.,0.));
#16175=DIRECTION('center_axis',(0.,-1.,0.));
#16176=DIRECTION('ref_axis',(0.,0.,-1.));
#16177=DIRECTION('center_axis',(0.,1.,0.));
#16178=DIRECTION('ref_axis',(0.,0.,1.));
#16179=DIRECTION('center_axis',(0.,0.,1.));
#16180=DIRECTION('ref_axis',(-0.554700196225227,-0.832050294337845,0.));
#16181=DIRECTION('center_axis',(0.554700196225225,0.832050294337846,0.));
#16182=DIRECTION('ref_axis',(-0.832050294337846,0.554700196225225,0.));
#16183=DIRECTION('center_axis',(0.,1.,0.));
#16184=DIRECTION('ref_axis',(1.,0.,0.));
#16185=DIRECTION('center_axis',(1.,0.,0.));
#16186=DIRECTION('ref_axis',(0.,0.,1.));
#16187=DIRECTION('center_axis',(-0.549442255794751,-0.824163383692136,0.137360563948699));
#16188=DIRECTION('ref_axis',(-0.832050294337846,0.554700196225225,-1.38777878078145E-17));
#16189=DIRECTION('center_axis',(0.,1.,0.));
#16190=DIRECTION('ref_axis',(1.,0.,0.));
#16191=DIRECTION('center_axis',(-0.549442255794756,-0.824163383692134,-0.137360563948694));
#16192=DIRECTION('ref_axis',(-0.832050294337844,0.554700196225229,6.66133814775094E-16));
#16193=DIRECTION('center_axis',(1.,0.,-8.79325913341706E-15));
#16194=DIRECTION('ref_axis',(8.79325913341706E-15,0.,1.));
#16195=DIRECTION('center_axis',(0.,1.,0.));
#16196=DIRECTION('ref_axis',(1.,0.,0.));
#16197=DIRECTION('center_axis',(0.554700196225225,0.832050294337846,0.));
#16198=DIRECTION('ref_axis',(-0.832050294337846,0.554700196225225,0.));
#16199=DIRECTION('center_axis',(0.554700196225228,0.832050294337845,0.));
#16200=DIRECTION('ref_axis',(-0.832050294337845,0.554700196225228,0.));
#16201=DIRECTION('center_axis',(0.554700196225229,0.832050294337844,0.));
#16202=DIRECTION('ref_axis',(0.832050294337844,-0.554700196225229,0.));
#16203=DIRECTION('center_axis',(-0.549442255794755,-0.824163383692135,0.137360563948686));
#16204=DIRECTION('ref_axis',(0.832050294337845,-0.554700196225228,4.57966997657877E-16));
#16205=DIRECTION('center_axis',(-0.54944225579476,-0.824163383692132,0.137360563948686));
#16206=DIRECTION('ref_axis',(0.832050294337841,-0.554700196225233,-3.05311331771918E-16));
#16207=DIRECTION('center_axis',(1.,0.,0.));
#16208=DIRECTION('ref_axis',(0.,0.,-1.));
#16209=DIRECTION('center_axis',(1.,0.,0.));
#16210=DIRECTION('ref_axis',(0.,0.,-1.));
#16211=DIRECTION('center_axis',(0.,0.,-1.));
#16212=DIRECTION('ref_axis',(-1.,0.,0.));
#16213=DIRECTION('center_axis',(-3.51730365336682E-14,0.,-1.));
#16214=DIRECTION('ref_axis',(-1.,0.,3.51730365336682E-14));
#16215=DIRECTION('center_axis',(0.,0.,1.));
#16216=DIRECTION('ref_axis',(1.,0.,0.));
#16217=DIRECTION('center_axis',(-1.,0.,0.));
#16218=DIRECTION('ref_axis',(0.,0.,1.));
#16219=DIRECTION('center_axis',(1.,3.46944695195364E-14,5.7824115865896E-15));
#16220=DIRECTION('ref_axis',(-3.46944695195364E-14,1.,-4.48415508583941E-44));
#16221=DIRECTION('center_axis',(0.549442255794755,0.824163383692135,0.137360563948686));
#16222=DIRECTION('ref_axis',(-0.832050294337845,0.554700196225228,4.57966997657877E-16));
#16223=DIRECTION('center_axis',(-0.549442255794752,-0.824163383692137,-0.137360563948689));
#16224=DIRECTION('ref_axis',(0.832050294337846,-0.554700196225225,-1.38777878078145E-17));
#16225=DIRECTION('center_axis',(0.554700196225228,0.832050294337845,0.));
#16226=DIRECTION('ref_axis',(-0.832050294337845,0.554700196225228,0.));
#16227=DIRECTION('center_axis',(0.554700196225225,0.832050294337846,2.40562863130219E-15));
#16228=DIRECTION('ref_axis',(0.832050294337846,-0.554700196225225,-1.97215226305253E-31));
#16229=DIRECTION('center_axis',(0.,1.,0.));
#16230=DIRECTION('ref_axis',(-1.,0.,0.));
#16231=DIRECTION('center_axis',(1.,0.,0.));
#16232=DIRECTION('ref_axis',(0.,0.,-1.));
#16233=DIRECTION('center_axis',(0.,1.,0.));
#16234=DIRECTION('ref_axis',(1.,0.,0.));
#16235=DIRECTION('center_axis',(0.162221421130768,-0.973328526784573,0.162221421130768));
#16236=DIRECTION('ref_axis',(3.46944695195361E-18,0.164398987305363,0.986393923832143));
#16237=DIRECTION('center_axis',(0.,1.,0.));
#16238=DIRECTION('ref_axis',(1.,0.,0.));
#16239=DIRECTION('center_axis',(0.162221421130768,-0.973328526784573,-0.162221421130768));
#16240=DIRECTION('ref_axis',(-0.986393923832143,-0.164398987305363,-3.46944695195361E-18));
#16241=DIRECTION('center_axis',(0.,0.,1.));
#16242=DIRECTION('ref_axis',(-0.554700196225227,-0.832050294337845,0.));
#16243=DIRECTION('center_axis',(1.,0.,0.));
#16244=DIRECTION('ref_axis',(0.,0.,1.));
#16245=DIRECTION('center_axis',(1.,0.,0.));
#16246=DIRECTION('ref_axis',(0.,0.,-1.));
#16247=DIRECTION('center_axis',(1.,0.,0.));
#16248=DIRECTION('ref_axis',(0.,0.,-1.));
#16249=DIRECTION('center_axis',(0.162221421130759,-0.973328526784576,0.162221421130759));
#16250=DIRECTION('ref_axis',(-8.32667268468867E-17,-0.164398987305354,-0.986393923832144));
#16251=DIRECTION('center_axis',(0.16222142113076,-0.973328526784576,0.16222142113076));
#16252=DIRECTION('ref_axis',(0.,-0.164398987305354,-0.986393923832144));
#16253=DIRECTION('center_axis',(0.,0.,-1.));
#16254=DIRECTION('ref_axis',(-1.,0.,0.));
#16255=DIRECTION('center_axis',(3.46944695195364E-14,-2.08166817117222E-13,
-1.));
#16256=DIRECTION('ref_axis',(1.89410710825857E-40,1.,-2.08166817117222E-13));
#16257=DIRECTION('center_axis',(0.,0.,1.));
#16258=DIRECTION('ref_axis',(1.,0.,0.));
#16259=DIRECTION('center_axis',(0.162221421130759,-0.973328526784576,-0.162221421130759));
#16260=DIRECTION('ref_axis',(1.45022882591661E-15,0.164398987305354,-0.986393923832144));
#16261=DIRECTION('center_axis',(0.16222142113076,-0.973328526784576,-0.16222142113076));
#16262=DIRECTION('ref_axis',(-6.93889390390723E-18,0.164398987305355,-0.986393923832144));
#16263=DIRECTION('center_axis',(-1.,0.,0.));
#16264=DIRECTION('ref_axis',(0.,0.,1.));
#16265=DIRECTION('center_axis',(1.,-2.11038219202013E-13,0.));
#16266=DIRECTION('ref_axis',(2.11038219202013E-13,1.,0.));
#16267=DIRECTION('center_axis',(0.,1.,0.));
#16268=DIRECTION('ref_axis',(1.,0.,0.));
#16269=DIRECTION('center_axis',(0.,-1.,0.));
#16270=DIRECTION('ref_axis',(0.,0.,1.));
#16271=DIRECTION('center_axis',(0.,1.,0.));
#16272=DIRECTION('ref_axis',(1.,0.,0.));
#16273=DIRECTION('center_axis',(0.,-1.,0.));
#16274=DIRECTION('ref_axis',(0.,0.,1.));
#16275=DIRECTION('center_axis',(0.,-1.,0.));
#16276=DIRECTION('ref_axis',(0.,0.,-1.));
#16277=DIRECTION('center_axis',(-4.35983944626572E-15,-0.707106781186535,
-0.70710678118656));
#16278=DIRECTION('ref_axis',(6.70621555813504E-14,0.70710678118656,-0.707106781186535));
#16279=DIRECTION('center_axis',(0.,-1.,0.));
#16280=DIRECTION('ref_axis',(0.,0.,-1.));
#16281=DIRECTION('center_axis',(-5.80243338069206E-14,-0.707106781186525,
0.707106781186571));
#16282=DIRECTION('ref_axis',(9.2815406049411E-13,-0.707106781186571,-0.707106781186525));
#16283=DIRECTION('center_axis',(0.,0.,-1.));
#16284=DIRECTION('ref_axis',(-1.,0.,0.));
#16285=DIRECTION('center_axis',(-1.,0.,0.));
#16286=DIRECTION('ref_axis',(0.,0.,1.));
#16287=DIRECTION('',(0.,0.,-1.));
#16288=DIRECTION('',(0.,1.,0.));
#16289=DIRECTION('',(0.,0.,1.));
#16290=DIRECTION('',(0.,1.,0.));
#16291=DIRECTION('center_axis',(0.,0.,-1.));
#16292=DIRECTION('ref_axis',(-1.,0.,0.));
#16293=DIRECTION('',(1.,0.,0.));
#16294=DIRECTION('',(-1.,0.,0.));
#16295=DIRECTION('',(0.,1.,0.));
#16296=DIRECTION('center_axis',(1.,0.,0.));
#16297=DIRECTION('ref_axis',(0.,0.,-1.));
#16298=DIRECTION('',(0.,0.,1.));
#16299=DIRECTION('',(0.,0.,-1.));
#16300=DIRECTION('',(0.,1.,0.));
#16301=DIRECTION('center_axis',(0.,0.,1.));
#16302=DIRECTION('ref_axis',(1.,0.,0.));
#16303=DIRECTION('',(-1.,0.,0.));
#16304=DIRECTION('',(1.,0.,0.));
#16305=DIRECTION('center_axis',(0.,1.,0.));
#16306=DIRECTION('ref_axis',(0.,0.,1.));
#16307=DIRECTION('center_axis',(0.,1.,0.));
#16308=DIRECTION('ref_axis',(0.,0.,1.));
#16309=DIRECTION('center_axis',(0.,0.,1.));
#16310=DIRECTION('ref_axis',(1.,0.,0.));
#16311=DIRECTION('',(-1.,0.,0.));
#16312=DIRECTION('',(0.,1.,0.));
#16313=DIRECTION('',(1.,0.,0.));
#16314=DIRECTION('',(0.,1.,0.));
#16315=DIRECTION('center_axis',(-1.,0.,0.));
#16316=DIRECTION('ref_axis',(0.,0.,1.));
#16317=DIRECTION('',(0.,0.,-1.));
#16318=DIRECTION('',(0.,0.,1.));
#16319=DIRECTION('',(0.,1.,0.));
#16320=DIRECTION('center_axis',(0.,0.,-1.));
#16321=DIRECTION('ref_axis',(-1.,0.,0.));
#16322=DIRECTION('',(1.,0.,0.));
#16323=DIRECTION('',(-1.,0.,0.));
#16324=DIRECTION('',(0.,1.,0.));
#16325=DIRECTION('center_axis',(1.,0.,0.));
#16326=DIRECTION('ref_axis',(0.,0.,-1.));
#16327=DIRECTION('',(0.,0.,1.));
#16328=DIRECTION('',(0.,0.,-1.));
#16329=DIRECTION('center_axis',(0.,1.,0.));
#16330=DIRECTION('ref_axis',(0.,0.,1.));
#16331=DIRECTION('center_axis',(0.,1.,0.));
#16332=DIRECTION('ref_axis',(0.,0.,1.));
#16333=DIRECTION('center_axis',(-1.,0.,0.));
#16334=DIRECTION('ref_axis',(0.,0.,1.));
#16335=DIRECTION('',(0.,0.,-1.));
#16336=DIRECTION('',(0.,1.,0.));
#16337=DIRECTION('',(0.,0.,1.));
#16338=DIRECTION('',(0.,1.,0.));
#16339=DIRECTION('center_axis',(0.,0.,-1.));
#16340=DIRECTION('ref_axis',(-1.,0.,0.));
#16341=DIRECTION('',(1.,0.,0.));
#16342=DIRECTION('',(-1.,0.,0.));
#16343=DIRECTION('',(0.,1.,0.));
#16344=DIRECTION('center_axis',(1.,0.,0.));
#16345=DIRECTION('ref_axis',(0.,0.,-1.));
#16346=DIRECTION('',(0.,0.,1.));
#16347=DIRECTION('',(0.,0.,-1.));
#16348=DIRECTION('',(0.,1.,0.));
#16349=DIRECTION('center_axis',(0.,0.,1.));
#16350=DIRECTION('ref_axis',(1.,0.,0.));
#16351=DIRECTION('',(-1.,0.,0.));
#16352=DIRECTION('',(1.,0.,0.));
#16353=DIRECTION('center_axis',(0.,1.,0.));
#16354=DIRECTION('ref_axis',(0.,0.,1.));
#16355=DIRECTION('center_axis',(0.,1.,0.));
#16356=DIRECTION('ref_axis',(0.,0.,1.));
#16357=DIRECTION('center_axis',(-1.,0.,0.));
#16358=DIRECTION('ref_axis',(0.,0.,1.));
#16359=DIRECTION('',(0.,0.,-1.));
#16360=DIRECTION('',(0.,1.,0.));
#16361=DIRECTION('',(0.,0.,1.));
#16362=DIRECTION('',(0.,1.,0.));
#16363=DIRECTION('center_axis',(0.,0.,-1.));
#16364=DIRECTION('ref_axis',(-1.,0.,0.));
#16365=DIRECTION('',(1.,0.,0.));
#16366=DIRECTION('',(-1.,0.,0.));
#16367=DIRECTION('',(0.,1.,0.));
#16368=DIRECTION('center_axis',(1.,0.,0.));
#16369=DIRECTION('ref_axis',(0.,0.,-1.));
#16370=DIRECTION('',(0.,0.,1.));
#16371=DIRECTION('',(0.,0.,-1.));
#16372=DIRECTION('',(0.,1.,0.));
#16373=DIRECTION('center_axis',(0.,0.,1.));
#16374=DIRECTION('ref_axis',(1.,0.,0.));
#16375=DIRECTION('',(-1.,0.,0.));
#16376=DIRECTION('',(1.,0.,0.));
#16377=DIRECTION('center_axis',(0.,-1.,0.));
#16378=DIRECTION('ref_axis',(0.,0.,-1.));
#16379=DIRECTION('center_axis',(0.,1.,0.));
#16380=DIRECTION('ref_axis',(0.,0.,1.));
#16381=DIRECTION('center_axis',(-1.,0.,0.));
#16382=DIRECTION('ref_axis',(0.,0.,1.));
#16383=DIRECTION('',(0.,0.,-1.));
#16384=DIRECTION('',(0.,1.,0.));
#16385=DIRECTION('',(0.,0.,1.));
#16386=DIRECTION('',(0.,1.,0.));
#16387=DIRECTION('center_axis',(-5.78241158658932E-15,0.,-1.));
#16388=DIRECTION('ref_axis',(-1.,0.,5.78241158658932E-15));
#16389=DIRECTION('',(1.,0.,-5.78241158658933E-15));
#16390=DIRECTION('',(-1.,0.,5.78241158658933E-15));
#16391=DIRECTION('',(0.,1.,0.));
#16392=DIRECTION('center_axis',(1.,0.,0.));
#16393=DIRECTION('ref_axis',(0.,0.,-1.));
#16394=DIRECTION('',(0.,0.,1.));
#16395=DIRECTION('',(0.,0.,-1.));
#16396=DIRECTION('',(0.,1.,0.));
#16397=DIRECTION('center_axis',(0.,0.,1.));
#16398=DIRECTION('ref_axis',(1.,0.,0.));
#16399=DIRECTION('',(-1.,0.,0.));
#16400=DIRECTION('',(1.,0.,0.));
#16401=DIRECTION('center_axis',(0.,1.,0.));
#16402=DIRECTION('ref_axis',(0.,0.,1.));
#16403=DIRECTION('center_axis',(0.,1.,0.));
#16404=DIRECTION('ref_axis',(0.,0.,1.));
#16405=DIRECTION('center_axis',(0.,0.,-1.));
#16406=DIRECTION('ref_axis',(-1.,0.,0.));
#16407=DIRECTION('',(1.,0.,0.));
#16408=DIRECTION('',(0.,1.,0.));
#16409=DIRECTION('',(-1.,0.,0.));
#16410=DIRECTION('',(0.,1.,0.));
#16411=DIRECTION('center_axis',(1.,0.,0.));
#16412=DIRECTION('ref_axis',(0.,0.,-1.));
#16413=DIRECTION('',(0.,0.,1.));
#16414=DIRECTION('',(0.,0.,-1.));
#16415=DIRECTION('',(0.,1.,0.));
#16416=DIRECTION('center_axis',(0.,0.,1.));
#16417=DIRECTION('ref_axis',(1.,0.,0.));
#16418=DIRECTION('',(-1.,0.,0.));
#16419=DIRECTION('',(1.,0.,0.));
#16420=DIRECTION('',(0.,1.,0.));
#16421=DIRECTION('center_axis',(-1.,0.,0.));
#16422=DIRECTION('ref_axis',(0.,0.,1.));
#16423=DIRECTION('',(0.,0.,-1.));
#16424=DIRECTION('',(0.,0.,1.));
#16425=DIRECTION('center_axis',(0.,-1.,0.));
#16426=DIRECTION('ref_axis',(0.,0.,-1.));
#16427=DIRECTION('center_axis',(0.,1.,0.));
#16428=DIRECTION('ref_axis',(0.,0.,1.));
#16429=DIRECTION('center_axis',(5.78241158658932E-15,0.,-1.));
#16430=DIRECTION('ref_axis',(-1.,0.,-5.78241158658932E-15));
#16431=DIRECTION('',(1.,0.,5.78241158658933E-15));
#16432=DIRECTION('',(0.,1.,0.));
#16433=DIRECTION('',(-1.,0.,-5.78241158658933E-15));
#16434=DIRECTION('',(0.,1.,0.));
#16435=DIRECTION('center_axis',(1.,0.,0.));
#16436=DIRECTION('ref_axis',(0.,0.,-1.));
#16437=DIRECTION('',(0.,0.,1.));
#16438=DIRECTION('',(0.,0.,-1.));
#16439=DIRECTION('',(0.,1.,0.));
#16440=DIRECTION('center_axis',(0.,0.,1.));
#16441=DIRECTION('ref_axis',(1.,0.,0.));
#16442=DIRECTION('',(-1.,0.,0.));
#16443=DIRECTION('',(1.,0.,0.));
#16444=DIRECTION('',(0.,1.,0.));
#16445=DIRECTION('center_axis',(-1.,0.,0.));
#16446=DIRECTION('ref_axis',(0.,0.,1.));
#16447=DIRECTION('',(0.,0.,-1.));
#16448=DIRECTION('',(0.,0.,1.));
#16449=DIRECTION('center_axis',(0.,-1.,0.));
#16450=DIRECTION('ref_axis',(0.,0.,-1.));
#16451=DIRECTION('center_axis',(0.,1.,0.));
#16452=DIRECTION('ref_axis',(0.,0.,1.));
#16453=DIRECTION('center_axis',(-1.,0.,0.));
#16454=DIRECTION('ref_axis',(0.,0.,1.));
#16455=DIRECTION('',(0.,0.,-1.));
#16456=DIRECTION('',(0.,1.,0.));
#16457=DIRECTION('',(0.,0.,1.));
#16458=DIRECTION('',(0.,1.,0.));
#16459=DIRECTION('center_axis',(0.,0.,-1.));
#16460=DIRECTION('ref_axis',(-1.,0.,0.));
#16461=DIRECTION('',(1.,0.,0.));
#16462=DIRECTION('',(-1.,0.,0.));
#16463=DIRECTION('',(0.,1.,0.));
#16464=DIRECTION('center_axis',(1.,0.,0.));
#16465=DIRECTION('ref_axis',(0.,0.,-1.));
#16466=DIRECTION('',(0.,0.,1.));
#16467=DIRECTION('',(0.,0.,-1.));
#16468=DIRECTION('',(0.,1.,0.));
#16469=DIRECTION('center_axis',(0.,0.,1.));
#16470=DIRECTION('ref_axis',(1.,0.,0.));
#16471=DIRECTION('',(-1.,0.,0.));
#16472=DIRECTION('',(1.,0.,0.));
#16473=DIRECTION('center_axis',(0.,1.,0.));
#16474=DIRECTION('ref_axis',(0.,0.,1.));
#16475=DIRECTION('center_axis',(0.,1.,0.));
#16476=DIRECTION('ref_axis',(0.,0.,1.));
#16477=DIRECTION('center_axis',(-1.,0.,0.));
#16478=DIRECTION('ref_axis',(0.,0.,1.));
#16479=DIRECTION('',(0.,0.,-1.));
#16480=DIRECTION('',(0.,1.,0.));
#16481=DIRECTION('',(0.,0.,1.));
#16482=DIRECTION('',(0.,1.,0.));
#16483=DIRECTION('center_axis',(5.78241158658932E-15,0.,-1.));
#16484=DIRECTION('ref_axis',(-1.,0.,-5.78241158658932E-15));
#16485=DIRECTION('',(1.,0.,5.78241158658933E-15));
#16486=DIRECTION('',(-1.,0.,-5.78241158658933E-15));
#16487=DIRECTION('',(0.,1.,0.));
#16488=DIRECTION('center_axis',(1.,0.,0.));
#16489=DIRECTION('ref_axis',(0.,0.,-1.));
#16490=DIRECTION('',(0.,0.,1.));
#16491=DIRECTION('',(0.,0.,-1.));
#16492=DIRECTION('',(0.,1.,0.));
#16493=DIRECTION('center_axis',(0.,0.,1.));
#16494=DIRECTION('ref_axis',(1.,0.,0.));
#16495=DIRECTION('',(-1.,0.,0.));
#16496=DIRECTION('',(1.,0.,0.));
#16497=DIRECTION('center_axis',(0.,1.,0.));
#16498=DIRECTION('ref_axis',(0.,0.,1.));
#16499=DIRECTION('center_axis',(0.,1.,0.));
#16500=DIRECTION('ref_axis',(0.,0.,1.));
#16501=DIRECTION('center_axis',(-5.78241158658932E-15,0.,-1.));
#16502=DIRECTION('ref_axis',(-1.,0.,5.78241158658932E-15));
#16503=DIRECTION('',(1.,0.,-5.78241158658933E-15));
#16504=DIRECTION('',(0.,1.,0.));
#16505=DIRECTION('',(-1.,0.,5.78241158658933E-15));
#16506=DIRECTION('',(0.,1.,0.));
#16507=DIRECTION('center_axis',(1.,0.,0.));
#16508=DIRECTION('ref_axis',(0.,0.,-1.));
#16509=DIRECTION('',(0.,0.,1.));
#16510=DIRECTION('',(0.,0.,-1.));
#16511=DIRECTION('',(0.,1.,0.));
#16512=DIRECTION('center_axis',(0.,0.,1.));
#16513=DIRECTION('ref_axis',(1.,0.,0.));
#16514=DIRECTION('',(-1.,0.,0.));
#16515=DIRECTION('',(1.,0.,0.));
#16516=DIRECTION('',(0.,1.,0.));
#16517=DIRECTION('center_axis',(-1.,0.,0.));
#16518=DIRECTION('ref_axis',(0.,0.,1.));
#16519=DIRECTION('',(0.,0.,-1.));
#16520=DIRECTION('',(0.,0.,1.));
#16521=DIRECTION('center_axis',(0.,-1.,0.));
#16522=DIRECTION('ref_axis',(0.,0.,-1.));
#16523=DIRECTION('center_axis',(0.,1.,0.));
#16524=DIRECTION('ref_axis',(0.,0.,1.));
#16525=DIRECTION('center_axis',(-1.,0.,0.));
#16526=DIRECTION('ref_axis',(0.,0.,1.));
#16527=DIRECTION('',(0.,0.,-1.));
#16528=DIRECTION('',(0.,1.,0.));
#16529=DIRECTION('',(0.,0.,1.));
#16530=DIRECTION('',(0.,1.,0.));
#16531=DIRECTION('center_axis',(0.,0.,-1.));
#16532=DIRECTION('ref_axis',(-1.,0.,0.));
#16533=DIRECTION('',(1.,0.,0.));
#16534=DIRECTION('',(-1.,0.,0.));
#16535=DIRECTION('',(0.,1.,0.));
#16536=DIRECTION('center_axis',(1.,0.,0.));
#16537=DIRECTION('ref_axis',(0.,0.,-1.));
#16538=DIRECTION('',(0.,0.,1.));
#16539=DIRECTION('',(0.,0.,-1.));
#16540=DIRECTION('',(0.,1.,0.));
#16541=DIRECTION('center_axis',(0.,0.,1.));
#16542=DIRECTION('ref_axis',(1.,0.,0.));
#16543=DIRECTION('',(-1.,0.,0.));
#16544=DIRECTION('',(1.,0.,0.));
#16545=DIRECTION('center_axis',(0.,1.,0.));
#16546=DIRECTION('ref_axis',(0.,0.,1.));
#16547=DIRECTION('center_axis',(0.,1.,0.));
#16548=DIRECTION('ref_axis',(0.,0.,1.));
#16549=DIRECTION('center_axis',(0.,0.,-1.));
#16550=DIRECTION('ref_axis',(-1.,0.,0.));
#16551=DIRECTION('',(1.,0.,0.));
#16552=DIRECTION('',(0.,1.,0.));
#16553=DIRECTION('',(-1.,0.,0.));
#16554=DIRECTION('',(0.,1.,0.));
#16555=DIRECTION('center_axis',(1.,0.,0.));
#16556=DIRECTION('ref_axis',(0.,0.,-1.));
#16557=DIRECTION('',(0.,0.,1.));
#16558=DIRECTION('',(0.,0.,-1.));
#16559=DIRECTION('',(0.,1.,0.));
#16560=DIRECTION('center_axis',(0.,0.,1.));
#16561=DIRECTION('ref_axis',(1.,0.,0.));
#16562=DIRECTION('',(-1.,0.,0.));
#16563=DIRECTION('',(1.,0.,0.));
#16564=DIRECTION('',(0.,1.,0.));
#16565=DIRECTION('center_axis',(-1.,0.,0.));
#16566=DIRECTION('ref_axis',(0.,0.,1.));
#16567=DIRECTION('',(0.,0.,-1.));
#16568=DIRECTION('',(0.,0.,1.));
#16569=DIRECTION('center_axis',(0.,-1.,0.));
#16570=DIRECTION('ref_axis',(0.,0.,-1.));
#16571=DIRECTION('center_axis',(0.,1.,0.));
#16572=DIRECTION('ref_axis',(0.,0.,1.));
#16573=DIRECTION('center_axis',(-1.,0.,0.));
#16574=DIRECTION('ref_axis',(0.,0.,1.));
#16575=DIRECTION('',(0.,0.,-1.));
#16576=DIRECTION('',(0.,1.,0.));
#16577=DIRECTION('',(0.,0.,1.));
#16578=DIRECTION('',(0.,1.,0.));
#16579=DIRECTION('center_axis',(0.,0.,-1.));
#16580=DIRECTION('ref_axis',(-1.,0.,0.));
#16581=DIRECTION('',(1.,0.,0.));
#16582=DIRECTION('',(-1.,0.,0.));
#16583=DIRECTION('',(0.,1.,0.));
#16584=DIRECTION('center_axis',(1.,0.,0.));
#16585=DIRECTION('ref_axis',(0.,0.,-1.));
#16586=DIRECTION('',(0.,0.,1.));
#16587=DIRECTION('',(0.,0.,-1.));
#16588=DIRECTION('',(0.,1.,0.));
#16589=DIRECTION('center_axis',(0.,0.,1.));
#16590=DIRECTION('ref_axis',(1.,0.,0.));
#16591=DIRECTION('',(-1.,0.,0.));
#16592=DIRECTION('',(1.,0.,0.));
#16593=DIRECTION('center_axis',(0.,1.,0.));
#16594=DIRECTION('ref_axis',(0.,0.,1.));
#16595=DIRECTION('center_axis',(0.,1.,0.));
#16596=DIRECTION('ref_axis',(0.,0.,1.));
#16597=DIRECTION('center_axis',(1.,0.,0.));
#16598=DIRECTION('ref_axis',(0.,0.,-1.));
#16599=DIRECTION('',(0.,0.,1.));
#16600=DIRECTION('',(0.,1.,0.));
#16601=DIRECTION('',(0.,0.,-1.));
#16602=DIRECTION('',(0.,1.,0.));
#16603=DIRECTION('center_axis',(0.,0.,1.));
#16604=DIRECTION('ref_axis',(1.,0.,0.));
#16605=DIRECTION('',(-1.,0.,0.));
#16606=DIRECTION('',(1.,0.,0.));
#16607=DIRECTION('',(0.,1.,0.));
#16608=DIRECTION('center_axis',(-1.,0.,0.));
#16609=DIRECTION('ref_axis',(0.,0.,1.));
#16610=DIRECTION('',(0.,0.,-1.));
#16611=DIRECTION('',(0.,0.,1.));
#16612=DIRECTION('',(0.,1.,0.));
#16613=DIRECTION('center_axis',(0.,0.,-1.));
#16614=DIRECTION('ref_axis',(-1.,0.,0.));
#16615=DIRECTION('',(1.,0.,0.));
#16616=DIRECTION('',(-1.,0.,0.));
#16617=DIRECTION('center_axis',(0.,1.,0.));
#16618=DIRECTION('ref_axis',(0.,0.,1.));
#16619=DIRECTION('center_axis',(0.,1.,0.));
#16620=DIRECTION('ref_axis',(0.,0.,1.));
#16621=DIRECTION('center_axis',(-1.,0.,0.));
#16622=DIRECTION('ref_axis',(0.,0.,1.));
#16623=DIRECTION('',(0.,0.,-1.));
#16624=DIRECTION('',(0.,1.,0.));
#16625=DIRECTION('',(0.,0.,1.));
#16626=DIRECTION('',(0.,1.,0.));
#16627=DIRECTION('center_axis',(0.,0.,-1.));
#16628=DIRECTION('ref_axis',(-1.,0.,0.));
#16629=DIRECTION('',(1.,0.,0.));
#16630=DIRECTION('',(-1.,0.,0.));
#16631=DIRECTION('',(0.,1.,0.));
#16632=DIRECTION('center_axis',(1.,0.,0.));
#16633=DIRECTION('ref_axis',(0.,0.,-1.));
#16634=DIRECTION('',(0.,0.,1.));
#16635=DIRECTION('',(0.,0.,-1.));
#16636=DIRECTION('',(0.,1.,0.));
#16637=DIRECTION('center_axis',(0.,0.,1.));
#16638=DIRECTION('ref_axis',(1.,0.,0.));
#16639=DIRECTION('',(-1.,0.,0.));
#16640=DIRECTION('',(1.,0.,0.));
#16641=DIRECTION('center_axis',(0.,1.,0.));
#16642=DIRECTION('ref_axis',(0.,0.,1.));
#16643=DIRECTION('center_axis',(0.,1.,0.));
#16644=DIRECTION('ref_axis',(0.,0.,1.));
#16645=DIRECTION('center_axis',(1.,0.,0.));
#16646=DIRECTION('ref_axis',(0.,0.,-1.));
#16647=DIRECTION('',(0.,0.,1.));
#16648=DIRECTION('',(0.,1.,0.));
#16649=DIRECTION('',(0.,0.,-1.));
#16650=DIRECTION('',(0.,1.,0.));
#16651=DIRECTION('center_axis',(0.,0.,1.));
#16652=DIRECTION('ref_axis',(1.,0.,0.));
#16653=DIRECTION('',(-1.,0.,0.));
#16654=DIRECTION('',(1.,0.,0.));
#16655=DIRECTION('',(0.,1.,0.));
#16656=DIRECTION('center_axis',(-1.,0.,0.));
#16657=DIRECTION('ref_axis',(0.,0.,1.));
#16658=DIRECTION('',(0.,0.,-1.));
#16659=DIRECTION('',(0.,0.,1.));
#16660=DIRECTION('',(0.,1.,0.));
#16661=DIRECTION('center_axis',(0.,0.,-1.));
#16662=DIRECTION('ref_axis',(-1.,0.,0.));
#16663=DIRECTION('',(1.,0.,0.));
#16664=DIRECTION('',(-1.,0.,0.));
#16665=DIRECTION('center_axis',(0.,1.,0.));
#16666=DIRECTION('ref_axis',(0.,0.,1.));
#16667=DIRECTION('center_axis',(0.,1.,0.));
#16668=DIRECTION('ref_axis',(0.,0.,1.));
#16669=DIRECTION('center_axis',(-1.,0.,-1.44560289664734E-15));
#16670=DIRECTION('ref_axis',(-1.44560289664734E-15,0.,1.));
#16671=DIRECTION('',(1.44560289664734E-15,0.,-1.));
#16672=DIRECTION('',(0.,1.,0.));
#16673=DIRECTION('',(-1.44560289664734E-15,0.,1.));
#16674=DIRECTION('',(0.,1.,0.));
#16675=DIRECTION('center_axis',(0.,0.,-1.));
#16676=DIRECTION('ref_axis',(-1.,0.,0.));
#16677=DIRECTION('',(1.,0.,0.));
#16678=DIRECTION('',(-1.,0.,0.));
#16679=DIRECTION('',(0.,1.,0.));
#16680=DIRECTION('center_axis',(1.,0.,0.));
#16681=DIRECTION('ref_axis',(0.,0.,-1.));
#16682=DIRECTION('',(0.,0.,1.));
#16683=DIRECTION('',(0.,0.,-1.));
#16684=DIRECTION('',(0.,1.,0.));
#16685=DIRECTION('center_axis',(0.,0.,1.));
#16686=DIRECTION('ref_axis',(1.,0.,0.));
#16687=DIRECTION('',(-1.,0.,0.));
#16688=DIRECTION('',(1.,0.,0.));
#16689=DIRECTION('center_axis',(0.,1.,0.));
#16690=DIRECTION('ref_axis',(0.,0.,1.));
#16691=DIRECTION('center_axis',(0.,1.,0.));
#16692=DIRECTION('ref_axis',(0.,0.,1.));
#16693=DIRECTION('center_axis',(0.,0.,1.));
#16694=DIRECTION('ref_axis',(1.,0.,0.));
#16695=DIRECTION('',(-1.,0.,0.));
#16696=DIRECTION('',(0.,1.,0.));
#16697=DIRECTION('',(1.,0.,0.));
#16698=DIRECTION('',(0.,1.,0.));
#16699=DIRECTION('center_axis',(-1.,0.,0.));
#16700=DIRECTION('ref_axis',(0.,0.,1.));
#16701=DIRECTION('',(0.,0.,-1.));
#16702=DIRECTION('',(0.,0.,1.));
#16703=DIRECTION('',(0.,1.,0.));
#16704=DIRECTION('center_axis',(0.,0.,-1.));
#16705=DIRECTION('ref_axis',(-1.,0.,0.));
#16706=DIRECTION('',(1.,0.,0.));
#16707=DIRECTION('',(-1.,0.,0.));
#16708=DIRECTION('',(0.,1.,0.));
#16709=DIRECTION('center_axis',(1.,0.,0.));
#16710=DIRECTION('ref_axis',(0.,0.,-1.));
#16711=DIRECTION('',(0.,0.,1.));
#16712=DIRECTION('',(0.,0.,-1.));
#16713=DIRECTION('center_axis',(0.,-1.,0.));
#16714=DIRECTION('ref_axis',(0.,0.,-1.));
#16715=DIRECTION('center_axis',(0.,1.,0.));
#16716=DIRECTION('ref_axis',(0.,0.,1.));
#16717=DIRECTION('center_axis',(1.,0.,0.));
#16718=DIRECTION('ref_axis',(0.,0.,-1.));
#16719=DIRECTION('',(0.,0.,1.));
#16720=DIRECTION('',(0.,1.,0.));
#16721=DIRECTION('',(0.,0.,-1.));
#16722=DIRECTION('',(0.,1.,0.));
#16723=DIRECTION('center_axis',(0.,0.,1.));
#16724=DIRECTION('ref_axis',(1.,0.,0.));
#16725=DIRECTION('',(-1.,0.,0.));
#16726=DIRECTION('',(1.,0.,0.));
#16727=DIRECTION('',(0.,1.,0.));
#16728=DIRECTION('center_axis',(-1.,0.,0.));
#16729=DIRECTION('ref_axis',(0.,0.,1.));
#16730=DIRECTION('',(0.,0.,-1.));
#16731=DIRECTION('',(0.,0.,1.));
#16732=DIRECTION('',(0.,1.,0.));
#16733=DIRECTION('center_axis',(0.,0.,-1.));
#16734=DIRECTION('ref_axis',(-1.,0.,0.));
#16735=DIRECTION('',(1.,0.,0.));
#16736=DIRECTION('',(-1.,0.,0.));
#16737=DIRECTION('center_axis',(0.,1.,0.));
#16738=DIRECTION('ref_axis',(0.,0.,1.));
#16739=DIRECTION('center_axis',(0.,1.,0.));
#16740=DIRECTION('ref_axis',(0.,0.,1.));
#16741=DIRECTION('center_axis',(-1.,0.,0.));
#16742=DIRECTION('ref_axis',(0.,0.,1.));
#16743=DIRECTION('',(0.,0.,-1.));
#16744=DIRECTION('',(0.,1.,0.));
#16745=DIRECTION('',(0.,0.,1.));
#16746=DIRECTION('',(0.,1.,0.));
#16747=DIRECTION('center_axis',(0.,0.,-1.));
#16748=DIRECTION('ref_axis',(-1.,0.,0.));
#16749=DIRECTION('',(1.,0.,0.));
#16750=DIRECTION('',(-1.,0.,0.));
#16751=DIRECTION('',(0.,1.,0.));
#16752=DIRECTION('center_axis',(1.,0.,0.));
#16753=DIRECTION('ref_axis',(0.,0.,-1.));
#16754=DIRECTION('',(0.,0.,1.));
#16755=DIRECTION('',(0.,0.,-1.));
#16756=DIRECTION('',(0.,1.,0.));
#16757=DIRECTION('center_axis',(0.,0.,1.));
#16758=DIRECTION('ref_axis',(1.,0.,0.));
#16759=DIRECTION('',(-1.,0.,0.));
#16760=DIRECTION('',(1.,0.,0.));
#16761=DIRECTION('center_axis',(0.,1.,0.));
#16762=DIRECTION('ref_axis',(0.,0.,1.));
#16763=DIRECTION('center_axis',(0.,1.,0.));
#16764=DIRECTION('ref_axis',(0.,0.,1.));
#16765=DIRECTION('center_axis',(1.,0.,0.));
#16766=DIRECTION('ref_axis',(0.,0.,-1.));
#16767=DIRECTION('',(0.,0.,1.));
#16768=DIRECTION('',(0.,1.,0.));
#16769=DIRECTION('',(0.,0.,-1.));
#16770=DIRECTION('',(0.,1.,0.));
#16771=DIRECTION('center_axis',(0.,0.,1.));
#16772=DIRECTION('ref_axis',(1.,0.,0.));
#16773=DIRECTION('',(-1.,0.,0.));
#16774=DIRECTION('',(1.,0.,0.));
#16775=DIRECTION('',(0.,1.,0.));
#16776=DIRECTION('center_axis',(-1.,0.,0.));
#16777=DIRECTION('ref_axis',(0.,0.,1.));
#16778=DIRECTION('',(0.,0.,-1.));
#16779=DIRECTION('',(0.,0.,1.));
#16780=DIRECTION('',(0.,1.,0.));
#16781=DIRECTION('center_axis',(0.,0.,-1.));
#16782=DIRECTION('ref_axis',(-1.,0.,0.));
#16783=DIRECTION('',(1.,0.,0.));
#16784=DIRECTION('',(-1.,0.,0.));
#16785=DIRECTION('center_axis',(0.,1.,0.));
#16786=DIRECTION('ref_axis',(0.,0.,1.));
#16787=DIRECTION('center_axis',(0.,1.,0.));
#16788=DIRECTION('ref_axis',(0.,0.,1.));
#16789=DIRECTION('center_axis',(-1.,0.,0.));
#16790=DIRECTION('ref_axis',(0.,0.,1.));
#16791=DIRECTION('',(0.,0.,-1.));
#16792=DIRECTION('',(0.,1.,0.));
#16793=DIRECTION('',(0.,0.,1.));
#16794=DIRECTION('',(0.,1.,0.));
#16795=DIRECTION('center_axis',(0.,0.,-1.));
#16796=DIRECTION('ref_axis',(-1.,0.,0.));
#16797=DIRECTION('',(1.,0.,0.));
#16798=DIRECTION('',(-1.,0.,0.));
#16799=DIRECTION('',(0.,1.,0.));
#16800=DIRECTION('center_axis',(1.,0.,0.));
#16801=DIRECTION('ref_axis',(0.,0.,-1.));
#16802=DIRECTION('',(0.,0.,1.));
#16803=DIRECTION('',(0.,0.,-1.));
#16804=DIRECTION('',(0.,1.,0.));
#16805=DIRECTION('center_axis',(0.,0.,1.));
#16806=DIRECTION('ref_axis',(1.,0.,0.));
#16807=DIRECTION('',(-1.,0.,0.));
#16808=DIRECTION('',(1.,0.,0.));
#16809=DIRECTION('center_axis',(0.,1.,0.));
#16810=DIRECTION('ref_axis',(0.,0.,1.));
#16811=DIRECTION('center_axis',(0.,1.,0.));
#16812=DIRECTION('ref_axis',(0.,0.,1.));
#16813=DIRECTION('center_axis',(1.,0.,0.));
#16814=DIRECTION('ref_axis',(0.,0.,-1.));
#16815=DIRECTION('',(0.,0.,1.));
#16816=DIRECTION('',(0.,1.,0.));
#16817=DIRECTION('',(0.,0.,-1.));
#16818=DIRECTION('',(0.,1.,0.));
#16819=DIRECTION('center_axis',(0.,0.,1.));
#16820=DIRECTION('ref_axis',(1.,0.,0.));
#16821=DIRECTION('',(-1.,0.,0.));
#16822=DIRECTION('',(1.,0.,0.));
#16823=DIRECTION('',(0.,1.,0.));
#16824=DIRECTION('center_axis',(-1.,0.,0.));
#16825=DIRECTION('ref_axis',(0.,0.,1.));
#16826=DIRECTION('',(0.,0.,-1.));
#16827=DIRECTION('',(0.,0.,1.));
#16828=DIRECTION('',(0.,1.,0.));
#16829=DIRECTION('center_axis',(0.,0.,-1.));
#16830=DIRECTION('ref_axis',(-1.,0.,0.));
#16831=DIRECTION('',(1.,0.,0.));
#16832=DIRECTION('',(-1.,0.,0.));
#16833=DIRECTION('center_axis',(0.,1.,0.));
#16834=DIRECTION('ref_axis',(0.,0.,1.));
#16835=DIRECTION('center_axis',(0.,1.,0.));
#16836=DIRECTION('ref_axis',(0.,0.,1.));
#16837=DIRECTION('center_axis',(0.,0.,-1.));
#16838=DIRECTION('ref_axis',(-1.,0.,0.));
#16839=DIRECTION('',(1.,0.,0.));
#16840=DIRECTION('',(0.,1.,0.));
#16841=DIRECTION('',(-1.,0.,0.));
#16842=DIRECTION('',(0.,1.,0.));
#16843=DIRECTION('center_axis',(1.,0.,0.));
#16844=DIRECTION('ref_axis',(0.,0.,-1.));
#16845=DIRECTION('',(0.,0.,1.));
#16846=DIRECTION('',(0.,0.,-1.));
#16847=DIRECTION('',(0.,1.,0.));
#16848=DIRECTION('center_axis',(0.,0.,1.));
#16849=DIRECTION('ref_axis',(1.,0.,0.));
#16850=DIRECTION('',(-1.,0.,0.));
#16851=DIRECTION('',(1.,0.,0.));
#16852=DIRECTION('',(0.,1.,0.));
#16853=DIRECTION('center_axis',(-1.,0.,0.));
#16854=DIRECTION('ref_axis',(0.,0.,1.));
#16855=DIRECTION('',(0.,0.,-1.));
#16856=DIRECTION('',(0.,0.,1.));
#16857=DIRECTION('center_axis',(0.,-1.,0.));
#16858=DIRECTION('ref_axis',(0.,0.,-1.));
#16859=DIRECTION('center_axis',(0.,1.,0.));
#16860=DIRECTION('ref_axis',(0.,0.,1.));
#16861=DIRECTION('center_axis',(-1.,0.,0.));
#16862=DIRECTION('ref_axis',(0.,0.,1.));
#16863=DIRECTION('',(0.,0.,-1.));
#16864=DIRECTION('',(0.,1.,0.));
#16865=DIRECTION('',(0.,0.,1.));
#16866=DIRECTION('',(0.,1.,0.));
#16867=DIRECTION('center_axis',(0.,0.,-1.));
#16868=DIRECTION('ref_axis',(-1.,0.,0.));
#16869=DIRECTION('',(1.,0.,0.));
#16870=DIRECTION('',(-1.,0.,0.));
#16871=DIRECTION('',(0.,1.,0.));
#16872=DIRECTION('center_axis',(1.,0.,0.));
#16873=DIRECTION('ref_axis',(0.,0.,-1.));
#16874=DIRECTION('',(0.,0.,1.));
#16875=DIRECTION('',(0.,0.,-1.));
#16876=DIRECTION('',(0.,1.,0.));
#16877=DIRECTION('center_axis',(0.,0.,1.));
#16878=DIRECTION('ref_axis',(1.,0.,0.));
#16879=DIRECTION('',(-1.,0.,0.));
#16880=DIRECTION('',(1.,0.,0.));
#16881=DIRECTION('center_axis',(0.,1.,0.));
#16882=DIRECTION('ref_axis',(0.,0.,1.));
#16883=DIRECTION('center_axis',(0.,1.,0.));
#16884=DIRECTION('ref_axis',(0.,0.,1.));
#16885=DIRECTION('center_axis',(0.,0.,-1.));
#16886=DIRECTION('ref_axis',(-1.,0.,0.));
#16887=DIRECTION('',(1.,0.,0.));
#16888=DIRECTION('',(0.,1.,0.));
#16889=DIRECTION('',(-1.,0.,0.));
#16890=DIRECTION('',(0.,1.,0.));
#16891=DIRECTION('center_axis',(1.,0.,0.));
#16892=DIRECTION('ref_axis',(0.,0.,-1.));
#16893=DIRECTION('',(0.,0.,1.));
#16894=DIRECTION('',(0.,0.,-1.));
#16895=DIRECTION('',(0.,1.,0.));
#16896=DIRECTION('center_axis',(0.,0.,1.));
#16897=DIRECTION('ref_axis',(1.,0.,0.));
#16898=DIRECTION('',(-1.,0.,0.));
#16899=DIRECTION('',(1.,0.,0.));
#16900=DIRECTION('',(0.,1.,0.));
#16901=DIRECTION('center_axis',(-1.,0.,0.));
#16902=DIRECTION('ref_axis',(0.,0.,1.));
#16903=DIRECTION('',(0.,0.,-1.));
#16904=DIRECTION('',(0.,0.,1.));
#16905=DIRECTION('center_axis',(0.,-1.,0.));
#16906=DIRECTION('ref_axis',(0.,0.,-1.));
#16907=DIRECTION('center_axis',(0.,1.,0.));
#16908=DIRECTION('ref_axis',(0.,0.,1.));
#16909=DIRECTION('center_axis',(-1.,0.,0.));
#16910=DIRECTION('ref_axis',(0.,0.,1.));
#16911=DIRECTION('',(0.,0.,-1.));
#16912=DIRECTION('',(0.,1.,0.));
#16913=DIRECTION('',(0.,0.,1.));
#16914=DIRECTION('',(0.,1.,0.));
#16915=DIRECTION('center_axis',(0.,0.,-1.));
#16916=DIRECTION('ref_axis',(-1.,0.,0.));
#16917=DIRECTION('',(1.,0.,0.));
#16918=DIRECTION('',(-1.,0.,0.));
#16919=DIRECTION('',(0.,1.,0.));
#16920=DIRECTION('center_axis',(1.,0.,0.));
#16921=DIRECTION('ref_axis',(0.,0.,-1.));
#16922=DIRECTION('',(0.,0.,1.));
#16923=DIRECTION('',(0.,0.,-1.));
#16924=DIRECTION('',(0.,1.,0.));
#16925=DIRECTION('center_axis',(0.,0.,1.));
#16926=DIRECTION('ref_axis',(1.,0.,0.));
#16927=DIRECTION('',(-1.,0.,0.));
#16928=DIRECTION('',(1.,0.,0.));
#16929=DIRECTION('center_axis',(0.,1.,0.));
#16930=DIRECTION('ref_axis',(0.,0.,1.));
#16931=DIRECTION('center_axis',(0.,1.,0.));
#16932=DIRECTION('ref_axis',(0.,0.,1.));
#16933=DIRECTION('center_axis',(0.,0.,-1.));
#16934=DIRECTION('ref_axis',(-1.,0.,0.));
#16935=DIRECTION('',(1.,0.,0.));
#16936=DIRECTION('',(0.,1.,0.));
#16937=DIRECTION('',(-1.,0.,0.));
#16938=DIRECTION('',(0.,1.,0.));
#16939=DIRECTION('center_axis',(1.,0.,0.));
#16940=DIRECTION('ref_axis',(0.,0.,-1.));
#16941=DIRECTION('',(0.,0.,1.));
#16942=DIRECTION('',(0.,0.,-1.));
#16943=DIRECTION('',(0.,1.,0.));
#16944=DIRECTION('center_axis',(0.,0.,1.));
#16945=DIRECTION('ref_axis',(1.,0.,0.));
#16946=DIRECTION('',(-1.,0.,0.));
#16947=DIRECTION('',(1.,0.,0.));
#16948=DIRECTION('',(0.,1.,0.));
#16949=DIRECTION('center_axis',(-1.,0.,0.));
#16950=DIRECTION('ref_axis',(0.,0.,1.));
#16951=DIRECTION('',(0.,0.,-1.));
#16952=DIRECTION('',(0.,0.,1.));
#16953=DIRECTION('center_axis',(0.,-1.,0.));
#16954=DIRECTION('ref_axis',(0.,0.,-1.));
#16955=DIRECTION('center_axis',(0.,1.,0.));
#16956=DIRECTION('ref_axis',(0.,0.,1.));
#16957=DIRECTION('center_axis',(0.,-1.,0.));
#16958=DIRECTION('ref_axis',(0.,0.,-1.));
#16959=DIRECTION('center_axis',(0.,1.,0.));
#16960=DIRECTION('ref_axis',(0.,0.,1.));
#16961=DIRECTION('',(0.,-1.,0.));
#16962=DIRECTION('center_axis',(0.,1.,0.));
#16963=DIRECTION('ref_axis',(0.,0.,1.));
#16964=DIRECTION('center_axis',(0.,-1.,0.));
#16965=DIRECTION('ref_axis',(0.,0.,-1.));
#16966=DIRECTION('center_axis',(0.,1.,0.));
#16967=DIRECTION('ref_axis',(0.,0.,1.));
#16968=DIRECTION('',(0.,-1.,0.));
#16969=DIRECTION('center_axis',(0.,1.,0.));
#16970=DIRECTION('ref_axis',(0.,0.,1.));
#16971=DIRECTION('center_axis',(0.,-1.,0.));
#16972=DIRECTION('ref_axis',(0.,0.,-1.));
#16973=DIRECTION('center_axis',(0.,1.,0.));
#16974=DIRECTION('ref_axis',(0.,0.,1.));
#16975=DIRECTION('',(0.,-1.,0.));
#16976=DIRECTION('center_axis',(0.,1.,0.));
#16977=DIRECTION('ref_axis',(0.,0.,1.));
#16978=DIRECTION('center_axis',(0.,-1.,0.));
#16979=DIRECTION('ref_axis',(0.,0.,-1.));
#16980=DIRECTION('center_axis',(0.,1.,0.));
#16981=DIRECTION('ref_axis',(0.,0.,1.));
#16982=DIRECTION('',(0.,-1.,0.));
#16983=DIRECTION('center_axis',(0.,1.,0.));
#16984=DIRECTION('ref_axis',(0.,0.,1.));
#16985=DIRECTION('center_axis',(0.,-1.,0.));
#16986=DIRECTION('ref_axis',(0.,0.,-1.));
#16987=DIRECTION('center_axis',(0.,1.,0.));
#16988=DIRECTION('ref_axis',(0.,0.,1.));
#16989=DIRECTION('',(0.,-1.,0.));
#16990=DIRECTION('center_axis',(0.,1.,0.));
#16991=DIRECTION('ref_axis',(0.,0.,1.));
#16992=DIRECTION('center_axis',(0.,-1.,0.));
#16993=DIRECTION('ref_axis',(0.,0.,-1.));
#16994=DIRECTION('center_axis',(0.,1.,0.));
#16995=DIRECTION('ref_axis',(0.,0.,1.));
#16996=DIRECTION('',(0.,-1.,0.));
#16997=DIRECTION('center_axis',(0.,1.,0.));
#16998=DIRECTION('ref_axis',(0.,0.,1.));
#16999=DIRECTION('center_axis',(0.,-1.,0.));
#17000=DIRECTION('ref_axis',(0.,0.,-1.));
#17001=DIRECTION('center_axis',(0.,1.,0.));
#17002=DIRECTION('ref_axis',(0.,0.,1.));
#17003=DIRECTION('',(0.,-1.,0.));
#17004=DIRECTION('center_axis',(0.,1.,0.));
#17005=DIRECTION('ref_axis',(0.,0.,1.));
#17006=DIRECTION('center_axis',(0.,-1.,0.));
#17007=DIRECTION('ref_axis',(0.,0.,-1.));
#17008=DIRECTION('center_axis',(0.,1.,0.));
#17009=DIRECTION('ref_axis',(0.,0.,1.));
#17010=DIRECTION('',(0.,-1.,0.));
#17011=DIRECTION('center_axis',(0.,1.,0.));
#17012=DIRECTION('ref_axis',(0.,0.,1.));
#17013=DIRECTION('center_axis',(0.,-1.,0.));
#17014=DIRECTION('ref_axis',(0.,0.,-1.));
#17015=DIRECTION('center_axis',(0.,1.,0.));
#17016=DIRECTION('ref_axis',(0.,0.,1.));
#17017=DIRECTION('',(0.,-1.,0.));
#17018=DIRECTION('center_axis',(0.,1.,0.));
#17019=DIRECTION('ref_axis',(0.,0.,1.));
#17020=DIRECTION('center_axis',(0.,-1.,0.));
#17021=DIRECTION('ref_axis',(0.,0.,-1.));
#17022=DIRECTION('center_axis',(0.,1.,0.));
#17023=DIRECTION('ref_axis',(0.,0.,1.));
#17024=DIRECTION('',(0.,-1.,0.));
#17025=DIRECTION('center_axis',(0.,1.,0.));
#17026=DIRECTION('ref_axis',(0.,0.,1.));
#17027=DIRECTION('center_axis',(0.,-1.,0.));
#17028=DIRECTION('ref_axis',(0.,0.,-1.));
#17029=DIRECTION('center_axis',(0.,1.,0.));
#17030=DIRECTION('ref_axis',(0.,0.,1.));
#17031=DIRECTION('',(0.,-1.,0.));
#17032=DIRECTION('center_axis',(0.,1.,0.));
#17033=DIRECTION('ref_axis',(0.,0.,1.));
#17034=DIRECTION('center_axis',(0.,-1.,0.));
#17035=DIRECTION('ref_axis',(0.,0.,-1.));
#17036=DIRECTION('center_axis',(0.,1.,0.));
#17037=DIRECTION('ref_axis',(0.,0.,1.));
#17038=DIRECTION('',(0.,-1.,0.));
#17039=DIRECTION('center_axis',(0.,1.,0.));
#17040=DIRECTION('ref_axis',(0.,0.,1.));
#17041=DIRECTION('center_axis',(0.,-1.,0.));
#17042=DIRECTION('ref_axis',(0.,0.,-1.));
#17043=DIRECTION('center_axis',(0.,1.,0.));
#17044=DIRECTION('ref_axis',(0.,0.,1.));
#17045=DIRECTION('',(0.,-1.,0.));
#17046=DIRECTION('center_axis',(0.,1.,0.));
#17047=DIRECTION('ref_axis',(0.,0.,1.));
#17048=DIRECTION('center_axis',(0.,-1.,0.));
#17049=DIRECTION('ref_axis',(0.,0.,-1.));
#17050=DIRECTION('center_axis',(0.,1.,0.));
#17051=DIRECTION('ref_axis',(0.,0.,1.));
#17052=DIRECTION('',(0.,-1.,0.));
#17053=DIRECTION('center_axis',(0.,1.,0.));
#17054=DIRECTION('ref_axis',(0.,0.,1.));
#17055=DIRECTION('center_axis',(0.,-1.,0.));
#17056=DIRECTION('ref_axis',(0.,0.,-1.));
#17057=DIRECTION('center_axis',(0.,1.,0.));
#17058=DIRECTION('ref_axis',(0.,0.,1.));
#17059=DIRECTION('',(0.,-1.,0.));
#17060=DIRECTION('center_axis',(0.,1.,0.));
#17061=DIRECTION('ref_axis',(0.,0.,1.));
#17062=DIRECTION('center_axis',(0.,-1.,0.));
#17063=DIRECTION('ref_axis',(0.,0.,-1.));
#17064=DIRECTION('center_axis',(0.,1.,0.));
#17065=DIRECTION('ref_axis',(0.,0.,1.));
#17066=DIRECTION('',(0.,-1.,0.));
#17067=DIRECTION('center_axis',(0.,1.,0.));
#17068=DIRECTION('ref_axis',(0.,0.,1.));
#17069=DIRECTION('center_axis',(0.,-1.,0.));
#17070=DIRECTION('ref_axis',(0.,0.,-1.));
#17071=DIRECTION('center_axis',(0.,1.,0.));
#17072=DIRECTION('ref_axis',(0.,0.,1.));
#17073=DIRECTION('',(0.,-1.,0.));
#17074=DIRECTION('center_axis',(0.,1.,0.));
#17075=DIRECTION('ref_axis',(0.,0.,1.));
#17076=DIRECTION('center_axis',(0.,-1.,0.));
#17077=DIRECTION('ref_axis',(0.,0.,-1.));
#17078=DIRECTION('center_axis',(0.,1.,0.));
#17079=DIRECTION('ref_axis',(0.,0.,1.));
#17080=DIRECTION('',(0.,-1.,0.));
#17081=DIRECTION('center_axis',(0.,1.,0.));
#17082=DIRECTION('ref_axis',(0.,0.,1.));
#17083=DIRECTION('center_axis',(0.,-1.,0.));
#17084=DIRECTION('ref_axis',(0.,0.,-1.));
#17085=DIRECTION('center_axis',(0.,1.,0.));
#17086=DIRECTION('ref_axis',(0.,0.,1.));
#17087=DIRECTION('',(0.,-1.,0.));
#17088=DIRECTION('center_axis',(0.,1.,0.));
#17089=DIRECTION('ref_axis',(0.,0.,1.));
#17090=DIRECTION('center_axis',(0.,-1.,0.));
#17091=DIRECTION('ref_axis',(0.,0.,-1.));
#17092=DIRECTION('center_axis',(0.,1.,0.));
#17093=DIRECTION('ref_axis',(0.,0.,1.));
#17094=DIRECTION('',(0.,-1.,0.));
#17095=DIRECTION('center_axis',(0.,1.,0.));
#17096=DIRECTION('ref_axis',(0.,0.,1.));
#17097=DIRECTION('center_axis',(0.,-1.,0.));
#17098=DIRECTION('ref_axis',(0.,0.,-1.));
#17099=DIRECTION('center_axis',(0.,1.,0.));
#17100=DIRECTION('ref_axis',(0.,0.,1.));
#17101=DIRECTION('',(0.,-1.,0.));
#17102=DIRECTION('center_axis',(0.,1.,0.));
#17103=DIRECTION('ref_axis',(0.,0.,1.));
#17104=DIRECTION('center_axis',(0.,-1.,0.));
#17105=DIRECTION('ref_axis',(0.,0.,-1.));
#17106=DIRECTION('center_axis',(0.,1.,0.));
#17107=DIRECTION('ref_axis',(0.,0.,1.));
#17108=DIRECTION('',(0.,-1.,0.));
#17109=DIRECTION('center_axis',(0.,1.,0.));
#17110=DIRECTION('ref_axis',(0.,0.,1.));
#17111=DIRECTION('center_axis',(0.,-1.,0.));
#17112=DIRECTION('ref_axis',(0.,0.,-1.));
#17113=DIRECTION('center_axis',(0.,1.,0.));
#17114=DIRECTION('ref_axis',(0.,0.,1.));
#17115=DIRECTION('',(0.,-1.,0.));
#17116=DIRECTION('center_axis',(0.,1.,0.));
#17117=DIRECTION('ref_axis',(0.,0.,1.));
#17118=DIRECTION('center_axis',(0.,-1.,0.));
#17119=DIRECTION('ref_axis',(0.,0.,-1.));
#17120=DIRECTION('center_axis',(0.,1.,0.));
#17121=DIRECTION('ref_axis',(0.,0.,1.));
#17122=DIRECTION('',(0.,-1.,0.));
#17123=DIRECTION('center_axis',(0.,1.,0.));
#17124=DIRECTION('ref_axis',(0.,0.,1.));
#17125=DIRECTION('center_axis',(0.,-1.,0.));
#17126=DIRECTION('ref_axis',(0.,0.,-1.));
#17127=DIRECTION('center_axis',(0.,1.,0.));
#17128=DIRECTION('ref_axis',(0.,0.,1.));
#17129=DIRECTION('',(0.,-1.,0.));
#17130=DIRECTION('center_axis',(0.,1.,0.));
#17131=DIRECTION('ref_axis',(0.,0.,1.));
#17132=DIRECTION('center_axis',(0.,-1.,0.));
#17133=DIRECTION('ref_axis',(0.,0.,-1.));
#17134=DIRECTION('center_axis',(0.,1.,0.));
#17135=DIRECTION('ref_axis',(0.,0.,-1.));
#17136=DIRECTION('',(0.,-1.,0.));
#17137=DIRECTION('center_axis',(0.,1.,0.));
#17138=DIRECTION('ref_axis',(0.,0.,-1.));
#17139=DIRECTION('center_axis',(0.,-1.,0.));
#17140=DIRECTION('ref_axis',(0.,0.,-1.));
#17141=DIRECTION('center_axis',(0.,1.,0.));
#17142=DIRECTION('ref_axis',(0.,0.,1.));
#17143=DIRECTION('',(0.,-1.,0.));
#17144=DIRECTION('center_axis',(0.,1.,0.));
#17145=DIRECTION('ref_axis',(0.,0.,1.));
#17146=DIRECTION('center_axis',(0.,-1.,0.));
#17147=DIRECTION('ref_axis',(0.,0.,-1.));
#17148=DIRECTION('center_axis',(0.,1.,0.));
#17149=DIRECTION('ref_axis',(0.,0.,-1.));
#17150=DIRECTION('',(0.,-1.,0.));
#17151=DIRECTION('center_axis',(0.,1.,0.));
#17152=DIRECTION('ref_axis',(0.,0.,-1.));
#17153=DIRECTION('center_axis',(0.,1.,0.));
#17154=DIRECTION('ref_axis',(0.,0.,1.));
#17155=DIRECTION('',(0.,0.,1.));
#17156=DIRECTION('center_axis',(0.,1.,0.));
#17157=DIRECTION('ref_axis',(0.,0.,1.));
#17158=DIRECTION('',(1.,0.,0.));
#17159=DIRECTION('center_axis',(0.,1.,0.));
#17160=DIRECTION('ref_axis',(0.,0.,1.));
#17161=DIRECTION('',(0.,0.,-1.));
#17162=DIRECTION('center_axis',(0.,1.,0.));
#17163=DIRECTION('ref_axis',(0.,0.,1.));
#17164=DIRECTION('',(-1.,0.,0.));
#17165=DIRECTION('center_axis',(0.,1.,0.));
#17166=DIRECTION('ref_axis',(0.,0.,1.));
#17167=DIRECTION('',(1.,0.,0.));
#17168=DIRECTION('',(0.,0.,1.));
#17169=DIRECTION('',(-1.,0.,0.));
#17170=DIRECTION('',(0.,0.,-1.));
#17171=DIRECTION('center_axis',(0.,1.,0.));
#17172=DIRECTION('ref_axis',(0.,0.,1.));
#17173=DIRECTION('',(-1.,0.,0.));
#17174=DIRECTION('center_axis',(0.,-1.,0.));
#17175=DIRECTION('ref_axis',(0.,0.,1.));
#17176=DIRECTION('',(0.,0.,-1.));
#17177=DIRECTION('center_axis',(0.,-1.,0.));
#17178=DIRECTION('ref_axis',(0.,0.,1.));
#17179=DIRECTION('',(1.,0.,0.));
#17180=DIRECTION('center_axis',(0.,-1.,0.));
#17181=DIRECTION('ref_axis',(0.,0.,1.));
#17182=DIRECTION('',(0.,0.,1.));
#17183=DIRECTION('center_axis',(0.,-1.,0.));
#17184=DIRECTION('ref_axis',(2.27504718160893E-14,0.,1.));
#17185=DIRECTION('center_axis',(0.,-1.,0.));
#17186=DIRECTION('ref_axis',(0.,0.,-1.));
#17187=DIRECTION('',(0.,-1.,0.));
#17188=DIRECTION('center_axis',(0.,1.,0.));
#17189=DIRECTION('ref_axis',(0.,0.,1.));
#17190=DIRECTION('',(0.,-1.,0.));
#17191=DIRECTION('center_axis',(0.,-1.,0.));
#17192=DIRECTION('ref_axis',(2.18547839493141E-14,0.,1.));
#17193=DIRECTION('center_axis',(-1.,0.,0.));
#17194=DIRECTION('ref_axis',(0.,0.,1.));
#17195=DIRECTION('',(0.,0.,-1.));
#17196=DIRECTION('',(0.,-1.,0.));
#17197=DIRECTION('',(0.,0.,1.));
#17198=DIRECTION('center_axis',(0.,-1.,0.));
#17199=DIRECTION('ref_axis',(0.,0.,-1.));
#17200=DIRECTION('center_axis',(0.,1.,0.));
#17201=DIRECTION('ref_axis',(0.,0.,1.));
#17202=DIRECTION('',(0.,-1.,0.));
#17203=DIRECTION('center_axis',(0.,-1.,0.));
#17204=DIRECTION('ref_axis',(-1.36592399683213E-15,0.,1.));
#17205=DIRECTION('center_axis',(0.,0.,1.));
#17206=DIRECTION('ref_axis',(1.,0.,0.));
#17207=DIRECTION('',(-1.,0.,0.));
#17208=DIRECTION('',(0.,-1.,0.));
#17209=DIRECTION('',(1.,0.,0.));
#17210=DIRECTION('center_axis',(0.,-1.,0.));
#17211=DIRECTION('ref_axis',(0.,0.,-1.));
#17212=DIRECTION('center_axis',(0.,1.,0.));
#17213=DIRECTION('ref_axis',(0.,0.,1.));
#17214=DIRECTION('',(0.,-1.,0.));
#17215=DIRECTION('center_axis',(0.,-1.,0.));
#17216=DIRECTION('ref_axis',(8.53702498020082E-16,0.,1.));
#17217=DIRECTION('center_axis',(1.,0.,0.));
#17218=DIRECTION('ref_axis',(0.,0.,-1.));
#17219=DIRECTION('',(0.,0.,1.));
#17220=DIRECTION('',(0.,-1.,0.));
#17221=DIRECTION('',(0.,0.,-1.));
#17222=DIRECTION('center_axis',(0.,-1.,0.));
#17223=DIRECTION('ref_axis',(0.,0.,-1.));
#17224=DIRECTION('center_axis',(0.,1.,0.));
#17225=DIRECTION('ref_axis',(0.,0.,1.));
#17226=DIRECTION('',(0.,-1.,0.));
#17227=DIRECTION('center_axis',(0.,-1.,0.));
#17228=DIRECTION('ref_axis',(0.,0.,1.));
#17229=DIRECTION('center_axis',(0.,0.,-1.));
#17230=DIRECTION('ref_axis',(-1.,0.,0.));
#17231=DIRECTION('',(1.,0.,0.));
#17232=DIRECTION('',(-1.,0.,0.));
#17233=DIRECTION('center_axis',(0.,1.,0.));
#17234=DIRECTION('ref_axis',(0.,0.,1.));
#17235=DIRECTION('center_axis',(0.,0.,1.));
#17236=DIRECTION('ref_axis',(1.,0.,0.));
#17237=DIRECTION('center_axis',(-1.,0.,0.));
#17238=DIRECTION('ref_axis',(0.,0.,1.));
#17239=DIRECTION('center_axis',(-1.,0.,0.));
#17240=DIRECTION('ref_axis',(0.,0.,1.));
#17241=DIRECTION('center_axis',(-1.,0.,0.));
#17242=DIRECTION('ref_axis',(0.,0.,1.));
#17243=DIRECTION('center_axis',(0.,0.,-1.));
#17244=DIRECTION('ref_axis',(-1.,0.,0.));
#17245=DIRECTION('center_axis',(0.,0.,1.));
#17246=DIRECTION('ref_axis',(1.,0.,0.));
#17247=DIRECTION('center_axis',(0.,1.,0.));
#17248=DIRECTION('ref_axis',(0.,0.,1.));
#17249=DIRECTION('center_axis',(0.,0.,1.));
#17250=DIRECTION('ref_axis',(1.,0.,0.));
#17251=DIRECTION('center_axis',(0.,1.,0.));
#17252=DIRECTION('ref_axis',(0.,0.,1.));
#17253=DIRECTION('center_axis',(-1.,0.,0.));
#17254=DIRECTION('ref_axis',(0.,0.,1.));
#17255=DIRECTION('center_axis',(0.,0.,1.));
#17256=DIRECTION('ref_axis',(1.,0.,0.));
#17257=DIRECTION('center_axis',(0.,8.67361737988403E-15,1.));
#17258=DIRECTION('ref_axis',(0.,-1.,8.67361737988403E-15));
#17259=DIRECTION('center_axis',(1.,0.,0.));
#17260=DIRECTION('ref_axis',(0.,0.,-1.));
#17261=DIRECTION('center_axis',(-1.,0.,8.67361737988404E-15));
#17262=DIRECTION('ref_axis',(8.67361737988403E-15,0.,1.));
#17263=DIRECTION('center_axis',(0.,1.,0.));
#17264=DIRECTION('ref_axis',(0.,0.,1.));
#17265=DIRECTION('center_axis',(0.,1.,0.));
#17266=DIRECTION('ref_axis',(0.,0.,1.));
#17267=DIRECTION('center_axis',(0.,0.,1.));
#17268=DIRECTION('ref_axis',(1.,0.,0.));
#17269=DIRECTION('center_axis',(-1.,0.,0.));
#17270=DIRECTION('ref_axis',(0.,0.,1.));
#17271=DIRECTION('center_axis',(1.,0.,0.));
#17272=DIRECTION('ref_axis',(0.,0.,-1.));
#17273=DIRECTION('center_axis',(-1.,0.,0.));
#17274=DIRECTION('ref_axis',(0.,0.,1.));
#17275=DIRECTION('center_axis',(0.,0.,1.));
#17276=DIRECTION('ref_axis',(1.,0.,0.));
#17277=DIRECTION('center_axis',(0.,0.,1.));
#17278=DIRECTION('ref_axis',(1.,0.,0.));
#17279=DIRECTION('center_axis',(0.,1.,0.));
#17280=DIRECTION('ref_axis',(0.,0.,1.));
#17281=DIRECTION('center_axis',(0.,0.,1.));
#17282=DIRECTION('ref_axis',(1.,0.,0.));
#17283=DIRECTION('center_axis',(0.,1.,0.));
#17284=DIRECTION('ref_axis',(0.,0.,1.));
#17285=DIRECTION('center_axis',(-1.,0.,0.));
#17286=DIRECTION('ref_axis',(0.,0.,1.));
#17287=DIRECTION('center_axis',(0.,0.,-1.));
#17288=DIRECTION('ref_axis',(-1.,0.,0.));
#17289=DIRECTION('center_axis',(-8.67361737988409E-15,0.,1.));
#17290=DIRECTION('ref_axis',(1.,0.,8.67361737988409E-15));
#17291=DIRECTION('center_axis',(-1.,0.,0.));
#17292=DIRECTION('ref_axis',(0.,0.,1.));
#17293=DIRECTION('center_axis',(-1.,-8.67361737988403E-15,0.));
#17294=DIRECTION('ref_axis',(8.67361737988403E-15,-1.,0.));
#17295=DIRECTION('center_axis',(0.,1.,0.));
#17296=DIRECTION('ref_axis',(0.,0.,1.));
#17297=DIRECTION('center_axis',(1.,0.,0.));
#17298=DIRECTION('ref_axis',(0.,0.,-1.));
#17299=DIRECTION('',(0.,-1.,0.));
#17300=DIRECTION('',(0.,0.,1.));
#17301=DIRECTION('',(0.,-1.,0.));
#17302=DIRECTION('center_axis',(0.,0.,-1.));
#17303=DIRECTION('ref_axis',(-1.,0.,0.));
#17304=DIRECTION('',(0.,-1.,0.));
#17305=DIRECTION('',(1.,0.,0.));
#17306=DIRECTION('center_axis',(-1.,0.,0.));
#17307=DIRECTION('ref_axis',(0.,0.,1.));
#17308=DIRECTION('',(0.,-1.,0.));
#17309=DIRECTION('',(0.,0.,-1.));
#17310=DIRECTION('center_axis',(0.,0.,1.));
#17311=DIRECTION('ref_axis',(1.,0.,0.));
#17312=DIRECTION('',(-1.,0.,0.));
#17313=DIRECTION('center_axis',(0.,1.,0.));
#17314=DIRECTION('ref_axis',(0.,0.,1.));
#17315=CARTESIAN_POINT('',(0.,0.,0.));
#17316=CARTESIAN_POINT('Origin',(11.435,2.65,-12.76));
#17317=CARTESIAN_POINT('',(11.435,2.6,-12.71));
#17318=CARTESIAN_POINT('',(11.435,1.7,-12.71));
#17319=CARTESIAN_POINT('',(11.435,2.65,-12.71));
#17320=CARTESIAN_POINT('',(11.435,1.7,-7.61));
#17321=CARTESIAN_POINT('',(11.435,1.7,-12.76));
#17322=CARTESIAN_POINT('',(11.435,2.6,-7.61));
#17323=CARTESIAN_POINT('',(11.435,2.65,-7.61));
#17324=CARTESIAN_POINT('',(11.435,2.6,-12.76));
#17325=CARTESIAN_POINT('Origin',(11.435,2.65,-7.56));
#17326=CARTESIAN_POINT('',(11.485,1.7,-7.56));
#17327=CARTESIAN_POINT('',(15.185,1.7,-7.56));
#17328=CARTESIAN_POINT('',(11.435,1.7,-7.56));
#17329=CARTESIAN_POINT('',(15.185,2.6,-7.56));
#17330=CARTESIAN_POINT('',(15.185,2.65,-7.56));
#17331=CARTESIAN_POINT('',(11.485,2.6,-7.56));
#17332=CARTESIAN_POINT('',(11.435,2.6,-7.56));
#17333=CARTESIAN_POINT('',(11.485,2.65,-7.56));
#17334=CARTESIAN_POINT('Origin',(15.235,2.65,-12.76));
#17335=CARTESIAN_POINT('',(15.235,1.7,-7.61));
#17336=CARTESIAN_POINT('',(15.235,1.7,-12.71));
#17337=CARTESIAN_POINT('',(15.235,1.7,-12.76));
#17338=CARTESIAN_POINT('',(15.235,2.6,-12.71));
#17339=CARTESIAN_POINT('',(15.235,2.65,-12.71));
#17340=CARTESIAN_POINT('',(15.235,2.6,-7.61));
#17341=CARTESIAN_POINT('',(15.235,2.6,-7.56));
#17342=CARTESIAN_POINT('',(15.235,2.65,-7.61));
#17343=CARTESIAN_POINT('Origin',(11.435,2.65,-12.76));
#17344=CARTESIAN_POINT('',(15.185,2.6,-12.76));
#17345=CARTESIAN_POINT('',(15.185,1.7,-12.76));
#17346=CARTESIAN_POINT('',(15.185,2.65,-12.76));
#17347=CARTESIAN_POINT('',(11.485,1.7,-12.76));
#17348=CARTESIAN_POINT('',(11.435,1.7,-12.76));
#17349=CARTESIAN_POINT('',(11.485,2.6,-12.76));
#17350=CARTESIAN_POINT('',(11.485,2.65,-12.76));
#17351=CARTESIAN_POINT('',(15.235,2.6,-12.76));
#17352=CARTESIAN_POINT('Origin',(0.,2.65,0.));
#17353=CARTESIAN_POINT('',(15.185,2.65,-7.61));
#17354=CARTESIAN_POINT('',(15.185,2.65,-12.71));
#17355=CARTESIAN_POINT('',(15.185,2.65,-12.76));
#17356=CARTESIAN_POINT('',(11.485,2.65,-12.71));
#17357=CARTESIAN_POINT('',(11.435,2.65,-12.71));
#17358=CARTESIAN_POINT('',(11.485,2.65,-7.61));
#17359=CARTESIAN_POINT('',(11.485,2.65,-7.56));
#17360=CARTESIAN_POINT('',(15.235,2.65,-7.61));
#17361=CARTESIAN_POINT('Origin',(0.,1.65,0.));
#17362=CARTESIAN_POINT('',(11.485,1.65,-7.61));
#17363=CARTESIAN_POINT('',(11.485,1.65,-12.71));
#17364=CARTESIAN_POINT('',(11.485,1.65,-7.66280735445909E-15));
#17365=CARTESIAN_POINT('',(15.185,1.65,-12.71));
#17366=CARTESIAN_POINT('',(-1.74065805628936E-14,1.65,-12.71));
#17367=CARTESIAN_POINT('',(15.185,1.65,-7.61));
#17368=CARTESIAN_POINT('',(15.185,1.65,-5.06572615052073E-15));
#17369=CARTESIAN_POINT('',(-1.73700600686625E-15,1.65,-7.61));
#17370=CARTESIAN_POINT('Origin',(-1.73700600686625E-15,2.6,-7.61));
#17371=CARTESIAN_POINT('Origin',(15.185,2.6,-7.61));
#17372=CARTESIAN_POINT('Origin',(11.485,2.6,-7.61));
#17373=CARTESIAN_POINT('Origin',(15.185,2.6,-7.61));
#17374=CARTESIAN_POINT('Origin',(15.185,2.6,-7.61));
#17375=CARTESIAN_POINT('Origin',(15.185,2.6,-7.61));
#17376=CARTESIAN_POINT('Origin',(11.485,2.6,-7.61));
#17377=CARTESIAN_POINT('Origin',(11.485,2.6,-7.61));
#17378=CARTESIAN_POINT('Origin',(11.485,2.6,-7.61));
#17379=CARTESIAN_POINT('Origin',(15.185,2.65,-7.61));
#17380=CARTESIAN_POINT('Origin',(15.185,1.7,-7.61));
#17381=CARTESIAN_POINT('Origin',(15.185,2.6,-5.06572615052073E-15));
#17382=CARTESIAN_POINT('Origin',(15.185,2.6,-12.71));
#17383=CARTESIAN_POINT('Origin',(-1.74065805628936E-14,2.6,-12.71));
#17384=CARTESIAN_POINT('Origin',(11.485,2.6,-12.71));
#17385=CARTESIAN_POINT('Origin',(15.185,2.6,-12.71));
#17386=CARTESIAN_POINT('Origin',(11.485,2.6,-7.66280735445909E-15));
#17387=CARTESIAN_POINT('Origin',(11.485,2.6,-12.71));
#17388=CARTESIAN_POINT('Origin',(11.485,2.65,-7.61));
#17389=CARTESIAN_POINT('Origin',(11.485,1.7,-7.61));
#17390=CARTESIAN_POINT('Origin',(11.435,1.7,-7.61));
#17391=CARTESIAN_POINT('Origin',(15.185,1.7,-7.61));
#17392=CARTESIAN_POINT('Origin',(11.485,1.7,-7.61));
#17393=CARTESIAN_POINT('Origin',(15.185,1.7,-7.61));
#17394=CARTESIAN_POINT('Origin',(15.185,1.7,-7.61));
#17395=CARTESIAN_POINT('Origin',(15.185,2.6,-12.71));
#17396=CARTESIAN_POINT('Origin',(15.185,2.6,-12.71));
#17397=CARTESIAN_POINT('Origin',(11.485,2.6,-12.71));
#17398=CARTESIAN_POINT('Origin',(11.485,2.6,-12.71));
#17399=CARTESIAN_POINT('Origin',(11.485,1.7,-7.61));
#17400=CARTESIAN_POINT('Origin',(11.485,1.7,-7.61));
#17401=CARTESIAN_POINT('Origin',(15.185,1.7,-12.76));
#17402=CARTESIAN_POINT('Origin',(15.185,1.7,-12.71));
#17403=CARTESIAN_POINT('Origin',(15.185,2.65,-12.71));
#17404=CARTESIAN_POINT('Origin',(15.185,1.7,-12.71));
#17405=CARTESIAN_POINT('Origin',(11.485,2.65,-12.71));
#17406=CARTESIAN_POINT('Origin',(11.485,1.7,-12.71));
#17407=CARTESIAN_POINT('Origin',(11.485,1.7,-12.76));
#17408=CARTESIAN_POINT('Origin',(11.485,1.7,-12.71));
#17409=CARTESIAN_POINT('Origin',(15.185,1.7,-12.71));
#17410=CARTESIAN_POINT('Origin',(15.185,1.7,-12.71));
#17411=CARTESIAN_POINT('Origin',(11.485,1.7,-12.71));
#17412=CARTESIAN_POINT('Origin',(11.485,1.7,-12.71));
#17413=CARTESIAN_POINT('Origin',(11.435,1.7,-12.71));
#17414=CARTESIAN_POINT('Origin',(3.718,2.55,-8.112));
#17415=CARTESIAN_POINT('',(3.718,1.65,-8.112));
#17416=CARTESIAN_POINT('',(3.718,1.65,-6.112));
#17417=CARTESIAN_POINT('',(3.718,1.65,-8.112));
#17418=CARTESIAN_POINT('',(3.718,2.55,-6.112));
#17419=CARTESIAN_POINT('',(3.718,2.55,-6.112));
#17420=CARTESIAN_POINT('',(3.718,2.55,-8.112));
#17421=CARTESIAN_POINT('',(3.718,2.55,-8.112));
#17422=CARTESIAN_POINT('',(3.718,2.55,-8.112));
#17423=CARTESIAN_POINT('Origin',(3.718,2.55,-6.112));
#17424=CARTESIAN_POINT('',(4.918,1.65,-6.112));
#17425=CARTESIAN_POINT('',(3.718,1.65,-6.112));
#17426=CARTESIAN_POINT('',(4.918,2.55,-6.112));
#17427=CARTESIAN_POINT('',(4.918,2.55,-6.112));
#17428=CARTESIAN_POINT('',(3.718,2.55,-6.112));
#17429=CARTESIAN_POINT('Origin',(4.918,2.55,-8.112));
#17430=CARTESIAN_POINT('',(4.918,1.65,-8.112));
#17431=CARTESIAN_POINT('',(4.918,1.65,-8.112));
#17432=CARTESIAN_POINT('',(4.918,2.55,-8.112));
#17433=CARTESIAN_POINT('',(4.918,2.55,-8.112));
#17434=CARTESIAN_POINT('',(4.918,2.55,-8.112));
#17435=CARTESIAN_POINT('Origin',(3.718,2.55,-8.112));
#17436=CARTESIAN_POINT('',(3.718,1.65,-8.112));
#17437=CARTESIAN_POINT('',(3.718,2.55,-8.112));
#17438=CARTESIAN_POINT('Origin',(0.,2.55,0.));
#17439=CARTESIAN_POINT('Origin',(0.,1.65,0.));
#17440=CARTESIAN_POINT('Origin',(6.62,2.55,-8.728));
#17441=CARTESIAN_POINT('',(6.62,1.65,-8.728));
#17442=CARTESIAN_POINT('',(6.62,1.65,-7.528));
#17443=CARTESIAN_POINT('',(6.62,1.65,-8.728));
#17444=CARTESIAN_POINT('',(6.62,2.55,-7.528));
#17445=CARTESIAN_POINT('',(6.62,2.55,-7.528));
#17446=CARTESIAN_POINT('',(6.62,2.55,-8.728));
#17447=CARTESIAN_POINT('',(6.62,2.55,-8.728));
#17448=CARTESIAN_POINT('',(6.62,2.55,-8.728));
#17449=CARTESIAN_POINT('Origin',(6.62,2.55,-7.528));
#17450=CARTESIAN_POINT('',(8.62,1.65,-7.528));
#17451=CARTESIAN_POINT('',(6.62,1.65,-7.528));
#17452=CARTESIAN_POINT('',(8.62,2.55,-7.528));
#17453=CARTESIAN_POINT('',(8.62,2.55,-7.528));
#17454=CARTESIAN_POINT('',(6.62,2.55,-7.528));
#17455=CARTESIAN_POINT('Origin',(8.62,2.55,-8.728));
#17456=CARTESIAN_POINT('',(8.62,1.65,-8.728));
#17457=CARTESIAN_POINT('',(8.62,1.65,-8.728));
#17458=CARTESIAN_POINT('',(8.62,2.55,-8.728));
#17459=CARTESIAN_POINT('',(8.62,2.55,-8.728));
#17460=CARTESIAN_POINT('',(8.62,2.55,-8.728));
#17461=CARTESIAN_POINT('Origin',(6.62,2.55,-8.728));
#17462=CARTESIAN_POINT('',(6.62,1.65,-8.728));
#17463=CARTESIAN_POINT('',(6.62,2.55,-8.728));
#17464=CARTESIAN_POINT('Origin',(0.,2.55,0.));
#17465=CARTESIAN_POINT('Origin',(0.,1.65,0.));
#17466=CARTESIAN_POINT('Origin',(6.112,2.55,-16.221));
#17467=CARTESIAN_POINT('',(6.112,1.65,-16.221));
#17468=CARTESIAN_POINT('',(6.112,1.65,-15.021));
#17469=CARTESIAN_POINT('',(6.112,1.65,-16.221));
#17470=CARTESIAN_POINT('',(6.112,2.55,-15.021));
#17471=CARTESIAN_POINT('',(6.112,2.55,-15.021));
#17472=CARTESIAN_POINT('',(6.112,2.55,-16.221));
#17473=CARTESIAN_POINT('',(6.112,2.55,-16.221));
#17474=CARTESIAN_POINT('',(6.112,2.55,-16.221));
#17475=CARTESIAN_POINT('Origin',(6.112,2.55,-15.021));
#17476=CARTESIAN_POINT('',(8.112,1.65,-15.021));
#17477=CARTESIAN_POINT('',(6.112,1.65,-15.021));
#17478=CARTESIAN_POINT('',(8.112,2.55,-15.021));
#17479=CARTESIAN_POINT('',(8.112,2.55,-15.021));
#17480=CARTESIAN_POINT('',(6.112,2.55,-15.021));
#17481=CARTESIAN_POINT('Origin',(8.112,2.55,-16.221));
#17482=CARTESIAN_POINT('',(8.112,1.65,-16.221));
#17483=CARTESIAN_POINT('',(8.112,1.65,-16.221));
#17484=CARTESIAN_POINT('',(8.112,2.55,-16.221));
#17485=CARTESIAN_POINT('',(8.112,2.55,-16.221));
#17486=CARTESIAN_POINT('',(8.112,2.55,-16.221));
#17487=CARTESIAN_POINT('Origin',(6.112,2.55,-16.221));
#17488=CARTESIAN_POINT('',(6.112,1.65,-16.221));
#17489=CARTESIAN_POINT('',(6.112,2.55,-16.221));
#17490=CARTESIAN_POINT('Origin',(0.,2.55,0.));
#17491=CARTESIAN_POINT('Origin',(0.,1.65,0.));
#17492=CARTESIAN_POINT('Origin',(16.526,2.55,-9.363));
#17493=CARTESIAN_POINT('',(16.526,1.65,-9.363));
#17494=CARTESIAN_POINT('',(16.526,1.65,-8.163));
#17495=CARTESIAN_POINT('',(16.526,1.65,-9.363));
#17496=CARTESIAN_POINT('',(16.526,2.55,-8.163));
#17497=CARTESIAN_POINT('',(16.526,2.55,-8.163));
#17498=CARTESIAN_POINT('',(16.526,2.55,-9.363));
#17499=CARTESIAN_POINT('',(16.526,2.55,-9.363));
#17500=CARTESIAN_POINT('',(16.526,2.55,-9.363));
#17501=CARTESIAN_POINT('Origin',(16.526,2.55,-8.163));
#17502=CARTESIAN_POINT('',(18.526,1.65,-8.163));
#17503=CARTESIAN_POINT('',(16.526,1.65,-8.163));
#17504=CARTESIAN_POINT('',(18.526,2.55,-8.163));
#17505=CARTESIAN_POINT('',(18.526,2.55,-8.163));
#17506=CARTESIAN_POINT('',(16.526,2.55,-8.163));
#17507=CARTESIAN_POINT('Origin',(18.526,2.55,-9.363));
#17508=CARTESIAN_POINT('',(18.526,1.65,-9.363));
#17509=CARTESIAN_POINT('',(18.526,1.65,-9.363));
#17510=CARTESIAN_POINT('',(18.526,2.55,-9.363));
#17511=CARTESIAN_POINT('',(18.526,2.55,-9.363));
#17512=CARTESIAN_POINT('',(18.526,2.55,-9.363));
#17513=CARTESIAN_POINT('Origin',(16.526,2.55,-9.363));
#17514=CARTESIAN_POINT('',(16.526,1.65,-9.363));
#17515=CARTESIAN_POINT('',(16.526,2.55,-9.363));
#17516=CARTESIAN_POINT('Origin',(0.,2.55,0.));
#17517=CARTESIAN_POINT('Origin',(0.,1.65,0.));
#17518=CARTESIAN_POINT('Origin',(11.846,2.55,-6.207));
#17519=CARTESIAN_POINT('',(11.846,1.65,-6.207));
#17520=CARTESIAN_POINT('',(11.846,1.65,-4.207));
#17521=CARTESIAN_POINT('',(11.846,1.65,-6.207));
#17522=CARTESIAN_POINT('',(11.846,2.55,-4.207));
#17523=CARTESIAN_POINT('',(11.846,2.55,-4.207));
#17524=CARTESIAN_POINT('',(11.846,2.55,-6.207));
#17525=CARTESIAN_POINT('',(11.846,2.55,-6.207));
#17526=CARTESIAN_POINT('',(11.846,2.55,-6.207));
#17527=CARTESIAN_POINT('Origin',(11.846,2.55,-4.207));
#17528=CARTESIAN_POINT('',(13.046,1.65,-4.207));
#17529=CARTESIAN_POINT('',(11.846,1.65,-4.207));
#17530=CARTESIAN_POINT('',(13.046,2.55,-4.207));
#17531=CARTESIAN_POINT('',(13.046,2.55,-4.207));
#17532=CARTESIAN_POINT('',(11.846,2.55,-4.207));
#17533=CARTESIAN_POINT('Origin',(13.046,2.55,-6.207));
#17534=CARTESIAN_POINT('',(13.046,1.65,-6.207));
#17535=CARTESIAN_POINT('',(13.046,1.65,-6.207));
#17536=CARTESIAN_POINT('',(13.046,2.55,-6.207));
#17537=CARTESIAN_POINT('',(13.046,2.55,-6.207));
#17538=CARTESIAN_POINT('',(13.046,2.55,-6.207));
#17539=CARTESIAN_POINT('Origin',(11.846,2.55,-6.207));
#17540=CARTESIAN_POINT('',(11.846,1.65,-6.207));
#17541=CARTESIAN_POINT('',(11.846,2.55,-6.207));
#17542=CARTESIAN_POINT('Origin',(0.,2.55,0.));
#17543=CARTESIAN_POINT('Origin',(0.,1.65,0.));
#17544=CARTESIAN_POINT('Origin',(9.941,2.55,-6.334));
#17545=CARTESIAN_POINT('',(9.941,1.65,-6.334));
#17546=CARTESIAN_POINT('',(9.941,1.65,-4.334));
#17547=CARTESIAN_POINT('',(9.941,1.65,-6.334));
#17548=CARTESIAN_POINT('',(9.941,2.55,-4.334));
#17549=CARTESIAN_POINT('',(9.941,2.55,-4.334));
#17550=CARTESIAN_POINT('',(9.941,2.55,-6.334));
#17551=CARTESIAN_POINT('',(9.941,2.55,-6.334));
#17552=CARTESIAN_POINT('',(9.941,2.55,-6.334));
#17553=CARTESIAN_POINT('Origin',(9.941,2.55,-4.334));
#17554=CARTESIAN_POINT('',(11.141,1.65,-4.334));
#17555=CARTESIAN_POINT('',(9.941,1.65,-4.334));
#17556=CARTESIAN_POINT('',(11.141,2.55,-4.334));
#17557=CARTESIAN_POINT('',(11.141,2.55,-4.334));
#17558=CARTESIAN_POINT('',(9.941,2.55,-4.334));
#17559=CARTESIAN_POINT('Origin',(11.141,2.55,-6.334));
#17560=CARTESIAN_POINT('',(11.141,1.65,-6.334));
#17561=CARTESIAN_POINT('',(11.141,1.65,-6.334));
#17562=CARTESIAN_POINT('',(11.141,2.55,-6.334));
#17563=CARTESIAN_POINT('',(11.141,2.55,-6.334));
#17564=CARTESIAN_POINT('',(11.141,2.55,-6.334));
#17565=CARTESIAN_POINT('Origin',(9.941,2.55,-6.334));
#17566=CARTESIAN_POINT('',(9.941,1.65,-6.334));
#17567=CARTESIAN_POINT('',(9.941,2.55,-6.334));
#17568=CARTESIAN_POINT('Origin',(0.,2.55,0.));
#17569=CARTESIAN_POINT('Origin',(0.,1.65,0.));
#17570=CARTESIAN_POINT('Origin',(13.98,2.25,-6.334));
#17571=CARTESIAN_POINT('',(13.98,1.65,-6.334));
#17572=CARTESIAN_POINT('',(13.98,1.65,-4.334));
#17573=CARTESIAN_POINT('',(13.98,1.65,-6.334));
#17574=CARTESIAN_POINT('',(13.98,2.25,-4.334));
#17575=CARTESIAN_POINT('',(13.98,2.25,-4.334));
#17576=CARTESIAN_POINT('',(13.98,2.25,-6.334));
#17577=CARTESIAN_POINT('',(13.98,2.25,-6.334));
#17578=CARTESIAN_POINT('',(13.98,2.25,-6.334));
#17579=CARTESIAN_POINT('Origin',(13.98,2.25,-4.334));
#17580=CARTESIAN_POINT('',(15.23,1.65,-4.334));
#17581=CARTESIAN_POINT('',(13.98,1.65,-4.334));
#17582=CARTESIAN_POINT('',(15.23,2.25,-4.334));
#17583=CARTESIAN_POINT('',(15.23,2.25,-4.334));
#17584=CARTESIAN_POINT('',(13.98,2.25,-4.334));
#17585=CARTESIAN_POINT('Origin',(15.23,2.25,-6.334));
#17586=CARTESIAN_POINT('',(15.23,1.65,-6.334));
#17587=CARTESIAN_POINT('',(15.23,1.65,-6.334));
#17588=CARTESIAN_POINT('',(15.23,2.25,-6.334));
#17589=CARTESIAN_POINT('',(15.23,2.25,-6.334));
#17590=CARTESIAN_POINT('',(15.23,2.25,-6.334));
#17591=CARTESIAN_POINT('Origin',(13.98,2.25,-6.334));
#17592=CARTESIAN_POINT('',(13.98,1.65,-6.334));
#17593=CARTESIAN_POINT('',(13.98,2.25,-6.334));
#17594=CARTESIAN_POINT('Origin',(0.,2.25,0.));
#17595=CARTESIAN_POINT('Origin',(0.,1.65,0.));
#17596=CARTESIAN_POINT('Origin',(17.282,2.25,-6.334));
#17597=CARTESIAN_POINT('',(17.282,1.65,-6.334));
#17598=CARTESIAN_POINT('',(17.282,1.65,-4.334));
#17599=CARTESIAN_POINT('',(17.282,1.65,-6.334));
#17600=CARTESIAN_POINT('',(17.282,2.25,-4.334));
#17601=CARTESIAN_POINT('',(17.282,2.25,-4.334));
#17602=CARTESIAN_POINT('',(17.282,2.25,-6.334));
#17603=CARTESIAN_POINT('',(17.282,2.25,-6.334));
#17604=CARTESIAN_POINT('',(17.282,2.25,-6.334));
#17605=CARTESIAN_POINT('Origin',(17.282,2.25,-4.334));
#17606=CARTESIAN_POINT('',(18.532,1.65,-4.334));
#17607=CARTESIAN_POINT('',(17.282,1.65,-4.334));
#17608=CARTESIAN_POINT('',(18.532,2.25,-4.334));
#17609=CARTESIAN_POINT('',(18.532,2.25,-4.334));
#17610=CARTESIAN_POINT('',(17.282,2.25,-4.334));
#17611=CARTESIAN_POINT('Origin',(18.532,2.25,-6.334));
#17612=CARTESIAN_POINT('',(18.532,1.65,-6.334));
#17613=CARTESIAN_POINT('',(18.532,1.65,-6.334));
#17614=CARTESIAN_POINT('',(18.532,2.25,-6.334));
#17615=CARTESIAN_POINT('',(18.532,2.25,-6.334));
#17616=CARTESIAN_POINT('',(18.532,2.25,-6.334));
#17617=CARTESIAN_POINT('Origin',(17.282,2.25,-6.334));
#17618=CARTESIAN_POINT('',(17.282,1.65,-6.334));
#17619=CARTESIAN_POINT('',(17.282,2.25,-6.334));
#17620=CARTESIAN_POINT('Origin',(0.,2.25,0.));
#17621=CARTESIAN_POINT('Origin',(0.,1.65,0.));
#17622=CARTESIAN_POINT('Origin',(20.209,2.25,-8.499));
#17623=CARTESIAN_POINT('',(20.209,1.65,-8.499));
#17624=CARTESIAN_POINT('',(20.209,1.65,-7.249));
#17625=CARTESIAN_POINT('',(20.209,1.65,-8.499));
#17626=CARTESIAN_POINT('',(20.209,2.25,-7.249));
#17627=CARTESIAN_POINT('',(20.209,2.25,-7.249));
#17628=CARTESIAN_POINT('',(20.209,2.25,-8.499));
#17629=CARTESIAN_POINT('',(20.209,2.25,-8.499));
#17630=CARTESIAN_POINT('',(20.209,2.25,-8.499));
#17631=CARTESIAN_POINT('Origin',(20.209,2.25,-7.249));
#17632=CARTESIAN_POINT('',(22.209,1.65,-7.249));
#17633=CARTESIAN_POINT('',(20.209,1.65,-7.249));
#17634=CARTESIAN_POINT('',(22.209,2.25,-7.249));
#17635=CARTESIAN_POINT('',(22.209,2.25,-7.249));
#17636=CARTESIAN_POINT('',(20.209,2.25,-7.249));
#17637=CARTESIAN_POINT('Origin',(22.209,2.25,-8.499));
#17638=CARTESIAN_POINT('',(22.209,1.65,-8.499));
#17639=CARTESIAN_POINT('',(22.209,1.65,-8.499));
#17640=CARTESIAN_POINT('',(22.209,2.25,-8.499));
#17641=CARTESIAN_POINT('',(22.209,2.25,-8.499));
#17642=CARTESIAN_POINT('',(22.209,2.25,-8.499));
#17643=CARTESIAN_POINT('Origin',(20.209,2.25,-8.499));
#17644=CARTESIAN_POINT('',(20.209,1.65,-8.499));
#17645=CARTESIAN_POINT('',(20.209,2.25,-8.499));
#17646=CARTESIAN_POINT('Origin',(0.,2.25,0.));
#17647=CARTESIAN_POINT('Origin',(0.,1.65,0.));
#17648=CARTESIAN_POINT('Origin',(20.463,2.25,-11.547));
#17649=CARTESIAN_POINT('',(20.463,1.65,-11.547));
#17650=CARTESIAN_POINT('',(20.463,1.65,-10.297));
#17651=CARTESIAN_POINT('',(20.463,1.65,-11.547));
#17652=CARTESIAN_POINT('',(20.463,2.25,-10.297));
#17653=CARTESIAN_POINT('',(20.463,2.25,-10.297));
#17654=CARTESIAN_POINT('',(20.463,2.25,-11.547));
#17655=CARTESIAN_POINT('',(20.463,2.25,-11.547));
#17656=CARTESIAN_POINT('',(20.463,2.25,-11.547));
#17657=CARTESIAN_POINT('Origin',(20.463,2.25,-10.297));
#17658=CARTESIAN_POINT('',(22.463,1.65,-10.297));
#17659=CARTESIAN_POINT('',(20.463,1.65,-10.297));
#17660=CARTESIAN_POINT('',(22.463,2.25,-10.297));
#17661=CARTESIAN_POINT('',(22.463,2.25,-10.297));
#17662=CARTESIAN_POINT('',(20.463,2.25,-10.297));
#17663=CARTESIAN_POINT('Origin',(22.463,2.25,-11.547));
#17664=CARTESIAN_POINT('',(22.463,1.65,-11.547));
#17665=CARTESIAN_POINT('',(22.463,1.65,-11.547));
#17666=CARTESIAN_POINT('',(22.463,2.25,-11.547));
#17667=CARTESIAN_POINT('',(22.463,2.25,-11.547));
#17668=CARTESIAN_POINT('',(22.463,2.25,-11.547));
#17669=CARTESIAN_POINT('Origin',(20.463,2.25,-11.547));
#17670=CARTESIAN_POINT('',(20.463,1.65,-11.547));
#17671=CARTESIAN_POINT('',(20.463,2.25,-11.547));
#17672=CARTESIAN_POINT('Origin',(0.,2.25,0.));
#17673=CARTESIAN_POINT('Origin',(0.,1.65,0.));
#17674=CARTESIAN_POINT('Origin',(16.399,2.25,-13.833));
#17675=CARTESIAN_POINT('',(16.399,1.65,-13.833));
#17676=CARTESIAN_POINT('',(16.399,1.65,-12.583));
#17677=CARTESIAN_POINT('',(16.399,1.65,-13.833));
#17678=CARTESIAN_POINT('',(16.399,2.25,-12.583));
#17679=CARTESIAN_POINT('',(16.399,2.25,-12.583));
#17680=CARTESIAN_POINT('',(16.399,2.25,-13.833));
#17681=CARTESIAN_POINT('',(16.399,2.25,-13.833));
#17682=CARTESIAN_POINT('',(16.399,2.25,-13.833));
#17683=CARTESIAN_POINT('Origin',(16.399,2.25,-12.583));
#17684=CARTESIAN_POINT('',(18.399,1.65,-12.583));
#17685=CARTESIAN_POINT('',(16.399,1.65,-12.583));
#17686=CARTESIAN_POINT('',(18.399,2.25,-12.583));
#17687=CARTESIAN_POINT('',(18.399,2.25,-12.583));
#17688=CARTESIAN_POINT('',(16.399,2.25,-12.583));
#17689=CARTESIAN_POINT('Origin',(18.399,2.25,-13.833));
#17690=CARTESIAN_POINT('',(18.399,1.65,-13.833));
#17691=CARTESIAN_POINT('',(18.399,1.65,-13.833));
#17692=CARTESIAN_POINT('',(18.399,2.25,-13.833));
#17693=CARTESIAN_POINT('',(18.399,2.25,-13.833));
#17694=CARTESIAN_POINT('',(18.399,2.25,-13.833));
#17695=CARTESIAN_POINT('Origin',(16.399,2.25,-13.833));
#17696=CARTESIAN_POINT('',(16.399,1.65,-13.833));
#17697=CARTESIAN_POINT('',(16.399,2.25,-13.833));
#17698=CARTESIAN_POINT('Origin',(0.,2.25,0.));
#17699=CARTESIAN_POINT('Origin',(0.,1.65,0.));
#17700=CARTESIAN_POINT('Origin',(16.272,2.25,-16.5));
#17701=CARTESIAN_POINT('',(16.272,1.65,-16.5));
#17702=CARTESIAN_POINT('',(16.272,1.65,-15.25));
#17703=CARTESIAN_POINT('',(16.272,1.65,-16.5));
#17704=CARTESIAN_POINT('',(16.272,2.25,-15.25));
#17705=CARTESIAN_POINT('',(16.272,2.25,-15.25));
#17706=CARTESIAN_POINT('',(16.272,2.25,-16.5));
#17707=CARTESIAN_POINT('',(16.272,2.25,-16.5));
#17708=CARTESIAN_POINT('',(16.272,2.25,-16.5));
#17709=CARTESIAN_POINT('Origin',(16.272,2.25,-15.25));
#17710=CARTESIAN_POINT('',(18.272,1.65,-15.25));
#17711=CARTESIAN_POINT('',(16.272,1.65,-15.25));
#17712=CARTESIAN_POINT('',(18.272,2.25,-15.25));
#17713=CARTESIAN_POINT('',(18.272,2.25,-15.25));
#17714=CARTESIAN_POINT('',(16.272,2.25,-15.25));
#17715=CARTESIAN_POINT('Origin',(18.272,2.25,-16.5));
#17716=CARTESIAN_POINT('',(18.272,1.65,-16.5));
#17717=CARTESIAN_POINT('',(18.272,1.65,-16.5));
#17718=CARTESIAN_POINT('',(18.272,2.25,-16.5));
#17719=CARTESIAN_POINT('',(18.272,2.25,-16.5));
#17720=CARTESIAN_POINT('',(18.272,2.25,-16.5));
#17721=CARTESIAN_POINT('Origin',(16.272,2.25,-16.5));
#17722=CARTESIAN_POINT('',(16.272,1.65,-16.5));
#17723=CARTESIAN_POINT('',(16.272,2.25,-16.5));
#17724=CARTESIAN_POINT('Origin',(0.,2.25,0.));
#17725=CARTESIAN_POINT('Origin',(0.,1.65,0.));
#17726=CARTESIAN_POINT('Origin',(12.71,2.25,-14.24));
#17727=CARTESIAN_POINT('',(12.71,1.65,-16.24));
#17728=CARTESIAN_POINT('',(12.71,1.65,-14.24));
#17729=CARTESIAN_POINT('',(12.71,1.65,-14.24));
#17730=CARTESIAN_POINT('',(12.71,2.25,-14.24));
#17731=CARTESIAN_POINT('',(12.71,2.25,-14.24));
#17732=CARTESIAN_POINT('',(12.71,2.25,-16.24));
#17733=CARTESIAN_POINT('',(12.71,2.25,-14.24));
#17734=CARTESIAN_POINT('',(12.71,2.25,-16.24));
#17735=CARTESIAN_POINT('Origin',(12.71,2.25,-14.24));
#17736=CARTESIAN_POINT('',(13.96,1.65,-14.24));
#17737=CARTESIAN_POINT('',(12.71,1.65,-14.24));
#17738=CARTESIAN_POINT('',(13.96,2.25,-14.24));
#17739=CARTESIAN_POINT('',(13.96,2.25,-14.24));
#17740=CARTESIAN_POINT('',(12.71,2.25,-14.24));
#17741=CARTESIAN_POINT('Origin',(13.96,2.25,-14.24));
#17742=CARTESIAN_POINT('',(13.96,1.65,-16.24));
#17743=CARTESIAN_POINT('',(13.96,1.65,-14.24));
#17744=CARTESIAN_POINT('',(13.96,2.25,-16.24));
#17745=CARTESIAN_POINT('',(13.96,2.25,-16.24));
#17746=CARTESIAN_POINT('',(13.96,2.25,-14.24));
#17747=CARTESIAN_POINT('Origin',(12.71,2.25,-16.24));
#17748=CARTESIAN_POINT('',(12.71,1.65,-16.24));
#17749=CARTESIAN_POINT('',(12.71,2.25,-16.24));
#17750=CARTESIAN_POINT('Origin',(0.,2.25,0.));
#17751=CARTESIAN_POINT('Origin',(0.,1.65,0.));
#17752=CARTESIAN_POINT('Origin',(10.805,2.25,-14.367));
#17753=CARTESIAN_POINT('',(10.805,1.65,-16.367));
#17754=CARTESIAN_POINT('',(10.805,1.65,-14.367));
#17755=CARTESIAN_POINT('',(10.805,1.65,-14.367));
#17756=CARTESIAN_POINT('',(10.805,2.25,-14.367));
#17757=CARTESIAN_POINT('',(10.805,2.25,-14.367));
#17758=CARTESIAN_POINT('',(10.805,2.25,-16.367));
#17759=CARTESIAN_POINT('',(10.805,2.25,-14.367));
#17760=CARTESIAN_POINT('',(10.805,2.25,-16.367));
#17761=CARTESIAN_POINT('Origin',(10.805,2.25,-14.367));
#17762=CARTESIAN_POINT('',(12.055,1.65,-14.367));
#17763=CARTESIAN_POINT('',(10.805,1.65,-14.367));
#17764=CARTESIAN_POINT('',(12.055,2.25,-14.367));
#17765=CARTESIAN_POINT('',(12.055,2.25,-14.367));
#17766=CARTESIAN_POINT('',(10.805,2.25,-14.367));
#17767=CARTESIAN_POINT('Origin',(12.055,2.25,-14.367));
#17768=CARTESIAN_POINT('',(12.055,1.65,-16.367));
#17769=CARTESIAN_POINT('',(12.055,1.65,-14.367));
#17770=CARTESIAN_POINT('',(12.055,2.25,-16.367));
#17771=CARTESIAN_POINT('',(12.055,2.25,-16.367));
#17772=CARTESIAN_POINT('',(12.055,2.25,-14.367));
#17773=CARTESIAN_POINT('Origin',(10.805,2.25,-16.367));
#17774=CARTESIAN_POINT('',(10.805,1.65,-16.367));
#17775=CARTESIAN_POINT('',(10.805,2.25,-16.367));
#17776=CARTESIAN_POINT('Origin',(0.,2.25,0.));
#17777=CARTESIAN_POINT('Origin',(0.,1.65,0.));
#17778=CARTESIAN_POINT('Origin',(0.,2.825,0.));
#17779=CARTESIAN_POINT('',(6.79703291861799,2.825,-6.67996708138201));
#17780=CARTESIAN_POINT('',(6.79703291861799,2.825,-3.98803291861799));
#17781=CARTESIAN_POINT('',(6.79703291861799,2.825,-3.884));
#17782=CARTESIAN_POINT('',(8.18896708138201,2.825,-3.98803291861799));
#17783=CARTESIAN_POINT('',(8.18896708138201,2.825,-3.98803291861799));
#17784=CARTESIAN_POINT('',(8.188967081382,2.825,-6.67996708138201));
#17785=CARTESIAN_POINT('',(8.188967081382,2.825,-6.784));
#17786=CARTESIAN_POINT('',(6.79703291861799,2.825,-6.67996708138201));
#17787=CARTESIAN_POINT('Origin',(0.,1.65,0.));
#17788=CARTESIAN_POINT('',(6.79703291861799,1.65,-3.98803291861799));
#17789=CARTESIAN_POINT('',(6.79703291861799,1.65,-6.67996708138201));
#17790=CARTESIAN_POINT('',(6.79703291861799,1.65,0.));
#17791=CARTESIAN_POINT('',(8.188967081382,1.65,-6.67996708138201));
#17792=CARTESIAN_POINT('',(0.,1.65,-6.67996708138201));
#17793=CARTESIAN_POINT('',(8.18896708138201,1.65,-3.98803291861799));
#17794=CARTESIAN_POINT('',(8.18896708138201,1.65,-9.79696099315493E-15));
#17795=CARTESIAN_POINT('',(0.,1.65,-3.98803291861799));
#17796=CARTESIAN_POINT('Origin',(6.693,2.24000000000001,-6.784));
#17797=CARTESIAN_POINT('',(6.69344081745177,2.2375,-6.78355918254823));
#17798=CARTESIAN_POINT('',(6.69344081745177,2.2375,-3.88444081745177));
#17799=CARTESIAN_POINT('',(6.69344081745177,2.2375,0.));
#17800=CARTESIAN_POINT('',(6.693,2.24000000000001,-6.784));
#17801=CARTESIAN_POINT('',(6.77788607160528,1.75858716536619,-3.96888607160528));
#17802=CARTESIAN_POINT('Origin',(6.79703291861799,2.825,0.));
#17803=CARTESIAN_POINT('',(6.68029897106833,2.16296888552936,-3.87129897106833));
#17804=CARTESIAN_POINT('',(6.99256263033907,3.93390409927886,-6.48443736966093));
#17805=CARTESIAN_POINT('Origin',(8.293,2.24000000000001,-6.784));
#17806=CARTESIAN_POINT('',(8.29255918254822,2.2375,-6.78355918254823));
#17807=CARTESIAN_POINT('',(8.293,2.24000000000001,-6.784));
#17808=CARTESIAN_POINT('',(8.29255918254823,2.2375,-3.88444081745177));
#17809=CARTESIAN_POINT('',(8.29255918254823,2.2375,-9.92089454475411E-15));
#17810=CARTESIAN_POINT('',(8.20811392839472,1.7585871653662,-3.96888607160528));
#17811=CARTESIAN_POINT('Origin',(8.18896708138201,2.825,-9.79696099315493E-15));
#17812=CARTESIAN_POINT('',(8.30570102893167,2.16296888552936,-3.87129897106833));
#17813=CARTESIAN_POINT('',(7.99343736966093,3.93390409927886,-6.48443736966093));
#17814=CARTESIAN_POINT('Origin',(6.693,2.24000000000001,-3.884));
#17815=CARTESIAN_POINT('',(0.,2.2375,-3.88444081745177));
#17816=CARTESIAN_POINT('Origin',(0.,2.825,-3.98803291861799));
#17817=CARTESIAN_POINT('Origin',(6.693,2.24000000000001,-6.784));
#17818=CARTESIAN_POINT('',(0.,2.2375,-6.78355918254823));
#17819=CARTESIAN_POINT('Origin',(0.,2.825,-6.67996708138201));
#17820=CARTESIAN_POINT('Origin',(8.2669917703455,2.3825,-4.57194081745177));
#17821=CARTESIAN_POINT('',(8.2669917703455,2.3825,-4.19694081745177));
#17822=CARTESIAN_POINT('',(8.29255918254823,2.2375,-4.19694081745177));
#17823=CARTESIAN_POINT('',(8.2669917703455,2.3825,-4.19694081745177));
#17824=CARTESIAN_POINT('',(8.2669917703455,2.3825,-4.57194081745177));
#17825=CARTESIAN_POINT('',(8.2669917703455,2.3825,-4.57194081745177));
#17826=CARTESIAN_POINT('',(8.29255918254823,2.2375,-4.57194081745177));
#17827=CARTESIAN_POINT('',(8.2669917703455,2.3825,-4.57194081745177));
#17828=CARTESIAN_POINT('',(8.29255918254823,2.2375,-4.57194081745177));
#17829=CARTESIAN_POINT('Origin',(8.2669917703455,2.3825,-4.57194081745177));
#17830=CARTESIAN_POINT('',(8.438,2.3825,-4.19694081745177));
#17831=CARTESIAN_POINT('',(8.2669917703455,2.3825,-4.19694081745177));
#17832=CARTESIAN_POINT('',(8.438,2.3825,-4.57194081745177));
#17833=CARTESIAN_POINT('',(8.438,2.3825,-4.57194081745177));
#17834=CARTESIAN_POINT('',(8.2669917703455,2.3825,-4.57194081745177));
#17835=CARTESIAN_POINT('Origin',(8.438,2.2325,-4.57194081745177));
#17836=CARTESIAN_POINT('',(8.588,2.2325,-4.19694081745177));
#17837=CARTESIAN_POINT('Origin',(8.438,2.2325,-4.19694081745177));
#17838=CARTESIAN_POINT('',(8.588,2.2325,-4.57194081745177));
#17839=CARTESIAN_POINT('',(8.588,2.2325,-4.57194081745177));
#17840=CARTESIAN_POINT('Origin',(8.438,2.2325,-4.57194081745177));
#17841=CARTESIAN_POINT('Origin',(8.588,2.2325,-4.57194081745177));
#17842=CARTESIAN_POINT('',(8.588,1.945,-4.19694081745177));
#17843=CARTESIAN_POINT('',(8.588,2.2325,-4.19694081745177));
#17844=CARTESIAN_POINT('',(8.588,1.945,-4.57194081745177));
#17845=CARTESIAN_POINT('',(8.588,1.945,-4.57194081745177));
#17846=CARTESIAN_POINT('',(8.588,2.2325,-4.57194081745177));
#17847=CARTESIAN_POINT('Origin',(8.738,1.945,-4.57194081745177));
#17848=CARTESIAN_POINT('',(8.738,1.795,-4.19694081745177));
#17849=CARTESIAN_POINT('Origin',(8.738,1.945,-4.19694081745177));
#17850=CARTESIAN_POINT('',(8.738,1.795,-4.57194081745177));
#17851=CARTESIAN_POINT('',(8.738,1.795,-4.57194081745177));
#17852=CARTESIAN_POINT('Origin',(8.738,1.945,-4.57194081745177));
#17853=CARTESIAN_POINT('Origin',(8.738,1.795,-4.57194081745177));
#17854=CARTESIAN_POINT('',(8.893,1.795,-4.19694081745177));
#17855=CARTESIAN_POINT('',(8.738,1.795,-4.19694081745177));
#17856=CARTESIAN_POINT('',(8.893,1.795,-4.57194081745177));
#17857=CARTESIAN_POINT('',(8.893,1.795,-4.57194081745177));
#17858=CARTESIAN_POINT('',(8.738,1.795,-4.57194081745177));
#17859=CARTESIAN_POINT('Origin',(8.893,1.795,-4.57194081745177));
#17860=CARTESIAN_POINT('',(8.893,1.65,-4.19694081745177));
#17861=CARTESIAN_POINT('',(8.893,1.795,-4.19694081745177));
#17862=CARTESIAN_POINT('',(8.893,1.65,-4.57194081745177));
#17863=CARTESIAN_POINT('',(8.893,1.65,-4.57194081745177));
#17864=CARTESIAN_POINT('',(8.893,1.795,-4.57194081745177));
#17865=CARTESIAN_POINT('Origin',(8.893,1.65,-4.57194081745177));
#17866=CARTESIAN_POINT('',(8.593,1.65,-4.19694081745177));
#17867=CARTESIAN_POINT('',(8.893,1.65,-4.19694081745177));
#17868=CARTESIAN_POINT('',(8.593,1.65,-4.57194081745177));
#17869=CARTESIAN_POINT('',(8.593,1.65,-4.57194081745177));
#17870=CARTESIAN_POINT('',(8.893,1.65,-4.57194081745177));
#17871=CARTESIAN_POINT('Origin',(8.593,1.8,-4.57194081745177));
#17872=CARTESIAN_POINT('',(8.443,1.8,-4.19694081745177));
#17873=CARTESIAN_POINT('Origin',(8.593,1.8,-4.19694081745177));
#17874=CARTESIAN_POINT('',(8.443,1.8,-4.57194081745177));
#17875=CARTESIAN_POINT('',(8.443,1.8,-4.57194081745177));
#17876=CARTESIAN_POINT('Origin',(8.593,1.8,-4.57194081745177));
#17877=CARTESIAN_POINT('Origin',(8.443,1.8,-4.57194081745177));
#17878=CARTESIAN_POINT('',(8.443,2.0875,-4.19694081745177));
#17879=CARTESIAN_POINT('',(8.443,1.8,-4.19694081745177));
#17880=CARTESIAN_POINT('',(8.443,2.0875,-4.57194081745177));
#17881=CARTESIAN_POINT('',(8.443,2.0875,-4.57194081745177));
#17882=CARTESIAN_POINT('',(8.443,1.8,-4.57194081745177));
#17883=CARTESIAN_POINT('Origin',(8.293,2.0875,-4.57194081745177));
#17884=CARTESIAN_POINT('',(8.293,2.2375,-4.19694081745177));
#17885=CARTESIAN_POINT('Origin',(8.293,2.0875,-4.19694081745177));
#17886=CARTESIAN_POINT('',(8.293,2.2375,-4.57194081745177));
#17887=CARTESIAN_POINT('',(8.293,2.2375,-4.57194081745177));
#17888=CARTESIAN_POINT('Origin',(8.293,2.0875,-4.57194081745177));
#17889=CARTESIAN_POINT('Origin',(8.293,2.2375,-4.57194081745177));
#17890=CARTESIAN_POINT('',(8.293,2.2375,-4.19694081745177));
#17891=CARTESIAN_POINT('',(8.293,2.2375,-4.57194081745177));
#17892=CARTESIAN_POINT('Origin',(8.293,2.0875,-4.57194081745177));
#17893=CARTESIAN_POINT('Origin',(8.293,2.0875,-4.19694081745177));
#17894=CARTESIAN_POINT('Origin',(6.248,1.945,-4.57194081745177));
#17895=CARTESIAN_POINT('',(6.398,1.945,-4.19694081745177));
#17896=CARTESIAN_POINT('',(6.248,1.795,-4.19694081745177));
#17897=CARTESIAN_POINT('Origin',(6.248,1.945,-4.19694081745177));
#17898=CARTESIAN_POINT('',(6.398,1.945,-4.57194081745177));
#17899=CARTESIAN_POINT('',(6.398,1.945,-4.57194081745177));
#17900=CARTESIAN_POINT('',(6.248,1.795,-4.57194081745177));
#17901=CARTESIAN_POINT('Origin',(6.248,1.945,-4.57194081745177));
#17902=CARTESIAN_POINT('',(6.248,1.795,-4.57194081745177));
#17903=CARTESIAN_POINT('Origin',(6.398,2.2325,-4.57194081745177));
#17904=CARTESIAN_POINT('',(6.398,2.2325,-4.19694081745177));
#17905=CARTESIAN_POINT('',(6.398,2.2325,-4.19694081745177));
#17906=CARTESIAN_POINT('',(6.398,2.2325,-4.57194081745177));
#17907=CARTESIAN_POINT('',(6.398,2.2325,-4.57194081745177));
#17908=CARTESIAN_POINT('',(6.398,2.2325,-4.57194081745177));
#17909=CARTESIAN_POINT('Origin',(6.548,2.2325,-4.57194081745177));
#17910=CARTESIAN_POINT('',(6.548,2.3825,-4.19694081745177));
#17911=CARTESIAN_POINT('Origin',(6.548,2.2325,-4.19694081745177));
#17912=CARTESIAN_POINT('',(6.548,2.3825,-4.57194081745177));
#17913=CARTESIAN_POINT('',(6.548,2.3825,-4.57194081745177));
#17914=CARTESIAN_POINT('Origin',(6.548,2.2325,-4.57194081745177));
#17915=CARTESIAN_POINT('Origin',(6.7190082296545,2.3825,-4.57194081745177));
#17916=CARTESIAN_POINT('',(6.7190082296545,2.3825,-4.19694081745177));
#17917=CARTESIAN_POINT('',(6.7190082296545,2.3825,-4.19694081745177));
#17918=CARTESIAN_POINT('',(6.7190082296545,2.3825,-4.57194081745177));
#17919=CARTESIAN_POINT('',(6.7190082296545,2.3825,-4.57194081745177));
#17920=CARTESIAN_POINT('',(6.7190082296545,2.3825,-4.57194081745177));
#17921=CARTESIAN_POINT('Origin',(6.7190082296545,2.3825,-4.57194081745177));
#17922=CARTESIAN_POINT('',(6.69344081745177,2.2375,-4.19694081745177));
#17923=CARTESIAN_POINT('',(6.7190082296545,2.3825,-4.19694081745177));
#17924=CARTESIAN_POINT('',(6.69344081745177,2.2375,-4.57194081745177));
#17925=CARTESIAN_POINT('',(6.69344081745177,2.2375,-4.57194081745177));
#17926=CARTESIAN_POINT('',(6.7190082296545,2.3825,-4.57194081745177));
#17927=CARTESIAN_POINT('Origin',(6.693,2.2375,-4.57194081745177));
#17928=CARTESIAN_POINT('',(6.693,2.2375,-4.19694081745177));
#17929=CARTESIAN_POINT('',(6.693,2.2375,-4.19694081745177));
#17930=CARTESIAN_POINT('',(6.693,2.2375,-4.57194081745177));
#17931=CARTESIAN_POINT('',(6.693,2.2375,-4.57194081745177));
#17932=CARTESIAN_POINT('',(6.693,2.2375,-4.57194081745177));
#17933=CARTESIAN_POINT('Origin',(6.693,2.0875,-4.57194081745177));
#17934=CARTESIAN_POINT('',(6.543,2.0875,-4.19694081745177));
#17935=CARTESIAN_POINT('Origin',(6.693,2.0875,-4.19694081745177));
#17936=CARTESIAN_POINT('',(6.543,2.0875,-4.57194081745177));
#17937=CARTESIAN_POINT('',(6.543,2.0875,-4.57194081745177));
#17938=CARTESIAN_POINT('Origin',(6.693,2.0875,-4.57194081745177));
#17939=CARTESIAN_POINT('Origin',(6.543,1.8,-4.57194081745177));
#17940=CARTESIAN_POINT('',(6.543,1.8,-4.19694081745177));
#17941=CARTESIAN_POINT('',(6.543,1.8,-4.19694081745177));
#17942=CARTESIAN_POINT('',(6.543,1.8,-4.57194081745177));
#17943=CARTESIAN_POINT('',(6.543,1.8,-4.57194081745177));
#17944=CARTESIAN_POINT('',(6.543,1.8,-4.57194081745177));
#17945=CARTESIAN_POINT('Origin',(6.393,1.8,-4.57194081745177));
#17946=CARTESIAN_POINT('',(6.393,1.65,-4.19694081745177));
#17947=CARTESIAN_POINT('Origin',(6.393,1.8,-4.19694081745177));
#17948=CARTESIAN_POINT('',(6.393,1.65,-4.57194081745177));
#17949=CARTESIAN_POINT('',(6.393,1.65,-4.57194081745177));
#17950=CARTESIAN_POINT('Origin',(6.393,1.8,-4.57194081745177));
#17951=CARTESIAN_POINT('Origin',(6.093,1.65,-4.57194081745177));
#17952=CARTESIAN_POINT('',(6.093,1.65,-4.19694081745177));
#17953=CARTESIAN_POINT('',(6.093,1.65,-4.19694081745177));
#17954=CARTESIAN_POINT('',(6.093,1.65,-4.57194081745177));
#17955=CARTESIAN_POINT('',(6.093,1.65,-4.57194081745177));
#17956=CARTESIAN_POINT('',(6.093,1.65,-4.57194081745177));
#17957=CARTESIAN_POINT('Origin',(6.093,1.795,-4.57194081745177));
#17958=CARTESIAN_POINT('',(6.093,1.795,-4.19694081745177));
#17959=CARTESIAN_POINT('',(6.093,1.795,-4.19694081745177));
#17960=CARTESIAN_POINT('',(6.093,1.795,-4.57194081745177));
#17961=CARTESIAN_POINT('',(6.093,1.795,-4.57194081745177));
#17962=CARTESIAN_POINT('',(6.093,1.795,-4.57194081745177));
#17963=CARTESIAN_POINT('Origin',(6.248,1.795,-4.57194081745177));
#17964=CARTESIAN_POINT('',(6.248,1.795,-4.19694081745177));
#17965=CARTESIAN_POINT('',(6.248,1.795,-4.57194081745177));
#17966=CARTESIAN_POINT('Origin',(6.248,1.945,-4.57194081745177));
#17967=CARTESIAN_POINT('Origin',(6.248,1.945,-4.19694081745177));
#17968=CARTESIAN_POINT('Origin',(6.248,1.945,-5.52194081745177));
#17969=CARTESIAN_POINT('',(6.398,1.945,-5.14694081745177));
#17970=CARTESIAN_POINT('',(6.248,1.795,-5.14694081745177));
#17971=CARTESIAN_POINT('Origin',(6.248,1.945,-5.14694081745177));
#17972=CARTESIAN_POINT('',(6.398,1.945,-5.52194081745177));
#17973=CARTESIAN_POINT('',(6.398,1.945,-5.52194081745177));
#17974=CARTESIAN_POINT('',(6.248,1.795,-5.52194081745177));
#17975=CARTESIAN_POINT('Origin',(6.248,1.945,-5.52194081745177));
#17976=CARTESIAN_POINT('',(6.248,1.795,-5.52194081745177));
#17977=CARTESIAN_POINT('Origin',(6.398,2.2325,-5.52194081745177));
#17978=CARTESIAN_POINT('',(6.398,2.2325,-5.14694081745177));
#17979=CARTESIAN_POINT('',(6.398,2.2325,-5.14694081745177));
#17980=CARTESIAN_POINT('',(6.398,2.2325,-5.52194081745177));
#17981=CARTESIAN_POINT('',(6.398,2.2325,-5.52194081745177));
#17982=CARTESIAN_POINT('',(6.398,2.2325,-5.52194081745177));
#17983=CARTESIAN_POINT('Origin',(6.548,2.2325,-5.52194081745177));
#17984=CARTESIAN_POINT('',(6.548,2.3825,-5.14694081745177));
#17985=CARTESIAN_POINT('Origin',(6.548,2.2325,-5.14694081745177));
#17986=CARTESIAN_POINT('',(6.548,2.3825,-5.52194081745177));
#17987=CARTESIAN_POINT('',(6.548,2.3825,-5.52194081745177));
#17988=CARTESIAN_POINT('Origin',(6.548,2.2325,-5.52194081745177));
#17989=CARTESIAN_POINT('Origin',(6.7190082296545,2.3825,-5.52194081745177));
#17990=CARTESIAN_POINT('',(6.7190082296545,2.3825,-5.14694081745177));
#17991=CARTESIAN_POINT('',(6.7190082296545,2.3825,-5.14694081745177));
#17992=CARTESIAN_POINT('',(6.7190082296545,2.3825,-5.52194081745177));
#17993=CARTESIAN_POINT('',(6.7190082296545,2.3825,-5.52194081745177));
#17994=CARTESIAN_POINT('',(6.7190082296545,2.3825,-5.52194081745177));
#17995=CARTESIAN_POINT('Origin',(6.7190082296545,2.3825,-5.52194081745177));
#17996=CARTESIAN_POINT('',(6.69344081745177,2.2375,-5.14694081745177));
#17997=CARTESIAN_POINT('',(6.7190082296545,2.3825,-5.14694081745177));
#17998=CARTESIAN_POINT('',(6.69344081745177,2.2375,-5.52194081745177));
#17999=CARTESIAN_POINT('',(6.69344081745177,2.2375,-5.52194081745177));
#18000=CARTESIAN_POINT('',(6.7190082296545,2.3825,-5.52194081745177));
#18001=CARTESIAN_POINT('Origin',(6.693,2.2375,-5.52194081745177));
#18002=CARTESIAN_POINT('',(6.693,2.2375,-5.14694081745177));
#18003=CARTESIAN_POINT('',(6.693,2.2375,-5.14694081745177));
#18004=CARTESIAN_POINT('',(6.693,2.2375,-5.52194081745177));
#18005=CARTESIAN_POINT('',(6.693,2.2375,-5.52194081745177));
#18006=CARTESIAN_POINT('',(6.693,2.2375,-5.52194081745177));
#18007=CARTESIAN_POINT('Origin',(6.693,2.0875,-5.52194081745177));
#18008=CARTESIAN_POINT('',(6.543,2.0875,-5.14694081745177));
#18009=CARTESIAN_POINT('Origin',(6.693,2.0875,-5.14694081745177));
#18010=CARTESIAN_POINT('',(6.543,2.0875,-5.52194081745177));
#18011=CARTESIAN_POINT('',(6.543,2.0875,-5.52194081745177));
#18012=CARTESIAN_POINT('Origin',(6.693,2.0875,-5.52194081745177));
#18013=CARTESIAN_POINT('Origin',(6.543,1.8,-5.52194081745177));
#18014=CARTESIAN_POINT('',(6.543,1.8,-5.14694081745177));
#18015=CARTESIAN_POINT('',(6.543,1.8,-5.14694081745177));
#18016=CARTESIAN_POINT('',(6.543,1.8,-5.52194081745177));
#18017=CARTESIAN_POINT('',(6.543,1.8,-5.52194081745177));
#18018=CARTESIAN_POINT('',(6.543,1.8,-5.52194081745177));
#18019=CARTESIAN_POINT('Origin',(6.393,1.8,-5.52194081745177));
#18020=CARTESIAN_POINT('',(6.393,1.65,-5.14694081745177));
#18021=CARTESIAN_POINT('Origin',(6.393,1.8,-5.14694081745177));
#18022=CARTESIAN_POINT('',(6.393,1.65,-5.52194081745177));
#18023=CARTESIAN_POINT('',(6.393,1.65,-5.52194081745177));
#18024=CARTESIAN_POINT('Origin',(6.393,1.8,-5.52194081745177));
#18025=CARTESIAN_POINT('Origin',(6.093,1.65,-5.52194081745177));
#18026=CARTESIAN_POINT('',(6.093,1.65,-5.14694081745177));
#18027=CARTESIAN_POINT('',(6.093,1.65,-5.14694081745177));
#18028=CARTESIAN_POINT('',(6.093,1.65,-5.52194081745177));
#18029=CARTESIAN_POINT('',(6.093,1.65,-5.52194081745177));
#18030=CARTESIAN_POINT('',(6.093,1.65,-5.52194081745177));
#18031=CARTESIAN_POINT('Origin',(6.093,1.795,-5.52194081745177));
#18032=CARTESIAN_POINT('',(6.093,1.795,-5.14694081745177));
#18033=CARTESIAN_POINT('',(6.093,1.795,-5.14694081745177));
#18034=CARTESIAN_POINT('',(6.093,1.795,-5.52194081745177));
#18035=CARTESIAN_POINT('',(6.093,1.795,-5.52194081745177));
#18036=CARTESIAN_POINT('',(6.093,1.795,-5.52194081745177));
#18037=CARTESIAN_POINT('Origin',(6.248,1.795,-5.52194081745177));
#18038=CARTESIAN_POINT('',(6.248,1.795,-5.14694081745177));
#18039=CARTESIAN_POINT('',(6.248,1.795,-5.52194081745177));
#18040=CARTESIAN_POINT('Origin',(6.248,1.945,-5.52194081745177));
#18041=CARTESIAN_POINT('Origin',(6.248,1.945,-5.14694081745177));
#18042=CARTESIAN_POINT('Origin',(6.248,1.945,-6.47194081745177));
#18043=CARTESIAN_POINT('',(6.398,1.945,-6.09694081745177));
#18044=CARTESIAN_POINT('',(6.248,1.795,-6.09694081745177));
#18045=CARTESIAN_POINT('Origin',(6.248,1.945,-6.09694081745177));
#18046=CARTESIAN_POINT('',(6.398,1.945,-6.47194081745177));
#18047=CARTESIAN_POINT('',(6.398,1.945,-6.47194081745177));
#18048=CARTESIAN_POINT('',(6.248,1.795,-6.47194081745177));
#18049=CARTESIAN_POINT('Origin',(6.248,1.945,-6.47194081745177));
#18050=CARTESIAN_POINT('',(6.248,1.795,-6.47194081745177));
#18051=CARTESIAN_POINT('Origin',(6.398,2.2325,-6.47194081745177));
#18052=CARTESIAN_POINT('',(6.398,2.2325,-6.09694081745177));
#18053=CARTESIAN_POINT('',(6.398,2.2325,-6.09694081745177));
#18054=CARTESIAN_POINT('',(6.398,2.2325,-6.47194081745177));
#18055=CARTESIAN_POINT('',(6.398,2.2325,-6.47194081745177));
#18056=CARTESIAN_POINT('',(6.398,2.2325,-6.47194081745177));
#18057=CARTESIAN_POINT('Origin',(6.548,2.2325,-6.47194081745177));
#18058=CARTESIAN_POINT('',(6.548,2.3825,-6.09694081745177));
#18059=CARTESIAN_POINT('Origin',(6.548,2.2325,-6.09694081745177));
#18060=CARTESIAN_POINT('',(6.548,2.3825,-6.47194081745177));
#18061=CARTESIAN_POINT('',(6.548,2.3825,-6.47194081745177));
#18062=CARTESIAN_POINT('Origin',(6.548,2.2325,-6.47194081745177));
#18063=CARTESIAN_POINT('Origin',(6.7190082296545,2.3825,-6.47194081745177));
#18064=CARTESIAN_POINT('',(6.7190082296545,2.3825,-6.09694081745177));
#18065=CARTESIAN_POINT('',(6.7190082296545,2.3825,-6.09694081745177));
#18066=CARTESIAN_POINT('',(6.7190082296545,2.3825,-6.47194081745177));
#18067=CARTESIAN_POINT('',(6.7190082296545,2.3825,-6.47194081745177));
#18068=CARTESIAN_POINT('',(6.7190082296545,2.3825,-6.47194081745177));
#18069=CARTESIAN_POINT('Origin',(6.7190082296545,2.3825,-6.47194081745177));
#18070=CARTESIAN_POINT('',(6.69344081745177,2.2375,-6.09694081745177));
#18071=CARTESIAN_POINT('',(6.7190082296545,2.3825,-6.09694081745177));
#18072=CARTESIAN_POINT('',(6.69344081745177,2.2375,-6.47194081745177));
#18073=CARTESIAN_POINT('',(6.69344081745177,2.2375,-6.47194081745177));
#18074=CARTESIAN_POINT('',(6.7190082296545,2.3825,-6.47194081745177));
#18075=CARTESIAN_POINT('Origin',(6.693,2.2375,-6.47194081745177));
#18076=CARTESIAN_POINT('',(6.693,2.2375,-6.09694081745177));
#18077=CARTESIAN_POINT('',(6.693,2.2375,-6.09694081745177));
#18078=CARTESIAN_POINT('',(6.693,2.2375,-6.47194081745177));
#18079=CARTESIAN_POINT('',(6.693,2.2375,-6.47194081745177));
#18080=CARTESIAN_POINT('',(6.693,2.2375,-6.47194081745177));
#18081=CARTESIAN_POINT('Origin',(6.693,2.0875,-6.47194081745177));
#18082=CARTESIAN_POINT('',(6.543,2.0875,-6.09694081745177));
#18083=CARTESIAN_POINT('Origin',(6.693,2.0875,-6.09694081745177));
#18084=CARTESIAN_POINT('',(6.543,2.0875,-6.47194081745177));
#18085=CARTESIAN_POINT('',(6.543,2.0875,-6.47194081745177));
#18086=CARTESIAN_POINT('Origin',(6.693,2.0875,-6.47194081745177));
#18087=CARTESIAN_POINT('Origin',(6.543,1.8,-6.47194081745177));
#18088=CARTESIAN_POINT('',(6.543,1.8,-6.09694081745177));
#18089=CARTESIAN_POINT('',(6.543,1.8,-6.09694081745177));
#18090=CARTESIAN_POINT('',(6.543,1.8,-6.47194081745177));
#18091=CARTESIAN_POINT('',(6.543,1.8,-6.47194081745177));
#18092=CARTESIAN_POINT('',(6.543,1.8,-6.47194081745177));
#18093=CARTESIAN_POINT('Origin',(6.393,1.8,-6.47194081745177));
#18094=CARTESIAN_POINT('',(6.393,1.65,-6.09694081745177));
#18095=CARTESIAN_POINT('Origin',(6.393,1.8,-6.09694081745177));
#18096=CARTESIAN_POINT('',(6.393,1.65,-6.47194081745177));
#18097=CARTESIAN_POINT('',(6.393,1.65,-6.47194081745177));
#18098=CARTESIAN_POINT('Origin',(6.393,1.8,-6.47194081745177));
#18099=CARTESIAN_POINT('Origin',(6.093,1.65,-6.47194081745177));
#18100=CARTESIAN_POINT('',(6.093,1.65,-6.09694081745177));
#18101=CARTESIAN_POINT('',(6.093,1.65,-6.09694081745177));
#18102=CARTESIAN_POINT('',(6.093,1.65,-6.47194081745177));
#18103=CARTESIAN_POINT('',(6.093,1.65,-6.47194081745177));
#18104=CARTESIAN_POINT('',(6.093,1.65,-6.47194081745177));
#18105=CARTESIAN_POINT('Origin',(6.093,1.795,-6.47194081745177));
#18106=CARTESIAN_POINT('',(6.093,1.795,-6.09694081745177));
#18107=CARTESIAN_POINT('',(6.093,1.795,-6.09694081745177));
#18108=CARTESIAN_POINT('',(6.093,1.795,-6.47194081745177));
#18109=CARTESIAN_POINT('',(6.093,1.795,-6.47194081745177));
#18110=CARTESIAN_POINT('',(6.093,1.795,-6.47194081745177));
#18111=CARTESIAN_POINT('Origin',(6.248,1.795,-6.47194081745177));
#18112=CARTESIAN_POINT('',(6.248,1.795,-6.09694081745177));
#18113=CARTESIAN_POINT('',(6.248,1.795,-6.47194081745177));
#18114=CARTESIAN_POINT('Origin',(6.248,1.945,-6.47194081745177));
#18115=CARTESIAN_POINT('Origin',(6.248,1.945,-6.09694081745177));
#18116=CARTESIAN_POINT('Origin',(8.2669917703455,2.3825,-6.47194081745177));
#18117=CARTESIAN_POINT('',(8.2669917703455,2.3825,-6.09694081745177));
#18118=CARTESIAN_POINT('',(8.29255918254823,2.2375,-6.09694081745177));
#18119=CARTESIAN_POINT('',(8.2669917703455,2.3825,-6.09694081745177));
#18120=CARTESIAN_POINT('',(8.2669917703455,2.3825,-6.47194081745177));
#18121=CARTESIAN_POINT('',(8.2669917703455,2.3825,-6.47194081745177));
#18122=CARTESIAN_POINT('',(8.29255918254823,2.2375,-6.47194081745177));
#18123=CARTESIAN_POINT('',(8.2669917703455,2.3825,-6.47194081745177));
#18124=CARTESIAN_POINT('',(8.29255918254823,2.2375,-6.47194081745177));
#18125=CARTESIAN_POINT('Origin',(8.2669917703455,2.3825,-6.47194081745177));
#18126=CARTESIAN_POINT('',(8.438,2.3825,-6.09694081745177));
#18127=CARTESIAN_POINT('',(8.2669917703455,2.3825,-6.09694081745177));
#18128=CARTESIAN_POINT('',(8.438,2.3825,-6.47194081745177));
#18129=CARTESIAN_POINT('',(8.438,2.3825,-6.47194081745177));
#18130=CARTESIAN_POINT('',(8.2669917703455,2.3825,-6.47194081745177));
#18131=CARTESIAN_POINT('Origin',(8.438,2.2325,-6.47194081745177));
#18132=CARTESIAN_POINT('',(8.588,2.2325,-6.09694081745177));
#18133=CARTESIAN_POINT('Origin',(8.438,2.2325,-6.09694081745177));
#18134=CARTESIAN_POINT('',(8.588,2.2325,-6.47194081745177));
#18135=CARTESIAN_POINT('',(8.588,2.2325,-6.47194081745177));
#18136=CARTESIAN_POINT('Origin',(8.438,2.2325,-6.47194081745177));
#18137=CARTESIAN_POINT('Origin',(8.588,2.2325,-6.47194081745177));
#18138=CARTESIAN_POINT('',(8.588,1.945,-6.09694081745177));
#18139=CARTESIAN_POINT('',(8.588,2.2325,-6.09694081745177));
#18140=CARTESIAN_POINT('',(8.588,1.945,-6.47194081745177));
#18141=CARTESIAN_POINT('',(8.588,1.945,-6.47194081745177));
#18142=CARTESIAN_POINT('',(8.588,2.2325,-6.47194081745177));
#18143=CARTESIAN_POINT('Origin',(8.738,1.945,-6.47194081745177));
#18144=CARTESIAN_POINT('',(8.738,1.795,-6.09694081745177));
#18145=CARTESIAN_POINT('Origin',(8.738,1.945,-6.09694081745177));
#18146=CARTESIAN_POINT('',(8.738,1.795,-6.47194081745177));
#18147=CARTESIAN_POINT('',(8.738,1.795,-6.47194081745177));
#18148=CARTESIAN_POINT('Origin',(8.738,1.945,-6.47194081745177));
#18149=CARTESIAN_POINT('Origin',(8.738,1.795,-6.47194081745177));
#18150=CARTESIAN_POINT('',(8.893,1.795,-6.09694081745177));
#18151=CARTESIAN_POINT('',(8.738,1.795,-6.09694081745177));
#18152=CARTESIAN_POINT('',(8.893,1.795,-6.47194081745177));
#18153=CARTESIAN_POINT('',(8.893,1.795,-6.47194081745177));
#18154=CARTESIAN_POINT('',(8.738,1.795,-6.47194081745177));
#18155=CARTESIAN_POINT('Origin',(8.893,1.795,-6.47194081745177));
#18156=CARTESIAN_POINT('',(8.893,1.65,-6.09694081745177));
#18157=CARTESIAN_POINT('',(8.893,1.795,-6.09694081745177));
#18158=CARTESIAN_POINT('',(8.893,1.65,-6.47194081745177));
#18159=CARTESIAN_POINT('',(8.893,1.65,-6.47194081745177));
#18160=CARTESIAN_POINT('',(8.893,1.795,-6.47194081745177));
#18161=CARTESIAN_POINT('Origin',(8.893,1.65,-6.47194081745177));
#18162=CARTESIAN_POINT('',(8.593,1.65,-6.09694081745177));
#18163=CARTESIAN_POINT('',(8.893,1.65,-6.09694081745177));
#18164=CARTESIAN_POINT('',(8.593,1.65,-6.47194081745177));
#18165=CARTESIAN_POINT('',(8.593,1.65,-6.47194081745177));
#18166=CARTESIAN_POINT('',(8.893,1.65,-6.47194081745177));
#18167=CARTESIAN_POINT('Origin',(8.593,1.8,-6.47194081745177));
#18168=CARTESIAN_POINT('',(8.443,1.8,-6.09694081745177));
#18169=CARTESIAN_POINT('Origin',(8.593,1.8,-6.09694081745177));
#18170=CARTESIAN_POINT('',(8.443,1.8,-6.47194081745177));
#18171=CARTESIAN_POINT('',(8.443,1.8,-6.47194081745177));
#18172=CARTESIAN_POINT('Origin',(8.593,1.8,-6.47194081745177));
#18173=CARTESIAN_POINT('Origin',(8.443,1.8,-6.47194081745177));
#18174=CARTESIAN_POINT('',(8.443,2.0875,-6.09694081745177));
#18175=CARTESIAN_POINT('',(8.443,1.8,-6.09694081745177));
#18176=CARTESIAN_POINT('',(8.443,2.0875,-6.47194081745177));
#18177=CARTESIAN_POINT('',(8.443,2.0875,-6.47194081745177));
#18178=CARTESIAN_POINT('',(8.443,1.8,-6.47194081745177));
#18179=CARTESIAN_POINT('Origin',(8.293,2.0875,-6.47194081745177));
#18180=CARTESIAN_POINT('',(8.293,2.2375,-6.09694081745177));
#18181=CARTESIAN_POINT('Origin',(8.293,2.0875,-6.09694081745177));
#18182=CARTESIAN_POINT('',(8.293,2.2375,-6.47194081745177));
#18183=CARTESIAN_POINT('',(8.293,2.2375,-6.47194081745177));
#18184=CARTESIAN_POINT('Origin',(8.293,2.0875,-6.47194081745177));
#18185=CARTESIAN_POINT('Origin',(8.293,2.2375,-6.47194081745177));
#18186=CARTESIAN_POINT('',(8.293,2.2375,-6.09694081745177));
#18187=CARTESIAN_POINT('',(8.293,2.2375,-6.47194081745177));
#18188=CARTESIAN_POINT('Origin',(8.293,2.0875,-6.47194081745177));
#18189=CARTESIAN_POINT('Origin',(8.293,2.0875,-6.09694081745177));
#18190=CARTESIAN_POINT('Origin',(0.,2.85,0.));
#18191=CARTESIAN_POINT('',(22.0199384154332,2.85,-4.69806158456677));
#18192=CARTESIAN_POINT('',(22.0199384154332,2.85,-5.71593841543323));
#18193=CARTESIAN_POINT('',(22.0199384154332,2.85,-5.857));
#18194=CARTESIAN_POINT('',(19.3820615845668,2.85,-5.71593841543323));
#18195=CARTESIAN_POINT('',(19.241,2.85,-5.71593841543323));
#18196=CARTESIAN_POINT('',(19.3820615845668,2.85,-4.69806158456677));
#18197=CARTESIAN_POINT('',(19.3820615845668,2.85,-4.557));
#18198=CARTESIAN_POINT('',(22.161,2.85,-4.69806158456677));
#18199=CARTESIAN_POINT('Origin',(0.,1.65,0.));
#18200=CARTESIAN_POINT('',(22.0904692077166,1.65,-4.62753079228339));
#18201=CARTESIAN_POINT('',(19.3115307922834,1.65,-4.62753079228339));
#18202=CARTESIAN_POINT('',(0.,1.65,-4.62753079228339));
#18203=CARTESIAN_POINT('',(19.3115307922834,1.65,-5.78646920771661));
#18204=CARTESIAN_POINT('',(19.3115307922834,1.65,0.));
#18205=CARTESIAN_POINT('',(22.0904692077166,1.65,-5.78646920771661));
#18206=CARTESIAN_POINT('',(0.,1.65,-5.78646920771661));
#18207=CARTESIAN_POINT('',(22.0904692077166,1.65,0.));
#18208=CARTESIAN_POINT('Origin',(0.,2.85,-4.69806158456677));
#18209=CARTESIAN_POINT('',(19.241,2.04999999999998,-4.557));
#18210=CARTESIAN_POINT('',(19.2445443459207,2.07010098458259,-4.56054434592072));
#18211=CARTESIAN_POINT('',(22.161,2.04999999999998,-4.557));
#18212=CARTESIAN_POINT('',(19.241,2.04999999999998,-4.557));
#18213=CARTESIAN_POINT('',(21.3753914950621,6.50540723139159,-5.34260850493792));
#18214=CARTESIAN_POINT('Origin',(22.0199384154332,2.85,0.));
#18215=CARTESIAN_POINT('',(22.161,2.04999999999998,-5.857));
#18216=CARTESIAN_POINT('',(22.161,2.04999999999998,-4.557));
#18217=CARTESIAN_POINT('',(21.8526268438388,3.79887107419517,-5.5486268438388));
#18218=CARTESIAN_POINT('Origin',(19.3820615845668,2.85,0.));
#18219=CARTESIAN_POINT('',(19.241,2.04999999999998,-5.857));
#18220=CARTESIAN_POINT('',(19.5493731561612,3.79887107419517,-5.5486268438388));
#18221=CARTESIAN_POINT('',(19.241,2.04999999999998,-5.857));
#18222=CARTESIAN_POINT('Origin',(0.,2.85,-5.71593841543323));
#18223=CARTESIAN_POINT('',(22.161,2.04999999999998,-5.857));
#18224=CARTESIAN_POINT('Origin',(22.161,2.05000000000001,-5.857));
#18225=CARTESIAN_POINT('',(22.1229476230735,1.83419424654347,-4.59505237692651));
#18226=CARTESIAN_POINT('',(22.0755285072112,1.56526707685147,-5.77152850721123));
#18227=CARTESIAN_POINT('Origin',(19.241,2.05000000000001,-5.857));
#18228=CARTESIAN_POINT('',(19.241,2.05000000000001,-5.857));
#18229=CARTESIAN_POINT('Origin',(19.241,2.05000000000001,-4.557));
#18230=CARTESIAN_POINT('',(19.241,2.05000000000001,-4.557));
#18231=CARTESIAN_POINT('Origin',(19.241,2.05000000000001,-5.857));
#18232=CARTESIAN_POINT('Origin',(21.386,1.96999999999998,-5.84289384154332));
#18233=CARTESIAN_POINT('',(21.871,2.04999999999998,-5.857));
#18234=CARTESIAN_POINT('',(21.871,1.96999999999998,-5.84289384154332));
#18235=CARTESIAN_POINT('',(21.871,1.96999999999998,-5.84289384154332));
#18236=CARTESIAN_POINT('',(21.386,2.04999999999998,-5.857));
#18237=CARTESIAN_POINT('',(21.386,2.04999999999998,-5.857));
#18238=CARTESIAN_POINT('',(21.386,1.96999999999998,-5.84289384154332));
#18239=CARTESIAN_POINT('',(21.386,1.96999999999998,-5.84289384154332));
#18240=CARTESIAN_POINT('',(21.386,1.96999999999998,-5.84289384154332));
#18241=CARTESIAN_POINT('Origin',(21.386,2.04999999999998,-5.857));
#18242=CARTESIAN_POINT('',(21.871,2.04999999999998,-6.207));
#18243=CARTESIAN_POINT('',(21.871,2.04999999999998,-5.857));
#18244=CARTESIAN_POINT('',(21.386,2.04999999999998,-6.207));
#18245=CARTESIAN_POINT('',(21.386,2.04999999999998,-6.207));
#18246=CARTESIAN_POINT('',(21.386,2.04999999999998,-5.857));
#18247=CARTESIAN_POINT('Origin',(21.386,1.96999999999998,-6.207));
#18248=CARTESIAN_POINT('',(21.871,1.96999999999998,-6.287));
#18249=CARTESIAN_POINT('Origin',(21.871,1.96999999999998,-6.207));
#18250=CARTESIAN_POINT('',(21.386,1.96999999999998,-6.287));
#18251=CARTESIAN_POINT('',(21.386,1.96999999999998,-6.287));
#18252=CARTESIAN_POINT('Origin',(21.386,1.96999999999998,-6.207));
#18253=CARTESIAN_POINT('Origin',(21.386,1.96999999999998,-6.287));
#18254=CARTESIAN_POINT('',(21.871,1.81,-6.287));
#18255=CARTESIAN_POINT('',(21.871,1.96999999999998,-6.287));
#18256=CARTESIAN_POINT('',(21.386,1.81,-6.287));
#18257=CARTESIAN_POINT('',(21.386,1.81,-6.287));
#18258=CARTESIAN_POINT('',(21.386,1.96999999999998,-6.287));
#18259=CARTESIAN_POINT('Origin',(21.386,1.81,-6.367));
#18260=CARTESIAN_POINT('',(21.871,1.73,-6.367));
#18261=CARTESIAN_POINT('Origin',(21.871,1.81,-6.367));
#18262=CARTESIAN_POINT('',(21.386,1.73,-6.367));
#18263=CARTESIAN_POINT('',(21.386,1.73,-6.367));
#18264=CARTESIAN_POINT('Origin',(21.386,1.81,-6.367));
#18265=CARTESIAN_POINT('Origin',(21.386,1.73,-6.367));
#18266=CARTESIAN_POINT('',(21.871,1.73,-6.407));
#18267=CARTESIAN_POINT('',(21.871,1.73,-6.367));
#18268=CARTESIAN_POINT('',(21.386,1.73,-6.407));
#18269=CARTESIAN_POINT('',(21.386,1.73,-6.407));
#18270=CARTESIAN_POINT('',(21.386,1.73,-6.367));
#18271=CARTESIAN_POINT('Origin',(21.386,1.73,-6.407));
#18272=CARTESIAN_POINT('',(21.871,1.65,-6.407));
#18273=CARTESIAN_POINT('',(21.871,1.73,-6.407));
#18274=CARTESIAN_POINT('',(21.386,1.65,-6.407));
#18275=CARTESIAN_POINT('',(21.386,1.65,-6.407));
#18276=CARTESIAN_POINT('',(21.386,1.73,-6.407));
#18277=CARTESIAN_POINT('Origin',(21.386,1.65,-6.407));
#18278=CARTESIAN_POINT('',(21.871,1.65,-6.287));
#18279=CARTESIAN_POINT('',(21.871,1.65,-6.407));
#18280=CARTESIAN_POINT('',(21.386,1.65,-6.287));
#18281=CARTESIAN_POINT('',(21.386,1.65,-6.287));
#18282=CARTESIAN_POINT('',(21.386,1.65,-6.407));
#18283=CARTESIAN_POINT('Origin',(21.386,1.73,-6.287));
#18284=CARTESIAN_POINT('',(21.871,1.73,-6.207));
#18285=CARTESIAN_POINT('Origin',(21.871,1.73,-6.287));
#18286=CARTESIAN_POINT('',(21.386,1.73,-6.207));
#18287=CARTESIAN_POINT('',(21.386,1.73,-6.207));
#18288=CARTESIAN_POINT('Origin',(21.386,1.73,-6.287));
#18289=CARTESIAN_POINT('Origin',(21.386,1.73,-6.207));
#18290=CARTESIAN_POINT('',(21.871,1.88999999999998,-6.207));
#18291=CARTESIAN_POINT('',(21.871,1.73,-6.207));
#18292=CARTESIAN_POINT('',(21.386,1.88999999999998,-6.207));
#18293=CARTESIAN_POINT('',(21.386,1.88999999999998,-6.207));
#18294=CARTESIAN_POINT('',(21.386,1.73,-6.207));
#18295=CARTESIAN_POINT('Origin',(21.386,1.88999999999998,-6.127));
#18296=CARTESIAN_POINT('',(21.871,1.96999999999998,-6.127));
#18297=CARTESIAN_POINT('Origin',(21.871,1.88999999999998,-6.127));
#18298=CARTESIAN_POINT('',(21.386,1.96999999999998,-6.127));
#18299=CARTESIAN_POINT('',(21.386,1.96999999999998,-6.127));
#18300=CARTESIAN_POINT('Origin',(21.386,1.88999999999998,-6.127));
#18301=CARTESIAN_POINT('Origin',(21.386,1.96999999999998,-6.127));
#18302=CARTESIAN_POINT('',(21.871,1.96999999999998,-6.127));
#18303=CARTESIAN_POINT('',(21.386,1.96999999999998,-6.127));
#18304=CARTESIAN_POINT('Origin',(21.386,1.96999999999998,-6.207));
#18305=CARTESIAN_POINT('Origin',(21.871,1.96999999999998,-6.207));
#18306=CARTESIAN_POINT('Origin',(19.486,1.96999999999998,-5.84289384154332));
#18307=CARTESIAN_POINT('',(19.971,2.04999999999998,-5.857));
#18308=CARTESIAN_POINT('',(19.971,1.96999999999998,-5.84289384154332));
#18309=CARTESIAN_POINT('',(19.971,1.96999999999998,-5.84289384154332));
#18310=CARTESIAN_POINT('',(19.486,2.04999999999998,-5.857));
#18311=CARTESIAN_POINT('',(19.486,2.04999999999998,-5.857));
#18312=CARTESIAN_POINT('',(19.486,1.96999999999998,-5.84289384154332));
#18313=CARTESIAN_POINT('',(19.486,1.96999999999998,-5.84289384154332));
#18314=CARTESIAN_POINT('',(19.486,1.96999999999998,-5.84289384154332));
#18315=CARTESIAN_POINT('Origin',(19.486,2.04999999999998,-5.857));
#18316=CARTESIAN_POINT('',(19.971,2.04999999999998,-6.207));
#18317=CARTESIAN_POINT('',(19.971,2.04999999999998,-5.857));
#18318=CARTESIAN_POINT('',(19.486,2.04999999999998,-6.207));
#18319=CARTESIAN_POINT('',(19.486,2.04999999999998,-6.207));
#18320=CARTESIAN_POINT('',(19.486,2.04999999999998,-5.857));
#18321=CARTESIAN_POINT('Origin',(19.486,1.96999999999998,-6.207));
#18322=CARTESIAN_POINT('',(19.971,1.96999999999998,-6.287));
#18323=CARTESIAN_POINT('Origin',(19.971,1.96999999999998,-6.207));
#18324=CARTESIAN_POINT('',(19.486,1.96999999999998,-6.287));
#18325=CARTESIAN_POINT('',(19.486,1.96999999999998,-6.287));
#18326=CARTESIAN_POINT('Origin',(19.486,1.96999999999998,-6.207));
#18327=CARTESIAN_POINT('Origin',(19.486,1.96999999999998,-6.287));
#18328=CARTESIAN_POINT('',(19.971,1.81,-6.287));
#18329=CARTESIAN_POINT('',(19.971,1.96999999999998,-6.287));
#18330=CARTESIAN_POINT('',(19.486,1.81,-6.287));
#18331=CARTESIAN_POINT('',(19.486,1.81,-6.287));
#18332=CARTESIAN_POINT('',(19.486,1.96999999999998,-6.287));
#18333=CARTESIAN_POINT('Origin',(19.486,1.81,-6.367));
#18334=CARTESIAN_POINT('',(19.971,1.73,-6.367));
#18335=CARTESIAN_POINT('Origin',(19.971,1.81,-6.367));
#18336=CARTESIAN_POINT('',(19.486,1.73,-6.367));
#18337=CARTESIAN_POINT('',(19.486,1.73,-6.367));
#18338=CARTESIAN_POINT('Origin',(19.486,1.81,-6.367));
#18339=CARTESIAN_POINT('Origin',(19.486,1.73,-6.367));
#18340=CARTESIAN_POINT('',(19.971,1.73,-6.407));
#18341=CARTESIAN_POINT('',(19.971,1.73,-6.367));
#18342=CARTESIAN_POINT('',(19.486,1.73,-6.407));
#18343=CARTESIAN_POINT('',(19.486,1.73,-6.407));
#18344=CARTESIAN_POINT('',(19.486,1.73,-6.367));
#18345=CARTESIAN_POINT('Origin',(19.486,1.73,-6.407));
#18346=CARTESIAN_POINT('',(19.971,1.65,-6.407));
#18347=CARTESIAN_POINT('',(19.971,1.73,-6.407));
#18348=CARTESIAN_POINT('',(19.486,1.65,-6.407));
#18349=CARTESIAN_POINT('',(19.486,1.65,-6.407));
#18350=CARTESIAN_POINT('',(19.486,1.73,-6.407));
#18351=CARTESIAN_POINT('Origin',(19.486,1.65,-6.407));
#18352=CARTESIAN_POINT('',(19.971,1.65,-6.287));
#18353=CARTESIAN_POINT('',(19.971,1.65,-6.407));
#18354=CARTESIAN_POINT('',(19.486,1.65,-6.287));
#18355=CARTESIAN_POINT('',(19.486,1.65,-6.287));
#18356=CARTESIAN_POINT('',(19.486,1.65,-6.407));
#18357=CARTESIAN_POINT('Origin',(19.486,1.73,-6.287));
#18358=CARTESIAN_POINT('',(19.971,1.73,-6.207));
#18359=CARTESIAN_POINT('Origin',(19.971,1.73,-6.287));
#18360=CARTESIAN_POINT('',(19.486,1.73,-6.207));
#18361=CARTESIAN_POINT('',(19.486,1.73,-6.207));
#18362=CARTESIAN_POINT('Origin',(19.486,1.73,-6.287));
#18363=CARTESIAN_POINT('Origin',(19.486,1.73,-6.207));
#18364=CARTESIAN_POINT('',(19.971,1.88999999999998,-6.207));
#18365=CARTESIAN_POINT('',(19.971,1.73,-6.207));
#18366=CARTESIAN_POINT('',(19.486,1.88999999999998,-6.207));
#18367=CARTESIAN_POINT('',(19.486,1.88999999999998,-6.207));
#18368=CARTESIAN_POINT('',(19.486,1.73,-6.207));
#18369=CARTESIAN_POINT('Origin',(19.486,1.88999999999998,-6.127));
#18370=CARTESIAN_POINT('',(19.971,1.96999999999998,-6.127));
#18371=CARTESIAN_POINT('Origin',(19.971,1.88999999999998,-6.127));
#18372=CARTESIAN_POINT('',(19.486,1.96999999999998,-6.127));
#18373=CARTESIAN_POINT('',(19.486,1.96999999999998,-6.127));
#18374=CARTESIAN_POINT('Origin',(19.486,1.88999999999998,-6.127));
#18375=CARTESIAN_POINT('Origin',(19.486,1.96999999999998,-6.127));
#18376=CARTESIAN_POINT('',(19.971,1.96999999999998,-6.127));
#18377=CARTESIAN_POINT('',(19.486,1.96999999999998,-6.127));
#18378=CARTESIAN_POINT('Origin',(19.486,1.96999999999998,-6.207));
#18379=CARTESIAN_POINT('Origin',(19.971,1.96999999999998,-6.207));
#18380=CARTESIAN_POINT('Origin',(20.436,1.96999999999998,-5.84289384154332));
#18381=CARTESIAN_POINT('',(20.921,2.04999999999998,-5.857));
#18382=CARTESIAN_POINT('',(20.921,1.96999999999998,-5.84289384154332));
#18383=CARTESIAN_POINT('',(20.921,1.96999999999998,-5.84289384154332));
#18384=CARTESIAN_POINT('',(20.436,2.04999999999998,-5.857));
#18385=CARTESIAN_POINT('',(20.436,2.04999999999998,-5.857));
#18386=CARTESIAN_POINT('',(20.436,1.96999999999998,-5.84289384154332));
#18387=CARTESIAN_POINT('',(20.436,1.96999999999998,-5.84289384154332));
#18388=CARTESIAN_POINT('',(20.436,1.96999999999998,-5.84289384154332));
#18389=CARTESIAN_POINT('Origin',(20.436,2.04999999999998,-5.857));
#18390=CARTESIAN_POINT('',(20.921,2.04999999999998,-6.207));
#18391=CARTESIAN_POINT('',(20.921,2.04999999999998,-5.857));
#18392=CARTESIAN_POINT('',(20.436,2.04999999999998,-6.207));
#18393=CARTESIAN_POINT('',(20.436,2.04999999999998,-6.207));
#18394=CARTESIAN_POINT('',(20.436,2.04999999999998,-5.857));
#18395=CARTESIAN_POINT('Origin',(20.436,1.96999999999998,-6.207));
#18396=CARTESIAN_POINT('',(20.921,1.96999999999998,-6.287));
#18397=CARTESIAN_POINT('Origin',(20.921,1.96999999999998,-6.207));
#18398=CARTESIAN_POINT('',(20.436,1.96999999999998,-6.287));
#18399=CARTESIAN_POINT('',(20.436,1.96999999999998,-6.287));
#18400=CARTESIAN_POINT('Origin',(20.436,1.96999999999998,-6.207));
#18401=CARTESIAN_POINT('Origin',(20.436,1.96999999999998,-6.287));
#18402=CARTESIAN_POINT('',(20.921,1.81,-6.287));
#18403=CARTESIAN_POINT('',(20.921,1.96999999999998,-6.287));
#18404=CARTESIAN_POINT('',(20.436,1.81,-6.287));
#18405=CARTESIAN_POINT('',(20.436,1.81,-6.287));
#18406=CARTESIAN_POINT('',(20.436,1.96999999999998,-6.287));
#18407=CARTESIAN_POINT('Origin',(20.436,1.81,-6.367));
#18408=CARTESIAN_POINT('',(20.921,1.73,-6.367));
#18409=CARTESIAN_POINT('Origin',(20.921,1.81,-6.367));
#18410=CARTESIAN_POINT('',(20.436,1.73,-6.367));
#18411=CARTESIAN_POINT('',(20.436,1.73,-6.367));
#18412=CARTESIAN_POINT('Origin',(20.436,1.81,-6.367));
#18413=CARTESIAN_POINT('Origin',(20.436,1.73,-6.367));
#18414=CARTESIAN_POINT('',(20.921,1.73,-6.407));
#18415=CARTESIAN_POINT('',(20.921,1.73,-6.367));
#18416=CARTESIAN_POINT('',(20.436,1.73,-6.407));
#18417=CARTESIAN_POINT('',(20.436,1.73,-6.407));
#18418=CARTESIAN_POINT('',(20.436,1.73,-6.367));
#18419=CARTESIAN_POINT('Origin',(20.436,1.73,-6.407));
#18420=CARTESIAN_POINT('',(20.921,1.65,-6.407));
#18421=CARTESIAN_POINT('',(20.921,1.73,-6.407));
#18422=CARTESIAN_POINT('',(20.436,1.65,-6.407));
#18423=CARTESIAN_POINT('',(20.436,1.65,-6.407));
#18424=CARTESIAN_POINT('',(20.436,1.73,-6.407));
#18425=CARTESIAN_POINT('Origin',(20.436,1.65,-6.407));
#18426=CARTESIAN_POINT('',(20.921,1.65,-6.287));
#18427=CARTESIAN_POINT('',(20.921,1.65,-6.407));
#18428=CARTESIAN_POINT('',(20.436,1.65,-6.287));
#18429=CARTESIAN_POINT('',(20.436,1.65,-6.287));
#18430=CARTESIAN_POINT('',(20.436,1.65,-6.407));
#18431=CARTESIAN_POINT('Origin',(20.436,1.73,-6.287));
#18432=CARTESIAN_POINT('',(20.921,1.73,-6.207));
#18433=CARTESIAN_POINT('Origin',(20.921,1.73,-6.287));
#18434=CARTESIAN_POINT('',(20.436,1.73,-6.207));
#18435=CARTESIAN_POINT('',(20.436,1.73,-6.207));
#18436=CARTESIAN_POINT('Origin',(20.436,1.73,-6.287));
#18437=CARTESIAN_POINT('Origin',(20.436,1.73,-6.207));
#18438=CARTESIAN_POINT('',(20.921,1.88999999999998,-6.207));
#18439=CARTESIAN_POINT('',(20.921,1.73,-6.207));
#18440=CARTESIAN_POINT('',(20.436,1.88999999999998,-6.207));
#18441=CARTESIAN_POINT('',(20.436,1.88999999999998,-6.207));
#18442=CARTESIAN_POINT('',(20.436,1.73,-6.207));
#18443=CARTESIAN_POINT('Origin',(20.436,1.88999999999998,-6.127));
#18444=CARTESIAN_POINT('',(20.921,1.96999999999998,-6.127));
#18445=CARTESIAN_POINT('Origin',(20.921,1.88999999999998,-6.127));
#18446=CARTESIAN_POINT('',(20.436,1.96999999999998,-6.127));
#18447=CARTESIAN_POINT('',(20.436,1.96999999999998,-6.127));
#18448=CARTESIAN_POINT('Origin',(20.436,1.88999999999998,-6.127));
#18449=CARTESIAN_POINT('Origin',(20.436,1.96999999999998,-6.127));
#18450=CARTESIAN_POINT('',(20.921,1.96999999999998,-6.127));
#18451=CARTESIAN_POINT('',(20.436,1.96999999999998,-6.127));
#18452=CARTESIAN_POINT('Origin',(20.436,1.96999999999998,-6.207));
#18453=CARTESIAN_POINT('Origin',(20.921,1.96999999999998,-6.207));
#18454=CARTESIAN_POINT('Origin',(20.436,1.96999999999998,-4.57110615845668));
#18455=CARTESIAN_POINT('',(20.921,2.04999999999998,-4.557));
#18456=CARTESIAN_POINT('',(20.921,1.96999999999998,-4.57110615845668));
#18457=CARTESIAN_POINT('',(20.921,1.96999999999998,-4.57110615845668));
#18458=CARTESIAN_POINT('',(20.436,1.96999999999998,-4.57110615845668));
#18459=CARTESIAN_POINT('',(20.436,1.96999999999998,-4.57110615845668));
#18460=CARTESIAN_POINT('',(20.436,2.04999999999998,-4.557));
#18461=CARTESIAN_POINT('',(20.436,1.96999999999998,-4.57110615845668));
#18462=CARTESIAN_POINT('',(20.436,2.04999999999998,-4.557));
#18463=CARTESIAN_POINT('Origin',(20.436,2.04999999999998,-4.557));
#18464=CARTESIAN_POINT('',(20.921,2.04999999999998,-4.207));
#18465=CARTESIAN_POINT('',(20.921,2.04999999999998,-4.557));
#18466=CARTESIAN_POINT('',(20.436,2.04999999999998,-4.207));
#18467=CARTESIAN_POINT('',(20.436,2.04999999999998,-4.557));
#18468=CARTESIAN_POINT('',(20.436,2.04999999999998,-4.207));
#18469=CARTESIAN_POINT('Origin',(20.436,1.96999999999998,-4.207));
#18470=CARTESIAN_POINT('',(20.921,1.96999999999998,-4.127));
#18471=CARTESIAN_POINT('Origin',(20.921,1.96999999999998,-4.207));
#18472=CARTESIAN_POINT('',(20.436,1.96999999999998,-4.127));
#18473=CARTESIAN_POINT('Origin',(20.436,1.96999999999998,-4.207));
#18474=CARTESIAN_POINT('',(20.436,1.96999999999998,-4.127));
#18475=CARTESIAN_POINT('Origin',(20.436,1.96999999999998,-4.127));
#18476=CARTESIAN_POINT('',(20.921,1.81,-4.127));
#18477=CARTESIAN_POINT('',(20.921,1.96999999999998,-4.127));
#18478=CARTESIAN_POINT('',(20.436,1.81,-4.127));
#18479=CARTESIAN_POINT('',(20.436,1.96999999999998,-4.127));
#18480=CARTESIAN_POINT('',(20.436,1.81,-4.127));
#18481=CARTESIAN_POINT('Origin',(20.436,1.81,-4.047));
#18482=CARTESIAN_POINT('',(20.921,1.73,-4.047));
#18483=CARTESIAN_POINT('Origin',(20.921,1.81,-4.047));
#18484=CARTESIAN_POINT('',(20.436,1.73,-4.047));
#18485=CARTESIAN_POINT('Origin',(20.436,1.81,-4.047));
#18486=CARTESIAN_POINT('',(20.436,1.73,-4.047));
#18487=CARTESIAN_POINT('Origin',(20.436,1.73,-4.047));
#18488=CARTESIAN_POINT('',(20.921,1.73,-4.007));
#18489=CARTESIAN_POINT('',(20.921,1.73,-4.047));
#18490=CARTESIAN_POINT('',(20.436,1.73,-4.007));
#18491=CARTESIAN_POINT('',(20.436,1.73,-4.047));
#18492=CARTESIAN_POINT('',(20.436,1.73,-4.007));
#18493=CARTESIAN_POINT('Origin',(20.436,1.73,-4.007));
#18494=CARTESIAN_POINT('',(20.921,1.65,-4.007));
#18495=CARTESIAN_POINT('',(20.921,1.73,-4.007));
#18496=CARTESIAN_POINT('',(20.436,1.65,-4.007));
#18497=CARTESIAN_POINT('',(20.436,1.73,-4.007));
#18498=CARTESIAN_POINT('',(20.436,1.65,-4.007));
#18499=CARTESIAN_POINT('Origin',(20.436,1.65,-4.007));
#18500=CARTESIAN_POINT('',(20.921,1.65,-4.127));
#18501=CARTESIAN_POINT('',(20.921,1.65,-4.007));
#18502=CARTESIAN_POINT('',(20.436,1.65,-4.127));
#18503=CARTESIAN_POINT('',(20.436,1.65,-4.007));
#18504=CARTESIAN_POINT('',(20.436,1.65,-4.127));
#18505=CARTESIAN_POINT('Origin',(20.436,1.73,-4.127));
#18506=CARTESIAN_POINT('',(20.921,1.73,-4.207));
#18507=CARTESIAN_POINT('Origin',(20.921,1.73,-4.127));
#18508=CARTESIAN_POINT('',(20.436,1.73,-4.207));
#18509=CARTESIAN_POINT('Origin',(20.436,1.73,-4.127));
#18510=CARTESIAN_POINT('',(20.436,1.73,-4.207));
#18511=CARTESIAN_POINT('Origin',(20.436,1.73,-4.207));
#18512=CARTESIAN_POINT('',(20.921,1.88999999999998,-4.207));
#18513=CARTESIAN_POINT('',(20.921,1.73,-4.207));
#18514=CARTESIAN_POINT('',(20.436,1.88999999999998,-4.207));
#18515=CARTESIAN_POINT('',(20.436,1.73,-4.207));
#18516=CARTESIAN_POINT('',(20.436,1.88999999999998,-4.207));
#18517=CARTESIAN_POINT('Origin',(20.436,1.88999999999998,-4.287));
#18518=CARTESIAN_POINT('',(20.921,1.96999999999998,-4.287));
#18519=CARTESIAN_POINT('Origin',(20.921,1.88999999999998,-4.287));
#18520=CARTESIAN_POINT('',(20.436,1.96999999999998,-4.287));
#18521=CARTESIAN_POINT('Origin',(20.436,1.88999999999998,-4.287));
#18522=CARTESIAN_POINT('',(20.436,1.96999999999998,-4.287));
#18523=CARTESIAN_POINT('Origin',(20.436,1.96999999999998,-4.287));
#18524=CARTESIAN_POINT('',(20.921,1.96999999999998,-4.287));
#18525=CARTESIAN_POINT('',(20.436,1.96999999999998,-4.287));
#18526=CARTESIAN_POINT('Origin',(20.436,1.96999999999998,-4.207));
#18527=CARTESIAN_POINT('Origin',(20.921,1.96999999999998,-4.207));
#18528=CARTESIAN_POINT('Origin',(0.,2.85,-18.923));
#18529=CARTESIAN_POINT('',(22.0199384154332,2.85,-14.2249384154332));
#18530=CARTESIAN_POINT('',(22.0199384154332,2.85,-13.2070615845668));
#18531=CARTESIAN_POINT('',(22.0199384154332,2.85,-13.066));
#18532=CARTESIAN_POINT('',(19.3820615845668,2.85,-14.2249384154332));
#18533=CARTESIAN_POINT('',(22.161,2.85,-14.2249384154332));
#18534=CARTESIAN_POINT('',(19.3820615845668,2.85,-13.2070615845668));
#18535=CARTESIAN_POINT('',(19.3820615845668,2.85,-14.366));
#18536=CARTESIAN_POINT('',(19.241,2.85,-13.2070615845668));
#18537=CARTESIAN_POINT('Origin',(0.,1.65,-18.923));
#18538=CARTESIAN_POINT('',(22.0904692077166,1.65,-14.2954692077166));
#18539=CARTESIAN_POINT('',(19.3115307922834,1.65,-14.2954692077166));
#18540=CARTESIAN_POINT('',(0.,1.65,-14.2954692077166));
#18541=CARTESIAN_POINT('',(22.0904692077166,1.65,-13.1365307922834));
#18542=CARTESIAN_POINT('',(22.0904692077166,1.65,-18.923));
#18543=CARTESIAN_POINT('',(19.3115307922834,1.65,-13.1365307922834));
#18544=CARTESIAN_POINT('',(0.,1.65,-13.1365307922834));
#18545=CARTESIAN_POINT('',(19.3115307922834,1.65,-18.923));
#18546=CARTESIAN_POINT('Origin',(0.,2.85,-14.2249384154332));
#18547=CARTESIAN_POINT('',(19.241,2.04999999999998,-14.366));
#18548=CARTESIAN_POINT('',(19.2445443459207,2.07010098458259,-14.3624556540793));
#18549=CARTESIAN_POINT('',(22.161,2.04999999999998,-14.366));
#18550=CARTESIAN_POINT('',(21.3753914950621,6.50540723139159,-13.5803914950621));
#18551=CARTESIAN_POINT('',(19.241,2.04999999999998,-14.366));
#18552=CARTESIAN_POINT('Origin',(22.0199384154332,2.85,-18.923));
#18553=CARTESIAN_POINT('',(22.161,2.04999999999998,-13.066));
#18554=CARTESIAN_POINT('',(21.8526268438388,3.79887107419517,-13.3743731561612));
#18555=CARTESIAN_POINT('',(22.161,2.04999999999998,-14.366));
#18556=CARTESIAN_POINT('Origin',(19.3820615845668,2.85,-18.923));
#18557=CARTESIAN_POINT('',(19.241,2.04999999999998,-13.066));
#18558=CARTESIAN_POINT('',(19.241,2.04999999999998,-13.066));
#18559=CARTESIAN_POINT('',(19.5493731561612,3.79887107419517,-13.3743731561612));
#18560=CARTESIAN_POINT('Origin',(0.,2.85,-13.2070615845668));
#18561=CARTESIAN_POINT('',(22.161,2.04999999999998,-13.066));
#18562=CARTESIAN_POINT('Origin',(22.161,2.05000000000001,-13.066));
#18563=CARTESIAN_POINT('',(22.1229476230735,1.83419424654347,-14.3279476230735));
#18564=CARTESIAN_POINT('',(22.0755285072112,1.56526707685147,-13.1514714927888));
#18565=CARTESIAN_POINT('Origin',(19.241,2.05000000000001,-13.066));
#18566=CARTESIAN_POINT('',(19.241,2.05000000000001,-13.066));
#18567=CARTESIAN_POINT('Origin',(19.241,2.05000000000001,-14.366));
#18568=CARTESIAN_POINT('',(19.241,2.05000000000001,-14.366));
#18569=CARTESIAN_POINT('Origin',(19.241,2.05000000000001,-13.066));
#18570=CARTESIAN_POINT('Origin',(21.386,1.96999999999998,-13.0801061584567));
#18571=CARTESIAN_POINT('',(21.871,2.04999999999998,-13.066));
#18572=CARTESIAN_POINT('',(21.871,1.96999999999998,-13.0801061584567));
#18573=CARTESIAN_POINT('',(21.871,1.96999999999998,-13.0801061584567));
#18574=CARTESIAN_POINT('',(21.386,1.96999999999998,-13.0801061584567));
#18575=CARTESIAN_POINT('',(21.386,1.96999999999998,-13.0801061584567));
#18576=CARTESIAN_POINT('',(21.386,2.04999999999998,-13.066));
#18577=CARTESIAN_POINT('',(21.386,1.96999999999998,-13.0801061584567));
#18578=CARTESIAN_POINT('',(21.386,2.04999999999998,-13.066));
#18579=CARTESIAN_POINT('Origin',(21.386,2.04999999999998,-13.066));
#18580=CARTESIAN_POINT('',(21.871,2.04999999999998,-12.716));
#18581=CARTESIAN_POINT('',(21.871,2.04999999999998,-13.066));
#18582=CARTESIAN_POINT('',(21.386,2.04999999999998,-12.716));
#18583=CARTESIAN_POINT('',(21.386,2.04999999999998,-13.066));
#18584=CARTESIAN_POINT('',(21.386,2.04999999999998,-12.716));
#18585=CARTESIAN_POINT('Origin',(21.386,1.96999999999998,-12.716));
#18586=CARTESIAN_POINT('',(21.871,1.96999999999998,-12.636));
#18587=CARTESIAN_POINT('Origin',(21.871,1.96999999999998,-12.716));
#18588=CARTESIAN_POINT('',(21.386,1.96999999999998,-12.636));
#18589=CARTESIAN_POINT('Origin',(21.386,1.96999999999998,-12.716));
#18590=CARTESIAN_POINT('',(21.386,1.96999999999998,-12.636));
#18591=CARTESIAN_POINT('Origin',(21.386,1.96999999999998,-12.636));
#18592=CARTESIAN_POINT('',(21.871,1.81,-12.636));
#18593=CARTESIAN_POINT('',(21.871,1.96999999999998,-12.636));
#18594=CARTESIAN_POINT('',(21.386,1.81,-12.636));
#18595=CARTESIAN_POINT('',(21.386,1.96999999999998,-12.636));
#18596=CARTESIAN_POINT('',(21.386,1.81,-12.636));
#18597=CARTESIAN_POINT('Origin',(21.386,1.81,-12.556));
#18598=CARTESIAN_POINT('',(21.871,1.73,-12.556));
#18599=CARTESIAN_POINT('Origin',(21.871,1.81,-12.556));
#18600=CARTESIAN_POINT('',(21.386,1.73,-12.556));
#18601=CARTESIAN_POINT('Origin',(21.386,1.81,-12.556));
#18602=CARTESIAN_POINT('',(21.386,1.73,-12.556));
#18603=CARTESIAN_POINT('Origin',(21.386,1.73,-12.556));
#18604=CARTESIAN_POINT('',(21.871,1.73,-12.516));
#18605=CARTESIAN_POINT('',(21.871,1.73,-12.556));
#18606=CARTESIAN_POINT('',(21.386,1.73,-12.516));
#18607=CARTESIAN_POINT('',(21.386,1.73,-12.556));
#18608=CARTESIAN_POINT('',(21.386,1.73,-12.516));
#18609=CARTESIAN_POINT('Origin',(21.386,1.73,-12.516));
#18610=CARTESIAN_POINT('',(21.871,1.65,-12.516));
#18611=CARTESIAN_POINT('',(21.871,1.73,-12.516));
#18612=CARTESIAN_POINT('',(21.386,1.65,-12.516));
#18613=CARTESIAN_POINT('',(21.386,1.73,-12.516));
#18614=CARTESIAN_POINT('',(21.386,1.65,-12.516));
#18615=CARTESIAN_POINT('Origin',(21.386,1.65,-12.516));
#18616=CARTESIAN_POINT('',(21.871,1.65,-12.636));
#18617=CARTESIAN_POINT('',(21.871,1.65,-12.516));
#18618=CARTESIAN_POINT('',(21.386,1.65,-12.636));
#18619=CARTESIAN_POINT('',(21.386,1.65,-12.516));
#18620=CARTESIAN_POINT('',(21.386,1.65,-12.636));
#18621=CARTESIAN_POINT('Origin',(21.386,1.73,-12.636));
#18622=CARTESIAN_POINT('',(21.871,1.73,-12.716));
#18623=CARTESIAN_POINT('Origin',(21.871,1.73,-12.636));
#18624=CARTESIAN_POINT('',(21.386,1.73,-12.716));
#18625=CARTESIAN_POINT('Origin',(21.386,1.73,-12.636));
#18626=CARTESIAN_POINT('',(21.386,1.73,-12.716));
#18627=CARTESIAN_POINT('Origin',(21.386,1.73,-12.716));
#18628=CARTESIAN_POINT('',(21.871,1.88999999999998,-12.716));
#18629=CARTESIAN_POINT('',(21.871,1.73,-12.716));
#18630=CARTESIAN_POINT('',(21.386,1.88999999999998,-12.716));
#18631=CARTESIAN_POINT('',(21.386,1.73,-12.716));
#18632=CARTESIAN_POINT('',(21.386,1.88999999999998,-12.716));
#18633=CARTESIAN_POINT('Origin',(21.386,1.88999999999998,-12.796));
#18634=CARTESIAN_POINT('',(21.871,1.96999999999998,-12.796));
#18635=CARTESIAN_POINT('Origin',(21.871,1.88999999999998,-12.796));
#18636=CARTESIAN_POINT('',(21.386,1.96999999999998,-12.796));
#18637=CARTESIAN_POINT('Origin',(21.386,1.88999999999998,-12.796));
#18638=CARTESIAN_POINT('',(21.386,1.96999999999998,-12.796));
#18639=CARTESIAN_POINT('Origin',(21.386,1.96999999999998,-12.796));
#18640=CARTESIAN_POINT('',(21.871,1.96999999999998,-12.796));
#18641=CARTESIAN_POINT('',(21.386,1.96999999999998,-12.796));
#18642=CARTESIAN_POINT('Origin',(21.386,1.96999999999998,-12.716));
#18643=CARTESIAN_POINT('Origin',(21.871,1.96999999999998,-12.716));
#18644=CARTESIAN_POINT('Origin',(19.486,1.96999999999998,-13.0801061584567));
#18645=CARTESIAN_POINT('',(19.971,2.04999999999998,-13.066));
#18646=CARTESIAN_POINT('',(19.971,1.96999999999998,-13.0801061584567));
#18647=CARTESIAN_POINT('',(19.971,1.96999999999998,-13.0801061584567));
#18648=CARTESIAN_POINT('',(19.486,1.96999999999998,-13.0801061584567));
#18649=CARTESIAN_POINT('',(19.486,1.96999999999998,-13.0801061584567));
#18650=CARTESIAN_POINT('',(19.486,2.04999999999998,-13.066));
#18651=CARTESIAN_POINT('',(19.486,1.96999999999998,-13.0801061584567));
#18652=CARTESIAN_POINT('',(19.486,2.04999999999998,-13.066));
#18653=CARTESIAN_POINT('Origin',(19.486,2.04999999999998,-13.066));
#18654=CARTESIAN_POINT('',(19.971,2.04999999999998,-12.716));
#18655=CARTESIAN_POINT('',(19.971,2.04999999999998,-13.066));
#18656=CARTESIAN_POINT('',(19.486,2.04999999999998,-12.716));
#18657=CARTESIAN_POINT('',(19.486,2.04999999999998,-13.066));
#18658=CARTESIAN_POINT('',(19.486,2.04999999999998,-12.716));
#18659=CARTESIAN_POINT('Origin',(19.486,1.96999999999998,-12.716));
#18660=CARTESIAN_POINT('',(19.971,1.96999999999998,-12.636));
#18661=CARTESIAN_POINT('Origin',(19.971,1.96999999999998,-12.716));
#18662=CARTESIAN_POINT('',(19.486,1.96999999999998,-12.636));
#18663=CARTESIAN_POINT('Origin',(19.486,1.96999999999998,-12.716));
#18664=CARTESIAN_POINT('',(19.486,1.96999999999998,-12.636));
#18665=CARTESIAN_POINT('Origin',(19.486,1.96999999999998,-12.636));
#18666=CARTESIAN_POINT('',(19.971,1.81,-12.636));
#18667=CARTESIAN_POINT('',(19.971,1.96999999999998,-12.636));
#18668=CARTESIAN_POINT('',(19.486,1.81,-12.636));
#18669=CARTESIAN_POINT('',(19.486,1.96999999999998,-12.636));
#18670=CARTESIAN_POINT('',(19.486,1.81,-12.636));
#18671=CARTESIAN_POINT('Origin',(19.486,1.81,-12.556));
#18672=CARTESIAN_POINT('',(19.971,1.73,-12.556));
#18673=CARTESIAN_POINT('Origin',(19.971,1.81,-12.556));
#18674=CARTESIAN_POINT('',(19.486,1.73,-12.556));
#18675=CARTESIAN_POINT('Origin',(19.486,1.81,-12.556));
#18676=CARTESIAN_POINT('',(19.486,1.73,-12.556));
#18677=CARTESIAN_POINT('Origin',(19.486,1.73,-12.556));
#18678=CARTESIAN_POINT('',(19.971,1.73,-12.516));
#18679=CARTESIAN_POINT('',(19.971,1.73,-12.556));
#18680=CARTESIAN_POINT('',(19.486,1.73,-12.516));
#18681=CARTESIAN_POINT('',(19.486,1.73,-12.556));
#18682=CARTESIAN_POINT('',(19.486,1.73,-12.516));
#18683=CARTESIAN_POINT('Origin',(19.486,1.73,-12.516));
#18684=CARTESIAN_POINT('',(19.971,1.65,-12.516));
#18685=CARTESIAN_POINT('',(19.971,1.73,-12.516));
#18686=CARTESIAN_POINT('',(19.486,1.65,-12.516));
#18687=CARTESIAN_POINT('',(19.486,1.73,-12.516));
#18688=CARTESIAN_POINT('',(19.486,1.65,-12.516));
#18689=CARTESIAN_POINT('Origin',(19.486,1.65,-12.516));
#18690=CARTESIAN_POINT('',(19.971,1.65,-12.636));
#18691=CARTESIAN_POINT('',(19.971,1.65,-12.516));
#18692=CARTESIAN_POINT('',(19.486,1.65,-12.636));
#18693=CARTESIAN_POINT('',(19.486,1.65,-12.516));
#18694=CARTESIAN_POINT('',(19.486,1.65,-12.636));
#18695=CARTESIAN_POINT('Origin',(19.486,1.73,-12.636));
#18696=CARTESIAN_POINT('',(19.971,1.73,-12.716));
#18697=CARTESIAN_POINT('Origin',(19.971,1.73,-12.636));
#18698=CARTESIAN_POINT('',(19.486,1.73,-12.716));
#18699=CARTESIAN_POINT('Origin',(19.486,1.73,-12.636));
#18700=CARTESIAN_POINT('',(19.486,1.73,-12.716));
#18701=CARTESIAN_POINT('Origin',(19.486,1.73,-12.716));
#18702=CARTESIAN_POINT('',(19.971,1.88999999999998,-12.716));
#18703=CARTESIAN_POINT('',(19.971,1.73,-12.716));
#18704=CARTESIAN_POINT('',(19.486,1.88999999999998,-12.716));
#18705=CARTESIAN_POINT('',(19.486,1.73,-12.716));
#18706=CARTESIAN_POINT('',(19.486,1.88999999999998,-12.716));
#18707=CARTESIAN_POINT('Origin',(19.486,1.88999999999998,-12.796));
#18708=CARTESIAN_POINT('',(19.971,1.96999999999998,-12.796));
#18709=CARTESIAN_POINT('Origin',(19.971,1.88999999999998,-12.796));
#18710=CARTESIAN_POINT('',(19.486,1.96999999999998,-12.796));
#18711=CARTESIAN_POINT('Origin',(19.486,1.88999999999998,-12.796));
#18712=CARTESIAN_POINT('',(19.486,1.96999999999998,-12.796));
#18713=CARTESIAN_POINT('Origin',(19.486,1.96999999999998,-12.796));
#18714=CARTESIAN_POINT('',(19.971,1.96999999999998,-12.796));
#18715=CARTESIAN_POINT('',(19.486,1.96999999999998,-12.796));
#18716=CARTESIAN_POINT('Origin',(19.486,1.96999999999998,-12.716));
#18717=CARTESIAN_POINT('Origin',(19.971,1.96999999999998,-12.716));
#18718=CARTESIAN_POINT('Origin',(20.436,1.96999999999998,-14.3518938415433));
#18719=CARTESIAN_POINT('',(20.921,2.04999999999998,-14.366));
#18720=CARTESIAN_POINT('',(20.921,1.96999999999998,-14.3518938415433));
#18721=CARTESIAN_POINT('',(20.921,1.96999999999998,-14.3518938415433));
#18722=CARTESIAN_POINT('',(20.436,2.04999999999998,-14.366));
#18723=CARTESIAN_POINT('',(20.436,2.04999999999998,-14.366));
#18724=CARTESIAN_POINT('',(20.436,1.96999999999998,-14.3518938415433));
#18725=CARTESIAN_POINT('',(20.436,1.96999999999998,-14.3518938415433));
#18726=CARTESIAN_POINT('',(20.436,1.96999999999998,-14.3518938415433));
#18727=CARTESIAN_POINT('Origin',(20.436,2.04999999999998,-14.366));
#18728=CARTESIAN_POINT('',(20.921,2.04999999999998,-14.716));
#18729=CARTESIAN_POINT('',(20.921,2.04999999999998,-14.366));
#18730=CARTESIAN_POINT('',(20.436,2.04999999999998,-14.716));
#18731=CARTESIAN_POINT('',(20.436,2.04999999999998,-14.716));
#18732=CARTESIAN_POINT('',(20.436,2.04999999999998,-14.366));
#18733=CARTESIAN_POINT('Origin',(20.436,1.96999999999998,-14.716));
#18734=CARTESIAN_POINT('',(20.921,1.96999999999998,-14.796));
#18735=CARTESIAN_POINT('Origin',(20.921,1.96999999999998,-14.716));
#18736=CARTESIAN_POINT('',(20.436,1.96999999999998,-14.796));
#18737=CARTESIAN_POINT('',(20.436,1.96999999999998,-14.796));
#18738=CARTESIAN_POINT('Origin',(20.436,1.96999999999998,-14.716));
#18739=CARTESIAN_POINT('Origin',(20.436,1.96999999999998,-14.796));
#18740=CARTESIAN_POINT('',(20.921,1.81,-14.796));
#18741=CARTESIAN_POINT('',(20.921,1.96999999999998,-14.796));
#18742=CARTESIAN_POINT('',(20.436,1.81,-14.796));
#18743=CARTESIAN_POINT('',(20.436,1.81,-14.796));
#18744=CARTESIAN_POINT('',(20.436,1.96999999999998,-14.796));
#18745=CARTESIAN_POINT('Origin',(20.436,1.81,-14.876));
#18746=CARTESIAN_POINT('',(20.921,1.73,-14.876));
#18747=CARTESIAN_POINT('Origin',(20.921,1.81,-14.876));
#18748=CARTESIAN_POINT('',(20.436,1.73,-14.876));
#18749=CARTESIAN_POINT('',(20.436,1.73,-14.876));
#18750=CARTESIAN_POINT('Origin',(20.436,1.81,-14.876));
#18751=CARTESIAN_POINT('Origin',(20.436,1.73,-14.876));
#18752=CARTESIAN_POINT('',(20.921,1.73,-14.916));
#18753=CARTESIAN_POINT('',(20.921,1.73,-14.876));
#18754=CARTESIAN_POINT('',(20.436,1.73,-14.916));
#18755=CARTESIAN_POINT('',(20.436,1.73,-14.916));
#18756=CARTESIAN_POINT('',(20.436,1.73,-14.876));
#18757=CARTESIAN_POINT('Origin',(20.436,1.73,-14.916));
#18758=CARTESIAN_POINT('',(20.921,1.65,-14.916));
#18759=CARTESIAN_POINT('',(20.921,1.73,-14.916));
#18760=CARTESIAN_POINT('',(20.436,1.65,-14.916));
#18761=CARTESIAN_POINT('',(20.436,1.65,-14.916));
#18762=CARTESIAN_POINT('',(20.436,1.73,-14.916));
#18763=CARTESIAN_POINT('Origin',(20.436,1.65,-14.916));
#18764=CARTESIAN_POINT('',(20.921,1.65,-14.796));
#18765=CARTESIAN_POINT('',(20.921,1.65,-14.916));
#18766=CARTESIAN_POINT('',(20.436,1.65,-14.796));
#18767=CARTESIAN_POINT('',(20.436,1.65,-14.796));
#18768=CARTESIAN_POINT('',(20.436,1.65,-14.916));
#18769=CARTESIAN_POINT('Origin',(20.436,1.73,-14.796));
#18770=CARTESIAN_POINT('',(20.921,1.73,-14.716));
#18771=CARTESIAN_POINT('Origin',(20.921,1.73,-14.796));
#18772=CARTESIAN_POINT('',(20.436,1.73,-14.716));
#18773=CARTESIAN_POINT('',(20.436,1.73,-14.716));
#18774=CARTESIAN_POINT('Origin',(20.436,1.73,-14.796));
#18775=CARTESIAN_POINT('Origin',(20.436,1.73,-14.716));
#18776=CARTESIAN_POINT('',(20.921,1.88999999999998,-14.716));
#18777=CARTESIAN_POINT('',(20.921,1.73,-14.716));
#18778=CARTESIAN_POINT('',(20.436,1.88999999999998,-14.716));
#18779=CARTESIAN_POINT('',(20.436,1.88999999999998,-14.716));
#18780=CARTESIAN_POINT('',(20.436,1.73,-14.716));
#18781=CARTESIAN_POINT('Origin',(20.436,1.88999999999998,-14.636));
#18782=CARTESIAN_POINT('',(20.921,1.96999999999998,-14.636));
#18783=CARTESIAN_POINT('Origin',(20.921,1.88999999999998,-14.636));
#18784=CARTESIAN_POINT('',(20.436,1.96999999999998,-14.636));
#18785=CARTESIAN_POINT('',(20.436,1.96999999999998,-14.636));
#18786=CARTESIAN_POINT('Origin',(20.436,1.88999999999998,-14.636));
#18787=CARTESIAN_POINT('Origin',(20.436,1.96999999999998,-14.636));
#18788=CARTESIAN_POINT('',(20.921,1.96999999999998,-14.636));
#18789=CARTESIAN_POINT('',(20.436,1.96999999999998,-14.636));
#18790=CARTESIAN_POINT('Origin',(20.436,1.96999999999998,-14.716));
#18791=CARTESIAN_POINT('Origin',(20.921,1.96999999999998,-14.716));
#18792=CARTESIAN_POINT('Origin',(21.64,1.96999999999998,-13.0801061584567));
#18793=CARTESIAN_POINT('',(22.125,2.04999999999998,-13.066));
#18794=CARTESIAN_POINT('',(22.125,1.96999999999998,-13.0801061584567));
#18795=CARTESIAN_POINT('',(22.125,1.96999999999998,-13.0801061584567));
#18796=CARTESIAN_POINT('',(21.64,1.96999999999998,-13.0801061584567));
#18797=CARTESIAN_POINT('',(21.64,1.96999999999998,-13.0801061584567));
#18798=CARTESIAN_POINT('',(21.64,2.04999999999998,-13.066));
#18799=CARTESIAN_POINT('',(21.64,1.96999999999998,-13.0801061584567));
#18800=CARTESIAN_POINT('',(21.64,2.04999999999998,-13.066));
#18801=CARTESIAN_POINT('Origin',(21.64,2.04999999999998,-13.066));
#18802=CARTESIAN_POINT('',(22.125,2.04999999999998,-12.716));
#18803=CARTESIAN_POINT('',(22.125,2.04999999999998,-13.066));
#18804=CARTESIAN_POINT('',(21.64,2.04999999999998,-12.716));
#18805=CARTESIAN_POINT('',(21.64,2.04999999999998,-13.066));
#18806=CARTESIAN_POINT('',(21.64,2.04999999999998,-12.716));
#18807=CARTESIAN_POINT('Origin',(21.64,1.96999999999998,-12.716));
#18808=CARTESIAN_POINT('',(22.125,1.96999999999998,-12.636));
#18809=CARTESIAN_POINT('Origin',(22.125,1.96999999999998,-12.716));
#18810=CARTESIAN_POINT('',(21.64,1.96999999999998,-12.636));
#18811=CARTESIAN_POINT('Origin',(21.64,1.96999999999998,-12.716));
#18812=CARTESIAN_POINT('',(21.64,1.96999999999998,-12.636));
#18813=CARTESIAN_POINT('Origin',(21.64,1.96999999999998,-12.636));
#18814=CARTESIAN_POINT('',(22.125,1.81,-12.636));
#18815=CARTESIAN_POINT('',(22.125,1.96999999999998,-12.636));
#18816=CARTESIAN_POINT('',(21.64,1.81,-12.636));
#18817=CARTESIAN_POINT('',(21.64,1.96999999999998,-12.636));
#18818=CARTESIAN_POINT('',(21.64,1.81,-12.636));
#18819=CARTESIAN_POINT('Origin',(21.64,1.81,-12.556));
#18820=CARTESIAN_POINT('',(22.125,1.73,-12.556));
#18821=CARTESIAN_POINT('Origin',(22.125,1.81,-12.556));
#18822=CARTESIAN_POINT('',(21.64,1.73,-12.556));
#18823=CARTESIAN_POINT('Origin',(21.64,1.81,-12.556));
#18824=CARTESIAN_POINT('',(21.64,1.73,-12.556));
#18825=CARTESIAN_POINT('Origin',(21.64,1.73,-12.556));
#18826=CARTESIAN_POINT('',(22.125,1.73,-12.516));
#18827=CARTESIAN_POINT('',(22.125,1.73,-12.556));
#18828=CARTESIAN_POINT('',(21.64,1.73,-12.516));
#18829=CARTESIAN_POINT('',(21.64,1.73,-12.556));
#18830=CARTESIAN_POINT('',(21.64,1.73,-12.516));
#18831=CARTESIAN_POINT('Origin',(21.64,1.73,-12.516));
#18832=CARTESIAN_POINT('',(22.125,1.65,-12.516));
#18833=CARTESIAN_POINT('',(22.125,1.73,-12.516));
#18834=CARTESIAN_POINT('',(21.64,1.65,-12.516));
#18835=CARTESIAN_POINT('',(21.64,1.73,-12.516));
#18836=CARTESIAN_POINT('',(21.64,1.65,-12.516));
#18837=CARTESIAN_POINT('Origin',(21.64,1.65,-12.516));
#18838=CARTESIAN_POINT('',(22.125,1.65,-12.636));
#18839=CARTESIAN_POINT('',(22.125,1.65,-12.516));
#18840=CARTESIAN_POINT('',(21.64,1.65,-12.636));
#18841=CARTESIAN_POINT('',(21.64,1.65,-12.516));
#18842=CARTESIAN_POINT('',(21.64,1.65,-12.636));
#18843=CARTESIAN_POINT('Origin',(21.64,1.73,-12.636));
#18844=CARTESIAN_POINT('',(22.125,1.73,-12.716));
#18845=CARTESIAN_POINT('Origin',(22.125,1.73,-12.636));
#18846=CARTESIAN_POINT('',(21.64,1.73,-12.716));
#18847=CARTESIAN_POINT('Origin',(21.64,1.73,-12.636));
#18848=CARTESIAN_POINT('',(21.64,1.73,-12.716));
#18849=CARTESIAN_POINT('Origin',(21.64,1.73,-12.716));
#18850=CARTESIAN_POINT('',(22.125,1.88999999999998,-12.716));
#18851=CARTESIAN_POINT('',(22.125,1.73,-12.716));
#18852=CARTESIAN_POINT('',(21.64,1.88999999999998,-12.716));
#18853=CARTESIAN_POINT('',(21.64,1.73,-12.716));
#18854=CARTESIAN_POINT('',(21.64,1.88999999999998,-12.716));
#18855=CARTESIAN_POINT('Origin',(21.64,1.88999999999998,-12.796));
#18856=CARTESIAN_POINT('',(22.125,1.96999999999998,-12.796));
#18857=CARTESIAN_POINT('Origin',(22.125,1.88999999999998,-12.796));
#18858=CARTESIAN_POINT('',(21.64,1.96999999999998,-12.796));
#18859=CARTESIAN_POINT('Origin',(21.64,1.88999999999998,-12.796));
#18860=CARTESIAN_POINT('',(21.64,1.96999999999998,-12.796));
#18861=CARTESIAN_POINT('Origin',(21.64,1.96999999999998,-12.796));
#18862=CARTESIAN_POINT('',(22.125,1.96999999999998,-12.796));
#18863=CARTESIAN_POINT('',(21.64,1.96999999999998,-12.796));
#18864=CARTESIAN_POINT('Origin',(21.64,1.96999999999998,-12.716));
#18865=CARTESIAN_POINT('Origin',(22.125,1.96999999999998,-12.716));
#18866=CARTESIAN_POINT('Origin',(19.74,1.96999999999998,-13.0801061584567));
#18867=CARTESIAN_POINT('',(20.225,2.04999999999998,-13.066));
#18868=CARTESIAN_POINT('',(20.225,1.96999999999998,-13.0801061584567));
#18869=CARTESIAN_POINT('',(20.225,1.96999999999998,-13.0801061584567));
#18870=CARTESIAN_POINT('',(19.74,1.96999999999998,-13.0801061584567));
#18871=CARTESIAN_POINT('',(19.74,1.96999999999998,-13.0801061584567));
#18872=CARTESIAN_POINT('',(19.74,2.04999999999998,-13.066));
#18873=CARTESIAN_POINT('',(19.74,1.96999999999998,-13.0801061584567));
#18874=CARTESIAN_POINT('',(19.74,2.04999999999998,-13.066));
#18875=CARTESIAN_POINT('Origin',(19.74,2.04999999999998,-13.066));
#18876=CARTESIAN_POINT('',(20.225,2.04999999999998,-12.716));
#18877=CARTESIAN_POINT('',(20.225,2.04999999999998,-13.066));
#18878=CARTESIAN_POINT('',(19.74,2.04999999999998,-12.716));
#18879=CARTESIAN_POINT('',(19.74,2.04999999999998,-13.066));
#18880=CARTESIAN_POINT('',(19.74,2.04999999999998,-12.716));
#18881=CARTESIAN_POINT('Origin',(19.74,1.96999999999998,-12.716));
#18882=CARTESIAN_POINT('',(20.225,1.96999999999998,-12.636));
#18883=CARTESIAN_POINT('Origin',(20.225,1.96999999999998,-12.716));
#18884=CARTESIAN_POINT('',(19.74,1.96999999999998,-12.636));
#18885=CARTESIAN_POINT('Origin',(19.74,1.96999999999998,-12.716));
#18886=CARTESIAN_POINT('',(19.74,1.96999999999998,-12.636));
#18887=CARTESIAN_POINT('Origin',(19.74,1.96999999999998,-12.636));
#18888=CARTESIAN_POINT('',(20.225,1.81,-12.636));
#18889=CARTESIAN_POINT('',(20.225,1.96999999999998,-12.636));
#18890=CARTESIAN_POINT('',(19.74,1.81,-12.636));
#18891=CARTESIAN_POINT('',(19.74,1.96999999999998,-12.636));
#18892=CARTESIAN_POINT('',(19.74,1.81,-12.636));
#18893=CARTESIAN_POINT('Origin',(19.74,1.81,-12.556));
#18894=CARTESIAN_POINT('',(20.225,1.73,-12.556));
#18895=CARTESIAN_POINT('Origin',(20.225,1.81,-12.556));
#18896=CARTESIAN_POINT('',(19.74,1.73,-12.556));
#18897=CARTESIAN_POINT('Origin',(19.74,1.81,-12.556));
#18898=CARTESIAN_POINT('',(19.74,1.73,-12.556));
#18899=CARTESIAN_POINT('Origin',(19.74,1.73,-12.556));
#18900=CARTESIAN_POINT('',(20.225,1.73,-12.516));
#18901=CARTESIAN_POINT('',(20.225,1.73,-12.556));
#18902=CARTESIAN_POINT('',(19.74,1.73,-12.516));
#18903=CARTESIAN_POINT('',(19.74,1.73,-12.556));
#18904=CARTESIAN_POINT('',(19.74,1.73,-12.516));
#18905=CARTESIAN_POINT('Origin',(19.74,1.73,-12.516));
#18906=CARTESIAN_POINT('',(20.225,1.65,-12.516));
#18907=CARTESIAN_POINT('',(20.225,1.73,-12.516));
#18908=CARTESIAN_POINT('',(19.74,1.65,-12.516));
#18909=CARTESIAN_POINT('',(19.74,1.73,-12.516));
#18910=CARTESIAN_POINT('',(19.74,1.65,-12.516));
#18911=CARTESIAN_POINT('Origin',(19.74,1.65,-12.516));
#18912=CARTESIAN_POINT('',(20.225,1.65,-12.636));
#18913=CARTESIAN_POINT('',(20.225,1.65,-12.516));
#18914=CARTESIAN_POINT('',(19.74,1.65,-12.636));
#18915=CARTESIAN_POINT('',(19.74,1.65,-12.516));
#18916=CARTESIAN_POINT('',(19.74,1.65,-12.636));
#18917=CARTESIAN_POINT('Origin',(19.74,1.73,-12.636));
#18918=CARTESIAN_POINT('',(20.225,1.73,-12.716));
#18919=CARTESIAN_POINT('Origin',(20.225,1.73,-12.636));
#18920=CARTESIAN_POINT('',(19.74,1.73,-12.716));
#18921=CARTESIAN_POINT('Origin',(19.74,1.73,-12.636));
#18922=CARTESIAN_POINT('',(19.74,1.73,-12.716));
#18923=CARTESIAN_POINT('Origin',(19.74,1.73,-12.716));
#18924=CARTESIAN_POINT('',(20.225,1.88999999999998,-12.716));
#18925=CARTESIAN_POINT('',(20.225,1.73,-12.716));
#18926=CARTESIAN_POINT('',(19.74,1.88999999999998,-12.716));
#18927=CARTESIAN_POINT('',(19.74,1.73,-12.716));
#18928=CARTESIAN_POINT('',(19.74,1.88999999999998,-12.716));
#18929=CARTESIAN_POINT('Origin',(19.74,1.88999999999998,-12.796));
#18930=CARTESIAN_POINT('',(20.225,1.96999999999998,-12.796));
#18931=CARTESIAN_POINT('Origin',(20.225,1.88999999999998,-12.796));
#18932=CARTESIAN_POINT('',(19.74,1.96999999999998,-12.796));
#18933=CARTESIAN_POINT('Origin',(19.74,1.88999999999998,-12.796));
#18934=CARTESIAN_POINT('',(19.74,1.96999999999998,-12.796));
#18935=CARTESIAN_POINT('Origin',(19.74,1.96999999999998,-12.796));
#18936=CARTESIAN_POINT('',(20.225,1.96999999999998,-12.796));
#18937=CARTESIAN_POINT('',(19.74,1.96999999999998,-12.796));
#18938=CARTESIAN_POINT('Origin',(19.74,1.96999999999998,-12.716));
#18939=CARTESIAN_POINT('Origin',(20.225,1.96999999999998,-12.716));
#18940=CARTESIAN_POINT('Origin',(20.69,1.96999999999998,-14.3518938415433));
#18941=CARTESIAN_POINT('',(21.175,2.04999999999998,-14.366));
#18942=CARTESIAN_POINT('',(21.175,1.96999999999998,-14.3518938415433));
#18943=CARTESIAN_POINT('',(21.175,1.96999999999998,-14.3518938415433));
#18944=CARTESIAN_POINT('',(20.69,2.04999999999998,-14.366));
#18945=CARTESIAN_POINT('',(20.69,2.04999999999998,-14.366));
#18946=CARTESIAN_POINT('',(20.69,1.96999999999998,-14.3518938415433));
#18947=CARTESIAN_POINT('',(20.69,1.96999999999998,-14.3518938415433));
#18948=CARTESIAN_POINT('',(20.69,1.96999999999998,-14.3518938415433));
#18949=CARTESIAN_POINT('Origin',(20.69,2.04999999999998,-14.366));
#18950=CARTESIAN_POINT('',(21.175,2.04999999999998,-14.716));
#18951=CARTESIAN_POINT('',(21.175,2.04999999999998,-14.366));
#18952=CARTESIAN_POINT('',(20.69,2.04999999999998,-14.716));
#18953=CARTESIAN_POINT('',(20.69,2.04999999999998,-14.716));
#18954=CARTESIAN_POINT('',(20.69,2.04999999999998,-14.366));
#18955=CARTESIAN_POINT('Origin',(20.69,1.96999999999998,-14.716));
#18956=CARTESIAN_POINT('',(21.175,1.96999999999998,-14.796));
#18957=CARTESIAN_POINT('Origin',(21.175,1.96999999999998,-14.716));
#18958=CARTESIAN_POINT('',(20.69,1.96999999999998,-14.796));
#18959=CARTESIAN_POINT('',(20.69,1.96999999999998,-14.796));
#18960=CARTESIAN_POINT('Origin',(20.69,1.96999999999998,-14.716));
#18961=CARTESIAN_POINT('Origin',(20.69,1.96999999999998,-14.796));
#18962=CARTESIAN_POINT('',(21.175,1.81,-14.796));
#18963=CARTESIAN_POINT('',(21.175,1.96999999999998,-14.796));
#18964=CARTESIAN_POINT('',(20.69,1.81,-14.796));
#18965=CARTESIAN_POINT('',(20.69,1.81,-14.796));
#18966=CARTESIAN_POINT('',(20.69,1.96999999999998,-14.796));
#18967=CARTESIAN_POINT('Origin',(20.69,1.81,-14.876));
#18968=CARTESIAN_POINT('',(21.175,1.73,-14.876));
#18969=CARTESIAN_POINT('Origin',(21.175,1.81,-14.876));
#18970=CARTESIAN_POINT('',(20.69,1.73,-14.876));
#18971=CARTESIAN_POINT('',(20.69,1.73,-14.876));
#18972=CARTESIAN_POINT('Origin',(20.69,1.81,-14.876));
#18973=CARTESIAN_POINT('Origin',(20.69,1.73,-14.876));
#18974=CARTESIAN_POINT('',(21.175,1.73,-14.916));
#18975=CARTESIAN_POINT('',(21.175,1.73,-14.876));
#18976=CARTESIAN_POINT('',(20.69,1.73,-14.916));
#18977=CARTESIAN_POINT('',(20.69,1.73,-14.916));
#18978=CARTESIAN_POINT('',(20.69,1.73,-14.876));
#18979=CARTESIAN_POINT('Origin',(20.69,1.73,-14.916));
#18980=CARTESIAN_POINT('',(21.175,1.65,-14.916));
#18981=CARTESIAN_POINT('',(21.175,1.73,-14.916));
#18982=CARTESIAN_POINT('',(20.69,1.65,-14.916));
#18983=CARTESIAN_POINT('',(20.69,1.65,-14.916));
#18984=CARTESIAN_POINT('',(20.69,1.73,-14.916));
#18985=CARTESIAN_POINT('Origin',(20.69,1.65,-14.916));
#18986=CARTESIAN_POINT('',(21.175,1.65,-14.796));
#18987=CARTESIAN_POINT('',(21.175,1.65,-14.916));
#18988=CARTESIAN_POINT('',(20.69,1.65,-14.796));
#18989=CARTESIAN_POINT('',(20.69,1.65,-14.796));
#18990=CARTESIAN_POINT('',(20.69,1.65,-14.916));
#18991=CARTESIAN_POINT('Origin',(20.69,1.73,-14.796));
#18992=CARTESIAN_POINT('',(21.175,1.73,-14.716));
#18993=CARTESIAN_POINT('Origin',(21.175,1.73,-14.796));
#18994=CARTESIAN_POINT('',(20.69,1.73,-14.716));
#18995=CARTESIAN_POINT('',(20.69,1.73,-14.716));
#18996=CARTESIAN_POINT('Origin',(20.69,1.73,-14.796));
#18997=CARTESIAN_POINT('Origin',(20.69,1.73,-14.716));
#18998=CARTESIAN_POINT('',(21.175,1.88999999999998,-14.716));
#18999=CARTESIAN_POINT('',(21.175,1.73,-14.716));
#19000=CARTESIAN_POINT('',(20.69,1.88999999999998,-14.716));
#19001=CARTESIAN_POINT('',(20.69,1.88999999999998,-14.716));
#19002=CARTESIAN_POINT('',(20.69,1.73,-14.716));
#19003=CARTESIAN_POINT('Origin',(20.69,1.88999999999998,-14.636));
#19004=CARTESIAN_POINT('',(21.175,1.96999999999998,-14.636));
#19005=CARTESIAN_POINT('Origin',(21.175,1.88999999999998,-14.636));
#19006=CARTESIAN_POINT('',(20.69,1.96999999999998,-14.636));
#19007=CARTESIAN_POINT('',(20.69,1.96999999999998,-14.636));
#19008=CARTESIAN_POINT('Origin',(20.69,1.88999999999998,-14.636));
#19009=CARTESIAN_POINT('Origin',(20.69,1.96999999999998,-14.636));
#19010=CARTESIAN_POINT('',(21.175,1.96999999999998,-14.636));
#19011=CARTESIAN_POINT('',(20.69,1.96999999999998,-14.636));
#19012=CARTESIAN_POINT('Origin',(20.69,1.96999999999998,-14.716));
#19013=CARTESIAN_POINT('Origin',(21.175,1.96999999999998,-14.716));
#19014=CARTESIAN_POINT('Origin',(0.254,2.85,-18.923));
#19015=CARTESIAN_POINT('',(22.2739384154332,2.85,-14.2249384154332));
#19016=CARTESIAN_POINT('',(22.2739384154332,2.85,-13.2070615845668));
#19017=CARTESIAN_POINT('',(22.2739384154332,2.85,-13.066));
#19018=CARTESIAN_POINT('',(19.6360615845668,2.85,-14.2249384154332));
#19019=CARTESIAN_POINT('',(22.415,2.85,-14.2249384154332));
#19020=CARTESIAN_POINT('',(19.6360615845668,2.85,-13.2070615845668));
#19021=CARTESIAN_POINT('',(19.6360615845668,2.85,-14.366));
#19022=CARTESIAN_POINT('',(19.495,2.85,-13.2070615845668));
#19023=CARTESIAN_POINT('Origin',(0.254,1.65,-18.923));
#19024=CARTESIAN_POINT('',(22.3444692077166,1.65,-14.2954692077166));
#19025=CARTESIAN_POINT('',(19.5655307922834,1.65,-14.2954692077166));
#19026=CARTESIAN_POINT('',(0.254,1.65,-14.2954692077166));
#19027=CARTESIAN_POINT('',(22.3444692077166,1.65,-13.1365307922834));
#19028=CARTESIAN_POINT('',(22.3444692077166,1.65,-18.923));
#19029=CARTESIAN_POINT('',(19.5655307922834,1.65,-13.1365307922834));
#19030=CARTESIAN_POINT('',(0.254,1.65,-13.1365307922834));
#19031=CARTESIAN_POINT('',(19.5655307922834,1.65,-18.923));
#19032=CARTESIAN_POINT('Origin',(0.254,2.85,-14.2249384154332));
#19033=CARTESIAN_POINT('',(19.495,2.04999999999998,-14.366));
#19034=CARTESIAN_POINT('',(19.4985443459207,2.07010098458259,-14.3624556540793));
#19035=CARTESIAN_POINT('',(22.415,2.04999999999998,-14.366));
#19036=CARTESIAN_POINT('',(21.6293914950621,6.50540723139159,-13.5803914950621));
#19037=CARTESIAN_POINT('',(19.495,2.04999999999998,-14.366));
#19038=CARTESIAN_POINT('Origin',(22.2739384154332,2.85,-18.923));
#19039=CARTESIAN_POINT('',(22.415,2.04999999999998,-13.066));
#19040=CARTESIAN_POINT('',(22.1066268438388,3.79887107419517,-13.3743731561612));
#19041=CARTESIAN_POINT('',(22.415,2.04999999999998,-14.366));
#19042=CARTESIAN_POINT('Origin',(19.6360615845668,2.85,-18.923));
#19043=CARTESIAN_POINT('',(19.495,2.04999999999998,-13.066));
#19044=CARTESIAN_POINT('',(19.495,2.04999999999998,-13.066));
#19045=CARTESIAN_POINT('',(19.8033731561612,3.79887107419517,-13.3743731561612));
#19046=CARTESIAN_POINT('Origin',(0.254,2.85,-13.2070615845668));
#19047=CARTESIAN_POINT('',(22.415,2.04999999999998,-13.066));
#19048=CARTESIAN_POINT('Origin',(22.415,2.05000000000001,-13.066));
#19049=CARTESIAN_POINT('',(22.3769476230735,1.83419424654347,-14.3279476230735));
#19050=CARTESIAN_POINT('',(22.3295285072112,1.56526707685147,-13.1514714927888));
#19051=CARTESIAN_POINT('Origin',(19.495,2.05000000000001,-13.066));
#19052=CARTESIAN_POINT('',(19.495,2.05000000000001,-13.066));
#19053=CARTESIAN_POINT('Origin',(19.495,2.05000000000001,-14.366));
#19054=CARTESIAN_POINT('',(19.495,2.05000000000001,-14.366));
#19055=CARTESIAN_POINT('Origin',(19.495,2.05000000000001,-13.066));
#19056=CARTESIAN_POINT('Origin',(2.54,1.7,-2.54));
#19057=CARTESIAN_POINT('',(2.54,1.7,-1.29));
#19058=CARTESIAN_POINT('Origin',(2.54,1.7,-2.54));
#19059=CARTESIAN_POINT('',(2.54,1.65,-1.29));
#19060=CARTESIAN_POINT('',(2.54,1.7,-1.29));
#19061=CARTESIAN_POINT('Origin',(2.54,1.65,-2.54));
#19062=CARTESIAN_POINT('Origin',(2.54,1.7,-2.54));
#19063=CARTESIAN_POINT('',(2.54,1.65,-0.539999999999999));
#19064=CARTESIAN_POINT('Origin',(2.54,1.65,-2.54));
#19065=CARTESIAN_POINT('',(2.54,1.7,-0.539999999999999));
#19066=CARTESIAN_POINT('',(2.54,1.7,-0.539999999999999));
#19067=CARTESIAN_POINT('Origin',(2.54,1.7,-2.54));
#19068=CARTESIAN_POINT('Origin',(2.54,1.7,-2.54));
#19069=CARTESIAN_POINT('Origin',(2.54,1.65,-2.54));
#19070=CARTESIAN_POINT('Origin',(2.54,1.7,-17.78));
#19071=CARTESIAN_POINT('',(2.54,1.7,-16.53));
#19072=CARTESIAN_POINT('Origin',(2.54,1.7,-17.78));
#19073=CARTESIAN_POINT('',(2.54,1.65,-16.53));
#19074=CARTESIAN_POINT('',(2.54,1.7,-16.53));
#19075=CARTESIAN_POINT('Origin',(2.54,1.65,-17.78));
#19076=CARTESIAN_POINT('Origin',(2.54,1.7,-17.78));
#19077=CARTESIAN_POINT('',(2.54,1.65,-15.78));
#19078=CARTESIAN_POINT('Origin',(2.54,1.65,-17.78));
#19079=CARTESIAN_POINT('',(2.54,1.7,-15.78));
#19080=CARTESIAN_POINT('',(2.54,1.7,-15.78));
#19081=CARTESIAN_POINT('Origin',(2.54,1.7,-17.78));
#19082=CARTESIAN_POINT('Origin',(2.54,1.7,-17.78));
#19083=CARTESIAN_POINT('Origin',(2.54,1.65,-17.78));
#19084=CARTESIAN_POINT('Origin',(24.13,1.7,-17.78));
#19085=CARTESIAN_POINT('',(24.13,1.7,-16.53));
#19086=CARTESIAN_POINT('Origin',(24.13,1.7,-17.78));
#19087=CARTESIAN_POINT('',(24.13,1.65,-16.53));
#19088=CARTESIAN_POINT('',(24.13,1.7,-16.53));
#19089=CARTESIAN_POINT('Origin',(24.13,1.65,-17.78));
#19090=CARTESIAN_POINT('Origin',(24.13,1.7,-17.78));
#19091=CARTESIAN_POINT('',(24.13,1.65,-15.78));
#19092=CARTESIAN_POINT('Origin',(24.13,1.65,-17.78));
#19093=CARTESIAN_POINT('',(24.13,1.7,-15.78));
#19094=CARTESIAN_POINT('',(24.13,1.7,-15.78));
#19095=CARTESIAN_POINT('Origin',(24.13,1.7,-17.78));
#19096=CARTESIAN_POINT('Origin',(24.13,1.7,-17.78));
#19097=CARTESIAN_POINT('Origin',(24.13,1.65,-17.78));
#19098=CARTESIAN_POINT('Origin',(24.13,1.7,-2.54));
#19099=CARTESIAN_POINT('',(24.13,1.7,-1.29));
#19100=CARTESIAN_POINT('Origin',(24.13,1.7,-2.54));
#19101=CARTESIAN_POINT('',(24.13,1.65,-1.29));
#19102=CARTESIAN_POINT('',(24.13,1.7,-1.29));
#19103=CARTESIAN_POINT('Origin',(24.13,1.65,-2.54));
#19104=CARTESIAN_POINT('Origin',(24.13,1.7,-2.54));
#19105=CARTESIAN_POINT('',(24.13,1.65,-0.539999999999997));
#19106=CARTESIAN_POINT('Origin',(24.13,1.65,-2.54));
#19107=CARTESIAN_POINT('',(24.13,1.7,-0.539999999999997));
#19108=CARTESIAN_POINT('',(24.13,1.7,-0.539999999999997));
#19109=CARTESIAN_POINT('Origin',(24.13,1.7,-2.54));
#19110=CARTESIAN_POINT('Origin',(24.13,1.7,-2.54));
#19111=CARTESIAN_POINT('Origin',(24.13,1.65,-2.54));
#19112=CARTESIAN_POINT('Origin',(19.685,1.7,-1.27));
#19113=CARTESIAN_POINT('',(19.685,1.7,-0.770000000000001));
#19114=CARTESIAN_POINT('Origin',(19.685,1.7,-1.27));
#19115=CARTESIAN_POINT('',(19.685,1.65,-0.770000000000001));
#19116=CARTESIAN_POINT('',(19.685,1.7,-0.770000000000001));
#19117=CARTESIAN_POINT('Origin',(19.685,1.65,-1.27));
#19118=CARTESIAN_POINT('Origin',(19.685,1.7,-1.27));
#19119=CARTESIAN_POINT('',(19.685,1.65,-0.269999999999998));
#19120=CARTESIAN_POINT('Origin',(19.685,1.65,-1.27));
#19121=CARTESIAN_POINT('',(19.685,1.7,-0.269999999999998));
#19122=CARTESIAN_POINT('',(19.685,1.7,-0.269999999999998));
#19123=CARTESIAN_POINT('Origin',(19.685,1.7,-1.27));
#19124=CARTESIAN_POINT('Origin',(19.685,1.7,-1.27));
#19125=CARTESIAN_POINT('Origin',(19.685,1.65,-1.27));
#19126=CARTESIAN_POINT('Origin',(17.145,1.7,-1.26999999999998));
#19127=CARTESIAN_POINT('',(17.145,1.7,-0.769999999999983));
#19128=CARTESIAN_POINT('Origin',(17.145,1.7,-1.26999999999998));
#19129=CARTESIAN_POINT('',(17.145,1.65,-0.769999999999983));
#19130=CARTESIAN_POINT('',(17.145,1.7,-0.769999999999983));
#19131=CARTESIAN_POINT('Origin',(17.145,1.65,-1.26999999999998));
#19132=CARTESIAN_POINT('Origin',(17.145,1.7,-1.26999999999998));
#19133=CARTESIAN_POINT('',(17.145,1.65,-0.269999999999981));
#19134=CARTESIAN_POINT('Origin',(17.145,1.65,-1.26999999999998));
#19135=CARTESIAN_POINT('',(17.145,1.7,-0.269999999999981));
#19136=CARTESIAN_POINT('',(17.145,1.7,-0.269999999999981));
#19137=CARTESIAN_POINT('Origin',(17.145,1.7,-1.26999999999998));
#19138=CARTESIAN_POINT('Origin',(17.145,1.7,-1.26999999999998));
#19139=CARTESIAN_POINT('Origin',(17.145,1.65,-1.26999999999998));
#19140=CARTESIAN_POINT('Origin',(14.605,1.7,-1.26999999999996));
#19141=CARTESIAN_POINT('',(14.605,1.7,-0.769999999999966));
#19142=CARTESIAN_POINT('Origin',(14.605,1.7,-1.26999999999996));
#19143=CARTESIAN_POINT('',(14.605,1.65,-0.769999999999966));
#19144=CARTESIAN_POINT('',(14.605,1.7,-0.769999999999966));
#19145=CARTESIAN_POINT('Origin',(14.605,1.65,-1.26999999999996));
#19146=CARTESIAN_POINT('Origin',(14.605,1.7,-1.26999999999996));
#19147=CARTESIAN_POINT('',(14.605,1.65,-0.269999999999963));
#19148=CARTESIAN_POINT('Origin',(14.605,1.65,-1.26999999999996));
#19149=CARTESIAN_POINT('',(14.605,1.7,-0.269999999999963));
#19150=CARTESIAN_POINT('',(14.605,1.7,-0.269999999999963));
#19151=CARTESIAN_POINT('Origin',(14.605,1.7,-1.26999999999996));
#19152=CARTESIAN_POINT('Origin',(14.605,1.7,-1.26999999999996));
#19153=CARTESIAN_POINT('Origin',(14.605,1.65,-1.26999999999996));
#19154=CARTESIAN_POINT('Origin',(12.065,1.7,-1.26999999999995));
#19155=CARTESIAN_POINT('',(12.065,1.7,-0.769999999999948));
#19156=CARTESIAN_POINT('Origin',(12.065,1.7,-1.26999999999995));
#19157=CARTESIAN_POINT('',(12.065,1.65,-0.769999999999948));
#19158=CARTESIAN_POINT('',(12.065,1.7,-0.769999999999948));
#19159=CARTESIAN_POINT('Origin',(12.065,1.65,-1.26999999999995));
#19160=CARTESIAN_POINT('Origin',(12.065,1.7,-1.26999999999995));
#19161=CARTESIAN_POINT('',(12.065,1.65,-0.269999999999946));
#19162=CARTESIAN_POINT('Origin',(12.065,1.65,-1.26999999999995));
#19163=CARTESIAN_POINT('',(12.065,1.7,-0.269999999999946));
#19164=CARTESIAN_POINT('',(12.065,1.7,-0.269999999999946));
#19165=CARTESIAN_POINT('Origin',(12.065,1.7,-1.26999999999995));
#19166=CARTESIAN_POINT('Origin',(12.065,1.7,-1.26999999999995));
#19167=CARTESIAN_POINT('Origin',(12.065,1.65,-1.26999999999995));
#19168=CARTESIAN_POINT('Origin',(9.525,1.7,-1.26999999999993));
#19169=CARTESIAN_POINT('',(9.525,1.7,-0.769999999999931));
#19170=CARTESIAN_POINT('Origin',(9.525,1.7,-1.26999999999993));
#19171=CARTESIAN_POINT('',(9.525,1.65,-0.769999999999931));
#19172=CARTESIAN_POINT('',(9.525,1.7,-0.769999999999931));
#19173=CARTESIAN_POINT('Origin',(9.525,1.65,-1.26999999999993));
#19174=CARTESIAN_POINT('Origin',(9.525,1.7,-1.26999999999993));
#19175=CARTESIAN_POINT('',(9.525,1.65,-0.269999999999928));
#19176=CARTESIAN_POINT('Origin',(9.525,1.65,-1.26999999999993));
#19177=CARTESIAN_POINT('',(9.525,1.7,-0.269999999999928));
#19178=CARTESIAN_POINT('',(9.525,1.7,-0.269999999999928));
#19179=CARTESIAN_POINT('Origin',(9.525,1.7,-1.26999999999993));
#19180=CARTESIAN_POINT('Origin',(9.525,1.7,-1.26999999999993));
#19181=CARTESIAN_POINT('Origin',(9.525,1.65,-1.26999999999993));
#19182=CARTESIAN_POINT('Origin',(6.985,1.7,-1.26999999999991));
#19183=CARTESIAN_POINT('',(6.985,1.7,-0.769999999999913));
#19184=CARTESIAN_POINT('Origin',(6.985,1.7,-1.26999999999991));
#19185=CARTESIAN_POINT('',(6.985,1.65,-0.769999999999913));
#19186=CARTESIAN_POINT('',(6.985,1.7,-0.769999999999913));
#19187=CARTESIAN_POINT('Origin',(6.985,1.65,-1.26999999999991));
#19188=CARTESIAN_POINT('Origin',(6.985,1.7,-1.26999999999991));
#19189=CARTESIAN_POINT('',(6.985,1.65,-0.26999999999991));
#19190=CARTESIAN_POINT('Origin',(6.985,1.65,-1.26999999999991));
#19191=CARTESIAN_POINT('',(6.985,1.7,-0.26999999999991));
#19192=CARTESIAN_POINT('',(6.985,1.7,-0.26999999999991));
#19193=CARTESIAN_POINT('Origin',(6.985,1.7,-1.26999999999991));
#19194=CARTESIAN_POINT('Origin',(6.985,1.7,-1.26999999999991));
#19195=CARTESIAN_POINT('Origin',(6.985,1.65,-1.26999999999991));
#19196=CARTESIAN_POINT('Origin',(17.145,1.7,-19.05));
#19197=CARTESIAN_POINT('',(17.145,1.7,-18.55));
#19198=CARTESIAN_POINT('Origin',(17.145,1.7,-19.05));
#19199=CARTESIAN_POINT('',(17.145,1.65,-18.55));
#19200=CARTESIAN_POINT('',(17.145,1.7,-18.55));
#19201=CARTESIAN_POINT('Origin',(17.145,1.65,-19.05));
#19202=CARTESIAN_POINT('Origin',(17.145,1.7,-19.05));
#19203=CARTESIAN_POINT('',(17.145,1.65,-18.05));
#19204=CARTESIAN_POINT('Origin',(17.145,1.65,-19.05));
#19205=CARTESIAN_POINT('',(17.145,1.7,-18.05));
#19206=CARTESIAN_POINT('',(17.145,1.7,-18.05));
#19207=CARTESIAN_POINT('Origin',(17.145,1.7,-19.05));
#19208=CARTESIAN_POINT('Origin',(17.145,1.7,-19.05));
#19209=CARTESIAN_POINT('Origin',(17.145,1.65,-19.05));
#19210=CARTESIAN_POINT('Origin',(14.605,1.7,-19.05));
#19211=CARTESIAN_POINT('',(14.605,1.7,-18.55));
#19212=CARTESIAN_POINT('Origin',(14.605,1.7,-19.05));
#19213=CARTESIAN_POINT('',(14.605,1.65,-18.55));
#19214=CARTESIAN_POINT('',(14.605,1.7,-18.55));
#19215=CARTESIAN_POINT('Origin',(14.605,1.65,-19.05));
#19216=CARTESIAN_POINT('Origin',(14.605,1.7,-19.05));
#19217=CARTESIAN_POINT('',(14.605,1.65,-18.05));
#19218=CARTESIAN_POINT('Origin',(14.605,1.65,-19.05));
#19219=CARTESIAN_POINT('',(14.605,1.7,-18.05));
#19220=CARTESIAN_POINT('',(14.605,1.7,-18.05));
#19221=CARTESIAN_POINT('Origin',(14.605,1.7,-19.05));
#19222=CARTESIAN_POINT('Origin',(14.605,1.7,-19.05));
#19223=CARTESIAN_POINT('Origin',(14.605,1.65,-19.05));
#19224=CARTESIAN_POINT('Origin',(12.065,1.7,-19.05));
#19225=CARTESIAN_POINT('',(12.065,1.7,-18.55));
#19226=CARTESIAN_POINT('Origin',(12.065,1.7,-19.05));
#19227=CARTESIAN_POINT('',(12.065,1.65,-18.55));
#19228=CARTESIAN_POINT('',(12.065,1.7,-18.55));
#19229=CARTESIAN_POINT('Origin',(12.065,1.65,-19.05));
#19230=CARTESIAN_POINT('Origin',(12.065,1.7,-19.05));
#19231=CARTESIAN_POINT('',(12.065,1.65,-18.05));
#19232=CARTESIAN_POINT('Origin',(12.065,1.65,-19.05));
#19233=CARTESIAN_POINT('',(12.065,1.7,-18.05));
#19234=CARTESIAN_POINT('',(12.065,1.7,-18.05));
#19235=CARTESIAN_POINT('Origin',(12.065,1.7,-19.05));
#19236=CARTESIAN_POINT('Origin',(12.065,1.7,-19.05));
#19237=CARTESIAN_POINT('Origin',(12.065,1.65,-19.05));
#19238=CARTESIAN_POINT('Origin',(9.525,1.7,-19.0499999999999));
#19239=CARTESIAN_POINT('',(9.525,1.7,-18.5499999999999));
#19240=CARTESIAN_POINT('Origin',(9.525,1.7,-19.0499999999999));
#19241=CARTESIAN_POINT('',(9.525,1.65,-18.5499999999999));
#19242=CARTESIAN_POINT('',(9.525,1.7,-18.5499999999999));
#19243=CARTESIAN_POINT('Origin',(9.525,1.65,-19.0499999999999));
#19244=CARTESIAN_POINT('Origin',(9.525,1.7,-19.0499999999999));
#19245=CARTESIAN_POINT('',(9.525,1.65,-18.0499999999999));
#19246=CARTESIAN_POINT('Origin',(9.525,1.65,-19.0499999999999));
#19247=CARTESIAN_POINT('',(9.525,1.7,-18.0499999999999));
#19248=CARTESIAN_POINT('',(9.525,1.7,-18.0499999999999));
#19249=CARTESIAN_POINT('Origin',(9.525,1.7,-19.0499999999999));
#19250=CARTESIAN_POINT('Origin',(9.525,1.7,-19.0499999999999));
#19251=CARTESIAN_POINT('Origin',(9.525,1.65,-19.0499999999999));
#19252=CARTESIAN_POINT('Origin',(1.651,1.7,-5.842));
#19253=CARTESIAN_POINT('',(1.651,1.65,-5.342));
#19254=CARTESIAN_POINT('Origin',(1.651,1.65,-5.842));
#19255=CARTESIAN_POINT('',(1.651,1.7,-5.342));
#19256=CARTESIAN_POINT('',(1.651,1.7,-5.342));
#19257=CARTESIAN_POINT('Origin',(1.651,1.7,-5.842));
#19258=CARTESIAN_POINT('Origin',(1.651,1.7,-5.842));
#19259=CARTESIAN_POINT('Origin',(1.651,1.65,-5.842));
#19260=CARTESIAN_POINT('Origin',(20.828,1.7,-18.923));
#19261=CARTESIAN_POINT('',(20.828,1.65,-18.423));
#19262=CARTESIAN_POINT('Origin',(20.828,1.65,-18.923));
#19263=CARTESIAN_POINT('',(20.828,1.7,-18.423));
#19264=CARTESIAN_POINT('',(20.828,1.7,-18.423));
#19265=CARTESIAN_POINT('Origin',(20.828,1.7,-18.923));
#19266=CARTESIAN_POINT('Origin',(20.828,1.7,-18.923));
#19267=CARTESIAN_POINT('Origin',(20.828,1.65,-18.923));
#19268=CARTESIAN_POINT('Origin',(2.54,-0.0499999999999999,-17.78));
#19269=CARTESIAN_POINT('',(2.54,-0.0499999999999999,-16.53));
#19270=CARTESIAN_POINT('Origin',(2.54,-0.0499999999999999,-17.78));
#19271=CARTESIAN_POINT('',(2.54,0.,-16.53));
#19272=CARTESIAN_POINT('',(2.54,-0.0499999999999999,-16.53));
#19273=CARTESIAN_POINT('Origin',(2.54,0.,-17.78));
#19274=CARTESIAN_POINT('Origin',(2.54,-0.0499999999999999,-17.78));
#19275=CARTESIAN_POINT('',(2.54,0.,-15.78));
#19276=CARTESIAN_POINT('Origin',(2.54,0.,-17.78));
#19277=CARTESIAN_POINT('',(2.54,-0.0499999999999999,-15.78));
#19278=CARTESIAN_POINT('',(2.54,-0.0499999999999999,-15.78));
#19279=CARTESIAN_POINT('Origin',(2.54,-0.0499999999999999,-17.78));
#19280=CARTESIAN_POINT('Origin',(2.54,-0.0499999999999999,-17.78));
#19281=CARTESIAN_POINT('Origin',(2.54,0.,-17.78));
#19282=CARTESIAN_POINT('Origin',(9.525,-0.0499999999999999,-19.0499999999999));
#19283=CARTESIAN_POINT('',(9.525,-0.0499999999999999,-18.5499999999999));
#19284=CARTESIAN_POINT('Origin',(9.525,-0.0499999999999999,-19.0499999999999));
#19285=CARTESIAN_POINT('',(9.525,0.,-18.5499999999999));
#19286=CARTESIAN_POINT('',(9.525,-0.0499999999999999,-18.5499999999999));
#19287=CARTESIAN_POINT('Origin',(9.525,0.,-19.0499999999999));
#19288=CARTESIAN_POINT('Origin',(9.525,-0.0499999999999999,-19.0499999999999));
#19289=CARTESIAN_POINT('',(9.525,0.,-18.0499999999999));
#19290=CARTESIAN_POINT('Origin',(9.525,0.,-19.0499999999999));
#19291=CARTESIAN_POINT('',(9.525,-0.0499999999999999,-18.0499999999999));
#19292=CARTESIAN_POINT('',(9.525,-0.0499999999999999,-18.0499999999999));
#19293=CARTESIAN_POINT('Origin',(9.525,-0.0499999999999999,-19.0499999999999));
#19294=CARTESIAN_POINT('Origin',(9.525,-0.0499999999999999,-19.0499999999999));
#19295=CARTESIAN_POINT('Origin',(9.525,0.,-19.0499999999999));
#19296=CARTESIAN_POINT('Origin',(12.065,-0.0499999999999999,-19.05));
#19297=CARTESIAN_POINT('',(12.065,-0.0499999999999999,-18.55));
#19298=CARTESIAN_POINT('Origin',(12.065,-0.0499999999999999,-19.05));
#19299=CARTESIAN_POINT('',(12.065,0.,-18.55));
#19300=CARTESIAN_POINT('',(12.065,-0.0499999999999999,-18.55));
#19301=CARTESIAN_POINT('Origin',(12.065,0.,-19.05));
#19302=CARTESIAN_POINT('Origin',(12.065,-0.0499999999999999,-19.05));
#19303=CARTESIAN_POINT('',(12.065,0.,-18.05));
#19304=CARTESIAN_POINT('Origin',(12.065,0.,-19.05));
#19305=CARTESIAN_POINT('',(12.065,-0.0499999999999999,-18.05));
#19306=CARTESIAN_POINT('',(12.065,-0.0499999999999999,-18.05));
#19307=CARTESIAN_POINT('Origin',(12.065,-0.0499999999999999,-19.05));
#19308=CARTESIAN_POINT('Origin',(12.065,-0.0499999999999999,-19.05));
#19309=CARTESIAN_POINT('Origin',(12.065,0.,-19.05));
#19310=CARTESIAN_POINT('Origin',(14.605,-0.0499999999999999,-19.05));
#19311=CARTESIAN_POINT('',(14.605,-0.0499999999999999,-18.55));
#19312=CARTESIAN_POINT('Origin',(14.605,-0.0499999999999999,-19.05));
#19313=CARTESIAN_POINT('',(14.605,0.,-18.55));
#19314=CARTESIAN_POINT('',(14.605,-0.0499999999999999,-18.55));
#19315=CARTESIAN_POINT('Origin',(14.605,0.,-19.05));
#19316=CARTESIAN_POINT('Origin',(14.605,-0.0499999999999999,-19.05));
#19317=CARTESIAN_POINT('',(14.605,0.,-18.05));
#19318=CARTESIAN_POINT('Origin',(14.605,0.,-19.05));
#19319=CARTESIAN_POINT('',(14.605,-0.0499999999999999,-18.05));
#19320=CARTESIAN_POINT('',(14.605,-0.0499999999999999,-18.05));
#19321=CARTESIAN_POINT('Origin',(14.605,-0.0499999999999999,-19.05));
#19322=CARTESIAN_POINT('Origin',(14.605,-0.0499999999999999,-19.05));
#19323=CARTESIAN_POINT('Origin',(14.605,0.,-19.05));
#19324=CARTESIAN_POINT('Origin',(17.145,-0.0499999999999999,-19.05));
#19325=CARTESIAN_POINT('',(17.145,-0.0499999999999999,-18.55));
#19326=CARTESIAN_POINT('Origin',(17.145,-0.0499999999999999,-19.05));
#19327=CARTESIAN_POINT('',(17.145,0.,-18.55));
#19328=CARTESIAN_POINT('',(17.145,-0.0499999999999999,-18.55));
#19329=CARTESIAN_POINT('Origin',(17.145,0.,-19.05));
#19330=CARTESIAN_POINT('Origin',(17.145,-0.0499999999999999,-19.05));
#19331=CARTESIAN_POINT('',(17.145,0.,-18.05));
#19332=CARTESIAN_POINT('Origin',(17.145,0.,-19.05));
#19333=CARTESIAN_POINT('',(17.145,-0.0499999999999999,-18.05));
#19334=CARTESIAN_POINT('',(17.145,-0.0499999999999999,-18.05));
#19335=CARTESIAN_POINT('Origin',(17.145,-0.0499999999999999,-19.05));
#19336=CARTESIAN_POINT('Origin',(17.145,-0.0499999999999999,-19.05));
#19337=CARTESIAN_POINT('Origin',(17.145,0.,-19.05));
#19338=CARTESIAN_POINT('Origin',(24.13,-0.0499999999999999,-17.78));
#19339=CARTESIAN_POINT('',(24.13,-0.0499999999999999,-16.53));
#19340=CARTESIAN_POINT('Origin',(24.13,-0.0499999999999999,-17.78));
#19341=CARTESIAN_POINT('',(24.13,0.,-16.53));
#19342=CARTESIAN_POINT('',(24.13,-0.0499999999999999,-16.53));
#19343=CARTESIAN_POINT('Origin',(24.13,0.,-17.78));
#19344=CARTESIAN_POINT('Origin',(24.13,-0.0499999999999999,-17.78));
#19345=CARTESIAN_POINT('',(24.13,0.,-15.78));
#19346=CARTESIAN_POINT('Origin',(24.13,0.,-17.78));
#19347=CARTESIAN_POINT('',(24.13,-0.0499999999999999,-15.78));
#19348=CARTESIAN_POINT('',(24.13,-0.0499999999999999,-15.78));
#19349=CARTESIAN_POINT('Origin',(24.13,-0.0499999999999999,-17.78));
#19350=CARTESIAN_POINT('Origin',(24.13,-0.0499999999999999,-17.78));
#19351=CARTESIAN_POINT('Origin',(24.13,0.,-17.78));
#19352=CARTESIAN_POINT('Origin',(24.13,-0.0499999999999999,-2.54));
#19353=CARTESIAN_POINT('',(24.13,-0.0499999999999999,-1.29));
#19354=CARTESIAN_POINT('Origin',(24.13,-0.0499999999999999,-2.54));
#19355=CARTESIAN_POINT('',(24.13,0.,-1.29));
#19356=CARTESIAN_POINT('',(24.13,-0.0499999999999999,-1.29));
#19357=CARTESIAN_POINT('Origin',(24.13,0.,-2.54));
#19358=CARTESIAN_POINT('Origin',(24.13,-0.0499999999999999,-2.54));
#19359=CARTESIAN_POINT('',(24.13,0.,-0.539999999999997));
#19360=CARTESIAN_POINT('Origin',(24.13,0.,-2.54));
#19361=CARTESIAN_POINT('',(24.13,-0.0499999999999999,-0.539999999999997));
#19362=CARTESIAN_POINT('',(24.13,-0.0499999999999999,-0.539999999999997));
#19363=CARTESIAN_POINT('Origin',(24.13,-0.0499999999999999,-2.54));
#19364=CARTESIAN_POINT('Origin',(24.13,-0.0499999999999999,-2.54));
#19365=CARTESIAN_POINT('Origin',(24.13,0.,-2.54));
#19366=CARTESIAN_POINT('Origin',(19.685,-0.0499999999999999,-1.27));
#19367=CARTESIAN_POINT('',(19.685,-0.0499999999999999,-0.770000000000001));
#19368=CARTESIAN_POINT('Origin',(19.685,-0.0499999999999999,-1.27));
#19369=CARTESIAN_POINT('',(19.685,0.,-0.770000000000001));
#19370=CARTESIAN_POINT('',(19.685,-0.0499999999999999,-0.770000000000001));
#19371=CARTESIAN_POINT('Origin',(19.685,0.,-1.27));
#19372=CARTESIAN_POINT('Origin',(19.685,-0.0499999999999999,-1.27));
#19373=CARTESIAN_POINT('',(19.685,0.,-0.269999999999998));
#19374=CARTESIAN_POINT('Origin',(19.685,0.,-1.27));
#19375=CARTESIAN_POINT('',(19.685,-0.0499999999999999,-0.269999999999998));
#19376=CARTESIAN_POINT('',(19.685,-0.0499999999999999,-0.269999999999998));
#19377=CARTESIAN_POINT('Origin',(19.685,-0.0499999999999999,-1.27));
#19378=CARTESIAN_POINT('Origin',(19.685,-0.0499999999999999,-1.27));
#19379=CARTESIAN_POINT('Origin',(19.685,0.,-1.27));
#19380=CARTESIAN_POINT('Origin',(17.145,-0.0499999999999999,-1.26999999999998));
#19381=CARTESIAN_POINT('',(17.145,-0.0499999999999999,-0.769999999999983));
#19382=CARTESIAN_POINT('Origin',(17.145,-0.0499999999999999,-1.26999999999998));
#19383=CARTESIAN_POINT('',(17.145,0.,-0.769999999999983));
#19384=CARTESIAN_POINT('',(17.145,-0.0499999999999999,-0.769999999999983));
#19385=CARTESIAN_POINT('Origin',(17.145,0.,-1.26999999999998));
#19386=CARTESIAN_POINT('Origin',(17.145,-0.0499999999999999,-1.26999999999998));
#19387=CARTESIAN_POINT('',(17.145,0.,-0.269999999999981));
#19388=CARTESIAN_POINT('Origin',(17.145,0.,-1.26999999999998));
#19389=CARTESIAN_POINT('',(17.145,-0.0499999999999999,-0.269999999999981));
#19390=CARTESIAN_POINT('',(17.145,-0.0499999999999999,-0.269999999999981));
#19391=CARTESIAN_POINT('Origin',(17.145,-0.0499999999999999,-1.26999999999998));
#19392=CARTESIAN_POINT('Origin',(17.145,-0.0499999999999999,-1.26999999999998));
#19393=CARTESIAN_POINT('Origin',(17.145,0.,-1.26999999999998));
#19394=CARTESIAN_POINT('Origin',(14.605,-0.0499999999999999,-1.26999999999996));
#19395=CARTESIAN_POINT('',(14.605,-0.0499999999999999,-0.769999999999966));
#19396=CARTESIAN_POINT('Origin',(14.605,-0.0499999999999999,-1.26999999999996));
#19397=CARTESIAN_POINT('',(14.605,0.,-0.769999999999966));
#19398=CARTESIAN_POINT('',(14.605,-0.0499999999999999,-0.769999999999966));
#19399=CARTESIAN_POINT('Origin',(14.605,0.,-1.26999999999996));
#19400=CARTESIAN_POINT('Origin',(14.605,-0.0499999999999999,-1.26999999999996));
#19401=CARTESIAN_POINT('',(14.605,0.,-0.269999999999963));
#19402=CARTESIAN_POINT('Origin',(14.605,0.,-1.26999999999996));
#19403=CARTESIAN_POINT('',(14.605,-0.0499999999999999,-0.269999999999963));
#19404=CARTESIAN_POINT('',(14.605,-0.0499999999999999,-0.269999999999963));
#19405=CARTESIAN_POINT('Origin',(14.605,-0.0499999999999999,-1.26999999999996));
#19406=CARTESIAN_POINT('Origin',(14.605,-0.0499999999999999,-1.26999999999996));
#19407=CARTESIAN_POINT('Origin',(14.605,0.,-1.26999999999996));
#19408=CARTESIAN_POINT('Origin',(12.065,-0.0499999999999999,-1.26999999999995));
#19409=CARTESIAN_POINT('',(12.065,-0.0499999999999999,-0.769999999999948));
#19410=CARTESIAN_POINT('Origin',(12.065,-0.0499999999999999,-1.26999999999995));
#19411=CARTESIAN_POINT('',(12.065,0.,-0.769999999999948));
#19412=CARTESIAN_POINT('',(12.065,-0.0499999999999999,-0.769999999999948));
#19413=CARTESIAN_POINT('Origin',(12.065,0.,-1.26999999999995));
#19414=CARTESIAN_POINT('Origin',(12.065,-0.0499999999999999,-1.26999999999995));
#19415=CARTESIAN_POINT('',(12.065,0.,-0.269999999999946));
#19416=CARTESIAN_POINT('Origin',(12.065,0.,-1.26999999999995));
#19417=CARTESIAN_POINT('',(12.065,-0.0499999999999999,-0.269999999999946));
#19418=CARTESIAN_POINT('',(12.065,-0.0499999999999999,-0.269999999999946));
#19419=CARTESIAN_POINT('Origin',(12.065,-0.0499999999999999,-1.26999999999995));
#19420=CARTESIAN_POINT('Origin',(12.065,-0.0499999999999999,-1.26999999999995));
#19421=CARTESIAN_POINT('Origin',(12.065,0.,-1.26999999999995));
#19422=CARTESIAN_POINT('Origin',(9.525,-0.0499999999999999,-1.26999999999993));
#19423=CARTESIAN_POINT('',(9.525,-0.0499999999999999,-0.769999999999931));
#19424=CARTESIAN_POINT('Origin',(9.525,-0.0499999999999999,-1.26999999999993));
#19425=CARTESIAN_POINT('',(9.525,0.,-0.769999999999931));
#19426=CARTESIAN_POINT('',(9.525,-0.0499999999999999,-0.769999999999931));
#19427=CARTESIAN_POINT('Origin',(9.525,0.,-1.26999999999993));
#19428=CARTESIAN_POINT('Origin',(9.525,-0.0499999999999999,-1.26999999999993));
#19429=CARTESIAN_POINT('',(9.525,0.,-0.269999999999928));
#19430=CARTESIAN_POINT('Origin',(9.525,0.,-1.26999999999993));
#19431=CARTESIAN_POINT('',(9.525,-0.0499999999999999,-0.269999999999928));
#19432=CARTESIAN_POINT('',(9.525,-0.0499999999999999,-0.269999999999928));
#19433=CARTESIAN_POINT('Origin',(9.525,-0.0499999999999999,-1.26999999999993));
#19434=CARTESIAN_POINT('Origin',(9.525,-0.0499999999999999,-1.26999999999993));
#19435=CARTESIAN_POINT('Origin',(9.525,0.,-1.26999999999993));
#19436=CARTESIAN_POINT('Origin',(6.985,-0.0499999999999999,-1.26999999999991));
#19437=CARTESIAN_POINT('',(6.985,-0.0499999999999999,-0.769999999999913));
#19438=CARTESIAN_POINT('Origin',(6.985,-0.0499999999999999,-1.26999999999991));
#19439=CARTESIAN_POINT('',(6.985,0.,-0.769999999999913));
#19440=CARTESIAN_POINT('',(6.985,-0.0499999999999999,-0.769999999999913));
#19441=CARTESIAN_POINT('Origin',(6.985,0.,-1.26999999999991));
#19442=CARTESIAN_POINT('Origin',(6.985,-0.0499999999999999,-1.26999999999991));
#19443=CARTESIAN_POINT('',(6.985,0.,-0.26999999999991));
#19444=CARTESIAN_POINT('Origin',(6.985,0.,-1.26999999999991));
#19445=CARTESIAN_POINT('',(6.985,-0.0499999999999999,-0.26999999999991));
#19446=CARTESIAN_POINT('',(6.985,-0.0499999999999999,-0.26999999999991));
#19447=CARTESIAN_POINT('Origin',(6.985,-0.0499999999999999,-1.26999999999991));
#19448=CARTESIAN_POINT('Origin',(6.985,-0.0499999999999999,-1.26999999999991));
#19449=CARTESIAN_POINT('Origin',(6.985,0.,-1.26999999999991));
#19450=CARTESIAN_POINT('Origin',(2.54,-0.0499999999999999,-2.54));
#19451=CARTESIAN_POINT('',(2.54,-0.0499999999999999,-1.29));
#19452=CARTESIAN_POINT('Origin',(2.54,-0.0499999999999999,-2.54));
#19453=CARTESIAN_POINT('',(2.54,0.,-1.29));
#19454=CARTESIAN_POINT('',(2.54,-0.0499999999999999,-1.29));
#19455=CARTESIAN_POINT('Origin',(2.54,0.,-2.54));
#19456=CARTESIAN_POINT('Origin',(2.54,-0.0499999999999999,-2.54));
#19457=CARTESIAN_POINT('',(2.54,0.,-0.539999999999999));
#19458=CARTESIAN_POINT('Origin',(2.54,0.,-2.54));
#19459=CARTESIAN_POINT('',(2.54,-0.0499999999999999,-0.539999999999999));
#19460=CARTESIAN_POINT('',(2.54,-0.0499999999999999,-0.539999999999999));
#19461=CARTESIAN_POINT('Origin',(2.54,-0.0499999999999999,-2.54));
#19462=CARTESIAN_POINT('Origin',(2.54,-0.0499999999999999,-2.54));
#19463=CARTESIAN_POINT('Origin',(2.54,0.,-2.54));
#19464=CARTESIAN_POINT('Origin',(3.896,4.1,-11.9223366653632));
#19465=CARTESIAN_POINT('',(3.896,4.1,-12.1723366653632));
#19466=CARTESIAN_POINT('Origin',(3.896,4.1,-11.9223366653632));
#19467=CARTESIAN_POINT('',(3.896,4.15,-12.2223366653632));
#19468=CARTESIAN_POINT('Origin',(3.896,4.1,-12.2223366653632));
#19469=CARTESIAN_POINT('Origin',(3.896,4.15,-11.9223366653632));
#19470=CARTESIAN_POINT('Origin',(3.896,4.05,-11.9223366653632));
#19471=CARTESIAN_POINT('',(3.896,4.05,-12.1723366653632));
#19472=CARTESIAN_POINT('Origin',(3.896,4.05,-11.9223366653632));
#19473=CARTESIAN_POINT('',(3.896,4.05,-12.1723366653632));
#19474=CARTESIAN_POINT('Origin',(3.096,4.15,0.));
#19475=CARTESIAN_POINT('',(2.10439748528311,2.66259622792466,-13.7723366653632));
#19476=CARTESIAN_POINT('',(2.11173125553088,2.67359688329632,-13.7723366653632));
#19477=CARTESIAN_POINT('',(3.096,4.15,-13.7723366653632));
#19478=CARTESIAN_POINT('',(2.10439748528311,2.66259622792466,-10.0723366653632));
#19479=CARTESIAN_POINT('',(2.10439748528311,2.66259622792466,-10.0223366653632));
#19480=CARTESIAN_POINT('',(2.11173125553088,2.67359688329632,-10.0723366653632));
#19481=CARTESIAN_POINT('',(3.096,4.15,-10.0723366653632));
#19482=CARTESIAN_POINT('',(3.08115667320751,4.12773500981126,-10.3146930197823));
#19483=CARTESIAN_POINT('',(2.31725253951093,2.98187880926639,-10.1237169863582));
#19484=CARTESIAN_POINT('',(3.08115667320751,4.12773500981126,-13.529980310944));
#19485=CARTESIAN_POINT('',(3.08115667320751,4.12773500981126,0.));
#19486=CARTESIAN_POINT('',(4.11685052673552,5.68127579010328,-13.271056847562));
#19487=CARTESIAN_POINT('Origin',(2.096,4.15,-13.8223366653632));
#19488=CARTESIAN_POINT('',(2.096,2.63486121811339,-13.7723366653632));
#19489=CARTESIAN_POINT('',(2.096,1.7,-13.7723366653632));
#19490=CARTESIAN_POINT('',(2.096,4.15,-13.7723366653632));
#19491=CARTESIAN_POINT('',(2.096,1.7,-10.0723366653632));
#19492=CARTESIAN_POINT('',(2.096,1.7,-13.8223366653632));
#19493=CARTESIAN_POINT('',(2.096,2.63486121811339,-10.0723366653632));
#19494=CARTESIAN_POINT('',(2.096,4.15,-10.0723366653632));
#19495=CARTESIAN_POINT('',(2.096,2.63486121811339,-13.8223366653632));
#19496=CARTESIAN_POINT('Origin',(2.096,4.15,-10.0223366653632));
#19497=CARTESIAN_POINT('',(2.146,1.65,-10.0223366653632));
#19498=CARTESIAN_POINT('',(10.046,1.65,-10.0223366653632));
#19499=CARTESIAN_POINT('',(2.096,1.65,-10.0223366653632));
#19500=CARTESIAN_POINT('',(10.046,2.64586187348506,-10.0223366653632));
#19501=CARTESIAN_POINT('',(10.046,4.15,-10.0223366653632));
#19502=CARTESIAN_POINT('',(2.15333377024778,2.64586187348506,-10.0223366653632));
#19503=CARTESIAN_POINT('',(2.096,2.64586187348506,-10.0223366653632));
#19504=CARTESIAN_POINT('',(2.146,2.63486121811339,-10.0223366653632));
#19505=CARTESIAN_POINT('',(2.82991020702459,3.66072652865028,-10.0223366653632));
#19506=CARTESIAN_POINT('',(2.146,4.15,-10.0223366653632));
#19507=CARTESIAN_POINT('Origin',(10.096,4.15,-13.8223366653632));
#19508=CARTESIAN_POINT('',(10.096,2.64586187348506,-10.0723366653632));
#19509=CARTESIAN_POINT('',(10.096,1.7,-10.0723366653632));
#19510=CARTESIAN_POINT('',(10.096,4.15,-10.0723366653632));
#19511=CARTESIAN_POINT('',(10.096,1.7,-13.7723366653632));
#19512=CARTESIAN_POINT('',(10.096,1.7,-13.8223366653632));
#19513=CARTESIAN_POINT('',(10.096,2.64586187348506,-13.7723366653632));
#19514=CARTESIAN_POINT('',(10.096,4.15,-13.7723366653632));
#19515=CARTESIAN_POINT('',(10.096,2.64586187348506,-10.0223366653632));
#19516=CARTESIAN_POINT('Origin',(2.096,4.15,-13.8223366653632));
#19517=CARTESIAN_POINT('',(2.15333377024777,2.64586187348506,-13.8223366653632));
#19518=CARTESIAN_POINT('',(10.046,2.64586187348506,-13.8223366653632));
#19519=CARTESIAN_POINT('',(10.096,2.64586187348506,-13.8223366653632));
#19520=CARTESIAN_POINT('',(10.046,1.65,-13.8223366653632));
#19521=CARTESIAN_POINT('',(10.046,4.15,-13.8223366653632));
#19522=CARTESIAN_POINT('',(2.146,1.65,-13.8223366653632));
#19523=CARTESIAN_POINT('',(2.096,1.65,-13.8223366653632));
#19524=CARTESIAN_POINT('',(2.146,2.63486121811339,-13.8223366653632));
#19525=CARTESIAN_POINT('',(2.146,4.15,-13.8223366653632));
#19526=CARTESIAN_POINT('',(2.82991020702459,3.66072652865028,-13.8223366653632));
#19527=CARTESIAN_POINT('Origin',(0.,4.15,0.));
#19528=CARTESIAN_POINT('',(3.1227591879244,4.15,-10.3146930197823));
#19529=CARTESIAN_POINT('',(9.80364364558085,4.15,-10.3146930197823));
#19530=CARTESIAN_POINT('',(0.,4.15,-10.3146930197823));
#19531=CARTESIAN_POINT('',(9.80364364558085,4.15,-13.529980310944));
#19532=CARTESIAN_POINT('',(9.80364364558085,4.15,0.));
#19533=CARTESIAN_POINT('',(3.1227591879244,4.15,-13.529980310944));
#19534=CARTESIAN_POINT('',(0.,4.15,-13.529980310944));
#19535=CARTESIAN_POINT('',(3.1227591879244,4.15,0.));
#19536=CARTESIAN_POINT('Origin',(0.,1.65,0.));
#19537=CARTESIAN_POINT('',(10.046,1.65,0.));
#19538=CARTESIAN_POINT('',(2.146,1.65,0.));
#19539=CARTESIAN_POINT('Origin',(0.,4.15,-10.2723366653632));
#19540=CARTESIAN_POINT('',(2.15333377024778,2.65408182285032,-10.0230169691716));
#19541=CARTESIAN_POINT('',(10.046,2.65408182285032,-10.0230169691716));
#19542=CARTESIAN_POINT('',(10.096,2.65408182285032,-10.0230169691716));
#19543=CARTESIAN_POINT('',(9.80364364558085,4.10821994936527,-10.2653733235907));
#19544=CARTESIAN_POINT('',(9.53887292739239,5.69684425849603,-10.5301440417792));
#19545=CARTESIAN_POINT('',(3.1227591879244,4.10821994936527,-10.2653733235907));
#19546=CARTESIAN_POINT('',(0.,4.10821994936527,-10.2653733235907));
#19547=CARTESIAN_POINT('',(2.19948423651937,2.72330752225771,-10.0345545857395));
#19548=CARTESIAN_POINT('Origin',(9.846,4.15,0.));
#19549=CARTESIAN_POINT('',(9.85296334177245,4.10821994936527,-10.3146930197823));
#19550=CARTESIAN_POINT('',(10.0953196961916,2.65408182285032,-10.0723366653632));
#19551=CARTESIAN_POINT('',(10.1176225358304,2.5202647850177,-10.0500338257244));
#19552=CARTESIAN_POINT('',(10.0953196961916,2.65408182285032,-13.7723366653632));
#19553=CARTESIAN_POINT('',(10.0953196961916,2.65408182285032,-13.8223366653632));
#19554=CARTESIAN_POINT('',(9.85296334177245,4.10821994936527,-13.529980310944));
#19555=CARTESIAN_POINT('',(9.49013113239024,6.28521320565863,-13.1671481015618));
#19556=CARTESIAN_POINT('',(9.85296334177245,4.10821994936527,0.));
#19557=CARTESIAN_POINT('Origin',(0.,4.15,-13.5723366653632));
#19558=CARTESIAN_POINT('',(9.80364364558085,4.10821994936527,-13.5793000071356));
#19559=CARTESIAN_POINT('',(10.046,2.65408182285032,-13.8216563615548));
#19560=CARTESIAN_POINT('',(9.53887292739239,5.69684425849603,-13.3145292889472));
#19561=CARTESIAN_POINT('',(2.15333377024777,2.65408182285032,-13.8216563615548));
#19562=CARTESIAN_POINT('',(2.096,2.65408182285032,-13.8216563615548));
#19563=CARTESIAN_POINT('',(3.1227591879244,4.10821994936527,-13.5793000071356));
#19564=CARTESIAN_POINT('',(2.19948423651937,2.72330752225771,-13.8101187449869));
#19565=CARTESIAN_POINT('',(0.,4.10821994936527,-13.5793000071356));
#19566=CARTESIAN_POINT('Origin',(3.896,4.05,-11.9223366653632));
#19567=CARTESIAN_POINT('Origin',(2.146,1.7,-13.8223366653632));
#19568=CARTESIAN_POINT('Origin',(2.146,1.70000000000001,-13.7723366653632));
#19569=CARTESIAN_POINT('Origin',(2.14600000000005,1.70000000000004,-10.0723366653632));
#19570=CARTESIAN_POINT('Origin',(3.1227591879244,4.1,0.));
#19571=CARTESIAN_POINT('Origin',(3.1227591879244,4.1,-13.529980310944));
#19572=CARTESIAN_POINT('Origin',(3.1227591879244,4.1,-10.3146930197823));
#19573=CARTESIAN_POINT('Origin',(2.146,4.15,-10.0723366653632));
#19574=CARTESIAN_POINT('Origin',(2.146,2.63486121811339,-10.0723366653632));
#19575=CARTESIAN_POINT('Origin',(2.146,2.63486121811339,-13.8223366653632));
#19576=CARTESIAN_POINT('Origin',(2.146,2.63486121811339,-13.7723366653632));
#19577=CARTESIAN_POINT('Origin',(2.146,2.63486121811339,-10.0723366653632));
#19578=CARTESIAN_POINT('Origin',(2.146,4.15,-13.7723366653632));
#19579=CARTESIAN_POINT('Origin',(2.146,2.63486121811339,-13.7723366653632));
#19580=CARTESIAN_POINT('Origin',(2.146,2.63486121811339,-10.0723366653632));
#19581=CARTESIAN_POINT('Origin',(2.146,2.63486121811339,-10.0723366653632));
#19582=CARTESIAN_POINT('Origin',(3.1227591879244,4.1,-10.3146930197823));
#19583=CARTESIAN_POINT('Origin',(3.1227591879244,4.1,-10.3146930197823));
#19584=CARTESIAN_POINT('Origin',(3.1227591879244,4.1,-10.3146930197823));
#19585=CARTESIAN_POINT('Origin',(3.1227591879244,4.1,-13.529980310944));
#19586=CARTESIAN_POINT('Origin',(3.1227591879244,4.1,-13.529980310944));
#19587=CARTESIAN_POINT('Origin',(3.1227591879244,4.1,-13.529980310944));
#19588=CARTESIAN_POINT('Origin',(2.146,2.63486121811339,-13.7723366653632));
#19589=CARTESIAN_POINT('Origin',(2.146,2.63486121811339,-13.7723366653632));
#19590=CARTESIAN_POINT('Origin',(2.82991020702459,3.66072652865028,-10.0723366653632));
#19591=CARTESIAN_POINT('Origin',(2.15333377024778,2.64586187348506,-10.0723366653632));
#19592=CARTESIAN_POINT('Origin',(2.19948423651937,2.71508757289244,-10.0838742819311));
#19593=CARTESIAN_POINT('Origin',(2.15333377024778,2.64586187348506,-10.0723366653632));
#19594=CARTESIAN_POINT('Origin',(0.,4.1,-10.3146930197823));
#19595=CARTESIAN_POINT('Origin',(9.80364364558085,4.1,-10.3146930197823));
#19596=CARTESIAN_POINT('Origin',(9.80364364558085,4.1,0.));
#19597=CARTESIAN_POINT('Origin',(9.80364364558085,4.1,-13.529980310944));
#19598=CARTESIAN_POINT('Origin',(9.80364364558085,4.1,-10.3146930197823));
#19599=CARTESIAN_POINT('Origin',(0.,4.1,-13.529980310944));
#19600=CARTESIAN_POINT('Origin',(9.80364364558085,4.1,-13.529980310944));
#19601=CARTESIAN_POINT('Origin',(2.19948423651937,2.71508757289244,-13.7607990487953));
#19602=CARTESIAN_POINT('Origin',(2.15333377024778,2.64586187348506,-13.7723366653632));
#19603=CARTESIAN_POINT('Origin',(3.13760251471689,4.12226499018874,-13.7723366653632));
#19604=CARTESIAN_POINT('Origin',(2.15333377024778,2.64586187348506,-13.7723366653632));
#19605=CARTESIAN_POINT('Origin',(2.15333377024777,2.64586187348505,-10.0723366653632));
#19606=CARTESIAN_POINT('Origin',(2.15333377024778,2.64586187348506,-10.0723366653632));
#19607=CARTESIAN_POINT('Origin',(9.80364364558085,4.1,-10.3146930197823));
#19608=CARTESIAN_POINT('Origin',(9.80364364558085,4.1,-10.3146930197823));
#19609=CARTESIAN_POINT('Origin',(9.80364364558085,4.1,-13.529980310944));
#19610=CARTESIAN_POINT('Origin',(9.80364364558085,4.1,-13.529980310944));
#19611=CARTESIAN_POINT('Origin',(2.15333377024778,2.64586187348506,-13.7723366653632));
#19612=CARTESIAN_POINT('Origin',(2.15333377024778,2.64586187348506,-13.7723366653632));
#19613=CARTESIAN_POINT('Origin',(2.096,2.64586187348506,-10.0723366653632));
#19614=CARTESIAN_POINT('Origin',(10.046,2.64586187348506,-10.0723366653632));
#19615=CARTESIAN_POINT('Origin',(10.0683028396388,2.51204483565243,-10.0500338257244));
#19616=CARTESIAN_POINT('Origin',(10.046,2.64586187348506,-10.0723366653632));
#19617=CARTESIAN_POINT('Origin',(10.046,2.64586187348506,-13.8223366653632));
#19618=CARTESIAN_POINT('Origin',(10.046,2.64586187348506,-13.7723366653632));
#19619=CARTESIAN_POINT('Origin',(10.046,2.64586187348506,-10.0723366653632));
#19620=CARTESIAN_POINT('Origin',(9.53887292739239,5.68862430913077,-13.2652095927556));
#19621=CARTESIAN_POINT('Origin',(10.046,2.64586187348506,-13.7723366653632));
#19622=CARTESIAN_POINT('Origin',(2.096,2.64586187348506,-13.7723366653632));
#19623=CARTESIAN_POINT('Origin',(10.046,2.64586187348506,-13.7723366653632));
#19624=CARTESIAN_POINT('Origin',(10.046,2.64586187348506,-10.0723366653632));
#19625=CARTESIAN_POINT('Origin',(10.046,2.64586187348506,-10.0723366653632));
#19626=CARTESIAN_POINT('Origin',(10.046,2.64586187348506,-13.7723366653632));
#19627=CARTESIAN_POINT('Origin',(10.046,2.64586187348506,-13.7723366653632));
#19628=CARTESIAN_POINT('Origin',(10.046,4.15,-10.0723366653632));
#19629=CARTESIAN_POINT('Origin',(10.046,1.69999999999999,-10.0723366653632));
#19630=CARTESIAN_POINT('Origin',(10.046,4.15,-13.7723366653632));
#19631=CARTESIAN_POINT('Origin',(10.046,1.70000000000006,-13.7723366653631));
#19632=CARTESIAN_POINT('Origin',(10.046,1.7,-13.8223366653632));
#19633=CARTESIAN_POINT('Origin',(13.93,0.267068331406063,-4.584));
#19634=CARTESIAN_POINT('',(13.93,1.65,-4.284));
#19635=CARTESIAN_POINT('',(13.93,1.65,-4.584));
#19636=CARTESIAN_POINT('',(13.93,1.65,-4.584));
#19637=CARTESIAN_POINT('',(13.93,2.3,-4.284));
#19638=CARTESIAN_POINT('',(13.93,0.267068331406063,-4.284));
#19639=CARTESIAN_POINT('',(13.93,2.3,-4.584));
#19640=CARTESIAN_POINT('',(13.93,2.3,-4.584));
#19641=CARTESIAN_POINT('',(13.93,0.267068331406063,-4.584));
#19642=CARTESIAN_POINT('Origin',(13.93,0.267068331406063,-4.584));
#19643=CARTESIAN_POINT('',(15.28,1.65,-4.584));
#19644=CARTESIAN_POINT('',(13.93,1.65,-4.584));
#19645=CARTESIAN_POINT('',(15.28,2.3,-4.584));
#19646=CARTESIAN_POINT('',(13.93,2.3,-4.584));
#19647=CARTESIAN_POINT('',(15.28,0.267068331406063,-4.584));
#19648=CARTESIAN_POINT('Origin',(15.28,0.267068331406063,-4.584));
#19649=CARTESIAN_POINT('',(15.28,1.65,-4.284));
#19650=CARTESIAN_POINT('',(15.28,1.65,-4.584));
#19651=CARTESIAN_POINT('',(15.28,2.3,-4.284));
#19652=CARTESIAN_POINT('',(15.28,2.3,-4.584));
#19653=CARTESIAN_POINT('',(15.28,0.267068331406063,-4.284));
#19654=CARTESIAN_POINT('Origin',(13.93,0.267068331406063,-4.284));
#19655=CARTESIAN_POINT('',(13.93,1.65,-4.284));
#19656=CARTESIAN_POINT('',(13.93,2.3,-4.284));
#19657=CARTESIAN_POINT('Origin',(0.,2.3,0.));
#19658=CARTESIAN_POINT('Origin',(24.13,1.65,-2.54));
#19659=CARTESIAN_POINT('Origin',(13.93,0.267068331406063,-6.084));
#19660=CARTESIAN_POINT('',(15.28,1.65,-6.084));
#19661=CARTESIAN_POINT('',(13.93,1.65,-6.084));
#19662=CARTESIAN_POINT('',(13.93,1.65,-6.084));
#19663=CARTESIAN_POINT('',(15.28,2.3,-6.084));
#19664=CARTESIAN_POINT('',(15.28,0.267068331406063,-6.084));
#19665=CARTESIAN_POINT('',(13.93,2.3,-6.084));
#19666=CARTESIAN_POINT('',(13.93,2.3,-6.084));
#19667=CARTESIAN_POINT('',(13.93,0.267068331406063,-6.084));
#19668=CARTESIAN_POINT('Origin',(13.93,0.267068331406063,-6.084));
#19669=CARTESIAN_POINT('',(13.93,1.65,-6.384));
#19670=CARTESIAN_POINT('',(13.93,1.65,-6.084));
#19671=CARTESIAN_POINT('',(13.93,2.3,-6.384));
#19672=CARTESIAN_POINT('',(13.93,2.3,-6.084));
#19673=CARTESIAN_POINT('',(13.93,0.267068331406063,-6.384));
#19674=CARTESIAN_POINT('Origin',(13.93,0.267068331406063,-6.384));
#19675=CARTESIAN_POINT('',(15.28,1.65,-6.384));
#19676=CARTESIAN_POINT('',(13.93,1.65,-6.384));
#19677=CARTESIAN_POINT('',(15.28,2.3,-6.384));
#19678=CARTESIAN_POINT('',(13.93,2.3,-6.384));
#19679=CARTESIAN_POINT('',(15.28,0.267068331406063,-6.384));
#19680=CARTESIAN_POINT('Origin',(15.28,0.267068331406063,-6.084));
#19681=CARTESIAN_POINT('',(15.28,1.65,-6.084));
#19682=CARTESIAN_POINT('',(15.28,2.3,-6.084));
#19683=CARTESIAN_POINT('Origin',(0.,2.3,0.));
#19684=CARTESIAN_POINT('Origin',(24.13,1.65,-2.54));
#19685=CARTESIAN_POINT('Origin',(17.232,0.267068331406063,-6.384));
#19686=CARTESIAN_POINT('',(17.232,1.65,-6.084));
#19687=CARTESIAN_POINT('',(17.232,1.65,-6.384));
#19688=CARTESIAN_POINT('',(17.232,1.65,-6.384));
#19689=CARTESIAN_POINT('',(17.232,2.3,-6.084));
#19690=CARTESIAN_POINT('',(17.232,0.267068331406063,-6.084));
#19691=CARTESIAN_POINT('',(17.232,2.3,-6.384));
#19692=CARTESIAN_POINT('',(17.232,2.3,-6.384));
#19693=CARTESIAN_POINT('',(17.232,0.267068331406063,-6.384));
#19694=CARTESIAN_POINT('Origin',(17.232,0.267068331406063,-6.384));
#19695=CARTESIAN_POINT('',(18.582,1.65,-6.384));
#19696=CARTESIAN_POINT('',(17.232,1.65,-6.384));
#19697=CARTESIAN_POINT('',(18.582,2.3,-6.384));
#19698=CARTESIAN_POINT('',(17.232,2.3,-6.384));
#19699=CARTESIAN_POINT('',(18.582,0.267068331406063,-6.384));
#19700=CARTESIAN_POINT('Origin',(18.582,0.267068331406063,-6.384));
#19701=CARTESIAN_POINT('',(18.582,1.65,-6.084));
#19702=CARTESIAN_POINT('',(18.582,1.65,-6.384));
#19703=CARTESIAN_POINT('',(18.582,2.3,-6.084));
#19704=CARTESIAN_POINT('',(18.582,2.3,-6.384));
#19705=CARTESIAN_POINT('',(18.582,0.267068331406063,-6.084));
#19706=CARTESIAN_POINT('Origin',(17.232,0.267068331406063,-6.084));
#19707=CARTESIAN_POINT('',(17.232,1.65,-6.084));
#19708=CARTESIAN_POINT('',(17.232,2.3,-6.084));
#19709=CARTESIAN_POINT('Origin',(0.,2.3,0.));
#19710=CARTESIAN_POINT('Origin',(24.13,1.65,-2.54));
#19711=CARTESIAN_POINT('Origin',(17.232,0.267068331406063,-4.284));
#19712=CARTESIAN_POINT('',(17.232,1.65,-4.284));
#19713=CARTESIAN_POINT('',(17.232,1.65,-4.584));
#19714=CARTESIAN_POINT('',(17.232,1.65,-4.284));
#19715=CARTESIAN_POINT('',(17.232,2.3,-4.284));
#19716=CARTESIAN_POINT('',(17.232,0.267068331406063,-4.284));
#19717=CARTESIAN_POINT('',(17.232,2.3,-4.584));
#19718=CARTESIAN_POINT('',(17.232,2.3,-4.284));
#19719=CARTESIAN_POINT('',(17.232,0.267068331406063,-4.584));
#19720=CARTESIAN_POINT('Origin',(17.232,0.267068331406063,-4.584));
#19721=CARTESIAN_POINT('',(18.582,1.65,-4.584));
#19722=CARTESIAN_POINT('',(17.232,1.65,-4.584));
#19723=CARTESIAN_POINT('',(18.582,2.3,-4.584));
#19724=CARTESIAN_POINT('',(17.232,2.3,-4.584));
#19725=CARTESIAN_POINT('',(18.582,0.267068331406063,-4.584));
#19726=CARTESIAN_POINT('Origin',(18.582,0.267068331406063,-4.284));
#19727=CARTESIAN_POINT('',(18.582,1.65,-4.284));
#19728=CARTESIAN_POINT('',(18.582,1.65,-4.284));
#19729=CARTESIAN_POINT('',(18.582,2.3,-4.284));
#19730=CARTESIAN_POINT('',(18.582,2.3,-4.284));
#19731=CARTESIAN_POINT('',(18.582,0.267068331406063,-4.284));
#19732=CARTESIAN_POINT('Origin',(17.232,0.267068331406063,-4.284));
#19733=CARTESIAN_POINT('',(17.232,1.65,-4.284));
#19734=CARTESIAN_POINT('',(17.232,2.3,-4.284));
#19735=CARTESIAN_POINT('Origin',(0.,2.3,0.));
#19736=CARTESIAN_POINT('Origin',(24.13,1.65,-2.54));
#19737=CARTESIAN_POINT('Origin',(20.413,0.267068331406063,-11.597));
#19738=CARTESIAN_POINT('',(20.413,1.65,-10.247));
#19739=CARTESIAN_POINT('',(20.413,1.65,-11.597));
#19740=CARTESIAN_POINT('',(20.413,1.65,-11.597));
#19741=CARTESIAN_POINT('',(20.413,2.3,-10.247));
#19742=CARTESIAN_POINT('',(20.413,0.267068331406063,-10.247));
#19743=CARTESIAN_POINT('',(20.413,2.3,-11.597));
#19744=CARTESIAN_POINT('',(20.413,2.3,-11.597));
#19745=CARTESIAN_POINT('',(20.413,0.267068331406063,-11.597));
#19746=CARTESIAN_POINT('Origin',(20.413,0.267068331406063,-11.597));
#19747=CARTESIAN_POINT('',(20.713,1.65,-11.597));
#19748=CARTESIAN_POINT('',(20.413,1.65,-11.597));
#19749=CARTESIAN_POINT('',(20.713,2.3,-11.597));
#19750=CARTESIAN_POINT('',(20.413,2.3,-11.597));
#19751=CARTESIAN_POINT('',(20.713,0.267068331406063,-11.597));
#19752=CARTESIAN_POINT('Origin',(20.713,0.267068331406063,-11.597));
#19753=CARTESIAN_POINT('',(20.713,1.65,-10.247));
#19754=CARTESIAN_POINT('',(20.713,1.65,-11.597));
#19755=CARTESIAN_POINT('',(20.713,2.3,-10.247));
#19756=CARTESIAN_POINT('',(20.713,2.3,-11.597));
#19757=CARTESIAN_POINT('',(20.713,0.267068331406063,-10.247));
#19758=CARTESIAN_POINT('Origin',(20.413,0.267068331406063,-10.247));
#19759=CARTESIAN_POINT('',(20.413,1.65,-10.247));
#19760=CARTESIAN_POINT('',(20.413,2.3,-10.247));
#19761=CARTESIAN_POINT('Origin',(0.,2.3,0.));
#19762=CARTESIAN_POINT('Origin',(24.13,1.65,-2.54));
#19763=CARTESIAN_POINT('Origin',(21.959,0.267068331406063,-8.549));
#19764=CARTESIAN_POINT('',(21.959,1.65,-8.549));
#19765=CARTESIAN_POINT('',(22.259,1.65,-8.549));
#19766=CARTESIAN_POINT('',(21.959,1.65,-8.549));
#19767=CARTESIAN_POINT('',(21.959,2.3,-8.549));
#19768=CARTESIAN_POINT('',(21.959,0.267068331406063,-8.549));
#19769=CARTESIAN_POINT('',(22.259,2.3,-8.549));
#19770=CARTESIAN_POINT('',(21.959,2.3,-8.549));
#19771=CARTESIAN_POINT('',(22.259,0.267068331406063,-8.549));
#19772=CARTESIAN_POINT('Origin',(22.259,0.267068331406063,-8.549));
#19773=CARTESIAN_POINT('',(22.259,1.65,-7.199));
#19774=CARTESIAN_POINT('',(22.259,1.65,-8.549));
#19775=CARTESIAN_POINT('',(22.259,2.3,-7.199));
#19776=CARTESIAN_POINT('',(22.259,2.3,-8.549));
#19777=CARTESIAN_POINT('',(22.259,0.267068331406063,-7.199));
#19778=CARTESIAN_POINT('Origin',(21.959,0.267068331406063,-7.199));
#19779=CARTESIAN_POINT('',(21.959,1.65,-7.199));
#19780=CARTESIAN_POINT('',(21.959,1.65,-7.199));
#19781=CARTESIAN_POINT('',(21.959,2.3,-7.199));
#19782=CARTESIAN_POINT('',(21.959,2.3,-7.199));
#19783=CARTESIAN_POINT('',(21.959,0.267068331406063,-7.199));
#19784=CARTESIAN_POINT('Origin',(21.959,0.267068331406063,-8.549));
#19785=CARTESIAN_POINT('',(21.959,1.65,-8.549));
#19786=CARTESIAN_POINT('',(21.959,2.3,-8.549));
#19787=CARTESIAN_POINT('Origin',(0.,2.3,0.));
#19788=CARTESIAN_POINT('Origin',(24.13,1.65,-2.54));
#19789=CARTESIAN_POINT('Origin',(22.213,0.267068331406063,-11.597));
#19790=CARTESIAN_POINT('',(22.213,1.65,-11.597));
#19791=CARTESIAN_POINT('',(22.513,1.65,-11.597));
#19792=CARTESIAN_POINT('',(22.213,1.65,-11.597));
#19793=CARTESIAN_POINT('',(22.213,2.3,-11.597));
#19794=CARTESIAN_POINT('',(22.213,0.267068331406063,-11.597));
#19795=CARTESIAN_POINT('',(22.513,2.3,-11.597));
#19796=CARTESIAN_POINT('',(22.213,2.3,-11.597));
#19797=CARTESIAN_POINT('',(22.513,0.267068331406063,-11.597));
#19798=CARTESIAN_POINT('Origin',(22.513,0.267068331406063,-11.597));
#19799=CARTESIAN_POINT('',(22.513,1.65,-10.247));
#19800=CARTESIAN_POINT('',(22.513,1.65,-11.597));
#19801=CARTESIAN_POINT('',(22.513,2.3,-10.247));
#19802=CARTESIAN_POINT('',(22.513,2.3,-11.597));
#19803=CARTESIAN_POINT('',(22.513,0.267068331406063,-10.247));
#19804=CARTESIAN_POINT('Origin',(22.213,0.267068331406063,-10.247));
#19805=CARTESIAN_POINT('',(22.213,1.65,-10.247));
#19806=CARTESIAN_POINT('',(22.213,1.65,-10.247));
#19807=CARTESIAN_POINT('',(22.213,2.3,-10.247));
#19808=CARTESIAN_POINT('',(22.213,2.3,-10.247));
#19809=CARTESIAN_POINT('',(22.213,0.267068331406063,-10.247));
#19810=CARTESIAN_POINT('Origin',(22.213,0.267068331406063,-11.597));
#19811=CARTESIAN_POINT('',(22.213,1.65,-11.597));
#19812=CARTESIAN_POINT('',(22.213,2.3,-11.597));
#19813=CARTESIAN_POINT('Origin',(0.,2.3,0.));
#19814=CARTESIAN_POINT('Origin',(24.13,1.65,-2.54));
#19815=CARTESIAN_POINT('Origin',(20.159,0.267068331406063,-8.549));
#19816=CARTESIAN_POINT('',(20.159,1.65,-7.199));
#19817=CARTESIAN_POINT('',(20.159,1.65,-8.549));
#19818=CARTESIAN_POINT('',(20.159,1.65,-8.549));
#19819=CARTESIAN_POINT('',(20.159,2.3,-7.199));
#19820=CARTESIAN_POINT('',(20.159,0.267068331406063,-7.199));
#19821=CARTESIAN_POINT('',(20.159,2.3,-8.549));
#19822=CARTESIAN_POINT('',(20.159,2.3,-8.549));
#19823=CARTESIAN_POINT('',(20.159,0.267068331406063,-8.549));
#19824=CARTESIAN_POINT('Origin',(20.159,0.267068331406063,-8.549));
#19825=CARTESIAN_POINT('',(20.459,1.65,-8.549));
#19826=CARTESIAN_POINT('',(20.159,1.65,-8.549));
#19827=CARTESIAN_POINT('',(20.459,2.3,-8.549));
#19828=CARTESIAN_POINT('',(20.159,2.3,-8.549));
#19829=CARTESIAN_POINT('',(20.459,0.267068331406063,-8.549));
#19830=CARTESIAN_POINT('Origin',(20.459,0.267068331406063,-8.549));
#19831=CARTESIAN_POINT('',(20.459,1.65,-7.199));
#19832=CARTESIAN_POINT('',(20.459,1.65,-8.549));
#19833=CARTESIAN_POINT('',(20.459,2.3,-7.199));
#19834=CARTESIAN_POINT('',(20.459,2.3,-8.549));
#19835=CARTESIAN_POINT('',(20.459,0.267068331406063,-7.199));
#19836=CARTESIAN_POINT('Origin',(20.159,0.267068331406063,-7.199));
#19837=CARTESIAN_POINT('',(20.159,1.65,-7.199));
#19838=CARTESIAN_POINT('',(20.159,2.3,-7.199));
#19839=CARTESIAN_POINT('Origin',(0.,2.3,0.));
#19840=CARTESIAN_POINT('Origin',(24.13,1.65,-2.54));
#19841=CARTESIAN_POINT('Origin',(16.349,0.267068331406063,-13.883));
#19842=CARTESIAN_POINT('',(16.349,1.65,-12.533));
#19843=CARTESIAN_POINT('',(16.349,1.65,-13.883));
#19844=CARTESIAN_POINT('',(16.349,1.65,-13.883));
#19845=CARTESIAN_POINT('',(16.349,2.3,-12.533));
#19846=CARTESIAN_POINT('',(16.349,0.267068331406063,-12.533));
#19847=CARTESIAN_POINT('',(16.349,2.3,-13.883));
#19848=CARTESIAN_POINT('',(16.349,2.3,-13.883));
#19849=CARTESIAN_POINT('',(16.349,0.267068331406063,-13.883));
#19850=CARTESIAN_POINT('Origin',(16.349,0.267068331406063,-13.883));
#19851=CARTESIAN_POINT('',(16.649,1.65,-13.883));
#19852=CARTESIAN_POINT('',(16.349,1.65,-13.883));
#19853=CARTESIAN_POINT('',(16.649,2.3,-13.883));
#19854=CARTESIAN_POINT('',(16.349,2.3,-13.883));
#19855=CARTESIAN_POINT('',(16.649,0.267068331406063,-13.883));
#19856=CARTESIAN_POINT('Origin',(16.649,0.267068331406063,-13.883));
#19857=CARTESIAN_POINT('',(16.649,1.65,-12.533));
#19858=CARTESIAN_POINT('',(16.649,1.65,-13.883));
#19859=CARTESIAN_POINT('',(16.649,2.3,-12.533));
#19860=CARTESIAN_POINT('',(16.649,2.3,-13.883));
#19861=CARTESIAN_POINT('',(16.649,0.267068331406063,-12.533));
#19862=CARTESIAN_POINT('Origin',(16.349,0.267068331406063,-12.533));
#19863=CARTESIAN_POINT('',(16.349,1.65,-12.533));
#19864=CARTESIAN_POINT('',(16.349,2.3,-12.533));
#19865=CARTESIAN_POINT('Origin',(0.,2.3,0.));
#19866=CARTESIAN_POINT('Origin',(24.13,1.65,-2.54));
#19867=CARTESIAN_POINT('Origin',(18.149,0.267068331406063,-13.883));
#19868=CARTESIAN_POINT('',(18.149,1.65,-13.883));
#19869=CARTESIAN_POINT('',(18.449,1.65,-13.883));
#19870=CARTESIAN_POINT('',(18.149,1.65,-13.883));
#19871=CARTESIAN_POINT('',(18.149,2.3,-13.883));
#19872=CARTESIAN_POINT('',(18.149,0.267068331406063,-13.883));
#19873=CARTESIAN_POINT('',(18.449,2.3,-13.883));
#19874=CARTESIAN_POINT('',(18.149,2.3,-13.883));
#19875=CARTESIAN_POINT('',(18.449,0.267068331406063,-13.883));
#19876=CARTESIAN_POINT('Origin',(18.449,0.267068331406063,-13.883));
#19877=CARTESIAN_POINT('',(18.449,1.65,-12.533));
#19878=CARTESIAN_POINT('',(18.449,1.65,-13.883));
#19879=CARTESIAN_POINT('',(18.449,2.3,-12.533));
#19880=CARTESIAN_POINT('',(18.449,2.3,-13.883));
#19881=CARTESIAN_POINT('',(18.449,0.267068331406063,-12.533));
#19882=CARTESIAN_POINT('Origin',(18.149,0.267068331406063,-12.533));
#19883=CARTESIAN_POINT('',(18.149,1.65,-12.533));
#19884=CARTESIAN_POINT('',(18.149,1.65,-12.533));
#19885=CARTESIAN_POINT('',(18.149,2.3,-12.533));
#19886=CARTESIAN_POINT('',(18.149,2.3,-12.533));
#19887=CARTESIAN_POINT('',(18.149,0.267068331406063,-12.533));
#19888=CARTESIAN_POINT('Origin',(18.149,0.267068331406063,-13.883));
#19889=CARTESIAN_POINT('',(18.149,1.65,-13.883));
#19890=CARTESIAN_POINT('',(18.149,2.3,-13.883));
#19891=CARTESIAN_POINT('Origin',(0.,2.3,0.));
#19892=CARTESIAN_POINT('Origin',(24.13,1.65,-2.54));
#19893=CARTESIAN_POINT('Origin',(16.222,0.267068331406063,-16.55));
#19894=CARTESIAN_POINT('',(16.222,1.65,-15.2));
#19895=CARTESIAN_POINT('',(16.222,1.65,-16.55));
#19896=CARTESIAN_POINT('',(16.222,1.65,-16.55));
#19897=CARTESIAN_POINT('',(16.222,2.3,-15.2));
#19898=CARTESIAN_POINT('',(16.222,0.267068331406063,-15.2));
#19899=CARTESIAN_POINT('',(16.222,2.3,-16.55));
#19900=CARTESIAN_POINT('',(16.222,2.3,-16.55));
#19901=CARTESIAN_POINT('',(16.222,0.267068331406063,-16.55));
#19902=CARTESIAN_POINT('Origin',(16.222,0.267068331406063,-16.55));
#19903=CARTESIAN_POINT('',(16.522,1.65,-16.55));
#19904=CARTESIAN_POINT('',(16.222,1.65,-16.55));
#19905=CARTESIAN_POINT('',(16.522,2.3,-16.55));
#19906=CARTESIAN_POINT('',(16.222,2.3,-16.55));
#19907=CARTESIAN_POINT('',(16.522,0.267068331406063,-16.55));
#19908=CARTESIAN_POINT('Origin',(16.522,0.267068331406063,-16.55));
#19909=CARTESIAN_POINT('',(16.522,1.65,-15.2));
#19910=CARTESIAN_POINT('',(16.522,1.65,-16.55));
#19911=CARTESIAN_POINT('',(16.522,2.3,-15.2));
#19912=CARTESIAN_POINT('',(16.522,2.3,-16.55));
#19913=CARTESIAN_POINT('',(16.522,0.267068331406063,-15.2));
#19914=CARTESIAN_POINT('Origin',(16.222,0.267068331406063,-15.2));
#19915=CARTESIAN_POINT('',(16.222,1.65,-15.2));
#19916=CARTESIAN_POINT('',(16.222,2.3,-15.2));
#19917=CARTESIAN_POINT('Origin',(0.,2.3,0.));
#19918=CARTESIAN_POINT('Origin',(24.13,1.65,-2.54));
#19919=CARTESIAN_POINT('Origin',(18.022,0.267068331406063,-16.55));
#19920=CARTESIAN_POINT('',(18.022,1.65,-16.55));
#19921=CARTESIAN_POINT('',(18.322,1.65,-16.55));
#19922=CARTESIAN_POINT('',(18.022,1.65,-16.55));
#19923=CARTESIAN_POINT('',(18.022,2.3,-16.55));
#19924=CARTESIAN_POINT('',(18.022,0.267068331406063,-16.55));
#19925=CARTESIAN_POINT('',(18.322,2.3,-16.55));
#19926=CARTESIAN_POINT('',(18.022,2.3,-16.55));
#19927=CARTESIAN_POINT('',(18.322,0.267068331406063,-16.55));
#19928=CARTESIAN_POINT('Origin',(18.322,0.267068331406063,-16.55));
#19929=CARTESIAN_POINT('',(18.322,1.65,-15.2));
#19930=CARTESIAN_POINT('',(18.322,1.65,-16.55));
#19931=CARTESIAN_POINT('',(18.322,2.3,-15.2));
#19932=CARTESIAN_POINT('',(18.322,2.3,-16.55));
#19933=CARTESIAN_POINT('',(18.322,0.267068331406063,-15.2));
#19934=CARTESIAN_POINT('Origin',(18.022,0.267068331406063,-15.2));
#19935=CARTESIAN_POINT('',(18.022,1.65,-15.2));
#19936=CARTESIAN_POINT('',(18.022,1.65,-15.2));
#19937=CARTESIAN_POINT('',(18.022,2.3,-15.2));
#19938=CARTESIAN_POINT('',(18.022,2.3,-15.2));
#19939=CARTESIAN_POINT('',(18.022,0.267068331406063,-15.2));
#19940=CARTESIAN_POINT('Origin',(18.022,0.267068331406063,-16.55));
#19941=CARTESIAN_POINT('',(18.022,1.65,-16.55));
#19942=CARTESIAN_POINT('',(18.022,2.3,-16.55));
#19943=CARTESIAN_POINT('Origin',(0.,2.3,0.));
#19944=CARTESIAN_POINT('Origin',(24.13,1.65,-2.54));
#19945=CARTESIAN_POINT('Origin',(12.66,0.267068331406063,-16.29));
#19946=CARTESIAN_POINT('',(12.66,1.65,-15.99));
#19947=CARTESIAN_POINT('',(12.66,1.65,-16.29));
#19948=CARTESIAN_POINT('',(12.66,1.65,-16.29));
#19949=CARTESIAN_POINT('',(12.66,2.3,-15.99));
#19950=CARTESIAN_POINT('',(12.66,0.267068331406063,-15.99));
#19951=CARTESIAN_POINT('',(12.66,2.3,-16.29));
#19952=CARTESIAN_POINT('',(12.66,2.3,-16.29));
#19953=CARTESIAN_POINT('',(12.66,0.267068331406063,-16.29));
#19954=CARTESIAN_POINT('Origin',(12.66,0.267068331406063,-16.29));
#19955=CARTESIAN_POINT('',(14.01,1.65,-16.29));
#19956=CARTESIAN_POINT('',(12.66,1.65,-16.29));
#19957=CARTESIAN_POINT('',(14.01,2.3,-16.29));
#19958=CARTESIAN_POINT('',(12.66,2.3,-16.29));
#19959=CARTESIAN_POINT('',(14.01,0.267068331406063,-16.29));
#19960=CARTESIAN_POINT('Origin',(14.01,0.267068331406063,-16.29));
#19961=CARTESIAN_POINT('',(14.01,1.65,-15.99));
#19962=CARTESIAN_POINT('',(14.01,1.65,-16.29));
#19963=CARTESIAN_POINT('',(14.01,2.3,-15.99));
#19964=CARTESIAN_POINT('',(14.01,2.3,-16.29));
#19965=CARTESIAN_POINT('',(14.01,0.267068331406063,-15.99));
#19966=CARTESIAN_POINT('Origin',(12.66,0.267068331406063,-15.99));
#19967=CARTESIAN_POINT('',(12.66,1.65,-15.99));
#19968=CARTESIAN_POINT('',(12.66,2.3,-15.99));
#19969=CARTESIAN_POINT('Origin',(0.,2.3,0.));
#19970=CARTESIAN_POINT('Origin',(24.13,1.65,-2.54));
#19971=CARTESIAN_POINT('Origin',(14.01,0.267068331406063,-14.49));
#19972=CARTESIAN_POINT('',(14.01,1.65,-14.49));
#19973=CARTESIAN_POINT('',(14.01,1.65,-14.19));
#19974=CARTESIAN_POINT('',(14.01,1.65,-14.49));
#19975=CARTESIAN_POINT('',(14.01,2.3,-14.49));
#19976=CARTESIAN_POINT('',(14.01,0.267068331406063,-14.49));
#19977=CARTESIAN_POINT('',(14.01,2.3,-14.19));
#19978=CARTESIAN_POINT('',(14.01,2.3,-14.49));
#19979=CARTESIAN_POINT('',(14.01,0.267068331406063,-14.19));
#19980=CARTESIAN_POINT('Origin',(12.66,0.267068331406063,-14.19));
#19981=CARTESIAN_POINT('',(12.66,1.65,-14.19));
#19982=CARTESIAN_POINT('',(12.66,1.65,-14.19));
#19983=CARTESIAN_POINT('',(12.66,2.3,-14.19));
#19984=CARTESIAN_POINT('',(12.66,2.3,-14.19));
#19985=CARTESIAN_POINT('',(12.66,0.267068331406063,-14.19));
#19986=CARTESIAN_POINT('Origin',(12.66,0.267068331406063,-14.49));
#19987=CARTESIAN_POINT('',(12.66,1.65,-14.49));
#19988=CARTESIAN_POINT('',(12.66,1.65,-14.49));
#19989=CARTESIAN_POINT('',(12.66,2.3,-14.49));
#19990=CARTESIAN_POINT('',(12.66,2.3,-14.49));
#19991=CARTESIAN_POINT('',(12.66,0.267068331406063,-14.49));
#19992=CARTESIAN_POINT('Origin',(12.66,0.267068331406063,-14.49));
#19993=CARTESIAN_POINT('',(12.66,1.65,-14.49));
#19994=CARTESIAN_POINT('',(12.66,2.3,-14.49));
#19995=CARTESIAN_POINT('Origin',(0.,2.3,0.));
#19996=CARTESIAN_POINT('Origin',(24.13,1.65,-2.54));
#19997=CARTESIAN_POINT('Origin',(10.755,0.267068331406063,-16.417));
#19998=CARTESIAN_POINT('',(10.755,1.65,-16.117));
#19999=CARTESIAN_POINT('',(10.755,1.65,-16.417));
#20000=CARTESIAN_POINT('',(10.755,1.65,-16.417));
#20001=CARTESIAN_POINT('',(10.755,2.3,-16.117));
#20002=CARTESIAN_POINT('',(10.755,0.267068331406063,-16.117));
#20003=CARTESIAN_POINT('',(10.755,2.3,-16.417));
#20004=CARTESIAN_POINT('',(10.755,2.3,-16.417));
#20005=CARTESIAN_POINT('',(10.755,0.267068331406063,-16.417));
#20006=CARTESIAN_POINT('Origin',(10.755,0.267068331406063,-16.417));
#20007=CARTESIAN_POINT('',(12.105,1.65,-16.417));
#20008=CARTESIAN_POINT('',(10.755,1.65,-16.417));
#20009=CARTESIAN_POINT('',(12.105,2.3,-16.417));
#20010=CARTESIAN_POINT('',(10.755,2.3,-16.417));
#20011=CARTESIAN_POINT('',(12.105,0.267068331406063,-16.417));
#20012=CARTESIAN_POINT('Origin',(12.105,0.267068331406063,-16.417));
#20013=CARTESIAN_POINT('',(12.105,1.65,-16.117));
#20014=CARTESIAN_POINT('',(12.105,1.65,-16.417));
#20015=CARTESIAN_POINT('',(12.105,2.3,-16.117));
#20016=CARTESIAN_POINT('',(12.105,2.3,-16.417));
#20017=CARTESIAN_POINT('',(12.105,0.267068331406063,-16.117));
#20018=CARTESIAN_POINT('Origin',(10.755,0.267068331406063,-16.117));
#20019=CARTESIAN_POINT('',(10.755,1.65,-16.117));
#20020=CARTESIAN_POINT('',(10.755,2.3,-16.117));
#20021=CARTESIAN_POINT('Origin',(0.,2.3,0.));
#20022=CARTESIAN_POINT('Origin',(24.13,1.65,-2.54));
#20023=CARTESIAN_POINT('Origin',(12.105,0.267068331406063,-14.617));
#20024=CARTESIAN_POINT('',(12.105,1.65,-14.617));
#20025=CARTESIAN_POINT('',(12.105,1.65,-14.317));
#20026=CARTESIAN_POINT('',(12.105,1.65,-14.617));
#20027=CARTESIAN_POINT('',(12.105,2.3,-14.617));
#20028=CARTESIAN_POINT('',(12.105,0.267068331406063,-14.617));
#20029=CARTESIAN_POINT('',(12.105,2.3,-14.317));
#20030=CARTESIAN_POINT('',(12.105,2.3,-14.617));
#20031=CARTESIAN_POINT('',(12.105,0.267068331406063,-14.317));
#20032=CARTESIAN_POINT('Origin',(10.755,0.267068331406063,-14.317));
#20033=CARTESIAN_POINT('',(10.755,1.65,-14.317));
#20034=CARTESIAN_POINT('',(10.755,1.65,-14.317));
#20035=CARTESIAN_POINT('',(10.755,2.3,-14.317));
#20036=CARTESIAN_POINT('',(10.755,2.3,-14.317));
#20037=CARTESIAN_POINT('',(10.755,0.267068331406063,-14.317));
#20038=CARTESIAN_POINT('Origin',(10.755,0.267068331406063,-14.617));
#20039=CARTESIAN_POINT('',(10.755,1.65,-14.617));
#20040=CARTESIAN_POINT('',(10.755,1.65,-14.617));
#20041=CARTESIAN_POINT('',(10.755,2.3,-14.617));
#20042=CARTESIAN_POINT('',(10.755,2.3,-14.617));
#20043=CARTESIAN_POINT('',(10.755,0.267068331406063,-14.617));
#20044=CARTESIAN_POINT('Origin',(10.755,0.267068331406063,-14.617));
#20045=CARTESIAN_POINT('',(10.755,1.65,-14.617));
#20046=CARTESIAN_POINT('',(10.755,2.3,-14.617));
#20047=CARTESIAN_POINT('Origin',(0.,2.3,0.));
#20048=CARTESIAN_POINT('Origin',(24.13,1.65,-2.54));
#20049=CARTESIAN_POINT('Origin',(3.668,0.315833593587366,-6.362));
#20050=CARTESIAN_POINT('',(3.668,1.65,-6.062));
#20051=CARTESIAN_POINT('',(3.668,1.65,-6.362));
#20052=CARTESIAN_POINT('',(3.668,1.65,-6.362));
#20053=CARTESIAN_POINT('',(3.668,2.6,-6.062));
#20054=CARTESIAN_POINT('',(3.668,0.315833593587366,-6.062));
#20055=CARTESIAN_POINT('',(3.668,2.6,-6.362));
#20056=CARTESIAN_POINT('',(3.668,2.6,-6.362));
#20057=CARTESIAN_POINT('',(3.668,0.315833593587366,-6.362));
#20058=CARTESIAN_POINT('Origin',(3.668,0.315833593587366,-6.362));
#20059=CARTESIAN_POINT('',(4.968,1.65,-6.362));
#20060=CARTESIAN_POINT('',(3.668,1.65,-6.362));
#20061=CARTESIAN_POINT('',(4.968,2.6,-6.362));
#20062=CARTESIAN_POINT('',(3.668,2.6,-6.362));
#20063=CARTESIAN_POINT('',(4.968,0.315833593587366,-6.362));
#20064=CARTESIAN_POINT('Origin',(4.968,0.315833593587366,-6.362));
#20065=CARTESIAN_POINT('',(4.968,1.65,-6.062));
#20066=CARTESIAN_POINT('',(4.968,1.65,-6.362));
#20067=CARTESIAN_POINT('',(4.968,2.6,-6.062));
#20068=CARTESIAN_POINT('',(4.968,2.6,-6.362));
#20069=CARTESIAN_POINT('',(4.968,0.315833593587366,-6.062));
#20070=CARTESIAN_POINT('Origin',(3.668,0.315833593587366,-6.062));
#20071=CARTESIAN_POINT('',(3.668,1.65,-6.062));
#20072=CARTESIAN_POINT('',(3.668,2.6,-6.062));
#20073=CARTESIAN_POINT('Origin',(0.,2.6,0.));
#20074=CARTESIAN_POINT('Origin',(24.13,1.65,-2.54));
#20075=CARTESIAN_POINT('Origin',(3.668,0.315833593587366,-7.862));
#20076=CARTESIAN_POINT('',(4.968,1.65,-7.862));
#20077=CARTESIAN_POINT('',(3.668,1.65,-7.862));
#20078=CARTESIAN_POINT('',(3.668,1.65,-7.862));
#20079=CARTESIAN_POINT('',(4.968,2.6,-7.862));
#20080=CARTESIAN_POINT('',(4.968,0.315833593587366,-7.862));
#20081=CARTESIAN_POINT('',(3.668,2.6,-7.862));
#20082=CARTESIAN_POINT('',(3.668,2.6,-7.862));
#20083=CARTESIAN_POINT('',(3.668,0.315833593587366,-7.862));
#20084=CARTESIAN_POINT('Origin',(3.668,0.315833593587366,-8.162));
#20085=CARTESIAN_POINT('',(3.668,1.65,-8.162));
#20086=CARTESIAN_POINT('',(3.668,1.65,-8.162));
#20087=CARTESIAN_POINT('',(3.668,2.6,-8.162));
#20088=CARTESIAN_POINT('',(3.668,2.6,-8.162));
#20089=CARTESIAN_POINT('',(3.668,0.315833593587366,-8.162));
#20090=CARTESIAN_POINT('Origin',(3.668,0.315833593587366,-8.162));
#20091=CARTESIAN_POINT('',(4.968,1.65,-8.162));
#20092=CARTESIAN_POINT('',(3.668,1.65,-8.162));
#20093=CARTESIAN_POINT('',(4.968,2.6,-8.162));
#20094=CARTESIAN_POINT('',(3.668,2.6,-8.162));
#20095=CARTESIAN_POINT('',(4.968,0.315833593587366,-8.162));
#20096=CARTESIAN_POINT('Origin',(4.968,0.315833593587366,-8.162));
#20097=CARTESIAN_POINT('',(4.968,1.65,-8.162));
#20098=CARTESIAN_POINT('',(4.968,2.6,-8.162));
#20099=CARTESIAN_POINT('Origin',(0.,2.6,0.));
#20100=CARTESIAN_POINT('Origin',(24.13,1.65,-2.54));
#20101=CARTESIAN_POINT('Origin',(6.87,0.315833593587366,-8.778));
#20102=CARTESIAN_POINT('',(6.87,1.65,-8.778));
#20103=CARTESIAN_POINT('',(6.87,1.65,-7.478));
#20104=CARTESIAN_POINT('',(6.87,1.65,-8.778));
#20105=CARTESIAN_POINT('',(6.87,2.6,-8.778));
#20106=CARTESIAN_POINT('',(6.87,0.315833593587366,-8.778));
#20107=CARTESIAN_POINT('',(6.87,2.6,-7.478));
#20108=CARTESIAN_POINT('',(6.87,2.6,-8.778));
#20109=CARTESIAN_POINT('',(6.87,0.315833593587366,-7.478));
#20110=CARTESIAN_POINT('Origin',(6.57,0.315833593587366,-7.478));
#20111=CARTESIAN_POINT('',(6.57,1.65,-7.478));
#20112=CARTESIAN_POINT('',(6.57,1.65,-7.478));
#20113=CARTESIAN_POINT('',(6.57,2.6,-7.478));
#20114=CARTESIAN_POINT('',(6.57,2.6,-7.478));
#20115=CARTESIAN_POINT('',(6.57,0.315833593587366,-7.478));
#20116=CARTESIAN_POINT('Origin',(6.57,0.315833593587366,-8.778));
#20117=CARTESIAN_POINT('',(6.57,1.65,-8.778));
#20118=CARTESIAN_POINT('',(6.57,1.65,-8.778));
#20119=CARTESIAN_POINT('',(6.57,2.6,-8.778));
#20120=CARTESIAN_POINT('',(6.57,2.6,-8.778));
#20121=CARTESIAN_POINT('',(6.57,0.315833593587366,-8.778));
#20122=CARTESIAN_POINT('Origin',(6.57,0.315833593587366,-8.778));
#20123=CARTESIAN_POINT('',(6.57,1.65,-8.778));
#20124=CARTESIAN_POINT('',(6.57,2.6,-8.778));
#20125=CARTESIAN_POINT('Origin',(0.,2.6,0.));
#20126=CARTESIAN_POINT('Origin',(24.13,1.65,-2.54));
#20127=CARTESIAN_POINT('Origin',(11.796,0.315833593587366,-6.257));
#20128=CARTESIAN_POINT('',(11.796,1.65,-5.957));
#20129=CARTESIAN_POINT('',(11.796,1.65,-6.257));
#20130=CARTESIAN_POINT('',(11.796,1.65,-6.257));
#20131=CARTESIAN_POINT('',(11.796,2.6,-5.957));
#20132=CARTESIAN_POINT('',(11.796,0.315833593587366,-5.957));
#20133=CARTESIAN_POINT('',(11.796,2.6,-6.257));
#20134=CARTESIAN_POINT('',(11.796,2.6,-6.257));
#20135=CARTESIAN_POINT('',(11.796,0.315833593587366,-6.257));
#20136=CARTESIAN_POINT('Origin',(11.796,0.315833593587366,-6.257));
#20137=CARTESIAN_POINT('',(13.096,1.65,-6.257));
#20138=CARTESIAN_POINT('',(11.796,1.65,-6.257));
#20139=CARTESIAN_POINT('',(13.096,2.6,-6.257));
#20140=CARTESIAN_POINT('',(11.796,2.6,-6.257));
#20141=CARTESIAN_POINT('',(13.096,0.315833593587366,-6.257));
#20142=CARTESIAN_POINT('Origin',(13.096,0.315833593587366,-6.257));
#20143=CARTESIAN_POINT('',(13.096,1.65,-5.957));
#20144=CARTESIAN_POINT('',(13.096,1.65,-6.257));
#20145=CARTESIAN_POINT('',(13.096,2.6,-5.957));
#20146=CARTESIAN_POINT('',(13.096,2.6,-6.257));
#20147=CARTESIAN_POINT('',(13.096,0.315833593587366,-5.957));
#20148=CARTESIAN_POINT('Origin',(11.796,0.315833593587366,-5.957));
#20149=CARTESIAN_POINT('',(11.796,1.65,-5.957));
#20150=CARTESIAN_POINT('',(11.796,2.6,-5.957));
#20151=CARTESIAN_POINT('Origin',(0.,2.6,0.));
#20152=CARTESIAN_POINT('Origin',(24.13,1.65,-2.54));
#20153=CARTESIAN_POINT('Origin',(13.096,0.315833593587366,-4.457));
#20154=CARTESIAN_POINT('',(13.096,1.65,-4.457));
#20155=CARTESIAN_POINT('',(13.096,1.65,-4.157));
#20156=CARTESIAN_POINT('',(13.096,1.65,-4.457));
#20157=CARTESIAN_POINT('',(13.096,2.6,-4.457));
#20158=CARTESIAN_POINT('',(13.096,0.315833593587366,-4.457));
#20159=CARTESIAN_POINT('',(13.096,2.6,-4.157));
#20160=CARTESIAN_POINT('',(13.096,2.6,-4.457));
#20161=CARTESIAN_POINT('',(13.096,0.315833593587366,-4.157));
#20162=CARTESIAN_POINT('Origin',(11.796,0.315833593587366,-4.157));
#20163=CARTESIAN_POINT('',(11.796,1.65,-4.157));
#20164=CARTESIAN_POINT('',(11.796,1.65,-4.157));
#20165=CARTESIAN_POINT('',(11.796,2.6,-4.157));
#20166=CARTESIAN_POINT('',(11.796,2.6,-4.157));
#20167=CARTESIAN_POINT('',(11.796,0.315833593587366,-4.157));
#20168=CARTESIAN_POINT('Origin',(11.796,0.315833593587366,-4.457));
#20169=CARTESIAN_POINT('',(11.796,1.65,-4.457));
#20170=CARTESIAN_POINT('',(11.796,1.65,-4.457));
#20171=CARTESIAN_POINT('',(11.796,2.6,-4.457));
#20172=CARTESIAN_POINT('',(11.796,2.6,-4.457));
#20173=CARTESIAN_POINT('',(11.796,0.315833593587366,-4.457));
#20174=CARTESIAN_POINT('Origin',(11.796,0.315833593587366,-4.457));
#20175=CARTESIAN_POINT('',(11.796,1.65,-4.457));
#20176=CARTESIAN_POINT('',(11.796,2.6,-4.457));
#20177=CARTESIAN_POINT('Origin',(0.,2.6,0.));
#20178=CARTESIAN_POINT('Origin',(24.13,1.65,-2.54));
#20179=CARTESIAN_POINT('Origin',(9.891,0.315833593587366,-6.384));
#20180=CARTESIAN_POINT('',(9.891,1.65,-6.084));
#20181=CARTESIAN_POINT('',(9.891,1.65,-6.384));
#20182=CARTESIAN_POINT('',(9.891,1.65,-6.384));
#20183=CARTESIAN_POINT('',(9.891,2.6,-6.084));
#20184=CARTESIAN_POINT('',(9.891,0.315833593587366,-6.084));
#20185=CARTESIAN_POINT('',(9.891,2.6,-6.384));
#20186=CARTESIAN_POINT('',(9.891,2.6,-6.384));
#20187=CARTESIAN_POINT('',(9.891,0.315833593587366,-6.384));
#20188=CARTESIAN_POINT('Origin',(9.891,0.315833593587366,-6.384));
#20189=CARTESIAN_POINT('',(11.191,1.65,-6.384));
#20190=CARTESIAN_POINT('',(9.891,1.65,-6.384));
#20191=CARTESIAN_POINT('',(11.191,2.6,-6.384));
#20192=CARTESIAN_POINT('',(9.891,2.6,-6.384));
#20193=CARTESIAN_POINT('',(11.191,0.315833593587366,-6.384));
#20194=CARTESIAN_POINT('Origin',(11.191,0.315833593587366,-6.384));
#20195=CARTESIAN_POINT('',(11.191,1.65,-6.084));
#20196=CARTESIAN_POINT('',(11.191,1.65,-6.384));
#20197=CARTESIAN_POINT('',(11.191,2.6,-6.084));
#20198=CARTESIAN_POINT('',(11.191,2.6,-6.384));
#20199=CARTESIAN_POINT('',(11.191,0.315833593587366,-6.084));
#20200=CARTESIAN_POINT('Origin',(9.891,0.315833593587366,-6.084));
#20201=CARTESIAN_POINT('',(9.891,1.65,-6.084));
#20202=CARTESIAN_POINT('',(9.891,2.6,-6.084));
#20203=CARTESIAN_POINT('Origin',(0.,2.6,0.));
#20204=CARTESIAN_POINT('Origin',(24.13,1.65,-2.54));
#20205=CARTESIAN_POINT('Origin',(11.191,0.315833593587366,-4.584));
#20206=CARTESIAN_POINT('',(11.191,1.65,-4.584));
#20207=CARTESIAN_POINT('',(11.191,1.65,-4.284));
#20208=CARTESIAN_POINT('',(11.191,1.65,-4.584));
#20209=CARTESIAN_POINT('',(11.191,2.6,-4.584));
#20210=CARTESIAN_POINT('',(11.191,0.315833593587366,-4.584));
#20211=CARTESIAN_POINT('',(11.191,2.6,-4.284));
#20212=CARTESIAN_POINT('',(11.191,2.6,-4.584));
#20213=CARTESIAN_POINT('',(11.191,0.315833593587366,-4.284));
#20214=CARTESIAN_POINT('Origin',(9.891,0.315833593587366,-4.284));
#20215=CARTESIAN_POINT('',(9.891,1.65,-4.284));
#20216=CARTESIAN_POINT('',(9.891,1.65,-4.284));
#20217=CARTESIAN_POINT('',(9.891,2.6,-4.284));
#20218=CARTESIAN_POINT('',(9.891,2.6,-4.284));
#20219=CARTESIAN_POINT('',(9.891,0.315833593587366,-4.284));
#20220=CARTESIAN_POINT('Origin',(9.891,0.315833593587366,-4.584));
#20221=CARTESIAN_POINT('',(9.891,1.65,-4.584));
#20222=CARTESIAN_POINT('',(9.891,1.65,-4.584));
#20223=CARTESIAN_POINT('',(9.891,2.6,-4.584));
#20224=CARTESIAN_POINT('',(9.891,2.6,-4.584));
#20225=CARTESIAN_POINT('',(9.891,0.315833593587366,-4.584));
#20226=CARTESIAN_POINT('Origin',(9.891,0.315833593587366,-4.584));
#20227=CARTESIAN_POINT('',(9.891,1.65,-4.584));
#20228=CARTESIAN_POINT('',(9.891,2.6,-4.584));
#20229=CARTESIAN_POINT('Origin',(0.,2.6,0.));
#20230=CARTESIAN_POINT('Origin',(24.13,1.65,-2.54));
#20231=CARTESIAN_POINT('Origin',(8.37,0.315833593587366,-8.778));
#20232=CARTESIAN_POINT('',(8.37,1.65,-8.778));
#20233=CARTESIAN_POINT('',(8.67,1.65,-8.778));
#20234=CARTESIAN_POINT('',(8.37,1.65,-8.778));
#20235=CARTESIAN_POINT('',(8.37,2.6,-8.778));
#20236=CARTESIAN_POINT('',(8.37,0.315833593587366,-8.778));
#20237=CARTESIAN_POINT('',(8.67,2.6,-8.778));
#20238=CARTESIAN_POINT('',(8.37,2.6,-8.778));
#20239=CARTESIAN_POINT('',(8.67,0.315833593587366,-8.778));
#20240=CARTESIAN_POINT('Origin',(8.67,0.315833593587366,-8.778));
#20241=CARTESIAN_POINT('',(8.67,1.65,-7.478));
#20242=CARTESIAN_POINT('',(8.67,1.65,-8.778));
#20243=CARTESIAN_POINT('',(8.67,2.6,-7.478));
#20244=CARTESIAN_POINT('',(8.67,2.6,-8.778));
#20245=CARTESIAN_POINT('',(8.67,0.315833593587366,-7.478));
#20246=CARTESIAN_POINT('Origin',(8.37,0.315833593587366,-7.478));
#20247=CARTESIAN_POINT('',(8.37,1.65,-7.478));
#20248=CARTESIAN_POINT('',(8.37,1.65,-7.478));
#20249=CARTESIAN_POINT('',(8.37,2.6,-7.478));
#20250=CARTESIAN_POINT('',(8.37,2.6,-7.478));
#20251=CARTESIAN_POINT('',(8.37,0.315833593587366,-7.478));
#20252=CARTESIAN_POINT('Origin',(8.37,0.315833593587366,-8.778));
#20253=CARTESIAN_POINT('',(8.37,1.65,-8.778));
#20254=CARTESIAN_POINT('',(8.37,2.6,-8.778));
#20255=CARTESIAN_POINT('Origin',(0.,2.6,0.));
#20256=CARTESIAN_POINT('Origin',(24.13,1.65,-2.54));
#20257=CARTESIAN_POINT('Origin',(6.062,0.315833593587366,-16.271));
#20258=CARTESIAN_POINT('',(6.062,1.65,-14.971));
#20259=CARTESIAN_POINT('',(6.062,1.65,-16.271));
#20260=CARTESIAN_POINT('',(6.062,1.65,-16.271));
#20261=CARTESIAN_POINT('',(6.062,2.6,-14.971));
#20262=CARTESIAN_POINT('',(6.062,0.315833593587366,-14.971));
#20263=CARTESIAN_POINT('',(6.062,2.6,-16.271));
#20264=CARTESIAN_POINT('',(6.062,2.6,-16.271));
#20265=CARTESIAN_POINT('',(6.062,0.315833593587366,-16.271));
#20266=CARTESIAN_POINT('Origin',(6.062,0.315833593587366,-16.271));
#20267=CARTESIAN_POINT('',(6.362,1.65,-16.271));
#20268=CARTESIAN_POINT('',(6.062,1.65,-16.271));
#20269=CARTESIAN_POINT('',(6.362,2.6,-16.271));
#20270=CARTESIAN_POINT('',(6.062,2.6,-16.271));
#20271=CARTESIAN_POINT('',(6.362,0.315833593587366,-16.271));
#20272=CARTESIAN_POINT('Origin',(6.362,0.315833593587366,-16.271));
#20273=CARTESIAN_POINT('',(6.362,1.65,-14.971));
#20274=CARTESIAN_POINT('',(6.362,1.65,-16.271));
#20275=CARTESIAN_POINT('',(6.362,2.6,-14.971));
#20276=CARTESIAN_POINT('',(6.362,2.6,-16.271));
#20277=CARTESIAN_POINT('',(6.362,0.315833593587366,-14.971));
#20278=CARTESIAN_POINT('Origin',(6.062,0.315833593587366,-14.971));
#20279=CARTESIAN_POINT('',(6.062,1.65,-14.971));
#20280=CARTESIAN_POINT('',(6.062,2.6,-14.971));
#20281=CARTESIAN_POINT('Origin',(0.,2.6,0.));
#20282=CARTESIAN_POINT('Origin',(24.13,1.65,-2.54));
#20283=CARTESIAN_POINT('Origin',(7.862,0.315833593587366,-16.271));
#20284=CARTESIAN_POINT('',(7.862,1.65,-16.271));
#20285=CARTESIAN_POINT('',(8.162,1.65,-16.271));
#20286=CARTESIAN_POINT('',(7.862,1.65,-16.271));
#20287=CARTESIAN_POINT('',(7.862,2.6,-16.271));
#20288=CARTESIAN_POINT('',(7.862,0.315833593587366,-16.271));
#20289=CARTESIAN_POINT('',(8.162,2.6,-16.271));
#20290=CARTESIAN_POINT('',(7.862,2.6,-16.271));
#20291=CARTESIAN_POINT('',(8.162,0.315833593587366,-16.271));
#20292=CARTESIAN_POINT('Origin',(8.162,0.315833593587366,-16.271));
#20293=CARTESIAN_POINT('',(8.162,1.65,-14.971));
#20294=CARTESIAN_POINT('',(8.162,1.65,-16.271));
#20295=CARTESIAN_POINT('',(8.162,2.6,-14.971));
#20296=CARTESIAN_POINT('',(8.162,2.6,-16.271));
#20297=CARTESIAN_POINT('',(8.162,0.315833593587366,-14.971));
#20298=CARTESIAN_POINT('Origin',(7.862,0.315833593587366,-14.971));
#20299=CARTESIAN_POINT('',(7.862,1.65,-14.971));
#20300=CARTESIAN_POINT('',(7.862,1.65,-14.971));
#20301=CARTESIAN_POINT('',(7.862,2.6,-14.971));
#20302=CARTESIAN_POINT('',(7.862,2.6,-14.971));
#20303=CARTESIAN_POINT('',(7.862,0.315833593587366,-14.971));
#20304=CARTESIAN_POINT('Origin',(7.862,0.315833593587366,-16.271));
#20305=CARTESIAN_POINT('',(7.862,1.65,-16.271));
#20306=CARTESIAN_POINT('',(7.862,2.6,-16.271));
#20307=CARTESIAN_POINT('Origin',(0.,2.6,0.));
#20308=CARTESIAN_POINT('Origin',(24.13,1.65,-2.54));
#20309=CARTESIAN_POINT('Origin',(16.476,0.315833593587366,-9.413));
#20310=CARTESIAN_POINT('',(16.476,1.65,-8.113));
#20311=CARTESIAN_POINT('',(16.476,1.65,-9.413));
#20312=CARTESIAN_POINT('',(16.476,1.65,-9.413));
#20313=CARTESIAN_POINT('',(16.476,2.6,-8.113));
#20314=CARTESIAN_POINT('',(16.476,0.315833593587366,-8.113));
#20315=CARTESIAN_POINT('',(16.476,2.6,-9.413));
#20316=CARTESIAN_POINT('',(16.476,2.6,-9.413));
#20317=CARTESIAN_POINT('',(16.476,0.315833593587366,-9.413));
#20318=CARTESIAN_POINT('Origin',(16.476,0.315833593587366,-9.413));
#20319=CARTESIAN_POINT('',(16.776,1.65,-9.413));
#20320=CARTESIAN_POINT('',(16.476,1.65,-9.413));
#20321=CARTESIAN_POINT('',(16.776,2.6,-9.413));
#20322=CARTESIAN_POINT('',(16.476,2.6,-9.413));
#20323=CARTESIAN_POINT('',(16.776,0.315833593587366,-9.413));
#20324=CARTESIAN_POINT('Origin',(16.776,0.315833593587366,-9.413));
#20325=CARTESIAN_POINT('',(16.776,1.65,-8.113));
#20326=CARTESIAN_POINT('',(16.776,1.65,-9.413));
#20327=CARTESIAN_POINT('',(16.776,2.6,-8.113));
#20328=CARTESIAN_POINT('',(16.776,2.6,-9.413));
#20329=CARTESIAN_POINT('',(16.776,0.315833593587366,-8.113));
#20330=CARTESIAN_POINT('Origin',(16.476,0.315833593587366,-8.113));
#20331=CARTESIAN_POINT('',(16.476,1.65,-8.113));
#20332=CARTESIAN_POINT('',(16.476,2.6,-8.113));
#20333=CARTESIAN_POINT('Origin',(0.,2.6,0.));
#20334=CARTESIAN_POINT('Origin',(24.13,1.65,-2.54));
#20335=CARTESIAN_POINT('Origin',(18.276,0.315833593587366,-9.413));
#20336=CARTESIAN_POINT('',(18.276,1.65,-9.413));
#20337=CARTESIAN_POINT('',(18.576,1.65,-9.413));
#20338=CARTESIAN_POINT('',(18.276,1.65,-9.413));
#20339=CARTESIAN_POINT('',(18.276,2.6,-9.413));
#20340=CARTESIAN_POINT('',(18.276,0.315833593587366,-9.413));
#20341=CARTESIAN_POINT('',(18.576,2.6,-9.413));
#20342=CARTESIAN_POINT('',(18.276,2.6,-9.413));
#20343=CARTESIAN_POINT('',(18.576,0.315833593587366,-9.413));
#20344=CARTESIAN_POINT('Origin',(18.576,0.315833593587366,-9.413));
#20345=CARTESIAN_POINT('',(18.576,1.65,-8.113));
#20346=CARTESIAN_POINT('',(18.576,1.65,-9.413));
#20347=CARTESIAN_POINT('',(18.576,2.6,-8.113));
#20348=CARTESIAN_POINT('',(18.576,2.6,-9.413));
#20349=CARTESIAN_POINT('',(18.576,0.315833593587366,-8.113));
#20350=CARTESIAN_POINT('Origin',(18.276,0.315833593587366,-8.113));
#20351=CARTESIAN_POINT('',(18.276,1.65,-8.113));
#20352=CARTESIAN_POINT('',(18.276,1.65,-8.113));
#20353=CARTESIAN_POINT('',(18.276,2.6,-8.113));
#20354=CARTESIAN_POINT('',(18.276,2.6,-8.113));
#20355=CARTESIAN_POINT('',(18.276,0.315833593587366,-8.113));
#20356=CARTESIAN_POINT('Origin',(18.276,0.315833593587366,-9.413));
#20357=CARTESIAN_POINT('',(18.276,1.65,-9.413));
#20358=CARTESIAN_POINT('',(18.276,2.6,-9.413));
#20359=CARTESIAN_POINT('Origin',(0.,2.6,0.));
#20360=CARTESIAN_POINT('Origin',(24.13,1.65,-2.54));
#20361=CARTESIAN_POINT('Origin',(19.812,1.65,-17.145));
#20362=CARTESIAN_POINT('',(19.812,1.65,-16.895));
#20363=CARTESIAN_POINT('Origin',(19.812,1.65,-17.145));
#20364=CARTESIAN_POINT('',(19.812,0.,-16.895));
#20365=CARTESIAN_POINT('',(19.812,1.65,-16.895));
#20366=CARTESIAN_POINT('Origin',(19.812,0.,-17.145));
#20367=CARTESIAN_POINT('Origin',(19.812,1.65,-15.875));
#20368=CARTESIAN_POINT('',(19.812,1.65,-15.625));
#20369=CARTESIAN_POINT('Origin',(19.812,1.65,-15.875));
#20370=CARTESIAN_POINT('',(19.812,0.,-15.625));
#20371=CARTESIAN_POINT('',(19.812,1.65,-15.625));
#20372=CARTESIAN_POINT('Origin',(19.812,0.,-15.875));
#20373=CARTESIAN_POINT('Origin',(19.685,1.65,-14.097));
#20374=CARTESIAN_POINT('',(19.685,1.65,-13.847));
#20375=CARTESIAN_POINT('Origin',(19.685,1.65,-14.097));
#20376=CARTESIAN_POINT('',(19.685,0.,-13.847));
#20377=CARTESIAN_POINT('',(19.685,1.65,-13.847));
#20378=CARTESIAN_POINT('Origin',(19.685,0.,-14.097));
#20379=CARTESIAN_POINT('Origin',(20.574,1.65,-9.398));
#20380=CARTESIAN_POINT('',(20.574,1.65,-9.148));
#20381=CARTESIAN_POINT('Origin',(20.574,1.65,-9.398));
#20382=CARTESIAN_POINT('',(20.574,0.,-9.148));
#20383=CARTESIAN_POINT('',(20.574,1.65,-9.148));
#20384=CARTESIAN_POINT('Origin',(20.574,0.,-9.398));
#20385=CARTESIAN_POINT('Origin',(14.859,1.65,-16.256));
#20386=CARTESIAN_POINT('',(14.859,1.65,-16.006));
#20387=CARTESIAN_POINT('Origin',(14.859,1.65,-16.256));
#20388=CARTESIAN_POINT('',(14.859,0.,-16.006));
#20389=CARTESIAN_POINT('',(14.859,1.65,-16.006));
#20390=CARTESIAN_POINT('Origin',(14.859,0.,-16.256));
#20391=CARTESIAN_POINT('Origin',(9.398,1.65,-16.891));
#20392=CARTESIAN_POINT('',(9.398,1.65,-16.641));
#20393=CARTESIAN_POINT('Origin',(9.398,1.65,-16.891));
#20394=CARTESIAN_POINT('',(9.398,0.,-16.641));
#20395=CARTESIAN_POINT('',(9.398,1.65,-16.641));
#20396=CARTESIAN_POINT('Origin',(9.398,0.,-16.891));
#20397=CARTESIAN_POINT('Origin',(10.795,1.65,-12.954));
#20398=CARTESIAN_POINT('',(10.795,1.65,-12.704));
#20399=CARTESIAN_POINT('Origin',(10.795,1.65,-12.954));
#20400=CARTESIAN_POINT('',(10.795,0.,-12.704));
#20401=CARTESIAN_POINT('',(10.795,1.65,-12.704));
#20402=CARTESIAN_POINT('Origin',(10.795,0.,-12.954));
#20403=CARTESIAN_POINT('Origin',(10.795,1.65,-11.303));
#20404=CARTESIAN_POINT('',(10.795,1.65,-11.053));
#20405=CARTESIAN_POINT('Origin',(10.795,1.65,-11.303));
#20406=CARTESIAN_POINT('',(10.795,0.,-11.053));
#20407=CARTESIAN_POINT('',(10.795,1.65,-11.053));
#20408=CARTESIAN_POINT('Origin',(10.795,0.,-11.303));
#20409=CARTESIAN_POINT('Origin',(12.7,1.65,-11.557));
#20410=CARTESIAN_POINT('',(12.7,1.65,-11.307));
#20411=CARTESIAN_POINT('Origin',(12.7,1.65,-11.557));
#20412=CARTESIAN_POINT('',(12.7,0.,-11.307));
#20413=CARTESIAN_POINT('',(12.7,1.65,-11.307));
#20414=CARTESIAN_POINT('Origin',(12.7,0.,-11.557));
#20415=CARTESIAN_POINT('Origin',(13.589,1.65,-10.795));
#20416=CARTESIAN_POINT('',(13.589,1.65,-10.545));
#20417=CARTESIAN_POINT('Origin',(13.589,1.65,-10.795));
#20418=CARTESIAN_POINT('',(13.589,0.,-10.545));
#20419=CARTESIAN_POINT('',(13.589,1.65,-10.545));
#20420=CARTESIAN_POINT('Origin',(13.589,0.,-10.795));
#20421=CARTESIAN_POINT('Origin',(13.589,1.65,-8.89));
#20422=CARTESIAN_POINT('',(13.589,1.65,-8.64));
#20423=CARTESIAN_POINT('Origin',(13.589,1.65,-8.89));
#20424=CARTESIAN_POINT('',(13.589,0.,-8.64));
#20425=CARTESIAN_POINT('',(13.589,1.65,-8.64));
#20426=CARTESIAN_POINT('Origin',(13.589,0.,-8.89));
#20427=CARTESIAN_POINT('Origin',(16.256,1.65,-7.112));
#20428=CARTESIAN_POINT('',(16.256,1.65,-6.862));
#20429=CARTESIAN_POINT('Origin',(16.256,1.65,-7.112));
#20430=CARTESIAN_POINT('',(16.256,0.,-6.862));
#20431=CARTESIAN_POINT('',(16.256,1.65,-6.862));
#20432=CARTESIAN_POINT('Origin',(16.256,0.,-7.112));
#20433=CARTESIAN_POINT('Origin',(16.256,1.65,-5.715));
#20434=CARTESIAN_POINT('',(16.256,1.65,-5.465));
#20435=CARTESIAN_POINT('Origin',(16.256,1.65,-5.715));
#20436=CARTESIAN_POINT('',(16.256,0.,-5.465));
#20437=CARTESIAN_POINT('',(16.256,1.65,-5.465));
#20438=CARTESIAN_POINT('Origin',(16.256,0.,-5.715));
#20439=CARTESIAN_POINT('Origin',(2.54,1.65,-7.874));
#20440=CARTESIAN_POINT('',(2.54,1.65,-7.623999992));
#20441=CARTESIAN_POINT('Origin',(2.54,1.65,-7.874));
#20442=CARTESIAN_POINT('',(2.54,0.,-7.623999992));
#20443=CARTESIAN_POINT('',(2.54,1.65,-7.623999992));
#20444=CARTESIAN_POINT('Origin',(2.54,0.,-7.874));
#20445=CARTESIAN_POINT('Origin',(9.525,1.65,-19.0499999999999));
#20446=CARTESIAN_POINT('',(9.525,1.65,-18.5499999999999));
#20447=CARTESIAN_POINT('Origin',(9.525,1.65,-19.0499999999999));
#20448=CARTESIAN_POINT('',(9.525,0.,-18.5499999999999));
#20449=CARTESIAN_POINT('',(9.525,1.65,-18.5499999999999));
#20450=CARTESIAN_POINT('Origin',(9.525,0.,-19.0499999999999));
#20451=CARTESIAN_POINT('Origin',(12.065,1.65,-19.05));
#20452=CARTESIAN_POINT('',(12.065,1.65,-18.55));
#20453=CARTESIAN_POINT('Origin',(12.065,1.65,-19.05));
#20454=CARTESIAN_POINT('',(12.065,0.,-18.55));
#20455=CARTESIAN_POINT('',(12.065,1.65,-18.55));
#20456=CARTESIAN_POINT('Origin',(12.065,0.,-19.05));
#20457=CARTESIAN_POINT('Origin',(14.605,1.65,-19.05));
#20458=CARTESIAN_POINT('',(14.605,1.65,-18.55));
#20459=CARTESIAN_POINT('Origin',(14.605,1.65,-19.05));
#20460=CARTESIAN_POINT('',(14.605,0.,-18.55));
#20461=CARTESIAN_POINT('',(14.605,1.65,-18.55));
#20462=CARTESIAN_POINT('Origin',(14.605,0.,-19.05));
#20463=CARTESIAN_POINT('Origin',(17.145,1.65,-19.05));
#20464=CARTESIAN_POINT('',(17.145,1.65,-18.55));
#20465=CARTESIAN_POINT('Origin',(17.145,1.65,-19.05));
#20466=CARTESIAN_POINT('',(17.145,0.,-18.55));
#20467=CARTESIAN_POINT('',(17.145,1.65,-18.55));
#20468=CARTESIAN_POINT('Origin',(17.145,0.,-19.05));
#20469=CARTESIAN_POINT('Origin',(6.985,1.65,-1.26999999999991));
#20470=CARTESIAN_POINT('',(6.985,1.65,-0.769999999999911));
#20471=CARTESIAN_POINT('Origin',(6.985,1.65,-1.26999999999991));
#20472=CARTESIAN_POINT('',(6.985,0.,-0.769999999999911));
#20473=CARTESIAN_POINT('',(6.985,1.65,-0.769999999999911));
#20474=CARTESIAN_POINT('Origin',(6.985,0.,-1.26999999999991));
#20475=CARTESIAN_POINT('Origin',(9.525,1.65,-1.26999999999993));
#20476=CARTESIAN_POINT('',(9.525,1.65,-0.769999999999929));
#20477=CARTESIAN_POINT('Origin',(9.525,1.65,-1.26999999999993));
#20478=CARTESIAN_POINT('',(9.525,0.,-0.769999999999929));
#20479=CARTESIAN_POINT('',(9.525,1.65,-0.769999999999929));
#20480=CARTESIAN_POINT('Origin',(9.525,0.,-1.26999999999993));
#20481=CARTESIAN_POINT('Origin',(12.065,1.65,-1.26999999999995));
#20482=CARTESIAN_POINT('',(12.065,1.65,-0.769999999999947));
#20483=CARTESIAN_POINT('Origin',(12.065,1.65,-1.26999999999995));
#20484=CARTESIAN_POINT('',(12.065,0.,-0.769999999999947));
#20485=CARTESIAN_POINT('',(12.065,1.65,-0.769999999999947));
#20486=CARTESIAN_POINT('Origin',(12.065,0.,-1.26999999999995));
#20487=CARTESIAN_POINT('Origin',(14.605,1.65,-1.26999999999996));
#20488=CARTESIAN_POINT('',(14.605,1.65,-0.769999999999964));
#20489=CARTESIAN_POINT('Origin',(14.605,1.65,-1.26999999999996));
#20490=CARTESIAN_POINT('',(14.605,0.,-0.769999999999964));
#20491=CARTESIAN_POINT('',(14.605,1.65,-0.769999999999964));
#20492=CARTESIAN_POINT('Origin',(14.605,0.,-1.26999999999996));
#20493=CARTESIAN_POINT('Origin',(17.145,1.65,-1.26999999999998));
#20494=CARTESIAN_POINT('',(17.145,1.65,-0.769999999999983));
#20495=CARTESIAN_POINT('Origin',(17.145,1.65,-1.26999999999998));
#20496=CARTESIAN_POINT('',(17.145,0.,-0.769999999999983));
#20497=CARTESIAN_POINT('',(17.145,1.65,-0.769999999999983));
#20498=CARTESIAN_POINT('Origin',(17.145,0.,-1.26999999999998));
#20499=CARTESIAN_POINT('Origin',(19.685,1.65,-1.27));
#20500=CARTESIAN_POINT('',(19.685,1.65,-0.770000000000001));
#20501=CARTESIAN_POINT('Origin',(19.685,1.65,-1.27));
#20502=CARTESIAN_POINT('',(19.685,0.,-0.770000000000001));
#20503=CARTESIAN_POINT('',(19.685,1.65,-0.770000000000001));
#20504=CARTESIAN_POINT('Origin',(19.685,0.,-1.27));
#20505=CARTESIAN_POINT('Origin',(24.13,1.65,-17.78));
#20506=CARTESIAN_POINT('',(24.13,1.65,-16.53));
#20507=CARTESIAN_POINT('Origin',(24.13,1.65,-17.78));
#20508=CARTESIAN_POINT('',(24.13,0.,-16.53));
#20509=CARTESIAN_POINT('',(24.13,1.65,-16.53));
#20510=CARTESIAN_POINT('Origin',(24.13,0.,-17.78));
#20511=CARTESIAN_POINT('Origin',(2.54,1.65,-17.78));
#20512=CARTESIAN_POINT('',(2.54,1.65,-16.53));
#20513=CARTESIAN_POINT('Origin',(2.54,1.65,-17.78));
#20514=CARTESIAN_POINT('',(2.54,0.,-16.53));
#20515=CARTESIAN_POINT('',(2.54,1.65,-16.53));
#20516=CARTESIAN_POINT('Origin',(2.54,0.,-17.78));
#20517=CARTESIAN_POINT('Origin',(2.54,1.65,-2.54));
#20518=CARTESIAN_POINT('',(2.54,1.65,-1.29));
#20519=CARTESIAN_POINT('Origin',(2.54,1.65,-2.54));
#20520=CARTESIAN_POINT('',(2.54,0.,-1.29));
#20521=CARTESIAN_POINT('',(2.54,1.65,-1.29));
#20522=CARTESIAN_POINT('Origin',(2.54,0.,-2.54));
#20523=CARTESIAN_POINT('Origin',(24.13,1.65,-2.54));
#20524=CARTESIAN_POINT('',(24.13,1.65,-1.29));
#20525=CARTESIAN_POINT('Origin',(24.13,1.65,-2.54));
#20526=CARTESIAN_POINT('',(24.13,0.,-1.29));
#20527=CARTESIAN_POINT('',(24.13,1.65,-1.29));
#20528=CARTESIAN_POINT('Origin',(24.13,0.,-2.54));
#20529=CARTESIAN_POINT('Origin',(24.13,1.65,-2.54));
#20530=CARTESIAN_POINT('',(0.0999999999999994,1.65,-17.78));
#20531=CARTESIAN_POINT('',(0.0999999999999994,1.65,-2.54000000000002));
#20532=CARTESIAN_POINT('',(0.0999999999999994,1.65,-2.54000000000002));
#20533=CARTESIAN_POINT('',(2.54000000000002,1.65,-0.0999999999999998));
#20534=CARTESIAN_POINT('Origin',(2.54,1.65,-2.54));
#20535=CARTESIAN_POINT('',(24.13,1.65,-0.0999999999999998));
#20536=CARTESIAN_POINT('',(24.13,1.65,-0.0999999999999998));
#20537=CARTESIAN_POINT('',(26.57,1.65,-2.54000000000002));
#20538=CARTESIAN_POINT('Origin',(24.13,1.65,-2.54));
#20539=CARTESIAN_POINT('',(26.57,1.65,-17.78));
#20540=CARTESIAN_POINT('',(26.57,1.65,-17.78));
#20541=CARTESIAN_POINT('',(24.13,1.65,-20.22));
#20542=CARTESIAN_POINT('Origin',(24.13,1.65,-17.78));
#20543=CARTESIAN_POINT('',(2.54,1.65,-20.22));
#20544=CARTESIAN_POINT('',(2.54,1.65,-20.22));
#20545=CARTESIAN_POINT('Origin',(2.54,1.65,-17.78));
#20546=CARTESIAN_POINT('',(16.7655,1.65,-10.145));
#20547=CARTESIAN_POINT('',(18.5405,1.65,-10.145));
#20548=CARTESIAN_POINT('',(16.7655,1.65,-10.145));
#20549=CARTESIAN_POINT('',(16.7655,1.65,-11.445));
#20550=CARTESIAN_POINT('',(16.7655,1.65,-11.445));
#20551=CARTESIAN_POINT('',(18.5405,1.65,-11.445));
#20552=CARTESIAN_POINT('',(16.7655,1.65,-11.445));
#20553=CARTESIAN_POINT('',(18.5405,1.65,-11.445));
#20554=CARTESIAN_POINT('Origin',(24.13,0.,-2.54));
#20555=CARTESIAN_POINT('',(24.13,0.,-0.1));
#20556=CARTESIAN_POINT('',(2.54000000000002,0.,-0.1));
#20557=CARTESIAN_POINT('',(24.13,0.,-0.0999999999999998));
#20558=CARTESIAN_POINT('',(0.1,0.,-2.54000000000002));
#20559=CARTESIAN_POINT('Origin',(2.54,0.,-2.54));
#20560=CARTESIAN_POINT('',(0.0999999999999996,0.,-17.78));
#20561=CARTESIAN_POINT('',(0.0999999999999994,0.,-2.54));
#20562=CARTESIAN_POINT('',(2.54,0.,-20.22));
#20563=CARTESIAN_POINT('Origin',(2.54,0.,-17.78));
#20564=CARTESIAN_POINT('',(24.13,0.,-20.22));
#20565=CARTESIAN_POINT('',(24.13,0.,-20.22));
#20566=CARTESIAN_POINT('',(26.57,0.,-17.78));
#20567=CARTESIAN_POINT('Origin',(24.13,0.,-17.78));
#20568=CARTESIAN_POINT('',(26.57,0.,-2.54000000000002));
#20569=CARTESIAN_POINT('',(26.57,0.,-2.54));
#20570=CARTESIAN_POINT('Origin',(24.13,0.,-2.54));
#20571=CARTESIAN_POINT('Origin',(24.13,1.65,-2.54));
#20572=CARTESIAN_POINT('',(24.13,1.55,0.));
#20573=CARTESIAN_POINT('',(24.13,0.1,0.));
#20574=CARTESIAN_POINT('',(24.13,1.65,0.));
#20575=CARTESIAN_POINT('',(26.67,0.1,-2.54000000000002));
#20576=CARTESIAN_POINT('Origin',(24.13,0.1,-2.54));
#20577=CARTESIAN_POINT('',(26.67,1.55,-2.54000000000002));
#20578=CARTESIAN_POINT('',(26.67,1.65,-2.54000000000002));
#20579=CARTESIAN_POINT('Origin',(24.13,1.55,-2.54));
#20580=CARTESIAN_POINT('Origin',(26.67,1.65,-2.54000000000002));
#20581=CARTESIAN_POINT('',(26.67,0.1,-17.78));
#20582=CARTESIAN_POINT('',(26.67,0.1,-2.54000000000002));
#20583=CARTESIAN_POINT('',(26.67,1.55,-17.78));
#20584=CARTESIAN_POINT('',(26.67,1.65,-17.78));
#20585=CARTESIAN_POINT('',(26.67,1.55,-2.54000000000002));
#20586=CARTESIAN_POINT('Origin',(24.13,1.65,-17.78));
#20587=CARTESIAN_POINT('',(24.13,0.1,-20.32));
#20588=CARTESIAN_POINT('Origin',(24.13,0.1,-17.78));
#20589=CARTESIAN_POINT('',(24.13,1.55,-20.32));
#20590=CARTESIAN_POINT('',(24.13,1.65,-20.32));
#20591=CARTESIAN_POINT('Origin',(24.13,1.55,-17.78));
#20592=CARTESIAN_POINT('Origin',(2.54000000000002,1.65,-20.32));
#20593=CARTESIAN_POINT('',(2.54,0.1,-20.32));
#20594=CARTESIAN_POINT('',(2.54000000000002,0.1,-20.32));
#20595=CARTESIAN_POINT('',(2.54,1.55,-20.32));
#20596=CARTESIAN_POINT('',(2.54,1.65,-20.32));
#20597=CARTESIAN_POINT('',(24.13,1.55,-20.32));
#20598=CARTESIAN_POINT('Origin',(2.54,1.65,-17.78));
#20599=CARTESIAN_POINT('',(0.,0.1,-17.78));
#20600=CARTESIAN_POINT('Origin',(2.54,0.1,-17.78));
#20601=CARTESIAN_POINT('',(0.,1.55,-17.78));
#20602=CARTESIAN_POINT('',(0.,1.65,-17.78));
#20603=CARTESIAN_POINT('Origin',(2.54,1.55,-17.78));
#20604=CARTESIAN_POINT('Origin',(0.,1.65,-2.54000000000002));
#20605=CARTESIAN_POINT('',(0.,0.1,-2.54000000000002));
#20606=CARTESIAN_POINT('',(0.,0.1,-2.54000000000002));
#20607=CARTESIAN_POINT('',(0.,1.55,-2.54000000000002));
#20608=CARTESIAN_POINT('',(0.,1.65,-2.54000000000002));
#20609=CARTESIAN_POINT('',(0.,1.55,-17.78));
#20610=CARTESIAN_POINT('Origin',(2.54,1.65,-2.54));
#20611=CARTESIAN_POINT('',(2.54000000000002,0.1,0.));
#20612=CARTESIAN_POINT('Origin',(2.54,0.1,-2.54));
#20613=CARTESIAN_POINT('',(2.54000000000002,1.55,0.));
#20614=CARTESIAN_POINT('',(2.54000000000002,1.65,0.));
#20615=CARTESIAN_POINT('Origin',(2.54,1.55,-2.54));
#20616=CARTESIAN_POINT('Origin',(2.54000000000002,1.65,0.));
#20617=CARTESIAN_POINT('',(2.54000000000002,0.1,0.));
#20618=CARTESIAN_POINT('',(2.54000000000002,1.55,0.));
#20619=CARTESIAN_POINT('Origin',(24.13,0.1,-17.78));
#20620=CARTESIAN_POINT('Origin',(26.57,0.1,-17.78));
#20621=CARTESIAN_POINT('Origin',(24.13,0.1,-20.22));
#20622=CARTESIAN_POINT('Origin',(2.54000000000002,0.1,-20.22));
#20623=CARTESIAN_POINT('Origin',(2.54,0.1,-20.22));
#20624=CARTESIAN_POINT('Origin',(26.57,0.1,-2.54000000000002));
#20625=CARTESIAN_POINT('Origin',(26.57,0.1,-2.54000000000002));
#20626=CARTESIAN_POINT('Origin',(2.54,0.1,-17.78));
#20627=CARTESIAN_POINT('Origin',(0.0999999999999996,0.1,-17.78));
#20628=CARTESIAN_POINT('Origin',(24.13,0.1,-2.54));
#20629=CARTESIAN_POINT('Origin',(24.13,0.1,-0.0999999999999996));
#20630=CARTESIAN_POINT('Origin',(0.1,0.1,-2.54000000000002));
#20631=CARTESIAN_POINT('Origin',(0.1,0.1,-2.54000000000002));
#20632=CARTESIAN_POINT('Origin',(2.54000000000002,0.1,-0.1));
#20633=CARTESIAN_POINT('Origin',(2.54000000000002,0.1,-0.1));
#20634=CARTESIAN_POINT('Origin',(2.54,0.1,-2.54));
#20635=CARTESIAN_POINT('Origin',(24.13,1.55,-17.78));
#20636=CARTESIAN_POINT('Origin',(26.57,1.55,-17.78));
#20637=CARTESIAN_POINT('Origin',(24.13,1.55,-20.22));
#20638=CARTESIAN_POINT('Origin',(24.13,1.55,-20.22));
#20639=CARTESIAN_POINT('Origin',(2.54,1.55,-20.22));
#20640=CARTESIAN_POINT('Origin',(26.57,1.55,-2.54));
#20641=CARTESIAN_POINT('Origin',(26.57,1.55,-2.54000000000002));
#20642=CARTESIAN_POINT('Origin',(2.54,1.55,-17.78));
#20643=CARTESIAN_POINT('Origin',(0.0999999999999994,1.55,-17.78));
#20644=CARTESIAN_POINT('Origin',(24.13,1.55,-2.54));
#20645=CARTESIAN_POINT('Origin',(24.13,1.55,-0.0999999999999996));
#20646=CARTESIAN_POINT('Origin',(0.0999999999999994,1.55,-2.54));
#20647=CARTESIAN_POINT('Origin',(0.0999999999999994,1.55,-2.54000000000002));
#20648=CARTESIAN_POINT('Origin',(24.13,1.55,-0.0999999999999998));
#20649=CARTESIAN_POINT('Origin',(2.54000000000002,1.55,-0.1));
#20650=CARTESIAN_POINT('Origin',(2.54,1.55,-2.54));
#20651=CARTESIAN_POINT('Origin',(16.7655,2.625,-11.445));
#20652=CARTESIAN_POINT('',(16.7655,2.625,-10.145));
#20653=CARTESIAN_POINT('',(16.7655,2.625,-10.145));
#20654=CARTESIAN_POINT('',(16.7655,2.625,-11.445));
#20655=CARTESIAN_POINT('',(16.7655,2.625,-11.445));
#20656=CARTESIAN_POINT('',(16.7655,2.625,-11.445));
#20657=CARTESIAN_POINT('Origin',(16.7655,2.625,-10.145));
#20658=CARTESIAN_POINT('',(18.5405,2.625,-10.145));
#20659=CARTESIAN_POINT('',(18.5405,2.625,-10.145));
#20660=CARTESIAN_POINT('',(16.7655,2.625,-10.145));
#20661=CARTESIAN_POINT('Origin',(18.5405,2.625,-11.445));
#20662=CARTESIAN_POINT('',(18.5405,2.625,-11.445));
#20663=CARTESIAN_POINT('',(18.5405,2.625,-11.445));
#20664=CARTESIAN_POINT('',(18.5405,2.625,-11.445));
#20665=CARTESIAN_POINT('Origin',(16.7655,2.625,-11.445));
#20666=CARTESIAN_POINT('',(16.7655,2.625,-11.445));
#20667=CARTESIAN_POINT('Origin',(0.,2.625,0.));
#20668=UNCERTAINTY_MEASURE_WITH_UNIT(LENGTH_MEASURE(0.01),#20672,
'DISTANCE_ACCURACY_VALUE',
'Maximum model space distance between geometric entities at asserted c
onnectivities');
#20669=UNCERTAINTY_MEASURE_WITH_UNIT(LENGTH_MEASURE(0.01),#20672,
'DISTANCE_ACCURACY_VALUE',
'Maximum model space distance between geometric entities at asserted c
onnectivities');
#20670=(
GEOMETRIC_REPRESENTATION_CONTEXT(3)
GLOBAL_UNCERTAINTY_ASSIGNED_CONTEXT((#20668))
GLOBAL_UNIT_ASSIGNED_CONTEXT((#20672,#20674,#20675))
REPRESENTATION_CONTEXT('','3D')
);
#20671=(
GEOMETRIC_REPRESENTATION_CONTEXT(3)
GLOBAL_UNCERTAINTY_ASSIGNED_CONTEXT((#20669))
GLOBAL_UNIT_ASSIGNED_CONTEXT((#20672,#20674,#20675))
REPRESENTATION_CONTEXT('','3D')
);
#20672=(
LENGTH_UNIT()
NAMED_UNIT(*)
SI_UNIT(.MILLI.,.METRE.)
);
#20673=(
LENGTH_UNIT()
NAMED_UNIT(*)
SI_UNIT($,.METRE.)
);
#20674=(
NAMED_UNIT(*)
PLANE_ANGLE_UNIT()
SI_UNIT($,.RADIAN.)
);
#20675=(
NAMED_UNIT(*)
SI_UNIT($,.STERADIAN.)
SOLID_ANGLE_UNIT()
);
#20676=SHAPE_DEFINITION_REPRESENTATION(#20677,#20678);
#20677=PRODUCT_DEFINITION_SHAPE('',$,#20680);
#20678=SHAPE_REPRESENTATION('',(#12711),#20670);
#20679=PRODUCT_DEFINITION_CONTEXT('part definition',#20684,'design');
#20680=PRODUCT_DEFINITION('Adafruit_BNO055_AP214',
'Adafruit_BNO055_AP214 v1',#20681,#20679);
#20681=PRODUCT_DEFINITION_FORMATION('',$,#20686);
#20682=PRODUCT_RELATED_PRODUCT_CATEGORY('Adafruit_BNO055_AP214 v1',
'Adafruit_BNO055_AP214 v1',(#20686));
#20683=APPLICATION_PROTOCOL_DEFINITION('international standard',
'automotive_design',2009,#20684);
#20684=APPLICATION_CONTEXT(
'Core Data for Automotive Mechanical Design Process');
#20685=PRODUCT_CONTEXT('part definition',#20684,'mechanical');
#20686=PRODUCT('Adafruit_BNO055_AP214','Adafruit_BNO055_AP214 v1',
'STEP AP214',(#20685));
#20687=PRESENTATION_STYLE_ASSIGNMENT((#20695));
#20688=PRESENTATION_STYLE_ASSIGNMENT((#20696));
#20689=PRESENTATION_STYLE_ASSIGNMENT((#20697));
#20690=PRESENTATION_STYLE_ASSIGNMENT((#20698));
#20691=PRESENTATION_STYLE_ASSIGNMENT((#20699));
#20692=PRESENTATION_STYLE_ASSIGNMENT((#20700));
#20693=PRESENTATION_STYLE_ASSIGNMENT((#20701));
#20694=PRESENTATION_STYLE_ASSIGNMENT((#20702));
#20695=SURFACE_STYLE_USAGE(.BOTH.,#20703);
#20696=SURFACE_STYLE_USAGE(.BOTH.,#20704);
#20697=SURFACE_STYLE_USAGE(.BOTH.,#20705);
#20698=SURFACE_STYLE_USAGE(.BOTH.,#20706);
#20699=SURFACE_STYLE_USAGE(.BOTH.,#20707);
#20700=SURFACE_STYLE_USAGE(.BOTH.,#20708);
#20701=SURFACE_STYLE_USAGE(.BOTH.,#20709);
#20702=SURFACE_STYLE_USAGE(.BOTH.,#20710);
#20703=SURFACE_SIDE_STYLE('',(#20711));
#20704=SURFACE_SIDE_STYLE('',(#20712));
#20705=SURFACE_SIDE_STYLE('',(#20713));
#20706=SURFACE_SIDE_STYLE('',(#20714));
#20707=SURFACE_SIDE_STYLE('',(#20715));
#20708=SURFACE_SIDE_STYLE('',(#20716));
#20709=SURFACE_SIDE_STYLE('',(#20717));
#20710=SURFACE_SIDE_STYLE('',(#20718));
#20711=SURFACE_STYLE_FILL_AREA(#20719);
#20712=SURFACE_STYLE_FILL_AREA(#20720);
#20713=SURFACE_STYLE_FILL_AREA(#20721);
#20714=SURFACE_STYLE_FILL_AREA(#20722);
#20715=SURFACE_STYLE_FILL_AREA(#20723);
#20716=SURFACE_STYLE_FILL_AREA(#20724);
#20717=SURFACE_STYLE_FILL_AREA(#20725);
#20718=SURFACE_STYLE_FILL_AREA(#20726);
#20719=FILL_AREA_STYLE('Steel - Satin',(#20727));
#20720=FILL_AREA_STYLE('Opaque(26,26,26)',(#20728));
#20721=FILL_AREA_STYLE('Opaque(202,209,238)',(#20729));
#20722=FILL_AREA_STYLE('Opaque(128,128,0)',(#20730));
#20723=FILL_AREA_STYLE('Opaque(228,233,237)',(#20731));
#20724=FILL_AREA_STYLE('Opaque(255,207,128)',(#20732));
#20725=FILL_AREA_STYLE('Opaque(0,35,135)',(#20733));
#20726=FILL_AREA_STYLE('Opaque(255,255,255)',(#20734));
#20727=FILL_AREA_STYLE_COLOUR('Steel - Satin',#20735);
#20728=FILL_AREA_STYLE_COLOUR('Opaque(26,26,26)',#20736);
#20729=FILL_AREA_STYLE_COLOUR('Opaque(202,209,238)',#20737);
#20730=FILL_AREA_STYLE_COLOUR('Opaque(128,128,0)',#20738);
#20731=FILL_AREA_STYLE_COLOUR('Opaque(228,233,237)',#20739);
#20732=FILL_AREA_STYLE_COLOUR('Opaque(255,207,128)',#20740);
#20733=FILL_AREA_STYLE_COLOUR('Opaque(0,35,135)',#20741);
#20734=FILL_AREA_STYLE_COLOUR('Opaque(255,255,255)',#20742);
#20735=COLOUR_RGB('Steel - Satin',0.627450980392157,0.627450980392157,0.627450980392157);
#20736=COLOUR_RGB('Opaque(26,26,26)',0.101960784313725,0.101960784313725,
0.101960784313725);
#20737=COLOUR_RGB('Opaque(202,209,238)',0.792156862745098,0.819607843137255,
0.933333333333333);
#20738=COLOUR_RGB('Opaque(128,128,0)',0.501960784313725,0.501960784313725,
0.);
#20739=COLOUR_RGB('Opaque(228,233,237)',0.894117647058824,0.913725490196078,
0.929411764705882);
#20740=COLOUR_RGB('Opaque(255,207,128)',1.,0.811764705882353,0.501960784313725);
#20741=COLOUR_RGB('Opaque(0,35,135)',0.,0.137254901960784,0.529411764705882);
#20742=COLOUR_RGB('Opaque(255,255,255)',1.,1.,1.);
ENDSEC;
END-ISO-10303-21;
