session_name,device_id,body_location,device_ts_ms,wall_clock_ms,accel_x,accel_y,accel_z,gyro_x,gyro_y,gyro_z,quat_w,quat_x,quat_y,quat_z
1e,4,Right Wrist,29994885,1779733966846,6.187141,-2.266103,-3.2877383,-3.56496,7.211112,4.7037277,-145.33586,-57.094986,246.08745,0.0
1e,2,Right Ankle,1033931,1779733966868,-8.389888,2.984185,2.794817,-5.953362,-0.89375985,2.377619,47.249634,64.266975,251.19984,0.0
1e,1,Left Ankle,3991970,1779733966868,-9.48,-1.51,-1.15,0.25,-0.0625,0.0,-0.57647705,0.463562,-0.5917969,-0.3203125
1e,3,Left Wrist,3791987,1779733966868,16.994028,-8.120944,-3.6658041,-3.8042235,-14.930301,54.70922,-110.26736,-49.22973,333.64243,0.0
1e,1,Left Ankle,3991998,1779733966870,-9.52,-1.48,-1.25,0.3125,-0.875,0.0,-0.5765381,0.46350098,-0.59173584,-0.32037354
1e,1,Left Ankle,3992009,1779733966870,-9.47,-1.5,-1.25,0.3125,-1.25,0.0625,-0.5765991,0.46343994,-0.59161377,-0.32043457
1e,4,Right Wrist,29994945,1779733966871,6.27089,-2.3378878,-3.3834512,-5.03496,6.161112,5.263728,-145.33704,-57.03401,246.08548,0.0
1e,2,Right Ankle,1034022,1779733966897,-8.387495,2.9698281,2.7182467,-5.603362,-1.3137599,2.097619,47.349026,64.298874,251.29123,0.0
1e,1,Left Ankle,3992035,1779733966899,-9.5,-1.51,-1.19,0.75,-1.5,-0.0625,-0.5767822,0.46331787,-0.5914917,-0.3204956
1e,3,Left Wrist,3792046,1779733966908,17.242882,-8.369797,-3.7591243,-15.0742235,-15.140301,70.94922,-110.28449,-49.27703,333.64908,0.0
1e,1,Left Ankle,3992049,1779733966926,-9.52,-1.49,-1.15,0.875,-1.875,-0.1875,-0.57702637,0.46313477,-0.5913696,-0.32055664
1e,4,Right Wrist,29995005,1779733966935,6.146463,-2.189533,-3.37388,-4.96496,3.4311118,6.1037283,-145.44537,-57.01916,246.17357,0.0
1e,2,Right Ankle,1034082,1779733966936,-8.310925,2.943507,2.7876384,-6.583362,-2.4337597,2.517619,47.25151,64.261826,251.20541,0.0
1e,1,Left Ankle,3992075,1779733966962,-9.51,-1.5,-1.14,0.8125,-1.8125,0.0,-0.57733154,0.46295166,-0.59124756,-0.3206787
1e,1,Left Ankle,3992099,1779733966962,-9.49,-1.51,-1.18,1.0,-1.4375,-0.0625,-0.57751465,0.46276855,-0.5911255,-0.3206787
1e,3,Left Wrist,3792107,1779733966970,17.759731,-7.8744826,-4.022335,43.725777,-17.7303,79.27922,-110.28826,-49.321194,333.661,0.0
1e,1,Left Ankle,3992109,1779733966993,-9.53,-1.5,-1.12,1.3125,-2.1875,0.0,-0.57788086,0.4625244,-0.5910034,-0.32073975
1e,4,Right Wrist,29995065,1779733966994,6.110571,-1.9191438,-3.452843,-7.13496,3.1511116,1.693728,-145.57115,-57.024643,246.27641,0.0
1e,2,Right Ankle,1034142,1779733966997,-8.406637,2.8932576,2.9096723,-7.353362,-2.2937598,3.847619,47.121735,64.246605,251.09097,0.0
1e,1,Left Ankle,3992135,1779733967023,-9.43,-1.52,-1.12,1.3125,-2.375,-0.25,-0.57818604,0.46228027,-0.5908203,-0.32080078
1e,1,Left Ankle,3992154,1779733967032,-9.55,-1.54,-1.07,0.9375,-3.0625,-0.0625,-0.5786133,0.4619751,-0.59051514,-0.32092285
1e,3,Left Wrist,3792166,1779733967034,17.726233,-9.085251,-3.9744782,78.23577,-12.060301,82.28922,-110.26985,-49.36539,333.66385,0.0
1e,1,Left Ankle,3992171,1779733967052,-9.5,-1.51,-1.06,1.0,-2.75,-0.0625,-0.5789795,0.46173096,-0.590271,-0.32110596
1e,1,Left Ankle,3992196,1779733967063,-9.5,-1.53,-1.05,1.0,-2.75,0.0625,-0.5795288,0.46136475,-0.5899658,-0.32122803
1e,2,Right Ankle,1034202,1779733967064,-8.377923,2.8812935,2.6799612,-5.253362,-0.89375985,4.827619,47.1166,64.310425,251.08841,0.0
1e,4,Right Wrist,29995125,1779733967064,5.9837513,-2.065106,-3.4695928,-9.86496,1.1211119,-4.116272,-145.67477,-57.000004,246.36096,0.0
1e,1,Left Ankle,3992211,1779733967075,-9.44,-1.55,-1.03,1.25,-3.375,0.1875,-0.57977295,0.46118164,-0.58984375,-0.3213501
1e,3,Left Wrist,3792227,1779733967096,16.142183,-8.408082,-2.5938196,210.32578,1.0996995,87.74922,-110.17073,-49.403687,333.63718,0.0
1e,1,Left Ankle,3992235,1779733967114,-9.55,-1.54,-1.06,1.0,-3.375,0.5625,-0.5802002,0.4609375,-0.5895386,-0.32147217
1e,1,Left Ankle,3992251,1779733967122,-9.61,-1.46,-1.07,1.1875,-3.0625,0.4375,-0.5805664,0.46063232,-0.58935547,-0.32165527
1e,2,Right Ankle,1034261,1779733967123,-8.437744,3.0798979,2.8067808,-3.9933622,-1.5937599,6.507619,47.179924,64.24111,251.14719,0.0
1e,4,Right Wrist,29995185,1779733967123,6.0722857,-2.1823547,-3.531806,-9.654961,-1.958888,-4.816272,-145.75891,-56.961884,246.42964,0.0
1e,1,Left Ankle,3992276,1779733967143,-9.52,-1.48,-1.13,1.0,-2.9375,0.1875,-0.5811157,0.46020508,-0.58898926,-0.32183838
1e,3,Left Wrist,3792287,1779733967154,14.132213,-14.299211,1.0887343,212.35577,34.8397,92.71922,-109.992165,-49.371334,333.54324,0.0
1e,1,Left Ankle,3992299,1779733967168,-9.45,-1.57,-1.08,0.875,-3.1875,0.3125,-0.58154297,0.4598999,-0.5887451,-0.32208252
1e,1,Left Ankle,3992313,1779733967169,-9.58,-1.49,-0.91,0.9375,-3.75,0.5,-0.5817261,0.45977783,-0.588562,-0.32214355
1e,4,Right Wrist,29995245,1779733967171,5.9382877,-2.4599218,-3.3427732,-24.84496,-2.5888882,-4.8862715,-145.69838,-56.900276,246.37271,0.0
1e,2,Right Ankle,1034322,1779733967174,-8.310925,3.213896,2.8426733,-3.153362,-1.3137599,5.877619,47.241962,64.1721,251.20451,0.0
1e,1,Left Ankle,3992337,1779733967198,-9.59,-1.52,-0.89,0.3125,-3.75,0.5,-0.58239746,0.4593506,-0.58795166,-0.32263184
1e,3,Left Wrist,3792346,1779733967213,12.127027,-9.688242,0.34456646,134.72577,51.499702,88.939224,-109.83908,-49.36247,333.44485,0.0
1e,1,Left Ankle,3992361,1779733967226,-9.51,-1.5,-0.87,0.25,-3.25,0.75,-0.5827637,0.4590454,-0.5876465,-0.32299805
1e,4,Right Wrist,29995305,1779733967245,5.756433,-1.4214369,-2.4478576,-31.984959,1.3311119,-7.196272,-145.74246,-56.964333,246.40128,0.0
1e,1,Left Ankle,3992377,1779733967262,-9.57,-1.48,-0.93,-0.25,-2.375,0.5,-0.5830078,0.4588623,-0.58740234,-0.3232422
1e,1,Left Ankle,3992400,1779733967262,-9.53,-1.44,-1.13,0.0,-3.6875,0.0625,-0.583313,0.4586792,-0.58709717,-0.32354736
1e,2,Right Ankle,1034381,1779733967264,-8.291781,3.1684322,2.971886,-2.1733623,4.28624,3.987619,47.230682,64.110275,251.19592,0.0
1e,3,Left Wrist,3792407,1779733967269,9.748561,-11.222042,-0.15792629,50.585777,34.9097,71.439224,-109.72051,-49.319527,333.35535,0.0
1e,4,Right Wrist,29995365,1779733967293,5.1677985,-1.2443682,-2.545963,-3.35496,7.6311116,-17.766272,-145.83804,-57.025623,246.4824,0.0
1e,1,Left Ankle,3992416,1779733967293,-9.49,-1.47,-1.05,0.1875,-4.6875,-0.25,-0.58380127,0.45837402,-0.5866089,-0.32391357
1e,1,Left Ankle,3992439,1779733967319,-9.49,-1.53,-0.89,0.25,-5.5625,-0.625,-0.5844116,0.45806885,-0.58599854,-0.32434082
1e,1,Left Ankle,3992460,1779733967319,-9.53,-1.54,-0.7,0.125,-5.875,-0.625,-0.585022,0.4578247,-0.5853882,-0.32476807
1e,2,Right Ankle,1034442,1779733967328,-8.219997,3.0894692,2.7613175,-0.84336233,9.1162405,3.147619,47.31384,64.045815,251.27234,0.0
1e,3,Left Wrist,3792466,1779733967334,8.731611,-14.236998,-3.0604203,-107.894226,-23.9603,172.51923,-109.705505,-49.191772,333.30728,0.0
1e,1,Left Ankle,3992477,1779733967351,-9.71,-1.48,-0.6,-0.5,-3.4375,-0.125,-0.5854492,0.45758057,-0.585022,-0.32507324
1e,4,Right Wrist,29995425,1779733967351,5.6463633,-1.7037902,-2.737389,-10.84496,12.601111,-20.566273,-145.88744,-57.096836,246.52258,0.0
1e,1,Left Ankle,3992502,1779733967375,-9.53,-1.54,-0.7,-0.8125,-0.9375,-0.4375,-0.58551025,0.45758057,-0.58483887,-0.32525635
1e,2,Right Ankle,1034532,1779733967382,-8.430566,3.1803966,2.4000013,-4.133362,13.876241,0.06761885,47.444084,64.066284,251.39232,0.0
1e,3,Left Wrist,3792527,1779733967387,6.580464,-12.827625,-0.4737789,-9.544224,-86.9603,278.2192,-109.64464,-49.040276,333.256,0.0
1e,4,Right Wrist,29995485,1779733967417,5.4046884,-1.5769706,-2.8163521,14.775041,6.0211115,-23.436272,-145.9964,-57.152317,246.62146,0.0
1e,1,Left Ankle,3992544,1779733967417,-9.6,-1.44,-0.93,-0.875,-0.125,0.0,-0.5856323,0.45751953,-0.5847168,-0.32531738
1e,1,Left Ankle,3992524,1779733967417,-9.46,-1.53,-0.76,-0.5,0.625,-0.3125,-0.5856323,0.45751953,-0.5847168,-0.32525635
1e,1,Left Ankle,3992564,1779733967435,-9.61,-1.46,-1.16,-0.75,-0.875,-0.8125,-0.5856323,0.4576416,-0.5845947,-0.32543945
1e,2,Right Ankle,1034591,1779733967444,-8.363566,3.1062188,2.230111,-4.203362,12.19624,-0.28238106,47.56161,64.09535,251.50069,0.0
1e,3,Left Wrist,3792586,1779733967450,7.767304,-9.393925,2.0386848,-131.34422,-59.8703,326.9392,-109.59463,-48.915386,333.1714,0.0
1e,1,Left Ankle,3992585,1779733967467,-9.5,-1.5,-1.07,0.125,-1.9375,-0.8125,-0.5858154,0.45758057,-0.5843506,-0.3255005
1e,1,Left Ankle,3992600,1779733967467,-9.56,-1.49,-0.86,0.5,-2.6875,-0.9375,-0.5861206,0.45758057,-0.5840454,-0.32556152
1e,4,Right Wrist,29995545,1779733967468,5.325725,-2.2589247,-2.9623144,16.875038,4.621112,-10.136271,-145.9001,-57.100117,246.54663,0.0
1e,1,Left Ankle,3992623,1779733967495,-9.65,-1.57,-0.6,0.1875,-2.625,-1.3125,-0.5864868,0.45751953,-0.5836792,-0.3256836
1e,2,Right Ankle,1034652,1779733967502,-8.543029,3.1229687,1.9932213,-6.933362,7.0862403,-0.14238095,47.66689,64.12905,251.59837,0.0
1e,3,Left Wrist,3792647,1779733967507,8.054442,-9.310176,3.050849,-111.11423,-83.8803,282.13922,-109.55474,-48.80836,333.10852,0.0
1e,1,Left Ankle,3992642,1779733967525,-9.64,-1.59,-0.49,-0.4375,-2.125,-1.5625,-0.586792,0.45751953,-0.583313,-0.32574463
1e,1,Left Ankle,3992660,1779733967526,-9.55,-1.56,-0.72,-0.25,0.5,-1.3125,-0.58691406,0.4576416,-0.5831299,-0.32562256
1e,4,Right Wrist,29995605,1779733967529,5.2060843,-2.3331022,-3.4887354,5.6050396,13.371112,7.8537283,-145.89464,-57.038765,246.54105,0.0
1e,1,Left Ankle,3992685,1779733967556,-9.55,-1.49,-0.83,0.0,2.125,-0.9375,-0.586853,0.4578247,-0.5831909,-0.32537842
1e,1,Left Ankle,3992700,1779733967558,-9.68,-1.42,-1.1,0.125,1.0625,-1.5,-0.58673096,0.45806885,-0.58325195,-0.32513428
1e,2,Right Ankle,1034711,1779733967563,-8.574135,3.0416126,2.050649,-7.633362,2.0462403,-0.70238113,47.759823,64.16658,251.68456,0.0
1e,3,Left Wrist,3792707,1779733967568,6.3124676,-7.7213426,3.3355947,103.645775,-68.4103,205.76923,-109.446465,-48.72874,333.0533,0.0
1e,1,Left Ankle,3992725,1779733967590,-9.53,-1.45,-1.21,0.1875,-0.6875,-1.6875,-0.586853,0.45819092,-0.5831299,-0.3250122
1e,4,Right Wrist,29995665,1779733967590,5.4190454,-1.9598218,-3.5796626,-4.47496,13.721111,12.683728,-145.9549,-56.99553,246.5868,0.0
1e,1,Left Ankle,3992749,1779733967617,-9.46,-1.47,-1.3,0.9375,-2.5,-1.3125,-0.5874634,0.45806885,-0.5826416,-0.32495117
1e,1,Left Ankle,3992763,1779733967619,-9.44,-1.57,-1.08,2.1875,-3.875,-1.0,-0.58776855,0.45788574,-0.58251953,-0.32495117
1e,2,Right Ankle,1034772,1779733967623,-8.428173,2.9195788,2.0554345,-6.303362,-2.4337597,0.34761906,47.842636,64.206985,251.76085,0.0
1e,3,Left Wrist,3792767,1779733967629,4.3814597,-10.092629,1.2873386,70.81577,-34.950302,129.81923,-109.35361,-48.64544,332.9998,0.0
1e,1,Left Ankle,3992787,1779733967649,-9.57,-1.54,-0.87,3.125,-4.0625,-0.5625,-0.5886841,0.45721436,-0.5820923,-0.32495117
1e,4,Right Wrist,29995725,1779733967649,5.531508,-1.617648,-3.4360933,-5.66496,8.051111,13.383728,-146.06255,-56.980904,246.67245,0.0
1e,1,Left Ankle,3992809,1779733967677,-9.61,-1.42,-0.69,2.9375,-4.375,-0.6875,-0.58935547,0.45666504,-0.58184814,-0.32495117
1e,2,Right Ankle,1034832,1779733967684,-8.514315,3.1038263,2.143969,-6.093362,-4.1137595,-0.352381,47.943283,64.237305,251.85289,0.0
1e,3,Left Wrist,3792827,1779733967690,2.8620174,-10.446767,0.13160524,25.105776,-20.250301,88.72922,-109.289894,-48.56244,332.95618,0.0
1e,1,Left Ankle,3992831,1779733967708,-9.39,-1.66,-0.48,2.0625,-3.6875,-0.375,-0.5899048,0.45629883,-0.58154297,-0.32495117
1e,1,Left Ankle,3992848,1779733967709,-9.82,-1.51,-0.38,1.3125,-3.3125,0.5625,-0.59039307,0.45593262,-0.5812988,-0.32507324
1e,4,Right Wrist,29995785,1779733967710,5.4812584,-1.7301111,-3.290131,-4.96496,2.7311115,7.433728,-146.17065,-56.9634,246.76021,0.0
1e,1,Left Ankle,3992873,1779733967737,-9.77,-1.52,-0.48,0.6875,-2.125,0.25,-0.5894165,0.45794678,-0.5793457,-0.32751465
1e,2,Right Ankle,1034892,1779733967744,-8.418601,3.0655408,2.0745773,-6.373362,-4.81376,-0.63238096,48.04278,64.26796,251.94392,0.0
1e,3,Left Wrist,3792886,1779733967749,2.239884,-8.781363,-0.86141616,29.095776,-8.2803,62.47922,-109.235565,-48.479477,332.92017,0.0
1e,1,Left Ankle,3992888,1779733967767,-9.47,-1.52,-0.89,0.6875,-0.9375,-0.125,-0.5895386,0.4578247,-0.57928467,-0.32751465
1e,1,Left Ankle,3992912,1779733967769,-9.56,-1.52,-0.88,0.6875,-1.5625,-0.125,-0.5894165,0.45825195,-0.57873535,-0.32818604
1e,4,Right Wrist,29995845,1779733967769,5.244369,-1.7109681,-3.2542388,-8.39496,0.0011119843,1.623728,-146.27011,-56.935074,246.84084,0.0
1e,1,Left Ankle,3992931,1779733967797,-9.47,-1.63,-0.73,0.875,-1.75,-0.1875,-0.58966064,0.45806885,-0.5786133,-0.32818604
1e,2,Right Ankle,1034952,1779733967804,-8.688991,2.9506855,2.239682,-6.723362,-4.60376,0.6276189,48.111786,64.31305,252.00774,0.0
1e,3,Left Wrist,3792947,1779733967808,1.2372909,-8.810077,1.861616,53.595776,2.3596992,65.62922,-109.15262,-48.419426,332.86655,0.0
1e,1,Left Ankle,3992950,1779733967833,-9.41,-1.57,-0.57,0.1875,-0.0625,0.6875,-0.5897827,0.45794678,-0.57855225,-0.32824707
1e,1,Left Ankle,3992973,1779733967833,-9.72,-1.57,-0.26,-0.125,3.25,0.875,-0.58929443,0.458313,-0.5786133,-0.3284912
1e,4,Right Wrist,29995905,1779733967833,5.2754755,-1.605684,-3.5676987,-3.21496,-0.2788887,-0.47627187,-146.36897,-56.905743,246.92285,0.0
1e,1,Left Ankle,3992987,1779733967858,-9.59,-1.58,-0.4,-0.4375,6.625,0.1875,-0.5886841,0.45861816,-0.57922363,-0.32806396
1e,2,Right Ankle,1035011,1779733967864,-8.456887,2.821473,2.213361,-8.403362,-7.61376,3.777619,48.169025,64.36075,252.06151,0.0
1e,3,Left Wrist,3793006,1779733967869,2.5365937,-7.9055896,1.7324035,37.635777,4.0396996,39.65922,-109.07126,-48.37313,332.81165,0.0
1e,1,Left Ankle,3993010,1779733967890,-9.68,-1.54,-0.84,-0.375,3.5,0.25,-0.5875244,0.46020508,-0.5786133,-0.32904053
1e,4,Right Wrist,29995965,1779733967891,5.821039,-2.672883,-3.2015967,-24.70496,-1.3288879,16.393728,-146.25587,-56.86116,246.81844,0.0
1e,1,Left Ankle,3993036,1779733967917,-9.51,-1.54,-0.83,-0.6875,0.5,0.875,-0.5873413,0.46020508,-0.57873535,-0.32904053
1e,1,Left Ankle,3993053,1779733967918,-9.4,-1.43,-1.56,0.3125,0.25,-0.125,-0.5873413,0.46020508,-0.57873535,-0.32904053
1e,2,Right Ankle,1035072,1779733967923,-8.480815,2.9793992,2.3234308,-5.743362,-9.57376,5.2476187,48.252098,64.39731,252.13766,0.0
1e,3,Left Wrist,3793067,1779733967929,3.4697945,-8.845968,2.5292134,-30.894224,7.889699,-13.2607765,-109.01617,-48.351334,332.7617,0.0
1e,1,Left Ankle,3993074,1779733967950,-9.58,-1.43,-1.51,0.875,-4.125,-0.1875,-0.5875244,0.4602661,-0.5782471,-0.3295288
1e,4,Right Wrist,29996025,1779733967951,7.1538415,0.41385788,-3.6370904,-3.28496,-13.718889,23.743729,-146.3639,-56.89366,246.90562,0.0
1e,1,Left Ankle,3993100,1779733967977,-9.44,-1.51,-1.27,2.4375,-7.25,-0.8125,-0.5883789,0.45977783,-0.5776367,-0.32977295
1e,1,Left Ankle,3993117,1779733967979,-9.5,-1.62,-0.8,3.125,-9.5,-1.125,-0.5895386,0.45983887,-0.57543945,-0.3314209
1e,2,Right Ankle,1035131,1779733967983,-8.3420315,3.012899,2.416751,-6.513362,-14.05376,6.227619,48.353455,64.42148,252.23018,0.0
1e,3,Left Wrist,3793126,1779733967989,5.0610213,-9.183357,2.201397,-42.654224,34.9097,-78.43077,-108.95928,-48.35785,332.70633,0.0
1e,1,Left Ankle,3993142,1779733968009,-9.71,-1.55,-0.49,3.1875,-11.8125,-1.0,-0.5910034,0.45898438,-0.57440186,-0.33190918
1e,4,Right Wrist,29996085,1779733968010,6.0005007,-1.6511475,-3.833302,-29.74496,-26.948889,15.693728,-146.49059,-56.869114,247.00339,0.0
1e,1,Left Ankle,3993157,1779733968037,-9.61,-1.65,-0.14,3.0625,-8.875,-0.5,-0.5917969,0.45880127,-0.5730591,-0.3330078
1e,1,Left Ankle,3993181,1779733968039,-9.62,-1.67,0.0,2.6875,-7.5625,-0.0625,-0.59259033,0.45819092,-0.57250977,-0.33325195
1e,2,Right Ankle,1035192,1779733968044,-8.320496,2.9578638,2.4717858,-3.643362,-17.20376,6.717619,48.43667,64.45427,252.30513,0.0
1e,3,Left Wrist,3793187,1779733968049,9.11207,-6.4746814,2.3904297,6.4157767,58.149704,-206.04077,-108.89661,-48.452866,332.6639,0.0
1e,1,Left Ankle,3993197,1779733968068,-9.69,-1.57,-0.09,1.3125,-1.25,0.6875,-0.5928955,0.4578247,-0.57244873,-0.33337402
1e,4,Right Wrist,29996145,1779733968069,5.4860444,-3.3763726,-3.6514473,-63.20496,-41.998886,44.183727,-146.42522,-56.787277,246.92758,0.0
1e,1,Left Ankle,3993217,1779733968097,-9.7,-1.59,-0.26,0.8125,0.1875,0.5625,-0.5932007,0.4576416,-0.5722046,-0.33361816
1e,2,Right Ankle,1035251,1779733968103,-8.356388,3.0487912,2.888137,0.20663786,-17.62376,7.137619,48.35366,64.40416,252.22891,0.0
1e,3,Left Wrist,3793247,1779733968109,7.736197,-12.624235,3.2590244,37.985775,55.7697,-219.83076,-108.82026,-48.512177,332.62094,0.0
1e,1,Left Ankle,3993249,1779733968126,-9.55,-1.65,-0.26,-0.1875,2.375,0.9375,-0.59350586,0.45733643,-0.57196045,-0.33380127
1e,1,Left Ankle,3993258,1779733968129,-9.5,-1.63,-0.31,-0.625,5.8125,1.5,-0.5928955,0.45812988,-0.57147217,-0.33465576
1e,4,Right Wrist,29996205,1779733968129,6.019644,-2.144069,-3.481557,-54.734962,-86.58889,58.883728,-146.52234,-56.712914,246.9926,0.0
1e,1,Left Ankle,3993284,1779733968157,-9.67,-1.61,-0.16,-0.875,9.25,2.125,-0.5925293,0.45819092,-0.5718994,-0.33459473
1e,1,Left Ankle,3993298,1779733968159,-9.73,-1.56,-0.18,-1.0625,9.8125,2.125,-0.592041,0.45825195,-0.5723877,-0.33447266
1e,2,Right Ankle,1035312,1779733968163,-8.387495,3.1086116,2.8426733,-1.9633622,-9.923759,8.467619,48.308716,64.3439,252.18872,0.0
1e,3,Left Wrist,3793307,1779733968169,4.5298147,-14.488244,-0.1268196,-59.524223,83.5597,-134.50078,-108.776825,-48.51278,332.56454,0.0
1e,1,Left Ankle,3993320,1779733968186,-9.57,-1.58,-0.27,-2.4375,12.5,2.5,-0.5909424,0.45892334,-0.572876,-0.33465576
1e,4,Right Wrist,29996265,1779733968193,4.3805604,-1.5219355,-2.4478576,-119.41496,-136.07889,47.96373,-146.70146,-56.66039,247.1142,0.0
1e,1,Left Ankle,3993337,1779733968217,-9.52,-1.55,-0.65,-2.6875,15.25,2.875,-0.58917236,0.45977783,-0.5743408,-0.3340454
1e,1,Left Ankle,3993362,1779733968218,-9.68,-1.48,-0.82,-3.375,14.75,2.75,-0.586853,0.46136475,-0.5753174,-0.33428955
1e,2,Right Ankle,1035372,1779733968224,-8.097963,3.2593596,2.940779,-7.913362,-0.5437598,10.357618,48.301636,64.27816,252.18582,0.0
1e,3,Left Wrist,3793367,1779733968230,6.513465,-16.086649,0.68195444,183.16577,64.6597,-41.540775,-108.635666,-48.487724,332.4957,0.0
1e,1,Left Ankle,3993378,1779733968251,-9.39,-1.54,-1.31,-2.3125,13.3125,1.625,-0.5852051,0.46221924,-0.57666016,-0.33361816
1e,4,Right Wrist,29996325,1779733968251,3.7871401,-1.0888345,-1.2705889,-99.744965,-112.76888,-7.4762716,-146.74341,-56.68115,247.1332,0.0
1e,1,Left Ankle,3993402,1779733968276,-9.28,-1.51,-1.35,-1.375,10.6875,1.8125,-0.5838623,0.46289062,-0.5778198,-0.3330078
1e,1,Left Ankle,3993419,1779733968278,-9.39,-1.44,-1.28,-1.0625,8.6875,2.9375,-0.5823364,0.46398926,-0.5782471,-0.33343506
1e,2,Right Ankle,1035432,1779733968284,-8.217605,3.3837864,2.8402805,-7.353362,4.28624,9.167619,48.35502,64.2089,252.23761,0.0
1e,3,Left Wrist,3793426,1779733968289,10.2749815,-11.738892,1.0432707,91.74577,-21.7903,-6.0507774,-108.53643,-48.473747,332.45062,0.0
1e,1,Left Ankle,3993444,1779733968309,-9.64,-1.38,-1.35,-0.625,7.375,2.25,-0.58117676,0.46435547,-0.5793457,-0.33312988
1e,4,Right Wrist,29996385,1779733968309,5.476473,-1.529114,1.2035898,-113.53496,9.381111,1.973728,-146.73758,-56.720844,247.0939,0.0
1e,1,Left Ankle,3993459,1779733968336,-9.51,-1.43,-1.45,-0.1875,2.5625,1.25,-0.57995605,0.4658203,-0.5786743,-0.3343506
1e,2,Right Ankle,1035492,1779733968343,-8.466457,3.4220715,2.847459,-5.043362,4.14624,8.467619,48.428997,64.140816,252.30713,0.0
1e,3,Left Wrist,3793487,1779733968349,12.471593,-9.09243,-10.427921,18.245777,-98.5103,7.0392227,-108.65768,-48.454628,332.56723,0.0
1e,1,Left Ankle,3993491,1779733968367,-9.27,-1.51,-1.5,0.875,-0.75,0.5625,-0.579834,0.46569824,-0.57891846,-0.33422852
1e,1,Left Ankle,3993508,1779733968369,-9.49,-1.42,-1.29,1.6875,-2.375,0.875,-0.57928467,0.46691895,-0.5775757,-0.3359375
1e,4,Right Wrist,29996445,1779733968369,6.3426747,0.29182371,1.9525433,-40.804962,104.09111,6.4537277,-146.70566,-56.79235,247.0433,0.0
1e,1,Left Ankle,3993526,1779733968397,-9.57,-1.38,-1.38,2.3125,-3.0625,0.375,-0.5794678,0.46661377,-0.5776367,-0.33587646
1e,2,Right Ankle,1035551,1779733968403,-8.243926,3.4651423,3.0173495,-1.8233619,8.76624,8.817619,48.44903,64.07471,252.32762,0.0
1e,3,Left Wrist,3793546,1779733968408,9.638492,-7.6830564,10.253244,282.70578,-69.8103,46.72922,-108.520035,-48.442276,332.55,0.0
1e,1,Left Ankle,3993548,1779733968427,-9.57,-1.41,-1.09,3.0,-7.125,-0.5625,-0.58026123,0.46600342,-0.5772095,-0.3361206
1e,1,Left Ankle,3993569,1779733968428,-9.67,-1.44,-0.8,3.0625,-8.25,-1.3125,-0.58032227,0.4664917,-0.5761719,-0.33703613
1e,4,Right Wrist,29996505,1779733968430,3.236791,-0.69880414,-4.141976,45.855038,62.02111,-15.8062725,-146.77039,-56.770424,247.10687,0.0
1e,1,Left Ankle,3993587,1779733968457,-9.54,-1.63,-0.43,2.0625,-8.5,-1.5625,-0.58203125,0.4656372,-0.5750122,-0.3373413
1e,2,Right Ankle,1035612,1779733968463,-8.617206,3.4723208,2.6201408,-1.473362,19.12624,10.987619,48.6099,64.051414,252.47604,0.0
1e,3,Left Wrist,3793607,1779733968468,9.660027,-23.32494,6.168697,-169.63423,50.869698,76.47922,-108.48577,-48.394363,332.46323,0.0
1e,1,Left Ankle,3993611,1779733968486,-9.58,-1.66,-0.23,1.5625,-6.6875,-0.875,-0.58239746,0.46575928,-0.5740967,-0.33813477
1e,1,Left Ankle,3993628,1779733968489,-9.73,-1.44,-0.45,1.125,-1.625,0.0625,-0.58270264,0.4654541,-0.5739746,-0.3381958
1e,4,Right Wrist,29996565,1779733968490,3.021437,0.4282149,-4.409972,30.805038,-12.108889,-38.976273,-146.9001,-56.74512,247.23186,0.0
1e,1,Left Ankle,3993652,1779733968517,-9.53,-1.58,-0.64,0.0,-0.6875,-0.4375,-0.5830078,0.465271,-0.57373047,-0.33831787
1e,2,Right Ankle,1035671,1779733968523,-8.124285,3.388572,1.7994026,-6.8633623,28.99624,8.537619,48.757248,64.06848,252.61488,0.0
1e,3,Left Wrist,3793666,1779733968529,11.569499,-6.130115,-2.9671001,-250.41423,-41.950302,69.269226,-108.61599,-48.438465,332.4994,0.0
1e,1,Left Ankle,3993668,1779733968551,-9.51,-1.51,-0.92,-0.1875,0.8125,-0.1875,-0.58288574,0.46539307,-0.57373047,-0.3383789
1e,4,Right Wrist,29996625,1779733968551,4.045565,-2.6633115,0.016749758,6.86504,-43.25889,-51.57627,-146.85216,-56.762394,247.20654,0.0
1e,1,Left Ankle,3993690,1779733968551,-9.7,-1.49,-0.83,0.25,1.25,-0.1875,-0.5827637,0.4654541,-0.57385254,-0.33825684
1e,1,Left Ankle,3993709,1779733968577,-9.69,-1.45,-0.73,0.5625,0.3125,0.0,-0.5827637,0.4654541,-0.57385254,-0.33825684
1e,2,Right Ankle,1035732,1779733968583,-7.9232874,3.670925,1.9884356,-23.943363,30.53624,10.07762,48.91672,64.05914,252.77034,0.0
1e,3,Left Wrist,3793727,1779733968601,12.574485,-16.249361,-1.8592231,-179.57423,-52.030304,92.36922,-108.62015,-48.355488,332.46017,0.0
1e,1,Left Ankle,3993741,1779733968609,-9.51,-1.57,-0.42,0.8125,1.5,-0.6875,-0.58270264,0.46551514,-0.57403564,-0.33795166
1e,4,Right Wrist,29996685,1779733968610,5.873681,-2.8116667,1.3806587,-123.89496,-1.3988886,18.283728,-146.82907,-56.788433,247.14827,0.0
1e,1,Left Ankle,3993758,1779733968636,-9.58,-1.65,-0.28,0.0,4.5,-0.25,-0.5822754,0.4658203,-0.5743408,-0.33776855
1e,1,Left Ankle,3993780,1779733968638,-9.45,-1.64,-0.25,-0.4375,5.9375,0.3125,-0.58154297,0.46624756,-0.5750122,-0.3373413
1e,2,Right Ankle,1035791,1779733968644,-7.865859,3.7092102,2.4358935,-7.493362,21.57624,8.32762,49.059353,64.013336,252.90424,0.0
1e,3,Left Wrist,3793787,1779733968648,10.933007,-12.581164,0.26081768,-39.084225,-65.5403,104.269226,-108.56871,-48.29481,332.4182,0.0
1e,1,Left Ankle,3993798,1779733968668,-9.59,-1.58,-0.33,-1.9375,11.625,1.6875,-0.5807495,0.46661377,-0.5756836,-0.3369751
1e,1,Left Ankle,3993814,1779733968668,-9.64,-1.58,-0.53,-2.5625,12.625,1.875,-0.58032227,0.46691895,-0.57592773,-0.33691406
1e,4,Right Wrist,29996745,1779733968668,5.8306108,1.555235,0.3278167,33.88504,46.41111,6.4537277,-146.82469,-56.84897,247.14864,0.0
1e,1,Left Ankle,3993837,1779733968695,-9.69,-1.47,-0.85,-3.0,15.5,1.8125,-0.5776367,0.46832275,-0.57806396,-0.3359375
1e,2,Right Ankle,1035852,1779733968702,-8.681812,3.5058203,0.8566305,-15.613361,17.72624,13.227619,49.18336,64.041595,253.024,0.0
1e,3,Left Wrist,3793847,1779733968708,5.7429757,-10.07588,2.7828526,139.62578,59.1997,83.05922,-108.41866,-48.253002,332.32346,0.0
1e,1,Left Ankle,3993861,1779733968727,-9.5,-1.41,-1.01,-2.5,16.8125,1.6875,-0.5750122,0.47058105,-0.5786133,-0.33636475
1e,4,Right Wrist,29996805,1779733968728,1.7747762,-1.1319051,-0.6436693,36.335037,98.98112,-1.5962722,-146.6729,-56.878204,247.02206,0.0
1e,1,Left Ankle,3993878,1779733968756,-9.36,-1.51,-1.06,-2.3125,16.6875,1.3125,-0.5730591,0.47161865,-0.58026123,-0.33538818
1e,1,Left Ankle,3993901,1779733968757,-9.19,-1.59,-1.36,-1.3125,15.3125,1.875,-0.57128906,0.47253418,-0.5817871,-0.33441162
1e,2,Right Ankle,1035912,1779733968762,-8.109927,3.8551724,1.5529418,-27.163363,13.036241,18.127619,49.330242,64.0403,253.1679,0.0
1e,3,Left Wrist,3793907,1779733968768,7.169098,-6.8048906,4.465007,53.945778,117.579704,27.199223,-108.28671,-48.263836,332.21112,0.0
1e,1,Left Ankle,3993918,1779733968786,-9.4,-1.42,-1.47,-0.875,12.6875,2.5625,-0.5696411,0.47332764,-0.58306885,-0.33392334
1e,4,Right Wrist,29996865,1779733968788,2.6864417,-0.06231354,-1.2945169,12.25504,111.30112,-26.866272,-146.7531,-56.962208,247.08545,0.0
1e,1,Left Ankle,3993948,1779733968815,-9.13,-1.54,-1.55,-0.3125,10.25,2.8125,-0.5683594,0.47369385,-0.58428955,-0.33337402
1e,1,Left Ankle,3993957,1779733968816,-9.03,-1.68,-1.51,0.6875,9.0,4.1875,-0.56726074,0.47387695,-0.58551025,-0.33294678
1e,2,Right Ankle,1035972,1779733968823,-8.102749,3.9484925,1.605584,-13.583363,6.3862405,13.647619,49.478775,64.03407,253.30782,0.0
1e,3,Left Wrist,3793966,1779733968828,8.410974,-10.499409,6.0825553,-21.934223,115.1997,-4.6507797,-108.18462,-48.275875,332.10413,0.0
1e,1,Left Ankle,3993982,1779733968845,-8.73,-1.83,-1.44,2.75,8.0625,6.75,-0.5662842,0.47351074,-0.58691406,-0.33258057
1e,4,Right Wrist,29996925,1779733968853,5.663113,-1.2324036,-0.4019942,-48.574963,91.07111,-36.03627,-146.72849,-57.042217,247.04681,0.0
1e,1,Left Ankle,3993999,1779733968875,-9.01,-1.86,-1.14,3.4375,7.875,10.8125,-0.56518555,0.47265625,-0.58862305,-0.33258057
1e,1,Left Ankle,3994021,1779733968876,-9.65,-1.7,-1.66,5.875,6.9375,12.625,-0.56414795,0.4713745,-0.59069824,-0.3326416
1e,2,Right Ankle,1036032,1779733968882,-7.430366,3.5297487,1.282553,-29.473362,13.38624,13.99762,49.620674,64.03752,253.44757,0.0
1e,3,Left Wrist,3794027,1779733968887,9.42553,-13.356439,-1.485943,-66.174225,79.079704,11.449223,-108.11627,-48.228718,332.0176,0.0
1e,1,Left Ankle,3994046,1779733968905,-9.62,-1.86,-1.68,9.625,0.6875,16.5625,-0.56378174,0.46759033,-0.5936279,-0.33337402
1e,4,Right Wrist,29996985,1779733968912,5.3305106,0.69381815,-0.552742,-42.97496,88.27111,-1.9462721,-146.74844,-57.120953,247.0421,0.0
1e,1,Left Ankle,3994063,1779733968937,-9.45,-2.53,-1.71,12.8125,-5.1875,19.125,-0.5633545,0.46704102,-0.59350586,-0.33502197
1e,1,Left Ankle,3994081,1779733968937,-9.8,-2.21,-0.89,12.4375,-14.0625,22.25,-0.56433105,0.46313477,-0.5947876,-0.3366089
1e,2,Right Ankle,1036091,1779733968943,-7.928073,4.175811,2.6895325,1.4666381,0.22624022,3.2876189,49.719975,63.974545,253.53671,0.0
1e,3,Left Wrist,3794086,1779733968948,11.801602,-15.366409,2.9431717,60.735775,-94.0303,17.469221,-108.05476,-48.197613,332.00705,0.0
1e,1,Left Ankle,3994102,1779733968969,-10.31,-1.3,-0.23,12.375,-20.3125,26.5,-0.5657959,0.45806885,-0.5957031,-0.33935547
1e,4,Right Wrist,29997045,1779733968970,2.535694,-4.529713,-0.6891329,43.195038,71.401115,-15.246271,-146.6197,-57.125782,246.94164,0.0
1e,1,Left Ankle,3994126,1779733968997,-9.39,-2.59,-0.11,6.9375,-17.3125,43.125,-0.5645752,0.44702148,-0.60028076,-0.34796143
1e,2,Right Ankle,1036152,1779733969002,-8.243926,4.465342,-0.4977071,-2.593362,11.42624,8.047619,49.86251,63.99009,253.66776,0.0
1e,3,Left Wrist,3794147,1779733969008,10.246268,-14.059929,3.3571303,29.025776,-23.0503,35.24922,-107.97688,-48.168373,331.95914,0.0
1e,1,Left Ankle,3994147,1779733969028,-13.3,-3.42,0.28,6.4375,-10.25,91.9375,-0.56152344,0.43847656,-0.6050415,-0.35534668
1e,1,Left Ankle,3994162,1779733969028,-13.37,-5.86,-1.1,4.125,-9.0625,40.3125,-0.56085205,0.43615723,-0.60614014,-0.35754395
1e,4,Right Wrist,29997105,1779733969028,1.3153543,1.2226328,2.292324,-33.66496,43.681114,1.203728,-146.6134,-57.16776,246.9217,0.0
1e,1,Left Ankle,3994191,1779733969055,-7.47,-3.09,-2.11,1.6875,-9.3125,37.625,-0.5592041,0.42797852,-0.60943604,-0.3642578
1e,2,Right Ankle,1036211,1779733969062,-7.8586807,3.0559697,1.6366907,-22.823362,16.60624,6.507619,49.978,64.01909,253.78131,0.0
1e,3,Left Wrist,3794207,1779733969068,10.236697,-6.8814616,-5.694918,-106.564224,28.6797,17.889221,-108.09081,-48.177097,332.0087,0.0
1e,1,Left Ankle,3994208,1779733969089,-11.61,-1.51,-2.2,1.625,-14.625,80.375,-0.5564575,0.4199829,-0.6123657,-0.37286377
1e,1,Left Ankle,3994227,1779733969089,-10.15,-0.95,-2.25,8.0,-0.8125,57.875,-0.55340576,0.41271973,-0.61676025,-0.37817383
1e,4,Right Wrist,29997165,1779733969089,5.947859,0.13629064,0.74416786,-40.38496,-1.8188887,-9.156272,-146.62549,-57.215775,246.92165,0.0
1e,1,Left Ankle,3994249,1779733969115,-8.67,-0.02,-2.04,4.875,-0.25,61.125,-0.5498657,0.40576172,-0.6210327,-0.38378906
1e,2,Right Ankle,1036272,1779733969122,-8.710526,4.4964485,2.3808584,-6.233362,14.576241,-0.63238096,50.124004,63.98457,253.91614,0.0
1e,3,Left Wrist,3794267,1779733969127,11.483357,-9.444174,-3.7184463,89.785774,-25.7803,-50.290775,-108.15932,-48.200924,332.09244,0.0
1e,1,Left Ankle,3994267,1779733969145,-9.65,0.68,-1.97,-6.3125,-16.25,71.9375,-0.5456543,0.39916992,-0.62335205,-0.3928833
1e,4,Right Wrist,29997225,1779733969148,3.5646074,-1.3568308,1.4596218,-98.55496,-32.61889,14.503728,-146.61429,-57.235203,246.88438,0.0
1e,1,Left Ankle,3994293,1779733969176,-9.08,1.38,-1.39,-9.375,-20.6875,75.5,-0.5421753,0.3908081,-0.62579346,-0.40203857
1e,1,Left Ankle,3994312,1779733969177,-9.16,0.87,-0.67,-12.125,-24.9375,77.9375,-0.538147,0.38293457,-0.6273804,-0.41253662
1e,2,Right Ankle,1036332,1779733969183,-8.224783,4.2021317,1.6821544,13.296637,9.39624,-12.952381,50.273518,63.978245,254.04616,0.0
1e,3,Left Wrist,3794327,1779733969188,12.797017,-13.423438,7.8723865,273.39578,-112.2303,-21.10078,-108.04067,-48.198963,332.10153,0.0
1e,1,Left Ankle,3994338,1779733969211,-9.51,0.24,0.04,-13.1875,-21.625,84.25,-0.5338135,0.37365723,-0.62976074,-0.4229126
1e,1,Left Ankle,3994348,1779733969212,-9.32,0.32,-0.01,-13.0,-15.0625,88.0,-0.5284424,0.36431885,-0.63275146,-0.43322754
1e,4,Right Wrist,29997285,1779733969212,7.7879395,0.56939214,2.682354,-102.61496,-55.43889,54.96373,-146.6296,-57.250412,246.86421,0.0
1e,1,Left Ankle,3994371,1779733969236,-9.43,1.27,0.12,-14.1875,-12.3125,92.3125,-0.5220947,0.35528564,-0.6357422,-0.4439087
1e,2,Right Ankle,1036392,1779733969245,-8.772739,3.6781034,-0.21296123,15.746637,-13.98376,-19.672382,50.37715,64.008965,254.1308,0.0
1e,3,Left Wrist,3794387,1779733969255,21.222145,-13.992929,6.352944,79.77577,14.259699,-6.540779,-107.94559,-48.2256,332.0487,0.0
1e,1,Left Ankle,3994407,1779733969270,-8.26,2.85,-1.38,-6.3125,-8.125,100.0625,-0.506958,0.33642578,-0.64294434,-0.465271
1e,4,Right Wrist,29997345,1779733969270,6.9360948,-0.44277242,3.7447674,-60.61496,-51.44889,33.613728,-146.6243,-57.26551,246.84201,0.0
1e,1,Left Ankle,3994397,1779733969270,-7.89,2.33,-1.22,-10.9375,-9.3125,95.625,-0.51538086,0.34539795,-0.63946533,-0.45404053
1e,1,Left Ankle,3994433,1779733969297,-9.26,4.37,-1.32,2.8125,-15.125,102.25,-0.5001221,0.3242798,-0.6477051,-0.47460938
1e,3,Left Wrist,3794447,1779733969309,15.532014,-10.437196,0.4953143,15.445777,-47.2703,16.559221,-107.895004,-48.248528,332.0243,0.0
1e,1,Left Ankle,3994450,1779733969328,-8.93,4.36,-0.99,9.75,-31.0,100.25,-0.4954834,0.3102417,-0.65130615,-0.48376465
1e,4,Right Wrist,29997405,1779733969329,5.9789658,-1.0218354,2.1631117,-139.08496,-97.36889,7.083728,-146.66547,-57.27348,246.84477,0.0
1e,1,Left Ankle,3994473,1779733969328,-8.38,4.05,-0.32,13.375,-38.125,100.4375,-0.4907837,0.29663086,-0.65374756,-0.4937744
1e,1,Left Ankle,3994492,1779733969358,-9.09,4.11,1.32,14.25,-36.6875,102.4375,-0.48706055,0.28100586,-0.6567993,-0.5024414
1e,3,Left Wrist,3794506,1779733969369,14.859631,-9.99213,4.0031924,23.495777,-74.5003,13.479221,-107.84939,-48.2589,332.0119,0.0
1e,1,Left Ankle,3994510,1779733969387,-8.97,5.35,2.17,10.8125,-22.0625,104.9375,-0.48150635,0.26635742,-0.66033936,-0.5109863
1e,4,Right Wrist,29997465,1779733969389,11.807882,5.5560336,4.9531426,-192.35497,-177.5889,-43.73627,-146.81726,-57.27102,246.94128,0.0
1e,2,Right Ankle,1036452,1779733969398,-8.523886,3.5560696,-0.7010971,-2.7333622,-23.153759,-23.52238,50.46714,64.04001,254.20753,0.0
1e,1,Left Ankle,3994536,1779733969421,-9.11,6.42,1.32,4.0625,-1.8125,108.0,-0.47320557,0.2532959,-0.66503906,-0.5192871
1e,1,Left Ankle,3994550,1779733969421,-7.91,7.69,0.14,-1.875,15.25,108.8125,-0.46228027,0.24206543,-0.67041016,-0.5274658
1e,3,Left Wrist,3794567,1779733969429,13.610576,-11.580965,-1.6630117,18.035776,-46.0803,5.5692215,-107.783104,-48.26391,331.97693,0.0
1e,1,Left Ankle,3994574,1779733969447,-7.21,9.0,-0.94,-7.0625,23.0625,106.75,-0.44873047,0.23382568,-0.67529297,-0.5366211
1e,1,Left Ankle,3994591,1779733969455,-5.62,11.5,-2.93,-8.6875,21.25,102.6875,-0.43634033,0.22467041,-0.6802368,-0.5444336
1e,4,Right Wrist,29997525,1779733969456,6.9073806,1.9572283,9.056833,38.43504,-64.04889,-60.956272,-146.83357,-57.294514,246.98256,0.0
1e,2,Right Ankle,1036616,1779733969484,-8.837345,3.0607555,1.2849457,-17.433363,6.1062403,-39.20238,50.63186,64.121544,254.35645,0.0
1e,3,Left Wrist,3794626,1779733969488,11.763317,-13.964216,7.8293157,57.095776,-7.8603005,27.199223,-107.694855,-48.252808,331.92578,0.0
1e,1,Left Ankle,3994614,1779733969512,-6.03,13.28,-3.02,-9.25,5.6875,102.5,-0.42529297,0.21453857,-0.6838379,-0.55267334
1e,1,Left Ankle,3994630,1779733969512,-7.13,14.56,-1.38,-10.25,-9.8125,104.4375,-0.41601562,0.20257568,-0.6860962,-0.56140137
1e,4,Right Wrist,29997585,1779733969512,2.7893333,-2.6537406,11.751152,174.86504,16.031113,5.193728,-146.72984,-57.317192,246.94418,0.0
1e,1,Left Ankle,3994650,1779733969537,-9.74,14.48,-0.78,-21.125,-16.0625,95.4375,-0.40789795,0.19116211,-0.6866455,-0.5706177
1e,1,Left Ankle,3994675,1779733969537,-11.62,10.44,2.55,-38.6875,-25.75,80.5625,-0.40057373,0.18170166,-0.6842041,-0.5817261
1e,2,Right Ankle,1036662,1779733969542,-8.84931,2.6970463,1.1270194,-19.463362,3.5862403,-49.49238,50.67516,64.184975,254.39719,0.0
1e,3,Left Wrist,3794687,1779733969547,13.971892,-11.633607,2.8283165,-24.804224,22.659698,78.92922,-107.61531,-48.241512,331.8494,0.0
1e,1,Left Ankle,3994699,1779733969565,-3.35,7.65,1.14,-47.25,-36.0,30.25,-0.39733887,0.1741333,-0.6763916,-0.59521484
1e,1,Left Ankle,3994714,1779733969570,1.86,8.67,-2.09,-38.6875,-18.25,50.0625,-0.39453125,0.17248535,-0.6743164,-0.59991455
1e,4,Right Wrist,29997645,1779733969570,1.7819548,-3.5199423,0.91405827,68.04504,-33.87889,33.823727,-146.61758,-57.300526,246.86789,0.0
1e,1,Left Ankle,3994741,1779733969596,0.43,8.49,-0.01,-21.25,56.8125,77.0,-0.37243652,0.16967773,-0.6795654,-0.6088257
1e,2,Right Ankle,1036751,1779733969602,-9.236947,1.6800965,1.3208381,-22.893362,2.7462401,-65.382385,50.641853,64.27067,254.3684,0.0
1e,3,Left Wrist,3794747,1779733969607,12.990835,-8.05873,3.412165,-66.034225,34.2097,98.17922,-107.55287,-48.23884,331.77112,0.0
1e,1,Left Ankle,3994756,1779733969628,4.54,6.25,-2.22,-4.375,124.125,98.9375,-0.34649658,0.17163086,-0.69018555,-0.61169434
1e,4,Right Wrist,29997705,1779733969629,6.2254257,-2.3331022,6.539584,26.04504,10.431111,-10.136271,-146.56953,-57.332554,246.83562,0.0
1e,1,Left Ankle,3994779,1779733969655,6.22,4.73,-4.56,1.4375,130.3125,142.4375,-0.31677246,0.16973877,-0.70166016,-0.6152344
1e,1,Left Ankle,3994797,1779733969656,5.51,4.22,-4.67,1.5625,115.0625,159.0,-0.28649902,0.16070557,-0.71191406,-0.6206665
1e,2,Right Ankle,1036812,1779733969663,-9.349409,0.95507145,1.012164,-15.123362,2.6062403,-75.46239,50.593117,64.3614,254.32228,0.0
1e,3,Left Wrist,3794807,1779733969667,18.819752,2.6228302,-5.82413,43.305775,-22.910301,62.54922,-107.586296,-48.28064,331.808,0.0
1e,1,Left Ankle,3994816,1779733969687,4.44,4.56,-5.04,2.6875,83.375,193.25,-0.2564087,0.14422607,-0.72094727,-0.6274414
1e,4,Right Wrist,29997765,1779733969688,5.811468,0.3229308,1.1030912,13.445041,-93.44888,-16.576271,-146.59343,-57.353954,246.87201,0.0
1e,1,Left Ankle,3994837,1779733969715,3.72,5.59,-4.61,4.5625,25.9375,232.875,-0.22784424,0.12023926,-0.72802734,-0.63531494
1e,1,Left Ankle,3994860,1779733969716,2.78,7.17,-3.87,5.0,-19.0,257.5,-0.20172119,0.08807373,-0.732666,-0.64398193
1e,2,Right Ankle,1036872,1779733969723,-8.741632,-0.030771516,1.0408778,-16.803362,-1.6637598,-77.562386,50.507755,64.45342,254.24295,0.0
1e,3,Left Wrist,3794867,1779733969728,9.258033,-7.5251303,8.999406,91.67577,1.1696992,64.509224,-107.4858,-48.269756,331.7521,0.0
1e,1,Left Ankle,3994883,1779733969747,-0.93,8.86,-2.56,4.5,-65.625,255.125,-0.18011475,0.050109863,-0.7345581,-0.6522827
1e,4,Right Wrist,29997825,1779733969748,2.9975083,-3.9697928,1.1437693,74.41504,-42.48889,-44.57627,-146.51764,-57.356697,246.84148,0.0
1e,1,Left Ankle,3994899,1779733969775,-7.16,11.1,1.76,6.5625,-126.6875,244.25,-0.1665039,0.006591797,-0.7331543,-0.65930176
1e,1,Left Ankle,3994923,1779733969776,-10.29,11.49,4.34,-4.3125,-182.25,208.9375,-0.16296387,-0.03918457,-0.72784424,-0.664978
1e,2,Right Ankle,1036932,1779733969782,-9.11252,-0.98790056,1.2921243,-17.083363,-5.3737597,-64.19238,50.400883,64.539116,254.1451,0.0
1e,3,Left Wrist,3794926,1779733969787,13.510078,-8.635401,4.8239303,119.81577,-15.770301,81.23923,-107.378235,-48.263557,331.7009,0.0
1e,1,Left Ankle,3994945,1779733969805,-13.87,12.42,6.41,-14.5625,-209.25,169.25,-0.16796875,-0.08404541,-0.71875,-0.66937256
1e,4,Right Wrist,29997885,1779733969808,4.162813,-4.78096,-1.3112668,17.925041,-8.888887,0.71372795,-146.40584,-57.337936,246.75343,0.0
1e,1,Left Ankle,3994959,1779733969835,-13.87,11.14,8.15,-12.0,-180.875,117.625,-0.17633057,-0.120910645,-0.7095337,-0.67144775
1e,1,Left Ankle,3994985,1779733969836,-11.42,8.28,7.48,-17.6875,-126.0,74.375,-0.18408203,-0.14654541,-0.70147705,-0.6727295
1e,2,Right Ankle,1036992,1779733969842,-9.31591,-1.643534,1.2155539,6.5766377,1.9762402,-30.31238,50.31823,64.616745,254.0657,0.0
1e,3,Left Wrist,3794987,1779733969847,12.380666,-11.126328,4.220939,26.645777,-2.8203006,124.07922,-107.28561,-48.229843,331.63074,0.0
1e,1,Left Ankle,3995002,1779733969865,-9.76,5.79,7.08,-25.5,-65.75,50.9375,-0.18756104,-0.16137695,-0.6949463,-0.6751709
1e,4,Right Wrist,29997945,1779733969870,6.9480586,-6.4918275,1.5816557,13.7250395,14.491112,15.413728,-146.30737,-57.35208,246.67064,0.0
1e,1,Left Ankle,3995019,1779733969895,-26.69,21.74,-2.59,-50.1875,-72.4375,29.25,-0.19244385,-0.1716919,-0.68707275,-0.67926025
1e,1,Left Ankle,3995046,1779733969896,10.05,22.66,-7.39,-11.5,-17.125,-68.8125,-0.20288086,-0.17163086,-0.68182373,-0.6815796
1e,2,Right Ankle,1037051,1779733969903,-9.117306,-1.4210016,2.0817556,9.656637,18.28624,-8.822382,50.22936,64.68514,253.9836,0.0
1e,3,Left Wrist,3795046,1779733969908,13.127227,-8.09223,3.0149567,22.305777,13.6297,125.75922,-107.19733,-48.21726,331.559,0.0
1e,1,Left Ankle,3995062,1779733969929,-6.0,13.01,1.17,-31.75,19.125,-58.75,-0.20751953,-0.16040039,-0.68096924,-0.6837158
1e,4,Right Wrist,29998005,1779733969929,9.460523,-2.5723844,0.13878371,-71.32496,-38.778885,19.123728,-146.29263,-57.37866,246.6383,0.0
1e,1,Left Ankle,3995083,1779733969955,-7.77,6.66,-1.99,-61.8125,2.0625,-28.125,-0.21160889,-0.1564331,-0.67529297,-0.6890259
1e,1,Left Ankle,3995099,1779733969955,-1.32,10.36,3.14,-45.4375,41.25,-23.375,-0.21240234,-0.14703369,-0.67181396,-0.69421387
1e,2,Right Ankle,1037112,1779733969965,-10.361573,-0.35380256,0.50009996,19.386637,18.356241,-5.672381,50.220505,64.76242,253.97104,0.0
1e,3,Left Wrist,3795107,1779733969969,10.748761,-10.987545,2.7038896,23.985777,46.179703,94.32922,-107.08763,-48.18992,331.4667,0.0
1e,1,Left Ankle,3995124,1779733969988,-1.11,11.28,4.38,-44.6875,19.5625,-9.4375,-0.21240234,-0.14202881,-0.66748047,-0.69940186
1e,4,Right Wrist,29998065,1779733969989,11.19532,-3.697011,1.3160526,-75.66496,-62.018883,27.173729,-146.2757,-57.392284,246.60402,0.0
1e,1,Left Ankle,3995145,1779733970017,-1.74,8.56,1.25,-31.9375,15.1875,-0.8125,-0.21209717,-0.13867188,-0.6637573,-0.70373535
1e,1,Left Ankle,3995161,1779733970019,-0.55,8.89,0.95,-20.25,-9.875,6.6875,-0.2119751,-0.13824463,-0.6611328,-0.7062988
1e,2,Right Ankle,1037171,1779733970023,-9.3757305,-1.3851091,1.134198,-6.093362,2.11624,-37.45238,50.13462,64.84282,253.89194,0.0
1e,3,Left Wrist,3795166,1779733970029,10.86601,-12.325133,8.968299,-86.12423,26.1597,63.24922,-107.03499,-48.173008,331.3949,0.0
1e,1,Left Ankle,3995187,1779733970047,-0.8,10.94,1.14,-15.5,-15.5,9.4375,-0.2131958,-0.14093018,-0.6572876,-0.7089844
1e,4,Right Wrist,29998125,1779733970051,6.268497,0.92831546,2.0219352,-91.134964,-86.238884,36.55373,-146.3117,-57.403137,246.61082,0.0
1e,1,Left Ankle,3995205,1779733970079,-0.6,10.17,1.94,-12.5,-12.0,8.0,-0.21356201,-0.14190674,-0.65618896,-0.70965576
1e,2,Right Ankle,1037232,1779733970084,-13.144425,1.5341344,-1.4261222,112.62664,5.4062405,-38.50238,50.212738,64.91333,253.92404,0.0
1e,3,Left Wrist,3795227,1779733970089,11.813566,-9.7337055,5.426922,-64.91423,49.539696,22.509222,-106.96999,-48.182274,331.31702,0.0
1e,1,Left Ankle,3995228,1779733970106,-1.41,9.62,0.62,-5.75,0.125,19.9375,-0.21203613,-0.14465332,-0.6539917,-0.7116089
1e,1,Left Ankle,3995251,1779733970109,-0.41,9.5,1.18,-7.9375,2.0,21.5,-0.20953369,-0.14648438,-0.65270996,-0.7131958
1e,4,Right Wrist,29998185,1779733970109,2.746262,0.27985972,1.5170496,-33.31496,-48.578888,20.453728,-146.31264,-57.423294,246.60367,0.0
1e,1,Left Ankle,3995275,1779733970137,0.0,9.35,1.54,-10.8125,-7.125,21.1875,-0.20770264,-0.14892578,-0.6508179,-0.7149048
1e,3,Left Wrist,3795287,1779733970148,9.401602,-10.056737,3.2805598,-33.694225,14.609699,2.9792213,-106.90401,-48.181267,331.2556,0.0
1e,1,Left Ankle,3995292,1779733970172,-0.21,10.08,1.31,-10.625,-15.1875,19.1875,-0.20703125,-0.15240479,-0.6485596,-0.71643066
1e,1,Left Ankle,3995310,1779733970172,-0.7,10.42,0.92,-9.4375,-14.0625,16.8125,-0.20678711,-0.15588379,-0.6463623,-0.71777344
1e,4,Right Wrist,29998245,1779733970172,3.4234312,-0.16281214,1.660619,-4.8249598,5.0411115,-10.066272,-146.2921,-57.46443,246.58598,0.0
1e,2,Right Ankle,1037291,1779733970174,-9.196269,-2.1388483,2.0291135,261.44662,11.21624,-60.48238,50.18097,64.993225,253.80814,0.0
1e,1,Left Ankle,3995335,1779733970197,0.0,9.65,0.51,-9.25,-12.1875,9.625,-0.20703125,-0.15820312,-0.6445923,-0.71881104
1e,3,Left Wrist,3795347,1779733970214,10.712869,-11.346468,6.463014,-28.724224,31.829699,18.029222,-106.8321,-48.180622,331.18622,0.0
1e,1,Left Ankle,3995354,1779733970227,0.1,9.57,0.74,-9.375,-13.125,2.75,-0.20812988,-0.16003418,-0.64282227,-0.7196045
1e,4,Right Wrist,29998305,1779733970230,1.4326025,-0.8567308,-0.64606214,-47.59496,-3.708888,-11.676271,-146.1941,-57.45022,246.49158,0.0
1e,2,Right Ankle,1037352,1779733970241,-11.881016,0.9885709,-3.0269206,101.63664,58.186237,45.14762,50.337658,65.051384,253.92891,0.0
1e,1,Left Ankle,3995380,1779733970257,-0.4,9.31,1.39,-8.4375,-9.8125,-2.3125,-0.20983887,-0.16052246,-0.6409302,-0.7207031
1e,1,Left Ankle,3995397,1779733970264,-0.46,9.43,1.32,-8.5625,-9.6875,-2.6875,-0.21148682,-0.16113281,-0.63964844,-0.72125244
1e,3,Left Wrist,3795407,1779733970269,9.054643,-7.9008036,1.4141582,24.195776,28.1197,21.949223,-106.73819,-48.18546,331.1148,0.0
1e,1,Left Ankle,3995419,1779733970289,-0.45,9.69,0.66,-6.25,-8.4375,-2.5625,-0.21191406,-0.1607666,-0.63879395,-0.7219238
1e,4,Right Wrist,29998365,1779733970289,4.1723847,-1.7683961,0.44985065,-2.5149598,28.631111,-13.8462715,-146.13231,-57.493774,246.4379,0.0
1e,2,Right Ankle,1037442,1779733970294,-8.131462,0.6081121,0.83748794,-40.95336,62.666237,116.89761,50.39873,65.10419,254.01534,0.0
1e,1,Left Ankle,3995446,1779733970317,-0.22,9.66,1.28,-5.0,-10.9375,-3.4375,-0.21350098,-0.16143799,-0.6378784,-0.72216797
1e,1,Left Ankle,3995456,1779733970317,0.0,9.8,1.3,-4.5,-12.0625,-4.4375,-0.2144165,-0.16131592,-0.6373291,-0.7224121
1e,3,Left Wrist,3795466,1779733970327,8.31526,-8.979967,6.2787666,37.21578,15.3097,18.239222,-106.651184,-48.18337,331.055,0.0
1e,1,Left Ankle,3995481,1779733970347,-0.26,9.87,1.22,-0.9375,-13.875,-6.625,-0.21673584,-0.16229248,-0.6368408,-0.7219238
1e,4,Right Wrist,29998425,1779733970348,3.9498518,-0.7610177,-0.42831525,6.86504,30.87111,-26.376272,-146.10791,-57.556965,246.42021,0.0
1e,2,Right Ankle,1037501,1779733970353,-5.9109235,-4.179926,1.3710873,13.926638,48.31624,78.39761,50.36454,65.148476,253.9927,0.0
1e,1,Left Ankle,3995499,1779733970375,-0.65,9.43,1.44,-0.75,-13.75,-5.9375,-0.21899414,-0.16326904,-0.63635254,-0.7213745
1e,1,Left Ankle,3995521,1779733970376,-0.98,9.41,1.62,2.0625,-10.0625,-3.25,-0.21972656,-0.16339111,-0.6364136,-0.7211304
1e,3,Left Wrist,3795527,1779733970387,11.75614,-9.781563,5.276174,-2.5442238,-2.9603007,58.90922,-106.57952,-48.174595,330.99765,0.0
1e,1,Left Ankle,3995546,1779733970406,-0.63,9.6,1.37,5.125,-5.1875,-1.1875,-0.22070312,-0.16448975,-0.63708496,-0.7199707
1e,4,Right Wrist,29998485,1779733970408,3.8876388,-1.3161528,0.31585258,-6.15496,14.841112,-7.8962717,-146.05724,-57.599785,246.3753,0.0
1e,2,Right Ankle,1037562,1779733970412,-5.1380415,-5.37873,2.428715,32.54664,14.22624,8.32762,50.273514,65.19032,253.90218,0.0
1e,1,Left Ankle,3995561,1779733970435,-0.64,9.66,1.36,6.6875,-4.875,-0.4375,-0.22131348,-0.1652832,-0.6373291,-0.7194214
1e,3,Left Wrist,3795586,1779733970447,8.399009,-12.100207,7.826923,14.6757765,-17.1703,58.629223,-106.50811,-48.14769,330.94818,0.0
1e,1,Left Ankle,3995586,1779733970466,-0.72,9.65,1.25,8.3125,-1.875,0.625,-0.22106934,-0.16625977,-0.6386719,-0.7180786
1e,1,Left Ankle,3995602,1779733970466,-0.41,9.72,1.5,9.25,2.75,2.8125,-0.22064209,-0.16638184,-0.6392212,-0.71765137
1e,4,Right Wrist,29998545,1779733970468,4.95723,-1.3903303,-1.1700902,7.91504,22.541111,-1.4562719,-146.00996,-57.654835,246.33557,0.0
1e,2,Right Ankle,1037622,1779733970472,-13.823987,1.9744139,2.230111,-11.2033615,-50.80376,-105.21239,50.164825,65.27714,253.79147,0.0
1e,1,Left Ankle,3995627,1779733970497,-0.39,9.88,0.93,8.6875,1.0,6.625,-0.21765137,-0.16662598,-0.6409912,-0.71691895
1e,1,Left Ankle,3995647,1779733970525,-0.49,9.54,0.75,8.875,-0.1875,10.4375,-0.21606445,-0.16833496,-0.6416626,-0.7163696
1e,1,Left Ankle,3995670,1779733970526,-0.99,9.54,0.92,9.0,-2.125,18.625,-0.21246338,-0.16949463,-0.64245605,-0.7164917
1e,4,Right Wrist,29998605,1779733970528,6.5460644,-2.144069,0.52642095,-21.90496,14.631111,22.693727,-145.95183,-57.692123,246.27495,0.0
1e,2,Right Ankle,1037682,1779733970532,-10.797068,-3.9454293,2.4358935,-32.34336,-29.52376,-50.26238,50.006126,65.342514,253.6495,0.0
1e,3,Left Wrist,3795647,1779733970538,8.549757,-9.214463,4.034299,10.335776,-24.170301,26.779222,-106.44044,-48.136147,330.9041,0.0
1e,1,Left Ankle,3995687,1779733970556,-0.66,9.46,1.02,9.5625,-0.5625,21.1875,-0.20941162,-0.17211914,-0.6430664,-0.71624756
1e,1,Left Ankle,3995710,1779733970585,-0.35,9.59,0.91,10.4375,3.625,23.375,-0.20471191,-0.17333984,-0.644104,-0.7163086
1e,1,Left Ankle,3995732,1779733970586,0.17,9.43,0.78,8.75,-0.3125,21.25,-0.20172119,-0.17590332,-0.6446533,-0.7161255
1e,4,Right Wrist,29998666,1779733970589,7.060521,-0.59352005,2.199004,-9.234961,-9.238888,11.983728,-145.92644,-57.727722,246.24988,0.0
1e,2,Right Ankle,1037742,1779733970592,-8.643527,-2.0431354,1.6558332,7.626638,-16.22376,-16.592382,49.894485,65.406586,253.54224,0.0
1e,3,Left Wrist,3795707,1779733970598,10.418551,-11.090437,4.28076,-22.284224,6.2796993,18.86922,-106.37279,-48.129974,330.8453,0.0
1e,1,Left Ankle,3995751,1779733970615,0.1,9.69,0.86,7.6875,-1.5,17.8125,-0.19940186,-0.1784668,-0.6449585,-0.7158203
1e,1,Left Ankle,3995770,1779733970645,0.0,9.6,0.81,7.5,2.875,14.5,-0.1965332,-0.17962646,-0.6456299,-0.71569824
1e,1,Left Ankle,3995787,1779733970646,0.38,9.81,0.6,7.4375,3.75,9.4375,-0.19445801,-0.18066406,-0.6464844,-0.715271
1e,4,Right Wrist,29998725,1779733970649,6.3115673,-1.043371,2.103291,-26.874962,-21.908888,-2.506272,-145.90994,-57.76026,246.23068,0.0
1e,2,Right Ankle,1037802,1779733970652,-9.165162,-1.4688579,0.08374879,-21.633362,-13.84376,0.34761906,49.84217,65.47585,253.50002,0.0
1e,1,Left Ankle,3995811,1779733970675,0.6,9.44,1.05,6.75,1.4375,7.3125,-0.1932373,-0.18139648,-0.6470947,-0.71484375
1e,1,Left Ankle,3995828,1779733970705,0.01,9.59,0.81,6.875,3.6875,5.0,-0.19213867,-0.18188477,-0.6478882,-0.71435547
1e,1,Left Ankle,3995851,1779733970705,-0.16,9.57,0.63,7.875,8.875,5.8125,-0.19030762,-0.18182373,-0.64886475,-0.7139282
1e,4,Right Wrist,29998785,1779733970708,5.1989055,-0.1412766,1.1844472,-30.86496,-20.158888,-8.316272,-145.91277,-57.79965,246.22733,0.0
1e,2,Right Ankle,1037862,1779733970713,-9.081413,-1.7679609,0.15553348,-2.103362,-8.73376,-0.9823811,49.790993,65.54645,253.45305,0.0
1e,1,Left Ankle,3995872,1779733970739,0.18,9.51,0.74,7.625,9.375,5.75,-0.18682861,-0.18011475,-0.6503296,-0.71398926
1e,3,Left Wrist,3795796,1779733970749,9.554742,-11.420646,-2.0147567,-38.594223,-1.9103007,43.43922,-106.32936,-48.05465,330.8005,0.0
1e,1,Left Ankle,3995893,1779733970767,0.2,9.62,0.69,7.25,7.375,5.375,-0.1850586,-0.17999268,-0.65130615,-0.713562
1e,1,Left Ankle,3995907,1779733970768,0.08,9.77,0.76,7.1875,6.75,6.0625,-0.1829834,-0.17974854,-0.6522827,-0.71325684
1e,4,Right Wrist,29998845,1779733970776,4.4308095,-2.2062826,3.182454,-31.214958,-22.678888,3.093728,-145.87816,-57.81921,246.19069,0.0
1e,2,Right Ankle,1037921,1779733970777,-9.213019,-1.6913905,0.68195444,-8.333363,-8.45376,2.937619,49.72412,65.61476,253.39413,0.0
1e,1,Left Ankle,3995933,1779733970798,0.19,9.67,0.71,6.875,6.4375,6.6875,-0.18127441,-0.17993164,-0.6531372,-0.7128906
1e,3,Left Wrist,3795960,1779733970807,10.842082,-12.167207,6.628119,74.035774,33.299698,-47.70078,-106.1453,-48.070385,330.67316,0.0
1e,1,Left Ankle,3995948,1779733970825,0.34,9.62,0.52,6.4375,4.875,6.125,-0.17962646,-0.18023682,-0.6539917,-0.7124634
1e,4,Right Wrist,29998905,1779733970832,2.3921244,0.8349954,3.0699914,-30.58496,17.081112,-6.8462715,-145.87085,-57.85668,246.17476,0.0
1e,2,Right Ankle,1037982,1779733970832,-9.263268,-1.8229958,0.9236295,-15.263363,-7.9637594,4.197619,49.645992,65.681595,253.32733,0.0
1e,1,Left Ankle,3995979,1779733970857,0.55,9.54,0.48,5.0625,-0.25,5.0,-0.17871094,-0.18084717,-0.654541,-0.71203613
1e,1,Left Ankle,3995997,1779733970857,0.0,9.55,0.39,2.6875,-3.4375,4.9375,-0.17834473,-0.18182373,-0.6546631,-0.71173096
1e,3,Left Wrist,3796006,1779733970868,12.976479,-11.858533,3.7830527,-30.894224,37.9897,37.90922,-106.06675,-48.06803,330.5957,0.0
1e,1,Left Ankle,3996007,1779733970885,0.03,9.62,0.33,2.375,-1.4375,5.8125,-0.17779541,-0.1828003,-0.6547241,-0.71154785
1e,1,Left Ankle,3996033,1779733970892,0.24,9.72,0.5,1.1875,-3.1875,7.4375,-0.1772461,-0.18389893,-0.65460205,-0.7114868
1e,4,Right Wrist,29998965,1779733970892,3.1362922,0.8278163,1.1820544,-4.89496,8.611112,-29.316273,-145.88397,-57.90734,246.18802,0.0
1e,2,Right Ankle,1038041,1779733970892,-9.2536955,-1.2271829,0.59581286,-7.703362,-5.44376,1.957619,49.590553,65.751495,253.27884,0.0
1e,1,Left Ankle,3996048,1779733970916,0.05,9.71,0.71,1.5,-2.3125,8.8125,-0.17651367,-0.18511963,-0.654541,-0.7114258
1e,3,Left Wrist,3796067,1779733970931,13.40958,-11.040187,1.7754744,-10.734223,11.8797,56.039223,-105.98895,-48.06465,330.52875,0.0
1e,1,Left Ankle,3996067,1779733970948,0.23,9.62,0.81,1.9375,-2.625,10.3125,-0.17553711,-0.18658447,-0.6543579,-0.7114258
1e,1,Left Ankle,3996088,1779733970948,0.11,9.59,0.68,1.5,-2.9375,11.75,-0.17456055,-0.18817139,-0.6541748,-0.7114868
1e,4,Right Wrist,29999025,1779733970948,3.6579275,-2.9145584,2.562713,23.945042,62.02111,-0.12627196,-145.79294,-57.94585,246.11154,0.0
1e,2,Right Ankle,1038102,1779733970953,-9.234554,-1.5526068,0.6269195,0.13663769,-3.9037595,2.3076189,49.532066,65.82127,253.22523,0.0
1e,1,Left Ankle,3996111,1779733970974,0.16,9.54,0.58,1.375,-0.5,13.5,-0.17285156,-0.18939209,-0.65411377,-0.7116699
1e,3,Left Wrist,3796126,1779733970987,13.289938,-7.7213426,4.934,-45.104225,1.0296993,30.839222,-105.94109,-48.079876,330.47922,0.0
1e,1,Left Ankle,3996128,1779733971007,0.27,9.66,0.48,0.875,0.6875,14.6875,-0.17114258,-0.19085693,-0.65393066,-0.711853
1e,1,Left Ankle,3996150,1779733971007,0.59,9.46,0.56,0.8125,0.9375,15.0,-0.16925049,-0.19238281,-0.6536255,-0.71209717
1e,4,Right Wrist,29999085,1779733971008,4.014458,-1.9646074,3.0245278,-22.81496,64.471115,44.183727,-145.70972,-57.98248,246.02074,0.0
1e,2,Right Ankle,1038162,1779733971013,-9.148412,-1.6459268,0.6652047,-3.433362,-4.04376,2.027619,49.46861,65.89074,253.16815,0.0
1e,1,Left Ankle,3996171,1779733971035,0.78,9.58,0.71,0.5625,0.5,14.9375,-0.1665039,-0.19311523,-0.6534424,-0.71276855
1e,3,Left Wrist,3796187,1779733971047,15.814366,-10.674086,2.1343977,-24.594223,-57.210304,85.22922,-105.89885,-48.074203,330.44876,0.0
1e,1,Left Ankle,3996191,1779733971067,0.6,9.62,0.67,0.5,-0.8125,13.25,-0.16497803,-0.19470215,-0.6529541,-0.71313477
1e,1,Left Ankle,3996207,1779733971067,0.58,9.61,0.53,0.5,0.75,12.625,-0.16339111,-0.19604492,-0.6525879,-0.71343994
1e,4,Right Wrist,29999145,1779733971068,5.9670014,3.0674984,3.8668015,27.235039,104.861115,2.953728,-145.66925,-58.05032,245.98308,0.0
1e,2,Right Ankle,1038222,1779733971072,-9.1101265,-1.4903933,0.48095736,-2.943362,-4.60376,-3.922381,49.41038,65.9624,253.11508,0.0
1e,1,Left Ankle,3996228,1779733971096,0.66,9.56,0.48,0.8125,2.75,11.875,-0.1616211,-0.19714355,-0.6524048,-0.7137451
1e,3,Left Wrist,3796247,1779733971107,13.457436,-8.798113,5.666204,50.655777,-28.8603,68.28922,-105.82207,-48.068974,330.40692,0.0
1e,1,Left Ankle,3996252,1779733971125,0.64,9.59,0.65,0.6875,0.8125,11.1875,-0.16003418,-0.19824219,-0.65216064,-0.71398926
1e,1,Left Ankle,3996268,1779733971127,0.56,9.67,0.65,1.3125,1.875,11.0625,-0.15753174,-0.19836426,-0.6522827,-0.7144165
1e,4,Right Wrist,29999205,1779733971129,3.0022945,0.7919243,3.885944,66.71504,83.44112,-25.466272,-145.61221,-58.110176,245.94965,0.0
1e,2,Right Ankle,1038282,1779733971132,-9.107734,-1.6459268,0.7010971,-5.5333624,-4.9537597,-6.512381,49.339165,66.03374,253.05064,0.0
1e,1,Left Ankle,3996298,1779733971156,0.74,9.65,0.43,1.8125,3.5,11.625,-0.15570068,-0.19927979,-0.6522217,-0.7145996
1e,3,Left Wrist,3796307,1779733971167,9.734204,-11.272291,3.7998023,69.20577,-55.0403,92.64922,-105.73696,-48.02693,330.36807,0.0
1e,1,Left Ankle,3996308,1779733971187,0.78,9.55,0.46,1.0625,3.375,11.75,-0.15246582,-0.19891357,-0.6525879,-0.7150879
1e,1,Left Ankle,3996328,1779733971191,0.78,9.51,0.51,0.75,3.625,11.9375,-0.15063477,-0.19976807,-0.6524048,-0.71533203
1e,4,Right Wrist,29999265,1779733971192,0.1237286,-0.7323036,1.9573289,102.83504,80.92111,-42.75627,-145.52853,-58.15595,245.90715,0.0
1e,2,Right Ankle,1038341,1779733971194,-9.045521,-1.7248901,0.7082755,-4.063362,-6.1437597,-6.2323813,49.26581,66.10454,252.98366,0.0
1e,1,Left Ankle,3996351,1779733971218,0.81,9.56,0.59,0.3125,3.625,11.5625,-0.14880371,-0.20062256,-0.6522217,-0.71569824
1e,3,Left Wrist,3796367,1779733971228,7.372488,-10.968403,7.8293157,3.6157765,-63.7903,131.63922,-105.680565,-47.97108,330.3331,0.0
1e,1,Left Ankle,3996374,1779733971250,0.86,9.61,0.47,0.3125,4.625,10.1875,-0.14575195,-0.20013428,-0.65234375,-0.7163086
1e,4,Right Wrist,29999325,1779733971250,0.79850453,5.541677,3.3978083,97.09504,46.06111,-33.516273,-145.51863,-58.201035,245.92783,0.0
1e,1,Left Ankle,3996392,1779733971250,1.12,9.76,0.5,-0.0625,4.25,7.9375,-0.14422607,-0.20050049,-0.6522217,-0.7166748
1e,2,Right Ankle,1038402,1779733971253,-9.174733,-1.9115301,0.83748794,-5.463362,-5.6537595,-5.322381,49.186188,66.17439,252.9115,0.0
1e,1,Left Ankle,3996415,1779733971276,0.93,9.61,0.48,-0.5625,4.75,6.6875,-0.14172363,-0.19970703,-0.6524048,-0.7172241
1e,3,Left Wrist,3796426,1779733971289,9.083356,-11.33211,-2.8833513,128.00578,-110.8303,190.57922,-105.64489,-47.821407,330.35272,0.0
1e,1,Left Ankle,3996435,1779733971308,1.17,9.54,0.59,-1.375,4.5625,5.4375,-0.14050293,-0.19976807,-0.6522217,-0.71759033
1e,1,Left Ankle,3996450,1779733971308,1.21,9.81,0.63,-1.6875,1.75,3.25,-0.13970947,-0.19995117,-0.65197754,-0.71795654
1e,4,Right Wrist,29999385,1779733971309,3.1362922,-2.4623148,0.6699903,130.34503,134.05112,-42.75627,-145.36835,-58.264717,245.83127,0.0
1e,2,Right Ankle,1038461,1779733971314,-9.081413,-2.0263855,1.0241281,-5.743362,-5.0937595,-2.382381,49.099903,66.24224,252.83359,0.0
1e,1,Left Ankle,3996474,1779733971337,0.96,9.7,0.59,-0.6875,2.5,1.9375,-0.13922119,-0.2000122,-0.65179443,-0.71813965
1e,3,Left Wrist,3796487,1779733971348,9.7629175,-13.404296,2.2588246,38.265778,-78.6303,159.84923,-105.572464,-47.738945,330.31662,0.0
1e,1,Left Ankle,3996499,1779733971367,0.68,9.63,0.55,0.5,4.875,2.75,-0.13787842,-0.19952393,-0.6519165,-0.7184448
1e,4,Right Wrist,29999445,1779733971370,5.94068,-0.14606209,1.8257236,83.44504,78.681114,-30.996273,-145.30702,-58.335316,245.80035,0.0
1e,2,Right Ankle,1038522,1779733971374,-9.289589,-1.9809221,0.83988076,-7.0733624,-5.6537595,-0.28238106,49.021225,66.31066,252.7632,0.0
1e,1,Left Ankle,3996516,1779733971397,0.81,9.64,0.47,1.25,7.3125,4.5625,-0.13696289,-0.19970703,-0.65197754,-0.7185669
1e,1,Left Ankle,3996537,1779733971399,1.12,9.58,0.56,1.1875,4.9375,5.0,-0.13568115,-0.19958496,-0.6520996,-0.71868896
1e,3,Left Wrist,3796546,1779733971409,11.947564,-11.781961,4.546363,4.8757763,-20.740301,125.05922,-105.4953,-47.69826,330.2576,0.0
1e,1,Left Ankle,3996555,1779733971426,1.13,9.5,0.51,0.4375,3.5,4.75,-0.13519287,-0.19958496,-0.6520996,-0.71881104
1e,4,Right Wrist,29999505,1779733971433,5.981358,-1.4286153,-0.9212367,95.69504,54.251114,-49.05627,-145.24559,-58.40904,245.77821,0.0
1e,2,Right Ankle,1038582,1779733971433,-9.055093,-2.0407426,1.1030912,-7.563362,-4.1137595,0.6276189,48.932735,66.37732,252.68419,0.0
1e,1,Left Ankle,3996576,1779733971459,1.2,9.76,0.53,-0.3125,2.3125,4.3125,-0.13366699,-0.19952393,-0.6520386,-0.7191162
1e,1,Left Ankle,3996597,1779733971459,1.1,9.65,0.53,0.0625,3.4375,3.5625,-0.1328125,-0.19958496,-0.6520386,-0.7192993
1e,3,Left Wrist,3796607,1779733971469,10.064414,-10.190735,4.883751,-61.834225,-53.500298,169.78922,-105.450424,-47.639095,330.20993,0.0
1e,1,Left Ankle,3996614,1779733971492,1.17,9.53,0.6,0.5,2.6875,3.125,-0.13366699,-0.2006836,-0.65167236,-0.7191162
1e,2,Right Ankle,1038642,1779733971493,-9.081413,-1.9737436,1.0336994,-7.843362,-3.9737597,1.817619,48.84751,66.44424,252.60834,0.0
1e,1,Left Ankle,3996638,1779733971517,1.05,9.7,0.5,0.6875,1.625,3.0625,-0.13287354,-0.2008667,-0.6517334,-0.71917725
1e,1,Left Ankle,3996654,1779733971518,0.99,9.63,0.49,1.25,3.625,3.4375,-0.13250732,-0.2008667,-0.65179443,-0.71917725
1e,3,Left Wrist,3796666,1779733971528,8.509079,-10.41566,4.106084,-37.684223,-57.420303,172.79922,-105.39712,-47.569427,330.16302,0.0
1e,1,Left Ankle,3996679,1779733971550,1.21,9.6,0.56,1.625,4.25,3.8125,-0.13140869,-0.2006836,-0.6520386,-0.7192383
1e,4,Right Wrist,29999565,1779733971550,5.622435,-0.26331076,-1.6773688,21.91504,15.261112,-59.41627,-145.31108,-58.483654,245.8479,0.0
1e,2,Right Ankle,1038702,1779733971553,-9.114913,-2.0216,1.0959128,-9.313362,-3.0637598,2.237619,48.759735,66.51076,252.53072,0.0
1e,1,Left Ankle,3996698,1779733971576,1.11,9.58,0.5,1.0,2.5,3.625,-0.13024902,-0.2008667,-0.6522827,-0.71917725
1e,1,Left Ankle,3996721,1779733971577,1.13,9.69,0.51,0.75,2.6875,4.0,-0.12939453,-0.20092773,-0.65234375,-0.7192383
1e,3,Left Wrist,3796727,1779733971589,6.977672,-7.5299163,4.9770713,-36.914223,-15.840301,132.68922,-105.33615,-47.525387,330.10382,0.0
1e,1,Left Ankle,3996748,1779733971608,1.05,9.67,0.47,0.6875,3.875,4.25,-0.128479,-0.20098877,-0.6524658,-0.7192993
1e,4,Right Wrist,29999655,1779733971610,2.8682964,-1.6798615,-2.4741786,-22.674961,-9.518888,-59.69627,-145.35321,-58.426018,245.887,0.0
1e,2,Right Ankle,1038762,1779733971613,-9.134055,-1.9928862,1.0600204,-6.513362,-2.15376,3.847619,48.67554,66.57737,252.45569,0.0
1e,1,Left Ankle,3996757,1779733971637,1.19,9.6,0.51,0.625,4.0,4.1875,-0.12750244,-0.20092773,-0.65252686,-0.7194214
1e,1,Left Ankle,3996782,1779733971639,1.06,9.58,0.48,0.5,3.5625,4.6875,-0.12652588,-0.20098877,-0.65252686,-0.71954346
1e,3,Left Wrist,3796787,1779733971649,4.977273,-11.296219,4.900501,-5.3442235,-13.810301,93.13922,-105.26961,-47.471836,330.05072,0.0
1e,1,Left Ankle,3996803,1779733971668,0.9,9.57,0.49,1.0625,4.6875,6.3125,-0.12542725,-0.2010498,-0.65270996,-0.7196045
1e,4,Right Wrist,29999745,1779733971669,1.8322041,-8.140483,-5.8863435,-92.67496,-14.208889,-26.096272,-145.34306,-58.361195,245.85617,0.0
1e,2,Right Ankle,1038822,1779733971674,-9.095771,-1.9928862,1.012164,-6.023362,-0.6837598,2.447619,48.592533,66.64484,252.38158,0.0
1e,1,Left Ankle,3996821,1779733971697,1.23,9.51,0.63,1.75,5.5625,7.1875,-0.12371826,-0.20092773,-0.65289307,-0.71972656
1e,3,Left Wrist,3796847,1779733971709,4.3072824,-14.059929,6.2261243,-67.924225,59.1297,94.189224,-105.20142,-47.420624,329.96368,0.0
1e,1,Left Ankle,3996846,1779733971727,1.63,9.42,0.6,2.0,3.6875,4.8125,-0.12249756,-0.2010498,-0.6530762,-0.7197876
1e,1,Left Ankle,3996866,1779733971729,1.36,9.68,0.45,0.1875,-0.125,4.5,-0.1217041,-0.20178223,-0.65283203,-0.71990967
1e,4,Right Wrist,29999805,1779733971737,3.547858,-6.0730844,-2.1750758,-305.82495,10.011111,23.253729,-145.33273,-58.32201,245.75192,0.0
1e,2,Right Ankle,1038881,1779733971737,-9.160376,-2.079028,1.1126626,-4.763362,0.71624017,4.057619,48.507458,66.71148,252.30544,0.0
1e,1,Left Ankle,3996885,1779733971760,1.47,9.62,0.43,-1.375,-2.4375,2.5625,-0.1217041,-0.20202637,-0.65270996,-0.7199707
1e,1,Left Ankle,3996901,1779733971760,1.39,9.74,0.42,-2.4375,-3.3125,0.5,-0.12194824,-0.20263672,-0.6524658,-0.7199707
1e,3,Left Wrist,3796907,1779733971767,3.7162552,-15.687048,4.7401814,86.98577,35.609703,151.58922,-105.08586,-47.33837,329.8835,0.0
1e,1,Left Ankle,3996921,1779733971785,1.51,9.6,0.5,-2.625,-3.375,-2.3125,-0.12243652,-0.2029419,-0.6522217,-0.72003174
1e,4,Right Wrist,29999865,1779733971792,1.9207383,1.7394823,2.6105695,70.91504,-59.288887,90.59373,-145.28397,-58.31895,245.72403,0.0
1e,2,Right Ankle,1038942,1779733971792,-9.057485,-1.9617794,0.9954142,-4.623362,0.8562402,4.8976192,48.42702,66.77872,252.23354,0.0
1e,1,Left Ankle,3996950,1779733971818,1.55,9.51,0.63,-3.0625,-5.1875,-5.0,-0.12420654,-0.20324707,-0.6517334,-0.72003174
1e,3,Left Wrist,3796966,1779733971828,1.5196441,-9.147464,4.895715,75.99577,47.789696,143.11922,-104.97057,-47.269665,329.79852,0.0
1e,1,Left Ankle,3996967,1779733971845,1.36,9.67,0.56,-3.8125,-9.875,-7.5625,-0.12591553,-0.2033081,-0.6514282,-0.72003174
1e,1,Left Ankle,3996988,1779733971852,1.15,9.73,0.52,-3.1875,-7.125,-8.0625,-0.12786865,-0.2033081,-0.65112305,-0.7199707
1e,2,Right Ankle,1039001,1779733971852,-8.904345,-1.8325671,0.7537392,5.7366376,1.6262403,1.467619,48.357582,66.84837,252.16818,0.0
1e,1,Left Ankle,3997011,1779733971876,1.14,9.79,0.48,-2.375,-3.625,-8.375,-0.12976074,-0.203125,-0.65093994,-0.71984863
1e,4,Right Wrist,29999925,1779733971878,1.6144571,2.2802596,6.163911,37.105038,39.90111,108.373726,-145.19525,-58.333813,245.63904,0.0
1e,3,Left Wrist,3797027,1779733971887,1.926424,-3.8330052,5.3814583,102.94577,53.109703,108.74922,-104.84802,-47.23528,329.71613,0.0
1e,1,Left Ankle,3997032,1779733971909,1.13,9.58,0.53,-2.125,-1.9375,-8.6875,-0.13110352,-0.20239258,-0.651001,-0.7197876
1e,2,Right Ankle,1039062,1779733971912,-9.136448,-2.0407426,0.9882358,-4.343362,0.7862402,1.327619,48.274246,66.91644,252.09312,0.0
1e,1,Left Ankle,3997053,1779733971935,1.16,9.67,0.55,-2.375,-2.625,-8.3125,-0.13244629,-0.20172119,-0.651001,-0.71972656
1e,1,Left Ankle,3997072,1779733971936,1.07,9.58,0.62,-2.9375,-4.75,-7.625,-0.13415527,-0.20153809,-0.6508179,-0.7196045
1e,4,Right Wrist,29999985,1779733971938,3.330111,8.240782,2.0315065,34.37504,131.1811,8.763728,-145.18149,-58.39974,245.6225,0.0
1e,3,Left Wrist,3797086,1779733971948,3.070193,-8.530116,5.0823555,-9.054223,75.3697,73.32922,-104.75522,-47.19951,329.62396,0.0
1e,1,Left Ankle,3997098,1779733971968,0.86,9.67,0.59,-2.625,-4.9375,-6.3125,-0.13568115,-0.20129395,-0.65063477,-0.71954346
1e,1,Left Ankle,3997108,1779733971968,0.9,9.67,0.52,-2.0,-2.3125,-4.75,-0.13739014,-0.20153809,-0.6503906,-0.71936035
1e,2,Right Ankle,1039122,1779733971973,-9.033557,-2.0814204,0.9212367,-4.273362,1.7662401,1.817619,48.192513,66.98475,252.01962,0.0
1e,1,Left Ankle,3997131,1779733971995,1.06,9.58,0.56,-2.25,-2.25,-3.8125,-0.13824463,-0.20135498,-0.65026855,-0.71936035
1e,4,Right Wrist,30000075,1779733971998,2.356232,-1.1749761,-2.8785658,54.88504,77.49111,-45.62627,-145.21425,-58.372944,245.66545,0.0
1e,3,Left Wrist,3797147,1779733972007,2.8165538,-4.845169,3.7184463,71.37577,50.5897,45.32922,-104.64457,-47.181305,329.54672,0.0
1e,1,Left Ankle,3997151,1779733972026,1.01,9.6,0.56,-2.75,-3.625,-3.8125,-0.13916016,-0.20123291,-0.6500244,-0.7194214
1e,1,Left Ankle,3997170,1779733972026,0.95,9.65,0.58,-3.1875,-4.25,-3.5,-0.14013672,-0.20129395,-0.64971924,-0.7194824
1e,2,Right Ankle,1039182,1779733972032,-9.165162,-1.9785292,0.91405827,-7.003362,3.2362404,3.987619,48.113743,67.05317,251.95004,0.0
1e,1,Left Ankle,3997196,1779733972055,0.88,9.62,0.63,-2.75,-2.5,-2.25,-0.14093018,-0.20129395,-0.6494751,-0.7196045
1e,4,Right Wrist,30000135,1779733972058,2.8204398,-3.6946185,-0.46181476,-71.884964,48.861115,1.133728,-145.11769,-58.373924,245.55658,0.0
1e,3,Left Wrist,3797207,1779733972067,2.1992059,-7.144672,0.5599205,-111.604225,47.509697,55.899223,-104.611,-47.11638,329.47928,0.0
1e,1,Left Ankle,3997215,1779733972085,1.02,9.68,0.67,-2.25,-0.625,-1.4375,-0.14135742,-0.20117188,-0.64923096,-0.71972656
1e,2,Right Ankle,1039242,1779733972092,-9.126877,-1.9569938,0.8518449,-4.9033623,3.86624,5.387619,48.038612,67.12165,251.8833,0.0
1e,1,Left Ankle,3997236,1779733972115,1.01,9.7,0.7,-2.25,-0.5625,-0.625,-0.14154053,-0.20098877,-0.64904785,-0.7199707
1e,1,Left Ankle,3997254,1779733972116,0.91,9.61,0.76,-2.8125,-0.9375,0.25,-0.14178467,-0.2010498,-0.64868164,-0.72021484
1e,4,Right Wrist,30000195,1779733972118,5.837789,-1.3783658,3.2638102,-86.65496,45.851112,15.973728,-145.08482,-58.41716,245.49562,0.0
1e,3,Left Wrist,3797267,1779733972128,3.1754773,-4.431211,0.52642095,-92.98423,-26.340302,48.829224,-104.57822,-47.071594,329.4346,0.0
1e,1,Left Ankle,3997273,1779733972145,1.02,9.69,0.62,-2.0,2.4375,0.75,-0.1416626,-0.20098877,-0.64837646,-0.720459
1e,2,Right Ankle,1039302,1779733972152,-9.143627,-2.0024574,0.782453,-5.183362,4.14624,7.557619,47.96636,67.18994,251.81949,0.0
1e,1,Left Ankle,3997297,1779733972177,1.13,9.68,0.64,-2.1875,3.1875,0.75,-0.14105225,-0.20050049,-0.6481323,-0.72094727
1e,1,Left Ankle,3997313,1779733972179,1.19,9.58,0.65,-2.4375,2.75,1.1875,-0.14117432,-0.2006836,-0.6479492,-0.72106934
1e,4,Right Wrist,30000255,1779733972181,5.5697927,-3.8908298,6.0155563,-135.44496,60.27111,-19.796272,-145.06783,-58.46058,245.43748,0.0
1e,3,Left Wrist,3797327,1779733972189,3.7808611,-7.036995,0.18903299,-124.76423,-71.8403,11.2392235,-104.58919,-47.01375,329.4266,0.0
1e,1,Left Ankle,3997337,1779733972209,0.94,9.66,0.73,-2.3125,0.8125,2.125,-0.14074707,-0.20074463,-0.64746094,-0.7215576
1e,2,Right Ankle,1039362,1779733972213,-9.177126,-1.9067445,0.7513463,-10.643362,3.4462404,10.217619,47.89543,67.25766,251.75877,0.0
1e,1,Left Ankle,3997355,1779733972237,0.94,9.72,0.7,-1.625,0.8125,2.5,-0.140625,-0.20080566,-0.64733887,-0.7216797
1e,1,Left Ankle,3997381,1779733972239,0.91,9.68,0.72,-0.5625,2.875,3.3125,-0.14117432,-0.20227051,-0.6468506,-0.72161865
1e,4,Right Wrist,30000315,1779733972239,4.162813,0.27507484,5.812166,-214.40497,51.87111,-24.276272,-145.11018,-58.50928,245.40799,0.0
1e,3,Left Wrist,3797387,1779733972249,6.6785693,-5.3189483,3.507878,-313.76422,-93.7503,-46.930775,-104.67308,-47.034603,329.43222,0.0
1e,1,Left Ankle,3997400,1779733972267,1.17,9.56,0.64,-0.375,2.625,3.125,-0.14056396,-0.20233154,-0.64678955,-0.72180176
1e,2,Right Ankle,1039421,1779733972277,-9.210626,-1.6818192,0.634098,-10.923363,4.07624,10.91762,47.832695,67.326096,251.70583,0.0
1e,1,Left Ankle,3997416,1779733972303,1.16,9.66,0.56,-1.5625,0.375,2.1875,-0.14031982,-0.20251465,-0.64660645,-0.7219238
1e,1,Left Ankle,3997444,1779733972303,1.06,9.55,0.73,-2.75,0.4375,-0.0625,-0.14038086,-0.20251465,-0.64630127,-0.722229
1e,4,Right Wrist,30000375,1779733972303,1.3584251,2.9119654,1.8687946,-196.62495,14.211112,-71.456276,-145.2302,-58.5581,245.461,0.0
1e,3,Left Wrist,3797447,1779733972309,7.4729867,-6.395718,4.7545385,-153.32423,-12.6903,-135.69078,-104.68014,-47.089474,329.4093,0.0
1e,1,Left Ankle,3997457,1779733972327,1.27,9.69,0.73,-3.3125,-0.1875,-0.75,-0.140625,-0.20239258,-0.645874,-0.7225342
1e,2,Right Ankle,1039482,1779733972335,-9.215411,-1.6650693,0.6699903,-7.4233623,4.84624,10.357618,47.770008,67.39476,251.65178,0.0
1e,1,Left Ankle,3997483,1779733972361,1.19,9.71,0.74,-4.25,-2.6875,-3.125,-0.14129639,-0.20233154,-0.6454468,-0.72283936
1e,1,Left Ankle,3997501,1779733972361,1.12,9.74,0.63,-4.25,-4.4375,-4.0625,-0.14227295,-0.20239258,-0.64501953,-0.72302246
1e,4,Right Wrist,30000435,1779733972361,0.035194136,4.7903314,3.7328033,-58.304962,-93.51888,-124.86627,-145.3558,-58.579144,245.57921,0.0
1e,3,Left Wrist,3797506,1779733972369,9.985451,-14.201106,3.1345978,-14.794224,36.939697,-139.61078,-104.61495,-47.120567,329.3577,0.0
1e,1,Left Ankle,3997516,1779733972387,1.11,9.64,0.82,-3.5,-4.375,-4.4375,-0.1428833,-0.20245361,-0.6448364,-0.72302246
1e,2,Right Ankle,1039541,1779733972394,-9.208233,-1.5023575,0.6173482,-11.4133625,3.86624,10.287619,47.709713,67.46354,251.60107,0.0
1e,1,Left Ankle,3997539,1779733972417,0.82,9.6,0.77,-2.625,-2.625,-4.0,-0.14440918,-0.20233154,-0.64434814,-0.72320557
1e,1,Left Ankle,3997562,1779733972419,0.98,9.62,0.79,-2.1875,-1.0,-3.6875,-0.1451416,-0.20202637,-0.64416504,-0.72332764
1e,4,Right Wrist,30000495,1779733972419,-2.8553357,3.5173488,2.1894326,120.47504,-146.5089,-124.58627,-145.43701,-58.57121,245.71825,0.0
1e,3,Left Wrist,3797567,1779733972429,6.1138635,-14.799312,0.10767702,-24.034224,134.44969,-100.55078,-104.535164,-47.111687,329.2682,0.0
1e,1,Left Ankle,3997579,1779733972452,1.06,9.61,0.72,-2.25,-1.625,-4.125,-0.14581299,-0.20172119,-0.64398193,-0.7233887
1e,2,Right Ankle,1039602,1779733972453,-9.086199,-1.4712508,0.29192436,-4.553362,4.14624,8.117619,47.663036,67.53368,251.56055,0.0
1e,1,Left Ankle,3997603,1779733972478,1.07,9.54,0.79,-2.75,-3.4375,-5.75,-0.14691162,-0.20147705,-0.6437988,-0.7233887
1e,4,Right Wrist,30000555,1779733972480,-6.494819,0.15543373,4.8095737,248.78503,-140.1389,-91.75628,-145.4231,-58.549313,245.80878,0.0
1e,3,Left Wrist,3797626,1779733972488,4.312068,-16.428823,-5.582455,-301.86423,192.19969,-18.930775,-104.586876,-47.060017,329.1858,0.0
1e,1,Left Ankle,3997627,1779733972511,0.82,9.53,0.84,-2.875,-4.5,-6.4375,-0.14898682,-0.20117188,-0.64349365,-0.7233887
1e,1,Left Ankle,3997649,1779733972511,0.71,9.65,0.86,-2.25,-3.9375,-5.75,-0.15008545,-0.20092773,-0.64331055,-0.72332764
1e,2,Right Ankle,1039662,1779733972513,-9.210626,-1.306146,0.41635114,-0.913362,1.9062402,6.927619,47.614502,67.603485,251.5168,0.0
1e,1,Left Ankle,3997663,1779733972537,0.83,9.59,0.89,-1.5625,-1.9375,-4.4375,-0.1505127,-0.20080566,-0.6432495,-0.72332764
1e,4,Right Wrist,30000615,1779733972539,-5.3271217,-12.842379,4.969893,126.56503,-4.6888885,9.323728,-145.31606,-58.53322,245.75427,0.0
1e,3,Left Wrist,3797687,1779733972549,7.4729867,-1.8469625,-15.034104,141.37578,68.0897,-1.9907799,-104.61849,-47.07183,329.2295,0.0
1e,1,Left Ankle,3997691,1779733972569,0.77,9.59,0.8,-0.8125,-1.5,-3.1875,-0.15112305,-0.20056152,-0.6432495,-0.7232666
1e,1,Left Ankle,3997708,1779733972569,0.93,9.63,0.79,-0.4375,-1.5625,-2.5625,-0.1519165,-0.20037842,-0.64331055,-0.72314453
1e,2,Right Ankle,1039722,1779733972574,-9.074235,-1.2295758,0.16271193,0.48663807,-0.40375984,0.34761906,47.572083,67.67465,251.4774,0.0
1e,1,Left Ankle,3997731,1779733972596,0.81,9.6,0.86,0.0,-2.75,-2.8125,-0.15258789,-0.20043945,-0.6433716,-0.7229614
1e,4,Right Wrist,30000675,1779733972599,-5.3271217,-0.68444765,1.39023,208.74504,6.0211115,-9.366272,-145.23206,-58.52564,245.74559,0.0
1e,3,Left Wrist,3797747,1779733972609,9.021143,-13.937896,-5.680561,-387.12424,102.5997,38.329224,-104.75257,-47.002308,329.2028,0.0
1e,1,Left Ankle,3997749,1779733972628,0.97,9.63,0.9,1.4375,-2.0,-4.0625,-0.15325928,-0.20031738,-0.6435547,-0.72265625
1e,1,Left Ankle,3997770,1779733972629,1.03,9.6,0.81,1.8125,-2.8125,-6.1875,-0.1541748,-0.20007324,-0.6439209,-0.72216797
1e,2,Right Ankle,1039782,1779733972634,-9.105342,-1.5526068,0.45702913,-6.023362,-2.8537598,-2.242381,47.50572,67.74538,251.41745,0.0
1e,1,Left Ankle,3997788,1779733972656,1.09,9.69,0.75,1.1875,-4.5625,-9.0,-0.15551758,-0.1998291,-0.6442871,-0.7216797
1e,4,Right Wrist,30000735,1779733972659,-4.1785665,0.13868366,1.134198,226.38504,30.311111,-42.68627,-145.15639,-58.53415,245.75174,0.0
1e,3,Left Wrist,3797807,1779733972669,13.218154,-4.347462,-6.2261243,-11.154223,56.8897,81.799225,-104.80452,-47.030453,329.2199,0.0
1e,1,Left Ankle,3997810,1779733972687,0.86,9.56,0.79,0.8125,-6.25,-9.875,-0.1574707,-0.19958496,-0.6444702,-0.7211304
1e,1,Left Ankle,3997828,1779733972689,0.81,9.59,0.82,-0.0625,-8.5625,-11.6875,-0.159729,-0.19940186,-0.6446533,-0.72052
1e,2,Right Ankle,1039842,1779733972693,-9.224983,-1.2415398,0.33738798,-2.7333622,-2.5037599,-4.8323812,47.450775,67.81721,251.3668,0.0
1e,1,Left Ankle,3997850,1779733972717,0.6,9.64,0.84,-0.375,-8.9375,-11.75,-0.16204834,-0.19915771,-0.6448364,-0.71990967
1e,1,Left Ankle,3997865,1779733972718,0.57,9.67,0.86,-0.0625,-6.0,-11.1875,-0.16308594,-0.19891357,-0.6449585,-0.7196655
1e,4,Right Wrist,30000795,1779733972719,-3.5253258,-2.3498523,-1.9573289,210.14503,49.071114,-56.266273,-145.07791,-58.516094,245.75072,0.0
1e,3,Left Wrist,3797867,1779733972729,9.882559,-10.731513,-9.769895,-53.924225,12.7197,81.02922,-104.89469,-46.98138,329.26425,0.0
1e,1,Left Ankle,3997891,1779733972746,0.54,9.74,0.74,1.0,-1.5,-10.25,-0.16522217,-0.1975708,-0.64556885,-0.71899414
1e,2,Right Ankle,1039902,1779733972754,-9.083806,-1.7248901,0.45942193,-1.3333621,-2.71376,-6.2323813,47.3796,67.88874,251.30049,0.0
1e,1,Left Ankle,3997908,1779733972777,0.46,9.72,0.77,0.8125,-0.75,-7.0625,-0.1663208,-0.19677734,-0.64593506,-0.7186279
1e,4,Right Wrist,30000855,1779733972780,-2.0465615,-4.68764,-2.684747,95.48504,122.57111,-5.166272,-144.96211,-58.498947,245.66838,0.0
1e,3,Left Wrist,3797927,1779733972789,9.961523,-6.225828,-8.322237,-69.95422,-2.8903008,71.36922,-105.00525,-46.965137,329.32352,0.0
1e,1,Left Ankle,3997933,1779733972812,0.65,9.68,0.74,0.0,-1.875,-5.375,-0.1671753,-0.19628906,-0.64611816,-0.7183838
1e,1,Left Ankle,3997951,1779733972812,0.61,9.69,0.75,-0.625,-1.875,-3.75,-0.16790771,-0.19604492,-0.6461792,-0.7182007
1e,2,Right Ankle,1039961,1779733972813,-9.14602,-1.8923876,0.552742,-7.283362,-2.6437597,0.13761902,47.303604,67.958145,251.23218,0.0
1e,1,Left Ankle,3997967,1779733972836,0.51,9.71,0.76,-0.9375,-1.9375,-3.1875,-0.16851807,-0.19592285,-0.64611816,-0.71813965
1e,4,Right Wrist,30000916,1779733972840,0.04715828,-2.9911282,-4.709075,-35.34496,163.17111,15.413728,-144.92174,-58.46713,245.60406,0.0
1e,3,Left Wrist,3797987,1779733972853,10.801404,-5.950653,-7.4775705,-60.154224,0.95969915,69.549225,-105.109406,-46.96077,329.3798,0.0
1e,1,Left Ankle,3997992,1779733972867,0.39,9.7,0.75,-0.5,1.0,-1.3125,-0.1687622,-0.19561768,-0.64624023,-0.7180786
1e,1,Left Ankle,3998008,1779733972870,0.57,9.65,0.79,-0.75,2.25,-0.1875,-0.16864014,-0.1953125,-0.64624023,-0.71813965
1e,2,Right Ankle,1040022,1779733972872,-9.208233,-1.7536038,0.5814559,-4.203362,-1.6637598,4.827619,47.23318,68.02657,251.1685,0.0
1e,1,Left Ankle,3998034,1779733972895,0.61,9.67,0.85,-0.8125,0.375,0.0,-0.16851807,-0.1951294,-0.6461792,-0.7182617
1e,4,Right Wrist,30000975,1779733972899,2.7989042,1.2178468,-3.9625144,-14.97496,152.95111,8.413728,-145.0127,-58.493393,245.65984,0.0
1e,1,Left Ankle,3998053,1779733972925,0.54,9.46,0.72,1.125,-5.3125,-4.25,-0.16949463,-0.1953125,-0.64630127,-0.7178955
1e,1,Left Ankle,3998068,1779733972926,0.12,9.63,0.78,0.5625,-3.625,-2.0625,-0.17010498,-0.19561768,-0.64624023,-0.7177124
1e,2,Right Ankle,1040082,1779733972932,-9.052699,-1.4856077,0.46660042,-5.253362,-1.0337597,3.357619,47.170334,68.09615,251.1121,0.0
1e,3,Left Wrist,3798046,1779733972937,10.6841545,-6.4531465,-7.037291,-5.9742236,3.8296995,58.629223,-105.193756,-46.958004,329.4354,0.0
1e,1,Left Ankle,3998098,1779733972955,0.42,9.69,0.69,0.625,-0.9375,-1.375,-0.17053223,-0.19561768,-0.64642334,-0.71746826
1e,4,Right Wrist,30001035,1779733972958,7.239983,0.021435587,-3.6514473,-0.83496,168.7711,-21.756271,-145.0925,-58.58424,245.71324,0.0
1e,1,Left Ankle,3998108,1779733972985,0.43,9.72,0.68,-0.5625,2.25,-0.875,-0.17053223,-0.19537354,-0.6465454,-0.7174072
1e,1,Left Ankle,3998128,1779733972986,0.41,9.7,0.71,-1.25,6.0625,0.875,-0.16998291,-0.19470215,-0.6466675,-0.71765137
1e,2,Right Ankle,1040142,1779733972992,-9.148412,-1.7583895,0.60059845,-5.463362,0.8562402,-0.4923811,47.095943,68.1664,251.04488,0.0
1e,3,Left Wrist,3798107,1779733972997,11.20579,-5.8238335,-7.0971117,58.425777,-3.8003006,46.16922,-105.259056,-46.966934,329.496,0.0
1e,1,Left Ankle,3998152,1779733973019,0.52,9.66,0.75,-1.5,9.3125,2.1875,-0.16888428,-0.19378662,-0.6467285,-0.7180786
1e,4,Right Wrist,30001095,1779733973019,7.242376,-1.7923242,-5.237889,-0.55496,122.78111,-51.64627,-145.18349,-58.60178,245.78568,0.0
1e,1,Left Ankle,3998171,1779733973045,0.47,9.73,0.85,-2.125,9.75,3.5625,-0.1675415,-0.19293213,-0.6466675,-0.71868896
1e,2,Right Ankle,1040202,1779733973053,-9.117306,-1.7559967,0.5455636,-7.913362,1.3462402,0.27761889,47.023067,68.23671,250.97993,0.0
1e,3,Left Wrist,3798197,1779733973057,10.6530485,-6.2138643,-7.652247,24.195776,-25.150301,28.249222,-105.34755,-46.97031,329.57086,0.0
1e,1,Left Ankle,3998194,1779733973080,0.49,9.68,0.79,-2.4375,10.6875,4.9375,-0.16589355,-0.19207764,-0.6465454,-0.7194214
1e,4,Right Wrist,30001155,1779733973080,4.8112683,-2.8332021,-4.9794636,71.33504,57.401115,-71.38628,-145.20029,-58.56827,245.82596,0.0
1e,1,Left Ankle,3998212,1779733973080,0.75,9.71,0.79,-2.3125,11.8125,5.0,-0.1640625,-0.19110107,-0.64642334,-0.7201538
1e,1,Left Ankle,3998228,1779733973105,0.71,9.64,0.86,-2.9375,9.875,4.25,-0.16247559,-0.19030762,-0.64624023,-0.72094727
1e,1,Left Ankle,3998252,1779733973106,0.73,9.64,0.89,-3.4375,6.625,2.9375,-0.16131592,-0.18969727,-0.64593506,-0.72161865
1e,2,Right Ankle,1040262,1779733973112,-9.14602,-1.7583895,0.42831525,-9.593362,1.9062402,2.517619,46.955643,68.307,250.9208,0.0
1e,3,Left Wrist,3798256,1779733973118,10.751153,-7.170993,-7.3340015,47.155777,-23.6803,20.829222,-105.42692,-46.971233,329.64505,0.0
1e,1,Left Ankle,3998273,1779733973137,0.66,9.68,0.86,-3.5625,3.5,1.8125,-0.16070557,-0.18933105,-0.6455078,-0.722229
1e,4,Right Wrist,30001215,1779733973138,3.9618163,-4.917351,-3.9864426,178.22504,34.09111,-62.146275,-145.08492,-58.52455,245.78636,0.0
1e,1,Left Ankle,3998294,1779733973165,0.65,9.67,0.87,-2.9375,5.1875,0.5625,-0.16015625,-0.18878174,-0.6452637,-0.7227173
1e,2,Right Ankle,1040322,1779733973172,-9.167555,-1.63157,0.40677986,-9.103362,2.0462403,5.0376186,46.892998,68.37679,250.86617,0.0
1e,3,Left Wrist,3798317,1779733973177,10.236697,-7.8098764,-6.800402,76.76577,-27.740301,20.549221,-105.495804,-46.96385,329.72006,0.0
1e,1,Left Ankle,3998313,1779733973195,0.83,9.63,0.91,-3.4375,3.6875,-0.625,-0.15985107,-0.18817139,-0.64501953,-0.72320557
1e,1,Left Ankle,3998333,1779733973196,0.58,9.58,0.83,-3.75,1.75,-1.25,-0.15979004,-0.18762207,-0.6446533,-0.7236328
1e,4,Right Wrist,30001275,1779733973198,3.4401808,-8.327123,-8.224132,111.44504,-9.728888,-51.366272,-145.03624,-58.45896,245.78673,0.0
1e,1,Left Ankle,3998351,1779733973225,0.63,9.61,0.94,-3.1875,2.0,-1.9375,-0.15997314,-0.18713379,-0.64434814,-0.723999
1e,2,Right Ankle,1040381,1779733973232,-9.148412,-1.8612809,0.3828516,-8.613362,0.3662402,5.4576187,46.82575,68.4459,250.80693,0.0
1e,3,Left Wrist,3798376,1779733973237,11.031114,-4.8403835,-6.5371914,123.59577,-46.850304,19.009222,-105.55449,-46.98669,329.80402,0.0
1e,1,Left Ankle,3998376,1779733973255,0.48,9.59,1.0,-2.9375,2.125,-2.5,-0.16015625,-0.18621826,-0.64404297,-0.7244873
1e,1,Left Ankle,3998400,1779733973256,0.61,9.67,0.88,-2.25,2.375,-2.125,-0.16027832,-0.18572998,-0.6439209,-0.72473145
1e,4,Right Wrist,30001335,1779733973259,3.7536407,-6.771788,-11.313266,-72.93496,-57.25889,-30.226273,-145.10854,-58.37476,245.83714,0.0
1e,1,Left Ankle,3998417,1779733973287,0.64,9.73,0.9,-2.4375,0.375,-1.875,-0.16046143,-0.18554688,-0.6437988,-0.7247925
1e,2,Right Ankle,1040442,1779733973294,-9.162769,-1.3803235,0.21056838,-9.033362,0.8562402,3.917619,46.774456,68.51615,250.76257,0.0
1e,3,Left Wrist,3798437,1779733973299,11.796818,-5.886047,-6.156733,260.0258,-98.5103,-6.4707794,-105.5842,-47.015194,329.9151,0.0
1e,1,Left Ankle,3998443,1779733973321,0.37,9.68,0.91,-2.9375,-2.0,-0.6875,-0.16107178,-0.1854248,-0.64331055,-0.7251587
1e,4,Right Wrist,30001395,1779733973321,3.9211383,-1.5243285,-8.181061,-24.49496,-60.33889,4.773728,-145.21594,-58.301506,245.9269,0.0
1e,1,Left Ankle,3998458,1779733973321,0.46,9.75,0.98,-3.25,-2.3125,0.75,-0.16137695,-0.18566895,-0.6428833,-0.72540283
1e,1,Left Ankle,3998491,1779733973347,0.44,9.67,0.97,-3.0,-2.3125,2.0,-0.16156006,-0.18603516,-0.642395,-0.725647
1e,2,Right Ankle,1040501,1779733973353,-9.213019,-1.5717493,0.22731815,-6.583362,0.4362402,1.957619,46.717407,68.586685,250.71182,0.0
1e,3,Left Wrist,3798497,1779733973360,11.667604,-11.021045,-2.792424,342.13577,-156.05031,-6.820778,-105.46064,-46.94754,329.9484,0.0
1e,1,Left Ankle,3998499,1779733973380,0.57,9.67,0.98,-2.5,-2.25,3.3125,-0.16156006,-0.18652344,-0.6419678,-0.72595215
1e,4,Right Wrist,30001456,1779733973380,1.4828519,-2.9935215,-6.0107703,9.10504,-26.318888,20.663729,-145.23924,-58.216927,245.94905,0.0
1e,1,Left Ankle,3998523,1779733973380,0.57,9.67,0.98,-2.4375,-1.9375,4.125,-0.16137695,-0.18713379,-0.6414795,-0.7261963
1e,1,Left Ankle,3998543,1779733973405,0.68,9.7,0.98,-2.1875,-2.1875,4.375,-0.16113281,-0.18780518,-0.64105225,-0.72650146
1e,2,Right Ankle,1040562,1779733973412,-9.162769,-1.5382499,0.26081768,-4.763362,0.2962402,0.767619,46.659008,68.65745,250.65909,0.0
1e,3,Left Wrist,3798557,1779733973417,9.971094,-14.734705,5.029713,347.59576,-154.0903,68.07922,-105.3194,-46.89646,329.965,0.0
1e,1,Left Ankle,3998563,1779733973438,0.73,9.65,0.96,-2.5625,-3.5625,4.5625,-0.16101074,-0.18859863,-0.6405029,-0.72680664
1e,4,Right Wrist,30001515,1779733973438,-3.4726837,-5.6854467,-3.9170508,18.13504,18.131111,37.393726,-145.1756,-58.160454,245.89278,0.0
1e,1,Left Ankle,3998585,1779733973438,0.66,9.69,1.08,-1.875,-4.3125,4.625,-0.1609497,-0.1895752,-0.64001465,-0.72698975
1e,1,Left Ankle,3998601,1779733973465,0.64,9.6,1.03,-1.1875,-3.6875,4.5625,-0.16088867,-0.19049072,-0.6395874,-0.72717285
1e,3,Left Wrist,3798617,1779733973477,7.4347014,-14.4738865,9.396614,79.49577,-54.200302,107.909225,-105.23748,-46.84406,329.93115,0.0
1e,1,Left Ankle,3998624,1779733973497,0.84,9.64,1.03,-1.1875,-4.75,3.4375,-0.16088867,-0.19140625,-0.6392212,-0.7272339
1e,1,Left Ankle,3998639,1779733973497,0.76,9.66,1.04,-1.1875,-5.875,2.0,-0.16125488,-0.19238281,-0.638855,-0.7272339
1e,2,Right Ankle,1040622,1779733973502,-9.074235,-1.6602838,0.19381864,-2.5233622,-0.6837598,-1.122381,46.598816,68.72849,250.60368,0.0
1e,1,Left Ankle,3998662,1779733973525,0.87,9.62,1.06,-0.75,-5.125,-0.0625,-0.16174316,-0.19311523,-0.6385498,-0.72717285
1e,4,Right Wrist,30001575,1779733973528,-6.3895345,-4.5321064,-12.617354,46.835037,-23.098886,6.593728,-145.19392,-58.08656,245.92369,0.0
1e,3,Left Wrist,3798677,1779733973538,8.903894,-8.455938,8.145168,-126.72423,54.509697,59.11922,-105.19469,-46.83623,329.85138,0.0
1e,1,Left Ankle,3998689,1779733973555,0.8,9.64,0.97,-0.4375,-5.1875,-2.1875,-0.16253662,-0.19360352,-0.63848877,-0.7269287
1e,1,Left Ankle,3998699,1779733973556,0.82,9.62,1.09,0.3125,-4.4375,-4.375,-0.16345215,-0.19384766,-0.63848877,-0.7266846
1e,2,Right Ankle,1040682,1779733973563,-9.117306,-1.6650693,0.16749758,-2.943362,-3.2037597,-0.77238107,46.53782,68.79883,250.54741,0.0
1e,1,Left Ankle,3998723,1779733973587,0.53,9.57,1.13,0.1875,-5.4375,-5.5,-0.16467285,-0.19390869,-0.63848877,-0.7263794
1e,4,Right Wrist,30001666,1779733973588,-4.173781,-5.534699,-7.8795652,113.19504,-111.36889,-45.766273,-145.21042,-57.99721,245.9899,0.0
1e,3,Left Wrist,3798737,1779733973598,10.291732,-11.346468,4.575077,-172.71423,86.149704,40.77922,-105.151054,-46.829887,329.75314,0.0
1e,1,Left Ankle,3998749,1779733973615,0.55,9.68,0.92,0.875,-2.625,-4.75,-0.16564941,-0.19378662,-0.63861084,-0.7260742
1e,1,Left Ankle,3998763,1779733973622,0.54,9.66,0.92,0.6875,-0.3125,-3.6875,-0.16619873,-0.19348145,-0.63879395,-0.7258911
1e,2,Right Ankle,1040772,1779733973622,-9.071842,-2.117313,0.6053842,3.9866376,-2.0837598,1.7476189,46.45507,68.86685,250.46892,0.0
1e,1,Left Ankle,3998787,1779733973648,0.51,9.58,1.05,0.5,0.625,-2.4375,-0.16668701,-0.19293213,-0.6390381,-0.725647
1e,4,Right Wrist,30001725,1779733973648,-3.7765727,-9.379965,-4.3501515,90.09504,-31.358889,-19.446272,-145.14735,-57.942955,245.96938,0.0
1e,3,Left Wrist,3798796,1779733973658,10.68894,-14.593528,1.2466606,-278.55423,117.3697,71.71922,-105.12871,-46.79023,329.63434,0.0
1e,1,Left Ankle,3998810,1779733973679,0.53,9.6,1.12,0.625,1.0625,-2.0625,-0.16680908,-0.19274902,-0.6390991,-0.725647
1e,2,Right Ankle,1040832,1779733973682,-9.270446,-1.6531054,0.55513483,-1.2633619,0.5762402,5.317619,46.38527,68.93548,250.4047,0.0
1e,1,Left Ankle,3998830,1779733973705,0.57,9.66,0.99,1.375,3.0625,-1.4375,-0.16656494,-0.1920166,-0.6395874,-0.72546387
1e,1,Left Ankle,3998848,1779733973706,0.68,9.57,1.04,1.6875,4.3125,-1.8125,-0.16619873,-0.19134521,-0.6399536,-0.72540283
1e,4,Right Wrist,30001785,1779733973709,-3.4104702,-9.090433,-6.2141604,44.87504,24.221111,18.633728,-145.07477,-57.887814,245.91577,0.0
1e,3,Left Wrist,3798857,1779733973718,11.674784,-8.762219,-3.6610188,-181.81422,105.259705,90.549225,-105.21816,-46.81437,329.6234,0.0
1e,1,Left Ankle,3998870,1779733973740,0.61,9.62,0.93,1.75,4.4375,-2.875,-0.16601562,-0.19055176,-0.64038086,-0.72528076
1e,2,Right Ankle,1040892,1779733973742,-9.033557,-1.7224972,0.23928227,-7.913362,-1.1737598,4.827619,46.32169,69.004654,250.34825,0.0
1e,1,Left Ankle,3998894,1779733973765,0.57,9.66,1.01,1.875,5.8125,-3.875,-0.16577148,-0.1895752,-0.6409302,-0.7251587
1e,4,Right Wrist,30001845,1779733973772,-1.297608,-8.532906,-4.625326,70.77504,57.471115,25.563728,-144.96338,-57.843254,245.83238,0.0
1e,3,Left Wrist,3798916,1779733973778,11.320646,-9.492031,-6.8865438,-141.35423,111.7697,121.62923,-105.30071,-46.780178,329.61423,0.0
1e,1,Left Ankle,3998912,1779733973799,0.51,9.71,0.95,1.9375,6.625,-3.625,-0.16540527,-0.18835449,-0.6414795,-0.7250366
1e,1,Left Ankle,3998931,1779733973799,0.5,9.59,1.01,2.5625,6.1875,-2.5625,-0.16503906,-0.1873169,-0.64208984,-0.7248535
1e,2,Right Ankle,1040952,1779733973802,-9.234554,-1.7631752,0.39720857,-12.603362,-1.9437598,6.227619,46.250183,69.072784,250.28592,0.0
1e,1,Left Ankle,3998952,1779733973825,0.4,9.74,0.89,2.6875,6.8125,-0.625,-0.16442871,-0.18640137,-0.6427002,-0.7246704
1e,1,Left Ankle,3998971,1779733973826,0.49,9.74,0.95,2.4375,7.6875,0.4375,-0.16345215,-0.18554688,-0.6432495,-0.7246094
1e,4,Right Wrist,30001905,1779733973829,-0.07966127,-5.628019,-5.4795637,-67.75496,119.63111,40.893726,-144.90056,-57.797787,245.74019,0.0
1e,3,Left Wrist,3798977,1779733973837,11.11247,-8.714363,-7.759924,-134.49423,58.569702,112.80922,-105.40306,-46.7475,329.63397,0.0
1e,1,Left Ankle,3998988,1779733973855,0.59,9.75,0.9,2.5,7.0625,2.125,-0.16235352,-0.18493652,-0.6437378,-0.7246094
1e,2,Right Ankle,1041012,1779733973862,-9.162769,-1.5286785,0.13160524,-11.4133625,-2.92376,3.2876189,46.191967,69.14209,250.23528,0.0
1e,1,Left Ankle,3999012,1779733973886,0.58,9.81,0.99,2.4375,5.125,2.875,-0.16137695,-0.18463135,-0.644104,-0.72454834
1e,1,Left Ankle,3999032,1779733973886,0.58,9.77,0.99,2.3125,5.6875,2.6875,-0.16033936,-0.18432617,-0.6444702,-0.72454834
1e,4,Right Wrist,30001965,1779733973888,3.3205397,-5.326524,-4.45065,-81.33496,189.2111,34.873726,-144.79356,-57.776142,245.6001,0.0
1e,3,Left Wrist,3799037,1779733973897,9.40878,-7.0752797,-8.451449,-179.29422,36.0997,95.799225,-105.53358,-46.717037,329.66907,0.0
1e,1,Left Ankle,3999052,1779733973916,0.8,9.61,0.95,2.9375,5.9375,0.625,-0.15942383,-0.18383789,-0.6449585,-0.7244873
1e,2,Right Ankle,1041072,1779733973923,-9.083806,-1.6196059,0.36370903,-13.303362,-2.92376,1.047619,46.119045,69.21141,250.1713,0.0
1e,1,Left Ankle,3999068,1779733973947,0.77,9.59,1.07,3.0625,3.75,-2.8125,-0.15899658,-0.1831665,-0.6455078,-0.72424316
1e,1,Left Ankle,3999093,1779733973949,0.52,9.43,0.86,2.875,2.875,-5.5,-0.15924072,-0.18237305,-0.6460571,-0.72387695
1e,4,Right Wrist,30002025,1779733973949,7.094021,-4.115755,-6.9511495,-114.79496,157.9911,32.283726,-144.7941,-57.75087,245.5448,0.0
1e,3,Left Wrist,3799097,1779733973959,11.028722,-5.419446,-5.426922,9.005776,-13.0403,63.179222,-105.610374,-46.73453,329.72623,0.0
1e,1,Left Ankle,3999113,1779733973980,0.32,9.43,0.77,2.0625,5.625,-5.4375,-0.15930176,-0.18121338,-0.6466675,-0.7235718
1e,2,Right Ankle,1041132,1779733973983,-9.1101265,-1.7033545,0.27996024,-16.523361,-2.6437597,2.7976189,46.047783,69.28055,250.11006,0.0
1e,1,Left Ankle,3999135,1779733974007,0.55,9.55,0.46,0.125,9.75,-5.0625,-0.15893555,-0.17962646,-0.64715576,-0.72369385
1e,1,Left Ankle,3999150,1779733974009,0.34,9.58,0.72,-0.75,10.25,-4.875,-0.1585083,-0.17785645,-0.64746094,-0.723938
1e,4,Right Wrist,30002085,1779733974010,9.869696,-3.5725844,-20.57349,-199.49496,148.6811,33.753727,-144.88492,-57.732967,245.54163,0.0
1e,3,Left Wrist,3799157,1779733974018,8.174084,-9.3652115,-5.6446686,10.125776,56.189697,50.719223,-105.65396,-46.687584,329.7443,0.0
1e,1,Left Ankle,3999178,1779733974039,0.68,9.69,0.99,-0.125,12.125,-5.625,-0.15783691,-0.17578125,-0.6479492,-0.7241211
1e,2,Right Ankle,1041192,1779733974044,-9.296767,-1.8134243,0.7130611,-17.853363,1.1362402,8.047619,45.962055,69.347534,250.03645,0.0
1e,1,Left Ankle,3999197,1779733974067,0.69,9.54,1.18,0.25,6.6875,-5.25,-0.15771484,-0.17370605,-0.6484375,-0.72424316
1e,1,Left Ankle,3999212,1779733974069,-0.03,9.61,1.06,0.1875,0.3125,-3.875,-0.15795898,-0.17352295,-0.64849854,-0.7241821
1e,4,Right Wrist,30002145,1779733974070,6.251747,-6.793324,-10.652846,-161.90497,135.1011,15.973728,-144.90167,-57.69672,245.49112,0.0
1e,3,Left Wrist,3799217,1779733974078,7.989836,-8.05873,-11.229517,-108.104225,-16.5403,56.38922,-105.78234,-46.650005,329.81042,0.0
1e,1,Left Ankle,3999237,1779733974097,-0.05,9.59,0.81,2.375,2.4375,0.75,-0.15783691,-0.17333984,-0.6487427,-0.723999
1e,2,Right Ankle,1041251,1779733974103,-9.945223,-1.1936833,-0.6053842,-11.763362,10.65624,22.467619,45.9629,69.41447,250.04396,0.0
1e,1,Left Ankle,3999255,1779733974127,0.19,9.67,0.79,4.9375,8.125,5.8125,-0.15637207,-0.17315674,-0.649292,-0.72387695
1e,4,Right Wrist,30002206,1779733974129,6.412066,-7.709775,-5.8049874,-125.22496,2.9411116,49.78373,-144.84253,-57.625454,245.39627,0.0
1e,3,Left Wrist,3799277,1779733974139,9.667205,-5.539088,-8.226524,-92.214226,-22.2803,127.08922,-105.9019,-46.61636,329.8708,0.0
1e,1,Left Ankle,3999282,1779733974157,0.79,9.78,0.92,7.125,8.9375,8.3125,-0.15319824,-0.17321777,-0.65057373,-0.7233887
1e,1,Left Ankle,3999299,1779733974159,1.01,9.9,1.17,6.6875,-1.0625,5.5625,-0.15216064,-0.1739502,-0.65130615,-0.7227783
1e,2,Right Ankle,1041312,1779733974164,-9.945223,-1.6483197,-1.0336994,-12.253363,5.26624,42.62762,45.974426,69.47551,250.06287,0.0
1e,1,Left Ankle,3999317,1779733974187,0.61,9.81,1.15,6.5625,-4.375,4.0,-0.15203857,-0.17510986,-0.65185547,-0.72198486
1e,4,Right Wrist,30002265,1779733974189,10.405688,-7.3317084,-4.4075794,-111.50496,-132.5089,78.06372,-144.7699,-57.55285,245.30443,0.0
1e,3,Left Wrist,3799336,1779733974199,13.890536,-7.403096,-7.389036,-53.434223,-42.5103,23.279222,-106.01777,-46.637497,329.94974,0.0
1e,1,Left Ankle,3999344,1779733974217,0.61,9.78,0.99,8.0625,-2.75,0.6875,-0.15203857,-0.17590332,-0.6526489,-0.72106934
1e,1,Left Ankle,3999361,1779733974224,0.6,9.8,0.72,7.9375,-1.875,-0.5625,-0.15209961,-0.17626953,-0.6536255,-0.7201538
1e,2,Right Ankle,1041372,1779733974225,-9.588692,-0.9256872,-3.208775,-29.543362,-9.083759,37.65762,46.032406,69.527596,250.12923,0.0
1e,1,Left Ankle,3999378,1779733974249,0.35,9.71,0.72,6.9375,-1.875,-1.6875,-0.15234375,-0.17651367,-0.65448,-0.7192383
1e,3,Left Wrist,3799397,1779733974258,9.851453,-6.390932,-6.4606214,84.67577,-38.310303,31.329222,-106.08727,-46.636993,330.0285,0.0
1e,1,Left Ankle,3999402,1779733974281,0.56,9.84,0.63,6.375,-0.3125,-1.375,-0.15234375,-0.1765747,-0.6553345,-0.7184448
1e,1,Left Ankle,3999418,1779733974281,0.3,9.74,0.87,7.3125,0.75,-0.375,-0.15222168,-0.1765747,-0.65618896,-0.71765137
1e,4,Right Wrist,30002325,1779733974281,17.117556,-4.1085763,-3.0317063,-140.41496,-228.12889,114.043724,-144.81078,-57.51452,245.3047,0.0
1e,2,Right Ankle,1041432,1779733974283,-7.9998574,-2.3948803,-3.4935212,-103.74336,-6.4237595,27.717619,46.035305,69.58874,250.16763,0.0
1e,1,Left Ankle,3999443,1779733974307,0.62,9.77,0.75,8.875,2.5,0.4375,-0.1517334,-0.17651367,-0.6572876,-0.7167969
1e,3,Left Wrist,3799457,1779733974318,8.856038,-7.4007044,-9.458828,76.83577,-57.140297,-2.200779,-106.17117,-46.623383,330.12228,0.0
1e,1,Left Ankle,3999458,1779733974340,0.58,9.8,0.81,9.8125,1.25,0.5,-0.15118408,-0.1765747,-0.6585083,-0.7158203
1e,4,Right Wrist,30002385,1779733974340,12.25534,1.9691923,-3.0053852,-245.69496,-240.37889,39.35373,-145.01572,-57.491417,245.42514,0.0
1e,1,Left Ankle,3999489,1779733974367,0.83,10.03,1.02,12.0,-0.625,-0.3125,-0.1508789,-0.17687988,-0.6598511,-0.7145386
1e,1,Left Ankle,3999506,1779733974368,0.53,9.81,0.99,14.375,-6.0,-0.4375,-0.15093994,-0.17779541,-0.6611328,-0.71307373
1e,2,Right Ankle,1041492,1779733974372,-8.389888,3.8264587,-0.52642095,87.00664,24.30624,-19.042381,46.241962,69.61289,250.33339,0.0
1e,3,Left Wrist,3799517,1779733974377,4.7116694,-10.207485,-6.695118,153.06577,-67.780304,-29.78078,-106.2025,-46.56884,330.20145,0.0
1e,1,Left Ankle,3999526,1779733974399,0.6,9.67,0.41,16.25,-10.875,0.25,-0.1515503,-0.17938232,-0.6626587,-0.7111206
1e,4,Right Wrist,30002475,1779733974399,6.2900324,1.2680957,7.800602,-259.97495,-194.73889,-34.426273,-145.16222,-57.47323,245.49835,0.0
1e,1,Left Ankle,3999547,1779733974425,0.45,9.77,0.43,18.0625,-12.6875,1.5625,-0.15258789,-0.18261719,-0.6652832,-0.7076416
1e,1,Left Ankle,3999567,1779733974426,0.58,9.78,0.25,19.0,-13.1875,2.0,-0.15325928,-0.18487549,-0.6671753,-0.7050781
1e,2,Right Ankle,1041552,1779733974432,-7.059478,-3.2658677,2.1128623,273.55664,17.65624,-65.94238,46.15337,69.68016,250.15681,0.0
1e,3,Left Wrist,3799577,1779733974438,6.472787,-11.052151,-5.6063833,159.50577,-106.0703,-18.510777,-106.23344,-46.502625,330.29,0.0
1e,1,Left Ankle,3999587,1779733974456,1.05,9.84,0.75,21.125,-13.5,1.375,-0.1541748,-0.1873169,-0.6693115,-0.7022705
1e,1,Left Ankle,3999602,1779733974456,-0.01,9.84,0.36,20.875,-22.3125,-0.625,-0.15515137,-0.18884277,-0.6702881,-0.7006836
1e,4,Right Wrist,30002535,1779733974458,0.28165486,2.3041878,3.7256248,-113.39496,-172.3389,-57.176273,-145.27878,-57.45795,245.59055,0.0
1e,1,Left Ankle,3999626,1779733974485,0.62,10.38,0.39,25.8125,-17.25,-5.875,-0.15667725,-0.19110107,-0.6726074,-0.69750977
1e,2,Right Ankle,1041642,1779733974492,-7.7270756,1.4503856,3.3547375,152.87665,-32.043762,-46.48238,46.00559,69.666565,249.96146,0.0
1e,3,Left Wrist,3799637,1779733974498,5.156734,-10.300805,-2.4622147,186.38577,-107.3303,1.6492233,-106.1926,-46.41724,330.33228,0.0
1e,1,Left Ankle,3999649,1779733974516,1.33,9.72,0.67,31.4375,-16.75,-10.3125,-0.15979004,-0.19384766,-0.67767334,-0.6911011
1e,4,Right Wrist,30002595,1779733974518,-1.9125634,-1.3711878,3.1465619,-26.944962,-135.8689,-81.88628,-145.33247,-57.438366,245.65503,0.0
1e,1,Left Ankle,3999666,1779733974545,1.02,9.79,0.58,36.3125,-21.5,-16.3125,-0.16137695,-0.19470215,-0.67974854,-0.6884155
1e,1,Left Ankle,3999687,1779733974546,0.38,10.18,-0.06,42.0625,-17.3125,-25.125,-0.16687012,-0.19610596,-0.6870117,-0.6795044
1e,2,Right Ankle,1041702,1779733974553,-13.575134,-3.5219,-4.2687955,-3.643362,-2.15376,39.54762,46.041595,69.72617,249.99957,0.0
1e,1,Left Ankle,3999704,1779733974575,0.96,10.04,-0.27,44.625,-11.8125,-28.4375,-0.16845703,-0.19573975,-0.6898804,-0.67633057
1e,4,Right Wrist,30002655,1779733974578,-3.673681,-1.3041887,2.0602202,16.175041,-68.388885,-80.276276,-145.35854,-57.427444,245.70148,0.0
1e,1,Left Ankle,3999727,1779733974605,1.19,10.69,-0.29,51.0,-3.5625,-42.125,-0.17315674,-0.19213867,-0.6998291,-0.6658325
1e,1,Left Ankle,3999751,1779733974606,1.35,11.91,-0.69,52.625,-2.625,-47.5,-0.17730713,-0.18792725,-0.70739746,-0.657959
1e,2,Right Ankle,1041762,1779733974613,-10.447715,3.5417125,2.8522444,-28.213362,-16.71376,93.937614,46.19764,69.63587,250.16158,0.0
1e,3,Left Wrist,3799697,1779733974619,3.3094754,-12.126529,-0.7178468,218.79578,-57.630302,35.80922,-106.09503,-46.338516,330.32788,0.0
1e,1,Left Ankle,3999767,1779733974641,2.19,13.2,-0.85,57.8125,1.125,-58.6875,-0.18206787,-0.18206787,-0.7158203,-0.64904785
1e,4,Right Wrist,30002715,1779733974641,-3.2573295,-2.751846,1.3280165,50.12504,-18.54889,-60.18627,-145.33498,-57.41914,245.70767,0.0
1e,1,Left Ankle,3999790,1779733974667,3.96,14.44,-0.43,65.625,-5.125,-77.1875,-0.1885376,-0.17529297,-0.7250366,-0.63879395
1e,1,Left Ankle,3999807,1779733974667,3.51,14.53,-0.98,71.0625,-25.75,-92.5625,-0.19897461,-0.1694336,-0.7341919,-0.62664795
1e,2,Right Ankle,1041822,1779733974672,-9.107734,-0.11930596,1.0839486,-4.763362,-11.32376,50.187622,46.15335,69.68961,250.12482,0.0
1e,3,Left Wrist,3799861,1779733974678,6.95853,-11.793926,-2.0195422,-148.91423,49.049698,120.71922,-106.011635,-46.154182,330.21368,0.0
1e,1,Left Ankle,3999833,1779733974698,2.22,14.51,0.04,73.6875,-26.5,-94.5625,-0.21002197,-0.16296387,-0.74346924,-0.61364746
1e,4,Right Wrist,30002775,1779733974698,-3.9057846,-3.2998025,-0.2871387,15.055039,-0.20888805,-48.636272,-145.31705,-57.40037,245.70454,0.0
1e,1,Left Ankle,3999848,1779733974725,2.67,12.95,1.19,73.1875,-35.875,-96.5,-0.2220459,-0.15679932,-0.75250244,-0.59991455
1e,1,Left Ankle,3999868,1779733974726,0.34,11.33,2.79,65.5625,-58.8125,-97.5,-0.23876953,-0.15429688,-0.7590332,-0.58569336
1e,3,Left Wrist,3799880,1779733974738,7.6763763,-11.499609,-2.8235307,-134.35423,37.149696,119.59923,-106.018265,-46.04297,330.16803,0.0
1e,1,Left Ankle,3999898,1779733974755,-3.18,9.65,2.52,45.25,-64.0,-95.875,-0.25506592,-0.1505127,-0.76379395,-0.57354736
1e,4,Right Wrist,30002835,1779733974758,-4.582954,-0.17716917,0.7848458,-105.76496,28.141111,-15.246271,-145.34506,-57.39863,245.69637,0.0
1e,1,Left Ankle,3999908,1779733974785,-1.48,8.93,2.0,36.0,-84.9375,-80.75,-0.2732544,-0.14971924,-0.76605225,-0.56225586
1e,1,Left Ankle,3999933,1779733974786,3.02,7.46,3.81,19.5,-117.8125,-69.625,-0.2927246,-0.1508789,-0.76568604,-0.55249023
1e,1,Left Ankle,3999951,1779733974816,5.08,6.56,3.57,-28.3125,-173.875,-56.1875,-0.32080078,-0.15765381,-0.75653076,-0.5476074
1e,2,Right Ankle,1041882,1779733974824,-9.023985,-0.53804994,1.2993027,-21.003363,-26.16376,30.587618,46.05239,69.74275,250.03728,0.0
1e,1,Left Ankle,3999981,1779733974848,2.66,6.54,1.68,-44.8125,-154.0,-17.5625,-0.35369873,-0.17132568,-0.73846436,-0.5479126
1e,4,Right Wrist,30002895,1779733974849,-4.5327044,3.3498518,2.1391835,-82.17496,44.59111,-48.14627,-145.3945,-57.423916,245.71652,0.0
1e,3,Left Wrist,3799937,1779733974858,9.660027,-11.868103,-4.7569313,-74.994225,-0.44030046,120.99922,-106.077614,-45.943073,330.18387,0.0
1e,1,Left Ankle,3999998,1779733974876,1.74,6.64,-0.04,-37.375,-54.9375,36.1875,-0.36157227,-0.17901611,-0.7294922,-0.5523071
1e,1,Left Ankle,4000019,1779733974885,1.92,6.13,-2.39,-26.5625,3.5625,75.3125,-0.35998535,-0.18945312,-0.72332764,-0.55792236
1e,1,Left Ankle,4000042,1779733974907,2.04,5.9,-2.74,-24.3125,20.125,93.6875,-0.3482666,-0.19793701,-0.71917725,-0.567749
1e,4,Right Wrist,30002956,1779733974910,-3.2740796,1.4451649,2.684747,-5.66496,57.401115,-86.92628,-145.41432,-57.462067,245.73889,0.0
1e,1,Left Ankle,4000060,1779733974937,2.81,6.47,-2.62,-26.6875,24.0,129.3125,-0.33380127,-0.2088623,-0.7139282,-0.5789795
1e,1,Left Ankle,4000078,1779733974939,3.2,7.48,-2.98,-33.125,-12.0625,144.6875,-0.32122803,-0.22418213,-0.70562744,-0.5904541
1e,2,Right Ankle,1042045,1779733974943,-9.234554,-0.21023323,1.6462619,5.1066375,-2.6437597,-6.0223813,45.82573,69.86448,249.81578,0.0
1e,1,Left Ankle,4000100,1779733974968,2.51,8.11,-3.79,-35.3125,-35.375,152.125,-0.3125,-0.24542236,-0.69329834,-0.6011963
1e,1,Left Ankle,4000115,1779733974969,1.42,7.91,-3.54,-39.375,-78.6875,167.125,-0.3093872,-0.25811768,-0.68566895,-0.6062622
1e,1,Left Ankle,4000137,1779733974997,-0.89,7.1,-2.2,-50.625,-129.875,174.1875,-0.30523682,-0.3015747,-0.65734863,-0.6194458
1e,4,Right Wrist,30003045,1779733974999,-2.1757739,-2.672883,2.644069,47.535038,10.221111,-90.56628,-145.39091,-57.479008,245.74606,0.0
1e,2,Right Ankle,1042196,1779733975004,-9.342231,-0.25330403,1.4285151,6.786638,10.376241,0.6276189,45.65711,70.00489,249.65208,0.0
1e,1,Left Ankle,4000161,1779733975027,-2.03,8.15,-1.97,-52.3125,-140.875,178.1875,-0.30480957,-0.33374023,-0.6347656,-0.626709
1e,1,Left Ankle,4000178,1779733975057,-4.82,11.48,-1.26,-46.375,-160.375,184.5,-0.3045044,-0.36743164,-0.6105957,-0.63201904
1e,1,Left Ankle,4000202,1779733975058,-9.33,13.62,0.04,-30.5,-159.25,168.375,-0.30462646,-0.40045166,-0.5872803,-0.63397217
1e,4,Right Wrist,30003105,1779733975058,-1.8503501,-3.8764727,2.6679974,5.95504,-7.0688877,-45.69627,-145.35855,-57.479958,245.72835,0.0
1e,2,Right Ankle,1042215,1779733975064,-9.184305,-0.06905669,1.0600204,18.196638,9.81624,1.467619,45.605644,70.07593,249.59871,0.0
1e,1,Left Ankle,4000223,1779733975085,-11.03,14.7,0.16,-3.3125,-105.4375,134.75,-0.30181885,-0.42712402,-0.5697632,-0.63391113
1e,1,Left Ankle,4000242,1779733975115,-11.62,14.19,1.39,13.75,-46.4375,95.5,-0.29534912,-0.44396973,-0.5602417,-0.63391113
1e,4,Right Wrist,30003195,1779733975118,-2.711766,-1.081656,0.9690932,-13.15496,-27.788889,15.763728,-145.33946,-57.45657,245.70891,0.0
1e,2,Right Ankle,1042272,1779733975122,-9.275232,-0.78211784,1.5242281,2.796638,12.40624,10.847618,45.506786,70.14063,249.50677,0.0
1e,1,Left Ankle,4000263,1779733975146,-10.44,10.51,2.69,6.9375,-37.5625,50.1875,-0.29180908,-0.45458984,-0.5545654,-0.6329346
1e,1,Left Ankle,4000283,1779733975147,-6.89,9.26,2.23,-11.4375,-47.875,14.6875,-0.29406738,-0.46105957,-0.54992676,-0.6312866
1e,1,Left Ankle,4000304,1779733975175,-11.25,11.75,1.65,-25.125,-55.0,-11.4375,-0.3012085,-0.46551514,-0.5449219,-0.6289673
1e,4,Right Wrist,30003255,1779733975179,-3.898606,-0.9931214,2.7996025,26.25504,-33.94889,29.203728,-145.30405,-57.437675,245.6859,0.0
1e,2,Right Ankle,1042332,1779733975183,-9.131663,-0.63137,0.9212367,12.666637,18.21624,31.287619,45.468395,70.206245,249.47066,0.0
1e,1,Left Ankle,4000327,1779733975209,-2.45,16.91,-0.9,-3.375,-32.75,-58.1875,-0.3149414,-0.4619751,-0.54797363,-0.6221924
1e,1,Left Ankle,4000346,1779733975209,17.35,19.3,-1.58,0.375,26.25,-85.4375,-0.31817627,-0.45666504,-0.5519409,-0.62091064
1e,3,Left Wrist,3800100,1779733975217,6.951351,-7.9366956,-4.4721856,-43.004223,-8.7003,101.60922,-106.221825,-45.77709,330.2567,0.0
1e,1,Left Ankle,4000365,1779733975235,0.83,9.87,-1.83,-24.5,-12.9375,-58.0,-0.3269043,-0.44970703,-0.55529785,-0.61846924
1e,4,Right Wrist,30003315,1779733975243,-4.6810594,-2.8188453,1.2442678,32.55504,-30.448889,20.173729,-145.26192,-57.40821,245.66013,0.0
1e,2,Right Ankle,1042392,1779733975243,-9.531264,0.2348318,1.4189439,2.586638,27.52624,27.507618,45.427162,70.27418,249.4356,0.0
1e,1,Left Ankle,4000389,1779733975267,0.57,3.65,0.6,-18.125,-17.9375,-103.5,-0.34552002,-0.43847656,-0.5602417,-0.6119385
1e,1,Left Ankle,4000407,1779733975267,-6.24,10.08,-1.0,-27.1875,-3.5625,-41.3125,-0.3531494,-0.43371582,-0.55981445,-0.61138916
1e,3,Left Wrist,3800429,1779733975279,3.5367935,-11.442181,-5.245067,70.81577,18.3197,56.31922,-106.40312,-45.528553,330.3851,0.0
1e,1,Left Ankle,4000431,1779733975300,-3.23,8.55,-0.39,-24.6875,21.5625,-23.0625,-0.35681152,-0.42797852,-0.5602417,-0.61291504
1e,4,Right Wrist,30003375,1779733975300,-5.1931233,-3.0605204,0.82313097,-11.96496,-40.248886,48.94373,-145.22723,-57.367252,245.62413,0.0
1e,2,Right Ankle,1042452,1779733975302,-9.421194,1.4838852,-0.45702913,3.1466374,23.95624,6.297619,45.533493,70.330055,249.5372,0.0
1e,1,Left Ankle,4000451,1779733975327,1.15,11.42,0.48,-19.75,51.4375,-5.0625,-0.35479736,-0.42132568,-0.56121826,-0.61779785
1e,1,Left Ankle,4000469,1779733975327,1.05,9.68,-0.37,-21.25,38.5,-11.75,-0.35430908,-0.4156494,-0.5615845,-0.621521
1e,3,Left Wrist,3800477,1779733975338,5.175877,-11.714962,-4.3094735,-10.524223,16.1497,71.64922,-106.410736,-45.431824,330.37918,0.0
1e,1,Left Ankle,4000499,1779733975360,1.95,9.21,0.87,-29.9375,-5.4375,-14.0,-0.3572998,-0.41192627,-0.5601196,-0.6236572
1e,4,Right Wrist,30003435,1779733975360,-5.4874406,-0.6653046,0.08853444,-66.28496,-10.148888,51.60373,-145.22395,-57.33524,245.59497,0.0
1e,2,Right Ankle,1042512,1779733975362,-10.605641,0.26115283,1.6127625,2.0966382,28.50624,12.387619,45.47862,70.401726,249.48824,0.0
1e,1,Left Ankle,4000516,1779733975385,0.38,10.08,1.22,-32.25,-24.1875,-14.5,-0.3633423,-0.41125488,-0.5560913,-0.62420654
1e,3,Left Wrist,3800537,1779733975397,4.1493564,-12.552451,-5.5058846,-55.674225,4.809699,95.37923,-106.4455,-45.327644,330.38235,0.0
1e,1,Left Ankle,4000540,1779733975417,0.19,10.46,1.5,-19.625,5.5625,-10.125,-0.3684082,-0.40795898,-0.5531616,-0.62597656
1e,1,Left Ankle,4000559,1779733975417,0.51,9.89,1.12,-15.375,10.75,-6.125,-0.36956787,-0.4053955,-0.5524292,-0.6276245
1e,4,Right Wrist,30003496,1779733975419,-4.5805607,0.9426725,1.268196,-72.51496,15.121112,41.10373,-145.22673,-57.324753,245.56801,0.0
1e,2,Right Ankle,1042572,1779733975423,-10.591285,0.5817911,0.33260235,11.1266365,24.23624,22.537619,45.52635,70.46702,249.53345,0.0
1e,1,Left Ankle,4000581,1779733975445,0.79,9.41,0.98,-14.5,6.8125,-3.8125,-0.3703003,-0.40374756,-0.55133057,-0.6292114
1e,3,Left Wrist,3800597,1779733975457,2.3475604,-9.463317,-3.8285162,-48.324223,-27.1803,96.63922,-106.48073,-45.21816,330.39508,0.0
1e,1,Left Ankle,4000599,1779733975478,0.06,10.0,1.18,-13.4375,0.125,5.9375,-0.37078857,-0.40325928,-0.54956055,-0.63079834
1e,1,Left Ankle,4000619,1779733975480,0.0,9.93,0.92,-9.375,10.4375,11.3125,-0.37145996,-0.40423584,-0.54711914,-0.631897
1e,4,Right Wrist,30003555,1779733975480,-3.3362932,2.3305087,2.2564318,-17.14496,38.711113,2.673728,-145.22598,-57.340218,245.55775,0.0
1e,2,Right Ankle,1042632,1779733975484,-9.971544,-0.375338,1.6701902,29.396637,5.47624,28.627619,45.44614,70.52614,249.45094,0.0
1e,1,Left Ankle,4000640,1779733975509,0.67,10.19,0.79,-6.6875,14.3125,14.125,-0.36889648,-0.40374756,-0.5463257,-0.6343994
1e,3,Left Wrist,3800657,1779733975518,1.89771,-8.912968,-3.7830527,6.9757767,-55.1103,85.71922,-106.50932,-45.109844,330.4241,0.0
1e,1,Left Ankle,4000658,1779733975536,1.46,10.53,1.16,-2.4375,5.5625,18.0,-0.36706543,-0.4048462,-0.54486084,-0.6359863
1e,4,Right Wrist,30003615,1779733975544,-2.9797623,2.567399,2.3545375,50.61504,37.45111,-49.68627,-145.22694,-57.367954,245.57712,0.0
1e,2,Right Ankle,1042692,1779733975544,-8.181712,0.45975715,3.2231321,45.916637,-8.31376,26.947618,45.29079,70.52617,249.29086,0.0
1e,1,Left Ankle,4000685,1779733975568,0.89,9.67,1.14,0.75,-2.6875,20.0625,-0.36505127,-0.40679932,-0.54345703,-0.63708496
1e,1,Left Ankle,4000703,1779733975568,0.59,9.41,1.15,5.0,-1.125,21.4375,-0.36273193,-0.4091797,-0.54229736,-0.6378784
1e,3,Left Wrist,3800717,1779733975580,2.000601,-8.455938,-2.416751,20.905777,-47.9003,71.08922,-106.509155,-45.006664,330.4355,0.0
1e,1,Left Ankle,4000718,1779733975601,0.9,9.78,0.7,7.1875,0.8125,20.5,-0.36053467,-0.4119873,-0.54125977,-0.6382446
1e,1,Left Ankle,4000738,1779733975601,1.04,9.33,0.38,6.125,-2.0,19.6875,-0.35803223,-0.41430664,-0.54052734,-0.63879395
1e,4,Right Wrist,30003675,1779733975601,-2.3193433,-0.72033966,0.93320084,47.95504,34.79111,-79.85628,-145.21257,-57.383533,245.58774,0.0
1e,2,Right Ankle,1042751,1779733975603,-6.418202,-1.0979704,3.0867412,55.99664,-38.41376,0.767619,45.10291,70.53329,249.09216,0.0
1e,3,Left Wrist,3800777,1779733975638,2.8907313,-8.644971,-0.67477596,13.1357765,-19.410301,52.81922,-106.46635,-44.926018,330.40936,0.0
1e,1,Left Ankle,4000761,1779733975661,0.99,9.23,0.41,4.75,-2.25,16.75,-0.35595703,-0.41644287,-0.53967285,-0.6392212
1e,1,Left Ankle,4000778,1779733975661,1.43,9.39,0.57,5.0625,0.875,11.3125,-0.354187,-0.4179077,-0.53930664,-0.6395874
1e,1,Left Ankle,4000800,1779733975661,1.84,9.39,0.96,7.5,5.0625,2.375,-0.35284424,-0.418396,-0.539917,-0.63952637
1e,4,Right Wrist,30003735,1779733975661,-2.080061,-4.0296135,-0.5814559,28.355038,29.891111,-53.18627,-145.16331,-57.368946,245.5596,0.0
1e,2,Right Ankle,1042812,1779733975664,-6.1358485,-0.9591867,0.4642076,31.286636,-62.14376,-24.85238,44.965454,70.592735,248.9451,0.0
1e,1,Left Ankle,4000826,1779733975687,1.91,9.58,0.64,8.75,7.8125,-8.4375,-0.35235596,-0.4177246,-0.5415039,-0.63879395
1e,3,Left Wrist,3800836,1779733975698,2.8739815,-8.259727,-0.4139583,5.0857763,8.729699,49.66922,-106.41321,-44.85239,330.36758,0.0
1e,1,Left Ankle,4000847,1779733975719,2.27,9.76,0.85,10.9375,8.8125,-22.75,-0.35369873,-0.41418457,-0.54644775,-0.63616943
1e,1,Left Ankle,4000860,1779733975719,2.37,9.42,0.79,11.8125,8.625,-39.0625,-0.35510254,-0.41229248,-0.54870605,-0.6347046
1e,4,Right Wrist,30003795,1779733975719,-2.1398816,-5.3360944,-0.37328032,1.8250399,34.441113,-14.546272,-145.09885,-57.35099,245.5044,0.0
1e,2,Right Ankle,1042872,1779733975723,-8.337246,1.0723196,-2.7565317,21.766638,-57.59376,-32.62238,45.014896,70.63674,248.97719,0.0
1e,1,Left Ankle,4000886,1779733975748,1.49,10.44,1.5,12.0,9.125,-51.125,-0.36083984,-0.40454102,-0.5567627,-0.62939453
1e,3,Left Wrist,3800897,1779733975758,5.3314104,-9.291034,-1.7060825,-7.794224,14.0497,37.48922,-106.37407,-44.77271,330.33212,0.0
1e,1,Left Ankle,4000900,1779733975777,1.58,11.23,0.38,11.375,12.8125,-62.5,-0.3632202,-0.40124512,-0.5598755,-0.6273804
1e,4,Right Wrist,30003855,1779733975780,-2.6423745,-0.9021944,-4.331009,-23.304958,10.291112,1.7637279,-145.14334,-57.292706,245.53362,0.0
1e,2,Right Ankle,1042932,1779733975784,-3.2501042,-11.489999,-0.5766703,-108.783356,-0.47375977,28.697618,44.875664,70.676834,248.88394,0.0
1e,1,Left Ankle,4000926,1779733975807,1.32,12.09,-0.13,11.875,17.625,-67.75,-0.36791992,-0.39385986,-0.56658936,-0.623291
1e,1,Left Ankle,4000950,1779733975808,1.96,14.05,-0.71,15.25,24.75,-71.875,-0.37219238,-0.38555908,-0.57421875,-0.6189575
1e,3,Left Wrist,3800957,1779733975818,3.2472618,-9.925132,-1.7635103,-6.3942237,-32.7103,13.619221,-106.36283,-44.694695,330.32944,0.0
1e,1,Left Ankle,4000965,1779733975835,3.57,16.01,-1.85,19.0625,24.875,-78.5,-0.37628174,-0.37646484,-0.58270264,-0.61413574
1e,4,Right Wrist,30003916,1779733975838,-5.9468627,-2.6106694,1.39023,-34.50496,26.881111,3.7937279,-145.12033,-57.2835,245.50061,0.0
1e,2,Right Ankle,1042992,1779733975847,-8.559778,7.2888727,0.08135597,73.146645,-5.79376,15.607618,45.115376,70.64358,249.08687,0.0
1e,1,Left Ankle,4000988,1779733975869,0.45,14.54,-2.82,19.9375,15.25,-77.9375,-0.38391113,-0.36376953,-0.5949707,-0.6051636
1e,1,Left Ankle,4001003,1779733975869,0.66,11.72,-2.23,21.1875,16.625,-75.375,-0.3862915,-0.35986328,-0.598938,-0.60217285
1e,1,Left Ankle,4001030,1779733975898,0.45,9.98,-0.85,23.625,24.3125,-59.75,-0.39038086,-0.35021973,-0.6097412,-0.5942383
1e,4,Right Wrist,30003975,1779733975899,-5.22423,0.4641069,1.3040884,-16.93496,27.931112,-24.976273,-145.12512,-57.28752,245.50055,0.0
1e,2,Right Ankle,1043052,1779733975903,-9.454693,1.1608541,1.2945169,-61.04336,-11.74376,25.967619,45.090958,70.70015,249.08508,0.0
1e,3,Left Wrist,3801017,1779733975909,2.6538417,-9.023038,-3.8261235,-16.054224,-42.5103,23.909222,-106.403656,-44.60903,330.36264,0.0
1e,1,Left Ankle,4001048,1779733975928,1.65,8.87,-0.05,11.8125,4.4375,-44.875,-0.39349365,-0.34552002,-0.61505127,-0.5895386
1e,1,Left Ankle,4001067,1779733975928,-1.95,7.46,2.56,-0.375,1.5,-18.4375,-0.39520264,-0.34521484,-0.6147461,-0.5888672
1e,1,Left Ankle,4001089,1779733975956,-2.27,1.86,4.36,-9.9375,-18.75,-0.75,-0.39648438,-0.34576416,-0.61364746,-0.58880615
1e,4,Right Wrist,30004036,1779733975958,-5.1404815,-2.751846,2.57707,-13.57496,5.2511115,-3.276272,-145.09894,-57.279327,245.47447,0.0
1e,2,Right Ankle,1043112,1779733975962,-9.143627,-0.37294513,1.2490535,17.776638,-4.5337596,5.527619,45.00175,70.76486,248.99507,0.0
1e,3,Left Wrist,3801077,1779733975967,1.8235323,-8.348261,-5.4723854,-0.44422364,-64.6303,20.409222,-106.47194,-44.5307,330.42444,0.0
1e,1,Left Ankle,4001105,1779733975986,-0.24,-5.48,4.63,-14.1875,-34.625,7.4375,-0.40075684,-0.3484497,-0.6098633,-0.58825684
1e,1,Left Ankle,4001133,1779733975986,0.12,-1.7,1.43,-8.4375,5.0,63.125,-0.39331055,-0.35772705,-0.6029053,-0.5947876
1e,1,Left Ankle,4001148,1779733976015,-3.26,8.51,-1.78,19.0625,84.3125,108.0625,-0.37469482,-0.36236572,-0.6026001,-0.6043091
1e,4,Right Wrist,30004095,1779733976018,-5.3510494,-1.8521447,1.1413764,-12.87496,-5.458889,14.783729,-145.07742,-57.25905,245.45087,0.0
1e,2,Right Ankle,1043172,1779733976022,-9.016808,2.4194787,1.3806587,-3.5033622,4.49624,0.27761889,45.150066,70.79422,249.13669,0.0
1e,3,Left Wrist,3801166,1779733976028,2.3092754,-6.8982105,-6.601798,9.005776,-20.6003,26.639221,-106.543076,-44.470512,330.47952,0.0
1e,1,Left Ankle,4001166,1779733976046,-0.48,7.19,1.05,19.75,102.875,115.3125,-0.3517456,-0.36584473,-0.60266113,-0.6158447
1e,1,Left Ankle,4001188,1779733976046,-22.67,13.09,6.88,-42.1875,-41.8125,101.75,-0.34301758,-0.37634277,-0.59259033,-0.6241455
1e,1,Left Ankle,4001213,1779733976075,-22.28,18.73,-0.64,-13.125,-41.1875,-14.0,-0.3475952,-0.3815918,-0.5863037,-0.62438965
1e,4,Right Wrist,30004155,1779733976079,-5.7578297,-2.9121652,1.4883357,-9.934959,-1.2588882,29.553728,-145.04044,-57.236626,245.4124,0.0
1e,2,Right Ankle,1043232,1779733976082,-8.681812,1.0914624,0.57188463,-41.163364,1.4862401,-3.4323812,45.172573,70.85553,249.17134,0.0
1e,3,Left Wrist,3801227,1779733976088,2.7304122,-8.621043,-5.2929235,14.395777,2.9896994,28.03922,-106.58237,-44.39725,330.50784,0.0
1e,1,Left Ankle,4001228,1779733976111,4.79,9.45,-0.33,2.1875,54.375,-2.3125,-0.3447876,-0.37713623,-0.58813477,-0.6268921
1e,1,Left Ankle,4001251,1779733976111,-1.36,12.36,1.11,6.4375,52.9375,75.25,-0.33410645,-0.37652588,-0.58917236,-0.63201904
1e,1,Left Ankle,4001275,1779733976135,-5.53,14.62,-0.16,5.5625,30.5625,36.125,-0.32336426,-0.3786621,-0.58776855,-0.6376343
1e,4,Right Wrist,30004215,1779733976138,-5.5305114,-2.4958143,1.4452649,-5.10496,7.7711115,17.933727,-145.00601,-57.2197,245.37834,0.0
1e,2,Right Ankle,1043291,1779733976142,-9.119699,0.59854084,1.0911272,-5.953362,3.3762403,7.907619,45.13926,70.92232,249.14273,0.0
1e,3,Left Wrist,3801287,1779733976147,2.6729848,-7.7045927,-4.9196434,-2.4742236,17.829699,50.719223,-106.62378,-44.320232,330.52832,0.0
1e,1,Left Ankle,4001291,1779733976169,6.22,16.98,-7.51,12.375,-31.625,4.3125,-0.32336426,-0.3815918,-0.58776855,-0.63586426
1e,1,Left Ankle,4001313,1779733976169,7.18,14.75,0.69,-7.1875,-63.3125,-10.875,-0.32977295,-0.387146,-0.58496094,-0.63183594
1e,1,Left Ankle,4001339,1779733976195,-0.99,7.27,2.07,-19.625,-50.3125,-26.375,-0.3392334,-0.38989258,-0.58148193,-0.62835693
1e,4,Right Wrist,30004275,1779733976198,-5.738687,-2.7207396,1.6151553,7.3550396,7.2811117,2.883728,-144.97307,-57.205963,245.35155,0.0
1e,2,Right Ankle,1043352,1779733976202,-9.349409,1.7590598,0.7082755,13.226637,3.7262402,5.317619,45.232365,70.972725,249.2271,0.0
1e,3,Left Wrist,3801347,1779733976208,2.99123,-8.728721,-4.438686,-9.264223,13.2097,58.48922,-106.653824,-44.233017,330.5397,0.0
1e,1,Left Ankle,4001355,1779733976228,-1.62,9.34,-0.24,-21.9375,-2.3125,-17.625,-0.34417725,-0.38806152,-0.5796509,-0.628479
1e,1,Left Ankle,4001377,1779733976257,-0.19,9.07,-0.05,-14.6875,26.8125,-5.3125,-0.3446045,-0.38336182,-0.5789795,-0.63171387
1e,1,Left Ankle,4001397,1779733976258,0.34,9.16,1.25,-14.5,15.5,0.6875,-0.34454346,-0.3815918,-0.5777588,-0.63391113
1e,4,Right Wrist,30004335,1779733976259,-6.1143603,-1.5769706,0.9499506,-9.58496,1.3311119,1.413728,-144.95906,-57.18962,245.33661,0.0
1e,2,Right Ankle,1043412,1779733976264,-9.14602,1.5652411,0.567099,6.926638,-0.33375978,-3.6423812,45.305492,71.02664,249.29364,0.0
1e,3,Left Wrist,3801407,1779733976268,3.0462644,-10.288841,-4.412365,-19.554224,-3.4503007,62.05922,-106.67919,-44.138508,330.549,0.0
1e,1,Left Ankle,4001415,1779733976287,0.12,9.95,-0.57,-18.8125,-5.125,3.25,-0.3453369,-0.38153076,-0.57647705,-0.6347046
1e,1,Left Ankle,4001439,1779733976317,0.93,9.69,0.55,-14.6875,-3.75,8.5625,-0.34655762,-0.3821411,-0.5725708,-0.63720703
1e,1,Left Ankle,4001455,1779733976319,1.4,9.94,1.71,-14.0,-3.0,9.125,-0.3466797,-0.38232422,-0.57147217,-0.6380615
1e,4,Right Wrist,30004395,1779733976320,-5.700402,-0.37816638,1.4117653,-32.05496,7.4211116,-0.6862719,-144.95811,-57.18059,245.32571,0.0
1e,2,Right Ankle,1043472,1779733976325,-9.713119,1.0555699,1.6295122,23.726637,9.326241,-0.4923811,45.25642,71.09681,249.24011,0.0
1e,3,Left Wrist,3801467,1779733976330,2.0580292,-8.874682,-4.4171505,-31.594223,-13.180301,89.28922,-106.717316,-44.03571,330.5646,0.0
1e,1,Left Ankle,4001478,1779733976346,0.34,10.17,0.7,-10.3125,-1.875,9.5625,-0.34716797,-0.3831787,-0.56817627,-0.6401367
1e,1,Left Ankle,4001503,1779733976379,0.6,9.93,0.87,-4.3125,-1.5625,13.625,-0.34649658,-0.38415527,-0.5666504,-0.6412964
1e,1,Left Ankle,4001519,1779733976379,0.7,10.01,0.93,-0.625,0.0,15.125,-0.34509277,-0.38562012,-0.5654297,-0.64227295
1e,4,Right Wrist,30004456,1779733976379,-4.1450667,1.4882361,1.119841,-5.8049603,14.281112,-23.716272,-144.97281,-57.184723,245.33849,0.0
1e,2,Right Ankle,1043532,1779733976384,-9.969151,0.45018584,0.26321048,1.3266377,15.34624,6.297619,45.282097,71.16408,249.26572,0.0
1e,3,Left Wrist,3801527,1779733976390,1.6344992,-7.281063,-3.3499517,29.235777,-12.830301,93.20922,-106.72826,-43.9302,330.57565,0.0
1e,1,Left Ankle,4001546,1779733976412,0.2,10.01,0.75,-0.875,-3.3125,20.4375,-0.34326172,-0.3876953,-0.5639038,-0.64331055
1e,1,Left Ankle,4001561,1779733976437,0.25,9.56,0.27,-1.5625,-2.1875,23.0,-0.34277344,-0.39141846,-0.56121826,-0.6437378
1e,4,Right Wrist,30004515,1779733976440,-3.149653,-0.5839491,0.9619147,46.06504,11.131112,-50.246273,-144.95927,-57.186615,245.34721,0.0
1e,2,Right Ankle,1043592,1779733976444,-10.098363,0.56264853,-2.0482562,-0.84336233,13.80624,9.937618,45.375523,71.22143,249.35631,0.0
1e,3,Left Wrist,3801586,1779733976449,2.2733834,-8.132908,-1.4620147,71.51577,3.7596989,50.789223,-106.67474,-43.843716,330.5513,0.0
1e,1,Left Ankle,4001586,1779733976470,0.54,9.72,0.45,-2.3125,0.0,27.0625,-0.33862305,-0.39508057,-0.55810547,-0.6463623
1e,1,Left Ankle,4001606,1779733976470,1.13,9.81,0.61,-3.25,-0.1875,28.125,-0.33721924,-0.39630127,-0.5569458,-0.64727783
1e,1,Left Ankle,4001629,1779733976497,1.62,9.81,1.03,-1.3125,-2.1875,27.0,-0.33502197,-0.39941406,-0.5545044,-0.64868164
1e,4,Right Wrist,30004575,1779733976500,-3.1400814,-3.5749774,-0.069391854,22.68504,-0.20888805,-35.19627,-144.92438,-57.165787,245.33002,0.0
1e,2,Right Ankle,1043652,1779733976503,-7.076228,1.6992393,-0.70588267,-30.383362,14.786241,5.877619,45.510513,71.26315,249.49582,0.0
1e,3,Left Wrist,3801647,1779733976509,2.8189468,-9.8461685,-1.9357935,31.685776,14.0497,38.329224,-106.63593,-43.76121,330.5259,0.0
1e,1,Left Ankle,4001650,1779733976529,0.96,9.64,0.96,-0.125,-5.3125,26.625,-0.33129883,-0.40386963,-0.55145264,-0.6503906
1e,1,Left Ankle,4001669,1779733976529,1.47,9.68,0.58,3.75,0.0625,22.4375,-0.32904053,-0.40667725,-0.54992676,-0.65112305
1e,1,Left Ankle,4001694,1779733976557,1.75,9.21,0.57,6.375,3.0,15.0625,-0.3265381,-0.4083252,-0.5494995,-0.65167236
1e,4,Right Wrist,30004635,1779733976559,-3.6784666,-4.0487556,-0.68195444,-5.66496,-4.8988886,-3.486272,-144.88977,-57.13253,245.30035,0.0
1e,2,Right Ankle,1043712,1779733976563,-6.6335554,-0.5524069,1.1700902,8.536638,9.326241,-48.58238,45.34867,71.33915,249.33661,0.0
1e,3,Left Wrist,3801707,1779733976568,2.6107712,-10.183557,-1.9501505,-8.984223,13.2097,50.859222,-106.61049,-43.674797,330.4993,0.0
1e,1,Left Ankle,4001713,1779733976587,2.93,9.14,0.83,10.0,3.375,0.6875,-0.3250122,-0.40881348,-0.55041504,-0.65130615
1e,1,Left Ankle,4001738,1779733976617,1.95,9.41,0.85,10.5625,-6.125,-18.8125,-0.32647705,-0.40875244,-0.5529785,-0.64849854
1e,1,Left Ankle,4001753,1779733976619,2.23,9.43,0.94,12.625,-4.875,-24.5625,-0.32763672,-0.40820312,-0.5543823,-0.6470337
1e,4,Right Wrist,30004695,1779733976620,-4.2742796,-3.57737,-0.782453,-16.72496,-9.3088875,24.163729,-144.8559,-57.092888,245.26427,0.0
1e,3,Left Wrist,3801767,1779733976628,3.4027953,-8.577972,-1.713261,-50.914223,3.1296997,43.859222,-106.60063,-43.58913,330.47632,0.0
1e,1,Left Ankle,4001777,1779733976646,1.57,9.66,1.02,14.5,-1.625,-34.6875,-0.33343506,-0.40600586,-0.55926514,-0.64123535
1e,2,Right Ankle,1043772,1779733976653,-8.480815,-0.5500141,1.1294123,101.98664,6.1762404,-62.23238,45.236828,71.42276,249.19252,0.0
1e,1,Left Ankle,4001799,1779733976678,1.52,9.64,0.34,16.5625,3.3125,-44.9375,-0.3369751,-0.40203857,-0.56463623,-0.637146
1e,1,Left Ankle,4001817,1779733976679,2.21,9.87,0.13,14.75,7.0625,-53.625,-0.3411255,-0.39697266,-0.5701294,-0.63323975
1e,4,Right Wrist,30004755,1779733976679,-5.159624,-4.036792,0.31345975,-44.93496,0.14111137,40.26373,-144.81969,-57.060665,245.21445,0.0
1e,3,Left Wrist,3801827,1779733976689,3.6181493,-7.077673,-1.969293,-27.744223,-6.6703005,26.499222,-106.60417,-43.504147,330.47177,0.0
1e,1,Left Ankle,4001848,1779733976711,1.09,11.47,-0.23,20.0625,17.4375,-53.625,-0.34399414,-0.39123535,-0.5765381,-0.62945557
1e,2,Right Ankle,1043832,1779733976714,-9.70594,3.4627495,0.21535404,-105.213356,-19.44376,19.73762,45.38182,71.428635,249.36476,0.0
1e,1,Left Ankle,4001857,1779733976737,2.14,11.63,-0.63,21.5625,13.0625,-57.6875,-0.347229,-0.38531494,-0.58343506,-0.62493896
1e,4,Right Wrist,30004815,1779733976739,-6.815457,-1.5123639,-0.95952183,-16.37496,22.121113,16.113728,-144.80508,-57.03795,245.19249,0.0
1e,3,Left Wrist,3801887,1779733976749,3.3286178,-7.5729876,-2.684747,30.425777,-26.0603,-5.5607796,-106.61584,-43.42875,330.49384,0.0
1e,1,Left Ankle,4001890,1779733976770,0.68,13.88,-1.22,18.8125,4.8125,-53.3125,-0.3508911,-0.38049316,-0.58929443,-0.6203003
1e,1,Left Ankle,4001898,1779733976770,2.02,15.4,-3.29,20.0625,-3.875,-65.25,-0.3564453,-0.37554932,-0.5952759,-0.6144409
1e,2,Right Ankle,1043922,1779733976774,-8.760775,0.39993653,0.20338993,56.346638,-13.70376,10.147619,45.410408,71.48752,249.37292,0.0
1e,1,Left Ankle,4001921,1779733976797,3.26,15.52,-2.75,20.6875,-3.5625,-67.1875,-0.36364746,-0.37121582,-0.6010742,-0.60717773
1e,1,Left Ankle,4001938,1779733976799,2.65,13.79,-2.64,26.375,-14.125,-71.25,-0.3706665,-0.36669922,-0.60736084,-0.59936523
1e,4,Right Wrist,30004875,1779733976800,-7.253344,-3.105984,1.2705889,18.625038,40.74111,-2.9962718,-144.7637,-57.032238,245.15923,0.0
1e,3,Left Wrist,3801947,1779733976809,2.0915287,-9.803098,-5.3312087,11.735777,-49.7203,-0.66077805,-106.664474,-43.354256,330.5422,0.0
1e,1,Left Ankle,4001961,1779733976829,2.51,11.55,-1.82,26.875,-21.3125,-62.4375,-0.37774658,-0.36376953,-0.612854,-0.59106445
1e,2,Right Ankle,1043982,1779733976834,-9.473836,0.71818197,1.9740787,-14.7033615,-18.11376,23.937618,45.266678,71.5376,249.2419,0.0
1e,1,Left Ankle,4001982,1779733976856,1.63,9.17,-0.92,18.5625,-27.4375,-44.0625,-0.3838501,-0.36242676,-0.61639404,-0.58428955
1e,1,Left Ankle,4001999,1779733976858,-0.9,4.97,-1.14,6.5,-58.5,-25.8125,-0.39135742,-0.36486816,-0.6158447,-0.5783081
1e,4,Right Wrist,30004935,1779733976859,-7.949655,-1.7181466,1.6438692,-12.80496,31.921112,-1.316272,-144.7433,-57.0271,245.13506,0.0
1e,3,Left Wrist,3802007,1779733976868,0.06720073,-9.807883,-8.32463,-58.054222,-54.130302,44.90922,-106.753075,-43.27082,330.59894,0.0
1e,1,Left Ankle,4002024,1779733976887,1.45,3.39,-2.81,5.125,-94.9375,-11.0625,-0.40130615,-0.3718872,-0.6116333,-0.57147217
1e,2,Right Ankle,1044041,1779733976898,-9.459479,0.21329637,0.8733803,-18.133362,-5.7237597,13.297619,45.221,71.60138,249.20515,0.0
1e,1,Left Ankle,4002059,1779733976921,2.72,3.81,-0.89,24.125,-26.8125,38.1875,-0.4111328,-0.39312744,-0.5996704,-0.5628662
1e,4,Right Wrist,30004996,1779733976921,-7.3634133,-1.4956144,1.6893327,24.645039,33.601112,-21.406271,-144.71815,-57.02727,245.12082,0.0
1e,1,Left Ankle,4002049,1779733976921,0.0,3.45,-0.39,2.9375,-97.0625,25.125,-0.41046143,-0.38354492,-0.6036377,-0.56573486
1e,3,Left Wrist,3802067,1779733976929,0.3232324,-8.5564375,-7.2526455,-31.524223,-20.8103,92.99922,-106.81797,-43.175335,330.63412,0.0
1e,1,Left Ankle,4002079,1779733976947,-0.44,5.28,-2.64,46.9375,48.1875,77.875,-0.39886475,-0.4000244,-0.6010132,-0.56536865
1e,2,Right Ankle,1044102,1779733976954,-9.404444,1.2278532,1.1940185,9.446638,-6.35376,7.067619,45.227386,71.66219,249.20813,0.0
1e,1,Left Ankle,4002103,1779733976979,1.11,5.25,-2.8,67.3125,119.375,100.1875,-0.37506104,-0.40386963,-0.60736084,-0.57214355
1e,4,Right Wrist,30005055,1779733976979,-6.370392,-2.4599218,1.5529418,38.71504,27.37111,-27.216272,-144.68506,-57.02505,245.1056,0.0
1e,1,Left Ankle,4002131,1779733977006,2.38,6.75,-1.88,74.625,159.8125,133.75,-0.34204102,-0.40649414,-0.61517334,-0.58251953
1e,1,Left Ankle,4002148,1779733977009,2.52,7.49,-1.28,50.3125,125.125,153.5,-0.29016113,-0.4130249,-0.62054443,-0.60009766
1e,2,Right Ankle,1044162,1779733977013,-9.313517,0.92875034,0.79441714,5.176638,-0.9637598,-3.012381,45.23662,71.726654,249.2149,0.0
1e,3,Left Wrist,3802126,1779733977020,2.8021967,-7.113565,-5.7547383,-41.814224,-13.390301,103.98923,-106.890945,-43.088345,330.66962,0.0
1e,1,Left Ankle,4002165,1779733977039,2.32,8.41,-0.73,35.375,91.375,152.8125,-0.2753296,-0.4161377,-0.61987305,-0.6055908
1e,4,Right Wrist,30005115,1779733977039,-5.451548,-4.099005,1.1844472,19.04504,14.141111,-33.37627,-144.65382,-57.01634,245.08862,0.0
1e,1,Left Ankle,4002192,1779733977067,1.96,10.23,-1.65,-0.4375,-18.5,137.0625,-0.24932861,-0.43640137,-0.60723877,-0.6152954
1e,1,Left Ankle,4002210,1779733977068,0.84,10.73,-1.37,-11.1875,-75.3125,119.5625,-0.24346924,-0.4552002,-0.59436035,-0.6166382
1e,2,Right Ankle,1044222,1779733977073,-9.14602,0.18697535,0.9523434,2.7266383,7.5762405,0.69761896,45.187065,71.79686,249.16756,0.0
1e,3,Left Wrist,3802187,1779733977079,3.5248291,-5.2591276,-4.213761,-33.204224,-8.6303005,80.189224,-106.96931,-43.025097,330.71136,0.0
1e,1,Left Ankle,4002231,1779733977097,-0.95,11.53,0.8,-12.9375,-92.5,110.3125,-0.24298096,-0.4751587,-0.5807495,-0.6147461
1e,4,Right Wrist,30005175,1779733977099,-5.159624,-6.5325055,1.9477576,1.3350401,-14.488888,-13.566273,-144.61699,-56.99658,245.06181,0.0
1e,1,Left Ankle,4002249,1779733977127,-2.62,10.28,3.65,-8.625,-79.0625,79.25,-0.24328613,-0.4920044,-0.56921387,-0.6121826
1e,1,Left Ankle,4002270,1779733977129,-4.13,10.27,4.66,-8.6875,-35.625,52.375,-0.24243164,-0.5022583,-0.56140137,-0.61138916
1e,2,Right Ankle,1044282,1779733977133,-9.03595,0.1845825,1.0887343,0.836638,17.44624,12.24762,45.138096,71.866394,249.12303,0.0
1e,3,Left Wrist,3802277,1779733977138,4.5681,-5.445768,-4.2448673,32.875774,9.849699,39.16922,-107.02685,-42.98922,330.7531,0.0
1e,1,Left Ankle,4002287,1779733977156,-5.17,11.25,4.93,-9.75,26.1875,27.0,-0.23895264,-0.5040283,-0.5578613,-0.61450195
1e,4,Right Wrist,30005235,1779733977162,-5.91097,-6.549256,1.3543377,-33.31496,-18.898888,7.293728,-144.5878,-56.968513,245.02852,0.0
1e,1,Left Ankle,4002309,1779733977187,-4.25,10.6,1.57,-7.0625,60.5,14.0625,-0.23565674,-0.5014038,-0.55810547,-0.6176758
1e,1,Left Ankle,4002328,1779733977189,5.01,14.85,-12.56,44.75,68.3125,-56.25,-0.22570801,-0.48590088,-0.56970215,-0.62323
1e,2,Right Ankle,1044342,1779733977193,-9.201054,0.6320404,0.69870424,3.4266381,25.91624,11.33762,45.162193,71.9357,249.14767,0.0
1e,3,Left Wrist,3802336,1779733977198,3.5224366,-6.4962173,-8.346166,6.4857764,-25.3603,26.359222,-107.110634,-42.9455,330.816,0.0
1e,1,Left Ankle,4002348,1779733977220,20.81,10.05,-0.97,-0.875,-21.9375,-41.3125,-0.23016357,-0.48150635,-0.57543945,-0.619751
1e,4,Right Wrist,30005295,1779733977221,-8.916355,-4.6661043,1.4907286,-22.674961,-30.518888,9.533728,-144.57417,-56.938725,245.01236,0.0
1e,1,Left Ankle,4002376,1779733977247,-2.67,12.29,3.03,-53.625,-52.625,-24.0,-0.23999023,-0.48309326,-0.5706177,-0.61920166
1e,2,Right Ankle,1044402,1779733977254,-9.77294,1.5365273,1.2993027,1.6066375,37.256237,6.367619,45.224316,72.00399,249.20956,0.0
1e,3,Left Wrist,3802397,1779733977259,1.1535423,-8.214264,-7.664211,-0.5142236,-10.800301,28.809221,-107.17419,-42.878136,330.85962,0.0
1e,1,Left Ankle,4002393,1779733977280,-2.55,10.14,-4.16,-66.625,-46.5,-105.875,-0.25952148,-0.47668457,-0.5687866,-0.61798096
1e,1,Left Ankle,4002412,1779733977280,-2.79,5.42,-0.67,-22.5625,-1.1875,-67.25,-0.27374268,-0.47076416,-0.5697632,-0.6154785
1e,4,Right Wrist,30005355,1779733977280,-9.914163,-2.541278,2.0673988,-53.33496,-19.318888,17.163727,-144.57408,-56.91472,244.99615,0.0
1e,1,Left Ankle,4002441,1779733977307,4.36,10.25,0.63,-20.3125,38.375,-49.4375,-0.2783203,-0.4570923,-0.574646,-0.61920166
1e,2,Right Ankle,1044462,1779733977314,-11.323488,-0.01641458,0.31345975,29.816639,38.58624,8.187618,45.25496,72.07886,249.23238,0.0
1e,1,Left Ankle,4002459,1779733977338,1.13,9.97,0.59,-19.3125,48.8125,-40.6875,-0.27972412,-0.44781494,-0.57702637,-0.6231079
1e,1,Left Ankle,4002483,1779733977338,1.98,8.76,2.38,-14.5,49.3125,-45.6875,-0.28131104,-0.43847656,-0.58032227,-0.62597656
1e,3,Left Wrist,3802457,1779733977350,1.8331039,-8.173586,-8.327023,-11.294224,-2.6103008,45.399223,-107.242874,-42.81172,330.90085,0.0
1e,1,Left Ankle,4002499,1779733977372,3.09,10.37,-0.32,-28.4375,12.8125,-35.5,-0.28729248,-0.4331665,-0.5800171,-0.62719727
1e,4,Right Wrist,30005416,1779733977372,-8.624431,-1.2395822,0.9619147,-11.12496,14.281112,-14.476273,-144.56973,-56.905304,244.98991,0.0
1e,2,Right Ankle,1044522,1779733977373,-12.787895,0.09365526,-1.1174482,6.086638,46.14624,37.30762,45.359005,72.1435,249.33572,0.0
1e,1,Left Ankle,4002517,1779733977397,2.16,9.63,0.13,-31.9375,-24.6875,-38.4375,-0.29614258,-0.4310913,-0.57769775,-0.62664795
1e,1,Left Ankle,4002541,1779733977398,-0.35,10.18,-0.1,-23.125,-8.0625,-18.25,-0.30194092,-0.4295044,-0.57562256,-0.6268921
1e,3,Left Wrist,3802517,1779733977410,1.0650077,-8.439189,-3.8620157,-36.844223,-6.3203006,73.95922,-107.2724,-42.712494,330.90808,0.0
1e,1,Left Ankle,4002565,1779733977435,0.11,10.28,-0.11,-7.5625,31.8125,-8.0,-0.3015747,-0.42541504,-0.57629395,-0.62927246
1e,2,Right Ankle,1044582,1779733977444,-9.921293,-0.81801015,-0.5742774,-58.033363,43.276237,50.46762,45.401436,72.20981,249.40248,0.0
1e,1,Left Ankle,4002585,1779733977460,1.99,9.7,-0.49,-2.875,31.25,-4.4375,-0.2991333,-0.42114258,-0.57806396,-0.63171387
1e,1,Left Ankle,4002600,1779733977465,1.99,9.59,-0.01,-5.125,10.625,1.5,-0.29779053,-0.41918945,-0.57836914,-0.6333008
1e,4,Right Wrist,30005475,1779733977466,-7.554839,0.23918168,0.148355,29.895039,55.861115,-35.616272,-144.5583,-56.911938,244.98843,0.0
1e,3,Left Wrist,3802607,1779733977476,2.0532436,-10.240984,-2.5579274,-30.124224,-18.0803,52.329224,-107.27294,-42.620167,330.90176,0.0
1e,1,Left Ankle,4002629,1779733977489,1.14,10.11,-0.11,-3.625,-2.875,5.9375,-0.29760742,-0.41949463,-0.57751465,-0.63397217
1e,2,Right Ankle,1044642,1779733977492,-2.620792,-3.2156186,0.69870424,-30.523363,-9.99376,4.127619,45.225616,72.25089,249.24474,0.0
1e,1,Left Ankle,4002648,1779733977515,1.72,9.68,0.07,5.25,-12.4375,6.4375,-0.29766846,-0.42193604,-0.5767212,-0.6331177
1e,1,Left Ankle,4002673,1779733977546,1.51,9.51,0.03,5.6875,-18.5,6.3125,-0.29821777,-0.42468262,-0.57598877,-0.6315918
1e,1,Left Ankle,4002688,1779733977546,0.56,9.6,-1.1,9.625,-2.5625,7.6875,-0.2975464,-0.4267578,-0.5758667,-0.63067627
1e,4,Right Wrist,30005565,1779733977549,-5.039983,-3.0868413,-0.6221339,-28.764961,61.81111,-26.516272,-144.53604,-56.905636,244.95868,0.0
1e,2,Right Ankle,1044702,1779733977552,-6.363167,2.8166873,-2.333002,-42.00336,-33.93376,-70.562386,45.317688,72.28508,249.33855,0.0
1e,3,Left Wrist,3802666,1779733977557,1.426324,-7.9151607,-1.9238294,-51.894222,-12.2003,50.15922,-107.27865,-42.5296,330.89252,0.0
1e,1,Left Ankle,4002713,1779733977574,1.33,9.69,-0.52,16.625,20.3125,6.625,-0.2942505,-0.4265747,-0.5777588,-0.63061523
1e,1,Left Ankle,4002728,1779733977605,2.31,9.67,-0.01,16.75,23.375,2.875,-0.29022217,-0.42523193,-0.5805054,-0.6308594
1e,1,Left Ankle,4002748,1779733977606,2.51,9.74,0.24,14.3125,13.3125,-4.3125,-0.28790283,-0.42401123,-0.5830078,-0.6303711
1e,2,Right Ankle,1044762,1779733977613,-7.6217914,3.7068176,-1.038485,-54.11336,-54.93376,-48.44238,45.42586,72.29307,249.45181,0.0
1e,1,Left Ankle,4002773,1779733977635,2.28,9.43,-0.09,14.3125,10.4375,-14.8125,-0.28704834,-0.42242432,-0.5859375,-0.6291504
1e,3,Left Wrist,3802727,1779733977648,2.5892355,-6.7091784,-2.7445676,1.5857763,-18.8503,35.73922,-107.30143,-42.442493,330.9102,0.0
1e,1,Left Ankle,4002794,1779733977665,2.98,9.14,0.17,12.0,1.6875,-16.75,-0.2874756,-0.42095947,-0.5886841,-0.6273804
1e,1,Left Ankle,4002811,1779733977666,2.26,9.47,-0.08,9.25,-11.6875,-22.625,-0.289917,-0.42016602,-0.5908203,-0.62475586
1e,4,Right Wrist,30005655,1779733977674,-4.2503514,-1.3687948,-0.3589234,4.90504,50.12111,-46.18627,-144.52591,-56.90399,244.95325,0.0
1e,1,Left Ankle,4002837,1779733977698,0.43,9.92,-0.28,10.0,-15.1875,-17.0,-0.29388428,-0.4204712,-0.59332275,-0.6203613
1e,2,Right Ankle,1044822,1779733977703,-2.9940722,-3.6104343,-5.4843493,-143.99336,24.86624,41.29762,45.474358,72.36272,249.55086,0.0
1e,1,Left Ankle,4002858,1779733977725,1.96,10.82,-0.54,18.5625,12.625,-10.5625,-0.2939453,-0.4197998,-0.59594727,-0.6182251
1e,4,Right Wrist,30005849,1779733977728,-8.964212,-6.4798636,-2.0482562,-41.36496,71.82111,-52.34627,-144.49034,-56.892746,244.90948,0.0
1e,3,Left Wrist,3802817,1779733977737,3.5655074,-8.726328,-3.0245278,-7.4442234,-40.6203,29.509222,-107.32185,-42.35313,330.92993,0.0
1e,1,Left Ankle,4002888,1779733977757,2.34,10.03,-1.22,23.875,36.4375,-7.0625,-0.28997803,-0.41680908,-0.60046387,-0.6177368
1e,1,Left Ankle,4002898,1779733977757,-1.25,10.14,-0.66,24.9375,46.25,0.5625,-0.28338623,-0.4133911,-0.6052246,-0.61846924
1e,2,Right Ankle,1044882,1779733977762,-8.595671,-0.47344372,-2.4502504,-46.903362,5.7562404,51.72762,45.565388,72.4126,249.6575,0.0
1e,1,Left Ankle,4002922,1779733977785,1.53,10.01,-0.72,28.75,52.8125,-6.3125,-0.27624512,-0.40856934,-0.61102295,-0.61920166
1e,3,Left Wrist,3802907,1779733977798,3.4099739,-7.9654098,-5.615955,16.985777,-46.0803,-4.5107765,-107.38856,-42.29612,330.99054,0.0
1e,1,Left Ankle,4002944,1779733977815,3.55,10.97,-1.29,24.6875,46.5625,-5.5625,-0.27001953,-0.40393066,-0.61639404,-0.61968994
1e,1,Left Ankle,4002958,1779733977816,4.32,13.49,-1.42,31.625,48.4375,-8.3125,-0.2637329,-0.39971924,-0.62176514,-0.619751
1e,4,Right Wrist,30005868,1779733977825,-9.306385,-7.1929255,-2.2492533,-46.12496,81.971115,-49.96627,-144.4747,-56.892124,244.88156,0.0
1e,2,Right Ankle,1044972,1779733977825,-8.291781,2.5606554,-0.22253251,-26.043362,2.9562402,40.31762,45.764294,72.42773,249.85898,0.0
1e,1,Left Ankle,4002985,1779733977849,4.93,14.06,-1.75,29.1875,50.0,-17.25,-0.25775146,-0.39416504,-0.62823486,-0.6192627
1e,3,Left Wrist,3802997,1779733977857,3.9459662,-7.800306,-5.785845,-25.364223,-37.1203,-39.650776,-107.475525,-42.25776,331.0553,0.0
1e,1,Left Ankle,4003003,1779733977883,4.95,14.98,-2.98,13.75,36.4375,-18.8125,-0.25421143,-0.3887329,-0.6331177,-0.6192627
1e,1,Left Ankle,4003023,1779733977883,7.14,14.77,-4.32,15.75,43.0625,-29.1875,-0.2518921,-0.38232422,-0.63812256,-0.61901855
1e,2,Right Ankle,1045032,1779733977883,-9.473836,2.3261588,-0.6484549,-24.363363,3.30624,27.997618,45.927017,72.45762,250.02452,0.0
1e,4,Right Wrist,30005925,1779733977883,-9.172387,-6.9823565,-3.249453,-50.60496,115.221115,-25.466272,-144.44296,-56.89232,244.83134,0.0
1e,1,Left Ankle,4003045,1779733977908,8.27,15.62,-4.18,11.6875,64.4375,-20.125,-0.24713135,-0.3743286,-0.64331055,-0.62042236
1e,1,Left Ankle,4003058,1779733977936,7.0,10.46,-2.48,6.1875,63.625,-10.375,-0.24053955,-0.36645508,-0.647583,-0.623291
1e,4,Right Wrist,30006015,1779733977940,-7.925727,-4.802495,-4.453043,-22.25496,142.59111,19.963728,-144.3867,-56.8848,244.75882,0.0
1e,2,Right Ankle,1045092,1779733977944,-8.502351,3.630247,-0.41156548,-27.163363,-1.3837599,19.177618,46.137997,72.460045,250.23604,0.0
1e,3,Left Wrist,3803057,1779733977949,7.86541,-9.71935,-4.627719,48.135777,-48.390297,-107.83078,-107.5443,-42.248085,331.1331,0.0
1e,1,Left Ankle,4003090,1779733977966,-0.62,8.69,-0.36,-6.375,-2.1875,-1.625,-0.2401123,-0.364563,-0.6478882,-0.6242676
1e,1,Left Ankle,4003098,1779733977973,0.67,4.21,0.41,4.5625,-3.5,-23.5625,-0.24108887,-0.3632202,-0.6489258,-0.6235962
1e,1,Left Ankle,4003119,1779733977998,-3.19,2.98,-1.11,5.4375,-29.9375,-17.9375,-0.2468872,-0.36419678,-0.6494751,-0.6201172
1e,1,Left Ankle,4003141,1779733977998,0.19,2.65,-4.56,43.1875,45.0,-6.625,-0.24365234,-0.36193848,-0.65393066,-0.618042
1e,4,Right Wrist,30006076,1779733977998,-4.4561343,-6.8483586,-2.225325,-41.574963,110.53111,56.363728,-144.29855,-56.863895,244.6518,0.0
1e,2,Right Ankle,1045152,1779733978004,-9.351802,2.0031276,-1.0145568,2.7266383,-7.0537596,23.027618,46.28659,72.493126,250.37798,0.0
1e,3,Left Wrist,3803117,1779733978009,7.927623,-6.8455687,-4.5008993,19.855776,-101.240295,-165.58078,-107.66313,-42.307365,331.25552,0.0
1e,1,Left Ankle,4003165,1779733978032,7.05,-0.69,-4.07,61.25,100.8125,36.75,-0.22692871,-0.35742188,-0.66241455,-0.618042
1e,1,Left Ankle,4003188,1779733978057,7.0,-0.31,-2.31,60.125,90.875,100.375,-0.20410156,-0.3591919,-0.6670532,-0.6199951
1e,4,Right Wrist,30006135,1779733978060,-2.3576286,-2.5484564,-3.2518458,39.13504,57.611115,55.87373,-144.23863,-56.806957,244.598,0.0
1e,2,Right Ankle,1045212,1779733978065,-8.961772,3.0583625,-0.46899322,-38.643364,10.376241,28.207619,46.488026,72.50873,250.58578,0.0
1e,1,Left Ankle,4003205,1779733978087,9.97,-1.66,-1.2,45.125,46.625,112.375,-0.18237305,-0.36688232,-0.66760254,-0.62164307
1e,1,Left Ankle,4003226,1779733978089,7.6,1.43,-1.69,27.8125,-28.625,151.6875,-0.1665039,-0.38433838,-0.66174316,-0.6218262
1e,3,Left Wrist,3803207,1779733978099,7.159527,-6.1133647,1.9286151,111.76577,-191.82031,-186.44078,-107.64174,-42.369774,331.32922,0.0
1e,1,Left Ankle,4003248,1779733978116,2.94,8.66,-3.0,15.5625,-113.8125,170.25,-0.15820312,-0.41351318,-0.6497803,-0.6178589
1e,4,Right Wrist,30006195,1779733978125,-2.3337004,-7.525528,-1.5984055,18.765041,-10.148888,68.68372,-144.14555,-56.751606,244.5161,0.0
1e,2,Right Ankle,1045272,1779733978125,-8.758382,3.5536768,1.3710873,-4.063362,2.0462403,14.767618,46.71534,72.47283,250.80513,0.0
1e,1,Left Ankle,4003266,1779733978149,-0.62,10.93,-2.72,16.75,-167.5,162.3125,-0.15704346,-0.44769287,-0.63549805,-0.60913086
1e,1,Left Ankle,4003292,1779733978149,-5.55,11.76,3.24,31.1875,-125.0,153.625,-0.152771,-0.49694824,-0.614563,-0.59332275
1e,3,Left Wrist,3803297,1779733978159,4.0368934,-5.5534444,5.2833524,236.57578,-225.4203,-181.12077,-107.58967,-42.40923,331.4194,0.0
1e,1,Left Ankle,4003305,1779733978182,-9.14,14.13,4.7,19.6875,-100.75,133.0625,-0.15045166,-0.50909424,-0.60858154,-0.5897217
1e,4,Right Wrist,30006255,1779733978182,-2.2714868,-4.503392,-1.7706887,31.085037,-58.378883,66.513725,-144.07776,-56.676014,244.46474,0.0
1e,1,Left Ankle,4003327,1779733978207,-12.05,12.63,0.66,-8.875,-59.375,37.6875,-0.15118408,-0.5299072,-0.5966797,-0.583374
1e,1,Left Ankle,4003348,1779733978209,-9.91,10.16,0.71,-19.375,-70.4375,-28.375,-0.16040039,-0.5345459,-0.59454346,-0.5788574
1e,2,Right Ankle,1045332,1779733978214,-9.134055,3.5034275,-0.30388847,-11.2033615,1.4862401,22.81762,46.92892,72.47909,251.0143,0.0
1e,3,Left Wrist,3803357,1779733978219,-2.4356923,-8.4846525,7.530213,341.36578,-148.63031,-209.47078,-107.49079,-42.443806,331.48596,0.0
1e,1,Left Ankle,4003379,1779733978240,-3.6,8.35,0.75,-23.375,-106.0625,-102.375,-0.18103027,-0.53601074,-0.5958252,-0.5700073
1e,4,Right Wrist,30006315,1779733978240,-5.518547,-4.412465,-1.0217353,23.105042,-155.1189,63.293728,-144.06097,-56.586704,244.46509,0.0
1e,1,Left Ankle,4003388,1779733978268,-2.89,7.59,0.76,-14.5625,-89.875,54.1875,-0.18640137,-0.5376587,-0.59991455,-0.5623779
1e,1,Left Ankle,4003413,1779733978270,-30.92,2.1,19.47,-84.6875,-84.5,67.875,-0.19293213,-0.55236816,-0.583313,-0.5634155
1e,3,Left Wrist,3803416,1779733978279,-3.254037,-17.72334,13.208381,7.2557764,-14.1603,-163.69078,-107.46152,-42.475414,331.48407,0.0
1e,1,Left Ankle,4003432,1779733978300,19.31,3.39,-2.59,-4.5,31.6875,-163.1875,-0.20568848,-0.5362549,-0.5942383,-0.5629883
1e,2,Right Ankle,1045392,1779733978303,-8.586099,3.92935,-0.6699903,3.7766376,19.82624,17.427618,47.16941,72.48489,251.24516,0.0
1e,1,Left Ankle,4003452,1779733978327,16.07,6.27,2.43,-6.375,-37.375,-129.125,-0.22229004,-0.5258179,-0.604187,-0.5559082
1e,4,Right Wrist,30006375,1779733978330,-8.61486,-1.6463621,-1.9142581,93.10504,-222.4589,51.183727,-144.07396,-56.484844,244.5202,0.0
1e,3,Left Wrist,3803477,1779733978338,-2.6031892,-24.425638,33.34877,-65.47423,113.3797,-17.04078,-107.40478,-42.48337,331.40378,0.0
1e,1,Left Ankle,4003480,1779733978358,7.23,5.33,0.89,-30.5,-62.4375,-63.0625,-0.23895264,-0.52215576,-0.6065674,-0.5498047
1e,1,Left Ankle,4003495,1779733978358,-14.91,22.26,-3.52,-49.1875,-183.0,-41.75,-0.26367188,-0.52923584,-0.60058594,-0.538208
1e,2,Right Ankle,1045482,1779733978363,-9.138841,5.7598596,-3.7016966,15.116638,2.8862402,-18.622381,47.37823,72.501205,251.43817,0.0
1e,1,Left Ankle,4003514,1779733978387,7.04,3.91,2.3,6.5,-5.3125,-132.6875,-0.27978516,-0.5256958,-0.6050415,-0.5285034
1e,4,Right Wrist,30006465,1779733978389,-11.833205,16.072489,-16.00559,-17.63496,-30.37889,166.75372,-144.09952,-56.423107,244.51378,0.0
1e,3,Left Wrist,3803537,1779733978398,14.718453,-29.893238,71.818184,438.24576,479.9697,172.16922,-107.04253,-42.478188,331.13126,0.0
1e,1,Left Ankle,4003538,1779733978416,-3.47,9.81,-1.92,3.1875,-35.25,-112.9375,-0.30334473,-0.5109863,-0.62005615,-0.51226807
1e,1,Left Ankle,4003557,1779733978418,-0.86,7.5,-4.63,-0.1875,-89.6875,-126.0,-0.32421875,-0.5067749,-0.62457275,-0.49798584
1e,2,Right Ankle,1045572,1779733978426,-7.6840053,2.823866,4.7042894,131.52664,-27.143759,-58.03238,47.273067,72.464554,251.28783,0.0
1e,3,Left Wrist,3803597,1779733978459,46.322857,-23.992537,73.55058,91.185776,793.5697,326.5192,-106.69161,-42.46396,330.6957,0.0
1e,1,Left Ankle,4003580,1779733978477,-2.4,3.59,-1.44,-2.5625,-136.0,-115.5,-0.34820557,-0.5067749,-0.62524414,-0.48065186
1e,1,Left Ankle,4003598,1779733978485,-0.61,15.44,-3.66,-28.1875,-72.8125,-104.75,-0.36865234,-0.50213623,-0.62597656,-0.46917725
1e,4,Right Wrist,30006525,1779733978485,-2.4389844,-3.132305,8.008777,438.55505,-94.848885,103.193726,-143.89465,-56.382275,244.46536,0.0
1e,1,Left Ankle,4003622,1779733978509,-2.91,11.92,-2.91,-14.125,0.4375,-93.75,-0.37927246,-0.4921875,-0.63165283,-0.46362305
1e,1,Left Ankle,4003643,1779733978509,-0.15,8.13,-3.46,-20.6875,28.5625,-79.75,-0.38446045,-0.47991943,-0.63897705,-0.46209717
1e,2,Right Ankle,1045632,1779733978513,-5.953994,0.8569657,-4.668397,156.65665,-4.5337596,-37.80238,47.444168,72.51998,251.39586,0.0
1e,3,Left Wrist,3803657,1779733978518,69.76295,-19.529922,18.123238,70.325775,541.35974,225.92923,-106.44706,-42.487637,330.39685,0.0
1e,1,Left Ankle,4003661,1779733978535,-5.42,9.15,-5.17,-35.5625,-5.75,-70.25,-0.39276123,-0.46936035,-0.6425171,-0.46105957
1e,4,Right Wrist,30006585,1779733978543,-4.831807,-7.429815,8.384451,90.51504,-102.54889,135.67372,-143.79236,-56.323822,244.397,0.0
1e,1,Left Ankle,4003686,1779733978566,-3.33,8.3,-3.1,-41.375,11.875,-48.1875,-0.39953613,-0.4605713,-0.64367676,-0.46258545
1e,1,Left Ankle,4003701,1779733978566,-0.95,8.69,-2.96,-38.75,41.8125,-31.125,-0.40130615,-0.45147705,-0.64556885,-0.4673462
1e,2,Right Ankle,1045692,1779733978572,-9.33266,7.118983,1.1150554,-47.04336,27.03624,-42.562378,47.620777,72.49264,251.57903,0.0
1e,3,Left Wrist,3803717,1779733978578,43.28636,-5.697014,-10.265209,-238.02423,169.7997,71.019226,-106.50093,-42.54959,330.33002,0.0
1e,1,Left Ankle,4003731,1779733978599,-1.57,8.44,-3.04,-40.1875,37.8125,-24.8125,-0.40270996,-0.43896484,-0.6470947,-0.47576904
1e,1,Left Ankle,4003748,1779733978625,-1.53,8.99,-0.89,-46.3125,16.625,-19.6875,-0.40533447,-0.43225098,-0.64611816,-0.4810791
1e,1,Left Ankle,4003769,1779733978626,-2.1,9.32,-1.09,-52.5625,4.9375,-9.1875,-0.40960693,-0.42669678,-0.6433716,-0.48602295
1e,2,Right Ankle,1045782,1779733978633,-8.4138155,1.0771054,-2.5603201,64.11664,46.49624,-21.002382,47.788147,72.55689,251.71947,0.0
1e,3,Left Wrist,3803777,1779733978638,3.1180496,-2.593523,-1.1700902,70.395775,-129.52031,20.689222,-106.57985,-42.57874,330.43045,0.0
1e,1,Left Ankle,4003792,1779733978657,-1.26,9.11,-0.62,-51.0625,2.8125,-10.1875,-0.4136963,-0.4220581,-0.64001465,-0.49102783
1e,1,Left Ankle,4003810,1779733978685,-2.49,9.89,-1.4,-41.8125,5.875,2.375,-0.41680908,-0.4192505,-0.63616943,-0.49578857
1e,1,Left Ankle,4003832,1779733978685,-1.77,9.88,-0.65,-32.1875,20.25,7.625,-0.41705322,-0.41601562,-0.63397217,-0.50109863
1e,2,Right Ankle,1045842,1779733978693,-7.5835066,2.1801965,-5.144569,-49.423363,17.30624,-12.322382,47.944527,72.60259,251.88559,0.0
1e,3,Left Wrist,3803837,1779733978698,-3.25643,-2.1580293,6.465407,-8.004224,-42.930298,32.30922,-106.55622,-42.553535,330.42078,0.0
1e,1,Left Ankle,4003848,1779733978716,-2.12,9.24,-1.07,-24.1875,25.9375,13.5,-0.4151001,-0.41333008,-0.6326294,-0.5065918
1e,4,Right Wrist,30006675,1779733978718,-11.926525,-14.201502,-3.3140595,-92.25496,-139.2289,92.55373,-143.78967,-56.229576,244.36945,0.0
1e,1,Left Ankle,4003868,1779733978745,-0.53,10.03,-0.49,-15.4375,21.375,18.125,-0.41333008,-0.41314697,-0.6307373,-0.51049805
1e,1,Left Ankle,4003889,1779733978746,-1.0,9.81,-0.93,-9.5625,5.0,20.625,-0.41137695,-0.4136963,-0.62908936,-0.5137329
1e,2,Right Ankle,1045902,1779733978752,-8.581313,-0.37055233,-4.0366917,-3.7133622,-6.9137597,-18.342382,48.021584,72.663055,251.95857,0.0
1e,3,Left Wrist,3803897,1779733978757,1.9336026,-4.555638,2.4717858,-54.834225,-37.9603,-2.9007797,-106.5286,-42.538322,330.3987,0.0
1e,1,Left Ankle,4003914,1779733978775,-1.59,9.72,-0.38,-2.5,-8.875,21.875,-0.41107178,-0.41687012,-0.62628174,-0.5147705
1e,1,Left Ankle,4003929,1779733978805,-1.29,9.55,-1.02,2.125,-6.6875,24.6875,-0.40985107,-0.42016602,-0.6241455,-0.51568604
1e,1,Left Ankle,4003949,1779733978806,-2.14,8.81,-1.23,5.625,-2.0625,25.25,-0.40789795,-0.42340088,-0.6226196,-0.51641846
1e,4,Right Wrist,30006869,1779733978809,-2.699802,-2.8906298,-2.7445676,-11.47496,78.401115,0.85372806,-143.76434,-56.17183,244.3217,0.0
1e,2,Right Ankle,1045962,1779733978812,-8.885201,1.1010336,-1.146162,-23.523363,-13.003759,-4.8323812,48.10286,72.71176,252.04266,0.0
1e,3,Left Wrist,3803957,1779733978818,3.8071823,-0.5811593,7.56132,8.795776,-62.390297,-34.750782,-106.506546,-42.559685,330.4038,0.0
1e,1,Left Ankle,4003975,1779733978835,-1.39,9.21,-1.25,8.6875,-5.1875,34.125,-0.40533447,-0.4286499,-0.62005615,-0.5171509
1e,1,Left Ankle,4003998,1779733978865,-1.18,9.2,-1.55,10.0625,-4.1875,43.625,-0.40148926,-0.43408203,-0.6174927,-0.5187378
1e,1,Left Ankle,4004009,1779733978866,-0.69,10.16,-1.37,13.3125,-4.625,46.3125,-0.39709473,-0.44006348,-0.6149292,-0.52008057
1e,4,Right Wrist,30006945,1779733978868,-3.8435717,-1.8880373,-3.8835511,-3.07496,68.67111,-3.5562723,-143.7592,-56.136993,244.3092,0.0
1e,2,Right Ankle,1046022,1779733978872,-8.179319,0.15347582,-3.144169,-18.623362,-9.293759,2.587619,48.19464,72.763535,252.13597,0.0
1e,3,Left Wrist,3804017,1779733978878,1.1990058,-4.9911313,10.18146,-78.00423,-51.6103,-20.680775,-106.50463,-42.560276,330.39832,0.0
1e,1,Left Ankle,4004035,1779733978901,-0.4,9.98,-1.1,15.9375,-3.25,47.5,-0.39208984,-0.4463501,-0.6124878,-0.52142334
1e,1,Left Ankle,4004054,1779733978927,0.13,9.85,-0.94,16.875,-0.9375,49.0,-0.3866577,-0.45257568,-0.61016846,-0.5227661
1e,4,Right Wrist,30007005,1779733978930,-2.752444,-2.9504502,-5.166104,27.515041,65.94111,-17.136272,-143.74907,-56.092175,244.30388,0.0
1e,2,Right Ankle,1046082,1779733978934,-8.681812,0.18697535,-3.7902312,-20.303362,-13.98376,15.74762,48.298325,72.80995,252.24178,0.0
1e,3,Left Wrist,3804077,1779733978939,-1.8350936,-6.039188,8.585447,-43.074223,-21.5803,-31.180775,-106.48441,-42.556583,330.38208,0.0
1e,1,Left Ankle,4004078,1779733978965,-0.01,9.81,-0.92,19.4375,4.75,52.1875,-0.38043213,-0.4588623,-0.60809326,-0.524292
1e,1,Left Ankle,4004097,1779733978965,0.0,9.7,-1.29,25.0625,6.125,52.5,-0.36968994,-0.46826172,-0.6055908,-0.5266113
1e,4,Right Wrist,30007065,1779733978991,-3.5085764,-2.7470605,-5.383851,65.59504,59.221115,-39.18627,-143.7404,-56.053314,244.31503,0.0
1e,2,Right Ankle,1046142,1779733978992,-8.602849,-0.3155174,-2.120041,-39.063362,-29.52376,35.48762,48.35516,72.85455,252.30927,0.0
1e,1,Left Ankle,4004113,1779733979017,0.42,9.75,-1.69,26.3125,0.3125,49.75,-0.3665161,-0.47174072,-0.6046753,-0.5267334
1e,1,Left Ankle,4004138,1779733979017,0.28,9.82,-1.19,33.25,-2.9375,52.25,-0.35632324,-0.48272705,-0.6022949,-0.5265503
1e,1,Left Ankle,4004157,1779733979045,0.64,9.84,-0.94,35.0,-5.875,53.8125,-0.3491211,-0.49102783,-0.6005249,-0.5256958
1e,1,Left Ankle,4004181,1779733979045,0.51,10.13,-1.25,37.625,-5.9375,60.5625,-0.34100342,-0.49987793,-0.5986328,-0.52490234
1e,2,Right Ankle,1046202,1779733979053,-9.251304,1.4695282,-1.8927227,-35.423363,-33.16376,48.92762,48.479527,72.87943,252.44072,0.0
1e,3,Left Wrist,3804137,1779733979058,-1.3014941,-9.554244,4.5511484,-117.76423,14.9597,1.089222,-106.47455,-42.52742,330.34384,0.0
1e,1,Left Ankle,4004198,1779733979078,1.03,9.96,-1.76,45.25,0.5625,62.125,-0.33190918,-0.508667,-0.59710693,-0.5239868
1e,1,Left Ankle,4004220,1779733979078,0.86,9.79,-0.31,47.5625,4.5,59.0,-0.32202148,-0.51708984,-0.5964966,-0.52264404
1e,4,Right Wrist,30007125,1779733979078,-4.8126645,-3.816652,-5.235496,73.435036,39.55111,-70.68628,-143.7324,-56.021366,244.33624,0.0
1e,1,Left Ankle,4004243,1779733979105,2.03,10.48,-2.18,35.75,-0.5625,62.0625,-0.31323242,-0.5250244,-0.5946655,-0.5222168
1e,2,Right Ankle,1046262,1779733979112,-8.720097,1.9696281,-0.37328032,4.0566382,-26.44376,35.83762,48.630085,72.90129,252.58366,0.0
1e,3,Left Wrist,3804227,1779733979117,-3.299501,-7.9127674,0.5312066,-111.394226,43.5197,34.759224,-106.47134,-42.46897,330.3021,0.0
1e,1,Left Ankle,4004260,1779733979135,1.14,9.41,-1.39,35.375,5.875,71.8125,-0.30291748,-0.5327759,-0.5923462,-0.52301025
1e,1,Left Ankle,4004285,1779733979165,2.41,11.81,-0.76,24.0,15.625,73.0625,-0.29266357,-0.54022217,-0.58880615,-0.5251465
1e,1,Left Ankle,4004300,1779733979166,2.8,11.89,-1.28,4.625,41.0625,71.9375,-0.2819214,-0.545166,-0.5843506,-0.5308838
1e,2,Right Ankle,1046322,1779733979173,-9.007236,2.2974448,-0.7322037,-34.443363,-19.09376,12.24762,48.769913,72.92667,252.72818,0.0
1e,3,Left Wrist,3804317,1779733979179,-2.0217338,-7.9893374,-2.3784657,-155.84422,43.3797,43.50922,-106.508705,-42.389732,330.27667,0.0
1e,1,Left Ankle,4004320,1779733979195,3.55,9.83,-4.03,-10.9375,100.1875,65.75,-0.26794434,-0.54364014,-0.581604,-0.54260254
1e,4,Right Wrist,30007215,1779733979202,-5.8080792,-3.9602218,-6.522835,-20.854961,10.921112,-76.28628,-143.77542,-55.982132,244.37659,0.0
1e,1,Left Ankle,4004351,1779733979226,4.44,10.05,-6.43,-16.8125,88.8125,41.4375,-0.25549316,-0.53863525,-0.579895,-0.5552368
1e,1,Left Ankle,4004368,1779733979226,0.46,6.2,-3.84,-11.0625,56.0625,33.625,-0.24468994,-0.5350952,-0.57696533,-0.5665283
1e,2,Right Ankle,1046382,1779733979232,-9.105342,3.589569,-0.8039884,-21.703362,-7.6837597,3.637619,48.962067,72.93587,252.91876,0.0
1e,3,Left Wrist,3804377,1779733979237,-0.99521285,-5.067702,-4.005585,-174.67422,53.6697,26.009222,-106.59685,-42.3188,330.27975,0.0
1e,4,Right Wrist,30007378,1779733979259,-5.922934,-5.0178494,-0.33260235,-112.27496,4.621112,-65.57628,-143.89787,-55.93673,244.43498,0.0
1e,1,Left Ankle,4004390,1779733979285,-1.63,7.01,-2.31,-13.5625,20.125,21.875,-0.24206543,-0.53497314,-0.5744629,-0.57025146
1e,1,Left Ankle,4004405,1779733979286,-1.18,5.23,3.78,-15.0,8.0,23.4375,-0.24127197,-0.5354004,-0.572876,-0.5718384
1e,2,Right Ankle,1046442,1779733979292,-8.753596,3.051184,-1.4955142,-15.613361,-13.6337595,-5.7423806,49.12771,72.9571,253.0809,0.0
1e,3,Left Wrist,3804437,1779733979297,1.3521465,-4.079466,-5.639883,-136.31422,44.219696,23.489222,-106.70856,-42.27754,330.31024,0.0
1e,1,Left Ankle,4004431,1779733979318,0.08,3.91,3.57,-47.9375,-11.875,27.125,-0.2446289,-0.5372925,-0.5626221,-0.57873535
1e,1,Left Ankle,4004451,1779733979318,-0.89,6.28,0.36,-35.25,50.75,23.6875,-0.23822021,-0.53240967,-0.5597534,-0.58862305
1e,1,Left Ankle,4004469,1779733979345,-2.61,6.29,1.53,1.875,161.9375,22.0,-0.2243042,-0.52227783,-0.5609131,-0.6018677
1e,1,Left Ankle,4004490,1779733979346,2.88,5.65,-1.42,7.625,195.125,13.8125,-0.20336914,-0.5024414,-0.5684204,-0.6189575
1e,2,Right Ankle,1046502,1779733979353,-8.715312,1.7040248,-0.31824538,-6.6533623,-5.02376,4.267619,49.253567,72.997185,253.20335,0.0
1e,3,Left Wrist,3804497,1779733979357,2.3762743,-0.71515733,-5.029713,-39.924225,11.8097,11.309223,-106.81542,-42.279972,330.36902,0.0
1e,1,Left Ankle,4004508,1779733979377,20.46,16.3,-4.04,76.3125,107.3125,-2.5,-0.1831665,-0.48693848,-0.58154297,-0.62542725
1e,4,Right Wrist,30007398,1779733979385,-5.61426,-5.3983083,0.2871387,-102.82496,5.4611115,-64.03628,-143.92126,-55.925514,244.43413,0.0
1e,1,Left Ankle,4004529,1779733979410,-8.92,11.28,-1.67,-40.625,-113.5625,88.875,-0.18188477,-0.50213623,-0.5692749,-0.62506104
1e,1,Left Ankle,4004549,1779733979410,1.98,11.68,-2.02,-41.375,-101.625,-4.375,-0.19677734,-0.5149536,-0.56030273,-0.6182251
1e,2,Right Ankle,1046562,1779733979414,-9.607835,0.97660685,-0.55034924,-1.683362,8.48624,18.05762,49.35561,73.04959,253.30336,0.0
1e,3,Left Wrist,3804557,1779733979418,2.476773,-3.2395852,-5.2953167,5.5757766,14.4697,31.469223,-106.89254,-42.251038,330.41626,0.0
1e,1,Left Ankle,4004573,1779733979437,8.5,8.69,-0.65,-10.25,31.1875,-44.3125,-0.20220947,-0.51000977,-0.5620117,-0.61901855
1e,4,Right Wrist,30007485,1779733979439,-5.386942,-6.991928,-1.0863415,-41.574963,24.081112,-55.706272,-143.9096,-55.91008,244.41847,0.0
1e,1,Left Ankle,4004600,1779733979467,2.28,9.1,1.58,-15.125,15.875,0.125,-0.20281982,-0.50683594,-0.5620117,-0.6213989
1e,1,Left Ankle,4004611,1779733979469,3.25,8.62,0.73,19.125,69.8125,-4.125,-0.19586182,-0.5003052,-0.56604004,-0.62524414
1e,2,Right Ankle,1046622,1779733979473,-8.633955,2.8071163,-1.5529418,-3.2933621,16.39624,24.007618,49.569176,73.07245,253.51164,0.0
1e,3,Left Wrist,3804617,1779733979479,1.8211393,-4.859526,-5.07757,-22.704224,-6.8803005,19.70922,-106.973114,-42.200623,330.4653,0.0
1e,1,Left Ankle,4004642,1779733979497,6.08,8.73,-2.59,14.25,63.5625,-4.625,-0.18762207,-0.49163818,-0.571167,-0.62994385
1e,1,Left Ankle,4004654,1779733979528,3.59,8.86,-0.6,-2.75,-25.25,-9.375,-0.18945312,-0.49249268,-0.5710449,-0.62890625
1e,4,Right Wrist,30007576,1779733979530,-8.497612,-4.0296135,-5.192425,-55.99496,14.421112,-17.206272,-143.93039,-55.87265,244.42056,0.0
1e,2,Right Ankle,1046682,1779733979535,-8.200854,3.2162888,-1.2729815,-26.673363,17.58624,6.997619,49.78116,73.0904,253.72516,0.0
1e,3,Left Wrist,3804677,1779733979540,0.4907301,-9.097215,-4.3740797,22.025776,-36.2803,9.699223,-106.99938,-42.120186,330.49634,0.0
1e,1,Left Ankle,4004678,1779733979561,0.52,9.74,-1.68,-1.75,-39.1875,0.8125,-0.19854736,-0.5004883,-0.567688,-0.6227417
1e,1,Left Ankle,4004698,1779733979561,2.91,9.1,-2.33,11.5,-4.125,8.0625,-0.19805908,-0.5024414,-0.567749,-0.62127686
1e,4,Right Wrist,30007666,1779733979590,-8.1650095,-3.024628,-2.3856442,-73.494965,29.261112,2.183728,-143.93813,-55.84686,244.40198,0.0
1e,2,Right Ankle,1046742,1779733979594,-9.174733,3.0487912,-1.8927227,1.6766381,8.06624,-11.272381,49.96501,73.12041,253.90042,0.0
1e,3,Left Wrist,3804737,1779733979599,0.42612407,-7.8242335,-2.4789643,7.6757765,-37.9603,24.049221,-107.007515,-42.03443,330.51117,0.0
1e,1,Left Ankle,4004714,1779733979619,2.77,10.14,-2.38,14.5,-11.4375,10.25,-0.19921875,-0.5053711,-0.5664673,-0.61968994
1e,1,Left Ankle,4004739,1779733979620,3.97,9.72,-1.89,14.0,-28.6875,3.6875,-0.2010498,-0.5115967,-0.5667114,-0.61376953
1e,1,Left Ankle,4004756,1779733979644,4.59,9.45,0.68,11.125,-72.875,-3.75,-0.20428467,-0.51538086,-0.56622314,-0.60998535
1e,1,Left Ankle,4004778,1779733979645,4.03,8.87,0.22,-18.5,-101.6875,-12.8125,-0.22143555,-0.5288086,-0.56036377,-0.5977783
1e,4,Right Wrist,30007725,1779733979649,-4.358028,-2.8810587,-2.9862425,-65.93496,25.061111,12.963728,-143.9398,-55.803097,244.37935,0.0
1e,2,Right Ankle,1046802,1779733979652,-8.968951,2.1514826,-1.7156539,-7.353362,0.5762402,-18.972382,50.10788,73.16112,254.0384,0.0
1e,3,Left Wrist,3804797,1779733979657,1.6967127,-6.1540427,-3.7758741,40.085777,-52.8003,24.329222,-107.053024,-41.956535,330.56223,0.0
1e,1,Left Ankle,4004798,1779733979678,4.55,8.21,-1.33,-23.5625,-92.75,-22.5625,-0.23461914,-0.53570557,-0.5560913,-0.59051514
1e,1,Left Ankle,4004817,1779733979678,3.36,7.99,-2.74,-19.5625,-80.5,-23.8125,-0.24639893,-0.5404053,-0.5532837,-0.58410645
1e,1,Left Ankle,4004848,1779733979705,6.64,7.03,-2.17,-26.0,-73.5,-40.5,-0.25891113,-0.54296875,-0.55133057,-0.57806396
1e,4,Right Wrist,30007786,1779733979709,-3.0515468,-5.5969124,-1.0073783,-44.79496,6.5111117,31.51373,-143.89119,-55.762444,244.32048,0.0
1e,2,Right Ankle,1046862,1779733979712,-8.779918,2.4936564,-1.0241281,5.596638,7.2962403,-9.872381,50.28304,73.19362,254.20413,0.0
1e,3,Left Wrist,3804857,1779733979718,0.78265435,-6.300005,-0.44985065,22.515776,-47.9003,18.029222,-107.025085,-41.88482,330.55933,0.0
1e,1,Left Ankle,4004857,1779733979736,7.74,5.79,-3.5,-29.25,-74.5625,-29.6875,-0.27282715,-0.54644775,-0.5479126,-0.5716553
1e,1,Left Ankle,4004882,1779733979736,2.49,6.21,-3.2,-24.0625,-52.375,-19.25,-0.2835083,-0.54901123,-0.5446167,-0.56707764
1e,1,Left Ankle,4004902,1779733979765,-4.03,12.1,-8.85,16.1875,61.8125,-1.5625,-0.28100586,-0.5459595,-0.5465088,-0.569458
1e,4,Right Wrist,30007845,1779733979768,-4.4489555,-5.4892354,-3.522235,-25.61496,-20.438889,34.033726,-143.86441,-55.699657,244.28792,0.0
1e,2,Right Ankle,1046922,1779733979772,-8.193676,1.9026291,-1.4213367,3.916638,12.26624,15.397619,50.46389,73.22821,254.3779,0.0
1e,3,Left Wrist,3804916,1779733979777,2.0628147,-5.4146614,-2.2325034,-10.244224,-28.3703,20.759222,-107.057976,-41.802273,330.58435,0.0
1e,1,Left Ankle,4004920,1779733979795,5.36,8.67,-2.08,17.4375,99.4375,-34.375,-0.27368164,-0.53411865,-0.55584717,-0.57525635
1e,1,Left Ankle,4004946,1779733979825,1.74,8.9,0.02,-2.4375,52.0,-34.0,-0.27142334,-0.5238037,-0.5620117,-0.57977295
1e,1,Left Ankle,4004961,1779733979826,1.96,9.67,-0.01,-12.5,-2.25,-21.25,-0.27581787,-0.5220337,-0.5616455,-0.57958984
1e,4,Right Wrist,30007906,1779733979829,-8.07169,-4.9221363,-2.993421,-28.764961,-10.848888,11.283728,-143.85632,-55.65605,244.27242,0.0
1e,3,Left Wrist,3804977,1779733979838,1.4191455,-6.919747,-2.969493,15.795776,-16.750301,29.439222,-107.07516,-41.71671,330.6014,0.0
1e,1,Left Ankle,4004992,1779733979855,0.23,10.61,0.24,-6.8125,5.625,-10.9375,-0.27685547,-0.5187988,-0.5629883,-0.5807495
1e,2,Right Ankle,1046982,1779733979863,-8.186498,1.8499869,-2.6009982,12.596638,12.75624,24.14762,50.65827,73.262,254.56238,0.0
1e,1,Left Ankle,4005009,1779733979886,2.38,10.17,-2.39,8.5,21.8125,2.5625,-0.2738037,-0.51831055,-0.5638428,-0.5817871
1e,1,Left Ankle,4005032,1779733979886,1.55,9.3,-1.38,7.8125,6.625,20.125,-0.2703247,-0.5203247,-0.5628662,-0.58251953
1e,4,Right Wrist,30007965,1779733979888,-10.553046,-2.108177,-0.9092726,-36.18496,8.331112,-4.3962717,-143.86165,-55.635056,244.26611,0.0
1e,3,Left Wrist,3805037,1779733979899,1.921638,-13.198513,-3.3379877,36.37578,-29.9803,20.269222,-107.06074,-41.633972,330.6062,0.0
1e,1,Left Ankle,4005050,1779733979919,2.23,10.28,-1.43,9.625,3.9375,32.875,-0.2652588,-0.52349854,-0.56103516,-0.58380127
1e,2,Right Ankle,1047042,1779733979922,-8.825381,3.6134975,-1.6989042,-16.593363,5.26624,25.47762,50.881424,73.27085,254.78366,0.0
1e,1,Left Ankle,4005067,1779733979946,2.53,9.29,-0.68,14.375,29.75,39.1875,-0.25683594,-0.5248413,-0.5602417,-0.5871582
1e,4,Right Wrist,30008025,1779733979949,-10.017054,-3.4529433,-1.0528419,-47.52496,61.181114,-12.166272,-143.852,-55.62797,244.23927,0.0
1e,3,Left Wrist,3805097,1779733979957,4.6566343,-12.997516,-3.6753755,-18.364223,-64.5603,15.089222,-107.079414,-41.547195,330.62927,0.0
1e,1,Left Ankle,4005100,1779733979978,3.51,9.58,-2.13,13.0,43.5625,49.125,-0.24682617,-0.52575684,-0.55914307,-0.59161377
1e,1,Left Ankle,4005108,1779733979978,3.61,8.9,-3.46,11.75,50.4375,48.0,-0.23614502,-0.52563477,-0.5581665,-0.5970459
1e,2,Right Ankle,1047132,1779733979983,-8.97613,2.9530783,-2.4143581,-24.083363,-3.4137597,-0.352381,51.055607,73.29653,254.95824,0.0
1e,1,Left Ankle,4005135,1779733980009,3.47,8.9,-2.85,14.75,64.9375,47.25,-0.22442627,-0.52459717,-0.55755615,-0.6029663
1e,1,Left Ankle,4005153,1779733980011,3.66,8.59,-1.76,16.6875,56.4375,38.125,-0.2131958,-0.5229492,-0.55792236,-0.60809326
1e,4,Right Wrist,30008085,1779733980011,-7.3777704,-4.6804614,-1.8376877,-76.29496,125.44112,-4.816272,-143.82152,-55.630066,244.17828,0.0
1e,3,Left Wrist,3805157,1779733980017,6.8747807,-9.346069,-3.8691943,-43.704224,-73.170296,-20.890781,-107.16427,-41.491085,330.69528,0.0
1e,1,Left Ankle,4005170,1779733980035,3.87,8.45,-1.43,15.25,55.5625,32.875,-0.20373535,-0.5206909,-0.55908203,-0.6121826
1e,2,Right Ankle,1047192,1779733980043,-7.4614725,1.5628483,-4.5822554,-63.423363,18.77624,-3.5023808,51.2169,73.341385,255.1352,0.0
1e,1,Left Ankle,4005188,1779733980065,2.12,7.41,-1.12,7.875,-5.0,9.5,-0.2010498,-0.5217285,-0.55908203,-0.6121826
1e,1,Left Ankle,4005208,1779733980067,0.91,7.68,-1.52,5.25,-2.8125,-4.875,-0.20117188,-0.5222168,-0.5597534,-0.611145
1e,4,Right Wrist,30008145,1779733980069,-4.032604,-4.455536,-1.7778672,-70.134964,148.40111,29.483728,-143.75635,-55.624863,244.0823,0.0
1e,1,Left Ankle,4005235,1779733980096,3.43,7.72,-3.02,2.5625,6.75,-16.0,-0.20166016,-0.5206299,-0.5614624,-0.6107788
1e,2,Right Ankle,1047252,1779733980104,-9.050307,3.5919619,1.713261,-80.923355,20.80624,2.3076189,51.375797,73.28674,255.31622,0.0
1e,1,Left Ankle,4005253,1779733980129,4.75,8.44,-4.39,-1.375,21.0625,-32.0,-0.20300293,-0.51623535,-0.5643921,-0.6113281
1e,1,Left Ankle,4005269,1779733980131,4.5,10.13,-1.17,-12.625,14.5,-53.375,-0.20715332,-0.50964355,-0.56799316,-0.6121216
1e,4,Right Wrist,30008206,1779733980131,-1.8312076,-4.0320063,-1.7204396,-50.324963,129.64111,73.373726,-143.65904,-55.598373,243.96072,0.0
1e,3,Left Wrist,3805217,1779733980139,7.8893375,-8.9967165,-1.2801601,14.6757765,-96.4103,-93.27077,-107.1255,-41.51095,330.70428,0.0
1e,1,Left Ankle,4005296,1779733980156,4.86,8.07,-1.17,-10.5,20.25,-80.25,-0.2140503,-0.5001221,-0.5737915,-0.6121826
1e,2,Right Ankle,1047312,1779733980164,-9.402051,1.5748124,-1.5337993,-52.083363,31.16624,27.927618,51.54185,73.32937,255.4969,0.0
1e,1,Left Ankle,4005312,1779733980188,5.06,8.77,0.27,-7.75,20.4375,-91.5625,-0.22180176,-0.4890747,-0.58117676,-0.6114502
1e,4,Right Wrist,30008265,1779733980190,1.6144571,-3.3189452,-0.20578274,-64.60496,71.82111,147.71373,-143.5086,-55.570858,243.78613,0.0
1e,3,Left Wrist,3805380,1779733980199,5.7860465,-2.6557367,5.048856,216.83577,-249.57031,-164.11078,-107.09444,-41.629185,330.8579,0.0
1e,1,Left Ankle,4005341,1779733980222,1.57,8.19,0.87,-11.5625,11.5,-102.9375,-0.23175049,-0.47735596,-0.5887451,-0.6097412
1e,1,Left Ankle,4005358,1779733980222,3.03,9.31,0.14,-22.375,-1.1875,-128.6875,-0.25091553,-0.45739746,-0.60058594,-0.605896
1e,2,Right Ankle,1047372,1779733980224,-4.080414,4.5347342,-2.292324,-61.813362,10.8662405,25.967619,51.79619,73.31114,255.76366,0.0
1e,1,Left Ankle,4005382,1779733980247,7.84,9.37,-1.15,-23.75,-19.625,-136.3125,-0.26940918,-0.44561768,-0.6074829,-0.5998535
1e,3,Left Wrist,3805399,1779733980259,4.931809,-3.6631148,7.5852475,241.33577,-277.8503,-154.80078,-107.058876,-41.66456,330.9715,0.0
1e,1,Left Ankle,4005400,1779733980279,4.37,9.29,-2.23,-13.4375,-57.1875,-138.8125,-0.29040527,-0.4376831,-0.6132202,-0.5899658
1e,1,Left Ankle,4005417,1779733980279,0.09,12.59,-5.24,2.6875,-88.25,-121.375,-0.31188965,-0.43475342,-0.61883545,-0.5751953
1e,2,Right Ankle,1047432,1779733980284,-8.5669565,4.697446,-1.8257236,6.5766377,-21.47376,-6.1623807,52.000347,73.30815,255.95494,0.0
1e,1,Left Ankle,4005438,1779733980307,1.64,11.87,-6.11,48.3125,-135.6875,-124.4375,-0.33398438,-0.4356079,-0.6254883,-0.5545654
1e,3,Left Wrist,3805457,1779733980319,-5.7353945,-6.7857485,15.969698,272.90576,-293.3203,-179.02077,-107.02784,-41.685005,331.10107,0.0
1e,1,Left Ankle,4005457,1779733980340,1.11,12.05,-8.3,61.5,-156.0625,-123.5,-0.3581543,-0.4421997,-0.63116455,-0.5270996
1e,2,Right Ankle,1047492,1779733980344,-9.260875,4.757267,-0.16510476,33.736637,-37.223763,-5.672381,52.202927,73.28374,256.13443,0.0
1e,1,Left Ankle,4005490,1779733980371,5.47,8.81,-9.31,106.3125,-251.625,-104.6875,-0.3852539,-0.45672607,-0.633728,-0.49121094
1e,1,Left Ankle,4005498,1779733980371,3.65,5.48,-8.3,118.625,-310.3125,-77.75,-0.4147339,-0.47875977,-0.6298828,-0.4494629
1e,4,Right Wrist,30008326,1779733980371,5.2371907,0.2774667,-0.8111669,-15.32496,-32.54889,167.52373,-143.48201,-55.58192,243.737,0.0
1e,3,Left Wrist,3805517,1779733980379,-15.486147,-27.086456,52.216175,83.90577,74.7397,-225.29079,-106.9556,-41.757973,331.07104,0.0
1e,1,Left Ankle,4005521,1779733980396,0.88,5.74,-6.61,122.3125,-338.8125,-56.75,-0.44580078,-0.50756836,-0.61743164,-0.40301514
1e,1,Left Ankle,4005538,1779733980405,-0.89,-1.41,3.68,121.625,-352.6875,1.375,-0.47351074,-0.5391846,-0.59802246,-0.35699463
1e,2,Right Ankle,1047552,1779733980405,-12.342831,6.740917,5.326423,164.63664,-60.883762,-11.272381,52.193077,73.21273,256.0644,0.0
1e,1,Left Ankle,4005557,1779733980429,-4.47,0.05,14.57,102.0,-300.9375,40.8125,-0.48913574,-0.56658936,-0.576355,-0.32800293
1e,4,Right Wrist,30008489,1779733980429,2.657728,11.27488,6.2931237,91.98504,-412.4389,43.343727,-143.64374,-55.42408,243.94409,0.0
1e,3,Left Wrist,3805577,1779733980438,1.6751772,-12.207884,72.741806,46.595776,614.0197,135.69922,-106.70335,-41.77777,330.75052,0.0
1e,1,Left Ankle,4005581,1779733980463,-14.91,15.95,24.36,8.6875,-13.4375,77.375,-0.48828125,-0.5807495,-0.56359863,-0.3265381
1e,1,Left Ankle,4005601,1779733980463,-3.5,18.63,9.88,4.5625,140.375,-4.125,-0.47930908,-0.5740967,-0.5723877,-0.3363037
1e,2,Right Ankle,1047612,1779733980463,7.034247,7.475513,-0.8566305,282.86664,-86.78376,-83.65238,52.241512,73.18239,256.0041,0.0
1e,1,Left Ankle,4005617,1779733980490,9.3,23.49,-20.38,17.4375,127.5625,-26.875,-0.46948242,-0.5671387,-0.58477783,-0.34057617
1e,4,Right Wrist,30008565,1779733980490,-2.309772,-3.8453662,16.01277,204.75504,-371.3489,-40.796272,-143.6669,-55.339233,244.07219,0.0
1e,3,Left Wrist,3805637,1779733980499,49.05307,-19.5706,78.398445,225.37578,747.29974,374.32922,-106.32402,-41.742428,330.33588,0.0
1e,1,Left Ankle,4005646,1779733980520,-4.57,12.44,-8.21,22.0625,-86.3125,-47.4375,-0.47546387,-0.5675049,-0.5861206,-0.3291626
1e,2,Right Ankle,1047672,1779733980524,-13.429172,-4.7015615,8.851051,-126.07336,-17.62376,-38.99238,51.965557,73.2016,255.77824,0.0
1e,1,Left Ankle,4005665,1779733980547,-2.12,5.79,-3.51,20.8125,-122.0,-58.25,-0.48828125,-0.5697632,-0.58343506,-0.31085205
1e,1,Left Ankle,4005689,1779733980548,-6.94,1.53,2.13,-5.5625,-51.9375,-31.0,-0.5027466,-0.5708008,-0.57928467,-0.29309082
1e,4,Right Wrist,30008625,1779733980549,-8.710573,-6.2022963,15.333208,223.79504,-298.0589,-16.506271,-143.65141,-55.261726,244.16148,0.0
1e,3,Left Wrist,3805697,1779733980559,70.88757,-20.61387,13.040883,92.02577,507.9697,86.34922,-106.10307,-41.81285,330.07672,0.0
1e,2,Right Ankle,1047732,1779733980589,-6.1502056,-2.9548008,-5.814559,134.39664,6.3162403,-63.422382,52.05985,73.287735,255.82019,0.0
1e,1,Left Ankle,4005713,1779733980607,-6.03,3.3,-0.56,-19.125,24.625,-4.9375,-0.5038452,-0.5671997,-0.58081055,-0.29510498
1e,1,Left Ankle,4005729,1779733980614,-4.47,4.83,-2.87,-24.75,61.0625,16.75,-0.5,-0.5635376,-0.5831909,-0.30377197
1e,4,Right Wrist,30008685,1779733980615,-13.235399,-15.886049,1.4117653,-78.46496,-122.568886,55.87373,-143.65036,-55.19023,244.14357,0.0
1e,3,Left Wrist,3805757,1779733980620,36.957348,-15.38316,-17.032112,-66.174225,115.2697,91.24922,-106.14736,-41.85046,330.05548,0.0
1e,1,Left Ankle,4005753,1779733980639,-1.93,8.52,-5.02,-33.8125,47.5625,24.25,-0.49664307,-0.56036377,-0.5838623,-0.31378174
1e,1,Left Ankle,4005779,1779733980639,-0.18,9.58,-3.88,-44.9375,10.5,21.875,-0.49713135,-0.55792236,-0.5814209,-0.32183838
1e,2,Right Ankle,1047792,1779733980646,-9.086199,0.2874739,-0.8350951,24.426638,24.86624,-45.57238,52.12024,73.36658,255.86903,0.0
1e,1,Left Ankle,4005789,1779733980667,-0.9,13.08,-6.83,-52.9375,-32.6875,12.5625,-0.50335693,-0.5562744,-0.5751953,-0.32611084
1e,1,Left Ankle,4005813,1779733980669,-2.49,12.85,-5.98,-43.75,-53.5625,8.75,-0.51257324,-0.5564575,-0.56677246,-0.32617188
1e,4,Right Wrist,30008746,1779733980670,-13.953246,-3.3811588,-0.9667004,-65.79496,-31.21889,62.383728,-143.64842,-55.144054,244.11678,0.0
1e,3,Left Wrist,3805817,1779733980679,2.6131642,-1.6842505,0.11006984,57.095776,-159.27031,81.72922,-106.126945,-41.855064,330.08902,0.0
1e,1,Left Ankle,4005836,1779733980696,-4.76,9.78,-0.27,-39.6875,-38.9375,14.125,-0.5201416,-0.5564575,-0.5595093,-0.3267212
1e,2,Right Ankle,1047852,1779733980703,-9.643726,0.07690549,-0.7393822,-3.853362,28.016241,-26.952381,52.170464,73.443794,255.91902,0.0
1e,1,Left Ankle,4005854,1779733980726,-3.05,8.9,-0.16,-35.25,-3.5,19.625,-0.5237427,-0.555603,-0.5548096,-0.33050537
1e,4,Right Wrist,30008805,1779733980729,-11.112967,-2.7422752,-0.7609176,28.91504,38.641113,48.10373,-143.59819,-55.120407,244.07155,0.0
1e,2,Right Ankle,1047912,1779733980764,-7.911323,-0.9998647,-4.5535417,-10.293362,5.26624,-18.552382,52.26673,73.508675,256.01404,0.0
1e,3,Left Wrist,3805877,1779733980769,-1.6412743,-5.945868,6.9918275,7.0457764,-60.570297,-24.81078,-106.09985,-41.842537,330.08954,0.0
1e,1,Left Ankle,4005869,1779733980791,-1.81,9.87,-1.82,-28.8125,10.25,22.3125,-0.52453613,-0.5545044,-0.5517578,-0.33605957
1e,1,Left Ankle,4005899,1779733980791,-2.21,8.95,-1.21,-22.1875,6.0,22.875,-0.5247803,-0.55407715,-0.5489502,-0.34106445
1e,4,Right Wrist,30008866,1779733980792,-5.96122,-0.1221341,-0.26321048,-45.63496,118.02111,50.273727,-143.55931,-55.122997,244.00452,0.0
1e,1,Left Ankle,4005909,1779733980816,-3.31,8.66,-0.82,-18.0,10.0625,27.5,-0.52423096,-0.55426025,-0.5462036,-0.34594727
1e,1,Left Ankle,4005935,1779733980819,-3.16,9.05,-1.83,-12.3125,19.1875,34.625,-0.5220337,-0.5550537,-0.54382324,-0.35168457
1e,1,Left Ankle,4005953,1779733980821,-1.53,9.92,-0.99,-6.5,16.125,35.0625,-0.51898193,-0.5565796,-0.54156494,-0.35717773
1e,2,Right Ankle,1047972,1779733980822,-8.614813,-1.1984689,-2.6273193,-43.54336,-6.9137597,-8.962381,52.301273,73.57423,256.06064,0.0
1e,1,Left Ankle,4005978,1779733980846,-1.49,9.81,-1.11,-2.25,9.4375,35.875,-0.5147705,-0.5598755,-0.5375366,-0.3640747
1e,3,Left Wrist,3805937,1779733980857,-1.0598189,-4.548459,6.338587,-48.044224,-39.2903,-17.250778,-106.084816,-41.83295,330.07938,0.0
1e,1,Left Ankle,4005998,1779733980880,-2.65,9.05,-2.07,4.5,13.1875,44.375,-0.5107422,-0.5632324,-0.53466797,-0.36883545
1e,1,Left Ankle,4006020,1779733980880,-1.84,9.28,-2.19,12.125,16.0625,49.375,-0.5054321,-0.56762695,-0.53186035,-0.3734131
1e,4,Right Wrist,30008925,1779733980880,-2.8672998,-0.6270196,-1.2299109,-4.47496,146.7911,24.51373,-143.51254,-55.122562,243.9435,0.0
1e,2,Right Ankle,1048032,1779733980882,-9.5193,-0.04512845,-1.3280165,-45.29336,-17.20376,27.367619,52.35301,73.62466,256.12573,0.0
1e,1,Left Ankle,4006044,1779733980905,-0.78,10.31,-1.75,17.0625,17.8125,51.875,-0.49908447,-0.57250977,-0.52948,-0.3779297
1e,3,Left Wrist,3806027,1779733980918,-1.3373861,-5.5438733,5.0201416,-111.744225,-53.430298,-38.46078,-106.09766,-41.821346,330.07803,0.0
1e,1,Left Ankle,4006057,1779733980939,-1.67,10.21,-1.52,18.1875,20.4375,54.5,-0.49053955,-0.57647705,-0.52856445,-0.38427734
1e,1,Left Ankle,4006079,1779733980939,-0.99,9.68,-1.42,31.625,44.3125,53.5,-0.4805298,-0.58117676,-0.5283203,-0.39013672
1e,4,Right Wrist,30008985,1779733980939,-1.381357,-1.0457635,-1.134198,-11.404961,143.4311,-4.1862717,-143.4681,-55.111534,243.88742,0.0
1e,2,Right Ankle,1048092,1779733980943,-8.136249,-1.9211016,-3.1680973,-97.44336,-22.87376,53.89762,52.39333,73.6719,256.19852,0.0
1e,1,Left Ankle,4006102,1779733980965,0.33,10.49,-0.66,36.0625,42.6875,54.0625,-0.4696045,-0.5858154,-0.5289917,-0.39556885
1e,3,Left Wrist,3806117,1779733980978,-1.7776655,-7.8912325,4.914858,-25.154224,-50.8403,-12.280777,-106.077835,-41.794025,330.07257,0.0
1e,4,Right Wrist,30009076,1779733980999,-0.4194421,-1.3759733,-3.1609187,29.125038,123.34111,-59.55627,-143.4781,-55.08572,243.89888,0.0
1e,2,Right Ankle,1048152,1779733981002,-7.7198973,1.282888,-3.6227334,-45.083363,-16.29376,48.78762,52.559547,73.69614,256.3748,0.0
1e,1,Left Ankle,4006127,1779733981026,0.0,10.05,-1.4,36.625,35.4375,51.875,-0.4537964,-0.59277344,-0.5298462,-0.40246582
1e,1,Left Ankle,4006147,1779733981026,0.12,9.53,-1.17,38.6875,30.25,44.5625,-0.4440918,-0.59765625,-0.5302124,-0.4055786
1e,1,Left Ankle,4006166,1779733981055,0.44,10.18,-1.69,36.4375,32.6875,44.75,-0.43884277,-0.59936523,-0.53100586,-0.4076538
1e,1,Left Ankle,4006188,1779733981055,0.12,11.98,-0.16,31.25,46.75,45.8125,-0.42388916,-0.60498047,-0.5319214,-0.41400146
1e,2,Right Ankle,1048212,1779733981062,-8.564564,0.28508106,1.1509477,-36.68336,-50.173763,56.97762,52.42239,73.737236,256.25488,0.0
1e,3,Left Wrist,3806177,1779733981069,-2.6534383,-7.6040936,4.996214,-152.97423,-36.700302,39.93922,-106.0964,-41.749935,330.05563,0.0
1e,1,Left Ankle,4006211,1779733981090,1.93,10.96,-0.13,26.625,69.0625,32.8125,-0.4126587,-0.6055298,-0.53479004,-0.42071533
1e,1,Left Ankle,4006242,1779733981116,1.01,10.87,0.34,17.8125,100.8125,40.625,-0.39215088,-0.6020508,-0.54071045,-0.43743896
1e,1,Left Ankle,4006258,1779733981123,0.73,10.41,-1.76,6.9375,125.5,41.0,-0.3770752,-0.5973511,-0.54504395,-0.45159912
1e,4,Right Wrist,30009135,1779733981123,-2.685445,0.35164487,-2.3258235,40.18504,104.44112,-92.31628,-143.5115,-55.092976,243.94017,0.0
1e,2,Right Ankle,1048272,1779733981123,-9.789688,2.8693295,-0.64606214,26.526638,-25.813759,32.05762,52.620255,73.74483,256.43588,0.0
1e,1,Left Ankle,4006280,1779733981148,1.5,8.89,-2.43,2.125,125.5625,39.125,-0.36260986,-0.59143066,-0.548645,-0.46655273
1e,1,Left Ankle,4006298,1779733981176,1.03,7.91,-2.45,-7.4375,112.125,39.125,-0.34979248,-0.5852661,-0.5510254,-0.48114014
1e,1,Left Ankle,4006317,1779733981176,1.13,6.97,-1.46,-14.75,117.4375,38.3125,-0.33654785,-0.5775757,-0.5532837,-0.49700928
1e,4,Right Wrist,30009299,1779733981179,-5.894221,1.4666998,-0.6843473,-64.88496,64.751114,-108.90627,-143.63136,-55.134502,244.04773,0.0
1e,2,Right Ankle,1048333,1779733981183,-9.287196,2.4099076,-1.6582261,-54.603363,-12.72376,17.357618,52.777702,73.76779,256.60538,0.0
1e,1,Left Ankle,4006342,1779733981206,0.7,7.45,-0.57,-24.4375,128.4375,44.5625,-0.3232422,-0.56970215,-0.5540161,-0.51379395
1e,3,Left Wrist,3806237,1779733981217,-2.8352935,-7.182957,2.775674,-74.854225,-14.090301,34.68922,-106.08639,-41.69983,330.0326,0.0
1e,1,Left Ankle,4006359,1779733981240,0.16,8.16,0.78,-26.6875,132.3125,48.8125,-0.30889893,-0.56103516,-0.5541992,-0.53167725
1e,2,Right Ankle,1048392,1779733981244,-9.186698,2.5965476,-0.83748794,-28.493362,-2.7837596,-11.202381,52.942333,73.79499,256.77213,0.0
1e,1,Left Ankle,4006385,1779733981266,-1.68,9.01,0.53,-36.9375,116.3125,42.25,-0.29693604,-0.5526123,-0.5529175,-0.5484619
1e,1,Left Ankle,4006400,1779733981269,-0.57,7.62,-1.18,-44.25,98.625,17.75,-0.28863525,-0.5429077,-0.5518799,-0.56329346
1e,4,Right Wrist,30009318,1779733981269,-5.305586,1.0623136,-0.99302137,-43.60496,57.401115,-114.50628,-143.69197,-55.154045,244.09657,0.0
1e,3,Left Wrist,3806430,1779733981279,1.7373908,-5.4840527,-2.87378,-127.00423,25.3197,44.699223,-106.165016,-41.54911,330.01242,0.0
1e,1,Left Ankle,4006424,1779733981297,0.71,7.91,-3.09,-46.625,53.4375,-14.9375,-0.28735352,-0.5338135,-0.5510254,-0.5734253
1e,2,Right Ankle,1048452,1779733981303,-9.174733,2.0844836,-0.72023964,-11.133362,1.5562402,-23.592382,53.08544,73.83596,256.91205,0.0
1e,1,Left Ankle,4006451,1779733981327,0.96,9.06,-4.03,-43.0,36.0625,-33.3125,-0.29119873,-0.5255127,-0.55096436,-0.5791626
1e,1,Left Ankle,4006467,1779733981328,6.2,6.36,-5.68,-19.0625,79.375,-41.6875,-0.2888794,-0.5072632,-0.55859375,-0.5892334
1e,4,Right Wrist,30009375,1779733981330,-3.9440703,-2.6369905,-0.63170516,-13.78496,36.191113,-118.14628,-143.70927,-55.157032,244.12155,0.0
1e,3,Left Wrist,3806477,1779733981338,2.976873,-3.8904328,-2.737389,-103.48423,26.0197,33.84922,-106.2629,-41.513763,330.04437,0.0
1e,1,Left Ankle,4006490,1779733981357,9.9,5.5,-6.48,-3.4375,104.25,-20.4375,-0.27947998,-0.4951172,-0.5653076,-0.5975952
1e,2,Right Ankle,1048512,1779733981363,-8.626777,1.7351315,-0.6699903,-12.9533615,2.2562404,-23.382381,53.216663,73.88142,257.04123,0.0
1e,1,Left Ankle,4006507,1779733981387,17.04,6.75,-13.35,23.75,107.9375,13.1875,-0.26782227,-0.49102783,-0.56829834,-0.6035156
1e,1,Left Ankle,4006533,1779733981388,1.82,14.1,-8.89,-3.3125,-13.6875,3.3125,-0.2654419,-0.49334717,-0.5664673,-0.6043701
1e,4,Right Wrist,30009465,1779733981389,-2.7189445,-6.235796,0.21774687,-73.634964,11.901112,-51.156273,-143.69713,-55.143894,244.09729,0.0
1e,3,Left Wrist,3806537,1779733981398,4.1110706,-3.6942217,-3.0460632,-77.51423,29.309698,19.429222,-106.35989,-41.515266,330.08197,0.0
1e,1,Left Ankle,4006548,1779733981416,1.58,12.03,-0.31,-33.25,-36.4375,-46.5,-0.27453613,-0.49176025,-0.5654907,-0.60253906
1e,2,Right Ankle,1048572,1779733981424,-9.177126,0.82107335,-0.91645104,9.516638,3.5162401,-4.762381,53.318085,73.93759,257.1355,0.0
1e,1,Left Ankle,4006574,1779733981448,4.93,7.37,0.09,-33.6875,-39.1875,-51.5,-0.28759766,-0.48986816,-0.5637207,-0.5996094
1e,1,Left Ankle,4006588,1779733981449,1.24,8.48,2.19,-17.5625,2.0625,-48.5,-0.29504395,-0.48516846,-0.5650635,-0.59851074
1e,4,Right Wrist,30009525,1779733981451,-2.1207392,-6.2477603,0.41874397,-77.62496,6.6511116,1.5537279,-143.66287,-55.120182,244.0459,0.0
1e,3,Left Wrist,3806597,1779733981458,3.838289,-2.9524465,-2.7565317,-51.824223,13.419699,-4.370777,-106.455475,-41.53413,330.1303,0.0
1e,1,Left Ankle,4006611,1779733981481,1.9,9.81,1.68,-8.0,44.0,-51.625,-0.2980957,-0.47668457,-0.5695801,-0.5996094
1e,2,Right Ankle,1048632,1779733981484,-9.406837,0.1486902,-1.3016955,-4.273362,14.43624,26.80762,53.426105,73.99286,257.2434,0.0
1e,1,Left Ankle,4006638,1779733981507,3.33,8.38,-3.14,-14.0625,22.5,-53.25,-0.30114746,-0.46759033,-0.57440186,-0.60058594
1e,1,Left Ankle,4006649,1779733981509,0.98,8.79,-1.18,-28.625,-28.3125,-53.4375,-0.3100586,-0.4628296,-0.57507324,-0.59906006
1e,4,Right Wrist,30009585,1779733981510,-4.3269215,-5.907979,-0.4019942,-85.18496,16.941113,47.40373,-143.62492,-55.084187,243.98074,0.0
1e,3,Left Wrist,3806657,1779733981519,2.9529445,-4.333105,-2.9431717,27.625776,-9.680301,-30.620777,-106.51965,-41.508232,330.18393,0.0
1e,1,Left Ankle,4006674,1779733981540,0.87,9.18,-0.96,-31.875,-50.3125,-52.0625,-0.32305908,-0.46118164,-0.57318115,-0.5952759
1e,1,Left Ankle,4006695,1779733981567,-1.16,11.08,-1.68,-27.8125,-25.0,-30.5,-0.33215332,-0.45947266,-0.571167,-0.5935669
1e,1,Left Ankle,4006712,1779733981568,-0.81,11.09,-0.51,-15.125,20.1875,-21.4375,-0.33538818,-0.4555664,-0.5713501,-0.5946045
1e,2,Right Ankle,1048692,1779733981574,-9.368552,1.6178832,-0.6699903,14.346638,23.11624,21.837618,53.60687,74.03462,257.4154,0.0
1e,3,Left Wrist,3806717,1779733981580,-1.5551333,-12.274882,-4.206582,51.845776,-19.4803,-17.180779,-106.514175,-41.43977,330.19846,0.0
1e,1,Left Ankle,4006729,1779733981600,1.41,9.49,-0.56,-6.0625,38.0625,-13.125,-0.33398438,-0.44995117,-0.5739136,-0.59716797
1e,4,Right Wrist,30009645,1779733981600,-10.710972,-1.6678976,-1.1078769,-105.41496,50.401115,81.77373,-143.61006,-55.05701,243.91922,0.0
1e,1,Left Ankle,4006752,1779733981627,2.22,10.25,-0.61,-12.0,10.0,-1.125,-0.3336792,-0.44714355,-0.5743408,-0.59906006
1e,1,Left Ankle,4006768,1779733981629,0.63,10.3,0.07,-16.875,-10.9375,3.1875,-0.335083,-0.44714355,-0.57214355,-0.60040283
1e,2,Right Ankle,1048752,1779733981633,-10.258682,1.9552712,-2.024328,1.3966379,33.756237,8.397619,53.805702,74.07767,257.60922,0.0
1e,3,Left Wrist,3806777,1779733981638,-2.4380853,-13.236797,-4.5918264,-33.414223,-78.350296,18.029222,-106.55287,-41.354458,330.23465,0.0
1e,1,Left Ankle,4006795,1779733981657,0.36,9.6,-0.44,-15.375,-11.0,15.1875,-0.33618164,-0.44854736,-0.5689697,-0.6017456
1e,4,Right Wrist,30009706,1779733981661,-11.787743,3.1584256,-6.312266,10.50504,14.701112,9.113728,-143.63243,-55.030106,243.93736,0.0
1e,1,Left Ankle,4006811,1779733981693,0.06,10.04,-0.4,-10.0,-0.8125,26.75,-0.3361206,-0.45178223,-0.56481934,-0.60321045
1e,1,Left Ankle,4006834,1779733981694,0.79,10.04,-0.39,-6.25,5.8125,34.25,-0.33294678,-0.4539795,-0.5619507,-0.60601807
1e,2,Right Ankle,1048842,1779733981701,-11.311524,0.62964755,-1.3280165,-14.983362,37.67624,2.517619,53.928875,74.141594,257.73578,0.0
1e,3,Left Wrist,3806837,1779733981703,-0.21275954,-11.659928,-2.1822543,-13.254224,-35.3703,53.79922,-106.54909,-41.264385,330.23398,0.0
1e,1,Left Ankle,4006851,1779733981714,1.17,9.19,-0.25,-4.6875,5.5,33.375,-0.32873535,-0.4562378,-0.55914307,-0.6091919
1e,4,Right Wrist,30009795,1779733981717,-4.4968123,0.55024904,-4.115655,-24.49496,55.58111,-34.636272,-143.68103,-55.01035,243.96916,0.0
1e,1,Left Ankle,4006879,1779733981753,1.77,9.64,-0.7,-7.5,-3.625,40.375,-0.32562256,-0.4598999,-0.5550537,-0.6118164
1e,1,Left Ankle,4006889,1779733981753,1.74,9.53,-0.46,-5.375,-2.0,36.0625,-0.3225708,-0.46331787,-0.55145264,-0.6141968
1e,2,Right Ankle,1048902,1779733981753,-6.116706,2.6946535,-1.5146567,-41.233364,7.78624,-8.892382,54.139668,74.15502,257.95248,0.0
1e,3,Left Wrist,3806897,1779733981757,2.2231338,-8.5564375,-1.3567305,-20.394224,-19.9703,54.77922,-106.53155,-41.17605,330.21866,0.0
1e,1,Left Ankle,4006912,1779733981776,2.43,9.47,-0.37,-3.1875,-1.4375,31.75,-0.31951904,-0.4663086,-0.5484009,-0.616272
1e,1,Left Ankle,4006938,1779733981806,2.6,9.45,-0.15,-2.3125,-5.25,23.0625,-0.3173828,-0.46905518,-0.5458374,-0.6175537
1e,1,Left Ankle,4006949,1779733981808,2.24,9.54,-0.31,-3.25,-4.9375,15.25,-0.3163452,-0.47106934,-0.54382324,-0.61828613
1e,4,Right Wrist,30009855,1779733981808,-1.6613172,-3.3285167,-1.536192,-4.89496,49.281113,-32.956272,-143.63942,-54.982285,243.93314,0.0
1e,2,Right Ankle,1048962,1779733981813,-3.214212,-0.6002633,-0.9619147,-26.113363,-24.13376,-32.69238,54.138416,74.22613,257.95636,0.0
1e,3,Left Wrist,3806958,1779733981818,4.6135635,-7.10878,0.5814559,-11.084224,-13.1103,42.73922,-106.46993,-41.14308,330.17566,0.0
1e,1,Left Ankle,4006971,1779733981840,2.83,8.88,-0.57,-3.5625,5.0625,1.0,-0.31567383,-0.47076416,-0.543396,-0.61920166
1e,1,Left Ankle,4006988,1779733981866,2.59,8.79,-0.65,-3.375,10.5625,-7.5625,-0.31567383,-0.4691162,-0.54400635,-0.6199341
1e,1,Left Ankle,4007013,1779733981867,2.38,9.43,0.0,-0.625,13.6875,-17.125,-0.31689453,-0.46697998,-0.545105,-0.6199341
1e,2,Right Ankle,1049022,1779733981873,-6.446915,3.7498884,-2.184647,-48.513363,-29.94376,-37.10238,54.304497,74.23145,258.12814,0.0
1e,3,Left Wrist,3807017,1779733981880,5.5036936,-7.4820604,1.6893327,-19.554224,-26.2703,21.529222,-106.418304,-41.129898,330.1422,0.0
1e,1,Left Ankle,4007033,1779733981900,2.72,9.28,0.25,2.1875,8.5,-23.0,-0.31817627,-0.46398926,-0.54748535,-0.6194458
1e,4,Right Wrist,30009916,1779733981900,-0.14187472,-4.910172,-1.4356936,-20.924961,41.02111,-17.066273,-143.57327,-54.95428,243.87088,0.0
1e,1,Left Ankle,4007053,1779733981927,2.33,9.85,0.27,7.75,5.1875,-29.0625,-0.32006836,-0.46118164,-0.55059814,-0.61779785
1e,1,Left Ankle,4007068,1779733981929,2.12,9.79,0.57,10.6875,4.625,-30.375,-0.32232666,-0.45880127,-0.55426025,-0.6151123
1e,2,Right Ankle,1049083,1779733981933,-6.791482,1.8188803,-2.0745773,-18.133362,-22.87376,8.32762,54.470116,74.253975,258.2923,0.0
1e,3,Left Wrist,3807077,1779733981938,5.819546,-8.221442,1.8687946,-30.124224,-40.130302,2.209221,-106.37611,-41.119823,330.1175,0.0
1e,1,Left Ankle,4007098,1779733981957,0.34,9.13,-1.32,16.375,3.5,-26.6875,-0.32391357,-0.45666504,-0.5581665,-0.6123657
1e,1,Left Ankle,4007108,1779733981987,0.76,9.79,-1.12,20.4375,10.5,-20.875,-0.3239746,-0.45489502,-0.56225586,-0.6098633
1e,1,Left Ankle,4007128,1779733981989,1.18,10.2,-0.19,18.6875,11.75,-17.1875,-0.32312012,-0.453125,-0.5662842,-0.60791016
1e,4,Right Wrist,30010005,1779733981989,-0.448156,-4.386144,-1.5768701,-37.02496,19.741112,22.133728,-143.50932,-54.907948,243.80203,0.0
1e,2,Right Ankle,1049142,1779733981994,-8.095571,-2.4283798,-4.1850467,48.646637,7.7162404,25.757618,54.58982,74.314766,258.39322,0.0
1e,3,Left Wrist,3807137,1779733981999,4.651849,-9.422639,1.5529418,-1.9842235,-56.930298,-15.0107765,-106.33317,-41.09515,330.1043,0.0
1e,1,Left Ankle,4007153,1779733982018,1.88,10.22,-0.47,14.9375,5.25,-3.5,-0.32208252,-0.45251465,-0.56884766,-0.6065674
1e,1,Left Ankle,4007172,1779733982049,0.38,9.56,-0.19,17.6875,3.0625,8.0625,-0.32092285,-0.45422363,-0.5698242,-0.60498047
1e,4,Right Wrist,30010095,1779733982049,-5.6405816,-0.47148648,-2.8785658,-76.64496,20.511112,42.363728,-143.52899,-54.868034,243.78693,0.0
1e,2,Right Ankle,1049202,1779733982054,-14.532263,2.1084118,1.7012969,-45.153362,-18.46376,68.38762,54.572678,74.36091,258.3942,0.0
1e,3,Left Wrist,3807197,1779733982059,2.1130643,-14.287247,-1.0456635,25.595776,-85.490295,-9.970779,-106.31779,-41.02866,330.1224,0.0
1e,1,Left Ankle,4007199,1779733982077,0.56,9.72,-1.29,20.25,1.0625,24.0,-0.3171997,-0.45715332,-0.57025146,-0.6043091
1e,1,Left Ankle,4007217,1779733982082,0.61,10.15,-0.61,23.625,-2.75,39.5625,-0.309021,-0.4649048,-0.56933594,-0.6035156
1e,1,Left Ankle,4007242,1779733982106,0.46,9.58,-0.81,27.875,0.0,49.375,-0.30541992,-0.46801758,-0.5687866,-0.6034546
1e,4,Right Wrist,30010185,1779733982109,-8.313364,2.1079764,-3.2039895,-29.04496,62.791115,-1.876272,-143.54825,-54.8609,243.78719,0.0
1e,2,Right Ankle,1049262,1779733982113,-6.0449214,3.1277542,0.74895346,-31.503363,-14.123759,31.287619,54.76385,74.29473,258.58945,0.0
1e,3,Left Wrist,3807257,1779733982118,-0.31325814,-13.612471,-2.37368,-35.024223,-95.5703,32.519222,-106.33997,-40.940342,330.15067,0.0
1e,1,Left Ankle,4007259,1779733982137,1.21,9.7,-0.64,32.4375,-1.125,61.375,-0.29211426,-0.4794922,-0.5662842,-0.60339355
1e,1,Left Ankle,4007278,1779733982139,1.21,9.79,-0.56,38.0,-2.9375,78.8125,-0.28149414,-0.48883057,-0.56365967,-0.60339355
1e,1,Left Ankle,4007300,1779733982167,1.74,10.31,-0.82,36.75,-3.9375,80.9375,-0.27044678,-0.4984131,-0.5604248,-0.60357666
1e,4,Right Wrist,30010246,1779733982169,-6.5331044,0.73928225,-3.5724843,-4.26496,92.331116,-43.316273,-143.56732,-54.8623,243.79755,0.0
1e,2,Right Ankle,1049322,1779733982179,-8.971343,2.4745138,-2.0291135,-38.643364,-1.9437598,3.427619,54.94254,74.32034,258.7745,0.0
1e,1,Left Ankle,4007317,1779733982200,1.87,8.88,-1.49,33.8125,5.875,81.8125,-0.2581787,-0.50671387,-0.55718994,-0.6050415
1e,3,Left Wrist,3807317,1779733982209,1.0554361,-10.568801,-2.6656044,-29.774223,-74.920296,45.74922,-106.361885,-40.84472,330.17377,0.0
1e,1,Left Ankle,4007350,1779733982227,1.47,9.58,-1.82,34.0,40.3125,84.4375,-0.24346924,-0.51275635,-0.55462646,-0.6084595
1e,1,Left Ankle,4007362,1779733982233,2.99,9.34,-1.4,36.25,56.5625,78.5625,-0.22668457,-0.51483154,-0.5541382,-0.6135864
1e,2,Right Ankle,1049382,1779733982234,-8.930665,2.6946535,-0.8829515,-25.763363,-6.77376,15.117619,55.139927,74.33332,258.97354,0.0
1e,4,Right Wrist,30010305,1779733982234,-2.7356946,-3.5654058,-3.2925239,43.335037,116.41111,-61.02627,-143.52522,-54.84893,243.77147,0.0
1e,1,Left Ankle,4007385,1779733982259,1.96,9.77,-2.6,33.0625,93.6875,62.8125,-0.20904541,-0.51342773,-0.5548096,-0.6203613
1e,1,Left Ankle,4007399,1779733982259,4.49,7.01,-2.73,46.9375,144.25,46.1875,-0.18774414,-0.5054321,-0.5596924,-0.6293335
1e,3,Left Wrist,3807377,1779733982268,4.4819584,-8.223835,-1.4931213,1.1657764,-42.0903,13.75922,-106.33514,-40.770557,330.1662,0.0
1e,1,Left Ankle,4007423,1779733982292,8.24,6.69,-1.25,47.625,146.25,39.9375,-0.16473389,-0.494812,-0.56585693,-0.63861084
1e,4,Right Wrist,30010366,1779733982292,-0.2064809,-5.1877394,-4.5631127,-23.514961,149.31111,-1.526272,-143.4587,-54.821266,243.69276,0.0
1e,2,Right Ankle,1049442,1779733982293,-7.6361485,3.2330387,-0.9212367,-50.333363,7.64624,20.507618,55.37535,74.3292,259.2188,0.0
1e,1,Left Ankle,4007439,1779733982317,8.78,6.21,-0.8,29.25,94.5625,32.875,-0.14764404,-0.48724365,-0.56951904,-0.6452637
1e,1,Left Ankle,4007462,1779733982319,6.76,7.7,1.22,10.625,23.0,24.5,-0.13903809,-0.48516846,-0.57055664,-0.6478882
1e,3,Left Wrist,3807467,1779733982328,8.430116,-5.472089,-4.855037,-56.094223,-4.9203005,-96.07077,-106.43915,-40.839657,330.22977,0.0
1e,1,Left Ankle,4007487,1779733982351,4.58,9.94,0.95,3.125,-11.625,5.0625,-0.13861084,-0.4866333,-0.57073975,-0.6466675
1e,4,Right Wrist,30010425,1779733982351,1.4445667,-3.2998025,-4.505685,3.78504,115.081116,55.80373,-143.40245,-54.766876,243.62509,0.0
1e,2,Right Ankle,1049502,1779733982354,-8.791882,3.3215728,-0.59581286,-31.853363,4.7762403,18.967619,55.608482,74.32633,259.45538,0.0
1e,1,Left Ankle,4007505,1779733982377,6.22,10.27,-0.97,10.125,20.4375,-27.8125,-0.13873291,-0.48431396,-0.5726929,-0.6467285
1e,1,Left Ankle,4007523,1779733982408,7.67,10.23,-0.95,19.8125,42.1875,-62.4375,-0.14001465,-0.47583008,-0.57940674,-0.6467285
1e,1,Left Ankle,4007547,1779733982409,8.3,10.94,-1.83,19.4375,16.375,-100.625,-0.15148926,-0.45898438,-0.5949707,-0.6422119
1e,4,Right Wrist,30010486,1779733982410,0.61665004,-2.6657045,-4.2855453,38.99504,34.02111,110.473724,-143.34949,-54.678413,243.57103,0.0
1e,2,Right Ankle,1049562,1779733982414,-8.954594,3.0200775,-1.2323037,-10.153362,-2.2237597,21.837618,55.82938,74.33397,259.6725,0.0
1e,3,Left Wrist,3807527,1779733982418,9.068999,-6.089437,-4.65404,-21.444223,-45.240303,-197.43077,-106.548035,-40.944084,330.32236,0.0
1e,1,Left Ankle,4007562,1779733982441,10.75,12.22,-3.52,19.0625,-15.375,-124.25,-0.15863037,-0.45410156,-0.6003418,-0.638916
1e,1,Left Ankle,4007588,1779733982468,10.05,14.09,-6.04,20.875,-41.8125,-123.375,-0.18249512,-0.44256592,-0.616272,-0.6253662
1e,1,Left Ankle,4007607,1779733982469,10.75,14.27,-5.8,32.75,-70.25,-123.5625,-0.19140625,-0.44030762,-0.621521,-0.6190796
1e,4,Right Wrist,30010545,1779733982470,0.22661994,-0.8112673,-2.885744,76.865036,-66.00889,154.92372,-143.33873,-54.560425,243.56702,0.0
1e,2,Right Ankle,1049623,1779733982474,-8.406637,3.8791006,-1.5625132,-27.163363,4.3562403,20.997618,56.071747,74.32903,259.9164,0.0
1e,3,Left Wrist,3807587,1779733982479,9.741383,-9.4058895,-2.1176481,2.8457766,-108.7303,-248.18077,-106.55744,-41.068726,330.3753,0.0
1e,1,Left Ankle,4007630,1779733982501,8.07,12.27,-4.72,38.125,-100.5,-124.1875,-0.22241211,-0.43847656,-0.63549805,-0.5953369
1e,1,Left Ankle,4007648,1779733982528,5.46,10.49,-4.4,49.3125,-150.8125,-125.3125,-0.246521,-0.44091797,-0.64367676,-0.57489014
1e,1,Left Ankle,4007668,1779733982529,2.36,8.83,-1.63,55.625,-199.8125,-136.875,-0.2755127,-0.44659424,-0.65063477,-0.5489502
1e,4,Right Wrist,30010605,1779733982531,0.37497497,1.629412,-1.9381864,23.735039,-147.5589,180.54373,-143.41982,-54.474346,243.62831,0.0
1e,2,Right Ankle,1049682,1779733982534,-8.071642,4.0011344,-0.67716885,-6.163362,-15.803761,16.867619,56.303776,74.30586,260.1415,0.0
1e,3,Left Wrist,3807677,1779733982539,9.384852,-12.743876,6.8697934,216.83577,-164.38031,-244.82079,-106.49156,-41.135826,330.44162,0.0
1e,1,Left Ankle,4007690,1779733982559,0.29,6.14,-0.64,53.0625,-209.625,-140.875,-0.3071289,-0.45251465,-0.6557007,-0.52056885
1e,1,Left Ankle,4007707,1779733982588,-0.33,-2.54,-2.93,62.8125,-198.25,-123.4375,-0.32104492,-0.45593262,-0.65789795,-0.5062256
1e,1,Left Ankle,4007728,1779733982589,2.33,-7.38,-5.92,98.125,-140.625,-36.5,-0.34753418,-0.4711914,-0.6633911,-0.46594238
1e,2,Right Ankle,1049742,1779733982594,-8.777525,4.24281,1.940579,37.026638,-32.53376,12.317619,56.38123,74.228065,260.20172,0.0
1e,3,Left Wrist,3807737,1779733982598,-2.5026913,-17.658733,10.351351,278.71576,-72.8903,-229.35078,-106.389015,-41.17949,330.4737,0.0
1e,1,Left Ankle,4007749,1779733982618,13.56,-14.33,-3.58,101.4375,-146.625,-16.25,-0.35229492,-0.4790039,-0.66363525,-0.45385742
1e,1,Left Ankle,4007763,1779733982621,12.47,-11.87,4.04,99.8125,-208.1875,78.5,-0.3618164,-0.50445557,-0.6558838,-0.42944336
1e,4,Right Wrist,30010666,1779733982621,0.37258214,3.744667,-1.1318051,4.7650404,-209.71889,163.81372,-143.48949,-54.396656,243.68501,0.0
1e,1,Left Ankle,4007789,1779733982648,9.49,7.8,15.19,57.75,-261.0,220.75,-0.3713379,-0.57196045,-0.6084595,-0.4058838
1e,2,Right Ankle,1049802,1779733982654,-7.695969,4.441414,-0.15553348,34.436638,-11.60376,-5.8123813,56.609253,74.19368,260.40836,0.0
1e,3,Left Wrist,3807797,1779733982659,-7.364907,-24.619457,26.048267,-81.994225,21.4697,-101.74077,-106.37583,-41.198727,330.44827,0.0
1e,1,Left Ankle,4007805,1779733982677,0.87,20.89,20.12,-9.3125,-266.5,343.5,-0.37347412,-0.59802246,-0.5828247,-0.4039917
1e,4,Right Wrist,30010755,1779733982680,-1.3311076,6.709375,1.2346964,23.31504,-277.8289,156.67372,-143.53728,-54.30119,243.73848,0.0
1e,1,Left Ankle,4007828,1779733982712,-39.21,29.71,-3.36,-11.5625,27.625,137.8125,-0.36297607,-0.64538574,-0.51190186,-0.43548584
1e,1,Left Ankle,4007848,1779733982712,-16.87,17.24,21.92,-40.3125,155.6875,42.4375,-0.35253906,-0.63653564,-0.5164795,-0.45141602
1e,2,Right Ankle,1049862,1779733982713,-8.081213,4.5538764,0.6125626,74.12664,-22.733759,-42.98238,56.78701,74.151855,260.5504,0.0
1e,3,Left Wrist,3807857,1779733982718,10.353945,-28.134512,55.020565,338.14578,356.6297,221.30922,-106.087425,-41.15941,330.22986,0.0
1e,1,Left Ankle,4007870,1779733982737,8.13,14.06,-3.96,51.25,329.1875,-186.0625,-0.33337402,-0.6021118,-0.5527954,-0.46984863
1e,1,Left Ankle,4007891,1779733982767,29.53,25.71,-33.98,51.1875,23.625,-42.125,-0.32476807,-0.58081055,-0.58013916,-0.46972656
1e,1,Left Ankle,4007910,1779733982768,-1.53,0.89,4.63,-14.4375,-108.9375,-188.4375,-0.34368896,-0.57818604,-0.58203125,-0.4569702
1e,4,Right Wrist,30010815,1779733982769,-5.384549,-1.0122639,2.143969,5.25504,-274.0489,132.45372,-143.54596,-54.186226,243.7585,0.0
1e,2,Right Ankle,1049922,1779733982774,-10.09597,2.0461984,0.6053842,25.686638,7.22624,-13.3023815,56.92183,74.201744,260.67142,0.0
1e,3,Left Wrist,3807917,1779733982779,45.226944,-27.450165,68.76494,157.75577,810.0197,364.1792,-105.71768,-41.1284,329.79166,0.0
1e,1,Left Ankle,4007940,1779733982802,-15.45,-0.67,0.12,-64.0625,-141.1875,-84.0625,-0.38079834,-0.57159424,-0.57928467,-0.43896484
1e,2,Right Ankle,1049982,1779733982833,-5.0949707,5.5947547,-3.4983065,85.11664,13.80624,-1.122381,57.222214,74.18947,260.9329,0.0
1e,3,Left Wrist,3807977,1779733982838,65.97032,-31.14947,39.842888,191.91577,812.3997,409.60922,-105.33226,-41.094067,329.34738,0.0
1e,1,Left Ankle,4007956,1779733982859,-13.96,-0.1,4.79,-19.3125,-25.125,-41.25,-0.3892212,-0.57092285,-0.57592773,-0.4368286
1e,1,Left Ankle,4007980,1779733982859,26.11,32.19,-6.11,-43.3125,23.6875,-87.9375,-0.40625,-0.5504761,-0.58795166,-0.4315796
1e,1,Left Ankle,4007999,1779733982860,1.1,21.22,-3.79,-40.25,-28.375,-24.0,-0.41619873,-0.54248047,-0.59039307,-0.42877197
1e,4,Right Wrist,30010906,1779733982861,-6.978169,2.7396822,5.1517467,136.78503,-174.43889,-77.54627,-143.57448,-54.15493,243.8543,0.0
1e,1,Left Ankle,4008013,1779733982887,-2.93,1.09,-2.84,-11.0,-12.5,-69.1875,-0.41986084,-0.53912354,-0.5927124,-0.42633057
1e,2,Right Ankle,1050042,1779733982894,-11.167954,2.780795,2.3521447,-15.823362,36.206238,-20.02238,57.095825,74.16591,260.81848,0.0
1e,3,Left Wrist,3808038,1779733982900,61.58189,-13.466509,-8.449057,-16.264223,301.6797,201.63922,-105.24456,-41.122826,329.1954,0.0
1e,1,Left Ankle,4008038,1779733982918,0.77,5.47,-4.14,-12.625,19.0,-78.375,-0.4286499,-0.5253906,-0.602417,-0.4210205
1e,1,Left Ankle,4008053,1779733982918,-3.31,6.54,-3.81,-40.9375,-46.9375,-45.5,-0.43450928,-0.5232544,-0.60131836,-0.41937256
1e,4,Right Wrist,30010965,1779733982918,-5.5305114,-11.796716,-2.3641088,-34.22496,-49.97889,-58.226273,-143.57378,-54.11537,243.85968,0.0
1e,1,Left Ankle,4008083,1779733982945,-2.85,5.19,1.96,-52.0,-52.5625,-23.5625,-0.45166016,-0.5187378,-0.5933838,-0.41815186
1e,2,Right Ankle,1050102,1779733982952,-8.495172,1.2781024,-3.5006995,31.286636,59.166237,-24.222382,57.321487,74.22365,261.0286,0.0
1e,3,Left Wrist,3808097,1779733982957,9.162319,1.7063793,-10.068997,-48.184223,-111.4603,48.54922,-105.37578,-41.135715,329.2956,0.0
1e,1,Left Ankle,4008099,1779733982978,-1.93,12.82,-4.72,-66.875,-26.8125,-7.5,-0.46099854,-0.51483154,-0.58703613,-0.4216919
1e,1,Left Ankle,4008119,1779733982978,-1.93,9.0,-1.78,-44.3125,-0.5,-1.625,-0.46636963,-0.51104736,-0.5831299,-0.42578125
1e,1,Left Ankle,4008142,1779733983005,-2.5,8.87,-1.09,-41.1875,-1.8125,1.875,-0.46936035,-0.5083008,-0.579895,-0.43017578
1e,4,Right Wrist,30011055,1779733983009,-10.143872,-1.2228327,-7.6426754,-125.57496,68.46111,63.92373,-143.59673,-54.076653,243.82388,0.0
1e,2,Right Ankle,1050163,1779733983012,-8.294174,2.2902665,-4.625326,17.776638,38.51624,-29.402382,57.548313,74.26908,261.2425,0.0
1e,3,Left Wrist,3808157,1779733983017,-5.405185,-6.6517506,11.96172,50.445778,-147.02031,22.719221,-105.360344,-41.100674,329.3327,0.0
1e,1,Left Ankle,4008160,1779733983035,-1.4,8.55,-1.43,-36.1875,6.75,6.6875,-0.4713745,-0.50579834,-0.5769043,-0.4348755
1e,1,Left Ankle,4008178,1779733983036,-0.72,10.78,-1.94,-37.3125,-0.75,13.125,-0.47375488,-0.50439453,-0.5727539,-0.4393921
1e,1,Left Ankle,4008199,1779733983065,-2.17,9.71,-0.86,-32.5625,-4.0,20.1875,-0.47576904,-0.50372314,-0.56829834,-0.4437256
1e,4,Right Wrist,30011116,1779733983068,-3.4990048,3.4982069,-5.0201416,71.54504,73.291115,2.253728,-143.62604,-54.068718,243.85858,0.0
1e,2,Right Ankle,1050222,1779733983072,-7.576328,0.9646427,-5.5322056,-19.883362,-5.6537595,-34.79238,57.697353,74.31804,261.39044,0.0
1e,3,Left Wrist,3808217,1779733983078,-3.0530398,0.2036866,7.8173513,1.1657764,-30.400301,23.279222,-105.33414,-41.087337,329.32187,0.0
1e,1,Left Ankle,4008217,1779733983095,-2.2,9.7,-0.36,-25.9375,2.125,23.5,-0.4758911,-0.50372314,-0.56640625,-0.4459839
1e,1,Left Ankle,4008242,1779733983096,-1.62,9.77,-0.3,-11.375,13.75,28.75,-0.4732666,-0.5042114,-0.5626831,-0.4529419
1e,1,Left Ankle,4008261,1779733983125,-0.59,10.31,-0.18,-6.8125,10.8125,29.375,-0.47192383,-0.50494385,-0.5615845,-0.45495605
1e,4,Right Wrist,30011206,1779733983128,-3.4104702,-1.6870401,-2.3617158,-24.984959,85.751114,-37.086273,-143.62543,-54.05243,243.84671,0.0
1e,2,Right Ankle,1050282,1779733983132,-8.605242,1.4743139,-2.050649,-9.4533615,-11.95376,-31.642382,57.825146,74.36352,261.51413,0.0
1e,3,Left Wrist,3808277,1779733983138,1.39761,-3.0936232,8.475378,-151.50423,6.559699,-35.800777,-105.34304,-41.10213,329.29376,0.0
1e,1,Left Ankle,4008280,1779733983159,-1.22,9.51,-0.84,-2.75,4.75,27.125,-0.4683838,-0.5081787,-0.55810547,-0.45922852
1e,1,Left Ankle,4008303,1779733983185,-0.96,9.24,-0.27,1.75,-0.0625,35.125,-0.4654541,-0.51190186,-0.5551758,-0.46154785
1e,1,Left Ankle,4008317,1779733983186,-0.91,9.59,-0.92,7.875,-10.4375,34.25,-0.46429443,-0.5142822,-0.55358887,-0.46203613
1e,4,Right Wrist,30011265,1779733983189,-3.1903305,-2.622634,-3.7304106,38.785038,81.971115,-81.32628,-143.62184,-54.03284,243.85825,0.0
1e,2,Right Ankle,1050342,1779733983193,-8.73924,1.1512829,-1.7204396,-8.123362,-6.77376,-18.832382,57.94992,74.41174,261.63553,0.0
1e,3,Left Wrist,3808337,1779733983198,-0.40897128,-1.5478595,6.513263,-75.97423,5.019699,-41.82078,-105.33055,-41.115944,329.26974,0.0
1e,1,Left Ankle,4008338,1779733983216,-0.79,9.5,-1.01,13.4375,-9.75,38.8125,-0.45996094,-0.5222168,-0.548645,-0.4633789
1e,1,Left Ankle,4008362,1779733983245,-0.45,9.62,-0.94,15.5625,-9.6875,40.625,-0.45635986,-0.52783203,-0.54559326,-0.4642334
1e,1,Left Ankle,4008380,1779733983245,-0.45,9.82,-1.59,19.5625,-8.875,40.3125,-0.4522705,-0.5336914,-0.5426636,-0.4649048
1e,4,Right Wrist,30011326,1779733983248,-2.4389844,-2.9935215,-5.426922,41.30504,68.46111,-109.04627,-143.64496,-54.005596,243.8983,0.0
1e,2,Right Ankle,1050402,1779733983252,-8.236747,-0.33465996,-3.1776686,-14.563362,-14.19376,3.007619,58.05671,74.46287,261.7423,0.0
1e,1,Left Ankle,4008402,1779733983305,-0.2,9.68,-1.67,23.875,-8.375,39.5,-0.447937,-0.5397339,-0.54022217,-0.46496582
1e,1,Left Ankle,4008417,1779733983306,-0.22,9.38,-1.97,25.6875,-6.6875,39.9375,-0.44329834,-0.54626465,-0.5376587,-0.46472168
1e,4,Right Wrist,30011385,1779733983309,-2.4916263,-2.065106,-5.63749,-11.19496,46.69111,-107.50628,-143.70866,-53.973316,243.95876,0.0
1e,2,Right Ankle,1050462,1779733983313,-8.258282,0.3305447,-3.7591243,-32.623363,-20.70376,32.68762,58.198982,74.49656,261.89035,0.0
1e,3,Left Wrist,3808397,1779733983317,-1.6221324,-6.417253,5.584848,-12.834224,14.189699,-18.090778,-105.28742,-41.102703,329.23608,0.0
1e,1,Left Ankle,4008462,1779733983337,-0.2,9.72,-1.27,32.5,3.75,44.75,-0.43078613,-0.559021,-0.5341797,-0.46539307
1e,1,Left Ankle,4008440,1779733983337,-0.34,9.66,-1.7,29.8125,0.5625,44.875,-0.4373169,-0.55249023,-0.5357666,-0.465271
1e,1,Left Ankle,4008479,1779733983338,0.34,9.66,-1.71,36.3125,-5.6875,42.9375,-0.42456055,-0.56573486,-0.53271484,-0.46466064
1e,1,Left Ankle,4008499,1779733983367,-0.33,10.1,-1.2,38.5,-5.1875,48.8125,-0.41766357,-0.5730591,-0.5307617,-0.46411133
1e,2,Right Ankle,1050522,1779733983373,-8.820596,0.67271835,-1.8568304,-20.373362,-26.72376,44.72762,58.324043,74.52809,262.01782,0.0
1e,3,Left Wrist,3808561,1779733983379,-3.7110665,-5.280663,-0.72263247,-99.424225,37.8497,66.60922,-105.28717,-40.987465,329.1652,0.0
1e,1,Left Ankle,4008524,1779733983402,0.16,10.09,-0.66,43.1875,-4.375,56.375,-0.40960693,-0.5812988,-0.5283203,-0.46392822
1e,1,Left Ankle,4008543,1779733983402,-0.21,10.43,-0.77,44.1875,-10.5,58.3125,-0.4015503,-0.5900879,-0.5255127,-0.4630127
1e,1,Left Ankle,4008563,1779733983428,-0.44,9.94,-0.61,42.875,-16.75,61.125,-0.39361572,-0.59954834,-0.5218506,-0.46185303
1e,4,Right Wrist,30011446,1779733983431,-3.8459642,-2.0316064,-6.195018,-50.81496,17.921112,-111.21628,-143.79408,-53.938457,244.02972,0.0
1e,2,Right Ankle,1050583,1779733983433,-9.514514,2.6085117,-0.24646074,-49.283363,-38.62376,37.72762,58.490932,74.527435,262.194,0.0
1e,3,Left Wrist,3808580,1779733983439,-3.42632,-5.8932257,-0.8303095,-88.714226,33.719696,66.46922,-105.29392,-40.909466,329.1361,0.0
1e,1,Left Ankle,4008592,1779733983460,-2.37,11.32,-2.45,35.6875,-28.5,62.75,-0.38415527,-0.6143799,-0.513855,-0.45928955
1e,1,Left Ankle,4008609,1779733983488,-3.26,13.41,-1.3,30.0,6.25,62.75,-0.37634277,-0.62231445,-0.5092163,-0.46020508
1e,4,Right Wrist,30011536,1779733983490,-4.807879,-0.03359949,-5.692525,-58.51496,15.121112,-101.13628,-143.8931,-53.9129,244.10817,0.0
1e,1,Left Ankle,4008630,1779733983490,-1.94,10.62,-2.34,29.125,35.9375,53.25,-0.36468506,-0.6246338,-0.50927734,-0.46636963
1e,2,Right Ankle,1050642,1779733983492,-8.688991,2.524763,-1.0193424,10.916637,-24.83376,13.57762,58.680313,74.537544,262.37155,0.0
1e,1,Left Ankle,4008653,1779733983515,-1.57,7.34,-2.15,30.1875,102.3125,55.0625,-0.34643555,-0.62158203,-0.51312256,-0.47998047
1e,1,Left Ankle,4008670,1779733983545,0.17,10.34,-3.88,35.0625,202.0625,55.3125,-0.32147217,-0.6126709,-0.520813,-0.50006104
1e,1,Left Ankle,4008688,1779733983546,2.24,10.92,-1.78,32.125,208.6875,44.3125,-0.296875,-0.5993042,-0.53015137,-0.5211792
1e,4,Right Wrist,30011625,1779733983549,-4.884449,-1.8042881,-3.7471604,-29.95496,4.7611117,-59.976273,-143.93544,-53.87764,244.14331,0.0
1e,2,Right Ankle,1050702,1779733983552,-9.067057,2.7712238,-1.3567305,-31.923363,-20.35376,0.69761896,58.85503,74.55086,262.5491,0.0
1e,1,Left Ankle,4008706,1779733983577,-0.24,10.25,-0.22,-0.875,215.0625,33.1875,-0.2857666,-0.5911865,-0.53375244,-0.5328369
1e,1,Left Ankle,4008728,1779733983605,2.57,11.51,-5.7,8.75,167.5,-33.9375,-0.26031494,-0.5605469,-0.5504761,-0.5612793
1e,1,Left Ankle,4008751,1779733983606,8.56,4.41,-0.24,-15.625,45.0,-63.375,-0.2592163,-0.5475464,-0.55841064,-0.5667114
1e,4,Right Wrist,30011685,1779733983609,-5.709973,-8.296017,0.062213387,15.545039,5.7411118,-41.566273,-143.89995,-53.859497,244.12526,0.0
1e,2,Right Ankle,1050762,1779733983612,-8.72249,2.4960492,0.0071784677,-31.013363,-6.00376,-16.452381,59.036488,74.56593,262.7332,0.0
1e,3,Left Wrist,3808741,1779733983617,0.69651276,-1.3253272,-5.345566,-100.964226,-1.9103007,51.27922,-105.44858,-40.795155,329.1732,0.0
1e,1,Left Ankle,4008771,1779733983637,7.39,4.75,-1.36,-39.75,-13.375,-61.375,-0.27172852,-0.5428467,-0.55773926,-0.5661011
1e,1,Left Ankle,4008790,1779733983665,2.38,6.07,-3.27,-53.0625,-42.4375,-33.1875,-0.28497314,-0.54119873,-0.55352783,-0.5652466
1e,1,Left Ankle,4008811,1779733983666,-1.27,7.34,-1.73,-32.25,-0.5,-22.375,-0.29327393,-0.5395508,-0.5501709,-0.56585693
1e,4,Right Wrist,30011746,1779733983669,-5.9396844,-8.647761,0.3062813,-47.804962,-6.8588886,-19.586271,-143.88133,-53.83423,244.10083,0.0
1e,2,Right Ankle,1050822,1779733983673,-8.464066,2.6491897,-0.86380893,-14.423363,2.11624,-27.792381,59.227615,74.58768,262.9211,0.0
1e,3,Left Wrist,3808817,1779733983677,2.4456666,-3.442975,-4.898108,-25.924223,10.689699,20.549221,-105.53618,-40.769825,329.2203,0.0
1e,1,Left Ankle,4008831,1779733983695,3.83,6.3,-2.04,-11.9375,45.0625,-35.875,-0.29467773,-0.53253174,-0.55322266,-0.5687866
1e,1,Left Ankle,4008854,1779733983725,6.11,4.03,-1.48,-2.75,75.8125,-31.5,-0.29162598,-0.52215576,-0.55944824,-0.5739136
1e,4,Right Wrist,30011805,1779733983728,-5.8391857,-7.5829554,0.22013968,-30.02496,-22.46889,4.423728,-143.85423,-53.79943,244.07248,0.0
1e,2,Right Ankle,1050882,1779733983732,-8.9665575,1.9959493,-0.91405827,-4.763362,1.7662401,-27.232382,59.388832,74.62703,263.077,0.0
1e,3,Left Wrist,3808877,1779733983737,3.5631146,-3.1534436,-3.9146578,-59.87422,8.519699,-4.860779,-105.63839,-40.772858,329.2716,0.0
1e,1,Left Ankle,4008882,1779733983755,4.07,4.27,-1.78,-4.625,65.0,-13.75,-0.2859497,-0.5108032,-0.5649414,-0.58148193
1e,1,Left Ankle,4008899,1779733983756,3.57,4.74,-0.26,-11.625,41.125,-2.625,-0.2831421,-0.5054321,-0.5666504,-0.5859375
1e,1,Left Ankle,4008915,1779733983785,16.29,6.23,-8.24,-10.25,38.1875,-0.5,-0.2833252,-0.5048218,-0.5656738,-0.5872803
1e,4,Right Wrist,30011866,1779733983788,-4.5877395,-7.3053875,0.74416786,-26.664959,-15.538889,21.853727,-143.81256,-53.76557,244.0296,0.0
1e,2,Right Ankle,1050942,1779733983796,-8.61242,1.2039249,-1.2801601,-4.203362,10.23624,-7.632381,59.541985,74.67482,263.2266,0.0
1e,3,Left Wrist,3808937,1779733983798,4.1517487,-1.7249285,-4.1228333,-30.754223,2.0796995,-19.210781,-105.73603,-40.80422,329.32922,0.0
1e,1,Left Ankle,4008940,1779733983820,-1.9,28.92,-0.16,-27.125,-63.4375,60.125,-0.2793579,-0.5102539,-0.5620117,-0.5880127
1e,1,Left Ankle,4008958,1779733983820,0.37,15.1,-0.72,-55.0,-78.9375,-101.5625,-0.29693604,-0.5085449,-0.55859375,-0.58410645
1e,1,Left Ankle,4008981,1779733983845,-1.12,-1.26,-4.78,-57.5,-90.125,-81.3125,-0.3140869,-0.5043335,-0.55682373,-0.5805054
1e,4,Right Wrist,30011925,1779733983848,-5.592725,-6.3937225,0.6723831,-63.76496,-9.728888,47.683727,-143.77933,-53.72786,243.97806,0.0
1e,2,Right Ankle,1051002,1779733983852,-10.141434,1.675311,0.27996024,4.2666383,25.91624,24.56762,59.693592,74.72462,263.37457,0.0
1e,3,Left Wrist,3808998,1779733983858,2.5078795,-3.59133,-4.4339004,42.395775,-24.4503,-24.180775,-105.811226,-40.78867,329.39597,0.0
1e,1,Left Ankle,4009017,1779733983878,0.63,14.45,1.72,-30.25,-12.3125,-19.625,-0.32440186,-0.49536133,-0.55810547,-0.58135986
1e,1,Left Ankle,4009001,1779733983878,1.06,6.76,-2.53,-3.875,50.1875,-61.25,-0.31573486,-0.4953003,-0.5623779,-0.58203125
1e,1,Left Ankle,4009044,1779733983905,1.06,11.19,-0.9,-22.0,11.4375,-31.625,-0.33081055,-0.49145508,-0.557312,-0.5817261
1e,4,Right Wrist,30011986,1779733983908,-11.268499,-4.7594247,-1.6893327,-99.95496,-14.138887,68.333725,-143.77768,-53.679897,243.93893,0.0
1e,2,Right Ankle,1051062,1779733983913,-9.4881935,2.3811936,-2.0841484,7.7666383,9.18624,5.6676188,59.906197,74.750755,263.57806,0.0
1e,3,Left Wrist,3809057,1779733983919,-3.3617141,-7.9630165,-3.2518458,20.485777,-57.070297,-11.58078,-105.83225,-40.71839,329.42972,0.0
1e,1,Left Ankle,4009061,1779733983937,1.0,7.46,-0.5,-5.4375,59.9375,-25.6875,-0.33026123,-0.48449707,-0.5606079,-0.5847168
1e,1,Left Ankle,4009086,1779733983967,3.51,9.73,-0.19,-9.9375,41.4375,-8.0625,-0.32763672,-0.47784424,-0.56359863,-0.5887451
1e,1,Left Ankle,4009102,1779733983968,1.5,10.53,0.3,-18.25,5.3125,1.125,-0.32769775,-0.47558594,-0.56274414,-0.5913696
1e,4,Right Wrist,30012045,1779733983969,-13.977176,3.8164523,-5.692525,-71.25496,-14.418888,30.323729,-143.82266,-53.64372,243.95183,0.0
1e,2,Right Ankle,1051123,1779733983974,-9.47623,1.4575641,-0.9906286,18.266638,11.42624,-20.232382,60.0611,74.80191,263.72134,0.0
1e,3,Left Wrist,3809117,1779733983980,-5.620539,-10.762619,-4.981857,-48.254223,-43.560303,43.019222,-105.872055,-40.632114,329.45267,0.0
1e,1,Left Ankle,4009126,1779733983997,0.92,9.12,-0.61,-25.375,-27.375,-3.625,-0.33221436,-0.47601318,-0.55944824,-0.59161377
1e,1,Left Ankle,4009148,1779733984027,0.44,10.06,-0.45,-15.25,-11.5,10.25,-0.33441162,-0.4772339,-0.5562744,-0.5924072
1e,1,Left Ankle,4009166,1779733984029,1.86,9.91,-0.06,-4.5,8.9375,18.375,-0.33312988,-0.47808838,-0.5543213,-0.5942993
1e,2,Right Ankle,1051182,1779733984033,-10.768353,1.1177833,-3.0364919,2.4466376,12.40624,-32.20238,60.21404,74.85737,263.86768,0.0
1e,3,Left Wrist,3809177,1779733984038,-2.7132595,-5.9697957,-3.1609187,-15.984224,-23.750301,80.049225,-105.89812,-40.53359,329.46622,0.0
1e,1,Left Ankle,4009189,1779733984061,2.35,9.34,-0.86,1.125,6.3125,16.75,-0.33044434,-0.47888184,-0.55352783,-0.59594727
1e,4,Right Wrist,30012105,1779733984061,-9.318349,0.5167501,-3.6466618,16.035042,36.40111,-47.586273,-143.84245,-53.6332,243.97577,0.0
1e,1,Left Ankle,4009207,1779733984088,2.14,9.45,-0.83,-1.625,-13.625,18.9375,-0.32946777,-0.4814453,-0.5513916,-0.5963135
1e,1,Left Ankle,4009227,1779733984088,1.36,9.68,-0.87,-1.3125,-17.9375,18.0625,-0.32989502,-0.48510742,-0.54852295,-0.59576416
1e,2,Right Ankle,1051242,1779733984093,-7.947215,-0.47344372,-0.51206404,-35.00336,4.28624,-12.882381,60.21911,74.93222,263.8841,0.0
1e,1,Left Ankle,4009250,1779733984117,2.03,9.24,-0.93,0.875,-12.6875,16.4375,-0.32904053,-0.48944092,-0.5455322,-0.59552
1e,1,Left Ankle,4009268,1779733984146,1.7,9.34,-0.51,3.0,-6.375,15.0625,-0.32806396,-0.49169922,-0.5441284,-0.59539795
1e,1,Left Ankle,4009291,1779733984148,2.0,9.67,-0.88,4.9375,-0.25,10.8125,-0.32733154,-0.49230957,-0.5439453,-0.595459
1e,4,Right Wrist,30012196,1779733984150,-2.0609186,-4.883851,-1.5170496,51.175037,45.151115,-38.27627,-143.77805,-53.611015,243.93921,0.0
1e,2,Right Ankle,1051302,1779733984154,-6.7173047,3.7690308,-1.4835501,-18.273361,-7.7537594,-9.102381,60.446163,74.919174,264.1085,0.0
1e,3,Left Wrist,3809237,1779733984159,0.2586264,-6.3119693,-1.2969098,-0.44422364,-18.0103,74.72922,-105.88608,-40.436108,329.4575,0.0
1e,1,Left Ankle,4009304,1779733984179,2.49,9.47,-0.9,5.375,1.8125,4.625,-0.3260498,-0.49310303,-0.54400635,-0.595459
1e,1,Left Ankle,4009330,1779733984207,2.35,9.04,-0.77,3.5625,0.875,-3.25,-0.32598877,-0.49273682,-0.545166,-0.59472656
1e,1,Left Ankle,4009348,1779733984209,2.02,9.33,-0.49,4.8125,3.4375,-13.25,-0.32659912,-0.49157715,-0.54681396,-0.59381104
1e,2,Right Ankle,1051362,1779733984214,-5.0184007,-0.014021767,-1.3974085,20.436638,-21.403759,-17.782381,60.54475,74.97488,264.1943,0.0
1e,1,Left Ankle,4009370,1779733984237,1.26,9.4,-1.0,5.625,5.4375,-15.875,-0.32714844,-0.4897461,-0.54919434,-0.5928345
1e,4,Right Wrist,30012255,1779733984239,-1.0320047,-5.9462643,-2.7852457,9.03504,30.101112,-4.6762714,-143.71526,-53.567993,243.8883,0.0
1e,1,Left Ankle,4009391,1779733984267,2.09,9.48,-0.84,10.3125,9.9375,-25.125,-0.32781982,-0.48718262,-0.5526123,-0.5914917
1e,1,Left Ankle,4009409,1779733984270,0.89,9.2,-0.16,14.1875,6.3125,-30.3125,-0.32873535,-0.4841919,-0.5569458,-0.58935547
1e,2,Right Ankle,1051422,1779733984273,-6.166955,-0.71272594,-3.5605202,-13.373362,-7.61376,16.16762,60.689312,75.02255,264.3386,0.0
1e,3,Left Wrist,3809401,1779733984279,3.759326,-7.180564,3.0675986,-22.984224,-23.330301,12.779221,-105.77041,-40.385128,329.38684,0.0
1e,1,Left Ankle,4009433,1779733984297,0.66,9.0,-0.2,15.75,3.4375,-27.875,-0.33007812,-0.48199463,-0.5609131,-0.5866089
1e,1,Left Ankle,4009452,1779733984327,1.19,9.85,-0.83,19.375,5.625,-26.0625,-0.33062744,-0.4798584,-0.56536865,-0.58380127
1e,1,Left Ankle,4009472,1779733984330,0.79,10.03,-1.14,21.25,-6.625,-12.25,-0.3300171,-0.4790039,-0.56915283,-0.5811157
1e,2,Right Ankle,1051482,1779733984334,-15.168754,7.118983,-8.037491,-2.7333622,-10.1337595,23.937618,60.932774,75.02359,264.57495,0.0
1e,3,Left Wrist,3809477,1779733984339,3.500901,-7.510773,0.28235307,-3.7342234,-39.780304,-18.510777,-105.72689,-40.350193,329.36935,0.0
1e,1,Left Ankle,4009492,1779733984357,0.82,8.9,-1.6,24.875,-12.6875,-5.75,-0.32989502,-0.48083496,-0.57147217,-0.5773926
1e,4,Right Wrist,30012345,1779733984364,-1.9891337,-6.8076806,-3.1800613,-1.81496,-8.048889,47.12373,-143.65213,-53.50454,243.83014,0.0
1e,1,Left Ankle,4009514,1779733984388,-0.23,10.48,-2.21,22.375,-13.625,10.3125,-0.32843018,-0.4835205,-0.572876,-0.57458496
1e,2,Right Ankle,1051542,1779733984394,-8.162569,5.0491915,-0.21535404,-7.773362,-24.83376,84.55762,61.178516,74.948364,264.81668,0.0
1e,3,Left Wrist,3809537,1779733984399,-2.7252235,-12.054744,-2.4263222,37.075775,-75.6903,-19.49078,-105.728935,-40.282642,329.39984,0.0
1e,4,Right Wrist,30012539,1779733984420,-12.460125,2.7516463,-2.0315065,-56.69496,74.761116,-40.23627,-143.67966,-53.465645,243.79852,0.0
1e,1,Left Ankle,4009538,1779733984446,0.8,10.01,-1.35,24.0,5.25,29.5,-0.32208252,-0.48919678,-0.5731201,-0.57318115
1e,1,Left Ankle,4009562,1779733984448,0.68,9.62,-1.61,20.5625,6.5,43.0625,-0.31585693,-0.4935913,-0.5722046,-0.57373047
1e,2,Right Ankle,1051602,1779733984454,-8.076427,2.1155903,-2.6081767,-20.933363,-2.4337597,33.38762,61.396057,74.962326,265.0351,0.0
1e,1,Left Ankle,4009579,1779733984476,1.01,9.49,-1.55,19.8125,7.0625,52.3125,-0.3086548,-0.4987793,-0.5703125,-0.57507324
1e,1,Left Ankle,4009599,1779733984477,1.56,9.4,-1.53,20.6875,10.625,59.625,-0.300354,-0.5045166,-0.56781006,-0.5769043
1e,1,Left Ankle,4009623,1779733984477,1.76,9.34,-1.31,22.9375,14.6875,64.875,-0.2906494,-0.510437,-0.5652466,-0.57922363
1e,3,Left Wrist,3809597,1779733984488,-5.620539,-13.732112,-6.2237315,5.5757766,-34.810303,52.469223,-105.74752,-40.192074,329.41824,0.0
1e,1,Left Ankle,4009649,1779733984505,1.88,9.62,-1.17,23.0,17.5625,68.375,-0.28045654,-0.51641846,-0.5623779,-0.5817261
1e,4,Right Wrist,30012558,1779733984514,-11.077073,2.2036896,-1.4404793,-30.93496,92.89111,-71.806274,-143.70497,-53.487316,243.81079,0.0
1e,2,Right Ankle,1051663,1779733984515,-10.598463,2.5965476,-0.5910272,-19.323362,-3.9737597,16.16762,61.59016,74.98023,265.22946,0.0
1e,1,Left Ankle,4009658,1779733984538,2.47,8.68,-1.65,24.6875,23.4375,62.875,-0.26898193,-0.5206299,-0.56085205,-0.58477783
1e,3,Left Wrist,3809657,1779733984547,0.32083997,-10.465909,-2.1056838,-122.104225,9.779699,59.95922,-105.77125,-40.102375,329.39917,0.0
1e,1,Left Ankle,4009685,1779733984565,3.17,8.9,-1.52,24.5,22.9375,59.375,-0.25854492,-0.52526855,-0.55895996,-0.58721924
1e,1,Left Ankle,4009702,1779733984566,3.65,8.75,-1.7,23.75,20.75,47.6875,-0.24926758,-0.5288696,-0.5578003,-0.5891113
1e,4,Right Wrist,30012616,1779733984573,-6.0617185,-3.4433718,-0.930808,52.64504,126.28111,-95.88628,-143.66776,-53.511406,243.79617,0.0
1e,1,Left Ankle,4009718,1779733984596,4.44,8.35,-2.34,19.75,14.3125,33.0625,-0.2423706,-0.53100586,-0.5578003,-0.5900879
1e,2,Right Ankle,1051722,1779733984602,-8.61242,2.027056,-1.2634103,-29.753363,3.1662402,15.817619,61.787792,75.00224,265.4313,0.0
1e,3,Left Wrist,3809748,1779733984608,7.949158,-4.376176,-1.2083755,-53.78422,33.0197,-76.68077,-105.78606,-40.20157,329.3937,0.0
1e,1,Left Ankle,4009749,1779733984631,4.63,8.35,-2.69,13.125,-7.75,9.9375,-0.23919678,-0.5333252,-0.5576782,-0.58935547
1e,4,Right Wrist,30012706,1779733984631,-1.75703,-6.611469,-3.0460632,18.90504,164.64111,-33.02627,-143.57831,-53.513107,243.71483,0.0
1e,1,Left Ankle,4009759,1779733984631,4.43,8.64,-1.64,7.3125,-15.75,-4.5625,-0.24041748,-0.53552246,-0.5576172,-0.58691406
1e,1,Left Ankle,4009788,1779733984655,3.58,9.02,-2.38,5.6875,-11.5625,-12.875,-0.2420044,-0.5363159,-0.5585327,-0.5847168
1e,1,Left Ankle,4009799,1779733984657,4.07,9.4,-2.26,7.9375,13.6875,-38.0625,-0.24359131,-0.53234863,-0.5626221,-0.5836792
1e,3,Left Wrist,3809807,1779733984667,12.426129,-3.9789674,-1.5625132,-45.384224,19.509699,-184.83078,-105.81688,-40.334366,329.4118,0.0
1e,1,Left Ankle,4009824,1779733984689,6.62,9.81,-1.82,12.4375,17.875,-54.875,-0.24475098,-0.52508545,-0.57025146,-0.5824585
1e,2,Right Ankle,1051782,1779733984693,-8.514315,2.7042248,-1.1988041,-35.63336,8.20624,24.077618,62.02004,75.00702,265.66934,0.0
1e,1,Left Ankle,4009838,1779733984716,6.08,12.58,-1.51,12.375,30.4375,-70.4375,-0.2475586,-0.5165405,-0.5784302,-0.5807495
1e,1,Left Ankle,4009860,1779733984717,7.61,13.73,-3.07,8.4375,62.75,-84.375,-0.24945068,-0.50372314,-0.58862305,-0.58099365
1e,3,Left Wrist,3809867,1779733984727,16.254646,-3.275478,-1.9836501,117.92577,-57.140297,-319.86078,-105.82702,-40.50416,329.48288,0.0
1e,2,Right Ankle,1051873,1779733984753,-8.016607,3.9437068,-1.268196,-23.663363,1.0662402,18.33762,62.26764,74.98623,265.91736,0.0
1e,1,Left Ankle,4009887,1779733984775,9.3,14.87,-9.24,12.25,59.25,-89.6875,-0.25054932,-0.48864746,-0.6001587,-0.581604
1e,1,Left Ankle,4009900,1779733984782,10.51,12.1,-9.0,21.0,23.3125,-91.6875,-0.25457764,-0.47729492,-0.61053467,-0.5784912
1e,1,Left Ankle,4009925,1779733984806,7.07,8.4,-5.92,5.0625,-84.9375,-97.25,-0.26879883,-0.4725952,-0.61724854,-0.5687256
1e,1,Left Ankle,4009947,1779733984806,-2.12,2.79,-2.27,13.75,-120.625,-89.75,-0.28863525,-0.47460938,-0.619812,-0.5543213
1e,2,Right Ankle,1051962,1779733984813,-6.6239843,3.0463984,-3.0005996,-55.79336,6.24624,19.80762,62.50688,74.98802,266.16858,0.0
1e,3,Left Wrist,3809927,1779733984818,17.381666,-6.204293,1.2897314,366.42578,-262.17032,-418.9808,-105.78594,-40.676323,329.63657,0.0
1e,1,Left Ankle,4009965,1779733984840,-0.9,-0.11,-2.82,26.5,-109.75,-72.1875,-0.30639648,-0.4781494,-0.6225586,-0.53845215
1e,1,Left Ankle,4009981,1779733984841,3.13,-3.76,-6.7,52.625,-35.6875,-30.5625,-0.3126831,-0.48138428,-0.6270752,-0.52648926
1e,1,Left Ankle,4010003,1779733984865,6.95,-7.43,-2.43,78.125,21.3125,42.5625,-0.30230713,-0.48718262,-0.6325073,-0.52075195
1e,2,Right Ankle,1052022,1779733984872,-10.005043,4.101633,-2.0219352,23.446638,-22.24376,16.30762,62.7345,74.97891,266.37943,0.0
1e,3,Left Wrist,3809987,1779733984877,15.302301,-18.666113,16.094126,350.18576,-364.5803,-276.67078,-105.73639,-40.74032,329.79684,0.0
1e,1,Left Ankle,4010027,1779733984898,4.72,-2.63,3.19,63.125,49.0,172.9375,-0.27947998,-0.5013428,-0.62957764,-0.5236206
1e,4,Right Wrist,30012765,1779733984899,-0.30219388,-6.700004,-5.003392,28.70504,163.6611,29.063728,-143.47093,-53.48717,243.61154,0.0
1e,1,Left Ankle,4010049,1779733984926,0.43,5.64,6.17,17.25,-8.5,204.5,-0.2518921,-0.53619385,-0.60369873,-0.53344727
1e,1,Left Ankle,4010063,1779733984927,-13.86,13.86,6.54,-34.1875,-82.25,208.3125,-0.24816895,-0.5496826,-0.59088135,-0.53582764
1e,2,Right Ankle,1052083,1779733984933,-8.430566,4.4198785,0.16031912,-0.49336195,-6.98376,0.6276189,62.93714,74.92863,266.57474,0.0
1e,3,Left Wrist,3810078,1779733984939,-1.4737773,-26.59832,24.366114,30.915777,-195.32031,-123.30078,-105.74432,-40.747284,329.86765,0.0
1e,1,Left Ankle,4010092,1779733984957,-22.45,17.13,9.99,-45.375,-15.0625,160.3125,-0.23675537,-0.57147217,-0.5619507,-0.5491333
1e,4,Right Wrist,30013033,1779733984965,-0.34047905,5.699603,0.6053842,-62.99496,-224.0689,239.90372,-143.43738,-53.245632,243.4825,0.0
1e,1,Left Ankle,4010109,1779733984996,-18.54,15.35,6.25,49.0625,68.1875,-59.9375,-0.23339844,-0.5653076,-0.56451416,-0.5543213
1e,1,Left Ankle,4010128,1779733984996,39.23,32.37,-25.44,-78.125,-250.375,44.375,-0.24884033,-0.5739746,-0.5651245,-0.5378418
1e,2,Right Ankle,1052142,1779733984996,-8.937843,4.6926603,-1.0791631,29.816639,10.93624,-18.412382,63.189087,74.91097,266.80807,0.0
1e,3,Left Wrist,3810137,1779733984997,3.2496548,-20.068306,49.39743,247.84578,90.9797,96.28922,-105.579346,-40.722557,329.7864,0.0
1e,1,Left Ankle,4010150,1779733985015,3.96,-7.92,8.97,-60.3125,-310.0,-88.1875,-0.28479004,-0.59246826,-0.54803467,-0.51727295
1e,1,Left Ankle,4010169,1779733985045,10.55,4.31,4.97,-14.0625,-57.875,-212.0625,-0.3114624,-0.5880127,-0.54364014,-0.51153564
1e,4,Right Wrist,30013095,1779733985049,-6.03779,4.809473,1.8855442,-80.84496,-282.0989,203.43373,-143.48398,-53.12379,243.49817,0.0
1e,2,Right Ankle,1052203,1779733985053,-4.9801154,3.8168871,2.9599216,-43.263363,38.65624,-35.562378,63.139412,74.873764,266.7764,0.0
1e,3,Left Wrist,3810197,1779733985058,29.13282,-21.118757,65.18527,-15.354223,657.0697,187.63922,-105.33408,-40.73061,329.44202,0.0
1e,1,Left Ankle,4010200,1779733985105,21.76,6.33,-2.75,-35.5625,-22.5625,-268.25,-0.34155273,-0.5631714,-0.56585693,-0.49597168
1e,1,Left Ankle,4010213,1779733985106,-10.97,13.83,-2.24,-22.75,-39.25,-4.8125,-0.34869385,-0.5578003,-0.56866455,-0.49383545
1e,4,Right Wrist,30013156,1779733985109,-11.981561,6.9917274,-1.8065811,-31.354961,-125.64889,10.163728,-143.55286,-53.07424,243.55846,0.0
1e,2,Right Ankle,1052262,1779733985113,-7.341831,1.3427086,-0.77048886,136.35664,-10.69376,-31.362383,63.324425,74.91885,266.90695,0.0
1e,3,Left Wrist,3810257,1779733985117,65.762146,-27.481272,70.56194,275.56577,793.0097,305.8692,-104.93853,-40.72001,329.02292,0.0
1e,1,Left Ankle,4010242,1779733985140,-17.01,12.35,0.74,-7.9375,16.8125,-48.125,-0.3484497,-0.5554199,-0.56903076,-0.49627686
1e,1,Left Ankle,4010259,1779733985140,6.34,8.36,-1.0,-36.0,-18.25,-151.6875,-0.37280273,-0.534729,-0.583313,-0.4845581
1e,1,Left Ankle,4010282,1779733985140,-0.94,14.19,-4.7,-50.375,-46.0625,-90.8125,-0.38708496,-0.52648926,-0.5855713,-0.4796753
1e,1,Left Ankle,4010300,1779733985165,-1.68,7.84,0.4,-18.125,-1.625,-97.375,-0.39678955,-0.5150757,-0.5932007,-0.47473145
1e,2,Right Ankle,1052322,1779733985172,-8.67224,2.0581625,-1.4739788,16.166637,34.736237,-16.032381,63.557793,74.95467,267.129,0.0
1e,3,Left Wrist,3810317,1779733985177,86.69935,-21.209682,15.900306,77.67577,691.0197,131.56923,-104.67434,-40.78879,328.68246,0.0
1e,1,Left Ankle,4010316,1779733985199,-0.09,8.68,-1.42,-26.0,2.6875,-84.25,-0.40124512,-0.51000977,-0.59576416,-0.4732666
1e,1,Left Ankle,4010339,1779733985199,-3.37,8.12,-2.71,-21.125,-6.6875,-51.625,-0.41192627,-0.49945068,-0.59973145,-0.4703369
1e,4,Right Wrist,30013246,1779733985199,0.6501495,-3.117948,0.45942193,55.23504,-115.42889,-107.01627,-143.53236,-53.05147,243.58994,0.0
1e,1,Left Ankle,4010361,1779733985225,-1.19,7.9,-1.97,-25.125,-7.6875,-43.8125,-0.418396,-0.49450684,-0.6000366,-0.46948242
1e,2,Right Ankle,1052382,1779733985232,-8.811024,1.768631,-1.0983056,45.986637,37.60624,-41.02238,63.774677,75.00571,267.3244,0.0
1e,3,Left Wrist,3810377,1779733985237,47.703514,-0.4663038,-16.917255,-104.884224,180.64969,42.809223,-104.69796,-40.856396,328.6249,0.0
1e,1,Left Ankle,4010382,1779733985257,0.12,10.48,-3.1,-32.8125,-12.6875,-32.3125,-0.42456055,-0.49035645,-0.59887695,-0.46972656
1e,1,Left Ankle,4010398,1779733985257,-1.94,10.49,-1.24,-32.875,-7.5625,-15.8125,-0.42962646,-0.48706055,-0.5968628,-0.47106934
1e,4,Right Wrist,30013335,1779733985258,-11.342677,-11.4019,-9.257831,-142.09496,-24.98889,30.533728,-143.55997,-52.985973,243.57028,0.0
1e,1,Left Ankle,4010420,1779733985285,-1.8,8.78,-1.63,-28.875,0.5,-5.9375,-0.4335327,-0.48486328,-0.5944824,-0.47277832
1e,2,Right Ankle,1052442,1779733985292,-8.533457,1.864344,-2.8546374,64.326645,30.53624,-49.562378,64.00631,75.05365,267.52698,0.0
1e,3,Left Wrist,3810437,1779733985297,0.50748014,-5.7927265,-0.32303107,80.40577,-185.80031,94.46922,-104.688286,-40.74573,328.67807,0.0
1e,1,Left Ankle,4010447,1779733985315,-1.06,9.46,-1.06,-27.75,-2.25,1.6875,-0.4359131,-0.48291016,-0.5921631,-0.4755249
1e,1,Left Ankle,4010457,1779733985316,-1.25,9.65,-0.94,-27.3125,-5.25,5.8125,-0.43859863,-0.48260498,-0.588562,-0.47784424
1e,4,Right Wrist,30013395,1779733985319,-6.8657064,2.6535401,-6.192625,-40.31496,67.41111,64.27373,-143.58156,-52.956085,243.55699,0.0
1e,1,Left Ankle,4010480,1779733985346,-2.4,9.7,-1.89,-25.375,-17.875,12.5625,-0.44207764,-0.48303223,-0.5842285,-0.4794922
1e,2,Right Ankle,1052502,1779733985353,-8.3827095,0.49804232,-4.395615,3.7066379,1.2762402,-38.36238,64.1719,75.10672,267.68433,0.0
1e,3,Left Wrist,3810498,1779733985357,-3.0482547,-7.290634,12.177074,7.1157765,-66.7303,61.359222,-104.65793,-40.7075,328.67285,0.0
1e,1,Left Ankle,4010501,1779733985375,-2.05,9.35,-1.74,-15.0625,-3.5,18.25,-0.44274902,-0.4840088,-0.5808716,-0.48199463
1e,1,Left Ankle,4010519,1779733985376,-0.81,9.96,-0.95,-9.5625,4.1875,28.75,-0.44158936,-0.48608398,-0.5775757,-0.48492432
1e,4,Right Wrist,30013456,1779733985382,-3.0754755,-2.3642087,-4.278367,67.48504,52.571114,-17.066273,-143.56151,-52.911823,243.55614,0.0
1e,1,Left Ankle,4010545,1779733985406,-0.69,10.14,-1.07,-4.0625,10.9375,34.25,-0.4383545,-0.4880371,-0.5751953,-0.48864746
1e,3,Left Wrist,3810557,1779733985419,-0.2366881,0.012260785,6.759724,-96.27423,-4.080301,16.839222,-104.65431,-40.7055,328.6485,0.0
1e,1,Left Ankle,4010563,1779733985437,-0.78,9.51,-0.49,1.0625,10.8125,39.5625,-0.4343872,-0.4911499,-0.57250977,-0.4921875
1e,4,Right Wrist,30013515,1779733985440,-1.9460629,-3.618048,-3.0388846,-40.03496,58.73111,-6.8462715,-143.53874,-52.86849,243.52063,0.0
1e,2,Right Ankle,1052562,1779733985443,-7.9496083,-0.09777056,-3.5916266,17.076637,-8.10376,-28.422382,64.315765,75.16223,267.81586,0.0
1e,1,Left Ankle,4010590,1779733985467,-0.2,9.79,-0.42,5.0,9.125,42.8125,-0.4272461,-0.49676514,-0.5687256,-0.49719238
1e,1,Left Ankle,4010608,1779733985476,-0.09,9.91,-1.15,8.8125,-3.875,44.375,-0.42321777,-0.501709,-0.5654907,-0.49938965
1e,3,Left Wrist,3810617,1779733985479,-0.27736557,-1.6842505,6.5754766,-58.404224,-15.2103,-13.050777,-104.6387,-40.70771,328.6298,0.0
1e,1,Left Ankle,4010630,1779733985499,-0.47,9.69,-1.42,11.4375,-4.375,44.6875,-0.41864014,-0.5072632,-0.5625,-0.50097656
1e,4,Right Wrist,30013576,1779733985499,-1.5105693,-2.0076785,-4.65404,-19.38496,68.39111,-20.356272,-143.56213,-52.821167,243.52876,0.0
1e,2,Right Ankle,1052652,1779733985503,-8.095571,0.29225954,-2.5579274,-31.713362,-13.07376,5.6676188,64.44915,75.20601,267.95468,0.0
1e,1,Left Ankle,4010648,1779733985527,-0.29,9.77,-1.44,17.75,0.3125,47.125,-0.4128418,-0.5130005,-0.5601196,-0.50268555
1e,1,Left Ankle,4010668,1779733985529,0.06,9.82,-1.36,21.5625,3.25,48.3125,-0.4064331,-0.51885986,-0.55792236,-0.50427246
1e,3,Left Wrist,3810677,1779733985539,0.28734043,-2.3135629,8.5112705,3.3357763,-6.6703005,16.909222,-104.59576,-40.70199,328.6031,0.0
1e,2,Right Ankle,1052712,1779733985564,-8.20564,-1.2176116,-2.6464617,-31.013363,-12.51376,29.257618,64.54708,75.25716,268.05994,0.0
1e,4,Right Wrist,30013635,1779733985590,-1.2856438,-1.2228327,-5.235496,25.695042,68.81111,-48.496273,-143.60278,-52.782913,243.5679,0.0
1e,3,Left Wrist,3810737,1779733985598,-1.4450632,-5.7472634,5.891129,-51.614223,18.599699,25.729221,-104.56155,-40.677036,328.56256,0.0
1e,1,Left Ankle,4010690,1779733985618,0.29,9.76,-1.41,23.875,4.1875,50.5625,-0.39959717,-0.5249634,-0.55578613,-0.50579834
1e,1,Left Ankle,4010707,1779733985618,0.41,9.58,-1.65,24.9375,1.8125,52.1875,-0.3961792,-0.52819824,-0.5545654,-0.5064697
1e,2,Right Ankle,1052772,1779733985626,-9.095771,1.3235661,-2.5316064,-21.493362,-19.86376,48.78762,64.72791,75.27506,268.24237,0.0
1e,1,Left Ankle,4010728,1779733985649,0.74,9.53,-1.85,28.1875,1.0625,53.375,-0.38452148,-0.5373535,-0.552063,-0.5084839
1e,1,Left Ankle,4010788,1779733985649,1.04,9.56,-1.39,40.125,-21.1875,53.75,-0.36297607,-0.5623169,-0.54486084,-0.50512695
1e,1,Left Ankle,4010748,1779733985649,1.03,9.44,-1.97,32.3125,-2.9375,53.0,-0.37731934,-0.5449219,-0.5498657,-0.5083008
1e,3,Left Wrist,3810797,1779733985658,-4.098704,-5.0318093,3.0532417,-143.03423,30.009699,65.06922,-104.56612,-40.624664,328.52097,0.0
1e,1,Left Ankle,4010803,1779733985675,0.82,9.81,-1.31,40.125,-16.25,59.5625,-0.35925293,-0.5670166,-0.5432129,-0.5043335
1e,2,Right Ankle,1052833,1779733985683,-8.401852,-0.13605572,-2.8713872,-45.43336,-31.90376,64.39762,64.8592,75.30113,268.38455,0.0
1e,1,Left Ankle,4010829,1779733985708,1.11,9.61,-1.02,42.625,-26.375,60.6875,-0.35198975,-0.57714844,-0.5395508,-0.5019531
1e,1,Left Ankle,4010848,1779733985708,0.88,9.95,-1.36,38.1875,-47.125,58.3125,-0.3446045,-0.5940552,-0.5317383,-0.49554443
1e,3,Left Wrist,3810857,1779733985718,-3.8522425,-4.9672027,1.3591233,-105.30423,43.2397,88.02922,-104.55904,-40.556015,328.47543,0.0
1e,1,Left Ankle,4010863,1779733985735,-0.38,10.57,-2.37,34.625,-40.25,60.0,-0.3418579,-0.59906006,-0.52941895,-0.49395752
1e,4,Right Wrist,30013696,1779733985741,-2.0298119,-1.3352953,-6.4247284,30.875038,57.821114,-75.65627,-143.65442,-52.748474,243.62321,0.0
1e,2,Right Ankle,1052892,1779733985742,-9.126877,4.4127,-0.14596218,-13.793362,-29.17376,41.01762,65.06605,75.24147,268.58847,0.0
1e,1,Left Ankle,4010891,1779733985767,-1.94,11.7,-1.87,32.4375,-35.8125,63.4375,-0.3366089,-0.6096802,-0.5236206,-0.49072266
1e,1,Left Ankle,4010908,1779733985767,-0.64,13.48,-1.81,24.5,1.875,57.5,-0.3251953,-0.6189575,-0.5180664,-0.49273682
1e,3,Left Wrist,3810917,1779733985778,-2.4907274,-3.8688974,-0.20817557,-56.164223,45.1297,82.35922,-104.5466,-40.476913,328.43753,0.0
1e,1,Left Ankle,4010933,1779733985800,-2.9,10.39,-2.69,20.5,55.8125,48.0625,-0.3133545,-0.618103,-0.51885986,-0.5005493
1e,4,Right Wrist,30013889,1779733985800,-6.3105717,-2.304388,-4.063013,10.64504,-2.9388885,-126.89627,-143.77742,-52.71047,243.77357,0.0
1e,2,Right Ankle,1052953,1779733985802,-8.571742,2.5893693,-1.2107683,-43.963364,-27.07376,15.607618,65.24881,75.24302,268.77847,0.0
1e,1,Left Ankle,4010950,1779733985825,-0.75,8.0,-1.85,15.3125,125.8125,39.125,-0.29821777,-0.6125488,-0.5222168,-0.5130005
1e,1,Left Ankle,4010970,1779733985826,1.37,8.64,-2.99,15.9375,148.6875,36.1875,-0.2892456,-0.60809326,-0.52471924,-0.520813
1e,3,Left Wrist,3810977,1779733985837,-1.9379847,-4.2637134,-1.847259,-40.834225,46.249702,49.38922,-104.558365,-40.39552,328.42072,0.0
1e,1,Left Ankle,4010988,1779733985858,2.15,9.77,-4.27,19.0625,174.6875,23.4375,-0.26031494,-0.5889282,-0.53564453,-0.5463257
1e,2,Right Ankle,1053012,1779733985862,-8.964165,3.0679336,-0.808774,-29.543362,-13.35376,-3.992381,65.4524,75.239784,268.98407,0.0
1e,1,Left Ankle,4011006,1779733985885,-1.91,9.7,5.09,-1.125,179.375,17.8125,-0.2514038,-0.58135986,-0.5385742,-0.55566406
1e,1,Left Ankle,4011030,1779733985886,-0.65,10.99,0.25,-12.625,136.5625,-53.4375,-0.2354126,-0.5529175,-0.55133057,-0.57873535
1e,4,Right Wrist,30013935,1779733985889,-5.714759,-4.213861,-2.8522444,-5.17496,-18.96889,-109.60628,-143.80797,-52.684166,243.8175,0.0
1e,1,Left Ankle,4011051,1779733985915,5.16,9.27,-2.73,-13.1875,84.375,-69.75,-0.23919678,-0.5397339,-0.5588379,-0.5823364
1e,2,Right Ankle,1053072,1779733985922,-8.878023,3.0392199,-0.9499506,-27.513363,-2.2937598,-22.68238,65.659164,75.24574,269.1923,0.0
1e,3,Left Wrist,3811038,1779733985927,-0.9258207,-4.782956,-3.4911284,-82.90423,45.549698,27.339222,-104.6172,-40.322895,328.4265,0.0
1e,1,Left Ankle,4011069,1779733985949,5.6,6.12,0.0,-33.375,-22.25,-88.4375,-0.24633789,-0.53619385,-0.5605469,-0.5810547
1e,1,Left Ankle,4011089,1779733985950,4.0,6.16,-0.36,-60.6875,-52.6875,-75.6875,-0.27355957,-0.5286865,-0.5602417,-0.5760498
1e,1,Left Ankle,4011113,1779733985975,2.6,6.99,-2.54,-45.125,-2.625,-67.6875,-0.28656006,-0.5215454,-0.5605469,-0.5758667
1e,4,Right Wrist,30013996,1779733985978,-4.9753766,-6.7957163,-1.1246266,-28.83496,-24.00889,-71.876274,-143.81119,-52.657444,243.82735,0.0
1e,2,Right Ankle,1053132,1779733985982,-8.600456,3.1014333,-0.8470592,-14.423363,0.64624023,-35.84238,65.86998,75.25116,269.39975,0.0
1e,1,Left Ankle,4011134,1779733986008,1.87,6.18,-1.33,-27.6875,45.5,-59.625,-0.29193115,-0.5107422,-0.56451416,-0.5789795
1e,1,Left Ankle,4011152,1779733986008,0.94,6.5,-1.43,-16.9375,61.4375,-62.0625,-0.2939453,-0.49816895,-0.57073975,-0.5828247
1e,1,Left Ankle,4011168,1779733986037,1.9,6.26,-1.36,-12.25,76.0,-63.75,-0.29504395,-0.48492432,-0.57769775,-0.58654785
1e,2,Right Ankle,1053192,1779733986044,-8.973736,1.2469958,-0.77048886,3.1466374,1.1362402,-33.812378,66.002014,75.30808,269.52527,0.0
1e,1,Left Ankle,4011193,1779733986067,8.18,3.13,-0.55,-14.25,76.125,-51.1875,-0.29412842,-0.47113037,-0.5847168,-0.5913086
1e,1,Left Ankle,4011209,1779733986069,27.43,2.54,-19.64,34.875,103.4375,-25.6875,-0.2869873,-0.4588623,-0.5932617,-0.59594727
1e,4,Right Wrist,30014085,1779733986070,-5.3558354,-7.7145605,0.18903299,-55.99496,0.7011118,-26.936272,-143.79732,-52.63529,243.8053,0.0
1e,1,Left Ankle,4011229,1779733986097,2.14,32.84,6.28,-21.8125,-123.5,114.25,-0.28277588,-0.47192383,-0.5876465,-0.5932617
1e,1,Left Ankle,4011252,1779733986127,-6.22,17.83,1.65,-53.125,-57.0,-69.4375,-0.29571533,-0.47558594,-0.5789795,-0.5925293
1e,2,Right Ankle,1053252,1779733986134,-9.031164,0.6344332,-0.5599205,4.2666383,11.77624,-4.8323812,66.109665,75.37164,269.62875,0.0
1e,3,Left Wrist,3811201,1779733986140,4.295318,-4.1129656,-7.3316083,-88.784225,3.8996992,17.189222,-104.82921,-40.260696,328.50858,0.0
1e,1,Left Ankle,4011274,1779733986160,-1.99,-1.78,0.15,-44.9375,-31.375,-86.875,-0.31365967,-0.46875,-0.57891846,-0.58880615
1e,1,Left Ankle,4011293,1779733986160,2.58,5.28,-5.41,-12.125,53.5,-53.0625,-0.31488037,-0.45703125,-0.5853882,-0.5910034
1e,4,Right Wrist,30014279,1779733986160,-7.042775,-6.3961153,-3.6777685,-93.72496,1.1911116,66.02373,-143.742,-52.535847,243.7182,0.0
1e,1,Left Ankle,4011312,1779733986186,0.91,13.44,-1.13,-39.875,-29.5625,-11.3125,-0.3215332,-0.45428467,-0.58361816,-0.5913086
1e,2,Right Ankle,1053312,1779733986193,-8.528671,1.9528785,-1.8664017,-5.253362,20.17624,15.957619,66.34814,75.39346,269.86346,0.0
1e,1,Left Ankle,4011337,1779733986217,-2.1,12.94,0.61,-24.0625,11.875,-40.25,-0.3262329,-0.45007324,-0.5827637,-0.5928345
1e,1,Left Ankle,4011352,1779733986218,0.0,8.93,0.91,-8.1875,33.6875,-33.9375,-0.3291626,-0.44281006,-0.58569336,-0.59375
1e,4,Right Wrist,30014298,1779733986220,-8.992926,-4.7283173,-3.9696927,-100.44496,6.0211115,71.973724,-143.7394,-52.481647,243.67522,0.0
1e,1,Left Ankle,4011380,1779733986247,2.34,9.25,-0.11,-2.375,28.8125,-32.6875,-0.3287964,-0.43585205,-0.5897827,-0.59503174
1e,2,Right Ankle,1053402,1779733986253,-9.184305,1.8188803,-1.5122639,14.6266365,11.496241,1.397619,66.56212,75.42432,270.0666,0.0
1e,3,Left Wrist,3811380,1779733986259,-2.6893315,-8.8124695,-4.0797625,10.755776,-21.7903,-39.09078,-104.90032,-40.278496,328.5571,0.0
1e,1,Left Ankle,4011398,1779733986277,1.34,9.69,0.22,-12.5,-30.25,-23.375,-0.33502197,-0.4331665,-0.59033203,-0.5930176
1e,1,Left Ankle,4011418,1779733986284,-0.42,9.79,-0.64,-13.25,-40.1875,-18.125,-0.34136963,-0.4348755,-0.5880127,-0.5904541
1e,1,Left Ankle,4011440,1779733986309,-0.68,10.45,-0.92,-7.0625,-26.25,-9.875,-0.3446045,-0.43585205,-0.586792,-0.58898926
1e,4,Right Wrist,30014355,1779733986310,-11.25175,1.1293126,-5.7044888,-156.09496,-0.6988888,46.913727,-143.8005,-52.43821,243.67247,0.0
1e,2,Right Ankle,1053462,1779733986314,-10.249111,1.6633468,-1.5816557,3.6366382,10.8662405,-14.982382,66.74839,75.46701,270.246,0.0
1e,3,Left Wrist,3811458,1779733986318,-4.3714848,-8.697614,-3.9577286,-248.03423,6.0696993,8.019222,-104.99959,-40.208168,328.5631,0.0
1e,1,Left Ankle,4011457,1779733986337,-0.13,9.75,-0.94,-1.0,-5.25,-2.0625,-0.34606934,-0.43676758,-0.5860596,-0.5881958
1e,1,Left Ankle,4011478,1779733986343,0.97,9.2,-1.02,-2.5,-7.25,-1.125,-0.347229,-0.4376831,-0.5848999,-0.5880127
1e,1,Left Ankle,4011499,1779733986367,0.33,9.61,-1.07,-10.125,-18.8125,9.1875,-0.3480835,-0.43878174,-0.5834961,-0.58807373
1e,1,Left Ankle,4011513,1779733986369,0.29,9.98,-0.61,-12.0,-20.5,14.4375,-0.34973145,-0.44140625,-0.58013916,-0.588501
1e,4,Right Wrist,30014416,1779733986369,-11.127322,3.2708888,-7.4656067,-119.62496,-35.55889,-53.046272,-143.90929,-52.40609,243.73915,0.0
1e,2,Right Ankle,1053522,1779733986373,-10.488393,-0.20066193,-2.3904297,20.576637,7.01624,-4.902381,66.88988,75.52584,270.37643,0.0
1e,3,Left Wrist,3811517,1779733986379,-3.0530398,-3.866505,-2.5268207,-203.51422,23.2197,2.9792213,-105.087456,-40.144276,328.56775,0.0
1e,1,Left Ankle,4011538,1779733986400,0.68,9.69,-0.45,-9.6875,-11.25,18.0625,-0.34973145,-0.44488525,-0.5756836,-0.59020996
1e,1,Left Ankle,4011554,1779733986426,0.51,9.56,-0.44,-5.75,0.0,20.3125,-0.348938,-0.44573975,-0.57458496,-0.59106445
1e,4,Right Wrist,30014505,1779733986429,-4.185745,-3.618048,-2.440679,-92.04496,-7.698889,-66.206276,-143.94838,-52.3714,243.757,0.0
1e,3,Left Wrist,3811578,1779733986439,-0.31565118,-5.9362965,-2.7397819,2.0757766,11.949699,12.219223,-105.10633,-40.068146,328.57645,0.0
1e,1,Left Ankle,4011578,1779733986459,0.65,9.74,-0.34,-3.5,6.1875,21.6875,-0.34521484,-0.44763184,-0.57214355,-0.59417725
1e,1,Left Ankle,4011599,1779733986459,1.1,9.8,-0.58,0.9375,9.5,21.25,-0.34210205,-0.44873047,-0.571167,-0.5961304
1e,2,Right Ankle,1053583,1779733986464,-8.487993,0.6487902,-1.8855442,-25.973362,8.41624,7.137619,67.05686,75.57047,270.54785,0.0
1e,1,Left Ankle,4011616,1779733986487,1.18,9.78,-0.32,1.8125,7.4375,21.125,-0.34100342,-0.4498291,-0.57037354,-0.5966797
1e,4,Right Wrist,30014566,1779733986490,-3.0946178,-5.005885,-0.82073814,-60.68496,5.5311117,-17.556273,-143.93126,-52.341373,243.729,0.0
1e,3,Left Wrist,3811637,1779733986499,0.75872636,-8.477474,-2.4646075,9.4257765,4.9496994,59.679222,-105.10032,-39.97408,328.56927,0.0
1e,1,Left Ankle,4011638,1779733986518,1.04,9.7,-0.52,5.4375,4.5625,16.0625,-0.3369751,-0.45196533,-0.569458,-0.5982666
1e,1,Left Ankle,4011661,1779733986519,1.17,9.62,-0.51,7.625,6.5625,11.75,-0.33410645,-0.4520874,-0.5701904,-0.59906006
1e,2,Right Ankle,1053642,1779733986527,-5.8558884,2.9267573,-0.22492532,-26.743362,0.3662402,-10.222382,67.26541,75.52967,270.7585,0.0
1e,1,Left Ankle,4011683,1779733986551,1.68,9.34,-0.66,9.8125,8.25,3.875,-0.33203125,-0.45233154,-0.571167,-0.5991211
1e,4,Right Wrist,30014625,1779733986551,-4.319743,-6.317152,-0.9092726,-6.99496,13.651112,22.133728,-143.88057,-52.30651,243.68143,0.0
1e,3,Left Wrist,3811697,1779733986559,2.069993,-7.149457,-1.9645073,23.425777,1.1696992,58.629223,-105.08842,-39.879047,328.5625,0.0
1e,1,Left Ankle,4011701,1779733986577,1.83,9.42,-0.41,10.375,3.6875,-2.25,-0.33081055,-0.45233154,-0.5725708,-0.5984497
1e,1,Left Ankle,4011722,1779733986578,1.38,9.57,-0.39,11.5625,1.1875,-4.1875,-0.33068848,-0.4527588,-0.5739746,-0.5968628
1e,1,Left Ankle,4011742,1779733986608,0.84,9.75,-0.55,16.125,0.625,-7.5,-0.33032227,-0.45300293,-0.57598877,-0.5949707
1e,4,Right Wrist,30014685,1779733986610,-4.1426744,-6.1544404,-1.146162,24.015041,28.841112,42.78373,-143.8079,-52.26995,243.61955,0.0
1e,2,Right Ankle,1053732,1779733986613,-6.253097,-0.40644467,0.33978084,6.506638,-37.293762,-41.58238,67.12201,75.61116,270.613,0.0
1e,3,Left Wrist,3811757,1779733986618,3.6301136,-6.8431754,-1.8544375,31.125776,-8.6303005,49.039223,-105.07678,-39.78616,328.56082,0.0
1e,1,Left Ankle,4011761,1779733986637,1.31,9.55,-0.4,20.4375,3.1875,-11.9375,-0.32958984,-0.45263672,-0.5789795,-0.59265137
1e,1,Left Ankle,4011784,1779733986642,1.19,9.75,-0.44,22.125,4.9375,-14.375,-0.32910156,-0.45184326,-0.58239746,-0.59020996
1e,1,Left Ankle,4011806,1779733986668,0.25,9.58,-1.49,20.875,5.9375,-11.875,-0.3283081,-0.45098877,-0.58587646,-0.5878296
1e,4,Right Wrist,30014746,1779733986670,-4.9035916,-4.673283,-2.5124636,19.325039,28.421112,42.78373,-143.75381,-52.225147,243.57115,0.0
1e,3,Left Wrist,3811817,1779733986679,3.38126,-6.3837543,-2.1176481,33.645775,-17.7303,29.159222,-105.08893,-39.702927,328.57864,0.0
1e,1,Left Ankle,4011830,1779733986701,-0.11,9.67,-1.19,19.1875,3.5625,1.9375,-0.32598877,-0.45178223,-0.58935547,-0.585083
1e,2,Right Ankle,1053822,1779733986703,-14.793081,11.311209,-12.983456,-10.293362,29.346241,35.48762,67.44512,75.597206,270.933,0.0
1e,1,Left Ankle,4011848,1779733986727,0.68,9.53,-1.52,19.625,4.5625,5.1875,-0.32330322,-0.45318604,-0.59088135,-0.58392334
1e,1,Left Ankle,4011866,1779733986729,0.55,9.84,-1.03,18.5625,1.0625,16.75,-0.3217163,-0.4545288,-0.5911865,-0.5834961
1e,4,Right Wrist,30014805,1779733986729,-9.954841,-3.3261237,-1.7635103,-33.38496,15.541111,23.323729,-143.7436,-52.194313,243.54788,0.0
1e,3,Left Wrist,3811877,1779733986739,0.7970114,-7.5801654,-4.4673996,69.97577,-32.2203,-6.120777,-105.11639,-39.635006,328.62057,0.0
1e,1,Left Ankle,4011894,1779733986760,-0.01,10.03,-1.18,21.125,5.75,39.0625,-0.31445312,-0.46020508,-0.5907593,-0.583374
1e,1,Left Ankle,4011909,1779733986787,0.02,10.58,-1.08,22.5625,6.6875,49.5,-0.31079102,-0.46295166,-0.5901489,-0.58380127
1e,1,Left Ankle,4011928,1779733986789,0.81,10.33,-1.06,23.6875,1.625,75.4375,-0.29736328,-0.4741211,-0.58599854,-0.5859375
1e,4,Right Wrist,30014866,1779733986790,-12.790336,0.36839494,-0.89013004,-17.14496,7.4911118,-14.616272,-143.75638,-52.17815,243.55482,0.0
1e,3,Left Wrist,3811937,1779733986799,-4.4719844,-10.286448,-8.219346,46.245777,-56.5103,38.88922,-105.15431,-39.549232,328.667,0.0
1e,1,Left Ankle,4011949,1779733986818,0.67,9.86,-0.88,21.6875,-1.1875,87.625,-0.28723145,-0.48376465,-0.5812378,-0.5878906
1e,1,Left Ankle,4011972,1779733986847,0.55,9.38,-1.15,21.8125,-26.5,82.875,-0.27868652,-0.49505615,-0.57543945,-0.5883179
1e,1,Left Ankle,4011989,1779733986848,-2.59,10.77,-1.07,17.8125,4.0625,88.375,-0.2685547,-0.5050049,-0.56951904,-0.59033203
1e,4,Right Wrist,30014925,1779733986850,-10.978969,-2.7590246,-0.22731815,-3.28496,31.851112,-44.64627,-143.75522,-52.17228,243.55667,0.0
1e,2,Right Ankle,1054016,1779733986854,-8.89238,3.0798979,-0.19860429,-0.9833622,-14.753759,-13.792381,67.84159,75.50367,271.29572,0.0
1e,3,Left Wrist,3811998,1779733986859,-3.191824,-7.180564,-9.662218,23.705776,-59.450302,79.69922,-105.22121,-39.4601,328.72464,0.0
1e,1,Left Ankle,4012013,1779733986878,-1.22,10.51,-1.02,14.9375,47.875,67.1875,-0.25634766,-0.5088501,-0.5665283,-0.5952759
1e,1,Left Ankle,4012038,1779733986907,5.77,8.65,-2.53,16.1875,69.6875,45.1875,-0.24346924,-0.5074463,-0.5668335,-0.60162354
1e,1,Left Ankle,4012049,1779733986909,7.37,7.6,-2.72,11.6875,57.25,28.6875,-0.23327637,-0.5048218,-0.5678711,-0.60687256
1e,2,Right Ankle,1054062,1779733986914,-9.3350525,1.1393187,-1.0360922,-36.68336,-12.02376,-17.502382,67.957565,75.55415,271.41885,0.0
1e,3,Left Wrist,3812057,1779733986918,1.7182482,-5.5797653,-4.0869412,-1.0042236,-27.670301,101.60922,-105.28144,-39.37147,328.76266,0.0
1e,1,Left Ankle,4012073,1779733986936,5.23,6.41,-2.91,9.5,57.125,31.0625,-0.22363281,-0.5019531,-0.56866455,-0.61206055
1e,4,Right Wrist,30014986,1779733986945,-6.9135633,-5.9414787,0.18185452,22.965038,53.62111,-57.316273,-143.72217,-52.171963,243.54001,0.0
1e,1,Left Ankle,4012089,1779733986970,4.08,7.07,-2.78,12.625,61.875,14.25,-0.21453857,-0.49761963,-0.5706787,-0.61694336
1e,1,Left Ankle,4012111,1779733986971,6.78,6.28,-2.08,7.3125,44.3125,2.375,-0.20837402,-0.49310303,-0.5731201,-0.62042236
1e,3,Left Wrist,3812117,1779733986977,4.4293165,-3.9382894,-3.0149567,-78.144226,-10.240301,100.83922,-105.38092,-39.352795,328.80396,0.0
1e,1,Left Ankle,4012131,1779733986995,6.0,6.74,-1.87,3.25,35.4375,6.0,-0.20404053,-0.48986816,-0.57440186,-0.62323
1e,4,Right Wrist,30015045,1779733986999,-3.8483572,-8.566405,1.3591233,-14.48496,47.321114,-30.226273,-143.67477,-52.169308,243.49782,0.0
1e,2,Right Ankle,1054123,1779733987002,-9.0790205,2.3524797,0.071784675,-20.723362,-1.9437598,-6.722381,68.16372,75.56448,271.62512,0.0
1e,1,Left Ankle,4012152,1779733987029,6.12,6.57,-2.63,5.5625,46.125,5.8125,-0.19885254,-0.48614502,-0.5758667,-0.6265259
1e,3,Left Wrist,3812177,1779733987037,5.4582305,-1.3755764,-2.5052855,-46.364223,-15.560301,48.68922,-105.45346,-39.39709,328.84027,0.0
1e,1,Left Ankle,4012177,1779733987055,6.28,6.55,-2.48,7.8125,54.5,9.875,-0.19189453,-0.48132324,-0.5779419,-0.63049316
1e,1,Left Ankle,4012195,1779733987062,5.35,6.75,-3.12,12.8125,61.6875,11.75,-0.18377686,-0.4763794,-0.5800781,-0.63464355
1e,4,Right Wrist,30015135,1779733987062,-3.1951165,-6.838787,0.6652047,-30.444962,-14.278889,14.223728,-143.63382,-52.137615,243.45644,0.0
1e,2,Right Ankle,1054182,1779733987063,-8.476029,1.8404157,0.4737789,-1.7533622,-2.36376,14.277618,68.31702,75.6032,271.77444,0.0
1e,1,Left Ankle,4012213,1779733987087,2.43,7.38,-2.94,16.5625,58.0625,7.1875,-0.1762085,-0.47174072,-0.58258057,-0.6380005
1e,3,Left Wrist,3812237,1779733987097,3.9028955,-1.9666036,-2.292324,51.635777,-0.2303009,-5.1407776,-105.50665,-39.444992,328.88593,0.0
1e,1,Left Ankle,4012239,1779733987119,-1.69,17.23,4.09,12.25,4.1875,-23.5,-0.17376709,-0.46868896,-0.5861206,-0.6376343
1e,1,Left Ankle,4012258,1779733987119,0.44,12.83,-0.82,-8.9375,-31.5,-142.625,-0.19555664,-0.46020508,-0.59198,-0.6320801
1e,4,Right Wrist,30015196,1779733987119,-4.905985,-6.1161547,0.8494521,-6.43496,-45.91889,27.033728,-143.59811,-52.094707,243.42766,0.0
1e,1,Left Ankle,4012280,1779733987145,2.94,5.05,-2.67,-17.8125,-31.5625,-111.4375,-0.20898438,-0.4541626,-0.595459,-0.6288452
1e,2,Right Ankle,1054272,1779733987152,-10.148612,1.0603557,-0.2416751,6.0166383,0.64624023,44.58762,68.43451,75.650085,271.88773,0.0
1e,3,Left Wrist,3812297,1779733987157,-0.7343951,-5.7807627,-3.7375891,55.415775,7.9596996,-17.88078,-105.52539,-39.382347,328.90933,0.0
1e,1,Left Ankle,4012298,1779733987180,-1.74,9.95,-1.1,-11.0,-3.0,-53.375,-0.21484375,-0.44714355,-0.5996704,-0.6279297
1e,1,Left Ankle,4012313,1779733987181,3.77,10.16,-0.99,-5.125,27.4375,-62.0625,-0.21881104,-0.44421387,-0.60095215,-0.6274414
1e,4,Right Wrist,30015255,1779733987181,-10.926327,-4.134898,0.31106696,6.58504,-60.75889,26.403728,-143.58624,-52.048172,243.42328,0.0
1e,1,Left Ankle,4012342,1779733987205,1.3,9.84,-2.1,-7.875,17.1875,-38.0625,-0.22357178,-0.4348755,-0.6050415,-0.62835693
1e,3,Left Wrist,3812357,1779733987217,-3.469391,-11.638392,-7.271788,33.505775,-7.7203007,24.53922,-105.54608,-39.302906,328.9301,0.0
1e,1,Left Ankle,4012360,1779733987236,0.35,9.38,-2.42,-2.75,21.375,-24.6875,-0.22515869,-0.43017578,-0.60705566,-0.6290283
1e,1,Left Ankle,4012383,1779733987265,3.65,8.89,-0.49,8.3125,23.25,-25.3125,-0.22509766,-0.4255371,-0.6105957,-0.6288452
1e,1,Left Ankle,4012400,1779733987266,2.41,10.6,-1.09,-6.125,-8.9375,-12.75,-0.22729492,-0.42401123,-0.6112671,-0.62841797
1e,4,Right Wrist,30015316,1779733987268,-14.931911,-1.2659031,-0.98105735,-28.34496,-35.068886,8.833728,-143.6007,-52.013283,243.42981,0.0
1e,2,Right Ankle,1054436,1779733987273,-8.40903,2.9243646,-0.782453,2.4466376,-1.5937599,-18.552382,68.92713,75.6176,272.36832,0.0
1e,3,Left Wrist,3812417,1779733987278,-3.7397804,-7.972589,-5.802595,17.755777,-5.3403006,72.909225,-105.57075,-39.2093,328.94574,0.0
1e,1,Left Ankle,4012420,1779733987297,0.22,9.94,-1.32,-1.1875,-4.9375,-8.4375,-0.22772217,-0.4230957,-0.61206055,-0.62805176
1e,1,Left Ankle,4012441,1779733987297,2.08,9.0,-1.19,8.625,13.25,-1.125,-0.22613525,-0.42266846,-0.6129761,-0.6281128
1e,1,Left Ankle,4012457,1779733987325,2.61,10.03,-1.26,2.25,-11.75,8.5,-0.22619629,-0.4237671,-0.6125488,-0.62768555
1e,2,Right Ankle,1054455,1779733987332,-8.581313,3.3622508,-0.91884387,-0.5633621,-1.8037597,-26.742382,69.15187,75.609,272.5852,0.0
1e,3,Left Wrist,3812477,1779733987337,-0.011762334,-6.5416803,-3.249453,7.1157765,15.6596985,75.84922,-105.5864,-39.112877,328.94763,0.0
1e,1,Left Ankle,4012482,1779733987355,1.84,8.84,-0.69,3.125,-17.3125,10.75,-0.22650146,-0.4281006,-0.61120605,-0.62597656
1e,1,Left Ankle,4012500,1779733987362,1.78,9.08,-1.24,1.8125,-8.125,13.875,-0.22595215,-0.4307251,-0.60998535,-0.6255493
1e,4,Right Wrist,30015375,1779733987362,-11.412068,-2.146462,-1.3854443,4.7650404,12.251112,-27.776272,-143.60135,-51.995804,243.43488,0.0
1e,1,Left Ankle,4012516,1779733987389,2.26,9.02,-1.9,0.8125,-9.5,12.4375,-0.22601318,-0.4321289,-0.6092529,-0.6253052
1e,2,Right Ankle,1054542,1779733987393,-9.069449,3.0583625,-0.66041905,-0.5633621,-0.5437598,-53.55238,69.36157,75.616455,272.78687,0.0
1e,3,Left Wrist,3812538,1779733987398,2.2733834,-5.92194,-2.888137,17.475777,17.8997,55.68922,-105.613014,-39.03242,328.9595,0.0
1e,1,Left Ankle,4012541,1779733987419,1.5,8.93,-2.2,-4.125,-17.3125,11.5625,-0.22705078,-0.43621826,-0.6065674,-0.6246948
1e,1,Left Ankle,4012561,1779733987419,2.37,9.44,-1.11,-2.6875,-12.9375,10.0,-0.22753906,-0.43841553,-0.60510254,-0.62438965
1e,1,Left Ankle,4012582,1779733987447,2.75,9.63,-0.9,-0.375,-6.0625,5.4375,-0.2276001,-0.43927002,-0.6047363,-0.6241455
1e,2,Right Ankle,1054602,1779733987453,-8.904345,2.4338357,0.06699903,37.376637,-1.3137599,-35.07238,69.58369,75.62643,272.9882,0.0
1e,3,Left Wrist,3812597,1779733987459,3.3716888,-7.247563,-1.3160526,8.095777,16.2897,47.07922,-105.57218,-38.949768,328.92792,0.0
1e,1,Left Ankle,4012599,1779733987478,3.39,9.29,-1.12,4.75,-7.5,-10.25,-0.22857666,-0.43920898,-0.60546875,-0.6230469
1e,1,Left Ankle,4012619,1779733987480,1.86,8.23,-1.33,6.1875,-21.0,-22.5625,-0.23199463,-0.4393921,-0.60687256,-0.6203613
1e,4,Right Wrist,30015569,1779733987481,-3.4367912,-7.288638,-0.59342,-4.33496,-13.298889,11.843728,-143.50381,-51.93372,243.3588,0.0
1e,1,Left Ankle,4012639,1779733987506,1.42,8.45,-1.28,7.3125,-21.4375,-26.4375,-0.23657227,-0.43927002,-0.6087036,-0.61694336
1e,3,Left Wrist,3812657,1779733987518,4.201998,-6.3526473,-1.2011969,-17.384224,9.2897,37.20922,-105.5228,-38.882496,328.88794,0.0
1e,1,Left Ankle,4012662,1779733987537,2.48,9.59,-0.85,9.6875,-14.1875,-26.3125,-0.24023438,-0.4385376,-0.6109619,-0.61376953
1e,1,Left Ankle,4012679,1779733987539,2.3,9.71,-1.38,11.0625,-12.5625,-25.3125,-0.24328613,-0.4376831,-0.61346436,-0.61065674
1e,4,Right Wrist,30015588,1779733987540,-3.2070806,-6.877073,-0.3684947,-16.234959,-15.678888,17.233728,-143.4582,-51.894646,243.31747,0.0
1e,2,Right Ankle,1054663,1779733987544,-7.0451217,-9.089997,-1.0959128,140.97664,8.27624,8.397619,69.59122,75.69199,272.94873,0.0
1e,1,Left Ankle,4012702,1779733987569,1.27,9.92,-1.66,12.3125,-13.5,-26.0,-0.24658203,-0.43676758,-0.6161499,-0.60723877
1e,3,Left Wrist,3812717,1779733987578,5.9224377,-5.5582304,-0.79441714,9.985777,-1.9103007,12.359222,-105.47685,-38.928604,328.86087,0.0
1e,1,Left Ankle,4012726,1779733987597,1.73,10.21,-1.92,15.25,-9.875,-22.3125,-0.24945068,-0.43658447,-0.61846924,-0.60388184
1e,4,Right Wrist,30015675,1779733987604,-5.9923263,-5.6256256,1.0528419,-48.43496,-9.238888,40.26373,-143.42871,-51.86023,243.27518,0.0
1e,2,Right Ankle,1054722,1779733987604,-18.906343,12.835436,-2.656033,-44.173363,34.10624,83.64761,69.87923,75.620834,273.24802,0.0
1e,1,Left Ankle,4012748,1779733987629,0.81,10.13,-1.72,18.3125,-9.75,-15.0625,-0.2510376,-0.43652344,-0.6211548,-0.6005249
1e,1,Left Ankle,4012766,1779733987629,3.08,10.78,-2.45,24.625,-4.875,-10.3125,-0.25164795,-0.4375,-0.62353516,-0.59698486
1e,3,Left Wrist,3812777,1779733987638,9.368102,-10.7028,-3.3571303,83.34577,-28.0203,-82.00078,-105.528564,-38.986965,328.92493,0.0
1e,1,Left Ankle,4012792,1779733987657,5.55,13.83,-4.28,31.5625,-8.4375,-3.25,-0.2506714,-0.4389038,-0.626709,-0.5930786
1e,1,Left Ankle,4012802,1779733987664,6.9,16.47,-3.51,35.1875,-21.875,-6.0,-0.25054932,-0.44158936,-0.6298828,-0.58776855
1e,4,Right Wrist,30015736,1779733987664,-10.029017,-3.6778686,-0.6053842,-31.63496,60.55111,68.543724,-143.38564,-51.835995,243.21295,0.0
1e,2,Right Ankle,1054812,1779733987664,-10.543428,2.955471,-1.4907286,-52.43336,-1.5237597,68.38762,70.115906,75.608025,273.4969,0.0
1e,1,Left Ankle,4012826,1779733987688,8.31,17.44,-2.34,27.8125,-21.5625,-16.375,-0.25177002,-0.44354248,-0.63305664,-0.5823364
1e,3,Left Wrist,3812837,1779733987699,14.139391,-11.978173,-5.9342003,114.91577,-57.490303,-185.81078,-105.579185,-39.0955,329.01056,0.0
1e,1,Left Ankle,4012848,1779733987720,7.27,14.28,-1.83,16.25,6.25,-21.25,-0.25274658,-0.4423828,-0.63635254,-0.57922363
1e,4,Right Wrist,30015795,1779733987720,-8.935498,-2.148855,0.44027936,-133.62495,159.2511,128.11372,-143.33316,-51.832096,243.09232,0.0
1e,2,Right Ankle,1054873,1779733987724,-7.710326,3.1780035,0.41156548,-36.61336,5.6162405,42.69762,70.288284,75.531044,273.67792,0.0
1e,1,Left Ankle,4012866,1779733987747,4.34,7.18,0.01,2.75,40.125,-16.9375,-0.25073242,-0.4375,-0.6397705,-0.5800171
1e,1,Left Ankle,4012887,1779733987749,-1.1,4.85,-0.66,-16.4375,27.9375,-4.5,-0.24871826,-0.4329834,-0.64056396,-0.58343506
1e,3,Left Wrist,3812897,1779733987759,18.549362,-17.058136,0.9954142,208.71577,-177.1203,-262.2508,-105.520874,-39.19882,329.08505,0.0
1e,1,Left Ankle,4012905,1779733987779,-0.64,-0.22,1.28,-7.9375,-6.1875,-4.875,-0.24932861,-0.43188477,-0.63964844,-0.58496094
1e,2,Right Ankle,1054932,1779733987783,-9.571942,4.1375256,-2.3353949,-21.983362,27.87624,25.827618,70.570625,75.51524,273.96176,0.0
1e,4,Right Wrist,30015856,1779733987810,-7.908977,-0.70837563,-1.1700902,-104.71496,221.06111,187.47372,-143.2452,-51.828743,242.93343,0.0
1e,3,Left Wrist,3812958,1779733987819,16.386251,-14.694027,6.0849476,75.22577,-304.5203,-219.76079,-105.54012,-39.265057,329.20917,0.0
1e,1,Left Ankle,4012930,1779733987837,3.85,0.58,0.75,-25.9375,-36.875,-9.9375,-0.26013184,-0.4352417,-0.63391113,-0.5840454
1e,1,Left Ankle,4012949,1779733987838,5.68,1.78,-1.8,-21.0625,44.5,81.5,-0.25506592,-0.4385376,-0.6273804,-0.5908203
1e,1,Left Ankle,4012967,1779733987839,0.93,2.69,-4.53,-7.0625,72.0625,112.625,-0.24591064,-0.4407959,-0.6243286,-0.5961914
1e,1,Left Ankle,4012993,1779733987865,1.45,2.17,-2.97,20.5,94.1875,109.75,-0.21307373,-0.44537354,-0.619751,-0.6100464
1e,1,Left Ankle,4013012,1779733987866,-0.27,4.68,-2.77,18.0625,47.5625,100.9375,-0.19439697,-0.45037842,-0.61608887,-0.616272
1e,2,Right Ankle,1054993,1779733987873,-8.710526,2.92915,-1.5625132,-26.813362,22.55624,23.72762,70.8342,75.51012,274.2286,0.0
1e,3,Left Wrist,3813017,1779733987878,15.328624,-10.671692,13.490734,173.71577,-418.2703,-192.67078,-105.56057,-39.30895,329.38342,0.0
1e,1,Left Ankle,4013033,1779733987896,0.85,6.08,-1.41,-3.875,-40.75,71.4375,-0.18756104,-0.46020508,-0.60980225,-0.6173706
1e,4,Right Wrist,30015916,1779733987898,-5.700402,-0.6078771,-1.7012969,30.805038,202.4411,185.51372,-143.12015,-51.815033,242.78539,0.0
1e,1,Left Ankle,4013052,1779733987925,-9.11,7.63,-1.77,-24.5625,-121.625,72.8125,-0.19232178,-0.47784424,-0.5986328,-0.61346436
1e,1,Left Ankle,4013071,1779733987927,-11.27,8.52,-0.81,-33.125,-152.0,47.1875,-0.20422363,-0.49743652,-0.5860596,-0.6060791
1e,4,Right Wrist,30016005,1779733987959,0.671685,-0.5600205,-0.009571291,113.26504,88.06111,147.22372,-142.93022,-51.823753,242.63036,0.0
1e,3,Left Wrist,3813078,1779733987967,13.373688,-11.456538,20.267208,254.70578,-437.6603,-124.63077,-105.55406,-39.32098,329.55862,0.0
1e,1,Left Ankle,4013093,1779733987988,-16.0,12.03,1.0,-25.0,-108.5625,-22.625,-0.21936035,-0.50891113,-0.57891846,-0.5980835
1e,1,Left Ankle,4013110,1779733987988,39.23,22.21,-36.41,64.0,9.8125,-128.125,-0.22961426,-0.5046387,-0.58740234,-0.5895386
1e,1,Left Ankle,4013137,1779733988015,-3.74,0.8,-5.16,-110.375,-97.5,109.0625,-0.23132324,-0.5010376,-0.59155273,-0.5878296
1e,1,Left Ankle,4013154,1779733988016,-36.65,1.23,6.41,-48.5625,-31.4375,42.6875,-0.23388672,-0.50427246,-0.5848999,-0.5906372
1e,4,Right Wrist,30016095,1779733988020,3.8828528,-2.163212,0.124426775,5.53504,-110.80888,103.403725,-142.86273,-51.800304,242.57544,0.0
1e,3,Left Wrist,3813167,1779733988027,-2.3782642,-16.904995,21.190838,-30.124224,-190.9803,-153.40077,-105.583984,-39.342747,329.63177,0.0
1e,1,Left Ankle,4013172,1779733988047,14.64,8.23,-1.18,51.125,124.375,-127.75,-0.23083496,-0.4845581,-0.59539795,-0.5977783
1e,1,Left Ankle,4013196,1779733988075,15.23,8.43,1.6,-9.0,-17.5625,-181.9375,-0.24816895,-0.46588135,-0.6083374,-0.5927124
1e,1,Left Ankle,4013212,1779733988076,-2.34,16.31,5.57,-44.25,-101.5,5.1875,-0.26654053,-0.4658203,-0.6062622,-0.586853
1e,2,Right Ankle,1055083,1779733988083,-8.440137,4.5155916,-2.309074,-37.52336,24.23624,6.577619,71.099304,75.48908,274.50012,0.0
1e,3,Left Wrist,3813227,1779733988087,-1.8757716,-19.594528,38.557945,106.09577,29.519701,-82.07077,-105.5017,-39.3677,329.60135,0.0
1e,1,Left Ankle,4013236,1779733988105,-17.85,11.75,-4.49,-14.8125,38.5625,5.0625,-0.26397705,-0.4713745,-0.5977173,-0.5923462
1e,1,Left Ankle,4013252,1779733988135,6.99,8.53,-5.69,-1.9375,32.8125,-91.4375,-0.27056885,-0.45581055,-0.6097412,-0.58929443
1e,1,Left Ankle,4013273,1779733988136,1.85,10.41,5.78,-20.3125,-138.9375,-52.625,-0.2874756,-0.460083,-0.60668945,-0.5811157
1e,4,Right Wrist,30016156,1779733988138,4.3398824,2.588934,-0.8470592,-57.53496,-260.1189,103.82372,-142.97005,-51.750095,242.65999,0.0
1e,2,Right Ankle,1055349,1779733988143,-6.616806,5.4224715,2.6081767,75.80664,-6.77376,-92.61238,71.520386,75.45779,274.86673,0.0
1e,3,Left Wrist,3813288,1779733988147,16.245075,-18.520151,65.15417,68.08577,455.1197,113.649216,-105.300644,-39.377625,329.36227,0.0
1e,1,Left Ankle,4013301,1779733988166,-2.23,11.42,1.88,-6.125,-102.5,-55.625,-0.30633545,-0.465271,-0.6044922,-0.569458
1e,1,Left Ankle,4013312,1779733988175,0.97,9.26,0.09,16.25,-44.5,-57.6875,-0.31860352,-0.4671631,-0.6051636,-0.56030273
1e,1,Left Ankle,4013342,1779733988197,0.3,8.51,-3.54,24.25,-25.125,-46.8125,-0.32409668,-0.46588135,-0.6101074,-0.5529175
1e,4,Right Wrist,30016246,1779733988198,1.4014959,9.518549,-5.7547383,-18.54496,-264.4589,27.523727,-143.12474,-51.679096,242.80602,0.0
1e,2,Right Ankle,1055368,1779733988202,-6.2674537,4.465342,0.3876373,72.79664,-7.6837597,-62.37238,71.619316,75.40768,274.93552,0.0
1e,3,Left Wrist,3813347,1779733988207,49.89534,-16.36661,78.398445,71.79578,788.80975,230.12923,-104.99818,-39.388824,328.96445,0.0
1e,1,Left Ankle,4013357,1779733988229,0.95,8.85,-2.45,16.1875,-35.0625,-41.3125,-0.32977295,-0.46557617,-0.6135254,-0.5459595
1e,1,Left Ankle,4013380,1779733988255,-0.28,9.56,-6.54,2.6875,-35.125,-49.4375,-0.34143066,-0.4630127,-0.6166992,-0.5373535
1e,1,Left Ankle,4013400,1779733988256,-1.48,9.75,-0.9,-3.3125,-31.75,-45.625,-0.34820557,-0.46069336,-0.61828613,-0.5331421
1e,4,Right Wrist,30016335,1779733988258,-3.309972,-1.8186452,3.7208393,198.94504,-167.85889,-12.0962715,-143.07568,-51.63201,242.84598,0.0
1e,2,Right Ankle,1055413,1779733988262,-6.712519,-7.888801,-5.2570314,42.346638,4.07624,-35.42238,71.69356,75.492935,274.99243,0.0
1e,3,Left Wrist,3813408,1779733988268,84.433334,-29.785559,51.98407,297.40576,818.55975,258.19922,-104.60684,-39.405334,328.55054,0.0
1e,1,Left Ankle,4013416,1779733988288,0.66,9.15,-2.79,-1.1875,-8.375,-45.875,-0.35076904,-0.45861816,-0.619751,-0.53149414
1e,1,Left Ankle,4013438,1779733988317,-0.37,9.35,-1.38,-3.5,-6.3125,-40.875,-0.35772705,-0.45251465,-0.6234741,-0.527771
1e,1,Left Ankle,4013458,1779733988319,0.53,8.87,1.18,-16.0,-14.0,-37.6875,-0.36505127,-0.4487915,-0.6234131,-0.526062
1e,4,Right Wrist,30016396,1779733988320,-2.5849464,-7.709775,2.28036,142.80504,-179.0589,5.333728,-143.01857,-51.564312,242.8627,0.0
1e,2,Right Ankle,1055472,1779733988323,-10.017007,1.0459987,-0.43788654,33.176636,-0.1937598,-49.84238,71.79012,75.56933,275.07336,0.0
1e,3,Left Wrist,3813467,1779733988329,68.33682,-16.605892,-4.8598228,-57.844223,439.29968,39.65922,-104.50298,-39.49701,328.3543,0.0
1e,1,Left Ankle,4013484,1779733988347,-3.74,9.4,-4.51,-20.375,-28.6875,-29.5,-0.37280273,-0.44659424,-0.62194824,-0.52423096
1e,1,Left Ankle,4013499,1779733988377,-1.34,9.47,-2.99,-17.75,-15.5,-18.5,-0.37872314,-0.44476318,-0.6208496,-0.5227661
1e,1,Left Ankle,4013520,1779733988378,-1.3,10.01,-1.98,-17.5,-3.875,-17.3125,-0.3812256,-0.44213867,-0.6204834,-0.5236206
1e,4,Right Wrist,30016456,1779733988379,-11.165608,-11.961821,-4.35733,-17.424961,-97.92889,5.193728,-143.0192,-51.495354,242.87032,0.0
1e,2,Right Ankle,1055533,1779733988384,-9.012021,-0.2820179,-1.146162,25.476639,25.63624,-48.44238,71.903946,75.65332,275.17578,0.0
1e,3,Left Wrist,3813527,1779733988388,25.146376,-0.037988517,-15.498312,31.055777,-52.9403,103.00922,-104.56448,-39.514114,328.4072,0.0
1e,1,Left Ankle,4013544,1779733988408,-0.66,9.59,-1.82,-19.4375,8.25,-9.375,-0.38269043,-0.43927002,-0.6199951,-0.5255127
1e,1,Left Ankle,4013561,1779733988437,-1.13,9.56,-0.86,-21.375,2.8125,-2.6875,-0.3843994,-0.43725586,-0.6185913,-0.5276489
1e,4,Right Wrist,30016515,1779733988440,-10.203693,-2.1775684,-6.8745794,-78.67496,63.281113,51.74373,-143.02667,-51.45712,242.8374,0.0
1e,3,Left Wrist,3813587,1779733988449,-3.392821,-1.4521468,11.968899,34.555775,-154.4403,76.12922,-104.55402,-39.47112,328.44336,0.0
1e,1,Left Ankle,4013590,1779733988472,-0.72,9.73,-0.58,-17.75,2.0,2.0625,-0.38555908,-0.43603516,-0.6168823,-0.52978516
1e,1,Left Ankle,4013604,1779733988472,-0.56,9.36,-0.76,-13.375,3.25,4.6875,-0.3857422,-0.43518066,-0.61553955,-0.53186035
1e,2,Right Ankle,1055592,1779733988473,-9.22259,-1.1003633,-3.57727,33.526638,16.95624,-31.92238,72.079865,75.72063,275.33545,0.0
1e,1,Left Ankle,4013630,1779733988497,-1.17,9.36,-0.72,-9.9375,5.0,9.5,-0.38476562,-0.43518066,-0.61364746,-0.53479004
1e,3,Left Wrist,3813647,1779733988508,-2.4524412,-2.3327055,8.874979,-36.144222,8.029699,43.929222,-104.52326,-39.450863,328.4107,0.0
1e,1,Left Ankle,4013649,1779733988531,-0.6,9.94,-1.76,-1.8125,13.3125,14.6875,-0.38250732,-0.43530273,-0.6131592,-0.53686523
1e,1,Left Ankle,4013670,1779733988531,-0.4,9.91,-0.82,-0.75,9.0,18.0,-0.38024902,-0.43652344,-0.6121216,-0.53863525
1e,4,Right Wrist,30016576,1779733988531,-0.33808616,-0.18434769,-5.7044888,85.755035,56.351112,-29.316273,-143.07066,-51.421402,242.89293,0.0
1e,2,Right Ankle,1055652,1779733988533,-7.791682,-1.062078,-4.6396832,-25.133362,-11.39376,-15.472382,72.23714,75.77278,275.49506,0.0
1e,1,Left Ankle,4013700,1779733988557,0.33,10.5,-1.9,-0.3125,-14.6875,10.0,-0.37976074,-0.4385376,-0.6107178,-0.53900146
1e,3,Left Wrist,3813708,1779733988569,1.5986072,-2.4116688,4.127619,-80.034225,-7.5103006,8.43922,-104.50444,-39.450645,328.38235,0.0
1e,1,Left Ankle,4013716,1779733988590,-0.3,8.69,-1.71,-2.9375,-16.375,18.875,-0.38000488,-0.44158936,-0.6081543,-0.5392456
1e,1,Left Ankle,4013737,1779733988617,-0.43,8.92,-1.69,-5.0,-18.5625,21.375,-0.380188,-0.44708252,-0.6031494,-0.54016113
1e,1,Left Ankle,4013757,1779733988619,-1.12,9.84,-1.68,-7.75,-12.125,34.375,-0.3795166,-0.44909668,-0.60113525,-0.54119873
1e,4,Right Wrist,30016635,1779733988620,-1.6493529,-5.395915,-3.7758741,-41.78496,33.181114,4.353728,-143.04115,-51.36853,242.85336,0.0
1e,2,Right Ankle,1055743,1779733988624,-9.33266,-0.56676376,-1.3447663,-13.303362,-11.60376,1.817619,72.31086,75.83684,275.57013,0.0
1e,3,Left Wrist,3813767,1779733988629,2.5677001,0.28982818,9.02812,-16.334223,-37.9603,13.619221,-104.48216,-39.454777,328.37357,0.0
1e,1,Left Ankle,4013780,1779733988649,0.24,9.54,-1.07,-5.6875,-0.25,38.9375,-0.37506104,-0.45458984,-0.5957031,-0.54571533
1e,1,Left Ankle,4013798,1779733988677,-0.3,9.85,-1.4,-7.0625,-1.5,42.875,-0.3718872,-0.45874023,-0.59155273,-0.5489502
1e,1,Left Ankle,4013813,1779733988679,0.0,9.6,-0.8,-6.0,-3.25,43.125,-0.37023926,-0.46081543,-0.58947754,-0.5504761
1e,4,Right Wrist,30016725,1779733988679,-1.7139592,-0.6270196,-6.2572308,21.84504,53.27111,-4.536272,-143.08304,-51.32179,242.88583,0.0
1e,2,Right Ankle,1055833,1779733988684,-9.047914,-0.49497914,-2.7661028,-24.503363,-7.40376,24.217619,72.459,75.88146,275.72208,0.0
1e,3,Left Wrist,3813828,1779733988688,1.5292151,-2.0623164,9.71486,-20.884224,-16.3303,11.449223,-104.451515,-39.4542,328.35297,0.0
1e,1,Left Ankle,4013842,1779733988736,0.5,9.87,-1.07,-3.0625,-1.6875,44.3125,-0.36462402,-0.4673462,-0.58374023,-0.5548706
1e,1,Left Ankle,4013860,1779733988737,0.66,9.7,-1.06,3.3125,1.0625,45.9375,-0.35998535,-0.47192383,-0.5803833,-0.5574951
1e,1,Left Ankle,4013882,1779733988738,0.32,9.69,-0.72,5.75,3.0625,48.5625,-0.35443115,-0.47668457,-0.57733154,-0.56018066
1e,2,Right Ankle,1055892,1779733988743,-8.303746,-1.3779308,-3.4935212,-21.213362,-8.94376,33.59762,72.61032,75.92566,275.87616,0.0
1e,3,Left Wrist,3813887,1779733988748,-2.4620132,-4.3929257,9.23151,-3.1742234,20.349699,-10.600777,-104.40714,-39.449745,328.31946,0.0
1e,1,Left Ankle,4013900,1779733988766,0.82,9.79,-0.91,8.125,7.4375,48.8125,-0.3494873,-0.48016357,-0.57507324,-0.5626221
1e,1,Left Ankle,4013915,1779733988766,1.02,9.84,-0.95,13.0625,8.625,48.5625,-0.34613037,-0.48242188,-0.5740967,-0.5638428
1e,4,Right Wrist,30016816,1779733988773,-0.64436746,-2.3235312,-8.207382,74.55504,58.66111,-27.496271,-143.10217,-51.27535,242.9182,0.0
1e,1,Left Ankle,4013942,1779733988797,1.79,9.24,-0.97,15.4375,0.3125,48.25,-0.33685303,-0.4899292,-0.57092285,-0.5661621
1e,2,Right Ankle,1055953,1779733988803,-9.227375,-0.17194806,-1.3256238,-51.52336,-20.35376,52.07762,72.69865,75.96835,275.97897,0.0
1e,3,Left Wrist,3813947,1779733988807,-6.2211366,-6.6996064,6.0227346,-76.18423,73.689705,38.88922,-104.37717,-39.415638,328.26163,0.0
1e,1,Left Ankle,4013955,1779733988825,0.72,9.48,-1.05,15.3125,-4.25,52.0,-0.33392334,-0.49310303,-0.56933594,-0.56677246
1e,4,Right Wrist,30016875,1779733988831,-2.8338,-4.974778,-8.774481,39.34504,27.37111,-80.97627,-143.1249,-51.22815,242.95718,0.0
1e,1,Left Ankle,4013980,1779733988855,1.77,9.82,-0.48,20.875,-3.9375,52.375,-0.32458496,-0.50286865,-0.5653076,-0.56762695
1e,3,Left Wrist,3814007,1779733988867,-5.297508,-4.596316,2.172683,-120.354225,126.3997,104.409225,-104.353035,-39.354233,328.1796,0.0
1e,1,Left Ankle,4014000,1779733988891,2.35,9.82,-0.76,19.8125,-13.8125,48.4375,-0.31970215,-0.510376,-0.5619507,-0.56707764
1e,1,Left Ankle,4014018,1779733988891,1.01,9.48,-1.41,19.8125,-22.625,54.4375,-0.31451416,-0.5183716,-0.55841064,-0.5661621
1e,4,Right Wrist,30016965,1779733988891,-4.671488,-3.3572302,-7.726424,10.22504,-27.788889,-168.68628,-143.20886,-51.190845,243.05858,0.0
1e,2,Right Ankle,1056012,1779733988892,-8.8947735,-1.0261858,-1.9621147,-8.683362,-17.41376,65.657616,72.81259,76.008575,276.09268,0.0
1e,1,Left Ankle,4014047,1779733988916,0.68,10.14,-1.27,27.25,-16.625,59.1875,-0.30847168,-0.5269165,-0.5548706,-0.5651245
1e,1,Left Ankle,4014057,1779733988916,1.22,10.36,-1.22,28.875,-14.125,58.875,-0.3010254,-0.53497314,-0.55200195,-0.5643921
1e,1,Left Ankle,4014082,1779733988945,1.14,10.6,-1.06,30.625,-7.6875,63.9375,-0.29278564,-0.5432129,-0.54870605,-0.5640259
1e,2,Right Ankle,1056073,1779733988952,-8.425779,1.9839851,-2.2325034,-36.473362,-16.643759,59.49762,73.03035,76.003944,276.3165,0.0
1e,3,Left Wrist,3814067,1779733988958,-0.0069768536,-1.6555367,-0.6125626,-169.56422,123.1097,127.36922,-104.38479,-39.24774,328.12146,0.0
1e,4,Right Wrist,30017026,1779733988981,-4.6619167,-5.5777698,-4.8000026,8.61504,-49.97889,-186.18628,-143.26666,-51.159245,243.14513,0.0
1e,1,Left Ankle,4014102,1779733989004,0.92,10.63,-0.91,30.1875,-7.25,64.1875,-0.28460693,-0.55126953,-0.54541016,-0.5635376
1e,1,Left Ankle,4014123,1779733989005,0.9,10.71,-1.07,26.8125,-6.125,64.3125,-0.27593994,-0.5586548,-0.5421753,-0.5637207
1e,1,Left Ankle,4014138,1779733989007,0.7,10.52,-0.75,21.875,-3.5,59.375,-0.2682495,-0.5656738,-0.53845215,-0.5640259
1e,3,Left Wrist,3814127,1779733989017,2.4002025,1.5436671,-0.8853443,-120.07423,71.3797,66.189224,-104.4356,-39.28694,328.10394,0.0
1e,1,Left Ankle,4014161,1779733989040,-0.03,10.5,-1.14,15.75,4.9375,49.5625,-0.26123047,-0.5708008,-0.5352783,-0.56518555
1e,2,Right Ankle,1056163,1779733989043,-8.246318,3.5752122,-1.9932213,-18.203362,-28.61376,26.457619,73.24439,75.97663,276.5287,0.0
1e,4,Right Wrist,30017189,1779733989069,-6.8082786,-6.1496544,-1.8640088,-59.56496,-41.858887,-57.246273,-143.3413,-51.093307,243.22144,0.0
1e,1,Left Ankle,4014187,1779733989095,1.45,8.59,-1.79,15.3125,28.0625,34.375,-0.25427246,-0.57299805,-0.5339966,-0.5673828
1e,1,Left Ankle,4014206,1779733989096,3.13,9.13,-2.15,15.75,65.6875,22.8125,-0.24523926,-0.57037354,-0.53564453,-0.5723877
1e,1,Left Ankle,4014222,1779733989098,6.72,10.62,-5.97,8.25,101.5,9.375,-0.23449707,-0.5630493,-0.5388794,-0.58099365
1e,2,Right Ankle,1056222,1779733989104,-9.0790205,2.3476942,-0.0071784677,-40.673363,-25.74376,1.1176189,73.42443,75.97533,276.71506,0.0
1e,1,Left Ankle,4014249,1779733989125,4.98,9.43,-1.85,-7.0625,102.5625,5.3125,-0.22467041,-0.5527344,-0.5429077,-0.5910034
1e,1,Left Ankle,4014267,1779733989126,4.56,10.99,-6.36,-29.375,77.625,-31.3125,-0.22198486,-0.5410156,-0.5455322,-0.6003418
1e,4,Right Wrist,30017208,1779733989128,-6.856135,-6.790931,-1.6295122,-63.97496,-41.08889,-50.66627,-143.36163,-51.056427,243.23418,0.0
1e,1,Left Ankle,4014290,1779733989155,4.89,7.76,-3.42,-20.3125,37.25,-46.625,-0.22723389,-0.5274658,-0.5506592,-0.6057739
1e,3,Left Wrist,3814217,1779733989169,-0.705681,-5.000703,-3.1657043,-48.324223,50.5197,-30.410778,-104.48018,-39.23246,328.1103,0.0
1e,1,Left Ankle,4014307,1779733989192,4.91,7.36,-1.95,-21.375,-12.875,-58.25,-0.23754883,-0.5233154,-0.55249023,-0.60375977
1e,1,Left Ankle,4014328,1779733989192,3.66,6.81,-2.54,-27.5625,-26.125,-55.4375,-0.24743652,-0.5195923,-0.5532837,-0.60217285
1e,4,Right Wrist,30017265,1779733989192,-6.293822,-7.5183487,-0.70588267,-84.62496,-27.50889,-15.876272,-143.36734,-51.01982,243.22202,0.0
1e,2,Right Ankle,1056312,1779733989194,-9.22259,2.7520812,-0.34456646,-29.053362,-9.083759,-8.962381,73.63376,75.96557,276.92703,0.0
1e,1,Left Ankle,4014347,1779733989217,3.46,6.75,-2.75,-25.25,-9.5,-46.1875,-0.25134277,-0.517395,-0.553833,-0.60198975
1e,1,Left Ankle,4014365,1779733989247,2.14,5.93,-1.74,-17.125,7.9375,-39.25,-0.2567749,-0.5123291,-0.555603,-0.602417
1e,1,Left Ankle,4014393,1779733989249,1.13,6.12,-1.41,-10.3125,-0.5,-42.875,-0.26519775,-0.50549316,-0.55963135,-0.6008301
1e,4,Right Wrist,30017326,1779733989250,-6.2603226,-7.9921274,0.33020952,-63.76496,-27.64889,22.903728,-143.34956,-50.979515,243.19048,0.0
1e,2,Right Ankle,1056373,1779733989255,-8.729669,1.5532771,-0.41156548,-11.903362,-4.8837595,-19.112381,73.791115,76.011375,277.0829,0.0
1e,3,Left Wrist,3814380,1779733989261,-0.5645044,-0.69362193,-8.635696,-60.014225,22.5197,32.589222,-104.67579,-39.156517,328.1691,0.0
1e,1,Left Ankle,4014405,1779733989283,1.9,5.45,-1.35,-10.9375,-24.625,-59.875,-0.26983643,-0.5036621,-0.5610962,-0.598938
1e,1,Left Ankle,4014433,1779733989307,3.5,4.53,-0.56,-12.8125,-26.75,-61.8125,-0.28424072,-0.49804688,-0.5649414,-0.59332275
1e,1,Left Ankle,4014449,1779733989309,2.27,5.08,2.2,-21.375,-9.3125,-30.9375,-0.29071045,-0.4946289,-0.5656128,-0.5923462
1e,4,Right Wrist,30017385,1779733989311,-6.4014993,-6.721539,-0.4642076,-65.65496,-7.908888,58.53373,-143.32043,-50.93406,243.14076,0.0
1e,2,Right Ankle,1056462,1779733989314,-8.995272,1.282888,-0.3804588,6.2266383,4.63624,-3.0823812,73.941895,76.06451,277.22742,0.0
1e,1,Left Ankle,4014474,1779733989337,14.29,5.43,-6.94,3.1875,124.75,-29.9375,-0.28741455,-0.4850464,-0.569458,-0.59814453
1e,1,Left Ankle,4014489,1779733989366,8.41,9.86,-7.38,4.9375,65.75,47.4375,-0.27459717,-0.47705078,-0.5750122,-0.60528564
1e,1,Left Ankle,4014513,1779733989368,-7.04,23.6,-1.63,8.5,16.375,20.1875,-0.265625,-0.4779663,-0.574646,-0.60894775
1e,2,Right Ankle,1056522,1779733989374,-8.901952,1.189568,-0.3278167,0.06663799,15.206241,15.467619,74.100426,76.11581,277.38284,0.0
1e,1,Left Ankle,4014529,1779733989399,16.82,13.14,-6.22,-35.875,-44.625,-129.0625,-0.28015137,-0.46929932,-0.57922363,-0.60479736
1e,1,Left Ankle,4014553,1779733989428,-7.93,3.1,-1.84,-62.6875,-98.5625,-34.375,-0.30090332,-0.47180176,-0.5716553,-0.60009766
1e,1,Left Ankle,4014573,1779733989429,-1.41,6.47,-2.98,-17.125,1.4375,-60.3125,-0.31152344,-0.46777344,-0.5713501,-0.5980835
1e,2,Right Ankle,1056583,1779733989435,-8.856488,2.2902665,-0.60059845,0.62663794,20.87624,13.50762,74.364006,76.119865,277.64053,0.0
1e,1,Left Ankle,4014589,1779733989460,1.54,11.84,-1.6,-0.3125,36.6875,-16.375,-0.3112793,-0.46185303,-0.5750122,-0.5993042
1e,1,Left Ankle,4014612,1779733989487,3.54,10.13,-1.14,-6.125,11.1875,-44.6875,-0.3125,-0.45617676,-0.5783081,-0.5997925
1e,2,Right Ankle,1056642,1779733989494,-9.141234,2.4577641,-1.7898313,18.266638,8.48624,0.20761895,74.61699,76.12903,277.88065,0.0
1e,1,Left Ankle,4014652,1779733989521,2.06,8.71,-0.38,-25.125,-28.8125,-37.875,-0.32489014,-0.4487915,-0.5796509,-0.5975342
1e,1,Left Ankle,4014637,1779733989521,0.87,8.56,-1.55,-15.4375,-5.125,-37.5625,-0.32061768,-0.44989014,-0.58026123,-0.5984497
1e,3,Left Wrist,3814531,1779733989531,2.7710903,-3.6272225,-3.991228,-6.4642234,-21.5803,70.38922,-104.87501,-39.094692,328.28073,0.0
1e,1,Left Ankle,4014682,1779733989554,0.02,9.92,0.22,-24.1875,-35.25,-30.3125,-0.3369751,-0.44787598,-0.5765991,-0.5944824
1e,2,Right Ankle,1056703,1779733989559,-9.000057,1.9696281,-1.2107683,16.236637,7.0862403,-20.93238,74.84447,76.15607,278.0961,0.0
1e,1,Left Ankle,4014699,1779733989577,0.23,10.21,-0.98,-10.875,-19.625,-25.3125,-0.3427124,-0.44677734,-0.57611084,-0.5924072
1e,1,Left Ankle,4014718,1779733989583,0.0,10.13,-0.72,-8.3125,-12.125,-14.75,-0.34613037,-0.446167,-0.57562256,-0.59143066
1e,3,Left Wrist,3814757,1779733989589,-0.8205367,-0.31077033,-2.4263222,-59.944225,-23.1903,16.419222,-105.15224,-38.931606,328.44138,0.0
1e,1,Left Ankle,4014742,1779733989610,0.52,10.02,-0.46,-7.1875,-9.0,-10.1875,-0.3484497,-0.44586182,-0.5749512,-0.5909424
1e,2,Right Ankle,1056762,1779733989613,-10.268253,1.3738153,-1.2011969,9.166637,9.81624,-32.062378,75.02931,76.20936,278.2726,0.0
1e,1,Left Ankle,4014758,1779733989637,0.62,9.77,-1.25,-7.4375,-18.1875,-0.625,-0.35076904,-0.4467163,-0.5734253,-0.5904541
1e,1,Left Ankle,4014778,1779733989640,0.48,9.91,-0.3,-3.8125,-16.375,4.0625,-0.35253906,-0.44848633,-0.5716553,-0.5897217
1e,4,Right Wrist,30017446,1779733989640,-7.1289167,-5.362416,-0.6915257,-27.014961,5.1111116,56.01373,-143.28336,-50.892647,243.09409,0.0
1e,1,Left Ankle,4014800,1779733989667,0.67,9.93,-0.03,-2.25,-16.0,4.8125,-0.35369873,-0.45056152,-0.57006836,-0.58898926
1e,1,Left Ankle,4014814,1779733989668,0.71,9.57,-0.74,-0.9375,-17.125,7.125,-0.35455322,-0.4520874,-0.5689697,-0.5883789
1e,2,Right Ankle,1056823,1779733989674,-9.3757305,0.6392188,-1.6773688,13.016638,3.09624,-42.49238,75.19473,76.27099,278.4282,0.0
1e,3,Left Wrist,3814788,1779733989679,-1.5479543,-5.3739834,-2.1176481,-64.214226,-16.9603,23.909222,-105.18966,-38.85072,328.45352,0.0
1e,1,Left Ankle,4014841,1779733989700,0.57,9.81,-0.65,0.4375,-16.8125,12.1875,-0.35510254,-0.45611572,-0.5663452,-0.5874634
1e,4,Right Wrist,30017816,1779733989700,-4.121139,-3.591727,-3.8572302,-31.144958,4.4811115,-34.566273,-143.24716,-50.75444,243.0155,0.0
1e,1,Left Ankle,4014857,1779733989726,0.11,9.71,-0.66,-0.9375,-10.5625,14.375,-0.35491943,-0.4572754,-0.5654297,-0.58758545
1e,2,Right Ankle,1056882,1779733989733,-9.318303,-0.49497914,-2.172683,27.576637,-7.7537594,-27.862381,75.33169,76.33667,278.5507,0.0
1e,3,Left Wrist,3814877,1779733989739,0.25623336,-2.5193455,-0.4737789,29.235777,-15.2103,11.799221,-105.169556,-38.774395,328.4505,0.0
1e,1,Left Ankle,4014879,1779733989759,0.62,9.4,-0.62,-0.0625,-2.0,17.625,-0.35308838,-0.4602661,-0.5630493,-0.58862305
1e,1,Left Ankle,4014899,1779733989759,1.14,9.58,-0.49,0.375,-3.3125,17.75,-0.3515625,-0.46221924,-0.56152344,-0.58947754
1e,4,Right Wrist,30017835,1779733989759,-3.348257,-3.515157,-3.9361932,-27.43496,-2.6588879,-36.73627,-143.26294,-50.70145,243.02716,0.0
1e,1,Left Ankle,4014922,1779733989786,0.94,9.76,-0.66,2.0625,-1.875,17.5,-0.34991455,-0.4642334,-0.5601196,-0.59020996
1e,2,Right Ankle,1056942,1779733989793,-7.6863976,2.2783024,-1.0217353,9.866638,-11.043759,-10.222382,75.55821,76.33634,278.7664,0.0
1e,3,Left Wrist,3814937,1779733989799,0.7036913,-5.1753793,1.765903,69.69577,-14.510301,-20.050777,-105.09991,-38.750206,328.42737,0.0
1e,1,Left Ankle,4014948,1779733989818,1.51,9.58,-0.67,4.125,0.625,14.0625,-0.3480835,-0.4658203,-0.5593872,-0.59069824
1e,1,Left Ankle,4014967,1779733989847,1.47,9.43,-0.38,4.8125,-2.8125,10.5,-0.34625244,-0.46813965,-0.5585327,-0.5907593
1e,1,Left Ankle,4014985,1779733989849,0.81,9.51,-0.53,5.25,-5.875,9.875,-0.3458252,-0.46905518,-0.55822754,-0.59051514
1e,2,Right Ankle,1057002,1779733989854,-6.5139146,-1.7966746,-0.3900301,15.886637,-13.49376,-8.75238,75.53486,76.41365,278.73706,0.0
1e,1,Left Ankle,4015005,1779733989877,1.22,9.56,-0.8,8.4375,-2.25,7.625,-0.34472656,-0.4706421,-0.5581665,-0.59002686
1e,4,Right Wrist,30017896,1779733989880,-2.5418758,-4.651747,-3.3236306,-41.78496,-23.658888,-22.526272,-143.26408,-50.64187,243.02388,0.0
1e,3,Left Wrist,3814998,1779733989888,0.39501756,-7.3145623,0.97866446,42.46578,-7.790301,-16.480778,-105.04593,-38.70909,328.4061,0.0
1e,1,Left Ankle,4015026,1779733989909,1.36,9.59,-0.6,10.75,-1.125,4.4375,-0.34350586,-0.47192383,-0.5586548,-0.5892334
1e,1,Left Ankle,4015051,1779733989910,1.53,9.52,-0.59,12.0625,-0.125,-0.625,-0.3421631,-0.4729004,-0.56048584,-0.5874634
1e,2,Right Ankle,1057062,1779733989913,-6.576128,-2.9021587,-0.0071784677,-39.763363,-32.25376,-7.352381,75.420746,76.48586,278.6369,0.0
1e,1,Left Ankle,4015068,1779733989937,1.06,9.58,-0.52,11.9375,0.875,-3.3125,-0.34161377,-0.47253418,-0.5623169,-0.58636475
1e,3,Left Wrist,3815057,1779733989948,-0.34675768,-7.659128,0.7082755,-4.4342237,-8.840301,-19.35078,-105.01491,-38.664036,328.38943,0.0
1e,1,Left Ankle,4015097,1779733989967,1.05,9.6,-0.75,12.9375,5.0,-4.25,-0.3406372,-0.47247314,-0.56414795,-0.5852661
1e,1,Left Ankle,4015107,1779733989970,1.2,9.41,-0.89,14.0,5.0625,-4.5625,-0.33917236,-0.47210693,-0.56640625,-0.5841675
1e,4,Right Wrist,30018059,1779733989970,-3.2166522,-3.630012,-3.0675986,-46.19496,12.391111,75.68372,-143.24506,-50.49876,242.9636,0.0
1e,1,Left Ankle,4015130,1779733989997,0.84,9.59,-0.88,16.8125,0.0,-3.375,-0.33813477,-0.47265625,-0.5683594,-0.58239746
1e,3,Left Wrist,3815147,1779733990009,1.0506506,-7.735698,-0.11964113,23.985777,3.6896992,-33.35078,-104.97216,-38.61834,328.36935,0.0
1e,1,Left Ankle,4015151,1779733990027,1.58,9.32,-1.24,16.9375,-1.4375,-5.25,-0.33740234,-0.47320557,-0.5704956,-0.58032227
1e,1,Left Ankle,4015171,1779733990028,1.12,9.64,-1.07,16.1875,-2.4375,-2.625,-0.33654785,-0.47381592,-0.57250977,-0.5783081
1e,4,Right Wrist,30018078,1779733990029,-2.912763,-2.816452,-2.833102,-34.36496,21.841112,78.833725,-143.21469,-50.43206,242.91399,0.0
1e,2,Right Ankle,1057123,1779733990037,-11.653697,5.0491915,-8.673983,-85.75336,10.30624,34.08762,75.6904,76.47573,278.92966,0.0
1e,1,Left Ankle,4015195,1779733990058,0.88,9.53,-1.29,16.3125,-1.125,0.0,-0.33563232,-0.47479248,-0.5740967,-0.5765381
1e,3,Left Wrist,3815208,1779733990068,-0.7607161,-7.013067,-1.7084754,30.915777,-23.260302,-79.060776,-104.970436,-38.571846,328.38672,0.0
1e,1,Left Ankle,4015213,1779733990086,0.4,9.68,-1.19,17.625,1.75,7.3125,-0.33361816,-0.4761963,-0.5753174,-0.57525635
1e,2,Right Ankle,1057286,1779733990095,-9.301553,2.283088,-0.53599226,-33.39336,-18.95376,38.00762,75.65214,76.477005,278.91928,0.0
1e,4,Right Wrist,30018166,1779733990094,-7.31795,-2.7709887,-0.72263247,9.45504,5.391112,93.95373,-143.16562,-50.385014,242.86124,0.0
1e,1,Left Ankle,4015241,1779733990118,0.29,9.83,-1.16,20.125,7.125,17.6875,-0.32989502,-0.47821045,-0.576416,-0.574646
1e,1,Left Ankle,4015253,1779733990119,0.61,10.33,-1.63,22.875,9.75,28.9375,-0.32476807,-0.48101807,-0.57696533,-0.57470703
1e,3,Left Wrist,3815267,1779733990128,-2.14616,-11.868103,-5.481957,39.455776,1.0996995,-37.27078,-104.98037,-38.51184,328.40384,0.0
1e,1,Left Ankle,4015282,1779733990151,0.04,11.94,-1.1,22.4375,17.0,47.5,-0.3173828,-0.48516846,-0.576355,-0.57592773
1e,4,Right Wrist,30018225,1779733990151,-11.780563,3.4072788,-3.3092737,-15.25496,-5.248888,34.103725,-143.18205,-50.353416,242.86443,0.0
1e,2,Right Ankle,1057305,1779733990153,-8.921094,3.0631483,0.5312066,-26.673363,-21.26376,25.687618,75.70412,76.39328,278.9777,0.0
1e,1,Left Ankle,4015299,1779733990177,1.63,10.08,-1.63,25.1875,37.0625,43.125,-0.30255127,-0.48883057,-0.57666016,-0.5805054
1e,1,Left Ankle,4015316,1779733990178,4.91,8.41,-1.91,25.0,19.4375,45.5,-0.2982788,-0.49072266,-0.5765381,-0.5812378
1e,3,Left Wrist,3815328,1779733990188,-6.982054,-10.317555,-8.506485,14.8857765,4.599699,33.77922,-105.0076,-38.434464,328.4204,0.0
1e,1,Left Ankle,4015339,1779733990209,4.06,10.94,-2.75,6.4375,-45.8125,37.4375,-0.29370117,-0.5015259,-0.571228,-0.57958984
1e,4,Right Wrist,30018286,1779733990210,-12.127522,3.9695923,-0.74895346,82.74504,-17.638887,-77.82628,-143.19821,-50.348675,242.91537,0.0
1e,2,Right Ankle,1057363,1779733990214,-9.126877,1.9576641,-0.5312066,-12.253363,-16.36376,0.557619,75.89365,76.41365,279.1648,0.0
1e,1,Left Ankle,4015361,1779733990237,2.62,11.16,-2.31,-0.75,-32.3125,20.875,-0.2949829,-0.50775146,-0.56726074,-0.5773926
1e,1,Left Ankle,4015378,1779733990239,2.97,10.19,-3.4,-4.5,3.625,17.8125,-0.29412842,-0.50982666,-0.56500244,-0.5782471
1e,3,Left Wrist,3815387,1779733990249,-1.8829496,-9.52553,-6.089734,-20.044224,51.009697,94.67922,-105.03136,-38.337463,328.41064,0.0
1e,1,Left Ankle,4015400,1779733990268,3.36,9.91,-4.2,-0.625,10.0,11.125,-0.29180908,-0.50982666,-0.56433105,-0.5800781
1e,1,Left Ankle,4015417,1779733990297,2.15,8.92,-2.86,0.6875,-3.9375,4.3125,-0.29174805,-0.5102539,-0.5640259,-0.57995605
1e,2,Right Ankle,1057422,1779733990304,-8.861274,2.4123003,0.29192436,-21.423363,-4.60376,-11.622381,76.08795,76.37409,279.36032,0.0
1e,3,Left Wrist,3815448,1779733990309,3.4841511,-5.8118696,-3.993621,-67.29423,61.299698,95.659225,-105.09967,-38.27918,328.41544,0.0
1e,1,Left Ankle,4015449,1779733990327,0.03,7.48,-1.31,-5.1875,-57.8125,-16.0625,-0.30010986,-0.5150757,-0.56152344,-0.57385254
1e,1,Left Ankle,4015458,1779733990329,-1.51,7.14,-0.22,-7.375,-57.0,-14.9375,-0.30767822,-0.51885986,-0.55926514,-0.56866455
1e,1,Left Ankle,4015490,1779733990360,-0.85,6.25,0.83,-10.0,-39.5,-8.0,-0.31365967,-0.52178955,-0.5567627,-0.5651245
1e,1,Left Ankle,4015499,1779733990360,0.7,4.79,0.97,-1.625,10.9375,-2.4375,-0.31488037,-0.52160645,-0.55633545,-0.56500244
1e,3,Left Wrist,3815507,1779733990369,5.410373,-3.648758,-3.5940197,-80.104225,48.4897,60.86922,-105.18446,-38.297344,328.43347,0.0
1e,1,Left Ankle,4015521,1779733990386,1.04,5.58,0.79,3.1875,36.625,-0.125,-0.3106079,-0.51812744,-0.55841064,-0.5685425
1e,1,Left Ankle,4015539,1779733990417,-0.76,6.53,0.26,10.375,87.8125,-1.5625,-0.30200195,-0.5108032,-0.5633545,-0.57489014
1e,1,Left Ankle,4015558,1779733990418,0.38,6.86,0.68,8.875,86.25,-4.8125,-0.29516602,-0.5032959,-0.567749,-0.5806885
1e,2,Right Ankle,1057482,1779733990424,-8.961772,1.8667368,0.02871387,-8.893362,-7.40376,-21.77238,76.25498,76.41681,279.52463,0.0
1e,3,Left Wrist,3815567,1779733990429,5.893724,-2.6030943,-4.0797625,-32.014225,31.899698,20.269222,-105.25924,-38.33606,328.46304,0.0
1e,1,Left Ankle,4015589,1779733990451,9.11,7.3,-1.32,-11.4375,63.4375,-23.8125,-0.29156494,-0.49493408,-0.57128906,-0.5862427
1e,4,Right Wrist,30018345,1779733990451,-7.78455,-4.343073,0.567099,67.97504,-21.62889,-156.36627,-143.21028,-50.350525,242.97374,0.0
1e,1,Left Ankle,4015599,1779733990478,10.69,7.86,-4.54,-2.75,35.0,-1.375,-0.28875732,-0.48913574,-0.57373047,-0.5901489
1e,1,Left Ankle,4015622,1779733990478,-0.95,17.54,-11.45,4.5625,-21.375,-18.5625,-0.29034424,-0.4899292,-0.5740967,-0.58825684
1e,3,Left Wrist,3815627,1779733990489,5.9152594,-4.3522477,-5.0799623,30.145777,18.3897,-2.9707794,-105.32319,-38.358665,328.5046,0.0
1e,1,Left Ankle,4015638,1779733990510,6.08,19.58,0.11,-25.8125,-32.6875,-94.375,-0.30187988,-0.48376465,-0.5776367,-0.58410645
1e,4,Right Wrist,30018613,1779733990510,-7.016454,-7.9394855,2.4885356,-36.394962,-48.858887,35.78373,-143.2084,-50.293568,242.94496,0.0
1e,2,Right Ankle,1057676,1779733990513,-9.330267,1.4168861,0.021535404,6.4366384,17.23624,16.377619,76.372185,76.553925,279.63654,0.0
1e,1,Left Ankle,4015658,1779733990537,2.24,5.66,0.39,-47.0625,-69.5625,-53.25,-0.31951904,-0.4824829,-0.57421875,-0.5791626
1e,1,Left Ankle,4015683,1779733990539,-0.88,7.65,-1.31,-27.375,1.875,-58.375,-0.32928467,-0.47601318,-0.5755615,-0.5776367
1e,3,Left Wrist,3815687,1779733990549,2.845268,-8.27887,-6.8195443,77.535774,-4.5703006,16.279222,-105.36126,-38.308037,328.54504,0.0
1e,4,Right Wrist,30018646,1779733990569,-10.220444,-7.2455673,1.3519448,4.0650396,-55.718887,49.71373,-143.17679,-50.243553,242.9203,0.0
1e,2,Right Ankle,1057695,1779733990573,-9.466657,1.3809937,-0.21296123,7.9066377,18.77624,12.177618,76.541916,76.60716,279.8007,0.0
1e,1,Left Ankle,4015703,1779733990596,0.05,10.71,-2.78,-18.625,18.625,-28.3125,-0.3324585,-0.4699707,-0.57702637,-0.5793457
1e,1,Left Ankle,4015727,1779733990598,2.37,10.97,-0.99,-21.25,-3.4375,-30.6875,-0.34014893,-0.46496582,-0.5765381,-0.57940674
1e,3,Left Wrist,3815748,1779733990609,1.0841502,-11.777176,-7.685746,81.24577,-30.6103,47.429222,-105.38455,-38.225147,328.58167,0.0
1e,1,Left Ankle,4015748,1779733990629,-0.25,10.32,-2.03,-22.0,-16.125,-22.6875,-0.3456421,-0.46289062,-0.5751343,-0.57922363
1e,1,Left Ankle,4015770,1779733990629,1.01,8.82,0.71,-16.0625,-19.25,-13.3125,-0.3505249,-0.4621582,-0.57354736,-0.5784912
1e,2,Right Ankle,1057783,1779733990633,-10.014614,2.1323402,-0.086141616,17.006638,10.93624,-16.382381,76.767586,76.640434,280.015,0.0
1e,1,Left Ankle,4015794,1779733990657,0.45,9.75,-0.23,-9.625,-29.5,-7.8125,-0.35473633,-0.46313477,-0.5715332,-0.5770874
1e,3,Left Wrist,3815807,1779733990668,-1.4067782,-11.418253,-6.4343,42.46578,-38.030304,74.799225,-105.40639,-38.12519,328.60895,0.0
1e,1,Left Ankle,4015808,1779733990686,0.95,10.43,-1.36,-8.5,-30.125,-1.375,-0.35925293,-0.46539307,-0.56915283,-0.5748291
1e,1,Left Ankle,4015829,1779733990689,-0.93,9.88,-0.76,-7.0,-20.1875,5.5625,-0.3614502,-0.46759033,-0.5667114,-0.5740967
1e,2,Right Ankle,1057842,1779733990693,-9.804046,1.0962479,-1.253839,23.166637,12.54624,-34.09238,76.966866,76.69636,280.20145,0.0
1e,1,Left Ankle,4015852,1779733990717,1.02,9.91,-0.77,-8.375,-17.0625,12.375,-0.36260986,-0.4697876,-0.5640869,-0.5741577
1e,3,Left Wrist,3815868,1779733990729,0.8161539,-9.255141,-4.1706896,-14.654223,-24.7303,96.98923,-105.43696,-38.01753,328.6241,0.0
1e,1,Left Ankle,4015879,1779733990747,0.71,9.83,-0.65,-11.625,-19.5,16.25,-0.36395264,-0.4725952,-0.56048584,-0.57458496
1e,1,Left Ankle,4015889,1779733990754,0.52,10.09,-0.8,-10.125,-8.875,20.5,-0.3640747,-0.4749756,-0.5570679,-0.57580566
1e,4,Right Wrist,30018706,1779733990754,-14.625629,-5.977371,-0.47856453,47.32504,-15.608889,59.72373,-143.12883,-50.19966,242.88756,0.0
1e,2,Right Ankle,1057902,1779733990754,-10.043327,-1.7559967,1.2442678,-13.723362,18.56624,-27.862381,76.85643,76.77204,280.09955,0.0
1e,1,Left Ankle,4015913,1779733990779,0.7,9.68,-0.5,-6.6875,-0.4375,23.5625,-0.3626709,-0.47680664,-0.5543823,-0.5777588
1e,3,Left Wrist,3815927,1779733990789,1.2396839,-7.563415,-1.4500505,-33.904224,-20.9503,82.21922,-105.4335,-37.916595,328.61423,0.0
1e,1,Left Ankle,4015929,1779733990812,0.61,9.75,-0.45,-2.1875,6.4375,28.875,-0.35980225,-0.47869873,-0.552124,-0.58013916
1e,4,Right Wrist,30018870,1779733990812,-5.109375,-3.6252265,0.21774687,19.74504,54.321114,-41.636272,-143.06218,-50.181366,242.8399,0.0
1e,1,Left Ankle,4015951,1779733990812,1.33,9.39,-0.36,3.3125,8.3125,28.8125,-0.35595703,-0.48065186,-0.5504761,-0.5824585
1e,2,Right Ankle,1057962,1779733990815,-7.358581,-0.509336,-0.7848458,22.396637,3.2362404,5.177619,76.95544,76.84011,280.18866,0.0
1e,1,Left Ankle,4015975,1779733990837,1.62,9.4,-0.63,7.1875,-2.625,24.0625,-0.35302734,-0.48339844,-0.54907227,-0.583313
1e,3,Left Wrist,3815987,1779733990849,2.433702,-7.6543436,-0.16271193,-33.764225,-11.570301,68.70922,-105.39744,-37.84145,328.5829,0.0
1e,1,Left Ankle,4016000,1779733990869,1.44,9.77,-0.66,9.5,-3.25,21.4375,-0.35040283,-0.48638916,-0.54785156,-0.5834961
1e,4,Right Wrist,30018946,1779733990870,-3.2884367,-6.1496544,-0.6843473,-24.70496,41.581112,-10.556272,-143.01947,-50.161304,242.79678,0.0
1e,2,Right Ankle,1058022,1779733990873,-6.963765,-0.7055475,-1.7300107,-5.8833623,-7.19376,-2.382381,77.09355,76.89959,280.3246,0.0
1e,1,Left Ankle,4016016,1779733990896,1.84,9.4,-0.67,11.9375,2.875,15.8125,-0.3470459,-0.48791504,-0.5482178,-0.58392334
1e,1,Left Ankle,4016040,1779733990899,2.03,9.41,-0.67,15.625,11.5,7.875,-0.34240723,-0.48944092,-0.5496826,-0.5839844
1e,3,Left Wrist,3816047,1779733990911,3.106085,-8.085051,-0.39960137,-31.454224,-1.9803007,64.57922,-105.35681,-37.768513,328.54703,0.0
1e,1,Left Ankle,4016065,1779733990926,1.64,9.46,-0.87,17.75,12.1875,2.375,-0.33929443,-0.48937988,-0.5519409,-0.58374023
1e,4,Right Wrist,30019005,1779733990929,-2.8505502,-5.716553,-1.3399806,-76.50496,29.541111,32.913727,-142.98409,-50.123238,242.73923,0.0
1e,1,Left Ankle,4016084,1779733990957,2.19,9.73,-0.8,21.8125,12.75,-6.0,-0.33673096,-0.4888916,-0.5550537,-0.58270264
1e,1,Left Ankle,4016100,1779733990960,1.92,9.77,-0.12,21.125,5.0,-11.25,-0.3352661,-0.48840332,-0.5584717,-0.58062744
1e,2,Right Ankle,1058083,1779733990964,-7.353795,1.0818911,-1.1006985,-68.67336,-21.19376,12.387619,77.256424,76.925934,280.50516,0.0
1e,3,Left Wrist,3816107,1779733990968,5.297911,-5.529516,-1.8137596,-21.724224,-17.3103,19.499222,-105.4063,-37.827915,328.5759,0.0
1e,1,Left Ankle,4016124,1779733990987,0.51,9.58,-0.35,17.25,17.9375,-7.0,-0.3336792,-0.48742676,-0.56152344,-0.5794678
1e,1,Left Ankle,4016146,1779733991017,1.73,10.11,-2.52,24.4375,59.3125,-0.125,-0.3272705,-0.48358154,-0.5665283,-0.5814209
1e,1,Left Ankle,4016162,1779733991019,3.31,11.64,-2.67,47.1875,90.625,4.75,-0.31536865,-0.47790527,-0.5749512,-0.5844116
1e,4,Right Wrist,30019066,1779733991021,-5.92772,-5.395915,-2.955136,-39.824963,4.7611117,19.613728,-142.96869,-50.07609,242.7126,0.0
1e,2,Right Ankle,1058172,1779733991024,-12.333259,-2.1101344,2.1966112,-37.173363,-11.673759,73.007614,77.09661,76.957634,280.3625,0.0
1e,3,Left Wrist,3816167,1779733991029,5.2333045,-8.71915,-1.7036898,-31.244225,-9.260301,-31.60078,-105.38077,-37.775017,328.55835,0.0
1e,1,Left Ankle,4016191,1779733991054,9.35,15.86,-5.91,53.375,88.9375,1.8125,-0.30169678,-0.47161865,-0.5848999,-0.58691406
1e,1,Left Ankle,4016207,1779733991078,5.54,17.31,-2.3,36.3125,58.0625,8.125,-0.28753662,-0.4656372,-0.5951538,-0.58843994
1e,4,Right Wrist,30019125,1779733991080,-8.842178,-4.713961,-1.7635103,-22.604961,46.41111,38.58373,-142.93614,-50.047104,242.66843,0.0
1e,2,Right Ankle,1058232,1779733991084,-9.18909,4.400736,-2.318645,-16.453362,-7.61376,53.82762,77.353584,76.910034,280.61877,0.0
1e,3,Left Wrist,3816227,1779733991089,5.4438734,-9.987345,-5.2259245,43.445778,-2.1903007,-106.22078,-105.43058,-37.764633,328.60648,0.0
1e,1,Left Ankle,4016230,1779733991111,4.64,13.12,-1.51,16.4375,45.0625,-13.375,-0.28326416,-0.46081543,-0.6003418,-0.5890503
1e,1,Left Ankle,4016249,1779733991111,3.26,9.27,-0.64,14.9375,60.3125,-9.375,-0.27685547,-0.45489502,-0.6050415,-0.5918579
1e,1,Left Ankle,4016264,1779733991137,0.35,4.24,1.03,2.625,24.625,-0.625,-0.2756958,-0.45391846,-0.60565186,-0.59259033
1e,4,Right Wrist,30019215,1779733991139,-9.110174,-3.3668017,-0.2656033,-144.68497,179.8311,120.27373,-142.88763,-50.04525,242.54668,0.0
1e,2,Right Ankle,1058292,1779733991143,-10.069649,3.1421113,-0.2321038,-49.143364,-6.00376,42.20762,77.57148,76.85766,280.84796,0.0
1e,3,Left Wrist,3816288,1779733991148,9.191033,-12.698413,-8.776874,-20.954224,-1.2803006,-113.01077,-105.51796,-37.783993,328.66418,0.0
1e,1,Left Ankle,4016288,1779733991170,-1.9,3.34,1.81,-4.25,-2.75,4.75,-0.27520752,-0.4543457,-0.60406494,-0.5941162
1e,1,Left Ankle,4016304,1779733991170,4.03,5.13,1.55,-3.375,1.1875,-5.5,-0.2755127,-0.45391846,-0.604126,-0.59417725
1e,1,Left Ankle,4016332,1779733991197,4.04,4.84,-1.37,-5.3125,38.1875,49.8125,-0.2701416,-0.45361328,-0.6027832,-0.59832764
1e,2,Right Ankle,1058352,1779733991203,-8.818203,2.146697,0.26799613,-37.943363,4.5662403,31.007618,77.811325,76.82231,281.09528,0.0
1e,3,Left Wrist,3816347,1779733991209,11.366109,-9.6356,-6.6329045,43.935776,-76.1103,-128.48077,-105.60334,-37.852722,328.7556,0.0
1e,1,Left Ankle,4016349,1779733991229,3.15,3.83,-2.95,15.125,68.8125,81.75,-0.24975586,-0.45703125,-0.5985718,-0.6086426
1e,1,Left Ankle,4016368,1779733991229,4.31,3.64,-3.35,25.375,83.125,96.625,-0.23010254,-0.45892334,-0.5970459,-0.61639404
1e,4,Right Wrist,30019276,1779733991230,-8.851748,-0.41405836,-3.2733815,-8.04496,181.51111,146.17372,-142.80707,-50.03161,242.43207,0.0
1e,1,Left Ankle,4016392,1779733991257,3.26,5.41,-3.4,26.5625,72.625,103.75,-0.21081543,-0.46380615,-0.5939331,-0.62268066
1e,2,Right Ankle,1058413,1779733991264,-8.772739,2.7353313,-0.37567315,-19.183363,11.00624,20.297619,78.06396,76.785866,281.34897,0.0
1e,3,Left Wrist,3816408,1779733991269,8.4731865,-8.697614,-1.4907286,107.98577,-158.7803,-171.88077,-105.576324,-37.945057,328.81708,0.0
1e,1,Left Ankle,4016408,1779733991288,3.01,6.24,-2.48,17.75,24.4375,99.9375,-0.19854736,-0.47320557,-0.58795166,-0.62524414
1e,1,Left Ankle,4016430,1779733991289,1.95,8.49,-1.33,2.9375,-37.625,93.4375,-0.19439697,-0.4876709,-0.57873535,-0.6240845
1e,4,Right Wrist,30019335,1779733991289,-6.0952177,-2.9265223,-0.24885355,109.13504,140.6311,123.28372,-142.67506,-50.01652,242.319,0.0
1e,1,Left Ankle,4016453,1779733991317,0.03,8.66,-1.72,-13.0625,-98.5625,80.875,-0.19830322,-0.5065918,-0.5668335,-0.6187134
1e,2,Right Ankle,1058472,1779733991324,-8.779918,3.2737167,-0.7585248,-10.923363,7.3662405,12.457619,78.30786,76.74588,281.59088,0.0
1e,3,Left Wrist,3816467,1779733991329,3.9268236,-9.582958,4.7425747,181.34578,-244.88031,-192.88077,-105.535645,-37.97595,328.91025,0.0
1e,1,Left Ankle,4016471,1779733991347,-7.72,9.03,1.75,-21.0625,-147.3125,66.0,-0.20812988,-0.52667236,-0.5541382,-0.6100464
1e,1,Left Ankle,4016492,1779733991350,-12.59,10.65,4.58,-31.625,-126.0625,31.75,-0.21936035,-0.5380249,-0.54559326,-0.6039429
1e,4,Right Wrist,30019425,1779733991350,-0.8668999,-2.1105695,-0.29671,4.0650396,35.98111,116.91373,-142.57779,-49.96622,242.21983,0.0
1e,1,Left Ankle,4016511,1779733991377,-13.64,11.79,3.51,-31.5625,-48.75,-32.75,-0.22473145,-0.5383911,-0.54455566,-0.6026001
1e,2,Right Ankle,1058533,1779733991384,-7.550007,3.1157901,2.78046,-33.533363,11.916241,4.617619,78.14038,76.71085,281.44028,0.0
1e,3,Left Wrist,3816527,1779733991388,0.5912287,-9.408282,4.146762,309.23578,-280.6503,-185.46077,-105.46574,-37.985806,329.0218,0.0
1e,1,Left Ankle,4016530,1779733991412,35.9,14.21,-34.42,41.5,37.4375,-155.4375,-0.24127197,-0.52075195,-0.567688,-0.59020996
1e,1,Left Ankle,4016549,1779733991412,4.87,6.2,5.67,-64.0625,-108.5,56.625,-0.2503662,-0.5350952,-0.55181885,-0.58862305
1e,1,Left Ankle,4016568,1779733991436,-32.71,8.6,-3.82,-75.0625,-83.5,-3.0625,-0.26550293,-0.53344727,-0.548584,-0.58654785
1e,4,Right Wrist,30019486,1779733991439,0.2505482,-2.790131,-0.65084773,32.97504,-58.65889,51.53373,-142.49643,-49.90231,242.1652,0.0
1e,2,Right Ankle,1058592,1779733991449,-10.086399,1.5317415,-0.31824538,4.4066377,13.10624,0.48761892,78.315605,76.76367,281.61038,0.0
1e,3,Left Wrist,3816587,1779733991449,-4.8548355,-8.101801,10.32503,361.8058,-185.38031,-140.45078,-105.35922,-37.998226,329.0935,0.0
1e,1,Left Ankle,4016589,1779733991472,7.32,6.82,-3.87,6.4375,36.6875,-135.6875,-0.27618408,-0.5178833,-0.56170654,-0.5831299
1e,1,Left Ankle,4016609,1779733991472,14.71,5.77,2.46,-3.9375,40.3125,-94.625,-0.2835083,-0.5037842,-0.57244873,-0.58148193
1e,1,Left Ankle,4016639,1779733991497,-16.92,19.38,1.09,-31.8125,3.375,38.375,-0.28204346,-0.5023804,-0.56988525,-0.5859375
1e,4,Right Wrist,30019545,1779733991500,0.8631108,-2.3474593,0.11246266,-18.75496,-119.55889,52.51373,-142.44266,-49.846527,242.12607,0.0
1e,2,Right Ankle,1058653,1779733991504,-9.835153,3.8671365,-0.9882358,7.626638,1.6962402,-12.462381,78.54876,76.730316,281.8347,0.0
1e,3,Left Wrist,3816647,1779733991509,-8.889134,-17.034206,16.601404,187.78577,-64.9103,-147.73077,-105.281975,-38.020172,329.11432,0.0
1e,1,Left Ankle,4016652,1779733991530,13.09,3.73,-2.93,-3.5625,-11.0,-173.375,-0.29632568,-0.49206543,-0.57647705,-0.58117676
1e,4,Right Wrist,30019635,1779733991560,-2.0178478,9.631011,-2.6273193,-3.91496,-284.3389,-11.396272,-142.57578,-49.776405,242.26779,0.0
1e,2,Right Ankle,1058712,1779733991564,-9.528872,3.5752122,0.9092726,35.13664,1.0662402,-53.902378,78.50732,76.67873,281.78162,0.0
1e,3,Left Wrist,3816708,1779733991569,-4.261416,-23.700611,54.116077,146.62578,170.2197,47.91922,-105.14094,-38.01476,329.01035,0.0
1e,1,Left Ankle,4016674,1779733991590,3.5,6.99,-1.34,-21.4375,-59.5625,-76.4375,-0.3106079,-0.48431396,-0.58288574,-0.5737915
1e,1,Left Ankle,4016697,1779733991590,-4.32,11.92,0.99,-13.5625,-58.6875,-50.1875,-0.3251953,-0.48492432,-0.58148193,-0.5665283
1e,1,Left Ankle,4016712,1779733991615,3.33,10.01,2.04,17.8125,-5.8125,-81.8125,-0.33312988,-0.4814453,-0.5857544,-0.56048584
1e,1,Left Ankle,4016738,1779733991616,1.32,10.07,-0.27,21.1875,-28.125,-70.6875,-0.34521484,-0.47601318,-0.5958252,-0.5469971
1e,1,Left Ankle,4016755,1779733991617,-0.18,9.07,-2.49,31.4375,-54.0625,-79.4375,-0.3503418,-0.47540283,-0.59887695,-0.54089355
1e,3,Left Wrist,3816767,1779733991628,19.523241,-21.410683,73.45248,66.33577,673.16974,242.79922,-104.88085,-37.999996,328.66818,0.0
1e,1,Left Ankle,4016775,1779733991647,-2.29,7.79,-1.74,28.4375,-56.0625,-71.0625,-0.36071777,-0.47509766,-0.60388184,-0.5286255
1e,4,Right Wrist,30019696,1779733991649,-2.2499516,5.436393,-9.341579,51.87504,-185.7789,-28.266272,-142.70522,-49.703484,242.41092,0.0
1e,2,Right Ankle,1058772,1779733991653,-6.9206944,4.623268,2.7182467,115.076645,10.51624,-79.172386,78.423355,76.6552,281.66037,0.0
1e,1,Left Ankle,4016801,1779733991675,-0.28,9.57,-2.23,20.875,-38.25,-68.8125,-0.3692627,-0.47320557,-0.60876465,-0.5187378
1e,1,Left Ankle,4016819,1779733991677,0.45,11.38,-3.41,16.9375,-25.625,-64.5,-0.37945557,-0.46868896,-0.61621094,-0.5065918
1e,3,Left Wrist,3816828,1779733991687,57.69355,-28.476686,48.612587,220.61577,722.30975,309.85922,-104.5475,-37.98258,328.2964,0.0
1e,1,Left Ankle,4016838,1779733991705,-1.18,10.07,-2.87,19.4375,-20.0,-55.375,-0.38482666,-0.46594238,-0.6208496,-0.49938965
1e,4,Right Wrist,30019786,1779733991709,-2.4581268,-8.322337,3.8309093,182.84503,-150.35889,12.053728,-142.62523,-49.64796,242.41707,0.0
1e,2,Right Ankle,1058833,1779733991712,-7.0905848,6.8533797,-9.152547,225.53664,49.92624,-30.522383,78.85597,76.6487,282.00818,0.0
1e,1,Left Ankle,4016856,1779733991736,-2.39,6.7,-1.77,11.875,-26.6875,-48.125,-0.38775635,-0.4649048,-0.6223755,-0.4961548
1e,1,Left Ankle,4016884,1779733991736,-2.59,9.01,-2.51,-9.125,0.5625,-28.0625,-0.3942871,-0.46069336,-0.6246338,-0.49206543
1e,3,Left Wrist,3816887,1779733991747,58.743996,-19.230818,0.6843473,62.065777,408.4297,96.21922,-104.398926,-38.047493,328.10275,0.0
1e,1,Left Ankle,4016900,1779733991765,-1.56,9.86,-2.87,-13.5,12.1875,-18.625,-0.395813,-0.45672607,-0.6260376,-0.49279785
1e,4,Right Wrist,30019845,1779733991773,-5.595118,-9.947064,-0.18424734,79.31504,-142.4489,50.76373,-142.57271,-49.567303,242.4086,0.0
1e,1,Left Ankle,4016916,1779733991797,-0.84,8.78,-2.64,-18.5,10.25,-16.8125,-0.39678955,-0.45483398,-0.62615967,-0.49353027
1e,1,Left Ankle,4016939,1779733991797,-0.28,8.91,-2.69,-34.375,-12.6875,-14.75,-0.40283203,-0.44970703,-0.6239624,-0.4961548
1e,2,Right Ankle,1058922,1779733991803,-10.210826,1.1871752,5.087141,51.236637,18.56624,-42.00238,78.67655,76.66695,281.81702,0.0
1e,3,Left Wrist,3816948,1779733991808,26.629925,3.8599193,-10.949556,-129.73422,-12.900301,32.30922,-104.4885,-38.098694,328.13132,0.0
1e,1,Left Ankle,4016963,1779733991831,-1.94,9.97,-1.92,-31.0,-6.375,-10.625,-0.40722656,-0.44726562,-0.6213379,-0.49804688
1e,4,Right Wrist,30019906,1779733991831,-13.300006,-8.690832,-2.9982069,-84.83496,-83.92889,88.77373,-142.57509,-49.489594,242.38344,0.0
1e,1,Left Ankle,4016979,1779733991855,-1.63,9.12,-1.04,-28.125,4.625,-6.3125,-0.40979004,-0.4442749,-0.619751,-0.50061035
1e,1,Left Ankle,4017000,1779733991857,-0.85,9.69,-1.5,-26.9375,8.125,-2.5625,-0.41125488,-0.44140625,-0.6182251,-0.5038452
1e,2,Right Ankle,1058982,1779733991862,-9.883009,-1.2271829,0.38524443,16.446638,19.54624,-33.32238,78.64232,76.75325,281.77914,0.0
1e,3,Left Wrist,3817007,1779733991868,-1.6843455,-7.5442734,7.6594253,77.115776,-166.3403,48.969223,-104.45833,-38.050304,328.17023,0.0
1e,1,Left Ankle,4017025,1779733991889,-1.31,9.3,-1.38,-28.75,5.3125,0.25,-0.4128418,-0.43884277,-0.616333,-0.5070801
1e,4,Right Wrist,30019965,1779733991889,-8.593325,3.7733812,-4.7808595,5.04504,68.74111,71.833725,-142.56915,-49.466602,242.35785,0.0
1e,1,Left Ankle,4017040,1779733991915,-1.64,9.21,-1.29,-31.9375,2.375,3.5,-0.41461182,-0.43670654,-0.61364746,-0.5107422
1e,2,Right Ankle,1059073,1779733991922,-7.961572,-0.9567939,-4.261617,-2.7333622,5.4062405,-20.372381,78.860085,76.80452,281.99216,0.0
1e,3,Left Wrist,3817067,1779733991928,-3.8115644,-4.943275,8.781659,-44.824223,-18.430302,30.979221,-104.438515,-38.023994,328.15115,0.0
1e,1,Left Ankle,4017065,1779733991949,-1.3,9.32,-0.61,-32.4375,3.0625,8.8125,-0.41619873,-0.43518066,-0.6102905,-0.5147705
1e,1,Left Ankle,4017087,1779733991949,-0.94,10.64,-0.95,-25.6875,5.125,12.125,-0.41693115,-0.43389893,-0.60736084,-0.51867676
1e,1,Left Ankle,4017102,1779733991976,-1.49,9.8,-1.03,-20.125,5.5625,15.5625,-0.416687,-0.43341064,-0.60461426,-0.5223999
1e,1,Left Ankle,4017120,1779733991976,-1.1,9.78,-0.89,-11.9375,10.4375,17.625,-0.41534424,-0.43328857,-0.6029053,-0.52563477
1e,4,Right Wrist,30020026,1779733991979,-1.8814569,-3.3763726,-1.6534405,100.73504,60.27111,-23.086271,-142.49248,-49.43827,242.32217,0.0
1e,2,Right Ankle,1059132,1779733991983,-8.897166,-0.78211784,-2.9623144,-22.403362,-11.95376,-14.982382,79.017075,76.860176,282.15146,0.0
1e,3,Left Wrist,3817127,1779733991987,0.7108698,-1.9043902,5.970093,-71.144226,-5.480301,7.0392227,-104.42215,-38.022938,328.12674,0.0
1e,1,Left Ankle,4017140,1779733992007,-1.21,9.63,-0.42,-6.375,9.0,23.6875,-0.4128418,-0.4342041,-0.6011963,-0.52874756
1e,1,Left Ankle,4017163,1779733992038,-0.75,9.44,-0.84,-5.375,4.0625,26.25,-0.41033936,-0.43579102,-0.5993042,-0.5315552
1e,2,Right Ankle,1059193,1779733992043,-9.119699,-1.2726465,-1.1102697,-4.203362,-11.74376,-8.682381,79.072754,76.93409,282.2061,0.0
1e,3,Left Wrist,3817187,1779733992048,2.1585276,-0.32273442,6.900901,3.6157765,-30.750301,5.2892227,-104.390366,-38.029938,328.11578,0.0
1e,1,Left Ankle,4017186,1779733992073,-0.92,9.76,-0.68,-4.5625,-2.875,30.3125,-0.40820312,-0.43847656,-0.5966797,-0.5339966
1e,1,Left Ankle,4017205,1779733992073,-0.88,9.54,-1.06,-6.1875,-11.6875,29.5625,-0.40698242,-0.44195557,-0.5932617,-0.53582764
1e,1,Left Ankle,4017220,1779733992100,-1.13,9.43,-1.15,-5.3125,-6.5625,41.5,-0.40533447,-0.44677734,-0.5887451,-0.5380249
1e,1,Left Ankle,4017243,1779733992100,-0.62,9.93,-1.15,-1.0625,-2.0,47.8125,-0.40148926,-0.45147705,-0.58483887,-0.54119873
1e,3,Left Wrist,3817248,1779733992108,-0.34675768,-3.7014003,9.128618,-39.294224,-17.8703,3.469223,-104.366646,-38.023533,328.09723,0.0
1e,1,Left Ankle,4017265,1779733992131,-0.27,9.85,-0.9,0.4375,-3.25,51.5625,-0.39709473,-0.45654297,-0.5809326,-0.5444336
1e,2,Right Ankle,1059252,1779733992133,-8.691383,-1.2582896,-2.5794628,-10.293362,-4.6737595,6.297619,79.2278,76.99014,282.36038,0.0
1e,1,Left Ankle,4017292,1779733992158,0.05,9.84,-1.17,-0.375,-7.4375,55.0,-0.3904419,-0.4656372,-0.57373047,-0.54919434
1e,3,Left Wrist,3817307,1779733992168,-2.0049837,-2.6868432,7.8053875,-62.53422,-0.020300865,19.639221,-104.3486,-38.00954,328.07132,0.0
1e,1,Left Ankle,4017311,1779733992190,-0.38,10.24,-0.94,2.125,-2.375,62.25,-0.38494873,-0.47198486,-0.5687256,-0.5527954
1e,2,Right Ankle,1059312,1779733992194,-8.727276,-2.0527067,-3.1274192,-24.503363,-6.4937596,29.467619,79.38009,77.04043,282.51703,0.0
1e,1,Left Ankle,4017328,1779733992217,0.51,9.93,-0.87,4.625,-0.9375,61.75,-0.37878418,-0.47839355,-0.56427,-0.5560913
1e,1,Left Ankle,4017350,1779733992222,0.89,9.49,-0.64,13.0,-2.375,61.75,-0.37213135,-0.4852295,-0.56030273,-0.5586548
1e,4,Right Wrist,30020189,1779733992223,-1.5249263,1.0192425,-4.429115,24.785042,49.63111,-4.116272,-142.5416,-49.35288,242.32672,0.0
1e,3,Left Wrist,3817368,1779733992229,-1.323029,-4.6489577,7.0396843,-66.73423,34.5597,28.45922,-104.31828,-37.991352,328.02716,0.0
1e,1,Left Ankle,4017371,1779733992249,1.48,9.4,-0.77,16.3125,-8.1875,57.625,-0.36590576,-0.49224854,-0.5566406,-0.56030273
1e,1,Left Ankle,4017389,1779733992249,1.18,9.48,-0.64,22.3125,-15.125,54.3125,-0.36016846,-0.5,-0.5531006,-0.56066895
1e,2,Right Ankle,1059403,1779733992253,-8.495172,-0.5308715,-2.5411777,-31.013363,-22.52376,52.28762,79.539665,77.07164,282.6821,0.0
1e,1,Left Ankle,4017412,1779733992277,1.25,9.65,-0.67,29.5,-13.4375,51.375,-0.35357666,-0.50720215,-0.55114746,-0.56036377
1e,4,Right Wrist,30020415,1779733992280,-4.755237,-5.3648086,-6.6352973,34.445038,-1.4688883,-110.51627,-142.61346,-49.233517,242.45015,0.0
1e,3,Left Wrist,3817427,1779733992288,-2.4979053,-3.9406824,3.2829525,-88.57423,59.1997,37.699223,-104.2943,-37.95707,327.975,0.0
1e,1,Left Ankle,4017429,1779733992337,1.2,9.69,-0.93,27.875,-13.5625,46.3125,-0.3482666,-0.5142212,-0.5489502,-0.55944824
1e,1,Left Ankle,4017449,1779733992337,1.75,9.63,-1.14,26.125,-21.8125,43.0625,-0.34368896,-0.5215454,-0.5465088,-0.5578003
1e,1,Left Ankle,4017470,1779733992339,2.91,9.28,-1.1,27.25,-19.75,42.0,-0.3392334,-0.5289917,-0.54400635,-0.5560303
1e,4,Right Wrist,30020435,1779733992340,-5.7219377,-4.9676003,-6.7334027,11.695041,-8.958889,-116.53628,-142.65036,-49.19514,242.50352,0.0
1e,3,Left Wrist,3817488,1779733992349,-2.0336978,-4.4120684,0.70348984,-112.72423,79.149704,57.789223,-104.28243,-37.89568,327.91846,0.0
1e,1,Left Ankle,4017493,1779733992373,2.23,9.39,0.08,26.3125,-28.8125,48.125,-0.33496094,-0.5371094,-0.54107666,-0.55358887
1e,1,Left Ankle,4017511,1779733992374,-0.54,11.31,-0.99,16.9375,-43.625,51.375,-0.3317871,-0.5466919,-0.5357666,-0.55133057
1e,2,Right Ankle,1059462,1779733992374,-8.397066,-0.49737194,-1.8017955,-38.993362,-32.39376,65.587616,79.65763,77.104546,282.80878,0.0
1e,1,Left Ankle,4017542,1779733992401,1.04,10.75,-2.03,15.875,-40.625,35.3125,-0.33081055,-0.5549927,-0.5313721,-0.5479126
1e,1,Left Ankle,4017554,1779733992428,-1.91,11.09,-1.67,15.4375,-22.125,43.125,-0.32781982,-0.5621948,-0.5272827,-0.5463257
1e,4,Right Wrist,30020476,1779733992430,-7.50459,-3.6012986,-5.8672013,-21.27496,-15.748888,-130.95627,-142.70918,-49.166935,242.56836,0.0
1e,2,Right Ankle,1059625,1779733992434,-9.47623,2.9530783,-1.0025927,-21.003363,-26.72376,10.49762,80.064865,77.02587,283.2212,0.0
1e,3,Left Wrist,3817547,1779733992438,-2.6438673,-3.2611208,-1.337588,-141.49423,90.8397,58.55922,-104.31327,-37.820877,327.87878,0.0
1e,1,Left Ankle,4017581,1779733992460,-0.96,11.44,-2.31,14.75,8.8125,32.125,-0.32073975,-0.56707764,-0.52490234,-0.5477295
1e,1,Left Ankle,4017599,1779733992460,0.35,10.17,-1.91,11.5625,38.0,23.4375,-0.31451416,-0.56695557,-0.52545166,-0.5510254
1e,1,Left Ankle,4017625,1779733992491,1.66,8.18,-1.92,9.4375,58.5,18.25,-0.30664062,-0.56365967,-0.52789307,-0.5564575
1e,4,Right Wrist,30020566,1779733992491,-8.176973,-2.8140597,-3.4719856,-26.24496,-20.648888,-124.236275,-142.76237,-49.147354,242.62709,0.0
1e,2,Right Ankle,1059645,1779733992494,-9.272839,2.4912636,-0.16989042,1.3266377,-19.58376,4.057619,80.27629,76.99796,283.4253,0.0
1e,1,Left Ankle,4017639,1779733992517,2.21,9.59,-2.63,4.0,87.9375,24.625,-0.2966919,-0.55859375,-0.5300293,-0.56481934
1e,1,Left Ankle,4017660,1779733992525,3.79,10.67,-0.18,-1.5625,105.625,18.0,-0.2855835,-0.5505371,-0.5332031,-0.5753784
1e,1,Left Ankle,4017685,1779733992548,0.99,8.75,-0.64,-25.875,105.25,11.1875,-0.2763672,-0.5406494,-0.5350952,-0.5873413
1e,4,Right Wrist,30020625,1779733992549,-5.8918276,-6.1017976,-1.4596218,-41.08496,-36.888885,-109.25628,-142.79112,-49.123352,242.66293,0.0
1e,2,Right Ankle,1059703,1779733992554,-9.325481,1.1512829,-1.0480564,-37.243362,-3.4137597,-16.94238,80.45031,77.04526,283.6071,0.0
1e,1,Left Ankle,4017700,1779733992578,2.52,11.02,-5.55,-15.1875,69.375,-31.5625,-0.27294922,-0.52911377,-0.5392456,-0.59558105
1e,1,Left Ankle,4017720,1779733992578,3.66,8.23,-2.42,-8.4375,-16.625,-55.75,-0.27801514,-0.5238037,-0.5430908,-0.5944214
1e,3,Left Wrist,3817607,1779733992589,-2.4141562,-3.7492564,-3.438486,-94.174225,88.1797,40.77922,-104.36303,-37.74928,327.86276,0.0
1e,1,Left Ankle,4017745,1779733992609,2.83,6.44,0.32,-26.5,-89.3125,-73.4375,-0.2935791,-0.52349854,-0.5437622,-0.5866089
1e,4,Right Wrist,30020686,1779733992610,-4.4728837,-8.173983,0.4235296,-104.22496,-40.80889,-48.636272,-142.80876,-49.094795,242.66325,0.0
1e,1,Left Ankle,4017760,1779733992637,2.57,6.12,-0.25,-44.125,-116.5,-77.75,-0.31518555,-0.5255127,-0.5407715,-0.5762329
1e,1,Left Ankle,4017782,1779733992639,2.61,5.73,-1.45,-40.9375,-94.9375,-72.3125,-0.33563232,-0.52630615,-0.5374756,-0.56695557
1e,1,Left Ankle,4017801,1779733992666,2.9,5.57,-1.8,-25.5625,-32.625,-53.8125,-0.34857178,-0.5239868,-0.53704834,-0.5617676
1e,2,Right Ankle,1059762,1779733992673,-9.294374,1.53892,-0.75613195,-2.103362,0.64624023,-22.19238,80.655685,77.08703,283.8077,0.0
1e,3,Left Wrist,3817801,1779733992679,4.065607,-2.7155573,-5.4436717,0.18577641,25.739698,0.7392235,-104.51465,-37.72703,327.91885,0.0
1e,1,Left Ankle,4017821,1779733992698,4.08,5.36,-2.88,-1.5625,38.0,-30.5625,-0.35266113,-0.52008057,-0.5388794,-0.56103516
1e,4,Right Wrist,30020746,1779733992699,-5.2098727,-8.296017,1.3495519,-135.93497,-26.388887,2.673728,-142.8195,-49.06303,242.63864,0.0
1e,1,Left Ankle,4017846,1779733992727,4.54,5.24,-1.87,12.25,68.25,-6.375,-0.347229,-0.51348877,-0.54467773,-0.5648804
1e,1,Left Ankle,4017863,1779733992729,5.88,6.97,-0.02,5.1875,61.25,13.125,-0.3395996,-0.5085449,-0.54852295,-0.57025146
1e,2,Right Ankle,1059926,1779733992732,-9.311124,0.67271835,-0.6269195,-1.1233621,16.32624,10.007619,80.98517,77.205765,284.13123,0.0
1e,3,Left Wrist,3817847,1779733992738,6.657034,-1.5670022,-3.8404803,5.2957764,11.249699,-17.390781,-104.574265,-37.790188,327.95468,0.0
1e,1,Left Ankle,4017892,1779733992758,11.8,12.28,-10.19,4.75,25.5625,5.375,-0.33410645,-0.50653076,-0.5508423,-0.57299805
1e,4,Right Wrist,30020805,1779733992758,-4.1019964,-7.5159564,-1.2873386,-65.16496,-41.22889,48.733727,-142.79451,-49.00469,242.5994,0.0
1e,1,Left Ankle,4017909,1779733992785,2.78,23.64,-0.28,-45.0625,-39.4375,-70.4375,-0.34472656,-0.5050049,-0.5484009,-0.5704346
1e,1,Left Ankle,4017928,1779733992786,4.14,5.16,-0.52,-40.9375,-55.3125,-63.375,-0.3609619,-0.5003052,-0.5480957,-0.5647583
1e,2,Right Ankle,1059945,1779733992793,-9.234554,0.1391189,-0.72741807,-0.2833619,19.40624,13.367619,81.128555,77.268745,284.2728,0.0
1e,3,Left Wrist,3817937,1779733992797,3.072586,-4.7231355,-2.2995026,52.055775,-57.490303,-46.370777,-104.636795,-37.766117,328.02267,0.0
1e,1,Left Ankle,4017949,1779733992816,-6.99,5.02,-2.78,-28.1875,32.0,-30.5,-0.3638916,-0.4918213,-0.5505371,-0.56799316
1e,1,Left Ankle,4017967,1779733992845,2.54,11.73,-2.45,-20.3125,9.1875,-44.4375,-0.36993408,-0.48712158,-0.5508423,-0.56781006
1e,1,Left Ankle,4017995,1779733992846,1.0,13.29,-0.24,-29.5625,0.625,-27.25,-0.37512207,-0.48284912,-0.550354,-0.5685425
1e,2,Right Ankle,1060002,1779733992853,-9.277625,2.067734,-1.7682959,-0.84336233,13.80624,2.027619,81.40286,77.27727,284.54178,0.0
1e,3,Left Wrist,3817998,1779733992858,-1.5192403,-7.7141633,-5.666204,48.905777,-44.0503,-56.730778,-104.67996,-37.714596,328.0753,0.0
1e,1,Left Ankle,4018008,1779733992875,-1.76,9.82,-1.06,-26.8125,9.75,-25.0,-0.37805176,-0.47766113,-0.55114746,-0.57025146
1e,1,Left Ankle,4018033,1779733992905,2.12,8.6,0.05,-12.8125,8.25,-21.0625,-0.38012695,-0.47320557,-0.5526123,-0.571167
1e,1,Left Ankle,4018051,1779733992906,0.81,9.92,0.33,-15.8125,-25.8125,-11.1875,-0.38415527,-0.47265625,-0.5510864,-0.5704346
1e,1,Left Ankle,4018071,1779733992935,0.01,10.01,-0.33,-14.875,-36.875,-12.125,-0.3876953,-0.47399902,-0.54907227,-0.5687866
1e,2,Right Ankle,1060062,1779733992943,-9.361373,1.2158891,-1.2299109,22.396637,14.29624,-19.18238,81.64363,77.32064,284.76987,0.0
1e,3,Left Wrist,3818057,1779733992947,-6.1062818,-12.906589,-3.4169507,-79.33423,-21.7203,22.78922,-104.71197,-37.639183,328.0821,0.0
1e,1,Left Ankle,4018091,1779733992967,0.1,10.04,-0.16,-5.25,-16.3125,-5.25,-0.39331055,-0.475708,-0.54626465,-0.56622314
1e,1,Left Ankle,4018108,1779733992967,0.05,10.01,0.04,-0.9375,-7.3125,-1.375,-0.39361572,-0.47631836,-0.54589844,-0.56585693
1e,4,Right Wrist,30020896,1779733992968,-7.530911,-6.3004026,1.9932213,-105.90496,2.381112,110.61372,-142.76479,-48.960503,242.52852,0.0
1e,1,Left Ankle,4018140,1779733992995,0.81,9.76,-0.97,1.6875,-6.5625,7.125,-0.39318848,-0.477417,-0.5453491,-0.56573486
1e,2,Right Ankle,1060123,1779733993002,-10.026578,0.7445031,-1.68694,6.786638,12.96624,-34.58238,81.86269,77.37638,284.9819,0.0
1e,3,Left Wrist,3818147,1779733993007,-1.6819524,-7.235599,-1.509871,-36.634224,-2.1203008,134.57922,-104.71059,-37.52535,328.06454,0.0
1e,1,Left Ankle,4018149,1779733993025,0.7,9.7,-0.94,-2.625,-22.625,11.1875,-0.39404297,-0.48010254,-0.5430908,-0.5650635
1e,4,Right Wrist,30021163,1779733993032,-3.6521454,-1.158226,-1.9621147,7.70504,17.011112,-58.366272,-142.79369,-48.84362,242.52917,0.0
1e,1,Left Ankle,4018174,1779733993057,0.42,9.74,-0.64,-3.4375,-25.9375,11.9375,-0.3953247,-0.48339844,-0.5401001,-0.564209
1e,1,Left Ankle,4018193,1779733993057,0.45,9.98,-0.24,-1.1875,-25.9375,18.625,-0.39624023,-0.48742676,-0.53674316,-0.5633545
1e,1,Left Ankle,4018208,1779733993085,0.19,9.72,-0.39,2.8125,-19.0625,22.75,-0.39587402,-0.49145508,-0.53375244,-0.56292725
1e,2,Right Ankle,1060212,1779733993092,-10.12947,-2.157991,-2.349752,-24.433363,-16.22376,-24.572382,81.957855,77.45082,285.0816,0.0
1e,3,Left Wrist,3818208,1779733993098,0.5122656,-5.9554386,0.44027936,16.005775,3.1296997,111.61922,-104.656364,-37.43791,328.02628,0.0
1e,1,Left Ankle,4018240,1779733993116,0.39,9.42,-0.48,6.625,-11.125,27.8125,-0.39404297,-0.4954834,-0.53118896,-0.5630493
1e,1,Left Ankle,4018249,1779733993117,0.81,9.58,-0.53,8.6875,-4.375,31.5625,-0.39093018,-0.49938965,-0.5289917,-0.5638428
1e,4,Right Wrist,30021182,1779733993118,-2.8577282,-2.1392834,-1.7300107,34.79504,11.131112,-55.636272,-142.78424,-48.81054,242.53986,0.0
1e,1,Left Ankle,4018272,1779733993147,0.88,9.72,-0.58,9.0625,-2.8125,32.3125,-0.38684082,-0.50268555,-0.5274048,-0.5653076
1e,1,Left Ankle,4018289,1779733993149,1.47,9.51,-0.69,11.3125,1.6875,28.125,-0.3829956,-0.5059204,-0.526001,-0.5662842
1e,2,Right Ankle,1060272,1779733993153,-9.126877,2.6013334,-0.31585258,5.5266376,-17.83376,28.907618,82.171005,77.40333,285.28674,0.0
1e,1,Left Ankle,4018309,1779733993177,1.61,9.59,-0.66,11.625,3.375,22.0625,-0.37878418,-0.50787354,-0.5258789,-0.5675049
1e,4,Right Wrist,30021226,1779733993179,-1.7809583,-3.4553363,-1.7084754,52.36504,1.6111116,-38.55627,-142.74286,-48.76858,242.52931,0.0
1e,1,Left Ankle,4018333,1779733993207,1.96,9.19,-0.78,13.0,5.9375,14.5,-0.3756714,-0.50964355,-0.526001,-0.5678711
1e,1,Left Ankle,4018352,1779733993208,1.81,9.47,-0.69,14.25,4.625,7.1875,-0.3731079,-0.5108032,-0.5269165,-0.56762695
1e,2,Right Ankle,1060363,1779733993214,-5.327075,-1.6052488,-1.2107683,-3.2933621,-34.00376,30.23762,82.23441,77.461815,285.3475,0.0
1e,3,Left Wrist,3818371,1779733993219,3.0510507,-7.113565,2.1559331,17.125776,-31.170301,22.439222,-104.540474,-37.35449,327.9621,0.0
1e,1,Left Ankle,4018377,1779733993241,1.43,9.74,-0.61,15.6875,2.25,0.8125,-0.37121582,-0.5116577,-0.5284424,-0.5667114
1e,4,Right Wrist,30021316,1779733993241,-2.348057,-4.3239307,-3.5030923,51.175037,0.0011119843,5.8237276,-142.7014,-48.706375,242.51051,0.0
1e,1,Left Ankle,4018395,1779733993267,1.37,9.59,-0.54,15.625,-2.6875,-4.75,-0.3703003,-0.51239014,-0.53015137,-0.56500244
1e,2,Right Ankle,1060422,1779733993274,-10.61282,1.943307,-11.949757,2.2366376,13.456241,0.34761906,82.55759,77.47294,285.66324,0.0
1e,3,Left Wrist,3818390,1779733993279,3.2831542,-7.142279,2.1104696,6.4857764,-29.7003,16.839222,-104.4866,-37.33095,327.9376,0.0
1e,1,Left Ankle,4018416,1779733993301,0.64,9.43,-0.89,19.25,0.25,-4.3125,-0.36932373,-0.51330566,-0.5321655,-0.56292725
1e,1,Left Ankle,4018433,1779733993301,0.82,9.78,-1.17,22.5625,7.6875,-1.1875,-0.36712646,-0.513855,-0.53479004,-0.56140137
1e,1,Left Ankle,4018456,1779733993327,0.93,9.91,-1.07,25.5,17.125,1.6875,-0.3635254,-0.5140991,-0.53796387,-0.56048584
1e,4,Right Wrist,30021375,1779733993330,-3.269294,-5.3504515,-3.4719856,35.00504,11.481112,31.093729,-142.64981,-48.648106,242.47366,0.0
1e,3,Left Wrist,3818477,1779733993339,2.2350976,-6.6924286,0.0023928226,21.255777,-21.930302,-35.45078,-104.43968,-37.292507,327.922,0.0
1e,1,Left Ankle,4018479,1779733993358,0.24,9.98,-1.53,22.375,30.125,6.6875,-0.35620117,-0.5131836,-0.54315186,-0.5609741
1e,1,Left Ankle,4018499,1779733993358,1.52,9.9,-1.28,26.25,44.5625,9.6875,-0.34924316,-0.5114136,-0.5474243,-0.56292725
1e,2,Right Ankle,1060482,1779733993364,-9.406837,2.2113032,3.275774,-58.243362,-17.20376,70.13762,82.299126,77.439125,285.4302,0.0
1e,1,Left Ankle,4018528,1779733993387,1.98,11.28,-1.84,29.4375,45.75,18.75,-0.34051514,-0.5100708,-0.5515747,-0.56536865
1e,3,Left Wrist,3818538,1779733993398,-1.7226305,-9.403496,-3.7040896,80.755775,-26.6203,-46.510777,-104.43669,-37.233013,327.94766,0.0
1e,1,Left Ankle,4018539,1779733993417,2.63,11.34,-2.25,25.6875,28.0625,22.5625,-0.33312988,-0.510376,-0.5541992,-0.56695557
1e,1,Left Ankle,4018561,1779733993419,3.93,11.29,-2.9,21.75,2.5,21.125,-0.32647705,-0.5111084,-0.5565796,-0.56781006
1e,4,Right Wrist,30021465,1779733993419,-10.131908,-2.2158542,-2.78046,-56.06496,13.791112,88.77373,-142.6377,-48.599472,242.43167,0.0
1e,2,Right Ankle,1060542,1779733993423,-9.435552,3.1062188,0.72502524,38.426636,-20.84376,26.947618,82.1987,77.36266,285.3178,0.0
1e,1,Left Ankle,4018581,1779733993447,2.92,11.31,-2.35,13.5,-26.8125,25.25,-0.32470703,-0.5162964,-0.55474854,-0.56591797
1e,3,Left Wrist,3818597,1779733993458,-5.450648,-12.248562,-8.037491,16.005775,-18.570301,25.169222,-104.46651,-37.1536,327.97232,0.0
1e,1,Left Ankle,4018602,1779733993477,1.81,9.66,-1.28,5.875,-45.5,18.875,-0.32598877,-0.522583,-0.55145264,-0.5626221
1e,4,Right Wrist,30021556,1779733993485,-11.560424,-0.67966163,0.20338993,23.52504,27.931112,-28.126272,-142.62886,-48.591633,242.43243,0.0
1e,1,Left Ankle,4018630,1779733993509,0.34,8.7,-0.79,-4.0625,-38.6875,15.6875,-0.32867432,-0.5280762,-0.5474243,-0.55981445
1e,2,Right Ankle,1060632,1779733993513,-9.244125,2.8406157,1.5074784,-8.053362,-13.35376,7.837619,81.98183,77.32355,285.10803,0.0
1e,3,Left Wrist,3818658,1779733993518,-1.4283137,-9.736098,-7.0396843,-19.064224,4.6696997,93.909225,-104.51168,-37.05629,327.9878,0.0
1e,1,Left Ankle,4018653,1779733993542,-0.31,8.63,-1.41,-10.6875,-9.3125,17.3125,-0.3291626,-0.53125,-0.5426636,-0.5611572
1e,1,Left Ankle,4018670,1779733993542,-1.45,8.37,-1.28,-9.1875,4.875,18.6875,-0.3293457,-0.53338623,-0.5389404,-0.5626831
1e,1,Left Ankle,4018708,1779733993569,-1.32,7.31,-0.48,-16.75,8.5625,7.625,-0.328125,-0.5338745,-0.53411865,-0.5675049
1e,1,Left Ankle,4018692,1779733993569,-2.88,8.19,-0.5,-10.9375,6.1875,18.125,-0.32800293,-0.5339966,-0.53656006,-0.5651245
1e,4,Right Wrist,30021616,1779733993569,-8.698608,-4.3287163,1.5744772,9.24504,22.541111,-79.01627,-142.62381,-48.59292,242.44241,0.0
1e,2,Right Ankle,1060693,1779733993577,-9.047914,2.2065175,-0.3684947,-19.603363,-4.9537597,-10.432381,82.21542,77.319016,285.3421,0.0
1e,3,Left Wrist,3818717,1779733993579,2.450452,-8.183157,-3.900301,-30.894224,-5.2003007,104.61922,-104.557655,-36.95618,328.00305,0.0
1e,1,Left Ankle,4018738,1779733993599,-0.12,7.41,-1.23,-3.875,16.1875,-14.625,-0.3283081,-0.53118896,-0.5350952,-0.56903076
1e,1,Left Ankle,4018752,1779733993627,-0.49,7.4,-1.4,1.25,29.6875,-22.3125,-0.32800293,-0.52685547,-0.538208,-0.57025146
1e,1,Left Ankle,4018770,1779733993629,0.96,6.7,-0.91,6.4375,48.0,-29.1875,-0.32592773,-0.52008057,-0.5438843,-0.5722046
1e,3,Left Wrist,3818778,1779733993639,4.221141,-5.6898355,-2.7996025,-31.664223,-11.150301,77.17922,-104.6352,-36.913616,328.04062,0.0
1e,1,Left Ankle,4018794,1779733993659,1.49,6.7,-1.51,5.625,55.5,-29.25,-0.32318115,-0.5124512,-0.55010986,-0.57476807
1e,1,Left Ankle,4018813,1779733993687,1.92,6.62,-1.27,2.1875,49.5625,-29.375,-0.32092285,-0.5048218,-0.5557251,-0.57733154
1e,4,Right Wrist,30021706,1779733993690,-6.1717877,-5.752446,0.26321048,-8.88496,9.5211115,-49.19627,-142.60928,-48.577793,242.43689,0.0
1e,2,Right Ankle,1060783,1779733993694,-9.217804,1.4623498,0.16510476,-3.7833622,1.7662401,-27.02238,82.23111,77.40291,285.35852,0.0
1e,3,Left Wrist,3818837,1779733993699,4.312068,-4.268499,-3.2015967,14.115776,-5.1303005,41.47922,-104.70349,-36.91337,328.08304,0.0
1e,1,Left Ankle,4018839,1779733993747,-0.17,6.83,1.66,-3.5625,31.5625,-21.75,-0.3199463,-0.49645996,-0.56103516,-0.5800171
1e,1,Left Ankle,4018861,1779733993748,10.57,6.44,0.18,-16.4375,34.5,-40.3125,-0.3204956,-0.48675537,-0.5656738,-0.58343506
1e,4,Right Wrist,30021870,1779733993751,-3.4367912,-7.489635,1.3136597,-20.15496,-21.48889,51.883728,-142.52599,-48.514973,242.36069,0.0
1e,2,Right Ankle,1060946,1779733993753,-9.246518,0.36643708,0.21535404,8.0466385,20.106241,21.907618,82.26206,77.554,285.39056,0.0
1e,3,Left Wrist,3818897,1779733993759,3.9028955,-4.3857474,-3.2518458,34.765778,4.599699,23.069221,-104.76336,-36.908237,328.1234,0.0
1e,1,Left Ankle,4018883,1779733993779,7.59,7.09,-0.36,-5.0,57.1875,-7.0625,-0.31604004,-0.4819336,-0.5666504,-0.5889282
1e,1,Left Ankle,4018901,1779733993779,4.77,13.19,-10.24,41.1875,40.4375,18.5625,-0.3083496,-0.4805298,-0.56933594,-0.5914917
1e,1,Left Ankle,4018919,1779733993779,16.4,25.4,0.47,-11.125,-30.875,-121.0625,-0.3170166,-0.4753418,-0.5755615,-0.585083
1e,1,Left Ankle,4018938,1779733993805,-3.81,3.14,3.24,-44.375,-85.0,-127.5625,-0.34100342,-0.4749756,-0.5704346,-0.57684326
1e,3,Left Wrist,3818958,1779733993817,3.6205423,-4.2637134,-3.414558,27.975777,8.239699,0.2492218,-104.82657,-36.906055,328.165,0.0
1e,1,Left Ankle,4018957,1779733993834,-10.24,2.4,-3.61,-44.375,-51.8125,-17.5,-0.35455322,-0.473938,-0.56640625,-0.5734253
1e,1,Left Ankle,4018982,1779733993836,1.68,13.42,-1.21,-32.4375,-18.0,-32.625,-0.36364746,-0.46881104,-0.56689453,-0.57147217
1e,2,Right Ankle,1060965,1779733993843,-9.988293,1.3211732,-0.2943172,9.516638,23.606241,20.157618,82.449875,77.607735,285.5727,0.0
1e,1,Left Ankle,4019002,1779733993869,-1.5,15.59,-2.18,-23.4375,-5.0,-14.6875,-0.36828613,-0.46697998,-0.5647583,-0.57214355
1e,3,Left Wrist,3819017,1779733993877,1.7302123,-10.77219,-2.6703901,0.3957764,-0.020300865,-36.92078,-104.825806,-36.84409,328.16727,0.0
1e,1,Left Ankle,4019018,1779733993895,1.41,9.59,0.04,-11.75,14.5625,-40.25,-0.37158203,-0.46154785,-0.5667114,-0.57244873
1e,1,Left Ankle,4019039,1779733993902,0.89,9.56,-0.56,-7.5625,-4.3125,-21.0,-0.3746338,-0.45819092,-0.5684204,-0.57147217
1e,1,Left Ankle,4019059,1779733993926,0.62,10.18,-0.08,-9.4375,-43.0,-13.75,-0.3798828,-0.45965576,-0.5664673,-0.5687866
1e,4,Right Wrist,30021889,1779733993929,-3.9823554,-7.6332045,1.3040884,-19.734959,-25.478888,63.01373,-142.47456,-48.471405,242.30904,0.0
1e,2,Right Ankle,1061022,1779733993932,-11.550806,0.043405976,0.30149564,3.3566375,11.916241,17.847618,82.43083,77.67681,285.55405,0.0
1e,3,Left Wrist,3819078,1779733993938,-2.8496506,-15.203699,-4.321438,25.525776,4.179699,8.369221,-104.817474,-36.77022,328.16586,0.0
1e,1,Left Ankle,4019079,1779733993959,-1.28,10.26,-0.68,-7.9375,-35.0625,1.1875,-0.38482666,-0.46258545,-0.56329346,-0.56622314
1e,1,Left Ankle,4019099,1779733993959,-0.77,9.51,-0.77,-1.9375,-12.0625,8.0,-0.38616943,-0.46466064,-0.5612793,-0.5656128
1e,1,Left Ankle,4019119,1779733993985,0.0,9.62,-0.54,0.875,-0.125,21.875,-0.38446045,-0.46661377,-0.55981445,-0.5666504
1e,2,Right Ankle,1061113,1779733993993,-11.342631,-0.5308715,-1.1892328,-11.763362,25.42624,26.80762,82.58771,77.73655,285.71344,0.0
1e,3,Left Wrist,3819137,1779733993997,-2.8017936,-15.560229,-2.0721843,-39.224224,-7.7203007,94.53922,-104.81283,-36.672016,328.15024,0.0
1e,1,Left Ankle,4019144,1779733994018,0.05,9.77,-0.75,-1.375,-6.3125,31.3125,-0.3821411,-0.46966553,-0.55718994,-0.5682373
1e,1,Left Ankle,4019159,1779733994018,0.25,9.69,-0.65,-1.625,-9.75,39.25,-0.3793335,-0.47375488,-0.5536499,-0.57025146
1e,1,Left Ankle,4019179,1779733994045,0.43,10.14,-0.34,1.25,-9.625,47.25,-0.37579346,-0.4790039,-0.54937744,-0.5722656
1e,4,Right Wrist,30022049,1779733994049,-12.771193,4.4242287,-3.5724843,-54.804962,74.901115,-36.03627,-142.47589,-48.414795,242.27333,0.0
1e,2,Right Ankle,1061203,1779733994053,-3.4104235,2.6826892,0.5623133,-18.483362,-2.2937598,-8.472382,82.54114,77.67112,285.67398,0.0
1e,3,Left Wrist,3819198,1779733994058,0.71804833,-8.331512,-0.15314065,-123.714226,-14.1603,119.10922,-104.81817,-36.57277,328.12292,0.0
1e,1,Left Ankle,4019199,1779733994077,0.69,10.11,-0.18,6.3125,-4.625,51.4375,-0.37109375,-0.48449707,-0.54541016,-0.5745239
1e,1,Left Ankle,4019222,1779733994077,0.84,9.39,-0.51,13.875,1.0,54.4375,-0.36462402,-0.49005127,-0.54229736,-0.5769043
1e,1,Left Ankle,4019250,1779733994105,1.93,9.83,-0.66,19.6875,3.625,50.25,-0.35772705,-0.4954834,-0.54003906,-0.5786743
1e,4,Right Wrist,30022229,1779733994108,-0.7807583,-5.1087766,-1.9094725,-24.63496,47.111115,-56.336273,-142.44804,-48.41321,242.2687,0.0
1e,3,Left Wrist,3819257,1779733994117,3.2807612,-7.4581313,0.6939185,-54.274223,-48.0403,89.49922,-104.7856,-36.510323,328.09885,0.0
1e,1,Left Ankle,4019265,1779733994135,2.05,9.88,-0.77,19.375,-3.8125,45.1875,-0.3513794,-0.5008545,-0.538147,-0.5797119
1e,2,Right Ankle,1061262,1779733994142,-5.183505,0.88567954,-1.8376877,18.476637,-8.873759,-51.66238,82.79024,77.7027,285.9099,0.0
1e,1,Left Ankle,4019290,1779733994175,1.22,9.58,-0.83,22.0,-1.5,33.3125,-0.3435669,-0.50823975,-0.5361328,-0.579834
1e,1,Left Ankle,4019310,1779733994176,1.36,9.38,-0.93,22.8125,1.9375,30.25,-0.33868408,-0.5114746,-0.536438,-0.5795288
1e,3,Left Wrist,3819318,1779733994178,4.9030952,-7.010674,2.591427,-89.90423,-30.6803,47.07922,-104.76388,-36.494946,328.0722,0.0
1e,1,Left Ankle,4019331,1779733994198,3.71,8.25,-0.83,24.625,14.0625,7.8125,-0.33465576,-0.5120239,-0.5389404,-0.57910156
1e,1,Left Ankle,4019350,1779733994226,1.83,9.46,-0.38,19.0,17.25,5.8125,-0.3310547,-0.51116943,-0.541626,-0.57940674
1e,1,Left Ankle,4019365,1779733994228,3.35,10.04,-1.78,12.1875,30.9375,-9.25,-0.32958984,-0.5095825,-0.54351807,-0.57995605
1e,4,Right Wrist,30022248,1779733994230,-0.26151583,-5.4676995,-2.2205393,-23.72496,41.30111,-45.41627,-142.40532,-48.38527,242.23306,0.0
1e,3,Left Wrist,3819377,1779733994239,6.4225373,-5.4266253,0.808774,-62.674225,-29.3503,-1.1507797,-104.746506,-36.530228,328.0569,0.0
1e,2,Right Ankle,1061323,1779733994263,-8.973736,2.5175846,-3.227918,-127.75336,-17.27376,17.287619,82.99761,77.693665,286.15497,0.0
1e,1,Left Ankle,4019392,1779733994286,2.37,10.32,-0.79,18.125,58.5,-8.0625,-0.32006836,-0.50128174,-0.5522461,-0.5842285
1e,1,Left Ankle,4019411,1779733994288,6.11,12.92,-2.5,40.0625,106.0625,-14.8125,-0.3085327,-0.49194336,-0.5625,-0.588562
1e,1,Left Ankle,4019432,1779733994289,7.78,16.11,-2.57,32.5,97.75,-21.0,-0.2977295,-0.48205566,-0.5725708,-0.5925293
1e,4,Right Wrist,30022410,1779733994291,-4.7863436,-4.905387,-3.8476589,-105.90496,114.87112,93.53372,-142.32281,-48.319237,242.09879,0.0
1e,3,Left Wrist,3819437,1779733994299,9.581063,-4.299606,0.43070808,34.415775,-47.8303,-102.090775,-104.73251,-36.618614,328.076,0.0
1e,1,Left Ankle,4019452,1779733994320,5.14,15.26,-3.47,23.375,92.375,-27.0625,-0.2904663,-0.47155762,-0.5810547,-0.5963135
1e,2,Right Ankle,1061516,1779733994324,-9.804046,3.3694293,0.53599226,-8.683362,12.68624,43.53762,82.838295,77.6401,286.05573,0.0
1e,3,Left Wrist,3819498,1779733994359,15.704296,-8.544474,-5.9294147,85.865776,-112.6503,-233.06078,-104.79012,-36.754066,328.1754,0.0
1e,1,Left Ankle,4019471,1779733994377,2.95,12.14,-2.77,6.0,48.25,-40.75,-0.28723145,-0.46185303,-0.58807373,-0.5986328
1e,1,Left Ankle,4019488,1779733994377,1.65,5.37,-0.27,-3.25,12.0625,-45.0625,-0.2894287,-0.4550171,-0.59259033,-0.59832764
1e,4,Right Wrist,30022429,1779733994378,-6.5331044,-3.3237307,-5.182854,-125.78496,123.69112,124.333725,-142.30328,-48.274597,242.01099,0.0
1e,2,Right Ankle,1061535,1779733994412,-8.684204,3.7762094,-0.9499506,-5.953362,8.97624,38.56762,83.065346,77.57382,286.28055,0.0
1e,3,Left Wrist,3819557,1779733994418,18.855644,-12.533308,-4.1635113,100.145775,-287.6503,-340.86078,-104.86118,-36.916523,328.34106,0.0
1e,1,Left Ankle,4019510,1779733994439,0.1,3.4,1.13,-14.5625,-15.5,-33.75,-0.29638672,-0.45251465,-0.5932007,-0.5961914
1e,1,Left Ankle,4019558,1779733994439,4.18,3.18,-3.2,1.375,67.125,4.8125,-0.29718018,-0.44439697,-0.5956421,-0.5994873
1e,1,Left Ankle,4019540,1779733994439,0.0,4.46,-0.04,-15.9375,-2.6875,-23.875,-0.3013916,-0.44976807,-0.5934448,-0.59558105
1e,1,Left Ankle,4019582,1779733994465,6.16,2.83,-4.79,26.75,132.75,57.625,-0.26898193,-0.43377686,-0.6029663,-0.6131592
1e,1,Left Ankle,4019602,1779733994466,7.21,3.05,-5.03,34.8125,99.875,90.375,-0.24609375,-0.43139648,-0.6055908,-0.6218262
1e,2,Right Ankle,1061592,1779733994473,-8.516707,3.6565683,-0.31585258,-21.423363,7.78624,25.617619,83.21565,77.49771,286.43542,0.0
1e,3,Left Wrist,3819618,1779733994477,15.443479,-12.820446,9.805787,305.87576,-438.8503,-282.4808,-104.834915,-36.992657,328.5281,0.0
1e,1,Left Ankle,4019618,1779733994495,6.55,3.78,-4.9,31.0,62.6875,98.875,-0.22644043,-0.4356079,-0.6044922,-0.6273804
1e,4,Right Wrist,30022589,1779733994498,-5.492226,-3.5486565,-1.5625132,8.40504,5.4611115,157.51372,-142.21745,-48.16176,241.87733,0.0
1e,1,Left Ankle,4019651,1779733994525,5.88,7.1,-2.4,7.125,-68.375,110.25,-0.21612549,-0.44958496,-0.59729004,-0.6279907
1e,1,Left Ankle,4019659,1779733994526,3.59,9.81,-1.82,-8.0625,-146.75,105.6875,-0.2177124,-0.47381592,-0.5835571,-0.62249756
1e,2,Right Ankle,1061682,1779733994533,-8.808632,2.9937563,-1.0217353,3.0766377,-1.5237597,11.687618,83.45797,77.45988,286.67096,0.0
1e,3,Left Wrist,3819677,1779733994537,11.801602,-10.1357,20.532812,425.43576,-489.7403,-133.17078,-104.7747,-37.004654,328.72287,0.0
1e,1,Left Ankle,4019683,1779733994555,-6.96,11.71,0.9,-21.625,-190.6875,83.0625,-0.22790527,-0.5010376,-0.5673828,-0.6124878
1e,1,Left Ankle,4019706,1779733994585,-13.33,12.11,3.02,-16.1875,-148.625,44.8125,-0.2390747,-0.52227783,-0.55426025,-0.60235596
1e,1,Left Ankle,4019724,1779733994586,-15.97,12.53,6.92,-7.4375,-74.0625,-26.75,-0.24914551,-0.5307617,-0.5499878,-0.5947876
1e,2,Right Ankle,1061743,1779733994593,-8.593277,2.7281528,-0.11964113,7.5566382,0.9962402,6.087619,83.62356,77.39533,286.8301,0.0
1e,3,Left Wrist,3819738,1779733994597,3.998608,-18.551256,19.590038,65.77577,-316.6303,-105.80078,-104.79111,-37.00467,328.83948,0.0
1e,1,Left Ankle,4019745,1779733994620,39.23,22.1,-23.21,67.9375,33.25,-136.1875,-0.25787354,-0.5214844,-0.564209,-0.5858154
1e,4,Right Wrist,30022739,1779733994620,-1.2808583,-0.97158647,-0.63888365,29.055038,-117.87888,123.07372,-142.15578,-47.981083,241.80965,0.0
1e,1,Left Ankle,4019765,1779733994647,1.07,-0.69,2.96,-54.375,-62.0,3.5625,-0.26501465,-0.52441406,-0.5584717,-0.5855713
1e,1,Left Ankle,4019790,1779733994648,-23.66,13.99,-9.79,12.5625,15.5,-116.6875,-0.28094482,-0.51934814,-0.55895996,-0.5821533
1e,3,Left Wrist,3819797,1779733994658,9.667205,-10.987545,25.68695,-109.29423,-117.6903,-154.10077,-104.82546,-37.05293,328.8799,0.0
1e,4,Right Wrist,30022758,1779733994679,-0.65154594,-0.009671499,-0.44506502,20.65504,-140.1389,112.99372,-142.17117,-47.87593,241.8257,0.0
1e,2,Right Ankle,1061802,1779733994683,-9.234554,3.2641451,-0.79441714,-5.743362,11.42624,-4.482381,83.85801,77.35275,287.0617,0.0
1e,1,Left Ankle,4019805,1779733994705,5.18,10.91,-0.38,-15.375,-13.75,-118.0,-0.2880249,-0.5140381,-0.5630493,-0.5794678
1e,1,Left Ankle,4019830,1779733994707,8.43,6.23,-6.45,-6.1875,-59.625,-78.5625,-0.31262207,-0.5062256,-0.5686035,-0.56811523
1e,3,Left Wrist,3819858,1779733994717,0.5792647,-18.106192,39.541397,-27.114223,193.17969,5.709221,-104.7429,-37.065056,328.77197,0.0
1e,1,Left Ankle,4019848,1779733994735,-4.17,9.12,0.33,-16.8125,-57.4375,-78.1875,-0.32659912,-0.50354004,-0.57092285,-0.56018066
1e,1,Left Ankle,4019867,1779733994736,0.68,10.49,-0.84,-20.875,-52.9375,-76.1875,-0.33380127,-0.5019531,-0.5715332,-0.55670166
1e,1,Left Ankle,4019893,1779733994765,-0.52,9.76,-1.54,-14.8125,-29.75,-59.9375,-0.34918213,-0.496521,-0.5744629,-0.54907227
1e,1,Left Ankle,4019912,1779733994766,1.16,11.01,0.52,-4.0625,-28.8125,-58.0625,-0.355896,-0.49261475,-0.57836914,-0.54418945
1e,4,Right Wrist,30022816,1779733994768,-1.0583256,3.471886,-1.7395821,-41.29496,-194.73889,68.68372,-142.27324,-47.8058,241.90593,0.0
1e,2,Right Ankle,1061863,1779733994774,-8.353995,4.3768077,-1.5122639,22.116638,-0.9637598,-36.05238,84.06715,77.31257,287.2578,0.0
1e,3,Left Wrist,3819917,1779733994777,20.925436,-20.436802,59.203217,135.91577,527.42975,175.59923,-104.50617,-37.059788,328.50333,0.0
1e,1,Left Ankle,4019928,1779733994797,0.72,9.74,1.25,10.875,-14.8125,-63.6875,-0.36187744,-0.4883423,-0.5836792,-0.53845215
1e,1,Left Ankle,4019952,1779733994826,0.47,8.72,-2.75,12.4375,-31.25,-64.6875,-0.36883545,-0.4850464,-0.58862305,-0.53125
1e,1,Left Ankle,4019971,1779733994827,-0.76,8.4,-3.37,5.625,-34.125,-56.3125,-0.37701416,-0.4831543,-0.59173584,-0.52368164
1e,4,Right Wrist,30022875,1779733994828,-2.8409786,6.618447,-6.984649,80.08504,-201.5289,-36.246273,-142.38144,-47.741306,242.04242,0.0
1e,2,Right Ankle,1061953,1779733994833,-8.208033,3.252181,0.5479564,68.66664,6.7362404,-85.68238,84.03985,77.27141,287.20764,0.0
1e,3,Left Wrist,3819977,1779733994837,50.381084,-16.500608,72.557556,194.71577,770.3997,304.88922,-104.1809,-37.041286,328.11914,0.0
1e,1,Left Ankle,4019995,1779733994855,0.01,9.93,-2.38,-0.1875,-29.0,-63.75,-0.38513184,-0.47943115,-0.59521484,-0.5172119
1e,1,Left Ankle,4020010,1779733994885,-1.47,10.58,-1.76,2.8125,-29.9375,-51.125,-0.3928833,-0.47680664,-0.59765625,-0.51104736
1e,1,Left Ankle,4020030,1779733994886,-1.26,7.8,-1.59,-1.5,-29.0625,-47.625,-0.40026855,-0.47424316,-0.59973145,-0.505188
1e,2,Right Ankle,1062042,1779733994893,-8.279818,-0.21980451,-2.6656044,18.546637,6.8762403,-23.452381,84.274315,77.32228,287.4304,0.0
1e,3,Left Wrist,3820038,1779733994897,78.69057,-26.796925,36.299118,77.67577,756.8197,185.11923,-103.91129,-37.079735,327.75583,0.0
1e,1,Left Ankle,4020053,1779733994915,-1.81,8.99,-2.73,-9.0625,-22.0,-37.875,-0.40667725,-0.47174072,-0.600647,-0.50128174
1e,1,Left Ankle,4020070,1779733994945,-1.74,9.3,-1.76,-12.4375,-7.6875,-27.8125,-0.41149902,-0.46905518,-0.6010742,-0.49938965
1e,4,Right Wrist,30023069,1779733994949,-9.588738,-15.290237,-1.7611175,-1.53496,-36.25889,16.953728,-142.31442,-47.62907,242.03458,0.0
1e,2,Right Ankle,1062102,1779733994952,-8.995272,3.278502,-0.2440679,55.22664,23.53624,-39.13238,84.46708,77.27093,287.60114,0.0
1e,3,Left Wrist,3820097,1779733994957,56.851276,-9.0685005,-12.543176,-114.75423,324.2197,23.699223,-103.8893,-37.167896,327.62912,0.0
1e,1,Left Ankle,4020100,1779733995005,-0.64,9.78,-1.79,-18.6875,0.1875,-22.0,-0.41503906,-0.46551514,-0.6013794,-0.4993286
1e,1,Left Ankle,4020117,1779733995006,-0.56,9.39,-1.73,-27.5625,-3.0625,-17.8125,-0.41888428,-0.46203613,-0.6005249,-0.5003662
1e,4,Right Wrist,30023088,1779733995009,-11.306785,-13.761224,-4.065406,-100.44496,3.5011115,53.633728,-142.30156,-47.578392,241.98866,0.0
1e,2,Right Ankle,1062163,1779733995013,-9.813617,-1.4186087,-1.3567305,19.526638,26.33624,-52.222378,84.61327,77.360245,287.73877,0.0
1e,3,Left Wrist,3820158,1779733995017,10.818152,2.0365887,-7.5661054,96.99577,-144.85031,102.86922,-103.94872,-37.176365,327.71774,0.0
1e,1,Left Ankle,4020138,1779733995038,-1.24,9.3,-1.85,-32.8125,-1.125,-10.4375,-0.42419434,-0.45715332,-0.59747314,-0.5041504
1e,1,Left Ankle,4020153,1779733995038,-1.21,9.37,-1.35,-35.125,-0.5625,-6.125,-0.42578125,-0.4555664,-0.5961914,-0.50567627
1e,1,Left Ankle,4020177,1779733995038,-1.62,9.89,-1.67,-32.5625,1.9375,-1.25,-0.42858887,-0.45269775,-0.5936279,-0.50891113
1e,1,Left Ankle,4020200,1779733995065,-0.79,9.46,-1.07,-29.625,3.0,0.9375,-0.43121338,-0.4492798,-0.5899658,-0.51397705
1e,4,Right Wrist,30023146,1779733995068,-7.39452,1.9189433,-6.800402,-70.90496,82.81111,72.25372,-142.3271,-47.54548,241.96384,0.0
1e,2,Right Ankle,1062222,1779733995072,-8.887594,-1.8947804,-2.9503503,3.006638,8.34624,-29.052382,84.8067,77.42926,287.92694,0.0
1e,3,Left Wrist,3820217,1779733995077,-5.7018943,-4.5771728,12.547962,30.635777,-84.0903,29.649221,-103.921936,-37.147636,327.72876,0.0
1e,1,Left Ankle,4020218,1779733995096,-1.21,9.52,-0.71,-28.5,2.75,5.375,-0.43267822,-0.44769287,-0.58709717,-0.517395
1e,1,Left Ankle,4020238,1779733995096,-1.17,9.37,-0.7,-27.625,3.625,10.4375,-0.43328857,-0.44647217,-0.58410645,-0.52124023
1e,2,Right Ankle,1062283,1779733995132,-8.308532,-0.78929627,-3.3954153,-7.983362,-5.1637597,-16.52238,85.02373,77.47812,288.141,0.0
1e,3,Left Wrist,3820278,1779733995138,-2.007377,-1.1602223,5.1349974,-71.494225,7.889699,28.599222,-103.90798,-37.13044,327.7012,0.0
1e,1,Left Ankle,4020255,1779733995156,-0.93,9.54,-0.7,-25.6875,5.875,14.8125,-0.4333496,-0.4459839,-0.5826416,-0.5232544
1e,1,Left Ankle,4020278,1779733995156,-1.27,9.72,-0.74,-22.25,7.75,22.0,-0.4326172,-0.4454956,-0.5784912,-0.5288696
1e,4,Right Wrist,30023206,1779733995164,-2.1350958,-2.3235312,-5.130212,111.51504,40.671112,-32.046272,-142.31268,-47.49413,241.98204,0.0
1e,1,Left Ankle,4020299,1779733995188,-0.19,10.82,-0.62,-11.5,-0.75,20.625,-0.43182373,-0.4465332,-0.5758667,-0.53149414
1e,1,Left Ankle,4020315,1779733995188,-1.36,10.37,-1.38,-10.5,0.1875,22.1875,-0.4300537,-0.4459839,-0.5755615,-0.53375244
1e,2,Right Ankle,1062342,1779733995192,-9.119699,-0.7940819,-1.6319051,-15.543362,-13.35376,-7.142381,85.15235,77.54255,288.27084,0.0
1e,3,Left Wrist,3820337,1779733995197,2.505487,-1.1506511,6.1184473,-19.554224,-26.5503,22.649221,-103.87942,-37.132088,327.6855,0.0
1e,1,Left Ankle,4020339,1779733995247,-0.26,8.65,-0.2,-5.4375,-0.8125,28.8125,-0.42749023,-0.4487915,-0.5718384,-0.53741455
1e,1,Left Ankle,4020354,1779733995247,-1.02,9.76,-0.23,-4.1875,2.8125,31.4375,-0.42608643,-0.45007324,-0.57055664,-0.5388794
1e,4,Right Wrist,30023266,1779733995248,-2.6375885,-4.606284,-4.412365,-88.26496,41.861115,4.353728,-142.3184,-47.44041,241.9567,0.0
1e,2,Right Ankle,1062403,1779733995252,-9.119699,-0.6265844,-1.89033,-23.943363,-7.40376,5.0376186,85.31207,77.59795,288.43445,0.0
1e,3,Left Wrist,3820397,1779733995259,3.1635132,-0.66012245,8.633305,4.5257764,-39.710304,46.519222,-103.84642,-37.125206,327.67416,0.0
1e,1,Left Ankle,4020380,1779733995282,-0.74,9.8,-0.61,-3.625,8.625,37.6875,-0.42193604,-0.45214844,-0.5683594,-0.5426636
1e,1,Left Ankle,4020402,1779733995282,-0.23,9.58,-0.6,-2.75,13.5,43.5,-0.41436768,-0.4562378,-0.56433105,-0.54919434
1e,1,Left Ankle,4020419,1779733995282,0.17,9.78,-0.26,-1.125,15.0625,46.9375,-0.40753174,-0.45806885,-0.56256104,-0.55462646
1e,4,Right Wrist,30023356,1779733995308,-2.4629128,-1.3472593,-5.7930236,19.81504,57.05111,-23.086271,-142.34732,-47.396,241.97916,0.0
1e,2,Right Ankle,1062462,1779733995312,-8.681812,-3.086406,-1.940579,-28.353363,-14.68376,33.80762,85.39507,77.65715,288.5243,0.0
1e,3,Left Wrist,3820458,1779733995318,0.1533423,-1.0046889,9.74118,4.1057763,3.7596989,7.389221,-103.80586,-37.125927,327.64905,0.0
1e,1,Left Ankle,4020439,1779733995338,0.95,9.47,-0.06,1.1875,10.5625,46.125,-0.40197754,-0.4613037,-0.5598755,-0.5587158
1e,1,Left Ankle,4020461,1779733995339,-0.48,10.23,-1.01,9.125,4.9375,50.125,-0.395813,-0.4654541,-0.55737305,-0.5621338
1e,1,Left Ankle,4020486,1779733995365,0.13,10.12,-0.91,13.625,7.875,47.5625,-0.3895874,-0.47003174,-0.5553589,-0.56469727
1e,1,Left Ankle,4020503,1779733995365,0.23,9.78,-0.6,18.25,12.125,50.5625,-0.38238525,-0.47485352,-0.5536499,-0.56726074
1e,4,Right Wrist,30023446,1779733995369,-2.8984063,-2.9648073,-7.7886376,95.97504,47.81111,-62.84627,-142.35303,-47.35346,242.01288,0.0
1e,3,Left Wrist,3820517,1779733995378,-5.3286138,-4.5987086,6.3074803,-61.134224,49.049698,-1.780777,-103.7816,-37.108532,327.60837,0.0
1e,1,Left Ankle,4020524,1779733995397,1.09,9.7,-1.17,22.75,12.5,52.0625,-0.37365723,-0.47912598,-0.5529785,-0.57006836
1e,2,Right Ankle,1062523,1779733995402,-8.286996,-0.4614796,-2.0458634,-17.923363,-11.74376,37.65762,85.577835,77.69508,288.7083,0.0
1e,1,Left Ankle,4020550,1779733995426,1.13,9.34,0.17,28.25,8.375,50.9375,-0.36572266,-0.48461914,-0.55200195,-0.5715332
1e,1,Left Ankle,4020567,1779733995426,2.42,9.32,-1.12,26.0,7.75,49.8125,-0.3571167,-0.48944092,-0.55163574,-0.5732422
1e,3,Left Wrist,3820578,1779733995437,-8.446462,-5.6084795,0.8757731,-133.23422,102.3897,68.42922,-103.78552,-37.050323,327.5504,0.0
1e,1,Left Ankle,4020591,1779733995455,-0.35,10.26,-0.94,25.5,7.375,60.75,-0.34454346,-0.49865723,-0.5488281,-0.5756836
1e,1,Left Ankle,4020607,1779733995485,2.19,9.52,-0.38,27.75,9.3125,52.625,-0.34033203,-0.5014038,-0.5482178,-0.576355
1e,1,Left Ankle,4020628,1779733995486,1.43,9.83,-0.35,26.125,0.6875,65.0,-0.3270874,-0.51190186,-0.5444946,-0.5783081
1e,2,Right Ankle,1062613,1779733995493,-9.165162,3.2043245,-1.5122639,-30.873363,-18.46376,58.097622,85.79154,77.64257,288.9266,0.0
1e,3,Left Wrist,3820637,1779733995498,-3.9982047,-2.7658062,-1.0624132,-168.93423,93.8497,142.62923,-103.81663,-36.95613,327.4987,0.0
1e,1,Left Ankle,4020650,1779733995515,0.98,10.84,-0.09,25.8125,-15.0,65.0625,-0.3201294,-0.5210571,-0.54034424,-0.5780029
1e,1,Left Ankle,4020668,1779733995545,0.06,11.7,0.49,22.75,-26.6875,67.5625,-0.31384277,-0.5303955,-0.53564453,-0.5772705
1e,1,Left Ankle,4020688,1779733995546,0.91,11.42,-0.4,20.0,-32.8125,60.0625,-0.30908203,-0.539917,-0.5305176,-0.5757446
1e,4,Right Wrist,30023505,1779733995549,-4.805486,-4.898208,-10.679167,95.69504,24.851112,-108.486275,-142.3694,-47.314583,242.06621,0.0
1e,1,Left Ankle,4020704,1779733995575,0.23,10.19,0.08,17.9375,-28.375,56.9375,-0.3067627,-0.5443115,-0.5280762,-0.5751343
1e,2,Right Ankle,1062672,1779733995583,-9.2536955,1.0101063,-1.9884356,-26.463362,-27.49376,34.85762,85.98633,77.65854,289.12402,0.0
1e,3,Left Wrist,3820698,1779733995587,-0.5836469,0.13190189,-0.91884387,-93.33423,64.4497,106.439224,-103.89592,-36.8939,327.5022,0.0
1e,1,Left Ankle,4020728,1779733995605,-0.07,10.31,-1.07,9.75,-15.3125,52.875,-0.2994995,-0.5541382,-0.52124023,-0.5758667
1e,1,Left Ankle,4020748,1779733995606,-0.63,9.65,-2.69,6.625,10.5,46.3125,-0.29644775,-0.55578613,-0.5196533,-0.5772095
1e,4,Right Wrist,30023669,1779733995609,-5.621439,-6.065905,-4.1228333,22.825039,-46.898888,-160.56627,-142.4538,-47.25355,242.20782,0.0
1e,1,Left Ankle,4020763,1779733995635,0.7,8.69,-2.02,9.3125,43.375,38.125,-0.28845215,-0.5562134,-0.51867676,-0.5817261
1e,2,Right Ankle,1062762,1779733995642,-9.373339,1.9528785,-0.6963114,-28.633362,-21.05376,-4.342381,86.19496,77.66903,289.336,0.0
1e,1,Left Ankle,4020788,1779733995667,1.05,9.47,-2.12,10.4375,91.625,24.5625,-0.27093506,-0.5462036,-0.5236206,-0.59503174
1e,1,Left Ankle,4020803,1779733995671,4.59,11.97,-0.63,17.625,153.0625,1.0,-0.26330566,-0.5388794,-0.5279541,-0.60131836
1e,4,Right Wrist,30023746,1779733995671,-5.1907306,-8.815259,-2.457429,-46.26496,-58.168884,-91.75628,-142.47337,-47.215794,242.23598,0.0
1e,1,Left Ankle,4020830,1779733995697,-0.96,10.13,0.18,-2.875,171.0,-19.25,-0.24816895,-0.5204468,-0.5366211,-0.61608887
1e,1,Left Ankle,4020846,1779733995699,3.86,10.7,-3.99,7.0625,99.3125,-64.6875,-0.2421875,-0.50219727,-0.5472412,-0.62420654
1e,1,Left Ankle,4020864,1779733995727,5.77,7.75,-0.79,-11.375,-14.125,-91.75,-0.25054932,-0.49267578,-0.5545654,-0.6220093
1e,4,Right Wrist,30023806,1779733995730,-5.063911,-9.769995,0.42831525,-86.58496,-54.318886,-41.426273,-142.48495,-47.181644,242.2379,0.0
1e,2,Right Ankle,1062852,1779733995734,-9.342231,0.83782315,0.3589234,-37.313362,-13.49376,-12.462381,86.071266,77.743866,289.2268,0.0
1e,1,Left Ankle,4020890,1779733995758,5.63,6.29,-1.41,-33.375,-56.875,-89.4375,-0.2758789,-0.4868164,-0.55700684,-0.61376953
1e,3,Left Wrist,3820861,1779733995769,2.2015982,-1.7608207,-4.168297,-35.37422,60.4597,18.239222,-104.046036,-36.851696,327.53287,0.0
1e,1,Left Ankle,4020928,1779733995789,1.91,6.57,-1.09,-18.375,-31.3125,-55.0625,-0.30096436,-0.48303223,-0.55670166,-0.60510254
1e,1,Left Ankle,4020907,1779733995789,2.67,6.22,-2.92,-31.1875,-59.625,-63.25,-0.28997803,-0.4857788,-0.55584717,-0.6090698
1e,4,Right Wrist,30023866,1779733995791,-4.946663,-9.195718,0.8470592,-118.64496,-32.75889,-8.876272,-142.49348,-47.148293,242.22017,0.0
1e,2,Right Ankle,1062913,1779733995794,-9.492979,1.5365273,-0.36131623,-11.903362,-4.04376,-16.662382,86.25314,77.797264,289.40823,0.0
1e,1,Left Ankle,4020952,1779733995818,1.45,7.69,-0.06,-18.3125,-28.3125,-54.9375,-0.31140137,-0.4796753,-0.55804443,-0.6012573
1e,3,Left Wrist,3821011,1779733995833,4.218748,-1.2343999,-5.005785,-49.514225,25.3197,-37.13078,-104.2338,-36.895206,327.60345,0.0
1e,1,Left Ankle,4020968,1779733995847,0.8,7.06,0.72,-17.875,-29.9375,-78.75,-0.32373047,-0.47503662,-0.56048584,-0.5961304
1e,1,Left Ankle,4020989,1779733995849,1.22,6.19,-1.44,-11.9375,-1.6875,-78.1875,-0.33374023,-0.46765137,-0.56481934,-0.5923462
1e,4,Right Wrist,30023925,1779733995850,-5.633403,-8.446764,-0.1363909,-117.94496,-13.858889,25.773727,-142.49141,-47.10836,242.18561,0.0
1e,2,Right Ankle,1063002,1779733995862,-9.361373,-0.12169878,-0.22731815,27.576637,1.4162402,-8.0523815,86.30126,77.87515,289.44595,0.0
1e,1,Left Ankle,4021009,1779733995881,2.13,5.85,-1.23,-5.8125,13.5625,-66.9375,-0.34020996,-0.45941162,-0.5703125,-0.58984375
1e,1,Left Ankle,4021033,1779733995906,17.46,4.03,-3.7,-21.9375,-10.5,-55.6875,-0.34747314,-0.45324707,-0.57299805,-0.5878296
1e,4,Right Wrist,30023986,1779733995909,-5.0304112,-8.430015,-1.7491533,-64.25496,-28.838888,51.253727,-142.46672,-47.05127,242.14558,0.0
1e,2,Right Ankle,1063062,1779733995914,-9.337445,0.84978724,-0.7609176,-13.023362,13.666241,8.397619,86.500305,77.92715,289.64606,0.0
1e,1,Left Ankle,4021054,1779733995939,23.2,5.22,-5.13,4.875,16.1875,-39.5625,-0.3517456,-0.44622803,-0.5777588,-0.5859375
1e,1,Left Ankle,4021074,1779733995939,-6.78,34.14,5.72,-27.5,-78.1875,68.9375,-0.3499756,-0.45739746,-0.5695801,-0.5864258
1e,3,Left Wrist,3821030,1779733995948,6.578071,1.385741,-7.9369926,15.515777,-4.850301,-39.09078,-104.31294,-36.94734,327.65823,0.0
1e,1,Left Ankle,4021097,1779733995967,1.5,6.15,-1.24,-20.375,-0.5625,-109.5,-0.36236572,-0.45013428,-0.57055664,-0.5835571
1e,1,Left Ankle,4021112,1779733995974,-3.17,-0.1,0.18,-29.375,20.875,-15.375,-0.36779785,-0.4456787,-0.57037354,-0.58380127
1e,2,Right Ankle,1063123,1779733995974,-9.4858,0.8832868,-0.2656033,1.3266377,16.676239,15.887619,86.62455,77.99227,289.7684,0.0
1e,1,Left Ankle,4021133,1779733995998,2.78,9.61,-1.41,-25.875,-25.5,-27.125,-0.3746338,-0.44195557,-0.56829834,-0.5842285
1e,4,Right Wrist,30024045,1779733995999,-7.2605224,-7.2216387,1.2251252,-128.09496,-6.788889,123.21372,-142.44429,-46.997963,242.07417,0.0
1e,3,Left Wrist,3821191,1779733996009,-5.6444674,-8.848362,-4.2305107,21.045776,-37.4703,-78.92078,-104.39864,-36.91662,327.75452,0.0
1e,1,Left Ankle,4021152,1779733996031,0.46,15.45,0.51,-29.4375,-46.1875,-13.0,-0.38232422,-0.44317627,-0.56347656,-0.5830078
1e,2,Right Ankle,1063182,1779733996034,-9.6317625,1.8332372,-1.2035898,18.266638,10.65624,-6.582381,86.909424,78.00642,290.0416,0.0
1e,1,Left Ankle,4021177,1779733996057,-3.33,10.9,-0.41,-21.3125,-21.1875,-13.625,-0.38989258,-0.44232178,-0.56018066,-0.58184814
1e,3,Left Wrist,3821209,1779733996069,-5.8550353,-9.60928,-3.9577286,7.6757765,-31.660301,-60.510777,-104.419014,-36.867626,327.78113,0.0
1e,1,Left Ankle,4021203,1779733996090,1.02,7.84,-0.07,2.8125,8.4375,-15.0625,-0.38989258,-0.44055176,-0.5621338,-0.5812988
1e,4,Right Wrist,30024135,1779733996090,-12.117951,-1.5769706,-4.4195433,-53.61496,2.381112,123.70373,-142.43237,-46.936485,242.02806,0.0
1e,1,Left Ankle,4021212,1779733996090,1.7,10.07,0.27,3.0,-1.3125,-2.125,-0.39007568,-0.44073486,-0.5621948,-0.58099365
1e,1,Left Ankle,4021238,1779733996115,0.11,10.41,-0.25,-3.8125,-24.1875,-1.375,-0.3935547,-0.44360352,-0.5595703,-0.5789795
1e,1,Left Ankle,4021252,1779733996116,-1.14,9.8,-0.15,-1.75,-21.0,4.3125,-0.39440918,-0.44476318,-0.55859375,-0.5784302
1e,1,Left Ankle,4021275,1779733996145,0.11,9.64,-0.42,3.375,-8.25,5.5625,-0.39575195,-0.4473877,-0.55700684,-0.5770874
1e,3,Left Wrist,3821267,1779733996158,-3.8809566,-9.501602,-3.6203408,-4.9242234,-20.4603,26.779222,-104.43502,-36.787056,327.79337,0.0
1e,1,Left Ankle,4021296,1779733996175,-0.03,9.8,-0.83,2.6875,-4.4375,10.75,-0.39489746,-0.4489746,-0.5562744,-0.5770874
1e,1,Left Ankle,4021314,1779733996176,0.25,9.73,-0.51,1.125,-4.5,12.875,-0.3939209,-0.4505005,-0.55529785,-0.57751465
1e,4,Right Wrist,30024196,1779733996183,-10.627223,-0.019242462,-5.8049874,-70.27496,-5.1788883,69.17372,-142.45642,-46.881565,242.01537,0.0
1e,2,Right Ankle,1063243,1779733996183,-9.246518,0.62725466,-1.6510476,28.90664,7.22624,-22.962381,87.16134,78.05425,290.2786,0.0
1e,1,Left Ankle,4021342,1779733996207,0.2,9.73,-0.3,0.8125,-3.25,15.5,-0.3920288,-0.4533081,-0.5532837,-0.57855225
1e,1,Left Ankle,4021359,1779733996235,0.16,10.15,-0.18,1.3125,-4.125,22.6875,-0.39050293,-0.45611572,-0.5512085,-0.5793457
1e,1,Left Ankle,4021379,1779733996236,0.72,10.47,-0.26,3.9375,-4.4375,24.0625,-0.38830566,-0.45898438,-0.54937744,-0.58026123
1e,2,Right Ankle,1063406,1779733996242,-8.839738,2.9339359,-0.13399807,-37.033363,-4.46376,12.807619,87.48664,78.025116,290.6003,0.0
1e,1,Left Ankle,4021400,1779733996266,0.44,9.58,-0.13,5.1875,-4.4375,23.625,-0.3861084,-0.4619751,-0.54785156,-0.58081055
1e,1,Left Ankle,4021415,1779733996266,0.77,9.07,-0.35,7.9375,-6.875,20.8125,-0.38494873,-0.46343994,-0.54730225,-0.5809326
1e,4,Right Wrist,30024389,1779733996268,-1.8814569,-2.4575288,-3.964907,7.07504,-12.108889,23.463728,-142.48099,-46.762543,242.04732,0.0
1e,1,Left Ankle,4021441,1779733996295,0.54,9.69,-0.5,12.3125,-0.375,17.25,-0.38110352,-0.4677124,-0.5462036,-0.5810547
1e,2,Right Ankle,1063453,1779733996302,-7.7653604,1.6226689,0.6652047,92.95664,7.3662405,16.867619,87.27923,78.0189,290.36624,0.0
1e,3,Left Wrist,3821328,1779733996308,-2.0241268,-8.386547,-0.9212367,-33.064224,-11.3603,76.33922,-104.43002,-36.6963,327.7812,0.0
1e,1,Left Ankle,4021457,1779733996325,1.16,9.52,-0.27,14.1875,1.0625,14.8125,-0.37976074,-0.46881104,-0.5463257,-0.5809326
1e,1,Left Ankle,4021481,1779733996355,1.0,9.34,-0.42,15.4375,-0.875,12.1875,-0.37628174,-0.4720459,-0.54711914,-0.579834
1e,1,Left Ankle,4021499,1779733996355,1.15,9.42,-0.61,17.5,-2.4375,5.0,-0.37451172,-0.473938,-0.54815674,-0.5784302
1e,2,Right Ankle,1063512,1779733996363,-6.277025,-2.6269841,-0.76331043,72.02664,-8.31376,21.97762,87.35114,78.08528,290.41147,0.0
1e,3,Left Wrist,3821521,1779733996368,2.8093753,-7.3408833,0.5312066,23.005777,10.689699,17.11922,-104.29726,-36.595276,327.704,0.0
1e,1,Left Ankle,4021521,1779733996385,1.17,9.64,-0.76,17.3125,-2.25,-0.375,-0.3734131,-0.47558594,-0.5494995,-0.5765991
1e,1,Left Ankle,4021539,1779733996415,1.23,9.64,-0.62,20.875,-0.6875,-5.5625,-0.37225342,-0.47650146,-0.5516968,-0.5744629
1e,1,Left Ankle,4021560,1779733996415,0.79,9.86,-0.12,24.375,-1.875,-6.375,-0.37091064,-0.4772339,-0.5546875,-0.5718384
1e,3,Left Wrist,3821568,1779733996429,3.4315095,-7.953446,0.59581286,18.735777,12.1596985,1.3692207,-104.23091,-36.56447,327.66498,0.0
1e,1,Left Ankle,4021584,1779733996446,0.11,9.64,-1.07,26.0,-2.125,-3.375,-0.3694458,-0.47869873,-0.557312,-0.5689087
1e,4,Right Wrist,30024408,1779733996448,-1.972384,-2.778167,-4.0031924,25.27504,-10.568888,31.023727,-142.47023,-46.684135,242.04156,0.0
1e,1,Left Ankle,4021602,1779733996475,-0.14,9.71,-1.51,25.75,4.1875,5.375,-0.36688232,-0.48034668,-0.5597534,-0.56689453
1e,2,Right Ankle,1063573,1779733996483,-5.875031,-1.4473225,0.5096712,-46.27336,-34.423763,19.597618,87.20546,78.14642,290.28232,0.0
1e,3,Left Wrist,3821627,1779733996488,3.3262248,-8.269298,-1.2442678,35.815777,5.5796995,-15.710777,-104.18787,-36.503258,327.64636,0.0
1e,1,Left Ankle,4021627,1779733996508,0.47,10.25,-0.8,25.5,12.5625,12.8125,-0.36151123,-0.48077393,-0.56292725,-0.5668335
1e,1,Left Ankle,4021648,1779733996509,1.16,10.04,-0.9,28.0625,21.0625,13.6875,-0.35327148,-0.4822998,-0.5671997,-0.5664673
1e,4,Right Wrist,30024569,1779733996509,-5.2601223,-2.3761733,-2.5292134,31.785038,12.321112,40.19373,-142.39963,-46.562183,241.98509,0.0
1e,1,Left Ankle,4021665,1779733996537,1.99,10.3,-1.16,31.6875,19.9375,12.0,-0.35028076,-0.48272705,-0.5689697,-0.5661621
1e,3,Left Wrist,3821687,1779733996548,2.3882384,-10.056737,-3.2542388,82.645775,-41.670303,-50.150776,-104.1873,-36.442024,327.67798,0.0
1e,1,Left Ankle,4021689,1779733996567,2.02,10.9,-1.25,38.6875,18.75,13.375,-0.34106445,-0.4854126,-0.5743408,-0.5640259
1e,1,Left Ankle,4021708,1779733996568,2.5,11.44,-1.97,38.4375,0.875,15.1875,-0.3357544,-0.48864746,-0.57714844,-0.56152344
1e,4,Right Wrist,30024646,1779733996577,-7.3346996,-0.4355939,-2.1750758,58.80504,17.641111,29.553728,-142.37364,-46.52829,241.97295,0.0
1e,2,Right Ankle,1063736,1779733996577,-10.378324,0.45975715,-1.2418749,5.3166375,-25.11376,11.82762,87.21116,78.24113,290.30252,0.0
1e,1,Left Ankle,4021734,1779733996600,2.67,11.75,-2.43,28.8125,-17.25,15.5625,-0.33306885,-0.4932251,-0.57806396,-0.55822754
1e,3,Left Wrist,3821748,1779733996608,-0.41854224,-13.444974,-4.721039,19.715776,-62.600304,-29.080776,-104.21134,-36.372314,327.7154,0.0
1e,1,Left Ankle,4021752,1779733996628,1.66,11.59,-2.61,21.1875,-23.25,14.25,-0.33190918,-0.49804688,-0.57769775,-0.5550537
1e,1,Left Ankle,4021768,1779733996629,2.27,10.04,-2.86,18.375,-25.875,12.25,-0.33190918,-0.5027466,-0.5767212,-0.55181885
1e,4,Right Wrist,30024706,1779733996629,-8.598109,-3.2830527,-3.211168,-20.99496,16.941113,-9.016272,-142.3758,-46.495228,241.96841,0.0
1e,1,Left Ankle,4021792,1779733996657,1.63,8.66,-1.96,7.5,-40.9375,12.75,-0.3334961,-0.5079346,-0.5744629,-0.5484009
1e,2,Right Ankle,1063859,1779733996663,-8.937843,1.6705253,-0.4546363,-18.763363,-11.8837595,-10.50238,87.24837,78.31812,290.35242,0.0
1e,3,Left Wrist,3821807,1779733996669,-0.09790391,-11.554645,-8.518449,-16.754223,1.5196991,12.639221,-104.267784,-36.306934,327.74408,0.0
1e,1,Left Ankle,4021812,1779733996691,-0.26,7.83,-0.72,-1.375,-47.0625,10.875,-0.33685303,-0.51342773,-0.57092285,-0.5449829
1e,1,Left Ankle,4021839,1779733996717,-1.35,7.53,-0.35,-11.4375,-36.3125,8.625,-0.3418579,-0.51849365,-0.5652466,-0.5429077
1e,1,Left Ankle,4021861,1779733996719,-2.95,7.92,-0.2,-16.3125,-0.625,13.75,-0.34136963,-0.5184326,-0.5626221,-0.5459595
1e,2,Right Ankle,1063877,1779733996725,-9.301553,1.8188803,-0.30149564,-11.2033615,-11.60376,-14.002382,87.48352,78.33871,290.58566,0.0
1e,3,Left Wrist,3821868,1779733996729,2.9529445,-11.334504,-5.879165,-49.094223,22.3797,61.63922,-104.3202,-36.226086,327.75455,0.0
1e,1,Left Ankle,4021883,1779733996750,-2.7,7.78,-0.83,-15.0,19.1875,16.6875,-0.33947754,-0.51776123,-0.56073,-0.54974365
1e,4,Right Wrist,30024766,1779733996750,-8.442576,-3.2830527,-1.6319051,-20.15496,9.731112,-12.796272,-142.37482,-46.467,241.96361,0.0
1e,1,Left Ankle,4021901,1779733996777,0.76,6.46,0.58,-21.625,4.5625,8.0,-0.33935547,-0.51708984,-0.55841064,-0.5527954
1e,1,Left Ankle,4021920,1779733996778,0.9,5.64,0.4,-25.5,1.75,6.125,-0.3408203,-0.51568604,-0.5559082,-0.55578613
1e,2,Right Ankle,1063932,1779733996784,-9.339838,0.7086107,-0.33260235,-10.573362,-7.3337593,-19.462381,87.57071,78.41532,290.67413,0.0
1e,3,Left Wrist,3821927,1779733996788,4.4652085,-7.9773736,-3.6921253,-81.22423,6.6996994,75.98922,-104.39878,-36.158005,327.7771,0.0
1e,1,Left Ankle,4021943,1779733996808,1.06,6.71,-0.79,-20.6875,19.1875,-3.75,-0.33996582,-0.5117798,-0.55584717,-0.5599365
1e,1,Left Ankle,4021961,1779733996836,0.79,7.8,-2.3,-1.25,78.0625,5.75,-0.33355713,-0.5054321,-0.5586548,-0.5667114
1e,1,Left Ankle,4021983,1779733996838,2.34,6.77,-2.09,1.6875,87.125,11.9375,-0.32409668,-0.4981079,-0.56292725,-0.57440186
1e,2,Right Ankle,1063993,1779733996844,-9.134055,0.7827882,-0.08135597,2.8666377,-0.40375984,-17.222382,87.60985,78.496155,290.71143,0.0
1e,3,Left Wrist,3821988,1779733996848,4.824132,-4.943275,-4.2687955,-48.394222,-5.620301,59.399223,-104.48872,-36.146706,327.81757,0.0
1e,1,Left Ankle,4022002,1779733996867,2.66,6.38,-1.3,-3.25,78.5,15.25,-0.31628418,-0.4923706,-0.5648804,-0.5817261
1e,4,Right Wrist,30024929,1779733996869,-5.616653,-4.1085763,0.035892338,-57.11496,14.491112,-14.966272,-142.37814,-46.41954,241.93608,0.0
1e,1,Left Ankle,4022021,1779733996897,2.02,7.21,0.34,-22.1875,25.9375,13.1875,-0.31311035,-0.4892578,-0.56378174,-0.5871582
1e,1,Left Ankle,4022041,1779733996898,1.0,7.91,0.37,-30.6875,12.3125,10.5,-0.31359863,-0.4874878,-0.56066895,-0.5913086
1e,3,Left Wrist,3822047,1779733996909,5.4031954,-3.8712902,-3.9050865,11.595777,-7.370301,39.379223,-104.5568,-36.16568,327.85934,0.0
1e,1,Left Ankle,4022056,1779733996927,19.31,23.23,-27.45,35.625,41.1875,-28.25,-0.31158447,-0.4850464,-0.56469727,-0.5905762
1e,4,Right Wrist,30025051,1779733996934,-4.6978087,-5.2667027,1.8137596,-33.94496,-9.028889,34.103725,-142.34097,-46.365364,241.88274,0.0
1e,2,Right Ankle,1064052,1779733996934,-9.213019,0.3305447,0.15553348,0.34663773,12.89624,7.137619,87.59738,78.568504,290.7,0.0
1e,1,Left Ankle,4022081,1779733996959,-0.37,30.27,4.78,-24.1875,-15.3125,43.25,-0.31414795,-0.48291016,-0.5680542,-0.5877075
1e,1,Left Ankle,4022099,1779733996959,8.04,1.12,4.32,-43.9375,-122.0625,-123.0625,-0.33947754,-0.47650146,-0.5722656,-0.574646
1e,3,Left Wrist,3822108,1779733996968,5.058629,-6.9077826,-4.156333,38.475777,-8.350301,26.079222,-104.61436,-36.144207,327.90164,0.0
1e,1,Left Ankle,4022129,1779733996991,-7.74,6.72,-6.96,-48.875,-24.9375,-32.25,-0.3534546,-0.47375488,-0.5675049,-0.5732422
1e,4,Right Wrist,30025070,1779733996992,-5.6405816,-4.529713,1.8855442,-43.04496,-19.528889,47.96373,-142.31757,-46.329445,241.84865,0.0
1e,2,Right Ankle,1064142,1779733996993,-8.588491,1.1656398,-1.1294123,-4.413362,26.47624,13.297619,87.90387,78.59074,291.00378,0.0
1e,1,Left Ankle,4022139,1779733997018,-6.49,9.47,-2.34,-43.1875,-23.875,-39.4375,-0.3635254,-0.47003174,-0.5652466,-0.5722046
1e,1,Left Ankle,4022162,1779733997018,2.17,11.22,0.09,-35.875,19.3125,-28.0625,-0.36938477,-0.4645996,-0.56378174,-0.5743408
1e,3,Left Wrist,3822167,1779733997029,4.417352,-11.147863,-5.0679984,8.165776,-28.3003,14.529221,-104.661255,-36.076813,327.93765,0.0
1e,1,Left Ankle,4022185,1779733997050,0.28,12.37,-1.4,-31.5,48.1875,-13.25,-0.36975098,-0.45666504,-0.56469727,-0.5795288
1e,2,Right Ankle,1064203,1779733997054,-10.186897,0.67271835,0.14596218,-0.14336205,14.71624,-2.8723812,87.895004,78.66663,290.9962,0.0
1e,1,Left Ankle,4022200,1779733997077,-0.87,9.02,0.79,-17.3125,57.875,-20.625,-0.36706543,-0.44805908,-0.5675049,-0.5852051
1e,1,Left Ankle,4022218,1779733997079,5.74,9.66,0.68,-15.75,28.375,-26.375,-0.36968994,-0.44396973,-0.56781006,-0.58636475
1e,4,Right Wrist,30025125,1779733997080,-9.167603,-0.7514467,-1.5337993,-63.76496,-19.87889,67.00372,-142.32678,-46.280903,241.82933,0.0
1e,3,Left Wrist,3822227,1779733997089,-1.9092706,-14.540886,-2.723032,23.845776,-60.570297,50.859222,-104.655815,-35.985195,327.95227,0.0
1e,1,Left Ankle,4022248,1779733997109,-0.97,9.6,0.2,-25.3125,-58.125,-8.125,-0.37701416,-0.44647217,-0.5628052,-0.5845947
1e,2,Right Ankle,1064262,1779733997114,-11.263668,0.09604807,-1.3447663,7.9766383,18.42624,-16.032381,88.115715,78.731064,291.2111,0.0
1e,1,Left Ankle,4022258,1779733997137,-0.82,9.49,0.13,-22.5625,-60.5,-6.25,-0.38391113,-0.45007324,-0.5576172,-0.5823364
1e,1,Left Ankle,4022282,1779733997140,-0.62,10.13,-0.44,-9.3125,-4.8125,11.625,-0.3852539,-0.45166016,-0.5548706,-0.58288574
1e,4,Right Wrist,30025186,1779733997140,-12.247164,6.850551,-2.2420747,-41.29496,-17.638887,-33.656273,-142.3783,-46.26717,241.86516,0.0
1e,3,Left Wrist,3822288,1779733997148,-0.21515258,-10.559229,-5.481957,48.415775,-77.5803,145.14922,-104.681435,-35.858643,327.98807,0.0
1e,1,Left Ankle,4022303,1779733997168,0.0,9.79,-0.39,-7.25,18.75,17.5625,-0.38287354,-0.4512329,-0.553833,-0.5857544
1e,1,Left Ankle,4022320,1779733997197,1.23,9.8,-0.53,-7.625,10.1875,21.4375,-0.38012695,-0.45141602,-0.55236816,-0.58880615
1e,1,Left Ankle,4022342,1779733997199,0.81,10.08,-0.27,-8.8125,-12.25,21.875,-0.37921143,-0.4534912,-0.5494385,-0.5904541
1e,3,Left Wrist,3822347,1779733997209,0.22034137,-10.011273,-1.2466606,65.215775,-42.0903,177.27922,-104.63829,-35.72812,327.97495,0.0
1e,1,Left Ankle,4022366,1779733997228,0.51,9.89,-0.01,-6.5625,-14.25,21.0625,-0.37921143,-0.45666504,-0.5459595,-0.5913086
1e,4,Right Wrist,30025276,1779733997234,-5.2577295,0.16979076,1.5481563,-52.914963,53.971115,-117.44627,-142.41283,-46.29366,241.89127,0.0
1e,2,Right Ankle,1064323,1779733997234,-9.11252,0.05776291,-1.8089738,-23.243362,18.77624,-16.312382,88.37756,78.782364,291.47714,0.0
1e,1,Left Ankle,4022388,1779733997260,0.37,9.74,-0.11,-1.8125,-4.625,23.375,-0.37786865,-0.45916748,-0.54345703,-0.59246826
1e,3,Left Wrist,3822408,1779733997268,2.278169,-8.379368,0.5383851,-78.564224,14.4697,155.15923,-104.60347,-35.6347,327.92355,0.0
1e,1,Left Ankle,4022406,1779733997287,0.65,9.7,-0.25,3.5,6.75,24.625,-0.3748169,-0.46118164,-0.5420532,-0.5941162
1e,1,Left Ankle,4022423,1779733997294,1.54,9.45,0.02,4.375,6.875,22.6875,-0.37121582,-0.46258545,-0.54138184,-0.59588623
1e,2,Right Ankle,1064486,1779733997294,-8.021393,-0.8084389,-1.8687946,29.396637,-5.8637595,-20.02238,88.84803,78.81392,291.9317,0.0
1e,4,Right Wrist,30025366,1779733997294,-0.77836555,-3.711368,-1.0815558,11.62504,46.69111,-96.306274,-142.37604,-46.284615,241.87915,0.0
1e,1,Left Ankle,4022451,1779733997319,1.56,9.58,-0.15,3.5,-0.875,18.1875,-0.36816406,-0.46551514,-0.5397339,-0.5970459
1e,1,Left Ankle,4022462,1779733997319,1.96,9.65,-0.26,4.0625,-4.875,10.875,-0.36798096,-0.4666748,-0.53912354,-0.59680176
1e,1,Left Ankle,4022487,1779733997348,1.51,9.24,0.07,4.875,-3.875,3.9375,-0.36743164,-0.46783447,-0.5389404,-0.5963745
1e,3,Left Wrist,3822467,1779733997358,3.027122,-6.225828,0.9499506,-83.95422,18.8797,108.74922,-104.562454,-35.582066,327.86963,0.0
1e,1,Left Ankle,4022502,1779733997377,1.86,9.51,-0.23,8.25,4.5,0.4375,-0.3665161,-0.46826172,-0.5396118,-0.5960083
1e,4,Right Wrist,30025425,1779733997379,-2.0417757,-5.26431,-1.3854443,8.47504,13.721111,-51.016273,-142.34093,-46.258,241.86366,0.0
1e,2,Right Ankle,1064505,1779733997384,-7.3370457,-0.92329437,-1.7371893,40.38664,-5.02376,-21.35238,89.06624,78.87794,292.1316,0.0
1e,1,Left Ankle,4022527,1779733997407,1.8,9.49,-0.18,9.9375,7.25,-7.0,-0.36547852,-0.46765137,-0.5414429,-0.595459
1e,1,Left Ankle,4022543,1779733997408,1.46,9.52,-0.27,9.75,-0.1875,-13.25,-0.36566162,-0.46697998,-0.54351807,-0.59399414
1e,1,Left Ankle,4022565,1779733997437,1.33,9.54,-0.32,11.1875,-5.5,-17.4375,-0.36676025,-0.4664917,-0.54571533,-0.59173584
1e,4,Right Wrist,30025516,1779733997440,-3.4559343,-5.1015983,-2.1224337,-17.074959,4.9011116,-5.5162716,-142.31627,-46.214542,241.84187,0.0
1e,3,Left Wrist,3822528,1779733997448,2.7591264,-5.9626174,1.5888343,-17.524223,10.4797,64.439224,-104.50448,-35.547604,327.82483,0.0
1e,1,Left Ankle,4022587,1779733997468,0.61,9.97,-0.49,14.125,-6.5,-18.3125,-0.36810303,-0.46624756,-0.54797363,-0.5888672
1e,1,Left Ankle,4022604,1779733997469,0.92,9.97,-0.16,18.25,-5.625,-19.4375,-0.36920166,-0.4661255,-0.5509033,-0.5855713
1e,2,Right Ankle,1064563,1779733997474,-8.588491,-0.61462027,-2.012364,-8.263362,-11.8837595,-14.632381,89.27424,78.93398,292.3377,0.0
1e,1,Left Ankle,4022628,1779733997497,0.81,10.02,-0.47,20.8125,-7.0,-20.75,-0.3704834,-0.46588135,-0.55596924,-0.58013916
1e,4,Right Wrist,30025576,1779733997499,-4.2312083,-5.864908,-1.5026926,-15.67496,7.6311116,13.103728,-142.28284,-46.17421,241.81015,0.0
1e,3,Left Wrist,3822618,1779733997509,3.6061854,-6.103794,0.8039884,14.185777,-9.9603,16.559221,-104.44022,-35.532898,327.79196,0.0
1e,1,Left Ankle,4022651,1779733997526,-0.13,9.48,-0.61,21.25,-7.875,-17.9375,-0.37072754,-0.4664917,-0.5588989,-0.5767212
1e,1,Left Ankle,4022666,1779733997528,-0.58,10.17,-0.72,24.6875,3.4375,-5.4375,-0.36987305,-0.46691895,-0.56036377,-0.5755005
1e,1,Left Ankle,4022689,1779733997557,1.9,9.75,-1.36,25.375,28.1875,7.375,-0.36401367,-0.4663086,-0.56573486,-0.5745239
1e,4,Right Wrist,30025636,1779733997560,-9.313564,-6.800502,-1.3591233,-51.86496,5.951112,54.823727,-142.26195,-46.129997,241.77066,0.0
1e,2,Right Ankle,1064756,1779733997564,-8.050107,3.1923604,-0.37567315,-0.84336233,-14.26376,51.37762,89.33427,78.75375,292.42242,0.0
1e,3,Left Wrist,3822708,1779733997569,3.5798643,-8.683256,-0.4642076,29.865776,-54.9703,-52.74078,-104.397026,-35.498188,327.79178,0.0
1e,1,Left Ankle,4022706,1779733997586,1.0,9.83,0.17,25.1875,33.9375,9.125,-0.36090088,-0.46588135,-0.56762695,-0.57489014
1e,1,Left Ankle,4022730,1779733997593,1.58,11.47,-0.85,36.375,69.0625,21.0625,-0.34661865,-0.46228027,-0.57592773,-0.57836914
1e,1,Left Ankle,4022752,1779733997617,3.83,13.9,-3.2,43.6875,80.6875,29.4375,-0.33258057,-0.45959473,-0.5828247,-0.5817871
1e,4,Right Wrist,30025696,1779733997619,-15.752649,-4.591927,1.5720845,-99.744965,22.821112,-1.6662719,-142.2795,-46.11359,241.75511,0.0
1e,3,Left Wrist,3822767,1779733997629,3.733005,-15.593728,-2.3952155,7.6757765,-77.6503,-98.310776,-104.39734,-35.45538,327.82184,0.0
1e,1,Left Ankle,4022770,1779733997651,3.98,16.63,-3.46,33.375,62.25,30.0625,-0.31982422,-0.45758057,-0.5883789,-0.58496094
1e,1,Left Ankle,4022792,1779733997651,6.13,13.47,-4.37,16.875,35.8125,5.0625,-0.31311035,-0.45617676,-0.5911865,-0.586853
1e,2,Right Ankle,1064775,1779733997654,-9.5910845,0.44061458,-1.4141582,-31.573362,-15.10376,44.027622,89.53028,78.78464,292.62454,0.0
1e,1,Left Ankle,4022811,1779733997677,3.41,9.96,-1.4,1.8125,31.25,5.0,-0.30950928,-0.45361328,-0.5932007,-0.5886841
1e,4,Right Wrist,30025755,1779733997680,-11.878669,-7.786345,-0.2440679,-149.30496,38.641113,-66.97627,-142.32042,-46.10877,241.75414,0.0
1e,3,Left Wrist,3822828,1779733997688,7.709876,-15.699012,-8.922835,-106.77423,-56.1603,-149.90077,-104.51785,-35.46134,327.89618,0.0
1e,1,Left Ankle,4022837,1779733997710,1.68,6.95,-0.31,-8.0625,31.0,8.0,-0.30566406,-0.45043945,-0.59399414,-0.5923462
1e,1,Left Ankle,4022854,1779733997710,0.18,5.53,0.31,-19.375,-8.375,8.75,-0.3059082,-0.45043945,-0.5914917,-0.59472656
1e,2,Right Ankle,1064833,1779733997714,-10.052898,3.9748135,-0.17228323,-31.223362,3.30624,43.25762,89.56626,78.69432,292.67075,0.0
1e,1,Left Ankle,4022879,1779733997737,-0.18,6.07,0.07,-16.5625,-14.6875,6.125,-0.30908203,-0.45263672,-0.58673096,-0.5961304
1e,4,Right Wrist,30025816,1779733997739,-8.0525465,-8.111769,3.5485559,-131.24496,91.56111,-14.686272,-142.31743,-46.11837,241.7082,0.0
1e,3,Left Wrist,3822887,1779733997748,12.4692,-11.77957,-6.6329045,-76.534225,-120.350296,-275.55078,-104.65633,-35.583324,328.01392,0.0
1e,1,Left Ankle,4022902,1779733997768,-0.04,6.07,-1.41,-5.75,40.375,14.625,-0.3001709,-0.44714355,-0.58929443,-0.6022339
1e,2,Right Ankle,1064922,1779733997774,-9.088592,3.6757107,0.038285162,-41.723362,11.706241,19.037619,89.57015,78.612526,292.68964,0.0
1e,1,Left Ankle,4022920,1779733997797,2.27,4.12,-2.81,32.0,171.875,44.125,-0.2788086,-0.4360962,-0.5968628,-0.6130371
1e,1,Left Ankle,4022940,1779733997800,5.85,3.64,-3.18,43.5,178.9375,58.3125,-0.25134277,-0.42462158,-0.6054077,-0.6245117
1e,4,Right Wrist,30025875,1779733997801,-5.791329,-4.773782,1.3926228,-166.80496,145.0411,83.31372,-142.29085,-46.11778,241.60962,0.0
1e,3,Left Wrist,3822948,1779733997809,10.296517,-10.676478,0.0741775,-65.05423,-207.5003,-331.27078,-104.69985,-35.711998,328.10687,0.0
1e,1,Left Ankle,4022956,1779733997829,6.56,3.36,-3.46,40.5,159.3125,60.9375,-0.23846436,-0.42016602,-0.6086426,-0.62939453
1e,1,Left Ankle,4022983,1779733997857,4.27,3.15,-3.44,21.25,27.25,70.8125,-0.21276855,-0.4199829,-0.6104126,-0.6370239
1e,1,Left Ankle,4022999,1779733997859,4.64,4.18,-1.48,4.375,-67.875,69.0625,-0.20916748,-0.4321289,-0.6048584,-0.63531494
1e,4,Right Wrist,30025936,1779733997860,-5.212266,-2.684847,1.2131611,-57.60496,115.92111,108.583725,-142.23267,-46.105362,241.51521,0.0
1e,3,Left Wrist,3823007,1779733997869,9.660027,-10.446767,8.719446,175.81577,-243.8303,-349.1208,-104.66934,-35.820374,328.2169,0.0
1e,1,Left Ankle,4023021,1779733997888,2.8,6.82,-1.12,-11.6875,-148.75,78.0,-0.21490479,-0.4534912,-0.5935669,-0.6291504
1e,2,Right Ankle,1064983,1779733997896,-9.069449,2.0079134,-0.6699903,-29.683363,13.10624,14.487619,89.85419,78.593864,292.97916,0.0
1e,1,Left Ankle,4023043,1779733997920,-0.67,7.0,0.16,-18.375,-179.875,70.6875,-0.22613525,-0.4786377,-0.5794678,-0.61968994
1e,4,Right Wrist,30025996,1779733997920,-3.3267217,-3.5893338,-0.117248304,4.41504,46.41111,99.833725,-142.1607,-46.065517,241.43849,0.0
1e,3,Left Wrist,3823068,1779733997929,4.7786684,-8.506188,5.0967126,219.56577,-166.6903,-289.0608,-104.597626,-35.902172,328.28616,0.0
1e,1,Left Ankle,4023063,1779733997947,-7.36,8.9,1.13,-15.375,-167.875,68.875,-0.23522949,-0.5007324,-0.56658936,-0.6107178
1e,1,Left Ankle,4023084,1779733997953,-10.61,8.37,3.33,-2.3125,-64.125,35.8125,-0.23864746,-0.51348877,-0.559021,-0.6057129
1e,2,Right Ankle,1065146,1779733997954,-8.540635,2.7999377,-0.8279166,-1.6133623,15.06624,9.307619,90.313774,78.484505,293.42728,0.0
1e,1,Left Ankle,4023102,1779733997978,-10.41,9.56,3.77,-12.0625,-29.0,-9.1875,-0.24261475,-0.5168457,-0.55651855,-0.60357666
1e,1,Left Ankle,4023120,1779733997979,30.53,15.87,-23.55,-20.125,-22.1875,-63.4375,-0.25152588,-0.51379395,-0.5578003,-0.60131836
1e,4,Right Wrist,30026056,1779733997980,-3.2860436,-5.1494546,0.5312066,17.15504,-18.758888,76.24372,-142.09764,-46.017475,241.3856,0.0
1e,3,Left Wrist,3823127,1779733997989,7.4945226,-13.066908,8.166704,190.37578,-120.6303,-282.83078,-104.52473,-35.986626,328.33554,0.0
1e,1,Left Ankle,4023140,1779733998010,36.12,36.11,2.24,117.1875,78.9375,-190.9375,-0.2574463,-0.49700928,-0.58154297,-0.59033203
1e,2,Right Ankle,1065165,1779733998013,-8.5980625,3.469928,-0.70588267,-1.0533619,16.53624,8.117619,90.478004,78.41413,293.58966,0.0
1e,1,Left Ankle,4023162,1779733998037,-27.04,1.41,23.98,-27.125,-46.5,19.375,-0.26153564,-0.5062866,-0.56903076,-0.5928955
1e,3,Left Wrist,3823188,1779733998049,8.224333,-16.00051,10.796415,59.335777,-42.8603,-169.64078,-104.47208,-36.03769,328.3405,0.0
1e,1,Left Ankle,4023184,1779733998070,-5.94,13.09,-5.12,-87.625,27.0625,-33.3125,-0.2672119,-0.5037842,-0.56292725,-0.59820557
1e,1,Left Ankle,4023207,1779733998070,7.02,18.5,1.91,-10.8125,-4.8125,-110.5,-0.27838135,-0.49169922,-0.5742798,-0.5924072
1e,4,Right Wrist,30026116,1779733998070,-4.346064,-1.5745775,0.9882358,75.185036,-109.19888,-0.05627203,-142.0787,-45.967308,241.40717,0.0
1e,2,Right Ankle,1065222,1779733998075,-7.655291,3.075112,-0.72741807,-9.033362,20.38624,-1.6823812,90.661545,78.349915,293.774,0.0
1e,1,Left Ankle,4023228,1779733998097,2.98,7.99,-0.02,-39.625,-90.5625,-120.0,-0.2998047,-0.48773193,-0.57507324,-0.5843506
1e,3,Left Wrist,3823248,1779733998108,9.516458,-19.338495,16.359728,102.73577,11.109699,-26.56078,-104.38375,-36.04577,328.3085,0.0
1e,1,Left Ankle,4023253,1779733998128,-8.22,9.41,-1.88,-5.3125,-26.75,-87.9375,-0.3199463,-0.4777832,-0.583313,-0.57366943
1e,1,Left Ankle,4023269,1779733998129,5.48,12.03,-5.25,4.875,-21.5,-73.25,-0.32965088,-0.47210693,-0.5886841,-0.5673828
1e,4,Right Wrist,30026175,1779733998129,-7.3634133,1.5791631,4.0151563,75.81504,-173.10889,-27.566273,-142.09328,-45.91919,241.4678,0.0
1e,2,Right Ankle,1065283,1779733998134,-8.20564,4.24281,-1.6342978,40.946636,-2.71376,-18.412382,90.85738,78.29651,293.9516,0.0
1e,1,Left Ankle,4023293,1779733998157,3.94,8.96,3.39,1.25,-70.75,-69.125,-0.3458252,-0.47302246,-0.5894165,-0.5560913
1e,3,Left Wrist,3823307,1779733998169,15.960328,-29.249569,44.262436,79.285774,281.6597,181.96922,-104.22875,-36.0105,328.1438,0.0
1e,1,Left Ankle,4023310,1779733998187,1.35,10.67,0.91,-7.25,-116.3125,-80.625,-0.36291504,-0.47576904,-0.5883789,-0.54382324
1e,1,Left Ankle,4023331,1779733998189,-2.42,9.95,-2.18,25.75,-17.625,-53.125,-0.36914062,-0.4753418,-0.59198,-0.53601074
1e,4,Right Wrist,30026266,1779733998190,-4.889235,9.997113,-5.1493545,97.935036,0.7711115,148.41373,-142.07158,-45.88095,241.44823,0.0
1e,1,Left Ankle,4023352,1779733998217,0.14,9.63,-1.62,29.5625,1.875,-42.5625,-0.36950684,-0.4730835,-0.5979614,-0.53118896
1e,2,Right Ankle,1065342,1779733998223,-8.67224,3.2473955,-0.6723831,39.196636,-6.35376,-54.39238,91.0027,78.24961,294.08014,0.0
1e,3,Left Wrist,3823368,1779733998228,44.951767,-24.18157,63.443302,103.715775,666.09973,397.5692,-103.96162,-35.94863,327.79813,0.0
1e,1,Left Ankle,4023371,1779733998246,0.24,8.53,-3.02,25.125,-1.5625,-32.8125,-0.36999512,-0.47143555,-0.6029663,-0.5266113
1e,1,Left Ankle,4023389,1779733998255,-0.14,8.53,-2.84,13.4375,-10.3125,-29.75,-0.37231445,-0.4701538,-0.6062622,-0.52227783
1e,4,Right Wrist,30026326,1779733998255,-2.001098,-0.7945172,5.6494546,368.83505,-110.94888,42.08373,-141.93279,-45.84693,241.4496,0.0
1e,1,Left Ankle,4023411,1779733998279,0.04,10.09,-2.73,9.75,-9.25,-29.5,-0.3748169,-0.46801758,-0.6091919,-0.51898193
1e,3,Left Wrist,3823427,1779733998288,70.045296,-32.25974,59.27979,340.38577,769.8397,411.8492,-103.58656,-35.89727,327.40854,0.0
1e,1,Left Ankle,4023433,1779733998311,1.18,9.39,-2.06,5.3125,-15.8125,-39.0625,-0.3789673,-0.46569824,-0.6118164,-0.5149536
1e,1,Left Ankle,4023450,1779733998311,-1.38,10.03,-2.32,10.375,-16.3125,-34.4375,-0.38323975,-0.4640503,-0.6142578,-0.510376
1e,2,Right Ankle,1065403,1779733998312,-8.069249,1.8739152,-3.5700915,46.196636,-5.3737597,-56.63238,91.30203,78.265015,294.3571,0.0
1e,1,Left Ankle,4023466,1779733998338,-1.33,8.98,-1.87,15.75,-7.875,-32.1875,-0.3843994,-0.4631958,-0.6159668,-0.50823975
1e,3,Left Wrist,3823488,1779733998347,69.56435,-20.398516,1.942972,111.13577,564.17975,117.35922,-103.390656,-35.964714,327.1534,0.0
1e,1,Left Ankle,4023489,1779733998370,-0.82,9.04,-1.88,18.75,2.3125,-19.75,-0.38500977,-0.46118164,-0.6213379,-0.5029907
1e,1,Left Ankle,4023511,1779733998370,0.08,8.96,-1.49,9.5625,-1.9375,-18.0625,-0.38555908,-0.46014404,-0.6237793,-0.5004883
1e,2,Right Ankle,1065493,1779733998372,-8.399459,0.40711504,-1.337588,38.70664,-4.7437596,-23.872381,91.53967,78.31838,294.57626,0.0
1e,1,Left Ankle,4023531,1779733998396,0.16,9.08,-1.92,-9.625,-14.4375,-23.0625,-0.38891602,-0.45843506,-0.62438965,-0.49871826
1e,4,Right Wrist,30026490,1779733998398,-6.8513494,-15.4433775,-3.3882368,53.34504,-112.138885,-13.006271,-141.80684,-45.702286,241.42055,0.0
1e,3,Left Wrist,3823547,1779733998408,35.043087,-2.7394853,-13.797015,-86.12423,130.8797,115.88922,-103.423454,-36.001873,327.11148,0.0
1e,1,Left Ankle,4023554,1779733998429,-4.12,9.3,-3.74,-17.5,-27.875,-18.4375,-0.39489746,-0.4570923,-0.62286377,-0.49713135
1e,1,Left Ankle,4023578,1779733998456,-1.27,7.82,-1.54,-20.6875,2.5,-12.9375,-0.3998413,-0.4541626,-0.62127686,-0.49786377
1e,1,Left Ankle,4023600,1779733998456,-1.65,9.77,-2.87,-25.0,5.4375,-9.25,-0.40185547,-0.45092773,-0.62005615,-0.5006714
1e,4,Right Wrist,30026509,1779733998459,-8.634003,-14.313965,-3.8620157,-36.394962,-113.67889,9.323728,-141.80615,-45.627895,241.42628,0.0
1e,2,Right Ankle,1065583,1779733998462,-8.811024,-0.6074418,-2.2779672,-7.633362,21.36624,-22.26238,91.81045,78.37392,294.84564,0.0
1e,3,Left Wrist,3823608,1779733998467,0.34476796,-1.9785677,-1.4883357,91.81577,-147.7203,78.64922,-103.48271,-35.9117,327.20053,0.0
1e,1,Left Ankle,4023617,1779733998488,-0.44,9.49,-1.88,-31.625,8.625,-7.6875,-0.4029541,-0.44909668,-0.61932373,-0.5024414
1e,1,Left Ankle,4023641,1779733998515,-1.13,9.75,-1.08,-34.0,8.0625,-3.0625,-0.40618896,-0.44384766,-0.61621094,-0.50823975
1e,1,Left Ankle,4023660,1779733998516,-1.11,9.68,-1.22,-33.25,7.75,-2.0625,-0.4083252,-0.4413452,-0.61364746,-0.5117798
1e,4,Right Wrist,30026596,1779733998518,-8.002297,0.7560323,-1.847259,-32.12496,17.921112,62.10373,-141.8069,-45.591774,241.40417,0.0
1e,3,Left Wrist,3823667,1779733998527,-3.8977065,-2.5384884,13.01217,-4.0142236,-15.840301,25.659222,-103.45106,-35.89556,327.18378,0.0
1e,1,Left Ankle,4023684,1779733998547,-0.8,9.56,-1.0,-27.625,8.25,2.0,-0.40924072,-0.43933105,-0.61169434,-0.5151367
1e,2,Right Ankle,1065672,1779733998556,-9.102949,0.11279784,-3.091527,-15.543362,1.4862401,-5.112381,92.08297,78.40475,295.118,0.0
1e,1,Left Ankle,4023701,1779733998579,-1.58,9.32,-0.88,-12.25,2.1875,9.4375,-0.40930176,-0.43896484,-0.6100464,-0.517334
1e,1,Left Ankle,4023716,1779733998579,-1.26,9.56,-1.13,-9.6875,1.75,11.9375,-0.40899658,-0.4390869,-0.6092529,-0.5183716
1e,4,Right Wrist,30026656,1779733998579,-4.72413,-0.490629,-2.0697916,53.34504,58.66111,16.673727,-141.78107,-45.566162,241.387,0.0
1e,3,Left Wrist,3823727,1779733998587,1.421538,-0.6290157,4.443472,-40.834225,4.3196993,18.239222,-103.42391,-35.89967,327.15714,0.0
1e,1,Left Ankle,4023739,1779733998605,-1.24,9.73,-0.56,-1.5,-5.5,17.0,-0.4072876,-0.4414673,-0.60668945,-0.52075195
1e,2,Right Ankle,1065762,1779733998613,-9.4881935,-0.12648442,-0.37567315,-4.343362,-3.3437595,-11.972382,92.14646,78.483086,295.1815,0.0
1e,1,Left Ankle,4023756,1779733998637,-1.16,9.97,-1.96,-2.3125,-15.5625,8.625,-0.40777588,-0.44250488,-0.6057129,-0.52056885
1e,4,Right Wrist,30026715,1779733998638,-3.8555357,-5.362416,-3.0939198,25.97504,48.861115,7.9937277,-141.73415,-45.526283,241.35104,0.0
1e,3,Left Wrist,3823788,1779733998647,2.1633132,-2.512167,5.776274,-13.744224,-14.720301,23.979221,-103.38683,-35.89669,327.13504,0.0
1e,1,Left Ankle,4023783,1779733998665,-0.89,8.77,-1.81,-3.875,-12.5625,20.75,-0.40759277,-0.44665527,-0.6017456,-0.52178955
1e,1,Left Ankle,4023800,1779733998672,-1.05,9.2,-1.62,-3.1875,-14.625,31.125,-0.40667725,-0.45074463,-0.59820557,-0.5230713
1e,1,Left Ankle,4023817,1779733998695,-0.63,9.67,-1.5,-3.8125,-14.1875,32.4375,-0.40545654,-0.4550171,-0.5942993,-0.5247803
1e,1,Left Ankle,4023844,1779733998696,-1.48,9.92,-1.82,-9.1875,-12.4375,41.1875,-0.40386963,-0.45947266,-0.5895996,-0.52734375
1e,2,Right Ankle,1065823,1779733998702,-8.940237,-0.41362315,-2.6895325,7.5566382,-3.7637596,-8.472382,92.40365,78.52609,295.43073,0.0
1e,3,Left Wrist,3823847,1779733998708,1.8498534,0.83060604,10.52842,0.6757764,-2.0503006,25.86922,-103.35081,-35.897278,327.11295,0.0
1e,1,Left Ankle,4023857,1779733998729,-1.32,9.92,-1.8,-8.875,-9.25,44.875,-0.40270996,-0.46185303,-0.5871582,-0.52893066
1e,1,Left Ankle,4023882,1779733998757,-0.01,9.7,-1.2,-8.125,0.9375,49.125,-0.39801025,-0.46887207,-0.579834,-0.53430176
1e,1,Left Ankle,4023904,1779733998759,0.37,9.86,-0.7,-6.625,0.1875,51.125,-0.39404297,-0.47332764,-0.5751343,-0.53845215
1e,4,Right Wrist,30026776,1779733998759,-3.5899317,-1.9430723,-4.091727,-11.404961,52.361115,44.883728,-141.7292,-45.471428,241.32811,0.0
1e,3,Left Wrist,3823908,1779733998769,-1.8638077,-0.71515733,8.207382,4.5257764,40.509697,9.0692215,-103.303925,-35.894657,327.07462,0.0
1e,1,Left Ankle,4023930,1779733998817,0.49,9.69,-0.36,0.1875,1.8125,50.6875,-0.38690186,-0.47991943,-0.56915283,-0.5441284
1e,1,Left Ankle,4023953,1779733998818,1.15,9.58,-0.21,3.375,3.4375,51.125,-0.38134766,-0.4847412,-0.56573486,-0.54730225
1e,4,Right Wrist,30026939,1779733998819,-3.688038,-5.041777,-8.193025,61.67504,25.761112,-86.08627,-141.75546,-45.379772,241.37741,0.0
1e,2,Right Ankle,1065986,1779733998824,-8.428173,-0.6529054,-4.041477,-43.893364,-10.76376,27.157618,92.91324,78.58529,295.94305,0.0
1e,3,Left Wrist,3823967,1779733998829,-4.103489,-4.5029955,4.359723,-125.04423,71.3797,27.269222,-103.29544,-35.864223,327.0226,0.0
1e,1,Left Ankle,4023971,1779733998847,0.99,9.81,-1.18,8.5625,6.875,52.0625,-0.37506104,-0.48980713,-0.5628662,-0.55010986
1e,1,Left Ankle,4023989,1779733998848,0.89,9.57,-1.11,16.1875,-7.4375,48.625,-0.3696289,-0.4958496,-0.5599365,-0.55133057
1e,1,Left Ankle,4024011,1779733998875,0.79,9.57,-0.84,18.25,-15.75,49.5625,-0.36462402,-0.50268555,-0.5567627,-0.5516968
1e,4,Right Wrist,30026958,1779733998878,-4.807879,-5.78116,-8.599805,12.25504,14.351111,-102.81628,-141.78362,-45.338203,241.4181,0.0
1e,3,Left Wrist,3824028,1779733998888,-5.189831,-1.3492554,-0.5575277,-131.06422,84.1197,84.03922,-103.318054,-35.80098,326.98038,0.0
1e,1,Left Ankle,4024034,1779733998905,1.13,9.72,-1.66,23.9375,-18.4375,50.0625,-0.36016846,-0.51013184,-0.5536499,-0.55096436
1e,1,Left Ankle,4024052,1779733998906,1.06,9.42,-1.31,27.8125,-22.25,51.4375,-0.35510254,-0.5184326,-0.55041504,-0.5496826
1e,2,Right Ankle,1066005,1779733998912,-8.983308,-0.6289772,-2.062613,-36.96336,-17.41376,34.85762,93.10177,78.62404,296.13922,0.0
1e,1,Left Ankle,4024082,1779733998937,1.6,9.39,-0.19,42.3125,-20.875,50.125,-0.348938,-0.52752686,-0.54815674,-0.5471802
1e,4,Right Wrist,30027016,1779733998938,-5.7745795,-4.6086764,-6.2141604,-84.134964,-20.858889,-146.49628,-141.86017,-45.304405,241.48305,0.0
1e,1,Left Ankle,4024100,1779733998965,0.31,10.45,-1.18,32.75,-20.875,59.3125,-0.33929443,-0.54138184,-0.543396,-0.5444946
1e,3,Left Wrist,3824087,1779733998977,-1.8087726,0.17497268,-1.3710873,-80.73423,60.319702,78.99922,-103.36856,-35.740788,326.97165,0.0
1e,4,Right Wrist,30027076,1779733998999,-5.7315083,-4.725925,-2.7278178,-58.164963,-38.498886,-167.77628,-141.91833,-45.284893,241.54822,0.0
1e,1,Left Ankle,4024118,1779733999025,2.19,10.38,-0.14,31.4375,-22.0625,59.0,-0.33361816,-0.55078125,-0.5391846,-0.54278564
1e,1,Left Ankle,4024143,1779733999026,0.53,11.33,2.71,12.75,-62.0625,65.5625,-0.3307495,-0.5623169,-0.5317993,-0.539978
1e,3,Left Wrist,3824148,1779733999037,-0.3611147,-2.2202427,1.0695918,-60.994225,53.8797,11.869221,-103.333534,-35.709793,326.9231,0.0
1e,1,Left Ankle,4024162,1779733999054,-0.03,13.21,-0.12,-5.9375,-96.625,42.0625,-0.3348999,-0.5750122,-0.5213623,-0.5342407
1e,1,Left Ankle,4024179,1779733999055,-5.31,11.9,-1.94,-7.1875,-50.375,28.5625,-0.33843994,-0.5831909,-0.51379395,-0.5303955
1e,1,Left Ankle,4024200,1779733999057,-1.79,9.31,-1.84,8.0625,34.6875,5.4375,-0.33599854,-0.58325195,-0.5136719,-0.5319824
1e,2,Right Ankle,1066092,1779733999066,-8.708133,-0.1240916,-1.3782659,-3.573362,-20.35376,69.64761,93.27532,78.65453,296.30893,0.0
1e,1,Left Ankle,4024219,1779733999089,2.29,7.71,-2.77,17.1875,116.0625,-3.875,-0.32617188,-0.5750122,-0.520813,-0.5401001
1e,4,Right Wrist,30027136,1779733999089,-6.5259256,-4.9269223,-1.509871,-67.89496,-36.608887,-122.13628,-141.96335,-45.263824,241.59253,0.0
1e,1,Left Ankle,4024249,1779733999115,4.6,11.2,-2.21,17.125,145.25,2.125,-0.31188965,-0.5632324,-0.5298462,-0.552063
1e,1,Left Ankle,4024259,1779733999116,1.32,8.07,0.85,-17.8125,158.875,4.0625,-0.29785156,-0.54870605,-0.53704834,-0.56726074
1e,1,Left Ankle,4024284,1779733999144,2.43,10.63,-5.95,-23.25,131.4375,-29.5,-0.2890625,-0.53149414,-0.5442505,-0.58117676
1e,2,Right Ankle,1066286,1779733999152,-9.246518,1.6777039,-0.5838487,-11.903362,-16.36376,-16.172382,93.66496,78.626076,296.69778,0.0
1e,1,Left Ankle,4024303,1779733999175,4.25,7.66,-2.12,-12.8125,24.1875,-57.625,-0.29022217,-0.5201416,-0.55059814,-0.58483887
1e,1,Left Ankle,4024328,1779733999205,2.51,7.14,-0.44,-32.5625,-86.125,-79.8125,-0.31750488,-0.51867676,-0.54956055,-0.57281494
1e,1,Left Ankle,4024348,1779733999206,1.15,7.35,-1.44,-55.1875,-131.6875,-86.1875,-0.3302002,-0.51953125,-0.5470581,-0.5671997
1e,2,Right Ankle,1066333,1779733999214,-9.311124,1.2876737,-0.14356935,-16.033361,-6.21376,-23.10238,93.692345,78.70942,296.72983,0.0
1e,1,Left Ankle,4024365,1779733999265,-0.15,7.99,-1.74,-51.9375,-106.1875,-84.4375,-0.35455322,-0.5202637,-0.5419922,-0.55670166
1e,1,Left Ankle,4024390,1779733999265,0.89,7.37,-2.24,-28.1875,-17.375,-85.8125,-0.3776245,-0.5120239,-0.54351807,-0.5475464
1e,1,Left Ankle,4024405,1779733999267,1.88,6.13,-2.68,-19.75,7.4375,-84.875,-0.38208008,-0.5071411,-0.5465088,-0.5460205
1e,1,Left Ankle,4024428,1779733999297,4.05,5.03,-2.82,-3.875,46.875,-73.0625,-0.3869629,-0.49084473,-0.5588989,-0.5449219
1e,2,Right Ankle,1066422,1779733999304,-9.119699,0.65836143,-0.48095736,-3.643362,-2.57376,-15.262381,93.82683,78.78313,296.86282,0.0
1e,1,Left Ankle,4024451,1779733999332,10.52,2.84,-0.15,1.3125,64.4375,-53.4375,-0.385437,-0.480896,-0.56658936,-0.54693604
1e,1,Left Ankle,4024468,1779733999332,15.49,4.52,-3.05,-12.4375,48.3125,-27.625,-0.38409424,-0.4734497,-0.5703125,-0.5505371
1e,4,Right Wrist,30027196,1779733999332,-7.1959157,-6.1592255,0.98584294,-96.17496,-35.55889,-58.57627,-141.99275,-45.24046,241.60626,0.0
1e,1,Left Ankle,4024492,1779733999356,-17.53,28.38,-4.37,-28.6875,18.625,93.1875,-0.3772583,-0.47595215,-0.5640869,-0.5593872
1e,2,Right Ankle,1066483,1779733999363,-9.100555,-0.040342808,-0.04785645,-4.063362,6.7362404,9.867619,93.84696,78.854385,296.88437,0.0
1e,3,Left Wrist,3824341,1779733999368,2.2446692,-2.7370925,-5.142176,-113.70422,65.3597,-3.8807793,-103.46983,-35.64698,326.9309,0.0
1e,1,Left Ankle,4024512,1779733999389,23.0,22.33,-4.79,-32.5,-29.5625,-133.75,-0.38580322,-0.4727173,-0.5643921,-0.55596924
1e,1,Left Ankle,4024537,1779733999415,-12.16,1.94,3.98,-19.5,-17.0,-46.125,-0.39849854,-0.46453857,-0.56433105,-0.5540161
1e,1,Left Ankle,4024552,1779733999416,-4.62,7.32,-3.43,-64.75,-29.1875,1.375,-0.4024048,-0.46374512,-0.5602417,-0.55596924
1e,2,Right Ankle,1066573,1779733999422,-9.552799,1.404922,-0.33499515,-0.07336187,36.62624,15.397619,94.083145,78.91028,297.1186,0.0
1e,1,Left Ankle,4024574,1779733999447,2.01,10.29,0.21,-13.8125,17.0625,-38.5,-0.40618896,-0.458313,-0.5625,-0.55548096
1e,3,Left Wrist,3824567,1779733999458,-1.2895296,-4.835598,-6.522835,23.285776,-36.8403,-33.77078,-103.72101,-35.650425,327.0766,0.0
1e,1,Left Ankle,4024598,1779733999475,0.02,12.85,-0.63,-17.9375,-23.5625,-7.5,-0.4116211,-0.45684814,-0.56066895,-0.5545654
1e,1,Left Ankle,4024613,1779733999482,-0.89,10.16,-0.38,-4.0,-8.4375,-11.4375,-0.4126587,-0.45648193,-0.56066895,-0.55407715
1e,4,Right Wrist,30027493,1779733999482,-7.437591,-3.3165522,0.2416751,-23.65496,-13.858889,80.513725,-141.96085,-45.116276,241.5121,0.0
1e,2,Right Ankle,1066632,1779733999483,-10.038543,1.4144933,-1.617548,1.4666381,5.47624,-3.712381,94.38064,78.92706,297.41037,0.0
1e,1,Left Ankle,4024638,1779733999508,0.15,8.89,0.4,-2.0625,-11.3125,-7.1875,-0.41558838,-0.45703125,-0.5597534,-0.5524292
1e,3,Left Wrist,3824627,1779733999517,-4.9601197,-9.233606,-3.7184463,-24.174223,-17.590302,7.5292206,-103.74548,-35.578106,327.09027,0.0
1e,1,Left Ankle,4024658,1779733999539,-0.69,9.82,0.37,1.5625,-19.3125,4.0,-0.41638184,-0.45892334,-0.5585327,-0.5513916
1e,1,Left Ankle,4024681,1779733999539,-0.46,9.9,-0.47,3.1875,-15.4375,6.3125,-0.416687,-0.460083,-0.55792236,-0.5508423
1e,2,Right Ankle,1066693,1779733999543,-10.005043,0.47650692,-1.3447663,-7.913362,7.8562403,-27.44238,94.637054,78.98416,297.66547,0.0
1e,1,Left Ankle,4024698,1779733999565,-0.31,9.76,-0.94,0.625,-10.5625,10.625,-0.41674805,-0.46325684,-0.55578613,-0.55029297
1e,1,Left Ankle,4024714,1779733999566,0.02,9.87,-1.32,-1.375,-11.0625,12.25,-0.41674805,-0.46429443,-0.5548706,-0.550354
1e,4,Right Wrist,30027629,1779733999568,-9.347063,0.6411761,-1.9645073,-10.14496,31.571112,26.123728,-141.92607,-45.04254,241.45613,0.0
1e,1,Left Ankle,4024739,1779733999595,-0.37,9.81,-0.97,-3.125,-10.5625,16.125,-0.41662598,-0.46777344,-0.55145264,-0.5509033
1e,2,Right Ankle,1066752,1779733999603,-10.725283,-0.71033317,-3.7423747,-58.52336,2.11624,-42.70238,94.91489,79.034164,297.9586,0.0
1e,3,Left Wrist,3824717,1779733999608,-2.6271174,-8.1688,-1.847259,-15.564224,-18.430302,73.46922,-103.749275,-35.483395,327.08945,0.0
1e,1,Left Ankle,4024754,1779733999625,-0.14,9.77,-0.36,-2.125,-7.1875,16.4375,-0.4163208,-0.46881104,-0.55041504,-0.55133057
1e,1,Left Ankle,4024778,1779733999655,0.21,9.65,-0.34,0.375,-2.9375,16.0,-0.4136963,-0.47076416,-0.5488281,-0.5531616
1e,1,Left Ankle,4024799,1779733999655,0.53,10.06,-0.25,4.125,-6.1875,13.75,-0.41259766,-0.4729004,-0.5476074,-0.55340576
1e,2,Right Ankle,1066813,1779733999662,-8.79906,2.7090104,-2.3976083,-56.563362,1.4162402,-12.182381,95.17389,79.009705,298.23245,0.0
1e,1,Left Ankle,4024814,1779733999685,0.45,9.71,-0.43,4.8125,-8.4375,12.0625,-0.41192627,-0.47375488,-0.54730225,-0.5534668
1e,3,Left Wrist,3824778,1779733999698,-1.1459605,-7.46531,-0.4642076,4.1057763,-19.8303,96.00922,-103.72737,-35.38638,327.07657,0.0
1e,1,Left Ankle,4024838,1779733999715,0.54,9.32,-0.66,7.6875,-8.1875,9.625,-0.41082764,-0.47717285,-0.5461426,-0.55255127
1e,1,Left Ankle,4024858,1779733999717,0.09,9.73,-0.67,9.1875,-4.375,10.9375,-0.4093628,-0.47906494,-0.5458374,-0.55218506
1e,4,Right Wrist,30027780,1779733999727,-2.3408787,-1.3424737,-0.9667004,-5.10496,5.1111116,4.423728,-141.89354,-44.979645,241.42229,0.0
1e,2,Right Ankle,1066873,1779733999727,-7.9185014,3.603926,0.21535404,90.22664,14.50624,18.47762,95.12942,78.93279,298.1587,0.0
1e,1,Left Ankle,4024883,1779733999749,0.62,9.56,-0.61,12.375,-0.8125,6.6875,-0.4078369,-0.4807129,-0.54626465,-0.5515137
1e,1,Left Ankle,4024899,1779733999777,0.51,9.56,-0.66,14.0,-1.0625,5.6875,-0.40631104,-0.48223877,-0.5470581,-0.5505371
1e,1,Left Ankle,4024922,1779733999779,0.12,9.53,-0.68,15.1875,-0.5,5.25,-0.40460205,-0.48376465,-0.5480957,-0.5494385
1e,2,Right Ankle,1066932,1779733999783,-6.7292686,-3.4309726,-0.2871387,71.60664,4.9862404,16.65762,95.20897,78.998474,298.21246,0.0
1e,3,Left Wrist,3824868,1779733999789,1.1655062,-6.314362,1.5984055,-83.04423,-13.4603,98.52922,-103.703835,-35.319992,327.0432,0.0
1e,1,Left Ankle,4024939,1779733999808,0.35,9.63,-0.79,18.8125,2.5,3.5625,-0.40301514,-0.48486328,-0.5499878,-0.5477295
1e,1,Left Ankle,4024962,1779733999836,0.45,9.72,-0.62,21.8125,2.875,3.25,-0.40118408,-0.4859619,-0.552124,-0.54589844
1e,4,Right Wrist,30027903,1779733999839,-2.8026936,-2.3426738,-2.1056838,-24.49496,20.721111,34.033726,-141.85954,-44.876793,241.38121,0.0
1e,2,Right Ankle,1066993,1779733999843,-6.446915,-2.2417397,1.8855442,-0.14336205,-28.12376,6.717619,95.02649,79.05013,298.0315,0.0
1e,3,Left Wrist,3824958,1779733999848,1.9910301,-4.9049897,0.9882358,35.045776,-25.7803,30.909222,-103.63936,-35.28568,327.0181,0.0
1e,1,Left Ankle,4024991,1779733999866,0.68,9.79,-0.47,24.4375,2.25,3.0625,-0.39923096,-0.48718262,-0.5541992,-0.5441284
1e,1,Left Ankle,4025008,1779733999874,0.12,9.93,-0.4,26.875,-2.25,6.75,-0.3949585,-0.49084473,-0.5570679,-0.5410156
1e,1,Left Ankle,4025030,1779733999898,-0.01,9.54,-1.13,27.6875,-6.1875,11.25,-0.39208984,-0.49450684,-0.55810547,-0.5387573
1e,4,Right Wrist,30028026,1779733999899,-3.9201417,0.1338976,-0.6029913,36.335037,15.331112,44.113728,-141.81844,-44.790405,241.3306,0.0
1e,2,Right Ankle,1067052,1779733999904,-17.09737,4.4198785,-10.68874,46.40664,21.57624,52.07762,95.38977,79.01952,298.37335,0.0
1e,3,Left Wrist,3825047,1779733999908,0.6725848,-6.98196,-0.30149564,23.145777,-8.6303005,5.3592224,-103.60336,-35.222015,327.00403,0.0
1e,1,Left Ankle,4025048,1779733999932,-0.2,9.74,-1.58,26.4375,-3.75,17.6875,-0.3883667,-0.49816895,-0.55877686,-0.5373535
1e,1,Left Ankle,4025063,1779733999932,0.0,9.74,-1.51,25.0,6.0,21.4375,-0.38604736,-0.49969482,-0.5592041,-0.5371094
1e,1,Left Ankle,4025092,1779733999957,0.69,9.59,-1.35,24.0625,16.3125,22.875,-0.37774658,-0.50323486,-0.5610962,-0.5378418
1e,4,Right Wrist,30028045,1779733999960,-4.2766724,0.064505495,-0.35413775,45.50504,9.031112,46.21373,-141.79097,-44.75797,241.31206,0.0
1e,2,Right Ankle,1067113,1779733999963,-7.0929775,5.6521826,-1.8879371,-83.02336,-29.313759,72.09762,95.4126,78.92364,298.42184,0.0
1e,3,Left Wrist,3825108,1779733999969,0.27298343,-7.0346017,-1.5122639,-2.2642236,-6.3903008,-25.860775,-103.60298,-35.157223,327.00684,0.0
1e,1,Left Ankle,4025110,1779733999991,1.29,9.88,-1.29,21.5625,10.375,21.5625,-0.3723755,-0.505188,-0.56225586,-0.53845215
1e,1,Left Ankle,4025131,1779733999991,1.38,10.03,-1.8,22.375,7.125,20.375,-0.36773682,-0.5079956,-0.5630493,-0.538208
1e,1,Left Ankle,4025152,1779734000017,0.78,11.46,-1.23,27.5,12.8125,25.9375,-0.3612671,-0.5107422,-0.5644531,-0.5385742
1e,4,Right Wrist,30028096,1779734000020,-7.9999046,-0.61984104,-1.387837,41.79504,-0.068888664,36.97373,-141.76863,-44.720497,241.29944,0.0
1e,2,Right Ankle,1067172,1779734000024,-11.517307,-1.4042518,-2.3138595,27.646637,-24.69376,13.99762,95.59643,78.9779,298.59103,0.0
1e,3,Left Wrist,3825167,1779734000029,-0.3419722,-6.491431,-3.8763728,42.185776,3.6896992,-41.260777,-103.631165,-35.104427,327.03326,0.0
1e,1,Left Ankle,4025171,1779734000051,2.72,10.43,-1.92,24.375,11.75,22.4375,-0.35534668,-0.51293945,-0.565979,-0.53881836
1e,1,Left Ankle,4025189,1779734000051,2.56,11.15,-3.21,16.9375,-5.4375,21.9375,-0.3517456,-0.5164795,-0.5654907,-0.53826904
1e,1,Left Ankle,4025211,1779734000078,2.47,11.42,-3.44,12.4375,-6.75,19.4375,-0.34991455,-0.51989746,-0.56451416,-0.53723145
1e,4,Right Wrist,30028156,1779734000080,-10.124731,-0.38773733,-0.77766734,56.77504,0.9811115,-18.886272,-141.75455,-44.699135,241.307,0.0
1e,2,Right Ankle,1067233,1779734000084,-9.751404,3.804923,-0.24646074,-17.923363,-15.59376,15.887619,95.53351,78.897484,298.5343,0.0
1e,3,Left Wrist,3825228,1779734000088,-0.9449632,-9.128322,-6.2428746,57.37578,6.0696993,-53.790775,-103.65899,-35.058277,327.06274,0.0
1e,1,Left Ankle,4025228,1779734000109,2.34,10.27,-3.98,10.9375,-19.1875,17.0,-0.34899902,-0.5239868,-0.5628052,-0.5355835
1e,1,Left Ankle,4025249,1779734000109,3.1,9.3,-3.31,1.6875,-36.5,15.1875,-0.35028076,-0.52856445,-0.5600586,-0.5331421
1e,1,Left Ankle,4025273,1779734000137,0.95,8.56,-2.0,-9.9375,-35.375,11.5,-0.35339355,-0.53271484,-0.55596924,-0.53125
1e,3,Left Wrist,3825288,1779734000148,-0.23908056,-11.731712,-6.45105,11.105777,35.119698,-7.17078,-103.68548,-34.995277,327.0709,0.0
1e,1,Left Ankle,4025292,1779734000167,-0.27,8.34,-1.76,-13.6875,-17.5625,12.4375,-0.3554077,-0.5350342,-0.55236816,-0.5313721
1e,1,Left Ankle,4025311,1779734000168,-1.11,7.77,-1.38,-12.75,-9.75,14.125,-0.35650635,-0.536438,-0.5493164,-0.53240967
1e,1,Left Ankle,4025331,1779734000197,-1.36,7.43,-0.05,-15.5,-8.375,14.9375,-0.35717773,-0.5377197,-0.5462036,-0.5338135
1e,4,Right Wrist,30028216,1779734000199,-9.772985,-3.615655,0.16749758,26.18504,-16.658888,-69.14628,-141.75443,-44.682426,241.32939,0.0
1e,3,Left Wrist,3825347,1779734000209,1.964709,-9.783956,-6.0323057,-58.054222,32.5297,53.519222,-103.74723,-34.923473,327.082,0.0
1e,1,Left Ankle,4025352,1779734000228,-0.93,7.09,-0.29,-19.5,-10.5625,17.3125,-0.3583374,-0.5390625,-0.5423584,-0.5355835
1e,1,Left Ankle,4025374,1779734000234,-0.36,5.64,0.18,-26.875,4.5625,17.5,-0.35876465,-0.5388794,-0.5386963,-0.5391846
1e,1,Left Ankle,4025402,1779734000258,-0.1,6.06,0.41,-14.125,43.25,10.0625,-0.35321045,-0.53289795,-0.53900146,-0.5484009
1e,3,Left Wrist,3825408,1779734000268,3.594221,-5.407482,-5.6638117,-36.704224,2.7096996,61.70922,-103.8313,-34.890568,327.11783,0.0
1e,1,Left Ankle,4025415,1779734000291,0.86,7.32,-1.03,-4.625,88.375,8.25,-0.34918213,-0.5291748,-0.54089355,-0.5527344
1e,2,Right Ankle,1067292,1779734000293,-8.933058,1.4001365,-0.8566305,-17.433363,-16.57376,-5.672381,95.77893,78.920364,298.78,0.0
1e,1,Left Ankle,4025439,1779734000318,1.25,7.54,-1.21,4.1875,121.5,9.8125,-0.3312378,-0.51434326,-0.5499878,-0.5685425
1e,1,Left Ankle,4025459,1779734000318,1.39,6.15,-1.04,-1.375,102.25,7.25,-0.32025146,-0.50457764,-0.5553589,-0.5783081
1e,4,Right Wrist,30028379,1779734000319,-4.6403813,-5.182954,2.7852457,-4.61496,12.251112,-43.94627,-141.74637,-44.66669,241.33119,0.0
1e,3,Left Wrist,3825467,1779734000329,3.869396,-4.81167,-5.142176,-9.124224,-14.1603,60.72922,-103.910675,-34.865494,327.1612,0.0
1e,1,Left Ankle,4025483,1779734000348,0.75,6.3,-0.4,-7.375,84.4375,5.625,-0.31347656,-0.49749756,-0.55773926,-0.5858154
1e,2,Right Ankle,1067486,1779734000364,-9.093377,0.56743413,0.06699903,-2.453362,9.18624,-10.572382,95.66443,79.074234,298.67163,0.0
1e,1,Left Ankle,4025499,1779734000377,0.68,8.95,4.29,-43.5625,64.3125,-32.375,-0.31304932,-0.48864746,-0.5587158,-0.5925293
1e,1,Left Ankle,4025519,1779734000384,17.84,9.23,-19.37,82.9375,75.9375,-31.1875,-0.30444336,-0.47833252,-0.57110596,-0.5935669
1e,3,Left Wrist,3825528,1779734000389,4.4317093,-3.7947202,-4.0271206,14.815777,-10.8703,56.80922,-103.97988,-34.86541,327.2028,0.0
1e,1,Left Ankle,4025547,1779734000408,3.35,37.13,6.83,-42.875,-56.375,-19.25,-0.31152344,-0.48461914,-0.56378174,-0.5917969
1e,2,Right Ankle,1067563,1779734000413,-9.56237,0.27550977,-0.069391854,-0.21336222,24.65624,15.677618,95.717,79.142624,298.72482,0.0
1e,1,Left Ankle,4025561,1779734000437,4.51,-0.78,5.67,-61.5625,-167.125,-152.875,-0.34277344,-0.47998047,-0.56518555,-0.5767822
1e,3,Left Wrist,3825587,1779734000448,4.6015997,-4.5436735,-4.424329,45.96578,-15.350301,24.749222,-104.04131,-34.868176,327.24963,0.0
1e,1,Left Ankle,4025587,1779734000467,-8.07,5.73,-7.27,-44.8125,-25.5,-44.375,-0.36260986,-0.47454834,-0.5606079,-0.5736084
1e,1,Left Ankle,4025604,1779734000470,-2.09,11.73,0.66,-31.125,-17.9375,-31.5,-0.36627197,-0.47296143,-0.55981445,-0.57336426
1e,4,Right Wrist,30028530,1779734000470,-4.2216377,-5.0130634,1.3447663,-25.68496,-21.48889,56.15373,-141.66905,-44.6158,241.26437,0.0
1e,1,Left Ankle,4025625,1779734000497,-0.64,13.86,-1.48,-25.3125,38.625,-12.875,-0.36950684,-0.46875,-0.5587158,-0.57580566
1e,2,Right Ankle,1067623,1779734000504,-8.459279,1.9456999,-2.9431717,-4.693362,23.74624,3.637619,96.0586,79.12806,299.06345,0.0
1e,3,Left Wrist,3825648,1779734000509,3.2855473,-12.365811,-3.761517,18.315777,-31.660301,-16.13078,-104.05593,-34.79612,327.27158,0.0
1e,1,Left Ankle,4025647,1779734000527,-2.66,9.22,-1.06,-10.3125,71.375,-25.5,-0.3661499,-0.4595337,-0.5628052,-0.5814209
1e,1,Left Ankle,4025661,1779734000533,4.41,9.06,1.02,-13.5625,27.375,-14.3125,-0.36505127,-0.45263672,-0.56591797,-0.58447266
1e,4,Right Wrist,30028606,1779734000533,-12.615659,-2.2517462,0.2847459,-50.53496,-37.16889,105.92372,-141.65913,-44.557934,241.2301,0.0
1e,1,Left Ankle,4025687,1779734000559,0.89,10.38,-0.89,-22.875,-43.5,-10.375,-0.37005615,-0.45324707,-0.5628052,-0.5838623
1e,1,Left Ankle,4025704,1779734000559,-1.43,9.54,-0.29,-23.5625,-53.875,-4.4375,-0.37805176,-0.45654297,-0.5574341,-0.5812988
1e,2,Right Ankle,1067712,1779734000564,-11.072242,0.46214998,-1.0719845,18.756638,24.096241,-3.012381,96.31852,79.18688,299.31393,0.0
1e,3,Left Wrist,3825708,1779734000569,-3.2779648,-16.598715,-6.3433733,-1.7742237,-32.990303,45.18922,-104.07642,-34.704998,327.28894,0.0
1e,1,Left Ankle,4025731,1779734000591,-0.61,10.07,-0.56,-10.5625,-7.8125,6.5,-0.37976074,-0.45788574,-0.5540161,-0.58239746
1e,1,Left Ankle,4025752,1779734000617,0.18,10.24,-0.59,-3.8125,23.6875,18.625,-0.3756714,-0.4570923,-0.5536499,-0.58599854
1e,3,Left Wrist,3825767,1779734000629,-2.7300096,-11.949459,-2.3688943,-52.03422,-22.6303,153.19922,-104.08533,-34.582424,327.27924,0.0
1e,1,Left Ankle,4025771,1779734000651,0.83,9.7,-0.56,-6.875,20.0,24.4375,-0.3717041,-0.4567871,-0.5526123,-0.5897217
1e,1,Left Ankle,4025788,1779734000651,1.22,9.47,-0.22,-13.25,8.25,29.6875,-0.3687744,-0.4576416,-0.54992676,-0.5934448
1e,2,Right Ankle,1067773,1779734000655,-9.710726,-0.698369,-1.1892328,-37.103363,27.45624,1.397619,96.540665,79.25039,299.54663,0.0
1e,1,Left Ankle,4025812,1779734000676,0.46,10.54,0.42,-12.375,8.4375,35.0,-0.364563,-0.45910645,-0.54681396,-0.5977173
1e,4,Right Wrist,30028666,1779734000680,-14.1686,7.647361,-3.2590244,-93.09496,51.171112,12.333728,-141.70119,-44.551186,241.22646,0.0
1e,3,Left Wrist,3825828,1779734000688,1.5196441,-8.183157,-0.4546363,-88.644226,-11.2903,169.08922,-104.07517,-34.464497,327.24725,0.0
1e,1,Left Ankle,4025835,1779734000738,0.46,10.89,-0.59,-5.75,17.8125,38.125,-0.35894775,-0.4602661,-0.54486084,-0.60198975
1e,1,Left Ankle,4025851,1779734000738,1.29,8.82,-0.72,2.75,28.1875,39.125,-0.3522339,-0.4613037,-0.54382324,-0.6060791
1e,2,Right Ankle,1067863,1779734000743,-6.6359487,-0.98790056,-0.16989042,-21.913363,-14.05376,-6.722381,96.56008,79.32735,299.5724,0.0
1e,3,Left Wrist,3825887,1779734000748,3.2041912,-6.3717904,0.46660042,-99.354225,-21.3003,128.90923,-104.04808,-34.399693,327.2092,0.0
1e,1,Left Ankle,4025871,1779734000769,1.79,8.94,-0.34,6.0,23.3125,38.6875,-0.34899902,-0.4621582,-0.5432739,-0.6078491
1e,1,Left Ankle,4025893,1779734000769,2.23,9.58,-0.3,6.625,9.9375,32.6875,-0.34161377,-0.46557617,-0.5415039,-0.6109619
1e,1,Left Ankle,4025909,1779734000769,2.37,9.37,-0.24,10.5625,-0.9375,17.625,-0.33862305,-0.46795654,-0.5409546,-0.6113281
1e,1,Left Ankle,4025929,1779734000795,2.44,9.06,-0.33,10.4375,-5.875,10.75,-0.3369751,-0.4701538,-0.5407715,-0.61065674
1e,4,Right Wrist,30028860,1779734000798,-0.09641104,-5.2930236,0.062213387,-13.92496,21.911112,-43.176273,-141.63675,-44.58598,241.19121,0.0
1e,2,Right Ankle,1067953,1779734000802,-7.7605753,-0.24373274,-1.7563318,25.406637,-18.32376,-29.19238,96.81864,79.3807,299.81683,0.0
1e,1,Left Ankle,4025952,1779734000825,2.26,9.43,-0.82,12.9375,-3.6875,2.1875,-0.33599854,-0.47174072,-0.5414429,-0.60943604
1e,1,Left Ankle,4025974,1779734000826,1.94,9.65,-0.73,17.0,2.0625,-3.875,-0.33447266,-0.47210693,-0.5435791,-0.60809326
1e,3,Left Wrist,3825948,1779734000838,4.2259264,-6.048759,1.5409777,-59.104225,-15.490301,74.519226,-104.01055,-34.37925,327.17548,0.0
1e,1,Left Ankle,4025993,1779734000859,1.95,9.6,-0.1,21.5,-0.875,-11.5,-0.33380127,-0.472229,-0.5465698,-0.60565186
1e,4,Right Wrist,30028906,1779734000859,-0.7472588,-4.386144,-0.2656033,-55.99496,3.0111117,-6.286272,-141.6047,-44.55849,241.15575,0.0
1e,2,Right Ankle,1068012,1779734000863,-7.9783216,0.9694283,-4.063013,-105.77336,-18.60376,12.317619,97.071655,79.37786,300.10052,0.0
1e,1,Left Ankle,4026012,1779734000885,1.83,9.47,-0.04,22.4375,-3.25,-15.4375,-0.3336792,-0.47253418,-0.5498657,-0.60253906
1e,3,Left Wrist,3826007,1779734000897,4.6446705,-6.1779714,0.50009996,15.725777,-17.590302,13.969223,-103.94969,-34.38565,327.14816,0.0
1e,1,Left Ankle,4026040,1779734000917,1.19,10.66,-0.8,21.9375,5.875,-13.375,-0.3320923,-0.47131348,-0.555603,-0.59906006
1e,1,Left Ankle,4026058,1779734000918,2.75,11.35,-1.65,35.0625,35.875,-11.375,-0.32598877,-0.46795654,-0.56256104,-0.5985718
1e,4,Right Wrist,30028996,1779734000918,-4.0445685,-4.434001,-0.14596218,-78.18496,-3.7788887,30.183727,-141.59381,-44.519085,241.12366,0.0
1e,2,Right Ankle,1068073,1779734000927,-6.1119204,1.5987406,-0.4019942,-85.68336,-5.3037596,47.03762,97.164955,79.29831,300.2209,0.0
1e,1,Left Ankle,4026080,1779734000945,8.97,15.58,-6.28,46.5625,50.625,-8.9375,-0.3182373,-0.46417236,-0.57055664,-0.5980835
1e,3,Left Wrist,3826097,1779734000957,6.372288,-7.149457,-0.32542387,90.41577,-40.6203,-88.86078,-103.88314,-34.44991,327.1459,0.0
1e,1,Left Ankle,4026105,1779734000976,4.26,18.05,-2.63,26.0,32.125,-11.6875,-0.31378174,-0.4625244,-0.5751343,-0.5973511
1e,1,Left Ankle,4026120,1779734000976,6.05,14.67,-2.4,11.6875,36.6875,-26.8125,-0.31256104,-0.45721436,-0.5805664,-0.59680176
1e,4,Right Wrist,30029056,1779734000978,-7.820443,-4.8455663,-0.3924229,-88.54496,17.571112,52.44373,-141.5872,-44.48128,241.08437,0.0
1e,1,Left Ankle,4026144,1779734001005,4.64,10.1,-0.75,12.1875,67.25,-20.5,-0.3078003,-0.4494629,-0.58673096,-0.5991821
1e,3,Left Wrist,3826158,1779734001017,11.693927,-13.28944,-1.0504491,117.15577,-76.740295,-265.9608,-103.82712,-34.574078,327.17712,0.0
1e,1,Left Ankle,4026163,1779734001035,-0.56,5.2,2.9,-0.3125,13.5,-25.375,-0.30639648,-0.44421387,-0.5904541,-0.6001587
1e,4,Right Wrist,30029116,1779734001044,-10.5913315,-1.9957144,2.143969,-171.70496,67.76111,84.50372,-141.5991,-44.46198,241.02368,0.0
1e,2,Right Ankle,1068132,1779734001044,-7.40883,2.8262587,-4.850251,-6.583362,-5.79376,71.327614,97.44416,79.24832,300.49652,0.0
1e,1,Left Ankle,4026188,1779734001069,-0.51,5.42,1.57,-7.5,-15.375,-15.4375,-0.3118286,-0.44281006,-0.5906372,-0.59820557
1e,1,Left Ankle,4026203,1779734001069,0.59,5.14,1.58,5.3125,15.75,-5.5,-0.3110962,-0.4418335,-0.5914917,-0.5983887
1e,3,Left Wrist,3826217,1779734001077,14.498314,-14.014465,-4.331009,-95.36423,-110.8303,-343.0308,-103.92739,-34.75463,327.26978,0.0
1e,1,Left Ankle,4026227,1779734001095,1.14,4.61,-1.19,23.8125,74.1875,27.6875,-0.30194092,-0.4390869,-0.59472656,-0.6019287
1e,4,Right Wrist,30029176,1779734001102,-8.887642,-0.06709902,-0.72263247,-18.61496,101.85111,75.05373,-141.56586,-44.44815,240.96544,0.0
1e,2,Right Ankle,1068296,1779734001102,-8.638741,3.3359299,-0.9690932,-22.543362,24.65624,25.407618,97.38138,79.09929,300.4511,0.0
1e,1,Left Ankle,4026249,1779734001127,3.58,2.34,-2.08,23.9375,83.625,47.875,-0.27850342,-0.43530273,-0.5996704,-0.61102295
1e,1,Left Ankle,4026265,1779734001127,3.2,2.62,-1.83,27.125,84.875,71.4375,-0.2694702,-0.43511963,-0.60040283,-0.6144409
1e,3,Left Wrist,3826278,1779734001138,14.436101,-14.227427,-3.5796626,107.70577,-167.32031,-388.3208,-103.95332,-34.945908,327.37943,0.0
1e,1,Left Ankle,4026293,1779734001160,2.83,3.32,-1.36,21.875,57.8125,73.9375,-0.24731445,-0.4389038,-0.59924316,-0.6221924
1e,4,Right Wrist,30029236,1779734001160,-8.406684,-2.0890346,0.6628119,66.71504,108.291115,74.14372,-141.48914,-44.43772,240.89676,0.0
1e,1,Left Ankle,4026310,1779734001187,2.55,5.03,-2.38,9.375,7.75,71.5,-0.23913574,-0.4463501,-0.59490967,-0.62420654
1e,2,Right Ankle,1068315,1779734001193,-8.363566,2.823866,-0.8805587,-24.573362,21.50624,22.747618,97.54242,79.02533,300.61884,0.0
1e,3,Left Wrist,3826337,1779734001199,12.406987,-16.012472,3.18724,162.30577,-241.0303,-302.8508,-103.91398,-35.03989,327.4772,0.0
1e,1,Left Ankle,4026333,1779734001218,0.79,6.49,-2.38,-0.6875,-49.9375,73.0625,-0.23815918,-0.46014404,-0.58654785,-0.62249756
1e,1,Left Ankle,4026350,1779734001218,-1.75,8.83,-1.67,-8.5,-104.9375,65.8125,-0.24389648,-0.4779663,-0.5757446,-0.61694336
1e,4,Right Wrist,30029295,1779734001220,-4.9681983,-3.9339008,1.0863415,47.74504,85.96111,93.25372,-141.40211,-44.416885,240.81596,0.0
1e,1,Left Ankle,4026368,1779734001248,-3.4,8.7,-1.68,-13.25,-141.3125,41.25,-0.2539673,-0.4963379,-0.5645752,-0.60858154
1e,2,Right Ankle,1068403,1779734001255,-8.62917,3.02247,-1.2227323,11.826637,0.3662402,13.717619,97.71632,78.96163,300.7854,0.0
1e,3,Left Wrist,3826398,1779734001259,11.349359,-15.840189,14.038691,276.3358,-267.6303,-204.36078,-103.84244,-35.09247,327.57983,0.0
1e,1,Left Ankle,4026400,1779734001278,-11.86,9.37,1.17,-7.9375,-120.5,22.25,-0.26397705,-0.51171875,-0.555603,-0.5997925
1e,1,Left Ankle,4026409,1779734001278,-12.33,9.88,2.01,-5.5625,-60.5625,-15.1875,-0.2723999,-0.51885986,-0.5517578,-0.5933838
1e,4,Right Wrist,30029356,1779734001281,-1.8623141,-4.168397,2.467,76.65504,13.371112,102.42372,-141.3044,-44.38725,240.7443,0.0
1e,1,Left Ankle,4026439,1779734001307,-13.33,9.39,3.84,-12.4375,-27.25,-61.75,-0.28112793,-0.5169678,-0.5536499,-0.5892334
1e,1,Left Ankle,4026449,1779734001308,18.36,10.24,-12.0,167.8125,127.1875,-202.75,-0.2849121,-0.50183105,-0.5772705,-0.5777588
1e,2,Right Ankle,1068462,1779734001312,-8.425779,3.4005363,-0.7130611,11.3366375,7.2962403,4.757619,97.78546,78.88566,300.84985,0.0
1e,3,Left Wrist,3826458,1779734001317,2.6490562,-16.924137,26.790041,417.10577,-105.4403,-129.88077,-103.68526,-35.123413,327.61136,0.0
1e,4,Right Wrist,30029416,1779734001338,0.2505482,-1.9239298,2.6392832,43.265038,-74.96889,112.223724,-141.23749,-44.348984,240.69789,0.0
1e,1,Left Ankle,4026473,1779734001365,13.52,9.24,-5.33,-44.375,42.0,15.25,-0.29284668,-0.5020752,-0.5706787,-0.5800781
1e,1,Left Ankle,4026489,1779734001366,-19.26,2.32,25.14,-103.0625,79.3125,60.3125,-0.2906494,-0.5007324,-0.5630493,-0.5897217
1e,3,Left Wrist,3826518,1779734001378,-5.6133604,-17.347668,18.094526,-27.254223,81.3197,-36.78078,-103.63612,-35.12413,327.5575,0.0
1e,1,Left Ankle,4026512,1779734001395,6.86,8.11,1.32,36.25,77.0625,-89.5625,-0.2930298,-0.48687744,-0.5751343,-0.58843994
1e,1,Left Ankle,4026536,1779734001395,9.94,16.66,2.54,-50.375,-71.6875,-79.125,-0.3065796,-0.48120117,-0.5760498,-0.58532715
1e,2,Right Ankle,1068523,1779734001405,-10.151005,2.7114031,-0.2656033,10.496637,15.206241,-8.542381,97.76164,78.81313,300.8239,0.0
1e,1,Left Ankle,4026554,1779734001427,-1.08,7.22,-1.81,-5.5625,24.3125,-72.0,-0.3164673,-0.47375488,-0.5794678,-0.5827637
1e,1,Left Ankle,4026568,1779734001427,-8.82,9.71,3.03,-14.9375,18.0625,-51.0,-0.32177734,-0.4658203,-0.5829468,-0.5828247
1e,3,Left Wrist,3826578,1779734001438,-4.337986,-28.282867,43.097126,182.53577,263.4597,145.63922,-103.45867,-35.08654,327.40918,0.0
1e,2,Right Ankle,1068583,1779734001462,-9.753797,2.83583,-1.605584,40.526638,-3.9737597,-25.552382,98.007416,78.78184,301.05115,0.0
1e,1,Left Ankle,4026594,1779734001485,9.18,9.69,-0.1,8.9375,-26.8125,-89.8125,-0.3293457,-0.45666504,-0.59069824,-0.5780029
1e,1,Left Ankle,4026611,1779734001486,-4.86,10.89,1.72,3.8125,-98.5625,-67.5,-0.34606934,-0.45855713,-0.5911255,-0.5661621
1e,1,Left Ankle,4026631,1779734001487,0.07,10.39,-1.69,31.625,-45.3125,-79.875,-0.35662842,-0.4584961,-0.5958252,-0.55462646
1e,3,Left Wrist,3826637,1779734001498,24.280174,-30.032022,71.80621,262.89578,670.78973,327.63922,-103.14515,-35.034878,327.0736,0.0
1e,1,Left Ankle,4026651,1779734001519,-1.88,9.53,-2.69,47.25,-18.75,-62.6875,-0.36212158,-0.4564209,-0.6039429,-0.54382324
1e,1,Left Ankle,4026671,1779734001546,-0.34,8.73,-2.58,50.3125,-39.8125,-62.5,-0.3670044,-0.45532227,-0.61169434,-0.53271484
1e,4,Right Wrist,30029476,1779734001549,0.44436684,3.2517457,1.8831514,49.91504,-185.21889,52.093727,-141.25952,-44.307217,240.7443,0.0
1e,3,Left Wrist,3826698,1779734001558,58.629143,-32.376987,68.425156,251.62578,789.0897,355.91922,-102.80651,-34.994053,326.68686,0.0
1e,1,Left Ankle,4026695,1779734001578,-1.57,8.69,-1.13,47.6875,-59.8125,-60.6875,-0.3741455,-0.4569702,-0.6174927,-0.51953125
1e,1,Left Ankle,4026712,1779734001578,-2.44,8.59,-2.36,38.6875,-55.3125,-47.4375,-0.38128662,-0.4595337,-0.6211548,-0.50756836
1e,1,Left Ankle,4026737,1779734001605,1.23,10.03,-4.12,28.0625,-46.5625,-46.3125,-0.38763428,-0.46087646,-0.6242676,-0.49761963
1e,4,Right Wrist,30029743,1779734001609,-7.265308,-12.600704,-1.3806587,32.62504,-105.83889,-16.436272,-141.25378,-44.151768,240.89488,0.0
1e,3,Left Wrist,3826757,1779734001617,64.46524,-16.634605,0.12203395,151.17577,405.4197,106.64922,-102.6444,-35.052,326.50424,0.0
1e,1,Left Ankle,4026756,1779734001635,-3.56,10.57,-3.72,16.0625,-23.75,-29.4375,-0.39263916,-0.4611206,-0.62615967,-0.49108887
1e,2,Right Ankle,1068672,1779734001646,-7.4207945,2.9793992,-1.2466606,59.916637,4.84624,-48.44238,98.20771,78.736786,301.22784,0.0
1e,1,Left Ankle,4026778,1779734001670,-1.66,8.07,-3.58,6.8125,0.375,-23.0625,-0.3945923,-0.45916748,-0.6287842,-0.48791504
1e,1,Left Ankle,4026795,1779734001670,-0.62,9.11,-3.18,-7.4375,9.0625,-18.875,-0.39556885,-0.45617676,-0.6305542,-0.4876709
1e,4,Right Wrist,30029762,1779734001670,-10.7014,-12.387743,-3.0652056,-21.624962,-88.26888,20.663729,-141.24594,-44.084023,240.89397,0.0
1e,3,Left Wrist,3826818,1779734001678,28.747572,-4.234999,-5.9892354,-132.46423,44.9897,0.94922256,-102.70011,-35.12381,326.4971,0.0
1e,1,Left Ankle,4026816,1779734001695,-0.75,8.52,-2.16,-21.875,-3.4375,-18.0,-0.39855957,-0.453125,-0.63031006,-0.4883423
1e,1,Left Ankle,4026837,1779734001696,-1.25,8.65,-1.33,-35.25,-17.625,-16.375,-0.4039917,-0.45037842,-0.6279907,-0.48950195
1e,1,Left Ankle,4026854,1779734001725,-2.29,9.76,-2.38,-33.9375,-9.125,-9.4375,-0.4091797,-0.44769287,-0.62493896,-0.4915161
1e,4,Right Wrist,30029806,1779734001728,-13.474682,-7.1977105,-5.4364934,-77.20496,-25.198889,104.10372,-141.24246,-44.011684,240.85638,0.0
1e,2,Right Ankle,1068866,1779734001732,-9.646119,0.64161164,-1.3998013,32.686638,23.606241,-22.122381,98.78658,78.75217,301.7711,0.0
1e,3,Left Wrist,3826877,1779734001738,-3.4191422,-4.239785,5.405386,92.37577,-150.0303,62.61922,-102.664474,-35.069683,326.53305,0.0
1e,1,Left Ankle,4026878,1779734001761,-1.65,9.25,-1.46,-27.8125,2.75,-5.8125,-0.4128418,-0.44348145,-0.62231445,-0.49554443
1e,1,Left Ankle,4026898,1779734001762,-1.02,9.71,-1.96,-26.5625,8.125,-4.4375,-0.41430664,-0.44036865,-0.6210327,-0.49871826
1e,1,Left Ankle,4026914,1779734001787,-1.06,9.67,-1.69,-25.875,10.4375,-2.625,-0.41479492,-0.43884277,-0.62042236,-0.5003662
1e,4,Right Wrist,30029866,1779734001790,-6.490033,2.0601206,-2.8163521,97.09504,41.861115,51.67373,-141.21141,-43.9832,240.84166,0.0
1e,2,Right Ankle,1068913,1779734001794,-8.842132,-0.047521282,-2.6512475,2.796638,12.75624,-11.972382,99.10362,78.78495,302.08212,0.0
1e,3,Left Wrist,3826938,1779734001798,-3.9886336,-4.0196457,10.858629,-26.274223,-17.4503,48.829224,-102.63863,-35.04087,326.51474,0.0
1e,1,Left Ankle,4026938,1779734001821,-1.75,9.31,-1.24,-20.0,10.6875,0.875,-0.4151001,-0.4354248,-0.61883545,-0.50512695
1e,1,Left Ankle,4026953,1779734001821,-1.67,9.03,-1.44,-19.5625,16.75,6.0625,-0.41467285,-0.43432617,-0.61834717,-0.50701904
1e,1,Left Ankle,4026983,1779734001850,-1.22,9.71,-1.22,-19.3125,20.3125,13.125,-0.41278076,-0.43267822,-0.6158447,-0.5130005
1e,4,Right Wrist,30029926,1779734001850,-2.9031923,-5.3528447,-1.8855442,-2.5149598,38.431114,5.543728,-141.16806,-43.947067,240.80383,0.0
1e,2,Right Ankle,1069002,1779734001853,-8.889988,-0.5308715,-2.565106,-3.083362,-10.76376,-16.52238,99.36978,78.82946,302.34372,0.0
1e,3,Left Wrist,3826998,1779734001858,-0.15054595,-2.2944202,4.338187,-72.19423,4.5296993,1.299221,-102.620415,-35.034473,326.48846,0.0
1e,1,Left Ankle,4027000,1779734001880,-1.23,9.54,-1.13,-16.6875,14.1875,19.875,-0.41070557,-0.43206787,-0.6140137,-0.517334
1e,1,Left Ankle,4027015,1779734001880,-0.84,9.36,-0.89,-15.4375,9.5625,21.375,-0.4099121,-0.43225098,-0.612854,-0.51916504
1e,1,Left Ankle,4027043,1779734001907,-1.12,9.55,-1.17,-12.1875,-0.375,25.9375,-0.40789795,-0.43499756,-0.6084595,-0.5236206
1e,4,Right Wrist,30029986,1779734001909,-2.8146577,-1.6511475,-3.321238,-48.50496,35.001114,11.983728,-141.18924,-43.893314,240.79889,0.0
1e,2,Right Ankle,1069063,1779734001914,-9.229768,0.6392188,-1.4189439,-2.033362,-7.1237593,-12.532381,99.630165,78.87197,302.59958,0.0
1e,3,Left Wrist,3827057,1779734001919,3.0893357,-1.2894349,7.903493,-62.184223,-10.3803005,24.53922,-102.6037,-35.036644,326.46774,0.0
1e,1,Left Ankle,4027060,1779734001937,-0.94,9.82,-1.34,-8.375,-9.0625,26.0,-0.40698242,-0.4378662,-0.6052246,-0.5256958
1e,1,Left Ankle,4027082,1779734001939,-1.53,9.27,-1.49,-7.75,-5.0,31.1875,-0.40509033,-0.440979,-0.6018677,-0.52838135
1e,1,Left Ankle,4027100,1779734001967,-0.77,9.25,-1.53,-8.75,-3.3125,35.0625,-0.40283203,-0.44439697,-0.5979614,-0.53167725
1e,4,Right Wrist,30030045,1779734001970,-2.2882366,-1.2252251,-3.6921253,3.99504,38.99111,15.133728,-141.20439,-43.83698,240.80127,0.0
1e,3,Left Wrist,3827118,1779734001979,3.5320077,-0.6361942,10.296316,36.165775,-16.4703,45.539223,-102.55483,-35.031464,326.4487,0.0
1e,1,Left Ankle,4027118,1779734001996,-0.74,9.73,-1.45,-11.625,-7.5625,42.625,-0.39990234,-0.44787598,-0.59375,-0.53564453
1e,2,Right Ankle,1069123,1779734002004,-8.906737,0.03862033,-2.1272192,-2.103362,-4.04376,-6.792381,99.90851,78.90918,302.87323,0.0
1e,1,Left Ankle,4027151,1779734002029,-0.7,9.94,-1.48,-12.75,-8.875,47.9375,-0.39764404,-0.4524536,-0.58843994,-0.53930664
1e,3,Left Wrist,3827177,1779734002039,-2.8520424,-3.0074816,9.102297,-18.574223,21.5397,31.679222,-102.51765,-35.01317,326.41568,0.0
1e,1,Left Ankle,4027163,1779734002062,-0.45,9.67,-0.94,-9.1875,-7.5625,51.8125,-0.39471436,-0.45770264,-0.5829468,-0.5430298
1e,1,Left Ankle,4027182,1779734002062,-0.03,9.69,-0.68,-4.875,-7.5625,56.875,-0.3908081,-0.46343994,-0.5775757,-0.5467529
1e,4,Right Wrist,30030106,1779734002062,-2.7835512,1.2393817,-5.17089,32.13504,62.30111,16.253727,-141.23811,-43.80487,240.81937,0.0
1e,2,Right Ankle,1069212,1779734002063,-8.085999,-0.77733225,-3.4887354,-14.073362,-12.44376,8.957619,100.1875,78.93525,303.1509,0.0
1e,3,Left Wrist,3827238,1779734002098,-7.0275187,-2.988339,4.886144,-93.61423,64.0997,71.78922,-102.5063,-34.967804,326.36804,0.0
1e,1,Left Ankle,4027204,1779734002122,0.32,9.94,-0.44,-1.6875,-8.75,60.25,-0.3862915,-0.46984863,-0.5720825,-0.5501709
1e,1,Left Ankle,4027218,1779734002122,0.07,10.25,-0.72,0.4375,-8.375,62.4375,-0.38104248,-0.47680664,-0.5667114,-0.5534668
1e,4,Right Wrist,30030196,1779734002122,-4.5733824,-2.713561,-6.628119,161.35504,56.211113,-86.78628,-141.21478,-43.77582,240.85039,0.0
1e,1,Left Ankle,4027239,1779734002145,1.13,9.77,-0.83,11.0625,-7.9375,63.0625,-0.37512207,-0.48406982,-0.56207275,-0.5559082
1e,1,Left Ankle,4027262,1779734002146,0.65,9.55,-0.71,14.125,-11.4375,64.0625,-0.3690796,-0.4923706,-0.55737305,-0.55737305
1e,1,Left Ankle,4027279,1779734002147,0.97,9.69,-1.57,26.125,-22.4375,61.625,-0.3630371,-0.5015869,-0.5531616,-0.557312
1e,2,Right Ankle,1069273,1779734002152,-8.4856,-0.73665416,-2.3665016,-46.13336,-23.50376,31.357618,100.40056,78.967896,303.37393,0.0
1e,3,Left Wrist,3827297,1779734002158,-4.0652037,-2.4714892,0.36370903,-68.064224,92.0997,111.269226,-102.491974,-34.892513,326.31357,0.0
1e,1,Left Ankle,4027303,1779734002178,1.12,9.66,-0.88,29.5,-25.6875,66.0625,-0.35687256,-0.5118408,-0.5488281,-0.5562744
1e,1,Left Ankle,4027319,1779734002178,0.47,10.01,-0.84,32.0625,-21.75,68.1875,-0.35009766,-0.5223999,-0.5442505,-0.5552368
1e,1,Left Ankle,4027345,1779734002205,0.86,9.87,-0.27,32.5625,-25.5625,59.75,-0.34350586,-0.5321655,-0.5404053,-0.55389404
1e,3,Left Wrist,3827358,1779734002217,-0.66021746,0.25154302,-1.6893327,-39.154224,78.939705,77.87922,-102.563,-34.848328,326.3195,0.0
1e,1,Left Ankle,4027363,1779734002239,2.94,9.52,0.64,24.75,-47.5,56.375,-0.33935547,-0.5425415,-0.5355835,-0.5510254
1e,1,Left Ankle,4027379,1779734002239,1.88,9.81,0.14,9.625,-79.125,58.0,-0.3390503,-0.5552368,-0.5272827,-0.5465698
1e,1,Left Ankle,4027402,1779734002265,-0.33,10.51,-1.94,8.8125,-69.8125,46.75,-0.340271,-0.5670166,-0.51916504,-0.5414429
1e,4,Right Wrist,30030256,1779734002268,-5.2744794,-5.8840513,-6.0562344,34.79504,19.11111,-155.52628,-141.23225,-43.75424,240.89842,0.0
1e,2,Right Ankle,1069436,1779734002272,-9.090984,1.3355302,-1.2299109,-37.45336,-29.313759,26.247618,100.830605,78.98116,303.82034,0.0
1e,3,Left Wrist,3827417,1779734002277,2.4719875,-1.8421769,-0.9092726,-54.414223,59.549698,-7.1007767,-102.61193,-34.920654,326.3204,0.0
1e,1,Left Ankle,4027424,1779734002297,-1.02,10.17,-2.66,10.25,-36.875,41.5625,-0.3400879,-0.57592773,-0.5128784,-0.538147
1e,1,Left Ankle,4027447,1779734002325,-0.65,10.12,-2.15,19.4375,19.75,35.9375,-0.3345337,-0.5796509,-0.5109253,-0.53948975
1e,1,Left Ankle,4027463,1779734002326,0.79,10.14,-1.69,22.375,71.375,29.0,-0.3242798,-0.57806396,-0.5133667,-0.545166
1e,4,Right Wrist,30030419,1779734002328,-5.832007,-3.802295,-1.4237295,-133.62495,-24.00889,-90.986275,-141.35944,-43.713516,240.9912,0.0
1e,2,Right Ankle,1069455,1779734002332,-9.454693,1.7901664,-1.0360922,-33.88336,-23.08376,22.39762,101.051704,78.96623,304.04718,0.0
1e,3,Left Wrist,3827478,1779734002337,0.41894555,-5.3739834,-0.52881384,-88.22423,54.1597,-44.06078,-102.61239,-34.87239,326.29065,0.0
1e,1,Left Ankle,4027492,1779734002356,0.71,9.44,-1.8,16.0625,99.5,25.3125,-0.3121338,-0.5726929,-0.51745605,-0.55389404
1e,1,Left Ankle,4027508,1779734002386,2.57,8.84,-3.19,7.25,119.8125,13.8125,-0.29937744,-0.5637207,-0.5227661,-0.5650635
1e,1,Left Ankle,4027527,1779734002386,4.76,10.14,-5.11,-0.8125,112.625,9.1875,-0.28808594,-0.55352783,-0.5276489,-0.576355
1e,4,Right Wrist,30030466,1779734002388,-6.406285,-2.9624147,-1.9764715,-69.15496,-17.358889,-61.65627,-141.39488,-43.683018,241.01389,0.0
1e,2,Right Ankle,1069542,1779734002393,-9.452301,1.7470956,-0.10767702,-29.473362,-12.30376,0.417619,100.76289,78.98926,303.77298,0.0
1e,1,Left Ankle,4027550,1779734002416,-1.65,9.09,3.67,-11.5625,106.125,9.8125,-0.27844238,-0.543396,-0.53131104,-0.5872803
1e,1,Left Ankle,4027567,1779734002446,0.32,11.32,-2.15,-24.6875,132.25,-18.625,-0.27020264,-0.5292969,-0.5349121,-0.60058594
1e,1,Left Ankle,4027593,1779734002446,1.94,10.2,-3.09,-0.25,107.0,-54.875,-0.26080322,-0.50390625,-0.54730225,-0.6152344
1e,3,Left Wrist,3827538,1779734002458,-1.3661002,-5.4864454,-3.0125637,-121.894226,74.9497,-23.900776,-102.671196,-34.815815,326.28046,0.0
1e,1,Left Ankle,4027608,1779734002479,1.18,9.13,-1.74,-0.125,65.1875,-68.75,-0.26550293,-0.4923706,-0.5551758,-0.6154785
1e,2,Right Ankle,1069603,1779734002482,-9.131663,2.1897678,-0.42113677,-15.823362,-0.9637598,-17.222382,100.765594,78.92066,303.7812,0.0
1e,1,Left Ankle,4027630,1779734002507,1.54,8.25,-1.28,-18.0625,-40.0625,-109.625,-0.28009033,-0.48425293,-0.56134033,-0.6099243
1e,1,Left Ankle,4027654,1779734002507,0.61,7.13,-0.93,-27.8125,-65.25,-114.5625,-0.29974365,-0.47851562,-0.56481934,-0.60180664
1e,3,Left Wrist,3827702,1779734002518,4.7188478,-2.9333038,-5.697311,-36.844223,54.859703,-45.110775,-102.853165,-34.831852,326.3205,0.0
1e,1,Left Ankle,4027673,1779734002538,2.04,6.19,-0.95,-30.0625,-61.875,-111.8125,-0.31976318,-0.47265625,-0.56744385,-0.5935669
1e,2,Right Ankle,1069663,1779734002544,-9.134055,1.6274545,-0.25603202,-5.253362,2.8162403,-27.722382,100.65411,78.99261,303.67413,0.0
1e,1,Left Ankle,4027689,1779734002567,3.02,5.13,-0.71,-24.9375,-37.375,-97.1875,-0.33642578,-0.46600342,-0.5703125,-0.58691406
1e,1,Left Ankle,4027712,1779734002568,4.3,2.59,-0.22,-17.875,2.0625,-70.8125,-0.34649658,-0.45819092,-0.5739746,-0.5835571
1e,1,Left Ankle,4027738,1779734002597,5.34,1.68,0.21,-20.6875,21.1875,-38.375,-0.35186768,-0.44763184,-0.5772705,-0.58532715
1e,2,Right Ankle,1069752,1779734002604,-8.997664,0.30661646,0.08135597,-14.423363,14.71624,-1.332381,100.6401,79.063034,303.6663,0.0
1e,3,Left Wrist,3827721,1779734002608,7.7720895,0.14147314,-6.0227346,10.685777,29.169699,-42.45078,-102.911156,-34.90104,326.35034,0.0
1e,1,Left Ankle,4027752,1779734002632,11.2,3.71,-0.86,-28.1875,5.0625,-17.875,-0.35357666,-0.4456787,-0.57666016,-0.58636475
1e,1,Left Ankle,4027774,1779734002632,12.9,11.21,-14.81,18.25,95.9375,10.1875,-0.34661865,-0.43695068,-0.5807495,-0.5930176
1e,4,Right Wrist,30030526,1779734002632,-6.714958,-5.204489,0.5096712,-16.02496,-14.208889,-26.656271,-141.38533,-43.656727,241.01091,0.0
1e,1,Left Ankle,4027801,1779734002657,9.96,28.18,-6.12,-22.375,-101.9375,-13.3125,-0.35809326,-0.4416504,-0.5744629,-0.5888672
1e,3,Left Wrist,3827778,1779734002669,4.312068,-4.38814,-5.903094,98.535774,-16.4703,-64.36078,-102.963066,-34.92616,326.40842,0.0
1e,1,Left Ankle,4027817,1779734002689,-3.45,1.11,3.6,-71.4375,-53.6875,-99.0625,-0.36779785,-0.43688965,-0.5732422,-0.58758545
1e,2,Right Ankle,1069813,1779734002694,-9.143627,0.9861781,-1.0217353,-10.643362,23.39624,18.89762,100.94511,79.0925,303.9707,0.0
1e,1,Left Ankle,4027841,1779734002717,1.61,7.23,-2.14,-26.875,6.375,-36.9375,-0.37713623,-0.4328003,-0.5690918,-0.5887451
1e,1,Left Ankle,4027859,1779734002720,6.37,16.08,-1.71,-18.625,-14.6875,-15.8125,-0.38153076,-0.43121338,-0.56915283,-0.5869751
1e,3,Left Wrist,3827868,1779734002729,0.99561554,-6.422039,-5.2977095,3.6157765,-18.990301,-105.80078,-103.03484,-34.91298,326.4623,0.0
1e,1,Left Ankle,4027883,1779734002748,-5.02,15.01,0.65,-24.0625,-23.0625,-2.75,-0.38537598,-0.4315796,-0.56573486,-0.5874634
1e,2,Right Ankle,1069873,1779734002756,-8.389888,1.8882722,-1.969293,-10.853362,27.87624,6.087619,101.26782,79.068214,304.29303,0.0
1e,1,Left Ankle,4027899,1779734002780,1.11,6.46,0.8,2.0,13.6875,-27.3125,-0.38757324,-0.4282837,-0.5675049,-0.58673096
1e,1,Left Ankle,4027921,1779734002780,2.25,8.73,0.32,3.375,12.25,-9.1875,-0.38726807,-0.4276123,-0.5682373,-0.58673096
1e,3,Left Wrist,3827927,1779734002788,-0.51186234,-12.064315,-5.91745,-27.674223,-44.5403,-102.090775,-103.093704,-34.87367,326.50946,0.0
1e,1,Left Ankle,4027945,1779734002806,0.09,10.88,0.18,-6.125,-32.3125,2.875,-0.38989258,-0.43023682,-0.56585693,-0.5853882
1e,1,Left Ankle,4027962,1779734002837,-0.92,9.01,-0.35,-3.125,-21.625,5.125,-0.3922119,-0.4329834,-0.5634155,-0.5842285
1e,3,Left Wrist,3827988,1779734002848,-0.23429509,-13.533508,-3.9290147,57.305775,-58.1903,-39.580776,-103.09803,-34.808228,326.54218,0.0
1e,1,Left Ankle,4027987,1779734002873,-0.4,10.21,-0.38,5.625,-0.375,15.125,-0.39123535,-0.4348755,-0.5625,-0.5843506
1e,1,Left Ankle,4028004,1779734002873,0.47,10.11,-0.61,9.375,2.25,13.6875,-0.38885498,-0.4366455,-0.56243896,-0.58465576
1e,4,Right Wrist,30030793,1779734002873,-7.4830546,-4.2521462,0.5407779,-132.15495,-2.2388887,96.263725,-141.34,-43.54707,240.90958,0.0
1e,2,Right Ankle,1069962,1779734002876,-9.172341,1.0172849,-0.9690932,32.756638,5.1262403,-28.912382,101.570404,79.116745,304.57965,0.0
1e,1,Left Ankle,4028030,1779734002898,0.42,9.83,-0.6,5.875,-6.8125,16.9375,-0.3866577,-0.4406128,-0.56073,-0.5847168
1e,3,Left Wrist,3828047,1779734002908,-0.0045838207,-12.684056,-0.7537392,53.87578,-36.7703,13.68922,-103.063934,-34.7369,326.54285,0.0
1e,1,Left Ankle,4028052,1779734002932,0.12,9.69,-0.38,2.5625,-16.125,20.6875,-0.38586426,-0.444458,-0.5583496,-0.58465576
1e,4,Right Wrist,30031033,1779734002932,-1.9556342,-1.579363,-0.46660042,-23.304958,28.911112,-29.106274,-141.33531,-43.445805,240.83702,0.0
1e,1,Left Ankle,4028068,1779734002932,0.15,9.76,-0.16,3.6875,-16.125,24.25,-0.38427734,-0.44830322,-0.55615234,-0.58483887
1e,2,Right Ankle,1070126,1779734002934,-9.308731,2.094055,-0.79681,-15.263363,-13.84376,2.097619,102.04087,79.1185,305.03683,0.0
1e,1,Left Ankle,4028091,1779734002956,0.61,9.92,-0.31,9.1875,-16.875,25.625,-0.38275146,-0.45288086,-0.5539551,-0.5844116
1e,3,Left Wrist,3828108,1779734002968,0.93100953,-11.724534,0.768096,8.445776,-3.2403007,51.48922,-103.02106,-34.66738,326.51767,0.0
1e,4,Right Wrist,30031066,1779734002989,-0.83579326,-1.6152556,-0.89491564,-34.85496,11.761112,-20.566273,-141.3212,-43.399704,240.82115,0.0
1e,1,Left Ankle,4028108,1779734002989,0.34,9.97,-0.34,10.4375,-16.125,27.4375,-0.38116455,-0.45666504,-0.5527954,-0.5835571
1e,2,Right Ankle,1070146,1779734002994,-8.842132,2.4960492,0.43549374,24.916637,-7.82376,6.857619,101.76954,79.082924,304.7613,0.0
1e,1,Left Ankle,4028134,1779734003017,0.54,10.03,-0.18,9.125,-12.5,27.25,-0.3795166,-0.46069336,-0.55126953,-0.5829468
1e,1,Left Ankle,4028152,1779734003023,0.28,9.27,-0.6,9.625,-7.25,29.625,-0.37677002,-0.46484375,-0.54937744,-0.5831909
1e,3,Left Wrist,3828167,1779734003029,2.2638118,-10.942081,1.3830514,-3.5242233,9.149699,71.019226,-102.969025,-34.60287,326.48026,0.0
1e,1,Left Ankle,4028168,1779734003048,0.67,9.13,-0.4,10.5625,-1.6875,27.75,-0.3723755,-0.46740723,-0.5489502,-0.5844116
1e,1,Left Ankle,4028189,1779734003048,1.04,9.41,-0.82,16.1875,15.875,25.125,-0.36724854,-0.4694214,-0.54919434,-0.5857544
1e,4,Right Wrist,30031125,1779734003049,-1.2521446,-2.122534,-2.3688943,-17.56496,-6.788889,7.293728,-141.32152,-43.328636,240.81679,0.0
1e,2,Right Ankle,1070203,1779734003057,-7.234154,-1.1984689,-0.65324056,88.75664,1.4162402,19.037619,101.93526,79.1471,304.89343,0.0
1e,1,Left Ankle,4028213,1779734003075,1.73,9.38,-0.62,18.125,13.0625,19.5625,-0.3619995,-0.47058105,-0.55059814,-0.586853
1e,3,Left Wrist,3828228,1779734003088,3.1443708,-10.518552,1.0839486,15.725777,10.6196995,75.84922,-102.90626,-34.540054,326.43988,0.0
1e,1,Left Ankle,4028232,1779734003106,1.81,9.37,-0.64,19.0,2.5,12.0625,-0.35858154,-0.47253418,-0.55163574,-0.58636475
1e,1,Left Ankle,4028250,1779734003106,1.01,9.7,-0.68,18.6875,-3.1875,8.4375,-0.3564453,-0.47479248,-0.5526123,-0.5848999
1e,1,Left Ankle,4028282,1779734003135,1.36,9.9,-0.32,22.125,1.875,4.25,-0.35437012,-0.47662354,-0.5541992,-0.5831909
1e,2,Right Ankle,1070262,1779734003142,-6.5043435,-3.048121,-0.83748794,-22.123362,-21.26376,28.627619,102.014336,79.208694,304.97693,0.0
1e,3,Left Wrist,3828288,1779734003148,4.1302133,-10.099808,0.60777694,-27.324223,13.279699,87.53922,-102.85327,-34.47797,326.3951,0.0
1e,1,Left Ankle,4028300,1779734003165,0.53,9.58,-0.67,24.5,6.375,5.625,-0.35144043,-0.47802734,-0.5564575,-0.58166504
1e,1,Left Ankle,4028317,1779734003195,0.68,9.52,-1.02,25.0625,10.1875,10.5625,-0.34753418,-0.47937012,-0.55877686,-0.5806885
1e,1,Left Ankle,4028339,1779734003196,1.1,9.77,-1.51,25.0,13.375,17.625,-0.3400879,-0.48199463,-0.5615845,-0.58026123
1e,2,Right Ankle,1070323,1779734003203,-12.024585,2.184982,-4.673183,-10.293362,2.6762402,27.64762,102.30971,79.18773,305.27036,0.0
1e,3,Left Wrist,3828347,1779734003207,3.8263252,-8.87229,0.39720857,-15.004224,8.729699,79.83922,-102.79685,-34.418705,326.35266,0.0
1e,1,Left Ankle,4028354,1779734003225,1.25,9.69,-1.41,25.125,18.5625,19.25,-0.33721924,-0.48272705,-0.56256104,-0.5803833
1e,4,Right Wrist,30031186,1779734003232,-2.4868407,-2.3761733,-2.926422,-17.84496,3.7811117,44.883728,-141.31494,-43.258163,240.7985,0.0
1e,1,Left Ankle,4028380,1779734003256,1.98,10.46,-1.28,25.375,24.6875,20.75,-0.33099365,-0.48382568,-0.5645752,-0.58099365
1e,1,Left Ankle,4028398,1779734003256,1.77,10.79,-1.06,25.0625,22.9375,24.4375,-0.32092285,-0.48590088,-0.5673218,-0.5822754
1e,2,Right Ankle,1070413,1779734003262,-6.9063373,4.144704,0.74416786,10.776638,-17.483759,42.76762,102.07682,79.11838,305.0363,0.0
1e,3,Left Wrist,3828408,1779734003267,4.032108,-9.269498,-2.2348964,12.855777,11.109699,59.95922,-102.79218,-34.323826,326.3456,0.0
1e,1,Left Ankle,4028414,1779734003289,3.67,9.99,-2.28,26.875,19.625,24.25,-0.31762695,-0.4868164,-0.56817627,-0.5824585
1e,1,Left Ankle,4028439,1779734003315,3.58,11.16,-3.08,25.6875,1.6875,28.6875,-0.31011963,-0.4925537,-0.5687866,-0.5811157
1e,1,Left Ankle,4028458,1779734003315,3.77,11.07,-3.33,22.5,-12.8125,25.9375,-0.307312,-0.49743652,-0.5679321,-0.57928467
1e,4,Right Wrist,30031349,1779734003318,-7.7678003,-1.3089743,0.13160524,16.59504,-18.898888,29.133728,-141.2904,-43.163273,240.78261,0.0
1e,2,Right Ankle,1070473,1779734003322,-8.468851,0.92635757,0.8255238,-34.86336,-13.98376,21.907618,101.812584,79.14805,304.78748,0.0
1e,3,Left Wrist,3828467,1779734003327,2.962516,-9.367604,-5.010571,21.605776,12.439699,61.149223,-102.831726,-34.25192,326.36475,0.0
1e,1,Left Ankle,4028490,1779734003349,3.12,9.87,-3.59,12.3125,-24.625,22.125,-0.3060913,-0.5025635,-0.5661621,-0.5772095
1e,1,Left Ankle,4028500,1779734003378,3.07,9.43,-3.45,8.375,-23.125,19.0625,-0.305542,-0.50720215,-0.564209,-0.5753784
1e,1,Left Ankle,4028521,1779734003378,1.99,8.45,-2.32,5.375,-27.875,18.0,-0.30682373,-0.51239014,-0.56134033,-0.572937
1e,2,Right Ankle,1070533,1779734003383,-9.153198,1.5819908,-0.5814559,-1.473362,-9.36376,1.047619,102.08528,79.167145,305.05524,0.0
1e,3,Left Wrist,3828528,1779734003387,2.2470617,-10.214663,-7.018149,21.605776,7.679699,57.859222,-102.87809,-34.183704,326.3892,0.0
1e,1,Left Ankle,4028539,1779734003407,0.99,8.23,-1.57,-3.125,-47.75,12.625,-0.31030273,-0.5180664,-0.5576172,-0.5695801
1e,1,Left Ankle,4028563,1779734003435,-0.53,8.72,-0.67,-5.6875,-40.9375,8.125,-0.31433105,-0.52319336,-0.55358887,-0.5665283
1e,1,Left Ankle,4028579,1779734003436,-1.86,8.71,0.39,-10.0,-37.9375,4.75,-0.31817627,-0.5269165,-0.55023193,-0.564209
1e,2,Right Ankle,1070592,1779734003443,-8.997664,2.42905,-0.4737789,-1.9633622,-13.913759,-9.522381,102.03924,79.09631,305.0099,0.0
1e,3,Left Wrist,3828587,1779734003447,4.297711,-7.623236,-10.52842,12.015777,-38.8003,59.679222,-102.957825,-34.14572,326.44342,0.0
1e,1,Left Ankle,4028602,1779734003466,-3.04,8.48,0.8,-12.5,-26.5,-1.125,-0.32202148,-0.5291748,-0.5474243,-0.5626831
1e,1,Left Ankle,4028624,1779734003497,-2.13,7.76,0.82,-13.6875,-3.4375,-13.375,-0.3255005,-0.5288696,-0.54608154,-0.56225586
1e,1,Left Ankle,4028640,1779734003498,-1.64,7.82,-0.56,0.1875,32.9375,-27.25,-0.32580566,-0.52423096,-0.54888916,-0.56365967
1e,4,Right Wrist,30031426,1779734003500,-9.973983,-1.2994027,1.6630117,12.885039,-3.8488884,-21.616272,-141.28397,-43.146633,240.78621,0.0
1e,3,Left Wrist,3828648,1779734003509,3.0989072,-7.9869456,-4.082155,15.235777,0.46969938,63.59922,-103.00379,-34.076046,326.46793,0.0
1e,1,Left Ankle,4028662,1779734003531,0.48,7.04,-0.25,6.75,43.5,-42.5,-0.32507324,-0.51678467,-0.5553589,-0.56463623
1e,1,Left Ankle,4028687,1779734003557,1.7,6.3,-0.12,3.3125,42.9375,-49.875,-0.32525635,-0.5083008,-0.5623779,-0.5652466
1e,2,Right Ankle,1070756,1779734003563,-9.160376,1.2446029,-0.17467606,-4.413362,8.20624,-2.1023812,101.75126,79.206116,304.73172,0.0
1e,3,Left Wrist,3828708,1779734003569,5.063414,-6.6254296,-5.85763,-23.824223,14.749699,57.019222,-103.07962,-34.055454,326.4979,0.0
1e,1,Left Ankle,4028707,1779734003591,2.54,6.43,-0.36,-3.0,46.0,-45.625,-0.32556152,-0.49945068,-0.5687256,-0.5667114
1e,1,Left Ankle,4028727,1779734003592,3.31,5.94,-1.46,-6.125,46.375,-41.8125,-0.3255005,-0.49041748,-0.57440186,-0.56884766
1e,1,Left Ankle,4028748,1779734003616,-1.09,7.08,-0.8,-8.3125,40.0625,-21.375,-0.32489014,-0.48321533,-0.5783081,-0.57141113
1e,1,Left Ankle,4028763,1779734003618,12.16,6.85,-7.24,-24.875,77.375,-45.9375,-0.32312012,-0.47406006,-0.58221436,-0.5760498
1e,2,Right Ankle,1070775,1779734003625,-9.330267,1.163247,0.0119641125,1.256638,10.586241,2.237619,101.64119,79.265396,304.6238,0.0
1e,3,Left Wrist,3828768,1779734003629,4.984451,-5.953046,-3.735196,-28.654224,6.0696993,53.519222,-103.15643,-34.048233,326.5301,0.0
1e,1,Left Ankle,4028788,1779734003649,0.31,11.22,-3.21,3.875,122.375,18.1875,-0.30444336,-0.45635986,-0.59051514,-0.59191895
1e,4,Right Wrist,30031620,1779734003649,-5.3008003,-4.240182,0.6484549,-30.304958,14.561111,-30.64627,-141.27544,-43.11498,240.78401,0.0
1e,1,Left Ankle,4028803,1779734003676,0.63,17.45,-14.68,-0.5,117.5,17.5625,-0.2977295,-0.45135498,-0.5928345,-0.5968628
1e,2,Right Ankle,1070833,1779734003683,-9.337445,1.1082121,0.04785645,2.376638,22.13624,15.467619,101.54644,79.319145,304.5311,0.0
1e,3,Left Wrist,3828828,1779734003689,5.6496553,-5.9913316,-3.4289148,-23.054224,-8.2103,38.469223,-103.23236,-34.062393,326.56787,0.0
1e,1,Left Ankle,4028828,1779734003708,18.34,20.31,-1.17,19.875,3.125,-58.0625,-0.30358887,-0.44213867,-0.60046387,-0.59313965
1e,1,Left Ankle,4028848,1779734003709,-2.11,5.39,2.69,-57.375,-130.9375,-86.1875,-0.3166504,-0.44281006,-0.5974121,-0.5888672
1e,4,Right Wrist,30031799,1779734003709,-6.4589267,-7.4011006,1.1365907,-11.89496,-30.588888,36.69373,-141.20618,-43.052437,240.73405,0.0
1e,1,Left Ankle,4028865,1779734003737,-3.13,5.11,-2.04,-47.1875,-46.6875,-35.5,-0.3330078,-0.44500732,-0.59002686,-0.5856323
1e,2,Right Ankle,1070893,1779734003744,-9.3350525,1.9863778,-0.7369894,0.34663773,26.96624,2.937619,101.81705,79.274376,304.79852,0.0
1e,3,Left Wrist,3828887,1779734003749,2.9840515,-6.266506,-4.0390844,-8.0742235,-37.6103,28.529222,-103.30725,-34.018127,326.6169,0.0
1e,1,Left Ankle,4028890,1779734003766,-2.45,8.39,0.97,-26.1875,31.9375,-22.0,-0.3411255,-0.43493652,-0.5900879,-0.58843994
1e,1,Left Ankle,4028905,1779734003768,4.21,13.08,-1.56,-20.875,24.5,-27.3125,-0.34204102,-0.4317627,-0.59069824,-0.5895996
1e,1,Left Ankle,4028929,1779734003797,-0.71,12.12,-2.7,-18.25,-18.5625,-16.1875,-0.34857178,-0.42822266,-0.5894165,-0.58966064
1e,3,Left Wrist,3828948,1779734003808,-2.160517,-14.248961,-4.733003,89.01577,-82.060295,48.61922,-103.30387,-33.921593,326.65228,0.0
1e,1,Left Ankle,4028952,1779734003826,1.36,9.18,-0.02,-14.5625,-35.25,-20.3125,-0.3546753,-0.42840576,-0.5874634,-0.5878296
1e,1,Left Ankle,4028968,1779734003834,-0.07,10.18,-0.93,-16.0625,-43.5,-14.4375,-0.36120605,-0.43115234,-0.58374023,-0.58551025
1e,2,Right Ankle,1070953,1779734003834,-9.966758,1.6561685,-1.3232309,3.1466374,12.68624,3.637619,102.136925,79.27182,305.11252,0.0
1e,1,Left Ankle,4028998,1779734003858,-0.45,9.6,-0.68,-9.125,-29.5625,3.5625,-0.3649292,-0.43414307,-0.58044434,-0.5843506
1e,4,Right Wrist,30031846,1779734003860,-11.376177,-3.5845485,0.062213387,-92.884964,-38.91889,67.56373,-141.2185,-42.999516,240.71312,0.0
1e,1,Left Ankle,4029008,1779734003887,-0.26,9.36,-0.62,-8.8125,-20.875,9.875,-0.36627197,-0.4366455,-0.5774536,-0.5845947
1e,2,Right Ankle,1071012,1779734003893,-10.5936775,-0.92090154,-1.5768701,-6.723362,20.31624,3.987619,102.394806,79.329506,305.3695,0.0
1e,1,Left Ankle,4029035,1779734003916,-0.01,9.85,-0.04,-12.75,-5.0,22.6875,-0.3659668,-0.4385376,-0.57421875,-0.5864868
1e,1,Left Ankle,4029053,1779734003918,0.56,9.99,-0.2,-13.1875,5.5625,29.5625,-0.3640747,-0.4401245,-0.57092285,-0.5897217
1e,3,Left Wrist,3829007,1779734003932,-1.0765684,-16.0364,-5.4795637,-31.454224,-59.030304,163.62923,-103.33369,-33.78718,326.66852,0.0
1e,1,Left Ankle,4029071,1779734003950,1.06,11.07,-0.22,-9.25,5.6875,34.375,-0.36016846,-0.44140625,-0.56829834,-0.59375
1e,4,Right Wrist,30032009,1779734003950,-2.4916263,-0.85194474,3.440879,-71.04496,96.95111,-61.86627,-141.27182,-43.0166,240.71007,0.0
1e,2,Right Ankle,1071103,1779734003953,-6.7412324,1.9504856,-1.5601203,-43.61336,14.50624,3.917619,102.64824,79.28792,305.63434,0.0
1e,1,Left Ankle,4029096,1779734003977,0.45,9.4,-0.04,-8.25,-2.8125,34.875,-0.35723877,-0.4442749,-0.56481934,-0.59661865
1e,1,Left Ankle,4029113,1779734003979,0.65,8.54,-0.47,-3.1875,-2.125,33.875,-0.35498047,-0.44812012,-0.5610962,-0.5985718
1e,3,Left Wrist,3829171,1779734003988,3.8287177,-7.6064863,1.3567305,-69.25423,0.95969915,59.539223,-103.306984,-33.62105,326.62222,0.0
1e,1,Left Ankle,4029138,1779734004008,1.46,9.47,-0.72,7.5625,-0.1875,30.125,-0.3513794,-0.45135498,-0.5592041,-0.60009766
1e,1,Left Ankle,4029153,1779734004009,1.56,9.16,-0.49,9.625,-1.375,23.0,-0.34820557,-0.4543457,-0.5582886,-0.6005249
1e,2,Right Ankle,1071163,1779734004014,-5.2481112,-1.2750392,1.3591233,-35.353363,-9.01376,-25.902382,102.508896,79.350624,305.5093,0.0
1e,1,Left Ankle,4029177,1779734004037,1.58,9.28,-0.33,10.8125,-2.9375,17.6875,-0.3446045,-0.45593262,-0.55859375,-0.60113525
1e,4,Right Wrist,30032160,1779734004039,-1.1564316,-5.517949,-0.44985065,41.72504,5.2511115,-7.826272,-141.16174,-43.01005,240.64656,0.0
1e,3,Left Wrist,3829190,1779734004049,4.163713,-8.087444,1.59362,-93.12423,0.95969915,45.95922,-103.27873,-33.595753,326.5852,0.0
1e,1,Left Ankle,4029201,1779734004067,1.64,9.47,-0.94,13.8125,-0.625,10.875,-0.34246826,-0.4580078,-0.5588379,-0.6005249
1e,1,Left Ankle,4029215,1779734004068,2.17,9.3,-0.18,16.125,0.25,2.375,-0.34075928,-0.4593506,-0.5600586,-0.5993042
1e,2,Right Ankle,1071223,1779734004074,-5.94203,0.6176834,0.32063824,10.916637,-19.93376,-49.98238,102.30183,79.41498,305.3015,0.0
1e,1,Left Ankle,4029242,1779734004099,2.17,9.34,-0.09,15.625,1.375,-5.9375,-0.33953857,-0.45959473,-0.5632324,-0.5968628
1e,3,Left Wrist,3829248,1779734004108,5.3553386,-6.8192477,0.91166544,-99.77423,0.6796994,4.0292206,-103.257,-33.61169,326.55344,0.0
1e,1,Left Ankle,4029260,1779734004127,1.25,9.88,-0.4,14.4375,7.875,-10.375,-0.33862305,-0.45837402,-0.56622314,-0.59552
1e,2,Right Ankle,1071283,1779734004134,-7.325082,2.2113032,-3.2231321,1.5366378,-20.42376,-16.872381,102.55918,79.39348,305.5529,0.0
1e,1,Left Ankle,4029282,1779734004157,2.43,9.93,-0.19,18.4375,14.1875,-16.0625,-0.33746338,-0.4564209,-0.5703125,-0.59375
1e,1,Left Ankle,4029300,1779734004158,1.22,10.9,-0.47,22.5625,22.5,-15.625,-0.3355713,-0.45422363,-0.57489014,-0.59210205
1e,4,Right Wrist,30032179,1779734004159,-1.771387,-5.9869423,-0.55034924,21.56504,3.5711117,8.623728,-141.10452,-42.976234,240.61038,0.0
1e,3,Left Wrist,3829308,1779734004169,5.1734843,-8.17837,-1.7467606,-44.824223,29.239698,-75.560776,-103.229256,-33.57765,326.52618,0.0
1e,1,Left Ankle,4029323,1779734004191,2.24,11.97,-3.82,29.1875,40.3125,-11.8125,-0.3307495,-0.45056152,-0.5809326,-0.59173584
1e,2,Right Ankle,1071342,1779734004193,-11.249311,-3.8473237,-5.599205,-103.04336,10.376241,46.96762,102.84039,79.418755,305.86465,0.0
1e,1,Left Ankle,4029339,1779734004217,7.58,13.32,-11.84,43.0,39.3125,-16.3125,-0.32476807,-0.44708252,-0.5883179,-0.59033203
1e,1,Left Ankle,4029359,1779734004218,5.71,16.14,-3.26,18.75,-0.0625,-26.9375,-0.32287598,-0.4456787,-0.5933838,-0.58740234
1e,4,Right Wrist,30032266,1779734004219,-5.3247285,-5.0848484,-2.7349963,-89.17496,36.821114,105.57372,-141.08246,-42.916393,240.54721,0.0
1e,3,Left Wrist,3829368,1779734004229,5.5156574,-11.255541,-2.6009982,45.265778,49.259697,-137.23077,-103.2074,-33.552616,326.51804,0.0
1e,1,Left Ankle,4029386,1779734004250,4.5,19.31,-1.51,10.3125,17.9375,-17.4375,-0.32305908,-0.44335938,-0.59698486,-0.5853882
1e,2,Right Ankle,1071403,1779734004254,-7.7605753,8.966242,-1.5744772,17.356638,-11.463759,63.13762,102.775345,79.324234,305.79315,0.0
1e,1,Left Ankle,4029404,1779734004276,5.94,15.17,-1.57,17.5,101.0625,-18.625,-0.31610107,-0.43426514,-0.6043091,-0.588501
1e,1,Left Ankle,4029419,1779734004278,1.32,4.75,2.48,7.5,51.4375,-25.5625,-0.31152344,-0.4255371,-0.6105957,-0.5908203
1e,3,Left Wrist,3829427,1779734004288,9.418352,-14.406888,-9.255438,37.705776,0.049699306,-221.79079,-103.27572,-33.617065,326.57782,0.0
1e,1,Left Ankle,4029443,1779734004309,-1.98,2.7,1.25,-12.5,-24.9375,-13.1875,-0.315979,-0.42340088,-0.61083984,-0.58966064
1e,1,Left Ankle,4029462,1779734004337,-0.43,2.21,2.41,3.8125,12.125,-5.625,-0.315979,-0.42248535,-0.61169434,-0.5894165
1e,1,Left Ankle,4029480,1779734004339,0.85,2.59,1.15,5.75,59.625,47.0,-0.30718994,-0.42114258,-0.6124878,-0.5942383
1e,2,Right Ankle,1071462,1779734004343,-9.820796,2.402729,-0.36370903,-80.57336,8.13624,26.177618,102.63069,79.24298,305.6788,0.0
1e,3,Left Wrist,3829488,1779734004349,10.483157,-14.016858,-3.0293133,66.12577,-92.9803,-269.1808,-103.26138,-33.766052,326.62695,0.0
1e,1,Left Ankle,4029500,1779734004367,2.91,1.38,-2.0,16.875,77.125,66.9375,-0.29205322,-0.4208374,-0.61346436,-0.6010742
1e,4,Right Wrist,30032356,1779734004369,-10.758828,3.5317059,-2.8426733,-66.35496,141.1911,134.97372,-141.06183,-42.90087,240.46783,0.0
1e,1,Left Ankle,4029530,1779734004397,3.36,2.68,-2.39,18.3125,80.1875,97.1875,-0.2730713,-0.42279053,-0.6126709,-0.60931396
1e,1,Left Ankle,4029540,1779734004399,3.31,3.32,-1.97,12.6875,37.5,96.6875,-0.2565918,-0.42834473,-0.6095581,-0.61572266
1e,2,Right Ankle,1071552,1779734004403,-9.433158,2.6037261,-0.6867401,-6.8633623,7.43624,21.627619,102.67685,79.16262,305.72665,0.0
1e,3,Left Wrist,3829547,1779734004408,6.9633155,-12.38256,0.82073814,100.91577,-175.8603,-260.0108,-103.21972,-33.829254,326.69037,0.0
1e,1,Left Ankle,4029559,1779734004426,3.66,4.9,-1.91,3.875,3.5,96.3125,-0.24768066,-0.43951416,-0.6021118,-0.61883545
1e,4,Right Wrist,30032520,1779734004433,-2.1757739,-4.4842496,0.1363909,109.41504,87.78111,74.91373,-140.86104,-42.880615,240.31372,0.0
1e,1,Left Ankle,4029590,1779734004459,-0.71,8.77,-1.96,-17.375,-101.25,93.9375,-0.24731445,-0.4574585,-0.5897827,-0.6178589
1e,2,Right Ankle,1071613,1779734004464,-8.806238,2.6826892,-1.160519,-5.743362,2.9562402,9.377619,102.8254,79.098816,305.87454,0.0
1e,3,Left Wrist,3829608,1779734004468,5.4941225,-4.132108,2.3904297,173.85577,-229.27031,-255.32079,-103.179886,-33.92788,326.78366,0.0
1e,1,Left Ankle,4029607,1779734004486,-7.03,9.44,-0.59,-29.5625,-155.0625,73.5625,-0.25549316,-0.47906494,-0.57470703,-0.6123047
1e,1,Left Ankle,4029625,1779734004493,-12.44,10.21,0.4,-30.5625,-137.875,44.6875,-0.2664795,-0.4979248,-0.56073,-0.6055298
1e,1,Left Ankle,4029650,1779734004517,-17.76,11.84,3.22,-10.0625,-45.6875,-7.8125,-0.27398682,-0.505188,-0.5551758,-0.6012573
1e,1,Left Ankle,4029664,1779734004518,-13.53,9.23,3.45,-13.125,15.375,-75.625,-0.28094482,-0.4991455,-0.5588989,-0.5996094
1e,3,Left Wrist,3829667,1779734004529,-0.4807558,-3.8306122,4.699504,268.00577,-225.77031,-213.32079,-103.1063,-33.970142,326.87262,0.0
1e,1,Left Ankle,4029690,1779734004551,39.23,38.28,-5.96,-58.875,-128.875,0.75,-0.29510498,-0.4854126,-0.5791626,-0.58465576
1e,2,Right Ankle,1071672,1779734004554,-8.727276,2.4505856,-1.0839486,-4.413362,10.586241,4.337619,103.005104,79.03965,306.0531,0.0
1e,1,Left Ankle,4029706,1779734004576,8.03,2.06,-2.18,-53.375,-22.5,58.25,-0.2954712,-0.4880371,-0.57354736,-0.58776855
1e,3,Left Wrist,3829728,1779734004589,-4.012562,-12.485452,13.679767,381.47577,-152.41031,-178.46077,-102.97643,-34.00114,326.9292,0.0
1e,1,Left Ankle,4029729,1779734004610,-35.51,18.47,-18.52,40.625,111.5625,-121.8125,-0.28735352,-0.48114014,-0.569458,-0.6013794
1e,1,Left Ankle,4029751,1779734004610,10.32,9.97,2.71,-24.25,10.6875,-169.8125,-0.30462646,-0.4605713,-0.5826416,-0.5963135
1e,2,Right Ankle,1071733,1779734004614,-9.3757305,2.3476942,-0.34217364,17.216637,11.14624,2.517619,102.89666,78.967575,305.94147,0.0
1e,1,Left Ankle,4029772,1779734004636,10.92,8.88,-0.05,-32.0625,-25.75,-100.125,-0.31262207,-0.45648193,-0.58392334,-0.5940552
1e,3,Left Wrist,3829788,1779734004648,-0.38982877,-20.415266,29.276186,240.14577,-69.2503,-118.96077,-102.87135,-34.027763,326.94458,0.0
1e,1,Left Ankle,4029791,1779734004668,-4.98,11.16,-6.79,-25.8125,48.625,-33.1875,-0.31610107,-0.4508667,-0.579895,-0.60040283
1e,1,Left Ankle,4029811,1779734004670,8.52,9.73,-1.29,7.125,47.0625,-93.625,-0.31652832,-0.43572998,-0.5917969,-0.59973145
1e,4,Right Wrist,30032773,1779734004670,-7.1145597,8.111568,-1.4404793,-4.68496,-308.6289,20.803728,-140.85751,-42.73108,240.34447,0.0
1e,2,Right Ankle,1071823,1779734004674,-8.772739,2.6276546,-1.6749759,28.976639,-1.6637598,-19.462381,103.12189,78.92792,306.15277,0.0
1e,1,Left Ankle,4029836,1779734004702,1.63,9.7,4.57,0.8125,-53.3125,-65.4375,-0.32965088,-0.43170166,-0.5961914,-0.59124756
1e,3,Left Wrist,3829848,1779734004708,24.569704,-31.805103,63.101128,257.22577,343.7497,106.71922,-102.65278,-34.023678,326.76868,0.0
1e,1,Left Ankle,4029851,1779734004727,-2.65,10.74,-3.06,11.6875,-59.5625,-58.625,-0.3400879,-0.4333496,-0.5961304,-0.58410645
1e,1,Left Ankle,4029871,1779734004728,-0.52,9.84,-0.11,46.4375,-28.5625,-57.75,-0.34661865,-0.4328003,-0.6029053,-0.5736084
1e,4,Right Wrist,30032791,1779734004730,-6.1789665,9.312765,-3.3116665,10.85504,-268.16888,26.753729,-140.9421,-42.645157,240.44249,0.0
1e,2,Right Ankle,1071882,1779734004738,-7.593077,3.496249,-1.2442678,56.836636,-10.833759,-40.74238,103.21134,78.870926,306.22098,0.0
1e,1,Left Ankle,4029901,1779734004761,-0.59,9.51,-0.13,49.3125,-33.6875,-52.3125,-0.35131836,-0.43322754,-0.6098633,-0.5629883
1e,3,Left Wrist,3829908,1779734004768,43.997032,-24.36821,62.871414,85.79578,728.53973,247.69922,-102.400536,-34.01049,326.42285,0.0
1e,1,Left Ankle,4029912,1779734004787,0.0,8.61,-1.93,47.0,-45.6875,-50.625,-0.35687256,-0.43475342,-0.6154785,-0.552063
1e,4,Right Wrist,30032866,1779734004795,-4.264708,4.5007987,1.1820544,175.84503,-85.25889,-43.59627,-140.92549,-42.628986,240.49536,0.0
1e,2,Right Ankle,1071943,1779734004795,-9.524085,-1.4210016,-3.0005996,34.016636,-1.6637598,-25.27238,103.51831,78.92237,306.51086,0.0
1e,1,Left Ankle,4029942,1779734004827,-0.72,9.09,-1.4,43.0,-52.75,-42.125,-0.36297607,-0.4375,-0.619812,-0.54107666
1e,1,Left Ankle,4029954,1779734004827,0.34,10.42,-3.68,37.0625,-65.0625,-41.4375,-0.3706665,-0.44104004,-0.62249756,-0.52978516
1e,3,Left Wrist,3829967,1779734004828,66.077995,-29.58935,43.046883,277.03577,798.04974,331.9092,-102.06341,-33.986214,326.04214,0.0
1e,1,Left Ankle,4029982,1779734004846,-0.77,10.1,-5.43,38.5,-62.8125,-34.0,-0.37860107,-0.44610596,-0.62371826,-0.51831055
1e,4,Right Wrist,30032926,1779734004852,-3.5851464,-10.100204,5.785845,227.92503,-118.50889,-29.87627,-140.83615,-42.593124,240.51395,0.0
1e,1,Left Ankle,4030002,1779734004876,-2.46,7.43,-4.29,37.625,-58.0,-19.25,-0.38409424,-0.45129395,-0.625,-0.5081787
1e,1,Left Ankle,4030019,1779734004878,-3.05,7.33,1.32,6.3125,-22.25,-11.4375,-0.3892212,-0.45635986,-0.62524414,-0.4993286
1e,2,Right Ankle,1072002,1779734004884,-8.019,2.620476,-1.2897314,13.716637,-7.2637596,-11.83238,103.67094,78.86821,306.65564,0.0
1e,3,Left Wrist,3830028,1779734004888,60.50033,-4.491031,-14.18226,-105.51423,412.9797,115.81923,-102.022285,-34.04444,325.87463,0.0
1e,4,Right Wrist,30032986,1779734004909,-5.0495543,-12.732309,0.11246266,25.765041,-88.47889,-9.366272,-140.80388,-42.54187,240.51445,0.0
1e,1,Left Ankle,4030043,1779734004937,-1.57,11.22,-5.08,-7.25,0.875,-10.3125,-0.38989258,-0.4555664,-0.6253662,-0.49938965
1e,1,Left Ankle,4030060,1779734004939,-0.48,9.23,-4.78,-4.5,14.5625,-10.0625,-0.3895874,-0.4515381,-0.62713623,-0.5010376
1e,3,Left Wrist,3830087,1779734004949,17.302702,-0.5380885,-7.7814593,-63.304226,-75.3403,32.02922,-102.10463,-34.092422,325.92776,0.0
1e,1,Left Ankle,4030081,1779734004969,-1.1,8.56,-1.63,-19.125,12.0,-7.0,-0.39068604,-0.44836426,-0.62646484,-0.50390625
1e,1,Left Ankle,4030099,1779734004969,-1.71,8.96,-2.34,-30.125,13.0,-1.5,-0.3918457,-0.44506836,-0.6248779,-0.5078125
1e,2,Right Ankle,1072166,1779734004975,-8.985701,-0.37294513,-2.4885356,-7.703362,3.9362402,-16.312382,103.93563,78.98116,306.9076,0.0
1e,1,Left Ankle,4030125,1779734004997,-1.12,9.28,-2.01,-27.3125,15.875,3.5,-0.39300537,-0.4432373,-0.6225586,-0.5114136
1e,1,Left Ankle,4030140,1779734004998,-0.77,10.04,-1.2,-24.1875,16.5,5.5,-0.3927002,-0.44067383,-0.62109375,-0.515625
1e,4,Right Wrist,30033046,1779734004999,-11.4718895,-10.727123,-5.3742795,-106.18496,-46.12889,77.78372,-140.81178,-42.466587,240.4867,0.0
1e,3,Left Wrist,3830148,1779734005009,-4.270987,-4.770992,10.908878,90.55577,-110.8303,31.889221,-102.06038,-34.060745,325.9501,0.0
1e,1,Left Ankle,4030165,1779734005027,-0.53,9.59,-1.21,-18.5625,16.4375,5.0625,-0.39196777,-0.43847656,-0.6199951,-0.5192871
1e,2,Right Ankle,1072186,1779734005033,-8.901952,0.35447294,-2.5555346,-10.923363,-0.6837598,-12.25238,104.2442,79.00386,307.2144,0.0
1e,1,Left Ankle,4030183,1779734005057,-0.62,9.63,-1.33,-15.0625,8.375,7.3125,-0.3914795,-0.4371338,-0.6188965,-0.5220947
1e,3,Left Wrist,3830208,1779734005069,-1.3541361,-1.7895347,8.015956,-39.714222,-14.720301,48.899223,-102.03819,-34.03862,325.93112,0.0
1e,1,Left Ankle,4030207,1779734005087,-1.27,9.08,-1.48,-12.75,4.5,10.6875,-0.39105225,-0.4368286,-0.6173096,-0.52459717
1e,1,Left Ankle,4030227,1779734005089,-0.48,9.94,-1.42,-9.4375,2.25,15.5625,-0.3904419,-0.43762207,-0.61535645,-0.52667236
1e,4,Right Wrist,30033136,1779734005096,-4.74088,1.2130606,-3.0604203,112.28504,35.77111,26.753729,-140.78918,-42.434566,240.48676,0.0
1e,2,Right Ankle,1072243,1779734005096,-8.803846,-0.1432342,-1.9381864,1.4666381,-5.7237597,-12.67238,104.52964,79.047134,307.49393,0.0
1e,1,Left Ankle,4030248,1779734005119,-0.35,10.52,-1.63,-5.5625,0.9375,20.75,-0.38897705,-0.43914795,-0.6133423,-0.5288086
1e,1,Left Ankle,4030263,1779734005119,-0.85,9.32,-1.07,-2.1875,-3.3125,23.375,-0.38671875,-0.44067383,-0.6118164,-0.5309448
1e,3,Left Wrist,3830268,1779734005128,1.5603222,-2.098209,4.7784667,-23.474224,-2.0503006,6.82922,-102.00307,-34.041084,325.90704,0.0
1e,1,Left Ankle,4030289,1779734005145,-0.72,9.13,-1.55,-0.5,-3.1875,25.9375,-0.38360596,-0.44519043,-0.6084595,-0.5333252
1e,4,Right Wrist,30033226,1779734005152,-2.3121648,-2.948058,-2.2325034,-47.52496,35.141113,18.983728,-140.77776,-42.3831,240.45834,0.0
1e,2,Right Ankle,1072302,1779734005152,-9.366159,0.5530773,-1.160519,-0.703362,-4.9537597,-11.692381,104.78709,79.099976,307.74683,0.0
1e,1,Left Ankle,4030305,1779734005178,-1.04,9.69,-1.52,-1.0625,1.0625,35.0625,-0.38201904,-0.4468994,-0.6071167,-0.5345459
1e,3,Left Wrist,3830328,1779734005187,1.5986072,-1.4665036,7.549355,-83.744225,-24.590302,17.399221,-101.99765,-34.039303,325.89355,0.0
1e,1,Left Ankle,4030329,1779734005205,-0.26,9.91,-1.63,-3.3125,-0.125,40.8125,-0.37652588,-0.45220947,-0.60272217,-0.5389404
1e,1,Left Ankle,4030351,1779734005210,-0.09,9.23,-1.88,-4.9375,-4.0625,42.5625,-0.37347412,-0.45684814,-0.59851074,-0.5418701
1e,2,Right Ankle,1072363,1779734005213,-8.9258795,-0.5260858,-1.6342978,2.166638,-5.6537595,-3.6423812,105.04321,79.15297,307.99734,0.0
1e,1,Left Ankle,4030366,1779734005236,-0.22,9.44,-1.51,-5.875,-6.5,47.4375,-0.3718872,-0.45941162,-0.5961304,-0.543396
1e,4,Right Wrist,30033286,1779734005238,-2.0728827,-1.4621149,-3.9696927,3.78504,32.48111,16.393728,-140.79504,-42.322002,240.46231,0.0
1e,3,Left Wrist,3830388,1779734005248,0.7300123,-0.54765975,9.415757,19.155777,-12.340301,17.189222,-101.95638,-34.03709,325.87665,0.0
1e,1,Left Ankle,4030390,1779734005269,0.02,9.69,-1.38,-3.125,0.8125,51.0,-0.3657837,-0.46679688,-0.58947754,-0.5484619
1e,1,Left Ankle,4030410,1779734005269,0.54,9.31,-1.16,0.5625,4.125,51.5625,-0.3607788,-0.47155762,-0.5855713,-0.5519409
1e,1,Left Ankle,4030435,1779734005295,0.76,9.45,-1.25,3.4375,2.1875,51.875,-0.3554077,-0.4765625,-0.58184814,-0.5549927
1e,4,Right Wrist,30033346,1779734005299,-2.3193433,-0.057527475,-5.8719864,43.265038,53.76111,12.263728,-140.82437,-42.277443,240.48099,0.0
1e,2,Right Ankle,1072422,1779734005303,-8.930665,-0.57394224,-2.1296122,-4.133362,-8.31376,14.6976185,105.31242,79.19041,308.2624,0.0
1e,3,Left Wrist,3830448,1779734005308,-1.9978058,-6.5249305,9.571291,-11.294224,52.4097,-4.6507797,-101.90729,-34.029343,325.8324,0.0
1e,1,Left Ankle,4030454,1779734005328,0.59,9.28,-1.38,6.6875,2.8125,50.75,-0.34991455,-0.48168945,-0.57836914,-0.5576782
1e,1,Left Ankle,4030482,1779734005355,0.98,9.18,-1.39,9.6875,7.3125,47.75,-0.34088135,-0.48864746,-0.5743408,-0.56140137
1e,1,Left Ankle,4030502,1779734005356,1.37,9.6,-1.83,10.3125,11.5,47.0,-0.3345337,-0.49261475,-0.5722046,-0.5639038
1e,4,Right Wrist,30033436,1779734005358,-2.1997023,-4.481857,-6.3026953,161.91504,39.48111,-66.13628,-140.78343,-42.23065,240.4983,0.0
1e,2,Right Ankle,1072483,1779734005363,-8.258282,-0.5069432,-1.9597218,-27.373363,-11.39376,36.60762,105.55918,79.22035,308.51285,0.0
1e,3,Left Wrist,3830507,1779734005368,-4.1728806,-6.0104737,3.787838,-163.68423,113.4497,61.429222,-101.90318,-33.98254,325.76233,0.0
1e,1,Left Ankle,4030516,1779734005387,1.74,9.32,-1.84,11.1875,7.125,42.625,-0.33184814,-0.494812,-0.5710449,-0.5647583
1e,1,Left Ankle,4030540,1779734005415,1.89,9.16,-1.63,9.0625,-9.625,38.125,-0.3256836,-0.5018921,-0.56707764,-0.5661011
1e,1,Left Ankle,4030563,1779734005416,1.73,9.58,-1.92,14.9375,-13.0,35.5625,-0.3222046,-0.5072632,-0.56451416,-0.56585693
1e,2,Right Ankle,1072573,1779734005423,-8.956986,0.40232936,-1.8759729,-40.603363,-21.61376,59.07762,105.78467,79.22943,308.74585,0.0
1e,3,Left Wrist,3830568,1779734005427,-2.127018,-2.7610207,-1.4955142,-140.86423,111.3497,107.41922,-101.94234,-33.887352,325.71872,0.0
1e,1,Left Ankle,4030585,1779734005445,2.1,9.65,-1.24,15.4375,-17.1875,36.9375,-0.3189087,-0.5130615,-0.56207275,-0.5649414
1e,4,Right Wrist,30033496,1779734005453,-3.197509,-7.771988,-6.628119,66.71504,12.951112,-85.24628,-140.7607,-42.187416,240.51364,0.0
1e,1,Left Ankle,4030600,1779734005478,1.53,9.62,-1.29,17.5,-15.1875,38.75,-0.31530762,-0.519104,-0.5593872,-0.5640869
1e,1,Left Ankle,4030622,1779734005478,1.62,9.83,-0.98,12.625,-31.6875,37.875,-0.31225586,-0.5253906,-0.5564575,-0.5628662
1e,3,Left Wrist,3830627,1779734005488,0.09352175,-1.12433,-3.4672,-86.12423,72.6397,91.45922,-102.03641,-33.84044,325.7283,0.0
1e,4,Right Wrist,30033586,1779734005512,-5.24098,-4.0056853,-4.8263235,-51.304962,-27.50889,-101.416275,-140.80847,-42.14483,240.55852,0.0
1e,1,Left Ankle,4030645,1779734005537,1.2,9.89,-0.87,8.625,-49.625,35.625,-0.3123169,-0.53375244,-0.5516968,-0.55963135
1e,1,Left Ankle,4030680,1779734005537,-1.44,11.4,-3.74,-2.0,-19.0,36.1875,-0.31188965,-0.5466919,-0.54229736,-0.5565796
1e,1,Left Ankle,4030662,1779734005537,0.47,10.96,-1.38,4.6875,-39.125,31.875,-0.31274414,-0.5411377,-0.54693604,-0.5569458
1e,1,Left Ankle,4030703,1779734005567,0.73,11.97,-2.35,-8.3125,6.125,28.4375,-0.3093872,-0.54919434,-0.5390625,-0.5586548
1e,4,Right Wrist,30033646,1779734005569,-5.9444695,-2.5484564,-3.1657043,-78.46496,-31.07889,-67.67628,-140.85886,-42.1048,240.59259,0.0
1e,2,Right Ankle,1072632,1779734005573,-10.105542,2.0820909,-0.7800602,-28.493362,-24.69376,54.31762,105.87956,79.16195,308.84634,0.0
1e,3,Left Wrist,3830688,1779734005578,-2.323229,-2.8280199,-3.3930225,-43.494225,43.2397,12.289223,-102.092735,-33.778618,325.7382,0.0
1e,1,Left Ankle,4030720,1779734005597,0.37,12.53,-2.73,-10.8125,34.5,11.8125,-0.30615234,-0.5475464,-0.53796387,-0.56311035
1e,1,Left Ankle,4030740,1779734005604,1.25,8.07,-3.37,-13.25,61.4375,-0.0625,-0.3024292,-0.54174805,-0.5394287,-0.5692749
1e,1,Left Ankle,4030765,1779734005627,1.29,8.56,-3.59,-2.5625,109.5,11.125,-0.293396,-0.532959,-0.5428467,-0.5789795
1e,4,Right Wrist,30033706,1779734005630,-6.0497537,-2.9049869,-2.1798615,-107.93496,-22.888887,-29.73627,-140.90118,-42.06356,240.6054,0.0
1e,2,Right Ankle,1072796,1779734005634,-8.590884,2.7185814,-0.5312066,-18.553362,-1.7337598,-7.2823806,105.70611,79.010864,308.69116,0.0
1e,3,Left Wrist,3830748,1779734005640,-2.8616147,-4.2493563,-5.5034924,-86.964226,38.549698,4.2392235,-102.17254,-33.7223,325.75446,0.0
1e,1,Left Ankle,4030790,1779734005662,1.94,9.63,-0.58,8.6875,149.9375,20.1875,-0.27807617,-0.52093506,-0.5488281,-0.59173584
1e,1,Left Ankle,4030804,1779734005662,1.95,9.43,-3.1,0.4375,169.75,7.9375,-0.26098633,-0.50549316,-0.55529785,-0.6066284
1e,1,Left Ankle,4030829,1779734005687,1.83,10.38,-3.26,6.0625,114.25,-17.875,-0.24743652,-0.48565674,-0.56555176,-0.6189575
1e,4,Right Wrist,30033766,1779734005690,-6.035397,-2.672883,-1.4668003,-128.51495,-8.258888,20.873728,-140.93352,-42.0193,240.59412,0.0
1e,3,Left Wrist,3830837,1779734005699,-0.13858196,-3.3089774,-5.761917,-52.524223,23.919699,68.70922,-102.25948,-33.66683,325.78152,0.0
1e,1,Left Ankle,4030851,1779734005720,1.2,8.58,-1.3,-3.4375,23.3125,-53.0625,-0.24920654,-0.48181152,-0.56799316,-0.6189575
1e,2,Right Ankle,1072842,1779734005724,-9.141234,2.4577641,-0.43070808,-14.633362,-1.6637598,-22.612381,105.57605,78.947914,308.56885,0.0
1e,1,Left Ankle,4030869,1779734005746,-0.5,8.5,0.17,-32.8125,-79.0625,-88.5,-0.27130127,-0.47729492,-0.5704346,-0.6109009
1e,4,Right Wrist,30033826,1779734005749,-6.5809608,-2.8834512,-0.8494521,-82.384964,-6.298889,31.163729,-140.9442,-41.977184,240.57677,0.0
1e,1,Left Ankle,4030892,1779734005780,-0.56,8.2,-0.66,-40.375,-93.375,-98.1875,-0.2824707,-0.4763794,-0.5701294,-0.6068115
1e,1,Left Ankle,4030904,1779734005780,-0.62,8.12,-0.95,-37.4375,-80.0,-109.625,-0.30493164,-0.47296143,-0.57037354,-0.59832764
1e,1,Left Ankle,4030929,1779734005806,0.89,7.13,-0.53,-24.125,-32.0,-111.8125,-0.32940674,-0.45996094,-0.57714844,-0.5889282
1e,1,Left Ankle,4030949,1779734005815,3.76,5.36,-0.56,-12.75,8.4375,-103.625,-0.33868408,-0.44818115,-0.5843506,-0.5856323
1e,4,Right Wrist,30033886,1779734005815,-7.1791663,-3.6395836,-0.4019942,-52.56496,1.0511112,37.74373,-140.93768,-41.937546,240.55235,0.0
1e,3,Left Wrist,3830898,1779734005819,2.6490562,-1.8565338,-5.541777,-21.514223,8.449699,69.689224,-102.3459,-33.651302,325.81854,0.0
1e,1,Left Ankle,4030964,1779734005840,7.03,2.39,-0.09,-11.125,27.8125,-78.5,-0.3421631,-0.44317627,-0.58709717,-0.58465576
1e,1,Left Ankle,4030989,1779734005866,7.54,1.35,0.65,-22.375,20.125,-18.3125,-0.34606934,-0.4319458,-0.5911255,-0.58673096
1e,1,Left Ankle,4031007,1779734005869,24.97,6.32,-14.84,-25.0,34.3125,-9.625,-0.34570312,-0.4290161,-0.59124756,-0.5889282
1e,4,Right Wrist,30033946,1779734005870,-6.5331044,-2.8810587,-0.38524443,-21.97496,11.901112,23.673729,-140.92389,-41.904305,240.53128,0.0
1e,2,Right Ankle,1072903,1779734005874,-8.818203,1.8475943,0.050249275,-18.833363,8.41624,-32.83238,105.31725,78.953735,308.32242,0.0
1e,1,Left Ankle,4031029,1779734005897,2.31,40.18,8.8,22.25,-36.25,89.5625,-0.33673096,-0.43621826,-0.59124756,-0.5888672
1e,1,Left Ankle,4031050,1779734005928,4.17,2.81,-1.81,-51.625,4.0,-139.125,-0.36071777,-0.42340088,-0.5892334,-0.58599854
1e,1,Left Ankle,4031064,1779734005929,-10.72,-4.07,6.36,-13.6875,29.0,-5.3125,-0.35998535,-0.4212036,-0.5897217,-0.58758545
1e,2,Right Ankle,1073096,1779734005934,-9.294374,2.0773053,-0.14117654,2.4466376,23.67624,6.297619,105.366905,78.96411,308.37778,0.0
1e,1,Left Ankle,4031090,1779734005957,0.18,8.93,-0.09,-19.6875,15.5625,-40.0625,-0.3604126,-0.41400146,-0.588501,-0.5935669
1e,4,Right Wrist,30034006,1779734005960,-6.6168528,-4.058327,-0.25842485,-21.97496,21.981112,0.43372798,-140.90833,-41.87846,240.51205,0.0
1e,1,Left Ankle,4031107,1779734005987,3.42,12.69,-1.05,-31.375,-8.5625,-10.1875,-0.3637085,-0.4102173,-0.5883789,-0.5942993
1e,1,Left Ankle,4031129,1779734005988,-4.04,11.99,-1.76,-24.6875,-17.1875,-5.375,-0.3711548,-0.40985107,-0.58239746,-0.59588623
1e,2,Right Ankle,1073143,1779734005992,-9.536049,1.7327387,-1.2729815,26.526638,13.73624,-13.16238,105.686806,78.957,308.68378,0.0
1e,3,Left Wrist,3830988,1779734005998,3.6468635,0.4453617,-4.9124646,-43.424225,-5.9003005,48.68922,-102.43951,-33.670673,325.8607,0.0
1e,1,Left Ankle,4031152,1779734006015,1.43,9.11,0.97,-3.0,15.6875,-13.375,-0.37219238,-0.4071045,-0.583313,-0.59625244
1e,4,Right Wrist,30034066,1779734006021,-7.727123,-4.017649,-0.17467606,-52.35496,29.611113,13.663728,-140.90102,-41.85283,240.48737,0.0
1e,1,Left Ankle,4031168,1779734006045,1.31,10.62,-0.16,-1.3125,14.25,-2.4375,-0.37176514,-0.40625,-0.58374023,-0.5966797
1e,2,Right Ankle,1073203,1779734006052,-10.287396,2.1921606,-1.1557333,34.29664,9.536241,-36.54238,105.96443,78.933365,308.94574,0.0
1e,1,Left Ankle,4031193,1779734006075,0.45,10.78,-0.15,-2.375,-29.0,-1.0625,-0.37371826,-0.4086914,-0.5820923,-0.59539795
1e,1,Left Ankle,4031212,1779734006076,-1.4,9.91,-0.21,-3.5,-27.5625,10.375,-0.37670898,-0.41259766,-0.5790405,-0.59375
1e,1,Left Ankle,4031237,1779734006105,-0.15,9.87,-0.5,1.9375,-5.1875,10.875,-0.37652588,-0.414917,-0.5776367,-0.59368896
1e,2,Right Ankle,1073263,1779734006113,-9.179519,-0.052306928,-2.4837499,15.606638,-9.78376,-45.64238,106.2815,78.977165,309.25183,0.0
1e,1,Left Ankle,4031256,1779734006138,0.57,9.76,-0.54,1.75,0.9375,13.8125,-0.37493896,-0.41619873,-0.5770874,-0.5942993
1e,1,Left Ankle,4031278,1779734006138,0.2,9.48,-0.48,-2.125,-9.3125,17.125,-0.37384033,-0.41827393,-0.5755005,-0.5950928
1e,4,Right Wrist,30034156,1779734006138,-10.239586,1.4547359,-4.4171505,-40.59496,36.12111,-73.13628,-140.94485,-41.84502,240.51599,0.0
1e,3,Left Wrist,3831181,1779734006148,-2.0001976,-4.1273227,-3.0029924,-19.204224,-26.2703,2.209221,-102.58237,-33.59579,325.94482,0.0
1e,1,Left Ankle,4031293,1779734006165,-0.18,9.48,-0.26,-2.4375,-10.6875,19.5625,-0.37322998,-0.4210205,-0.57318115,-0.5957031
1e,2,Right Ankle,1073323,1779734006172,-8.904345,1.5843837,-3.6658041,-23.243362,-19.37376,-41.37238,106.55659,78.9781,309.52936,0.0
1e,1,Left Ankle,4031315,1779734006197,-0.07,9.92,-0.11,-0.5625,-4.0625,23.4375,-0.3718872,-0.42401123,-0.57092285,-0.59661865
1e,1,Left Ankle,4031338,1779734006197,0.3,9.8,-0.29,2.0,0.3125,25.4375,-0.36779785,-0.42785645,-0.56848145,-0.5987549
1e,4,Right Wrist,30034320,1779734006198,-0.41704935,-2.4527433,-3.6323047,-122.634964,-10.218889,-64.736275,-141.08685,-41.77115,240.60349,0.0
1e,3,Left Wrist,3831361,1779734006207,-1.9140567,-6.5488596,1.713261,-5.9742236,2.639699,-27.050777,-102.594124,-33.492397,325.95584,0.0
1e,1,Left Ankle,4031354,1779734006229,0.64,9.83,-0.35,4.375,2.375,26.625,-0.3661499,-0.42913818,-0.56781006,-0.5994873
1e,2,Right Ankle,1073382,1779734006232,-9.701155,1.687275,-1.5290138,37.096638,0.9962402,-8.472382,106.860016,78.97181,309.81473,0.0
1e,1,Left Ankle,4031377,1779734006255,1.0,9.55,-0.2,5.1875,0.6875,26.5625,-0.36297607,-0.4319458,-0.56640625,-0.600708
1e,1,Left Ankle,4031395,1779734006256,0.8,9.6,-0.49,7.25,1.375,24.5625,-0.35986328,-0.43469238,-0.5653076,-0.60162354
1e,4,Right Wrist,30034339,1779734006259,-0.7281163,-3.5342994,-3.6107695,-125.92496,-22.958887,-29.596272,-141.13052,-41.699566,240.61304,0.0
1e,3,Left Wrist,3831408,1779734006268,-0.732002,-6.8192477,0.55513483,-21.584223,10.4797,-14.870777,-102.56903,-33.444458,325.9358,0.0
1e,1,Left Ankle,4031413,1779734006288,0.88,9.45,-0.37,10.0,4.4375,20.6875,-0.3567505,-0.43707275,-0.56481934,-0.6022339
1e,1,Left Ankle,4031434,1779734006288,1.13,9.39,-0.5,11.0625,5.25,17.0625,-0.3536377,-0.4389038,-0.56500244,-0.60253906
1e,2,Right Ankle,1073443,1779734006292,-8.210426,-0.07144951,-0.4737789,74.75664,22.90624,21.417618,107.03367,79.03409,309.96063,0.0
1e,1,Left Ankle,4031456,1779734006315,1.02,9.43,-0.55,11.0625,2.875,14.125,-0.35101318,-0.4406128,-0.56555176,-0.6022949
1e,4,Right Wrist,30034396,1779734006318,-3.082654,-0.9476579,-1.6271194,-116.47496,-25.688887,24.51373,-141.17513,-41.64202,240.61485,0.0
1e,3,Left Wrist,3831467,1779734006327,1.5172511,-6.7785697,1.1365907,-34.954224,10.199699,-44.620777,-102.53192,-33.424744,325.90854,0.0
1e,1,Left Ankle,4031482,1779734006347,0.91,9.71,-0.72,11.875,1.875,11.5,-0.34796143,-0.44293213,-0.5670166,-0.6010132
1e,2,Right Ankle,1073502,1779734006353,-6.6790195,-2.5384498,1.0313065,-38.783363,-4.25376,56.55762,106.962364,79.07867,309.9025,0.0
1e,1,Left Ankle,4031501,1779734006379,1.61,9.5,-0.3,16.625,3.625,3.625,-0.34594727,-0.4439087,-0.5685425,-0.6000366
1e,1,Left Ankle,4031520,1779734006379,1.37,9.57,-0.04,18.875,3.1875,1.0625,-0.34387207,-0.44439697,-0.5709839,-0.59851074
1e,4,Right Wrist,30034456,1779734006379,-4.716952,-1.8353952,-1.253839,-22.11496,12.041112,16.183727,-141.16998,-41.603954,240.60106,0.0
1e,3,Left Wrist,3831528,1779734006387,2.1178496,-6.936496,-0.22731815,-24.524223,15.3797,-58.13078,-102.49831,-33.391846,325.88464,0.0
1e,1,Left Ankle,4031544,1779734006405,1.53,9.56,-0.25,22.25,2.1875,-4.8125,-0.34259033,-0.44506836,-0.5737915,-0.5961304
1e,2,Right Ankle,1073563,1779734006413,-5.743426,-1.2200044,2.8091736,-84.70336,-33.583763,48.78762,106.6889,79.10501,309.65997,0.0
1e,1,Left Ankle,4031561,1779734006437,0.64,9.74,-0.44,25.0625,-1.3125,-5.625,-0.34136963,-0.44604492,-0.5765991,-0.59332275
1e,3,Left Wrist,3831587,1779734006449,2.4983087,-8.71915,-1.5242281,-4.8542233,17.6897,-60.580776,-102.486435,-33.340477,325.87595,0.0
1e,1,Left Ankle,4031584,1779734006467,0.7,9.91,-0.59,25.5,-1.375,-4.8125,-0.3399048,-0.44726562,-0.5793457,-0.5905762
1e,1,Left Ankle,4031600,1779734006474,0.29,9.7,-1.29,23.4375,2.3125,1.8125,-0.33789062,-0.4486084,-0.5817871,-0.5883789
1e,2,Right Ankle,1073623,1779734006474,-17.26008,4.159061,-4.5224347,52.49664,9.25624,62.08762,106.94872,79.05322,309.8965,0.0
1e,1,Left Ankle,4031617,1779734006498,0.56,10.0,-2.11,22.5625,4.9375,4.0,-0.33654785,-0.4491577,-0.58288574,-0.5875244
1e,1,Left Ankle,4031639,1779734006499,1.61,9.9,-1.68,25.625,14.125,2.4375,-0.33135986,-0.45007324,-0.586853,-0.5858154
1e,3,Left Wrist,3831648,1779734006508,1.6440707,-9.798312,-2.8450663,58.705776,2.3596992,-42.17078,-102.48149,-33.280323,325.8865,0.0
1e,1,Left Ankle,4031663,1779734006530,0.88,10.53,-1.03,26.5,9.375,9.5,-0.32757568,-0.4512329,-0.5895386,-0.5844116
1e,2,Right Ankle,1073683,1779734006534,-8.751204,9.705624,-2.1343977,-30.173363,-31.27376,54.73762,106.81813,78.963844,309.77567,0.0
1e,1,Left Ankle,4031689,1779734006557,0.79,10.64,-1.45,25.5,2.625,13.625,-0.3239746,-0.4534912,-0.5913086,-0.5828247
1e,1,Left Ankle,4031699,1779734006559,1.19,10.76,-2.44,29.1875,8.625,17.5,-0.31939697,-0.45611572,-0.59313965,-0.58154297
1e,3,Left Wrist,3831708,1779734006569,-0.693717,-12.040386,-5.4771714,129.89577,-46.2203,-31.390781,-102.47845,-33.216354,325.92484,0.0
1e,1,Left Ankle,4031721,1779734006589,2.97,11.85,-2.87,29.5,2.5,23.25,-0.3145752,-0.45941162,-0.59454346,-0.5800171
1e,4,Right Wrist,30034516,1779734006590,-4.5063834,-3.9889352,-1.2346964,37.45504,39.831112,21.153728,-141.12221,-41.570415,240.5672,0.0
1e,2,Right Ankle,1073743,1779734006594,-8.621991,-0.86825943,-1.0313065,-23.523363,-27.00376,19.667618,106.94939,79.025505,309.91043,0.0
1e,1,Left Ankle,4031739,1779734006616,3.07,12.77,-2.5,22.75,-11.9375,21.9375,-0.3112793,-0.46380615,-0.59484863,-0.5780029
1e,3,Left Wrist,3831768,1779734006628,-7.793221,-11.549858,-8.4705925,151.73578,-28.650301,47.84922,-102.46334,-33.130672,325.95078,0.0
1e,1,Left Ankle,4031762,1779734006648,3.48,11.63,-2.83,19.625,-20.6875,17.6875,-0.3106079,-0.46881104,-0.59399414,-0.57525635
1e,1,Left Ankle,4031783,1779734006648,2.45,10.14,-2.42,9.375,-28.125,17.1875,-0.3109131,-0.47381592,-0.5922241,-0.57281494
1e,1,Left Ankle,4031803,1779734006677,1.62,9.06,-1.57,1.3125,-29.5,15.125,-0.3118286,-0.47827148,-0.58984375,-0.57110596
1e,1,Left Ankle,4031818,1779734006680,0.17,7.38,-1.06,-5.0,-43.0625,10.625,-0.31555176,-0.48303223,-0.58599854,-0.5689697
1e,3,Left Wrist,3831828,1779734006689,-2.194017,-14.782561,-6.005985,13.765777,39.5297,120.439224,-102.46615,-33.019672,325.93604,0.0
1e,1,Left Ankle,4031842,1779734006708,-1.18,7.15,-1.09,-10.1875,-31.9375,12.0625,-0.31848145,-0.48687744,-0.58221436,-0.5679321
1e,4,Right Wrist,30034783,1779734006709,-10.019446,-5.996514,1.3280165,41.86504,12.391111,-37.926273,-141.00429,-41.47953,240.51225,0.0
1e,2,Right Ankle,1073803,1779734006719,-9.03595,2.7736166,1.0839486,5.456638,-14.19376,4.407619,106.647934,79.00891,309.61163,0.0
1e,1,Left Ankle,4031863,1779734006739,-3.1,6.85,-0.27,-7.875,-29.625,13.125,-0.32128906,-0.4909668,-0.57836914,-0.56677246
1e,1,Left Ankle,4031879,1779734006740,-2.74,7.07,0.11,-10.375,-21.6875,15.3125,-0.32299805,-0.49432373,-0.5748291,-0.5664673
1e,3,Left Wrist,3831888,1779734006747,3.6277206,-7.46531,-3.0460632,-138.27423,13.6297,154.03922,-102.55838,-32.924927,325.94632,0.0
1e,1,Left Ankle,4031902,1779734006765,0.16,5.39,0.46,-18.625,-8.625,16.0,-0.3241577,-0.4960327,-0.57128906,-0.5679321
1e,1,Left Ankle,4031918,1779734006795,-0.06,5.56,-0.55,-17.75,4.875,18.125,-0.3225708,-0.49560547,-0.56921387,-0.57128906
1e,1,Left Ankle,4031944,1779734006796,0.98,6.69,-1.98,-0.4375,51.5,15.9375,-0.3170166,-0.4925537,-0.57006836,-0.57611084
1e,3,Left Wrist,3831948,1779734006808,5.283554,-3.5985086,-1.591227,-86.82423,-3.1003008,113.22922,-102.612015,-32.95789,325.95267,0.0
1e,1,Left Ankle,4031963,1779734006825,1.64,7.12,-1.99,4.375,54.0,14.6875,-0.3135376,-0.4907837,-0.57110596,-0.57855225
1e,4,Right Wrist,30034802,1779734006833,-9.105388,-6.2740817,1.0289137,16.875038,16.171112,-36.316273,-140.98131,-41.464516,240.50565,0.0
1e,2,Right Ankle,1073893,1779734006833,-8.724882,2.3668368,-0.36370903,-1.0533619,-7.40376,-16.172382,106.47193,78.94882,309.4391,0.0
1e,1,Left Ankle,4031982,1779734006856,1.77,6.95,-0.91,-2.75,26.8125,11.0625,-0.30615234,-0.48724365,-0.57250977,-0.5840454
1e,1,Left Ankle,4032000,1779734006856,1.86,7.6,-0.06,-13.6875,1.625,4.5625,-0.30560303,-0.48651123,-0.5713501,-0.5861206
1e,3,Left Wrist,3832007,1779734006868,4.7475615,-2.205886,-2.2205393,-34.884224,2.7096996,57.719223,-102.67026,-33.001232,325.9733,0.0
1e,1,Left Ankle,4032030,1779734006889,-1.02,7.68,0.49,-27.3125,-32.375,-0.5,-0.30944824,-0.48742676,-0.56781006,-0.58673096
1e,4,Right Wrist,30035009,1779734006890,-4.6140604,-6.422436,0.24885355,-30.58496,-14.698889,32.983727,-140.9326,-41.40486,240.45317,0.0
1e,2,Right Ankle,1074086,1779734006893,-9.18909,0.47172123,0.11964113,2.7266383,21.22624,13.297619,106.25682,79.05792,309.22885,0.0
1e,1,Left Ankle,4032040,1779734006916,11.36,9.07,-18.01,-52.375,-23.375,-21.875,-0.31756592,-0.4876709,-0.5626221,-0.5871582
1e,3,Left Wrist,3832068,1779734006929,4.072786,-3.081659,-3.8620157,-1.0742236,14.0497,20.269222,-102.74026,-33.02171,326.00592,0.0
1e,1,Left Ankle,4032065,1779734006949,20.53,22.68,-9.48,95.8125,75.75,-59.875,-0.3131714,-0.47711182,-0.57598877,-0.5852661
1e,1,Left Ankle,4032086,1779734006949,-2.28,9.97,0.65,-44.5625,0.0,15.625,-0.31347656,-0.48138428,-0.56915283,-0.5883179
1e,2,Right Ankle,1074106,1779734006953,-9.404444,1.0316417,0.05742774,1.4666381,26.40624,16.867619,106.16728,79.1076,309.1418,0.0
1e,1,Left Ankle,4032103,1779734006975,0.91,-3.21,3.34,-35.0625,-69.3125,-145.1875,-0.33319092,-0.47070312,-0.5756836,-0.5796509
1e,3,Left Wrist,3832127,1779734006988,2.0245297,-3.7755775,-5.091926,-28.164223,5.1596994,-7.24078,-102.82635,-33.01016,326.04648,0.0
1e,1,Left Ankle,4032141,1779734007007,-0.65,13.3,0.13,-49.5625,-53.625,-22.375,-0.35461426,-0.460083,-0.57159424,-0.57958984
1e,1,Left Ankle,4032125,1779734007007,-4.87,8.55,-4.86,-30.3125,17.9375,-46.75,-0.34429932,-0.46166992,-0.57580566,-0.58032227
1e,3,Left Wrist,3832188,1779734007047,0.29691142,-10.418053,-6.116055,17.055777,-5.9703007,-19.910778,-102.86823,-32.95339,326.0755,0.0
1e,1,Left Ankle,4032162,1779734007065,-2.37,11.88,-1.12,-35.375,31.4375,-18.875,-0.35961914,-0.45581055,-0.5687866,-0.58258057
1e,1,Left Ankle,4032190,1779734007066,-0.64,8.44,0.32,-10.75,82.1875,-21.625,-0.35369873,-0.44049072,-0.5757446,-0.59106445
1e,2,Right Ankle,1074163,1779734007074,-8.732061,2.175411,-3.5413773,-4.413362,24.79624,0.557619,106.4873,79.07906,309.45914,0.0
1e,1,Left Ankle,4032207,1779734007098,4.53,10.61,0.6,-7.0,41.75,-16.5,-0.3527832,-0.43737793,-0.5772705,-0.59246826
1e,1,Left Ankle,4032234,1779734007098,1.64,10.14,-0.19,-18.625,-39.25,-10.375,-0.36083984,-0.4393921,-0.57281494,-0.5904541
1e,3,Left Wrist,3832248,1779734007107,-3.0291116,-13.473687,-5.9916277,-7.304223,-0.16030073,53.09922,-102.891655,-32.86293,326.0834,0.0
1e,1,Left Ankle,4032252,1779734007126,-1.2,10.23,0.28,-7.6875,-40.375,0.25,-0.36645508,-0.4432373,-0.56884766,-0.58795166
1e,1,Left Ankle,4032272,1779734007127,-0.74,10.19,-0.28,0.9375,1.5,6.6875,-0.36706543,-0.4449463,-0.567688,-0.5873413
1e,2,Right Ankle,1074327,1779734007133,-9.495371,-0.19109064,0.8350951,-30.803362,13.52624,-2.592381,106.737175,79.14187,309.71185,0.0
1e,1,Left Ankle,4032289,1779734007157,0.93,10.49,-1.17,1.6875,3.9375,11.0625,-0.36572266,-0.44604492,-0.56689453,-0.58813477
1e,4,Right Wrist,30035028,1779734007158,-5.162017,-6.6353974,0.3062813,-31.84496,-22.888887,38.163727,-140.90616,-41.360317,240.42435,0.0
1e,3,Left Wrist,3832308,1779734007167,-0.4975053,-9.269498,-4.130012,-27.324223,-2.3303006,110.35922,-102.92482,-32.753536,326.08966,0.0
1e,1,Left Ankle,4032312,1779734007191,1.02,8.92,-0.51,-5.75,-19.3125,12.5,-0.36645508,-0.44866943,-0.5644531,-0.5880127
1e,1,Left Ankle,4032333,1779734007191,0.03,9.36,-0.5,-6.125,-18.1875,20.4375,-0.36706543,-0.4520874,-0.5611572,-0.5881958
1e,2,Right Ankle,1074346,1779734007193,-7.79886,1.2637454,-0.86380893,-1.9633622,3.2362404,-1.4723811,107.04028,79.14631,310.01044,0.0
1e,1,Left Ankle,4032354,1779734007216,-0.24,10.05,-0.57,-3.1875,-8.125,23.25,-0.3651123,-0.4545288,-0.5588989,-0.58966064
1e,3,Left Wrist,3832368,1779734007228,0.7084774,-7.474881,-1.5122639,30.705776,-9.680301,108.81922,-102.90586,-32.642067,326.08084,0.0
1e,1,Left Ankle,4032372,1779734007250,0.68,9.75,-0.46,1.625,10.5,26.125,-0.36132812,-0.45611572,-0.5578003,-0.5918579
1e,1,Left Ankle,4032390,1779734007250,1.43,9.41,-0.27,4.0,4.4375,25.25,-0.35772705,-0.45794678,-0.55670166,-0.5936279
1e,1,Left Ankle,4032412,1779734007275,0.78,9.49,-0.67,3.375,-6.4375,24.75,-0.35528564,-0.46081543,-0.55493164,-0.59454346
1e,2,Right Ankle,1074403,1779734007282,-6.9518013,0.7492887,0.18424734,1.5366378,-13.913759,4.267619,106.85138,79.19688,309.82343,0.0
1e,1,Left Ankle,4032436,1779734007305,1.07,9.62,-0.81,4.9375,-2.4375,22.75,-0.3529663,-0.46368408,-0.5533447,-0.5951538
1e,1,Left Ankle,4032453,1779734007306,1.51,9.56,-0.69,7.4375,4.6875,19.9375,-0.3499756,-0.46575928,-0.55255127,-0.5960083
1e,3,Left Wrist,3832428,1779734007317,2.1202428,-7.266706,0.16989042,34.62578,-5.5503006,103.70922,-102.84272,-32.561604,326.04813,0.0
1e,1,Left Ankle,4032474,1779734007334,1.14,9.58,-0.62,8.375,2.5,15.3125,-0.3474121,-0.46740723,-0.5523071,-0.5964966
1e,2,Right Ankle,1074462,1779734007343,-6.3464174,-1.4712508,-1.8041883,0.48663807,-17.97376,-19.742382,107.115,79.25589,310.08148,0.0
1e,1,Left Ankle,4032502,1779734007366,1.57,9.54,-0.65,9.9375,-1.8125,8.8125,-0.34558105,-0.4691162,-0.5523071,-0.5961914
1e,4,Right Wrist,30035397,1779734007369,-1.3622141,-6.4607215,0.7513463,-61.664963,15.401112,-20.636272,-140.90924,-41.279728,240.37938,0.0
1e,3,Left Wrist,3832488,1779734007378,3.1347992,-7.37199,0.5886344,-16.124224,-9.260301,78.99922,-102.79016,-32.50918,326.0143,0.0
1e,1,Left Ankle,4032513,1779734007399,1.24,9.47,-0.95,11.25,-9.6875,-2.25,-0.34588623,-0.47076416,-0.55285645,-0.5942383
1e,1,Left Ankle,4032538,1779734007399,1.27,9.55,-0.67,16.9375,-9.375,-8.4375,-0.34613037,-0.4720459,-0.5543213,-0.5916748
1e,1,Left Ankle,4032555,1779734007425,1.59,9.54,-0.51,22.375,-10.875,-16.0,-0.3468628,-0.4729004,-0.55700684,-0.58807373
1e,2,Right Ankle,1074553,1779734007432,-7.3370457,0.68946815,-1.4644074,-109.69336,-20.63376,-2.7323809,107.35418,79.273254,310.35287,0.0
1e,3,Left Wrist,3832578,1779734007438,5.97508,-7.7572346,0.021535404,-50.984222,26.1597,13.75922,-102.74709,-32.53228,325.97318,0.0
1e,1,Left Ankle,4032580,1779734007456,2.99,10.0,-0.23,17.0625,-2.0,-20.5,-0.34716797,-0.4720459,-0.5619507,-0.58380127
1e,4,Right Wrist,30035520,1779734007458,-4.338886,-5.479664,-0.33020952,-86.65496,11.691112,58.253727,-140.86488,-41.217484,240.30046,0.0
1e,2,Right Ankle,1074643,1779734007492,-22.325687,-8.341044,3.0963125,-45.43336,-8.80376,52.56762,107.281136,79.320435,310.29514,0.0
1e,3,Left Wrist,3832638,1779734007497,6.5996065,-6.477074,-1.9214365,0.11577642,69.5597,-66.810776,-102.755295,-32.634087,325.962,0.0
1e,1,Left Ankle,4032603,1779734007517,1.33,10.41,-2.25,15.5625,28.1875,-7.0,-0.34301758,-0.46887207,-0.5662842,-0.58465576
1e,1,Left Ankle,4032616,1779734007517,0.53,10.88,-3.08,24.5625,59.125,5.5625,-0.33892822,-0.46691895,-0.5689697,-0.58599854
1e,4,Right Wrist,30035566,1779734007518,-7.320343,-3.5845485,-1.3639089,-66.21496,22.751112,46.143726,-140.8607,-41.177376,240.26929,0.0
1e,1,Left Ankle,4032642,1779734007544,7.73,14.99,-5.54,38.5625,66.5,6.4375,-0.324646,-0.4616089,-0.5787964,-0.5886841
1e,1,Left Ankle,4032657,1779734007545,4.09,14.91,-2.12,33.0,40.75,11.6875,-0.32080078,-0.46105957,-0.5810547,-0.58898926
1e,1,Left Ankle,4032679,1779734007547,6.01,15.51,-2.17,17.6875,56.25,-2.0,-0.3104248,-0.4550171,-0.5886841,-0.59161377
1e,3,Left Wrist,3832698,1779734007558,11.191433,-7.4365964,-6.5635123,79.49577,93.009705,-191.83078,-102.777306,-32.757225,325.97464,0.0
1e,1,Left Ankle,4032702,1779734007575,3.24,12.07,-1.06,14.0625,63.9375,-2.625,-0.3027954,-0.44909668,-0.59375,-0.59503174
1e,1,Left Ankle,4032718,1779734007576,1.15,5.67,1.02,8.4375,53.75,-1.25,-0.29766846,-0.44476318,-0.59680176,-0.59783936
1e,4,Right Wrist,30035656,1779734007583,-11.79492,-2.2110682,-0.7800602,-46.40496,75.39111,50.69373,-140.84575,-41.15761,240.22594,0.0
1e,2,Right Ankle,1074703,1779734007584,-7.947215,3.8599582,0.3086741,-32.693363,-25.04376,50.88762,106.986786,79.249695,310.01456,0.0
1e,1,Left Ankle,4032743,1779734007608,-0.92,4.3,1.85,-0.375,-4.0,3.25,-0.29699707,-0.44470215,-0.59680176,-0.59820557
1e,3,Left Wrist,3832757,1779734007618,16.927029,-15.687048,-6.2261243,104.34577,4.3196993,-275.4808,-102.79324,-32.91788,326.01962,0.0
1e,1,Left Ankle,4032758,1779734007642,1.55,5.75,3.25,3.125,-6.625,5.4375,-0.29693604,-0.44537354,-0.5965576,-0.5979614
1e,1,Left Ankle,4032783,1779734007642,2.68,4.59,0.4,3.0625,67.9375,40.5625,-0.28649902,-0.44384766,-0.5965576,-0.604187
1e,2,Right Ankle,1074763,1779734007643,-9.466657,1.8739152,0.6939185,-21.423363,-8.73376,33.59762,106.670975,79.24774,309.7105,0.0
1e,1,Left Ankle,4032804,1779734007667,2.36,4.02,0.17,14.1875,128.5625,65.1875,-0.26818848,-0.43859863,-0.5987549,-0.6141968
1e,4,Right Wrist,30035716,1779734007670,-10.330513,-3.4529433,-0.8350951,-49.414963,121.10111,78.13373,-140.81192,-41.141895,240.15627,0.0
1e,3,Left Wrist,3832818,1779734007678,12.83291,-14.143678,-2.952743,77.88577,-85.9803,-243.14076,-102.7898,-33.066307,326.07288,0.0
1e,1,Left Ankle,4032818,1779734007701,3.44,3.95,-1.77,19.75,150.6875,69.8125,-0.25598145,-0.4345703,-0.600647,-0.6203613
1e,1,Left Ankle,4032839,1779734007701,4.69,5.39,-2.82,14.875,101.9375,72.0625,-0.22290039,-0.42608643,-0.60388184,-0.63568115
1e,2,Right Ankle,1074853,1779734007734,-8.729669,2.266338,-0.5407779,-37.313362,15.48624,16.23762,106.59734,79.16675,309.6516,0.0
1e,3,Left Wrist,3832877,1779734007738,8.547364,-11.408681,2.2372892,308.74576,-232.77031,-200.51077,-102.68756,-33.13028,326.1553,0.0
1e,1,Left Ankle,4032863,1779734007758,3.24,6.37,-2.41,2.1875,28.0625,61.5625,-0.2097168,-0.42687988,-0.6022339,-0.6411743
1e,4,Right Wrist,30035776,1779734007759,-7.763015,-3.9697928,-1.7563318,17.50504,114.52111,90.10372,-140.75075,-41.115387,240.08266,0.0
1e,1,Left Ankle,4032881,1779734007786,3.47,6.9,-3.44,-11.0,-36.1875,56.4375,-0.2064209,-0.43463135,-0.59643555,-0.64245605
1e,1,Left Ankle,4032903,1779734007787,1.02,8.21,-3.66,-16.9375,-89.8125,54.0625,-0.20922852,-0.44799805,-0.58795166,-0.64019775
1e,1,Left Ankle,4032921,1779734007789,-1.06,7.48,-3.85,-19.5,-112.875,49.5,-0.21728516,-0.4647827,-0.57806396,-0.6345215
1e,3,Left Wrist,3832938,1779734007797,6.281361,-10.497016,5.032106,381.19577,-356.67032,-140.10077,-102.586525,-33.152443,326.2836,0.0
1e,2,Right Ankle,1074943,1779734007822,-8.73924,2.7496884,-0.4881358,-1.683362,9.536241,10.777618,106.495514,79.089775,309.55258,0.0
1e,4,Right Wrist,30035969,1779734007849,-0.017447978,-2.4910283,1.9788643,8.40504,-77.69888,132.38373,-140.59341,-41.01785,239.95453,0.0
1e,3,Left Wrist,3832998,1779734007857,-1.5527403,-9.532709,13.383057,420.04578,-267.8403,-65.76077,-102.46066,-33.143406,326.37564,0.0
1e,1,Left Ankle,4032945,1779734007877,-3.89,8.37,-1.99,-12.5625,-126.5625,33.625,-0.22686768,-0.4814453,-0.5689087,-0.6269531
1e,1,Left Ankle,4032981,1779734007878,-14.09,9.4,1.11,-10.75,-56.8125,-26.8125,-0.24310303,-0.49871826,-0.5600586,-0.6152954
1e,1,Left Ankle,4032963,1779734007878,-7.94,9.12,-0.63,-5.375,-86.125,15.5625,-0.23492432,-0.49389648,-0.5623169,-0.62023926
1e,2,Right Ankle,1075002,1779734007883,-8.8229885,2.9100075,-0.3828516,9.026638,9.25624,10.707619,106.36667,79.015724,309.42337,0.0
1e,1,Left Ankle,4033001,1779734007908,-7.52,8.27,1.6,4.5625,-40.0,-115.5625,-0.25653076,-0.494812,-0.5651245,-0.60827637
1e,1,Left Ankle,4033050,1779734007908,-6.13,-4.38,13.12,-42.5625,-8.375,25.125,-0.262146,-0.4880371,-0.571228,-0.60565186
1e,4,Right Wrist,30035988,1779734007909,1.0449653,-1.2443682,1.5625132,-8.53496,-99.53889,117.82372,-140.55067,-40.980164,239.9172,0.0
1e,3,Left Wrist,3833058,1779734007917,-7.1830516,-13.576579,14.237294,303.28577,-128.5403,-83.82077,-102.34944,-33.14041,326.41476,0.0
1e,1,Left Ankle,4033060,1779734007936,-7.24,21.26,0.74,-1.25,21.8125,-72.625,-0.2678833,-0.4802246,-0.57299805,-0.60772705
1e,1,Left Ankle,4033080,1779734007937,4.93,12.32,0.88,-16.1875,1.0,-123.8125,-0.28009033,-0.46801758,-0.5800781,-0.6050415
1e,1,Left Ankle,4033102,1779734007966,-6.46,10.54,2.0,-17.25,15.75,-89.125,-0.29144287,-0.4547119,-0.58758545,-0.60253906
1e,3,Left Wrist,3833118,1779734007977,-1.9020927,-15.799511,30.845877,78.16577,54.0897,-11.720779,-102.2696,-33.14183,326.3713,0.0
1e,1,Left Ankle,4033126,1779734007995,1.67,10.03,-3.95,-34.5625,-22.6875,-72.6875,-0.30212402,-0.44903564,-0.5881958,-0.60095215
1e,1,Left Ankle,4033146,1779734008025,5.63,9.8,-2.21,-3.25,-2.8125,-73.5625,-0.30944824,-0.44091797,-0.59375,-0.5977173
1e,1,Left Ankle,4033162,1779734008026,0.08,10.32,0.5,6.875,-55.5625,-48.0,-0.32073975,-0.44049072,-0.59552,-0.590271
1e,4,Right Wrist,30036046,1779734008029,0.07108648,2.9598212,1.2586247,-19.24496,-192.7089,48.663727,-140.60002,-40.933907,239.96751,0.0
1e,2,Right Ankle,1075093,1779734008033,-6.7938747,3.9508853,-0.45702913,-3.7833622,20.80624,-7.212381,106.30513,78.943924,309.36572,0.0
1e,3,Left Wrist,3833178,1779734008038,8.48515,-21.951458,59.90192,270.66577,415.8497,143.11922,-102.03442,-33.12477,326.16672,0.0
1e,1,Left Ankle,4033192,1779734008085,-0.02,9.82,0.99,27.125,-51.8125,-63.6875,-0.33459473,-0.44152832,-0.6011963,-0.57592773
1e,1,Left Ankle,4033209,1779734008086,0.57,9.76,-1.58,37.75,-39.3125,-58.1875,-0.3416748,-0.4416504,-0.6066284,-0.56585693
1e,4,Right Wrist,30036209,1779734008089,-2.8290148,-3.4888358,2.0147567,227.29504,-131.8089,-58.78627,-140.59796,-40.836548,240.08969,0.0
1e,2,Right Ankle,1075256,1779734008093,-6.5522,3.0200775,0.18185452,82.036644,0.15624017,-37.10238,106.17768,78.83417,309.19537,0.0
1e,3,Left Wrist,3833238,1779734008097,31.597425,-17.29981,68.31987,100.005775,745.54974,252.66922,-101.78121,-33.10407,325.81876,0.0
1e,1,Left Ankle,4033230,1779734008118,-1.61,8.8,-2.79,41.25,-33.1875,-48.625,-0.34698486,-0.4421997,-0.6121216,-0.55615234
1e,1,Left Ankle,4033250,1779734008145,-1.03,8.31,-0.52,33.5,-25.5625,-43.375,-0.3513794,-0.44232178,-0.6173096,-0.5475464
1e,1,Left Ankle,4033278,1779734008145,0.67,11.21,-3.58,22.625,-18.9375,-42.1875,-0.3555298,-0.4411621,-0.62145996,-0.54107666
1e,3,Left Wrist,3833298,1779734008158,55.774506,-24.801311,37.39264,242.87578,716.2197,237.05922,-101.48617,-33.103317,325.48465,0.0
1e,1,Left Ankle,4033304,1779734008176,-0.78,9.59,-2.57,19.625,-24.875,-29.4375,-0.36138916,-0.4414673,-0.6254883,-0.53222656
1e,1,Left Ankle,4033320,1779734008176,-0.62,7.86,-1.84,19.4375,-31.0,-22.5,-0.36535645,-0.4430542,-0.62719727,-0.5261841
1e,4,Right Wrist,30036229,1779734008178,-3.6688955,-6.9129653,4.2951164,189.00504,-130.7589,-41.566273,-140.5298,-40.79846,240.11873,0.0
1e,2,Right Ankle,1075303,1779734008182,-7.5308642,-2.5528064,-6.829116,1.1866379,-5.7237597,-23.032381,106.5294,78.8608,309.5401,0.0
1e,1,Left Ankle,4033343,1779734008207,-1.62,8.97,-1.06,13.625,-30.125,-18.5625,-0.36920166,-0.44433594,-0.6275635,-0.52197266
1e,3,Left Wrist,3833358,1779734008219,52.93901,-9.133108,-4.9579287,-87.80423,305.5297,-38.60078,-101.45647,-33.204334,325.36633,0.0
1e,1,Left Ankle,4033359,1779734008243,-1.01,8.76,-1.99,-9.375,-16.75,-14.75,-0.37322998,-0.44433594,-0.62683105,-0.5199585
1e,2,Right Ankle,1075363,1779734008243,-9.940436,1.3307445,0.5024928,75.036644,5.6162405,-37.38238,106.376656,78.91031,309.36557,0.0
1e,1,Left Ankle,4033385,1779734008268,-0.78,9.16,-2.86,-14.0,-4.1875,-6.8125,-0.3756714,-0.44329834,-0.6258545,-0.5202637
1e,1,Left Ankle,4033404,1779734008268,-0.31,9.54,-2.14,-24.875,2.9375,-5.3125,-0.37756348,-0.44110107,-0.62457275,-0.52227783
1e,3,Left Wrist,3833417,1779734008278,16.371895,-3.2180498,-5.4771714,-83.464226,-90.2503,29.299221,-101.53856,-33.25648,325.41953,0.0
1e,1,Left Ankle,4033423,1779734008302,-0.33,9.33,-1.64,-32.8125,-4.375,-3.5,-0.38043213,-0.4389038,-0.6220093,-0.52508545
1e,4,Right Wrist,30036286,1779734008302,-2.283451,-9.212467,1.2394822,107.10504,-138.3889,-30.436272,-140.47948,-40.74593,240.13979,0.0
1e,1,Left Ankle,4033440,1779734008302,-1.04,9.03,-1.81,-37.25,-7.625,2.375,-0.38397217,-0.43725586,-0.61816406,-0.5284424
1e,2,Right Ankle,1075453,1779734008303,-9.000057,-0.12169878,-2.2205393,-3.433362,10.51624,-33.32238,106.71045,78.95288,309.69568,0.0
1e,1,Left Ankle,4033463,1779734008327,-0.5,9.44,-0.38,-31.8125,-3.5625,5.9375,-0.38653564,-0.4362793,-0.6143799,-0.5317383
1e,3,Left Wrist,3833478,1779734008339,-5.364507,-7.9558387,10.186246,87.19577,-121.2603,37.55922,-101.49657,-33.214718,325.4457,0.0
1e,1,Left Ankle,4033493,1779734008359,-0.62,9.46,-0.78,-33.3125,-7.1875,10.625,-0.39001465,-0.43566895,-0.6079712,-0.5371094
1e,4,Right Wrist,30036480,1779734008359,-4.2766724,-1.8306098,-1.0408778,82.32504,55.02111,12.123728,-140.43942,-40.650032,240.09566,0.0
1e,1,Left Ankle,4033509,1779734008387,-0.89,9.29,-1.84,-35.5,-15.5,13.3125,-0.39227295,-0.4359131,-0.6029663,-0.5408325
1e,1,Left Ankle,4033532,1779734008388,-1.25,9.98,-0.55,-30.25,-13.5,24.4375,-0.39294434,-0.43676758,-0.6002197,-0.5427246
1e,2,Right Ankle,1075513,1779734008393,-9.574334,0.16543992,-1.4476578,-12.043362,3.7262402,-16.872381,106.98859,79.00633,309.9734,0.0
1e,3,Left Wrist,3833538,1779734008397,-4.225523,-3.6272225,6.838687,-63.654224,-3.8003006,32.23922,-101.48408,-33.185207,325.4259,0.0
1e,1,Left Ankle,4033550,1779734008419,-1.09,10.42,-1.04,-24.5,-3.125,31.75,-0.39172363,-0.4397583,-0.59295654,-0.5491333
1e,4,Right Wrist,30036499,1779734008419,-3.4343987,-3.673083,-1.0193424,38.36504,58.66111,11.143728,-140.38713,-40.62279,240.05817,0.0
1e,1,Left Ankle,4033565,1779734008419,0.25,9.99,-0.17,-16.6875,0.125,40.8125,-0.39050293,-0.4413452,-0.5905762,-0.55133057
1e,1,Left Ankle,4033592,1779734008445,0.24,10.07,-0.38,-11.0625,-8.3125,46.125,-0.38653564,-0.44830322,-0.5830078,-0.55651855
1e,2,Right Ankle,1075603,1779734008452,-10.703748,0.014692104,-3.2709887,-8.333363,-12.93376,4.617619,107.27566,79.02687,310.2571,0.0
1e,3,Left Wrist,3833598,1779734008457,-1.4809552,-1.9091758,5.130212,-41.814224,3.059699,38.18922,-101.45907,-33.16254,325.40112,0.0
1e,1,Left Ankle,4033611,1779734008477,0.09,9.79,-0.57,-1.5,-19.8125,52.875,-0.38415527,-0.45544434,-0.5770874,-0.5585327
1e,1,Left Ankle,4033631,1779734008506,0.27,9.76,-0.91,1.875,-19.0625,56.3125,-0.38067627,-0.46276855,-0.5716553,-0.56048584
1e,1,Left Ankle,4033650,1779734008506,-0.03,9.44,-1.13,2.6875,-26.4375,54.75,-0.37738037,-0.47045898,-0.565979,-0.56207275
1e,3,Left Wrist,3833658,1779734008518,0.033701196,-2.2537422,7.298109,-43.634224,-6.6703005,33.429222,-101.434586,-33.14893,325.37936,0.0
1e,1,Left Ankle,4033666,1779734008536,1.26,9.55,-2.24,0.25,-41.5,45.9375,-0.37719727,-0.47460938,-0.5628052,-0.56188965
1e,2,Right Ankle,1075663,1779734008543,-8.356388,0.65836143,-1.617548,-41.02336,-13.77376,17.847618,107.53304,79.04377,310.52267,0.0
1e,1,Left Ankle,4033690,1779734008566,0.24,9.58,-1.41,0.6875,-23.125,50.625,-0.37365723,-0.48602295,-0.55389404,-0.5633545
1e,1,Left Ankle,4033711,1779734008566,0.69,9.71,-1.61,1.6875,-14.1875,52.0,-0.3694458,-0.49212646,-0.54907227,-0.56555176
1e,3,Left Wrist,3833718,1779734008579,0.347161,-1.7081788,6.539584,7.8857765,6.0696993,30.279222,-101.3897,-33.139393,325.35284,0.0
1e,1,Left Ankle,4033733,1779734008595,0.92,9.56,-0.93,5.75,-1.625,51.4375,-0.3638916,-0.49725342,-0.5455322,-0.56811523
1e,4,Right Wrist,30036556,1779734008602,-1.9891337,-2.3857443,-1.0456635,-71.884964,52.501114,20.803728,-140.37361,-40.585594,240.01988,0.0
1e,1,Left Ankle,4033751,1779734008627,1.68,9.45,-0.67,15.625,9.3125,44.4375,-0.35766602,-0.5015259,-0.543396,-0.5703125
1e,1,Left Ankle,4033766,1779734008627,1.91,9.54,-0.25,20.0,11.75,43.5,-0.35424805,-0.5036011,-0.54278564,-0.571167
1e,2,Right Ankle,1075827,1779734008632,-5.061471,-2.0407426,-1.2562318,-43.893364,-27.35376,41.92762,107.42673,79.04372,310.42136,0.0
1e,1,Left Ankle,4033790,1779734008655,2.65,9.54,-0.02,27.0,5.3125,29.6875,-0.3446045,-0.50946045,-0.5429077,-0.57177734
1e,4,Right Wrist,30036719,1779734008658,-2.3767712,-2.431208,-4.575077,88.55504,54.81111,-68.86627,-140.42886,-40.510662,240.06677,0.0
1e,3,Left Wrist,3833778,1779734008667,0.7060843,-4.9504533,4.599005,-64.634224,24.339699,24.889221,-101.35854,-33.12126,325.31503,0.0
1e,1,Left Ankle,4033806,1779734008685,2.26,9.52,-0.31,28.0,1.375,25.0,-0.34210205,-0.51135254,-0.5432739,-0.57128906
1e,1,Left Ankle,4033831,1779734008686,1.01,9.8,-0.18,29.0,-13.3125,28.6875,-0.3352661,-0.5186157,-0.54333496,-0.56866455
1e,2,Right Ankle,1075846,1779734008695,-3.8243816,-4.0770345,-0.3876373,-52.43336,-29.24376,15.607618,107.46874,79.10444,310.4784,0.0
1e,1,Left Ankle,4033853,1779734008719,1.08,9.52,-2.25,27.5,-15.3125,29.625,-0.33129883,-0.5244751,-0.54248047,-0.5664673
1e,1,Left Ankle,4033871,1779734008745,-0.36,10.01,-1.39,27.75,-8.9375,44.1875,-0.32647705,-0.53125,-0.54052734,-0.56481934
1e,4,Right Wrist,30036796,1779734008748,-4.0493546,-3.8549378,-5.4652066,85.685036,53.27111,-115.90627,-140.42131,-40.48621,240.09601,0.0
1e,2,Right Ankle,1075903,1779734008752,-6.233954,0.014692104,2.050649,-94.783356,-38.62376,94.49762,107.119965,79.11053,310.1641,0.0
1e,3,Left Wrist,3833941,1779734008757,-4.285344,-3.9574323,-1.6917256,-129.17422,72.3597,-14.24078,-101.39677,-33.04763,325.2483,0.0
1e,1,Left Ankle,4033894,1779734008778,0.53,10.55,-1.18,27.0,-4.5625,46.375,-0.32000732,-0.5371704,-0.5387573,-0.5645752
1e,1,Left Ankle,4033911,1779734008778,1.14,11.03,0.11,25.1875,-0.625,48.0625,-0.3135376,-0.54296875,-0.5366211,-0.5647583
1e,1,Left Ankle,4033932,1779734008805,0.82,11.35,-0.78,15.375,-19.375,44.125,-0.3102417,-0.5496216,-0.53289795,-0.56365967
1e,1,Left Ankle,4033950,1779734008806,-0.01,10.69,-0.97,10.6875,-15.625,30.75,-0.30786133,-0.55493164,-0.5299072,-0.56256104
1e,4,Right Wrist,30036856,1779734008809,-6.7580295,-1.6894331,-5.3359947,16.105042,41.30111,-103.306274,-140.44817,-40.469116,240.13126,0.0
1e,2,Right Ankle,1075962,1779734008813,-12.194476,3.3407154,-3.5581272,19.946638,-7.3337593,9.377619,107.35493,79.072235,310.38733,0.0
1e,1,Left Ankle,4033973,1779734008836,0.43,9.93,-1.49,11.5,20.8125,22.4375,-0.3046875,-0.5578613,-0.52801514,-0.5631714
1e,1,Left Ankle,4033995,1779734008867,1.76,9.13,-1.39,11.0,58.75,17.125,-0.29760742,-0.55529785,-0.52996826,-0.567688
1e,1,Left Ankle,4034012,1779734008869,3.53,8.97,-3.07,8.0,90.5625,14.25,-0.28778076,-0.5489502,-0.5336304,-0.5753784
1e,4,Right Wrist,30036946,1779734008870,-7.9305124,-2.0124638,-4.347759,-43.25496,-0.13888836,-111.63628,-140.49698,-40.448452,240.17601,0.0
1e,3,Left Wrist,3833959,1779734008879,-3.7110665,-4.4527464,-2.2612174,-95.29423,68.2297,-11.090778,-101.433624,-32.990406,325.2313,0.0
1e,1,Left Ankle,4034042,1779734008898,6.01,10.26,-3.69,1.5625,83.625,11.5,-0.2750244,-0.53845215,-0.538147,-0.58721924
1e,2,Right Ankle,1076023,1779734008904,-8.538242,2.3046234,0.124426775,-73.923355,-17.69376,9.517619,107.018616,79.037964,310.08118,0.0
1e,1,Left Ankle,4034061,1779734008929,3.36,8.12,1.2,-17.3125,55.25,10.625,-0.2727661,-0.5357666,-0.53808594,-0.5907593
1e,4,Right Wrist,30037006,1779734008929,-7.02124,-6.030013,-2.1894326,-55.15496,-37.028885,-115.69627,-140.52994,-40.42275,240.21489,0.0
1e,1,Left Ankle,4034081,1779734008956,3.23,11.08,-5.86,-29.75,43.25,-6.5625,-0.27178955,-0.526062,-0.5374756,-0.60040283
1e,3,Left Wrist,3834122,1779734008968,0.899903,-2.2800634,-5.678168,-95.714226,40.719696,22.929222,-101.583534,-32.90739,325.25784,0.0
1e,1,Left Ankle,4034104,1779734008986,3.94,8.21,-2.74,-16.9375,14.4375,-17.9375,-0.27514648,-0.5231323,-0.53790283,-0.6010742
1e,1,Left Ankle,4034121,1779734008990,2.21,7.83,-1.87,-18.8125,-45.6875,-31.0,-0.2843628,-0.524292,-0.5363159,-0.59710693
1e,4,Right Wrist,30037066,1779734008990,-6.1813593,-7.760024,0.26799613,-115.00496,-44.51889,-72.08627,-140.56317,-40.396122,240.23271,0.0
1e,2,Right Ankle,1076113,1779734008994,-8.889988,1.8858794,-0.3278167,-14.563362,-11.673759,-7.7723813,106.72525,79.00361,309.79758,0.0
1e,1,Left Ankle,4034144,1779734009019,-2.16,7.74,-0.71,-21.1875,-46.125,-33.4375,-0.2939453,-0.5239258,-0.5354614,-0.5936279
1e,1,Left Ankle,4034162,1779734009019,0.0,7.98,-0.82,-19.875,-12.4375,-60.75,-0.3032837,-0.51971436,-0.5372925,-0.5910034
1e,3,Left Wrist,3834167,1779734009029,1.5579292,-2.1652079,-6.314659,-59.664223,31.5497,13.82922,-101.68151,-32.898254,325.2899,0.0
1e,1,Left Ankle,4034183,1779734009053,2.17,7.87,-0.27,-19.875,-12.4375,-60.75,-0.31195068,-0.51416016,-0.5402832,-0.588562
1e,4,Right Wrist,30037126,1779734009053,-5.657331,-7.702596,0.485743,-96.52496,-32.47889,-35.12627,-140.57759,-40.36566,240.23291,0.0
1e,2,Right Ankle,1076173,1779734009053,-9.047914,2.1682324,0.035892338,5.5266376,-1.8737599,-25.902382,106.455376,78.9876,309.53113,0.0
1e,1,Left Ankle,4034201,1779734009077,1.17,7.47,-1.05,-15.6875,0.125,-63.625,-0.3182373,-0.50634766,-0.54541016,-0.58721924
1e,1,Left Ankle,4034218,1779734009078,1.33,6.52,-1.99,-1.0,33.6875,-67.5,-0.3222046,-0.49700928,-0.5526123,-0.58636475
1e,3,Left Wrist,3834228,1779734009091,2.2877398,-1.3899333,-5.7523456,-55.53422,19.2997,6.1992226,-101.781784,-32.90482,325.3279,0.0
1e,1,Left Ankle,4034245,1779734009105,3.31,6.06,-1.4,3.9375,23.5,-53.625,-0.324646,-0.48913574,-0.5592041,-0.58532715
1e,4,Right Wrist,30037186,1779734009112,-6.071289,-7.6714897,-0.15314065,-61.17496,-28.768888,5.8937283,-140.57147,-40.324177,240.21875,0.0
1e,1,Left Ankle,4034259,1779734009136,4.78,5.13,-0.08,-1.0625,5.3125,-50.875,-0.33068848,-0.4850464,-0.5623169,-0.58239746
1e,2,Right Ankle,1076263,1779734009142,-9.040735,1.1345332,0.17228323,-0.84336233,2.6062403,-13.372381,106.29202,79.039925,309.37146,0.0
1e,3,Left Wrist,3834288,1779734009148,2.8596249,-1.1578295,-4.9268217,-4.4342237,16.6397,-2.3407784,-101.862854,-32.925617,325.3665,0.0
1e,1,Left Ankle,4034291,1779734009169,10.81,4.63,-0.95,-28.1875,10.3125,-28.8125,-0.33721924,-0.4817505,-0.5616455,-0.5819702
1e,1,Left Ankle,4034300,1779734009169,10.78,5.13,-1.8,-18.0,24.8125,38.0625,-0.33410645,-0.47888184,-0.5615845,-0.5862427
1e,1,Left Ankle,4034323,1779734009195,1.98,11.02,-4.23,-21.75,43.875,79.5,-0.32250977,-0.48046875,-0.5563965,-0.5963135
1e,1,Left Ankle,4034340,1779734009197,-11.53,23.39,-6.55,42.25,87.0,-64.625,-0.31414795,-0.4729004,-0.5644531,-0.59924316
1e,4,Right Wrist,30037246,1779734009200,-6.344071,-7.618848,-0.3086741,-83.15496,-16.658888,41.523727,-140.56374,-40.27735,240.18924,0.0
1e,3,Left Wrist,3834348,1779734009207,1.7541409,-1.772785,-5.7116675,12.575776,18.739698,14.109222,-101.93884,-32.920643,325.40396,0.0
1e,1,Left Ankle,4034363,1779734009229,19.58,12.26,-4.51,-49.5625,-75.9375,-102.8125,-0.3307495,-0.4611206,-0.5708008,-0.5933838
1e,2,Right Ankle,1076426,1779734009232,-8.748811,2.187375,-1.0169495,-7.003362,20.52624,-0.91238093,106.427444,79.04659,309.5102,0.0
1e,1,Left Ankle,4034388,1779734009255,-14.94,2.25,1.84,-70.875,-47.375,74.0625,-0.33770752,-0.46801758,-0.5576782,-0.5965576
1e,4,Right Wrist,30037306,1779734009259,-8.277472,-6.0539412,-0.9523434,-59.77496,-3.918888,57.62373,-140.55203,-40.228447,240.15697,0.0
1e,3,Left Wrist,3834408,1779734009267,-1.4761703,-5.2447705,-7.23111,22.235777,1.1696992,22.089222,-101.99875,-32.86636,325.43906,0.0
1e,1,Left Ankle,4034406,1779734009287,-3.05,8.19,-3.49,-3.4375,1.125,-48.5625,-0.3458252,-0.4668579,-0.5540161,-0.59625244
1e,1,Left Ankle,4034431,1779734009287,2.05,12.66,1.02,-12.125,7.25,3.4375,-0.34649658,-0.46331787,-0.55352783,-0.59906006
1e,3,Left Wrist,3834468,1779734009327,-0.8851427,-8.2190485,-6.7429743,-4.7142234,-21.930302,55.269222,-102.05888,-32.789116,325.47366,0.0
1e,1,Left Ankle,4034452,1779734009344,2.0,11.19,-2.11,-10.125,10.9375,-5.3125,-0.34710693,-0.4613037,-0.5539551,-0.5998535
1e,1,Left Ankle,4034468,1779734009345,1.57,8.12,-0.75,-7.5,-19.0,-5.9375,-0.3486328,-0.461792,-0.55322266,-0.5993042
1e,1,Left Ankle,4034490,1779734009347,1.58,10.0,0.32,-9.9375,-43.3125,0.5625,-0.35577393,-0.4671631,-0.5477295,-0.59594727
1e,2,Right Ankle,1076445,1779734009357,-9.181912,2.4242644,-1.6031911,0.27663803,14.086241,-9.17238,106.662506,79.00289,309.74194,0.0
1e,1,Left Ankle,4034514,1779734009378,0.42,10.34,0.12,-3.5625,-27.8125,3.0625,-0.35888672,-0.47039795,-0.545105,-0.59399414
1e,4,Right Wrist,30037396,1779734009378,-10.426226,-2.4671004,-1.5002998,-6.71496,-4.9688883,63.22373,-140.53673,-40.18049,240.13342,0.0
1e,3,Left Wrist,3834528,1779734009387,-0.85164315,-7.166207,-4.089334,16.635777,-32.5703,72.41922,-102.097046,-32.694702,325.50235,0.0
1e,1,Left Ankle,4034530,1779734009405,0.55,9.64,-0.61,0.0625,-12.75,5.5,-0.35992432,-0.47235107,-0.5437622,-0.5930786
1e,2,Right Ankle,1076606,1779734009413,-9.854295,-0.7222973,-3.0819554,-41.373363,1.7662401,-20.302382,107.13304,79.11747,310.20923,0.0
1e,1,Left Ankle,4034555,1779734009438,0.59,9.62,-0.66,-3.375,-10.5625,9.0625,-0.36010742,-0.473938,-0.5422363,-0.5930176
1e,1,Left Ankle,4034574,1779734009438,1.2,9.91,-0.82,-6.625,-17.875,13.5,-0.36175537,-0.4772339,-0.5388794,-0.59246826
1e,3,Left Wrist,3834587,1779734009448,0.40698156,-6.340683,-1.7180467,48.205776,-22.3503,71.439224,-102.09151,-32.593784,325.51047,0.0
1e,1,Left Ankle,4034591,1779734009475,0.63,9.62,-0.53,-6.25,-17.0625,15.3125,-0.36242676,-0.47998047,-0.5358887,-0.5925293
1e,2,Right Ankle,1076625,1779734009475,-8.495172,-0.3896949,-2.8761728,-37.943363,-1.5937599,-11.202381,107.44383,79.14518,310.5276,0.0
1e,1,Left Ankle,4034611,1779734009475,0.94,9.59,-0.36,-3.8125,-9.0,18.3125,-0.36206055,-0.48242188,-0.5333252,-0.5930786
1e,1,Left Ankle,4034636,1779734009497,0.86,9.91,-0.21,-1.1875,-2.25,20.75,-0.36047363,-0.48449707,-0.53125,-0.59417725
1e,4,Right Wrist,30037560,1779734009499,-3.6521454,-2.2302113,-0.21774687,-51.37496,18.971111,16.533728,-140.51569,-40.112988,240.09651,0.0
1e,3,Left Wrist,3834648,1779734009510,0.86161804,-7.192528,-0.4139583,45.96578,-0.9303007,55.269222,-102.04633,-32.511147,325.49167,0.0
1e,1,Left Ankle,4034651,1779734009530,1.58,9.51,-0.17,1.1875,-0.1875,20.6875,-0.3583374,-0.48638916,-0.5296631,-0.59539795
1e,2,Right Ankle,1076683,1779734009533,-7.617006,2.3811936,-0.16031912,-36.82336,-0.26375985,4.197619,107.21955,79.08429,310.31985,0.0
1e,1,Left Ankle,4034680,1779734009557,1.4,9.53,-0.21,2.5,-0.125,20.125,-0.3564453,-0.4887085,-0.52789307,-0.5961914
1e,1,Left Ankle,4034698,1779734009558,1.66,9.47,-0.58,4.75,2.125,16.5625,-0.35424805,-0.49041748,-0.52697754,-0.5969238
1e,3,Left Wrist,3834708,1779734009569,1.8307109,-7.127922,-0.43070808,11.1757765,12.509699,48.059223,-102.00346,-32.435024,325.4642,0.0
1e,1,Left Ankle,4034714,1779734009587,1.7,9.47,-0.32,7.4375,3.4375,13.3125,-0.35198975,-0.49169922,-0.5266113,-0.59747314
1e,1,Left Ankle,4034735,1779734009616,1.85,9.42,-0.43,9.25,0.75,9.8125,-0.35003662,-0.49310303,-0.52667236,-0.5974121
1e,1,Left Ankle,4034754,1779734009617,1.51,9.6,-0.82,11.875,1.3125,7.875,-0.34851074,-0.4942627,-0.5274658,-0.5966797
1e,3,Left Wrist,3834768,1779734009627,2.8620174,-7.103994,-1.282553,20.625776,2.849699,24.189222,-101.98111,-32.353035,325.4538,0.0
1e,1,Left Ankle,4034784,1779734009646,2.02,9.51,-0.52,16.0,1.6875,2.3125,-0.34674072,-0.4953003,-0.52874756,-0.5957031
1e,2,Right Ankle,1076743,1779734009652,-6.4229875,1.4886707,0.37806597,64.88664,-1.8737599,-3.6423812,106.958176,79.08089,310.04086,0.0
1e,1,Left Ankle,4034800,1779734009680,1.83,9.57,-0.55,19.3125,-0.875,-1.5625,-0.3453369,-0.49627686,-0.5307617,-0.5939331
1e,1,Left Ankle,4034817,1779734009680,1.44,9.91,-0.06,22.0625,-5.3125,-1.375,-0.3441162,-0.49743652,-0.53302,-0.59161377
1e,3,Left Wrist,3834828,1779734009688,2.2853475,-8.211871,-0.7345966,11.455776,-4.9203005,4.9392204,-101.94747,-32.286953,325.43906,0.0
1e,1,Left Ankle,4034840,1779734009705,0.83,9.79,-0.5,24.1875,-0.5,6.125,-0.3411255,-0.50042725,-0.5358887,-0.5881958
1e,2,Right Ankle,1076833,1779734009713,-6.3990593,-1.791889,0.56470615,0.90663767,-35.12376,-1.8923812,106.8962,79.15139,309.97757,0.0
1e,1,Left Ankle,4034857,1779734009737,0.75,9.55,-1.48,23.3125,3.125,11.0625,-0.33947754,-0.50146484,-0.5366821,-0.58758545
1e,1,Left Ankle,4034884,1779734009737,0.75,10.06,-1.43,21.3125,12.375,19.875,-0.3319702,-0.5040283,-0.5385742,-0.58795166
1e,3,Left Wrist,3834888,1779734009748,2.1298137,-7.383954,-1.4787644,-4.9942236,-19.6203,-6.33078,-101.95046,-32.212463,325.44577,0.0
1e,1,Left Ankle,4034901,1779734009765,1.79,9.69,-0.49,23.1875,26.0,22.1875,-0.32556152,-0.5048828,-0.5402832,-0.5892334
1e,4,Right Wrist,30037682,1779734009773,-3.8076792,-1.7420752,-2.498107,-14.90496,-25.338888,37.323727,-140.51158,-40.011227,240.07068,0.0
1e,1,Left Ankle,4034922,1779734009796,2.92,9.84,-0.89,24.4375,20.0625,23.0625,-0.31866455,-0.5055542,-0.54248047,-0.5904541
1e,3,Left Wrist,3834948,1779734009808,2.3044899,-8.077873,-3.464807,86.77577,-65.8903,-46.720776,-101.98139,-32.16506,325.50027,0.0
1e,1,Left Ankle,4034943,1779734009830,2.03,10.15,-0.34,25.4375,19.125,24.0625,-0.31256104,-0.50701904,-0.5441284,-0.59088135
1e,1,Left Ankle,4034962,1779734009830,3.28,9.91,-0.98,20.6875,2.9375,20.8125,-0.30804443,-0.5093384,-0.54504395,-0.59039307
1e,2,Right Ankle,1076922,1779734009833,-6.143027,6.7480955,0.4546363,-60.27336,-33.02376,56.20762,106.636246,79.07499,309.73978,0.0
1e,1,Left Ankle,4034982,1779734009855,2.6,10.65,-1.52,18.375,0.0,21.0625,-0.30444336,-0.512146,-0.5449829,-0.58984375
1e,1,Left Ankle,4035000,1779734009856,3.16,10.95,-2.7,13.3125,-1.4375,19.0,-0.30126953,-0.51483154,-0.54473877,-0.58947754
1e,3,Left Wrist,3835008,1779734009868,-1.1507459,-10.15245,-4.2352962,118.27577,-100.8903,-13.6807785,-101.98819,-32.090054,325.55588,0.0
1e,1,Left Ankle,4035019,1779734009888,3.43,10.11,-1.86,9.9375,-2.8125,16.1875,-0.2993164,-0.5171509,-0.54418945,-0.5889282
1e,2,Right Ankle,1077013,1779734009892,-8.703347,0.41190067,0.8733803,-35.283363,-16.36376,19.247618,106.42266,79.11863,309.54074,0.0
1e,1,Left Ankle,4035043,1779734009916,2.87,9.48,-2.42,6.0625,-27.4375,7.75,-0.29992676,-0.520874,-0.5426636,-0.58673096
1e,1,Left Ankle,4035062,1779734009916,1.97,8.94,-1.85,1.25,-31.3125,4.0,-0.302063,-0.5244751,-0.54089355,-0.5840454
1e,4,Right Wrist,30037908,1779734009919,-6.8800635,-1.2252251,2.4071796,23.31504,6.2311115,22.623728,-140.46288,-39.883305,240.01929,0.0
1e,3,Left Wrist,3835068,1779734009927,-3.469391,-11.604893,-8.480164,46.385777,-15.140301,31.539223,-102.01935,-32.01319,325.58347,0.0
1e,1,Left Ankle,4035089,1779734009946,1.24,8.86,-1.8,-2.5625,-25.25,-0.625,-0.30474854,-0.52716064,-0.5392456,-0.5817871
1e,2,Right Ankle,1077103,1779734009952,-9.081413,1.5939549,-0.16989042,-19.953362,-4.46376,6.997619,106.15657,79.143456,309.28583,0.0
1e,1,Left Ankle,4035106,1779734009975,0.62,8.9,-2.27,-4.5625,-11.1875,-4.4375,-0.3067627,-0.5280762,-0.5383911,-0.5806885
1e,4,Right Wrist,30038070,1779734009978,-7.6936235,-5.2690954,0.39960137,28.91504,19.95111,-35.616272,-140.41951,-39.84914,240.00885,0.0
1e,3,Left Wrist,3835127,1779734009987,0.96929455,-12.076279,-5.481957,-97.744225,18.179699,79.13922,-102.08324,-31.920412,325.58905,0.0
1e,1,Left Ankle,4035129,1779734010005,0.0,8.77,-1.73,-2.375,-15.5625,-4.8125,-0.30932617,-0.5288086,-0.5378418,-0.5791626
1e,2,Right Ankle,1077163,1779734010012,-9.193876,1.9672353,0.052642096,-3.853362,-7.4737597,-7.7723813,105.856766,79.136604,308.9924,0.0
1e,1,Left Ankle,4035153,1779734010037,-0.44,7.6,-0.76,-3.5,-21.25,-6.5625,-0.31280518,-0.5302124,-0.53674316,-0.57696533
1e,1,Left Ankle,4035171,1779734010039,1.79,6.6,1.09,-10.9375,-39.4375,-12.0625,-0.31585693,-0.53149414,-0.53552246,-0.57525635
1e,3,Left Wrist,3835188,1779734010049,2.9194455,-7.199707,-3.0843484,-143.17422,13.5597,97.47922,-102.17853,-31.841103,325.603,0.0
1e,1,Left Ankle,4035193,1779734010072,0.57,7.31,-1.51,-5.8125,-7.875,-20.6875,-0.32299805,-0.5321045,-0.53326416,-0.57281494
1e,1,Left Ankle,4035209,1779734010072,1.2,7.59,-0.89,-1.75,26.6875,-15.375,-0.3237915,-0.52911377,-0.5350952,-0.57354736
1e,2,Right Ankle,1077223,1779734010073,-9.270446,1.6107048,0.21774687,-7.283362,-4.6737595,-16.802382,105.59715,79.16364,308.7399,0.0
1e,1,Left Ankle,4035234,1779734010097,0.91,6.91,-1.54,11.75,65.5625,-16.25,-0.31939697,-0.522522,-0.54052734,-0.5769043
1e,4,Right Wrist,30038116,1779734010100,-7.6816587,-3.9315078,-0.38524443,-4.89496,19.95111,-30.71627,-140.40926,-39.829174,240.00412,0.0
1e,3,Left Wrist,3835248,1779734010108,3.4482589,-3.6918287,-3.2015967,-42.514225,0.95969915,72.69922,-102.26134,-31.833658,325.63403,0.0
1e,1,Left Ankle,4035255,1779734010131,1.3,6.89,-0.94,9.0625,64.0,-10.9375,-0.31341553,-0.5154419,-0.5461426,-0.5812378
1e,2,Right Ankle,1077283,1779734010134,-9.143627,0.6320404,0.63170516,5.3166375,4.70624,-14.562382,105.45189,79.21832,308.59598,0.0
1e,1,Left Ankle,4035283,1779734010156,2.24,7.29,0.27,-7.375,21.4375,-19.9375,-0.31201172,-0.5101929,-0.5494385,-0.5835571
1e,1,Left Ankle,4035300,1779734010158,0.87,7.55,2.64,-37.75,3.9375,-34.8125,-0.32110596,-0.50512695,-0.548584,-0.58380127
1e,3,Left Wrist,3835308,1779734010168,3.8478603,-3.8066843,-3.7375891,53.175777,0.8196993,52.469223,-102.31249,-31.835,325.66727,0.0
1e,1,Left Ankle,4035315,1779734010189,5.18,6.86,-1.67,-18.5,33.6875,-33.375,-0.3232422,-0.5026245,-0.54888916,-0.58447266
1e,1,Left Ankle,4035339,1779734010217,3.68,9.01,-4.08,-5.625,73.0625,3.3125,-0.31359863,-0.49212646,-0.5541382,-0.5936279
1e,1,Left Ankle,4035360,1779734010218,2.26,19.54,-11.65,21.4375,27.375,-5.0625,-0.30664062,-0.48999023,-0.5585327,-0.59490967
1e,4,Right Wrist,30038280,1779734010219,-4.2742796,-5.972585,1.6462619,-65.024956,-9.028889,18.423727,-140.38339,-39.77904,239.97069,0.0
1e,3,Left Wrist,3835368,1779734010229,3.5655074,-5.1705933,-4.5008993,63.255775,-0.16030073,46.309223,-102.360596,-31.816547,325.7014,0.0
1e,1,Left Ankle,4035382,1779734010250,14.38,15.25,-1.61,-25.625,-23.5,-88.125,-0.32574463,-0.4829712,-0.5606079,-0.588501
1e,1,Left Ankle,4035400,1779734010277,-1.28,1.5,0.87,-57.375,-63.75,-43.8125,-0.34448242,-0.4829712,-0.55407715,-0.5840454
1e,1,Left Ankle,4035422,1779734010280,-1.89,6.87,-2.7,-33.125,0.6875,-45.0625,-0.35565186,-0.47790527,-0.5531616,-0.5823364
1e,2,Right Ankle,1077343,1779734010284,-9.174733,0.9909638,0.27517462,1.1166377,15.97624,3.077619,105.310486,79.266205,308.4576,0.0
1e,3,Left Wrist,3835428,1779734010289,1.6512493,-8.3004055,-4.1706896,-5.2042236,-5.060301,34.47922,-102.408966,-31.746145,325.7252,0.0
1e,1,Left Ankle,4035447,1779734010307,-1.32,12.12,-1.12,-22.6875,60.3125,-11.4375,-0.3546753,-0.47039795,-0.5545044,-0.5877075
1e,4,Right Wrist,30038403,1779734010314,-7.727123,0.18653965,1.6749759,-26.944962,-43.678886,62.31373,-140.36703,-39.702858,239.93077,0.0
1e,1,Left Ankle,4035462,1779734010339,2.31,9.77,-0.53,-22.9375,54.125,-21.3125,-0.3527832,-0.46124268,-0.5574341,-0.59332275
1e,1,Left Ankle,4035482,1779734010339,1.69,9.15,-0.66,-26.1875,8.3125,-10.75,-0.35406494,-0.4564209,-0.5571289,-0.59661865
1e,3,Left Wrist,3835488,1779734010349,0.14377075,-10.781762,-4.290331,8.865776,-14.510301,19.919222,-102.43484,-31.666315,325.74335,0.0
1e,1,Left Ankle,4035507,1779734010367,1.56,9.8,0.9,-25.4375,-36.125,-8.3125,-0.3595581,-0.45672607,-0.55352783,-0.59643555
1e,4,Right Wrist,30038446,1779734010374,-9.672488,2.0314064,0.74416786,-30.374962,-17.848888,33.543728,-140.37773,-39.671646,239.92696,0.0
1e,2,Right Ankle,1077506,1779734010374,-9.823189,1.3833866,-0.1914258,20.086637,15.626241,-21.35238,105.127205,79.384476,308.27365,0.0
1e,1,Left Ankle,4035523,1779734010399,0.17,9.99,0.99,-17.5625,-46.375,-1.6875,-0.36621094,-0.46020508,-0.54870605,-0.59417725
1e,1,Left Ankle,4035547,1779734010427,-0.22,10.05,-0.8,-5.0,-27.875,1.3125,-0.369812,-0.46313477,-0.54571533,-0.5923462
1e,1,Left Ankle,4035567,1779734010428,0.92,9.77,-1.08,-1.4375,-20.6875,5.0625,-0.37182617,-0.46588135,-0.5437012,-0.5908203
1e,2,Right Ankle,1077553,1779734010433,-10.229968,0.596148,-0.09092726,18.476637,21.50624,-33.74238,105.16897,79.464676,308.31024,0.0
1e,1,Left Ankle,4035590,1779734010456,1.13,9.6,-1.0,-7.375,-28.3125,9.8125,-0.37371826,-0.4689331,-0.5407715,-0.5899658
1e,1,Left Ankle,4035608,1779734010487,0.77,9.7,-0.61,-12.75,-37.0625,13.125,-0.37670898,-0.47277832,-0.53637695,-0.5889282
1e,1,Left Ankle,4035625,1779734010490,0.63,9.88,0.0,-12.9375,-31.75,14.5625,-0.3788452,-0.4761963,-0.5321655,-0.5886841
1e,2,Right Ankle,1077643,1779734010494,-9.849509,-1.0548996,-1.5242281,25.966637,9.326241,-21.632381,105.44542,79.531006,308.5741,0.0
1e,1,Left Ankle,4035647,1779734010516,1.07,9.67,0.2,-11.8125,-18.5625,15.125,-0.38043213,-0.47894287,-0.5283203,-0.5889282
1e,1,Left Ankle,4035663,1779734010519,0.64,9.64,0.24,-9.5,0.0,17.75,-0.3796997,-0.48010254,-0.52575684,-0.59069824
1e,4,Right Wrist,30038506,1779734010520,-7.7343006,2.4118648,0.52163535,-79.23496,38.361115,-15.036272,-140.409,-39.667904,239.92577,0.0
1e,1,Left Ankle,4035688,1779734010547,0.65,9.54,0.23,-3.5,21.0625,17.9375,-0.37695312,-0.47973633,-0.5247803,-0.5936279
1e,2,Right Ankle,1077703,1779734010554,-8.389888,0.22047485,-1.1892328,-35.63336,4.07624,1.397619,105.72105,79.57699,308.85767,0.0
1e,1,Left Ankle,4035705,1779734010578,2.23,9.53,-0.3,-2.0625,27.25,11.25,-0.37335205,-0.47802734,-0.5252075,-0.5968628
1e,4,Right Wrist,30038669,1779734010580,-0.44097748,-4.0152564,1.1365907,115.99504,3.5711117,-10.976272,-140.32425,-39.66025,239.87964,0.0
1e,1,Left Ankle,4035730,1779734010606,1.47,9.47,-0.17,-0.5625,20.625,7.75,-0.37036133,-0.47644043,-0.52593994,-0.59936523
1e,2,Right Ankle,1077763,1779734010613,-6.23874,-2.169955,0.43310088,-59.013363,-19.51376,-1.612381,105.68485,79.64704,308.84113,0.0
1e,3,Left Wrist,3835548,1779734010619,-1.3182436,-10.298412,-2.2157538,178.26578,-21.7903,69.269226,-102.37329,-31.568834,325.74567,0.0
1e,1,Left Ankle,4035753,1779734010639,1.68,9.3,-0.28,1.75,12.4375,1.8125,-0.36798096,-0.4749756,-0.5270996,-0.60095215
1e,1,Left Ankle,4035766,1779734010639,0.99,9.77,-0.6,3.125,8.6875,2.4375,-0.3673706,-0.47473145,-0.5274658,-0.6012573
1e,1,Left Ankle,4035790,1779734010665,1.29,9.84,-0.15,7.875,9.875,-0.9375,-0.36541748,-0.47399902,-0.5291748,-0.60150146
1e,4,Right Wrist,30038716,1779734010669,-1.242573,-3.4601219,0.8135597,146.51505,-19.318888,9.183728,-140.23233,-39.632885,239.85507,0.0
1e,2,Right Ankle,1077823,1779734010672,-6.8776236,-0.25569683,-1.5314064,37.236637,-3.2737598,-18.132381,106.012146,79.69186,309.15048,0.0
1e,3,Left Wrist,3835815,1779734010677,3.000801,-6.3358974,1.5457635,-134.21423,36.939697,23.629221,-102.23095,-31.386147,325.63892,0.0
1e,1,Left Ankle,4035814,1779734010697,1.84,9.58,-0.03,11.75,6.875,-7.25,-0.3638916,-0.47283936,-0.53167725,-0.60113525
1e,1,Left Ankle,4035834,1779734010698,1.8,9.52,-0.08,15.3125,0.375,-12.6875,-0.3637085,-0.47253418,-0.53411865,-0.5993042
1e,1,Left Ankle,4035856,1779734010725,0.63,9.69,-0.47,18.125,-3.5625,-13.3125,-0.36395264,-0.47265625,-0.5368042,-0.59661865
1e,2,Right Ankle,1077883,1779734010732,-7.265261,-0.48062217,-0.11246266,-44.103363,-20.35376,4.687619,106.01326,79.76463,309.16544,0.0
1e,3,Left Wrist,3835877,1779734010737,3.3118684,-9.18575,-0.54317075,-84.37423,36.7297,10.469223,-102.20783,-31.334087,325.6002,0.0
1e,1,Left Ankle,4035883,1779734010757,0.43,10.04,-0.62,21.1875,1.1875,-9.25,-0.3635254,-0.4730835,-0.5396118,-0.5940552
1e,1,Left Ankle,4035900,1779734010758,0.96,10.01,-0.11,24.125,4.8125,-2.9375,-0.3607788,-0.47387695,-0.54418945,-0.5908203
1e,1,Left Ankle,4035915,1779734010785,0.68,9.91,-0.6,22.8125,5.6875,-0.125,-0.35943604,-0.47418213,-0.5456543,-0.5900879
1e,2,Right Ankle,1077943,1779734010792,-14.541834,5.0707264,-9.059227,-3.853362,17.44624,51.79762,106.311226,79.71195,309.46008,0.0
1e,3,Left Wrist,3835938,1779734010797,3.3860455,-9.121142,-1.7300107,-74.924225,19.999699,-13.750778,-102.219734,-31.265793,325.5878,0.0
1e,1,Left Ankle,4035939,1779734010816,0.04,10.88,-1.17,19.0625,13.8125,10.5625,-0.35357666,-0.47509766,-0.548645,-0.5900879
1e,1,Left Ankle,4035960,1779734010817,0.3,10.48,-0.88,19.75,31.0625,16.125,-0.34680176,-0.4741211,-0.55163574,-0.59210205
1e,1,Left Ankle,4035984,1779734010845,1.29,10.14,-0.39,22.0625,38.1875,20.4375,-0.33917236,-0.4734497,-0.5546875,-0.5942993
1e,4,Right Wrist,30038776,1779734010848,-3.4391842,-3.2974095,-2.3306093,135.45503,-17.918888,29.553728,-140.16808,-39.569336,239.84125,0.0
1e,2,Right Ankle,1078002,1779734010853,-8.021393,4.659161,-2.9671001,-55.163364,-27.42376,51.58762,106.36172,79.63198,309.52618,0.0
1e,3,Left Wrist,3835998,1779734010857,2.7399833,-8.116158,-3.7998023,35.675777,-9.1203,-48.190777,-102.26354,-31.232498,325.62268,0.0
1e,1,Left Ankle,4036002,1779734010875,2.82,9.96,-1.24,30.9375,34.875,20.0,-0.331604,-0.47320557,-0.5581665,-0.595459
1e,1,Left Ankle,4036022,1779734010876,2.42,10.73,-1.27,32.25,34.1875,22.5625,-0.32739258,-0.47332764,-0.5599365,-0.5960083
1e,1,Left Ankle,4036044,1779734010905,4.23,11.4,-3.34,29.125,1.875,16.1875,-0.3189087,-0.47601318,-0.56378174,-0.59484863
1e,4,Right Wrist,30038969,1779734010908,-8.208079,0.23439679,-1.59362,28.56504,59.151115,-3.7662718,-140.12985,-39.501076,239.81776,0.0
1e,2,Right Ankle,1078063,1779734010913,-10.093576,0.54829156,-0.23688945,14.556637,-17.76376,9.587619,106.35286,79.70312,309.51123,0.0
1e,3,Left Wrist,3836058,1779734010917,1.9838516,-8.582758,-4.3262234,171.82578,-60.920303,-35.10078,-102.26715,-31.184978,325.67563,0.0
1e,1,Left Ankle,4036057,1779734010935,2.72,11.63,-2.56,25.375,-10.375,17.375,-0.31750488,-0.47802734,-0.5640869,-0.59368896
1e,1,Left Ankle,4036085,1779734010965,3.54,10.71,-3.06,21.6875,-22.4375,7.375,-0.3168335,-0.48461914,-0.56414795,-0.58862305
1e,1,Left Ankle,4036101,1779734010966,2.64,9.38,-2.27,14.875,-53.5,4.5,-0.319458,-0.4907837,-0.56274414,-0.58343506
1e,3,Left Wrist,3836118,1779734010977,-0.11943945,-11.133507,-5.2115674,140.32578,-65.2603,3.1892204,-102.26624,-31.110188,325.7194,0.0
1e,1,Left Ankle,4036117,1779734010999,0.88,8.78,-1.38,10.6875,-59.125,5.125,-0.32159424,-0.49420166,-0.5614624,-0.58062744
1e,2,Right Ankle,1078123,1779734011002,-9.023985,2.1514826,0.9092726,-49.353363,-15.313759,16.30762,106.002335,79.69296,309.1821,0.0
1e,1,Left Ankle,4036144,1779734011025,-0.34,8.31,-0.71,2.875,-55.6875,4.125,-0.32824707,-0.5029907,-0.5569458,-0.57366943
1e,1,Left Ankle,4036162,1779734011026,-1.2,8.02,-0.61,-1.5625,-30.125,6.5,-0.33190918,-0.5076294,-0.55352783,-0.57073975
1e,3,Left Wrist,3836178,1779734011038,1.6440707,-12.91616,-4.8454657,-33.274223,-31.4503,24.329222,-102.31221,-31.02914,325.74475,0.0
1e,1,Left Ankle,4036185,1779734011058,-2.66,7.78,0.25,-0.3125,-26.625,7.625,-0.33361816,-0.51068115,-0.55145264,-0.5690918
1e,1,Left Ankle,4036201,1779734011059,-2.17,6.46,2.97,-9.1875,-12.5,1.875,-0.33520508,-0.5120239,-0.5496216,-0.56866455
1e,1,Left Ankle,4036217,1779734011086,-2.18,6.72,2.52,-15.75,-10.75,-2.4375,-0.3366089,-0.51208496,-0.548584,-0.56884766
1e,2,Right Ankle,1078183,1779734011094,-9.102949,0.45257863,0.15074782,-2.873362,-10.27376,-7.2823806,105.906654,79.76137,309.08844,0.0
1e,3,Left Wrist,3836238,1779734011099,3.6827557,-8.254941,-4.2017965,-96.76423,-7.370301,28.109222,-102.40694,-30.9865,325.7765,0.0
1e,1,Left Ankle,4036240,1779734011119,-2.11,7.07,-0.98,-1.375,35.25,-27.375,-0.33764648,-0.50567627,-0.55163574,-0.5710449
1e,1,Left Ankle,4036260,1779734011119,-2.18,7.54,-0.99,10.875,65.0,-33.1875,-0.3345337,-0.49761963,-0.55822754,-0.5734253
1e,3,Left Wrist,3836297,1779734011158,4.218748,-6.761821,-4.0438704,5.2957764,6.8396997,20.829222,-102.470894,-30.974508,325.80704,0.0
1e,1,Left Ankle,4036293,1779734011176,0.34,6.65,-1.87,15.5625,72.9375,-36.8125,-0.32989502,-0.487854,-0.56689453,-0.5760498
1e,1,Left Ankle,4036301,1779734011177,4.26,6.19,1.98,12.5,51.75,-34.875,-0.3265381,-0.47943115,-0.5743408,-0.5775757
1e,4,Right Wrist,30039046,1779734011185,-8.193723,-4.3837514,-2.737389,20.445042,14.7711115,-82.72627,-140.12901,-39.481636,239.83632,0.0
1e,1,Left Ankle,4036324,1779734011207,10.72,6.46,1.73,-8.75,37.625,-39.0625,-0.32617188,-0.47155762,-0.57958984,-0.57910156
1e,1,Left Ankle,4036344,1779734011207,0.1,10.7,-2.6,-16.0,28.3125,20.6875,-0.32354736,-0.46740723,-0.58044434,-0.5830078
1e,2,Right Ankle,1078273,1779734011213,-9.234554,0.33293754,0.18424734,-3.7833622,-1.1737598,-17.43238,105.839806,79.83289,309.0242,0.0
1e,3,Left Wrist,3836358,1779734011217,3.8430748,-7.7309136,-4.725825,50.795776,15.099699,31.11922,-102.514366,-30.943697,325.8321,0.0
1e,1,Left Ankle,4036360,1779734011235,-3.27,12.11,-2.18,-8.25,45.0,5.5625,-0.3192749,-0.4650879,-0.5797119,-0.58795166
1e,1,Left Ankle,4036380,1779734011265,-1.91,12.73,-3.6,-7.0625,45.8125,-25.1875,-0.31652832,-0.45776367,-0.58325195,-0.5916748
1e,1,Left Ankle,4036405,1779734011265,8.46,12.23,-6.24,-8.25,-17.9375,-49.5625,-0.32196045,-0.4529419,-0.5859375,-0.5897827
1e,2,Right Ankle,1078466,1779734011273,-9.289589,0.90721494,-0.14356935,5.8066382,17.096241,7.627619,105.80174,79.96181,308.986,0.0
1e,3,Left Wrist,3836417,1779734011278,2.7136621,-8.917753,-5.0943193,18.805777,3.1296997,72.83922,-102.56106,-30.875265,325.85382,0.0
1e,1,Left Ankle,4036425,1779734011300,1.24,13.39,-1.06,-49.375,-65.625,-44.5625,-0.33459473,-0.45196533,-0.58270264,-0.58673096
1e,1,Left Ankle,4036450,1779734011327,-6.91,5.14,-1.8,-59.5625,-42.0625,-53.5625,-0.34942627,-0.44848633,-0.5777588,-0.5856323
1e,1,Left Ankle,4036467,1779734011327,-2.67,7.93,-2.17,-40.25,16.5,-30.3125,-0.3569336,-0.44213867,-0.57611084,-0.58758545
1e,2,Right Ankle,1078485,1779734011333,-9.356588,-0.33944565,0.059820566,3.7066379,16.95624,9.097619,105.83789,80.0283,309.02112,0.0
1e,1,Left Ankle,4036490,1779734011356,1.64,11.3,0.13,-30.0625,39.1875,-9.125,-0.35699463,-0.43548584,-0.5758667,-0.59265137
1e,1,Left Ankle,4036508,1779734011385,0.99,11.09,2.17,-26.4375,22.375,-3.625,-0.35681152,-0.430542,-0.5751343,-0.59710693
1e,1,Left Ankle,4036528,1779734011387,0.7,8.93,0.6,-20.375,-2.4375,-10.5625,-0.35906982,-0.42797852,-0.5737915,-0.598938
1e,4,Right Wrist,30039416,1779734011389,-5.7697935,-5.40788,-0.19381864,-32.82496,-12.458889,95.14372,-140.07845,-39.351055,239.77509,0.0
1e,2,Right Ankle,1078542,1779734011393,-10.402251,0.6918609,-0.16031912,24.636637,14.92624,-4.8323812,105.86482,80.09975,309.04013,0.0
1e,3,Left Wrist,3836478,1779734011398,1.1535423,-9.891633,-4.1754756,-17.594223,-21.090302,97.12923,-102.60138,-30.772707,325.87115,0.0
1e,1,Left Ankle,4036549,1779734011419,-0.18,10.11,-0.12,-14.4375,-22.25,-0.5625,-0.36236572,-0.4284668,-0.57128906,-0.598938
1e,1,Left Ankle,4036567,1779734011447,-0.1,10.11,0.28,-8.25,-19.3125,4.6875,-0.36572266,-0.43139648,-0.5679321,-0.59802246
1e,1,Left Ankle,4036585,1779734011447,0.06,9.66,-0.33,-5.3125,-15.0,9.625,-0.3668213,-0.43341064,-0.5657959,-0.5979004
1e,2,Right Ankle,1078603,1779734011452,-9.516908,0.12954761,-1.8711873,1.3966379,22.69624,-11.5523815,106.245476,80.133644,309.41617,0.0
1e,3,Left Wrist,3836641,1779734011458,2.4672015,-9.33889,-0.35653055,-48.954224,5.019699,110.49922,-102.567825,-30.574625,325.83646,0.0
1e,1,Left Ankle,4036606,1779734011477,0.58,9.86,-0.83,-5.375,-16.6875,12.0,-0.3675537,-0.43579102,-0.5634155,-0.5979614
1e,1,Left Ankle,4036628,1779734011505,0.2,9.9,-0.22,-8.3125,-17.0625,17.6875,-0.36676025,-0.4373169,-0.56134033,-0.59924316
1e,1,Left Ankle,4036648,1779734011506,0.9,9.8,0.15,-6.75,-22.0625,16.5625,-0.36743164,-0.44049072,-0.55810547,-0.59954834
1e,2,Right Ankle,1078663,1779734011512,-8.901952,0.33533034,-1.5290138,-17.293362,9.746241,-7.5623813,106.591515,80.16713,309.76373,0.0
1e,3,Left Wrist,3836660,1779734011517,2.637092,-8.312369,-0.08374879,-58.12422,11.179699,102.09922,-102.533775,-30.49643,325.79886,0.0
1e,1,Left Ankle,4036664,1779734011535,0.07,9.63,-0.33,-6.1875,-28.1875,17.75,-0.3687744,-0.444458,-0.55462646,-0.5991211
1e,1,Left Ankle,4036689,1779734011565,0.53,9.62,-0.16,-4.4375,-22.875,20.4375,-0.37023926,-0.4492798,-0.55059814,-0.5982666
1e,1,Left Ankle,4036704,1779734011566,0.69,9.84,-0.16,-0.375,-11.0,21.6875,-0.37005615,-0.4505005,-0.5498047,-0.59820557
1e,4,Right Wrist,30039570,1779734011569,-8.07169,2.1725826,-4.438686,48.93504,21.841112,20.523727,-140.07959,-39.24331,239.75616,0.0
1e,2,Right Ankle,1078723,1779734011572,-7.7557898,1.4503856,-0.98105735,-40.463364,2.32624,-4.692381,106.8614,80.13947,310.04376,0.0
1e,3,Left Wrist,3836718,1779734011578,3.424331,-6.7402844,0.13878371,-69.11423,22.239698,55.829224,-102.49216,-30.467234,325.75534,0.0
1e,1,Left Ankle,4036729,1779734011600,0.78,9.81,0.0,2.75,-4.0,20.4375,-0.3684082,-0.4552002,-0.54663086,-0.59851074
1e,1,Left Ankle,4036750,1779734011627,1.54,9.53,-0.16,5.125,2.125,15.875,-0.36627197,-0.45654297,-0.5463257,-0.5991211
1e,1,Left Ankle,4036771,1779734011629,1.53,9.4,0.04,6.25,3.0,10.1875,-0.36535645,-0.4570923,-0.5463257,-0.5993042
1e,3,Left Wrist,3836778,1779734011639,3.9005024,-6.034402,0.15553348,-37.12422,25.4597,14.109222,-102.442276,-30.477568,325.71506,0.0
1e,1,Left Ankle,4036793,1779734011661,0.96,9.73,-0.2,7.875,3.0,5.125,-0.36309814,-0.45794678,-0.5473633,-0.59906006
1e,4,Right Wrist,30039719,1779734011661,-2.6184459,-2.079463,-3.2805598,-68.59496,-2.168888,-81.60628,-140.12773,-39.17041,239.79373,0.0
1e,2,Right Ankle,1078783,1779734011664,-6.329667,-0.56676376,0.08135597,-22.823362,-5.58376,-19.042381,106.87564,80.217026,310.06567,0.0
1e,1,Left Ankle,4036811,1779734011687,1.16,9.66,-0.33,13.25,11.25,-4.8125,-0.36132812,-0.45715332,-0.5496826,-0.5985718
1e,1,Left Ankle,4036830,1779734011689,1.55,9.67,-0.36,16.6875,12.375,-12.75,-0.35998535,-0.45581055,-0.5529175,-0.5974121
1e,3,Left Wrist,3836837,1779734011699,4.9533443,-6.974782,0.33020952,-28.864223,23.7097,-28.870777,-102.39459,-30.510975,325.68066,0.0
1e,1,Left Ankle,4036851,1779734011719,0.97,9.72,-0.18,18.5,13.4375,-15.125,-0.35882568,-0.45404053,-0.5570679,-0.5956421
1e,1,Left Ankle,4036866,1779734011719,1.33,9.66,-0.11,22.0,14.375,-22.0,-0.35772705,-0.4522705,-0.5599365,-0.59490967
1e,1,Left Ankle,4036891,1779734011747,0.35,9.83,0.04,22.8125,14.0625,-18.8125,-0.35601807,-0.4492798,-0.5671387,-0.59143066
1e,3,Left Wrist,3836898,1779734011758,5.3792667,-8.4846525,-0.30388847,-25.574223,22.3797,-47.84078,-102.34294,-30.541908,325.6464,0.0
1e,1,Left Ankle,4036906,1779734011777,0.07,10.66,-1.41,20.875,14.75,-16.0625,-0.35534668,-0.4484253,-0.56921387,-0.5904541
1e,2,Right Ankle,1078843,1779734011786,-6.681412,-0.3250887,-0.59342,39.966637,-6.4237595,-21.422382,107.09648,80.291695,310.2696,0.0
1e,1,Left Ankle,4036931,1779734011810,0.32,9.07,-0.95,14.875,22.625,-4.8125,-0.35186768,-0.44586182,-0.5741577,-0.5897217
1e,3,Left Wrist,3836958,1779734011819,5.005986,-11.2076845,-1.7443677,33.71578,11.739698,-47.84078,-102.29567,-30.495798,325.628,0.0
1e,1,Left Ankle,4036954,1779734011838,0.82,8.85,-0.75,14.6875,25.6875,-3.6875,-0.34857178,-0.4439087,-0.57733154,-0.59002686
1e,1,Left Ankle,4036971,1779734011844,0.85,9.92,-0.65,14.1875,21.75,0.375,-0.3460083,-0.44335938,-0.5794678,-0.58984375
1e,4,Right Wrist,30039796,1779734011844,-3.104189,-3.3883374,-1.4739788,-169.25496,-27.57889,-85.31628,-140.1886,-39.136078,239.81734,0.0
1e,1,Left Ankle,4036991,1779734011870,0.44,9.74,-0.39,18.8125,16.1875,4.4375,-0.34265137,-0.44311523,-0.5819092,-0.5895996
1e,1,Left Ankle,4037011,1779734011870,0.19,9.05,-0.81,20.25,13.8125,7.4375,-0.3388672,-0.44403076,-0.5839844,-0.5890503
1e,3,Left Wrist,3837018,1779734011877,4.012965,-13.686648,-5.369494,112.04578,-27.1803,-23.900776,-102.304634,-30.441908,325.6619,0.0
1e,1,Left Ankle,4037034,1779734011895,0.03,9.95,-1.17,21.5,5.8125,20.125,-0.33465576,-0.44708252,-0.5845947,-0.588501
1e,1,Left Ankle,4037051,1779734011925,0.46,9.91,-0.98,21.1875,-0.8125,32.625,-0.3300171,-0.45141602,-0.5843506,-0.58813477
1e,1,Left Ankle,4037067,1779734011926,1.01,9.66,-1.56,21.25,0.1875,33.375,-0.32720947,-0.4533081,-0.5843506,-0.5881958
1e,4,Right Wrist,30039990,1779734011929,-7.8132644,-4.7187467,1.2514462,92.615036,-5.458889,13.733728,-140.14853,-39.090244,239.80093,0.0
1e,2,Right Ankle,1079037,1779734011933,-10.464465,0.8904652,0.33978084,36.95664,-26.58376,36.67762,107.18998,80.28461,310.36356,0.0
1e,3,Left Wrist,3837078,1779734011937,0.028915714,-13.011872,-8.257631,84.81577,-47.6903,41.339222,-102.332306,-30.365252,325.70227,0.0
1e,1,Left Ankle,4037093,1779734011961,1.7,10.91,-1.12,21.3125,9.875,33.8125,-0.31915283,-0.4590454,-0.58428955,-0.5881958
1e,1,Left Ankle,4037110,1779734011985,0.96,10.7,-0.97,18.25,16.625,34.125,-0.31304932,-0.46124268,-0.5843506,-0.5897217
1e,3,Left Wrist,3837138,1779734011997,0.7539409,-15.6200485,-10.348958,48.905777,-5.1303005,98.17922,-102.36488,-30.276232,325.72253,0.0
1e,1,Left Ankle,4037133,1779734012019,1.84,9.58,-2.21,7.5625,15.6875,28.0,-0.30810547,-0.46276855,-0.5834961,-0.59198
1e,4,Right Wrist,30040037,1779734012019,-9.213065,-4.752246,1.2658032,59.43504,-0.068888664,26.683727,-140.10394,-39.057693,239.78038,0.0
1e,1,Left Ankle,4037151,1779734012019,1.47,9.81,-1.05,-4.875,30.3125,31.3125,-0.30255127,-0.46307373,-0.5821533,-0.59594727
1e,2,Right Ankle,1079160,1779734012023,-9.29916,1.3044235,-0.16271193,-14.143362,-5.6537595,-0.842381,107.24044,80.35225,310.4069,0.0
1e,1,Left Ankle,4037167,1779734012045,1.61,9.01,-1.55,-6.0625,39.5,29.625,-0.29937744,-0.46240234,-0.58166504,-0.59851074
1e,1,Left Ankle,4037191,1779734012045,1.46,8.28,-1.31,-6.875,54.1875,30.125,-0.28826904,-0.4586792,-0.58081055,-0.607605
1e,3,Left Wrist,3837198,1779734012058,3.6109707,-12.061921,-6.6257257,-76.674225,-14.510301,151.16922,-102.44418,-30.179382,325.7435,0.0
1e,1,Left Ankle,4037207,1779734012076,1.32,8.24,-1.41,-7.875,52.4375,31.0625,-0.2843628,-0.45733643,-0.58044434,-0.6107788
1e,1,Left Ankle,4037230,1779734012106,1.06,8.22,-1.58,-7.9375,40.3125,26.75,-0.27520752,-0.45489502,-0.5783081,-0.6187744
1e,1,Left Ankle,4037253,1779734012106,1.8,7.91,-1.97,-3.75,30.8125,23.0,-0.26983643,-0.45343018,-0.57751465,-0.6229248
1e,3,Left Wrist,3837258,1779734012118,4.7020984,-7.4007044,-2.7326033,-33.204224,-32.990303,152.70923,-102.52058,-30.13196,325.77582,0.0
1e,1,Left Ankle,4037273,1779734012138,1.54,7.94,-1.69,-1.75,27.8125,22.375,-0.26513672,-0.45269775,-0.5769043,-0.62609863
1e,2,Right Ankle,1079203,1779734012146,-10.107934,0.2444031,0.86141616,-63.563362,-4.9537597,-17.152382,107.0549,80.41073,310.24585,0.0
1e,1,Left Ankle,4037293,1779734012170,1.76,8.02,-0.73,-1.625,22.3125,13.75,-0.26135254,-0.4517212,-0.5765381,-0.62872314
1e,3,Left Wrist,3837318,1779734012178,5.283554,-6.314362,-0.8135597,15.375776,-14.720301,125.96922,-102.48361,-30.148272,325.75607,0.0
1e,1,Left Ankle,4037317,1779734012195,2.28,8.38,-0.49,-3.0625,15.3125,5.125,-0.25897217,-0.4505005,-0.576416,-0.63061523
1e,1,Left Ankle,4037338,1779734012196,2.6,8.15,-0.17,-0.75,6.25,-8.5625,-0.2588501,-0.4489746,-0.57702637,-0.6312256
1e,4,Right Wrist,30040126,1779734012203,-9.00489,-5.0441704,1.5984055,29.125038,1.2611113,30.393728,-140.06737,-39.02555,239.7572,0.0
1e,2,Right Ankle,1079397,1779734012204,-8.94263,0.5052208,0.06460621,-8.823362,14.92624,39.89762,106.788216,80.51347,309.99048,0.0
1e,1,Left Ankle,4037354,1779734012228,3.11,10.09,-0.69,0.375,2.0,-18.5625,-0.26031494,-0.44714355,-0.57836914,-0.63067627
1e,3,Left Wrist,3837377,1779734012238,7.8271246,-6.146865,0.3278167,-18.434223,8.519699,85.85922,-102.45661,-30.175217,325.73114,0.0
1e,1,Left Ankle,4037378,1779734012260,5.25,12.32,-2.24,0.5625,-0.875,-29.5,-0.26293945,-0.444458,-0.58044434,-0.62957764
1e,1,Left Ankle,4037399,1779734012260,6.1,14.24,-3.17,5.125,3.875,-39.0625,-0.26605225,-0.44073486,-0.58392334,-0.62768555
1e,2,Right Ankle,1079416,1779734012262,-8.988093,1.4695282,0.26081768,-8.963362,18.77624,42.69762,106.48781,80.509865,309.69757,0.0
1e,1,Left Ankle,4037415,1779734012286,2.37,12.71,-2.53,14.4375,11.5625,-43.25,-0.269104,-0.4359131,-0.5889282,-0.6251221
1e,4,Right Wrist,30040320,1779734012289,-6.2172513,-8.078269,2.538785,-20.15496,5.391112,-13.706272,-140.00787,-38.987072,239.72603,0.0
1e,3,Left Wrist,3837438,1779734012299,12.490736,-6.7115703,-0.9212367,-4.0842233,10.4797,5.00922,-102.450005,-30.241373,325.7237,0.0
1e,1,Left Ankle,4037440,1779734012320,6.25,13.59,-3.07,18.8125,15.0625,-46.8125,-0.27160645,-0.42803955,-0.5974121,-0.6213379
1e,1,Left Ankle,4037458,1779734012320,5.04,16.87,-3.55,13.5625,20.0,-36.0,-0.2720337,-0.42547607,-0.59991455,-0.62054443
1e,1,Left Ankle,4037484,1779734012345,5.09,13.5,-2.1,5.125,34.875,-29.25,-0.2715454,-0.41625977,-0.6068115,-0.6203003
1e,4,Right Wrist,30040396,1779734012348,-9.012068,-4.4435716,-1.1964114,-111.50496,-19.598888,-17.136272,-140.04137,-38.95053,239.72958,0.0
1e,3,Left Wrist,3837498,1779734012357,14.639491,-14.301603,0.7872386,137.10577,-120.0703,-112.17078,-102.393394,-30.318554,325.76193,0.0
1e,1,Left Ankle,4037500,1779734012378,4.85,10.82,-1.28,3.375,33.0625,-19.25,-0.2695923,-0.41027832,-0.61035156,-0.62164307
1e,1,Left Ankle,4037519,1779734012378,0.04,1.82,1.15,-2.75,9.9375,-12.5625,-0.27087402,-0.40893555,-0.61065674,-0.6217041
1e,3,Left Wrist,3837558,1779734012418,15.596621,-14.658134,-0.4139583,19.295776,-189.79031,-158.16078,-102.40228,-30.4153,325.83594,0.0
1e,1,Left Ankle,4037550,1779734012436,0.04,-1.09,2.87,7.3125,-14.4375,-26.5625,-0.2741089,-0.40844727,-0.6116333,-0.6195679
1e,1,Left Ankle,4037559,1779734012437,10.33,-0.79,-0.46,14.625,6.6875,-35.5,-0.26989746,-0.40527344,-0.6157837,-0.6194458
1e,1,Left Ankle,4037585,1779734012465,5.58,2.26,-4.47,32.375,82.8125,179.1875,-0.24230957,-0.4133911,-0.61169434,-0.62945557
1e,1,Left Ankle,4037603,1779734012466,2.38,7.5,1.49,43.5,42.6875,184.5625,-0.21411133,-0.42803955,-0.60583496,-0.63549805
1e,4,Right Wrist,30040486,1779734012468,-12.295021,-4.563213,1.8065811,-220.49496,124.39111,60.703728,-140.06839,-38.94504,239.66382,0.0
1e,3,Left Wrist,3837618,1779734012478,10.59562,-14.574386,5.0440702,60.385777,-304.1003,-163.69078,-102.39689,-30.46224,325.9439,0.0
1e,1,Left Ankle,4037619,1779734012496,1.66,8.2,3.03,32.8125,13.25,173.4375,-0.1953125,-0.44628906,-0.59661865,-0.63775635
1e,1,Left Ankle,4037652,1779734012525,-2.79,5.12,4.04,-14.75,-116.3125,126.5625,-0.19128418,-0.46948242,-0.5826416,-0.6352539
1e,1,Left Ankle,4037660,1779734012526,-6.99,8.28,2.07,-24.9375,-144.25,116.375,-0.19610596,-0.49450684,-0.5661011,-0.62976074
1e,4,Right Wrist,30040650,1779734012529,-2.2930222,-2.9576287,1.509871,15.82504,118.30112,138.75372,-139.93544,-38.936134,239.46019,0.0
1e,3,Left Wrist,3837678,1779734012538,9.080963,-8.405689,9.284152,136.61577,-361.92032,-156.90077,-102.38387,-30.505291,326.07806,0.0
1e,1,Left Ankle,4037684,1779734012555,-11.7,10.15,3.12,-25.875,-80.5,48.0,-0.20111084,-0.5098877,-0.5545654,-0.62615967
1e,1,Left Ankle,4037700,1779734012563,-14.04,8.72,5.18,-40.1875,-63.0,-25.75,-0.21051025,-0.5149536,-0.5489502,-0.62384033
1e,1,Left Ankle,4037721,1779734012586,30.44,16.08,-31.96,-42.0,-60.375,-109.1875,-0.2296753,-0.5117798,-0.54956055,-0.6191406
1e,4,Right Wrist,30040668,1779734012588,-1.474677,-2.3905296,0.9762716,39.695038,94.92111,131.19373,-139.84044,-38.91342,239.36534,0.0
1e,3,Left Wrist,3837738,1779734012597,11.131613,-6.2401853,11.480763,186.10577,-420.1603,-159.07077,-102.3701,-30.549524,326.2378,0.0
1e,1,Left Ankle,4037743,1779734012621,12.15,11.1,10.41,24.875,-191.9375,-76.4375,-0.24511719,-0.5108032,-0.5654297,-0.59942627
1e,2,Right Ankle,1079473,1779734012622,-9.009629,2.1323402,-1.1653047,-33.18336,16.18624,41.15762,106.67766,80.44068,309.89648,0.0
1e,1,Left Ankle,4037767,1779734012645,-32.13,5.02,2.43,-58.125,-113.75,-8.125,-0.25793457,-0.52160645,-0.5526123,-0.5966797
1e,1,Left Ankle,4037787,1779734012647,7.46,3.71,-3.76,-11.0,17.5625,-144.0625,-0.27075195,-0.51379395,-0.5532837,-0.59710693
1e,4,Right Wrist,30040726,1779734012649,2.9305096,-2.2852457,0.83748794,45.085037,27.021112,104.66373,-139.75507,-38.922188,239.29512,0.0
1e,3,Left Wrist,3837798,1779734012657,4.046465,-2.713164,18.915262,351.44577,-352.8203,-189.03078,-102.29008,-30.594671,326.37534,0.0
1e,2,Right Ankle,1079843,1779734012682,-7.6911836,3.5823905,-1.916651,20.646637,12.26624,2.587619,106.81999,80.13333,310.04718,0.0
1e,1,Left Ankle,4037804,1779734012705,10.55,16.52,0.03,9.1875,101.375,-98.1875,-0.27386475,-0.49383545,-0.5680542,-0.59869385
1e,1,Left Ankle,4037828,1779734012707,-8.11,10.01,4.7,-9.6875,55.5,-85.375,-0.2775879,-0.47894287,-0.57592773,-0.6015625
1e,4,Right Wrist,30040787,1779734012708,4.3470607,-2.1129625,1.1126626,-31.284962,-83.64889,106.20373,-139.72614,-38.90884,239.26274,0.0
1e,3,Left Wrist,3837858,1779734012718,5.185448,-18.422045,18.764515,58.005775,-225.49031,-230.47078,-102.27916,-30.651793,326.4611,0.0
1e,1,Left Ankle,4037849,1779734012738,0.68,8.34,-0.17,-29.0,33.625,-113.0,-0.28466797,-0.46307373,-0.5845337,-0.602417
1e,1,Left Ankle,4037864,1779734012738,4.34,9.75,-0.44,-30.5625,-2.125,-108.4375,-0.2966919,-0.44934082,-0.5911865,-0.60046387
1e,2,Right Ankle,1079893,1779734012746,-8.937843,3.4603567,-0.3589234,10.286638,1.5562402,-6.1623807,106.68398,80.064865,309.90982,0.0
1e,1,Left Ankle,4037894,1779734012770,0.22,10.71,1.79,-41.0,-67.5625,-97.125,-0.32458496,-0.44018555,-0.59155273,-0.5924072
1e,1,Left Ankle,4037911,1779734012770,-3.85,10.93,2.2,-4.625,-4.25,-73.4375,-0.33721924,-0.43572998,-0.59332275,-0.586792
1e,3,Left Wrist,3837917,1779734012778,9.332211,-20.398516,29.733215,-24.314224,12.7897,-136.67078,-102.24678,-30.70062,326.44522,0.0
1e,1,Left Ankle,4037934,1779734012798,0.37,9.81,-2.49,1.625,-3.125,-77.9375,-0.34429932,-0.42871094,-0.59954834,-0.58154297
1e,4,Right Wrist,30040846,1779734012799,3.976173,10.365607,2.8761728,29.895039,-212.65889,22.623728,-139.77081,-38.870777,239.33002,0.0
1e,2,Right Ankle,1079953,1779734012804,-8.435351,2.8382227,-1.8305094,22.816637,9.326241,-30.17238,106.9054,80.016685,310.12112,0.0
1e,1,Left Ankle,4037951,1779734012829,0.08,10.39,-1.64,18.625,-23.0,-53.625,-0.3503418,-0.4255371,-0.6043091,-0.5753174
1e,1,Left Ankle,4037970,1779734012829,0.19,9.93,0.12,20.75,-38.5625,-50.375,-0.35827637,-0.42596436,-0.6069946,-0.5671997
1e,3,Left Wrist,3837978,1779734012839,14.010179,-23.74129,49.021755,-89.97423,344.4497,123.44922,-102.16101,-30.687654,326.27643,0.0
1e,4,Right Wrist,30040906,1779734012861,-0.5271192,7.9751782,2.8689942,118.58504,-278.2489,26.613728,-139.79193,-38.804234,239.4126,0.0
1e,1,Left Ankle,4037992,1779734012887,-0.41,9.79,-1.35,19.25,-57.4375,-42.4375,-0.36694336,-0.4286499,-0.60821533,-0.5582886
1e,1,Left Ankle,4038010,1779734012888,-1.41,9.2,0.19,31.875,-44.75,-32.5625,-0.37286377,-0.43164062,-0.6102905,-0.5496826
1e,2,Right Ankle,1080013,1779734012894,-9.708332,4.2188816,-1.713261,82.31664,-17.483759,-62.30238,106.99787,79.967186,310.18402,0.0
1e,3,Left Wrist,3838038,1779734012899,36.919064,-19.494028,65.21638,88.52577,649.29974,378.3192,-101.943085,-30.620169,325.96652,0.0
1e,1,Left Ankle,4038041,1779734012920,-0.95,9.22,0.57,41.125,-35.625,-27.6875,-0.37646484,-0.43444824,-0.61364746,-0.54119873
1e,4,Right Wrist,30040997,1779734012920,-6.738887,-2.5580275,7.221539,171.85504,-187.1789,-45.62627,-139.75523,-38.757816,239.46962,0.0
1e,1,Left Ankle,4038051,1779734012920,-0.27,8.56,0.2,40.625,-58.625,-28.5,-0.3817749,-0.43896484,-0.6161499,-0.5309448
1e,1,Left Ankle,4038080,1779734012947,0.49,10.69,-3.66,31.625,-69.6875,-29.9375,-0.3887329,-0.44415283,-0.61694336,-0.52056885
1e,2,Right Ankle,1080073,1779734012954,-7.777325,1.5915623,-3.87398,61.45664,-10.1337595,-62.16238,107.35519,79.96726,310.51523,0.0
1e,3,Left Wrist,3838098,1779734012959,71.227356,-25.942688,63.57969,296.70578,781.10974,413.66922,-101.6268,-30.560575,325.6029,0.0
1e,1,Left Ankle,4038098,1779734012979,-2.3,11.04,-2.76,28.6875,-65.625,-34.375,-0.39672852,-0.4484253,-0.6174927,-0.51013184
1e,4,Right Wrist,30041056,1779734012979,-8.734501,-10.203096,4.462614,50.96504,-126.62888,-45.27627,-139.73874,-38.71412,239.50212,0.0
1e,1,Left Ankle,4038114,1779734013007,-3.29,8.47,-1.55,31.5625,-40.0,-22.5625,-0.4017334,-0.45196533,-0.6187744,-0.50146484
1e,1,Left Ankle,4038143,1779734013009,-1.09,7.77,-2.74,31.5625,-8.5625,-10.25,-0.4020996,-0.45404053,-0.621521,-0.49591064
1e,2,Right Ankle,1080163,1779734013014,-10.330467,-0.45669398,-1.5529418,37.376637,-6.35376,-24.082382,107.65228,80.02917,310.79504,0.0
1e,3,Left Wrist,3838158,1779734013020,67.410805,-13.545472,-0.3278167,-73.45422,580.6297,47.70922,-101.52955,-30.647612,325.36646,0.0
1e,1,Left Ankle,4038159,1779734013038,0.43,9.61,-3.49,15.25,-14.9375,-9.875,-0.4033203,-0.45599365,-0.62298584,-0.49121094
1e,1,Left Ankle,4038178,1779734013039,-1.43,8.86,-3.27,-0.1875,-34.0,-11.4375,-0.4055786,-0.4567871,-0.6222534,-0.48950195
1e,4,Right Wrist,30041117,1779734013040,-6.475676,-9.949457,-1.7730815,31.715038,-48.22889,-72.64628,-139.71965,-38.678932,239.5207,0.0
1e,1,Left Ankle,4038199,1779734013066,-2.03,8.34,-5.17,-14.4375,-34.5,-11.125,-0.41363525,-0.4578247,-0.61834717,-0.48675537
1e,2,Right Ankle,1080223,1779734013073,-8.851702,0.64400446,-0.66041905,3.2866378,19.47624,-43.402378,107.93824,80.10541,311.0775,0.0
1e,3,Left Wrist,3838218,1779734013079,31.989845,1.220636,-16.567904,-54.764225,93.9197,18.729221,-101.57405,-30.710157,325.35068,0.0
1e,1,Left Ankle,4038216,1779734013098,-1.77,8.22,-3.33,-22.5625,-12.1875,-2.625,-0.4159546,-0.45819092,-0.6164551,-0.4868164
1e,1,Left Ankle,4038241,1779734013104,-1.13,9.13,-2.65,-44.25,2.75,-0.75,-0.42004395,-0.45404053,-0.61224365,-0.49243164
1e,1,Left Ankle,4038256,1779734013129,-1.12,9.25,-2.39,-49.5,3.1875,-0.8125,-0.42181396,-0.45214844,-0.61035156,-0.4951172
1e,4,Right Wrist,30041176,1779734013130,-9.009675,-10.207881,-4.855037,-125.71496,-27.57889,9.743728,-139.74527,-38.621468,239.51212,0.0
1e,3,Left Wrist,3838278,1779734013139,-0.25343758,-1.8014989,2.926422,46.105778,-159.13031,64.08922,-101.54664,-30.66814,325.38785,0.0
1e,1,Left Ankle,4038283,1779734013157,-1.36,9.21,-1.81,-56.5625,2.125,-0.25,-0.42803955,-0.44586182,-0.60339355,-0.5038452
1e,1,Left Ankle,4038300,1779734013164,-1.77,9.66,-0.84,-56.0,7.0625,3.6875,-0.43151855,-0.44152832,-0.5987549,-0.5102539
1e,2,Right Ankle,1080283,1779734013164,-8.744025,-1.2630752,-2.9503503,6.786638,14.3662405,-30.17238,108.336296,80.14719,311.46875,0.0
1e,1,Left Ankle,4038321,1779734013187,-1.33,9.81,-0.15,-52.0625,8.625,7.625,-0.43377686,-0.43743896,-0.5944214,-0.5168457
1e,4,Right Wrist,30041266,1779734013189,-4.5733824,3.1847465,-1.0911272,94.29504,35.141113,50.203728,-139.71957,-38.602524,239.49998,0.0
1e,3,Left Wrist,3838338,1779734013199,-5.309472,-7.18535,9.805787,0.3957764,-10.100301,38.679222,-101.51111,-30.634214,325.37045,0.0
1e,1,Left Ankle,4038342,1779734013221,-1.49,9.69,-0.21,-47.3125,7.625,11.9375,-0.43572998,-0.4342041,-0.5899048,-0.5230713
1e,2,Right Ankle,1080343,1779734013224,-8.760775,-0.20784038,-2.6656044,-4.553362,-6.9137597,-20.722382,108.68851,80.17479,311.81732,0.0
1e,1,Left Ankle,4038366,1779734013246,-1.13,9.98,0.11,-39.25,7.3125,19.625,-0.43701172,-0.4328003,-0.585022,-0.52856445
1e,1,Left Ankle,4038381,1779734013249,-0.92,9.87,0.37,-30.125,10.1875,26.75,-0.43615723,-0.4319458,-0.5810547,-0.5343628
1e,4,Right Wrist,30041327,1779734013250,-3.690431,-4.3000026,0.18185452,-2.16496,51.45111,25.773727,-139.67578,-38.57933,239.45776,0.0
1e,3,Left Wrist,3838398,1779734013259,-0.23190205,-1.3779691,2.9479575,-38.454224,1.7996993,16.279222,-101.48385,-30.622433,325.3482,0.0
1e,1,Left Ankle,4038404,1779734013280,-1.09,10.16,-0.04,-21.125,4.0625,30.5,-0.43450928,-0.4326172,-0.5772095,-0.53930664
1e,2,Right Ankle,1080433,1779734013284,-10.969351,-1.3635737,-1.8424734,-27.373363,-4.8837595,-19.392382,108.9651,80.23789,312.09943,0.0
1e,1,Left Ankle,4038428,1779734013306,-0.86,9.55,0.57,-14.125,-5.8125,35.875,-0.43292236,-0.43511963,-0.572937,-0.5430908
1e,1,Left Ankle,4038448,1779734013309,-1.41,9.95,-0.65,-7.875,-12.75,42.1875,-0.4319458,-0.43841553,-0.5687866,-0.54559326
1e,4,Right Wrist,30041386,1779734013309,-3.4894338,-2.433601,-1.4715859,-54.03496,38.081112,27.383728,-139.67006,-38.53774,239.43001,0.0
1e,3,Left Wrist,3838458,1779734013318,2.9816585,-1.9953176,7.6091757,2.7057765,-5.620301,-5.280777,-101.445,-30.63392,325.33087,0.0
1e,1,Left Ankle,4038466,1779734013338,-1.23,9.82,-0.73,-4.0,-11.875,48.875,-0.42980957,-0.44439697,-0.5633545,-0.5480957
1e,2,Right Ankle,1080493,1779734013343,-9.916509,-0.12887725,-1.3830514,-15.123362,-11.253759,-3.922381,109.240234,80.29117,312.37524,0.0
1e,1,Left Ankle,4038490,1779734013366,-0.84,9.93,-0.75,-0.5,-4.375,54.75,-0.4227295,-0.45281982,-0.5566406,-0.55352783
1e,1,Left Ankle,4038513,1779734013369,-0.63,10.1,-1.15,9.25,2.9375,59.0625,-0.41577148,-0.45819092,-0.55340576,-0.5576172
1e,4,Right Wrist,30041446,1779734013370,-2.9055848,0.84456635,-2.1056838,7.4250402,31.991112,31.653728,-139.68767,-38.501743,239.43033,0.0
1e,3,Left Wrist,3838518,1779734013378,2.2279193,-3.7037926,8.58784,-67.08423,16.1497,-11.300777,-101.42405,-30.642551,325.30417,0.0
1e,1,Left Ankle,4038532,1779734013397,1.03,9.5,0.02,11.875,3.0625,56.0625,-0.4091797,-0.46398926,-0.55023193,-0.560791
1e,2,Right Ankle,1080553,1779734013403,-8.657884,3.5799978,-2.8450663,-9.383362,-22.10376,31.427618,109.35824,80.22523,312.49295,0.0
1e,1,Left Ankle,4038553,1779734013427,0.75,9.35,0.26,10.5625,0.3125,54.875,-0.4033203,-0.4699707,-0.5467529,-0.5635376
1e,1,Left Ankle,4038568,1779734013428,-0.1,10.02,-0.55,10.4375,-2.6875,54.5625,-0.39978027,-0.47235107,-0.5454712,-0.5652466
1e,3,Left Wrist,3838578,1779734013439,-1.7609155,-4.5029955,6.802795,-95.43423,38.899696,-6.4707794,-101.41049,-30.6337,325.2692,0.0
1e,1,Left Ankle,4038594,1779734013456,1.25,9.7,-0.31,16.75,6.125,43.625,-0.3904419,-0.47979736,-0.54248047,-0.5684204
1e,2,Right Ankle,1080613,1779734013464,-7.904145,2.5941548,-3.1058836,36.04664,2.9562402,85.047615,109.57293,80.15322,312.69058,0.0
1e,1,Left Ankle,4038611,1779734013488,1.06,9.64,-0.42,19.75,8.0625,42.625,-0.38397217,-0.48431396,-0.5413208,-0.5701294
1e,4,Right Wrist,30041610,1779734013490,-2.754837,-4.603891,-4.2711883,90.935036,27.231112,-100.29627,-139.67899,-38.447845,239.47208,0.0
1e,3,Left Wrist,3838638,1779734013499,-2.42612,-5.912368,3.359523,-188.32423,67.1097,3.3292198,-101.42617,-30.60424,325.2237,0.0
1e,2,Right Ankle,1080673,1779734013523,-4.34841,-4.7278824,-0.39960137,-52.29336,-21.19376,61.45762,109.6158,80.19757,312.7484,0.0
1e,1,Left Ankle,4038635,1779734013547,1.12,9.58,-0.42,21.5625,6.875,40.0,-0.37780762,-0.48876953,-0.54052734,-0.571167
1e,1,Left Ankle,4038652,1779734013549,1.04,9.73,-0.41,24.75,3.625,35.375,-0.37219238,-0.49298096,-0.54016113,-0.5715332
1e,4,Right Wrist,30041629,1779734013550,-3.551647,-5.0992055,-4.9124646,45.925037,21.981112,-105.68628,-139.67322,-38.413456,239.4966,0.0
1e,3,Left Wrist,3838698,1779734013558,-1.5503473,-5.024631,-0.34456646,-224.86423,91.189705,15.719221,-101.472916,-30.540901,325.1797,0.0
1e,1,Left Ankle,4038671,1779734013575,0.51,9.87,-0.13,25.625,4.1875,35.1875,-0.3703003,-0.49450684,-0.54016113,-0.57147217
1e,1,Left Ankle,4038690,1779734013580,1.44,10.09,-0.38,27.4375,4.375,30.5,-0.36151123,-0.5006714,-0.5404663,-0.57141113
1e,1,Left Ankle,4038713,1779734013580,1.76,9.47,-0.9,28.5625,-4.25,33.125,-0.3560791,-0.5055542,-0.5402832,-0.5706787
1e,2,Right Ankle,1080733,1779734013583,-22.340044,19.66455,-13.761124,20.506638,-11.673759,34.15762,109.71357,80.11823,312.83636,0.0
1e,3,Left Wrist,3838758,1779734013617,-1.0981039,-1.528717,-2.778067,-142.40422,86.4997,24.11922,-101.57199,-30.490648,325.17783,0.0
1e,1,Left Ankle,4038733,1779734013639,1.1,9.54,-0.75,28.625,-14.25,43.75,-0.35076904,-0.51208496,-0.5389404,-0.569458
1e,1,Left Ankle,4038751,1779734013639,0.02,10.23,-0.7,26.3125,-22.9375,49.9375,-0.3456421,-0.52020264,-0.5359497,-0.5680542
1e,4,Right Wrist,30041686,1779734013639,-6.7173514,-2.9289153,-5.302495,-51.86496,7.3511114,-122.626274,-139.72514,-38.389004,239.54189,0.0
1e,2,Right Ankle,1080793,1779734013672,-7.839538,6.642811,0.34456646,-72.87336,-42.82376,53.26762,109.38146,80.04517,312.5308,0.0
1e,3,Left Wrist,3838818,1779734013677,-1.6508465,-3.7396853,-5.611169,-56.094223,61.0897,2.7692223,-101.64677,-30.446682,325.18765,0.0
1e,1,Left Ankle,4038774,1779734013698,1.04,10.42,-1.06,26.25,-23.5,51.5,-0.34039307,-0.52838135,-0.5327759,-0.5666504
1e,1,Left Ankle,4038791,1779734013698,0.99,9.86,-0.64,26.4375,-23.8125,52.6875,-0.33502197,-0.53692627,-0.52923584,-0.56518555
1e,1,Left Ankle,4038814,1779734013698,1.22,9.74,-0.94,23.3125,-28.375,51.625,-0.33026123,-0.5454712,-0.52526855,-0.5634155
1e,4,Right Wrist,30041747,1779734013698,-6.1382885,-1.8138597,-3.7926238,-52.144962,-3.078888,-101.416275,-139.77429,-38.362564,239.58281,0.0
1e,1,Left Ankle,4038840,1779734013725,0.67,9.59,-0.93,18.625,-26.9375,51.75,-0.32611084,-0.553772,-0.520813,-0.56188965
1e,1,Left Ankle,4038857,1779734013726,0.55,9.3,-3.13,11.9375,-12.25,47.5625,-0.32165527,-0.56048584,-0.5166626,-0.5616455
1e,3,Left Wrist,3838877,1779734013737,-0.5429694,-4.6011014,-5.733203,-41.814224,29.379698,3.1892204,-101.72385,-30.40555,325.21042,0.0
1e,1,Left Ankle,4038880,1779734013755,0.43,9.41,-3.11,12.9375,23.4375,46.0625,-0.3135376,-0.5626221,-0.5155029,-0.56518555
1e,1,Left Ankle,4038900,1779734013756,1.63,8.85,-2.44,18.3125,67.6875,41.1875,-0.29644775,-0.55999756,-0.5170288,-0.5755005
1e,4,Right Wrist,30041836,1779734013758,-6.714958,-5.635197,-2.0793629,-89.384964,4.201112,-70.40627,-139.80096,-38.337532,239.59396,0.0
1e,1,Left Ankle,4038914,1779734013785,3.08,9.53,-1.88,15.25,89.25,34.8125,-0.29003906,-0.5574341,-0.5184326,-0.57995605
1e,3,Left Wrist,3838938,1779734013797,0.77547586,-4.1823573,-6.5563345,-6.6742234,24.1997,-8.500778,-101.79763,-30.385712,325.24,0.0
1e,1,Left Ankle,4038939,1779734013815,4.05,9.54,-2.25,11.1875,95.8125,25.9375,-0.277771,-0.5512085,-0.5215454,-0.5890503
1e,1,Left Ankle,4038954,1779734013816,5.64,10.43,-1.94,5.125,88.9375,10.75,-0.26757812,-0.5435791,-0.5252075,-0.5975952
1e,4,Right Wrist,30041896,1779734013824,-7.1456666,-6.4032936,-1.387837,-87.91496,12.251112,-50.87627,-139.8181,-38.31392,239.59401,0.0
1e,1,Left Ankle,4038976,1779734013847,2.02,10.31,-1.36,-10.3125,61.9375,2.1875,-0.26281738,-0.5371094,-0.52667236,-0.60424805
1e,2,Right Ankle,1080957,1779734013852,-9.093377,0.5578629,-0.29192436,-21.073362,-18.60376,8.957619,109.62854,80.16363,312.777,0.0
1e,3,Left Wrist,3838998,1779734013857,-0.06919044,-5.309377,-8.551949,-42.094223,27.2797,18.379221,-101.88084,-30.349741,325.26544,0.0
1e,1,Left Ankle,4038999,1779734013875,2.61,10.37,-2.21,-12.8125,35.375,-27.0,-0.26391602,-0.52716064,-0.5309448,-0.6087036
1e,1,Left Ankle,4039014,1779734013881,2.93,9.84,-1.71,-10.3125,5.375,-56.6875,-0.2672119,-0.52423096,-0.53289795,-0.60809326
1e,4,Right Wrist,30041957,1779734013881,-7.5739822,-7.683454,0.12921242,-83.08496,7.911112,-31.836273,-139.82533,-38.291245,239.58577,0.0
1e,1,Left Ankle,4039040,1779734013906,1.9,8.13,-1.44,-11.8125,4.125,-59.9375,-0.27374268,-0.51794434,-0.5371704,-0.60687256
1e,2,Right Ankle,1081080,1779734013912,-9.1101265,2.5056202,-0.1914258,-9.593362,-0.9637598,-10.572382,109.041954,80.067505,312.21207,0.0
1e,3,Left Wrist,3839058,1779734013917,1.2755759,-2.62463,-7.8317084,-24.244223,-5.480301,30.559221,-101.9719,-30.328722,325.3069,0.0
1e,1,Left Ankle,4039058,1779734013939,1.44,8.41,-1.87,-8.75,-6.3125,-66.1875,-0.28155518,-0.5117798,-0.5418091,-0.6043091
1e,1,Left Ankle,4039076,1779734013939,0.86,7.83,-0.77,-10.25,-16.9375,-70.6875,-0.2913208,-0.50665283,-0.54589844,-0.6003418
1e,4,Right Wrist,30042016,1779734013939,-7.463912,-7.843773,1.5266209,-80.634964,-6.8588886,7.8537283,-139.82416,-38.260742,239.56717,0.0
1e,1,Left Ankle,4039099,1779734013967,2.58,7.5,-0.7,-16.0625,-35.75,-79.75,-0.3032837,-0.501709,-0.5496216,-0.5951538
1e,3,Left Wrist,3839118,1779734013978,2.8739815,-3.6009016,-6.3170514,2.4957764,-15.6303005,33.009224,-102.05107,-30.3168,325.34982,0.0
1e,1,Left Ankle,4039116,1779734013998,3.09,6.7,-0.33,-17.0625,-38.5625,-74.125,-0.31610107,-0.49780273,-0.5522461,-0.58929443
1e,1,Left Ankle,4039140,1779734014000,2.08,5.75,-0.16,-16.0,-5.125,-55.5,-0.32989502,-0.4902954,-0.5560303,-0.58447266
1e,1,Left Ankle,4039156,1779734014027,2.95,5.54,-0.73,-14.3125,3.5625,-47.0625,-0.3326416,-0.4874878,-0.55737305,-0.5839844
1e,3,Left Wrist,3839178,1779734014040,3.7473617,-1.9833534,-4.436293,0.7457764,-30.750301,21.389221,-102.131004,-30.33671,325.39804,0.0
1e,1,Left Ankle,4039182,1779734014058,3.2,5.29,-0.41,-15.3125,4.6875,-33.375,-0.3399048,-0.4814453,-0.5588379,-0.583374
1e,1,Left Ankle,4039200,1779734014064,4.28,5.72,3.04,-33.625,9.0625,-15.125,-0.34490967,-0.47827148,-0.55700684,-0.5848999
1e,1,Left Ankle,4039221,1779734014089,10.5,7.68,-5.93,14.0,64.3125,15.375,-0.33953857,-0.47314453,-0.55999756,-0.5892334
1e,3,Left Wrist,3839238,1779734014098,3.8741813,-1.21765,-3.979264,45.265778,-25.3603,2.3492203,-102.192245,-30.373722,325.4443,0.0
1e,1,Left Ankle,4039240,1779734014116,4.2,23.11,-16.25,58.3125,40.5,32.5625,-0.3347168,-0.4755249,-0.55981445,-0.590271
1e,1,Left Ankle,4039262,1779734014117,10.39,17.29,-3.42,-4.125,8.3125,-132.1875,-0.34698486,-0.463562,-0.5652466,-0.5875244
1e,2,Right Ankle,1081123,1779734014123,-9.105342,1.7279531,-0.37088752,-6.513362,-0.6837598,-17.712381,108.7464,80.03443,311.92346,0.0
1e,1,Left Ankle,4039286,1779734014148,-0.32,0.58,5.71,-57.875,-17.3125,-19.6875,-0.35614014,-0.45898438,-0.5629883,-0.5878296
1e,4,Right Wrist,30042077,1779734014148,-6.8369923,-6.010871,1.6007984,-77.90496,-16.37889,39.42373,-139.81967,-38.221718,239.54216,0.0
1e,3,Left Wrist,3839298,1779734014158,1.1439707,-2.5408812,-5.2426744,51.635777,-23.0503,-6.540779,-102.25898,-30.361782,325.49435,0.0
1e,1,Left Ankle,4039303,1779734014176,-3.42,5.31,-5.35,-27.0625,-45.75,-31.9375,-0.36761475,-0.4576416,-0.5593872,-0.5852051
1e,1,Left Ankle,4039318,1779734014181,-3.72,10.14,-2.61,-25.3125,-31.1875,-16.625,-0.3711548,-0.45794678,-0.55755615,-0.5845337
1e,2,Right Ankle,1081317,1779734014182,-9.047914,1.8140947,0.22971097,1.9566379,21.78624,2.7976189,108.441666,80.09389,311.62567,0.0
1e,1,Left Ankle,4039344,1779734014206,0.54,14.72,-2.47,-15.8125,6.875,-9.0625,-0.37548828,-0.45446777,-0.5578613,-0.5841675
1e,3,Left Wrist,3839358,1779734014217,-1.6867385,-9.786348,-6.3720865,49.815777,-46.430298,0.2492218,-102.29531,-30.293724,325.53513,0.0
1e,1,Left Ankle,4039361,1779734014240,-2.68,12.17,-2.35,-4.375,9.5,-22.0,-0.3765869,-0.45129395,-0.55914307,-0.5847168
1e,4,Right Wrist,30042343,1779734014240,-8.717751,0.7057821,-0.009571291,14.285041,-3.288888,72.74372,-139.78073,-38.091763,239.45589,0.0
1e,2,Right Ankle,1081393,1779734014242,-10.605641,1.5652411,-0.5407779,24.846638,13.246241,-12.25238,108.52335,80.16982,311.69858,0.0
1e,1,Left Ankle,4039384,1779734014266,3.08,6.85,1.78,-1.5,-0.375,-25.4375,-0.37982178,-0.4501953,-0.5593872,-0.5831909
1e,1,Left Ankle,4039401,1779734014266,1.52,9.84,0.33,-11.8125,-42.1875,-0.3125,-0.3847046,-0.45336914,-0.5554199,-0.5812988
1e,3,Left Wrist,3839417,1779734014278,-2.5314043,-12.43281,-3.708875,-21.794224,-10.590301,54.49922,-102.31217,-30.201153,325.5394,0.0
1e,1,Left Ankle,4039426,1779734014299,-1.13,10.41,-0.31,-1.8125,-16.25,-7.0,-0.38793945,-0.45483398,-0.5539551,-0.5794678
1e,4,Right Wrist,30042376,1779734014299,-6.226823,2.459722,-2.1511476,44.87504,2.9411116,38.023727,-139.77872,-38.057667,239.45581,0.0
1e,1,Left Ankle,4039441,1779734014299,-0.27,9.52,-0.97,-0.0625,0.6875,-0.25,-0.38824463,-0.45489502,-0.5539551,-0.57922363
1e,1,Left Ankle,4039461,1779734014325,0.73,9.72,-0.51,-3.8125,-4.875,2.3125,-0.38861084,-0.45513916,-0.5533447,-0.5793457
1e,3,Left Wrist,3839478,1779734014337,0.0648077,-7.6926284,-3.4025939,13.765777,12.089699,80.049225,-102.334496,-30.105452,325.5443,0.0
1e,1,Left Ankle,4039490,1779734014355,0.4,9.78,-0.64,-7.9375,-12.25,4.0625,-0.38983154,-0.45611572,-0.5515747,-0.57940674
1e,1,Left Ankle,4039509,1779734014385,-0.06,9.81,-0.25,-5.25,-7.1875,6.0,-0.39056396,-0.4574585,-0.5494385,-0.579895
1e,2,Right Ankle,1081453,1779734014392,-9.177126,1.2278532,-2.6488547,2.0266376,10.23624,-25.412382,108.88785,80.16619,312.0581,0.0
1e,3,Left Wrist,3839538,1779734014398,1.3401824,-8.757435,-1.7395821,28.955776,36.4497,91.94922,-102.308784,-30.00232,325.51984,0.0
1e,1,Left Ankle,4039533,1779734014417,0.32,9.79,0.08,-0.8125,0.0625,6.8125,-0.38970947,-0.45806885,-0.5489502,-0.5805054
1e,1,Left Ankle,4039549,1779734014417,0.26,9.89,-0.33,2.6875,2.0625,8.9375,-0.3883667,-0.45892334,-0.54870605,-0.5809326
1e,4,Right Wrist,30042436,1779734014425,-3.9847476,-1.7516462,-1.3567305,48.585037,21.981112,-16.366272,-139.7558,-38.02525,239.45168,0.0
1e,1,Left Ankle,4039567,1779734014448,0.35,9.61,-0.39,5.0625,1.6875,9.8125,-0.3880005,-0.45910645,-0.54907227,-0.5806885
1e,1,Left Ankle,4039593,1779734014448,0.27,9.49,-0.66,6.375,1.125,10.9375,-0.38555908,-0.46105957,-0.54888916,-0.58099365
1e,1,Left Ankle,4039612,1779734014477,0.49,9.66,-0.39,7.6875,1.75,10.625,-0.38391113,-0.4625244,-0.5487671,-0.5809326
1e,4,Right Wrist,30042600,1779734014480,-2.9725838,-2.2134612,-2.6464617,14.285041,1.2611113,-4.4662714,-139.72723,-37.936466,239.44405,0.0
1e,3,Left Wrist,3839598,1779734014489,1.9910301,-7.6352005,-1.5984055,25.385777,29.099699,87.67922,-102.28782,-29.89926,325.49954,0.0
1e,1,Left Ankle,4039630,1779734014507,0.59,9.75,-0.45,8.5,4.6875,9.125,-0.38250732,-0.46289062,-0.54992676,-0.5805664
1e,1,Left Ankle,4039651,1779734014508,0.75,9.79,-0.37,11.875,6.9375,5.5,-0.38079834,-0.46313477,-0.55133057,-0.58013916
1e,1,Left Ankle,4039668,1779734014537,0.85,9.6,-0.48,13.1875,7.0625,3.4375,-0.3798828,-0.46325684,-0.55218506,-0.579834
1e,4,Right Wrist,30042619,1779734014540,-3.0754755,-3.8477592,-2.2468605,-23.65496,5.3211117,-3.5562723,-139.71564,-37.886284,239.43164,0.0
1e,2,Right Ankle,1081647,1779734014544,-7.552399,0.799538,-1.0504491,94.77664,1.6262403,-16.94238,109.579,80.17957,312.71088,0.0
1e,3,Left Wrist,3839658,1779734014548,2.2638118,-7.6974134,0.21535404,73.54578,17.339699,62.129223,-102.20747,-29.839085,325.4632,0.0
1e,1,Left Ankle,4039693,1779734014567,0.78,9.65,-0.55,15.625,1.3125,-0.8125,-0.37756348,-0.46417236,-0.55474854,-0.578125
1e,1,Left Ankle,4039708,1779734014574,0.78,9.72,-0.49,16.9375,0.0625,-2.3125,-0.37713623,-0.46453857,-0.55578613,-0.57714844
1e,1,Left Ankle,4039733,1779734014598,0.38,9.81,-0.37,18.6875,0.0,-4.3125,-0.3760376,-0.46539307,-0.55908203,-0.5739746
1e,2,Right Ankle,1081769,1779734014603,-6.3607736,-0.047521282,-0.42113677,-7.213362,-17.97376,16.30762,110.041115,80.30353,313.13388,0.0
1e,3,Left Wrist,3839748,1779734014608,3.30469,-8.142479,0.34695926,2.3557763,-9.820301,16.20922,-102.15247,-29.80816,325.4381,0.0
1e,1,Left Ankle,4039753,1779734014626,0.2,9.92,-0.29,20.0,4.4375,-1.75,-0.37438965,-0.46606445,-0.56140137,-0.5722046
1e,1,Left Ankle,4039772,1779734014632,-0.04,9.63,-0.81,19.875,5.8125,0.8125,-0.3720703,-0.46704102,-0.56347656,-0.57092285
1e,4,Right Wrist,30042676,1779734014632,-3.9847476,-1.4453648,-2.3569303,-106.46496,25.131111,7.713728,-139.75218,-37.842445,239.42513,0.0
1e,1,Left Ankle,4039792,1779734014658,-0.13,9.41,-1.42,20.0625,3.25,13.75,-0.3690796,-0.46905518,-0.56469727,-0.5700073
1e,2,Right Ankle,1081813,1779734014664,-17.918108,-0.44472983,2.3832514,-65.03336,-1.5237597,60.26762,109.82184,80.33529,312.9388,0.0
1e,3,Left Wrist,3839808,1779734014668,2.7136621,-7.943875,0.46660042,-15.914223,-13.390301,-24.81078,-102.10909,-29.784395,325.41937,0.0
1e,1,Left Ankle,4039812,1779734014691,0.23,9.66,-1.15,19.8125,5.5,18.75,-0.3652954,-0.47149658,-0.56555176,-0.5695801
1e,1,Left Ankle,4039836,1779734014718,0.4,9.83,-1.15,19.125,7.125,21.3125,-0.3607788,-0.47406006,-0.5661011,-0.5697632
1e,1,Left Ankle,4039855,1779734014718,0.42,10.01,-0.86,20.0625,12.75,24.6875,-0.35534668,-0.47631836,-0.56695557,-0.5704346
1e,1,Left Ankle,4039892,1779734014751,1.9,9.4,-1.58,21.9375,9.875,21.8125,-0.3441162,-0.48083496,-0.5689087,-0.57159424
1e,1,Left Ankle,4039871,1779734014751,1.05,10.7,-0.48,21.875,17.1875,26.875,-0.3493042,-0.47857666,-0.5678711,-0.5713501
1e,3,Left Wrist,3839868,1779734014757,1.976673,-9.0278225,-2.0219352,39.525776,-27.9503,-29.78078,-102.10452,-29.717024,325.4341,0.0
1e,1,Left Ankle,4039916,1779734014775,2.05,10.31,-2.17,22.875,1.1875,21.8125,-0.3399048,-0.4840088,-0.569458,-0.57092285
1e,2,Right Ankle,1081873,1779734014785,-6.774732,5.5277557,-1.2394822,23.166637,-22.313759,59.21762,109.676,80.244316,312.78467,0.0
1e,1,Left Ankle,4039941,1779734014809,1.94,11.39,-2.35,20.75,5.125,23.3125,-0.33325195,-0.4887085,-0.5703125,-0.5699463
1e,3,Left Wrist,3839928,1779734014817,0.7850474,-11.8633175,-5.1373906,107.84577,-72.2603,-5.7707787,-102.11639,-29.64614,325.48044,0.0
1e,1,Left Ankle,4039961,1779734014835,3.2,11.25,-3.27,16.625,6.0,20.375,-0.33129883,-0.48986816,-0.5704346,-0.5700073
1e,2,Right Ankle,1082037,1779734014843,-9.1101265,1.4575641,-0.11964113,-14.493362,0.3662402,-0.07238102,109.43361,80.20034,312.54736,0.0
1e,1,Left Ankle,4039984,1779734014866,3.22,11.76,-4.41,6.875,3.8125,21.1875,-0.3274536,-0.49346924,-0.5689087,-0.5706177
1e,1,Left Ankle,4040001,1779734014866,3.06,10.29,-4.75,2.6875,-19.75,12.25,-0.32733154,-0.496521,-0.5671387,-0.5698242
1e,3,Left Wrist,3840018,1779734014878,-0.7559306,-11.336897,-8.544769,59.055775,-23.9603,28.739222,-102.153496,-29.579039,325.51422,0.0
1e,1,Left Ankle,4040018,1779734014901,3.23,9.18,-3.63,-0.125,-32.0625,11.0625,-0.32836914,-0.4985962,-0.56573486,-0.5687866
1e,4,Right Wrist,30042766,1779734014901,-6.238787,-1.608077,-0.44506502,-31.284962,7.211112,-33.586273,-139.76234,-37.820595,239.43044,0.0
1e,1,Left Ankle,4040044,1779734014926,1.01,8.25,-2.33,-8.6875,-67.75,4.375,-0.33721924,-0.5075073,-0.5586548,-0.5626831
1e,1,Left Ankle,4040060,1779734014926,-1.74,8.1,-2.31,-8.125,-40.875,6.5,-0.3416748,-0.51190186,-0.5545654,-0.5600586
1e,2,Right Ankle,1082056,1779734014934,-8.916308,1.9361287,-0.60777694,-16.943361,-0.47375977,-6.092381,109.36721,80.12845,312.48785,0.0
1e,3,Left Wrist,3840078,1779734014941,2.2494547,-10.937296,-4.0366917,-39.504223,37.9197,40.49922,-102.19193,-29.501316,325.51254,0.0
1e,1,Left Ankle,4040090,1779734014959,-2.97,6.64,-0.77,-3.25,-49.0,4.125,-0.34576416,-0.5163574,-0.5510254,-0.55688477
1e,1,Left Ankle,4040107,1779734014985,-2.4,6.7,0.15,-7.0625,-67.375,-3.875,-0.35235596,-0.5218506,-0.54693604,-0.5516968
1e,1,Left Ankle,4040124,1779734014987,-1.25,6.07,1.23,-10.25,-70.6875,-15.5,-0.36193848,-0.5275879,-0.5419922,-0.54486084
1e,2,Right Ankle,1082143,1779734014993,-9.224983,0.9694283,-0.16989042,-7.493362,-0.89375985,-19.882381,109.280464,80.19821,312.4053,0.0
1e,3,Left Wrist,3840138,1779734014997,4.436495,-7.077673,-3.3714871,-67.36423,28.1197,43.089222,-102.27426,-29.491999,325.5304,0.0
1e,1,Left Ankle,4040146,1779734015017,-1.27,6.41,0.72,-6.0,-33.5,-24.375,-0.3687744,-0.5292969,-0.54034424,-0.54022217
1e,4,Right Wrist,30043063,1779734015019,-6.41107,-6.9129653,2.103291,-46.964962,8.121112,-30.086273,-139.71442,-37.781998,239.41118,0.0
1e,1,Left Ankle,4040166,1779734015045,-2.42,7.17,1.58,-0.5625,24.8125,-19.5625,-0.37054443,-0.5266113,-0.5425415,-0.53948975
1e,1,Left Ankle,4040191,1779734015046,-0.67,6.81,-0.08,15.75,112.3125,-20.125,-0.3597412,-0.5123291,-0.5551758,-0.54766846
1e,2,Right Ankle,1082203,1779734015052,-9.186698,0.64400446,0.043070808,1.9566379,5.89624,-10.50238,109.20381,80.263565,312.3296,0.0
1e,3,Left Wrist,3840198,1779734015058,4.8025966,-5.840584,-4.168297,-47.554222,-13.600301,42.879223,-102.35978,-29.495907,325.56558,0.0
1e,1,Left Ankle,4040206,1779734015076,-0.12,6.31,5.31,12.6875,110.125,-10.75,-0.3544922,-0.5070801,-0.5595703,-0.55145264
1e,1,Left Ankle,4040231,1779734015105,17.3,9.75,-3.24,-21.75,95.0,12.75,-0.34558105,-0.48736572,-0.56884766,-0.56518555
1e,1,Left Ankle,4040251,1779734015106,-0.24,13.17,-5.21,-18.5625,67.5,19.125,-0.33770752,-0.48266602,-0.5671387,-0.57562256
1e,2,Right Ankle,1082263,1779734015113,-9.033557,1.1393187,-0.26799613,1.1866379,16.95624,3.987619,109.11763,80.32149,312.24515,0.0
1e,3,Left Wrist,3840258,1779734015117,3.0462644,-6.249756,-6.922436,-66.66423,-39.710304,57.36922,-102.46089,-29.460716,325.61197,0.0
1e,1,Left Ankle,4040266,1779734015135,-0.54,18.34,-9.24,-8.0,41.1875,-4.8125,-0.3363037,-0.48016357,-0.56811523,-0.57751465
1e,4,Right Wrist,30043156,1779734015143,-5.477869,-5.0776696,0.930808,-49.62496,-21.978888,-0.6862719,-139.70917,-37.748577,239.40141,0.0
1e,1,Left Ankle,4040291,1779734015167,15.89,16.0,-4.33,-9.75,-20.625,-79.0625,-0.34991455,-0.47406006,-0.5708008,-0.5718384
1e,1,Left Ankle,4040308,1779734015167,-7.27,9.63,0.97,-40.4375,-55.4375,-16.5,-0.35498047,-0.47473145,-0.5678711,-0.5710449
1e,3,Left Wrist,3840318,1779734015178,-1.2129595,-8.534902,-7.6977105,-99.07423,-19.270302,101.67922,-102.552795,-29.371435,325.63913,0.0
1e,1,Left Ankle,4040331,1779734015202,-1.03,6.03,-1.04,-29.9375,12.625,-41.6875,-0.36657715,-0.46636963,-0.56762695,-0.5708618
1e,2,Right Ankle,1082323,1779734015203,-9.224983,0.5435059,-0.44027936,2.0966382,25.07624,1.467619,109.281,80.39068,312.40686,0.0
1e,1,Left Ankle,4040353,1779734015226,-3.02,7.6,-1.67,-27.6875,19.1875,-19.5,-0.36865234,-0.46118164,-0.567688,-0.57373047
1e,1,Left Ankle,4040370,1779734015227,1.15,9.17,0.4,-22.3125,-7.1875,-17.3125,-0.37225342,-0.4580078,-0.56707764,-0.5745239
1e,4,Right Wrist,30043320,1779734015229,-9.220244,-4.1037908,2.1631117,-23.374962,-31.568888,73.16373,-139.66234,-37.659424,239.3724,0.0
1e,3,Left Wrist,3840378,1779734015238,-0.48314884,-9.769599,-4.900501,-99.424225,-21.2303,121.06923,-102.623085,-29.260902,325.65482,0.0
1e,1,Left Ankle,4040396,1779734015258,1.83,11.94,-0.53,-23.0625,-23.375,-8.4375,-0.37713623,-0.45758057,-0.5640869,-0.57458496
1e,2,Right Ankle,1082383,1779734015263,-10.332859,1.512599,-1.3040884,4.336638,19.05624,-8.75238,109.6512,80.38323,312.7715,0.0
1e,1,Left Ankle,4040415,1779734015287,0.0,12.31,-1.36,-10.1875,-13.0,-11.75,-0.38104248,-0.45758057,-0.5623169,-0.5737915
1e,1,Left Ankle,4040431,1779734015289,0.96,9.24,0.39,-8.0,-13.375,-10.4375,-0.38391113,-0.4570923,-0.56170654,-0.572876
1e,4,Right Wrist,30043367,1779734015289,-8.868499,-1.8569309,1.2251252,-9.16496,-13.928888,62.523727,-139.6457,-37.61729,239.3496,0.0
1e,3,Left Wrist,3840438,1779734015299,1.2037913,-9.078073,-2.6009982,-28.794224,-33.5503,149.76923,-102.64647,-29.132626,325.66132,0.0
1e,1,Left Ankle,4040453,1779734015318,-0.62,9.71,-0.38,-8.8125,-21.375,0.875,-0.38659668,-0.458313,-0.55963135,-0.5720825
1e,1,Left Ankle,4040481,1779734015347,0.11,9.27,0.1,-5.75,-21.875,2.625,-0.3885498,-0.45977783,-0.5578003,-0.57141113
1e,2,Right Ankle,1082473,1779734015353,-9.741833,0.15347582,-2.0051854,7.416638,17.58624,-26.322382,110.05927,80.41573,313.17285,0.0
1e,3,Left Wrist,3840498,1779734015359,2.395417,-8.17837,-1.2083755,-0.2342236,-37.6103,131.56923,-102.62319,-29.016584,325.65237,0.0
1e,1,Left Ankle,4040499,1779734015377,0.17,9.92,-0.83,-6.8125,-27.8125,9.625,-0.39190674,-0.46435547,-0.55303955,-0.57006836
1e,1,Left Ankle,4040515,1779734015377,0.2,9.8,-0.91,-5.25,-29.8125,11.625,-0.39312744,-0.4663086,-0.55114746,-0.569397
1e,1,Left Ankle,4040542,1779734015405,0.18,10.05,-0.61,-3.1875,-26.875,13.4375,-0.3947754,-0.46990967,-0.54797363,-0.5683594
1e,3,Left Wrist,3840558,1779734015417,2.7758758,-6.9843526,-1.3447663,12.9257765,-22.9803,110.14922,-102.60092,-28.904432,325.64328,0.0
1e,1,Left Ankle,4040559,1779734015435,0.18,9.69,-0.67,-0.875,-23.125,14.6875,-0.39642334,-0.4749756,-0.54418945,-0.5666504
1e,4,Right Wrist,30043426,1779734015443,-6.9303126,-1.3831519,1.2227323,28.075039,9.031112,35.22373,-139.6173,-37.58866,239.3292,0.0
1e,1,Left Ankle,4040603,1779734015468,0.12,9.76,-0.64,2.875,-14.25,19.5625,-0.39672852,-0.4814453,-0.5397949,-0.5652466
1e,1,Left Ankle,4040586,1779734015468,0.2,9.58,-0.57,0.6875,-19.875,17.6875,-0.39672852,-0.47851562,-0.5415039,-0.56604004
1e,3,Left Wrist,3840618,1779734015477,2.0987072,-6.328719,-1.0408778,-41.464222,-10.800301,85.71922,-102.590706,-28.804585,325.62888,0.0
1e,1,Left Ankle,4040621,1779734015495,0.5,9.73,-0.61,5.0625,-8.125,21.0625,-0.39556885,-0.48413086,-0.5383911,-0.56500244
1e,2,Right Ankle,1082533,1779734015502,-8.813417,0.15826148,-1.4620147,8.116638,-0.26375985,-23.10238,110.420586,80.45866,313.52682,0.0
1e,1,Left Ankle,4040641,1779734015526,0.56,9.7,-0.79,6.75,-4.9375,21.8125,-0.39349365,-0.48712158,-0.5368042,-0.5654297
1e,1,Left Ankle,4040661,1779734015526,0.73,9.71,-0.72,8.1875,-3.4375,21.3125,-0.3904419,-0.4892578,-0.53619385,-0.5662842
1e,3,Left Wrist,3840678,1779734015540,0.43090954,-5.737692,-0.8733803,-69.04423,4.809699,40.63922,-102.59881,-28.719963,325.617,0.0
1e,1,Left Ankle,4040681,1779734015557,0.96,9.84,-0.99,8.5625,-1.625,19.5625,-0.3880005,-0.49188232,-0.53515625,-0.5667114
1e,1,Left Ankle,4040701,1779734015557,1.02,9.63,-0.73,10.125,1.25,17.0625,-0.385437,-0.49401855,-0.53466797,-0.5670166
1e,1,Left Ankle,4040721,1779734015585,1.01,9.66,-0.64,13.0625,5.5625,13.875,-0.38220215,-0.49542236,-0.5352173,-0.56744385
1e,2,Right Ankle,1082727,1779734015592,-7.4184017,0.83303744,-1.3136597,16.936638,-12.583759,22.81762,110.72617,80.38223,313.83282,0.0
1e,3,Left Wrist,3840738,1779734015597,-0.37786418,-8.250156,-2.2731814,40.015778,-4.9903007,49.949223,-102.59171,-28.627972,325.61847,0.0
1e,1,Left Ankle,4040750,1779734015617,1.12,9.71,-0.64,16.0,7.8125,11.6875,-0.37945557,-0.49645996,-0.536438,-0.5671997
1e,1,Left Ankle,4040765,1779734015617,1.21,9.76,-0.47,18.375,7.625,8.875,-0.3764038,-0.49700928,-0.5383301,-0.56695557
1e,4,Right Wrist,30043589,1779734015619,-3.0874393,-2.1297126,-0.5096712,-8.53496,16.241112,17.233728,-139.56862,-37.528664,239.2888,0.0
1e,1,Left Ankle,4040789,1779734015645,1.24,9.74,-0.69,19.6875,8.125,6.8125,-0.3725586,-0.4981079,-0.54119873,-0.56585693
1e,3,Left Wrist,3840798,1779734015657,0.39501756,-4.5101743,-2.792424,-44.404224,-4.850301,38.11922,-102.65847,-28.56084,325.64188,0.0
1e,1,Left Ankle,4040805,1779734015676,0.6,9.78,-0.58,20.0625,7.75,8.625,-0.37091064,-0.49871826,-0.5420532,-0.56555176
1e,4,Right Wrist,30043770,1779734015679,-4.3293147,-2.4288154,-0.43070808,2.5250401,20.93111,6.2437277,-139.53946,-37.4577,239.25868,0.0
1e,1,Left Ankle,4040830,1779734015705,0.4,9.28,-1.44,20.1875,9.5,11.875,-0.36517334,-0.5008545,-0.54437256,-0.5652466
1e,1,Left Ankle,4040850,1779734015706,0.41,9.92,-1.72,20.6875,16.5,22.3125,-0.36010742,-0.5025635,-0.54541016,-0.56591797
1e,3,Left Wrist,3840858,1779734015718,0.11266426,-5.060523,-2.8833513,-48.604225,-7.440301,44.97922,-102.72071,-28.484413,325.66272,0.0
1e,1,Left Ankle,4040865,1779734015735,0.8,9.71,-0.93,21.125,21.0625,22.8125,-0.35668945,-0.50286865,-0.54644775,-0.56677246
1e,1,Left Ankle,4040891,1779734015765,1.47,9.53,-0.72,21.1875,28.8125,22.0,-0.35028076,-0.50354004,-0.5482788,-0.56848145
1e,1,Left Ankle,4040907,1779734015766,1.51,9.64,-0.16,21.625,31.375,21.3125,-0.34344482,-0.5038452,-0.55029297,-0.57037354
1e,2,Right Ankle,1082773,1779734015773,-7.059478,-1.7129259,-1.1940185,-48.09336,-19.44376,32.89762,110.916794,80.43452,314.0356,0.0
1e,3,Left Wrist,3840918,1779734015778,0.59362173,-2.959625,-3.5509489,-3.8742237,-0.37030077,37.41922,-102.79141,-28.444433,325.69336,0.0
1e,1,Left Ankle,4040935,1779734015795,3.46,9.96,-1.71,21.5,26.6875,15.25,-0.3345337,-0.5042114,-0.55371094,-0.5720825
1e,1,Left Ankle,4040950,1779734015827,2.27,10.31,-0.98,30.125,15.9375,23.0625,-0.32855225,-0.5064087,-0.55548096,-0.5718994
1e,3,Left Wrist,3840978,1779734015839,1.8881384,-3.122337,-5.127819,55.415775,2.5696993,34.969223,-102.846634,-28.427547,325.7257,0.0
1e,1,Left Ankle,4040969,1779734015861,2.45,10.47,-2.29,29.6875,17.0,19.25,-0.322937,-0.5081177,-0.5576172,-0.57147217
1e,1,Left Ankle,4040999,1779734015861,3.25,10.52,-2.76,21.6875,-0.875,11.5,-0.31951904,-0.51031494,-0.5588989,-0.5701904
1e,2,Right Ankle,1083070,1779734015865,-9.143627,1.2589598,0.33738798,-11.693362,-6.35376,7.347619,110.683464,80.55194,313.793,0.0
1e,1,Left Ankle,4041009,1779734015887,2.83,10.29,-0.99,16.4375,-4.4375,10.6875,-0.31732178,-0.5116577,-0.5596924,-0.569458
1e,3,Left Wrist,3841038,1779734015898,0.847261,-5.144272,-6.005985,45.685776,-5.9703007,9.279221,-102.90131,-28.394196,325.76047,0.0
1e,1,Left Ankle,4041036,1779734015919,3.16,10.53,-3.35,2.4375,-7.3125,3.9375,-0.31707764,-0.51275635,-0.5593872,-0.56884766
1e,1,Left Ankle,4041055,1779734015919,2.34,9.71,-3.34,-0.8125,0.9375,-1.25,-0.31726074,-0.51293945,-0.5592041,-0.5687866
1e,1,Left Ankle,4041074,1779734015948,2.35,9.03,-3.31,-4.375,-9.1875,-0.3125,-0.31817627,-0.5133667,-0.5585327,-0.5686035
1e,4,Right Wrist,30044023,1779734015950,-8.433005,-5.395915,0.57188463,-17.14496,13.441112,-23.646273,-139.51851,-37.39774,239.23938,0.0
1e,3,Left Wrist,3841098,1779734015959,0.7252268,-5.5725875,-7.262217,49.255775,-16.4703,0.10922241,-102.95847,-28.363634,325.80072,0.0
1e,1,Left Ankle,4041094,1779734015978,0.95,8.73,-2.43,-8.0,-19.25,-2.8125,-0.3206787,-0.5144043,-0.5570679,-0.56762695
1e,1,Left Ankle,4041113,1779734015979,-0.95,8.01,-0.6,-9.375,-18.625,-4.625,-0.3239746,-0.515625,-0.55529785,-0.56640625
1e,1,Left Ankle,4041138,1779734016007,-0.78,7.26,-0.37,-13.8125,-16.625,-3.875,-0.32714844,-0.5161133,-0.5534668,-0.56591797
1e,3,Left Wrist,3841158,1779734016019,0.5984072,-5.589337,-7.563712,39.455776,-16.3303,5.5692215,-103.01912,-28.330875,325.84058,0.0
1e,1,Left Ankle,4041155,1779734016037,2.92,5.81,1.04,-20.25,-27.875,-2.8125,-0.3312378,-0.5170288,-0.55078125,-0.56536865
1e,1,Left Ankle,4041180,1779734016046,0.67,6.61,-0.52,-28.625,-38.375,4.625,-0.33917236,-0.5199585,-0.54418945,-0.56433105
1e,1,Left Ankle,4041202,1779734016069,1.21,7.16,-0.36,-18.625,-14.5,-11.375,-0.34222412,-0.5187378,-0.54278564,-0.5649414
1e,3,Left Wrist,3841218,1779734016079,0.9812591,-5.065309,-6.6520467,28.815777,-21.5103,27.899221,-103.083855,-28.293697,325.88055,0.0
1e,1,Left Ankle,4041219,1779734016102,-0.1,8.07,-0.54,-11.125,26.75,-3.9375,-0.34039307,-0.51452637,-0.54418945,-0.5685425
1e,2,Right Ankle,1083089,1779734016103,-8.949808,1.9815922,-0.0741775,-22.473362,-7.19376,6.017619,110.32987,80.51772,313.45145,0.0
1e,1,Left Ankle,4041251,1779734016129,0.0,7.63,1.63,-1.0,69.1875,-6.0625,-0.33502197,-0.5074463,-0.5482178,-0.57421875
1e,1,Left Ankle,4041260,1779734016129,1.26,8.07,0.75,-12.5,58.25,-12.0,-0.33044434,-0.49920654,-0.5522461,-0.58013916
1e,3,Left Wrist,3841278,1779734016139,1.7924259,-4.8547406,-6.6855464,20.485777,-23.6103,40.70922,-103.15314,-28.261377,325.921,0.0
1e,1,Left Ankle,4041287,1779734016161,4.32,8.21,0.12,-22.5,49.9375,-24.9375,-0.32928467,-0.4907837,-0.55511475,-0.58532715
1e,1,Left Ankle,4041301,1779734016161,1.41,12.96,-7.2,-9.3125,52.9375,-26.8125,-0.328125,-0.48260498,-0.55859375,-0.5894165
1e,1,Left Ankle,4041321,1779734016187,6.3,15.35,-7.97,4.8125,17.875,-42.3125,-0.32983398,-0.4769287,-0.56292725,-0.58898926
1e,2,Right Ankle,1083340,1779734016194,-8.87563,1.4360287,0.2536392,4.8266377,21.50624,14.767618,109.45559,80.52927,312.5864,0.0
1e,3,Left Wrist,3841338,1779734016198,2.0676,-4.2493563,-5.994021,14.6757765,-35.0203,44.06922,-103.22712,-28.233011,325.96585,0.0
1e,1,Left Ankle,4041351,1779734016221,6.18,11.96,-0.88,-15.4375,-37.125,-68.0,-0.33843994,-0.47253418,-0.56604004,-0.5845947
1e,1,Left Ankle,4041365,1779734016221,-4.64,6.76,1.84,-41.0,-58.75,-57.3125,-0.3534546,-0.4706421,-0.56359863,-0.57958984
1e,1,Left Ankle,4041391,1779734016247,-1.95,7.37,0.0,-32.875,32.125,-38.0,-0.36358643,-0.45928955,-0.5645752,-0.58148193
1e,3,Left Wrist,3841398,1779734016259,-1.8183436,-5.90519,-5.367101,32.525776,-20.320301,49.949223,-103.27005,-28.15557,325.99408,0.0
1e,1,Left Ankle,4041407,1779734016278,0.95,11.13,-1.53,-29.25,36.875,-29.375,-0.36437988,-0.4552002,-0.56536865,-0.583374
1e,2,Right Ankle,1083477,1779734016285,-9.85908,1.9504856,-0.2727818,20.646637,14.22624,-16.312382,109.05289,80.418945,312.18204,0.0
1e,1,Left Ankle,4041432,1779734016308,0.22,10.28,0.63,-22.25,-15.125,-23.5,-0.37127686,-0.4494629,-0.56500244,-0.5838623
1e,3,Left Wrist,3841458,1779734016319,-1.0454619,-9.224035,-6.1615186,-27.604223,-12.6903,69.269226,-103.32558,-28.069357,326.0146,0.0
1e,1,Left Ankle,4041454,1779734016338,-0.41,9.01,1.19,-19.6875,-25.0625,-23.625,-0.37750244,-0.44854736,-0.5633545,-0.5821533
1e,1,Left Ankle,4041467,1779734016338,-0.5,9.52,-0.54,-14.3125,-23.75,-19.1875,-0.38067627,-0.44891357,-0.5621948,-0.5809326
1e,2,Right Ankle,1083496,1779734016347,-9.842331,1.5245632,-0.26081768,10.986637,17.096241,-23.732382,108.82129,80.44976,311.95126,0.0
1e,1,Left Ankle,4041493,1779734016369,-0.12,10.26,-0.57,-3.875,-12.75,-7.0,-0.38500977,-0.44921875,-0.56073,-0.57928467
1e,4,Right Wrist,30044145,1779734016369,-6.4373913,-5.6806607,2.5890338,-22.11496,7.6311116,2.6037278,-139.48341,-37.35299,239.20988,0.0
1e,1,Left Ankle,4041509,1779734016369,0.32,10.24,-0.63,-3.875,-14.875,-3.1875,-0.38708496,-0.45037842,-0.5595093,-0.57818604
1e,1,Left Ankle,4041531,1779734016397,0.54,9.59,-0.38,-6.25,-37.125,-3.5625,-0.39111328,-0.45300293,-0.55700684,-0.57580566
1e,2,Right Ankle,1083553,1779734016404,-10.454893,1.136926,-1.9573289,1.1166377,12.826241,-31.22238,109.21336,80.46043,312.3388,0.0
1e,3,Left Wrist,3841518,1779734016408,-0.36350775,-8.604293,-3.5174494,-35.444225,-22.000301,66.88922,-103.364365,-27.972725,326.02884,0.0
1e,1,Left Ankle,4041554,1779734016429,-0.58,9.59,-0.98,-7.6875,-30.75,3.5,-0.3945923,-0.45599365,-0.553833,-0.5741577
1e,1,Left Ankle,4041571,1779734016429,-0.4,9.6,-0.83,-7.25,-13.125,7.6875,-0.39611816,-0.45776367,-0.5515137,-0.5739136
1e,1,Left Ankle,4041595,1779734016457,0.58,10.11,-0.34,-7.75,-5.9375,11.0625,-0.3963623,-0.45892334,-0.5494995,-0.57476807
1e,2,Right Ankle,1083613,1779734016463,-8.770347,0.65836143,-2.2779672,-14.563362,5.26624,-22.612381,109.58813,80.470116,312.7141,0.0
1e,3,Left Wrist,3841578,1779734016469,1.1726848,-7.8385906,-1.2562318,-62.814224,-14.930301,50.99922,-103.36924,-27.883743,326.02167,0.0
1e,1,Left Ankle,4041614,1779734016487,0.63,9.61,0.01,-7.625,-9.9375,11.1875,-0.39678955,-0.46032715,-0.5472412,-0.5755005
1e,4,Right Wrist,30044578,1779734016490,-3.2453656,-2.8092742,-0.5407779,38.99504,24.991112,-31.206272,-139.40578,-37.257637,239.15794,0.0
1e,1,Left Ankle,4041640,1779734016517,0.27,9.7,0.07,-6.0625,-12.75,11.4375,-0.3973999,-0.46307373,-0.54382324,-0.57611084
1e,1,Left Ankle,4041658,1779734016519,0.36,9.64,-0.23,-1.5625,-6.3125,11.25,-0.3972168,-0.4638672,-0.5430908,-0.57629395
1e,3,Left Wrist,3841668,1779734016529,1.4909301,-5.5438733,0.09332008,-6.6042233,-9.820301,30.489222,-103.32306,-27.834904,325.9998,0.0
1e,1,Left Ankle,4041676,1779734016546,0.67,9.46,-0.22,1.9375,0.375,12.0625,-0.39611816,-0.465271,-0.5420532,-0.5769043
1e,1,Left Ankle,4041700,1779734016577,0.65,9.6,-0.5,3.0,-0.0625,11.5,-0.3947754,-0.46643066,-0.5415039,-0.5773926
1e,1,Left Ankle,4041718,1779734016578,0.77,9.58,-0.19,4.4375,-9.8125,7.8125,-0.394104,-0.46820068,-0.54071045,-0.57714844
1e,4,Right Wrist,30044597,1779734016579,-3.0204403,-3.3285167,-0.44506502,47.11504,18.761112,-25.746271,-139.36476,-37.231506,239.14514,0.0
1e,1,Left Ankle,4041735,1779734016607,0.42,9.67,-1.12,3.8125,-14.0,3.125,-0.3947754,-0.47027588,-0.5397949,-0.5758667
1e,1,Left Ankle,4041754,1779734016613,1.16,9.5,-0.67,5.4375,1.125,2.0625,-0.39422607,-0.47106934,-0.539917,-0.57543945
1e,1,Left Ankle,4041779,1779734016636,0.98,9.6,-0.3,6.625,8.4375,1.0625,-0.39343262,-0.47149658,-0.5404663,-0.5751343
1e,4,Right Wrist,30044686,1779734016638,-2.9031923,-3.5630128,0.021535404,12.32504,-6.9288883,14.783729,-139.32881,-37.193855,239.12413,0.0
1e,2,Right Ankle,1083673,1779734016642,-8.200854,-0.6744408,-1.3256238,-41.09336,7.5762405,2.237619,109.89293,80.52105,313.02927,0.0
1e,3,Left Wrist,3841728,1779734016648,0.79940444,-7.247563,0.6891329,32.805775,-8.560301,23.139221,-103.26846,-27.784876,325.9806,0.0
1e,1,Left Ankle,4041803,1779734016665,1.08,9.52,-0.33,9.4375,7.8125,-3.625,-0.39227295,-0.4710083,-0.54211426,-0.5748291
1e,1,Left Ankle,4041820,1779734016695,0.68,9.72,-0.34,14.5625,2.0,-6.875,-0.39031982,-0.4701538,-0.5456543,-0.5734863
1e,1,Left Ankle,4041839,1779734016696,0.61,9.86,-0.48,17.0,0.4375,-8.3125,-0.3897705,-0.47052002,-0.54815674,-0.571167
1e,2,Right Ankle,1083836,1779734016703,-7.4519014,-0.76058245,-0.43788654,-57.403362,-16.43376,-21.212381,110.085884,80.677826,313.24127,0.0
1e,1,Left Ankle,4041855,1779734016728,0.22,9.98,-0.43,21.0625,0.4375,-10.875,-0.38946533,-0.47070312,-0.5496216,-0.5698242
1e,3,Left Wrist,3841891,1779734016737,1.5531436,-6.8192477,-1.4620147,37.775776,-16.8903,38.88922,-103.21295,-27.627216,325.9655,0.0
1e,1,Left Ankle,4041882,1779734016756,0.43,9.92,-0.54,24.0,1.0625,-12.5,-0.38842773,-0.47125244,-0.5545044,-0.5653076
1e,1,Left Ankle,4041900,1779734016756,0.24,9.62,-0.5,23.75,3.25,-8.75,-0.3876953,-0.4711914,-0.5581665,-0.56225586
1e,1,Left Ankle,4041921,1779734016785,0.04,9.7,-0.62,25.5,6.75,-4.125,-0.38555908,-0.4716797,-0.56140137,-0.5600586
1e,2,Right Ankle,1083914,1779734016792,-12.091583,18.329357,-4.7306104,-51.033363,8.27624,65.02762,109.98763,80.582275,313.16113,0.0
1e,3,Left Wrist,3841910,1779734016797,1.0362936,-7.175779,-1.6989042,46.315777,-17.240301,38.609222,-103.198715,-27.537436,325.96887,0.0
1e,1,Left Ankle,4041951,1779734016815,-0.22,9.85,-0.9,25.25,7.3125,2.5625,-0.3828125,-0.4727173,-0.56414795,-0.5582886
1e,1,Left Ankle,4041968,1779734016845,-0.37,9.92,-0.94,25.875,11.0625,7.5625,-0.37921143,-0.47406006,-0.5667114,-0.55700684
1e,1,Left Ankle,4041995,1779734016846,0.25,9.95,-1.18,26.625,17.875,10.9375,-0.37243652,-0.47576904,-0.5706787,-0.5560303
1e,4,Right Wrist,30044776,1779734016848,-4.508776,-3.9937212,-1.5960126,-41.50496,-4.6888885,50.413727,-139.31549,-37.137413,239.09753,0.0
1e,2,Right Ankle,1083973,1779734016852,-11.412022,4.687875,-1.7084754,-45.153362,-20.00376,74.96761,109.87999,80.48614,313.0679,0.0
1e,3,Left Wrist,3841998,1779734016858,-4.031705,-8.513367,-6.0921264,23.495777,-0.3003006,61.149223,-103.22575,-27.449047,325.98093,0.0
1e,1,Left Ankle,4042013,1779734016880,1.05,9.88,-1.51,25.1875,24.5,12.9375,-0.36676025,-0.4761963,-0.5737915,-0.55633545
1e,1,Left Ankle,4042030,1779734016905,3.03,9.21,-2.65,31.0,38.375,28.25,-0.35882568,-0.4769287,-0.5767212,-0.5578003
1e,1,Left Ankle,4042052,1779734016907,-2.0,10.69,-1.67,31.3125,51.1875,44.375,-0.34716797,-0.47851562,-0.5793457,-0.5610962
1e,4,Right Wrist,30044970,1779734016909,-11.84517,-3.4170508,0.33260235,-1.1849599,38.781113,-24.836271,-139.30338,-37.086357,239.07626,0.0
1e,3,Left Wrist,3842058,1779734016918,-1.5790614,-9.001502,-6.5539412,-38.174225,11.739698,98.87923,-103.28111,-27.355629,325.98972,0.0
1e,1,Left Ankle,4042073,1779734016938,2.59,11.62,-1.82,32.75,53.0625,33.375,-0.3359375,-0.47857666,-0.5822754,-0.5648804
1e,2,Right Ankle,1084063,1779734016944,-9.686797,0.62725466,0.971486,-20.933363,-16.50376,32.19762,109.60396,80.519226,312.80136,0.0
1e,1,Left Ankle,4042093,1779734016965,2.68,11.7,-2.12,14.3125,55.0625,42.75,-0.32507324,-0.47839355,-0.583313,-0.57025146
1e,4,Right Wrist,30045046,1779734016968,-9.454741,-5.9797645,1.5960126,-9.44496,65.59111,-58.016273,-139.28636,-37.089893,239.06436,0.0
1e,3,Left Wrist,3842118,1779734016978,0.7036913,-6.362219,-6.3218374,-93.47423,9.849699,102.659225,-103.37327,-27.285706,326.00674,0.0
1e,1,Left Ankle,4042117,1779734016997,2.67,12.25,-2.2,3.6875,53.125,40.5,-0.3149414,-0.47729492,-0.5836792,-0.576416
1e,1,Left Ankle,4042134,1779734016997,4.42,11.32,-2.81,-3.0625,53.9375,36.9375,-0.3060913,-0.47583008,-0.58325195,-0.58288574
1e,2,Right Ankle,1084124,1779734017002,-9.311124,2.173018,0.0023928226,-19.253363,3.7962403,20.857618,109.270615,80.47678,312.47903,0.0
1e,1,Left Ankle,4042154,1779734017025,4.8,10.35,-3.1,-4.8125,47.625,27.4375,-0.29870605,-0.47351074,-0.5830078,-0.5887451
1e,3,Left Wrist,3842178,1779734017038,4.699705,-3.1247296,-5.446064,-32.924225,-13.1103,43.859222,-103.4567,-27.300354,326.04053,0.0
1e,1,Left Ankle,4042179,1779734017057,4.38,9.98,-2.98,-4.125,36.0625,20.8125,-0.29040527,-0.47076416,-0.58288574,-0.5952759
1e,1,Left Ankle,4042199,1779734017065,3.27,8.3,-1.8,1.125,30.125,16.125,-0.28588867,-0.46954346,-0.58306885,-0.59814453
1e,4,Right Wrist,30045106,1779734017065,-7.5572324,-7.149854,1.9597218,-60.47496,53.55111,-36.52627,-139.27843,-37.086693,239.0448,0.0
1e,2,Right Ankle,1084213,1779734017065,-9.153198,2.9339359,-0.2536392,-15.963362,-3.9737597,8.677619,109.03634,80.4104,312.2531,0.0
1e,1,Left Ankle,4042214,1779734017089,0.88,7.01,-0.42,-2.125,8.4375,8.1875,-0.28564453,-0.4699707,-0.5824585,-0.5985718
1e,3,Left Wrist,3842238,1779734017099,6.5684996,-6.039188,-2.9958138,12.015777,-26.9703,-9.690777,-103.49732,-27.367384,326.06995,0.0
1e,1,Left Ankle,4042239,1779734017122,-1.05,5.68,0.64,-3.5,6.8125,6.875,-0.2841797,-0.47003174,-0.58166504,-0.5999756
1e,1,Left Ankle,4042257,1779734017122,-1.72,5.27,0.17,-5.5,1.6875,1.5625,-0.2843628,-0.46972656,-0.5811157,-0.600647
1e,4,Right Wrist,30045166,1779734017122,-5.8655066,-9.257931,0.8494521,-84.34496,49.84111,-12.936272,-139.26746,-37.074036,239.0141,0.0
1e,1,Left Ankle,4042285,1779734017150,-3.97,6.31,0.92,-5.25,-3.9375,-6.6875,-0.28637695,-0.46923828,-0.58062744,-0.60058594
1e,2,Right Ankle,1084273,1779734017161,-8.581313,1.6513828,0.49052867,-11.343363,4.9862404,24.847618,108.707924,80.40402,311.93295,0.0
1e,3,Left Wrist,3842298,1779734017161,6.9657083,-5.0724874,-2.268396,-0.44422364,-41.950302,-55.89078,-103.5299,-27.455317,326.10156,0.0
1e,1,Left Ankle,4042302,1779734017177,-2.15,1.33,2.95,-4.125,-12.0625,-17.9375,-0.28955078,-0.46905518,-0.58062744,-0.5991821
1e,1,Left Ankle,4042321,1779734017178,-2.38,-0.38,0.11,-3.5,28.375,-11.375,-0.29003906,-0.46484375,-0.5826416,-0.60028076
1e,4,Right Wrist,30045256,1779734017179,-4.0086765,-6.793324,-0.5886344,-112.134964,72.87111,41.03373,-139.25156,-37.04867,238.959,0.0
1e,1,Left Ankle,4042344,1779734017205,-7.25,6.32,2.43,14.1875,13.4375,16.25,-0.28564453,-0.46826172,-0.5810547,-0.6011963
1e,2,Right Ankle,1084333,1779734017212,-9.339838,2.173018,-0.7609176,-6.233362,8.48624,34.01762,108.71419,80.31968,311.9411,0.0
1e,3,Left Wrist,3842358,1779734017218,8.803396,-6.0726867,-0.04785645,-9.054223,-45.5203,-128.34077,-103.52813,-27.555689,326.1223,0.0
1e,1,Left Ankle,4042361,1779734017238,16.24,11.82,-2.4,38.375,48.3125,-61.125,-0.28338623,-0.46472168,-0.5864868,-0.5997925
1e,4,Right Wrist,30045316,1779734017238,-7.0978103,-2.5460634,-1.9357935,-76.22496,60.62111,52.51373,-139.2529,-37.01328,238.92166,0.0
1e,1,Left Ankle,4042387,1779734017265,10.66,18.59,-7.8,-4.125,-14.3125,-45.0,-0.29040527,-0.45690918,-0.5933838,-0.5956421
1e,1,Left Ankle,4042405,1779734017266,11.31,13.74,-9.21,9.4375,16.3125,4.625,-0.2869873,-0.4595337,-0.5911865,-0.59747314
1e,3,Left Wrist,3842418,1779734017278,8.820146,-10.200306,-5.680561,105.88577,-93.4003,-217.94078,-103.57557,-27.665205,326.20526,0.0
1e,1,Left Ankle,4042426,1779734017298,6.31,13.92,-5.09,0.25,-24.0625,-6.625,-0.28936768,-0.45928955,-0.5924072,-0.5953369
1e,4,Right Wrist,30045376,1779734017299,-8.844571,1.9452643,-1.3256238,-6.85496,42.98111,59.51373,-139.24698,-36.98529,238.89626,0.0
1e,1,Left Ankle,4042450,1779734017325,6.05,14.13,-0.19,0.875,-4.8125,-12.5,-0.29193115,-0.4602661,-0.5917969,-0.5938721
1e,1,Left Ankle,4042467,1779734017326,5.52,14.08,0.38,-3.4375,35.8125,-13.3125,-0.29156494,-0.4567871,-0.5935669,-0.5949707
1e,2,Right Ankle,1084423,1779734017332,-8.495172,3.2904663,0.57906306,-29.403362,33.826237,29.327618,108.468094,80.26267,311.70996,0.0
1e,3,Left Wrist,3842478,1779734017337,6.262218,-16.567606,1.9932213,131.50577,-177.6103,-234.74077,-103.5166,-27.716097,326.26962,0.0
1e,1,Left Ankle,4042491,1779734017356,7.39,12.08,0.12,-6.6875,64.875,-22.75,-0.2880249,-0.44854736,-0.5974121,-0.5991211
1e,4,Right Wrist,30045436,1779734017358,-9.002497,-0.15084815,-0.77048886,25.06504,47.181114,66.02373,-139.21881,-36.954098,238.86205,0.0
1e,1,Left Ankle,4042508,1779734017385,3.78,8.19,-1.69,-20.125,68.625,-24.9375,-0.28485107,-0.43811035,-0.60095215,-0.60479736
1e,1,Left Ankle,4042529,1779734017386,-1.48,4.07,-3.78,-19.25,31.625,-15.375,-0.28485107,-0.43017578,-0.6022339,-0.6091919
1e,2,Right Ankle,1084586,1779734017393,-8.933058,2.8310444,-1.2753744,-14.073362,-13.003759,0.557619,108.65799,80.119804,311.912,0.0
1e,3,Left Wrist,3842539,1779734017398,6.267004,-18.709183,6.5970116,172.45578,-237.18031,-153.54077,-103.45363,-27.739609,326.35074,0.0
1e,1,Left Ankle,4042552,1779734017415,3.4,0.88,-3.04,5.75,-8.3125,-7.4375,-0.2854004,-0.4303589,-0.6026001,-0.60839844
1e,4,Right Wrist,30045497,1779734017422,-6.078468,-2.6130624,-0.404387,37.45504,68.88111,68.263725,-139.16861,-36.92346,238.81274,0.0
1e,1,Left Ankle,4042569,1779734017448,2.59,-0.08,-0.95,17.6875,-52.0,-6.0,-0.28881836,-0.43792725,-0.60113525,-0.60284424
1e,1,Left Ankle,4042591,1779734017448,6.28,1.06,-1.92,25.875,-5.1875,83.75,-0.27752686,-0.44836426,-0.5975342,-0.60406494
1e,3,Left Wrist,3842598,1779734017458,5.2356973,-8.326726,5.4891353,-10.874224,-189.16031,-80.67078,-103.44659,-27.760174,326.40836,0.0
1e,1,Left Ankle,4042606,1779734017482,5.06,3.26,1.88,28.3125,-11.5,121.8125,-0.270813,-0.4557495,-0.5940552,-0.6050415
1e,2,Right Ankle,1084606,1779734017482,-8.808632,3.012899,0.0741775,-13.513362,-8.45376,2.587619,108.38357,80.06612,311.64578,0.0
1e,4,Right Wrist,30045556,1779734017482,-4.0086765,-6.6377897,-0.20817557,32.41504,54.461113,83.943726,-139.09691,-36.885418,238.74881,0.0
1e,1,Left Ankle,4042634,1779734017506,-0.11,6.54,3.01,10.1875,-25.625,172.75,-0.2489624,-0.48516846,-0.57489014,-0.6100464
1e,1,Left Ankle,4042650,1779734017506,-3.52,5.57,3.38,-12.6875,-80.3125,110.75,-0.24456787,-0.50323486,-0.5615845,-0.6095581
1e,3,Left Wrist,3842658,1779734017518,3.7162552,-4.7350993,3.0939198,243.71577,-185.9403,-105.80078,-103.35231,-27.795988,326.46756,0.0
1e,1,Left Ankle,4042672,1779734017540,-11.31,11.0,-0.51,-29.1875,-91.125,89.1875,-0.2456665,-0.5206909,-0.54681396,-0.60791016
1e,2,Right Ankle,1084663,1779734017543,-8.885201,2.7640455,-0.86859465,-10.853362,5.68624,3.357619,108.373116,79.99032,311.63947,0.0
1e,1,Left Ankle,4042696,1779734017566,-10.19,9.57,0.93,-13.0625,-33.3125,47.0,-0.2454834,-0.5302124,-0.53796387,-0.607605
1e,1,Left Ankle,4042712,1779734017566,-9.4,8.82,0.85,-13.6875,-17.75,-5.1875,-0.24737549,-0.5324707,-0.5350342,-0.6074829
1e,3,Left Wrist,3842718,1779734017578,3.053443,-8.613866,4.261617,150.05577,-168.0903,-117.63077,-103.28486,-27.817024,326.51944,0.0
1e,2,Right Ankle,1084753,1779734017602,-8.636349,3.2473955,-0.93798643,-6.8633623,16.676239,5.387619,108.36722,79.911934,311.63687,0.0
1e,1,Left Ankle,4042734,1779734017628,39.23,36.4,-27.56,81.5,-0.625,-108.5625,-0.25341797,-0.5286255,-0.54418945,-0.6001587
1e,1,Left Ankle,4042754,1779734017629,-1.05,-4.33,6.53,-70.8125,-88.3125,35.1875,-0.2647705,-0.53570557,-0.5419922,-0.5908203
1e,4,Right Wrist,30045617,1779734017630,-1.9269204,-5.0776696,-0.75613195,15.965039,-5.1088886,95.63373,-139.03357,-36.82526,238.6949,0.0
1e,3,Left Wrist,3842778,1779734017639,3.5272224,-12.073887,12.23211,88.66577,-143.7303,-127.15077,-103.24016,-27.845877,326.56528,0.0
1e,1,Left Ankle,4042777,1779734017657,-33.38,17.42,-13.66,-89.0,11.4375,23.75,-0.27209473,-0.5348511,-0.5345459,-0.5950928
1e,1,Left Ankle,4042798,1779734017659,14.03,5.63,1.23,2.125,47.9375,-172.6875,-0.28405762,-0.51342773,-0.5518799,-0.5925293
1e,2,Right Ankle,1084813,1779734017668,-7.2485113,3.9795992,1.0983056,-23.943363,27.87624,-5.112381,108.15333,79.86844,311.43628,0.0
1e,1,Left Ankle,4042814,1779734017691,15.29,5.07,-0.6,-2.625,74.3125,-110.25,-0.2894287,-0.49554443,-0.56518555,-0.5927124
1e,3,Left Wrist,3842838,1779734017699,5.513265,-13.92593,17.620747,7.1157765,-22.490301,-92.29077,-103.20208,-27.87626,326.56192,0.0
1e,1,Left Ankle,4042840,1779734017717,-12.1,12.31,4.43,-10.875,29.1875,-67.5,-0.29522705,-0.48382568,-0.57141113,-0.59350586
1e,1,Left Ankle,4042858,1779734017723,-24.71,29.92,-6.4,-40.5625,-29.8125,19.0625,-0.29736328,-0.4852295,-0.5678711,-0.59472656
1e,4,Right Wrist,30045780,1779734017723,-3.8818567,1.1580255,-0.4546363,-1.11496,-167.01889,-2.0162718,-139.03334,-36.69199,238.72952,0.0
1e,2,Right Ankle,1084874,1779734017724,-8.638741,4.2739162,-2.5531416,37.936638,-15.313759,-15.402382,108.27367,79.808846,311.54105,0.0
1e,1,Left Ankle,4042881,1779734017748,3.24,4.85,1.66,0.8125,-37.3125,-120.125,-0.3237915,-0.46063232,-0.5899658,-0.57873535
1e,3,Left Wrist,3842898,1779734017758,5.2069836,-21.09483,34.547573,95.17577,164.75969,3.679222,-103.09781,-27.886831,326.4789,0.0
1e,1,Left Ankle,4042903,1779734017783,-0.47,9.53,0.93,-39.375,-111.75,-67.3125,-0.34576416,-0.46185303,-0.58551025,-0.56951904
1e,1,Left Ankle,4042920,1779734017783,-1.57,11.62,2.83,-5.4375,-39.125,-75.75,-0.3600464,-0.45812988,-0.58795166,-0.5610962
1e,4,Right Wrist,30045827,1779734017784,-5.3510494,6.1087766,-1.8448663,82.74504,-178.9189,-27.076271,-139.07077,-36.63951,238.80771,0.0
1e,2,Right Ankle,1084933,1779734017784,-7.9376445,3.4483924,-0.96430755,56.556637,1.4862401,-22.472382,108.27666,79.741035,311.52512,0.0
1e,1,Left Ankle,4042941,1779734017807,-0.62,8.92,-1.37,10.3125,-2.0625,-72.0625,-0.3675537,-0.45239258,-0.59295654,-0.555542
1e,3,Left Wrist,3842958,1779734017819,18.999214,-21.90121,54.451073,97.97577,483.2597,242.16922,-102.927284,-27.849941,326.25296,0.0
1e,1,Left Ankle,4042963,1779734017842,-0.45,9.93,-1.97,14.875,11.5625,-51.8125,-0.37091064,-0.4468994,-0.59906006,-0.5512085
1e,4,Right Wrist,30045916,1779734017842,-3.2142591,1.56002,-2.1248264,137.55504,-96.248886,38.30373,-139.06543,-36.57439,238.84276,0.0
1e,2,Right Ankle,1084993,1779734017845,-9.512121,2.1538756,0.47856453,49.486637,8.06624,-41.51238,108.02987,79.74572,311.26654,0.0
1e,1,Left Ankle,4042985,1779734017868,-0.76,8.67,-2.04,11.5625,-13.875,-51.625,-0.37579346,-0.44293213,-0.6038208,-0.54589844
1e,1,Left Ankle,4043003,1779734017869,-0.82,8.31,-1.79,4.1875,-29.75,-43.4375,-0.38226318,-0.44122314,-0.60595703,-0.5404053
1e,3,Left Wrist,3843018,1779734017879,37.091347,-21.73132,59.91149,191.91577,707.9597,386.9992,-102.67917,-27.788424,325.92868,0.0
1e,1,Left Ankle,4043029,1779734017899,-1.46,10.0,-1.68,-3.6875,-31.25,-35.25,-0.38946533,-0.44024658,-0.60650635,-0.5354004
1e,2,Right Ankle,1085053,1779734017904,-8.401852,0.15108301,-5.010571,38.286636,32.49624,-21.492382,108.465164,79.74677,311.68408,0.0
1e,1,Left Ankle,4043049,1779734017931,-1.15,9.74,-1.2,-3.0,-18.4375,-33.5,-0.39709473,-0.43725586,-0.60809326,-0.5303955
1e,1,Left Ankle,4043067,1779734017931,-1.47,9.76,-0.83,1.0,-7.25,-30.8125,-0.3988037,-0.43603516,-0.6090698,-0.52905273
1e,4,Right Wrist,30045976,1779734017931,-5.580761,-5.123133,2.87378,176.89503,-116.47889,6.593728,-138.99483,-36.522373,238.85754,0.0
1e,3,Left Wrist,3843079,1779734017938,58.851677,-22.619057,25.426134,129.05577,641.80975,291.6592,-102.47671,-27.77785,325.64206,0.0
1e,1,Left Ankle,4043091,1779734017958,-1.7,7.66,-0.71,5.1875,-1.4375,-27.4375,-0.40124512,-0.4336548,-0.6112671,-0.5265503
1e,1,Left Ankle,4043105,1779734017958,-1.1,10.07,-1.92,2.0625,-7.0625,-17.4375,-0.4039917,-0.43218994,-0.61273193,-0.5239868
1e,1,Left Ankle,4043130,1779734017987,-0.94,8.3,-2.05,-3.75,-11.9375,-23.3125,-0.40802002,-0.42974854,-0.61450195,-0.52075195
1e,4,Right Wrist,30046037,1779734017990,-6.162216,-6.4990067,-0.43310088,77.42504,-102.54889,13.663728,-138.9563,-36.457138,238.8667,0.0
1e,2,Right Ankle,1085113,1779734017993,-10.198862,3.1492896,-1.4979069,1.1166377,3.4462404,-18.202381,108.58133,79.68609,311.79858,0.0
1e,3,Left Wrist,3843138,1779734017999,44.631126,-7.8242335,-5.0129633,-12.134224,224.95969,-41.89078,-102.44879,-27.874159,325.56198,0.0
1e,1,Left Ankle,4043153,1779734018016,-1.72,9.99,-2.16,-13.125,-18.5,-22.1875,-0.41271973,-0.42834473,-0.61328125,-0.51971436
1e,1,Left Ankle,4043171,1779734018046,-1.82,9.4,-1.93,-25.5625,-20.5625,-16.0625,-0.41845703,-0.4265747,-0.6109009,-0.51934814
1e,4,Right Wrist,30046126,1779734018049,-9.136496,-9.042577,-6.73101,-72.58496,-41.718887,45.793728,-138.96808,-36.381134,238.85664,0.0
1e,2,Right Ankle,1085203,1779734018054,-8.949808,-0.6289772,-2.1774685,-8.053362,14.15624,-39.27238,108.95005,79.73538,312.16574,0.0
1e,3,Left Wrist,3843198,1779734018058,9.674383,-4.861919,-4.7880383,29.585777,-65.4003,70.66922,-102.4925,-27.909334,325.60226,0.0
1e,1,Left Ankle,4043192,1779734018077,-1.9,9.41,-1.57,-27.6875,-13.625,-15.25,-0.42285156,-0.4241333,-0.6085205,-0.52056885
1e,1,Left Ankle,4043207,1779734018082,-1.96,9.53,-1.43,-32.0,0.125,-8.375,-0.42437744,-0.4225464,-0.6074219,-0.5219116
1e,1,Left Ankle,4043232,1779734018107,-1.13,9.47,-1.25,-34.1875,6.625,-4.8125,-0.4286499,-0.41815186,-0.60339355,-0.5266113
1e,2,Right Ankle,1085263,1779734018113,-8.801453,0.17261839,-2.8642087,28.556637,8.41624,-28.492382,109.33347,79.75479,312.5343,0.0
1e,3,Left Wrist,3843258,1779734018118,-1.5718834,-1.2248286,7.1066833,7.5357766,-93.2603,55.269222,-102.471054,-27.878405,325.6179,0.0
1e,1,Left Ankle,4043253,1779734018142,-1.45,9.39,-0.83,-36.4375,-0.375,-1.0,-0.43133545,-0.41571045,-0.5999756,-0.53027344
1e,1,Left Ankle,4043271,1779734018142,-1.92,9.67,-0.17,-34.3125,-1.0625,8.0,-0.43377686,-0.41436768,-0.59594727,-0.5338745
1e,4,Right Wrist,30046186,1779734018142,-6.509176,2.2946167,-3.5844483,-15.32496,21.70111,99.973724,-138.97812,-36.331417,238.83421,0.0
1e,1,Left Ankle,4043292,1779734018167,-1.18,9.44,-0.04,-28.625,5.4375,13.1875,-0.43444824,-0.41296387,-0.59265137,-0.53808594
1e,1,Left Ankle,4043312,1779734018169,-1.14,9.59,0.17,-21.9375,6.375,18.6875,-0.43395996,-0.4124756,-0.58966064,-0.54211426
1e,2,Right Ankle,1085323,1779734018173,-8.425779,0.29704517,-3.452843,4.126638,-3.2037597,-20.93238,109.68389,79.76384,312.87796,0.0
1e,3,Left Wrist,3843318,1779734018178,-2.4907274,-1.0645095,5.6733823,-29.424223,-23.4703,23.699223,-102.45324,-27.858377,325.61026,0.0
1e,1,Left Ankle,4043332,1779734018196,-1.11,9.82,0.07,-18.3125,6.25,20.5,-0.4326172,-0.4128418,-0.5869751,-0.54577637
1e,1,Left Ankle,4043350,1779734018227,-1.16,9.76,0.08,-10.5625,2.375,27.375,-0.43066406,-0.41430664,-0.58428955,-0.5491333
1e,1,Left Ankle,4043369,1779734018236,-1.13,9.91,-0.51,-8.125,1.0625,28.5,-0.42834473,-0.416687,-0.581604,-0.5519409
1e,4,Right Wrist,30046350,1779734018236,-3.3195431,-1.8234313,-2.8378878,-75.314964,26.881111,47.893726,-138.9479,-36.232357,238.7981,0.0
1e,3,Left Wrist,3843378,1779734018239,0.33998248,-1.2224358,4.898108,-76.18423,-17.590302,-15.500778,-102.44697,-27.863865,325.60123,0.0
1e,1,Left Ankle,4043395,1779734018260,-0.93,9.7,0.04,-1.0625,1.125,35.0,-0.42523193,-0.41973877,-0.57910156,-0.55462646
1e,2,Right Ankle,1085383,1779734018267,-8.9665575,-0.75579673,-2.333002,-3.9933622,-12.65376,-12.042381,109.99743,79.8053,313.18747,0.0
1e,1,Left Ankle,4043414,1779734018291,-0.96,9.58,-0.47,2.125,2.1875,39.125,-0.42181396,-0.4229126,-0.5770874,-0.5569458
1e,3,Left Wrist,3843438,1779734018298,1.2683973,-1.9187472,6.8075805,-45.664223,-37.1203,-3.6007767,-102.43215,-27.866678,325.59827,0.0
1e,1,Left Ankle,4043439,1779734018317,-0.03,10.62,-0.42,3.875,-3.0,40.0625,-0.41656494,-0.4290161,-0.5734253,-0.55999756
1e,1,Left Ankle,4043454,1779734018320,-1.15,9.06,-0.8,1.625,0.5625,41.5625,-0.41455078,-0.4310913,-0.57196045,-0.56140137
1e,4,Right Wrist,30046369,1779734018320,-2.9510481,-0.50977147,-2.7158537,-54.38496,29.821112,48.24373,-138.97679,-36.176212,238.78818,0.0
1e,2,Right Ankle,1085443,1779734018324,-8.995272,-0.36337388,-2.2660031,8.326637,-9.36376,-0.63238096,110.31976,79.837166,313.5013,0.0
1e,1,Left Ankle,4043483,1779734018349,0.17,8.61,-0.32,3.125,0.875,45.75,-0.40759277,-0.43829346,-0.5671387,-0.5657959
1e,3,Left Wrist,3843499,1779734018358,1.1056857,-1.973782,8.286345,-80.314224,-19.270302,-20.330776,-102.427666,-27.875639,325.5902,0.0
1e,1,Left Ankle,4043502,1779734018376,-0.11,9.95,-0.26,5.0,-3.5,55.1875,-0.40234375,-0.44415283,-0.5632324,-0.5689087
1e,1,Left Ankle,4043517,1779734018384,0.11,9.97,-0.3,6.25,-3.875,55.875,-0.39953613,-0.44714355,-0.56134033,-0.57037354
1e,2,Right Ankle,1085533,1779734018384,-8.313317,-0.18151934,-3.4552357,-17.293362,-12.44376,12.527618,110.63402,79.84288,313.8156,0.0
1e,1,Left Ankle,4043544,1779734018408,0.3,9.81,-0.4,10.875,-1.625,59.8125,-0.3902588,-0.45690918,-0.555603,-0.57470703
1e,4,Right Wrist,30046426,1779734018408,-1.9963123,1.0934196,-3.6083765,7.4250402,40.81111,35.99373,-139.01918,-36.137188,238.79951,0.0
1e,3,Left Wrist,3843558,1779734018417,-0.24386604,-2.6557367,7.6594253,-81.994225,19.3697,-60.160778,-102.41786,-27.894922,325.5704,0.0
1e,1,Left Ankle,4043559,1779734018435,0.65,9.59,-0.16,12.5,-1.9375,60.0625,-0.38275146,-0.46295166,-0.55267334,-0.57769775
1e,2,Right Ankle,1085593,1779734018443,-8.121891,-0.49497914,-3.1585257,-30.943363,-16.01376,21.627619,110.933044,79.85342,314.1192,0.0
1e,1,Left Ankle,4043585,1779734018466,0.87,9.77,-0.12,22.625,-4.25,62.1875,-0.37542725,-0.47045898,-0.5494995,-0.5794678
1e,1,Left Ankle,4043603,1779734018466,0.99,9.94,-0.83,24.75,-2.875,63.875,-0.3675537,-0.47827148,-0.5465698,-0.5808716
1e,4,Right Wrist,30046516,1779734018468,-0.8070793,-1.1510481,-3.881158,126.35504,14.631111,-27.496271,-139.02554,-36.082504,238.8324,0.0
1e,3,Left Wrist,3843618,1779734018478,-1.8303076,-6.5297165,5.1589255,-137.99423,72.7797,-61.49078,-102.41538,-27.898972,325.52884,0.0
1e,1,Left Ankle,4043619,1779734018499,1.02,9.86,-0.75,26.3125,-2.1875,63.5625,-0.35931396,-0.48614502,-0.5437622,-0.5820923
1e,2,Right Ankle,1085653,1779734018502,-8.662669,-0.47822937,-2.6416762,-59.923363,-17.76376,37.58762,111.201035,79.86729,314.40173,0.0
1e,1,Left Ankle,4043652,1779734018525,1.07,9.86,-0.3,31.625,-1.0,66.4375,-0.35046387,-0.49438477,-0.54107666,-0.58306885
1e,1,Left Ankle,4043660,1779734018526,1.0,9.85,-0.74,30.375,-2.5,65.875,-0.34191895,-0.50268555,-0.538147,-0.58380127
1e,3,Left Wrist,3843678,1779734018537,-0.5908254,-6.156436,0.6484549,-168.51422,87.6197,-35.730778,-102.425896,-27.867605,325.48218,0.0
1e,4,Right Wrist,30046606,1779734018559,-2.0465615,-3.024628,-4.6205406,25.34504,7.001112,-36.106274,-139.03587,-36.021675,238.8501,0.0
1e,2,Right Ankle,1085713,1779734018562,-9.497765,0.9143935,-2.132005,-39.553364,-29.733759,58.51762,111.422646,79.85441,314.6305,0.0
1e,1,Left Ankle,4043690,1779734018585,0.79,9.47,-0.73,31.9375,1.8125,68.5,-0.33294678,-0.5106201,-0.53533936,-0.58465576
1e,1,Left Ankle,4043700,1779734018587,1.3,9.89,-0.61,30.75,1.4375,66.9375,-0.32330322,-0.5183716,-0.53253174,-0.5857544
1e,1,Left Ankle,4043722,1779734018614,2.79,9.82,-0.69,29.875,2.1875,67.9375,-0.31396484,-0.526062,-0.52948,-0.586792
1e,1,Left Ankle,4043740,1779734018615,0.95,10.45,0.14,22.125,-14.8125,72.375,-0.30578613,-0.534729,-0.5249634,-0.5873413
1e,1,Left Ankle,4043763,1779734018617,2.0,10.62,-1.58,21.375,-23.0625,63.0,-0.29907227,-0.5427246,-0.52130127,-0.58673096
1e,4,Right Wrist,30046666,1779734018618,-3.6066818,-2.8212383,-3.9170508,-56.97496,-9.168888,-45.766273,-139.07185,-35.967873,238.87102,0.0
1e,3,Left Wrist,3843738,1779734018658,-0.45443478,-7.369597,-3.7280176,-69.534225,83.2797,-11.370777,-102.47316,-27.81086,325.46857,0.0
1e,1,Left Ankle,4043792,1779734018675,0.63,9.87,-0.76,27.8125,-3.6875,59.75,-0.29119873,-0.54992676,-0.5182495,-0.5866699
1e,1,Left Ankle,4043801,1779734018676,1.47,10.73,-0.14,23.125,6.9375,52.4375,-0.28302002,-0.555542,-0.5158081,-0.58758545
1e,4,Right Wrist,30046756,1779734018684,-6.6168528,-2.6034908,-2.7876384,-103.59496,20.651112,-45.206272,-139.11226,-35.938828,238.8793,0.0
1e,2,Right Ankle,1085773,1779734018684,-8.734454,0.9407145,-1.8305094,-4.413362,-27.143759,51.23762,111.6629,79.8419,314.86578,0.0
1e,1,Left Ankle,4043823,1779734018709,1.45,11.11,-0.45,19.5,10.625,47.0625,-0.27575684,-0.55895996,-0.51397705,-0.58935547
1e,1,Left Ankle,4043844,1779734018709,2.66,8.78,-1.43,10.1875,17.25,27.1875,-0.27026367,-0.5605469,-0.5128784,-0.5913696
1e,3,Left Wrist,3843902,1779734018717,-0.7296096,-8.144872,-6.745367,-72.40423,-14.300301,20.269222,-102.61719,-27.699675,325.50714,0.0
1e,1,Left Ankle,4043859,1779734018735,3.17,8.22,-1.07,9.5,17.625,24.5,-0.26538086,-0.56134033,-0.5123291,-0.5932617
1e,1,Left Ankle,4043884,1779734018736,2.56,10.2,-2.86,0.3125,14.375,23.875,-0.26153564,-0.5623169,-0.5108032,-0.5953369
1e,2,Right Ankle,1085937,1779734018742,-9.3350525,2.7520812,0.31824538,-18.763363,-16.01376,5.2476187,111.18535,79.735435,314.40887,0.0
1e,1,Left Ankle,4043905,1779734018767,4.08,10.54,-4.34,-2.3125,29.4375,4.75,-0.25854492,-0.5606079,-0.51068115,-0.5983887
1e,3,Left Wrist,3843921,1779734018778,-0.4975053,-7.333705,-7.379465,-79.894226,-25.3603,21.03922,-102.71156,-27.645676,325.54425,0.0
1e,1,Left Ankle,4043921,1779734018800,0.17,9.33,1.91,-11.875,32.5625,7.625,-0.25720215,-0.55682373,-0.5091553,-0.6038208
1e,4,Right Wrist,30046816,1779734018800,-9.37817,-0.72751814,-0.009571291,-109.54496,44.171112,-35.476273,-139.14764,-35.9312,238.87703,0.0
1e,1,Left Ankle,4043940,1779734018800,0.5,10.56,-2.21,-43.5625,33.125,-31.3125,-0.2607422,-0.5492554,-0.508667,-0.60961914
1e,2,Right Ankle,1085956,1779734018805,-9.057485,2.6156902,-0.15553348,-18.973362,-11.043759,-2.382381,110.895004,79.68742,314.1291,0.0
1e,1,Left Ankle,4043959,1779734018826,2.18,9.8,-2.77,-28.375,25.4375,-44.375,-0.2678833,-0.5419922,-0.512146,-0.6101074
1e,3,Left Wrist,3843978,1779734018839,0.8759745,-5.534302,-8.353344,-48.674225,-49.5103,27.129221,-102.80984,-27.608316,325.59503,0.0
1e,1,Left Ankle,4043988,1779734018859,1.45,8.87,-1.88,-18.0625,-1.625,-81.6875,-0.2774048,-0.5344238,-0.517395,-0.6080322
1e,4,Right Wrist,30046907,1779734018860,-8.772786,-1.5530419,0.84227353,-36.32496,33.671112,-128.57628,-139.17188,-35.943638,238.90508,0.0
1e,2,Right Ankle,1086013,1779734018864,-9.107734,2.6898677,-0.74416786,-14.213362,-12.30376,-24.642382,110.78739,79.62366,314.02792,0.0
1e,1,Left Ankle,4044005,1779734018891,3.02,8.38,-4.76,-14.4375,15.0,-88.5,-0.28704834,-0.5249634,-0.5241699,-0.60601807
1e,1,Left Ankle,4044028,1779734018891,4.21,7.23,-5.06,-1.5,22.4375,-84.75,-0.29388428,-0.5150757,-0.5324707,-0.6039429
1e,3,Left Wrist,3844039,1779734018899,0.84008247,-5.7927265,-7.472785,73.825775,-53.0803,31.889221,-102.863304,-27.565609,325.64554,0.0
1e,1,Left Ankle,4044050,1779734018917,4.69,6.44,-3.91,2.875,9.9375,-75.0,-0.30377197,-0.5038452,-0.5430908,-0.5991211
1e,4,Right Wrist,30046997,1779734018920,-6.2746797,-5.082455,0.63888365,-125.08496,-3.3588886,-111.00628,-139.21404,-35.93818,238.92854,0.0
1e,2,Right Ankle,1086073,1779734018924,-9.308731,1.7710239,-0.34935212,2.586638,-12.23376,-36.402378,110.47892,79.623024,313.72372,0.0
1e,1,Left Ankle,4044067,1779734018949,4.02,6.27,-2.47,-3.75,-33.125,-58.6875,-0.30871582,-0.5029297,-0.5443115,-0.5961914
1e,1,Left Ankle,4044093,1779734018949,2.83,6.53,-1.81,-10.0625,-63.0,-55.1875,-0.32452393,-0.501709,-0.5466919,-0.5866089
1e,3,Left Wrist,3844098,1779734018958,2.9984086,-6.5416803,-4.6229334,-27.184223,-14.440301,27.479221,-102.94062,-27.540277,325.67938,0.0
1e,1,Left Ankle,4044107,1779734018977,3.12,6.18,-1.59,-10.875,-67.5625,-55.6875,-0.33087158,-0.50213623,-0.54663086,-0.58270264
1e,4,Right Wrist,30047056,1779734018979,-5.3390856,-5.0082784,2.103291,-173.17496,-1.4688883,-70.68628,-139.26115,-35.931324,238.93611,0.0
1e,2,Right Ankle,1086133,1779734018984,-9.031164,0.825859,0.18424734,-1.0533619,-3.1337595,-26.742382,110.34288,79.68529,313.5907,0.0
1e,1,Left Ankle,4044132,1779734019009,2.72,5.92,-1.28,-7.75,-52.375,-45.25,-0.34820557,-0.5040283,-0.54577637,-0.5716553
1e,1,Left Ankle,4044150,1779734019009,3.32,5.3,-0.47,-6.6875,-32.9375,-30.3125,-0.35559082,-0.5040283,-0.5458374,-0.56707764
1e,3,Left Wrist,3844158,1779734019018,3.936395,-3.9358966,-3.0149567,-75.20422,2.9196997,17.259222,-103.02864,-27.572739,325.7059,0.0
1e,1,Left Ankle,4044171,1779734019037,3.12,5.38,0.47,-7.875,-27.8125,-22.0625,-0.36108398,-0.50476074,-0.5444946,-0.564209
1e,4,Right Wrist,30047117,1779734019043,-4.4896336,-6.5612197,1.5696917,-98.97496,-5.1788883,-53.116272,-139.27351,-35.91759,238.93542,0.0
1e,1,Left Ankle,4044194,1779734019067,8.94,5.48,-0.58,-6.5,34.875,-11.0625,-0.3618164,-0.50177,-0.5447998,-0.5661621
1e,1,Left Ankle,4044208,1779734019069,6.48,6.24,1.24,-10.75,22.375,21.6875,-0.3602295,-0.5014038,-0.54400635,-0.5682373
1e,3,Left Wrist,3844218,1779734019079,4.233105,-3.3687978,-2.5698915,2.0757766,4.7396994,8.43922,-103.08111,-27.624512,325.72852,0.0
1e,1,Left Ankle,4044231,1779734019101,-5.0,33.1,1.55,-16.3125,-32.4375,-56.3125,-0.35559082,-0.503479,-0.54577637,-0.5675659
1e,4,Right Wrist,30047176,1779734019101,-5.5352974,-8.073483,1.3136597,-13.43496,-4.6888885,-27.426271,-139.25114,-35.895737,238.92627,0.0
1e,2,Right Ankle,1086193,1779734019103,-9.287196,-0.8945804,0.67477596,-26.253363,10.30624,3.777619,110.30726,79.7471,313.56512,0.0
1e,1,Left Ankle,4044253,1779734019127,18.92,20.84,-6.19,-49.125,14.75,-133.6875,-0.3720703,-0.48950195,-0.552124,-0.56311035
1e,1,Left Ankle,4044271,1779734019127,-8.8,-2.84,7.6,-70.75,-25.875,3.8125,-0.3840332,-0.49023438,-0.54315186,-0.5632324
1e,3,Left Wrist,3844278,1779734019138,2.3762743,-6.182757,-2.9910283,49.46578,-9.1203,2.4892235,-103.12318,-27.589075,325.75858,0.0
1e,1,Left Ankle,4044300,1779734019160,0.18,8.45,-1.95,-7.5625,-11.875,-45.125,-0.3922119,-0.4866333,-0.5432129,-0.5606079
1e,4,Right Wrist,30047237,1779734019161,-9.459527,-8.678867,2.5148566,5.95504,-9.518888,10.723728,-139.22221,-35.865112,238.91,0.0
1e,2,Right Ankle,1086283,1779734019163,-9.280018,0.90960777,-0.2656033,2.8666377,21.436241,19.73762,110.29834,79.80623,313.55624,0.0
1e,1,Left Ankle,4044310,1779734019186,4.29,13.48,-1.91,-28.375,-5.1875,-4.8125,-0.3963623,-0.4845581,-0.5405884,-0.5620117
1e,3,Left Wrist,3844338,1779734019198,0.8352964,-11.808282,-4.680361,8.515777,-31.590302,-2.5507774,-103.15506,-27.517475,325.7844,0.0
1e,1,Left Ankle,4044336,1779734019218,-2.28,13.78,-0.95,-22.625,22.75,-5.25,-0.39746094,-0.4812622,-0.5389404,-0.5656128
1e,1,Left Ankle,4044351,1779734019218,0.64,6.98,0.65,-6.125,34.25,-8.125,-0.39624023,-0.47631836,-0.54138184,-0.5683594
1e,2,Right Ankle,1086374,1779734019224,-9.421194,2.173018,-1.4811572,22.186638,15.55624,-28.142382,110.55493,79.765785,313.80264,0.0
1e,1,Left Ankle,4044375,1779734019246,2.11,11.09,0.66,-11.6875,-16.5,4.5,-0.39691162,-0.47607422,-0.54003906,-0.56933594
1e,4,Right Wrist,30047296,1779734019250,-12.488839,-4.68764,-0.7896314,-18.12496,18.341112,51.113728,-139.20569,-35.8253,238.88226,0.0
1e,3,Left Wrist,3844398,1779734019258,0.56251466,-12.698413,-5.187639,-4.4342237,-56.8603,18.379221,-103.195465,-27.43675,325.81818,0.0
1e,1,Left Ankle,4044403,1779734019277,-0.56,9.58,0.1,-14.5625,-40.25,4.8125,-0.40118408,-0.47930908,-0.5354614,-0.56799316
1e,1,Left Ankle,4044419,1779734019279,-0.6,9.77,-0.25,-1.375,-15.125,6.125,-0.40289307,-0.48217773,-0.5325928,-0.5670166
1e,2,Right Ankle,1086433,1779734019284,-9.708332,0.42865044,-1.0313065,23.096638,11.56624,-50.68238,110.88468,79.836754,314.12103,0.0
1e,1,Left Ankle,4044442,1779734019307,0.54,10.08,-0.44,2.0625,3.6875,8.125,-0.40179443,-0.48272705,-0.53222656,-0.567688
1e,4,Right Wrist,30047356,1779734019310,-10.572188,-2.3211381,0.04546363,23.175041,44.52111,34.733727,-139.17683,-35.799946,238.85443,0.0
1e,3,Left Wrist,3844458,1779734019319,1.2037913,-9.858132,-3.507878,12.9257765,-59.170303,46.72922,-103.224556,-27.34489,325.84818,0.0
1e,1,Left Ankle,4044459,1779734019337,1.18,9.65,-0.35,-2.1875,-5.0,7.3125,-0.4020996,-0.48406982,-0.5307007,-0.567749
1e,1,Left Ankle,4044480,1779734019344,0.77,9.62,-0.45,-3.6875,-23.4375,11.0,-0.40344238,-0.48675537,-0.5279541,-0.56707764
1e,2,Right Ankle,1086493,1779734019345,-9.792082,-0.21501887,-0.634098,7.836638,-4.3237596,-45.29238,111.068726,79.922035,314.3003,0.0
1e,1,Left Ankle,4044500,1779734019369,0.2,9.94,0.0,-1.5625,-24.0625,12.625,-0.40429688,-0.4901123,-0.5253296,-0.56604004
1e,1,Left Ankle,4044515,1779734019369,0.41,9.84,-0.17,3.1875,-19.375,14.0625,-0.40454102,-0.49194336,-0.52404785,-0.5654297
1e,3,Left Wrist,3844518,1779734019379,0.71565527,-7.577772,-0.1363909,42.955776,-35.5103,33.84922,-103.17884,-27.275923,325.8424,0.0
1e,4,Right Wrist,30047447,1779734019402,-4.5590253,-3.0557349,-0.20578274,7.9850397,22.821112,-3.5562723,-139.1525,-35.772694,238.83838,0.0
1e,2,Right Ankle,1086553,1779734019404,-9.756189,0.6344332,-3.3116665,-7.843362,-5.79376,-2.032381,111.39621,79.92241,314.6251,0.0
1e,1,Left Ankle,4044544,1779734019427,0.37,9.68,-0.77,6.375,-12.375,16.6875,-0.4029541,-0.49658203,-0.52160645,-0.5647583
1e,1,Left Ankle,4044562,1779734019429,0.28,9.69,-0.78,7.4375,-1.9375,18.875,-0.40081787,-0.4991455,-0.5205078,-0.56500244
1e,3,Left Wrist,3844578,1779734019439,2.029315,-8.855539,1.916651,-16.124224,1.2396994,5.639221,-103.133415,-27.251537,325.81827,0.0
1e,1,Left Ankle,4044583,1779734019460,0.91,9.69,-0.73,6.0625,0.1875,18.9375,-0.39849854,-0.50109863,-0.51953125,-0.56585693
1e,4,Right Wrist,30047506,1779734019460,-3.4367912,-2.8451662,0.8063812,10.15504,-8.468889,2.8137279,-139.12517,-35.743523,238.82544,0.0
1e,1,Left Ankle,4044600,1779734019460,1.16,9.62,-0.72,4.0625,2.25,14.3125,-0.3965454,-0.5024414,-0.5187988,-0.5667114
1e,1,Left Ankle,4044619,1779734019487,0.99,9.58,-0.41,4.5,3.875,12.5,-0.3942871,-0.50305176,-0.5189209,-0.56762695
1e,3,Left Wrist,3844638,1779734019499,3.106085,-10.6358,2.6871397,-99.07423,33.999702,1.2292213,-103.11004,-27.238192,325.78134,0.0
1e,1,Left Ankle,4044642,1779734019519,1.01,9.38,-0.38,10.6875,10.6875,4.8125,-0.3920288,-0.5032959,-0.5199585,-0.56799316
1e,1,Left Ankle,4044664,1779734019548,1.44,9.52,-0.4,13.125,11.0,2.4375,-0.38983154,-0.50341797,-0.5218506,-0.567749
1e,1,Left Ankle,4044683,1779734019550,1.11,9.62,-1.04,17.3125,6.625,-2.5,-0.38793945,-0.50372314,-0.52404785,-0.56677246
1e,2,Right Ankle,1086613,1779734019554,-8.155391,3.0248628,0.32303107,23.516638,-0.47375977,46.19762,111.09065,79.864105,314.31512,0.0
1e,3,Left Wrist,3844698,1779734019559,4.0775714,-9.750456,0.55034924,-124.83423,51.079697,28.739222,-103.08748,-27.220411,325.7336,0.0
1e,1,Left Ankle,4044705,1779734019579,1.19,9.63,-0.49,20.4375,3.5625,-4.1875,-0.38623047,-0.5042114,-0.5265503,-0.5651245
1e,1,Left Ankle,4044725,1779734019579,0.83,9.74,-0.27,22.9375,-0.6875,-4.0,-0.3848877,-0.5054321,-0.5288696,-0.56274414
1e,1,Left Ankle,4044752,1779734019607,0.76,9.74,-0.48,24.8125,-0.25,-3.0,-0.3831787,-0.5067749,-0.5314331,-0.5602417
1e,3,Left Wrist,3844758,1779734019619,4.9940224,-6.048759,-0.48095736,-21.164223,29.7297,27.129221,-103.0558,-27.268324,325.70483,0.0
1e,1,Left Ankle,4044765,1779734019637,0.32,9.83,-1.28,25.6875,3.75,2.25,-0.3807373,-0.5083008,-0.53393555,-0.55822754
1e,2,Right Ankle,1086807,1779734019646,-20.93067,7.5401196,-10.901701,32.826637,7.01624,26.31762,111.36198,79.87093,314.54242,0.0
1e,1,Left Ankle,4044792,1779734019668,0.17,9.47,-1.62,25.875,8.5,8.25,-0.37506104,-0.5107422,-0.53723145,-0.5566406
1e,1,Left Ankle,4044806,1779734019670,0.57,9.76,-0.92,23.9375,10.9375,15.75,-0.37280273,-0.51171875,-0.5380249,-0.55651855
1e,4,Right Wrist,30047596,1779734019671,-5.3319073,-2.5388849,-1.2993027,0.91504,-7.908888,28.363728,-139.1118,-35.69512,238.8132,0.0
1e,3,Left Wrist,3844818,1779734019679,5.8602242,-7.214064,-0.1363909,97.27577,-15.560301,-33.70078,-102.98644,-27.324879,325.69565,0.0
1e,1,Left Ankle,4044829,1779734019697,0.97,10.0,-0.78,22.5625,15.3125,16.8125,-0.36541748,-0.51397705,-0.5404663,-0.55688477
1e,2,Right Ankle,1086826,1779734019703,-21.626984,-16.388107,1.995614,-33.743362,-28.75376,83.71761,111.31313,79.91004,314.50244,0.0
1e,1,Left Ankle,4044852,1779734019727,1.27,10.02,-0.62,26.125,17.1875,14.9375,-0.3602295,-0.5153198,-0.54260254,-0.5570679
1e,1,Left Ankle,4044866,1779734019729,1.71,10.25,-0.43,28.1875,13.8125,15.125,-0.35760498,-0.51623535,-0.54364014,-0.55682373
1e,4,Right Wrist,30047864,1779734019729,-9.954841,-5.1542406,-0.79441714,31.29504,9.731112,-8.386271,-139.04271,-35.585224,238.77098,0.0
1e,3,Left Wrist,3844878,1779734019739,7.116456,-17.17299,-1.3351951,89.435776,-50.630302,-31.60078,-102.91033,-27.303036,325.69257,0.0
1e,1,Left Ankle,4044893,1779734019761,1.52,9.73,-0.7,30.0,-2.125,16.0625,-0.3519287,-0.5214844,-0.54541016,-0.553772
1e,1,Left Ankle,4044911,1779734019786,1.12,9.34,-1.59,29.0625,-34.6875,17.9375,-0.35046387,-0.5276489,-0.5447998,-0.5494995
1e,4,Right Wrist,30047883,1779734019790,-10.483654,-6.111369,-0.8997013,22.055038,11.621112,-14.266272,-139.0203,-35.55634,238.76332,0.0
1e,2,Right Ankle,1086914,1779734019794,-12.146619,-0.002057645,-1.9286151,2.4466376,-22.94376,18.33762,111.57263,79.95079,314.75537,0.0
1e,3,Left Wrist,3844938,1779734019801,3.7904325,-12.341882,-2.2540388,172.10577,-57.000298,55.40922,-102.839096,-27.208094,325.7009,0.0
1e,1,Left Ankle,4044934,1779734019821,1.12,9.38,-1.39,25.9375,-37.9375,16.75,-0.35021973,-0.53393555,-0.54351807,-0.54486084
1e,1,Left Ankle,4044952,1779734019821,3.31,9.79,-2.5,20.75,-32.0625,11.375,-0.35021973,-0.536499,-0.5430298,-0.54278564
1e,1,Left Ankle,4044966,1779734019845,1.05,11.08,-2.11,18.6875,-16.5625,23.375,-0.34887695,-0.5418701,-0.54138184,-0.539978
1e,1,Left Ankle,4044991,1779734019846,2.39,10.71,-4.34,8.75,-8.0,12.6875,-0.34692383,-0.54589844,-0.539917,-0.53863525
1e,4,Right Wrist,30047926,1779734019849,-10.2946205,-6.71436,0.34456646,15.4750395,4.971112,-24.276272,-138.99956,-35.53156,238.7587,0.0
1e,2,Right Ankle,1086973,1779734019853,-9.057485,2.6898677,-0.5072784,-21.283361,-10.27376,13.57762,111.350845,79.88024,314.54346,0.0
1e,1,Left Ankle,4045009,1779734019879,3.15,9.75,-1.82,0.3125,-17.0,6.875,-0.34851074,-0.54785156,-0.538147,-0.53741455
1e,3,Left Wrist,3844999,1779734019887,-0.35872167,-13.916359,-3.8141594,383.15576,26.9997,26.079222,-102.707245,-27.126486,325.69186,0.0
1e,1,Left Ankle,4045033,1779734019905,3.83,10.35,-5.7,-0.875,-20.625,0.375,-0.35058594,-0.55010986,-0.5366211,-0.5352783
1e,1,Left Ankle,4045051,1779734019905,2.9,10.17,-4.54,3.0625,-30.375,-5.125,-0.35333252,-0.55255127,-0.5354004,-0.5321655
1e,4,Right Wrist,30047987,1779734019908,-9.031211,-7.300602,1.8520448,-15.25496,9.311111,-33.586273,-138.98564,-35.514584,238.75296,0.0
1e,2,Right Ankle,1087063,1779734019913,-9.31591,1.8787009,0.22731815,-8.193362,-4.81376,-4.972381,111.03505,79.88213,314.2352,0.0
1e,1,Left Ankle,4045074,1779734019939,2.91,8.87,-3.18,-5.3125,-47.8125,-7.875,-0.35858154,-0.5560913,-0.5327759,-0.5275879
1e,3,Left Wrist,3845058,1779734019947,3.476973,-19.424637,-2.172683,92.72577,51.149696,26.28922,-102.63769,-27.056513,325.65765,0.0
1e,1,Left Ankle,4045100,1779734019970,0.54,7.92,-1.95,-10.0,-64.4375,-14.8125,-0.36590576,-0.5596924,-0.52948,-0.5220337
1e,1,Left Ankle,4045110,1779734019970,-0.64,7.83,-1.84,-14.0625,-30.6875,-8.4375,-0.37176514,-0.5616455,-0.5265503,-0.5187378
1e,4,Right Wrist,30048046,1779734019970,-7.4160557,-7.949057,1.9310079,-16.58496,9.171112,-31.906273,-138.96744,-35.498066,238.74417,0.0
1e,2,Right Ankle,1087124,1779734019972,-9.153198,1.8069162,0.2943172,-16.803362,0.15624017,-18.972382,110.7389,79.891075,313.94986,0.0
1e,1,Left Ankle,4045134,1779734019995,-0.54,6.67,-1.35,-12.8125,-8.4375,3.0,-0.3741455,-0.5617676,-0.52471924,-0.5187378
1e,3,Left Wrist,3845148,1779734020007,7.0973134,-9.398711,0.49052867,-208.69423,-0.2303009,67.09922,-102.66207,-27.069117,325.6311,0.0
1e,1,Left Ankle,4045153,1779734020028,4.18,4.53,-0.38,-15.25,-12.875,9.25,-0.3756714,-0.56243896,-0.5220947,-0.5195923
1e,4,Right Wrist,30048106,1779734020028,-7.1049886,-8.255339,1.9094725,-40.03496,-1.6088886,-7.126272,-138.95331,-35.473087,238.72968,0.0
1e,2,Right Ankle,1087183,1779734020033,-9.136448,1.2996378,-0.0047856453,-1.893362,-2.0837598,-24.362381,110.518524,79.93538,313.73395,0.0
1e,1,Left Ankle,4045179,1779734020055,4.01,4.63,0.37,-29.5625,-38.75,29.4375,-0.3814087,-0.5689087,-0.5102539,-0.52008057
1e,1,Left Ankle,4045194,1779734020057,1.27,7.29,1.09,-24.9375,-24.3125,35.875,-0.38208008,-0.57073975,-0.50665283,-0.5211792
1e,3,Left Wrist,3845208,1779734020067,6.7694964,-6.8479614,-0.8494521,-68.69423,9.639699,56.949223,-102.66503,-27.116215,325.61472,0.0
1e,1,Left Ankle,4045216,1779734020087,-0.36,8.08,-0.42,-14.5,30.0,40.625,-0.3795166,-0.5720825,-0.501709,-0.52630615
1e,4,Right Wrist,30048166,1779734020088,-6.6144605,-7.812666,1.4955142,-77.97496,-4.198889,22.833729,-138.94714,-35.43952,238.70618,0.0
1e,1,Left Ankle,4045238,1779734020115,-2.37,7.99,2.33,-4.6875,88.75,38.9375,-0.37005615,-0.56829834,-0.5022583,-0.536499
1e,1,Left Ankle,4045253,1779734020116,-2.73,7.74,3.31,-16.9375,98.6875,19.5625,-0.3602295,-0.5604248,-0.5048828,-0.5488281
1e,3,Left Wrist,3845268,1779734020127,5.2476616,-7.857733,-1.6510476,-26.554224,12.7197,53.379223,-102.66095,-27.171576,325.60117,0.0
1e,1,Left Ankle,4045277,1779734020146,-0.3,11.83,-6.46,-38.5,70.875,-28.8125,-0.35839844,-0.550354,-0.506958,-0.55822754
1e,1,Left Ankle,4045298,1779734020175,12.81,15.85,-20.86,15.625,71.5625,-50.4375,-0.35668945,-0.5387573,-0.5161743,-0.56225586
1e,1,Left Ankle,4045317,1779734020176,9.23,18.76,4.45,-25.6875,-51.5,-34.1875,-0.36291504,-0.53741455,-0.517334,-0.55841064
1e,4,Right Wrist,30048226,1779734020179,-6.547461,-7.2001033,1.3399806,-52.00496,-7.7688885,31.373728,-138.93205,-35.40257,238.68163,0.0
1e,3,Left Wrist,3845329,1779734020187,4.099107,-7.7476635,-3.249453,-89.62423,11.3197,65.769226,-102.751015,-27.14505,325.6201,0.0
1e,1,Left Ankle,4045340,1779734020205,-0.66,4.69,2.34,-59.0,-109.875,-79.6875,-0.39849854,-0.5371704,-0.5095215,-0.54125977
1e,1,Left Ankle,4045357,1779734020236,-6.9,8.67,-0.28,-55.875,-44.625,-53.4375,-0.4053955,-0.5350342,-0.50787354,-0.53985596
1e,1,Left Ankle,4045380,1779734020239,-4.36,9.81,-1.2,-12.8125,79.875,-39.3125,-0.40734863,-0.52111816,-0.51483154,-0.5453491
1e,4,Right Wrist,30048287,1779734020239,-7.846764,-5.7979097,0.9020941,-10.77496,-6.578888,29.413729,-138.9095,-35.364555,238.6613,0.0
1e,3,Left Wrist,3845388,1779734020249,2.8572319,-8.948859,-4.165904,-75.41423,0.6796994,54.49922,-102.82873,-27.083998,325.63956,0.0
1e,1,Left Ankle,4045403,1779734020271,4.96,10.11,-2.84,-17.6875,43.6875,-31.8125,-0.41003418,-0.5153198,-0.5164795,-0.54730225
1e,2,Right Ankle,1087347,1779734020274,-9.373339,1.3163877,0.1363909,4.756638,28.29624,13.017618,110.16061,80.00954,313.38223,0.0
1e,1,Left Ankle,4045421,1779734020297,-0.35,9.11,-0.17,-32.9375,-40.4375,-20.875,-0.41784668,-0.51452637,-0.5126953,-0.54571533
1e,1,Left Ankle,4045443,1779734020300,0.33,10.16,1.26,-23.1875,-27.125,-19.625,-0.42492676,-0.51379395,-0.50982666,-0.5435791
1e,3,Left Wrist,3845448,1779734020309,4.7475615,-13.236797,-4.3669014,-13.884224,-32.3603,53.79922,-102.87747,-27.006073,325.6656,0.0
1e,1,Left Ankle,4045464,1779734020330,-0.02,10.75,0.05,-12.6875,-5.9375,-16.0,-0.42871094,-0.5124512,-0.50909424,-0.5426636
1e,4,Right Wrist,30048376,1779734020330,-10.392727,-1.8425738,-0.6484549,128.52504,-4.6888885,12.053728,-138.85927,-35.32956,238.65651,0.0
1e,1,Left Ankle,4045492,1779734020356,-0.09,9.63,-0.24,-9.875,-2.375,-8.4375,-0.43066406,-0.5109253,-0.50897217,-0.54260254
1e,1,Left Ankle,4045509,1779734020386,0.35,9.95,-0.69,-11.6875,-11.9375,1.3125,-0.43341064,-0.51135254,-0.5060425,-0.5427246
1e,1,Left Ankle,4045531,1779734020389,-0.3,10.03,-0.44,-11.0,-11.75,8.875,-0.43395996,-0.51190186,-0.50476074,-0.5430298
1e,4,Right Wrist,30048436,1779734020389,-8.856535,-3.8070812,-0.20338993,134.54504,19.881111,0.22372794,-138.79663,-35.30236,238.64368,0.0
1e,3,Left Wrist,3845508,1779734020398,3.797611,-12.904196,-2.1367908,9.705776,-47.9703,76.409225,-102.85527,-26.907381,325.66632,0.0
1e,1,Left Ankle,4045553,1779734020421,0.22,10.08,-0.38,-8.6875,-0.375,12.9375,-0.43347168,-0.51275635,-0.501709,-0.54541016
1e,2,Right Ankle,1087573,1779734020423,-8.72249,0.21090356,-2.1655045,-38.50336,17.86624,-4.132381,110.30278,80.11646,313.5256,0.0
1e,1,Left Ankle,4045572,1779734020447,0.77,9.7,0.0,-5.4375,1.0,16.75,-0.43225098,-0.5135498,-0.49993896,-0.54730225
1e,1,Left Ankle,4045594,1779734020478,0.56,9.53,-0.08,-5.25,-2.75,18.0625,-0.4312744,-0.5150757,-0.49749756,-0.5487671
1e,1,Left Ankle,4045612,1779734020479,0.4,9.72,-0.23,-3.6875,-3.75,20.6875,-0.4293213,-0.5164795,-0.4956665,-0.5507202
1e,4,Right Wrist,30048527,1779734020479,-5.8391857,-1.7947172,0.009571291,-22.674961,16.801111,2.463728,-138.79204,-35.275715,238.6328,0.0
1e,3,Left Wrist,3845568,1779734020491,3.2496548,-10.427624,0.16989042,33.995777,-38.8703,74.30922,-102.795494,-26.847778,325.65134,0.0
1e,1,Left Ankle,4045633,1779734020505,0.37,9.65,-0.26,1.4375,4.875,23.8125,-0.42749023,-0.5175781,-0.4946289,-0.552063
1e,1,Left Ankle,4045653,1779734020506,0.88,9.67,-0.29,5.125,8.6875,24.125,-0.42468262,-0.5187378,-0.49395752,-0.55371094
1e,2,Right Ankle,1087697,1779734020516,-6.9613724,0.07690549,0.8039884,-71.82336,-39.883762,-21.212381,110.39205,80.16553,313.65292,0.0
1e,1,Left Ankle,4045670,1779734020538,1.09,9.64,-0.02,7.1875,9.0625,23.375,-0.42089844,-0.5201416,-0.49353027,-0.555603
1e,3,Left Wrist,3845658,1779734020547,3.701898,-8.494225,2.2899313,68.08577,-4.9903007,66.53922,-102.716835,-26.822308,325.62347,0.0
1e,1,Left Ankle,4045689,1779734020565,1.47,9.34,-0.09,10.3125,7.25,19.125,-0.4177246,-0.5218506,-0.4934082,-0.55651855
1e,1,Left Ankle,4045710,1779734020571,1.42,9.48,-0.19,13.875,3.375,11.25,-0.414917,-0.52337646,-0.49395752,-0.55670166
1e,2,Right Ankle,1087723,1779734020573,-8.471243,1.0101063,-1.6989042,24.216637,-26.79376,-36.68238,110.7081,80.17745,313.95523,0.0
1e,1,Left Ankle,4045741,1779734020597,1.47,9.78,-0.44,16.25,3.9375,6.0,-0.41259766,-0.5247803,-0.49505615,-0.5562134
1e,3,Left Wrist,3845749,1779734020607,4.907881,-9.425033,3.141776,45.615776,-9.680301,31.749222,-102.64933,-26.81564,325.60098,0.0
1e,1,Left Ankle,4045754,1779734020629,1.41,10.1,-0.38,17.125,3.25,0.6875,-0.4105835,-0.52575684,-0.4967041,-0.5552368
1e,1,Left Ankle,4045779,1779734020655,1.18,9.55,-0.49,18.5,4.5,-4.4375,-0.40863037,-0.5270386,-0.4998169,-0.55267334
1e,1,Left Ankle,4045799,1779734020656,1.08,9.58,-0.51,19.8125,6.125,-5.125,-0.40673828,-0.5274658,-0.50250244,-0.55114746
1e,4,Right Wrist,30048690,1779734020659,-3.9919262,-2.5364923,-1.442872,-67.26496,-5.5288887,28.783728,-138.79999,-35.187305,238.6058,0.0
1e,2,Right Ankle,1087784,1779734020663,-8.353995,-0.1767337,-2.5268207,19.876637,-23.36376,-14.492382,111.04001,80.20273,314.2745,0.0
1e,3,Left Wrist,3845808,1779734020667,5.4845514,-10.50898,3.1585257,-26.414223,-26.9703,34.40922,-102.60944,-26.806898,325.58466,0.0
1e,1,Left Ankle,4045816,1779734020688,0.75,9.86,-0.55,20.4375,4.8125,-2.875,-0.4058838,-0.52789307,-0.5036621,-0.550354
1e,1,Left Ankle,4045841,1779734020715,0.49,9.69,-0.83,21.375,9.6875,3.6875,-0.4019165,-0.52923584,-0.5071411,-0.5487671
1e,1,Left Ankle,4045858,1779734020716,0.86,9.81,-0.82,21.6875,13.625,5.4375,-0.40014648,-0.52960205,-0.5083618,-0.548645
1e,2,Right Ankle,1087843,1779734020723,-9.878223,-6.319109,-1.5433706,-89.18336,-8.80376,42.277622,111.1641,80.25426,314.4261,0.0
1e,3,Left Wrist,3845868,1779734020727,5.226126,-9.255141,2.9647074,-6.5342236,-30.750301,36.859222,-102.56381,-26.800287,325.56992,0.0
1e,1,Left Ankle,4045886,1779734020747,0.86,9.97,-0.71,22.75,18.3125,8.5625,-0.39367676,-0.5303345,-0.51220703,-0.54901123
1e,4,Right Wrist,30048812,1779734020748,-6.9638124,-2.4048867,0.3062813,-27.36496,-22.048887,23.673729,-138.80618,-35.090775,238.58864,0.0
1e,1,Left Ankle,4045902,1779734020775,0.97,9.42,-1.51,25.0625,15.75,13.25,-0.38891602,-0.53131104,-0.51464844,-0.5491333
1e,2,Right Ankle,1087933,1779734020782,-8.492779,1.8164874,-1.2227323,30.936638,-30.43376,29.047619,111.30157,80.200584,314.54858,0.0
1e,3,Left Wrist,3845928,1779734020787,4.001001,-10.765013,0.91645104,30.705776,-38.240303,11.309223,-102.504486,-26.77727,325.55887,0.0
1e,1,Left Ankle,4045926,1779734020806,0.96,10.37,-1.07,26.3125,16.5625,20.375,-0.383667,-0.53344727,-0.5161743,-0.54937744
1e,1,Left Ankle,4045949,1779734020806,1.25,10.52,-0.79,27.6875,24.25,25.875,-0.37304688,-0.5360718,-0.5189209,-0.5515137
1e,4,Right Wrist,30048886,1779734020808,-9.134102,-1.2036902,2.1367908,5.32504,27.091112,-14.0562725,-138.79381,-35.079475,238.58052,0.0
1e,1,Left Ankle,4045966,1779734020835,2.04,10.51,-1.66,28.625,33.4375,30.0625,-0.36871338,-0.53656006,-0.5201416,-0.55285645
1e,3,Left Wrist,3845988,1779734020847,0.99322313,-11.944674,-2.309074,10.965776,-22.7003,7.0392227,-102.49832,-26.699278,325.56427,0.0
1e,1,Left Ankle,4045991,1779734020865,2.51,10.65,-2.02,23.0,32.5,32.9375,-0.35595703,-0.5383301,-0.52246094,-0.55718994
1e,1,Left Ankle,4046006,1779734020865,3.33,10.52,-2.4,18.3125,27.25,32.0625,-0.352417,-0.5390625,-0.5227051,-0.55859375
1e,2,Right Ankle,1087994,1779734020873,-9.878223,2.134733,0.7609176,-17.923363,-24.063759,8.817619,110.930275,80.20028,314.1874,0.0
1e,1,Left Ankle,4046030,1779734020896,3.68,10.37,-4.15,9.625,-0.625,28.75,-0.34490967,-0.54211426,-0.5215454,-0.56140137
1e,4,Right Wrist,30048947,1779734020898,-9.887841,-4.3406806,2.9599216,82.185036,55.58111,-38.066273,-138.74593,-35.08,238.56723,0.0
1e,3,Left Wrist,3846048,1779734020908,1.4287165,-15.691834,-5.3192444,0.045776427,39.3897,-0.80077744,-102.515205,-26.630573,325.5599,0.0
1e,1,Left Ankle,4046053,1779734020931,2.89,9.4,-2.89,6.5,-12.875,25.4375,-0.3439331,-0.54626465,-0.5187988,-0.56048584
1e,1,Left Ankle,4046070,1779734020931,2.11,8.87,-2.18,-6.375,-37.375,17.5,-0.34588623,-0.55114746,-0.51464844,-0.55841064
1e,2,Right Ankle,1088053,1779734020934,-9.421194,1.4264574,0.37806597,-23.243362,-4.25376,0.48761892,110.63734,80.22348,313.90646,0.0
1e,1,Left Ankle,4046092,1779734020957,-0.06,8.86,-1.66,-9.1875,-31.6875,14.8125,-0.34698486,-0.5529785,-0.51257324,-0.55773926
1e,3,Left Wrist,3846108,1779734020969,3.6109707,-13.69622,-4.089334,-121.12423,33.439697,57.99922,-102.5748,-26.543667,325.55353,0.0
1e,1,Left Ankle,4046106,1779734020989,-0.67,8.33,-1.06,-10.375,-12.5,10.1875,-0.34832764,-0.55493164,-0.5095215,-0.55773926
1e,4,Right Wrist,30049006,1779734020989,-9.686845,-8.26491,0.5192425,-1.4649601,35.63111,-28.686272,-138.7225,-35.06424,238.55292,0.0
1e,1,Left Ankle,4046132,1779734020989,-1.36,8.32,-0.68,-8.0,-12.75,2.75,-0.35003662,-0.5562134,-0.50671387,-0.5579834
1e,2,Right Ankle,1088143,1779734020994,-9.047914,1.4097077,0.27996024,-15.753363,0.9962402,-21.35238,110.365944,80.25125,313.6449,0.0
1e,1,Left Ankle,4046152,1779734021016,-0.6,7.37,1.43,-9.6875,-21.5625,-0.5,-0.35412598,-0.55792236,-0.50390625,-0.5562134
1e,3,Left Wrist,3846168,1779734021027,5.3577313,-7.826627,-3.5030923,-64.354225,-10.520301,78.71922,-102.65627,-26.548655,325.57776,0.0
1e,1,Left Ankle,4046192,1779734021047,-1.63,6.91,0.42,-21.0625,16.6875,-28.375,-0.3656006,-0.5543213,-0.5010376,-0.5549927
1e,1,Left Ankle,4046168,1779734021047,-1.32,7.28,1.19,-29.625,-42.5625,-10.0,-0.3577881,-0.55859375,-0.50177,-0.5551758
1e,4,Right Wrist,30049096,1779734021049,-7.2581296,-7.7815595,1.0815558,-55.50496,8.191112,-23.786272,-138.71712,-35.042614,238.54225,0.0
1e,2,Right Ankle,1088204,1779734021053,-9.318303,0.65836143,0.23928227,-10.223362,5.3362403,-22.122381,110.2459,80.313385,313.53085,0.0
1e,1,Left Ankle,4046212,1779734021076,-1.1,7.29,-1.18,-15.5625,55.0625,-26.0,-0.36523438,-0.5501709,-0.50323486,-0.5574341
1e,3,Left Wrist,3846228,1779734021088,5.135199,-7.3456693,-2.9838498,10.895777,-31.170301,74.86922,-102.71097,-26.563046,325.60828,0.0
1e,1,Left Ankle,4046232,1779734021106,0.46,7.52,-2.09,5.25,115.5,-22.5625,-0.3534546,-0.5317383,-0.51708984,-0.57006836
1e,4,Right Wrist,30049186,1779734021109,-5.937291,-7.4130645,1.6630117,-44.37496,-15.888887,16.463728,-138.70154,-35.008507,238.52388,0.0
1e,2,Right Ankle,1088263,1779734021113,-9.265661,0.7564671,0.23928227,-9.593362,12.826241,-15.262381,110.115524,80.369446,313.40665,0.0
1e,1,Left Ankle,4046250,1779734021139,2.41,7.18,-1.86,15.75,125.1875,-20.4375,-0.3439331,-0.5194702,-0.52716064,-0.5778198
1e,1,Left Ankle,4046272,1779734021139,1.37,6.77,-2.42,16.4375,71.6875,-20.6875,-0.3373413,-0.5109253,-0.53479004,-0.58239746
1e,3,Left Wrist,3846289,1779734021147,4.592028,-7.044173,-3.3044882,6.4857764,-17.4503,67.659225,-102.771675,-26.56239,325.6371,0.0
1e,1,Left Ankle,4046293,1779734021165,13.21,4.27,3.54,-1.6875,41.75,-36.5,-0.33850098,-0.50439453,-0.5380249,-0.58447266
1e,1,Left Ankle,4046311,1779734021166,1.69,19.61,-27.06,-16.6875,13.4375,37.1875,-0.3369751,-0.5039673,-0.5342407,-0.5891113
1e,4,Right Wrist,30049247,1779734021175,-6.052147,-6.7502527,2.440679,-3.84496,-19.598888,45.72373,-138.66838,-34.969635,238.49797,0.0
1e,2,Right Ankle,1088323,1779734021176,-9.086199,-0.43755138,0.22253251,-3.7133622,16.53624,0.13761902,110.13437,80.43551,313.42743,0.0
1e,1,Left Ankle,4046331,1779734021198,2.76,30.28,9.03,1.3125,-55.5625,-1.0625,-0.33740234,-0.5101929,-0.5335083,-0.58410645
1e,1,Left Ankle,4046352,1779734021225,3.34,1.55,-0.72,-53.375,-77.8125,-141.3125,-0.35766602,-0.5027466,-0.5360718,-0.5761719
1e,3,Left Wrist,3846348,1779734021237,4.096714,-6.9843526,-3.668197,-2.9642234,6.769699,56.879223,-102.83436,-26.550863,325.6587,0.0
1e,1,Left Ankle,4046381,1779734021256,-7.68,1.66,-3.47,-50.625,-41.5,-53.5,-0.37298584,-0.5003662,-0.5315552,-0.5726929
1e,1,Left Ankle,4046392,1779734021256,-4.77,10.54,0.85,-33.0625,1.625,-36.5,-0.3824463,-0.4934082,-0.53302,-0.57110596
1e,2,Right Ankle,1088383,1779734021262,-9.660477,1.3857794,-0.5694918,7.346638,21.36624,17.91762,110.35325,80.49579,313.6416,0.0
1e,1,Left Ankle,4046414,1779734021285,-0.11,14.46,0.0,-17.4375,40.375,-16.4375,-0.38293457,-0.4882202,-0.5333252,-0.5749512
1e,3,Left Wrist,3846408,1779734021297,2.3499534,-9.953846,-2.6512475,-19.834223,2.639699,57.019222,-102.85105,-26.457212,325.6583,0.0
1e,1,Left Ankle,4046440,1779734021315,1.97,9.03,0.12,-14.4375,43.5,-20.125,-0.3824463,-0.47821045,-0.5376587,-0.5796509
1e,1,Left Ankle,4046461,1779734021316,2.49,8.31,1.03,-16.1875,-0.0625,-20.5,-0.38635254,-0.47625732,-0.5371094,-0.57922363
1e,1,Left Ankle,4046484,1779734021345,1.12,10.85,0.42,-17.6875,-33.9375,-14.625,-0.39300537,-0.47772217,-0.5336914,-0.57666016
1e,1,Left Ankle,4046501,1779734021375,-1.8,9.81,0.16,-8.625,-24.875,-2.9375,-0.39764404,-0.4796753,-0.53063965,-0.574646
1e,1,Left Ankle,4046521,1779734021376,0.24,9.8,-0.86,0.5,3.6875,5.375,-0.3991089,-0.4812622,-0.5289917,-0.57385254
1e,4,Right Wrist,30049306,1779734021378,-7.1145597,-5.1877394,1.995614,20.305038,-5.458889,55.87373,-138.62897,-34.930264,238.46848,0.0
1e,2,Right Ankle,1088443,1779734021383,-9.256089,1.1464972,-0.11246266,11.406637,9.46624,4.8976192,110.173454,80.54073,313.4607,0.0
1e,3,Left Wrist,3846499,1779734021388,0.8233324,-12.104993,-2.634498,24.405777,-18.430302,103.28922,-102.83954,-26.346043,325.6554,0.0
1e,1,Left Ankle,4046546,1779734021407,0.79,9.79,-0.5,1.125,7.375,13.75,-0.3970337,-0.48181152,-0.52856445,-0.5751953
1e,1,Left Ankle,4046563,1779734021436,0.41,9.46,-0.6,-1.3125,-3.5,16.375,-0.395813,-0.48321533,-0.5270996,-0.5761719
1e,2,Right Ankle,1088637,1779734021444,-8.308532,0.974214,-2.050649,-11.693362,-4.9537597,-7.5623813,110.85805,80.51946,314.1384,0.0
1e,3,Left Wrist,3846558,1779734021449,0.28494743,-11.853746,-0.7920243,20.625776,-3.5903006,124.49922,-102.80194,-26.240862,325.63437,0.0
1e,1,Left Ankle,4046587,1779734021467,0.93,10.19,-0.17,-1.25,-6.0625,21.1875,-0.39453125,-0.4855957,-0.5248413,-0.57714844
1e,1,Left Ankle,4046604,1779734021474,0.95,10.25,0.0,0.9375,-5.375,23.375,-0.3927002,-0.48815918,-0.52264404,-0.57818604
1e,4,Right Wrist,30049574,1779734021474,-3.1520455,-3.201697,0.9499506,-31.354961,23.381111,-86.57628,-138.62189,-34.88859,238.4695,0.0
1e,1,Left Ankle,4046628,1779734021499,0.7,9.6,-0.11,4.0,-4.4375,23.9375,-0.39056396,-0.49090576,-0.5206909,-0.57910156
1e,3,Left Wrist,3846648,1779734021508,2.1441708,-9.178571,1.4668003,-18.924223,0.32969952,93.55922,-102.754364,-26.18425,325.60385,0.0
1e,1,Left Ankle,4046652,1779734021533,0.92,9.42,-0.31,8.625,1.9375,25.6875,-0.38549805,-0.49487305,-0.51885986,-0.5807495
1e,1,Left Ankle,4046670,1779734021533,1.1,9.63,-0.59,12.5625,1.4375,27.1875,-0.38134766,-0.49768066,-0.5180664,-0.5817871
1e,2,Right Ankle,1088656,1779734021533,-8.289389,1.0172849,-1.2083755,-17.923363,-12.02376,-5.112381,111.176025,80.52265,314.45767,0.0
1e,1,Left Ankle,4046700,1779734021557,1.77,9.36,-0.43,12.625,-2.875,22.9375,-0.37799072,-0.5007324,-0.5172119,-0.5821533
1e,3,Left Wrist,3846708,1779734021567,3.2975113,-7.6447716,1.5577275,-37.544224,-0.51030064,70.87922,-102.711105,-26.157354,325.57422,0.0
1e,1,Left Ankle,4046710,1779734021585,1.27,9.47,-0.35,12.0625,-4.875,21.4375,-0.37524414,-0.5036011,-0.5165405,-0.58203125
1e,2,Right Ankle,1088713,1779734021593,-8.44253,1.9528785,-2.201397,-4.973362,-12.373759,7.767619,111.40859,80.48308,314.6879,0.0
1e,1,Left Ankle,4046739,1779734021616,1.68,9.47,-0.59,16.3125,7.8125,10.5,-0.37243652,-0.5050659,-0.517395,-0.5817871
1e,1,Left Ankle,4046755,1779734021617,2.17,9.41,-0.32,21.875,15.6875,-1.375,-0.36920166,-0.50512695,-0.5201416,-0.58135986
1e,4,Right Wrist,30049606,1779734021620,-1.6517459,-4.721139,0.6436693,-21.624962,19.321112,-62.566273,-138.59715,-34.884056,238.46082,0.0
1e,3,Left Wrist,3846768,1779734021628,4.477173,-7.6902356,1.2562318,-37.474224,-5.270301,49.73922,-102.670616,-26.153482,325.5488,0.0
1e,1,Left Ankle,4046772,1779734021654,2.72,9.37,-0.4,23.3125,12.0625,-12.875,-0.36706543,-0.5043335,-0.5241699,-0.57977295
1e,1,Left Ankle,4046791,1779734021654,1.69,9.85,-0.29,24.75,7.0625,-22.0,-0.36621094,-0.5032959,-0.52874756,-0.5770874
1e,1,Left Ankle,4046816,1779734021675,0.95,10.14,-0.2,23.5625,3.0,-21.5625,-0.36547852,-0.50183105,-0.5336914,-0.5742798
1e,2,Right Ankle,1088803,1779734021682,-6.1884904,-0.9520082,-1.2945169,-51.243362,-1.9437598,31.217619,111.689926,80.52259,314.98227,0.0
1e,3,Left Wrist,3846829,1779734021687,4.6949196,-8.707186,1.4955142,-56.934223,-21.090302,49.52922,-102.63878,-26.14373,325.52905,0.0
1e,1,Left Ankle,4046836,1779734021708,0.37,9.65,-1.33,21.875,9.8125,-17.3125,-0.36468506,-0.5007324,-0.53790283,-0.57177734
1e,1,Left Ankle,4046856,1779734021735,0.26,9.42,-1.8,21.0,20.25,-9.1875,-0.36236572,-0.49938965,-0.5418701,-0.5706787
1e,1,Left Ankle,4046871,1779734021736,0.46,9.7,-1.34,19.3125,26.1875,-1.625,-0.35876465,-0.4977417,-0.54577637,-0.5706787
1e,4,Right Wrist,30049770,1779734021739,-4.929913,-4.8934226,-0.29192436,0.2150402,-4.4788885,72.39372,-138.51973,-34.81107,238.39912,0.0
1e,1,Left Ankle,4046901,1779734021765,1.88,9.75,-0.97,22.0625,28.4375,1.6875,-0.35424805,-0.49645996,-0.5492554,-0.571228
1e,1,Left Ankle,4046911,1779734021766,2.06,9.76,-0.91,25.4375,30.5625,5.375,-0.3486328,-0.49505615,-0.55340576,-0.5718994
1e,2,Right Ankle,1088863,1779734021772,-20.26786,-2.9045515,4.287938,-74.83336,-8.24376,62.92762,111.4749,80.555954,314.7942,0.0
1e,3,Left Wrist,3846888,1779734021777,2.6442707,-9.090036,0.6580263,-14.654223,-45.450302,61.009224,-102.59719,-26.093348,325.5182,0.0
1e,1,Left Ankle,4046941,1779734021799,0.29,10.39,-1.4,22.5625,28.5625,21.5,-0.3423462,-0.4953003,-0.55596924,-0.5730591
1e,4,Right Wrist,30049920,1779734021799,-15.87229,-4.359823,1.160519,32.48504,59.361115,-18.746271,-138.46498,-34.750084,238.35548,0.0
1e,1,Left Ankle,4046953,1779734021825,1.84,9.8,-1.58,22.0,26.8125,24.0,-0.3355713,-0.4961548,-0.5576782,-0.574646
1e,2,Right Ankle,1088954,1779734021832,-10.591285,2.5032277,-1.753939,-11.483362,-37.64376,41.71762,111.557,80.49465,314.87622,0.0
1e,1,Left Ankle,4046977,1779734021856,2.21,10.02,-1.64,18.4375,22.25,33.5,-0.32867432,-0.49786377,-0.55822754,-0.5765991
1e,1,Left Ankle,4046992,1779734021856,2.39,9.95,-1.74,16.875,21.6875,39.0,-0.32159424,-0.5003052,-0.55792236,-0.57873535
1e,4,Right Wrist,30049939,1779734021858,-14.936696,-4.711568,2.713461,4.83504,69.51111,-16.716272,-138.44246,-34.746845,238.33397,0.0
1e,3,Left Wrist,3846948,1779734021868,-1.7393805,-9.506389,-5.3192444,62.065777,-81.1503,76.269226,-102.62399,-25.994093,325.5591,0.0
1e,1,Left Ankle,4047014,1779734021885,0.06,8.87,-1.28,12.0,18.5625,44.8125,-0.31396484,-0.5026245,-0.5571289,-0.5817261
1e,2,Right Ankle,1089043,1779734021892,-9.071842,2.7449026,0.7609176,-27.513363,-4.5337596,23.447618,111.19571,80.464096,314.52866,0.0
1e,1,Left Ankle,4047057,1779734021916,1.36,8.33,-1.22,7.375,18.9375,46.625,-0.2994995,-0.5079956,-0.55352783,-0.58807373
1e,1,Left Ankle,4047039,1779734021915,0.86,8.82,-1.51,10.8125,22.5625,43.625,-0.30303955,-0.50653076,-0.5546875,-0.5864258
1e,4,Right Wrist,30049997,1779734021918,-10.074482,-6.475078,3.0269206,-37.86496,100.73112,-38.27627,-138.425,-34.757797,238.30553,0.0
1e,1,Left Ankle,4047079,1779734021945,2.15,8.42,-1.55,3.375,15.5625,49.0625,-0.29333496,-0.51153564,-0.5501709,-0.59124756
1e,2,Right Ankle,1089103,1779734021956,-8.588491,2.9339359,-0.25842485,-22.893362,3.30624,13.367619,110.95888,80.39659,314.30286,0.0
1e,3,Left Wrist,3847039,1779734021957,-3.5459611,-8.405689,-8.985049,-43.634224,-23.820301,82.00922,-102.69621,-25.908726,325.5857,0.0
1e,1,Left Ankle,4047102,1779734021977,2.01,8.76,-2.01,2.625,8.6875,56.125,-0.2835083,-0.5181885,-0.54400635,-0.59594727
1e,1,Left Ankle,4047118,1779734021984,2.3,8.32,-1.96,5.1875,-4.625,53.8125,-0.28070068,-0.5209961,-0.5418701,-0.59680176
1e,4,Right Wrist,30050056,1779734021984,-5.083054,-6.738289,1.820938,10.85504,83.09111,-66.90627,-138.38847,-34.770382,238.28542,0.0
1e,1,Left Ankle,4047144,1779734022008,1.78,8.65,-1.11,6.5,-9.25,50.75,-0.2732544,-0.5293579,-0.53564453,-0.5984497
1e,3,Left Wrist,3847128,1779734022019,3.878967,-9.348461,-2.8929224,-160.88423,23.7797,64.57922,-102.79463,-25.844454,325.59238,0.0
1e,4,Right Wrist,30050117,1779734022041,-4.1259246,-7.76481,0.6939185,-7.62496,58.31111,-56.546272,-138.356,-34.77024,238.26639,0.0
1e,1,Left Ankle,4047162,1779734022041,2.45,8.66,-1.42,6.0,15.5625,45.8125,-0.2670288,-0.5327759,-0.5325928,-0.6010132
1e,2,Right Ankle,1089164,1779734022044,-8.610027,2.795152,0.11006984,-10.223362,2.6762402,9.167619,110.66838,80.34549,314.01993,0.0
1e,1,Left Ankle,4047188,1779734022067,4.35,9.1,-1.96,7.9375,24.0625,39.4375,-0.2600708,-0.5344238,-0.53063965,-0.6043091
1e,1,Left Ankle,4047207,1779734022069,5.2,9.26,-2.63,6.3125,9.125,27.0,-0.25506592,-0.5360718,-0.52923584,-0.6062012
1e,3,Left Wrist,3847218,1779734022078,6.9896364,-1.961818,-0.7848458,27.485777,34.1397,-60.930775,-102.786156,-25.93357,325.58664,0.0
1e,1,Left Ankle,4047225,1779734022099,5.11,9.58,-3.01,8.0625,-2.9375,11.625,-0.25286865,-0.5378418,-0.52856445,-0.60614014
1e,4,Right Wrist,30050176,1779734022100,-5.123731,-7.9658065,-1.1892328,-57.394962,37.101112,-24.206272,-138.34323,-34.747105,238.24579,0.0
1e,1,Left Ankle,4047247,1779734022127,5.33,9.85,-2.0,11.1875,-4.3125,-4.125,-0.25238037,-0.5387573,-0.52941895,-0.60479736
1e,1,Left Ankle,4047265,1779734022130,4.95,10.12,-2.22,12.25,0.125,-18.0625,-0.25354004,-0.5387573,-0.53131104,-0.60266113
1e,3,Left Wrist,3847278,1779734022139,7.5471644,-9.226428,-3.7519457,99.865776,28.259699,-140.66078,-102.79575,-26.044273,325.6072,0.0
1e,1,Left Ankle,4047290,1779734022157,6.59,10.91,-2.17,15.625,10.3125,-31.75,-0.2548828,-0.5338745,-0.53863525,-0.59991455
1e,1,Left Ankle,4047308,1779734022187,5.86,11.59,-2.37,17.5,17.625,-40.4375,-0.25531006,-0.5315552,-0.54174805,-0.598999
1e,1,Left Ankle,4047332,1779734022188,4.92,12.22,-2.2,14.25,37.8125,-49.375,-0.25634766,-0.5215454,-0.552124,-0.5979004
1e,3,Left Wrist,3847338,1779734022199,7.7433753,-9.18575,-4.9100723,-56.724224,-11.7803,-181.05078,-102.8803,-26.151358,325.6519,0.0
1e,1,Left Ankle,4047353,1779734022217,5.37,12.01,-1.81,15.0625,44.4375,-55.3125,-0.25634766,-0.51257324,-0.5602417,-0.5980835
1e,2,Right Ankle,1089223,1779734022226,-8.856488,2.6683323,-0.34217364,-17.013363,3.5862403,16.027618,110.44233,80.27563,313.80286,0.0
1e,1,Left Ankle,4047368,1779734022250,4.99,10.09,0.1,12.3125,29.0625,-58.0625,-0.25738525,-0.50860596,-0.5640259,-0.59747314
1e,1,Left Ankle,4047391,1779734022250,2.82,7.94,0.32,-8.9375,-11.8125,-63.75,-0.2675171,-0.4996338,-0.57141113,-0.5935669
1e,3,Left Wrist,3847398,1779734022259,9.303496,-11.461324,-2.3018954,53.455776,-70.3703,-217.59077,-102.874,-26.291592,325.69403,0.0
1e,1,Left Ankle,4047408,1779734022277,2.33,5.35,2.21,-11.75,-16.9375,-59.0625,-0.27178955,-0.4973755,-0.572937,-0.59210205
1e,2,Right Ankle,1089416,1779734022283,-8.416209,3.697246,-0.09810573,-19.463362,7.1562405,8.887619,110.02132,80.13949,313.39957,0.0
1e,1,Left Ankle,4047430,1779734022308,2.97,4.34,0.6,-18.1875,1.4375,-13.4375,-0.28045654,-0.4935913,-0.5733032,-0.5907593
1e,1,Left Ankle,4047453,1779734022309,6.11,3.18,-2.07,-22.5625,32.125,17.625,-0.2789917,-0.49127197,-0.5715332,-0.5950928
1e,4,Right Wrist,30050237,1779734022310,-7.8371925,-7.034999,-2.2947168,-33.45496,36.611115,-11.466271,-138.33191,-34.716713,238.22815,0.0
1e,3,Left Wrist,3847458,1779734022318,10.1625185,-9.922738,-0.51445687,57.025776,-141.4203,-212.69078,-102.86219,-26.41291,325.7556,0.0
1e,1,Left Ankle,4047469,1779734022341,5.11,2.92,-1.75,-18.875,52.9375,40.1875,-0.26971436,-0.48950195,-0.5684204,-0.60375977
1e,2,Right Ankle,1089494,1779734022343,-8.5980625,3.534534,-0.06699903,-9.943362,1.9062402,9.237619,109.7936,80.07552,313.1786,0.0
1e,1,Left Ankle,4047499,1779734022368,7.5,3.61,-2.74,-6.1875,71.9375,68.9375,-0.2564087,-0.48809814,-0.5653076,-0.6135254
1e,1,Left Ankle,4047509,1779734022368,6.99,4.42,-2.76,-5.5,58.0,79.5625,-0.24383545,-0.49139404,-0.55926514,-0.621521
1e,3,Left Wrist,3847518,1779734022379,7.989836,-7.7069855,-0.24646074,134.58577,-221.7803,-189.73077,-102.83466,-26.51876,325.8451,0.0
1e,1,Left Ankle,4047535,1779734022400,5.46,6.47,-2.72,-16.375,-9.8125,98.1875,-0.23461914,-0.4998169,-0.5496216,-0.6268921
1e,4,Right Wrist,30050503,1779734022401,-4.0541396,-4.039185,-2.1367908,-15.67496,0.9811115,98.64372,-138.25615,-34.563374,238.10733,0.0
1e,2,Right Ankle,1089553,1779734022404,-8.212818,3.5441053,0.1794617,-28.983362,11.21624,3.847619,109.56072,80.01767,312.95972,0.0
1e,1,Left Ankle,4047554,1779734022427,-0.35,9.33,-3.49,-21.0,-59.875,101.1875,-0.2298584,-0.5132446,-0.5371094,-0.62872314
1e,1,Left Ankle,4047569,1779734022429,-2.04,9.32,-3.06,-22.8125,-84.9375,97.5,-0.23046875,-0.5305786,-0.52282715,-0.62609863
1e,3,Left Wrist,3847579,1779734022439,6.657034,-7.154243,4.3525443,243.29578,-254.7503,-185.04077,-102.75566,-26.58443,325.93817,0.0
1e,1,Left Ankle,4047595,1779734022459,-7.02,10.08,-1.3,-27.4375,-123.375,64.1875,-0.23583984,-0.5482788,-0.50891113,-0.6203003
1e,4,Right Wrist,30050523,1779734022459,-3.6162534,-3.5127637,-1.8711873,-19.45496,-13.578888,107.39372,-138.22974,-34.485622,238.06807,0.0
1e,1,Left Ankle,4047616,1779734022488,-8.49,10.7,-3.23,-26.75,-109.6875,24.375,-0.2446289,-0.5623169,-0.49804688,-0.61309814
1e,1,Left Ankle,4047633,1779734022489,22.55,22.62,-9.67,12.5625,-80.875,-47.125,-0.25482178,-0.56915283,-0.49645996,-0.6038208
1e,2,Right Ankle,1089613,1779734022494,-8.387495,3.7929592,-0.59581286,-8.963362,11.286241,1.607619,109.44872,79.944016,312.85312,0.0
1e,3,Left Wrist,3847638,1779734022498,4.541779,-9.281462,11.504691,352.07578,-198.68031,-182.87077,-102.63022,-26.634836,326.01013,0.0
1e,1,Left Ankle,4047653,1779734022518,11.92,9.81,1.02,2.625,-48.25,-48.25,-0.26330566,-0.57025146,-0.5026245,-0.59399414
1e,4,Right Wrist,30050596,1779734022520,-4.0278187,-2.778167,-0.050249275,-59.914963,-91.83889,128.25372,-138.22342,-34.39813,238.04272,0.0
1e,2,Right Ankle,1089673,1779734022553,-8.720097,3.7283528,-0.44027936,10.076637,9.536241,3.217619,109.31133,79.87249,312.71487,0.0
1e,3,Left Wrist,3847698,1779734022558,1.7852473,-14.617457,13.387843,267.3058,-89.9003,-152.84077,-102.51374,-26.671581,326.03757,0.0
1e,1,Left Ankle,4047673,1779734022578,-10.91,15.11,0.83,-34.75,-17.25,-42.5,-0.27246094,-0.56762695,-0.50250244,-0.5925293
1e,1,Left Ankle,4047701,1779734022585,7.84,5.69,0.96,-9.8125,-17.4375,-139.8125,-0.28710938,-0.55804443,-0.5114746,-0.58703613
1e,1,Left Ankle,4047717,1779734022609,5.7,6.05,-0.66,-5.9375,9.9375,-95.125,-0.29974365,-0.54870605,-0.5206909,-0.58135986
1e,1,Left Ankle,4047740,1779734022609,-6.55,14.58,3.03,-5.8125,35.875,-49.875,-0.30267334,-0.539917,-0.52734375,-0.58203125
1e,4,Right Wrist,30050657,1779734022610,-5.269694,1.3685949,1.0049856,-39.68496,-136.21889,102.91373,-138.24281,-34.32115,238.04988,0.0
1e,3,Left Wrist,3847758,1779734022617,-0.9114637,-10.138093,28.2377,67.94577,71.6597,-61.910778,-102.443016,-26.695305,325.9988,0.0
1e,1,Left Ankle,4047759,1779734022635,4.82,9.5,-5.73,-20.625,11.375,-106.625,-0.3180542,-0.5227051,-0.5401001,-0.57788086
1e,4,Right Wrist,30050716,1779734022669,-8.351649,6.3145585,0.41635114,80.29504,-146.29889,45.58373,-138.2452,-34.260006,238.08533,0.0
1e,3,Left Wrist,3847818,1779734022677,13.203796,-21.999317,55.6738,276.12576,404.6497,129.32922,-102.2335,-26.685781,325.81604,0.0
1e,1,Left Ankle,4047787,1779734022726,1.95,6.35,-2.48,-30.6875,-5.9375,-83.0,-0.32965088,-0.5128784,-0.54644775,-0.57421875
1e,1,Left Ankle,4047801,1779734022727,5.05,9.76,-0.49,-33.9375,-14.1875,-101.9375,-0.34277344,-0.50286865,-0.55145264,-0.57055664
1e,4,Right Wrist,30050806,1779734022728,-4.042176,5.3263226,-4.1587257,134.68504,-17.918888,7.223728,-138.2456,-34.236263,238.11392,0.0
1e,2,Right Ankle,1089763,1779734022733,-8.308532,4.0322413,-0.82073814,-3.643362,5.47624,-17.782381,109.24011,79.80383,312.6467,0.0
1e,3,Left Wrist,3847878,1779734022738,34.413776,-25.253555,64.66125,132.83577,740.0897,223.47923,-102.013275,-26.676695,325.4975,0.0
1e,1,Left Ankle,4047824,1779734022760,0.06,9.53,0.04,-28.875,-12.6875,-83.75,-0.35583496,-0.49395752,-0.5548096,-0.56707764
1e,1,Left Ankle,4047845,1779734022761,-1.38,10.19,0.09,-8.625,-0.9375,-80.875,-0.3656006,-0.4859619,-0.5597534,-0.5628662
1e,1,Left Ankle,4047889,1779734022761,0.56,10.27,-1.12,18.625,3.375,-73.5625,-0.38024902,-0.46905518,-0.5773926,-0.54956055
1e,1,Left Ankle,4047909,1779734022786,-0.76,8.21,-1.81,19.75,-26.6875,-60.6875,-0.38360596,-0.46795654,-0.579834,-0.54559326
1e,1,Left Ankle,4047932,1779734022787,-0.76,8.99,-2.59,17.75,-38.8125,-54.4375,-0.39093018,-0.46704102,-0.5835571,-0.5371704
1e,2,Right Ankle,1089927,1779734022797,-8.040535,1.8715223,-2.0147567,28.696636,14.29624,-10.572382,109.328865,79.73216,312.71777,0.0
1e,3,Left Wrist,3847938,1779734022804,47.830334,-29.68267,38.18227,181.76578,733.4397,292.07922,-101.77486,-26.655943,325.17615,0.0
1e,1,Left Ankle,4047950,1779734022815,-2.28,9.45,-0.74,15.75,-36.8125,-42.625,-0.40008545,-0.46722412,-0.58703613,-0.52630615
1e,4,Right Wrist,30050867,1779734022819,-0.81904346,-6.700004,3.9673002,199.08504,-73.708885,-45.836273,-138.15627,-34.221195,238.12683,0.0
1e,1,Left Ankle,4047968,1779734022845,-1.92,7.91,-0.43,11.625,-32.0625,-33.375,-0.4025879,-0.46722412,-0.5878906,-0.5234375
1e,1,Left Ankle,4047990,1779734022846,-0.53,9.06,-3.13,0.5625,-18.625,-22.3125,-0.40863037,-0.46673584,-0.588562,-0.5184326
1e,2,Right Ankle,1090003,1779734022852,-9.136448,4.14949,-0.86141616,40.45664,5.05624,-34.09238,109.28162,79.66904,312.6584,0.0
1e,3,Left Wrist,3847999,1779734022857,52.905514,-4.5436735,-7.456035,-7.4442234,305.8097,105.24922,-101.731415,-26.706028,325.05533,0.0
1e,1,Left Ankle,4048008,1779734022877,-0.39,9.94,-2.3,-8.875,-22.5625,-13.75,-0.4107666,-0.46673584,-0.58795166,-0.5175171
1e,4,Right Wrist,30050926,1779734022878,-3.8411787,-15.933906,-1.3304094,-31.424961,-93.028885,57.76373,-138.12817,-34.151665,238.11038,0.0
1e,1,Left Ankle,4048036,1779734022905,1.16,10.66,-2.12,-28.8125,-16.3125,-14.5625,-0.4177246,-0.46466064,-0.58483887,-0.517334
1e,1,Left Ankle,4048053,1779734022906,-1.6,9.63,-1.78,-33.1875,-10.1875,-8.9375,-0.42248535,-0.46258545,-0.581604,-0.51885986
1e,2,Right Ankle,1090063,1779734022912,-8.952201,2.5821908,-0.3924229,24.076637,17.516241,-44.94238,109.15908,79.61621,312.53152,0.0
1e,3,Left Wrist,3848058,1779734022917,19.181067,-3.3831546,-2.28036,-52.244225,-18.8503,-18.580776,-101.76091,-26.776342,325.06735,0.0
1e,1,Left Ankle,4048071,1779734022935,-1.15,8.85,-1.51,-32.4375,0.125,-6.25,-0.42510986,-0.4593506,-0.5794678,-0.52197266
1e,4,Right Wrist,30051016,1779734022943,-7.7989073,2.6966112,-2.6608188,-11.33496,-94.28889,121.39372,-138.1456,-34.070198,238.10999,0.0
1e,1,Left Ankle,4048090,1779734022969,-0.31,10.09,-1.06,-33.5,6.25,-3.875,-0.42840576,-0.45629883,-0.5769043,-0.5247803
1e,1,Left Ankle,4048112,1779734022969,-0.81,8.7,-0.81,-37.0,-6.3125,-2.4375,-0.43218994,-0.45391846,-0.57336426,-0.5276489
1e,2,Right Ankle,1090124,1779734022973,-8.5980625,-5.5629773,-2.2157538,48.086636,21.15624,-41.722378,109.468285,79.68979,312.82135,0.0
1e,3,Left Wrist,3848119,1779734022977,-2.182053,-4.431211,6.020342,54.995777,-91.0903,16.419222,-101.719444,-26.747808,325.0841,0.0
1e,1,Left Ankle,4048142,1779734022995,-1.44,9.58,-0.51,-36.75,-4.375,5.1875,-0.43530273,-0.4519043,-0.56951904,-0.53100586
1e,4,Right Wrist,30051077,1779734023002,-4.8342,4.558227,-2.3976083,28.77504,9.591112,55.87373,-138.15656,-34.041965,238.10786,0.0
1e,1,Left Ankle,4048156,1779734023026,-0.77,9.85,-0.42,-34.5,2.5,9.0,-0.4371338,-0.4500122,-0.5657959,-0.5350342
1e,3,Left Wrist,3848178,1779734023038,-2.7946155,-3.9909315,5.5800624,-52.174225,-18.570301,60.79922,-101.703285,-26.70682,325.07043,0.0
1e,1,Left Ankle,4048182,1779734023061,-0.56,9.58,0.79,-27.875,4.6875,14.5,-0.43847656,-0.44812012,-0.56048584,-0.5411377
1e,2,Right Ankle,1090183,1779734023063,-8.054893,0.7133963,-2.5603201,-5.813362,2.53624,-19.112381,109.81098,79.69409,313.161,0.0
1e,1,Left Ankle,4048200,1779734023088,-0.24,9.6,0.1,-24.9375,2.75,15.1875,-0.4387207,-0.44781494,-0.55718994,-0.54455566
1e,1,Left Ankle,4048222,1779734023088,-1.07,10.03,-0.51,-11.5,-3.5625,22.5,-0.43811035,-0.4491577,-0.5540161,-0.54711914
1e,3,Left Wrist,3848238,1779734023099,-0.4903268,-1.6746792,4.3645086,-11.154223,-3.2403007,20.129221,-101.67002,-26.694136,325.05347,0.0
1e,1,Left Ankle,4048240,1779734023119,-0.62,9.94,0.25,-6.5625,-2.1875,23.9375,-0.43621826,-0.4512329,-0.55163574,-0.54937744
1e,1,Left Ankle,4048260,1779734023121,-0.9,9.72,0.0,1.75,-1.9375,29.875,-0.43426514,-0.4547119,-0.54888916,-0.55078125
1e,2,Right Ankle,1090244,1779734023129,-9.454693,0.115190655,-1.5266209,-0.49336195,-15.52376,-22.19238,110.10487,79.74518,313.44992,0.0
1e,1,Left Ankle,4048285,1779734023147,-0.77,10.93,-1.42,4.5,-17.5625,21.5,-0.43328857,-0.45880127,-0.5463867,-0.5507202
1e,3,Left Wrist,3848298,1779734023158,1.6608207,-1.6579294,5.838487,-54.414223,-9.820301,26.849222,-101.65208,-26.69139,325.03818,0.0
1e,1,Left Ankle,4048304,1779734023178,0.3,8.39,-0.44,5.375,-15.4375,30.0625,-0.43103027,-0.46289062,-0.54364014,-0.5516968
1e,2,Right Ankle,1090333,1779734023183,-9.801653,-0.35858822,-3.184847,11.266638,-6.8437595,-27.93238,110.45995,79.77457,313.79572,0.0
1e,1,Left Ankle,4048332,1779734023208,-1.23,9.95,-0.57,1.5625,-23.0,42.5625,-0.42926025,-0.46875,-0.53912354,-0.5526123
1e,1,Left Ankle,4048350,1779734023208,-0.24,9.84,-0.9,1.625,-15.25,47.3125,-0.42443848,-0.47753906,-0.53186035,-0.55584717
1e,4,Right Wrist,30051136,1779734023209,-2.4389844,-1.4836504,-1.2610176,22.195042,18.761112,4.7037277,-138.13994,-33.99607,238.09827,0.0
1e,1,Left Ankle,4048371,1779734023238,0.04,9.65,-0.06,0.4375,-4.4375,57.1875,-0.4196167,-0.48309326,-0.52685547,-0.5593872
1e,2,Right Ankle,1090393,1779734023243,-9.040735,0.26354566,-5.029713,-29.683363,-10.76376,-12.392382,110.78468,79.774864,314.12512,0.0
1e,3,Left Wrist,3848358,1779734023248,0.885546,-0.34187698,7.5110703,-32.294224,-4.0103006,29.089222,-101.62938,-26.686504,325.0223,0.0
1e,1,Left Ankle,4048393,1779734023271,0.79,9.67,-0.38,1.5625,-5.25,57.625,-0.4147339,-0.48895264,-0.52178955,-0.56274414
1e,1,Left Ankle,4048411,1779734023271,0.75,9.76,0.09,1.625,-10.0625,59.3125,-0.4105835,-0.49572754,-0.5157471,-0.5654297
1e,1,Left Ankle,4048431,1779734023295,1.66,9.37,0.4,4.5,-5.875,59.5,-0.40515137,-0.50177,-0.51068115,-0.5686035
1e,2,Right Ankle,1090454,1779734023304,-8.263068,4.7333384,-1.3064811,-43.123363,-20.983759,38.70762,110.648346,79.68992,314.0037,0.0
1e,3,Left Wrist,3848418,1779734023307,-0.59321845,-1.3061846,7.2023964,6.7657766,14.609699,-2.200779,-101.58988,-26.686365,325.0013,0.0
1e,1,Left Ankle,4048453,1779734023355,0.91,9.8,-0.69,9.625,-5.1875,58.3125,-0.39923096,-0.50787354,-0.5060425,-0.57147217
1e,1,Left Ankle,4048471,1779734023355,1.04,9.79,-0.3,10.875,-5.0,53.0,-0.39331055,-0.5135498,-0.5022583,-0.57385254
1e,1,Left Ankle,4048495,1779734023356,2.07,9.58,-0.39,14.8125,2.125,49.0625,-0.38726807,-0.5187378,-0.49920654,-0.57598877
1e,4,Right Wrist,30051404,1779734023358,-0.04616174,0.55024904,-2.57707,52.15504,17.641111,-8.806272,-138.23573,-33.8965,238.14214,0.0
1e,2,Right Ankle,1090513,1779734023363,-6.446915,2.184982,-0.8470592,92.88664,1.6262403,52.49762,110.656006,79.59966,313.9783,0.0
1e,3,Left Wrist,3848508,1779734023368,-1.5144553,-5.101201,5.6901326,-88.714226,47.649696,-40.21078,-101.57457,-26.686956,324.96844,0.0
1e,1,Left Ankle,4048515,1779734023388,1.79,9.65,-0.8,18.5,3.125,43.8125,-0.38079834,-0.52301025,-0.49743652,-0.57788086
1e,1,Left Ankle,4048542,1779734023415,2.19,9.3,-0.16,23.125,-2.375,40.8125,-0.37487793,-0.52801514,-0.4958496,-0.5786743
1e,1,Left Ankle,4048556,1779734023416,2.45,9.36,0.56,30.875,-7.0,36.1875,-0.3690796,-0.5335083,-0.49493408,-0.57806396
1e,2,Right Ankle,1090574,1779734023423,-5.102149,-5.3739443,-0.3086741,43.04664,-30.71376,7.487619,110.74155,79.66275,314.04565,0.0
1e,1,Left Ankle,4048582,1779734023445,1.96,10.03,-0.56,29.625,-12.4375,38.3125,-0.36071777,-0.54248047,-0.4935913,-0.5761719
1e,4,Right Wrist,30051466,1779734023448,-0.50079805,-2.98395,-3.0005996,119.56504,10.431111,-40.796272,-138.19229,-33.83542,238.14801,0.0
1e,2,Right Ankle,1090633,1779734023482,-20.306143,-1.4186087,-1.0815558,-110.25336,-50.94376,53.75762,110.70608,79.7223,314.04443,0.0
1e,1,Left Ankle,4048600,1779734023504,1.42,9.31,-1.09,29.625,-14.4375,35.875,-0.35534668,-0.54870605,-0.4921875,-0.57476807
1e,1,Left Ankle,4048621,1779734023505,1.7,9.47,-1.35,27.4375,-9.25,47.4375,-0.34906006,-0.5550537,-0.4902954,-0.5741577
1e,1,Left Ankle,4048645,1779734023515,0.74,10.2,-1.55,27.375,-6.625,51.8125,-0.34210205,-0.56152344,-0.48773193,-0.5742798
1e,4,Right Wrist,30051556,1779734023515,-2.0058835,-4.3000026,-3.7136607,11.13504,5.2511115,-43.73627,-138.18301,-33.780334,238.15346,0.0
1e,3,Left Wrist,3848568,1779734023517,0.091128714,-5.5869446,1.660619,-118.674225,76.2797,-54.14078,-101.560616,-26.67882,324.92365,0.0
1e,1,Left Ankle,4048661,1779734023538,1.81,10.19,-0.33,24.8125,-4.6875,47.3125,-0.3352661,-0.56726074,-0.48547363,-0.57458496
1e,1,Left Ankle,4048687,1779734023566,4.86,9.36,0.12,19.1875,-6.5625,39.4375,-0.3297119,-0.5723877,-0.48309326,-0.57470703
1e,1,Left Ankle,4048701,1779734023566,3.03,9.69,0.91,13.1875,-25.3125,36.0,-0.32635498,-0.5780029,-0.48010254,-0.57354736
1e,2,Right Ankle,1090693,1779734023573,-6.710126,7.174018,-2.2348964,-35.283363,-36.03376,68.59762,110.553055,79.62917,313.9024,0.0
1e,1,Left Ankle,4048722,1779734023595,-0.06,10.19,-1.61,1.875,-49.4375,38.1875,-0.32580566,-0.5857544,-0.47375488,-0.571228
1e,3,Left Wrist,3848732,1779734023607,-0.16490299,-6.7785697,-4.658826,-2.0542235,52.829697,-85.43077,-101.581314,-26.676374,324.87845,0.0
1e,1,Left Ankle,4048746,1779734023629,-0.33,11.29,-2.44,4.8125,-30.1875,40.0625,-0.32470703,-0.59259033,-0.46826172,-0.56933594
1e,1,Left Ankle,4048767,1779734023629,1.57,9.77,-1.92,10.5,1.0625,36.3125,-0.32073975,-0.59680176,-0.4649048,-0.56988525
1e,4,Right Wrist,30051646,1779734023630,-4.173781,0.08364859,-2.7086754,-20.854961,-10.218889,-48.84627,-138.2222,-33.74477,238.18373,0.0
1e,2,Right Ankle,1090753,1779734023632,-9.373339,0.11758347,1.0145568,-0.14336205,-25.53376,21.55762,110.34622,79.676216,313.69705,0.0
1e,1,Left Ankle,4048788,1779734023655,2.28,8.97,-2.09,8.0,25.9375,28.5625,-0.31530762,-0.5977173,-0.46392822,-0.57281494
1e,1,Left Ankle,4048802,1779734023657,2.87,9.1,-1.94,3.1875,49.25,23.625,-0.30914307,-0.5957031,-0.4640503,-0.57818604
1e,3,Left Wrist,3848778,1779734023667,0.29451895,-10.236199,-6.522835,64.44578,31.829699,-110.91078,-101.6101,-26.663925,324.89868,0.0
1e,1,Left Ankle,4048822,1779734023687,2.63,9.61,-2.43,1.4375,72.9375,16.125,-0.30187988,-0.5906372,-0.4658203,-0.5856323
1e,2,Right Ankle,1090843,1779734023692,-8.945023,1.6657397,-0.65084773,-10.083363,-12.93376,11.057619,110.385086,79.60812,313.7377,0.0
1e,1,Left Ankle,4048845,1779734023715,5.81,10.65,-2.52,3.4375,92.25,-2.375,-0.29437256,-0.58221436,-0.4703369,-0.5942993
1e,4,Right Wrist,30051810,1779734023718,-4.781558,3.1991036,-2.0003998,-82.73496,17.571112,-14.0562725,-138.3091,-33.699978,238.20496,0.0
1e,1,Left Ankle,4048868,1779734023748,-0.91,9.7,1.71,-3.0,96.5,-7.875,-0.2871704,-0.5713501,-0.47644043,-0.60339355
1e,1,Left Ankle,4048891,1779734023748,1.55,10.61,-2.97,1.5625,95.0625,-48.0625,-0.2835083,-0.5581665,-0.48406982,-0.61138916
1e,2,Right Ankle,1090903,1779734023752,-9.143627,2.5510843,0.08853444,-9.873362,-7.61376,-5.462381,110.082306,79.574394,313.443,0.0
1e,3,Left Wrist,3848869,1779734023757,4.625528,-9.678672,-7.381858,53.805775,7.679699,-69.54077,-101.66008,-26.679222,324.93155,0.0
1e,1,Left Ankle,4048904,1779734023779,2.46,9.17,-1.92,8.0,49.8125,-67.875,-0.2841797,-0.5470581,-0.49328613,-0.6137085
1e,4,Right Wrist,30051857,1779734023779,-6.2292156,-3.8860443,2.684747,-34.36496,39.06111,-25.746271,-138.29788,-33.69502,238.19011,0.0
1e,1,Left Ankle,4048931,1779734023805,2.83,7.79,-1.09,1.9375,-12.4375,-88.4375,-0.29260254,-0.54016113,-0.5012207,-0.60943604
1e,1,Left Ankle,4048950,1779734023806,3.12,7.6,-1.85,-6.0,-55.0625,-98.875,-0.31481934,-0.5352173,-0.5095825,-0.5956421
1e,2,Right Ankle,1090963,1779734023813,-9.062271,2.3357298,-0.2416751,-18.413363,0.01624024,-15.892382,109.82375,79.5298,313.19537,0.0
1e,3,Left Wrist,3848928,1779734023817,3.4291165,-11.647964,-5.441279,106.935776,-28.3703,-40.14078,-101.68352,-26.649181,324.97003,0.0
1e,1,Left Ankle,4048971,1779734023838,3.59,7.13,-2.41,-7.3125,-58.625,-89.1875,-0.32989502,-0.532959,-0.5136719,-0.58587646
1e,1,Left Ankle,4048994,1779734023865,3.79,6.34,-1.07,-4.5625,-49.875,-74.125,-0.3425293,-0.5309448,-0.5172119,-0.5772705
1e,1,Left Ankle,4049008,1779734023866,3.74,6.24,-0.99,-5.6875,-48.5625,-70.25,-0.34832764,-0.53009033,-0.51867676,-0.5733032
1e,4,Right Wrist,30051916,1779734023869,-6.6814594,-3.7687955,1.4835501,-83.78496,40.601112,13.313728,-138.2996,-33.676254,238.1641,0.0
1e,2,Right Ankle,1091023,1779734023872,-9.064663,1.5102061,-0.20338993,-2.1733623,-6.6337595,-17.082382,109.5657,79.56251,312.94232,0.0
1e,3,Left Wrist,3849018,1779734023879,5.888938,-8.101801,-2.5507488,5.5057764,-25.570301,3.959221,-101.726456,-26.708326,324.99774,0.0
1e,1,Left Ankle,4049031,1779734023897,3.09,6.02,-0.88,-6.625,-29.625,-54.4375,-0.3635254,-0.5280762,-0.5211792,-0.5633545
1e,1,Left Ankle,4049053,1779734023926,3.04,6.18,-0.98,-2.8125,-9.0,-44.5,-0.36846924,-0.52490234,-0.5241699,-0.56030273
1e,1,Left Ankle,4049069,1779734023926,3.06,6.21,-0.08,-5.5,-8.4375,-34.25,-0.37316895,-0.522583,-0.52593994,-0.55773926
1e,2,Right Ankle,1091083,1779734023933,-8.995272,1.4001365,-0.0023928226,4.0566382,4.63624,-5.672381,109.336395,79.594765,312.7158,0.0
1e,3,Left Wrist,3849079,1779734023938,5.6257277,-8.22862,-1.0193424,43.865776,-40.8303,6.1992226,-101.68493,-26.760574,324.99802,0.0
1e,1,Left Ankle,4049094,1779734023956,2.21,5.33,1.58,-32.0625,-38.875,-23.75,-0.38000488,-0.52124023,-0.5246582,-0.555542
1e,4,Right Wrist,30052080,1779734023963,-4.1426744,-3.9075797,0.40917268,3.9250402,26.11111,26.753729,-138.24614,-33.635532,238.10875,0.0
1e,1,Left Ankle,4049113,1779734023987,7.76,9.0,-5.76,-3.25,42.125,-22.4375,-0.38153076,-0.5159302,-0.526062,-0.55810547
1e,3,Left Wrist,3849138,1779734024000,5.400802,-7.5705943,-1.2993027,43.585777,-32.7103,24.259222,-101.65953,-26.819855,325.00186,0.0
1e,1,Left Ankle,4049140,1779734024021,-2.51,18.13,-6.6,3.0,17.625,24.125,-0.3772583,-0.5153198,-0.5264282,-0.5612793
1e,1,Left Ankle,4049159,1779734024022,16.9,23.09,-2.08,2.6875,20.125,-95.9375,-0.381958,-0.5083618,-0.53253174,-0.5586548
1e,4,Right Wrist,30052099,1779734024022,-4.3508496,-3.4266224,0.11246266,10.71504,14.841112,27.453728,-138.21388,-33.60011,238.08412,0.0
1e,1,Left Ankle,4049175,1779734024048,-1.34,6.57,0.31,-38.8125,-25.5,-40.5625,-0.3928833,-0.5028076,-0.53289795,-0.5557251
1e,2,Right Ankle,1091143,1779734024052,-9.363766,0.9574643,0.19381864,-0.0033621788,14.64624,12.037619,109.19154,79.639915,312.5739,0.0
1e,3,Left Wrist,3849198,1779734024059,4.338389,-9.99931,-0.9667004,61.785778,-25.6403,30.699223,-101.5861,-26.7784,324.98438,0.0
1e,1,Left Ankle,4049200,1779734024081,-3.1,4.12,-2.95,-21.5625,-20.3125,-50.75,-0.40264893,-0.49908447,-0.53240967,-0.55255127
1e,1,Left Ankle,4049214,1779734024081,-5.65,4.26,3.6,-10.9375,9.0,-16.0,-0.40545654,-0.49609375,-0.5332031,-0.5524292
1e,1,Left Ankle,4049244,1779734024107,3.22,12.08,0.22,-28.375,4.1875,-10.3125,-0.40899658,-0.49188232,-0.53149414,-0.5552368
1e,4,Right Wrist,30052157,1779734024109,-5.516155,-0.78494626,0.30149564,-11.75496,-12.738888,54.05373,-138.20514,-33.556664,238.06776,0.0
1e,2,Right Ankle,1091233,1779734024114,-8.789489,2.1203759,-1.4093724,-2.3133621,18.21624,4.127619,109.4204,79.58841,312.8008,0.0
1e,3,Left Wrist,3849258,1779734024119,6.4560375,-14.359032,2.682354,44.705776,-26.340302,36.509224,-101.519135,-26.76113,324.967,0.0
1e,1,Left Ankle,4049261,1779734024140,2.9,16.67,-5.14,-4.4375,-6.625,-1.8125,-0.41088867,-0.49279785,-0.5296631,-0.55474854
1e,1,Left Ankle,4049284,1779734024167,0.57,8.77,2.87,-0.5,-17.375,-16.0,-0.41241455,-0.49291992,-0.5297241,-0.5534668
1e,1,Left Ankle,4049300,1779734024170,-0.03,6.28,0.71,-9.3125,-30.4375,14.75,-0.41760254,-0.49682617,-0.5249634,-0.5506592
1e,2,Right Ankle,1091324,1779734024174,-11.605842,0.38797247,-0.038285162,-15.893362,15.626241,-17.922382,109.43372,79.661095,312.8207,0.0
1e,3,Left Wrist,3849318,1779734024178,4.2354975,-13.672292,2.8067808,44.985775,-15.770301,60.86922,-101.45139,-26.722054,324.94464,0.0
1e,1,Left Ankle,4049317,1779734024197,-1.15,11.33,-1.69,-4.75,-18.5625,16.5,-0.4180298,-0.4984131,-0.5232544,-0.5505371
1e,1,Left Ankle,4049342,1779734024205,0.73,9.41,-0.84,-5.3125,-2.1875,16.5625,-0.41674805,-0.5004883,-0.5204468,-0.5522461
1e,4,Right Wrist,30052247,1779734024205,-3.8172507,2.1510477,0.18185452,-60.40496,-23.028887,63.78373,-138.23096,-33.519985,238.06099,0.0
1e,1,Left Ankle,4049357,1779734024232,0.68,9.48,-0.86,-8.25,-7.875,19.6875,-0.41656494,-0.5014038,-0.5189209,-0.5529785
1e,3,Left Wrist,3849378,1779734024240,5.501301,-12.4974165,4.682754,-5.2042236,-13.5303,60.65922,-101.40145,-26.699192,324.92175,0.0
1e,1,Left Ankle,4049385,1779734024257,0.18,9.83,-0.54,-9.25,-13.6875,23.6875,-0.41674805,-0.5060425,-0.5126953,-0.55444336
1e,1,Left Ankle,4049401,1779734024265,0.26,9.73,-0.04,-0.8125,-2.1875,25.3125,-0.41497803,-0.50842285,-0.51000977,-0.55615234
1e,4,Right Wrist,30052306,1779734024265,-1.9005994,0.509571,-1.8041883,-45.214962,1.4011116,62.03373,-138.27344,-33.463497,238.06197,0.0
1e,2,Right Ankle,1091383,1779734024265,-9.672441,0.7803954,-2.9455645,-41.86336,9.326241,-17.922382,109.776115,79.66696,313.17282,0.0
1e,1,Left Ankle,4049424,1779734024289,1.01,9.97,0.36,3.0625,-0.875,25.3125,-0.41278076,-0.51116943,-0.5076904,-0.55737305
1e,3,Left Wrist,3849438,1779734024298,5.7501545,-9.834205,4.558327,-43.424225,-1.7703009,47.289223,-101.36498,-26.691349,324.89618,0.0
1e,1,Left Ankle,4049441,1779734024316,0.47,9.35,-0.45,5.125,-1.8125,24.5,-0.41015625,-0.5137329,-0.5058594,-0.5585327
1e,4,Right Wrist,30052396,1779734024324,0.7315056,0.16979076,0.16989042,20.445042,32.48111,30.603727,-138.2569,-33.50429,238.04384,0.0
1e,2,Right Ankle,1091443,1779734024324,-8.3827095,1.7662383,-2.5962124,-46.34336,9.04624,-6.2323813,110.0608,79.64058,313.46945,0.0
1e,1,Left Ankle,4049465,1779734024347,1.16,9.58,-0.53,6.625,-4.0,23.9375,-0.40734863,-0.51641846,-0.5043335,-0.5595093
1e,1,Left Ankle,4049487,1779734024349,0.68,9.69,-0.59,8.0625,-2.75,22.75,-0.40478516,-0.5192261,-0.5027466,-0.5601196
1e,3,Left Wrist,3849499,1779734024358,5.740583,-8.020445,4.5224347,-16.404224,-3.5203006,43.019222,-101.3217,-26.690647,324.8726,0.0
1e,1,Left Ankle,4049501,1779734024382,1.07,9.53,-0.39,10.125,2.5,20.8125,-0.40246582,-0.5210571,-0.5023804,-0.5604248
1e,1,Left Ankle,4049523,1779734024382,1.16,9.34,-0.98,10.625,6.4375,18.5,-0.39978027,-0.52246094,-0.5025635,-0.5609131
1e,2,Right Ankle,1091534,1779734024384,-6.616806,-0.28441072,-0.14117654,43.81664,12.47624,-24.712381,110.1807,79.71864,313.57367,0.0
1e,1,Left Ankle,4049546,1779734024406,0.91,9.59,-0.9,12.125,8.5625,16.625,-0.39642334,-0.5239258,-0.50268555,-0.5618286
1e,4,Right Wrist,30052457,1779734024410,1.2746762,-1.8138597,0.052642096,31.29504,28.70111,13.523728,-138.1877,-33.52152,238.00316,0.0
1e,3,Left Wrist,3849558,1779734024418,5.6424775,-8.424832,4.0103707,30.565777,-14.860301,31.95922,-101.26316,-26.691961,324.8537,0.0
1e,1,Left Ankle,4049563,1779734024440,1.61,9.55,-0.76,14.0625,4.9375,12.5625,-0.3932495,-0.5252075,-0.50335693,-0.56225586
1e,2,Right Ankle,1091593,1779734024446,-6.1621695,0.15347582,1.7515461,-16.383362,-21.82376,-11.902382,109.933914,79.75911,313.33542,0.0
1e,1,Left Ankle,4049589,1779734024471,1.25,9.52,-0.44,16.5,4.375,9.6875,-0.39050293,-0.52679443,-0.5041504,-0.5620117
1e,4,Right Wrist,30052546,1779734024471,0.07587218,-1.1319051,-1.8329021,-4.96496,16.241112,7.153728,-138.21478,-33.45308,238.01245,0.0
1e,1,Left Ankle,4049606,1779734024471,1.69,9.57,-0.38,20.1875,3.625,8.3125,-0.38763428,-0.52838135,-0.50549316,-0.56121826
1e,3,Left Wrist,3849619,1779734024479,4.5465646,-11.24597,3.739982,7.9557767,-15.280301,44.34922,-101.209015,-26.671211,324.8326,0.0
1e,1,Left Ankle,4049625,1779734024498,1.7,9.98,-0.32,23.5,-1.3125,6.625,-0.38494873,-0.53045654,-0.5070801,-0.5597534
1e,2,Right Ankle,1091653,1779734024505,-6.9613724,0.07690549,0.768096,-0.5633621,-24.483759,9.4476185,109.73166,79.809685,313.13495,0.0
1e,1,Left Ankle,4049651,1779734024531,0.97,9.79,-0.14,24.125,-9.25,10.1875,-0.38250732,-0.5335083,-0.50805664,-0.5576172
1e,1,Left Ankle,4049669,1779734024531,0.54,9.74,-1.51,24.25,-8.0625,16.75,-0.37750244,-0.53863525,-0.5088501,-0.55529785
1e,3,Left Wrist,3849678,1779734024538,3.823932,-12.674484,2.861816,-84.65423,-8.6303005,80.53922,-101.185005,-26.62605,324.80634,0.0
1e,1,Left Ankle,4049692,1779734024557,0.79,9.64,-1.94,25.4375,7.4375,20.3125,-0.37506104,-0.539978,-0.5093384,-0.5552368
1e,4,Right Wrist,30052607,1779734024564,-0.6802599,0.24636078,-1.9238294,5.53504,22.891111,-23.226273,-138.27751,-33.418068,238.04866,0.0
1e,1,Left Ankle,4049709,1779734024589,1.95,10.17,-1.06,27.125,18.875,21.75,-0.3661499,-0.5427246,-0.51190186,-0.55615234
1e,1,Left Ankle,4049727,1779734024589,2.59,10.99,-1.51,25.875,17.8125,22.375,-0.36315918,-0.54364014,-0.5126343,-0.5565796
1e,3,Left Wrist,3849738,1779734024599,4.6829553,-14.753847,1.9357935,-121.75423,-26.830301,105.24922,-101.17563,-26.566977,324.7849,0.0
1e,1,Left Ankle,4049750,1779734024624,2.22,10.27,-1.19,26.1875,13.4375,21.8125,-0.35461426,-0.54693604,-0.51452637,-0.5571289
1e,1,Left Ankle,4049768,1779734024647,2.36,10.33,-2.08,24.1875,11.4375,23.25,-0.35186768,-0.5480957,-0.5148926,-0.557312
1e,1,Left Ankle,4049793,1779734024648,2.89,10.39,-2.53,18.1875,-1.625,20.0625,-0.34545898,-0.5523071,-0.5151367,-0.5570679
1e,3,Left Wrist,3849798,1779734024659,5.4869437,-12.210277,-0.4642076,-135.26422,-50.630302,124.56923,-101.16982,-26.507683,324.76917,0.0
1e,1,Left Ankle,4049809,1779734024681,3.09,10.43,-2.24,13.625,-7.0,19.5,-0.34417725,-0.553833,-0.51464844,-0.55670166
1e,4,Right Wrist,30052697,1779734024681,-4.4800625,4.1969104,-0.44745782,47.81504,30.45111,-62.496273,-138.2881,-33.428234,238.0714,0.0
1e,1,Left Ankle,4049833,1779734024707,2.39,9.91,-2.55,1.875,-11.0625,13.125,-0.34277344,-0.5581665,-0.5119629,-0.5557251
1e,2,Right Ankle,1091713,1779734024713,-15.245325,-11.690995,-0.44985065,-75.04336,-35.473763,75.80762,109.71032,79.853615,313.13608,0.0
1e,3,Left Wrist,3849858,1779734024718,5.812368,-9.535101,-2.2660031,-67.854225,-49.930298,79.909225,-101.232925,-26.543282,324.7972,0.0
1e,1,Left Ankle,4049855,1779734024740,2.09,9.21,-2.42,-1.25,-21.375,9.6875,-0.3446045,-0.5610962,-0.5093994,-0.5539551
1e,4,Right Wrist,30052860,1779734024740,-5.7075806,-3.5008,1.1006985,-22.18496,24.081112,-83.35628,-138.28966,-33.440468,238.10123,0.0
1e,1,Left Ankle,4049872,1779734024740,0.07,8.95,-3.0,-6.4375,-31.75,3.1875,-0.3474121,-0.56414795,-0.5064697,-0.55181885
1e,1,Left Ankle,4049890,1779734024765,-2.0,8.55,-2.05,-8.0625,-35.1875,-4.4375,-0.3511963,-0.5666504,-0.5040283,-0.5491333
1e,1,Left Ankle,4049913,1779734024765,-1.13,8.1,-2.0,-9.4375,-51.25,-12.4375,-0.35687256,-0.569397,-0.5015259,-0.54486084
1e,3,Left Wrist,3849918,1779734024778,6.95853,-8.745471,-3.6538403,3.1957765,-20.250301,24.189222,-101.28621,-26.584646,324.8263,0.0
1e,1,Left Ankle,4049936,1779734024798,0.41,7.19,1.97,-27.5625,-53.875,-10.9375,-0.36541748,-0.5723877,-0.4967041,-0.5404663
1e,4,Right Wrist,30052879,1779734024798,-5.7745795,-3.5845485,1.2131611,-19.94496,21.141111,-80.416275,-138.28726,-33.437725,238.10948,0.0
1e,2,Right Ankle,1091907,1779734024802,-8.945023,2.500835,-0.14596218,-18.693361,-7.0537596,0.417619,109.45135,79.86764,312.89264,0.0
1e,1,Left Ankle,4049953,1779734024825,-1.87,7.96,0.45,-13.375,7.9375,-25.1875,-0.3696289,-0.57037354,-0.49682617,-0.53967285
1e,1,Left Ankle,4049969,1779734024826,-0.58,7.58,-0.98,-7.4375,45.25,-28.4375,-0.3673706,-0.5621948,-0.5031738,-0.54382324
1e,3,Left Wrist,3849978,1779734024837,6.683355,-9.451353,-4.199404,-2.5442238,6.6296997,-20.750782,-101.346375,-26.626562,324.85208,0.0
1e,1,Left Ankle,4049993,1779734024856,1.74,7.54,-2.35,14.875,109.9375,-26.875,-0.35986328,-0.55096436,-0.51330566,-0.5508423
1e,1,Left Ankle,4050009,1779734024885,2.95,7.0,-1.74,17.4375,115.125,-22.6875,-0.35064697,-0.53948975,-0.5236206,-0.55841064
1e,2,Right Ankle,1091983,1779734024893,-9.071842,2.2448027,-0.11964113,-8.403362,-0.47375977,-11.41238,109.16771,79.82927,312.6165,0.0
1e,3,Left Wrist,3850039,1779734024897,6.097114,-8.5971155,-3.2925239,4.9457765,17.829699,-47.21078,-101.398125,-26.688065,324.8735,0.0
1e,1,Left Ankle,4050036,1779734024916,2.78,6.49,-1.13,3.4375,71.9375,-18.3125,-0.34436035,-0.5303345,-0.5309448,-0.56414795
1e,1,Left Ankle,4050053,1779734024916,0.77,7.17,5.71,-15.8125,15.0625,-17.75,-0.3444214,-0.5251465,-0.53326416,-0.5667114
1e,4,Right Wrist,30053041,1779734024922,-4.2072806,-6.735896,1.5481563,0.2850399,-9.938889,-4.6062717,-138.2423,-33.404537,238.10007,0.0
1e,1,Left Ankle,4050069,1779734024947,8.22,6.7,4.64,-43.1875,4.125,-36.75,-0.3494873,-0.51763916,-0.53356934,-0.57025146
1e,1,Left Ankle,4050090,1779734024947,3.06,9.58,-4.7,-15.9375,53.375,13.25,-0.34521484,-0.51226807,-0.5343628,-0.57696533
1e,3,Left Wrist,3850098,1779734024957,5.910474,-9.54228,-3.1513476,48.135777,18.4597,-26.42078,-101.43699,-26.73275,324.8945,0.0
1e,1,Left Ankle,4050109,1779734024975,-1.83,12.83,-5.28,-9.3125,59.1875,10.125,-0.3406372,-0.5071411,-0.53601074,-0.5826416
1e,4,Right Wrist,30053060,1779734024982,-4.1546383,-7.054141,1.68694,-10.63496,-12.318888,11.493728,-138.21162,-33.3746,238.08104,0.0
1e,2,Right Ankle,1092074,1779734024983,-9.179519,1.6848822,0.021535404,1.6766381,11.14624,-7.9823813,108.89317,79.83608,312.34653,0.0
1e,1,Left Ankle,4050133,1779734025007,12.04,18.39,-3.45,-10.4375,6.125,-85.25,-0.34454346,-0.49768066,-0.5432739,-0.5817261
1e,1,Left Ankle,4050151,1779734025007,9.62,10.94,-0.86,-49.625,-62.125,-30.625,-0.35809326,-0.49676514,-0.53912354,-0.5782471
1e,3,Left Wrist,3850159,1779734025018,4.8959165,-10.875083,-4.733003,26.365776,-0.79030085,25.729221,-101.48853,-26.7052,324.92047,0.0
1e,1,Left Ankle,4050175,1779734025040,-5.95,6.65,-0.37,-33.0,-7.375,-61.8125,-0.36883545,-0.49194336,-0.53826904,-0.576355
1e,4,Right Wrist,30053117,1779734025040,-5.305586,-5.422236,0.89491564,-32.68496,-19.178888,47.683727,-138.19109,-33.329376,238.05682,0.0
1e,2,Right Ankle,1092164,1779734025042,-9.220197,1.8882722,-0.36370903,4.8966374,29.13624,6.227619,108.664345,79.784676,312.12115,0.0
1e,1,Left Ankle,4050190,1779734025066,-0.35,5.33,-0.2,-26.1875,27.8125,-27.625,-0.37280273,-0.4845581,-0.5402832,-0.5782471
1e,1,Left Ankle,4050210,1779734025066,0.25,11.07,-0.65,-20.6875,14.3125,-24.25,-0.37524414,-0.47937012,-0.5409546,-0.58032227
1e,3,Left Wrist,3850218,1779734025078,4.120642,-14.134107,-4.2281175,-19.834223,-50.9103,88.23923,-101.534,-26.606749,324.94785,0.0
1e,1,Left Ankle,4050236,1779734025098,1.16,11.36,-1.0,-26.0,-15.625,-19.625,-0.38000488,-0.4765625,-0.539978,-0.58044434
1e,2,Right Ankle,1092253,1779734025103,-9.600656,2.3788006,-1.0959128,9.236637,21.08624,-9.522381,108.82599,79.72213,312.27847,0.0
1e,1,Left Ankle,4050255,1779734025125,-1.15,9.29,-0.07,-22.8125,-23.0,-14.1875,-0.38555908,-0.4758911,-0.5372925,-0.579834
1e,1,Left Ankle,4050270,1779734025126,-0.7,8.87,0.14,-15.625,-12.4375,-4.5625,-0.38928223,-0.475708,-0.5350342,-0.5795288
1e,4,Right Wrist,30053176,1779734025128,-7.2437725,-0.7586247,0.1268196,-39.61496,-32.68889,71.763725,-138.19415,-33.275898,238.04164,0.0
1e,3,Left Wrist,3850278,1779734025138,3.6995053,-14.75624,-2.4765713,20.975777,-84.5103,138.00922,-101.52363,-26.48026,324.9637,0.0
1e,1,Left Ankle,4050300,1779734025157,0.51,10.32,-0.49,-12.6875,-10.8125,5.5625,-0.39093018,-0.4761963,-0.5327759,-0.58013916
1e,2,Right Ankle,1092313,1779734025164,-10.813816,1.3594583,-2.143969,4.8966374,22.06624,-25.972382,109.20337,79.727394,312.65,0.0
1e,1,Left Ankle,4050310,1779734025187,0.2,10.25,-0.72,-9.875,-18.0625,11.3125,-0.39294434,-0.47869873,-0.5291748,-0.57995605
1e,1,Left Ankle,4050336,1779734025189,0.54,10.27,-1.03,-10.6875,-23.3125,14.75,-0.39501953,-0.48150635,-0.52557373,-0.57958984
1e,3,Left Wrist,3850338,1779734025199,3.1371922,-14.203499,0.91645104,-37.404224,-58.680298,172.79922,-101.4933,-26.379364,324.95157,0.0
1e,1,Left Ankle,4050352,1779734025216,0.79,9.7,-0.4,-9.75,-22.5,18.5,-0.39593506,-0.48468018,-0.52160645,-0.579895
1e,1,Left Ankle,4050374,1779734025247,1.34,9.83,-0.22,-10.0625,-19.8125,20.8125,-0.3965454,-0.487854,-0.5175171,-0.58044434
1e,1,Left Ankle,4050392,1779734025249,0.63,9.86,0.08,-9.3125,-12.875,23.9375,-0.39630127,-0.49066162,-0.5137329,-0.581604
1e,4,Right Wrist,30053237,1779734025250,-8.978569,3.8044882,-0.6652047,-36.88496,-13.998888,45.51373,-138.21431,-33.24062,238.03845,0.0
1e,2,Right Ankle,1092374,1779734025254,-8.499957,1.5748124,-0.44506502,1.5366378,7.9262404,-26.18238,108.95665,79.68817,312.40768,0.0
1e,3,Left Wrist,3850398,1779734025259,3.6851485,-10.035202,2.0195422,-96.90423,-25.8503,155.43922,-101.47253,-26.31362,324.92554,0.0
1e,1,Left Ankle,4050415,1779734025282,0.54,9.69,0.22,-5.0,1.625,26.5,-0.39520264,-0.49334717,-0.5102539,-0.5831909
1e,1,Left Ankle,4050439,1779734025308,1.51,9.74,-0.24,-2.9375,8.125,26.625,-0.39068604,-0.49542236,-0.5071411,-0.58709717
1e,3,Left Wrist,3850458,1779734025318,4.785847,-7.3743834,1.5266209,-58.334225,-3.8003006,117.429214,-101.438545,-26.292,324.8953,0.0
1e,1,Left Ankle,4050459,1779734025341,1.28,9.69,-0.17,-2.8125,3.6875,24.8125,-0.3883667,-0.49694824,-0.50512695,-0.5891113
1e,1,Left Ankle,4050480,1779734025342,1.73,9.33,-0.3,-2.25,2.25,18.25,-0.38659668,-0.49804688,-0.5036621,-0.5906372
1e,4,Right Wrist,30053430,1779734025342,-1.5847468,-2.2828531,-0.18903299,5.25504,19.531113,-23.856272,-138.18358,-33.20125,238.02467,0.0
1e,2,Right Ankle,1092433,1779734025343,-7.72229,1.1608541,-1.4620147,-3.7833622,-8.3837595,-17.01238,109.257866,79.685555,312.70517,0.0
1e,1,Left Ankle,4050500,1779734025367,1.36,9.5,-0.14,0.5,5.4375,14.0,-0.38458252,-0.4984131,-0.5032959,-0.59191895
1e,1,Left Ankle,4050515,1779734025375,1.99,9.41,-0.21,5.0,11.5625,7.0625,-0.3834839,-0.49829102,-0.5036621,-0.59246826
1e,3,Left Wrist,3850518,1779734025379,4.8983097,-7.125529,1.9477576,5.5757766,11.3197,69.89922,-101.382484,-26.28858,324.86353,0.0
1e,1,Left Ankle,4050542,1779734025400,1.81,9.35,0.14,11.1875,8.4375,1.8125,-0.38153076,-0.49822998,-0.50494385,-0.59259033
1e,2,Right Ankle,1092523,1779734025404,-7.5691495,0.6487902,-2.2660031,-7.773362,-10.76376,-7.422381,109.568596,79.6896,313.01306,0.0
1e,1,Left Ankle,4050561,1779734025427,1.37,9.65,-0.47,13.75,3.125,-1.6875,-0.3795166,-0.4987793,-0.50775146,-0.59106445
1e,4,Right Wrist,30053476,1779734025430,-1.2712871,-2.9049869,-0.4833502,7.5650396,4.201112,-16.086271,-138.14671,-33.167763,238.00862,0.0
1e,3,Left Wrist,3850579,1779734025438,5.2811613,-8.599508,2.672783,12.855777,14.679699,30.979221,-101.32333,-26.292082,324.83292,0.0
1e,1,Left Ankle,4050581,1779734025458,1.82,9.69,0.19,19.25,-1.625,-8.5625,-0.3786621,-0.4993286,-0.51031494,-0.5889282
1e,2,Right Ankle,1092614,1779734025463,-6.8513026,-0.21741168,-1.7850457,-12.113362,-22.03376,0.06761885,109.85795,79.720436,313.30066,0.0
1e,1,Left Ankle,4050603,1779734025487,1.35,9.82,-0.1,19.625,-4.9375,-9.625,-0.37854004,-0.49975586,-0.51153564,-0.58758545
1e,1,Left Ankle,4050616,1779734025489,1.17,9.78,-0.27,22.25,-6.4375,-12.5,-0.37854004,-0.5008545,-0.51416016,-0.5843506
1e,3,Left Wrist,3850638,1779734025497,5.5850496,-9.688242,2.3856442,2.2157764,2.3596992,2.9092216,-101.26967,-26.302393,324.80856,0.0
1e,1,Left Ankle,4050640,1779734025515,0.76,9.71,-0.39,25.375,-1.75,-13.0,-0.3779297,-0.50213623,-0.51916504,-0.57928467
1e,1,Left Ankle,4050664,1779734025546,0.82,9.75,-0.6,25.9375,1.0,-12.3125,-0.37664795,-0.50250244,-0.5227661,-0.57647705
1e,1,Left Ankle,4050683,1779734025546,0.83,9.83,-0.72,23.0625,3.75,-3.3125,-0.37475586,-0.5031738,-0.5258179,-0.5743408
1e,2,Right Ankle,1092673,1779734025553,-6.5856996,6.276709,-0.0023928226,-55.513363,-38.48376,22.81762,109.592,79.65391,313.05533,0.0
1e,3,Left Wrist,3850698,1779734025558,5.104092,-10.008881,0.9044869,39.315777,-20.6703,-5.3507767,-101.20416,-26.30813,324.7923,0.0
1e,1,Left Ankle,4050703,1779734025576,0.24,9.8,-1.26,20.0625,5.375,4.0,-0.3723755,-0.50427246,-0.52789307,-0.5730591
1e,1,Left Ankle,4050719,1779734025578,1.01,9.71,-1.39,19.375,6.875,6.3125,-0.36932373,-0.5053711,-0.52960205,-0.57244873
1e,1,Left Ankle,4050745,1779734025605,1.95,10.13,-1.49,21.125,8.8125,6.5625,-0.36602783,-0.5064697,-0.5314331,-0.5718994
1e,4,Right Wrist,30053537,1779734025608,-1.809672,-2.67049,-0.9499506,-21.34496,5.391112,6.873728,-138.12595,-33.120926,237.99065,0.0
1e,3,Left Wrist,3850758,1779734025617,3.3477604,-12.698413,-0.5407779,18.735777,-40.200302,21.669222,-101.16143,-26.247759,324.7873,0.0
1e,1,Left Ankle,4050759,1779734025635,1.6,10.89,-1.39,22.375,8.1875,8.1875,-0.36431885,-0.5071411,-0.5324707,-0.57147217
1e,1,Left Ankle,4050780,1779734025642,2.77,11.13,-1.28,31.3125,7.6875,4.0625,-0.3585205,-0.5090332,-0.53704834,-0.56915283
1e,1,Left Ankle,4050804,1779734025665,2.61,11.24,-2.08,33.0625,-7.0625,0.3125,-0.35577393,-0.5114136,-0.53985596,-0.56604004
1e,4,Right Wrist,30053730,1779734025668,-7.20788,0.9546365,-0.83748794,24.785042,-12.878889,29.973728,-138.1069,-33.03025,237.97151,0.0
1e,2,Right Ankle,1092836,1779734025672,-9.567157,2.1036263,-0.23449661,-28.983362,-19.09376,23.867619,109.24183,79.66694,312.7296,0.0
1e,3,Left Wrist,3850818,1779734025677,0.9812591,-10.475481,-3.6107695,65.77577,-61.200302,40.429222,-101.176895,-26.160439,324.82062,0.0
1e,1,Left Ankle,4050819,1779734025699,2.73,11.19,-1.84,31.9375,-12.0625,1.875,-0.35430908,-0.5147095,-0.5418091,-0.5621338
1e,1,Left Ankle,4050845,1779734025699,2.6,11.12,-1.76,19.9375,-24.25,2.8125,-0.35424805,-0.5184326,-0.5423584,-0.5581665
1e,1,Left Ankle,4050862,1779734025726,1.87,10.12,-2.39,12.0,-21.3125,2.1875,-0.35479736,-0.52160645,-0.54211426,-0.55511475
1e,3,Left Wrist,3850878,1779734025737,-2.7539375,-13.28944,-7.0683985,73.615776,-13.0403,59.88922,-101.18856,-26.071482,324.83746,0.0
1e,1,Left Ankle,4050880,1779734025760,1.82,9.13,-2.64,5.4375,-25.1875,6.0,-0.355896,-0.5246582,-0.54089355,-0.55267334
1e,4,Right Wrist,30053806,1779734025760,-11.615459,-1.2060826,-0.9044869,31.925037,9.101111,-46.886272,-138.10126,-33.012253,237.98294,0.0
1e,1,Left Ankle,4050902,1779734025760,0.91,8.39,-1.98,-2.375,-47.3125,4.1875,-0.35943604,-0.52911377,-0.53790283,-0.5491333
1e,1,Left Ankle,4050923,1779734025786,-0.68,7.15,-1.89,-4.8125,-45.75,7.3125,-0.36364746,-0.5338135,-0.5336914,-0.5458374
1e,2,Right Ankle,1092883,1779734025792,-9.4881935,2.6348326,0.14356935,-15.403362,-12.23376,6.997619,108.92152,79.62971,312.4189,0.0
1e,3,Left Wrist,3850938,1779734025797,0.0025946926,-14.01925,-5.4795637,-84.51423,15.099699,109.44922,-101.243286,-25.965872,324.8372,0.0
1e,1,Left Ankle,4050942,1779734025817,-2.31,6.67,-0.85,-9.4375,-51.0625,10.0,-0.36828613,-0.5386963,-0.5288696,-0.54260254
1e,1,Left Ankle,4050967,1779734025845,-0.17,6.14,0.71,-10.5625,-47.0,14.0,-0.37243652,-0.5437622,-0.5236206,-0.53985596
1e,1,Left Ankle,4050987,1779734025846,-1.05,6.61,1.51,-23.6875,-59.75,10.75,-0.37823486,-0.54852295,-0.51727295,-0.53704834
1e,4,Right Wrist,30053970,1779734025848,-4.9346986,-6.65454,2.268396,19.25504,26.671112,-79.57628,-138.07916,-33.014984,237.98763,0.0
1e,3,Left Wrist,3850999,1779734025858,2.8021967,-8.769399,-3.3116665,-92.77423,0.6796994,141.57922,-101.32142,-25.872229,324.84833,0.0
1e,1,Left Ankle,4051004,1779734025875,-2.3,7.41,0.57,-16.5,-27.0,-4.0,-0.38336182,-0.5509033,-0.51275635,-0.53533936
1e,2,Right Ankle,1093047,1779734025884,-9.272839,1.3522799,0.46181476,2.5166383,-0.47375977,-28.35238,108.647316,79.59928,312.15652,0.0
1e,1,Left Ankle,4051031,1779734025908,-1.62,7.27,-0.1,-4.8125,32.0,-7.25,-0.38342285,-0.5482788,-0.513916,-0.53692627
1e,1,Left Ankle,4051050,1779734025908,-0.19,6.85,-1.01,6.8125,82.3125,-8.5,-0.37329102,-0.53692627,-0.5234375,-0.54626465
1e,4,Right Wrist,30053989,1779734025908,-4.5590253,-7.4034934,1.5840486,14.355041,19.531113,-66.06628,-138.0487,-33.010246,237.98434,0.0
1e,3,Left Wrist,3851058,1779734025917,3.9005024,-5.5941224,-2.4885356,-34.464222,2.7796993,124.70923,-101.38774,-25.865398,324.86346,0.0
1e,1,Left Ankle,4051066,1779734025941,1.64,6.44,1.12,8.375,92.0625,-7.0,-0.36914062,-0.5325928,-0.5270996,-0.5498047
1e,1,Left Ankle,4051091,1779734025967,8.18,9.02,-1.66,-18.0,57.6875,9.4375,-0.3618164,-0.5214844,-0.53240967,-0.5600586
1e,1,Left Ankle,4051107,1779734025969,1.58,11.78,-3.65,-20.3125,38.125,8.8125,-0.3605957,-0.5194092,-0.53222656,-0.56292725
1e,4,Right Wrist,30054046,1779734025970,-3.0156548,-8.238588,1.6654046,-29.18496,-3.1488886,-10.626272,-138.02203,-32.9899,237.96721,0.0
1e,2,Right Ankle,1093169,1779734025974,-9.033557,0.3449016,0.34217364,6.786638,26.686241,13.787619,108.38306,79.695786,311.8957,0.0
1e,3,Left Wrist,3851119,1779734025978,4.4628158,-3.6918287,-2.2971096,-12.834224,11.599699,90.549225,-101.433525,-25.896395,324.8723,0.0
1e,1,Left Ankle,4051130,1779734026001,0.0,13.05,-5.18,-9.8125,30.25,-29.6875,-0.3604126,-0.5116577,-0.5350342,-0.5675049
1e,1,Left Ankle,4051152,1779734026027,6.21,10.95,-4.26,-25.0625,-15.625,-39.9375,-0.36627197,-0.50671387,-0.5368042,-0.5664673
1e,1,Left Ankle,4051171,1779734026029,2.05,12.89,-1.84,-39.625,-44.4375,-42.4375,-0.37677002,-0.5048828,-0.53393555,-0.56396484
1e,4,Right Wrist,30054107,1779734026030,-2.8529427,-7.843773,1.2586247,-53.47496,-35.41889,35.713726,-138.00066,-32.94887,237.94455,0.0
1e,3,Left Wrist,3851178,1779734026039,4.4556375,-3.5745804,-2.2899313,29.935776,16.989698,41.339222,-101.464966,-25.944948,324.8828,0.0
1e,1,Left Ankle,4051195,1779734026059,1.95,12.03,0.09,-44.25,-40.8125,-49.75,-0.3887329,-0.5008545,-0.5316162,-0.5616455
1e,2,Right Ankle,1093189,1779734026064,-9.026379,0.9909638,-0.44267216,3.4266381,29.06624,16.027618,108.50823,79.76053,312.0191,0.0
1e,1,Left Ankle,4051212,1779734026086,-3.16,7.48,-0.06,-33.0,-4.875,-42.125,-0.39782715,-0.4958496,-0.5305176,-0.56073
1e,3,Left Wrist,3851239,1779734026098,3.1132636,-7.8098764,-2.536392,10.405777,-4.6403008,-9.340778,-101.51478,-25.908955,324.9082,0.0
1e,1,Left Ankle,4051235,1779734026119,1.05,9.8,0.54,-26.125,6.125,-40.375,-0.4024048,-0.49023438,-0.53204346,-0.5609131
1e,1,Left Ankle,4051252,1779734026121,1.88,11.65,0.4,-12.1875,1.0,-32.0,-0.4071045,-0.48736572,-0.5331421,-0.55895996
1e,4,Right Wrist,30054166,1779734026121,-5.1524453,-5.958228,1.2705889,-57.74496,-61.668884,69.38373,-137.98972,-32.88927,237.92462,0.0
1e,2,Right Ankle,1093244,1779734026127,-9.995472,0.98139244,-0.5096712,5.246638,18.70624,11.057619,108.63901,79.82776,312.14688,0.0
1e,1,Left Ankle,4051272,1779734026153,0.65,9.49,0.42,-9.875,-33.1875,-34.125,-0.41082764,-0.48718262,-0.5328369,-0.5567627
1e,3,Left Wrist,3851298,1779734026160,0.9740806,-11.650356,-2.912065,30.845776,-30.6103,-14.520779,-101.51968,-25.836718,324.92535,0.0
1e,1,Left Ankle,4051294,1779734026176,-0.74,9.66,-0.95,-13.0,-37.6875,-27.3125,-0.4206543,-0.48724365,-0.5308838,-0.5512085
1e,1,Left Ankle,4051311,1779734026177,-1.02,10.83,-1.0,-9.125,-16.1875,-12.875,-0.4234619,-0.48675537,-0.53015137,-0.5501709
1e,2,Right Ankle,1093333,1779734026184,-10.512321,0.77560973,-1.8975083,10.356638,19.266241,17.98762,108.99716,79.839584,312.49664,0.0
1e,1,Left Ankle,4051333,1779734026209,-0.34,9.53,-0.85,-7.8125,-4.8125,-5.1875,-0.4248047,-0.48651123,-0.5292969,-0.5501709
1e,1,Left Ankle,4051351,1779734026209,-0.42,9.78,-0.35,-4.375,-11.9375,6.375,-0.42559814,-0.48760986,-0.5276489,-0.55023193
1e,4,Right Wrist,30054256,1779734026210,-12.962618,4.376373,-0.95952183,-43.11496,-12.8088875,66.723724,-138.00647,-32.847424,237.91351,0.0
1e,3,Left Wrist,3851358,1779734026219,-1.8901287,-14.268105,-2.0817556,56.46578,-18.9203,44.97922,-101.493614,-25.749352,324.9256,0.0
1e,1,Left Ankle,4051371,1779734026237,0.41,10.23,-0.85,-1.375,-26.375,4.5625,-0.42633057,-0.48931885,-0.52593994,-0.5496826
1e,2,Right Ankle,1093393,1779734026243,-9.720297,0.4669356,-3.2207394,-36.333363,17.30624,17.637619,109.3449,79.83678,312.85205,0.0
1e,1,Left Ankle,4051394,1779734026267,-0.5,9.45,-0.6,1.875,-14.3125,15.5625,-0.4265747,-0.4920044,-0.5238037,-0.5491333
1e,4,Right Wrist,30054317,1779734026269,-9.311172,3.3259237,1.9453648,7.3550396,51.38111,-15.036272,-138.00256,-32.848,237.90598,0.0
1e,3,Left Wrist,3851418,1779734026279,-1.0071769,-11.624035,-0.3684947,-33.974224,-1.0003009,97.12923,-101.47938,-25.653566,324.9085,0.0
1e,1,Left Ankle,4051416,1779734026301,-0.28,9.45,-0.33,3.0,-8.25,24.875,-0.42486572,-0.494812,-0.52178955,-0.54992676
1e,1,Left Ankle,4051434,1779734026301,0.27,10.07,-0.31,4.8125,-4.5625,32.5,-0.42211914,-0.49835205,-0.5192261,-0.55126953
1e,2,Right Ankle,1093454,1779734026303,-6.0425286,2.9698281,-1.7467606,-22.613363,3.7262402,4.197619,109.45279,79.76751,312.96616,0.0
1e,1,Left Ankle,4051454,1779734026327,0.43,9.98,-0.21,7.75,-2.75,37.4375,-0.418396,-0.50231934,-0.5165405,-0.55303955
1e,4,Right Wrist,30054407,1779734026330,-3.6784666,-2.581956,1.8975083,18.835041,56.001114,-71.876274,-137.97646,-32.85945,237.90005,0.0
1e,3,Left Wrist,3851478,1779734026338,2.1058857,-8.487045,0.60777694,-61.134224,0.53969955,104.549225,-101.44755,-25.585508,324.87878,0.0
1e,1,Left Ankle,4051476,1779734026360,0.78,9.8,-0.45,11.125,-1.0625,38.0625,-0.41394043,-0.50634766,-0.51434326,-0.5548096
1e,1,Left Ankle,4051497,1779734026360,1.07,9.65,-0.28,13.0625,2.6875,37.0,-0.4091797,-0.51031494,-0.51239014,-0.5563965
1e,1,Left Ankle,4051514,1779734026387,1.25,9.61,-0.4,13.4375,9.9375,35.375,-0.40423584,-0.513855,-0.51086426,-0.5581665
1e,4,Right Wrist,30054466,1779734026389,-2.0609186,-4.18754,2.6081767,-33.24496,52.501114,-48.21627,-137.95415,-32.87138,237.88185,0.0
1e,2,Right Ankle,1093513,1779734026393,-6.23874,1.0388203,-0.31345975,35.06664,-3.1337595,-39.48238,109.243706,79.81553,312.749,0.0
1e,3,Left Wrist,3851539,1779734026399,3.9794657,-8.130515,1.387837,-38.314224,-13.180301,64.22922,-101.40697,-25.566967,324.85553,0.0
1e,1,Left Ankle,4051541,1779734026418,0.58,9.59,-0.43,16.4375,16.625,32.9375,-0.39849854,-0.5162964,-0.510437,-0.5604248
1e,1,Left Ankle,4051558,1779734026418,1.83,9.52,-0.72,20.5,15.5625,24.0,-0.3928833,-0.5183716,-0.5109863,-0.5619507
1e,1,Left Ankle,4051585,1779734026446,2.1,9.38,-0.8,21.5625,11.125,13.25,-0.38671875,-0.5206299,-0.51348877,-0.56188965
1e,4,Right Wrist,30054527,1779734026450,-1.541676,-4.869494,0.5838487,-30.374962,41.30111,-18.116272,-137.92085,-32.862186,237.85385,0.0
1e,2,Right Ankle,1093574,1779734026454,-6.4229875,-0.078627974,-0.05503492,-14.633362,-27.77376,-24.782381,109.22979,79.89797,312.73917,0.0
1e,3,Left Wrist,3851598,1779734026459,4.9342017,-7.970196,1.5481563,-54.694225,-20.0403,38.259224,-101.37701,-25.570534,324.83817,0.0
1e,1,Left Ankle,4051600,1779734026478,2.12,9.47,-0.77,23.125,4.0,-5.875,-0.38452148,-0.52142334,-0.51623535,-0.5601196
1e,1,Left Ankle,4051622,1779734026479,2.17,9.33,-0.37,22.5,0.4375,-14.75,-0.383667,-0.5216675,-0.5196533,-0.557312
1e,1,Left Ankle,4051644,1779734026507,1.52,10.18,-0.31,19.9375,0.375,-16.8125,-0.38330078,-0.5211792,-0.52301025,-0.5548096
1e,4,Right Wrist,30054586,1779734026509,-1.8742784,-6.2118673,-0.0957129,-83.29496,17.711111,16.813728,-137.9031,-32.83326,237.8213,0.0
1e,2,Right Ankle,1093664,1779734026514,-7.2700467,1.5221703,-4.8646083,-18.343363,7.1562405,25.197618,109.54311,79.86488,313.05383,0.0
1e,3,Left Wrist,3851659,1779734026518,5.2141623,-5.3763757,1.2275181,-45.454224,-19.900301,19.28922,-101.35589,-25.602547,324.82715,0.0
1e,1,Left Ankle,4051658,1779734026537,0.56,10.54,-0.84,17.75,16.25,-13.5,-0.3824463,-0.52038574,-0.5250244,-0.5543213
1e,1,Left Ankle,4051681,1779734026543,2.49,11.73,-2.56,33.5,56.8125,-6.5625,-0.37451172,-0.5158081,-0.53393555,-0.555542
1e,1,Left Ankle,4051703,1779734026569,6.79,14.93,-4.83,40.25,66.8125,-8.25,-0.36553955,-0.5114746,-0.5425415,-0.5571289
1e,4,Right Wrist,30054647,1779734026570,-8.291829,-2.59392,-0.75613195,-54.24496,6.4411116,5.333728,-137.9131,-32.79916,237.81401,0.0
1e,2,Right Ankle,1093723,1779734026575,-10.957387,-1.9593867,-0.35174492,-85.82336,-20.77376,90.577614,109.52495,79.90815,313.06238,0.0
1e,3,Left Wrist,3851718,1779734026579,5.396016,-8.640186,-0.09810573,108.40577,-47.200302,-31.950779,-101.278145,-25.64298,324.82642,0.0
1e,1,Left Ankle,4051731,1779734026603,6.6,17.44,-3.89,36.6875,70.0,-5.0,-0.35662842,-0.5065918,-0.55114746,-0.55895996
1e,1,Left Ankle,4051749,1779734026627,4.62,16.59,-3.94,28.0,79.875,-2.625,-0.34179688,-0.49700928,-0.5626221,-0.56536865
1e,1,Left Ankle,4051769,1779734026629,4.81,10.17,-1.95,20.25,101.875,2.8125,-0.33050537,-0.48913574,-0.56933594,-0.57214355
1e,4,Right Wrist,30054707,1779734026629,-12.512767,-4.1540403,2.952743,-59.63496,62.791115,28.083729,-137.90611,-32.784286,237.78046,0.0
1e,2,Right Ankle,1093784,1779734026635,-9.423587,0.5865767,0.2440679,-23.943363,-4.1137595,47.66762,109.3574,79.95128,312.90448,0.0
1e,3,Left Wrist,3851778,1779734026639,4.1254277,-15.722941,-2.8809586,39.105778,-88.990295,-56.38078,-101.274445,-25.581228,324.8617,0.0
1e,1,Left Ankle,4051792,1779734026661,0.63,4.61,2.52,1.5,52.0625,16.375,-0.32714844,-0.4874878,-0.5701294,-0.57470703
1e,1,Left Ankle,4051809,1779734026686,0.9,4.54,1.8,-17.9375,-31.875,3.5625,-0.3305664,-0.4901123,-0.56555176,-0.57507324
1e,4,Right Wrist,30054767,1779734026690,-12.752049,-2.4240294,0.6125626,-42.13496,131.6011,18.003727,-137.89134,-32.7855,237.73468,0.0
1e,3,Left Wrist,3851838,1779734026699,6.025329,-11.040187,-3.5964124,10.055777,-104.4603,-99.64078,-101.35229,-25.626467,324.93518,0.0
1e,1,Left Ankle,4051835,1779734026718,4.49,2.63,3.38,2.75,-20.8125,-29.8125,-0.33428955,-0.49047852,-0.5654907,-0.57263184
1e,1,Left Ankle,4051853,1779734026719,4.58,4.62,3.18,1.9375,102.0,86.125,-0.32165527,-0.4892578,-0.5656738,-0.58062744
1e,1,Left Ankle,4051876,1779734026745,4.01,5.68,-3.37,-24.1875,176.125,132.125,-0.29614258,-0.48345947,-0.5612793,-0.6029663
1e,1,Left Ankle,4051891,1779734026746,4.59,5.49,0.06,23.25,196.1875,118.8125,-0.26281738,-0.4758911,-0.5628662,-0.6226196
1e,4,Right Wrist,30054827,1779734026749,-9.847163,-5.6639113,-1.7371893,-3.63496,147.0711,15.133728,-137.85509,-32.780872,237.6821,0.0
1e,2,Right Ankle,1093843,1779734026752,-9.270446,3.4890707,0.8709875,-32.48336,15.55624,17.49762,109.07428,79.909325,312.6374,0.0
1e,3,Left Wrist,3851898,1779734026757,8.351152,-11.961424,-2.4933212,36.165775,-156.2603,-135.20078,-101.37319,-25.736881,325.00632,0.0
1e,1,Left Ankle,4051915,1779734026778,7.96,5.35,-1.88,3.5,128.0,117.625,-0.2355957,-0.47155762,-0.56036377,-0.638855
1e,1,Left Ankle,4051935,1779734026805,6.53,5.46,-2.58,-8.75,33.5,117.9375,-0.21777344,-0.47625732,-0.5524292,-0.6485596
1e,4,Right Wrist,30054886,1779734026808,-6.0976105,-5.2810593,-1.0671989,-16.234959,140.84111,35.363728,-137.8135,-32.769566,237.62108,0.0
1e,2,Right Ankle,1094007,1779734026812,-8.397066,3.443607,-0.36370903,4.0566382,22.48624,13.017618,109.02369,79.757675,312.5993,0.0
1e,3,Left Wrist,3851958,1779734026818,7.906088,-5.223235,-0.9667004,-1.0042236,-237.32031,-170.55078,-101.41716,-25.848568,325.10907,0.0
1e,1,Left Ankle,4051955,1779734026836,4.95,5.75,-2.05,-21.5625,-68.625,109.875,-0.21105957,-0.4906006,-0.53985596,-0.65063477
1e,1,Left Ankle,4051974,1779734026836,2.61,7.2,-0.7,-33.4375,-132.25,106.25,-0.2119751,-0.512146,-0.5232544,-0.64733887
1e,1,Left Ankle,4051995,1779734026865,0.43,8.96,-0.32,-41.3125,-157.5625,98.5625,-0.21820068,-0.5361328,-0.5043335,-0.6407471
1e,1,Left Ankle,4052011,1779734026866,-6.07,9.51,1.4,-30.5625,-134.4375,79.5,-0.22418213,-0.5574341,-0.4874878,-0.6335449
1e,3,Left Wrist,3852018,1779734026877,12.416558,-4.6681004,4.6755753,128.77577,-330.0003,-232.29079,-101.407135,-25.948648,325.24042,0.0
1e,1,Left Ankle,4052031,1779734026894,-7.2,8.62,0.69,-25.5,-80.875,44.875,-0.22845459,-0.5710449,-0.47558594,-0.6288452
1e,4,Right Wrist,30054947,1779734026902,-3.898606,-5.635197,-1.2083755,6.65504,97.37112,48.03373,-137.76007,-32.74217,237.56378,0.0
1e,2,Right Ankle,1094026,1779734026903,-7.9185014,3.4531782,-0.10528419,5.036638,19.19624,12.107618,108.85603,79.688416,312.43347,0.0
1e,1,Left Ankle,4052055,1779734026927,-7.62,9.62,-1.92,-25.8125,-56.0625,-5.8125,-0.23498535,-0.5769043,-0.4699707,-0.6253662
1e,3,Left Wrist,3852079,1779734026938,3.2592263,-5.4984097,7.0133634,361.73578,-434.3703,-260.99078,-101.31858,-26.01389,325.40683,0.0
1e,1,Left Ankle,4052081,1779734026955,-7.68,9.79,-3.21,-28.875,-70.6875,-54.4375,-0.24737549,-0.57928467,-0.4685669,-0.6194458
1e,1,Left Ankle,4052100,1779734026962,38.64,20.1,-33.77,-26.8125,-105.25,-106.625,-0.27734375,-0.5800171,-0.4779663,-0.59851074
1e,2,Right Ankle,1094083,1779734026963,-8.5262785,3.2904663,-1.4380864,10.216637,14.71624,10.567619,108.938286,79.61246,312.51154,0.0
1e,1,Left Ankle,4052115,1779734026986,25.92,23.72,2.24,19.3125,-160.625,-83.625,-0.2871704,-0.5852661,-0.47912598,-0.58776855
1e,3,Left Wrist,3852138,1779734026998,11.550356,-21.968208,22.437498,288.0258,-296.5403,-235.58076,-101.23035,-26.078737,325.51797,0.0
1e,1,Left Ankle,4052140,1779734027020,-37.14,15.89,-4.71,-66.6875,-49.5,-83.0625,-0.31225586,-0.5924072,-0.46588135,-0.5783081
1e,4,Right Wrist,30055006,1779734027020,-2.6112673,-5.1877394,-0.10289137,2.5250401,21.631111,40.12373,-137.71373,-32.70564,237.5262,0.0
1e,1,Left Ankle,4052164,1779734027045,5.09,6.64,-1.26,-16.75,31.5625,-182.5,-0.32574463,-0.5720215,-0.48529053,-0.57543945
1e,1,Left Ankle,4052181,1779734027046,3.64,10.37,2.44,-25.125,68.6875,-138.0625,-0.33496094,-0.5519409,-0.5009155,-0.576416
1e,2,Right Ankle,1094173,1779734027052,-10.541036,2.943507,-1.6031911,25.196638,18.63624,-6.3723807,109.1223,79.55219,312.68512,0.0
1e,3,Left Wrist,3852199,1779734027057,9.545172,-15.801905,24.22733,-128.33423,-80.8703,-168.73077,-101.25211,-26.13646,325.54306,0.0
1e,1,Left Ankle,4052205,1779734027079,-3.35,9.85,-4.6,-39.0,-24.3125,-135.1875,-0.35107422,-0.53826904,-0.50964355,-0.5720825
1e,4,Right Wrist,30055200,1779734027079,-5.616653,7.2692957,0.36131623,128.52504,-167.9289,11.773728,-137.69829,-32.589745,237.59102,0.0
1e,1,Left Ankle,4052232,1779734027105,0.23,8.77,2.37,-15.25,-49.0625,-125.0,-0.37036133,-0.53045654,-0.5162964,-0.5611572
1e,1,Left Ankle,4052241,1779734027106,-5.01,11.65,-1.25,-18.4375,-83.25,-107.75,-0.38916016,-0.5265503,-0.5198364,-0.54870605
1e,2,Right Ankle,1094233,1779734027113,-10.040935,4.989371,-3.3020952,54.31664,-12.86376,-32.55238,109.27398,79.49978,312.81558,0.0
1e,3,Left Wrist,3852258,1779734027118,7.0087786,-20.711977,35.234314,-12.624224,137.31969,31.11922,-101.191154,-26.135479,325.47012,0.0
1e,1,Left Ankle,4052264,1779734027137,0.66,10.07,-0.21,19.9375,-38.1875,-81.25,-0.4003296,-0.52459717,-0.5247803,-0.5377197
1e,1,Left Ankle,4052287,1779734027165,-0.97,10.73,0.67,29.5,-54.875,-73.75,-0.40899658,-0.52349854,-0.53131104,-0.5256958
1e,1,Left Ankle,4052309,1779734027166,-1.84,9.61,-1.01,27.25,-64.6875,-55.625,-0.4206543,-0.5270386,-0.53601074,-0.5079956
1e,4,Right Wrist,30055219,1779734027168,-5.5903316,6.046562,-1.5266209,156.17503,-159.2489,21.01373,-137.69064,-32.530994,237.64326,0.0
1e,2,Right Ankle,1094324,1779734027173,-11.103349,3.5153916,1.59362,105.62664,-5.0937595,-29.052382,109.02974,79.495544,312.53943,0.0
1e,3,Left Wrist,3852319,1779734027177,21.956741,-27.59852,50.833126,-86.75423,473.38968,264.00922,-101.092186,-26.085035,325.25153,0.0
1e,1,Left Ankle,4052327,1779734027197,-2.48,9.29,-1.67,34.6875,-40.625,-44.5625,-0.42285156,-0.5279541,-0.5380249,-0.5029907
1e,1,Left Ankle,4052347,1779734027227,-1.17,8.9,-4.09,22.8125,-20.75,-34.375,-0.42596436,-0.52856445,-0.5414429,-0.49597168
1e,1,Left Ankle,4052364,1779734027228,-1.44,7.84,-3.61,14.375,-19.3125,-30.25,-0.42858887,-0.52838135,-0.5444336,-0.49053955
1e,4,Right Wrist,30055277,1779734027229,-1.9460629,6.4270215,-0.6173482,177.45503,-75.80888,119.71372,-137.65019,-32.485416,237.64381,0.0
1e,2,Right Ankle,1094383,1779734027233,-4.7216897,0.9574643,2.2181466,123.05664,-21.96376,3.497619,108.78301,79.50949,312.2532,0.0
1e,3,Left Wrist,3852378,1779734027238,46.911488,-20.192734,61.94061,190.44577,652.23975,466.8692,-100.86465,-25.987976,324.95193,0.0
1e,1,Left Ankle,4052394,1779734027261,0.45,9.75,-3.77,0.4375,-20.75,-31.5625,-0.43511963,-0.5265503,-0.5465698,-0.484375
1e,1,Left Ankle,4052410,1779734027287,0.08,10.55,-1.12,-7.5625,-19.625,-35.0,-0.44055176,-0.52441406,-0.5476074,-0.48065186
1e,4,Right Wrist,30055367,1779734027292,-4.7049875,-8.863115,3.5700915,129.71504,-131.4589,153.73372,-137.56471,-32.39648,237.61491,0.0
1e,2,Right Ankle,1094444,1779734027294,-5.513715,-1.2630752,-7.2765737,94.84664,-13.6337595,-17.362381,109.18395,79.51542,312.61438,0.0
1e,3,Left Wrist,3852438,1779734027299,66.1785,-23.595327,32.181072,180.08577,724.8297,333.79922,-100.63978,-25.95976,324.6378,0.0
1e,1,Left Ankle,4052433,1779734027320,-1.15,10.27,-0.84,-5.5,-19.375,-36.4375,-0.44317627,-0.5233154,-0.5482788,-0.47869873
1e,1,Left Ankle,4052451,1779734027320,-1.35,9.59,-1.0,3.8125,-6.6875,-32.5,-0.44769287,-0.52008057,-0.55200195,-0.47369385
1e,1,Left Ankle,4052466,1779734027345,-2.19,9.2,-1.53,5.25,0.375,-23.0,-0.44848633,-0.51934814,-0.55303955,-0.47247314
1e,1,Left Ankle,4052491,1779734027345,-1.42,8.45,-1.48,1.6875,0.625,-7.0,-0.44909668,-0.51782227,-0.5552368,-0.47094727
1e,4,Right Wrist,30055426,1779734027349,-3.635396,-4.4292145,0.84227353,174.93504,-126.488884,106.973724,-137.47572,-32.310646,237.6019,0.0
1e,2,Right Ankle,1094503,1779734027352,-10.098363,0.40711504,-5.6207404,40.526638,1.9762402,-49.14238,109.569954,79.526924,312.98123,0.0
1e,3,Left Wrist,3852499,1779734027357,52.02974,-7.46531,-6.300302,-68.62423,331.7797,48.829224,-100.61478,-26.029493,324.51114,0.0
1e,1,Left Ankle,4052509,1779734027379,-0.41,8.7,-0.89,-2.25,-5.6875,-4.4375,-0.45147705,-0.5186157,-0.553772,-0.4696045
1e,1,Left Ankle,4052533,1779734027405,-1.14,9.65,-2.68,-10.4375,-23.625,-2.1875,-0.4550171,-0.51953125,-0.55114746,-0.46832275
1e,1,Left Ankle,4052551,1779734027406,-2.09,8.9,-2.31,-15.625,-19.125,3.625,-0.45812988,-0.52038574,-0.5480957,-0.4678955
1e,4,Right Wrist,30055487,1779734027408,-7.107382,-11.447364,-3.5940197,-81.61496,-159.9489,58.183727,-137.49057,-32.21013,237.61386,0.0
1e,2,Right Ankle,1094563,1779734027412,-8.794274,0.81389487,1.5696917,-15.613361,11.35624,-57.402378,109.39671,79.575874,312.81815,0.0
1e,3,Left Wrist,3852558,1779734027417,20.887152,-5.8118696,-9.284152,8.445776,-8.7003,103.70922,-100.64849,-26.059868,324.52393,0.0
1e,1,Left Ankle,4052566,1779734027437,-1.26,9.34,-1.83,-17.875,-13.6875,7.3125,-0.45928955,-0.52056885,-0.5465088,-0.4683838
1e,1,Left Ankle,4052592,1779734027465,-1.03,9.96,-1.99,-23.375,-13.5,8.3125,-0.461792,-0.5206909,-0.5430298,-0.46984863
1e,1,Left Ankle,4052609,1779734027466,-1.3,9.29,-1.77,-29.6875,-14.0625,10.3125,-0.4664917,-0.520813,-0.5360718,-0.4730835
1e,2,Right Ankle,1094624,1779734027472,-9.069449,-1.4808221,-3.464807,7.2766376,2.8862402,-32.20238,109.765915,79.61674,313.17963,0.0
1e,3,Left Wrist,3852619,1779734027478,0.2586264,1.7255218,4.9674997,60.245777,-127.2103,29.089222,-100.62074,-26.049051,324.55853,0.0
1e,4,Right Wrist,30055546,1779734027503,-9.452348,-2.7446675,0.30149564,-90.994965,-117.94889,40.893726,-137.52417,-32.139523,237.62944,0.0
1e,1,Left Ankle,4052636,1779734027524,-1.39,9.52,-0.88,-30.5,-6.6875,16.6875,-0.46850586,-0.5204468,-0.5315552,-0.47650146
1e,1,Left Ankle,4052651,1779734027525,-1.01,9.37,-0.72,-29.5,0.25,22.0625,-0.46954346,-0.52001953,-0.5272217,-0.4807129
1e,1,Left Ankle,4052671,1779734027528,-1.3,10.09,-0.98,-28.5,1.625,29.0625,-0.4699707,-0.52020264,-0.52246094,-0.48535156
1e,2,Right Ankle,1094683,1779734027532,-8.516707,-2.478629,-4.9316072,-27.863363,-7.3337593,-3.922381,110.10704,79.64471,313.5244,0.0
1e,3,Left Wrist,3852678,1779734027537,0.25384092,-5.92194,10.229317,-49.164223,-36.8403,-29.150776,-100.60466,-26.051807,324.55698,0.0
1e,1,Left Ankle,4052695,1779734027555,-1.2,9.78,-1.15,-24.8125,7.4375,33.625,-0.46899414,-0.52056885,-0.51794434,-0.49072266
1e,4,Right Wrist,30055636,1779734027566,-2.8840492,2.663111,-2.1176481,27.585041,86.87112,54.19373,-137.5308,-32.127205,237.60893,0.0
1e,2,Right Ankle,1094744,1779734027592,-8.5669565,-0.820403,-2.4789643,-42.353363,-9.15376,6.507619,110.40462,79.67688,313.831,0.0
1e,3,Left Wrist,3852739,1779734027598,0.91426,-3.7205427,6.458228,-32.994225,-5.9003005,-14.450779,-100.57655,-26.055002,324.54224,0.0
1e,1,Left Ankle,4052714,1779734027615,-0.47,9.63,-0.59,-20.0,8.8125,38.5,-0.46673584,-0.5211792,-0.51379395,-0.496521
1e,1,Left Ankle,4052740,1779734027620,0.06,10.1,-0.02,-12.5625,8.375,42.75,-0.4619751,-0.5241699,-0.5075073,-0.50427246
1e,4,Right Wrist,30055697,1779734027621,-1.0990038,-1.6343981,-1.6151553,34.30504,65.10111,11.283728,-137.50319,-32.074837,237.58517,0.0
1e,1,Left Ankle,4052763,1779734027647,0.38,9.81,0.28,-1.375,7.5,47.25,-0.45715332,-0.5267334,-0.5042114,-0.50927734
1e,1,Left Ankle,4052781,1779734027647,-0.23,9.9,-0.21,5.5625,4.875,50.5,-0.45202637,-0.53082275,-0.5004883,-0.5132446
1e,2,Right Ankle,1094803,1779734027656,-8.435351,1.6920607,0.7585248,-26.253363,-17.20376,17.00762,110.067116,79.68147,313.50662,0.0
1e,3,Left Wrist,3852798,1779734027658,0.6008003,-4.3426766,6.661618,-113.354225,-12.410301,-43.220776,-100.57807,-26.064997,324.53183,0.0
1e,1,Left Ankle,4052802,1779734027679,0.26,9.58,-0.7,9.6875,6.5625,51.5,-0.44622803,-0.5352783,-0.49719238,-0.51690674
1e,1,Left Ankle,4052822,1779734027679,0.23,9.71,-0.65,10.6875,10.25,56.6875,-0.43963623,-0.5397949,-0.49383545,-0.5209961
1e,4,Right Wrist,30055756,1779734027679,-0.38594258,-1.7660031,-2.8019955,-29.534962,38.081112,-3.1362722,-137.53299,-32.012707,237.58858,0.0
1e,1,Left Ankle,4052847,1779734027705,0.37,9.76,-1.17,11.8125,15.25,61.75,-0.43206787,-0.5444336,-0.49035645,-0.5258179
1e,3,Left Wrist,3852858,1779734027718,-2.0241268,-6.024831,5.723632,-55.814224,-15.840301,-45.32078,-100.56249,-26.05886,324.52393,0.0
1e,1,Left Ankle,4052864,1779734027738,0.27,10.01,-1.15,12.875,18.9375,65.0625,-0.4229126,-0.5484619,-0.4874878,-0.5317383
1e,2,Right Ankle,1094864,1779734027743,-10.919101,-3.0433352,-2.3234308,-4.063362,-12.72376,33.31762,110.28692,79.73063,313.7228,0.0
1e,1,Left Ankle,4052887,1779734027767,1.55,9.54,-0.27,16.1875,16.9375,64.875,-0.4142456,-0.55322266,-0.48413086,-0.5366211
1e,1,Left Ankle,4052904,1779734027769,1.35,9.57,-1.12,18.125,11.875,67.125,-0.40545654,-0.5587158,-0.4804077,-0.5410156
1e,3,Left Wrist,3852918,1779734027779,-9.145166,-9.255141,4.7234316,-76.25423,37.9197,26.009222,-100.55772,-26.011713,324.49692,0.0
1e,1,Left Ankle,4052928,1779734027796,0.84,9.85,-1.22,23.0625,9.6875,67.8125,-0.3963623,-0.5647583,-0.4765625,-0.5447998
1e,2,Right Ankle,1094923,1779734027804,-9.074235,1.4623498,-1.8376877,-62.233364,-23.50376,61.80762,110.47956,79.697464,313.93103,0.0
1e,1,Left Ankle,4052946,1779734027831,2.08,9.47,0.38,33.25,5.625,65.1875,-0.38671875,-0.5713501,-0.4734497,-0.5475464
1e,1,Left Ankle,4052968,1779734027831,1.88,9.93,-0.31,36.5,-1.875,67.5,-0.3770752,-0.57910156,-0.47058105,-0.548645
1e,4,Right Wrist,30055817,1779734027831,-1.3311076,-0.1221341,-3.3188448,-45.63496,28.141111,5.8937283,-137.59955,-31.964262,237.60847,0.0
1e,1,Left Ankle,4052992,1779734027857,2.15,9.81,-0.5,33.0625,-13.3125,66.5625,-0.3682251,-0.5874634,-0.4664917,-0.5492554
1e,2,Right Ankle,1095013,1779734027863,-8.064464,0.15586863,-0.86859465,-41.373363,-28.61376,60.82762,110.62376,79.73993,314.08414,0.0
1e,1,Left Ankle,4053009,1779734027888,0.49,10.68,0.28,31.625,-23.8125,77.75,-0.35601807,-0.602478,-0.4574585,-0.548645
1e,1,Left Ankle,4053033,1779734027889,0.74,10.95,-0.14,27.625,-35.8125,73.125,-0.3491211,-0.6129761,-0.45062256,-0.5470581
1e,4,Right Wrist,30055980,1779734027890,-3.4535413,-0.9739789,-2.292324,-3.84496,11.691112,-42.336273,-137.68506,-31.893896,237.65808,0.0
1e,1,Left Ankle,4053055,1779734027917,0.89,10.64,-0.09,26.0,-31.8125,68.125,-0.3425293,-0.6229248,-0.44384766,-0.5455322
1e,3,Left Wrist,3852978,1779734027929,-6.7547364,-9.133108,2.225325,-182.23422,92.0997,118.12923,-100.58092,-25.928211,324.44397,0.0
1e,1,Left Ankle,4053072,1779734027947,-1.13,10.7,-2.51,20.375,-5.9375,70.0625,-0.33465576,-0.63049316,-0.43792725,-0.5465698
1e,4,Right Wrist,30056027,1779734027949,-4.3245287,-1.4477578,-1.4763715,-9.02496,2.2411118,-51.296272,-137.6953,-31.863365,237.67262,0.0
1e,2,Right Ankle,1095074,1779734027958,-9.634155,3.5153916,-0.6723831,3.4966378,-38.27376,42.55762,110.38994,79.65936,313.8497,0.0
1e,1,Left Ankle,4053097,1779734027979,-0.47,10.43,-2.33,24.5625,37.4375,66.4375,-0.3239746,-0.6343384,-0.43426514,-0.5513916
1e,1,Left Ankle,4053116,1779734027979,1.48,9.01,-1.68,22.375,75.125,61.5,-0.3106079,-0.63397217,-0.4333496,-0.5602417
1e,1,Left Ankle,4053135,1779734028007,2.13,9.13,-1.21,16.0625,104.875,58.9375,-0.2958374,-0.6298828,-0.4336548,-0.57244873
1e,1,Left Ankle,4053152,1779734028008,4.3,11.1,-2.93,12.8125,127.5,42.625,-0.28070068,-0.6220703,-0.43579102,-0.586792
1e,4,Right Wrist,30056086,1779734028009,-5.4946194,-1.6966116,0.040677983,-43.60496,2.4511118,-32.886272,-137.70638,-31.84013,237.67715,0.0
1e,3,Left Wrist,3853142,1779734028019,0.31605393,-1.7344998,-3.1226335,-62.044224,30.7797,101.049225,-100.72325,-25.757725,324.4206,0.0
1e,1,Left Ankle,4053174,1779734028039,-5.04,9.37,7.02,-2.4375,135.4375,32.0625,-0.26733398,-0.611084,-0.43927002,-0.60180664
1e,2,Right Ankle,1095133,1779734028044,-8.684204,1.9026291,0.8757731,-13.653362,-24.69376,20.22762,110.03703,79.65925,313.50534,0.0
1e,1,Left Ankle,4053193,1779734028067,-0.57,11.94,-4.71,-1.875,150.1875,-28.0,-0.25860596,-0.5942383,-0.44622803,-0.6171875
1e,1,Left Ankle,4053213,1779734028070,4.04,9.06,-0.07,14.1875,74.125,-74.25,-0.2564087,-0.579834,-0.45770264,-0.623291
1e,4,Right Wrist,30056147,1779734028070,-5.55444,-1.7013971,0.6029913,-53.26496,13.0211115,-18.956272,-137.71518,-31.819544,237.67354,0.0
1e,3,Left Wrist,3853188,1779734028079,0.5720862,-0.612266,-3.8045878,-72.47423,24.0597,76.409225,-100.82463,-25.731956,324.44174,0.0
1e,1,Left Ankle,4053239,1779734028098,4.12,8.36,-0.39,-12.75,-9.5,-97.6875,-0.26617432,-0.5715332,-0.46655273,-0.6203613
1e,2,Right Ankle,1095223,1779734028106,-9.280018,2.2304459,0.14117654,-29.053362,-7.19376,-0.4923811,109.70916,79.63882,313.19232,0.0
1e,1,Left Ankle,4053256,1779734028131,4.59,8.02,-2.76,-25.375,-24.375,-100.25,-0.28094482,-0.56481934,-0.4727173,-0.6152954
1e,1,Left Ankle,4053273,1779734028131,0.5,8.22,-2.75,-19.0625,-18.875,-84.875,-0.29437256,-0.55914307,-0.477417,-0.61053467
1e,3,Left Wrist,3853279,1779734028140,1.0051872,-0.34187698,-6.183054,-23.754223,13.1397,49.38922,-100.91259,-25.719065,324.46933,0.0
1e,1,Left Ankle,4053298,1779734028157,2.82,9.14,-1.52,-8.25,-14.1875,-93.8125,-0.3059082,-0.55303955,-0.48388672,-0.6053467
1e,4,Right Wrist,30056207,1779734028163,-6.0904317,-2.596313,2.17029,-71.53496,18.481112,13.663728,-137.71832,-31.798721,237.65533,0.0
1e,2,Right Ankle,1095313,1779734028164,-8.94263,2.4481928,-0.9236295,-19.113361,-12.793759,-28.142382,109.71571,79.57761,313.2052,0.0
1e,1,Left Ankle,4053315,1779734028189,5.07,8.88,-1.94,-3.0,13.875,-98.25,-0.31622314,-0.5443115,-0.49267578,-0.6008911
1e,1,Left Ankle,4053339,1779734028217,5.37,6.87,-3.06,8.625,40.5625,-93.4375,-0.32452393,-0.5274048,-0.5095215,-0.5974121
1e,1,Left Ankle,4053355,1779734028224,6.02,6.04,-2.99,10.9375,35.25,-85.75,-0.32684326,-0.5222168,-0.51483154,-0.5961304
1e,2,Right Ankle,1095374,1779734028224,-9.248911,1.0244633,0.76331043,-32.13336,-14.333759,-28.422382,109.47821,79.62473,312.98236,0.0
1e,1,Left Ankle,4053383,1779734028248,7.48,5.95,-2.87,8.875,13.5,-71.375,-0.33184814,-0.5142212,-0.5234375,-0.5928345
1e,4,Right Wrist,30056267,1779734028249,-5.858328,-1.1007985,2.5890338,-64.32496,18.481112,28.503729,-137.72087,-31.778456,237.6349,0.0
1e,1,Left Ankle,4053401,1779734028277,6.59,5.8,-2.12,4.5,-16.125,-52.5625,-0.33789062,-0.5102539,-0.52856445,-0.5883179
1e,1,Left Ankle,4053419,1779734028278,6.56,6.05,-0.58,-2.4375,-44.75,-35.125,-0.34942627,-0.5117798,-0.5289917,-0.57977295
1e,1,Left Ankle,4053440,1779734028305,6.54,6.37,0.1,-9.25,-63.6875,-21.8125,-0.35766602,-0.5159302,-0.52557373,-0.5741577
1e,1,Left Ankle,4053455,1779734028306,4.67,6.37,1.37,-13.25,-61.125,-3.6875,-0.36114502,-0.51831055,-0.5232544,-0.57196045
1e,4,Right Wrist,30056357,1779734028309,-4.671488,-2.474279,2.0889342,-0.55496,23.941113,-10.136271,-137.69955,-31.766186,237.62102,0.0
1e,2,Right Ankle,1095433,1779734028312,-8.9258795,1.1560686,-0.1363909,-13.443362,-10.20376,-9.8023815,109.30523,79.682465,312.8164,0.0
1e,1,Left Ankle,4053480,1779734028338,4.01,6.77,1.87,-13.25,-37.3125,9.125,-0.36676025,-0.52404785,-0.5163574,-0.569397
1e,3,Left Wrist,3853338,1779734028347,1.3306109,-0.30837753,-5.4556355,-31.244225,-7.1603007,43.43922,-101.00605,-25.712385,324.50476,0.0
1e,1,Left Ankle,4053501,1779734028365,4.37,11.12,-1.61,-13.3125,-14.25,23.5625,-0.3668213,-0.5253906,-0.5142212,-0.5701294
1e,1,Left Ankle,4053519,1779734028395,1.7,25.63,-1.26,22.625,14.75,25.9375,-0.36242676,-0.5276489,-0.5145874,-0.5704346
1e,1,Left Ankle,4053541,1779734028396,6.79,10.35,-3.96,-29.25,-1.0,-80.8125,-0.3708496,-0.51953125,-0.5197754,-0.567749
1e,4,Right Wrist,30056447,1779734028398,-5.408478,-3.8501515,2.1391835,-14.55496,30.101112,-18.886272,-137.68065,-31.75538,237.6065,0.0
1e,1,Left Ankle,4053563,1779734028425,-1.46,1.56,-0.15,-30.125,-7.5625,-29.625,-0.3793335,-0.515625,-0.51916504,-0.5662842
1e,2,Right Ankle,1095494,1779734028433,-9.1101265,0.69425374,0.68195444,2.3066382,-2.8537598,5.387619,109.11291,79.72643,312.62613,0.0
1e,1,Left Ankle,4053590,1779734028457,0.5,9.77,-2.66,-11.0,16.875,-45.5,-0.38208008,-0.5090332,-0.5230713,-0.5668335
1e,1,Left Ankle,4053601,1779734028457,-0.81,11.26,-1.04,-9.1875,-16.875,-8.875,-0.38568115,-0.5079346,-0.5228882,-0.56555176
1e,4,Right Wrist,30056506,1779734028459,-6.81785,-3.5247278,1.4644074,14.91504,41.23111,-37.296272,-137.65788,-31.74795,237.59724,0.0
1e,3,Left Wrist,3853605,1779734028469,2.8404818,-2.3231342,-2.6368904,88.52577,1.7996993,-32.440777,-101.17884,-25.794985,324.5939,0.0
1e,1,Left Ankle,4053623,1779734028485,2.13,10.75,-0.06,-15.4375,-10.5,-24.625,-0.38970947,-0.5064087,-0.5229492,-0.5640869
1e,1,Left Ankle,4053646,1779734028515,-0.95,10.21,-2.54,-12.9375,-0.3125,-3.8125,-0.39233398,-0.50531006,-0.52178955,-0.56433105
1e,1,Left Ankle,4053661,1779734028516,2.26,9.38,1.23,-1.125,7.375,-10.1875,-0.39300537,-0.5036621,-0.5227051,-0.56451416
1e,4,Right Wrist,30056596,1779734028519,-7.227023,-0.5384855,-1.1174482,40.04504,34.37111,-47.796272,-137.6486,-31.73439,237.60335,0.0
1e,2,Right Ankle,1095687,1779734028553,-11.029171,1.7542741,-0.32303107,27.856636,3.09624,-16.872381,108.63083,79.762726,312.14194,0.0
1e,3,Left Wrist,3853727,1779734028558,-1.8590217,-6.118151,-2.6009982,46.805775,32.4597,-85.92078,-101.2248,-25.76876,324.63187,0.0
1e,1,Left Ankle,4053694,1779734028582,0.64,9.69,0.0,-8.8125,-22.25,-5.0625,-0.39526367,-0.50390625,-0.52178955,-0.5635376
1e,1,Left Ankle,4053702,1779734028582,-0.32,10.99,-1.27,-10.4375,-32.5,-0.1875,-0.39916992,-0.5062256,-0.5187378,-0.5614624
1e,1,Left Ankle,4053722,1779734028608,0.44,10.77,-0.92,-8.5625,-13.875,2.5,-0.40112305,-0.5073242,-0.51672363,-0.5609741
1e,1,Left Ankle,4053742,1779734028608,1.08,9.29,-0.71,-9.0,-0.375,0.0625,-0.4019165,-0.506958,-0.5157471,-0.5616455
1e,4,Right Wrist,30056657,1779734028610,-4.310172,-2.0914268,-2.3952155,15.055039,33.671112,-48.84627,-137.647,-31.703758,237.60924,0.0
1e,2,Right Ankle,1095734,1779734028612,-8.428173,0.31140214,-1.8687946,14.556637,6.8762403,-13.652382,108.98955,79.7882,312.49063,0.0
1e,1,Left Ankle,4053765,1779734028639,0.27,9.08,-0.79,-13.0,-10.75,2.125,-0.4038086,-0.5072632,-0.5136719,-0.5619507
1e,1,Left Ankle,4053782,1779734028639,0.51,9.83,-0.07,-11.5,-11.75,9.0,-0.4052124,-0.5083008,-0.5109863,-0.56243896
1e,3,Left Wrist,3853758,1779734028647,-0.9425708,-7.118351,-2.5938196,51.705776,31.4797,-100.69078,-101.22767,-25.732592,324.63742,0.0
1e,1,Left Ankle,4053802,1779734028667,0.92,9.67,-0.08,-5.3125,-1.625,9.4375,-0.40533447,-0.5090332,-0.5092163,-0.56329346
1e,4,Right Wrist,30056716,1779734028669,-2.513162,-2.4288154,-3.330809,-73.21496,38.081112,-24.346272,-137.67902,-31.653343,237.61035,0.0
1e,2,Right Ankle,1095824,1779734028672,-8.272639,1.4336358,-1.5960126,-70.143364,13.52624,3.777619,109.280495,79.766396,312.8018,0.0
1e,1,Left Ankle,4053822,1779734028699,0.98,9.44,-0.05,0.5625,3.375,9.0,-0.40454102,-0.50964355,-0.5083008,-0.5640869
1e,1,Left Ankle,4053844,1779734028700,1.08,9.44,-0.73,3.625,3.875,8.3125,-0.40307617,-0.5102539,-0.5081177,-0.5647583
1e,3,Left Wrist,3853819,1779734028709,1.3258255,-7.5705943,-0.74177504,103.855774,17.829699,-129.74077,-101.166725,-25.712605,324.62918,0.0
1e,1,Left Ankle,4053865,1779734028733,0.96,9.42,-0.77,4.5625,-1.5625,5.25,-0.40203857,-0.5109863,-0.5081787,-0.56481934
1e,4,Right Wrist,30056806,1779734028733,-1.8431716,-0.40927288,-2.6488547,-28.90496,7.211112,-0.89627194,-137.72519,-31.597118,237.62802,0.0
1e,1,Left Ankle,4053894,1779734028758,0.64,9.65,-0.67,4.4375,-1.8125,4.8125,-0.40081787,-0.51220703,-0.5081177,-0.56463623
1e,3,Left Wrist,3853909,1779734028768,3.7688973,-11.04258,0.5694918,90.13577,5.719699,-131.84077,-101.08492,-25.735626,324.6136,0.0
1e,1,Left Ankle,4053912,1779734028791,0.84,9.88,-0.41,11.125,8.5625,1.3125,-0.39892578,-0.51220703,-0.50946045,-0.5647583
1e,1,Left Ankle,4053931,1779734028791,1.49,9.53,-0.4,12.75,6.5625,-1.0,-0.3972168,-0.5123291,-0.5111084,-0.5643921
1e,2,Right Ankle,1095883,1779734028801,-6.8656597,2.2783024,1.2227323,-36.54336,24.44624,-5.042381,109.02089,79.75132,312.5604,0.0
1e,1,Left Ankle,4053952,1779734028817,1.09,9.43,-0.4,16.125,-0.0625,-4.75,-0.39630127,-0.5130005,-0.5130005,-0.56274414
1e,4,Right Wrist,30056867,1779734028824,-2.3145576,-3.0533419,-2.0985055,-12.17496,7.1411114,17.093727,-137.71082,-31.537245,237.61307,0.0
1e,3,Left Wrist,3853968,1779734028829,4.733205,-11.882461,0.6053842,64.51578,8.029699,-122.04077,-101.00941,-25.764944,324.59546,0.0
1e,1,Left Ankle,4053968,1779734028848,0.57,9.57,-0.63,17.0625,1.0,-4.6875,-0.395813,-0.5133667,-0.51397705,-0.5618286
1e,1,Left Ankle,4053995,1779734028850,0.77,9.71,-0.8,19.5,4.75,-2.5625,-0.39343262,-0.5142212,-0.51745605,-0.5595093
1e,2,Right Ankle,1095973,1779734028857,-6.7364473,-0.030771516,1.7084754,-7.003362,-6.0737596,-3.0823812,108.81268,79.79147,312.3576,0.0
1e,1,Left Ankle,4054013,1779734028881,0.81,9.76,-0.66,19.125,3.0,-0.1875,-0.3914795,-0.5151367,-0.5195923,-0.55804443
1e,4,Right Wrist,30056926,1779734028882,-2.6280174,-2.4072797,-1.6319051,-67.12496,27.721111,51.883728,-137.71065,-31.479198,237.58374,0.0
1e,3,Left Wrist,3854029,1779734028888,5.778868,-14.19632,0.70348984,72.70577,1.8696995,-82.63077,-100.93054,-25.781643,324.5766,0.0
1e,1,Left Ankle,4054034,1779734028908,0.99,10.01,-0.76,18.8125,2.625,1.6875,-0.39007568,-0.5158081,-0.5218506,-0.55633545
1e,2,Right Ankle,1096063,1779734028914,-11.218204,0.421472,-3.2327034,39.336636,-12.44376,16.30762,109.13171,79.799034,312.657,0.0
1e,1,Left Ankle,4054054,1779734028937,0.91,10.03,-1.26,19.25,2.9375,4.25,-0.38781738,-0.5170288,-0.5235596,-0.55511475
1e,1,Left Ankle,4054072,1779734028939,0.64,9.62,-1.18,18.5,2.6875,5.8125,-0.38519287,-0.5185547,-0.5249634,-0.5541992
1e,3,Left Wrist,3854088,1779734028950,5.781261,-15.672691,0.23449661,6.2057767,-23.6803,-25.090778,-100.87863,-25.766182,324.56378,0.0
1e,1,Left Ankle,4054092,1779734028967,0.68,9.43,-1.39,18.5,4.375,10.125,-0.3821411,-0.5203247,-0.526062,-0.5536499
1e,1,Left Ankle,4054110,1779734028974,0.94,9.6,-1.58,19.0625,3.875,14.5625,-0.3772583,-0.52093506,-0.5282593,-0.5543213
1e,4,Right Wrist,30057017,1779734029000,-6.174181,0.5813561,-2.2707887,42.355038,29.471111,8.623728,-137.70435,-31.448336,237.58037,0.0
1e,3,Left Wrist,3854148,1779734029008,6.168898,-13.404296,-2.0219352,2.0757766,-55.950302,-1.1507797,-100.83178,-25.73239,324.5611,0.0
1e,1,Left Ankle,4054142,1779734029026,1.23,10.62,-1.44,20.0,10.25,17.0625,-0.37322998,-0.5229492,-0.5291748,-0.55426025
1e,1,Left Ankle,4054151,1779734029035,1.57,10.76,-1.67,22.3125,16.3125,19.625,-0.36816406,-0.52453613,-0.53045654,-0.5548706
1e,2,Right Ankle,1096124,1779734029035,-9.615012,6.1068187,1.9190437,-70.63336,-28.19376,57.11762,108.7632,79.743065,312.31586,0.0
1e,1,Left Ankle,4054175,1779734029057,1.89,11.41,-2.28,23.5625,22.8125,23.625,-0.3619995,-0.526001,-0.53204346,-0.5560913
1e,1,Left Ankle,4054195,1779734029057,2.77,12.18,-2.64,18.5,16.75,25.125,-0.3560791,-0.5276489,-0.5328369,-0.55755615
1e,3,Left Wrist,3854208,1779734029068,5.565907,-11.633607,-3.5485559,41.905777,-49.7203,8.57922,-100.885765,-25.716215,324.6057,0.0
1e,1,Left Ankle,4054212,1779734029085,3.42,10.4,-3.23,11.3125,-11.5625,21.3125,-0.35308838,-0.5307617,-0.5319824,-0.557312
1e,2,Right Ankle,1096287,1779734029093,-9.251304,1.8810937,0.43310088,-30.103363,-6.77376,-10.08238,108.55382,79.812675,312.1219,0.0
1e,1,Left Ankle,4054241,1779734029115,2.05,9.78,-2.43,3.25,-30.625,22.6875,-0.3529663,-0.53564453,-0.5288086,-0.5557251
1e,1,Left Ankle,4054252,1779734029116,1.22,8.94,-1.81,-4.1875,-32.625,21.625,-0.354187,-0.5406494,-0.52453613,-0.5541992
1e,4,Right Wrist,30057107,1779734029118,-8.220044,-0.9045874,-1.0863415,69.58504,21.841112,-60.746273,-137.68681,-31.434593,237.59291,0.0
1e,3,Left Wrist,3854268,1779734029129,8.671791,-15.856938,-3.522235,28.605776,-0.020300865,3.469223,-100.915886,-25.774883,324.62292,0.0
1e,1,Left Ankle,4054283,1779734029149,0.57,7.95,-1.82,-7.5625,-19.0,24.625,-0.3544922,-0.5443115,-0.5204468,-0.55426025
1e,2,Right Ankle,1096306,1779734029152,-9.256089,2.3118017,0.3948157,-33.11336,-5.7237597,-13.582382,108.23388,79.79828,311.81836,0.0
1e,1,Left Ankle,4054298,1779734029175,0.27,7.7,-2.54,-7.6875,-23.5625,27.0,-0.3544922,-0.54815674,-0.5159912,-0.55462646
1e,1,Left Ankle,4054319,1779734029176,-1.08,7.17,-1.09,-6.875,-29.375,28.8125,-0.3550415,-0.55285645,-0.5109863,-0.55426025
1e,3,Left Wrist,3854329,1779734029188,9.109677,-13.167405,-2.9336007,-70.65423,-1.7703009,49.039223,-100.95298,-25.832567,324.62598,0.0
1e,1,Left Ankle,4054340,1779734029207,1.58,7.11,0.9,-17.75,-47.875,37.0625,-0.35656738,-0.5588989,-0.50408936,-0.55352783
1e,1,Left Ankle,4054355,1779734029207,-0.51,7.35,-0.33,-21.125,-32.9375,30.75,-0.35913086,-0.564209,-0.49609375,-0.55371094
1e,2,Right Ankle,1096364,1779734029213,-9.325481,1.7518812,0.12203395,-9.6633625,-5.79376,-23.94238,107.93388,79.81084,311.5265,0.0
1e,1,Left Ankle,4054379,1779734029235,0.8,7.33,-0.61,0.125,17.75,12.25,-0.35528564,-0.5637207,-0.49536133,-0.55737305
1e,3,Left Wrist,3854388,1779734029247,8.09512,-8.834004,-2.9192436,-20.814224,-13.250301,50.50922,-100.989456,-25.885168,324.6398,0.0
1e,1,Left Ankle,4054402,1779734029266,0.11,7.68,-1.28,9.5,53.6875,20.0,-0.3463745,-0.55981445,-0.49890137,-0.56365967
1e,4,Right Wrist,30057300,1779734029269,-6.494819,-5.3313093,0.071784675,-78.884964,29.821112,-46.886272,-137.69998,-31.408623,237.59358,0.0
1e,1,Left Ankle,4054420,1779734029296,-0.23,8.08,-1.94,25.5625,102.75,11.5625,-0.3347168,-0.5523071,-0.5060425,-0.5716553
1e,1,Left Ankle,4054439,1779734029296,1.62,6.68,-0.98,11.3125,76.625,8.0625,-0.32824707,-0.54730225,-0.5097656,-0.5769043
1e,2,Right Ankle,1096423,1779734029302,-9.406837,1.5915623,0.3589234,-8.823362,-2.8537598,-26.812382,107.66097,79.836685,311.26126,0.0
1e,3,Left Wrist,3854449,1779734029308,7.7577324,-8.680864,-2.675176,42.815777,-4.080301,48.75922,-100.99918,-25.940086,324.6489,0.0
1e,1,Left Ankle,4054457,1779734029325,2.7,6.37,-0.12,-3.25,-1.75,-8.5,-0.32885742,-0.54693604,-0.50994873,-0.5767212
1e,1,Left Ankle,4054480,1779734029355,-0.1,11.17,4.32,-32.25,-21.9375,-54.125,-0.34423828,-0.54852295,-0.505249,-0.57037354
1e,1,Left Ankle,4054502,1779734029356,4.17,6.92,-1.16,-17.75,-3.625,-12.5625,-0.34881592,-0.54589844,-0.5062866,-0.56921387
1e,4,Right Wrist,30057422,1779734029359,-4.4968123,-6.700004,0.5742774,-6.01496,-8.328888,2.533728,-137.67389,-31.359573,237.57191,0.0
1e,3,Left Wrist,3854508,1779734029368,7.6500554,-8.96561,-2.3976083,42.535778,9.639699,52.679222,-100.99966,-25.996422,324.64948,0.0
1e,1,Left Ankle,4054517,1779734029385,2.12,10.27,-2.87,-3.3125,17.9375,-1.625,-0.3484497,-0.5449829,-0.5065918,-0.57006836
1e,2,Right Ankle,1096484,1779734029393,-9.169948,0.50282794,0.43310088,-6.023362,7.43624,-10.712381,107.53866,79.89512,311.14355,0.0
1e,1,Left Ankle,4054542,1779734029418,0.25,11.71,0.0,-5.5625,63.75,-39.0,-0.34332275,-0.5338135,-0.513855,-0.57714844
1e,1,Left Ankle,4054557,1779734029418,8.46,11.81,-3.08,-15.375,26.4375,-56.0,-0.34558105,-0.5296631,-0.51641846,-0.5773926
1e,4,Right Wrist,30057466,1779734029418,-4.2312083,-6.8100734,0.23928227,1.2650399,-21.418888,18.213728,-137.64111,-31.31816,237.55539,0.0
1e,3,Left Wrist,3854569,1779734029429,7.707484,-10.018452,-2.682354,18.735777,10.339699,62.47922,-101.01356,-26.047823,324.65152,0.0
1e,1,Left Ankle,4054583,1779734029450,5.05,15.34,-2.56,-42.8125,-44.5625,-50.0625,-0.3618164,-0.5244751,-0.5154419,-0.5730591
1e,2,Right Ankle,1096574,1779734029454,-9.038342,1.2804952,0.031106694,-0.913362,24.44624,14.557619,107.345116,79.92559,310.9545,0.0
1e,1,Left Ankle,4054603,1779734029476,-0.48,11.18,-0.57,-45.5625,-28.75,-58.8125,-0.37322998,-0.51812744,-0.5154419,-0.57147217
1e,1,Left Ankle,4054619,1779734029479,-1.01,6.0,-1.31,-40.3125,7.5,-58.625,-0.37768555,-0.5140991,-0.5161133,-0.57159424
1e,4,Right Wrist,30057557,1779734029479,-6.877671,-4.7977095,0.16271193,-29.74496,-44.37889,70.78372,-137.62766,-31.256592,237.5363,0.0
1e,3,Left Wrist,3854628,1779734029489,7.9587297,-13.38276,-2.4957142,-21.654224,-23.330301,75.49922,-101.015114,-26.094032,324.65155,0.0
1e,1,Left Ankle,4054645,1779734029508,0.16,9.4,-1.34,-25.6875,9.125,-31.375,-0.38537598,-0.5045166,-0.5177002,-0.5734863
1e,1,Left Ankle,4054664,1779734029537,1.5,11.16,0.4,-19.4375,-0.3125,-31.25,-0.3899536,-0.5001221,-0.51849365,-0.57354736
1e,4,Right Wrist,30057617,1779734029539,-8.344471,-0.9428724,0.65084773,-50.25496,-53.68889,91.50372,-137.63353,-31.19387,237.52086,0.0
1e,2,Right Ankle,1096664,1779734029543,-9.201054,2.0438056,-0.86859465,5.456638,19.75624,-3.572381,107.520164,79.864006,311.12616,0.0
1e,3,Left Wrist,3854688,1779734029548,8.659827,-15.172591,-1.5792629,-35.164223,-29.000301,91.24922,-100.97998,-26.096697,324.63416,0.0
1e,1,Left Ankle,4054687,1779734029567,0.73,9.64,-0.44,-17.875,-14.1875,-28.6875,-0.39520264,-0.4973755,-0.5185547,-0.57232666
1e,1,Left Ankle,4054701,1779734029568,0.71,9.42,-0.33,-15.875,-22.8125,-18.0625,-0.4005127,-0.49645996,-0.517334,-0.5704956
1e,1,Left Ankle,4054726,1779734029597,0.03,10.13,0.02,-11.125,-18.8125,-10.875,-0.4048462,-0.49676514,-0.51556396,-0.56884766
1e,1,Left Ankle,4054741,1779734029598,0.34,10.21,-0.24,-7.25,-12.25,-6.25,-0.40740967,-0.49682617,-0.51446533,-0.5679321
1e,2,Right Ankle,1096723,1779734029603,-9.5910845,1.3809937,-0.5766703,9.656637,17.16624,-15.402382,107.78423,79.930046,311.3841,0.0
1e,3,Left Wrist,3854749,1779734029609,7.116456,-12.901802,-0.50488555,-3.4542236,-35.5803,114.20923,-100.928825,-26.074608,324.61526,0.0
1e,1,Left Ankle,4054763,1779734029627,0.34,9.82,-0.28,-6.25,-11.0,0.1875,-0.40905762,-0.4973755,-0.5131836,-0.5673828
1e,4,Right Wrist,30057676,1779734029633,-7.947262,0.8349954,-0.05503492,-36.81496,-20.508888,67.14372,-137.64192,-31.14641,237.50786,0.0
1e,1,Left Ankle,4054781,1779734029658,0.34,10.04,-0.83,-6.8125,-9.5,6.3125,-0.41003418,-0.49829102,-0.5114746,-0.56744385
1e,3,Left Wrist,3854808,1779734029668,6.4440727,-10.920546,1.5601203,39.245777,-30.8903,98.17922,-100.864334,-26.05475,324.59662,0.0
1e,1,Left Ankle,4054805,1779734029693,0.34,10.4,-0.63,-8.3125,-8.625,10.75,-0.41046143,-0.49938965,-0.50927734,-0.56811523
1e,4,Right Wrist,30057737,1779734029693,-5.3510494,-0.11495558,0.51206404,-35.48496,19.391111,66.513725,-137.63829,-31.110197,237.48097,0.0
1e,1,Left Ankle,4054820,1779734029693,0.8,10.12,-0.3,-8.75,-10.25,11.8125,-0.41107178,-0.5009155,-0.5065918,-0.5687256
1e,1,Left Ankle,4054850,1779734029717,0.7,9.45,0.05,-6.5,-17.1875,13.6875,-0.41186523,-0.5031128,-0.50372314,-0.5687866
1e,3,Left Wrist,3854869,1779734029728,6.513465,-10.769798,3.184847,34.62578,-16.3303,70.45922,-100.80135,-26.04264,324.57513,0.0
1e,1,Left Ankle,4054860,1779734029751,0.47,9.52,0.09,-0.9375,-13.5,16.0625,-0.41186523,-0.50567627,-0.50109863,-0.56884766
1e,1,Left Ankle,4054884,1779734029751,0.65,9.74,-0.29,4.25,-3.4375,18.4375,-0.41027832,-0.5079956,-0.49951172,-0.5692749
1e,2,Right Ankle,1096813,1779734029754,-9.114913,0.70143217,-1.7611175,6.0166383,5.7562404,-30.872381,108.14987,79.95573,311.74298,0.0
1e,1,Left Ankle,4054903,1779734029777,0.96,9.6,-0.17,7.0625,-1.5,19.25,-0.4086914,-0.50964355,-0.4989624,-0.569458
1e,4,Right Wrist,30057827,1779734029780,-1.2928224,0.13868366,1.2203395,6.58504,18.27111,56.78373,-137.61343,-31.093706,237.4531,0.0
1e,3,Left Wrist,3854928,1779734029788,6.7072835,-8.98236,4.0031924,-30.334223,4.8796997,48.47922,-100.7616,-26.04537,324.54868,0.0
1e,1,Left Ankle,4054928,1779734029809,1.07,9.47,-0.51,7.375,-3.375,18.4375,-0.4064331,-0.5120239,-0.49786377,-0.5699463
1e,1,Left Ankle,4054947,1779734029809,1.36,9.46,-0.45,8.5625,-1.875,14.625,-0.40441895,-0.5140991,-0.4970703,-0.5701294
1e,1,Left Ankle,4054964,1779734029836,1.02,9.41,-0.41,10.0625,0.625,10.875,-0.4025879,-0.5159302,-0.49682617,-0.5700073
1e,2,Right Ankle,1096977,1779734029844,-6.8513026,1.4240645,0.31345975,-13.513362,-11.53376,18.967619,108.13934,79.974915,311.74393,0.0
1e,3,Left Wrist,3854989,1779734029849,6.6737843,-8.391332,3.938586,-9.894223,15.169699,20.409222,-100.71478,-26.060345,324.52072,0.0
1e,1,Left Ankle,4054989,1779734029868,1.33,9.31,-0.58,12.5625,3.4375,5.0,-0.40026855,-0.51708984,-0.4989624,-0.5687256
1e,1,Left Ankle,4055003,1779734029869,1.49,9.47,-0.47,13.375,3.5625,-0.4375,-0.39953613,-0.517395,-0.49969482,-0.56829834
1e,1,Left Ankle,4055029,1779734029901,1.06,9.68,-0.39,14.75,3.1875,-2.875,-0.39837646,-0.51794434,-0.5014038,-0.56707764
1e,4,Right Wrist,30057886,1779734029901,-1.422035,-0.7586247,0.82073814,33.39504,-1.538888,13.453728,-137.57968,-31.071962,237.43903,0.0
1e,2,Right Ankle,1097024,1779734029903,-6.45888,-1.1865048,-0.62931234,34.086636,-14.96376,16.517618,108.299774,80.03916,311.88904,0.0
1e,3,Left Wrist,3855048,1779734029909,7.276775,-10.494623,3.8213377,12.435777,14.329699,17.609222,-100.658165,-26.073217,324.4923,0.0
1e,1,Left Ankle,4055047,1779734029927,1.36,9.69,-0.52,18.8125,4.5,-5.5,-0.3968506,-0.51831055,-0.5038452,-0.5656738
1e,1,Left Ankle,4055065,1779734029927,1.4,9.96,0.0,19.9375,-0.5,-5.375,-0.39575195,-0.51916504,-0.5062256,-0.5635376
1e,1,Left Ankle,4055094,1779734029955,0.04,9.82,-0.79,17.0625,0.9375,-0.3125,-0.39312744,-0.52056885,-0.50891113,-0.5616455
1e,4,Right Wrist,30058081,1779734029959,-5.061518,0.12193361,0.567099,-1.1849599,15.961111,-10.486272,-137.55788,-31.005825,237.42972,0.0
1e,2,Right Ankle,1097114,1779734029962,-15.032364,11.129354,-3.0652056,-11.693362,-14.68376,30.517618,108.22054,79.95529,311.81357,0.0
1e,3,Left Wrist,3855109,1779734029968,7.200205,-11.33211,2.9671001,-14.934223,2.5696993,49.31922,-100.610374,-26.07305,324.46536,0.0
1e,1,Left Ankle,4055109,1779734029985,-0.07,9.7,-1.2,17.625,15.8125,7.9375,-0.3912964,-0.52075195,-0.50994873,-0.56188965
1e,1,Left Ankle,4055135,1779734030015,0.99,9.81,-0.93,17.9375,29.0,14.6875,-0.383667,-0.5205078,-0.5133667,-0.564209
1e,1,Left Ankle,4055151,1779734030016,1.99,10.09,-1.21,19.5625,35.625,14.25,-0.37768555,-0.5198364,-0.5159912,-0.5664673
1e,2,Right Ankle,1097173,1779734030023,-7.286796,5.6306467,-0.5766703,-15.263363,-23.153759,49.48762,108.02506,79.870605,311.62408,0.0
1e,3,Left Wrist,3855168,1779734030027,6.781461,-11.95903,2.1152554,-2.1242237,-34.670303,44.839222,-100.56229,-26.067657,324.452,0.0
1e,1,Left Ankle,4055175,1779734030045,2.62,10.09,-0.83,21.0,31.25,10.75,-0.37182617,-0.5189209,-0.51916504,-0.56829834
1e,4,Right Wrist,30058100,1779734030051,-5.415656,1.0575275,1.605584,10.64504,12.881111,-9.716271,-137.55214,-30.99393,237.42824,0.0
1e,1,Left Ankle,4055199,1779734030076,2.0,10.7,-1.54,22.5625,26.5625,12.0,-0.366333,-0.5187378,-0.5219116,-0.569458
1e,1,Left Ankle,4055217,1779734030076,2.79,11.03,-2.07,22.9375,18.6875,9.125,-0.36138916,-0.5187378,-0.5247803,-0.5700073
1e,3,Left Wrist,3855228,1779734030088,6.362717,-12.054744,-0.9020941,21.885777,-53.640297,49.879223,-100.50603,-26.063667,324.4443,0.0
1e,1,Left Ankle,4055238,1779734030109,3.36,11.84,-2.45,21.5,10.9375,8.6875,-0.35736084,-0.51971436,-0.52685547,-0.5697632
1e,1,Left Ankle,4055253,1779734030109,3.15,11.33,-2.75,14.6875,1.0,7.8125,-0.3548584,-0.52124023,-0.527771,-0.5690918
1e,1,Left Ankle,4055279,1779734030135,3.07,10.7,-3.73,9.9375,-1.9375,7.6875,-0.35327148,-0.522522,-0.5282593,-0.5684204
1e,2,Right Ankle,1097234,1779734030142,-9.088592,0.6009337,-0.7106683,-11.693362,-14.61376,16.447618,108.2025,79.93063,311.80167,0.0
1e,3,Left Wrist,3855289,1779734030148,5.3098755,-12.372989,-3.7495532,76.97577,-10.3803005,33.98922,-100.535614,-26.020681,324.47037,0.0
1e,1,Left Ankle,4055299,1779734030169,2.94,10.07,-3.66,7.3125,-8.875,8.875,-0.35229492,-0.52441406,-0.52789307,-0.56762695
1e,1,Left Ankle,4055314,1779734030169,2.07,8.44,-2.38,5.25,-27.1875,8.6875,-0.3515625,-0.52648926,-0.5275879,-0.5664673
1e,2,Right Ankle,1097324,1779734030202,-9.378123,1.2278532,0.035892338,-10.573362,-2.15376,2.447619,107.98447,79.97358,311.59045,0.0
1e,3,Left Wrist,3855348,1779734030207,7.6380916,-16.136898,-3.2781672,1.0957764,31.269701,23.559221,-100.57201,-25.963955,324.4755,0.0
1e,1,Left Ankle,4055344,1779734030227,0.79,7.75,-1.12,-0.625,-46.5625,7.9375,-0.3544922,-0.53131104,-0.52441406,-0.56311035
1e,1,Left Ankle,4055360,1779734030227,-1.15,7.36,-0.31,-6.0,-54.5625,7.4375,-0.36151123,-0.5397339,-0.517334,-0.5570679
1e,4,Right Wrist,30058260,1779734030229,-9.110174,-3.9243293,0.8111669,-5.87496,45.921112,-82.65627,-137.53073,-30.981472,237.44176,0.0
1e,1,Left Ankle,4055381,1779734030255,-1.55,6.76,-0.07,-6.6875,-35.5625,14.75,-0.36395264,-0.5439453,-0.51330566,-0.5551758
1e,1,Left Ankle,4055401,1779734030256,-2.33,6.56,1.17,-10.625,-35.375,20.0625,-0.36602783,-0.5482788,-0.50842285,-0.5539551
1e,2,Right Ankle,1097414,1779734030263,-9.155591,1.8619511,-0.23449661,-12.043362,-0.053759813,-18.69238,107.68632,79.94615,311.30133,0.0
1e,3,Left Wrist,3855409,1779734030267,7.7816606,-11.549858,-2.4550362,-96.62423,7.0497,50.29922,-100.61634,-26.021807,324.47507,0.0
1e,1,Left Ankle,4055416,1779734030286,-0.33,6.1,2.34,-12.5,-37.5,20.3125,-0.36712646,-0.55041504,-0.5058594,-0.5534668
1e,1,Left Ankle,4055439,1779734030315,-1.12,6.2,0.79,-17.4375,-6.1875,17.0625,-0.36871338,-0.55267334,-0.5012207,-0.55444336
1e,1,Left Ankle,4055461,1779734030316,0.08,6.83,0.35,-3.0,34.5,3.625,-0.36627197,-0.55029297,-0.5019531,-0.55773926
1e,2,Right Ankle,1097473,1779734030322,-9.162769,1.1082121,0.30149564,-9.733362,0.64624023,-18.622381,107.47404,79.99217,311.09604,0.0
1e,3,Left Wrist,3855468,1779734030327,6.9633155,-8.537294,-2.2372892,-20.814224,-13.180301,39.09922,-100.64588,-26.080654,324.48666,0.0
1e,1,Left Ankle,4055485,1779734030351,-0.32,7.95,-1.69,9.75,78.9375,8.125,-0.35595703,-0.54229736,-0.5078125,-0.5668335
1e,1,Left Ankle,4055501,1779734030377,-0.03,6.67,-0.34,2.4375,57.0,8.75,-0.3482666,-0.536438,-0.5123291,-0.5731201
1e,1,Left Ankle,4055518,1779734030379,7.78,8.03,-1.64,-18.0625,33.25,-3.875,-0.34802246,-0.53430176,-0.51239014,-0.5751953
1e,4,Right Wrist,30058411,1779734030379,-5.095018,-5.2954164,1.0456635,-13.29496,31.081112,-48.356274,-137.50607,-30.9704,237.43285,0.0
1e,2,Right Ankle,1097534,1779734030383,-9.23934,0.3520801,0.34456646,-0.9833622,12.826241,-6.582381,107.391556,80.053474,311.016,0.0
1e,3,Left Wrist,3855529,1779734030389,5.9248304,-7.994124,-1.9142581,40.015778,-8.070301,34.339222,-100.65153,-26.141878,324.4958,0.0
1e,1,Left Ankle,4055542,1779734030411,5.69,10.81,-6.17,-20.4375,6.0625,-7.0625,-0.35211182,-0.5280762,-0.51239014,-0.5784912
1e,1,Left Ankle,4055558,1779734030437,-0.4,13.5,-4.6,-12.75,-6.1875,9.9375,-0.35247803,-0.5284424,-0.5111084,-0.5790405
1e,1,Left Ankle,4055585,1779734030439,-1.11,19.35,-3.45,-8.75,13.1875,-77.0625,-0.35510254,-0.5218506,-0.51483154,-0.5800781
1e,4,Right Wrist,30058487,1779734030448,-3.515755,-6.898608,0.93798643,24.785042,-6.8588886,-21.126272,-137.46634,-30.946829,237.42291,0.0
1e,3,Left Wrist,3855588,1779734030450,6.3459673,-8.606687,-1.4691932,38.755775,13.279699,34.269222,-100.628204,-26.203953,324.48538,0.0
1e,1,Left Ankle,4055601,1779734030470,10.44,10.76,-2.17,-53.375,-53.125,-43.5,-0.3687744,-0.5181885,-0.51275635,-0.57666016
1e,1,Left Ankle,4055623,1779734030497,-4.17,7.43,-1.2,-40.0625,-35.75,-63.3125,-0.38134766,-0.5147705,-0.510437,-0.57366943
1e,1,Left Ankle,4055640,1779734030499,-0.49,7.72,-1.02,-27.8125,10.9375,-42.3125,-0.38928223,-0.5083618,-0.5119629,-0.5726929
1e,2,Right Ankle,1097697,1779734030504,-9.052699,2.0103061,-0.82313097,5.5266376,13.666241,0.69761896,107.42542,80.03632,311.05005,0.0
1e,3,Left Wrist,3855648,1779734030509,6.302896,-12.16242,-1.8711873,4.8057766,22.3097,36.089222,-100.5673,-26.220043,324.45026,0.0
1e,1,Left Ankle,4055662,1779734030528,1.82,11.5,-1.97,-16.9375,24.3125,-35.625,-0.39379883,-0.5031738,-0.5131836,-0.5730591
1e,1,Left Ankle,4055684,1779734030557,1.05,10.43,0.04,-10.75,23.8125,-25.75,-0.3953247,-0.49731445,-0.5162964,-0.5742798
1e,4,Right Wrist,30058577,1779734030559,-6.1406813,-7.0804625,0.86620176,-11.61496,-48.01889,29.553728,-137.44482,-30.897072,237.41296,0.0
1e,3,Left Wrist,3855708,1779734030569,8.394223,-15.002702,-0.997807,13.485777,-1.5603008,49.73922,-100.50786,-26.228117,324.4237,0.0
1e,1,Left Ankle,4055708,1779734030587,2.36,9.0,1.05,-11.6875,-8.3125,-29.6875,-0.39898682,-0.49401855,-0.5175781,-0.5734863
1e,1,Left Ankle,4055728,1779734030595,1.23,9.88,0.12,-14.5625,-43.5625,-23.0,-0.40563965,-0.49432373,-0.51586914,-0.57006836
1e,2,Right Ankle,1097716,1779734030596,-9.394874,1.5795981,-0.808774,16.166637,14.85624,-3.922381,107.7574,80.01913,311.3724,0.0
1e,1,Left Ankle,4055752,1779734030620,-0.63,10.18,0.15,-11.3125,-50.25,-17.75,-0.4159546,-0.49768066,-0.51153564,-0.56359863
1e,3,Left Wrist,3855768,1779734030630,6.8867455,-12.609879,-0.076570325,-7.514223,-12.340301,63.24922,-100.45525,-26.221045,324.39948,0.0
1e,1,Left Ankle,4055770,1779734030653,-0.29,9.8,0.27,-4.9375,-32.3125,-13.8125,-0.42010498,-0.49920654,-0.5100708,-0.56048584
1e,2,Right Ankle,1097803,1779734030653,-11.141634,1.0651413,-0.83988076,18.336637,18.21624,-18.132381,108.053085,80.083015,311.65875,0.0
1e,1,Left Ankle,4055793,1779734030678,0.49,9.88,-0.64,-0.75,-20.25,-7.125,-0.42132568,-0.49987793,-0.5095825,-0.5593872
1e,1,Left Ankle,4055810,1779734030678,0.06,9.82,-0.64,-0.875,-17.5,-0.125,-0.42303467,-0.5014038,-0.50842285,-0.5578003
1e,3,Left Wrist,3855829,1779734030689,6.3555384,-11.26272,0.55034924,-15.004224,-18.7803,57.29922,-100.40754,-26.216234,324.37863,0.0
1e,1,Left Ankle,4055828,1779734030711,0.29,9.77,-0.75,-5.375,-20.1875,5.0625,-0.42474365,-0.50323486,-0.5062866,-0.5567627
1e,1,Left Ankle,4055850,1779734030711,0.29,9.7,-0.9,-8.1875,-16.625,9.8125,-0.42608643,-0.50512695,-0.50354004,-0.5565796
1e,1,Left Ankle,4055865,1779734030737,0.81,10.42,-0.23,-8.875,-9.0,16.1875,-0.42559814,-0.505188,-0.5029297,-0.5574341
1e,4,Right Wrist,30058844,1779734030739,-4.0445685,-4.115755,0.34456646,-39.68496,26.531113,-8.806272,-137.4348,-30.805614,237.38,0.0
1e,2,Right Ankle,1097864,1779734030744,-10.572142,-0.59547764,-1.8017955,33.946636,-0.40375984,-10.782381,108.371765,80.136116,311.9612,0.0
1e,3,Left Wrist,3855888,1779734030749,5.812368,-11.2387905,1.3160526,8.515777,-15.2103,49.24922,-100.3505,-26.204836,324.35663,0.0
1e,1,Left Ankle,4055890,1779734030771,0.14,10.4,-0.08,-4.5,-3.8125,18.3125,-0.4243164,-0.5076294,-0.49890137,-0.55981445
1e,1,Left Ankle,4055910,1779734030771,0.92,9.18,-0.22,-1.75,-5.8125,15.5,-0.42364502,-0.50964355,-0.4968872,-0.56030273
1e,1,Left Ankle,4055932,1779734030796,0.59,9.41,-0.4,0.0625,-11.125,16.5,-0.42333984,-0.51086426,-0.49578857,-0.5604248
1e,4,Right Wrist,30058863,1779734030800,-3.3769705,-3.7975097,0.31585258,-41.644962,20.091112,2.323728,-137.41904,-30.77853,237.35991,0.0
1e,3,Left Wrist,3855949,1779734030808,6.2215405,-11.08565,1.9190437,16.425776,-0.37030077,51.97922,-100.28965,-26.19833,324.3295,0.0
1e,1,Left Ankle,4055953,1779734030828,0.48,9.81,-0.4,2.5,-1.4375,16.1875,-0.42089844,-0.5133667,-0.49383545,-0.5615845
1e,1,Left Ankle,4055971,1779734030828,1.2,9.68,-0.42,7.5,6.0625,10.0625,-0.41870117,-0.5142212,-0.49389648,-0.56243896
1e,2,Right Ankle,1097954,1779734030834,-7.325082,0.8473944,-2.0889342,-33.46336,-1.3837599,17.217619,108.67942,80.12421,312.27545,0.0
1e,1,Left Ankle,4055995,1779734030857,1.33,9.65,-0.33,9.625,-0.0625,3.875,-0.41723633,-0.51519775,-0.4944458,-0.5621338
1e,4,Right Wrist,30058937,1779734030859,-2.5227334,-3.2615175,1.1174482,12.67504,-2.7988882,12.893728,-137.38293,-30.751192,237.34142,0.0
1e,3,Left Wrist,3856008,1779734030868,6.8532457,-10.678871,2.6105695,11.805777,9.009699,61.63922,-100.230934,-26.1953,324.29916,0.0
1e,1,Left Ankle,4056012,1779734030887,1.11,9.33,-0.11,9.375,1.375,1.25,-0.41638184,-0.5161133,-0.49505615,-0.56140137
1e,2,Right Ankle,1098043,1779734030897,-5.3581815,0.06494139,0.6484549,-2.5233622,-4.1137595,-28.702381,108.518196,80.18284,312.1178,0.0
1e,1,Left Ankle,4056038,1779734030922,1.14,9.43,-0.65,10.375,5.8125,-1.3125,-0.41516113,-0.5162964,-0.49645996,-0.5609131
1e,1,Left Ankle,4056052,1779734030922,0.91,9.68,-0.62,11.75,6.625,-3.1875,-0.4138794,-0.5162964,-0.49816895,-0.56030273
1e,4,Right Wrist,30058997,1779734030922,-4.3149576,-4.3622155,0.2536392,-10.77496,5.391112,25.703728,-137.35684,-30.713722,237.31938,0.0
1e,3,Left Wrist,3856069,1779734030929,7.879767,-10.26252,3.2422745,-8.214224,-10.100301,77.17922,-100.1853,-26.192709,324.27658,0.0
1e,1,Left Ankle,4056084,1779734030948,1.06,9.69,-0.19,13.6875,5.8125,-6.0,-0.41253662,-0.5159302,-0.50061035,-0.5595093
1e,2,Right Ankle,1098103,1779734030954,-6.7531967,0.69425374,-0.22731815,-41.373363,-29.87376,-13.022381,108.449684,80.2617,312.06305,0.0
1e,1,Left Ankle,4056101,1779734030979,1.11,9.6,0.09,16.9375,5.0,-9.125,-0.4109497,-0.5158081,-0.50445557,-0.557251
1e,1,Left Ankle,4056117,1779734030979,0.85,9.62,-0.07,17.875,6.9375,-8.9375,-0.4100952,-0.51556396,-0.5061035,-0.5566406
1e,4,Right Wrist,30059057,1779734030979,-4.9897337,-3.3213382,-0.41874397,-49.414963,31.011112,34.24373,-137.3479,-30.676561,237.29214,0.0
1e,3,Left Wrist,3856128,1779734030987,7.7338047,-8.424832,2.7038896,9.215776,-57.560303,83.89922,-100.14555,-26.19328,324.27356,0.0
1e,1,Left Ankle,4056141,1779734031006,1.14,9.8,-0.16,18.625,10.375,-7.6875,-0.4081421,-0.51446533,-0.51116943,-0.5545044
1e,2,Right Ankle,1098164,1779734031014,-8.267854,3.9580638,-0.44985065,-106.89336,-14.61376,42.62762,108.217026,80.17837,311.86896,0.0
1e,1,Left Ankle,4056162,1779734031037,0.18,9.65,-0.65,17.75,14.75,-2.8125,-0.40625,-0.51446533,-0.5137329,-0.55352783
1e,1,Left Ankle,4056182,1779734031037,0.2,9.76,-1.43,18.5,19.5625,4.25,-0.402771,-0.51416016,-0.5165405,-0.55371094
1e,4,Right Wrist,30059117,1779734031038,-5.9085774,-1.2252251,-0.9475578,-30.444962,52.641113,16.813728,-137.34673,-30.649826,237.27168,0.0
1e,3,Left Wrist,3856188,1779734031047,7.824732,-10.255341,5.24746,45.195778,-85.2103,80.46922,-100.09397,-26.178661,324.2796,0.0
1e,1,Left Ankle,4056203,1779734031070,0.19,9.82,-1.21,17.9375,21.4375,7.75,-0.3984375,-0.5140381,-0.5189209,-0.5546875
1e,1,Left Ankle,4056217,1779734031097,0.31,9.76,-0.71,17.625,25.25,12.625,-0.39611816,-0.51416016,-0.51989746,-0.5553589
1e,1,Left Ankle,4056241,1779734031097,1.28,9.41,-0.92,17.3125,32.4375,20.6875,-0.38745117,-0.51379395,-0.5233154,-0.5586548
1e,2,Right Ankle,1098223,1779734031103,-13.4866,-3.9406438,3.2135608,-74.41336,-14.61376,76.367615,108.02766,80.211205,311.7057,0.0
1e,3,Left Wrist,3856249,1779734031108,6.6115704,-13.327724,4.855037,41.275776,-95.0103,75.98922,-100.04121,-26.150133,324.28784,0.0
1e,1,Left Ankle,4056257,1779734031129,1.13,9.41,-0.72,17.125,32.375,26.625,-0.38397217,-0.51397705,-0.5239868,-0.56018066
1e,4,Right Wrist,30059176,1779734031129,-7.7199445,-0.30159578,-0.26081768,-14.06496,51.171112,-1.8062723,-137.34451,-30.633562,237.25804,0.0
1e,1,Left Ankle,4056283,1779734031156,-0.29,10.32,-0.54,16.3125,29.25,43.8125,-0.37194824,-0.5169678,-0.52368164,-0.56585693
1e,2,Right Ankle,1098314,1779734031163,-10.529071,-0.49976477,0.052642096,3.0766377,-28.68376,40.80762,107.96676,80.27151,311.64224,0.0
1e,3,Left Wrist,3856308,1779734031168,5.75494,-13.088443,2.0602202,2.0757766,-94.100296,105.45922,-99.998184,-26.104065,324.2925,0.0
1e,1,Left Ankle,4056304,1779734031188,1.15,9.77,-0.93,17.125,30.25,49.75,-0.3624878,-0.51989746,-0.5227051,-0.5701904
1e,1,Left Ankle,4056321,1779734031188,0.04,10.47,-1.67,23.875,34.8125,57.5,-0.3519287,-0.52319336,-0.52178955,-0.5745239
1e,1,Left Ankle,4056341,1779734031216,0.99,9.85,-0.1,22.25,40.0625,62.125,-0.34002686,-0.5258179,-0.52075195,-0.58026123
1e,1,Left Ankle,4056362,1779734031216,0.65,9.63,-2.07,16.1875,55.4375,66.3125,-0.3269043,-0.52667236,-0.5197754,-0.5878296
1e,2,Right Ankle,1098374,1779734031222,-8.937843,2.8454013,0.32063824,-6.163362,-10.413759,15.957619,107.64935,80.223785,311.33066,0.0
1e,3,Left Wrist,3856369,1779734031228,3.7760758,-11.68625,1.3950156,-0.30422366,-94.7303,71.08922,-99.95914,-26.051958,324.30066,0.0
1e,1,Left Ankle,4056382,1779734031247,1.57,9.52,-2.61,15.3125,62.5,60.9375,-0.31378174,-0.5267334,-0.519104,-0.59552
1e,1,Left Ankle,4056403,1779734031275,3.3,8.91,-1.34,12.875,47.875,52.0,-0.30236816,-0.5269165,-0.5183716,-0.6018677
1e,1,Left Ankle,4056420,1779734031276,4.4,8.65,-0.65,9.1875,34.3125,46.125,-0.29473877,-0.5281372,-0.51678467,-0.605896
1e,2,Right Ankle,1098433,1779734031283,-8.803846,3.2976446,-0.50009996,-27.933363,-6.56376,-1.7523808,107.501945,80.15282,311.19467,0.0
1e,3,Left Wrist,3856428,1779734031287,3.6875412,-10.875083,0.7345966,-10.174224,-72.5403,37.34922,-99.92057,-26.010212,324.30258,0.0
1e,1,Left Ankle,4056450,1779734031306,7.32,7.77,-0.78,3.25,2.125,31.5,-0.29040527,-0.5305176,-0.51452637,-0.60791016
1e,1,Left Ankle,4056460,1779734031335,7.81,7.92,-0.39,2.375,-7.0625,29.75,-0.28833008,-0.53466797,-0.51104736,-0.60809326
1e,4,Right Wrist,30059267,1779734031338,-8.758429,-1.9143584,-0.2416751,7.3550396,57.471115,-30.64627,-137.33295,-30.623405,237.24854,0.0
1e,2,Right Ankle,1098494,1779734031343,-8.858881,2.3716226,0.5096712,-31.223362,-5.23376,-8.472382,107.17612,80.13116,310.88428,0.0
1e,3,Left Wrist,3856489,1779734031348,3.599007,-9.891633,0.55034924,-2.7542238,-43.280304,18.659222,-99.874016,-25.97955,324.29413,0.0
1e,1,Left Ankle,4056487,1779734031365,2.83,9.82,-1.02,-5.0,-28.125,31.1875,-0.2878418,-0.54016113,-0.5062866,-0.6074829
1e,1,Left Ankle,4056505,1779734031372,0.48,9.92,-2.13,0.875,9.125,14.125,-0.28607178,-0.5418701,-0.50439453,-0.6083374
1e,1,Left Ankle,4056520,1779734031396,3.73,9.13,-4.1,4.625,22.0,7.3125,-0.28381348,-0.5406494,-0.505249,-0.60980225
1e,1,Left Ankle,4056544,1779734031396,5.49,8.98,-3.71,2.9375,0.0625,-10.3125,-0.2836914,-0.5395508,-0.50665283,-0.6096802
1e,4,Right Wrist,30059534,1779734031398,-5.8798637,-6.518149,0.20817557,-27.924961,-7.0688877,-4.6062717,-137.28543,-30.55865,237.20193,0.0
1e,3,Left Wrist,3856548,1779734031408,3.7617188,-10.319947,0.42831525,3.4057765,-14.300301,8.299221,-99.820854,-25.952736,324.27533,0.0
1e,1,Left Ankle,4056567,1779734031430,3.38,9.16,-2.99,-3.0,-25.75,-19.875,-0.28729248,-0.539978,-0.50720215,-0.6071167
1e,2,Right Ankle,1098553,1779734031434,-8.887594,1.7758095,0.2656033,-7.563362,-2.15376,-10.50238,106.86003,80.1298,310.5755,0.0
1e,1,Left Ankle,4056587,1779734031456,2.7,8.69,-1.8,-2.375,-23.625,-28.9375,-0.29248047,-0.54016113,-0.5081787,-0.60369873
1e,3,Left Wrist,3856609,1779734031468,4.053643,-11.028223,0.59581286,0.11577642,14.8897,2.4892235,-99.76387,-25.931625,324.2457,0.0
1e,1,Left Ankle,4056603,1779734031490,2.49,8.3,-0.65,-4.4375,-19.4375,-35.5,-0.29803467,-0.5390625,-0.5098877,-0.60046387
1e,1,Left Ankle,4056623,1779734031490,1.84,8.04,-0.28,-7.9375,-20.25,-38.25,-0.30426025,-0.5374756,-0.5115967,-0.5973511
1e,2,Right Ankle,1098614,1779734031494,-8.9354515,2.0844836,0.39960137,-7.143362,1.4862401,-8.0523815,106.55042,80.11463,310.27316,0.0
1e,1,Left Ankle,4056651,1779734031522,-0.41,7.68,0.51,-12.8125,-17.3125,-37.1875,-0.31072998,-0.53552246,-0.5128784,-0.5946655
1e,4,Right Wrist,30059553,1779734031523,-6.2698936,-6.0324063,0.18185452,-32.33496,-13.578888,1.3437278,-137.27437,-30.52112,237.19305,0.0
1e,3,Left Wrist,3856668,1779734031529,5.1998053,-10.805691,0.05503492,-10.174224,36.3797,9.769222,-99.703835,-25.931046,324.2061,0.0
1e,1,Left Ankle,4056669,1779734031547,-0.81,6.95,0.25,-13.125,0.6875,-38.375,-0.3163452,-0.5321655,-0.51452637,-0.59332275
1e,1,Left Ankle,4056691,1779734031548,0.54,7.04,-0.05,-12.0625,18.5,-39.5,-0.3201294,-0.5266113,-0.5175781,-0.5935669
1e,2,Right Ankle,1098704,1779734031559,-8.665062,1.7351315,0.14117654,-4.413362,8.48624,4.757619,106.24534,80.10239,309.97452,0.0
1e,1,Left Ankle,4056706,1779734031580,0.76,7.93,0.23,-11.6875,27.5,-35.125,-0.32263184,-0.52020264,-0.5209961,-0.59490967
1e,4,Right Wrist,30059701,1779734031580,-7.6050887,-3.290231,-0.33738798,-0.27496004,-17.568888,16.183727,-137.2582,-30.433212,237.18251,0.0
1e,3,Left Wrist,3856728,1779734031589,5.6568346,-9.760026,-0.16510476,-10.104223,45.2697,20.689222,-99.64722,-25.953936,324.16467,0.0
1e,1,Left Ankle,4056731,1779734031607,1.81,8.28,-0.3,-13.4375,32.6875,-36.125,-0.3255005,-0.5097656,-0.52612305,-0.59783936
1e,2,Right Ankle,1098763,1779734031614,-9.696368,1.3235661,-0.05742774,4.6166377,3.9362402,6.927619,106.04058,80.14511,309.7713,0.0
1e,1,Left Ankle,4056753,1779734031637,3.77,10.87,-2.5,-12.375,27.0625,-36.25,-0.32666016,-0.5064087,-0.527771,-0.5985718
1e,1,Left Ankle,4056766,1779734031639,5.02,13.47,-3.84,-10.125,3.75,-39.4375,-0.33068848,-0.50146484,-0.5303345,-0.5982666
1e,4,Right Wrist,30059720,1779734031639,-7.6936235,-3.027021,-0.13160524,13.23504,-14.698889,15.273728,-137.24255,-30.392183,237.17656,0.0
1e,3,Left Wrist,3856789,1779734031649,5.5970135,-10.178771,-0.21535404,-2.4742236,46.9497,21.389221,-99.585205,-25.969765,324.1215,0.0
1e,1,Left Ankle,4056791,1779734031672,4.41,12.5,-0.08,-20.4375,-43.0,-54.8125,-0.3439331,-0.4979248,-0.5319824,-0.59228516
1e,1,Left Ankle,4056807,1779734031672,1.34,8.58,0.59,-27.125,-47.5625,-57.5625,-0.35003662,-0.4968872,-0.53167725,-0.5897827
1e,1,Left Ankle,4056832,1779734031697,-0.11,7.67,-1.24,-30.1875,-42.875,-50.5625,-0.3684082,-0.4934082,-0.5298462,-0.5831909
1e,3,Left Wrist,3856848,1779734031707,6.0851493,-12.650557,0.5168497,17.615776,47.369698,18.939222,-99.51382,-25.966867,324.07727,0.0
1e,1,Left Ankle,4056853,1779734031732,-0.21,9.53,-1.51,-27.3125,-40.0625,-43.8125,-0.37780762,-0.4918213,-0.52856445,-0.5797119
1e,1,Left Ankle,4056870,1779734031732,0.59,11.19,-1.07,-17.875,-26.3125,-34.875,-0.38494873,-0.49041748,-0.5275879,-0.57702637
1e,2,Right Ankle,1098824,1779734031732,-9.217804,2.065341,0.08853444,9.446638,16.04624,-4.412381,105.768,80.11628,309.5005,0.0
1e,1,Left Ankle,4056895,1779734031755,0.24,10.42,-1.04,-18.0,-7.4375,-25.3125,-0.3897705,-0.48779297,-0.5274048,-0.57611084
1e,3,Left Wrist,3856909,1779734031767,6.7503543,-14.337497,1.660619,-0.30422366,45.4097,40.56922,-99.44948,-25.955463,324.0329,0.0
1e,1,Left Ankle,4056915,1779734031789,0.9,9.1,-0.19,-21.5625,-14.3125,-21.5625,-0.3945923,-0.48547363,-0.5265503,-0.57562256
1e,4,Right Wrist,30059777,1779734031789,-8.1961155,-3.9889352,0.93798643,40.88504,-21.068888,11.633728,-137.2141,-30.353914,237.17113,0.0
1e,1,Left Ankle,4056931,1779734031789,1.45,10.13,-0.15,-21.4375,-38.8125,-23.125,-0.40130615,-0.48516846,-0.5241699,-0.57336426
1e,2,Right Ankle,1098987,1779734031794,-9.533656,1.4958493,-0.91405827,21.276638,13.876241,-32.902378,106.15924,80.05349,309.8782,0.0
1e,1,Left Ankle,4056951,1779734031815,-0.69,9.97,-0.07,-18.5625,-34.25,-11.3125,-0.40771484,-0.48614502,-0.520874,-0.5710449
1e,3,Left Wrist,3856968,1779734031827,7.7026973,-13.236797,2.3377876,-23.614223,36.939697,63.87922,-99.39676,-25.95023,323.9915,0.0
1e,1,Left Ankle,4056973,1779734031847,-0.41,9.81,0.2,-11.4375,-18.0,-6.375,-0.41229248,-0.48742676,-0.5180664,-0.5692749
1e,4,Right Wrist,30059970,1779734031848,-5.8918276,-1.5650059,0.06460621,43.12504,9.031112,-13.216272,-137.17445,-30.289768,237.16252,0.0
1e,1,Left Ankle,4056995,1779734031875,0.23,9.88,-0.35,-6.5,-9.5,1.875,-0.4138794,-0.48791504,-0.5165405,-0.56903076
1e,1,Left Ankle,4057012,1779734031876,0.99,9.94,-0.03,-4.8125,-12.75,4.5,-0.4152832,-0.48937988,-0.5145874,-0.5685425
1e,2,Right Ankle,1099006,1779734031883,-9.528872,1.8810937,-0.7178468,28.696636,12.47624,-37.10238,106.37683,80.00814,310.08398,0.0
1e,3,Left Wrist,3857029,1779734031888,6.8747807,-10.707584,2.507678,-16.264223,16.3597,66.189224,-99.34674,-25.94726,323.95865,0.0
1e,1,Left Ankle,4057037,1779734031906,0.39,10.02,-0.75,-3.9375,-35.25,2.125,-0.41784668,-0.49212646,-0.51190186,-0.5666504
1e,1,Left Ankle,4057052,1779734031906,0.5,9.34,-0.31,-5.375,-29.25,6.75,-0.42041016,-0.4953003,-0.508728,-0.5649414
1e,4,Right Wrist,30059989,1779734031914,-5.437191,-1.9933214,0.0741775,46.41504,8.121112,-11.816272,-137.14824,-30.262165,237.15843,0.0
1e,1,Left Ankle,4057072,1779734031938,0.61,9.71,-0.28,-5.375,-23.0625,9.1875,-0.4222412,-0.4979248,-0.5057373,-0.5639038
1e,2,Right Ankle,1099064,1779734031942,-9.512121,0.17022558,-1.7467606,20.996637,6.9462404,-40.53238,106.744545,80.05535,310.44003,0.0
1e,3,Left Wrist,3857088,1779734031947,6.563714,-9.250356,3.0388846,12.015777,-4.6403008,48.61922,-99.29271,-25.951134,323.9358,0.0
1e,1,Left Ankle,4057097,1779734031965,0.82,9.68,0.22,-3.8125,-13.8125,11.8125,-0.42285156,-0.5001831,-0.5031738,-0.5637207
1e,4,Right Wrist,30060046,1779734031972,-4.056533,-2.9169507,-0.32542387,32.90504,3.7811117,3.163728,-137.11794,-30.22522,237.14748,0.0
1e,1,Left Ankle,4057116,1779734031998,0.98,9.62,0.27,-2.125,-8.625,11.375,-0.42285156,-0.5018921,-0.50128174,-0.5639038
1e,1,Left Ankle,4057132,1779734031998,0.66,9.97,-0.5,0.1875,-9.3125,9.6875,-0.42266846,-0.5036011,-0.49969482,-0.5639038
1e,2,Right Ankle,1099154,1779734032003,-8.717704,1.4551712,-1.1102697,6.786638,-12.02376,-10.852381,107.033905,80.04519,310.72223,0.0
1e,3,Left Wrist,3857148,1779734032007,6.6953197,-9.853347,4.103691,12.435777,-11.2903,39.72922,-99.239586,-25.953043,323.91595,0.0
1e,1,Left Ankle,4057155,1779734032025,0.6,9.68,-0.16,2.8125,-9.1875,6.0625,-0.42260742,-0.505249,-0.49865723,-0.5634155
1e,4,Right Wrist,30060107,1779734032031,-3.1329029,-2.7709887,-0.4761717,7.6350403,-2.2388887,15.693728,-137.09294,-30.1815,237.13322,0.0
1e,1,Left Ankle,4057172,1779734032055,0.93,9.55,-0.4,4.625,-2.25,2.9375,-0.42236328,-0.50634766,-0.49835205,-0.56292725
1e,1,Left Ankle,4057192,1779734032056,0.82,9.47,-0.12,5.125,3.5,1.5,-0.42156982,-0.5065918,-0.49890137,-0.5628052
1e,3,Left Wrist,3857208,1779734032068,6.9968147,-9.922738,4.867001,-24.104223,-9.890301,43.36922,-99.199646,-25.95363,323.89566,0.0
1e,1,Left Ankle,4057215,1779734032089,1.12,9.85,0.0,5.875,5.5,-1.4375,-0.42132568,-0.50665283,-0.4996338,-0.56225586
1e,4,Right Wrist,30060166,1779734032089,-2.9175487,-2.9265223,-0.5455636,9.10504,-10.638887,18.493729,-137.06635,-30.134146,237.11958,0.0
1e,2,Right Ankle,1099213,1779734032094,-7.3849025,1.5580627,-0.28953153,-12.113362,-9.503759,14.067619,106.77578,79.98078,310.47137,0.0
1e,1,Left Ankle,4057255,1779734032122,1.0,9.8,0.5,9.25,1.5625,-6.625,-0.42041016,-0.5061035,-0.5023804,-0.5609741
1e,1,Left Ankle,4057239,1779734032122,1.22,9.54,0.36,5.8125,4.375,-4.8125,-0.42077637,-0.5062256,-0.5009155,-0.56188965
1e,3,Left Wrist,3857268,1779734032130,7.0997066,-9.700207,4.87418,-24.244223,-6.1803007,55.05922,-99.15928,-25.951626,323.87344,0.0
1e,1,Left Ankle,4057281,1779734032148,1.14,9.44,0.52,12.0625,4.6875,-9.5,-0.42004395,-0.50579834,-0.5045166,-0.55963135
1e,2,Right Ankle,1099274,1779734032156,-6.2004547,-2.4905932,-1.361516,50.676636,-6.2837596,-1.2623811,107.024635,80.04468,310.69873,0.0
1e,1,Left Ankle,4057301,1779734032181,-0.19,9.84,-1.13,15.9375,11.6875,-2.875,-0.4177246,-0.50531006,-0.5083008,-0.55841064
1e,1,Left Ankle,4057320,1779734032181,-0.17,10.0,-1.25,17.0625,15.25,0.0625,-0.41467285,-0.5050659,-0.5109253,-0.5584717
1e,3,Left Wrist,3857329,1779734032190,7.5064864,-10.020844,4.725825,-6.1842237,-7.580301,64.509224,-99.11273,-25.947998,323.85126,0.0
1e,1,Left Ankle,4057341,1779734032207,0.25,9.77,-0.7,17.0625,16.875,5.4375,-0.41296387,-0.50512695,-0.51208496,-0.5586548
1e,2,Right Ankle,1099364,1779734032216,-11.8020525,-2.5240927,3.3523445,-35.21336,-17.20376,53.26762,106.81396,80.07909,310.50137,0.0
1e,1,Left Ankle,4057359,1779734032239,0.34,9.87,-0.64,16.6875,18.0625,9.4375,-0.40911865,-0.5053711,-0.51416016,-0.5593262
1e,1,Left Ankle,4057380,1779734032240,0.65,10.79,-0.52,16.0,24.9375,9.5625,-0.4022827,-0.5045166,-0.51812744,-0.5614624
1e,3,Left Wrist,3857388,1779734032248,7.032707,-10.011273,4.046263,10.895777,-22.490301,61.77922,-99.06176,-25.943546,323.8345,0.0
1e,1,Left Ankle,4057402,1779734032267,2.03,10.53,-0.96,18.5,40.5,2.0625,-0.3996582,-0.5032959,-0.5202637,-0.56243896
1e,4,Right Wrist,30060227,1779734032274,-3.8507502,-3.6539404,-0.17228323,-9.86496,-19.458889,29.413729,-137.04515,-30.0861,237.1047,0.0
1e,1,Left Ankle,4057420,1779734032298,2.1,10.15,-0.79,22.75,41.375,-0.0625,-0.39056396,-0.49865723,-0.5286865,-0.5650635
1e,1,Left Ankle,4057440,1779734032299,2.75,10.82,-1.3,24.8125,22.0,-5.3125,-0.38781738,-0.49847412,-0.53234863,-0.56365967
1e,3,Left Wrist,3857449,1779734032308,6.1377916,-11.088044,2.0482562,19.015776,-34.2503,53.93922,-99.00572,-25.934202,323.82086,0.0
1e,1,Left Ankle,4057455,1779734032331,1.2,11.03,-2.13,23.25,-11.75,-3.625,-0.38757324,-0.4996338,-0.5332031,-0.5620117
1e,4,Right Wrist,30060390,1779734032331,-8.031012,-2.043571,0.15314065,13.65504,-10.638887,-17.556273,-137.0375,-30.009584,237.10211,0.0
1e,2,Right Ankle,1099423,1779734032333,-8.5669565,3.4364285,0.74177504,17.286638,-19.37376,33.52762,106.492874,80.02695,310.17746,0.0
1e,1,Left Ankle,4057481,1779734032357,0.92,10.8,-2.82,27.375,-25.625,-4.625,-0.3876953,-0.5031738,-0.53448486,-0.5574951
1e,1,Left Ankle,4057500,1779734032358,1.91,11.36,-2.17,32.125,-20.0625,-5.0,-0.38726807,-0.50842285,-0.5374756,-0.5501709
1e,3,Left Wrist,3857508,1779734032367,5.352946,-11.1694,0.15553348,26.715776,-25.150301,47.00922,-98.942085,-25.9166,323.8026,0.0
1e,1,Left Ankle,4057515,1779734032389,1.81,10.75,-1.41,25.5,-22.0625,-7.25,-0.38763428,-0.5100708,-0.538147,-0.5477295
1e,4,Right Wrist,30060466,1779734032390,-8.942676,-5.199703,1.6989042,-20.784962,13.0211115,-26.23627,-137.02849,-29.99065,237.09709,0.0
1e,1,Left Ankle,4057541,1779734032416,0.77,9.09,-1.38,12.5,-29.0625,-11.625,-0.39154053,-0.5136719,-0.53863525,-0.5410156
1e,1,Left Ankle,4057558,1779734032416,-0.18,8.38,-1.86,2.5625,-23.0625,-11.0625,-0.39300537,-0.5142822,-0.5385132,-0.5395508
1e,2,Right Ankle,1099587,1779734032422,-9.026379,1.0986408,-0.031106694,-12.813362,-7.3337593,14.137619,106.03412,80.12025,309.74158,0.0
1e,3,Left Wrist,3857569,1779734032428,6.3196464,-14.799312,-1.2466606,61.995777,20.6997,7.389221,-98.86399,-25.880041,323.77118,0.0
1e,1,Left Ankle,4057582,1779734032448,-0.51,7.68,-1.57,-2.3125,-1.5,-3.0,-0.39434814,-0.51397705,-0.5387573,-0.5385742
1e,1,Left Ankle,4057603,1779734032476,-0.8,7.7,-1.2,-4.4375,-0.0625,-0.625,-0.3947754,-0.5135498,-0.5383301,-0.53912354
1e,1,Left Ankle,4057621,1779734032476,-1.55,6.79,-0.16,-8.1875,4.0,0.6875,-0.3944702,-0.51208496,-0.538147,-0.54089355
1e,4,Right Wrist,30060527,1779734032479,-8.69143,-5.7668033,1.3567305,-61.17496,16.171112,-13.776272,-137.02997,-29.96824,237.08687,0.0
1e,2,Right Ankle,1099606,1779734032482,-9.210626,1.5652411,-0.026321048,-13.723362,-9.293759,10.637619,105.70385,80.12888,309.42023,0.0
1e,3,Left Wrist,3857628,1779734032487,7.240883,-14.500208,-0.74895346,-58.474224,28.399698,33.289223,-98.82107,-25.877384,323.7331,0.0
1e,1,Left Ankle,4057645,1779734032506,-2.29,5.69,0.54,-11.5625,16.25,5.0625,-0.39312744,-0.50994873,-0.53796387,-0.5441284
1e,1,Left Ankle,4057661,1779734032535,-2.48,4.57,1.0,-12.8125,37.125,5.5,-0.39068604,-0.5065918,-0.53845215,-0.5484619
1e,1,Left Ankle,4057681,1779734032535,-2.33,6.65,0.65,-13.5,58.9375,9.0,-0.38623047,-0.5015869,-0.539978,-0.55474854
1e,4,Right Wrist,30060617,1779734032538,-6.4014993,-6.0946193,1.0313065,8.68504,4.7611117,-24.346272,-137.00504,-29.94505,237.08034,0.0
1e,2,Right Ankle,1099694,1779734032542,-9.023985,1.1153907,0.27996024,-27.933363,6.3162403,5.947619,105.47074,80.165344,309.2004,0.0
1e,3,Left Wrist,3857689,1779734032547,6.9872437,-9.99931,-0.8805587,-59.524223,18.599699,42.949223,-98.81284,-25.92797,323.7126,0.0
1e,1,Left Ankle,4057705,1779734032566,2.36,8.08,-0.03,-16.875,67.5625,3.5625,-0.38098145,-0.49456787,-0.54241943,-0.5621948
1e,1,Left Ankle,4057721,1779734032595,3.41,9.58,-1.0,-20.375,50.8125,0.875,-0.3774414,-0.48840332,-0.5437622,-0.5686035
1e,1,Left Ankle,4057742,1779734032596,3.76,13.2,-3.0,-22.8125,23.0,-9.5625,-0.37719727,-0.4835205,-0.5439453,-0.5727539
1e,2,Right Ankle,1099753,1779734032602,-9.339838,1.4623498,0.078963146,12.036638,9.60624,32.05762,105.19582,80.176926,308.9254,0.0
1e,3,Left Wrist,3857749,1779734032608,6.8939238,-8.341084,-0.997807,9.215776,14.4697,40.429222,-98.79693,-25.98647,323.7006,0.0
1e,1,Left Ankle,4057762,1779734032625,3.61,13.68,-1.87,-24.125,-15.1875,-26.9375,-0.38183594,-0.48034668,-0.54315186,-0.5730591
1e,4,Right Wrist,30060676,1779734032634,-4.4178486,-6.6210403,1.2753744,29.125038,-5.878889,-11.466271,-136.96567,-29.919271,237.06952,0.0
1e,1,Left Ankle,4057785,1779734032657,1.94,11.8,-0.49,-25.625,-46.3125,-41.75,-0.39123535,-0.47894287,-0.54125977,-0.56970215
1e,1,Left Ankle,4057803,1779734032657,-2.94,7.85,0.0,-23.75,-60.375,-49.1875,-0.40319824,-0.47869873,-0.5388794,-0.5638428
1e,3,Left Wrist,3857808,1779734032668,6.7503543,-8.482259,-0.3804588,3.5457764,6.2796993,41.899223,-98.76688,-26.033978,323.68402,0.0
1e,1,Left Ankle,4057828,1779734032685,-2.97,6.99,-0.1,-16.1875,-20.0,-32.9375,-0.41125488,-0.477417,-0.5376587,-0.5602417
1e,2,Right Ankle,1099814,1779734032693,-9.004843,2.1036263,-0.65084773,-15.753363,20.17624,33.94762,105.26158,80.09246,308.99622,0.0
1e,1,Left Ankle,4057851,1779734032716,1.1,11.9,-2.71,-5.5625,16.3125,-18.0625,-0.41333008,-0.47387695,-0.53930664,-0.5601196
1e,1,Left Ankle,4057865,1779734032716,4.44,15.06,-1.24,-1.375,13.5625,-17.625,-0.41345215,-0.47076416,-0.541687,-0.56036377
1e,4,Right Wrist,30060737,1779734032718,-4.4322057,-7.23121,2.0554345,6.79504,-12.668888,4.283728,-136.93163,-29.891422,237.0554,0.0
1e,3,Left Wrist,3857869,1779734032728,6.922638,-11.77957,1.5601203,1.3057764,-19.5503,3.3992233,-98.716415,-26.04916,323.66794,0.0
1e,1,Left Ankle,4057888,1779734032749,-0.78,10.2,-0.12,-25.0,-9.875,-18.3125,-0.41723633,-0.46813965,-0.5410156,-0.56036377
1e,2,Right Ankle,1099874,1779734032753,-8.94263,2.5702267,-0.81595254,3.7766376,12.89624,11.267618,105.32305,80.01527,309.05606,0.0
1e,1,Left Ankle,4057905,1779734032775,-2.57,7.25,-0.34,-29.4375,-14.375,-14.3125,-0.42230225,-0.4661255,-0.53826904,-0.5609131
1e,4,Right Wrist,30060827,1779734032780,-9.768201,-4.455536,3.1082768,-76.22496,-36.25889,43.55373,-136.93982,-29.84749,237.04408,0.0
1e,3,Left Wrist,3857928,1779734032789,8.753147,-14.083858,0.8733803,19.015776,-27.8103,8.089222,-98.66331,-26.072498,323.6558,0.0
1e,1,Left Ankle,4057931,1779734032808,-0.04,9.15,-0.58,-19.9375,-0.1875,-5.375,-0.42565918,-0.4633789,-0.5358887,-0.56292725
1e,2,Right Ankle,1099963,1779734032814,-8.997664,2.804723,-0.8781659,16.166637,8.20624,-15.962381,105.38579,79.947,309.113,0.0
1e,1,Left Ankle,4057954,1779734032837,-0.24,10.83,-0.06,-16.5,1.1875,5.75,-0.42633057,-0.46264648,-0.53393555,-0.5648804
1e,1,Left Ankle,4057971,1779734032839,-0.35,9.5,0.0,-12.5,-3.875,6.0,-0.42718506,-0.4625244,-0.5319214,-0.5662842
1e,4,Right Wrist,30060916,1779734032839,-11.809278,-1.4788643,2.684747,-32.89496,-1.1188879,24.863728,-136.93962,-29.817448,237.03297,0.0
1e,3,Left Wrist,3857989,1779734032849,8.166905,-14.193927,1.0193424,48.765778,-15.0003,30.769222,-98.594284,-26.080044,323.6361,0.0
1e,1,Left Ankle,4057990,1779734032867,-0.12,9.03,0.04,-10.0625,-5.25,7.625,-0.42773438,-0.46325684,-0.52978516,-0.5671997
1e,1,Left Ankle,4058012,1779734032867,0.0,9.81,-0.22,-8.0,-12.3125,13.125,-0.42822266,-0.46533203,-0.5269165,-0.56781006
1e,2,Right Ankle,1100024,1779734032875,-9.172341,1.83563,-0.25603202,7.4866376,8.62624,-36.68238,105.14098,79.915344,308.87045,0.0
1e,1,Left Ankle,4058031,1779734032899,-0.1,10.14,-0.48,-7.625,-18.9375,19.3125,-0.42877197,-0.46813965,-0.5234375,-0.5683594
1e,4,Right Wrist,30060977,1779734032899,-9.638988,-2.3522446,2.8235307,-18.12496,39.55111,23.953728,-136.92502,-29.798527,237.0091,0.0
1e,3,Left Wrist,3858048,1779734032908,7.7050905,-12.612271,0.86141616,16.495775,-21.020302,44.20922,-98.53918,-26.089066,323.61887,0.0
1e,1,Left Ankle,4058052,1779734032926,-0.53,10.34,0.09,-5.4375,-14.5625,23.625,-0.42791748,-0.4711914,-0.52001953,-0.5695801
1e,1,Left Ankle,4058069,1779734032926,0.58,9.98,0.47,-3.25,-8.1875,26.9375,-0.42718506,-0.47265625,-0.5184326,-0.57037354
1e,2,Right Ankle,1100083,1779734032934,-9.784904,0.5171849,-0.6915257,8.676638,12.19624,-47.95238,105.387924,79.99695,309.11212,0.0
1e,1,Left Ankle,4058092,1779734032957,0.89,9.92,0.0,-4.5,-11.5,30.0,-0.42443848,-0.477417,-0.5135498,-0.572937
1e,4,Right Wrist,30061037,1779734032958,-6.42782,-2.8882372,2.8043883,-12.52496,65.87111,24.233728,-136.89903,-29.788244,236.97499,0.0
1e,3,Left Wrist,3858109,1779734032967,6.977672,-11.049759,1.2466606,9.285776,-33.4803,50.579224,-98.488976,-26.094595,323.60623,0.0
1e,1,Left Ankle,4058109,1779734032985,0.21,9.98,-0.09,-5.1875,-13.3125,32.5,-0.42364502,-0.47924805,-0.51153564,-0.57373047
1e,2,Right Ankle,1100143,1779734032992,-9.366159,0.9143935,-0.6723831,21.066637,8.55624,-57.33238,105.68246,80.07479,309.39645,0.0
1e,1,Left Ankle,4058137,1779734033016,0.74,10.05,-0.16,-5.5625,-12.4375,31.6875,-0.42126465,-0.48468018,-0.5054321,-0.576355
1e,1,Left Ankle,4058151,1779734033016,0.39,10.22,-0.2,-7.0625,-10.25,32.625,-0.41955566,-0.48809814,-0.50128174,-0.5783081
1e,4,Right Wrist,30061097,1779734033019,-4.0110693,-3.3691943,2.4382863,-10.70496,66.57111,31.373728,-136.86435,-29.77825,236.93518,0.0
1e,3,Left Wrist,3858168,1779734033027,6.7024975,-10.52573,1.8137596,8.725777,-41.740303,61.289223,-98.43992,-26.092821,323.5961,0.0
1e,1,Left Ankle,4058176,1779734033050,1.03,9.46,-0.35,-8.75,-7.75,28.125,-0.41845703,-0.49102783,-0.49719238,-0.58013916
1e,1,Left Ankle,4058200,1779734033076,1.04,9.13,-0.2,-8.0625,-1.8125,24.4375,-0.41680908,-0.4928589,-0.4940796,-0.5824585
1e,1,Left Ankle,4058210,1779734033076,1.15,9.26,0.2,-7.25,0.8125,21.875,-0.41589355,-0.49438477,-0.49127197,-0.5841675
1e,2,Right Ankle,1100204,1779734033083,-9.440336,-0.64094126,-3.0125637,8.116638,-7.5437593,-29.612383,106.03278,80.11298,309.7388,0.0
1e,3,Left Wrist,3858228,1779734033088,6.094721,-10.111772,2.684747,12.225777,-42.3703,66.74922,-98.38884,-26.081736,323.5856,0.0
1e,1,Left Ankle,4058234,1779734033109,1.4,9.68,0.0,-6.0625,8.3125,12.1875,-0.41455078,-0.49432373,-0.48999023,-0.5863037
1e,1,Left Ankle,4058257,1779734033135,1.86,9.21,0.81,-2.5625,9.6875,1.625,-0.41357422,-0.49353027,-0.48986816,-0.5877075
1e,1,Left Ankle,4058273,1779734033136,1.2,9.48,0.26,-0.125,4.6875,-5.0625,-0.41345215,-0.49249268,-0.4906006,-0.58807373
1e,4,Right Wrist,30061157,1779734033138,-2.0322046,-3.17059,2.2707887,-13.36496,51.24111,32.983727,-136.82634,-29.769442,236.89607,0.0
1e,2,Right Ankle,1100263,1779734033143,-7.980715,-1.7631752,-2.1176481,-58.59336,3.7962403,3.917619,106.32324,80.16211,310.0453,0.0
1e,3,Left Wrist,3858289,1779734033148,6.6283207,-9.700207,3.1322048,-3.5242233,-35.4403,75.49922,-98.34395,-26.073181,323.57288,0.0
1e,1,Left Ankle,4058302,1779734033168,1.32,9.54,0.45,3.75,2.6875,-12.0,-0.4144287,-0.4911499,-0.49279785,-0.5866699
1e,1,Left Ankle,4058319,1779734033195,1.0,9.71,-0.12,5.3125,-2.3125,-13.5,-0.41485596,-0.4907837,-0.49365234,-0.58599854
1e,1,Left Ankle,4058340,1779734033196,0.61,9.83,-0.02,6.875,-4.5,-16.3125,-0.41619873,-0.4902954,-0.4953003,-0.5839844
1e,3,Left Wrist,3858348,1779734033208,7.066207,-10.049559,4.1611185,-38.384224,-26.4803,85.22922,-98.310165,-26.060287,323.5565,0.0
1e,1,Left Ankle,4058355,1779734033226,0.75,9.54,0.36,10.1875,-2.9375,-17.8125,-0.41741943,-0.48986816,-0.4973755,-0.58166504
1e,2,Right Ankle,1100354,1779734033235,-6.4014516,-0.71511877,1.1988041,-65.66336,-6.77376,20.437618,106.13503,80.20875,309.8817,0.0
1e,1,Left Ankle,4058382,1779734033260,0.43,9.79,-0.14,12.625,-1.875,-17.25,-0.41864014,-0.48919678,-0.50128174,-0.57806396
1e,1,Left Ankle,4058401,1779734033260,0.0,9.84,-0.26,14.125,4.125,-12.125,-0.4185791,-0.48883057,-0.50390625,-0.57611084
1e,3,Left Wrist,3858409,1779734033268,7.05185,-11.401503,5.192425,-61.904224,-27.4603,79.97922,-98.28388,-26.042696,323.54034,0.0
1e,1,Left Ankle,4058422,1779734033285,0.62,9.68,-0.25,14.625,6.4375,-10.9375,-0.4177246,-0.4882202,-0.5067749,-0.57476807
1e,2,Right Ankle,1100414,1779734033292,-7.497365,-1.739247,0.72023964,15.396637,-6.2837596,11.687618,106.09543,80.2713,309.83682,0.0
1e,1,Left Ankle,4058444,1779734033316,0.37,9.71,-0.22,14.375,8.8125,-6.8125,-0.41705322,-0.48724365,-0.51013184,-0.5731201
1e,3,Left Wrist,3858468,1779734033329,6.822139,-11.942281,4.6707897,-29.564224,-26.0603,84.73923,-98.24486,-26.021147,323.52292,0.0
1e,1,Left Ankle,4058464,1779734033351,-0.01,10.04,-0.46,13.5,11.6875,1.375,-0.416687,-0.48657227,-0.51226807,-0.5720215
1e,1,Left Ankle,4058483,1779734033351,0.28,9.66,-0.16,14.75,20.0,11.0,-0.4136963,-0.48529053,-0.5175781,-0.5704346
1e,4,Right Wrist,30061247,1779734033351,-1.2928224,-2.9097722,1.3950156,-13.64496,8.331112,12.823729,-136.79326,-29.75271,236.87273,0.0
1e,1,Left Ankle,4058506,1779734033376,0.28,10.13,-0.19,15.5625,17.375,21.25,-0.41052246,-0.48498535,-0.5201416,-0.5706787
1e,2,Right Ankle,1100503,1779734033384,-10.320895,-7.630376,2.2037897,-49.63336,-27.91376,38.70762,106.00103,80.32204,309.75864,0.0
1e,3,Left Wrist,3858529,1779734033389,6.1282206,-14.169998,3.4480577,-52.87422,-38.100304,93.55922,-98.21328,-25.983063,323.5086,0.0
1e,1,Left Ankle,4058531,1779734033410,0.13,10.03,-0.25,16.75,14.375,31.0625,-0.40460205,-0.48535156,-0.52227783,-0.5726929
1e,1,Left Ankle,4058552,1779734033410,0.49,10.05,-0.33,18.625,15.875,40.8125,-0.3942871,-0.49023438,-0.52160645,-0.57629395
1e,1,Left Ankle,4058566,1779734033435,0.85,9.73,-0.28,20.5,18.875,47.1875,-0.39007568,-0.49194336,-0.52142334,-0.57788086
1e,4,Right Wrist,30061543,1779734033439,-6.645567,-1.9957144,1.8783658,35.56504,26.95111,-30.78627,-136.75746,-29.701376,236.85655,0.0
1e,3,Left Wrist,3858588,1779734033448,5.884153,-11.997315,1.2299109,-57.074223,-69.7403,107.41922,-98.18629,-25.94528,323.5049,0.0
1e,1,Left Ankle,4058591,1779734033468,1.32,9.37,-0.5,20.75,19.75,49.1875,-0.37756348,-0.49749756,-0.5202637,-0.5824585
1e,1,Left Ankle,4058608,1779734033468,1.87,9.33,-0.44,20.4375,18.6875,48.4375,-0.37347412,-0.49938965,-0.5198364,-0.58392334
1e,1,Left Ankle,4058636,1779734033496,2.04,9.16,-0.65,18.0,17.75,46.0625,-0.3619995,-0.50445557,-0.51831055,-0.58807373
1e,4,Right Wrist,30061563,1779734033499,-6.55464,-2.7590246,1.6031911,21.91504,24.011112,-29.666271,-136.73538,-29.688416,236.85097,0.0
1e,3,Left Wrist,3858649,1779734033507,5.05145,-9.791134,-0.23449661,18.805777,-72.4003,82.98923,-98.1332,-25.925604,323.50336,0.0
1e,1,Left Ankle,4058653,1779734033527,2.2,9.27,-1.37,12.0,13.0625,40.5,-0.35546875,-0.5074463,-0.5170288,-0.5906372
1e,1,Left Ankle,4058672,1779734033527,2.14,9.05,-1.39,9.6875,10.6875,38.0,-0.34820557,-0.50842285,-0.51708984,-0.5940552
1e,2,Right Ankle,1100667,1779734033532,-8.992879,1.4264574,0.10049855,0.34663773,-12.72376,-18.622381,105.4768,80.28567,309.21902,0.0
1e,1,Left Ankle,4058695,1779734033555,2.71,8.96,-1.49,7.25,10.125,30.4375,-0.34387207,-0.51031494,-0.51586914,-0.5960083
1e,4,Right Wrist,30061637,1779734033559,-5.1668024,-4.7977095,0.53599226,18.97504,17.851112,-37.996273,-136.70787,-29.670107,236.8453,0.0
1e,3,Left Wrist,3858708,1779734033567,3.936395,-8.659328,-1.0839486,68.715775,-24.3103,62.129223,-98.074585,-25.84242,323.49304,0.0
1e,1,Left Ankle,4058710,1779734033585,2.75,9.05,-1.09,5.625,10.1875,24.0625,-0.34075928,-0.5119629,-0.51464844,-0.5974121
1e,1,Left Ankle,4058733,1779734033586,2.99,9.33,-0.53,2.25,1.5625,12.6875,-0.33874512,-0.5130615,-0.513855,-0.59832764
1e,2,Right Ankle,1100791,1779734033594,-8.887594,0.51000637,0.15792629,-10.083363,-9.99376,-1.402381,105.46557,80.42879,309.21652,0.0
1e,1,Left Ankle,4058754,1779734033618,2.91,9.41,-0.42,1.8125,-6.5,4.4375,-0.33831787,-0.51416016,-0.5131836,-0.59814453
1e,4,Right Wrist,30061697,1779734033618,-4.611667,-6.788538,1.5457635,34.16504,3.2911115,-25.186272,-136.6677,-29.650784,236.83623,0.0
1e,3,Left Wrist,3858768,1779734033628,4.206784,-9.417853,-0.6795617,59.195778,35.189697,20.479221,-97.99151,-25.812206,323.454,0.0
1e,1,Left Ankle,4058770,1779734033645,2.24,9.27,-0.67,1.5625,-11.4375,-3.0,-0.33947754,-0.5151367,-0.51293945,-0.5968628
1e,1,Left Ankle,4058794,1779734033675,2.15,9.1,-0.99,1.9375,-11.0,-7.3125,-0.34118652,-0.5155029,-0.5133667,-0.59521484
1e,1,Left Ankle,4058809,1779734033676,2.53,9.03,-1.51,1.8125,-8.75,-15.5,-0.34228516,-0.5153198,-0.513916,-0.5942993
1e,3,Left Wrist,3858829,1779734033688,5.2333045,-10.178771,0.16031912,0.3257764,54.299698,-24.180775,-97.92645,-25.833895,323.40988,0.0
1e,1,Left Ankle,4058837,1779734033709,2.26,9.38,-1.32,-0.125,-4.9375,-23.8125,-0.34613037,-0.5133667,-0.5163574,-0.59161377
1e,2,Right Ankle,1100914,1779734033712,-8.997664,1.5604554,0.33738798,-11.483362,-1.0337597,30.097618,105.00429,80.4869,308.7661,0.0
1e,1,Left Ankle,4058854,1779734033736,2.5,9.33,-0.87,-1.625,-7.625,-28.8125,-0.35003662,-0.51153564,-0.51812744,-0.58929443
1e,1,Left Ankle,4058870,1779734033736,1.86,9.24,-0.93,-2.75,-12.75,-33.875,-0.35473633,-0.5097656,-0.52001953,-0.5864868
1e,3,Left Wrist,3858888,1779734033748,5.3720884,-10.126129,0.148355,-16.334223,62.8397,-29.640781,-97.86671,-25.862503,323.36307,0.0
1e,1,Left Ankle,4058897,1779734033768,1.47,9.02,-1.05,-5.125,-12.125,-30.8125,-0.359375,-0.50787354,-0.52160645,-0.5838623
1e,4,Right Wrist,30061860,1779734033768,-7.633803,-4.3215375,0.6723831,38.64504,-52.358887,-3.066272,-136.61203,-29.577784,236.8319,0.0
1e,1,Left Ankle,4058915,1779734033795,0.53,9.5,-0.87,-6.5625,-9.25,-27.3125,-0.36358643,-0.50616455,-0.5223999,-0.5819702
1e,1,Left Ankle,4058931,1779734033796,1.1,9.8,-0.86,-7.9375,4.3125,-19.75,-0.36627197,-0.50354004,-0.5235596,-0.58154297
1e,2,Right Ankle,1100933,1779734033803,-9.045521,1.6346331,0.11485548,-9.873362,2.2562404,25.827618,104.66515,80.47443,308.43475,0.0
1e,3,Left Wrist,3858949,1779734033808,5.4725866,-12.693627,-0.2512464,-18.924223,56.189697,-4.860779,-97.807655,-25.847235,323.31714,0.0
1e,1,Left Ankle,4058952,1779734033827,1.49,9.93,-0.69,-8.75,5.8125,-15.375,-0.368042,-0.50097656,-0.5244751,-0.5817871
1e,4,Right Wrist,30061879,1779734033828,-9.045568,-4.173183,0.7178468,43.89504,-54.458885,-2.1562722,-136.5903,-29.53304,236.84058,0.0
1e,1,Left Ankle,4058982,1779734033858,0.82,9.97,-0.54,-10.4375,2.125,-6.75,-0.37005615,-0.49969482,-0.52404785,-0.58203125
1e,1,Left Ankle,4058992,1779734033858,1.5,9.44,-0.8,-9.25,0.3125,-3.125,-0.37121582,-0.49871826,-0.52337646,-0.58270264
1e,3,Left Wrist,3859008,1779734033869,5.7429757,-14.052751,-0.39960137,-32.434223,29.9397,39.379223,-97.75923,-25.80539,323.2801,0.0
1e,1,Left Ankle,4059016,1779734033888,1.14,9.41,-0.49,-8.9375,-6.1875,4.0625,-0.37225342,-0.49884033,-0.52197266,-0.5831909
1e,4,Right Wrist,30061966,1779734033895,-11.0722885,-2.9073799,0.34217364,20.09504,-17.988888,6.173728,-136.5768,-29.495684,236.83978,0.0
1e,1,Left Ankle,4059042,1779734033920,1.14,9.78,-0.8,-7.9375,-4.375,9.6875,-0.3729248,-0.50006104,-0.51904297,-0.5843506
1e,1,Left Ankle,4059058,1779734033920,1.25,9.4,-0.72,-7.5,-3.125,11.25,-0.37316895,-0.50024414,-0.5187988,-0.5842285
1e,3,Left Wrist,3859069,1779734033929,6.7575326,-12.626628,-0.5599205,-15.0742235,8.449699,69.47922,-97.7077,-25.807192,323.24982,0.0
1e,1,Left Ankle,4059084,1779734033953,1.48,9.46,-0.61,-8.1875,-0.25,10.6875,-0.37384033,-0.5012207,-0.51672363,-0.58483887
1e,2,Right Ankle,1101013,1779734033953,-9.457087,1.9337358,-0.2847459,4.0566382,2.7462401,-6.302381,104.44961,80.41452,308.22107,0.0
1e,1,Left Ankle,4059101,1779734033978,1.83,9.6,-0.73,-8.875,0.375,7.75,-0.37371826,-0.5014038,-0.5150757,-0.58618164
1e,4,Right Wrist,30062027,1779734033978,-9.114961,-3.895615,0.6652047,9.94504,16.871113,-12.446272,-136.55966,-29.471504,236.83229,0.0
1e,1,Left Ankle,4059123,1779734033978,1.82,9.65,-0.38,-8.25,1.875,0.9375,-0.37402344,-0.50097656,-0.5140991,-0.58721924
1e,1,Left Ankle,4059146,1779734034005,1.92,9.43,-0.36,-6.25,2.5625,-6.875,-0.37487793,-0.4998169,-0.5140381,-0.5877075
1e,2,Right Ankle,1101177,1779734034013,-8.911523,0.15347582,-0.5575277,14.556637,13.80624,-0.91238093,104.365295,80.5013,308.1391,0.0
1e,3,Left Wrist,3859128,1779734034018,7.0087786,-10.458731,-0.23928227,-1.9142236,-1.0003009,76.269226,-97.668884,-25.832956,323.2297,0.0
1e,1,Left Ankle,4059161,1779734034037,1.88,9.24,-0.24,-6.0,1.0,-10.5,-0.37731934,-0.4993286,-0.51348877,-0.58703613
1e,4,Right Wrist,30062086,1779734034044,-6.4589267,-5.8768725,0.79920274,-1.32496,28.28111,-21.546272,-136.5356,-29.452374,236.81906,0.0
1e,1,Left Ankle,4059193,1779734034069,1.58,9.79,-0.72,-5.125,2.0625,-13.125,-0.3789673,-0.4977417,-0.5140991,-0.586792
1e,1,Left Ankle,4059210,1779734034069,1.15,9.23,-0.28,-0.25,1.625,-13.6875,-0.38098145,-0.49591064,-0.5158081,-0.5855713
1e,2,Right Ankle,1101223,1779734034074,-8.911523,-1.8349597,-0.8470592,-2.1733623,0.3662402,19.73762,104.53463,80.564156,308.3066,0.0
1e,3,Left Wrist,3859189,1779734034078,7.578271,-9.422639,0.48095736,-16.894224,-11.430301,76.409225,-97.639015,-25.857866,323.21448,0.0
1e,1,Left Ankle,4059231,1779734034097,1.79,9.35,-0.25,6.0,-14.6875,-18.0,-0.38226318,-0.4960327,-0.51641846,-0.58410645
1e,1,Left Ankle,4059250,1779734034127,0.48,9.29,-0.55,8.375,-13.375,-15.25,-0.38549805,-0.49664307,-0.5184326,-0.57958984
1e,1,Left Ankle,4059265,1779734034129,1.47,10.33,-0.71,9.25,-5.125,-13.875,-0.38604736,-0.49658203,-0.5192871,-0.5784912
1e,4,Right Wrist,30062177,1779734034130,-4.843771,-6.8316092,0.6843473,-36.74496,26.11111,5.613728,-136.5137,-29.42701,236.79529,0.0
1e,2,Right Ankle,1101284,1779734034134,-8.880416,1.9145933,-0.45702913,11.196638,7.7162404,32.33762,104.50178,80.477936,308.27032,0.0
1e,3,Left Wrist,3859279,1779734034139,7.3485603,-8.166407,1.6510476,-1.6342236,-44.1203,54.359222,-97.605255,-25.879559,323.21097,0.0
1e,1,Left Ankle,4059294,1779734034161,0.65,10.52,-0.52,10.3125,-1.9375,-8.0625,-0.38635254,-0.4967041,-0.52178955,-0.57598877
1e,1,Left Ankle,4059313,1779734034187,2.36,9.4,0.25,13.625,-15.5625,-7.125,-0.38793945,-0.49871826,-0.52233887,-0.57263184
1e,1,Left Ankle,4059332,1779734034189,0.91,9.93,0.49,15.5,-20.375,-1.875,-0.38891602,-0.50146484,-0.5227051,-0.5692749
1e,2,Right Ankle,1101343,1779734034194,-9.014415,2.1443043,-0.23449661,-35.00336,3.4462404,38.847622,104.27844,80.39905,308.06177,0.0
1e,3,Left Wrist,3859338,1779734034199,6.9130664,-13.031015,2.8426733,55.62578,-50.490303,47.07922,-97.53915,-25.86892,323.20435,0.0
1e,1,Left Ankle,4059355,1779734034220,-0.38,10.61,-0.6,17.5,-13.875,4.375,-0.3875122,-0.50408936,-0.5233154,-0.5673218
1e,1,Left Ankle,4059373,1779734034247,0.74,9.85,-1.38,26.875,20.0625,11.625,-0.38342285,-0.5053711,-0.52557373,-0.56689453
1e,4,Right Wrist,30062237,1779734034250,-6.980562,-4.316752,0.98584294,-59.42496,20.581112,36.273727,-136.508,-29.393114,236.76997,0.0
1e,2,Right Ankle,1101404,1779734034253,-9.220197,1.5054206,-0.93320084,-25.623363,9.18624,32.61762,104.58714,80.37441,308.37503,0.0
1e,3,Left Wrist,3859399,1779734034259,6.0755777,-14.457138,2.3449662,-40.204224,-52.100304,91.59922,-97.5047,-25.827147,323.19568,0.0
1e,1,Left Ankle,4059395,1779734034278,3.23,10.67,-0.35,40.625,30.1875,13.0,-0.3764038,-0.5064697,-0.5297241,-0.5667114
1e,1,Left Ankle,4059408,1779734034279,3.5,12.49,-1.45,44.125,28.8125,15.5,-0.37249756,-0.50720215,-0.5321045,-0.5664673
1e,1,Left Ankle,4059430,1779734034307,5.38,14.64,-1.32,41.1875,28.5625,-1.1875,-0.36383057,-0.5097656,-0.5386963,-0.5635376
1e,1,Left Ankle,4059452,1779734034309,5.69,16.55,-0.54,27.1875,56.3125,-12.3125,-0.35754395,-0.50616455,-0.5453491,-0.5643921
1e,4,Right Wrist,30062430,1779734034310,-9.763414,-4.998707,0.45224345,-88.68496,157.64111,27.593729,-136.50089,-29.377287,236.69707,0.0
1e,3,Left Wrist,3859458,1779734034318,7.872588,-12.404096,0.66041905,-51.334225,-73.5203,112.87923,-97.4838,-25.818716,323.19702,0.0
1e,1,Left Ankle,4059469,1779734034337,7.0,16.97,-1.72,23.6875,71.5,-20.625,-0.35412598,-0.5024414,-0.54956055,-0.5657959
1e,2,Right Ankle,1101463,1779734034344,-8.569349,3.1756108,-1.0887343,-56.913364,3.86624,33.94762,104.615875,80.290276,308.4226,0.0
1e,1,Left Ankle,4059492,1779734034369,7.91,13.91,-1.63,19.25,97.6875,-30.1875,-0.34240723,-0.4864502,-0.564209,-0.57250977
1e,4,Right Wrist,30062449,1779734034369,-8.823035,-5.4270215,0.0047856453,-90.15496,176.12111,34.803726,-136.48708,-29.378782,236.63028,0.0
1e,3,Left Wrist,3859519,1779734034379,10.353945,-10.382161,0.8757731,-28.724224,-129.66031,102.30922,-97.48446,-25.83453,323.22916,0.0
1e,1,Left Ankle,4059513,1779734034397,4.62,5.64,0.38,10.625,85.875,-26.6875,-0.3369751,-0.47680664,-0.57147217,-0.57666016
1e,1,Left Ankle,4059533,1779734034404,-1.88,2.6,2.08,-3.1875,5.5625,-15.5625,-0.3373413,-0.4730835,-0.5736084,-0.5773926
1e,2,Right Ankle,1101524,1779734034404,-8.626777,3.2210743,-0.62452674,-62.583363,-7.6837597,29.677618,104.512,80.20584,308.34088,0.0
1e,1,Left Ankle,4059554,1779734034428,2.65,0.46,4.97,8.5,0.375,-17.875,-0.340271,-0.46923828,-0.5775757,-0.5748291
1e,1,Left Ankle,4059571,1779734034428,10.21,-2.1,0.29,-20.0625,20.0,7.125,-0.34313965,-0.46331787,-0.57922363,-0.5762329
1e,4,Right Wrist,30062506,1779734034430,-6.5761747,-5.0968122,-0.11006984,-47.87496,193.20111,52.023727,-136.45045,-29.379564,236.55214,0.0
1e,3,Left Wrist,3859579,1779734034439,9.753346,-9.274284,0.24646074,-49.444225,-190.21031,49.31922,-97.51123,-25.87203,323.29056,0.0
1e,1,Left Ankle,4059596,1779734034461,9.19,1.76,0.06,-30.8125,47.75,192.75,-0.32733154,-0.47265625,-0.5665283,-0.59039307
1e,2,Right Ankle,1101614,1779734034464,-9.265661,2.8597581,0.16989042,-19.953362,8.27624,25.47762,104.261024,80.14306,308.10056,0.0
1e,1,Left Ankle,4059611,1779734034487,5.28,3.47,-0.39,-24.9375,51.3125,205.5625,-0.30236816,-0.48608398,-0.5487671,-0.6092529
1e,1,Left Ankle,4059633,1779734034488,5.45,7.06,-2.52,-13.75,23.1875,162.4375,-0.28308105,-0.49713135,-0.53564453,-0.6212158
1e,3,Left Wrist,3859638,1779734034498,10.751153,-7.364811,0.117248304,-81.50423,-236.13031,-49.38078,-97.56827,-25.944466,323.37866,0.0
1e,1,Left Ankle,4059653,1779734034520,1.07,9.36,-2.91,-18.5625,-42.875,167.625,-0.269104,-0.51416016,-0.5178833,-0.628479
1e,2,Right Ankle,1101673,1779734034524,-8.528671,3.737924,-0.44267216,-22.823362,17.65624,21.06762,104.182465,80.061005,308.03174,0.0
1e,1,Left Ankle,4059673,1779734034547,-1.71,10.87,-3.1,-19.1875,-94.0,145.125,-0.26190186,-0.53497314,-0.4987793,-0.62957764
1e,4,Right Wrist,30062567,1779734034550,-5.0734825,-4.1229334,-1.5744772,-11.684959,182.0711,83.24372,-136.40262,-29.360634,236.47014,0.0
1e,3,Left Wrist,3859699,1779734034558,14.687347,-2.8615193,3.67059,-38.524223,-281.0703,-214.23079,-97.61503,-26.057388,323.48962,0.0
1e,1,Left Ankle,4059702,1779734034578,-8.76,11.34,-1.09,-21.875,-122.5,124.1875,-0.25958252,-0.5574341,-0.47937012,-0.6262207
1e,1,Left Ankle,4059713,1779734034578,-10.14,10.94,-1.08,-21.25,-112.6875,69.6875,-0.26202393,-0.57543945,-0.4638672,-0.62054443
1e,1,Left Ankle,4059733,1779734034607,-13.79,10.43,-0.2,-16.5,-79.375,7.8125,-0.2680664,-0.5857544,-0.45568848,-0.61431885
1e,4,Right Wrist,30062730,1779734034610,0.92053854,-0.39970133,-1.146162,20.585041,-33.388885,65.18372,-136.4118,-29.32231,236.4207,0.0
1e,3,Left Wrist,3859758,1779734034618,11.117256,-1.813463,4.4841495,246.23578,-387.9603,-385.17078,-97.579056,-26.21741,323.64822,0.0
1e,1,Left Ankle,4059757,1779734034638,-12.55,9.99,-0.78,-19.9375,-63.25,-68.1875,-0.2800293,-0.5878296,-0.45568848,-0.6069336
1e,1,Left Ankle,4059773,1779734034640,39.23,34.08,-11.36,63.1875,-24.125,-183.75,-0.29632568,-0.58184814,-0.47094727,-0.59313965
1e,2,Right Ankle,1101734,1779734034646,-8.026178,3.876708,0.0119641125,-0.07336187,15.13624,21.347618,104.04113,79.985535,307.89313,0.0
1e,1,Left Ankle,4059799,1779734034670,-1.53,7.54,0.94,-55.375,-44.5,54.375,-0.30438232,-0.5880127,-0.46350098,-0.5888672
1e,4,Right Wrist,30062749,1779734034670,0.5352941,-1.8904303,-0.45942193,32.13504,-65.028885,49.78373,-136.34488,-29.27794,236.39612,0.0
1e,3,Left Wrist,3859819,1779734034678,16.02972,-15.072092,20.267208,394.42578,-360.6603,-395.8808,-97.46843,-26.353786,323.78845,0.0
1e,2,Right Ankle,1101897,1779734034703,-9.327874,4.2547736,-1.0504491,15.676638,-6.9137597,-22.26238,104.04228,79.836044,307.88138,0.0
1e,1,Left Ankle,4059816,1779734034728,-15.24,17.09,-4.17,-39.5,16.625,-109.5,-0.3137207,-0.5822754,-0.46417236,-0.58917236
1e,3,Left Wrist,3859878,1779734034739,19.56631,-19.55385,25.411776,-71.84423,-250.27031,-188.96077,-97.4968,-26.422617,323.87527,0.0
1e,1,Left Ankle,4059840,1779734034757,14.68,6.05,-0.23,-4.5625,37.3125,-198.6875,-0.33721924,-0.5533447,-0.4946289,-0.5791626
1e,1,Left Ankle,4059860,1779734034763,11.97,4.84,-1.34,-9.0625,36.125,-130.125,-0.34539795,-0.5404053,-0.505249,-0.5774536
1e,2,Right Ankle,1101916,1779734034763,-9.047914,4.630447,-1.5074784,44.026638,-9.22376,-26.042381,104.09698,79.771614,307.91992,0.0
1e,1,Left Ankle,4059881,1779734034788,-11.8,15.6,-3.1,-11.1875,-15.5,-94.6875,-0.35461426,-0.53289795,-0.5109253,-0.5737915
1e,1,Left Ankle,4059902,1779734034788,5.32,9.66,-4.04,9.5625,-46.375,-153.5625,-0.37249756,-0.5236206,-0.5230713,-0.5598755
1e,1,Left Ankle,4059921,1779734034788,5.42,6.41,2.64,-20.875,-81.5625,-79.0625,-0.3880005,-0.5218506,-0.5246582,-0.54937744
1e,3,Left Wrist,3859939,1779734034797,8.121442,-29.137106,31.350761,-35.164223,80.9697,0.2492218,-97.44948,-26.421787,323.8236,0.0
1e,1,Left Ankle,4059946,1779734034815,3.15,9.52,0.08,-12.5625,-84.6875,-85.9375,-0.40515137,-0.52124023,-0.5252075,-0.53692627
1e,1,Left Ankle,4059963,1779734034821,-1.24,10.73,-1.6,-2.5,-49.625,-60.8125,-0.41656494,-0.5206909,-0.52648926,-0.5274048
1e,2,Right Ankle,1101973,1779734034822,-12.309331,3.5034275,-0.20817557,93.86664,7.9262404,-45.29238,103.97333,79.722626,307.7671,0.0
1e,3,Left Wrist,3859999,1779734034857,17.75016,-30.32873,45.372704,-23.124224,362.29968,270.72922,-97.345215,-26.348438,323.65036,0.0
1e,1,Left Ankle,4059993,1779734034880,-0.9,10.34,-0.28,11.875,-26.6875,-42.3125,-0.42236328,-0.5198364,-0.5292969,-0.520813
1e,1,Left Ankle,4060010,1779734034881,-1.29,10.45,-0.95,18.9375,-11.875,-31.25,-0.42578125,-0.51953125,-0.5344238,-0.5130615
1e,2,Right Ankle,1102034,1779734034883,-11.56277,5.3219733,3.0747771,91.20664,4.7762403,-37.59238,103.75979,79.70876,307.52655,0.0
1e,1,Left Ankle,4060031,1779734034905,-1.99,9.84,-4.03,25.1875,-20.3125,-25.3125,-0.42791748,-0.520874,-0.5373535,-0.50683594
1e,3,Left Wrist,3860059,1779734034917,45.45426,-24.796524,61.306507,113.58577,636.97974,461.47922,-97.146805,-26.235083,323.3639,0.0
1e,1,Left Ankle,4060055,1779734034937,0.56,8.2,-0.58,20.375,-29.4375,-26.375,-0.43145752,-0.52233887,-0.5387573,-0.5007324
1e,1,Left Ankle,4060071,1779734034937,-0.21,8.56,-0.83,3.3125,-29.9375,-28.625,-0.43634033,-0.5230713,-0.5391846,-0.4953003
1e,2,Right Ankle,1102093,1779734034943,-6.829767,-0.94243693,-6.7286177,147.83664,-8.24376,14.977619,104.163574,79.70962,307.87234,0.0
1e,1,Left Ankle,4060092,1779734034965,-0.75,9.54,-2.53,1.375,-16.5,-33.375,-0.44067383,-0.5219116,-0.54071045,-0.4909668
1e,1,Left Ankle,4060108,1779734034969,-0.08,9.02,-2.69,-0.3125,-16.125,-37.3125,-0.44293213,-0.520874,-0.54174805,-0.4888916
1e,3,Left Wrist,3860119,1779734034979,73.53643,-27.019457,55.054066,346.68576,760.80975,392.1792,-96.85219,-26.162872,323.03555,0.0
1e,1,Left Ankle,4060134,1779734034996,-0.81,9.05,-0.63,-2.125,-33.5625,-38.375,-0.45135498,-0.51831055,-0.5437012,-0.48168945
1e,4,Right Wrist,30062807,1779734034998,1.2076772,0.24396776,-0.2871387,8.89504,-143.2889,49.08373,-136.3746,-29.279037,236.4315,0.0
1e,2,Right Ankle,1102154,1779734035005,-5.3438244,3.292859,-5.410172,17.286638,-0.8237598,10.357618,104.4596,79.664276,308.15744,0.0
1e,1,Left Ankle,4060154,1779734035029,0.67,8.86,-0.59,-4.125,-46.1875,-36.75,-0.45898438,-0.51812744,-0.54345703,-0.47491455
1e,1,Left Ankle,4060170,1779734035029,0.18,10.13,-1.78,-2.25,-19.5625,-32.0625,-0.46520996,-0.51782227,-0.54333496,-0.46929932
1e,3,Left Wrist,3860178,1779734035037,69.83713,-10.561623,-3.78066,-49.304222,500.1297,40.079224,-96.786385,-26.234941,322.8418,0.0
1e,1,Left Ankle,4060195,1779734035055,-2.11,9.84,-1.16,-5.5,-0.4375,-23.5625,-0.4678955,-0.51556396,-0.54467773,-0.4675293
1e,4,Right Wrist,30063177,1779734035063,-3.3554356,-14.572391,-2.4000013,36.40504,-108.07889,-48.98627,-136.29227,-28.995926,236.5904,0.0
1e,2,Right Ankle,1102213,1779734035063,-5.3605742,3.9317427,-1.605584,12.456638,3.86624,-42.35238,104.5648,79.60473,308.25754,0.0
1e,1,Left Ankle,4060213,1779734035088,-0.44,8.84,-2.65,-12.5,-5.9375,-21.375,-0.4720459,-0.51379395,-0.5440674,-0.46600342
1e,3,Left Wrist,3860239,1779734035098,37.48616,-1.0118673,-20.137995,-21.444223,57.3797,83.61922,-96.82593,-26.271471,322.83502,0.0
1e,1,Left Ankle,4060237,1779734035115,-3.45,9.24,-3.27,-23.1875,-14.5,-13.5,-0.4763794,-0.51208496,-0.54248047,-0.46533203
1e,1,Left Ankle,4060255,1779734035121,-1.53,9.39,-1.39,-30.875,-0.0625,-7.25,-0.47979736,-0.5092163,-0.5406494,-0.46710205
1e,4,Right Wrist,30063197,1779734035121,-7.143274,-13.615262,-4.2161536,-47.38496,-101.21889,0.7837279,-136.29248,-28.924028,236.60367,0.0
1e,2,Right Ankle,1102274,1779734035123,-8.296568,1.4384216,-1.0887343,30.236637,9.25624,-60.902378,104.9188,79.61333,308.59686,0.0
1e,1,Left Ankle,4060272,1779734035147,-1.85,9.7,-1.22,-34.125,1.6875,0.0,-0.48309326,-0.50653076,-0.5378418,-0.46984863
1e,1,Left Ankle,4060292,1779734035147,-0.55,9.07,0.53,-27.5625,-1.5,4.875,-0.4852295,-0.5045166,-0.53515625,-0.47283936
1e,3,Left Wrist,3860298,1779734035157,-0.7918226,-2.906983,7.4392858,164.05577,-190.63031,77.80922,-96.76092,-26.229433,322.88803,0.0
1e,4,Right Wrist,30063256,1779734035180,-10.600902,-3.8286166,-4.948357,-112.83496,-35.278885,116.21372,-136.3233,-28.838825,236.58125,0.0
1e,2,Right Ankle,1102333,1779734035183,-9.280018,-1.4329656,-4.0199423,-14.353362,5.26624,-35.00238,105.27977,79.653275,308.95776,0.0
1e,1,Left Ankle,4060315,1779734035206,-1.23,9.88,-0.08,-21.875,-11.75,8.125,-0.4874878,-0.5039673,-0.5319824,-0.47479248
1e,1,Left Ankle,4060340,1779734035208,-1.12,9.35,-0.1,-17.4375,-11.1875,12.125,-0.48962402,-0.50476074,-0.52697754,-0.47729492
1e,3,Left Wrist,3860359,1779734035218,-2.8137574,-3.715757,9.561719,-51.754223,-21.3703,15.439222,-96.74568,-26.211092,322.8794,0.0
1e,1,Left Ankle,4060360,1779734035238,-1.11,10.03,-1.08,-13.875,-3.0,17.1875,-0.4899292,-0.5059204,-0.52368164,-0.47930908
1e,4,Right Wrist,30063317,1779734035239,-5.437191,1.4236288,-2.7326033,41.23504,34.441113,79.74372,-136.31613,-28.792257,236.55983,0.0
1e,2,Right Ankle,1102394,1779734035244,-9.361373,-1.8684593,-6.273981,-7.283362,-5.7237597,-15.752382,105.63601,79.6769,309.3107,0.0
1e,1,Left Ankle,4060384,1779734035267,-0.41,9.84,-0.89,-12.0625,-0.75,20.4375,-0.48944092,-0.50683594,-0.52075195,-0.48205566
1e,1,Left Ankle,4060401,1779734035268,-1.39,9.53,-0.65,-16.5,-1.5625,25.3125,-0.4890747,-0.50787354,-0.51708984,-0.48529053
1e,3,Left Wrist,3860418,1779734035278,-0.21275954,-5.18495,5.556134,-29.844223,-14.300301,4.0992203,-96.7152,-26.195286,322.86563,0.0
1e,1,Left Ankle,4060417,1779734035297,-0.63,9.99,-0.47,-17.0,0.0625,26.625,-0.48858643,-0.5081787,-0.51538086,-0.48724365
1e,1,Left Ankle,4060442,1779734035297,-0.67,9.88,-0.54,-18.3125,7.5625,32.0,-0.48590088,-0.5092163,-0.5098877,-0.49456787
1e,2,Right Ankle,1102454,1779734035307,-8.727276,-0.3250887,-3.2949166,-75.25336,-5.0937595,-7.002381,105.943794,79.69823,309.63916,0.0
1e,1,Left Ankle,4060462,1779734035330,-0.44,9.94,-0.29,-14.3125,14.875,37.3125,-0.48266602,-0.5097046,-0.50683594,-0.5003662
1e,4,Right Wrist,30063376,1779734035330,-3.027619,-4.144469,-1.1581261,0.84503984,64.26111,37.953728,-136.27684,-28.75466,236.51907,0.0
1e,3,Left Wrist,3860479,1779734035338,0.30408993,-4.3163557,7.456035,-69.394226,5.0896997,24.95922,-96.69621,-26.180967,322.84402,0.0
1e,1,Left Ankle,4060482,1779734035356,-0.96,10.12,-1.76,-6.8125,19.875,41.5,-0.47851562,-0.5107422,-0.50408936,-0.5060425
1e,2,Right Ankle,1102513,1779734035364,-8.085999,4.5323415,2.8043883,-52.013363,-31.34376,1.1176189,105.60058,79.67539,309.31744,0.0
1e,1,Left Ankle,4060504,1779734035389,-0.79,10.25,-0.04,-3.5,19.0,41.375,-0.47351074,-0.5123291,-0.5019531,-0.51116943
1e,4,Right Wrist,30063437,1779734035389,-1.8024936,-2.4934213,-2.201397,-45.70496,48.861115,19.683727,-136.27711,-28.697857,236.49683,0.0
1e,3,Left Wrist,3860539,1779734035397,-0.84685767,-2.9261253,7.0133634,-26.904224,-5.060301,40.98922,-96.66676,-26.158508,322.827,0.0
1e,1,Left Ankle,4060523,1779734035415,-0.11,9.75,-0.11,2.1875,18.4375,40.6875,-0.46801758,-0.51416016,-0.5001831,-0.5161133
1e,1,Left Ankle,4060544,1779734035415,0.87,9.45,0.08,3.875,15.0625,38.4375,-0.4630127,-0.5162964,-0.49835205,-0.52020264
1e,1,Left Ankle,4060559,1779734035424,0.38,9.71,-0.41,4.75,15.25,38.625,-0.46044922,-0.51745605,-0.49749756,-0.5222168
1e,2,Right Ankle,1102574,1779734035424,-8.105142,3.9580638,-0.42592245,18.896637,-12.23376,27.367619,105.46213,79.59505,309.17358,0.0
1e,1,Left Ankle,4060582,1779734035447,0.41,9.87,-0.02,9.5,18.125,32.75,-0.4520874,-0.5199585,-0.49645996,-0.5279541
1e,4,Right Wrist,30063527,1779734035448,-0.5917254,-0.44516546,-4.4889355,-44.72496,59.291115,3.093728,-136.35175,-28.664846,236.51193,0.0
1e,3,Left Wrist,3860598,1779734035457,-0.55254036,-5.3333054,6.163911,7.8857765,-13.8803005,28.45922,-96.62344,-26.13387,322.8124,0.0
1e,1,Left Ankle,4060604,1779734035480,1.52,9.19,0.02,11.125,16.25,31.875,-0.4468994,-0.52233887,-0.4956665,-0.53082275
1e,1,Left Ankle,4060621,1779734035480,0.4,9.53,0.52,17.6875,4.625,35.625,-0.44128418,-0.52557373,-0.494812,-0.53308105
1e,2,Right Ankle,1102633,1779734035482,-6.4636655,-3.464472,-1.5601203,10.706638,-15.52376,42.347622,105.63138,79.64674,309.33472,0.0
1e,1,Left Ankle,4060651,1779734035505,0.58,10.26,0.34,23.1875,-3.0625,37.8125,-0.43597412,-0.5303955,-0.4934082,-0.53393555
1e,4,Right Wrist,30063586,1779734035509,-0.35483593,-0.16520518,-3.9960139,-1.04496,51.66111,-29.94627,-136.42117,-28.643255,236.54076,0.0
1e,3,Left Wrist,3860659,1779734035518,-0.12661797,-2.8016987,7.173682,11.1757765,-0.09030056,38.609222,-96.57922,-26.115816,322.79327,0.0
1e,2,Right Ankle,1102694,1779734035542,-18.430172,-2.3709521,-13.96212,-21.283361,19.19624,27.437618,106.00869,79.6441,309.7139,0.0
1e,4,Right Wrist,30063647,1779734035568,-3.2549372,0.17457564,-2.9742787,18.485039,27.931112,-51.64627,-136.44965,-28.61414,236.56305,0.0
1e,3,Left Wrist,3860718,1779734035577,-2.4404771,-4.5867443,6.8339014,-13.674224,30.849699,24.679222,-96.54034,-26.09054,322.76355,0.0
1e,1,Left Ankle,4060665,1779734035598,1.08,9.24,-0.62,27.1875,-15.125,41.125,-0.43078613,-0.53656006,-0.4915161,-0.53375244
1e,1,Left Ankle,4060690,1779734035598,-0.8,10.39,-0.87,29.3125,-26.1875,51.8125,-0.42303467,-0.54919434,-0.48602295,-0.5321045
1e,1,Left Ankle,4060710,1779734035598,1.26,9.73,-0.51,32.5625,-23.1875,51.9375,-0.41711426,-0.5583496,-0.48187256,-0.5310669
1e,2,Right Ankle,1102753,1779734035603,-7.0834064,3.1612537,-3.1489544,-35.91336,-29.45376,70.41762,106.1353,79.57379,309.84775,0.0
1e,1,Left Ankle,4060732,1779734035625,0.74,9.72,0.24,31.25,-26.375,63.5,-0.4138794,-0.5631714,-0.47937012,-0.53082275
1e,1,Left Ankle,4060753,1779734035626,-0.31,10.1,-0.22,31.5,-29.9375,71.125,-0.40368652,-0.5788574,-0.47021484,-0.5299072
1e,3,Left Wrist,3860779,1779734035637,-4.5294113,-5.1299148,3.5294135,-96.97423,51.9897,37.41922,-96.53655,-26.041767,322.72946,0.0
1e,1,Left Ankle,4060768,1779734035657,0.73,10.89,-0.73,32.3125,-33.0,70.875,-0.39941406,-0.5834961,-0.46801758,-0.53009033
1e,1,Left Ankle,4060791,1779734035657,0.84,10.79,0.26,24.875,-37.6875,64.9375,-0.39001465,-0.5994873,-0.45806885,-0.52789307
1e,4,Right Wrist,30063707,1779734035658,-6.1502523,2.0720844,-4.469793,60.27504,20.301111,-87.206276,-136.4696,-28.602276,236.59778,0.0
1e,2,Right Ankle,1102814,1779734035662,-9.579121,0.12715475,-4.6061835,31.566639,-32.883762,17.07762,106.41748,79.57612,310.11215,0.0
1e,1,Left Ankle,4060808,1779734035685,0.56,10.4,-1.76,20.75,-34.125,66.0625,-0.3873291,-0.60424805,-0.45446777,-0.52752686
1e,3,Left Wrist,3860838,1779734035699,-3.6488533,-5.6730857,2.2277179,-61.344223,71.2397,66.189224,-96.51876,-25.975752,322.68768,0.0
1e,1,Left Ankle,4060835,1779734035717,-0.02,9.78,-2.19,16.25,-5.5,64.75,-0.3779297,-0.61590576,-0.44476318,-0.5291748
1e,1,Left Ankle,4060852,1779734035723,1.26,9.57,-2.49,12.25,19.1875,63.6875,-0.36987305,-0.6203003,-0.44006348,-0.53356934
1e,2,Right Ankle,1102874,1779734035724,-8.9354515,4.7668376,-0.72741807,-38.083363,-35.333763,4.967619,106.252426,79.50418,309.96066,0.0
1e,1,Left Ankle,4060882,1779734035751,0.74,9.02,-1.08,13.3125,51.4375,63.1875,-0.35931396,-0.6217041,-0.4375,-0.54119873
1e,1,Left Ankle,4060900,1779734035777,2.41,9.61,-1.65,8.5,73.375,49.1875,-0.34326172,-0.61761475,-0.43762207,-0.5560303
1e,1,Left Ankle,4060915,1779734035778,4.97,10.39,-2.81,1.4375,83.5,26.875,-0.33807373,-0.61413574,-0.43951416,-0.5615845
1e,2,Right Ankle,1102934,1779734035784,-8.913916,1.5245632,-0.46660042,-24.923363,-21.33376,-1.9623809,106.35428,79.577286,310.06815,0.0
1e,1,Left Ankle,4060939,1779734035807,-2.1,9.44,1.11,-26.5,95.6875,29.0625,-0.33050537,-0.6064453,-0.4404297,-0.5736084
1e,4,Right Wrist,30063871,1779734035810,-7.227023,-4.8120666,-3.0580275,-24.354961,25.831112,-148.03627,-136.49036,-28.589563,236.66919,0.0
1e,3,Left Wrist,3860899,1779734035819,-2.0025907,-4.1368937,-1.3328022,-58.964222,81.8797,77.59922,-96.54249,-25.880817,322.66077,0.0
1e,1,Left Ankle,4060958,1779734035841,-1.87,12.54,-4.53,-23.3125,135.75,-21.0,-0.32507324,-0.5911255,-0.44610596,-0.58813477
1e,2,Right Ankle,1102994,1779734035848,-9.124484,2.5893693,-0.44985065,-18.553362,-1.7337598,-11.272381,106.22304,79.50951,309.94553,0.0
1e,1,Left Ankle,4060985,1779734035868,2.62,10.21,-2.71,4.125,112.9375,-58.875,-0.32073975,-0.5680542,-0.46350098,-0.5996704
1e,1,Left Ankle,4061002,1779734035875,2.71,9.02,-1.96,-3.5625,32.625,-90.6875,-0.3262329,-0.55651855,-0.473938,-0.5993042
1e,4,Right Wrist,30063916,1779734035875,-5.281658,-7.4417787,-0.79441714,-66.49496,4.7611117,-137.81627,-136.5035,-28.585918,236.69402,0.0
1e,3,Left Wrist,3860989,1779734035878,0.18684185,-1.5311098,-3.7208393,-76.884224,72.9897,47.289223,-96.63495,-25.853615,322.66492,0.0
1e,1,Left Ankle,4061022,1779734035899,-0.8,8.72,-3.04,-5.8125,12.125,-92.3125,-0.3361206,-0.54815674,-0.4822998,-0.59490967
1e,1,Left Ankle,4061040,1779734035899,-0.45,8.54,-2.22,-6.0625,-26.125,-119.5625,-0.34973145,-0.5402832,-0.49127197,-0.58691406
1e,2,Right Ankle,1103053,1779734035903,-8.952201,2.2184818,-0.24885355,-22.753363,-0.47375977,-17.922382,105.9984,79.4578,309.7328,0.0
1e,1,Left Ankle,4061059,1779734035925,3.14,8.57,-2.12,-8.375,-37.0,-121.9375,-0.35766602,-0.5368042,-0.4953003,-0.5819092
1e,3,Left Wrist,3861079,1779734035938,2.7639117,-1.6435726,-4.505685,-63.514225,52.1297,21.669222,-96.72284,-25.872551,322.67654,0.0
1e,1,Left Ankle,4061084,1779734035957,3.87,7.57,-2.31,-5.625,-39.125,-118.375,-0.3807373,-0.5270996,-0.5064697,-0.5662842
1e,1,Left Ankle,4061102,1779734035957,6.74,4.32,-2.38,-0.1875,-10.6875,-92.0,-0.39160156,-0.5201416,-0.5140381,-0.55841064
1e,4,Right Wrist,30064006,1779734035958,-4.592525,-8.152447,1.4500505,-130.12495,-36.04889,-37.016273,-136.52524,-28.559214,236.6985,0.0
1e,2,Right Ankle,1103114,1779734035962,-9.100555,1.3666369,-0.34695926,-5.3233624,-3.5537596,-18.412382,105.94117,79.53296,309.67844,0.0
1e,1,Left Ankle,4061121,1779734035989,7.4,4.05,-2.55,7.5,6.6875,-60.0625,-0.39727783,-0.51434326,-0.5206299,-0.5536499
1e,3,Left Wrist,3861138,1779734035997,2.553343,-1.9857461,-5.5800624,-21.864223,43.2397,4.2392235,-96.80051,-25.887938,322.69348,0.0
1e,1,Left Ankle,4061144,1779734036015,10.47,3.16,-1.12,6.8125,-22.625,-31.4375,-0.401062,-0.5124512,-0.52404785,-0.5494385
1e,1,Left Ankle,4061163,1779734036016,7.37,4.75,4.19,-6.375,-45.8125,3.875,-0.4053955,-0.5157471,-0.52093506,-0.5461426
1e,4,Right Wrist,30064067,1779734036019,-5.1069818,-6.1329045,0.634098,-100.23496,-38.078888,0.71372795,-136.53731,-28.517994,236.69542,0.0
1e,2,Right Ankle,1103173,1779734036052,-9.086199,1.1106049,-0.4833502,-2.5233622,4.14624,19.877619,106.07241,79.59745,309.8083,0.0
1e,1,Left Ankle,4061192,1779734036075,1.68,9.97,5.46,-17.0625,-53.6875,46.1875,-0.40698242,-0.52752686,-0.5057373,-0.54803467
1e,1,Left Ankle,4061207,1779734036076,2.33,33.56,-9.0,-37.5,-10.875,99.75,-0.40447998,-0.53100586,-0.4991455,-0.55255127
1e,1,Left Ankle,4061232,1779734036105,5.35,5.92,-3.1,-43.4375,-36.0,-61.1875,-0.4147339,-0.5205078,-0.5102539,-0.54473877
1e,1,Left Ankle,4061251,1779734036106,-15.68,0.91,1.1,-28.25,25.375,-11.25,-0.4177246,-0.5171509,-0.5088501,-0.546875
1e,4,Right Wrist,30064157,1779734036109,-7.1049886,-7.314959,-0.33020952,-46.19496,-26.038889,12.893728,-136.53104,-28.471899,236.68735,0.0
1e,2,Right Ankle,1103234,1779734036112,-9.244125,2.065341,-0.42113677,-1.6133623,9.536241,21.06762,105.918755,79.520386,309.65793,0.0
1e,1,Left Ankle,4061267,1779734036140,2.9,7.56,-4.31,-18.6875,-7.5,-57.625,-0.42175293,-0.51452637,-0.5100708,-0.545166
1e,1,Left Ankle,4061310,1779734036167,1.61,10.66,2.4,-16.5,-17.625,-12.9375,-0.43432617,-0.5132446,-0.50549316,-0.5407715
1e,1,Left Ankle,4061295,1779734036167,-3.08,8.12,1.92,-21.5625,-28.1875,-7.5,-0.4296875,-0.51361084,-0.5074463,-0.5422363
1e,2,Right Ankle,1103324,1779734036172,-9.191483,2.7592597,-0.9690932,-2.663362,11.42624,-2.6623812,105.996414,79.44946,309.73596,0.0
1e,1,Left Ankle,4061340,1779734036198,-1.85,10.79,-2.02,-12.5625,-11.375,3.5,-0.43658447,-0.5132446,-0.5032959,-0.5410156
1e,1,Left Ankle,4061354,1779734036226,-1.49,9.58,-1.06,-7.25,-7.875,1.5,-0.43774414,-0.51361084,-0.50164795,-0.54125977
1e,1,Left Ankle,4061371,1779734036227,2.38,9.37,0.7,-10.8125,-32.75,12.125,-0.4401245,-0.5159912,-0.4981079,-0.5402832
1e,4,Right Wrist,30064217,1779734036229,-10.502796,-7.355637,-0.3589234,-57.67496,-17.148888,38.65373,-136.5303,-28.422056,236.67241,0.0
1e,2,Right Ankle,1103383,1779734036233,-9.674833,1.6944536,-0.72023964,26.456638,8.55624,-18.832382,106.32469,79.44867,310.05048,0.0
1e,1,Left Ankle,4061400,1779734036257,-0.42,11.25,-0.68,-10.3125,-38.4375,17.6875,-0.44274902,-0.52020264,-0.49261475,-0.53912354
1e,1,Left Ankle,4061417,1779734036285,0.04,9.69,-0.22,-6.125,-20.875,20.625,-0.44384766,-0.5237427,-0.4882202,-0.5388794
1e,4,Right Wrist,30064411,1779734036289,-4.8676996,-2.8092742,-0.8781659,-15.81496,48.30111,2.253728,-136.51936,-28.349289,236.62866,0.0
1e,2,Right Ankle,1103444,1779734036292,-10.119898,1.3379229,-1.8807585,12.386637,7.64624,-30.592382,106.67016,79.46081,310.38684,0.0
1e,1,Left Ankle,4061443,1779734036317,0.77,10.13,-0.58,-6.3125,-11.4375,27.5,-0.44262695,-0.52801514,-0.4822998,-0.5410156
1e,1,Left Ankle,4061461,1779734036319,0.91,9.19,-0.7,-11.0,-15.4375,29.125,-0.44213867,-0.53100586,-0.47766113,-0.54260254
1e,1,Left Ankle,4061486,1779734036347,1.05,9.78,-0.1,-11.125,-7.0,29.8125,-0.4411621,-0.53344727,-0.47320557,-0.54486084
1e,4,Right Wrist,30064430,1779734036349,-3.688038,-3.228018,-0.91166544,-20.08496,40.74111,4.213728,-136.5024,-28.315649,236.60771,0.0
1e,2,Right Ankle,1103503,1779734036354,-8.81581,0.21329637,-4.2185464,-37.73336,0.5062402,-23.592382,107.00645,79.47183,310.73093,0.0
1e,1,Left Ankle,4061505,1779734036377,0.97,9.77,0.18,-9.1875,5.6875,27.6875,-0.43927002,-0.53479004,-0.46990967,-0.54797363
1e,1,Left Ankle,4061521,1779734036379,1.49,9.43,-0.09,-7.0,12.75,25.4375,-0.4364624,-0.5350952,-0.46783447,-0.5516968
1e,1,Left Ankle,4061546,1779734036409,1.73,9.38,0.14,-4.125,11.6875,20.1875,-0.4338379,-0.5352783,-0.4663086,-0.55474854
1e,4,Right Wrist,30064487,1779734036410,-1.6302104,-3.3572302,-0.5240282,-15.25496,9.101111,15.553728,-136.4708,-28.275507,236.58482,0.0
1e,2,Right Ankle,1103564,1779734036418,-7.353795,0.66793275,-1.2227323,-43.403362,6.7362404,-0.70238113,107.318794,79.492676,311.05334,0.0
1e,1,Left Ankle,4061564,1779734036442,1.75,9.54,-0.01,-1.1875,6.6875,12.9375,-0.43200684,-0.5355835,-0.46539307,-0.55670166
1e,1,Left Ankle,4061589,1779734036467,2.02,9.5,-0.14,2.0,5.5,3.875,-0.43084717,-0.5355835,-0.46533203,-0.5576172
1e,1,Left Ankle,4061609,1779734036469,1.65,9.41,-0.03,4.3125,2.6875,-4.125,-0.43048096,-0.53533936,-0.46618652,-0.5574951
1e,4,Right Wrist,30064546,1779734036469,-2.0992036,-3.129912,0.18664016,-46.12496,-15.398888,15.133728,-136.45607,-28.236248,236.57011,0.0
1e,2,Right Ankle,1103624,1779734036474,-5.906138,-0.442337,1.6821544,-14.493362,-9.15376,-21.842382,107.135864,79.54327,310.8783,0.0
1e,1,Left Ankle,4061626,1779734036499,1.66,9.37,-0.18,6.1875,0.75,-9.875,-0.43139648,-0.53552246,-0.46697998,-0.5559082
1e,1,Left Ankle,4061653,1779734036527,1.46,9.58,-0.25,7.375,-1.4375,-13.375,-0.43243408,-0.5349121,-0.46972656,-0.55340576
1e,1,Left Ankle,4061670,1779734036530,1.32,9.65,0.08,9.5,-2.8125,-16.8125,-0.43328857,-0.5344238,-0.47216797,-0.55114746
1e,1,Left Ankle,4061698,1779734036557,1.56,9.72,-0.01,15.625,-2.3125,-21.875,-0.43432617,-0.5338135,-0.47528076,-0.5482178
1e,4,Right Wrist,30064607,1779734036559,-3.3267217,-2.0603204,-0.9284152,-103.10496,-22.818888,22.483728,-136.48106,-28.180918,236.56471,0.0
1e,2,Right Ankle,1103684,1779734036563,-6.3942733,-0.9113302,0.6795617,42.90664,-20.77376,-31.782381,107.07077,79.618904,310.79886,0.0
1e,1,Left Ankle,4061712,1779734036587,0.65,9.56,-0.49,18.5625,-0.9375,-20.8125,-0.43579102,-0.53375244,-0.47827148,-0.5444946
1e,1,Left Ankle,4061735,1779734036589,0.6,9.66,-0.81,18.75,1.5,-16.6875,-0.43566895,-0.53356934,-0.48168945,-0.541687
1e,1,Left Ankle,4061754,1779734036616,0.2,10.09,-1.06,16.6875,3.4375,-7.875,-0.43475342,-0.53375244,-0.48443604,-0.53985596
1e,4,Right Wrist,30064697,1779734036620,-7.600303,0.47128597,-1.7826529,-45.984962,-4.198889,6.523728,-136.50542,-28.143574,236.56805,0.0
1e,3,Left Wrist,3861199,1779734036629,3.6875412,-1.2009004,-3.7734814,-30.404224,10.199699,5.5692215,-96.8762,-25.92984,322.71854,0.0
1e,1,Left Ankle,4061778,1779734036650,0.33,9.9,-0.79,15.9375,8.6875,0.625,-0.4331665,-0.53448486,-0.48620605,-0.53881836
1e,2,Right Ankle,1103744,1779734036654,-13.658883,3.8575652,-11.380265,-52.993362,15.69624,25.407618,107.38611,79.582306,311.1277,0.0
1e,1,Left Ankle,4061802,1779734036677,0.92,9.98,-0.44,16.0625,13.75,6.125,-0.43023682,-0.5349121,-0.48815918,-0.5389404
1e,1,Left Ankle,4061820,1779734036678,1.24,9.92,-0.45,17.9375,18.0625,10.75,-0.42401123,-0.53564453,-0.49121094,-0.5404053
1e,4,Right Wrist,30064756,1779734036679,-9.138888,0.06689853,1.9094725,15.615041,6.581112,-8.666272,-136.49576,-28.12403,236.5666,0.0
1e,1,Left Ankle,4061841,1779734036705,0.91,9.61,-0.48,19.875,14.875,14.3125,-0.42181396,-0.5363159,-0.4920044,-0.5407715
1e,1,Left Ankle,4061859,1779734036735,1.35,10.14,-0.94,20.3125,9.0,18.875,-0.41748047,-0.5383301,-0.4928589,-0.54125977
1e,1,Left Ankle,4061881,1779734036736,2.05,10.79,-1.18,22.5,7.75,18.0,-0.41326904,-0.54089355,-0.49365234,-0.5413208
1e,4,Right Wrist,30064817,1779734036738,-8.511969,-3.079663,1.6103697,34.16504,17.641111,-36.246273,-136.47322,-28.109411,236.56598,0.0
1e,3,Left Wrist,3861879,1779734036748,-2.8807566,-8.688043,-2.76371,13.835776,-56.6503,21.109222,-96.90488,-25.578047,322.792,0.0
1e,1,Left Ankle,4061899,1779734036765,1.61,11.09,-1.94,23.1875,11.1875,20.75,-0.4085083,-0.5432739,-0.4946289,-0.541626
1e,1,Left Ankle,4061915,1779734036766,3.06,11.28,-2.83,25.25,16.375,17.8125,-0.4031372,-0.54504395,-0.4963379,-0.5422363
1e,2,Right Ankle,1103833,1779734036776,-7.61222,5.00612,-0.13399807,53.336636,-26.72376,31.427618,107.18905,79.50752,310.9134,0.0
1e,1,Left Ankle,4061938,1779734036800,4.05,11.34,-3.28,21.125,5.875,13.8125,-0.39892578,-0.5469971,-0.49761963,-0.54229736
1e,4,Right Wrist,30064876,1779734036800,-7.7151585,-6.2692957,1.2131611,14.49504,28.141111,-31.066273,-136.44655,-28.093357,236.55678,0.0
1e,3,Left Wrist,3862001,1779734036808,-0.6865385,-9.817454,-3.4241292,-15.984224,24.2697,70.17922,-96.965675,-25.402914,322.82205,0.0
1e,1,Left Ankle,4061955,1779734036826,3.28,11.1,-3.84,15.5,-10.5625,9.5,-0.39697266,-0.54956055,-0.49768066,-0.5410156
1e,1,Left Ankle,4061983,1779734036855,2.49,10.1,-3.91,10.625,-34.1875,2.625,-0.39904785,-0.55548096,-0.49554443,-0.5354004
1e,1,Left Ankle,4062001,1779734036856,1.05,8.57,-3.13,6.6875,-27.875,2.6875,-0.4006958,-0.55877686,-0.49401855,-0.5321655
1e,2,Right Ankle,1104027,1779734036863,-9.287196,1.8284516,-0.19860429,-23.383362,-3.6237597,-4.0623813,106.53352,79.48042,310.28625,0.0
1e,1,Left Ankle,4062022,1779734036885,0.39,7.62,-2.48,5.75,-33.1875,3.8125,-0.4022827,-0.56225586,-0.4921875,-0.5289917
1e,4,Right Wrist,30064937,1779734036888,-7.150452,-7.532706,1.0193424,31.29504,23.52111,-22.106272,-136.4097,-28.073484,236.54451,0.0
1e,3,Left Wrist,3862021,1779734036897,0.5720862,-9.243176,-3.2877383,-52.384224,22.239698,73.67922,-97.01983,-25.316235,322.8276,0.0
1e,1,Left Ankle,4062044,1779734036918,-1.09,6.75,-0.63,4.8125,-41.0625,2.9375,-0.40551758,-0.5668335,-0.48919678,-0.524353
1e,1,Left Ankle,4062059,1779734036918,-2.03,6.52,0.58,0.9375,-58.8125,1.1875,-0.4078369,-0.56951904,-0.48712158,-0.5215454
1e,1,Left Ankle,4062087,1779734036945,-1.62,5.48,2.56,-8.5625,-67.5625,-0.3125,-0.41687012,-0.5777588,-0.4794922,-0.51239014
1e,4,Right Wrist,30064997,1779734036948,-6.4302125,-8.255339,1.605584,5.32504,8.401112,-0.6162722,-136.37772,-28.047432,236.5287,0.0
1e,2,Right Ankle,1104046,1779734036952,-9.277625,1.8188803,-0.23928227,-16.033361,-2.6437597,-7.632381,106.22583,79.4663,309.98923,0.0
1e,1,Left Ankle,4062104,1779734036976,-1.62,5.78,2.43,-7.5,-41.0,-0.6875,-0.41906738,-0.5790405,-0.4779663,-0.51049805
1e,1,Left Ankle,4062123,1779734037005,-1.64,6.97,2.56,4.5625,32.8125,-3.125,-0.41436768,-0.57507324,-0.4821167,-0.5149536
1e,1,Left Ankle,4062142,1779734037006,-0.77,7.25,0.73,20.5625,124.8125,-4.5,-0.40350342,-0.56604004,-0.49194336,-0.52423096
1e,4,Right Wrist,30065086,1779734037008,-6.2052875,-6.0587273,1.2059826,-27.854961,-20.928888,19.473728,-136.36244,-28.007633,236.51704,0.0
1e,1,Left Ankle,4062163,1779734037035,-0.97,5.59,3.38,20.3125,141.25,1.1875,-0.38909912,-0.5545044,-0.5036011,-0.5362549
1e,2,Right Ankle,1104133,1779734037043,-9.387694,0.7923595,0.23928227,-1.4033623,-1.8037597,-2.5223808,106.086975,79.52415,309.8531,0.0
1e,3,Left Wrist,3862172,1779734037048,3.3621173,-4.483853,-2.8713872,36.515778,-5.5503006,33.77922,-97.15906,-25.307426,322.87555,0.0
1e,1,Left Ankle,4062208,1779734037068,10.4,12.16,-14.06,-15.375,16.0,-32.0625,-0.38757324,-0.5405884,-0.508728,-0.54663086
1e,1,Left Ankle,4062189,1779734037068,8.71,10.15,0.09,-32.0625,44.6875,-10.25,-0.3861084,-0.54315186,-0.5074463,-0.54626465
1e,4,Right Wrist,30065147,1779734037068,-7.4423766,-6.0060854,1.8424734,-0.9749601,-33.248886,14.1537285,-136.3424,-27.967604,236.5114,0.0
1e,1,Left Ankle,4062232,1779734037096,0.17,25.15,-3.35,14.5,-51.0,3.3125,-0.39031982,-0.54382324,-0.50842285,-0.541626
1e,3,Left Wrist,3862294,1779734037108,-1.2392806,-8.874682,-4.4865427,9.145777,-1.2103004,23.909222,-97.25283,-25.238604,322.92282,0.0
1e,1,Left Ankle,4062250,1779734037127,8.18,12.39,0.65,-20.75,-28.375,-80.0625,-0.40734863,-0.5388794,-0.51049805,-0.5319824
1e,1,Left Ankle,4062267,1779734037128,-5.65,2.3,0.42,-44.0,-61.125,-53.6875,-0.41461182,-0.53796387,-0.508667,-0.52911377
1e,1,Left Ankle,4062291,1779734037158,-4.19,8.22,-0.57,-31.375,6.75,-23.4375,-0.42486572,-0.53186035,-0.50634766,-0.5293579
1e,2,Right Ankle,1104328,1779734037163,-9.40923,2.3213732,-1.1892328,3.4966378,15.626241,3.707619,106.17577,79.51838,309.9413,0.0
1e,1,Left Ankle,4062307,1779734037187,1.76,11.65,-1.52,-24.25,16.4375,-19.0,-0.42608643,-0.52948,-0.50671387,-0.5303955
1e,1,Left Ankle,4062332,1779734037189,2.08,11.59,-1.27,-21.1875,7.875,-10.0,-0.42980957,-0.5252075,-0.50567627,-0.5326538
1e,1,Left Ankle,4062351,1779734037217,0.22,9.29,0.19,-11.75,-16.0,-10.5,-0.43292236,-0.52459717,-0.50439453,-0.5319214
1e,4,Right Wrist,30065207,1779734037219,-10.074482,-5.2188463,1.2729815,-4.8249598,-8.118889,8.273728,-136.32805,-27.932787,236.50375,0.0
1e,2,Right Ankle,1104347,1779734037223,-9.9595785,2.3931577,-0.6915257,17.496637,11.98624,-2.4523811,106.20307,79.44443,309.96292,0.0
1e,3,Left Wrist,3862314,1779734037228,-0.8803572,-10.22902,-4.067798,-2.4742236,-1.6303005,25.86922,-97.29103,-25.163275,322.9382,0.0
1e,1,Left Ankle,4062368,1779734037252,1.39,9.45,0.3,-8.0,-22.25,-9.25,-0.43463135,-0.52490234,-0.5036621,-0.5309448
1e,1,Left Ankle,4062393,1779734037252,-0.51,10.02,-0.33,-6.1875,-27.5625,0.25,-0.43963623,-0.5276489,-0.49969482,-0.52789307
1e,1,Left Ankle,4062411,1779734037276,-0.25,9.25,-0.51,2.1875,-16.25,3.4375,-0.4414673,-0.52996826,-0.49761963,-0.5258789
1e,4,Right Wrist,30065400,1779734037280,-5.499405,-2.3426738,-0.4546363,-3.98496,52.291115,-5.3062716,-136.30779,-27.890078,236.4758,0.0
1e,2,Right Ankle,1104434,1779734037284,-9.098163,1.4288502,-1.2035898,7.9066377,12.6162405,-13.372381,106.53898,79.44656,310.29147,0.0
1e,1,Left Ankle,4062435,1779734037309,-0.04,9.63,-1.19,-0.6875,-10.3125,12.625,-0.4414673,-0.5319214,-0.4958496,-0.5256958
1e,1,Left Ankle,4062453,1779734037338,0.39,9.81,-0.94,-2.125,-8.8125,15.25,-0.44091797,-0.53375244,-0.4935913,-0.5263672
1e,1,Left Ankle,4062472,1779734037339,0.32,10.0,-0.98,-3.25,-1.625,22.3125,-0.44000244,-0.5358887,-0.4907837,-0.5276489
1e,4,Right Wrist,30065418,1779734037340,-4.9586267,-2.5221355,-0.069391854,5.6050396,44.94111,-2.086272,-136.28685,-27.866758,236.45782,0.0
1e,2,Right Ankle,1104494,1779734037344,-8.423388,1.1273546,-2.2779672,9.516638,3.30624,-13.652382,106.86654,79.44583,310.61066,0.0
1e,1,Left Ankle,4062490,1779734037367,1.16,9.71,-0.3,-1.75,0.0,24.4375,-0.43798828,-0.5376587,-0.48846436,-0.52960205
1e,1,Left Ankle,4062509,1779734037369,0.73,9.55,-0.43,-1.9375,-2.75,25.8125,-0.43701172,-0.53881836,-0.48706055,-0.5305176
1e,1,Left Ankle,4062532,1779734037397,0.83,9.99,-0.78,1.1875,-0.125,25.5,-0.43377686,-0.5421753,-0.48339844,-0.5331421
1e,2,Right Ankle,1104553,1779734037404,-6.470844,1.4455999,2.050649,9.376638,-12.86376,-13.232382,106.59026,79.45963,310.3353,0.0
1e,1,Left Ankle,4062553,1779734037427,0.99,9.84,-0.89,2.5625,3.125,22.1875,-0.4312744,-0.54400635,-0.48156738,-0.5349121
1e,4,Right Wrist,30065477,1779734037429,-4.106782,-3.754439,0.050249275,0.49503994,28.631111,16.183727,-136.25832,-27.835064,236.43486,0.0
1e,1,Left Ankle,4062569,1779734037429,1.84,9.36,-0.99,2.625,2.0625,18.625,-0.43023682,-0.5447998,-0.480896,-0.5355835
1e,3,Left Wrist,3862502,1779734037437,1.2157552,-8.283655,0.74416786,4.5957766,-6.3903008,47.84922,-97.26795,-25.007551,322.93042,0.0
1e,1,Left Ankle,4062595,1779734037459,1.4,9.34,-1.06,-0.6875,-7.8125,9.625,-0.42974854,-0.546875,-0.4786377,-0.53582764
1e,1,Left Ankle,4062613,1779734037486,1.5,9.39,-0.66,-3.875,-4.0,-0.5625,-0.43041992,-0.54730225,-0.47772217,-0.53564453
1e,4,Right Wrist,30065537,1779734037488,-3.307579,-3.7568316,-0.12203395,-36.53496,33.88111,28.01373,-136.23738,-27.800797,236.40564,0.0
1e,2,Right Ankle,1104614,1779734037493,-7.277225,-3.0409424,-0.24646074,-42.563362,-39.11376,-12.882381,106.6137,79.53721,310.37076,0.0
1e,1,Left Ankle,4062653,1779734037518,1.13,9.56,0.29,7.5,7.625,-13.0625,-0.4303589,-0.5452881,-0.48083496,-0.5350952
1e,1,Left Ankle,4062642,1779734037518,1.99,9.64,-0.75,1.5,7.375,-6.875,-0.430542,-0.54644775,-0.47851562,-0.5357666
1e,3,Left Wrist,3862625,1779734037528,2.885946,-7.249956,1.6223338,-19.694223,-7.440301,24.53922,-97.176704,-24.934916,322.88974,0.0
1e,1,Left Ankle,4062678,1779734037545,1.82,9.32,0.37,9.0625,7.25,-16.4375,-0.4307251,-0.54437256,-0.48321533,-0.5335083
1e,2,Right Ankle,1104673,1779734037553,-5.939637,0.67271835,-5.4771714,-45.853363,8.27624,42.48762,106.93525,79.50844,310.70245,0.0
1e,1,Left Ankle,4062701,1779734037578,1.53,10.03,-0.22,15.25,13.5,-12.25,-0.42962646,-0.54315186,-0.48638916,-0.53271484
1e,1,Left Ankle,4062719,1779734037578,1.38,9.78,-0.41,25.6875,17.75,-12.75,-0.4272461,-0.54211426,-0.49102783,-0.5314331
1e,3,Left Wrist,3862699,1779734037588,4.5896354,-7.429417,-0.37088752,-27.744223,-24.1003,4.7292213,-97.156006,-24.989424,322.8843,0.0
1e,1,Left Ankle,4062741,1779734037610,0.98,10.04,-0.54,29.6875,8.125,-12.9375,-0.42492676,-0.5421753,-0.49554443,-0.52905273
1e,4,Right Wrist,30065626,1779734037610,-4.379564,-3.859723,-0.35413775,-20.50496,47.74111,20.313728,-136.21498,-27.770021,236.37712,0.0
1e,2,Right Ankle,1104763,1779734037612,-8.559778,1.3570654,-1.2945169,21.556637,2.6062403,63.20762,107.2145,79.48122,310.96863,0.0
1e,1,Left Ankle,4062759,1779734037636,1.48,10.71,-1.3,29.9375,8.75,-12.4375,-0.42260742,-0.54260254,-0.49987793,-0.5264282
1e,1,Left Ankle,4062785,1779734037636,2.52,12.81,-3.91,32.375,28.5,-10.9375,-0.41680908,-0.541687,-0.5078125,-0.524353
1e,3,Left Wrist,3862789,1779734037648,5.4869437,-11.291432,-3.227918,11.245776,-39.2203,-58.620777,-97.22122,-25.010191,322.92816,0.0
1e,1,Left Ankle,4062802,1779734037669,4.87,15.73,-2.12,36.375,25.875,-14.875,-0.4124756,-0.5406494,-0.51416016,-0.5227051
1e,2,Right Ankle,1104824,1779734037673,-8.933058,3.63264,-2.199004,-45.573364,-6.21376,47.45762,107.304886,79.403625,311.07184,0.0
1e,1,Left Ankle,4062823,1779734037695,4.83,17.14,-1.36,28.375,27.625,-19.6875,-0.40844727,-0.5385132,-0.5206299,-0.5216675
1e,3,Left Wrist,3862849,1779734037708,7.312668,-14.201106,-5.2139606,-57.984222,-34.670303,-89.77077,-97.31158,-25.04631,322.97226,0.0
1e,1,Left Ankle,4062854,1779734037725,3.84,12.39,0.12,15.125,40.0625,-26.25,-0.40600586,-0.5344238,-0.5270386,-0.52130127
1e,1,Left Ankle,4062863,1779734037726,3.12,7.15,0.43,-0.3125,44.625,-24.6875,-0.40344238,-0.52801514,-0.53326416,-0.52349854
1e,2,Right Ankle,1104883,1779734037739,-9.107734,2.8406157,0.63170516,-36.263363,-3.0637598,34.50762,106.985756,79.36331,310.7698,0.0
1e,1,Left Ankle,4062883,1779734037755,-1.04,2.81,0.9,-9.375,55.8125,-9.4375,-0.4006958,-0.52160645,-0.5371704,-0.52801514
1e,1,Left Ankle,4062904,1779734037761,2.77,0.48,4.05,-1.625,52.0,1.8125,-0.39611816,-0.5162964,-0.5405884,-0.5331421
1e,4,Right Wrist,30065791,1779734037761,-10.067303,-1.8138597,-2.6249266,19.325039,139.9311,41.10373,-136.18307,-27.727928,236.2986,0.0
1e,3,Left Wrist,3862909,1779734037768,7.8749804,-13.940288,-4.0151563,-41.254223,-57.630302,-141.22078,-97.39738,-25.118382,323.0263,0.0
1e,1,Left Ankle,4062929,1779734037786,7.34,3.71,-0.16,-27.0,45.4375,-19.9375,-0.39538574,-0.5100708,-0.5430298,-0.53723145
1e,2,Right Ankle,1104944,1779734037794,-9.232161,2.9506855,-0.7896314,-4.063362,-6.21376,23.447618,106.92762,79.281425,310.71323,0.0
1e,1,Left Ankle,4062954,1779734037819,6.67,5.63,-1.62,-17.4375,95.125,76.5,-0.37438965,-0.5041504,-0.54174805,-0.5587158
1e,4,Right Wrist,30065867,1779734037819,-8.478469,-3.656333,-3.103491,33.39504,189.7711,53.49373,-136.13756,-27.71653,236.2303,0.0
1e,3,Left Wrist,3862968,1779734037827,7.5088787,-10.286448,-0.45942193,-91.23423,-78.0703,-167.54077,-97.42039,-25.236662,323.05386,0.0
1e,1,Left Ankle,4062971,1779734037846,4.54,5.25,-3.33,2.9375,131.0,104.9375,-0.35113525,-0.5015869,-0.541626,-0.57598877
1e,2,Right Ankle,1105003,1779734037853,-8.9258795,3.2880733,0.31345975,3.6366382,2.3962402,27.507618,106.67576,79.22352,310.46414,0.0
1e,1,Left Ankle,4062993,1779734037877,5.55,5.57,-2.98,18.0,123.4375,108.6875,-0.32885742,-0.50183105,-0.54034424,-0.5899658
1e,1,Left Ankle,4063010,1779734037879,2.9,6.09,-2.56,11.8125,59.75,112.1875,-0.3126831,-0.50775146,-0.5344238,-0.598999
1e,4,Right Wrist,30065957,1779734037881,-2.5993035,-5.9462643,-2.545963,-2.7249599,143.64111,69.38373,-136.08209,-27.684248,236.15785,0.0
1e,3,Left Wrist,3863029,1779734037888,7.40838,-6.2952194,0.7130611,9.915776,-136.0303,-180.21077,-97.41866,-25.352072,323.10455,0.0
1e,1,Left Ankle,4063037,1779734037910,2.79,7.52,-0.57,-4.0625,-19.25,105.6875,-0.30297852,-0.51812744,-0.52453613,-0.6038208
1e,1,Left Ankle,4063052,1779734037911,2.58,8.49,-0.75,-14.5,-62.0,107.5,-0.2975464,-0.5321045,-0.5112915,-0.6057129
1e,2,Right Ankle,1105064,1779734037912,-8.464066,3.7187815,-0.7082755,-13.303362,20.45624,22.537619,106.62255,79.13961,310.4173,0.0
1e,1,Left Ankle,4063075,1779734037936,-2.32,9.34,-1.57,-22.875,-111.8125,90.8125,-0.29797363,-0.5493164,-0.49542236,-0.6032715
1e,4,Right Wrist,30066017,1779734037938,0.82482564,-8.817652,-3.3116665,-75.10496,69.651115,127.20373,-136.03107,-27.634602,236.0787,0.0
1e,3,Left Wrist,3863088,1779734037947,6.6929264,-6.6158586,4.4673996,105.95577,-183.49031,-159.42078,-97.37125,-25.425234,323.164,0.0
1e,1,Left Ankle,4063100,1779734037969,-8.01,8.75,-1.57,-26.3125,-106.9375,74.375,-0.30194092,-0.56591797,-0.47955322,-0.5988159
1e,1,Left Ankle,4063110,1779734037969,-10.11,9.45,-1.34,-17.0,-83.3125,58.75,-0.30523682,-0.5772095,-0.46899414,-0.59472656
1e,1,Left Ankle,4063137,1779734037995,-7.56,12.82,-1.06,-10.5,-54.8125,-24.8125,-0.31152344,-0.5819092,-0.4656372,-0.58947754
1e,4,Right Wrist,30066077,1779734037998,2.49023,-3.9817574,-1.605584,-46.47496,-24.98889,123.14372,-135.97694,-27.609694,236.02403,0.0
1e,3,Left Wrist,3863149,1779734038007,5.407981,-6.142079,6.151947,183.30577,-206.1703,-132.54077,-97.29892,-25.477362,323.2303,0.0
1e,1,Left Ankle,4063154,1779734038028,33.83,23.92,-15.09,38.875,-35.0625,-132.5,-0.3237915,-0.5791626,-0.4751587,-0.57788086
1e,2,Right Ankle,1105124,1779734038032,-8.751204,3.3909647,-0.79681,3.8466382,24.516241,23.937618,106.60772,79.054214,310.40253,0.0
1e,1,Left Ankle,4063174,1779734038055,17.67,21.94,-0.94,24.125,-45.75,-113.75,-0.33654785,-0.57818604,-0.4772339,-0.5697632
1e,1,Left Ankle,4063196,1779734038056,-27.26,7.66,-1.02,-36.125,2.0,-80.75,-0.3499756,-0.5748291,-0.4763794,-0.5657959
1e,4,Right Wrist,30066137,1779734038059,3.4425735,-2.5843484,0.2440679,-11.47496,-86.65889,70.85372,-135.94974,-27.603832,236.01244,0.0
1e,3,Left Wrist,3863208,1779734038068,-0.016548399,-7.5801654,12.411571,327.29578,-210.79031,-97.12077,-97.18011,-25.494484,323.29813,0.0
1e,1,Left Ankle,4063213,1779734038087,11.9,3.98,-1.27,-1.75,26.875,-193.5625,-0.36572266,-0.5559082,-0.49560547,-0.5581665
1e,2,Right Ankle,1105213,1779734038095,-9.356588,3.3143945,-2.5698915,26.736637,16.18624,20.367619,106.83028,78.99495,310.61246,0.0
1e,1,Left Ankle,4063242,1779734038120,1.89,11.49,-2.12,-13.75,-4.8125,-120.9375,-0.380188,-0.54241943,-0.50756836,-0.5510254
1e,1,Left Ankle,4063253,1779734038120,-9.49,12.53,0.03,-23.75,-14.25,-74.875,-0.39031982,-0.53533936,-0.5119629,-0.5467529
1e,4,Right Wrist,30066197,1779734038120,2.8730817,-0.5241285,-0.86859465,-88.40496,-177.4489,46.073727,-136.00392,-27.603716,236.05116,0.0
1e,3,Left Wrist,3863269,1779734038128,-8.271787,-15.407087,18.139988,349.97577,-83.600296,-75.210785,-97.035995,-25.494858,323.31784,0.0
1e,1,Left Ankle,4063282,1779734038145,7.06,7.63,-2.84,4.5625,35.1875,-122.125,-0.39813232,-0.5231323,-0.5234375,-0.5420532
1e,1,Left Ankle,4063300,1779734038175,-0.27,11.62,0.02,-11.25,-44.6875,-85.0625,-0.4163208,-0.5155029,-0.5302124,-0.5289917
1e,1,Left Ankle,4063318,1779734038177,-0.95,9.71,-0.04,-1.625,-57.0625,-73.125,-0.42218018,-0.5147095,-0.53131104,-0.5239868
1e,4,Right Wrist,30066257,1779734038178,0.13569275,9.45155,2.033899,-23.86496,-298.1289,-54.37627,-136.075,-27.553217,236.15643,0.0
1e,2,Right Ankle,1105303,1779734038183,-9.114913,4.7476954,-2.2660031,33.526638,7.5762405,-10.852381,106.946594,78.92758,310.71582,0.0
1e,3,Left Wrist,3863329,1779734038187,-10.870391,-21.580572,49.239502,352.63577,153.7697,6.82922,-96.84956,-25.488098,323.24222,0.0
1e,1,Left Ankle,4063338,1779734038205,-2.59,8.67,-2.0,15.0625,-57.5625,-59.625,-0.43255615,-0.51452637,-0.53411865,-0.5126953
1e,1,Left Ankle,4063360,1779734038236,0.45,10.01,1.43,29.75,-58.8125,-43.125,-0.44250488,-0.5192871,-0.53692627,-0.49621582
1e,1,Left Ankle,4063380,1779734038237,-0.62,10.73,-0.2,35.125,-68.75,-43.25,-0.44921875,-0.524292,-0.53808594,-0.48345947
1e,2,Right Ankle,1105364,1779734038242,-13.986699,3.699639,1.995614,13.646637,14.01624,-49.42238,106.72862,78.938705,310.4991,0.0
1e,3,Left Wrist,3863389,1779734038248,18.13062,-26.320753,78.398445,434.60577,568.5197,79.06922,-96.56231,-25.487902,323.003,0.0
1e,1,Left Ankle,4063403,1779734038269,-1.06,9.93,-0.93,45.4375,-77.9375,-40.375,-0.45239258,-0.52734375,-0.5387573,-0.4763794
1e,1,Left Ankle,4063420,1779734038295,-2.35,8.81,-2.93,47.0,-82.875,-34.3125,-0.46099854,-0.5377197,-0.53930664,-0.45550537
1e,1,Left Ankle,4063436,1779734038296,-2.05,8.78,-3.83,39.75,-67.6875,-27.6875,-0.46331787,-0.5405884,-0.5394287,-0.44952393
1e,2,Right Ankle,1105454,1779734038302,-6.3200955,3.268931,-0.8135597,149.37665,-35.333763,-18.482382,106.69978,78.87316,310.41772,0.0
1e,3,Left Wrist,3863449,1779734038307,38.99125,-23.253155,69.79146,249.45578,762.2097,143.04922,-96.3068,-25.4823,322.68668,0.0
1e,1,Left Ankle,4063456,1779734038329,-2.06,9.19,-3.33,24.9375,-46.6875,-27.25,-0.4673462,-0.5443115,-0.5401001,-0.44006348
1e,1,Left Ankle,4063482,1779734038356,-2.35,9.69,-1.83,9.5625,-33.1875,-24.3125,-0.4711914,-0.54571533,-0.54052734,-0.43359375
1e,1,Left Ankle,4063502,1779734038358,0.25,9.08,-1.08,-2.9375,-13.375,-18.1875,-0.47607422,-0.5446167,-0.54071045,-0.42938232
1e,2,Right Ankle,1105514,1779734038364,-3.522886,3.5201774,-3.7543387,133.34663,-36.313763,-48.51238,106.9223,78.83424,310.589,0.0
1e,3,Left Wrist,3863508,1779734038369,57.030735,-16.91696,19.554146,131.71577,533.86975,139.05922,-96.144775,-25.502308,322.4646,0.0
1e,1,Left Ankle,4063516,1779734038388,-1.29,9.54,-4.48,-12.75,-20.6875,-20.375,-0.47833252,-0.5439453,-0.54034424,-0.42822266
1e,4,Right Wrist,30066317,1779734038390,-5.1141605,11.006884,-3.0556345,26.04504,-321.3689,-101.346275,-136.15187,-27.491117,236.2878,0.0
1e,1,Left Ankle,4063541,1779734038418,-1.03,8.67,-2.0,-9.125,-11.4375,-10.4375,-0.48394775,-0.54315186,-0.53863525,-0.42504883
1e,1,Left Ankle,4063564,1779734038419,-1.68,9.55,-3.44,-14.875,-1.6875,-5.25,-0.48602295,-0.54193115,-0.53778076,-0.425354
1e,2,Right Ankle,1105574,1779734038422,-12.340438,-5.467264,-11.913864,8.256638,-0.5437598,-83.79238,107.32138,78.88364,310.97934,0.0
1e,3,Left Wrist,3863569,1779734038428,38.448074,-8.71197,-8.853444,-81.36423,124.01971,57.22922,-96.1715,-25.556778,322.42313,0.0
1e,1,Left Ankle,4063582,1779734038447,-1.24,9.13,-2.43,-25.5,-6.75,-2.3125,-0.4888916,-0.54016113,-0.5358887,-0.42663574
1e,4,Right Wrist,30066584,1779734038455,-11.12493,-4.67089,-2.4693928,-68.66496,-70.138885,106.13373,-136.10698,-27.309702,236.35954,0.0
1e,1,Left Ankle,4063604,1779734038480,-1.09,9.08,-2.38,-30.0,-7.5625,-1.625,-0.4925537,-0.53790283,-0.5331421,-0.42871094
1e,2,Right Ankle,1105633,1779734038484,-10.239539,3.443607,-1.6654046,19.386637,16.46624,-57.05238,107.49462,78.83618,311.14487,0.0
1e,3,Left Wrist,3863628,1779734038488,5.2620187,2.1251233,-2.5411777,39.595776,-127.7703,62.969223,-96.209885,-25.588371,322.48352,0.0
1e,1,Left Ankle,4063623,1779734038507,-1.65,9.47,-1.77,-36.9375,-8.625,-1.0,-0.49493408,-0.5369873,-0.5311279,-0.42962646
1e,1,Left Ankle,4063646,1779734038515,-1.92,9.63,-1.4,-38.5,-3.375,0.8125,-0.5004883,-0.53271484,-0.5264282,-0.4343872
1e,4,Right Wrist,30066604,1779734038515,-10.749257,-1.7851456,-2.428715,-68.31496,-41.29889,114.043724,-136.12277,-27.232698,236.33922,0.0
1e,1,Left Ankle,4063662,1779734038538,-0.51,9.73,0.12,-30.125,2.0,2.875,-0.5031738,-0.5305176,-0.5236206,-0.43725586
1e,2,Right Ankle,1105694,1779734038543,-8.042929,-2.6221986,-4.429115,-15.333363,1.1362402,-26.672382,107.8312,78.87865,311.481,0.0
1e,3,Left Wrist,3863689,1779734038548,-3.9527416,-1.3995045,7.6761746,27.205776,-68.2703,14.109222,-96.17949,-25.56678,322.49542,0.0
1e,4,Right Wrist,30066647,1779734038570,-8.294221,2.1989036,-2.7014968,-12.45496,24.221111,70.92372,-136.13168,-27.189041,236.3202,0.0
1e,1,Left Ankle,4063691,1779734038598,-1.19,9.49,-0.74,-25.0625,-2.125,0.1875,-0.5055542,-0.5284424,-0.5214844,-0.4395752
1e,1,Left Ankle,4063707,1779734038599,-1.36,9.54,-1.1,-22.5625,-0.125,0.6875,-0.5076904,-0.5266113,-0.5196533,-0.4414673
1e,2,Right Ankle,1105753,1779734038603,-8.3420315,-0.35140973,-2.9623144,-1.5433621,-11.043759,-24.362381,108.14217,78.90948,311.78644,0.0
1e,3,Left Wrist,3863749,1779734038609,-1.0191408,0.5410745,2.5962124,-58.12422,-5.9703007,-19.28078,-96.17237,-25.567425,322.4861,0.0
1e,1,Left Ankle,4063723,1779734038630,-1.42,9.83,-1.25,-22.5,6.0625,3.4375,-0.50891113,-0.52453613,-0.5181885,-0.4442749
1e,1,Left Ankle,4063749,1779734038630,-1.61,9.72,-1.25,-23.75,7.9375,6.75,-0.5098877,-0.52246094,-0.5165405,-0.44750977
1e,1,Left Ankle,4063764,1779734038657,-0.58,9.35,-0.3,-21.125,7.375,10.8125,-0.5111084,-0.5215454,-0.513855,-0.45025635
1e,1,Left Ankle,4063788,1779734038663,-1.61,9.85,-0.43,-20.8125,5.5,11.9375,-0.5114746,-0.5202637,-0.5118408,-0.45361328
1e,1,Left Ankle,4063804,1779734038663,-1.24,9.56,-0.46,-17.4375,16.125,17.8125,-0.5106201,-0.51904297,-0.51013184,-0.45776367
1e,4,Right Wrist,30066707,1779734038664,-4.9155564,-3.8429732,-1.1988041,68.60504,60.34111,26.333729,-136.08102,-27.1545,236.28915,0.0
1e,2,Right Ankle,1105814,1779734038664,-9.184305,-1.4018589,-1.134198,-29.543362,-4.7437596,-11.062382,108.322,78.9797,311.973,0.0
1e,1,Left Ankle,4063829,1779734038690,-1.05,9.84,-0.53,-15.0625,22.4375,20.4375,-0.50860596,-0.51776123,-0.5090332,-0.46276855
1e,3,Left Wrist,3863809,1779734038698,-0.717645,-1.583752,2.9168508,-63.374226,-20.320301,-6.750778,-96.15946,-25.55551,322.47757,0.0
1e,1,Left Ankle,4063850,1779734038715,-0.04,9.4,-0.13,-15.5625,21.9375,19.3125,-0.5064697,-0.5163574,-0.5079956,-0.4677124
1e,1,Left Ankle,4063865,1779734038721,-1.16,9.97,-0.66,-13.8125,16.8125,18.375,-0.5046387,-0.51519775,-0.506897,-0.472229
1e,2,Right Ankle,1105874,1779734038723,-8.880416,-0.645727,-2.2995026,-12.813362,2.11624,-2.592381,108.623955,79.018394,312.274,0.0
1e,1,Left Ankle,4063890,1779734038747,-0.58,9.87,-0.27,-10.4375,13.5625,13.75,-0.50250244,-0.51397705,-0.50561523,-0.47711182
1e,4,Right Wrist,30066767,1779734038748,-2.9606197,-2.5364923,-1.3806587,-4.96496,53.27111,25.703728,-136.06024,-27.111496,236.26164,0.0
1e,3,Left Wrist,3863869,1779734038757,-3.1032898,-0.1839508,2.065006,-27.254223,-39.500298,29.439222,-96.154045,-25.518408,322.4825,0.0
1e,1,Left Ankle,4063905,1779734038780,-0.03,9.35,0.17,-7.6875,12.1875,10.3125,-0.5018921,-0.51361084,-0.5053711,-0.47839355
1e,2,Right Ankle,1105934,1779734038782,-8.715312,-0.5787279,-2.440679,-17.083363,-10.69376,-1.8923812,108.91063,79.053856,312.56064,0.0
1e,1,Left Ankle,4063930,1779734038805,-0.52,9.86,-0.24,-4.4375,7.25,8.625,-0.5004883,-0.51330566,-0.5046387,-0.48101807
1e,1,Left Ankle,4063950,1779734038806,-0.56,9.63,-0.09,-1.125,4.625,8.3125,-0.5,-0.51342773,-0.50439453,-0.48162842
1e,4,Right Wrist,30066857,1779734038809,-1.8336003,0.19850364,-3.0556345,-34.50496,33.95111,5.683728,-136.11703,-27.068377,236.27342,0.0
1e,3,Left Wrist,3863958,1779734038817,-3.6632104,-0.33948418,2.8163521,-13.394223,-6.7403007,47.07922,-96.13614,-25.477652,322.4733,0.0
1e,1,Left Ankle,4063969,1779734038837,-0.71,9.81,-0.12,2.5,5.375,9.25,-0.4991455,-0.51434326,-0.50372314,-0.48217773
1e,2,Right Ankle,1105994,1779734038842,-9.119699,-1.279825,-1.1964114,-6.023362,-6.0737596,1.887619,109.10511,79.11827,312.75327,0.0
1e,1,Left Ankle,4063994,1779734038865,-0.02,9.61,-0.04,2.6875,8.3125,9.0,-0.4967041,-0.5150757,-0.5038452,-0.48382568
1e,4,Right Wrist,30066947,1779734038868,-2.388735,0.43300095,-1.7347964,3.01504,17.011112,-10.696272,-136.1437,-27.032404,236.28476,0.0
1e,3,Left Wrist,3864019,1779734038877,-2.083947,-0.83001286,1.9860427,-40.134224,14.749699,43.719223,-96.11973,-25.437473,322.45413,0.0
1e,1,Left Ankle,4064013,1779734038897,-0.45,9.74,0.01,3.1875,10.5,11.5625,-0.49560547,-0.5152588,-0.5039673,-0.48461914
1e,1,Left Ankle,4064032,1779734038897,-0.4,9.7,-0.83,8.25,12.1875,12.75,-0.491333,-0.5161743,-0.5046387,-0.4873047
1e,2,Right Ankle,1106053,1779734038903,-9.3446245,-0.73186857,-1.2586247,-12.883362,-4.1137595,10.217619,109.31649,79.17665,312.96484,0.0
1e,1,Left Ankle,4064052,1779734038925,-0.55,9.66,-0.8,9.0,10.0625,14.25,-0.48864746,-0.517334,-0.5050049,-0.48840332
1e,1,Left Ankle,4064072,1779734038926,-0.38,9.69,-0.43,9.875,8.8125,13.125,-0.48742676,-0.5180664,-0.5050659,-0.48876953
1e,4,Right Wrist,30067007,1779734038928,-3.1568315,-0.8782664,-1.2514462,-2.58496,3.2911115,-9.856272,-136.1489,-26.98983,236.28821,0.0
1e,3,Left Wrist,3864079,1779734038937,-0.6315034,0.56978846,0.8566305,-1.2842237,3.269699,42.039223,-96.097916,-25.416096,322.4421,0.0
1e,1,Left Ankle,4064091,1779734038955,-0.58,9.82,-0.92,8.9375,10.875,9.9375,-0.4837036,-0.51916504,-0.5065918,-0.4897461
1e,2,Right Ankle,1106114,1779734038962,-8.885201,-0.52130014,-1.5720845,-0.703362,-5.79376,3.007619,109.57962,79.22722,313.2231,0.0
1e,1,Left Ankle,4064113,1779734038985,-0.09,9.59,-0.81,7.625,6.6875,8.4375,-0.48101807,-0.5194092,-0.50775146,-0.4909668
1e,3,Left Wrist,3864138,1779734038997,-0.8396792,-1.8708906,0.91645104,-12.204224,-11.990301,50.929222,-96.07067,-25.357765,322.43066,0.0
1e,1,Left Ankle,4064135,1779734039015,-0.04,9.5,-0.4,6.75,2.75,8.125,-0.4796753,-0.5205078,-0.5076904,-0.4911499
1e,1,Left Ankle,4064153,1779734039016,-0.47,9.68,-0.73,7.625,1.625,7.3125,-0.47833252,-0.5216675,-0.5076904,-0.49127197
1e,1,Left Ankle,4064170,1779734039046,-0.44,9.66,-0.74,8.3125,3.75,7.125,-0.4765625,-0.52246094,-0.50823975,-0.49157715
1e,4,Right Wrist,30067067,1779734039048,-3.5061834,-1.4932214,-1.268196,2.5250401,5.601112,-4.536272,-136.14534,-26.94607,236.2868,0.0
1e,2,Right Ankle,1106173,1779734039052,-8.626777,-0.7845107,-2.184647,-1.2633619,-6.35376,1.887619,109.87494,79.26716,313.51328,0.0
1e,3,Left Wrist,3864199,1779734039058,-1.181853,-0.46151817,2.0554345,-2.8942237,-10.100301,47.359222,-96.04087,-25.324934,322.41907,0.0
1e,1,Left Ankle,4064196,1779734039080,-0.27,9.69,-0.76,7.5625,3.5625,6.1875,-0.4751587,-0.5231323,-0.50897217,-0.49145508
1e,1,Left Ankle,4064213,1779734039080,-0.33,9.38,-0.8,5.9375,0.875,6.0,-0.47442627,-0.52368164,-0.5097656,-0.49072266
1e,1,Left Ankle,4064238,1779734039107,-0.32,9.53,-0.98,4.8125,1.0625,6.6875,-0.473938,-0.5241699,-0.5105591,-0.48986816
1e,2,Right Ankle,1106234,1779734039113,-9.18909,-0.7199045,-1.4045868,-5.393362,-4.25376,7.137619,110.11543,79.32259,313.751,0.0
1e,3,Left Wrist,3864258,1779734039118,-1.4977052,-1.7368927,1.5050855,-20.324223,-5.2003007,50.579224,-96.01718,-25.27362,322.40585,0.0
1e,1,Left Ankle,4064256,1779734039140,-0.22,9.75,-0.96,3.25,1.9375,6.5,-0.4732666,-0.52459717,-0.5112915,-0.48931885
1e,1,Left Ankle,4064281,1779734039140,-0.07,9.6,-0.82,0.6875,2.25,4.875,-0.47235107,-0.5253906,-0.5108032,-0.48986816
1e,4,Right Wrist,30067230,1779734039140,-3.3362932,-1.7037902,-1.8831514,1.3350401,11.621112,5.193728,-136.13719,-26.851332,236.27728,0.0
1e,1,Left Ankle,4064302,1779734039165,-0.16,9.48,-0.88,0.25,2.125,4.375,-0.47216797,-0.5253296,-0.5109863,-0.48986816
1e,2,Right Ankle,1106324,1779734039173,-8.978521,-0.6816193,-1.8711873,-7.213362,-3.9737597,4.127619,110.400314,79.367195,314.03314,0.0
1e,3,Left Wrist,3864319,1779734039178,-1.4259207,0.2754713,1.7156539,3.4757762,-3.6603007,38.259224,-95.99068,-25.245293,322.39496,0.0
1e,1,Left Ankle,4064316,1779734039197,-0.21,9.51,-0.83,-0.1875,3.125,4.0625,-0.4718628,-0.5252075,-0.51135254,-0.4899292
1e,1,Left Ankle,4064341,1779734039197,-0.11,9.69,-0.85,-0.625,4.1875,3.75,-0.4713745,-0.52490234,-0.5118408,-0.49023438
1e,4,Right Wrist,30067277,1779734039198,-3.2501516,-1.8593233,-1.7682959,-1.8849599,7.7711115,7.923728,-136.13422,-26.798927,236.2722,0.0
1e,1,Left Ankle,4064357,1779734039225,0.02,9.75,-0.74,-0.625,5.375,3.0625,-0.47113037,-0.52471924,-0.5120239,-0.49047852
1e,2,Right Ankle,1106383,1779734039232,-9.052699,-0.78211784,-1.7994026,-7.703362,-3.1337595,3.707619,110.681305,79.41474,314.31168,0.0
1e,3,Left Wrist,3864378,1779734039238,-1.229709,-1.5263242,1.3064811,-15.844223,-6.8803005,43.579224,-95.965096,-25.196667,322.38242,0.0
1e,1,Left Ankle,4064382,1779734039256,0.28,9.63,-0.78,0.875,2.9375,0.9375,-0.47052002,-0.5244751,-0.5123291,-0.4909668
1e,1,Left Ankle,4064403,1779734039256,-0.06,9.57,-0.79,1.8125,0.375,0.0625,-0.47045898,-0.52441406,-0.5126343,-0.4907837
1e,4,Right Wrist,30067336,1779734039258,-3.5755754,-1.3592232,-1.5601203,-18.05496,5.5311117,8.833728,-136.14006,-26.750029,236.2688,0.0
1e,1,Left Ankle,4064421,1779734039285,-0.19,9.64,-0.71,1.9375,1.0,-0.1875,-0.47021484,-0.52453613,-0.5128174,-0.49066162
1e,2,Right Ankle,1106444,1779734039292,-9.169948,-0.7916891,-1.5864414,-6.373362,-1.3837599,5.177619,110.94973,79.4664,314.57758,0.0
1e,3,Left Wrist,3864439,1779734039297,-0.8660002,-0.52133876,1.9477576,19.365776,-9.680301,41.54922,-95.92552,-25.167826,322.37015,0.0
1e,1,Left Ankle,4064439,1779734039315,-0.02,9.75,-0.94,2.25,1.75,-0.375,-0.47003174,-0.52453613,-0.5130005,-0.49066162
1e,1,Left Ankle,4064462,1779734039317,-0.01,9.58,-0.72,2.875,1.4375,-0.9375,-0.46966553,-0.52423096,-0.51416016,-0.49017334
1e,4,Right Wrist,30067397,1779734039323,-3.4583268,-0.97158647,-1.5864414,2.5250401,5.601112,3.163728,-136.14354,-26.703028,236.26883,0.0
1e,1,Left Ankle,4064478,1779734039347,0.02,9.64,-0.86,3.5,2.1875,-1.6875,-0.46954346,-0.5241699,-0.51452637,-0.4899292
1e,3,Left Wrist,3864499,1779734039357,-1.2991011,-1.1769722,1.5433706,-20.604223,-9.3303,48.68922,-95.90187,-25.122887,322.3584,0.0
1e,1,Left Ankle,4064503,1779734039375,-0.09,9.72,-0.94,2.875,1.25,-1.75,-0.4694214,-0.5239258,-0.515625,-0.48913574
1e,1,Left Ankle,4064520,1779734039375,-0.19,9.69,-0.89,1.5,1.75,-1.875,-0.46948242,-0.52349854,-0.51641846,-0.48864746
1e,2,Right Ankle,1106503,1779734039383,-9.004843,-0.63615566,-1.7443677,-4.693362,-0.89375985,3.707619,111.24176,79.51236,314.86618,0.0
1e,1,Left Ankle,4064543,1779734039405,-0.2,9.61,-0.83,1.5,2.4375,-2.0,-0.46954346,-0.5230713,-0.51727295,-0.4882202
1e,4,Right Wrist,30067457,1779734039408,-3.2573295,-1.4884359,-1.7347964,-2.30496,7.2811117,5.123728,-136.14468,-26.65211,236.26625,0.0
1e,3,Left Wrist,3864559,1779734039419,-1.5862393,-1.0238315,1.7371893,24.335777,-10.520301,43.50922,-95.864555,-25.080996,322.34805,0.0
1e,1,Left Ankle,4064563,1779734039439,-0.16,9.5,-0.74,1.3125,1.9375,-1.8125,-0.47009277,-0.52319336,-0.517395,-0.4874878
1e,1,Left Ankle,4064582,1779734039439,-0.05,9.76,-0.92,1.6875,1.8125,-1.4375,-0.47003174,-0.52282715,-0.51812744,-0.48706055
1e,2,Right Ankle,1106593,1779734039443,-8.940237,-0.6887978,-1.7874384,-4.693362,-0.6837598,3.987619,111.53846,79.557365,315.15942,0.0
1e,1,Left Ankle,4064606,1779734039465,-0.09,9.68,-0.71,2.6875,1.375,-1.9375,-0.47003174,-0.52264404,-0.5187378,-0.48669434
1e,4,Right Wrist,30067517,1779734039468,-3.22383,-0.7131612,-1.8831514,-11.12496,6.9311113,3.863728,-136.15912,-26.603031,236.26862,0.0
1e,3,Left Wrist,3864619,1779734039477,-1.3613147,-0.868298,1.7300107,-34.954224,-5.480301,46.519222,-95.845924,-25.041012,322.3352,0.0
1e,1,Left Ankle,4064625,1779734039498,-0.12,9.65,-0.83,3.25,0.6875,-2.125,-0.47058105,-0.5231323,-0.5187378,-0.48565674
1e,2,Right Ankle,1106654,1779734039502,-9.038342,-0.5763351,-1.8041883,-5.183362,-0.61375976,4.337619,111.8404,79.60036,315.45804,0.0
1e,1,Left Ankle,4064652,1779734039525,-0.12,9.68,-0.98,3.0625,-0.25,-2.0625,-0.47058105,-0.5230713,-0.5192871,-0.4850464
1e,1,Left Ankle,4064669,1779734039527,-0.11,9.63,-1.04,2.8125,0.0625,-2.125,-0.46990967,-0.5222168,-0.52075195,-0.4850464
1e,4,Right Wrist,30067607,1779734039529,-3.2477586,-1.4214369,-1.7491533,0.2850399,1.8211117,4.283728,-136.16103,-26.55092,236.26816,0.0
1e,3,Left Wrist,3864678,1779734039537,-1.4019927,-1.6459653,1.5337993,12.015777,-9.190301,44.699223,-95.810875,-24.993065,322.3236,0.0
1e,1,Left Ankle,4064688,1779734039557,-0.2,9.55,-0.95,2.5625,-0.75,-1.625,-0.4699707,-0.5222168,-0.5213623,-0.484375
1e,2,Right Ankle,1106713,1779734039562,-9.031164,-0.61701304,-1.7515461,-4.833362,-0.89375985,3.777619,112.1405,79.64514,315.7548,0.0
1e,1,Left Ankle,4064710,1779734039585,-0.19,9.62,-0.91,2.25,-1.8125,-1.375,-0.47027588,-0.52227783,-0.5219116,-0.4833374
1e,1,Left Ankle,4064729,1779734039586,-0.26,9.58,-0.89,2.25,-1.375,-1.125,-0.47039795,-0.52233887,-0.5220947,-0.48303223
1e,4,Right Wrist,30067666,1779734039588,-3.2046876,-1.3472593,-1.6103697,-3.63496,3.2211118,6.803728,-136.16316,-26.49965,236.26631,0.0
1e,3,Left Wrist,3864739,1779734039598,-1.2416736,-0.29880622,2.0315065,0.9557764,-12.060301,49.24922,-95.781166,-24.959824,322.31342,0.0
1e,1,Left Ankle,4064746,1779734039617,-0.31,9.62,-0.99,1.8125,0.75,-0.6875,-0.47039795,-0.5222168,-0.52264404,-0.48254395
1e,2,Right Ankle,1106774,1779734039624,-9.031164,-0.63615566,-1.7946169,-4.273362,-1.0337597,4.687619,112.4446,79.68854,316.05527,0.0
1e,1,Left Ankle,4064791,1779734039648,-0.14,9.62,-0.97,1.0,1.0,-0.3125,-0.4711914,-0.52282715,-0.52264404,-0.4810791
1e,1,Left Ankle,4064770,1779734039648,-0.22,9.62,-0.95,1.5,1.6875,-0.4375,-0.4711914,-0.5229492,-0.5223999,-0.4812622
1e,3,Left Wrist,3864798,1779734039659,-1.4067782,-1.5478595,1.6510476,7.3957767,-7.370301,43.50922,-95.747025,-24.91447,322.30106,0.0
1e,1,Left Ankle,4064806,1779734039682,-0.28,9.57,-0.97,1.0,1.4375,-0.1875,-0.47113037,-0.5227661,-0.5228882,-0.48095703
1e,4,Right Wrist,30067727,1779734039682,-3.4846478,-1.541078,-1.617548,-4.8249598,4.621112,6.383728,-136.16362,-26.44972,236.26332,0.0
1e,2,Right Ankle,1106833,1779734039683,-9.014415,-0.5811207,-1.7515461,-5.183362,-0.89375985,4.827619,112.750015,79.7318,316.35736,0.0
1e,1,Left Ankle,4064827,1779734039707,-0.1,9.6,-0.99,0.875,2.0,-0.0625,-0.4710083,-0.522583,-0.5232544,-0.480896
1e,1,Left Ankle,4064849,1779734039709,-0.22,9.64,-1.0,0.0,0.8125,0.0625,-0.4710083,-0.5223999,-0.52349854,-0.48077393
1e,3,Left Wrist,3864859,1779734039719,-1.4378847,-0.841977,1.5960126,-3.4542236,-5.4103007,40.56922,-95.71884,-24.874638,322.2891,0.0
1e,4,Right Wrist,30067787,1779734039741,-3.5253258,-1.2156541,-1.8233309,-4.61496,5.8111115,6.943728,-136.1689,-26.399422,236.26213,0.0
1e,1,Left Ankle,4064873,1779734039741,-0.18,9.67,-0.95,-0.125,0.625,0.0625,-0.4716797,-0.52301025,-0.5229492,-0.4800415
1e,2,Right Ankle,1106894,1779734039749,-8.973736,-0.44472983,-1.8376877,-6.093362,-1.1737598,3.217619,113.06723,79.77096,316.67148,0.0
1e,1,Left Ankle,4064891,1779734039767,-0.19,9.66,-0.95,0.625,0.8125,-0.25,-0.47174072,-0.52282715,-0.5232544,-0.4798584
1e,1,Left Ankle,4064906,1779734039773,-0.12,9.63,-0.97,1.0,0.9375,-0.25,-0.4716797,-0.52282715,-0.52337646,-0.47979736
1e,3,Left Wrist,3864918,1779734039779,-1.3326006,-0.9568324,1.5481563,12.155777,-13.1103,42.52922,-95.685394,-24.833158,322.27963,0.0
1e,1,Left Ankle,4064931,1779734039799,-0.22,9.67,-0.98,0.75,0.375,0.0,-0.47174072,-0.52282715,-0.5235596,-0.47955322
1e,4,Right Wrist,30067876,1779734039799,-3.3889353,-1.1965116,-1.820938,-8.184959,7.6311116,4.143728,-136.17596,-26.349638,236.26141,0.0
1e,2,Right Ankle,1106954,1779734039808,-9.004843,-0.6002633,-1.7706887,-5.743362,-0.9637598,2.097619,113.380104,79.81424,316.98126,0.0
1e,1,Left Ankle,4064953,1779734039827,-0.16,9.59,-0.97,0.1875,-0.0625,0.0625,-0.47180176,-0.5227661,-0.52368164,-0.47943115
1e,1,Left Ankle,4064971,1779734039832,-0.24,9.62,-0.95,-0.1875,0.1875,0.5625,-0.4732666,-0.52404785,-0.52246094,-0.4779663
1e,3,Left Wrist,3864979,1779734039839,-1.3326006,-1.7895347,1.8975083,0.8157764,-11.9203005,46.86922,-95.65215,-24.788286,322.2681,0.0
1e,1,Left Ankle,4064992,1779734039857,-0.16,9.62,-0.97,-0.125,0.375,0.5625,-0.4732666,-0.5239868,-0.522522,-0.47790527
1e,4,Right Wrist,30067937,1779734039859,-3.3147576,-0.9691934,-1.765903,-6.85496,5.7411118,4.073728,-136.18477,-26.300264,236.26208,0.0
1e,2,Right Ankle,1107014,1779734039866,-8.985701,-0.5547997,-1.7994026,-5.393362,-1.3137599,1.817619,113.69839,79.855934,317.29633,0.0
1e,1,Left Ankle,4065006,1779734039890,-0.2,9.63,-0.97,-0.3125,0.125,0.1875,-0.47338867,-0.5239258,-0.52264404,-0.47772217
1e,1,Left Ankle,4065031,1779734039890,-0.16,9.66,-0.97,-0.3125,0.875,0.25,-0.4743042,-0.52471924,-0.5219116,-0.4767456
1e,3,Left Wrist,3865039,1779734039898,-1.4330993,-1.3731835,1.6797615,5.5057764,-6.1803007,45.32922,-95.61892,-24.743658,322.2555,0.0
1e,1,Left Ankle,4065053,1779734039917,-0.19,9.58,-0.95,-0.25,0.875,0.1875,-0.4743042,-0.5246582,-0.5220337,-0.4767456
1e,4,Right Wrist,30067997,1779734039919,-3.2860436,-1.4453648,-1.7635103,-2.30496,5.391112,3.3037279,-136.1871,-26.249254,236.26085,0.0
1e,2,Right Ankle,1107074,1779734039923,-9.026379,-0.5332643,-1.765903,-5.8833623,-1.2437598,1.957619,114.01724,79.89791,317.61212,0.0
1e,1,Left Ankle,4065069,1779734039949,-0.17,9.62,-0.97,-0.5625,0.875,0.375,-0.47436523,-0.52453613,-0.52215576,-0.47668457
1e,1,Left Ankle,4065091,1779734039950,-0.08,9.71,-0.89,0.0625,1.25,0.0625,-0.4743042,-0.524292,-0.52233887,-0.4767456
1e,3,Left Wrist,3865099,1779734039959,-1.4642063,-1.0716878,1.3184452,-11.5742235,-8.910301,43.789223,-95.5954,-24.69688,322.24542,0.0
1e,1,Left Ankle,4065107,1779734039977,-0.24,9.67,-0.97,0.5,1.125,0.375,-0.4743042,-0.52423096,-0.52246094,-0.4767456
1e,4,Right Wrist,30068057,1779734039984,-3.31715,-1.1606191,-1.6677973,-8.53496,5.7411118,8.203728,-136.19295,-26.198925,236.25903,0.0
1e,2,Right Ankle,1107133,1779734039984,-9.016808,-0.54522836,-1.741975,-5.5333624,-1.2437598,2.027619,114.3371,79.940384,317.92883,0.0
1e,1,Left Ankle,4065132,1779734040008,-0.22,9.63,-0.93,0.75,-0.0625,-0.4375,-0.47436523,-0.5241699,-0.52264404,-0.47650146
1e,1,Left Ankle,4065152,1779734040013,-0.19,9.63,-0.96,0.8125,-0.0625,-0.6875,-0.47442627,-0.5241089,-0.5228882,-0.47625732
1e,3,Left Wrist,3865159,1779734040018,-1.2679946,-1.3372912,1.8975083,10.195777,-12.1303005,42.73922,-95.559425,-24.656889,322.2344,0.0
1e,1,Left Ankle,4065171,1779734040035,-0.21,9.65,-1.0,0.6875,-0.0625,-0.625,-0.47442627,-0.5241089,-0.52301025,-0.47607422
1e,4,Right Wrist,30068117,1779734040042,-3.2477586,-1.0768706,-1.536192,0.77504015,4.6911116,4.9137278,-136.19568,-26.15011,236.25822,0.0
1e,2,Right Ankle,1107194,1779734040042,-9.071842,-0.5882992,-1.7371893,-6.303362,-1.3137599,2.3076189,114.65691,79.983406,318.24576,0.0
1e,1,Left Ankle,4065192,1779734040067,-0.22,9.58,-0.98,0.625,0.25,-0.5,-0.4744873,-0.5241089,-0.5231323,-0.47595215
1e,1,Left Ankle,4065208,1779734040068,-0.2,9.62,-0.98,0.625,0.5625,-0.625,-0.47454834,-0.52404785,-0.5232544,-0.47583008
1e,3,Left Wrist,3865218,1779734040078,-1.323029,-1.2990061,1.8424734,-3.3142233,-6.6703005,48.54922,-95.52793,-24.614283,322.2214,0.0
1e,1,Left Ankle,4065231,1779734040099,-0.17,9.66,-0.99,0.625,0.5625,-0.625,-0.47454834,-0.52386475,-0.5236206,-0.47558594
1e,4,Right Wrist,30068177,1779734040100,-3.3315072,-1.2204397,-1.5290138,-7.20496,4.7611117,4.563728,-136.19955,-26.101393,236.25674,0.0
1e,2,Right Ankle,1107253,1779734040104,-9.004843,-0.645727,-1.8305094,-5.603362,-1.2437598,3.007619,114.98397,80.024055,318.56967,0.0
1e,1,Left Ankle,4065254,1779734040126,-0.07,9.58,-1.02,0.625,0.5,-0.625,-0.47454834,-0.52386475,-0.5238037,-0.47540283
1e,1,Left Ankle,4065275,1779734040133,-0.17,9.65,-1.06,0.375,0.375,-0.6875,-0.47485352,-0.52404785,-0.52368164,-0.47503662
1e,3,Left Wrist,3865279,1779734040139,-1.2201381,-0.8946191,1.3016955,6.2057767,-9.680301,46.79922,-95.49664,-24.56954,322.2109,0.0
1e,1,Left Ankle,4065293,1779734040158,-0.28,9.61,-0.95,0.4375,0.8125,-0.5625,-0.47491455,-0.5239868,-0.5238037,-0.47491455
1e,4,Right Wrist,30068237,1779734040160,-3.4607198,-1.1749761,-1.7060825,-4.89496,6.2311115,2.883728,-136.20477,-26.052818,236.2563,0.0
1e,2,Right Ankle,1107314,1779734040166,-9.033557,-0.51890737,-1.7706887,-5.743362,-1.0337597,3.147619,115.31321,80.063995,318.8958,0.0
1e,1,Left Ankle,4065315,1779734040190,-0.16,9.64,-0.94,0.375,0.625,-1.0,-0.47564697,-0.52453613,-0.5232544,-0.47418213
1e,3,Left Wrist,3865338,1779734040198,-1.3756717,-0.99511755,1.4811572,-0.30422366,-14.3703,43.579224,-95.46836,-24.526024,322.20233,0.0
1e,1,Left Ankle,4065336,1779734040217,-0.13,9.65,-1.04,0.5,0.625,-0.875,-0.475708,-0.524353,-0.5234375,-0.47406006
1e,1,Left Ankle,4065359,1779734040219,-0.24,9.62,-0.96,1.0,0.0625,-0.8125,-0.47576904,-0.524353,-0.5236206,-0.47387695
1e,4,Right Wrist,30068297,1779734040219,-3.3243287,-1.0337994,-1.713261,-2.37496,7.4211116,3.443728,-136.21062,-26.004143,236.2561,0.0
1e,2,Right Ankle,1107374,1779734040224,-9.016808,-0.56676376,-1.8065811,-5.953362,-1.0337597,2.657619,115.646484,80.10354,319.22604,0.0
1e,1,Left Ankle,4065384,1779734040249,-0.27,9.59,-1.01,1.1875,0.1875,-0.875,-0.4763794,-0.5249634,-0.52319336,-0.47296143
1e,3,Left Wrist,3865399,1779734040258,-1.4522418,-1.7584281,1.7874384,11.105777,-12.270301,46.239223,-95.43304,-24.479324,322.19177,0.0
1e,1,Left Ankle,4065401,1779734040276,-0.2,9.61,-0.93,1.25,0.5,-0.8125,-0.47644043,-0.5249634,-0.5234375,-0.4727173
1e,1,Left Ankle,4065421,1779734040284,-0.11,9.61,-1.01,1.0625,0.625,-0.75,-0.47686768,-0.52545166,-0.52319336,-0.47192383
1e,4,Right Wrist,30068357,1779734040284,-3.3769705,-1.1869401,-1.6821544,-1.11496,8.471111,4.563728,-136.21378,-25.955427,236.25446,0.0
1e,2,Right Ankle,1107434,1779734040284,-9.026379,-0.5260858,-1.7946169,-5.393362,-1.1037599,2.867619,115.98246,80.14249,319.55875,0.0
1e,1,Left Ankle,4065443,1779734040309,-0.18,9.6,-0.91,0.875,0.3125,-0.75,-0.4769287,-0.5253906,-0.5234375,-0.47174072
1e,3,Left Wrist,3865458,1779734040318,-1.5240263,-1.2559353,1.6845471,-4.7142234,-7.8603005,49.949223,-95.404564,-24.433151,322.1803,0.0
1e,1,Left Ankle,4065465,1779734040342,-0.17,9.65,-1.06,1.4375,0.8125,-1.625,-0.47686768,-0.52526855,-0.5237427,-0.47155762
1e,4,Right Wrist,30068416,1779734040342,-3.3793638,-1.3496523,-1.7587247,1.9650402,7.4211116,5.543728,-136.21497,-25.905104,236.2524,0.0
1e,2,Right Ankle,1107494,1779734040343,-9.059877,-0.6098346,-1.7970098,-5.393362,-1.1037599,2.7976189,116.318794,80.18238,319.8919,0.0
1e,1,Left Ankle,4065486,1779734040368,-0.22,9.53,-0.98,1.0,0.3125,-1.4375,-0.4769287,-0.5251465,-0.52404785,-0.47131348
1e,1,Left Ankle,4065506,1779734040368,-0.27,9.6,-1.05,0.9375,0.4375,-1.125,-0.4769287,-0.52508545,-0.524292,-0.47106934
1e,3,Left Wrist,3865519,1779734040379,-1.3062797,-0.52612436,1.5433706,6.6257763,-9.610301,43.36922,-95.37393,-24.395195,322.17035,0.0
1e,1,Left Ankle,4065523,1779734040400,-0.14,9.56,-1.04,0.9375,0.5,-1.5625,-0.4772339,-0.52526855,-0.524292,-0.47052002
1e,1,Left Ankle,4065545,1779734040400,-0.27,9.65,-1.05,0.875,-0.3125,-1.25,-0.47729492,-0.5252075,-0.52453613,-0.47027588
1e,1,Left Ankle,4065564,1779734040427,-0.28,9.66,-0.98,1.0625,0.0,-1.6875,-0.47735596,-0.52508545,-0.5248413,-0.47003174
1e,4,Right Wrist,30068477,1779734040430,-3.2573295,-1.031407,-1.5984055,-5.45496,7.8411117,4.423728,-136.22067,-25.856838,236.25136,0.0
1e,2,Right Ankle,1107553,1779734040433,-9.016808,-0.509336,-1.7635103,-5.463362,-0.8237598,3.007619,116.65909,80.22097,320.22897,0.0
1e,3,Left Wrist,3865579,1779734040439,-1.3995997,-1.7081788,1.7347964,3.8257766,-9.3303,44.27922,-95.34063,-24.349274,322.15878,0.0
1e,1,Left Ankle,4065586,1779734040459,-0.25,9.6,-0.99,1.3125,0.5,-1.625,-0.477417,-0.5250244,-0.5251465,-0.46972656
1e,1,Left Ankle,4065607,1779734040487,-0.14,9.68,-1.04,1.6875,0.125,-1.375,-0.477417,-0.5249634,-0.5253906,-0.4694214
1e,1,Left Ankle,4065631,1779734040487,-0.19,9.64,-1.08,1.4375,-1.3125,-1.5,-0.4776001,-0.5250244,-0.5256958,-0.46887207
1e,4,Right Wrist,30068537,1779734040488,-3.2980075,-1.1127626,-1.5816557,-3.77496,7.911112,3.723728,-136.22481,-25.8088,236.25,0.0
1e,2,Right Ankle,1107644,1779734040492,-9.000057,-0.48062217,-1.7802601,-5.253362,-0.89375985,2.727619,117.00393,80.25834,320.57053,0.0
1e,3,Left Wrist,3865638,1779734040498,-1.3948143,-0.80847746,1.7108681,-1.4242235,-8.770301,46.09922,-95.3114,-24.309002,322.14795,0.0
1e,1,Left Ankle,4065652,1779734040518,-0.31,9.63,-0.99,1.5,-1.25,-1.625,-0.4777832,-0.52508545,-0.52593994,-0.4683838
1e,1,Left Ankle,4065669,1779734040546,-0.3,9.59,-1.1,1.4375,-1.0,-1.6875,-0.47784424,-0.52508545,-0.526062,-0.46820068
1e,1,Left Ankle,4065691,1779734040546,-0.15,9.67,-1.16,1.0,-2.4375,-1.75,-0.47802734,-0.5251465,-0.5263672,-0.46759033
1e,4,Right Wrist,30068626,1779734040549,-3.199902,-1.3041887,-1.7587247,1.3350401,9.451112,5.053728,-136.22673,-25.758238,236.24785,0.0
1e,2,Right Ankle,1107704,1779734040552,-8.988093,-0.6241915,-1.7611175,-4.763362,-0.33375978,3.917619,117.34716,80.29767,320.91034,0.0
1e,3,Left Wrist,3865699,1779734040557,-1.4665982,-1.4449682,1.5744772,4.9457765,-10.520301,48.199223,-95.27974,-24.260967,322.13754,0.0
1e,1,Left Ankle,4065710,1779734040576,-0.32,9.74,-1.03,0.3125,-3.8125,-1.5625,-0.47888184,-0.52563477,-0.5258789,-0.46673584
1e,1,Left Ankle,4065734,1779734040605,-0.32,9.48,-1.16,0.25,-0.625,-2.125,-0.479187,-0.52545166,-0.526062,-0.4663086
1e,1,Left Ankle,4065754,1779734040606,-0.28,9.54,-1.11,-0.1875,0.8125,-0.9375,-0.47937012,-0.52526855,-0.5263672,-0.4661255
1e,4,Right Wrist,30068687,1779734040608,-3.1424744,-1.1510481,-1.8161523,-4.54496,8.611112,2.743728,-136.23354,-25.70773,236.2476,0.0
1e,2,Right Ankle,1107764,1779734040612,-9.148412,-0.5763351,-1.7587247,-3.923362,0.5062402,7.4176188,117.69091,80.33537,321.2504,0.0
1e,3,Left Wrist,3865758,1779734040617,-1.4259207,-0.6984076,1.8448663,5.4357767,-10.800301,45.18922,-95.248505,-24.22282,322.1276,0.0
1e,1,Left Ankle,4065778,1779734040635,-0.42,9.57,-1.07,-0.9375,0.125,-0.3125,-0.47955322,-0.5252075,-0.52630615,-0.46600342
1e,1,Left Ankle,4065804,1779734040665,-0.33,9.62,-0.98,-0.8125,0.0625,-0.75,-0.47973633,-0.5250244,-0.5263672,-0.46594238
1e,4,Right Wrist,30068747,1779734040668,-3.0850463,-1.0720844,-1.6797615,-7.83496,7.2811117,3.373728,-136.24107,-25.657778,236.24734,0.0
1e,2,Right Ankle,1107824,1779734040673,-8.952201,-0.48062217,-1.8879371,-3.923362,0.2962402,6.787619,118.04745,80.366936,321.6031,0.0
1e,3,Left Wrist,3865819,1779734040677,-1.4665982,-2.0288172,1.6414763,-1.9842235,-9.5403,46.09922,-95.21788,-24.172558,322.11646,0.0
1e,1,Left Ankle,4065821,1779734040695,-0.43,9.56,-0.99,-0.5625,1.375,-0.8125,-0.48065186,-0.5255127,-0.52575684,-0.46514893
1e,1,Left Ankle,4065843,1779734040725,-0.34,9.65,-1.07,-0.6875,0.9375,-0.5,-0.48065186,-0.52545166,-0.5258179,-0.46520996
1e,1,Left Ankle,4065861,1779734040726,-0.27,9.64,-1.07,-0.8125,1.0625,-0.75,-0.4814453,-0.52593994,-0.5251465,-0.46453857
1e,4,Right Wrist,30068807,1779734040728,-3.0874393,-1.1223341,-1.7228323,-0.83496,9.101111,2.113728,-136.246,-25.608053,236.24689,0.0
1e,2,Right Ankle,1107883,1779734040733,-8.947415,-0.44712263,-1.8281165,-6.583362,0.01624024,6.717619,118.40302,80.39929,321.95575,0.0
1e,3,Left Wrist,3865878,1779734040738,-1.3038865,-0.94726115,1.9381864,5.8557763,-9.050301,43.789223,-95.18419,-24.134966,322.1051,0.0
1e,1,Left Ankle,4065882,1779734040760,-0.39,9.6,-1.03,-0.75,1.3125,-0.1875,-0.4814453,-0.5256958,-0.52526855,-0.46466064
1e,1,Left Ankle,4065901,1779734040760,-0.33,9.56,-1.0,-0.875,1.3125,-0.125,-0.4814453,-0.5255127,-0.5253906,-0.4647827
1e,1,Left Ankle,4065922,1779734040785,-0.3,9.61,-1.07,-0.8125,1.4375,0.0625,-0.48138428,-0.52526855,-0.5255127,-0.46496582
1e,4,Right Wrist,30068867,1779734040788,-3.118546,-1.3711878,-1.7635103,-3.14496,10.151112,3.653728,-136.24902,-25.557276,236.24467,0.0
1e,2,Right Ankle,1107944,1779734040792,-8.992879,-0.33705282,-1.9214365,-4.973362,-0.6837598,4.337619,118.7671,80.4276,322.3163,0.0
1e,3,Left Wrist,3865939,1779734040798,-1.3326006,-1.7225356,1.8424734,-5.5542235,-6.5303006,45.539223,-95.152725,-24.090275,322.09222,0.0
1e,1,Left Ankle,4065945,1779734040818,-0.31,9.58,-1.01,-0.5625,1.5625,0.1875,-0.48132324,-0.52508545,-0.52563477,-0.4650879
1e,1,Left Ankle,4065964,1779734040845,-0.29,9.62,-1.01,-0.75,0.8125,0.75,-0.48150635,-0.52526855,-0.52545166,-0.46496582
1e,1,Left Ankle,4065982,1779734040846,-0.29,9.54,-1.05,-0.6875,0.5625,0.625,-0.48150635,-0.5252075,-0.5253296,-0.4650879
1e,2,Right Ankle,1108003,1779734040852,-8.988093,-0.26287532,-1.8927227,-6.233362,-1.3137599,2.237619,119.13372,80.45548,322.67984,0.0
1e,3,Left Wrist,3865999,1779734040858,-1.4522418,-0.7462641,1.5457635,13.765777,-7.5103006,44.20922,-95.11955,-24.04882,322.0818,0.0
1e,1,Left Ankle,4066002,1779734040876,-0.32,9.7,-0.92,-0.6875,0.5,0.9375,-0.48150635,-0.5252075,-0.5252075,-0.46520996
1e,1,Left Ankle,4066023,1779734040876,-0.33,9.51,-0.98,-0.5625,0.125,0.75,-0.48150635,-0.5252075,-0.5252075,-0.465271
1e,4,Right Wrist,30068927,1779734040878,-3.0778677,-1.11037,-1.820938,-3.77496,7.0711117,4.213728,-136.25623,-25.505716,236.24472,0.0
1e,1,Left Ankle,4066043,1779734040905,-0.33,9.61,-1.07,-0.25,0.4375,0.75,-0.48150635,-0.52526855,-0.5251465,-0.465271
1e,2,Right Ankle,1108064,1779734040913,-9.016808,-0.28919637,-1.9262222,-5.8833623,-1.6637598,1.467619,119.50304,80.48297,323.046,0.0
1e,3,Left Wrist,3866059,1779734040918,-1.4953122,-1.9091758,1.1796615,-15.494223,-10.800301,46.519222,-95.09779,-23.992128,322.0728,0.0
1e,1,Left Ankle,4066068,1779734040937,-0.35,9.61,-0.99,-0.25,0.8125,0.8125,-0.4814453,-0.52526855,-0.5251465,-0.46533203
1e,4,Right Wrist,30068987,1779734040943,-3.1687956,-1.0337994,-1.7443677,-3.98496,5.8111115,3.653728,-136.26349,-25.45538,236.24513,0.0
1e,1,Left Ankle,4066091,1779734040969,-0.23,9.63,-0.95,-0.125,0.625,0.4375,-0.48138428,-0.5252075,-0.5252075,-0.46539307
1e,1,Left Ankle,4066109,1779734040970,-0.21,9.67,-1.08,0.1875,0.0,0.3125,-0.48138428,-0.5252075,-0.5252075,-0.46533203
1e,2,Right Ankle,1108124,1779734040974,-8.980915,-0.46865803,-1.9022939,-5.603362,-2.2237597,1.607619,119.87116,80.51421,323.41086,0.0
1e,3,Left Wrist,3866119,1779734040978,-1.4067782,-0.83479846,1.7635103,16.355776,-9.7503,41.47922,-95.062355,-23.95352,322.06265,0.0
1e,1,Left Ankle,4066131,1779734041003,-0.28,9.61,-1.03,0.8125,0.25,-0.0625,-0.48138428,-0.5252075,-0.52526855,-0.465271
1e,4,Right Wrist,30069077,1779734041003,-3.14726,-1.0601205,-1.8017955,1.1950402,8.611112,1.3437278,-136.2693,-25.405628,236.24562,0.0
1e,1,Left Ankle,4066153,1779734041027,-0.22,9.55,-1.04,0.6875,0.375,-0.375,-0.48138428,-0.5252075,-0.5253296,-0.46520996
1e,2,Right Ankle,1108184,1779734041033,-9.007236,-0.3896949,-1.8424734,-7.283362,-1.6637598,1.817619,120.24063,80.54531,323.77768,0.0
1e,3,Left Wrist,3866178,1779734041038,-1.4115636,-1.8421769,1.617548,-2.4742236,-9.1203,52.18922,-95.03169,-23.902246,322.0513,0.0
1e,1,Left Ankle,4066174,1779734041061,-0.42,9.62,-1.09,0.0,-0.0625,0.4375,-0.48138428,-0.5252075,-0.52545166,-0.46514893
1e,4,Right Wrist,30069137,1779734041061,-3.0994034,-1.3879373,-1.7970098,-3.7049599,6.721112,3.163728,-136.27316,-25.353634,236.24454,0.0
1e,1,Left Ankle,4066192,1779734041086,-0.33,9.61,-1.06,-0.5625,0.125,0.6875,-0.48138428,-0.5252075,-0.52545166,-0.4650879
1e,1,Left Ankle,4066211,1779734041089,-0.3,9.65,-0.99,-0.75,-0.125,0.4375,-0.4814453,-0.5251465,-0.52545166,-0.4650879
1e,2,Right Ankle,1108244,1779734041093,-9.047914,-0.35619542,-1.8041883,-5.393362,-1.3837599,2.097619,120.61213,80.5765,324.14584,0.0
1e,3,Left Wrist,3866239,1779734041099,-1.2727801,-0.5596239,1.7850457,12.085776,-10.520301,48.969223,-94.99772,-23.864508,322.04123,0.0
1e,1,Left Ankle,4066237,1779734041119,-0.3,9.6,-0.95,-0.625,-0.4375,0.3125,-0.48156738,-0.52508545,-0.5253906,-0.46514893
1e,1,Left Ankle,4066253,1779734041119,-0.32,9.58,-1.01,-0.875,-0.0625,0.5,-0.48162842,-0.5249634,-0.5253906,-0.46514893
1e,4,Right Wrist,30069197,1779734041119,-3.264508,-1.1271195,-1.7084754,-2.5149598,5.601112,4.213728,-136.27827,-25.303543,236.24417,0.0
1e,3,Left Wrist,3866298,1779734041157,-1.4594202,-1.7153573,1.387837,-5.9042234,-8.0003,44.97922,-94.97029,-23.813047,322.0306,0.0
1e,1,Left Ankle,4066272,1779734041176,-0.33,9.63,-1.03,-1.0,0.9375,0.5,-0.48168945,-0.5247803,-0.5253906,-0.46533203
1e,1,Left Ankle,4066292,1779734041176,-0.24,9.58,-1.04,-0.9375,1.1875,0.375,-0.48168945,-0.52459717,-0.5253906,-0.46551514
1e,2,Right Ankle,1108304,1779734041188,-8.978521,-0.35858822,-1.8329021,-6.093362,-1.3837599,1.397619,120.98784,80.60629,324.51855,0.0
1e,1,Left Ankle,4066313,1779734041205,-0.31,9.63,-0.99,-0.75,0.875,0.4375,-0.48168945,-0.5244751,-0.52545166,-0.4656372
1e,1,Left Ankle,4066342,1779734041210,-0.28,9.59,-1.07,-0.625,1.3125,0.625,-0.48162842,-0.524353,-0.5255127,-0.46575928
1e,4,Right Wrist,30069257,1779734041210,-3.31715,-1.0457635,-1.7826529,-4.19496,8.261112,3.163728,-136.28531,-25.254362,236.24403,0.0
1e,3,Left Wrist,3866359,1779734041219,-1.4139568,-0.7271215,1.5960126,5.9957767,-10.1703005,43.019222,-94.93974,-23.772837,322.02118,0.0
1e,1,Left Ankle,4066361,1779734041237,-0.21,9.64,-1.03,-1.125,-0.0625,0.5625,-0.48162842,-0.5241699,-0.5255127,-0.46594238
1e,2,Right Ankle,1108364,1779734041244,-9.012021,-0.39926624,-1.8161523,-5.6733623,-1.5937599,1.327619,121.36449,80.63731,324.892,0.0
1e,1,Left Ankle,4066384,1779734041268,-0.3,9.61,-0.98,-1.25,-0.4375,0.25,-0.48168945,-0.5241089,-0.52545166,-0.46600342
1e,1,Left Ankle,4066401,1779734041269,-0.25,9.62,-0.99,-1.125,-0.4375,0.0625,-0.4819336,-0.5239868,-0.5253296,-0.46606445
1e,4,Right Wrist,30069317,1779734041269,-3.266901,-1.0888345,-1.8759729,-2.37496,9.591112,2.0437279,-136.29234,-25.204643,236.24411,0.0
1e,3,Left Wrist,3866418,1779734041277,-1.4378847,-1.7225356,1.6893327,-0.8642236,-9.680301,49.66922,-94.908646,-23.723862,322.01025,0.0
1e,1,Left Ankle,4066423,1779734041295,-0.2,9.63,-0.95,-0.6875,0.0,0.0,-0.4819336,-0.5239868,-0.5253296,-0.4661255
1e,1,Left Ankle,4066441,1779734041302,-0.36,9.64,-0.97,-0.375,0.5,0.0625,-0.48199463,-0.5239258,-0.5253296,-0.46606445
1e,2,Right Ankle,1108454,1779734041302,-8.992879,-0.40644467,-1.8711873,-5.8833623,-1.6637598,1.1176189,121.74536,80.66632,325.2697,0.0
1e,1,Left Ankle,4066457,1779734041327,-0.31,9.53,-1.0,-0.4375,0.375,0.0625,-0.48199463,-0.5239258,-0.5253296,-0.46606445
1e,3,Left Wrist,3866479,1779734041337,-1.3062797,-0.9855463,1.7180467,9.145777,-8.0003,47.63922,-94.874306,-23.682255,321.99896,0.0
1e,1,Left Ankle,4066482,1779734041355,-0.43,9.68,-0.99,-0.875,-0.375,0.4375,-0.4821167,-0.5238037,-0.52526855,-0.4661255
1e,1,Left Ankle,4066501,1779734041362,-0.32,9.55,-0.91,-0.75,0.25,-0.0625,-0.48217773,-0.5237427,-0.5252075,-0.46618652
1e,2,Right Ankle,1108514,1779734041362,-9.074235,-0.44951546,-1.7491533,-5.8833623,-1.3137599,1.607619,122.12305,80.69974,325.64435,0.0
1e,4,Right Wrist,30069407,1779734041363,-3.120939,-1.2778678,-1.8329021,-1.7449601,6.791112,1.413728,-136.29733,-25.153206,236.24416,0.0
1e,1,Left Ankle,4066523,1779734041386,-0.37,9.64,-0.97,-1.0,0.5,0.25,-0.4822998,-0.5235596,-0.5252075,-0.46624756
1e,3,Left Wrist,3866539,1779734041397,-0.9114637,-0.9017975,1.4261222,-15.144224,-9.190301,44.97922,-94.84672,-23.64268,321.9875,0.0
1e,1,Left Ankle,4066541,1779734041419,-0.22,9.56,-1.07,-1.1875,1.125,0.125,-0.4822998,-0.52337646,-0.5252075,-0.46643066
1e,1,Left Ankle,4066561,1779734041419,-0.34,9.6,-0.98,-1.375,0.8125,0.3125,-0.48236084,-0.52319336,-0.5252075,-0.46661377
1e,4,Right Wrist,30069467,1779734041420,-3.2070806,-1.5338994,-1.8017955,-3.14496,5.7411118,4.633728,-136.29926,-25.100796,236.2422,0.0
1e,2,Right Ankle,1108574,1779734041422,-9.007236,-0.40405187,-1.8831514,-5.393362,-1.3837599,1.677619,122.50898,80.727356,326.027,0.0
1e,1,Left Ankle,4066582,1779734041446,-0.28,9.54,-0.95,-1.5,0.8125,0.375,-0.48242188,-0.5230713,-0.5252075,-0.4666748
1e,1,Left Ankle,4066602,1779734041475,-0.42,9.56,-0.96,-1.8125,0.4375,1.25,-0.4824829,-0.5229492,-0.5249634,-0.46704102
1e,4,Right Wrist,30069557,1779734041479,-3.3530426,-1.2802602,-1.5984055,-2.23496,8.961112,4.843728,-136.30096,-25.052198,236.23953,0.0
1e,2,Right Ankle,1108633,1779734041482,-9.055093,-0.442337,-1.8089738,-6.793362,-1.8737599,3.007619,122.89125,80.75752,326.40646,0.0
1e,3,Left Wrist,3866599,1779734041488,-0.34436464,-1.1961147,2.4263222,-7.724223,-10.9403,34.759224,-94.8113,-23.620077,321.97473,0.0
1e,1,Left Ankle,4066617,1779734041505,-0.35,9.61,-1.0,-2.4375,1.375,1.875,-0.4824829,-0.52282715,-0.52490234,-0.46728516
1e,1,Left Ankle,4066642,1779734041506,-0.21,9.67,-0.91,-2.8125,1.9375,2.875,-0.48242188,-0.52264404,-0.5246582,-0.46783447
1e,1,Left Ankle,4066657,1779734041535,-0.1,9.54,-0.72,-2.4375,0.75,2.625,-0.4822998,-0.522583,-0.524292,-0.46844482
1e,4,Right Wrist,30069617,1779734041538,-4.16421,-1.7229327,-1.3998013,-1.6749599,14.211112,-0.19627213,-136.29697,-25.010014,236.23453,0.0
1e,2,Right Ankle,1108694,1779734041542,-9.033557,-0.6887978,-1.8664017,-4.693362,-2.2937598,6.577619,123.2709,80.78885,326.78253,0.0
1e,3,Left Wrist,3866659,1779734041549,1.385646,-2.8088772,2.8570302,-43.564224,-5.6903005,21.949223,-94.78064,-23.61564,321.95758,0.0
1e,1,Left Ankle,4066685,1779734041570,-0.17,9.6,-1.01,-2.1875,-1.3125,2.25,-0.48236084,-0.52264404,-0.52386475,-0.46875
1e,1,Left Ankle,4066701,1779734041570,-0.35,9.58,-0.9,-1.9375,-1.1875,1.8125,-0.48266602,-0.52282715,-0.52319336,-0.46899414
1e,1,Left Ankle,4066718,1779734041595,-0.22,9.66,-0.86,-1.6875,-0.5625,1.375,-0.48266602,-0.52282715,-0.5230713,-0.4691162
1e,1,Left Ankle,4066741,1779734041596,-0.3,9.69,-0.93,-1.1875,0.4375,2.3125,-0.48266602,-0.52282715,-0.5227051,-0.46948242
1e,4,Right Wrist,30069677,1779734041599,-5.74108,-1.9215368,-0.80159557,26.395039,23.311111,-25.256271,-136.28215,-24.983137,236.23285,0.0
1e,2,Right Ankle,1108753,1779734041602,-8.837345,-0.09777056,-1.9381864,-6.373362,-1.8037597,4.967619,123.658005,80.8045,327.1666,0.0
1e,1,Left Ankle,4066758,1779734041628,-0.11,9.64,-0.93,-1.3125,0.0,2.1875,-0.48266602,-0.5228882,-0.522583,-0.46966553
1e,3,Left Wrist,3866749,1779734041637,-0.4592203,-2.6988072,2.644069,-167.67422,38.4097,-1.3607788,-94.79155,-23.598347,321.9263,0.0
1e,1,Left Ankle,4066782,1779734041655,-0.33,9.7,-0.95,-1.5,-1.75,3.0,-0.48266602,-0.52319336,-0.52197266,-0.4699707
1e,4,Right Wrist,30069737,1779734041662,-6.1239314,-2.105784,-1.7515461,43.05504,40.671112,-59.066273,-136.26724,-24.963972,236.23752,0.0
1e,2,Right Ankle,1108814,1779734041663,-9.052699,-0.33944565,-1.7682959,-5.953362,-2.2937598,1.397619,124.048164,80.83323,327.55365,0.0
1e,1,Left Ankle,4066804,1779734041687,-0.18,9.54,-0.85,-1.25,-1.3125,3.0625,-0.48266602,-0.52337646,-0.5215454,-0.47021484
1e,1,Left Ankle,4066818,1779734041687,-0.25,9.65,-0.89,-1.1875,-0.625,3.375,-0.48260498,-0.52349854,-0.52130127,-0.47039795
1e,3,Left Wrist,3866809,1779734041697,-1.9738767,-1.9426754,1.7491533,-124.76423,52.899696,7.0392227,-94.79809,-23.562317,321.8944,0.0
1e,1,Left Ankle,4066843,1779734041720,-0.29,9.58,-1.0,-1.9375,-0.3125,3.375,-0.4824829,-0.5237427,-0.52075195,-0.47088623
1e,1,Left Ankle,4066859,1779734041720,-0.24,9.61,-0.95,-2.4375,-0.125,3.5625,-0.48242188,-0.5237427,-0.52056885,-0.47106934
1e,4,Right Wrist,30069797,1779734041720,-5.2194443,-1.5123639,-3.196811,36.89504,60.48111,-78.456276,-136.2672,-24.946167,236.24765,0.0
1e,2,Right Ankle,1108874,1779734041722,-9.069449,-0.27723226,-1.7635103,-5.953362,-2.0137596,0.907619,124.44196,80.86051,327.94443,0.0
1e,1,Left Ankle,4066882,1779734041745,-0.26,9.65,-0.97,-4.25,2.3125,3.75,-0.48236084,-0.5235596,-0.5199585,-0.4720459
1e,1,Left Ankle,4066903,1779734041775,-0.1,9.65,-1.03,-4.75,2.9375,3.5625,-0.48217773,-0.5232544,-0.5195923,-0.47302246
1e,4,Right Wrist,30069857,1779734041778,-4.4058847,-3.0150568,-3.562913,8.47504,63.001114,-81.956276,-136.2699,-24.922447,236.25499,0.0
1e,2,Right Ankle,1108934,1779734041782,-9.059877,-0.36098108,-1.8113667,-6.8633623,-0.89375985,0.83761895,124.84067,80.88736,328.34036,0.0
1e,1,Left Ankle,4066923,1779734041806,-0.08,9.6,-0.83,-5.75,3.125,3.8125,-0.48217773,-0.5228882,-0.51904297,-0.47406006
1e,1,Left Ankle,4066942,1779734041806,-0.1,9.63,-0.81,-6.5,3.5,4.5,-0.4821167,-0.52246094,-0.5184326,-0.47528076
1e,3,Left Wrist,3866899,1779734041817,-2.0935178,-3.5195456,-1.7443677,-152.34422,54.929703,13.82922,-94.87481,-23.490282,321.8859,0.0
1e,1,Left Ankle,4066963,1779734041838,-0.07,9.64,-0.79,-6.625,4.0,4.1875,-0.48199463,-0.52197266,-0.51782227,-0.47650146
1e,2,Right Ankle,1108994,1779734041842,-9.028771,-0.5141217,-1.8687946,-6.933362,-0.40375984,3.357619,125.24004,80.91416,328.737,0.0
1e,1,Left Ankle,4066985,1779734041865,-0.13,9.63,-0.73,-7.0625,3.625,5.25,-0.48187256,-0.5215454,-0.5171509,-0.47784424
1e,1,Left Ankle,4067004,1779734041866,0.0,9.54,-0.67,-6.625,4.0,5.6875,-0.48168945,-0.52111816,-0.51641846,-0.47924805
1e,3,Left Wrist,3867062,1779734041878,-1.6149534,-5.3596263,-2.2971096,105.95577,18.3897,13.059223,-94.97381,-23.372658,321.90427,0.0
1e,1,Left Ankle,4067026,1779734041895,0.08,9.59,-0.83,-7.0,1.75,6.4375,-0.48162842,-0.52093506,-0.5155029,-0.48059082
1e,4,Right Wrist,30069916,1779734041905,-3.7335014,-3.4529433,-3.18724,-52.49496,45.921112,-61.09627,-136.28664,-24.88856,236.25824,0.0
1e,1,Left Ankle,4067051,1779734041929,0.04,9.49,-0.59,-6.625,-1.8125,7.25,-0.4819336,-0.52124023,-0.51348877,-0.48205566
1e,1,Left Ankle,4067067,1779734041929,-0.25,9.63,-0.72,-6.625,-7.6875,8.625,-0.48223877,-0.5216675,-0.5125122,-0.48236084
1e,2,Right Ankle,1109054,1779734041933,-9.062271,-0.40165904,-1.820938,-4.693362,-0.89375985,6.297619,125.63703,80.93911,329.1304,0.0
1e,3,Left Wrist,3867081,1779734041937,-1.3828497,-6.285648,-2.4909284,102.38577,20.2097,22.649221,-94.97165,-23.298216,321.91052,0.0
1e,1,Left Ankle,4067092,1779734041955,-0.63,9.64,-0.65,-6.1875,-9.0,15.25,-0.48223877,-0.5239258,-0.508728,-0.48382568
1e,4,Right Wrist,30070081,1779734041963,-5.176374,-2.1129625,-3.9553359,-97.43496,17.781113,-37.226273,-136.37689,-24.80345,236.28079,0.0
1e,1,Left Ankle,4067112,1779734041989,-0.36,9.91,-0.66,-3.5,-4.375,22.25,-0.48168945,-0.52490234,-0.5074463,-0.4847412
1e,2,Right Ankle,1109114,1779734041992,-9.634155,-1.4090374,-1.7850457,-5.743362,2.8862402,16.377619,126.00621,80.97688,329.4966,0.0
1e,1,Left Ankle,4067134,1779734042017,-0.64,10.05,-0.41,-1.125,0.6875,31.6875,-0.47784424,-0.52874756,-0.5031738,-0.48883057
1e,1,Left Ankle,4067152,1779734042019,0.07,10.59,-0.38,1.3125,5.25,41.25,-0.47357178,-0.5321045,-0.49975586,-0.49273682
1e,3,Left Wrist,3867139,1779734042028,-1.5766684,-6.4292183,-1.9980069,32.665775,13.5597,55.68922,-94.98496,-23.207973,321.9144,0.0
1e,1,Left Ankle,4067170,1779734042048,0.41,10.41,-0.31,2.4375,4.25,50.5,-0.4694214,-0.53704834,-0.49487305,-0.4963379
1e,1,Left Ankle,4067194,1779734042048,0.8,9.37,-0.4,1.9375,-8.9375,55.625,-0.46514893,-0.54229736,-0.48950195,-0.49987793
1e,4,Right Wrist,30070100,1779734042055,-5.4898334,-2.1273196,-3.7854455,-109.68496,19.321112,-32.39627,-136.42642,-24.76118,236.2887,0.0
1e,2,Right Ankle,1109204,1779734042055,-11.22299,-1.5071431,-4.7856455,-31.013363,5.68624,25.05762,126.392395,80.971085,329.8881,0.0
1e,1,Left Ankle,4067211,1779734042079,0.78,9.58,-0.49,2.75,-12.9375,58.0625,-0.4613037,-0.54852295,-0.48321533,-0.5028076
1e,1,Left Ankle,4067232,1779734042106,1.27,9.3,-0.77,6.0,-9.0625,54.4375,-0.45690918,-0.5543213,-0.4776001,-0.50579834
1e,2,Right Ankle,1109264,1779734042112,-8.610027,-0.095377736,-2.7014968,-72.66336,-3.9737597,30.097618,126.71299,80.95899,330.2286,0.0
1e,1,Left Ankle,4067257,1779734042137,1.58,9.1,-0.58,8.75,-3.125,50.8125,-0.45202637,-0.55944824,-0.47314453,-0.508728
1e,1,Left Ankle,4067272,1779734042137,1.8,9.25,-0.75,10.375,2.4375,44.5625,-0.4468994,-0.56365967,-0.4697876,-0.5116577
1e,3,Left Wrist,3867199,1779734042147,-1.5766684,-5.5199456,-2.17029,22.235777,-1.7703009,30.979221,-95.01114,-23.128374,321.92746,0.0
1e,1,Left Ankle,4067304,1779734042165,2.02,9.19,-0.58,10.5,6.0625,34.4375,-0.4421997,-0.56695557,-0.46759033,-0.51416016
1e,2,Right Ankle,1109324,1779734042172,-4.81501,4.321773,-0.26799613,-74.13336,-12.583759,22.677618,126.35035,80.90124,329.8948,0.0
1e,1,Left Ankle,4067321,1779734042196,3.05,9.12,-0.94,15.1875,13.1875,13.6875,-0.4360962,-0.569397,-0.46759033,-0.5166626
1e,4,Right Wrist,30070291,1779734042199,-1.9029921,-3.6419766,-1.2634103,-66.56496,22.051111,-20.776272,-136.46889,-24.675076,236.27722,0.0
1e,1,Left Ankle,4067344,1779734042229,2.5,9.34,-0.32,16.5,8.625,8.25,-0.43359375,-0.5706787,-0.46881104,-0.5162964
1e,1,Left Ankle,4067358,1779734042229,1.8,9.28,-0.77,15.6875,-4.375,-1.0625,-0.43304443,-0.57141113,-0.46936035,-0.5154419
1e,2,Right Ankle,1109384,1779734042232,-3.970344,-1.0596852,0.22731815,31.146637,-3.4837599,-1.7523808,126.46897,80.96556,330.0011,0.0
1e,1,Left Ankle,4067383,1779734042256,1.19,9.73,-1.03,18.1875,1.25,-2.25,-0.43115234,-0.57299805,-0.4720459,-0.5128174
1e,1,Left Ankle,4067402,1779734042256,1.62,9.5,-0.75,22.125,7.4375,0.5625,-0.42858887,-0.57385254,-0.4744873,-0.51171875
1e,3,Left Wrist,3867392,1779734042268,1.806783,-5.835798,1.4979069,87.12577,-37.8903,-28.38078,-94.896645,-23.054827,321.92767,0.0
1e,1,Left Ankle,4067422,1779734042289,1.15,9.76,-1.07,21.9375,1.25,8.6875,-0.4260254,-0.57611084,-0.4755249,-0.510376
1e,2,Right Ankle,1109444,1779734042292,-11.091385,3.3646436,-4.0558343,34.646637,-22.38376,41.78762,126.528885,80.89999,330.04596,0.0
1e,1,Left Ankle,4067444,1779734042315,0.84,9.94,-1.24,21.0,-3.375,20.375,-0.42266846,-0.57922363,-0.47546387,-0.50964355
1e,1,Left Ankle,4067461,1779734042316,0.53,9.87,-1.39,20.25,-4.875,28.0625,-0.41833496,-0.58374023,-0.47357178,-0.5098877
1e,4,Right Wrist,30070337,1779734042323,-1.9915265,-3.5319064,-0.8255238,-75.45496,16.171112,-18.816273,-136.46555,-24.641468,236.26562,0.0
1e,2,Right Ankle,1109503,1779734042352,-16.25988,-3.6726475,1.0887343,-94.64336,-23.92376,63.48762,126.45627,80.94991,330.00378,0.0
1e,1,Left Ankle,4067486,1779734042381,0.53,9.79,-1.4,19.4375,-6.3125,45.75,-0.41259766,-0.5895386,-0.47003174,-0.51116943
1e,1,Left Ankle,4067503,1779734042381,1.11,9.21,-1.01,18.4375,-19.25,59.5625,-0.40673828,-0.59680176,-0.4647827,-0.51220703
1e,1,Left Ankle,4067519,1779734042382,0.4,9.47,-0.66,17.25,-23.875,64.5,-0.40405273,-0.60095215,-0.46142578,-0.5125122
1e,1,Left Ankle,4067542,1779734042405,0.67,11.03,-1.57,16.5625,-29.375,55.4375,-0.39752197,-0.61328125,-0.45129395,-0.5120239
1e,4,Right Wrist,30070500,1779734042416,-9.744271,-0.8806588,-0.2009971,-18.264961,21.911112,4.4937277,-136.48041,-24.581081,236.25504,0.0
1e,1,Left Ankle,4067564,1779734042438,2.63,11.38,0.14,15.0,-21.125,46.5,-0.39343262,-0.6201172,-0.44622803,-0.5114136
1e,2,Right Ankle,1109564,1779734042444,-6.064064,2.5774052,-1.174876,30.306637,-8.3837595,23.797619,126.27411,80.873985,329.8123,0.0
1e,1,Left Ankle,4067586,1779734042472,-2.71,13.42,-2.24,-0.5625,-13.25,45.625,-0.39074707,-0.62353516,-0.4413452,-0.5135498
1e,1,Left Ankle,4067603,1779734042472,2.86,7.86,-1.71,-0.4375,35.125,-8.0,-0.38891602,-0.6212158,-0.4430542,-0.5162964
1e,4,Right Wrist,30070520,1779734042472,-9.835198,-1.9311078,-0.37567315,-22.394958,35.001114,-7.826272,-136.4808,-24.557571,236.24608,0.0
1e,1,Left Ankle,4067621,1779734042497,2.91,7.92,-1.88,-1.75,65.375,-3.75,-0.3852539,-0.6157837,-0.44696045,-0.52215576
1e,2,Right Ankle,1109624,1779734042504,-10.818603,1.9122005,-0.6915257,-23.103363,-15.243759,-0.9823811,125.85484,80.8546,329.40564,0.0
1e,1,Left Ankle,4067644,1779734042530,3.69,8.33,-2.59,0.1875,81.6875,-5.0,-0.3786621,-0.60754395,-0.45336914,-0.53100586
1e,1,Left Ankle,4067663,1779734042530,4.71,10.85,-0.59,1.6875,122.5,0.5,-0.3696289,-0.5970459,-0.4611206,-0.54248047
1e,4,Right Wrist,30070607,1779734042530,-8.6052885,-6.448757,0.38524443,-57.11496,36.891113,-29.73627,-136.48058,-24.53964,236.23648,0.0
1e,1,Left Ankle,4067683,1779734042555,0.59,8.51,-1.13,-12.8125,133.0,-0.875,-0.3614502,-0.5823364,-0.47052002,-0.5557251
1e,2,Right Ankle,1109713,1779734042562,-9.067057,2.7018318,-0.86380893,-20.163363,0.3662402,-4.902381,125.57885,80.79483,329.1403,0.0
1e,1,Left Ankle,4067705,1779734042590,4.1,10.36,-4.08,7.5,77.5625,-55.5,-0.35772705,-0.5696411,-0.48168945,-0.5616455
1e,1,Left Ankle,4067722,1779734042590,4.85,7.59,-1.36,1.6875,35.1875,-64.0,-0.36315918,-0.5626831,-0.48846436,-0.5593872
1e,4,Right Wrist,30070667,1779734042590,-7.19113,-7.3077803,2.376073,-45.56496,20.791111,-31.206272,-136.47209,-24.525713,236.22899,0.0
1e,1,Left Ankle,4067741,1779734042615,4.22,6.82,-1.87,-19.6875,-39.1875,-65.0,-0.3739624,-0.55926514,-0.49090576,-0.55352783
1e,1,Left Ankle,4067764,1779734042616,-0.24,5.96,-3.03,-18.8125,-54.4375,-51.875,-0.38537598,-0.5582886,-0.49084473,-0.5466919
1e,2,Right Ankle,1109774,1779734042622,-8.688991,2.5151916,-0.6412765,-15.543362,4.28624,-17.292381,125.28736,80.74507,328.85867,0.0
1e,1,Left Ankle,4067789,1779734042646,3.19,5.5,-1.88,-13.5625,-60.0,-55.25,-0.39678955,-0.55841064,-0.49047852,-0.5386963
1e,4,Right Wrist,30070727,1779734042648,-7.033204,-7.006285,2.9742787,-58.58496,11.551111,-20.706272,-136.46803,-24.509031,236.22104,0.0
1e,1,Left Ankle,4067805,1779734042675,7.19,4.62,-0.84,-7.3125,-41.4375,-38.8125,-0.40551758,-0.5581665,-0.49084473,-0.53204346
1e,2,Right Ankle,1109833,1779734042682,-9.155591,1.6059191,-0.77048886,-9.593362,4.63624,-16.802382,124.97174,80.700584,328.55124,0.0
1e,1,Left Ankle,4067832,1779734042705,4.74,5.04,0.17,-3.8125,-43.375,-7.9375,-0.41082764,-0.56048584,-0.4888916,-0.5272827
1e,1,Left Ankle,4067850,1779734042706,4.59,5.49,2.97,-9.0625,-54.1875,6.8125,-0.4177246,-0.56744385,-0.4810791,-0.52160645
1e,1,Left Ankle,4067866,1779734042735,6.13,12.15,-0.94,-17.8125,-59.0,21.4375,-0.42034912,-0.57055664,-0.47686768,-0.5199585
1e,4,Right Wrist,30070787,1779734042738,-6.320143,-5.716553,1.6462619,-29.74496,-11.338888,-16.156271,-136.45763,-24.481647,236.21861,0.0
1e,2,Right Ankle,1109894,1779734042742,-9.268053,1.4264574,-0.567099,0.06663799,16.256239,-2.802381,124.65173,80.70173,328.23627,0.0
1e,3,Left Wrist,3867514,1779734042748,-0.43289927,-10.8702965,2.1894326,-1.7742237,-64.1403,-45.110775,-94.79605,-23.006464,321.93445,0.0
1e,1,Left Ankle,4067891,1779734042765,4.48,28.42,-6.43,-10.9375,-37.875,0.8125,-0.42858887,-0.5713501,-0.47424316,-0.5147705
1e,1,Left Ankle,4067909,1779734042766,3.63,5.52,-2.2,-28.8125,-11.8125,-106.4375,-0.4350586,-0.5665283,-0.47766113,-0.5114746
1e,1,Left Ankle,4067932,1779734042795,-0.84,8.29,-3.37,-9.1875,60.5625,-46.0,-0.44396973,-0.5548706,-0.48358154,-0.51104736
1e,2,Right Ankle,1109954,1779734042802,-9.46905,1.7542741,-0.6723831,1.5366378,28.57624,-4.902381,124.343735,80.66108,327.9333,0.0
1e,3,Left Wrist,3867947,1779734042807,2.2685974,-5.4601245,-3.7304106,-5.6942234,-1.3503008,32.86922,-95.043205,-22.809662,322.02686,0.0
1e,1,Left Ankle,4067954,1779734042826,2.15,10.16,-2.42,-14.875,41.0625,-46.75,-0.44714355,-0.54785156,-0.48742676,-0.51220703
1e,1,Left Ankle,4067973,1779734042855,0.92,10.73,1.2,-34.1875,-4.0625,-27.3125,-0.45007324,-0.54559326,-0.48706055,-0.51239014
1e,1,Left Ankle,4067993,1779734042856,-0.11,9.97,-0.98,-26.875,1.3125,-22.0625,-0.45928955,-0.5389404,-0.48632812,-0.51190186
1e,4,Right Wrist,30070847,1779734042858,-7.2557364,-6.4942207,0.7800602,-2.7249599,-22.25889,-9.506271,-136.4393,-24.445757,236.2177,0.0
1e,2,Right Ankle,1110014,1779734042863,-9.634155,1.53892,-1.4021941,12.176638,14.22624,-12.182381,124.56995,80.61345,328.15332,0.0
1e,1,Left Ankle,4068010,1779734042889,0.33,9.81,0.96,-14.5625,17.4375,-18.4375,-0.46002197,-0.53686523,-0.48724365,-0.51257324
1e,1,Left Ankle,4068035,1779734042915,2.87,9.47,1.36,-10.0,-7.4375,-15.9375,-0.46350098,-0.532959,-0.4890747,-0.5117798
1e,1,Left Ankle,4068055,1779734042916,0.41,9.82,0.15,-11.8125,-29.0625,-12.125,-0.46844482,-0.53430176,-0.48614502,-0.508667
1e,2,Right Ankle,1110074,1779734042922,-11.134455,0.21568923,-1.995614,17.846638,15.626241,-19.112381,125.01664,80.63733,328.58926,0.0
1e,1,Left Ankle,4068070,1779734042947,-0.76,10.09,-0.87,-10.375,-43.6875,-6.6875,-0.4713745,-0.53582764,-0.48388672,-0.50653076
1e,1,Left Ankle,4068095,1779734042977,-0.46,9.94,-1.17,-6.5625,-25.5,0.75,-0.47528076,-0.53826904,-0.47991943,-0.50408936
1e,1,Left Ankle,4068112,1779734042980,1.3,9.95,-0.65,-7.8125,-10.8125,8.125,-0.47613525,-0.5392456,-0.47766113,-0.50427246
1e,4,Right Wrist,30071041,1779734042980,-6.5115685,-0.16520518,0.82073814,-26.874962,17.36111,38.863728,-136.42735,-24.371204,236.18932,0.0
1e,2,Right Ankle,1110134,1779734042984,-9.387694,0.9789997,-1.1126626,-5.743362,7.99624,-17.082382,125.431946,80.6591,329.00198,0.0
1e,1,Left Ankle,4068141,1779734043008,0.38,9.86,-0.68,-9.8125,-24.0625,8.375,-0.4781494,-0.5410156,-0.47436523,-0.5036011
1e,4,Right Wrist,30071087,1779734043039,-4.9681983,-0.9883359,1.8568304,9.38504,10.641111,9.953728,-136.41016,-24.348942,236.17896,0.0
1e,2,Right Ankle,1110194,1779734043043,-8.593277,-0.77733225,-2.8642087,-22.053362,-11.8837595,-18.69238,125.8308,80.67553,329.40323,0.0
1e,1,Left Ankle,4068156,1779734043066,1.04,9.66,0.11,-9.1875,-22.25,10.6875,-0.47998047,-0.5430298,-0.47076416,-0.5031128
1e,1,Left Ankle,4068181,1779734043068,0.86,9.9,0.08,-7.6875,-18.625,14.5,-0.48168945,-0.5463257,-0.46539307,-0.50286865
1e,1,Left Ankle,4068205,1779734043100,0.83,9.68,-0.04,-4.625,-12.625,14.5625,-0.48168945,-0.5480957,-0.46276855,-0.50335693
1e,1,Left Ankle,4068223,1779734043100,0.95,9.58,-0.09,-0.625,-4.0625,14.5,-0.48162842,-0.5499878,-0.4602661,-0.5036621
1e,2,Right Ankle,1110253,1779734043103,-7.2748322,2.0964477,-0.17228323,-23.803362,-19.93376,-17.292381,125.447815,80.65192,329.03317,0.0
1e,1,Left Ankle,4068241,1779734043125,0.98,9.58,-0.34,0.4375,-2.4375,14.125,-0.48065186,-0.5513916,-0.45874023,-0.50445557
1e,1,Left Ankle,4068264,1779734043126,0.85,9.81,-0.38,2.1875,-5.875,11.0625,-0.4798584,-0.5529785,-0.45739746,-0.50476074
1e,4,Right Wrist,30071177,1779734043129,-2.752444,-3.158626,2.1008983,6.0250397,-7.628889,11.003728,-136.38042,-24.325933,236.1667,0.0
1e,3,Left Wrist,3868008,1779734043137,1.9192455,-8.927324,-2.952743,-11.084224,-24.590302,15.369221,-95.104004,-22.762833,322.05634,0.0
1e,1,Left Ankle,4068287,1779734043156,1.39,9.55,-0.38,3.3125,-4.875,5.8125,-0.47930908,-0.5541992,-0.456604,-0.5046387
1e,2,Right Ankle,1110314,1779734043166,-7.4806147,1.1847824,-1.5960126,81.68664,-8.873759,-20.862381,125.72163,80.61896,329.27545,0.0
1e,1,Left Ankle,4068302,1779734043189,1.32,9.64,-0.22,4.4375,-3.1875,1.0,-0.4790039,-0.5549927,-0.4564209,-0.5041504
1e,1,Left Ankle,4068323,1779734043190,1.45,9.59,-0.16,5.0,-1.375,-1.4375,-0.47875977,-0.5552368,-0.45721436,-0.503479
1e,4,Right Wrist,30071237,1779734043190,-3.3769705,-2.6130624,1.8999012,-11.54496,-9.938889,18.003727,-136.36055,-24.297846,236.15489,0.0
1e,1,Left Ankle,4068343,1779734043215,1.91,9.31,-0.18,6.5625,-1.0,-9.75,-0.47888184,-0.55511475,-0.45855713,-0.50219727
1e,2,Right Ankle,1110374,1779734043223,-6.726876,-1.4784293,-1.9860427,-22.263363,-10.48376,7.977619,126.09315,80.64895,329.649,0.0
1e,1,Left Ankle,4068365,1779734043248,1.02,9.54,0.03,6.75,-3.0625,-10.9375,-0.4794922,-0.5551758,-0.4598999,-0.5003662
1e,1,Left Ankle,4068385,1779734043248,1.19,9.69,-0.04,10.3125,-4.125,-14.0,-0.48010254,-0.55529785,-0.4616089,-0.4981079
1e,3,Left Wrist,3868306,1779734043258,2.38106,-7.974982,3.1345978,-18.994223,18.0397,56.039223,-94.99549,-22.577185,322.0244,0.0
1e,1,Left Ankle,4068404,1779734043275,0.46,9.81,-0.23,13.1875,-1.75,-11.75,-0.48016357,-0.555542,-0.46362305,-0.4958496
1e,1,Left Ankle,4068422,1779734043276,0.77,9.84,-0.26,17.0,4.125,-10.9375,-0.47930908,-0.55566406,-0.46636963,-0.49401855
1e,1,Left Ankle,4068446,1779734043305,0.3,9.77,-0.26,17.9375,6.3125,-5.875,-0.4777832,-0.5560303,-0.46899414,-0.4925537
1e,1,Left Ankle,4068465,1779734043335,-0.08,9.59,-1.12,18.3125,10.0625,1.25,-0.4746704,-0.5560303,-0.47210693,-0.4925537
1e,2,Right Ankle,1110434,1779734043343,-9.062271,-1.7894963,-1.0695918,12.8766365,-9.713759,12.177618,126.365875,80.704956,329.91284,0.0
1e,3,Left Wrist,3868502,1779734043348,2.38106,-7.7165565,2.1511476,15.725777,-25.010302,29.36922,-94.89169,-22.539818,321.98785,0.0
1e,1,Left Ankle,4068492,1779734043367,-0.06,9.85,-1.04,17.875,15.0,13.625,-0.46868896,-0.55792236,-0.47424316,-0.49414062
1e,1,Left Ankle,4068510,1779734043367,0.42,9.98,-0.78,18.0,18.9375,24.9375,-0.4628296,-0.5596924,-0.47485352,-0.4970703
1e,1,Left Ankle,4068537,1779734043395,0.86,9.78,-0.71,16.9375,23.8125,34.0625,-0.45654297,-0.56170654,-0.4749756,-0.50042725
1e,2,Right Ankle,1110597,1779734043402,-9.435552,0.840216,-0.77288175,26.806637,-24.97376,9.097619,126.80854,80.7924,330.34247,0.0
1e,1,Left Ankle,4068554,1779734043425,0.97,9.83,-0.99,18.625,20.875,34.6875,-0.45007324,-0.5640259,-0.47491455,-0.5037842
1e,1,Left Ankle,4068570,1779734043426,1.35,9.82,-0.83,18.9375,15.5,33.875,-0.44702148,-0.5653076,-0.47479248,-0.50512695
1e,4,Right Wrist,30071327,1779734043429,-3.75743,-1.6870401,0.7848458,-3.00496,-2.168888,25.493729,-136.34377,-24.262363,236.14215,0.0
1e,1,Left Ankle,4068596,1779734043456,1.78,9.27,-0.4,15.25,-3.25,36.9375,-0.43902588,-0.5704956,-0.47296143,-0.50805664
1e,2,Right Ankle,1110616,1779734043462,-10.162969,-0.2509112,-1.7874384,-10.013362,-26.09376,3.917619,127.15553,80.82758,330.6871,0.0
1e,1,Left Ankle,4068613,1779734043490,0.28,9.88,-0.54,7.875,-11.8125,35.1875,-0.43579102,-0.5750122,-0.46966553,-0.5088501
1e,1,Left Ankle,4068639,1779734043516,-0.1,10.45,-1.76,3.4375,2.75,36.4375,-0.43243408,-0.57836914,-0.4663086,-0.5109253
1e,1,Left Ankle,4068658,1779734043519,1.66,9.59,-2.27,6.0625,28.1875,37.9375,-0.42694092,-0.57977295,-0.46472168,-0.5154419
1e,4,Right Wrist,30071594,1779734043520,-8.832607,-2.3019958,1.012164,27.09504,40.111115,-17.206272,-136.28249,-24.1803,236.11539,0.0
1e,2,Right Ankle,1110674,1779734043524,-8.818203,1.998342,0.16749758,-30.663363,-13.003759,4.197619,126.75526,80.82609,330.30182,0.0
1e,1,Left Ankle,4068681,1779734043550,2.23,9.37,-0.77,0.4375,25.5625,38.1875,-0.42211914,-0.5814209,-0.46203613,-0.51989746
1e,1,Left Ankle,4068703,1779734043577,2.14,9.53,-1.77,-3.0625,16.0,22.4375,-0.41711426,-0.58154297,-0.46002197,-0.5255127
1e,1,Left Ankle,4068719,1779734043580,2.12,8.6,-1.83,0.625,27.5625,20.0,-0.4151001,-0.5811157,-0.460083,-0.5275879
1e,4,Right Wrist,30071627,1779734043580,-8.4617195,-3.6778686,1.5433706,34.93504,47.251114,-25.676271,-136.25356,-24.168888,236.10405,0.0
1e,3,Left Wrist,3868625,1779734043590,-1.2823516,-10.334304,-2.536392,67.66577,-71.8403,27.059221,-94.84976,-22.422062,322.0178,0.0
1e,1,Left Ankle,4068742,1779734043608,2.11,9.73,-1.49,6.25,50.5625,17.0,-0.40667725,-0.5780029,-0.46228027,-0.53552246
1e,2,Right Ankle,1110734,1779734043617,-9.155591,0.88089395,-0.7106683,-17.013363,-5.5137596,3.217619,126.787544,80.89314,330.33926,0.0
1e,1,Left Ankle,4068764,1779734043641,3.02,8.2,-1.3,5.5,41.3125,9.25,-0.4015503,-0.5751343,-0.46496582,-0.54016113
1e,1,Left Ankle,4068786,1779734043667,4.98,8.44,-0.92,-2.25,12.0625,6.75,-0.399292,-0.5739136,-0.46557617,-0.54260254
1e,1,Left Ankle,4068805,1779734043668,4.75,8.4,-0.81,-6.125,-4.25,2.625,-0.4008789,-0.5744629,-0.4640503,-0.5421753
1e,4,Right Wrist,30071717,1779734043670,-5.714759,-6.085048,1.6486548,21.425041,22.121113,-28.336273,-136.22073,-24.153498,236.09532,0.0
1e,2,Right Ankle,1110824,1779734043675,-9.074235,0.83782315,-0.5240282,-8.473362,-3.8337598,-15.262381,126.73084,80.95791,330.28647,0.0
1e,1,Left Ankle,4068819,1779734043698,4.03,8.31,-0.17,-11.4375,-28.25,-3.6875,-0.40264893,-0.57525635,-0.46270752,-0.5411377
1e,1,Left Ankle,4068843,1779734043699,2.86,8.95,-0.84,-10.5625,-25.875,-13.6875,-0.40924072,-0.5767822,-0.45959473,-0.5372925
1e,3,Left Wrist,3868852,1779734043707,3.5535433,-5.7137637,-1.6582261,-1.7742237,1.7996993,29.089222,-94.96622,-22.298435,322.06033,0.0
1e,1,Left Ankle,4068864,1779734043725,3.03,9.15,-1.06,-9.4375,-22.5,-19.0625,-0.411438,-0.5767212,-0.45928955,-0.5358887
1e,2,Right Ankle,1110884,1779734043732,-9.076628,0.6392188,-0.41874397,-2.663362,6.03624,-6.582381,126.72151,81.02062,330.27872,0.0
1e,1,Left Ankle,4068884,1779734043755,3.49,8.8,-1.18,-10.1875,-22.375,-30.875,-0.4197998,-0.57525635,-0.45977783,-0.5305176
1e,3,Left Wrist,3868909,1779734043768,3.8502533,-7.8505545,-1.8687946,32.805775,-11.7803,24.609222,-95.01383,-22.313602,322.08585,0.0
1e,1,Left Ankle,4068906,1779734043786,3.42,8.63,-1.32,-13.75,-27.625,-37.125,-0.4267578,-0.5737915,-0.46020508,-0.5261841
1e,1,Left Ankle,4068923,1779734043792,2.75,8.58,-1.5,-15.5625,-27.4375,-41.75,-0.434021,-0.5716553,-0.46105957,-0.52178955
1e,4,Right Wrist,30071807,1779734043792,-4.767201,-6.235796,2.2612174,-11.47496,-10.008888,-8.526272,-136.1978,-24.129278,236.08847,0.0
1e,2,Right Ankle,1110944,1779734043822,-9.134055,0.6822896,-0.63649076,-0.5633621,12.19624,1.817619,126.82827,81.08507,330.38486,0.0
1e,3,Left Wrist,3868969,1779734043828,3.6660058,-8.62583,-2.4382863,6.4857764,-19.0603,23.349222,-95.0747,-22.3065,322.1153,0.0
1e,1,Left Ankle,4068944,1779734043851,2.77,8.24,-1.36,-14.9375,-21.0625,-40.6875,-0.44036865,-0.56933594,-0.4621582,-0.5180054
1e,1,Left Ankle,4068963,1779734043851,1.92,9.88,-0.56,-13.6875,-16.0,-44.9375,-0.4463501,-0.56640625,-0.46398926,-0.51446533
1e,1,Left Ankle,4068983,1779734043875,1.18,9.87,0.57,-21.6875,-11.875,-45.0,-0.45336914,-0.56243896,-0.46569824,-0.5111084
1e,1,Left Ankle,4069006,1779734043875,-1.49,11.65,-1.13,-16.9375,12.8125,-51.375,-0.45874023,-0.5566406,-0.46899414,-0.50964355
1e,1,Left Ankle,4069030,1779734043905,0.03,10.48,-1.29,-14.75,14.5,-58.6875,-0.4675293,-0.5471802,-0.475708,-0.50567627
1e,2,Right Ankle,1111034,1779734043913,-9.258482,1.3498871,-1.012164,8.816637,14.43624,11.127619,126.844124,81.01382,330.39767,0.0
1e,1,Left Ankle,4069054,1779734043935,0.66,9.25,-0.22,-14.875,13.75,-51.5625,-0.46984863,-0.5439453,-0.4779663,-0.5048828
1e,1,Left Ankle,4069070,1779734043942,0.84,9.34,0.02,-16.375,-4.1875,-47.3125,-0.47528076,-0.5385742,-0.4812622,-0.5024414
1e,3,Left Wrist,3869029,1779734043947,2.4193454,-9.874883,-3.0939198,1.2357764,-17.3803,30.20922,-95.13095,-22.258883,322.1415,0.0
1e,1,Left Ankle,4069091,1779734043967,-0.79,10.32,-0.23,-14.0625,-10.1875,-36.625,-0.4807129,-0.5350342,-0.4827881,-0.4996338
1e,1,Left Ankle,4069112,1779734043967,0.39,10.05,-0.04,-9.0625,-10.25,-32.9375,-0.48773193,-0.5315552,-0.48425293,-0.49505615
1e,1,Left Ankle,4069133,1779734043995,0.38,9.78,0.27,-7.875,-18.375,-24.75,-0.4920044,-0.53027344,-0.48443604,-0.49206543
1e,4,Right Wrist,30071970,1779734043999,-7.662516,-3.541478,1.134198,-35.06496,-11.128889,31.51373,-136.17487,-24.056519,236.06757,0.0
1e,2,Right Ankle,1111094,1779734044002,-9.251304,0.5052208,-0.81834537,10.706638,19.266241,3.987619,127.13437,81.07212,330.68143,0.0
1e,1,Left Ankle,4069153,1779734044025,0.39,9.38,-0.18,-8.625,-19.1875,-22.3125,-0.49572754,-0.52948,-0.48394775,-0.489563
1e,1,Left Ankle,4069167,1779734044026,-1.23,10.03,-0.72,-7.4375,-10.875,-9.8125,-0.49700928,-0.5293579,-0.4835205,-0.4888916
1e,1,Left Ankle,4069195,1779734044055,-0.03,9.86,-0.28,-5.9375,1.625,-4.125,-0.4984131,-0.52801514,-0.48327637,-0.48913574
1e,2,Right Ankle,1111184,1779734044062,-9.868651,0.56264853,-1.174876,6.1566377,26.61624,-19.60238,127.60307,81.11093,331.1442,0.0
1e,1,Left Ankle,4069209,1779734044085,0.06,9.73,-0.44,-7.0625,3.6875,2.4375,-0.49847412,-0.5276489,-0.48303223,-0.48968506
1e,1,Left Ankle,4069232,1779734044086,-0.06,9.77,-0.37,-4.0625,3.125,10.1875,-0.49780273,-0.52752686,-0.48162842,-0.4918213
1e,4,Right Wrist,30072151,1779734044088,-6.4852476,-0.37098786,1.6103697,-16.234959,23.101112,-17.626272,-136.16951,-24.01235,236.05878,0.0
1e,3,Left Wrist,3869192,1779734044098,1.2133628,-11.100008,0.70348984,-30.894224,-3.7303007,70.59922,-95.127045,-22.091036,322.14035,0.0
1e,1,Left Ankle,4069253,1779734044118,0.25,9.82,0.16,-2.3125,1.625,12.3125,-0.4967041,-0.5284424,-0.48046875,-0.49316406
1e,2,Right Ankle,1111274,1779734044127,-9.531264,-1.1506125,-3.4025939,-10.083363,4.84624,-2.032381,128.03946,81.1165,331.57907,0.0
1e,1,Left Ankle,4069271,1779734044149,0.15,9.81,0.08,1.0,0.0,16.4375,-0.4944458,-0.52941895,-0.4796753,-0.4951172
1e,4,Right Wrist,30072197,1779734044150,-5.422835,-1.5075784,1.1006985,-0.20495987,29.471111,-16.856272,-136.15712,-23.99592,236.05107,0.0
1e,1,Left Ankle,4069301,1779734044177,0.38,10.2,-0.06,4.4375,-2.5625,21.6875,-0.49249268,-0.5316162,-0.4779663,-0.4963379
1e,1,Left Ankle,4069311,1779734044180,0.26,10.04,-0.23,5.1875,-6.0625,21.9375,-0.49102783,-0.53466797,-0.475708,-0.4967041
1e,2,Right Ankle,1111333,1779734044183,-7.605042,0.5506844,-1.9190437,-67.13336,2.9562402,11.1976185,128.35419,81.09321,331.91293,0.0
1e,1,Left Ankle,4069334,1779734044211,0.97,10.17,-0.35,7.9375,-27.5625,12.375,-0.4909668,-0.5383911,-0.4730835,-0.49523926
1e,3,Left Wrist,3869342,1779734044218,3.3381894,-8.085051,1.969293,-8.704224,2.9196997,67.37922,-95.040306,-22.008926,322.09552,0.0
1e,1,Left Ankle,4069355,1779734044242,0.3,9.3,-0.34,8.0,-22.5625,15.375,-0.49084473,-0.5422363,-0.47045898,-0.49371338
1e,4,Right Wrist,30072287,1779734044242,-3.4056847,-3.2591245,1.6893327,-8.39496,20.721111,16.043728,-136.1308,-23.974125,236.03091,0.0
1e,1,Left Ankle,4069376,1779734044242,0.74,9.47,-0.23,8.75,-21.75,15.5625,-0.48999023,-0.5456543,-0.4683838,-0.49273682
1e,2,Right Ankle,1111394,1779734044244,-6.7531967,0.6128978,0.04785645,-58.173363,-17.97376,4.337619,128.09851,81.1394,331.6795,0.0
1e,1,Left Ankle,4069392,1779734044268,0.73,9.6,-0.52,12.875,-7.5625,12.8125,-0.48840332,-0.54852295,-0.4673462,-0.49212646
1e,1,Left Ankle,4069412,1779734044269,1.03,9.44,-0.47,15.125,-3.8125,6.6875,-0.48651123,-0.5505371,-0.46765137,-0.49145508
1e,1,Left Ankle,4069437,1779734044297,0.91,9.63,-0.17,17.4375,-6.25,3.6875,-0.4850464,-0.5527344,-0.46813965,-0.4899292
1e,2,Right Ankle,1111454,1779734044304,-6.403845,1.1106049,1.2179468,-50.123363,-29.45376,4.547619,127.73448,81.16765,331.3357,0.0
1e,3,Left Wrist,3869418,1779734044309,4.240283,-8.068301,1.940579,-17.664223,-15.0003,52.25922,-94.9968,-22.007921,322.08026,0.0
1e,1,Left Ankle,4069456,1779734044326,0.9,9.75,-0.09,21.3125,-7.6875,-1.1875,-0.4837036,-0.5549927,-0.46923828,-0.48760986
1e,4,Right Wrist,30072377,1779734044359,-2.4581268,-3.5725844,1.2969098,-24.214958,24.851112,26.683727,-136.10341,-23.951109,236.00471,0.0
1e,2,Right Ankle,1111514,1779734044363,-10.844924,-2.6054487,-6.113662,35.90664,-0.61375976,32.19762,128.1431,81.15882,331.72595,0.0
1e,3,Left Wrist,3869479,1779734044368,5.3361964,-6.991531,0.79681,3.2657766,-37.1203,40.429222,-94.96639,-22.0458,322.0801,0.0
1e,1,Left Ankle,4069481,1779734044392,1.18,9.43,-0.09,23.875,-4.9375,-4.0625,-0.4817505,-0.55841064,-0.47161865,-0.48339844
1e,1,Left Ankle,4069504,1779734044419,0.51,9.25,-0.58,22.6875,2.25,0.4375,-0.48059082,-0.5592041,-0.47265625,-0.48260498
1e,1,Left Ankle,4069521,1779734044419,0.97,9.56,-0.87,21.25,14.0625,3.4375,-0.47558594,-0.5606079,-0.47613525,-0.48254395
1e,2,Right Ankle,1111574,1779734044422,-8.691383,5.7215743,-0.5479564,-38.643364,-11.11376,82.45762,127.686386,81.08487,331.28488,0.0
1e,3,Left Wrist,3869569,1779734044428,4.230712,-9.102001,2.416751,26.365776,-62.950302,2.9792213,-94.913635,-22.051931,322.08398,0.0
1e,1,Left Ankle,4069542,1779734044445,0.44,9.51,-0.72,17.3125,16.5,13.1875,-0.47149658,-0.5616455,-0.47766113,-0.48382568
1e,1,Left Ankle,4069562,1779734044445,0.75,9.78,-0.76,18.1875,23.0,22.0,-0.46643066,-0.5626831,-0.479187,-0.48602295
1e,1,Left Ankle,4069585,1779734044451,-0.3,10.28,-0.55,19.125,32.5625,23.875,-0.4593506,-0.5631714,-0.48150635,-0.4899292
1e,4,Right Wrist,30072571,1779734044451,-11.153645,1.8088732,0.808774,-23.374962,49.141113,61.753727,-136.08403,-23.887367,235.95436,0.0
1e,1,Left Ankle,4069602,1779734044476,-0.56,10.23,-0.32,32.4375,76.0625,38.6875,-0.44781494,-0.5628662,-0.4855957,-0.4968872
1e,1,Left Ankle,4069620,1779734044476,3.24,11.92,-2.17,41.0,89.25,39.375,-0.44018555,-0.5619507,-0.48913574,-0.50115967
1e,2,Right Ankle,1111634,1779734044482,-9.114913,0.72536045,-1.8424734,-25.553362,-25.32376,46.12762,127.92771,81.062836,331.52945,0.0
1e,3,Left Wrist,3869628,1779734044488,3.2329047,-13.4090805,1.0456635,57.795776,-90.740295,-24.180775,-94.86005,-22.018589,322.10138,0.0
1e,1,Left Ankle,4069642,1779734044509,5.76,14.05,-2.26,44.0,79.9375,46.25,-0.4179077,-0.5620117,-0.49682617,-0.51257324
1e,1,Left Ankle,4069659,1779734044536,5.8,15.33,-2.28,31.375,57.0625,46.0625,-0.4119873,-0.56256104,-0.49798584,-0.51556396
1e,1,Left Ankle,4069684,1779734044536,3.55,13.61,-2.33,11.125,63.9375,37.6875,-0.3965454,-0.5615845,-0.5005493,-0.5261841
1e,2,Right Ankle,1111694,1779734044542,-8.665062,3.2761095,-0.25603202,9.5866375,-9.923759,15.397619,127.533295,81.018295,331.1356,0.0
1e,3,Left Wrist,3869689,1779734044547,2.046065,-15.58655,-1.7012969,19.085777,-98.7903,-13.2607765,-94.87506,-21.944986,322.14172,0.0
1e,1,Left Ankle,4069702,1779734044568,4.21,9.98,-1.75,0.8125,81.5,32.3125,-0.38671875,-0.5576782,-0.50268555,-0.5354614
1e,1,Left Ankle,4069719,1779734044596,3.9,7.43,-1.86,-6.0,70.875,34.8125,-0.3817749,-0.5551758,-0.50372314,-0.5406494
1e,2,Right Ankle,1111753,1779734044603,-8.866059,3.331144,-0.4737789,-41.09336,0.01624024,8.74762,127.167465,80.96704,330.78815,0.0
1e,3,Left Wrist,3869749,1779734044607,2.6442707,-13.028623,-3.4791641,-55.044224,-83.3203,-6.820778,-94.954544,-21.896973,322.19128,0.0
1e,1,Left Ankle,4069746,1779734044628,0.18,6.13,-3.1,-8.5625,34.625,40.125,-0.3741455,-0.5546875,-0.5003662,-0.5494995
1e,1,Left Ankle,4069759,1779734044628,2.68,4.51,-1.06,-4.875,-16.25,31.0,-0.37365723,-0.5565796,-0.49816895,-0.54992676
1e,4,Right Wrist,30072590,1779734044628,-11.617852,1.9691923,1.6414763,-4.05496,67.20111,60.983727,-136.07224,-23.865292,235.92009,0.0
1e,1,Left Ankle,4069782,1779734044660,3.17,4.9,-0.36,-3.125,-40.0,58.875,-0.37243652,-0.5675659,-0.4864502,-0.5499878
1e,2,Right Ankle,1111814,1779734044662,-9.009629,2.9746134,-0.27517462,-28.493362,-1.1037599,11.127619,126.778076,80.92438,330.41302,0.0
1e,3,Left Wrist,3869809,1779734044668,5.910474,-9.523137,-3.1752756,-74.43423,-86.1903,-29.080776,-95.04727,-21.944149,322.2448,0.0
1e,1,Left Ankle,4069806,1779734044685,3.94,3.87,-1.61,12.3125,-4.625,72.375,-0.36645508,-0.5748291,-0.4794922,-0.55255127
1e,1,Left Ankle,4069826,1779734044686,3.31,2.57,-1.95,30.625,35.6875,100.6875,-0.35302734,-0.5817261,-0.47424316,-0.55859375
1e,1,Left Ankle,4069850,1779734044715,2.31,3.55,0.09,40.25,53.5,111.0,-0.33483887,-0.5878906,-0.47021484,-0.5667114
1e,4,Right Wrist,30072750,1779734044718,-3.8627143,-4.302395,-0.552742,45.925037,149.1011,32.003727,-135.98787,-23.847857,235.81279,0.0
1e,2,Right Ankle,1111874,1779734044722,-8.464066,2.4194787,-0.67477596,-20.513363,15.97624,14.977619,126.46097,80.8623,330.1072,0.0
1e,3,Left Wrist,3869869,1779734044727,9.162319,-6.266506,-0.6915257,-49.514225,-121.9603,-97.75078,-95.08465,-22.04606,322.2945,0.0
1e,1,Left Ankle,4069869,1779734044745,1.87,5.97,2.09,28.625,36.625,105.875,-0.31756592,-0.5939331,-0.46514893,-0.5745239
1e,1,Left Ankle,4069892,1779734044746,0.01,8.45,1.77,-0.6875,-5.625,77.375,-0.3026123,-0.6038208,-0.45336914,-0.581604
1e,1,Left Ankle,4069909,1779734044775,-5.32,9.14,1.34,-5.5625,-11.625,61.0625,-0.300354,-0.6066284,-0.44970703,-0.5827637
1e,4,Right Wrist,30072827,1779734044779,-2.1279175,-3.6946185,-0.6173482,25.695042,93.45111,52.37373,-135.93251,-23.818928,235.76128,0.0
1e,2,Right Ankle,1111934,1779734044782,-8.88281,2.5917618,-1.2634103,-13.583363,12.75624,19.177618,126.28971,80.78467,329.94272,0.0
1e,3,Left Wrist,3869929,1779734044787,11.928423,-4.376176,1.0671989,52.055775,-202.1103,-172.16078,-95.08692,-22.161737,322.37228,0.0
1e,1,Left Ankle,4069934,1779734044810,-5.71,8.34,1.39,-13.25,-28.875,16.125,-0.3026123,-0.6109619,-0.44403076,-0.58135986
1e,1,Left Ankle,4069953,1779734044810,-6.89,10.2,1.82,-28.0,-57.6875,-69.0,-0.3147583,-0.6109009,-0.44421387,-0.57476807
1e,1,Left Ankle,4069976,1779734044835,35.64,15.58,-27.63,65.25,-13.75,-172.875,-0.32922363,-0.60498047,-0.45861816,-0.5614624
1e,4,Right Wrist,30072917,1779734044839,-0.62761766,-4.898208,-0.062213387,25.765041,-5.5288887,25.983728,-135.8775,-23.788563,235.73798,0.0
1e,2,Right Ankle,1111994,1779734044842,-8.4544935,3.3407154,-0.10528419,5.666638,21.71624,26.80762,125.94828,80.732185,329.60382,0.0
1e,3,Left Wrist,3869989,1779734044849,9.1790695,-4.325927,3.4193435,155.65578,-263.8503,-194.49077,-95.044754,-22.268633,322.4674,0.0
1e,1,Left Ankle,4069993,1779734044869,2.46,8.56,-1.35,-38.1875,-88.125,92.4375,-0.33691406,-0.6152344,-0.449646,-0.5529785
1e,1,Left Ankle,4070018,1779734044898,-17.04,18.14,-1.87,-45.875,-66.625,-94.25,-0.35186768,-0.61743164,-0.44525146,-0.54467773
1e,1,Left Ankle,4070036,1779734044898,2.97,9.98,-2.34,-16.1875,-3.9375,-168.4375,-0.36828613,-0.60498047,-0.45941162,-0.5359497
1e,4,Right Wrist,30072977,1779734044902,-1.2736799,-4.0846486,-0.20817557,-22.674961,-61.598885,37.393726,-135.84901,-23.73373,235.72841,0.0
1e,2,Right Ankle,1112054,1779734044904,-8.521493,3.9245641,-0.6652047,-0.5633621,32.98624,11.897619,125.701546,80.665085,329.36163,0.0
1e,3,Left Wrist,3870049,1779734044909,8.367902,-7.297812,11.787045,215.99577,-218.1403,-199.67078,-94.96147,-22.348116,322.54028,0.0
1e,1,Left Ankle,4070057,1779734044931,15.5,4.68,0.52,-3.6875,36.875,-146.6875,-0.38134766,-0.59069824,-0.47540283,-0.5288086
1e,1,Left Ankle,4070080,1779734044957,7.11,4.38,-1.81,0.9375,67.0,-62.125,-0.383667,-0.5779419,-0.48828125,-0.52948
1e,1,Left Ankle,4070096,1779734044960,-2.99,11.64,-3.17,2.6875,18.0625,-55.6875,-0.38500977,-0.5704956,-0.49591064,-0.529541
1e,4,Right Wrist,30073037,1779734044961,-2.9486558,-0.6102701,0.6269195,-33.03496,-134.60889,75.68372,-135.85696,-23.654411,235.7396,0.0
1e,2,Right Ankle,1112114,1779734044963,-8.365959,4.388772,-2.2420747,14.136637,7.64624,-2.5223808,125.62719,80.59154,329.28384,0.0
1e,3,Left Wrist,3870109,1779734044969,6.317253,-16.928923,16.096518,269.3358,-145.3403,-143.95078,-94.843704,-22.393751,322.58203,0.0
1e,1,Left Ankle,4070115,1779734044988,-8.2,15.62,0.06,-21.125,-51.1875,-86.125,-0.39562988,-0.56585693,-0.5001221,-0.522583
1e,1,Left Ankle,4070140,1779734045019,5.94,7.71,-2.31,-20.875,-30.1875,-140.0625,-0.41235352,-0.55651855,-0.5081177,-0.5119629
1e,1,Left Ankle,4070159,1779734045020,0.66,8.31,-3.45,-29.3125,-26.25,-85.6875,-0.42565918,-0.5484009,-0.5132446,-0.5046387
1e,4,Right Wrist,30073097,1779734045020,-3.187938,6.659125,0.8039884,39.55504,-176.18889,40.26373,-135.8752,-23.59725,235.78246,0.0
1e,2,Right Ankle,1112174,1779734045023,-8.40903,3.8575652,-1.6199409,1.046638,2.11624,-15.752382,125.49891,80.52451,329.1576,0.0
1e,3,Left Wrist,3870168,1779734045029,1.342575,-19.826632,22.10011,138.43578,35.469696,-95.230774,-94.7477,-22.418411,322.55502,0.0
1e,1,Left Ankle,4070182,1779734045047,-2.39,11.18,2.39,-18.75,-20.125,-82.625,-0.4421997,-0.53948975,-0.51904297,-0.49395752
1e,1,Left Ankle,4070204,1779734045077,-1.5,10.01,-2.09,-12.125,-12.5625,-66.1875,-0.45074463,-0.53302,-0.5235596,-0.48846436
1e,4,Right Wrist,30073157,1779734045079,-2.4796624,4.2471595,0.40677986,71.96504,-178.84889,-16.016272,-135.8885,-23.550596,235.84138,0.0
1e,2,Right Ankle,1112234,1779734045084,-8.602849,3.8958504,-1.7060825,41.36664,4.9862404,-39.55238,125.42969,80.46348,329.0766,0.0
1e,3,Left Wrist,3870229,1779734045088,-0.26540157,-25.923544,33.06163,-39.224224,220.89969,80.189224,-94.68625,-22.386696,322.4532,0.0
1e,1,Left Ankle,4070219,1779734045137,-1.14,9.94,-2.39,-10.125,-21.0,-60.75,-0.45495605,-0.5311279,-0.52471924,-0.48535156
1e,1,Left Ankle,4070244,1779734045138,1.05,10.18,-0.52,-1.125,-20.5,-52.5,-0.46496582,-0.5263672,-0.5289917,-0.4763794
1e,1,Left Ankle,4070259,1779734045140,-0.37,10.16,-0.43,1.375,-17.75,-47.5,-0.46765137,-0.5249634,-0.53045654,-0.4736328
1e,4,Right Wrist,30073217,1779734045140,-2.7859435,3.553242,-0.5024928,62.16504,-152.59889,-9.926271,-135.90654,-23.502554,235.89354,0.0
1e,2,Right Ankle,1112293,1779734045143,-8.772739,3.2019317,-1.1509477,17.846638,-1.2437598,-55.58238,125.29204,80.41235,328.9365,0.0
1e,3,Left Wrist,3870289,1779734045148,14.014963,-26.134111,53.108696,158.87578,482.6997,348.00922,-94.51611,-22.282324,322.24512,0.0
1e,1,Left Ankle,4070286,1779734045172,-0.62,9.64,-0.88,7.0625,-10.6875,-40.75,-0.47314453,-0.5216675,-0.53515625,-0.4664917
1e,1,Left Ankle,4070304,1779734045172,-0.25,9.39,-0.62,5.75,-15.8125,-33.25,-0.4765625,-0.5201416,-0.53759766,-0.46185303
1e,1,Left Ankle,4070321,1779734045196,-0.44,9.12,-1.44,3.375,-19.4375,-32.3125,-0.4807129,-0.5192261,-0.5388794,-0.45715332
1e,4,Right Wrist,30073277,1779734045203,-2.8984063,-0.53369945,0.16031912,123.69504,-125.15888,-30.576271,-135.87372,-23.446966,235.93263,0.0
1e,2,Right Ankle,1112354,1779734045204,-7.6768265,0.32575902,-4.0965123,42.97664,4.5662403,-39.972378,125.697395,80.39933,329.32294,0.0
1e,3,Left Wrist,3870349,1779734045208,35.335014,-22.016066,55.0086,157.54578,650.6297,464.8392,-94.323975,-22.154741,321.97186,0.0
1e,1,Left Ankle,4070347,1779734045231,-0.5,9.29,-1.81,4.375,-30.0,-36.0625,-0.48553467,-0.5186157,-0.539917,-0.45141602
1e,1,Left Ankle,4070366,1779734045231,-0.93,10.08,-1.58,5.25,-27.625,-36.9375,-0.49023438,-0.51782227,-0.54138184,-0.44555664
1e,1,Left Ankle,4070392,1779734045256,-1.06,8.52,-0.37,10.1875,-24.0,-32.6875,-0.49401855,-0.517395,-0.54296875,-0.43981934
1e,2,Right Ankle,1112414,1779734045263,-8.4544935,1.3139948,-0.67716885,61.17664,15.55624,-28.142382,125.41674,80.39508,329.02686,0.0
1e,3,Left Wrist,3870409,1779734045269,57.82037,-11.542679,10.801201,167.34578,450.1497,177.69922,-94.185555,-22.160648,321.7922,0.0
1e,1,Left Ankle,4070410,1779734045287,-2.24,10.03,-0.88,6.1875,-15.0625,-24.5625,-0.49713135,-0.5168457,-0.54437256,-0.4352417
1e,1,Left Ankle,4070430,1779734045289,-1.58,9.22,-1.66,5.0,-0.1875,-15.375,-0.4993286,-0.517334,-0.5446167,-0.43170166
1e,4,Right Wrist,30073337,1779734045289,-2.6256244,-5.0752773,2.6656044,105.77504,-127.53889,-23.016272,-135.82068,-23.40427,235.95999,0.0
1e,1,Left Ankle,4070452,1779734045316,-0.84,9.07,-2.08,-0.4375,-1.125,-11.4375,-0.5001221,-0.5162964,-0.5458374,-0.43060303
1e,2,Right Ankle,1112474,1779734045322,-8.31571,-0.7725465,-2.8546374,28.90664,6.3862405,-39.13238,125.87838,80.41347,329.47372,0.0
1e,3,Left Wrist,3870469,1779734045327,34.279778,-5.1634145,-3.9433718,-87.244225,145.92969,-36.360775,-94.20429,-22.243877,321.74158,0.0
1e,1,Left Ankle,4070468,1779734045345,-0.95,9.16,-2.15,-7.5,-10.9375,-10.9375,-0.50219727,-0.5154419,-0.54559326,-0.42944336
1e,1,Left Ankle,4070492,1779734045346,-1.8,9.4,-1.62,-16.3125,-15.0,-9.6875,-0.50738525,-0.51397705,-0.54345703,-0.4277954
1e,4,Right Wrist,30073397,1779734045354,-2.790729,-6.8340015,-1.0001999,80.15504,-114.65889,-41.14627,-135.77371,-23.34887,235.98755,0.0
1e,1,Left Ankle,4070517,1779734045378,-1.84,9.48,-1.49,-20.5,-2.6875,-6.5625,-0.5102539,-0.51220703,-0.5420532,-0.42840576
1e,2,Right Ankle,1112534,1779734045382,-9.093377,2.036627,-3.5413773,23.516638,5.6162405,-48.37238,126.170944,80.37923,329.756,0.0
1e,3,Left Wrist,3870529,1779734045387,3.0869427,-1.4401826,-1.8017955,7.4657764,-94.0303,85.019226,-94.262825,-22.272068,321.79303,0.0
1e,1,Left Ankle,4070535,1779734045405,-1.45,9.6,-1.08,-22.625,-3.9375,-4.9375,-0.51275635,-0.51000977,-0.5406494,-0.42974854
1e,4,Right Wrist,30073487,1779734045412,-9.39492,-2.041178,-3.414558,-50.88496,-31.708887,82.473724,-135.79034,-23.275768,235.97522,0.0
1e,1,Left Ankle,4070557,1779734045437,-1.34,9.5,-1.1,-23.9375,-9.5,-6.4375,-0.5159912,-0.5079956,-0.5387573,-0.43066406
1e,2,Right Ankle,1112594,1779734045442,-8.916308,-1.7679609,-3.5700915,0.62663794,3.2362404,-20.862381,126.60894,80.39834,330.18854,0.0
1e,3,Left Wrist,3870588,1779734045447,-4.6681952,-2.2274213,7.9776707,76.13577,-82.4103,41.47922,-94.21548,-22.237453,321.81073,0.0
1e,1,Left Ankle,4070585,1779734045469,-1.25,9.17,-0.91,-24.5625,-5.5,-3.5625,-0.5189209,-0.50579834,-0.53686523,-0.43206787
1e,1,Left Ankle,4070600,1779734045469,-1.64,9.54,-0.85,-23.8125,-4.3125,-0.375,-0.5214844,-0.5039673,-0.534729,-0.43377686
1e,4,Right Wrist,30073547,1779734045470,-5.654938,1.8088732,-0.5886344,82.04504,19.041111,46.49373,-135.76524,-23.24164,235.96169,0.0
1e,1,Left Ankle,4070619,1779734045496,-1.6,9.57,-0.83,-22.625,1.0,2.4375,-0.52423096,-0.50305176,-0.5321045,-0.43469238
1e,1,Left Ankle,4070641,1779734045496,-1.22,9.74,-0.59,-19.9375,4.8125,5.8125,-0.52575684,-0.5005493,-0.5297241,-0.43865967
1e,2,Right Ankle,1112654,1779734045502,-8.492779,-0.11930596,-3.2470603,-5.603362,-6.1437597,-7.842381,126.97139,80.39258,330.54782,0.0
1e,3,Left Wrist,3870649,1779734045508,-1.6053823,-4.9121685,5.285745,-81.08423,-2.4003007,-4.370777,-94.20446,-22.218065,321.79672,0.0
1e,1,Left Ankle,4070665,1779734045529,-1.12,9.69,-0.61,-18.9375,5.0,6.375,-0.5258179,-0.49853516,-0.5288086,-0.4420166
1e,4,Right Wrist,30073607,1779734045529,-3.2214375,-3.8836513,-0.21056838,35.70504,42.49111,12.683728,-135.72104,-23.2122,235.93675,0.0
1e,1,Left Ankle,4070685,1779734045555,-0.99,9.65,-0.16,-17.0,5.4375,8.0,-0.52612305,-0.4973755,-0.52734375,-0.4446411
1e,1,Left Ankle,4070703,1779734045556,-1.12,9.68,-0.17,-12.875,5.0,9.4375,-0.52612305,-0.49658203,-0.526001,-0.44708252
1e,2,Right Ankle,1112714,1779734045563,-8.708133,-0.45669398,-2.8809586,-9.733362,-4.8837595,-13.722382,127.36272,80.399864,330.93726,0.0
1e,3,Left Wrist,3870708,1779734045567,0.7611194,-2.0240314,4.007978,-18.924223,-22.000301,1.4392204,-94.17247,-22.217487,321.78918,0.0
1e,1,Left Ankle,4070727,1779734045588,-1.03,9.66,-0.06,-10.5,4.5625,10.125,-0.5262451,-0.49639893,-0.524353,-0.44909668
1e,4,Right Wrist,30073667,1779734045588,-2.7069805,-2.3857443,-0.85902333,-42.13496,36.611115,25.983728,-135.71272,-23.16888,235.9135,0.0
1e,1,Left Ankle,4070745,1779734045615,-0.86,9.52,-0.05,-9.0,2.9375,9.75,-0.52593994,-0.49621582,-0.5231323,-0.45111084
1e,2,Right Ankle,1112774,1779734045623,-9.083806,-0.53804994,-2.1272192,-7.0733624,1.2062402,-10.292381,127.7702,80.42376,331.34195,0.0
1e,3,Left Wrist,3870769,1779734045627,1.2588264,-3.2802632,5.9150577,-0.93422365,-37.9603,47.149223,-94.135414,-22.200676,321.7862,0.0
1e,1,Left Ankle,4070769,1779734045647,-0.91,9.41,-0.07,-9.5625,2.0625,9.9375,-0.5264282,-0.49676514,-0.52111816,-0.4522705
1e,1,Left Ankle,4070793,1779734045676,-1.23,9.81,-0.68,-8.0,4.625,11.75,-0.52593994,-0.49664307,-0.5198364,-0.45440674
1e,1,Left Ankle,4070812,1779734045677,-0.93,9.85,-0.47,-7.375,5.0625,9.5625,-0.52490234,-0.4963379,-0.51849365,-0.4574585
1e,2,Right Ankle,1112833,1779734045683,-8.751204,-0.82997423,-2.6081767,-14.353362,-2.7837596,-5.7423806,128.1682,80.439354,331.7394,0.0
1e,3,Left Wrist,3870829,1779734045688,2.1250281,-2.6533437,5.7643094,-36.844223,-20.250301,29.579222,-94.10943,-22.197128,321.77734,0.0
1e,1,Left Ankle,4070833,1779734045708,-0.84,9.51,-0.24,-7.3125,3.375,9.375,-0.52453613,-0.49627686,-0.51745605,-0.45916748
1e,4,Right Wrist,30073727,1779734045724,-1.7546372,-0.41884443,-1.0217353,9.03504,20.091112,25.353727,-135.71616,-23.116653,235.90576,0.0
1e,1,Left Ankle,4070873,1779734045738,-1.08,9.92,-0.36,-5.375,2.1875,9.125,-0.5239258,-0.49658203,-0.5151367,-0.46209717
1e,1,Left Ankle,4070856,1779734045738,-0.85,9.48,-0.16,-7.125,1.8125,9.5,-0.52423096,-0.49639893,-0.5161743,-0.4607544
1e,2,Right Ankle,1112894,1779734045748,-8.590884,-0.7486183,-2.8642087,-6.303362,-3.2037597,-2.032381,128.55992,80.44663,332.12784,0.0
1e,3,Left Wrist,3870889,1779734045749,-0.035690907,-1.9043902,6.1399827,-36.074223,-3.2403007,-7.940777,-94.08393,-22.196466,321.7642,0.0
1e,1,Left Ankle,4070891,1779734045768,-0.89,9.61,-0.23,-4.1875,2.375,9.5,-0.5233154,-0.49676514,-0.5142822,-0.463562
1e,4,Right Wrist,30073891,1779734045769,-2.1518457,-1.0601205,-3.7710884,137.55504,28.28111,8.203728,-135.71329,-23.01254,235.91193,0.0
1e,2,Right Ankle,1112954,1779734045804,-8.846916,-0.6505126,-2.4119651,-9.313362,-4.7437596,2.027619,128.94664,80.46107,332.5121,0.0
1e,3,Left Wrist,3870949,1779734045808,-1.4307061,-5.510374,5.556134,-41.744225,8.659699,-10.600777,-94.056816,-22.179787,321.74588,0.0
1e,4,Right Wrist,30073910,1779734045830,-2.2762725,-1.4669003,-4.369294,127.545044,26.671112,6.4537277,-135.70271,-22.953663,235.91774,0.0
1e,1,Left Ankle,4070915,1779734045857,-0.81,9.85,-0.15,-2.0,-2.0625,9.8125,-0.5229492,-0.49743652,-0.51312256,-0.46453857
1e,1,Left Ankle,4070932,1779734045857,-0.59,9.2,-0.09,-1.625,-0.25,10.6875,-0.52227783,-0.49829102,-0.51208496,-0.46557617
1e,2,Right Ankle,1113014,1779734045863,-9.126877,-0.8562953,-2.1128623,-4.553362,-2.4337597,3.357619,129.33774,80.486465,332.89914,0.0
1e,3,Left Wrist,3871009,1779734045871,-1.8733786,-3.3448694,4.773681,-21.024223,16.2197,-28.450779,-94.024605,-22.170156,321.72638,0.0
1e,1,Left Ankle,4070953,1779734045889,-0.93,9.65,-0.1,-0.125,-1.1875,14.5625,-0.5213623,-0.49951172,-0.5107422,-0.4666748
1e,1,Left Ankle,4070979,1779734045889,-0.85,9.58,-0.1,1.0,1.25,18.25,-0.5197754,-0.5008545,-0.5095215,-0.4683838
1e,1,Left Ankle,4071004,1779734045890,-0.9,9.66,-0.23,2.3125,3.125,22.3125,-0.51782227,-0.50250244,-0.50823975,-0.4701538
1e,4,Right Wrist,30073967,1779734045890,-2.0633113,-2.0770705,-6.1998034,74.62504,24.081112,8.483728,-135.71906,-22.895372,235.92691,0.0
1e,1,Left Ankle,4071016,1779734045915,-0.6,9.58,-0.19,3.3125,5.0625,25.8125,-0.51483154,-0.50390625,-0.50738525,-0.47283936
1e,1,Left Ankle,4071041,1779734045916,-0.61,9.77,-0.34,4.0,4.5625,29.5625,-0.51031494,-0.5074463,-0.50494385,-0.4765625
1e,1,Left Ankle,4071060,1779734045944,0.03,9.45,-0.15,5.25,5.25,31.0625,-0.50860596,-0.50878906,-0.5040283,-0.47790527
1e,1,Left Ankle,4071076,1779734045945,-0.33,9.65,-0.13,5.8125,3.25,34.625,-0.5054321,-0.512146,-0.5015869,-0.48028564
1e,4,Right Wrist,30074027,1779734045949,-1.0463617,-2.9719858,-6.642476,40.46504,9.5211115,-4.6062717,-135.75107,-22.836885,235.94377,0.0
1e,1,Left Ankle,4071103,1779734045975,0.1,9.75,-0.34,7.4375,2.3125,36.375,-0.50164795,-0.51556396,-0.49926758,-0.4829712
1e,1,Left Ankle,4071120,1779734045976,-0.26,9.92,-0.48,9.3125,1.625,38.125,-0.49560547,-0.5213623,-0.49554443,-0.4868164
1e,2,Right Ankle,1113074,1779734045982,-8.727276,-0.3657667,-2.6632116,-2.103362,-5.44376,2.167619,129.71477,80.48853,333.2714,0.0
1e,3,Left Wrist,3871069,1779734045987,-0.8994997,-3.7755775,3.7710884,11.105777,12.579699,-87.60077,-93.978935,-22.180725,321.70853,0.0
1e,1,Left Ankle,4071143,1779734046005,0.11,9.69,-0.53,9.75,1.9375,40.75,-0.491333,-0.5253296,-0.49291992,-0.489563
1e,4,Right Wrist,30074087,1779734046012,-0.53908324,-4.3143597,-6.415158,24.925041,-3.078888,0.57372785,-135.77307,-22.76611,235.95622,0.0
1e,1,Left Ankle,4071165,1779734046038,0.0,9.75,-0.46,9.5625,2.6875,41.75,-0.4869995,-0.52948,-0.49017334,-0.4921875
1e,1,Left Ankle,4071185,1779734046065,0.66,9.58,-0.53,8.625,2.5,43.9375,-0.48236084,-0.53356934,-0.48724365,-0.49523926
1e,1,Left Ankle,4071202,1779734046066,0.47,9.63,-0.29,9.75,1.3125,46.5,-0.47747803,-0.53790283,-0.4840088,-0.49835205
1e,4,Right Wrist,30074147,1779734046068,-0.21126653,-4.510571,-5.986842,11.06504,-8.608889,14.083728,-135.79256,-22.688564,235.96394,0.0
1e,2,Right Ankle,1113238,1779734046072,-8.684204,-0.02598587,-2.210968,-36.96336,-10.97376,57.39762,130.36932,80.47818,333.9262,0.0
1e,1,Left Ankle,4071223,1779734046096,0.29,9.98,-0.29,14.125,-1.5625,50.0625,-0.472229,-0.5430298,-0.48059082,-0.5012207
1e,1,Left Ankle,4071247,1779734046125,1.19,9.79,-0.09,17.625,-8.375,48.625,-0.46704102,-0.5488281,-0.47705078,-0.5031128
1e,1,Left Ankle,4071262,1779734046126,0.38,9.82,-0.49,22.5625,-12.625,51.875,-0.4616089,-0.555603,-0.4730835,-0.50439453
1e,4,Right Wrist,30074208,1779734046129,0.21226306,-4.017649,-7.003792,-6.50496,-7.1388874,30.673729,-135.83832,-22.619576,235.9752,0.0
1e,2,Right Ankle,1113257,1779734046132,-8.81581,0.6176834,-2.1559331,-34.09336,-8.59376,63.55762,130.59238,80.44605,334.15515,0.0
1e,3,Left Wrist,3871232,1779734046137,3.1156566,-11.413467,4.0007997,-17.944223,49.469696,-117.840775,-93.86388,-22.257437,321.65155,0.0
1e,1,Left Ankle,4071287,1779734046156,1.1,9.64,-0.32,30.75,-11.75,54.3125,-0.45532227,-0.5630493,-0.4696045,-0.50512695
1e,1,Left Ankle,4071303,1779734046156,0.91,9.95,-0.78,34.8125,-10.25,60.75,-0.44781494,-0.571228,-0.46600342,-0.50598145
1e,1,Left Ankle,4071326,1779734046185,1.23,9.89,-0.74,41.3125,-17.0,66.8125,-0.4395752,-0.58062744,-0.46191406,-0.5062256
1e,4,Right Wrist,30074267,1779734046188,-0.6587243,-3.3524446,-7.41775,-28.06496,-16.098888,24.723728,-135.89688,-22.550455,235.99184,0.0
1e,2,Right Ankle,1113344,1779734046192,-7.79886,1.1704254,-3.2374892,-17.713362,-16.85376,61.17762,130.72646,80.39309,334.29044,0.0
1e,1,Left Ankle,4071346,1779734046215,0.81,10.48,0.52,39.0625,-25.8125,74.1875,-0.43133545,-0.5911255,-0.45635986,-0.5062256
1e,3,Left Wrist,3871382,1779734046228,4.620742,-11.253148,0.5383851,-111.11423,30.289698,-34.610775,-93.79355,-22.288198,321.5796,0.0
1e,1,Left Ankle,4071369,1779734046248,-0.26,11.46,0.12,33.375,-41.125,83.4375,-0.42358398,-0.6029663,-0.44848633,-0.50579834
1e,4,Right Wrist,30074327,1779734046248,-2.3337004,-2.8714871,-6.881758,-60.47496,-26.178888,21.503729,-135.95851,-22.473227,236.00822,0.0
1e,1,Left Ankle,4071390,1779734046248,-0.61,11.8,-0.72,34.25,-36.0625,84.5,-0.41149902,-0.62060547,-0.43615723,-0.505249
1e,1,Left Ankle,4071405,1779734046275,0.06,11.13,0.09,36.375,-19.125,82.625,-0.40679932,-0.6256714,-0.43273926,-0.5057373
1e,2,Right Ankle,1113404,1779734046284,-8.0525,0.6918609,-2.794817,-32.833363,-39.53376,46.40762,130.88828,80.36088,334.45776,0.0
1e,1,Left Ankle,4071431,1779734046307,-0.08,11.38,0.47,30.375,-13.125,83.0,-0.39294434,-0.6394043,-0.4220581,-0.50860596
1e,1,Left Ankle,4071450,1779734046308,1.01,9.86,-0.45,19.0,-17.1875,76.6875,-0.3892212,-0.64349365,-0.41815186,-0.5095215
1e,1,Left Ankle,4071465,1779734046337,3.83,8.42,0.86,11.9375,-21.5625,69.375,-0.3828125,-0.6508789,-0.41052246,-0.51116943
1e,4,Right Wrist,30074387,1779734046339,-4.056533,-1.1558336,-5.4508505,-66.704956,-20.578888,21.293728,-136.01591,-22.40339,236.0209,0.0
1e,1,Left Ankle,4071491,1779734046367,1.81,13.2,-2.09,-0.8125,-21.75,59.0,-0.3779297,-0.6591797,-0.3998413,-0.5126343
1e,1,Left Ankle,4071505,1779734046368,-4.74,10.59,9.85,-12.5625,-7.875,22.0625,-0.3779297,-0.6598511,-0.39782715,-0.51330566
1e,1,Left Ankle,4071529,1779734046397,-2.07,11.65,1.57,-41.0,34.1875,-38.0,-0.38226318,-0.6539917,-0.39782715,-0.5175781
1e,4,Right Wrist,30074447,1779734046399,-6.6503525,-1.8066812,-2.0267208,-61.87496,-0.4188881,11.773728,-136.03706,-22.356178,236.01808,0.0
1e,2,Right Ankle,1113464,1779734046404,-9.007236,4.623268,-1.969293,-10.923363,-50.173763,14.83762,130.59335,80.300064,334.168,0.0
1e,1,Left Ankle,4071551,1779734046431,-0.69,10.92,2.11,-31.0625,57.0625,-69.5,-0.38763428,-0.64282227,-0.40490723,-0.5220947
1e,1,Left Ankle,4071570,1779734046431,-3.88,10.94,3.93,-31.0,37.3125,-95.625,-0.39587402,-0.63067627,-0.41516113,-0.5227051
1e,1,Left Ankle,4071588,1779734046457,-3.18,11.03,6.06,-51.0,28.3125,-129.0,-0.40899658,-0.61676025,-0.42541504,-0.520874
1e,4,Right Wrist,30074537,1779734046460,-7.5572324,-2.5460634,3.4217362,-162.32497,55.58111,33.053726,-136.06972,-22.339844,235.98878,0.0
1e,3,Left Wrist,3871401,1779734046469,4.7906322,-10.59273,0.021535404,-107.40423,23.3597,-36.290775,-93.77595,-22.329723,321.5519,0.0
1e,1,Left Ankle,4071605,1779734046488,1.72,11.98,2.67,-70.8125,54.8125,-144.3125,-0.42523193,-0.5975342,-0.4375,-0.5203247
1e,2,Right Ankle,1113658,1779734046494,-9.117306,2.0222702,-0.6221339,-13.093363,-21.96376,-34.37238,129.87231,80.24107,333.47165,0.0
1e,1,Left Ankle,4071634,1779734046517,0.18,11.32,2.53,-68.25,99.375,-137.125,-0.4378662,-0.5742798,-0.45159912,-0.5239868
1e,1,Left Ankle,4071652,1779734046520,0.97,10.37,1.84,-60.0625,167.0,-131.625,-0.44763184,-0.5321045,-0.47790527,-0.53674316
1e,4,Right Wrist,30074597,1779734046522,-5.499405,-0.11495558,2.012364,-122.91496,93.24111,49.92373,-136.09058,-22.329435,235.94788,0.0
1e,3,Left Wrist,3871696,1779734046527,8.923038,-5.239985,-6.41755,-147.72423,39.109703,-13.960777,-94.06656,-22.521524,321.61536,0.0
1e,1,Left Ankle,4071667,1779734046547,2.38,10.2,1.38,-52.625,188.125,-127.375,-0.44812012,-0.5162964,-0.48828125,-0.54241943
1e,1,Left Ankle,4071692,1779734046547,3.22,8.91,0.62,-38.5625,214.0,-116.1875,-0.44335938,-0.46691895,-0.52111816,-0.5602417
1e,2,Right Ankle,1113677,1779734046552,-9.167555,1.5748124,-0.15553348,-12.393362,-21.26376,-35.07238,129.5725,80.27061,333.1808,0.0
1e,1,Left Ankle,4071707,1779734046575,3.85,8.3,0.08,-36.5625,212.9375,-114.8125,-0.44073486,-0.45031738,-0.5317993,-0.56585693
1e,3,Left Wrist,3871729,1779734046587,9.786846,-6.0463657,-6.9152575,-101.384224,43.2397,-15.99078,-94.151596,-22.580202,321.62088,0.0
1e,1,Left Ankle,4071732,1779734046606,4.21,7.63,-1.55,-28.875,178.1875,-104.75,-0.4331665,-0.40350342,-0.5605469,-0.5790405
1e,4,Right Wrist,30074657,1779734046609,-1.8766711,2.4166508,2.4454646,13.51504,115.57111,15.273728,-136.07306,-22.35229,235.91357,0.0
1e,2,Right Ankle,1113764,1779734046613,-8.84931,0.8234662,0.33499515,-9.943362,-20.563759,-31.15238,129.39424,80.3258,333.0088,0.0
1e,1,Left Ankle,4071753,1779734046639,6.53,7.23,-1.68,-29.0,152.75,-104.9375,-0.43218994,-0.37786865,-0.57440186,-0.5834961
1e,1,Left Ankle,4071771,1779734046639,8.49,5.41,-1.82,-38.4375,88.375,-93.3125,-0.4362793,-0.35925293,-0.5809326,-0.5857544
1e,3,Left Wrist,3871789,1779734046648,11.023935,-5.529516,-6.168697,-99.424225,42.399696,10.399223,-94.22798,-22.638311,321.62305,0.0
1e,1,Left Ankle,4071792,1779734046665,8.79,4.63,-1.65,-52.1875,10.625,-48.75,-0.4428711,-0.34783936,-0.58081055,-0.5878296
1e,1,Left Ankle,4071811,1779734046666,14.34,6.28,-3.24,-53.6875,-10.25,-33.625,-0.45062256,-0.34381104,-0.57525635,-0.5897217
1e,1,Left Ankle,4071835,1779734046695,21.48,7.58,-8.5,-41.6875,16.5,16.8125,-0.4501953,-0.3421631,-0.5733032,-0.5928955
1e,4,Right Wrist,30074717,1779734046698,0.11176446,1.2704887,1.1772687,26.605042,123.69112,6.173728,-136.0522,-22.392048,235.88,0.0
1e,2,Right Ankle,1113824,1779734046702,-9.320695,-0.018807413,0.4881358,-10.083363,-15.733759,-14.142382,129.31938,80.389015,332.9382,0.0
1e,1,Left Ankle,4071852,1779734046725,5.14,9.73,-6.25,-10.4375,44.25,167.1875,-0.42645264,-0.34753418,-0.56817627,-0.6119385
1e,1,Left Ankle,4071871,1779734046726,-1.12,40.18,1.29,29.8125,51.25,144.0,-0.4116211,-0.3555298,-0.57006836,-0.6157837
1e,1,Left Ankle,4071895,1779734046755,22.35,10.18,-2.87,-3.375,-52.9375,-76.125,-0.430542,-0.35479736,-0.5685425,-0.60461426
1e,4,Right Wrist,30074807,1779734046758,0.43958122,-0.8567308,-1.0001999,99.47504,63.63111,-0.47627187,-136.05605,-22.357533,235.88055,0.0
1e,2,Right Ankle,1113884,1779734046762,-9.246518,0.47650692,0.8063812,-8.893362,-8.03376,8.537619,129.13966,80.434395,332.7634,0.0
1e,3,Left Wrist,3871849,1779734046767,11.382859,-5.6276226,-6.0825553,-72.40423,34.7697,36.019222,-94.294174,-22.688541,321.6268,0.0
1e,1,Left Ankle,4071912,1779734046790,-9.34,-2.3,5.96,8.375,-93.125,-2.375,-0.4345703,-0.3673706,-0.5576782,-0.60424805
1e,1,Left Ankle,4071932,1779734046790,-10.2,11.75,1.72,16.25,14.9375,8.875,-0.4333496,-0.37231445,-0.5518799,-0.6074219
1e,1,Left Ankle,4071955,1779734046815,3.35,9.67,4.7,5.5625,28.625,-6.4375,-0.43218994,-0.37078857,-0.5534668,-0.6078491
1e,2,Right Ankle,1113974,1779734046822,-10.811424,0.57700545,-0.040677983,11.686638,-3.1337595,34.22762,129.0096,80.481445,332.62967,0.0
1e,3,Left Wrist,3872012,1779734046828,13.936001,-5.536695,-7.5110703,-72.61423,16.989698,44.48922,-94.43436,-22.781488,321.64398,0.0
1e,1,Left Ankle,4071972,1779734046848,-0.24,11.98,-0.98,-5.4375,-3.875,28.125,-0.42895508,-0.3734131,-0.5504761,-0.61120605
1e,4,Right Wrist,30074897,1779734046848,0.32472575,-1.7899318,-2.5890338,57.265038,43.541115,56.01373,-136.06494,-22.292309,235.86876,0.0
1e,1,Left Ankle,4071994,1779734046875,0.25,10.33,1.94,-0.0625,-12.5625,18.4375,-0.42852783,-0.37677002,-0.54815674,-0.61151123
1e,1,Left Ankle,4072013,1779734046876,-0.67,9.16,1.52,-1.625,-22.5,20.3125,-0.43023682,-0.38220215,-0.5440674,-0.6105957
1e,3,Left Wrist,3872031,1779734046887,13.823539,-6.3311124,-8.238488,-54.834225,17.9697,42.73922,-94.500046,-22.826672,321.6552,0.0
1e,1,Left Ankle,4072033,1779734046906,-1.22,10.23,0.18,-1.3125,-16.5,24.375,-0.42858887,-0.38586426,-0.5413208,-0.61187744
1e,1,Left Ankle,4072054,1779734046936,-0.11,9.85,1.21,-0.0625,-1.8125,27.4375,-0.42608643,-0.38861084,-0.53930664,-0.61364746
1e,1,Left Ankle,4072069,1779734046936,-0.83,9.86,0.83,-2.5,-4.625,29.75,-0.42492676,-0.39019775,-0.5380249,-0.614624
1e,3,Left Wrist,3872089,1779734046948,14.976878,-8.747863,-10.284352,-56.304222,22.239698,26.569221,-94.57106,-22.871508,321.66736,0.0
1e,1,Left Ankle,4072092,1779734046966,0.08,9.82,1.42,-3.125,5.5,34.375,-0.41888428,-0.3937378,-0.53460693,-0.6194458
1e,1,Left Ankle,4072109,1779734046976,0.32,9.94,1.15,-1.5,19.8125,42.25,-0.41577148,-0.39453125,-0.5338135,-0.62164307
1e,1,Left Ankle,4072132,1779734046998,1.48,9.4,1.89,9.3125,29.3125,44.625,-0.4055786,-0.39746094,-0.53271484,-0.62750244
1e,4,Right Wrist,30074958,1779734046999,0.6501495,-1.2611177,-3.3810585,27.09504,66.85111,44.67373,-136.11406,-22.268906,235.86562,0.0
1e,2,Right Ankle,1114034,1779734047003,-14.793081,-1.5191072,-2.8905299,-61.18336,26.96624,66.00762,129.33324,80.49372,332.96878,0.0
1e,3,Left Wrist,3872149,1779734047009,14.646669,-4.548459,-7.783852,-11.784224,-6.600301,33.079224,-94.62021,-22.923397,321.68616,0.0
1e,1,Left Ankle,4072154,1779734047031,0.95,9.59,1.57,11.125,24.0625,46.0625,-0.39794922,-0.40008545,-0.5321045,-0.63116455
1e,1,Left Ankle,4072170,1779734047031,0.82,9.36,1.29,10.75,17.3125,48.125,-0.38964844,-0.40252686,-0.53167725,-0.6351929
1e,1,Left Ankle,4072197,1779734047057,1.19,9.99,1.0,15.5,20.125,49.6875,-0.3815918,-0.40576172,-0.5311279,-0.63848877
1e,4,Right Wrist,30075151,1779734047058,2.3729818,-1.61047,-2.2899313,22.195042,113.401115,-26.306273,-136.18367,-22.426405,235.84862,0.0
1e,2,Right Ankle,1114198,1779734047063,-7.3298674,-0.3873021,-2.2564318,-210.00336,112.22624,20.997618,130.05254,80.40218,333.80038,0.0
1e,3,Left Wrist,3872208,1779734047067,12.423738,-6.6565356,-8.135596,-18.784224,-10.0303,20.61922,-94.68127,-22.971655,321.71008,0.0
1e,1,Left Ankle,4072212,1779734047089,1.04,9.27,1.37,17.1875,20.0625,49.5625,-0.37316895,-0.40893555,-0.5309448,-0.6415405
1e,1,Left Ankle,4072236,1779734047116,0.71,9.31,0.9,14.5,18.75,51.1875,-0.36499023,-0.41241455,-0.53027344,-0.6445923
1e,1,Left Ankle,4072257,1779734047116,0.75,9.4,0.6,13.75,21.5625,52.25,-0.35620117,-0.4154663,-0.52948,-0.64819336
1e,4,Right Wrist,30075197,1779734047119,2.1767704,-1.6487551,-2.2348964,14.49504,130.83112,-25.606272,-136.19579,-22.534096,235.83191,0.0
1e,1,Left Ankle,4072275,1779734047145,1.75,9.55,0.97,14.25,24.1875,55.5625,-0.34674072,-0.41833496,-0.52874756,-0.6520386
1e,2,Right Ankle,1114274,1779734047152,-7.401652,-2.4977717,1.2275181,-273.2834,106.20624,-21.562382,130.21466,80.44241,334.05988,0.0
1e,3,Left Wrist,3872269,1779734047158,11.734605,-4.9935236,-6.879365,-22.914223,8.1697,33.429222,-94.7366,-23.020617,321.7251,0.0
1e,1,Left Ankle,4072299,1779734047176,0.84,9.33,0.4,14.375,20.5625,54.9375,-0.33776855,-0.42175293,-0.52770996,-0.6553955
1e,1,Left Ankle,4072318,1779734047176,1.93,9.83,0.62,15.75,29.125,59.6875,-0.32958984,-0.42626953,-0.52545166,-0.65844727
1e,1,Left Ankle,4072334,1779734047205,2.24,9.59,1.15,18.4375,19.4375,57.9375,-0.3196411,-0.42980957,-0.52453613,-0.66174316
1e,2,Right Ankle,1114333,1779734047213,-7.2700467,0.060155742,5.7667027,-279.58337,63.01624,-40.32238,130.09503,80.47057,334.04254,0.0
1e,3,Left Wrist,3872329,1779734047217,13.696718,-4.507781,-7.1234326,3.9657764,9.989699,22.579222,-94.77745,-23.076927,321.73782,0.0
1e,1,Left Ankle,4072358,1779734047240,1.45,9.21,1.61,21.625,7.9375,60.75,-0.31054688,-0.43499756,-0.52301025,-0.6638794
1e,1,Left Ankle,4072375,1779734047240,1.07,9.54,0.35,27.0625,1.5,69.3125,-0.3013916,-0.44226074,-0.520813,-0.6651001
1e,1,Left Ankle,4072398,1779734047271,1.28,9.93,0.08,37.8125,14.0625,76.75,-0.28930664,-0.44934082,-0.51971436,-0.6665039
1e,1,Left Ankle,4072414,1779734047273,1.12,10.23,-1.06,45.625,31.8125,88.625,-0.27374268,-0.45587158,-0.5194092,-0.6688843
1e,4,Right Wrist,30075257,1779734047273,4.4212384,-0.89023036,-1.9142581,42.63504,140.28111,-54.16627,-136.18536,-22.640398,235.81488,0.0
1e,3,Left Wrist,3872418,1779734047279,17.364916,-6.0152597,-4.4985065,177.42577,-61.3403,-129.11078,-94.74893,-23.190794,321.774,0.0
1e,1,Left Ankle,4072440,1779734047300,1.91,10.05,-0.4,55.5,67.0625,95.25,-0.2538452,-0.45977783,-0.520813,-0.67297363
1e,2,Right Ankle,1114424,1779734047302,-9.617405,13.3714285,10.353744,-129.08336,-24.41376,-13.862381,129.75401,80.474365,333.75006,0.0
1e,1,Left Ankle,4072454,1779734047325,1.95,12.37,1.35,63.1875,73.5,89.5625,-0.2319336,-0.4619751,-0.5238037,-0.677063
1e,4,Right Wrist,30075420,1779734047328,3.9546378,-0.49541447,-1.1246266,-81.26496,92.89111,-57.176273,-136.2176,-22.846327,235.80885,0.0
1e,3,Left Wrist,3872479,1779734047337,11.983458,-10.116558,-8.453842,127.51577,-56.5103,-145.21077,-94.77198,-23.286634,321.82254,0.0
1e,1,Left Ankle,4072480,1779734047358,-0.31,11.13,0.97,61.8125,82.75,73.0,-0.21142578,-0.4621582,-0.52770996,-0.680603
1e,1,Left Ankle,4072501,1779734047358,0.95,9.83,1.59,59.6875,132.3125,57.375,-0.17651367,-0.45013428,-0.5385742,-0.6900635
1e,2,Right Ankle,1114484,1779734047363,-8.23914,4.9319425,6.2644095,32.686638,-43.10376,-41.722378,129.4822,80.50391,333.47037,0.0
1e,1,Left Ankle,4072517,1779734047385,4.35,9.05,2.85,60.75,164.5625,51.875,-0.16339111,-0.44354248,-0.5427246,-0.6942749
1e,4,Right Wrist,30075467,1779734047388,0.5329013,2.2994027,0.8757731,-9.934959,155.1911,-55.14627,-136.22328,-22.913189,235.78796,0.0
1e,3,Left Wrist,3872539,1779734047397,9.640883,-6.414861,-7.6905317,7.6757765,3.969699,-26.63078,-94.82874,-23.342709,321.8455,0.0
1e,1,Left Ankle,4072542,1779734047415,2.54,9.74,0.96,42.1875,151.6875,59.6875,-0.12677002,-0.4260254,-0.550354,-0.7067871
1e,1,Left Ankle,4072557,1779734047416,1.23,10.17,1.07,43.75,165.5,59.5,-0.11395264,-0.41931152,-0.55255127,-0.7112427
1e,2,Right Ankle,1114574,1779734047426,-9.397266,4.745302,3.9338005,-28.563362,-26.72376,-14.842382,129.14592,80.51699,333.14786,0.0
1e,1,Left Ankle,4072582,1779734047449,-0.47,12.85,-0.56,52.4375,257.375,56.3125,-0.066711426,-0.38781738,-0.5605469,-0.72869873
1e,4,Right Wrist,30075527,1779734047449,5.2898326,1.0383844,-1.4620147,70.28504,207.1311,-82.376274,-136.20573,-23.033476,235.7637,0.0
1e,3,Left Wrist,3872599,1779734047459,13.531614,-3.457332,-8.968299,107.63577,2.7096996,14.179222,-94.84219,-23.396793,321.86447,0.0
1e,1,Left Ankle,4072603,1779734047477,-6.78,12.83,-0.6,63.25,272.5,51.8125,-0.04852295,-0.37371826,-0.5640869,-0.7346802
1e,1,Left Ankle,4072617,1779734047483,-2.34,12.95,-1.5,71.4375,242.1875,-3.3125,-0.018554688,-0.34344482,-0.57354736,-0.74346924
1e,1,Left Ankle,4072643,1779734047507,-0.89,12.42,-1.21,59.875,141.875,-53.1875,-0.0036010742,-0.31835938,-0.58410645,-0.74664307
1e,4,Right Wrist,30075587,1779734047511,7.318946,-0.99551445,-3.87398,-11.61496,185.0811,-84.26627,-136.22304,-23.159035,235.74728,0.0
1e,2,Right Ankle,1114634,1779734047514,-10.430965,0.9383217,1.4213367,-46.833363,-20.63376,-25.902382,128.92424,80.566055,332.94537,0.0
1e,3,Left Wrist,3872659,1779734047518,16.240288,-0.4112689,-9.145369,18.105776,-31.5203,-12.210777,-94.883835,-23.462894,321.89392,0.0
1e,1,Left Ankle,4072661,1779734047541,-2.26,12.15,-0.62,45.125,49.5625,-92.5,-0.009033203,-0.29418945,-0.59991455,-0.7439575
1e,1,Left Ankle,4072691,1779734047567,-2.54,11.64,-0.62,38.4375,30.75,-130.625,-0.020202637,-0.27801514,-0.6109009,-0.74102783
1e,1,Left Ankle,4072707,1779734047569,-2.83,12.16,-0.53,45.5,67.1875,-144.125,-0.029968262,-0.25646973,-0.62286377,-0.73846436
1e,4,Right Wrist,30075647,1779734047570,5.6559343,-0.28006023,-3.330809,-61.38496,129.5711,-40.516273,-136.26665,-23.25846,235.73666,0.0
1e,3,Left Wrist,3872719,1779734047579,14.273389,-3.4357967,-8.475378,-0.5842236,-31.5203,-28.450779,-94.93703,-23.533417,321.92587,0.0
1e,1,Left Ankle,4072721,1779734047600,-1.65,12.17,-0.49,51.3125,88.6875,-150.5625,-0.036254883,-0.22827148,-0.6364746,-0.73583984
1e,1,Left Ankle,4072744,1779734047600,0.19,11.2,-1.16,70.1875,138.6875,-156.0625,-0.038879395,-0.1953125,-0.6512451,-0.7322998
1e,1,Left Ankle,4072765,1779734047625,0.8,10.77,-1.09,76.0,149.0625,-153.375,-0.038330078,-0.15997314,-0.66656494,-0.7270508
1e,4,Right Wrist,30075708,1779734047629,2.4926229,-3.1658046,-4.7952166,28.00504,88.41111,-41.496273,-136.32462,-23.294487,235.75345,0.0
1e,3,Left Wrist,3872779,1779734047637,12.940586,-3.756435,-5.776274,71.02577,-9.7503,7.1092224,-94.95233,-23.597116,321.94482,0.0
1e,1,Left Ankle,4072787,1779734047659,1.78,10.37,-1.1,90.5,158.5,-146.4375,-0.036193848,-0.12420654,-0.68200684,-0.71984863
1e,1,Left Ankle,4072805,1779734047685,3.15,9.68,-0.79,94.3125,143.5,-140.0625,-0.034240723,-0.09033203,-0.6967163,-0.7107544
1e,1,Left Ankle,4072824,1779734047686,4.63,8.84,-0.16,88.4375,110.5625,-128.375,-0.034606934,-0.06085205,-0.70996094,-0.7007446
1e,4,Right Wrist,30075767,1779734047688,1.4780662,-1.8353952,-7.4105716,21.425041,98.63111,-19.026272,-136.38408,-23.300972,235.7625,0.0
1e,2,Right Ankle,1114694,1779734047692,-8.911523,1.5963478,1.861616,-18.343363,-7.40376,-28.912382,128.68001,80.599846,332.71143,0.0
1e,3,Left Wrist,3872839,1779734047697,12.605591,-3.375976,-6.381658,45.96578,-0.9303007,18.519222,-94.979,-23.655184,321.9617,0.0
1e,1,Left Ankle,4072845,1779734047717,3.78,8.22,1.15,71.1875,76.5625,-106.75,-0.036987305,-0.037841797,-0.7202759,-0.6916504
1e,1,Left Ankle,4072861,1779734047717,4.02,7.87,1.54,62.375,67.25,-97.1875,-0.03930664,-0.019348145,-0.72802734,-0.68414307
1e,1,Left Ankle,4072886,1779734047745,2.9,7.83,1.72,45.875,72.4375,-60.875,-0.038391113,-0.0034179688,-0.73413086,-0.6779175
1e,4,Right Wrist,30075828,1779734047748,2.3011973,-2.8284168,-6.5276203,46.48504,66.08111,-13.496271,-136.43597,-23.3064,235.77797,0.0
1e,2,Right Ankle,1114887,1779734047753,-8.9258795,0.15586863,1.9932213,-25.693363,-1.2437598,-18.622381,128.31926,80.690636,332.37158,0.0
1e,3,Left Wrist,3872899,1779734047757,13.7756815,-3.5697947,-8.341379,49.605778,3.1996994,20.969221,-95.00979,-23.708958,321.97943,0.0
1e,1,Left Ankle,4072905,1779734047776,2.72,7.89,1.64,43.3125,91.3125,-40.6875,-0.03289795,0.01184082,-0.739563,-0.67211914
1e,1,Left Ankle,4072922,1779734047777,2.87,8.27,2.02,45.1875,112.625,-22.0625,-0.022583008,0.027038574,-0.74505615,-0.66607666
1e,1,Left Ankle,4072946,1779734047805,3.21,8.15,2.11,46.75,136.75,-2.8125,-0.007080078,0.04260254,-0.7505493,-0.6593628
1e,4,Right Wrist,30075887,1779734047808,4.904588,0.461715,-3.4911284,21.215038,38.431114,-37.78627,-136.47183,-23.37766,235.7954,0.0
1e,2,Right Ankle,1114964,1779734047812,-9.107734,0.27550977,1.9334008,-21.633362,15.13624,4.8976192,128.15364,80.72727,332.21606,0.0
1e,3,Left Wrist,3872958,1779734047818,16.242682,-1.1339014,-7.0325055,-36.354225,-36.9103,32.79922,-95.06278,-23.762323,322.0065,0.0
1e,1,Left Ankle,4072965,1779734047836,3.36,8.29,2.15,46.125,151.5625,15.375,0.013549805,0.058776855,-0.75567627,-0.6522217
1e,1,Left Ankle,4072991,1779734047866,4.16,8.62,2.31,44.875,154.4375,29.1875,0.046875,0.07836914,-0.76226807,-0.6407471
1e,1,Left Ankle,4073005,1779734047866,4.59,9.33,3.14,38.1875,132.1875,42.1875,0.057373047,0.08300781,-0.7640381,-0.63720703
1e,4,Right Wrist,30075947,1779734047868,2.3107686,-3.3859441,-6.7262244,-6.92496,-73.918884,-28.056273,-136.55484,-23.343887,235.85017,0.0
1e,2,Right Ankle,1115024,1779734047872,-9.114913,0.7660385,1.5170496,-16.733362,20.106241,3.777619,127.964386,80.75863,332.0358,0.0
1e,3,Left Wrist,3873019,1779734047877,14.089141,-2.691629,-5.898308,-13.744224,-75.3403,18.379221,-95.11447,-23.820612,322.04886,0.0
1e,1,Left Ankle,4073029,1779734047895,4.57,9.69,3.81,24.75,93.875,52.5625,0.07702637,0.08947754,-0.7664795,-0.6312866
1e,1,Left Ankle,4073051,1779734047924,3.64,9.61,4.19,9.125,55.25,58.625,0.091308594,0.08911133,-0.76782227,-0.6278076
1e,1,Left Ankle,4073070,1779734047926,1.61,10.36,4.73,-5.5625,28.75,65.4375,0.10247803,0.084472656,-0.7680054,-0.6265259
1e,4,Right Wrist,30076007,1779734047928,0.43718842,-0.7969103,-2.2755742,-49.90496,-22.678888,-10.626272,-136.64586,-23.309963,235.88676,0.0
1e,2,Right Ankle,1115083,1779734047933,-9.260875,1.311602,1.2849457,-16.943361,24.86624,-5.602381,127.748856,80.78316,331.8302,0.0
1e,3,Left Wrist,3873079,1779734047937,15.383657,-1.9426754,-5.4699926,-11.154223,-38.170303,31.679222,-95.1536,-23.876055,322.07437,0.0
1e,1,Left Ankle,4073090,1779734047956,0.53,11.12,5.01,-19.6875,22.1875,75.625,0.11352539,0.0770874,-0.7668457,-0.62701416
1e,1,Left Ankle,4073105,1779734047957,-2.71,6.96,5.69,-22.125,28.75,73.9375,0.12512207,0.06964111,-0.76483154,-0.62805176
1e,1,Left Ankle,4073130,1779734047985,-3.84,9.59,5.14,-18.375,39.125,54.875,0.13641357,0.06555176,-0.76275635,-0.62872314
1e,4,Right Wrist,30076067,1779734047991,0.09980039,-1.2036902,-2.2037897,8.47504,-32.47889,-17.696272,-136.69525,-23.246965,235.91873,0.0
1e,3,Left Wrist,3873139,1779734047997,14.445672,-2.2561352,-6.7740808,38.615776,-6.040301,1.5792198,-95.18001,-23.94094,322.09238,0.0
1e,1,Left Ankle,4073146,1779734048017,-7.91,9.35,11.35,-19.6875,65.6875,61.125,0.15057373,0.06359863,-0.75982666,-0.62927246
1e,1,Left Ankle,4073170,1779734048049,1.62,6.25,6.37,-48.8125,105.75,-37.0,0.16101074,0.07269287,-0.7536621,-0.6331177
1e,1,Left Ankle,4073190,1779734048050,11.09,8.9,-2.79,-50.0,146.75,-31.6875,0.1739502,0.08917236,-0.74432373,-0.63861084
1e,4,Right Wrist,30076127,1779734048050,0.32951137,1.7825521,-2.8259234,41.65504,-31.14889,-32.816273,-136.7587,-23.246353,235.96404,0.0
1e,3,Left Wrist,3873199,1779734048058,13.536399,1.5340959,-7.726424,72.42577,12.1596985,-7.940777,-95.194565,-24.005753,322.10495,0.0
1e,1,Left Ankle,4073205,1779734048080,0.92,12.01,-0.04,-30.375,196.5,28.1875,0.19836426,0.1071167,-0.7341919,-0.6404419
1e,1,Left Ankle,4073230,1779734048106,11.71,15.01,-15.15,-38.3125,190.0625,12.8125,0.22387695,0.12475586,-0.72351074,-0.6409912
1e,1,Left Ankle,4073251,1779734048107,14.14,19.32,-3.67,-36.6875,9.0625,-26.4375,0.23040771,0.13250732,-0.7161865,-0.6452637
1e,4,Right Wrist,30076187,1779734048108,-2.5729823,1.4523429,-2.9886353,41.79504,3.5011115,-31.416271,-136.79147,-23.217648,235.9893,0.0
1e,3,Left Wrist,3873259,1779734048118,13.818752,0.46928984,-4.065406,142.77577,-21.7203,-36.080776,-95.171776,-24.083216,322.12387,0.0
1e,1,Left Ankle,4073265,1779734048135,-2.66,10.94,2.88,-77.125,-88.375,-57.4375,0.21350098,0.12506104,-0.7102051,-0.6590576
1e,1,Left Ankle,4073290,1779734048166,-4.74,8.52,4.72,-36.0625,50.25,-62.75,0.20562744,0.12817383,-0.7033081,-0.66833496
1e,1,Left Ankle,4073308,1779734048167,5.99,9.86,1.02,-17.3125,33.4375,-97.0625,0.20159912,0.14398193,-0.69744873,-0.67248535
1e,4,Right Wrist,30076248,1779734048169,0.18833478,-2.9504502,-3.4313078,33.675037,-2.6588879,-28.616272,-136.79317,-23.148884,236.00188,0.0
1e,3,Left Wrist,3873319,1779734048178,28.575289,16.132708,3.3930225,298.66577,-106.0703,-24.460781,-95.081345,-24.134676,322.16388,0.0
1e,1,Left Ankle,4073332,1779734048195,3.64,9.8,1.58,-40.8125,-62.6875,-88.125,0.18109131,0.1529541,-0.6900635,-0.6838379
1e,2,Right Ankle,1115248,1779734048203,-9.729869,-0.32030305,0.6843473,-4.9033623,44.81624,-12.602381,127.66151,80.8745,331.75125,0.0
1e,1,Left Ankle,4073353,1779734048227,-2.25,10.55,2.14,-40.3125,-29.125,-59.5,0.16955566,0.1550293,-0.6847534,-0.6916504
1e,1,Left Ankle,4073369,1779734048227,-4.04,9.39,0.94,-34.6875,-7.125,-47.625,0.1673584,0.15740967,-0.68200684,-0.6942749
1e,4,Right Wrist,30076307,1779734048229,0.16679938,-4.4100723,-5.709275,-20.714958,75.67111,19.543728,-136.81113,-23.090784,235.9849,0.0
1e,3,Left Wrist,3873379,1779734048238,17.948765,11.024031,-15.14896,298.17578,-68.1303,-37.830776,-95.03335,-24.197647,322.2095,0.0
1e,1,Left Ankle,4073392,1779734048260,-0.78,10.58,-0.85,-35.625,13.25,-16.125,0.1665039,0.16210938,-0.6743164,-0.70092773
1e,2,Right Ankle,1115371,1779734048263,-9.404444,0.37840113,0.7010971,-73.64336,49.08624,-16.10238,127.61968,80.96449,331.73917,0.0
1e,1,Left Ankle,4073414,1779734048285,-0.41,10.69,0.57,-36.25,10.9375,-9.75,0.16955566,0.1651001,-0.6690674,-0.7045288
1e,4,Right Wrist,30076367,1779734048288,4.378167,-2.4671004,1.2562318,-20.22496,93.10111,16.673727,-136.78192,-23.14263,235.94627,0.0
1e,3,Left Wrist,3873439,1779734048298,14.522242,3.594316,-0.52642095,751.9858,-156.2603,-116.37077,-94.80031,-24.290253,322.2743,0.0
1e,1,Left Ankle,4073439,1779734048318,-0.37,9.99,1.42,-30.0625,15.75,-1.5,0.17156982,0.1661377,-0.6647949,-0.7078247
1e,1,Left Ankle,4073457,1779734048319,-0.53,10.51,1.64,-19.75,30.4375,0.25,0.1751709,0.16870117,-0.6613159,-0.7095337
1e,1,Left Ankle,4073477,1779734048345,0.87,9.24,1.86,-5.0,28.5,-2.375,0.1786499,0.17242432,-0.65930176,-0.70965576
1e,4,Right Wrist,30076427,1779734048349,2.705584,-7.2910304,-5.855237,-12.66496,82.67111,127.34373,-136.70839,-23.08792,235.86769,0.0
1e,3,Left Wrist,3873499,1779734048357,13.514864,-19.199713,15.842879,885.4758,-138.4803,60.86922,-94.46465,-24.277496,322.30576,0.0
1e,1,Left Ankle,4073503,1779734048375,-1.1,8.22,2.73,-4.375,11.1875,2.3125,0.18151855,0.17407227,-0.65808105,-0.7097168
1e,1,Left Ankle,4073519,1779734048376,-1.03,8.71,1.99,-3.25,8.375,9.1875,0.18255615,0.17401123,-0.65789795,-0.70965576
1e,2,Right Ankle,1115474,1779734048388,-10.332859,4.668732,6.5898333,-141.61336,-3.7637596,103.52762,127.140205,80.94711,331.31085,0.0
1e,1,Left Ankle,4073545,1779734048405,0.54,9.79,1.03,-4.875,3.4375,9.6875,0.18585205,0.17340088,-0.6572876,-0.7095337
1e,4,Right Wrist,30076487,1779734048410,2.964009,-4.4435716,-7.5996046,-188.36496,-9.378889,222.82373,-136.81943,-23.011927,235.8354,0.0
1e,3,Left Wrist,3873559,1779734048417,11.055041,-16.005293,15.323637,37.845776,-13.390301,244.12923,-94.403725,-24.202473,322.28436,0.0
1e,1,Left Ankle,4073559,1779734048435,0.49,9.71,0.6,-5.375,-4.375,7.8125,0.18615723,0.17260742,-0.6571045,-0.70977783
1e,2,Right Ankle,1115637,1779734048444,-9.244125,-1.0596852,0.20578274,-18.553362,-95.04376,-49.77238,126.91276,81.09342,331.10156,0.0
1e,1,Left Ankle,4073586,1779734048469,0.27,9.8,1.2,-4.0625,-16.1875,1.5625,0.18603516,0.17126465,-0.65667725,-0.71051025
1e,1,Left Ankle,4073603,1779734048469,0.3,9.35,0.49,-0.5625,-11.75,-10.3125,0.18371582,0.17059326,-0.6567993,-0.71118164
1e,4,Right Wrist,30076547,1779734048469,6.768597,0.114755675,-3.2590244,-367.42496,-113.39889,223.66373,-136.96086,-22.984346,235.81302,0.0
1e,3,Left Wrist,3873619,1779734048477,13.462222,-9.441781,11.660225,-48.394222,177.8497,124.98923,-94.35039,-24.190231,322.19604,0.0
1e,1,Left Ankle,4073619,1779734048496,1.08,10.23,1.43,1.4375,-13.25,-12.4375,0.18218994,0.17047119,-0.6569214,-0.7114868
1e,2,Right Ankle,1115656,1779734048503,-9.457087,-1.3276814,-0.5886344,-4.973362,-92.52376,-60.83238,127.06891,81.19297,331.25558,0.0
1e,1,Left Ankle,4073644,1779734048528,-0.14,9.73,1.32,-0.625,-18.625,-14.75,0.17694092,0.1697998,-0.65704346,-0.7128296
1e,1,Left Ankle,4073664,1779734048528,0.29,9.81,1.61,2.1875,-18.0,-9.1875,0.17358398,0.16918945,-0.6575928,-0.7133179
1e,4,Right Wrist,30076607,1779734048530,6.266104,4.912364,-4.1443686,-158.26495,-205.7289,55.733727,-137.07365,-22.954674,235.8675,0.0
1e,1,Left Ankle,4073683,1779734048557,-1.11,9.45,0.2,2.75,-4.875,-8.75,0.17132568,0.16931152,-0.6578369,-0.713562
1e,2,Right Ankle,1115714,1779734048564,-9.9284725,-1.7583895,-1.8329021,-45.783363,-90.63376,-82.742386,127.40345,81.27868,331.60083,0.0
1e,3,Left Wrist,3873679,1779734048568,11.976278,-14.103,7.9633136,-346.52423,248.8297,164.25922,-94.38439,-24.164932,322.07736,0.0
1e,1,Left Ankle,4073704,1779734048586,-0.6,9.7,0.7,4.9375,3.625,-8.875,0.1706543,0.17132568,-0.65802,-0.71313477
1e,1,Left Ankle,4073719,1779734048587,1.83,10.29,1.44,0.25,-1.125,-12.4375,0.17150879,0.17352295,-0.65740967,-0.71295166
1e,4,Right Wrist,30076667,1779734048588,4.89741,1.63659,1.3232309,-67.68496,-129.21889,-41.356274,-137.1169,-22.966291,235.91318,0.0
1e,1,Left Ankle,4073742,1779734048616,0.48,9.71,1.4,-4.0,-12.1875,-15.9375,0.16741943,0.17388916,-0.6566162,-0.7145386
1e,1,Left Ankle,4073761,1779734048616,-0.42,9.88,1.34,-4.25,-11.6875,-16.375,0.16430664,0.17456055,-0.6559448,-0.71569824
1e,2,Right Ankle,1115774,1779734048622,-11.153598,1.526956,-3.306881,-16.453362,-52.833763,-97.37238,127.71715,81.27947,331.91748,0.0
1e,3,Left Wrist,3873739,1779734048627,9.124034,-5.4912314,3.6849468,-540.8442,212.2197,181.75923,-94.50528,-24.152548,321.9777,0.0
1e,1,Left Ankle,4073784,1779734048645,0.24,9.61,1.34,-0.5625,-2.4375,-24.3125,0.16119385,0.17675781,-0.65527344,-0.7164917
1e,4,Right Wrist,30076727,1779734048653,3.6722846,0.571784,4.84068,-64.60496,20.651112,-55.00627,-137.13037,-23.00514,235.91809,0.0
1e,1,Left Ankle,4073803,1779734048677,-0.72,9.77,0.22,-5.375,-3.5625,-26.125,0.15783691,0.17907715,-0.65411377,-0.7177124
1e,3,Left Wrist,3873829,1779734048687,10.753547,-1.8804619,-4.342973,-66.87423,138.08969,261.0692,-94.53849,-24.132801,321.9313,0.0
1e,1,Left Ankle,4073832,1779734048712,-0.76,10.37,0.42,-5.875,4.0,-26.5625,0.15496826,0.1819458,-0.6525879,-0.7190552
1e,1,Left Ankle,4073843,1779734048712,0.06,10.69,0.77,-6.625,12.0625,-29.375,0.15289307,0.1862793,-0.65063477,-0.7201538
1e,4,Right Wrist,30076788,1779734048712,4.4571304,-2.4072797,6.075377,51.52504,161.4911,-71.38628,-137.08139,-23.081615,235.88745,0.0
1e,2,Right Ankle,1115834,1779734048713,-10.088792,6.1474967,-2.7876384,-2.663362,-9.01376,-80.01238,127.66304,81.23153,331.86713,0.0
1e,1,Left Ankle,4073866,1779734048743,0.44,11.07,2.09,-4.125,7.875,-38.5,0.1494751,0.19116211,-0.64868164,-0.7213135
1e,1,Left Ankle,4073892,1779734048769,0.8,11.98,0.59,-4.4375,2.1875,-54.625,0.14019775,0.2006836,-0.6452637,-0.72369385
1e,4,Right Wrist,30076847,1779734048769,5.1821556,-5.9462643,5.4963136,-1.3949599,253.6111,-34.636272,-137.02914,-23.171309,235.8194,0.0
1e,2,Right Ankle,1115924,1779734048772,-6.329667,2.7281528,0.8733803,-73.29336,-0.5437598,15.117619,127.24301,81.21173,331.4768,0.0
1e,3,Left Wrist,3873889,1779734048777,12.624733,-6.390932,-10.183852,192.12578,-2.9603007,126.80922,-94.53042,-24.137407,321.9532,0.0
1e,1,Left Ankle,4073915,1779734048797,2.07,14.95,0.74,9.0,-1.4375,-72.0,0.13018799,0.20776367,-0.64404297,-0.7246094
1e,1,Left Ankle,4073938,1779734048797,-0.35,14.2,2.13,1.5625,-7.875,-80.9375,0.119018555,0.21508789,-0.6419678,-0.7262573
1e,1,Left Ankle,4073953,1779734048825,-0.56,16.44,-0.77,-0.9375,37.0625,-91.0625,0.11010742,0.22747803,-0.6380005,-0.727417
1e,4,Right Wrist,30076907,1779734048828,1.8322041,-2.7039895,-5.35753,-133.90497,251.4411,18.073729,-137.11783,-23.20895,235.7767,0.0
1e,2,Right Ankle,1115984,1779734048833,-1.9651586,1.0723196,4.130012,-114.87336,-23.78376,9.867619,126.92296,81.23059,331.19882,0.0
1e,3,Left Wrist,3873949,1779734048837,14.096319,-10.765013,-7.1449685,-16.684223,-14.090301,10.889221,-94.58686,-24.191431,321.97812,0.0
1e,1,Left Ankle,4073977,1779734048855,3.73,13.18,-0.06,12.75,57.25,-101.5,0.10333252,0.24542236,-0.63427734,-0.7258301
1e,1,Left Ankle,4074000,1779734048856,-0.56,9.94,-3.21,15.0,39.0,-96.0,0.095947266,0.26141357,-0.6310425,-0.72406006
1e,1,Left Ankle,4074016,1779734048885,-4.11,6.73,-3.19,22.8125,5.9375,-80.4375,0.08691406,0.27301025,-0.62939453,-0.7223511
1e,4,Right Wrist,30076967,1779734048888,4.272883,-2.3857443,-2.3353949,-96.94496,66.64111,-20.98627,-137.1432,-23.291117,235.76376,0.0
1e,2,Right Ankle,1116044,1779734048893,-7.4949718,-5.359587,3.1944184,-46.623363,-12.51376,13.927618,126.89686,81.28236,331.18814,0.0
1e,3,Left Wrist,3874039,1779734048897,7.5998063,-4.4623175,-4.948357,72.215775,73.899704,10.749222,-94.60466,-24.243692,321.972,0.0
1e,1,Left Ankle,4074041,1779734048920,-13.57,7.95,-2.14,24.625,-16.375,-81.375,0.068847656,0.2849121,-0.628479,-0.720459
1e,1,Left Ankle,4074060,1779734048920,-17.22,8.63,-6.52,49.4375,54.0,-93.5,0.064819336,0.29345703,-0.62890625,-0.717041
1e,1,Left Ankle,4074085,1779734048946,-11.58,7.4,-10.35,107.125,136.625,-112.375,0.058898926,0.3204956,-0.6335449,-0.7017212
1e,4,Right Wrist,30077027,1779734048948,4.7897325,-4.1133623,7.381858,-56.13496,43.751114,3.023728,-137.13255,-23.317398,235.74153,0.0
1e,2,Right Ankle,1116104,1779734048952,-9.818402,-1.143434,2.2947168,33.666637,-16.85376,39.61762,126.72054,81.325386,331.00027,0.0
1e,3,Left Wrist,3874099,1779734048958,10.617155,-11.966209,-2.2325034,152.85577,-8.6303005,-88.30078,-94.57526,-24.347092,321.98682,0.0
1e,1,Left Ankle,4074102,1779734048980,-8.41,7.91,-8.97,132.3125,74.375,-123.8125,0.04559326,0.36083984,-0.6444702,-0.6726074
1e,1,Left Ankle,4074118,1779734048980,-5.29,6.01,-5.13,125.3125,22.375,-130.125,0.035583496,0.3696289,-0.64746094,-0.66552734
1e,1,Left Ankle,4074143,1779734049006,-5.93,5.43,-3.82,118.8125,-51.6875,-133.9375,-0.0043945312,0.38562012,-0.65448,-0.6503296
1e,4,Right Wrist,30077087,1779734049011,5.366403,0.7895313,5.4580283,-83.08496,14.561111,24.093729,-137.14551,-23.338871,235.72633,0.0
1e,3,Left Wrist,3874159,1779734049019,12.572091,-12.4878435,-0.3828516,136.54578,-53.0103,-29.92078,-94.52865,-24.427576,322.0048,0.0
1e,1,Left Ankle,4074163,1779734049038,-4.79,5.27,-2.83,124.125,-46.125,-133.625,-0.031799316,0.39526367,-0.659729,-0.6383667
1e,2,Right Ankle,1116164,1779734049045,-9.258482,-0.15280548,2.4741786,-6.6533623,-11.463759,52.21762,126.447044,81.35521,330.73004,0.0
1e,1,Left Ankle,4074185,1779734049069,-3.63,5.58,-2.58,137.375,-17.875,-124.1875,-0.055236816,0.40655518,-0.6665039,-0.6224365
1e,1,Left Ankle,4074203,1779734049069,-1.07,5.64,-0.66,152.5,19.0625,-92.5625,-0.074157715,0.4175415,-0.67541504,-0.6032715
1e,4,Right Wrist,30077147,1779734049069,4.543272,-1.3041887,0.8255238,-23.234959,-12.948889,-15.456272,-137.14114,-23.377346,235.72784,0.0
1e,3,Left Wrist,3874219,1779734049079,14.471993,-10.827226,2.9072795,-156.40422,-142.68031,-134.22078,-94.5812,-24.52674,322.05258,0.0
1e,1,Left Ankle,4074224,1779734049097,0.05,5.47,-0.34,157.6875,18.8125,-72.75,-0.09094238,0.42614746,-0.6859741,-0.58270264
1e,1,Left Ankle,4074243,1779734049103,3.68,4.21,0.04,144.75,-18.625,-53.625,-0.10821533,0.42980957,-0.69610596,-0.56481934
1e,2,Right Ankle,1116224,1779734049103,-8.540635,0.11758347,4.1754756,18.686638,8.76624,61.45762,126.17373,81.369736,330.45184,0.0
1e,1,Left Ankle,4074263,1779734049128,5.3,2.44,1.98,115.3125,-83.4375,-31.0,-0.12878418,0.42510986,-0.7039795,-0.5541382
1e,4,Right Wrist,30077208,1779734049130,5.8545384,-0.49541447,2.3282166,-2.30496,-26.80889,-14.966272,-137.13435,-23.407522,235.7342,0.0
1e,3,Left Wrist,3874279,1779734049138,12.689341,-9.066109,-1.7563318,24.825777,-124.1303,-44.20078,-94.60361,-24.61235,322.10593,0.0
1e,1,Left Ankle,4074283,1779734049161,4.07,3.92,4.26,82.5625,-141.75,4.0,-0.15093994,0.4116211,-0.7089844,-0.5523071
1e,2,Right Ankle,1116314,1779734049164,-9.294374,1.3403157,1.2705889,8.326637,23.81624,60.12762,125.84856,81.37344,330.1266,0.0
1e,1,Left Ankle,4074307,1779734049187,1.67,5.28,6.19,58.8125,-191.6875,0.25,-0.17663574,0.3927002,-0.7102051,-0.55700684
1e,4,Right Wrist,30077267,1779734049190,0.7673979,-4.5201426,6.4127645,-26.104961,-50.25889,-12.796272,-137.12154,-23.402296,235.73946,0.0
1e,3,Left Wrist,3874339,1779734049199,11.095719,-0.8946191,1.134198,137.87578,-88.0803,-61.21078,-94.56232,-24.69004,322.13815,0.0
1e,1,Left Ankle,4074335,1779734049220,2.36,5.29,6.48,43.125,-224.625,-11.5,-0.20654297,0.371521,-0.7069092,-0.5653076
1e,1,Left Ankle,4074352,1779734049220,3.02,8.96,6.32,25.0625,-168.5,76.0625,-0.24163818,0.33422852,-0.7038574,-0.57836914
1e,2,Right Ankle,1116374,1779734049223,-8.760775,2.0844836,2.7397819,-5.1133623,11.98624,60.687622,125.47977,81.37004,329.7624,0.0
1e,1,Left Ankle,4074368,1779734049247,-8.36,17.27,5.5,-20.625,-58.0625,212.8125,-0.23406982,0.3190918,-0.70751953,-0.58551025
1e,1,Left Ankle,4074393,1779734049249,-31.77,22.99,13.74,103.625,-1.625,-235.1875,-0.23217773,0.31323242,-0.71899414,-0.5753174
1e,4,Right Wrist,30077328,1779734049250,0.29601184,-2.5029929,9.631111,-31.56496,-2.6588879,-16.926271,-137.1133,-23.411263,235.73636,0.0
1e,3,Left Wrist,3874399,1779734049259,9.652848,-5.158629,2.713461,170.70578,-98.3003,-56.24078,-94.492455,-24.759178,322.16635,0.0
1e,1,Left Ankle,4074411,1779734049279,0.07,13.04,6.24,43.25,-60.125,-288.75,-0.26733398,0.34490967,-0.7046509,-0.5595093
1e,2,Right Ankle,1116434,1779734049284,-8.054893,2.687475,1.2801601,-2.243362,-3.5537596,47.03762,125.042625,81.35244,329.3294,0.0
1e,1,Left Ankle,4074433,1779734049307,10.92,-0.3,0.91,58.9375,80.1875,-295.25,-0.28710938,0.37756348,-0.6973877,-0.53723145
1e,4,Right Wrist,30077387,1779734049309,1.4182457,-2.1560335,6.4749784,59.36504,62.37111,-23.296272,-137.06583,-23.44188,235.71759,0.0
1e,3,Left Wrist,3874458,1779734049318,9.913666,-4.663315,2.9766715,17.615776,-76.600296,-10.320778,-94.47237,-24.812061,322.18497,0.0
1e,1,Left Ankle,4074453,1779734049337,11.09,0.97,4.79,8.625,6.6875,-65.1875,-0.27838135,0.37854004,-0.6968994,-0.54174805
1e,1,Left Ankle,4074472,1779734049338,-33.94,17.7,-11.48,54.625,-7.1875,-155.875,-0.2826538,0.37945557,-0.69537354,-0.54089355
1e,2,Right Ankle,1116494,1779734049344,-7.698362,3.903029,3.1010983,-6.023362,-7.5437593,37.23762,124.63872,81.34064,328.93073,0.0
1e,1,Left Ankle,4074493,1779734049367,-4.21,7.16,-4.64,18.25,-24.0,-83.5,-0.296875,0.38946533,-0.6888428,-0.53448486
1e,1,Left Ankle,4074508,1779734049368,-7.6,8.42,-5.17,17.6875,-34.625,-97.375,-0.30389404,0.39312744,-0.6855469,-0.5321045
1e,4,Right Wrist,30077447,1779734049368,3.337289,-2.830809,5.2163534,73.64504,61.181114,-18.956272,-137.01054,-23.477783,235.6969,0.0
1e,3,Left Wrist,3874519,1779734049378,13.134404,-6.2162566,3.3427732,-74.924225,-92.1403,3.5392227,-94.48921,-24.86237,322.2101,0.0
1e,1,Left Ankle,4074532,1779734049396,-8.26,8.24,-3.71,21.25,-56.0625,-113.0625,-0.33044434,0.40234375,-0.67315674,-0.5251465
1e,2,Right Ankle,1116554,1779734049402,-9.119699,3.211503,3.6179476,25.056637,17.79624,34.85762,124.31433,81.33483,328.6011,0.0
1e,1,Left Ankle,4074553,1779734049429,-8.0,6.49,-1.52,20.8125,-53.6875,-112.125,-0.34783936,0.4091797,-0.6642456,-0.5199585
1e,1,Left Ankle,4074572,1779734049429,-8.48,6.31,-1.11,19.25,-56.25,-110.75,-0.36523438,0.4151001,-0.65515137,-0.51483154
1e,4,Right Wrist,30077507,1779734049429,6.096214,0.50717795,3.7902312,92.19504,37.31111,-3.626272,-136.96461,-23.51729,235.68411,0.0
1e,3,Left Wrist,3874579,1779734049438,15.493728,-12.057137,5.517849,-222.41423,-71.0703,10.049221,-94.54301,-24.902494,322.2223,0.0
1e,1,Left Ankle,4074595,1779734049455,-9.49,5.89,0.08,18.3125,-46.875,-110.875,-0.38098145,0.42242432,-0.6460571,-0.50891113
1e,2,Right Ankle,1116614,1779734049462,-8.332459,1.8404157,0.40917268,-7.0733624,-2.8537598,25.47762,123.901535,81.327034,328.19458,0.0
1e,1,Left Ankle,4074608,1779734049487,-8.45,5.85,-0.22,18.125,-37.125,-114.125,-0.3885498,0.42645264,-0.6415405,-0.5055542
1e,4,Right Wrist,30077567,1779734049488,4.9596233,-1.01705,2.8833513,49.91504,16.381111,19.963728,-136.92638,-23.545881,235.66756,0.0
1e,3,Left Wrist,3874639,1779734049497,18.247866,-8.944075,2.4646075,-374.87424,-15.6303005,27.269222,-94.659546,-24.95377,322.22055,0.0
1e,1,Left Ankle,4074636,1779734049516,-8.11,4.64,-0.93,19.1875,-33.9375,-114.25,-0.41137695,0.43774414,-0.628479,-0.4940796
1e,1,Left Ankle,4074654,1779734049517,-8.93,3.64,-1.02,17.125,-33.5,-113.75,-0.42541504,0.44573975,-0.6192627,-0.48669434
1e,1,Left Ankle,4074669,1779734049545,-8.35,2.61,-1.49,17.875,-28.0625,-110.0625,-0.43249512,0.44909668,-0.6152954,-0.48242188
1e,1,Left Ankle,4074693,1779734049546,-8.31,2.13,-2.11,20.8125,-32.8125,-102.875,-0.45214844,0.45947266,-0.6020508,-0.47106934
1e,4,Right Wrist,30077627,1779734049548,3.4976084,8.484849,2.5435705,68.53504,0.56111145,56.293728,-136.91068,-23.551353,235.65755,0.0
1e,2,Right Ankle,1116674,1779734049553,-9.114913,3.2761095,3.414558,-1.5433621,-15.173759,25.127619,123.51352,81.32853,327.81012,0.0
1e,3,Left Wrist,3874699,1779734049558,19.506493,-3.90479,-6.9559355,-303.82422,31.129698,30.139221,-94.7918,-25.012604,322.22107,0.0
1e,1,Left Ankle,4074716,1779734049581,-8.7,1.11,-2.19,23.125,-44.25,-100.375,-0.46655273,0.4640503,-0.5932617,-0.46368408
1e,1,Left Ankle,4074736,1779734049605,-9.08,-0.42,-0.47,23.3125,-49.75,-95.75,-0.48083496,0.46801758,-0.5834961,-0.4574585
1e,4,Right Wrist,30077687,1779734049608,2.4160526,-1.1558336,3.2685957,138.88504,-31.07889,-17.066273,-136.84543,-23.566103,235.66164,0.0
1e,2,Right Ankle,1116734,1779734049612,-8.677027,3.211503,0.84466636,24.916637,-30.01376,9.657619,123.07681,81.31118,327.3682,0.0
1e,3,Left Wrist,3874759,1779734049617,14.613169,-0.14805837,-7.23111,87.40577,-4.9903007,44.97922,-94.80101,-25.061172,322.23825,0.0
1e,1,Left Ankle,4074760,1779734049639,-9.82,-0.87,0.57,21.25,-45.5,-91.625,-0.4942627,0.47161865,-0.5739746,-0.45147705
1e,1,Left Ankle,4074780,1779734049639,-10.89,-5.92,0.49,22.125,-20.8125,-89.5,-0.5060425,0.47576904,-0.56640625,-0.44360352
1e,1,Left Ankle,4074801,1779734049665,-15.72,-3.72,3.4,9.25,-12.375,-79.1875,-0.51452637,0.48168945,-0.5599365,-0.4356079
1e,4,Right Wrist,30077748,1779734049668,5.2659044,0.94506437,2.7445676,60.27504,-48.22889,17.583727,-136.82065,-23.58053,235.66661,0.0
1e,2,Right Ankle,1116824,1779734049672,-8.23914,4.972621,1.4141582,27.016636,-42.473763,-9.66238,122.66389,81.29295,326.94904,0.0
1e,3,Left Wrist,3874819,1779734049677,10.557335,-8.360227,-0.9020941,237.48578,12.2297,75.98922,-94.717735,-25.108347,322.23218,0.0
1e,1,Left Ankle,4074819,1779734049697,-14.74,-1.62,4.9,-11.0,43.875,-88.375,-0.5175171,0.4918213,-0.5559082,-0.4257202
1e,1,Left Ankle,4074843,1779734049697,-13.05,-1.88,4.93,-57.625,40.125,-64.25,-0.51257324,0.5125122,-0.5487671,-0.4165039
1e,1,Left Ankle,4074859,1779734049725,-8.42,-5.27,2.28,-59.0,23.6875,-66.3125,-0.51123047,0.5189209,-0.54486084,-0.41534424
1e,4,Right Wrist,30077807,1779734049728,5.8138604,-0.44037938,2.172683,92.26504,-63.83889,73.16373,-136.77539,-23.580936,235.6583,0.0
1e,2,Right Ankle,1116884,1779734049732,-7.803646,5.1257615,2.0793629,-2.873362,-54.793762,-19.742382,122.23453,81.285805,326.52377,0.0
1e,3,Left Wrist,3874879,1779734049737,13.445472,-10.485052,-2.7445676,-31.524223,63.539703,70.31922,-94.73728,-25.159058,322.214,0.0
1e,1,Left Ankle,4074883,1779734049755,-6.18,-4.12,1.04,-40.8125,45.25,-64.8125,-0.50634766,0.5374756,-0.5377197,-0.40698242
1e,1,Left Ankle,4074902,1779734049756,-1.39,-5.34,-3.4,-21.5,71.1875,-32.1875,-0.49835205,0.5449219,-0.54241943,-0.4006958
1e,1,Left Ankle,4074925,1779734049786,-8.37,-1.86,-4.06,-5.6875,74.0625,51.25,-0.48736572,0.5455322,-0.55371094,-0.39782715
1e,4,Right Wrist,30077868,1779734049789,3.6722846,1.4475579,0.016749758,88.06504,-35.48889,139.03372,-136.74487,-23.578217,235.63374,0.0
1e,2,Right Ankle,1116944,1779734049794,-8.131462,3.4364285,3.668197,8.466639,-49.333763,-38.08238,121.864716,81.30896,326.15417,0.0
1e,3,Left Wrist,3874939,1779734049799,23.239296,-11.064116,-0.35653055,-64.424225,44.149696,59.609222,-94.74915,-25.208433,322.194,0.0
1e,1,Left Ankle,4074945,1779734049821,-11.54,1.7,-4.62,-4.875,66.3125,36.0,-0.47955322,0.54748535,-0.56085205,-0.3945923
1e,1,Left Ankle,4074963,1779734049846,-7.62,1.12,-6.27,0.3125,22.875,-9.875,-0.47686768,0.550354,-0.56292725,-0.39093018
1e,1,Left Ankle,4074983,1779734049848,-9.19,0.31,-5.46,4.375,-11.625,-9.1875,-0.47827148,0.5507202,-0.5617676,-0.39031982
1e,4,Right Wrist,30077927,1779734049849,3.6076784,-1.9023943,-3.507878,-2.30496,7.701112,136.30373,-136.7699,-23.611301,235.60999,0.0
1e,2,Right Ankle,1117004,1779734049853,-8.265461,3.3837864,3.7471604,0.4166379,-42.05376,-42.00238,121.5105,81.3325,325.80316,0.0
1e,3,Left Wrist,3874999,1779734049858,25.459833,-6.4076824,-1.3710873,20.205776,16.079699,86.41922,-94.741356,-25.246407,322.18637,0.0
1e,1,Left Ankle,4075004,1779734049881,-7.87,-0.74,-3.21,6.375,-27.4375,-17.125,-0.48205566,0.5500488,-0.5588989,-0.3908081
1e,1,Left Ankle,4075024,1779734049881,-9.22,-1.43,-1.0,7.875,-34.0625,-13.75,-0.48693848,0.5484619,-0.55548096,-0.3918457
1e,1,Left Ankle,4075044,1779734049907,-10.02,-2.25,1.4,9.3125,-30.5,-7.3125,-0.491333,0.5465088,-0.5526123,-0.39312744
1e,4,Right Wrist,30077987,1779734049910,4.1077785,-1.8952159,-2.7421746,-6.15496,21.421112,101.30373,-136.77286,-23.65702,235.58202,0.0
1e,2,Right Ankle,1117064,1779734049913,-7.1073346,3.0033276,5.446064,-6.6533623,-40.513763,-30.732382,121.17414,81.35844,325.47195,0.0
1e,3,Left Wrist,3875059,1779734049918,20.958935,-6.98196,-1.442872,116.59577,-28.7203,103.21922,-94.708084,-25.278828,322.19586,0.0
1e,1,Left Ankle,4075065,1779734049939,-10.07,-1.65,1.62,0.4375,-20.625,-4.8125,-0.49432373,0.5449829,-0.55059814,-0.39434814
1e,1,Left Ankle,4075090,1779734049967,-10.07,-1.49,0.63,-8.3125,-7.8125,-3.25,-0.49505615,0.545105,-0.54888916,-0.39562988
1e,1,Left Ankle,4075108,1779734049968,-9.57,-1.21,-0.78,-9.3125,4.75,-0.375,-0.49401855,0.5461426,-0.5484009,-0.39624023
1e,4,Right Wrist,30078047,1779734049969,5.2491546,-0.63659114,-0.9020941,11.34504,32.761112,48.733727,-136.76195,-23.703846,235.56067,0.0
1e,3,Left Wrist,3875119,1779734049978,18.688147,-6.929318,-2.794817,1.3057764,-48.460304,69.61922,-94.72727,-25.324492,322.2177,0.0
1e,1,Left Ankle,4075126,1779734049999,-9.08,-0.82,-2.4,-8.1875,7.8125,2.3125,-0.4923706,0.5471802,-0.548584,-0.39648438
1e,2,Right Ankle,1117124,1779734050005,-6.978122,2.7640455,4.5248275,16.726637,-21.893759,-21.842382,120.86193,81.3775,325.15707,0.0
1e,1,Left Ankle,4075151,1779734050025,-8.74,-0.93,-2.6,-6.25,1.875,1.9375,-0.491333,0.54785156,-0.548584,-0.39691162
1e,1,Left Ankle,4075170,1779734050031,-8.91,-0.9,-2.52,-2.1875,-1.875,1.6875,-0.491333,0.5473633,-0.5489502,-0.39709473
1e,4,Right Wrist,30078107,1779734050031,8.611071,0.66989017,-2.0051854,16.735039,25.691113,-10.836272,-136.76811,-23.762636,235.56241,0.0
1e,3,Left Wrist,3875179,1779734050038,17.26681,-7.3145623,-2.656033,-11.5742235,-60.0803,32.379223,-94.753914,-25.383362,322.24545,0.0
1e,1,Left Ankle,4075191,1779734050057,-9.08,-1.2,-1.73,0.0625,-10.8125,1.4375,-0.49194336,0.5466919,-0.54833984,-0.39801025
1e,1,Left Ankle,4075210,1779734050085,-9.49,-0.98,-0.54,-0.0625,-13.6875,6.0625,-0.49298096,0.5453491,-0.5476074,-0.3996582
1e,1,Left Ankle,4075233,1779734050086,-11.04,-0.34,-0.2,-4.6875,-5.375,7.4375,-0.4928589,0.54364014,-0.5473633,-0.4024048
1e,4,Right Wrist,30078167,1779734050088,6.902595,-2.622634,-3.2303107,29.825039,2.9411116,-39.886272,-136.76608,-23.832497,235.57442,0.0
1e,2,Right Ankle,1117184,1779734050092,-9.224983,2.3572655,4.048656,-1.4033623,4.28624,-17.43238,120.58697,81.39581,324.88638,0.0
1e,3,Left Wrist,3875239,1779734050097,15.565513,-7.7500553,-3.531806,2.8457766,-54.060303,17.95922,-94.783264,-25.447767,322.275,0.0
1e,1,Left Ankle,4075255,1779734050115,-10.24,-0.62,-0.96,-7.9375,1.5625,-0.5,-0.49212646,0.5440674,-0.5470581,-0.40319824
1e,1,Left Ankle,4075280,1779734050145,-9.02,-0.89,-1.76,-4.625,6.125,-2.75,-0.49145508,0.54486084,-0.5471802,-0.40270996
1e,4,Right Wrist,30078227,1779734050148,5.9909296,-1.9430723,-1.9262222,32.06504,6.2311115,-23.996271,-136.7556,-23.894855,235.57892,0.0
1e,3,Left Wrist,3875299,1779734050157,14.857238,-7.6160574,-2.912065,-45.87422,-18.7803,23.349222,-94.82023,-25.511715,322.28928,0.0
1e,1,Left Ankle,4075301,1779734050179,-9.61,-0.64,-2.11,-4.0,4.75,-0.25,-0.49066162,0.5456543,-0.5471802,-0.4025879
1e,1,Left Ankle,4075315,1779734050190,-9.36,-0.72,-2.38,-3.5625,-0.25,-3.625,-0.49053955,0.54608154,-0.5470581,-0.40234375
1e,2,Right Ankle,1117274,1779734050190,-7.9232874,2.941114,4.438686,-14.423363,24.16624,-6.1623807,120.3281,81.401276,324.63663,0.0
1e,1,Left Ankle,4075337,1779734050206,-9.36,-0.84,-2.53,-2.625,-5.5,-4.5,-0.4909668,0.54644775,-0.54608154,-0.40270996
1e,4,Right Wrist,30078288,1779734050208,7.400302,-2.9337008,-3.2614174,17.085041,4.7611117,-7.8962717,-136.75128,-23.95662,235.58038,0.0
1e,3,Left Wrist,3875359,1779734050217,15.912473,-8.049159,-3.1393833,-13.184223,-19.9703,36.929222,-94.84592,-25.570847,322.30368,0.0
1e,1,Left Ankle,4075359,1779734050239,-9.33,-0.86,-1.81,3.3125,-6.75,-3.875,-0.49194336,0.54626465,-0.5452881,-0.402771
1e,1,Left Ankle,4075380,1779734050239,-9.78,-0.89,-1.18,5.4375,-7.625,-3.125,-0.4934082,0.5455322,-0.54473877,-0.40270996
1e,1,Left Ankle,4075397,1779734050266,-9.99,-0.91,-0.59,6.0,-7.25,-2.9375,-0.494812,0.54486084,-0.5442505,-0.4025879
1e,4,Right Wrist,30078347,1779734050268,7.4673014,-2.579563,-2.5268207,0.07503986,7.8411117,6.593728,-136.74799,-24.012554,235.5758,0.0
1e,2,Right Ankle,1117364,1779734050272,-7.904145,1.6968464,4.0510488,3.9866376,11.286241,3.147619,120.05992,81.41549,324.37048,0.0
1e,3,Left Wrist,3875419,1779734050277,16.094326,-7.582558,-2.696711,-10.454224,-4.7103004,41.129223,-94.864456,-25.62877,322.31052,0.0
1e,1,Left Ankle,4075416,1779734050299,-10.17,-0.86,-0.18,5.125,-4.4375,-2.9375,-0.4960327,0.5442505,-0.5439453,-0.40234375
1e,1,Left Ankle,4075441,1779734050299,-9.78,-0.9,-0.53,2.4375,0.6875,-4.1875,-0.4967041,0.54455566,-0.5437012,-0.4013672
1e,1,Left Ankle,4075456,1779734050325,-9.69,-1.01,-0.73,0.5,3.3125,-4.75,-0.4967041,0.5449219,-0.54364014,-0.40100098
1e,4,Right Wrist,30078407,1779734050328,6.2637115,-2.5747774,-2.4215367,-6.71496,13.861112,7.5737276,-136.74487,-24.070944,235.56879,0.0
1e,2,Right Ankle,1117454,1779734050332,-8.143427,2.2208745,4.005585,-0.9833622,5.8262405,1.467619,119.766136,81.42676,324.0806,0.0
1e,3,Left Wrist,3875479,1779734050337,16.324038,-7.333705,-3.196811,-16.054224,-9.400301,52.609222,-94.888855,-25.682407,322.3202,0.0
1e,1,Left Ankle,4075481,1779734050357,-9.41,-0.99,-1.03,-0.25,4.6875,-4.375,-0.49664307,0.54589844,-0.5437012,-0.39971924
1e,1,Left Ankle,4075501,1779734050357,-9.22,-1.04,-1.3,-2.125,5.375,-4.625,-0.49645996,0.5463867,-0.54364014,-0.39935303
1e,1,Left Ankle,4075520,1779734050386,-9.57,-1.09,-1.51,-3.0625,3.625,-4.5,-0.49639893,0.546875,-0.54382324,-0.39837646
1e,4,Right Wrist,30078467,1779734050390,6.5364933,-2.0914268,-2.3952155,-0.4149599,7.2811117,9.953728,-136.74467,-24.127047,235.56476,0.0
1e,2,Right Ankle,1117544,1779734050393,-8.030965,2.3572655,4.058227,-3.5033622,0.5062402,-0.0023810863,119.45948,81.43787,323.77853,0.0
1e,3,Left Wrist,3875539,1779734050399,16.178076,-7.046566,-2.4478576,-10.524223,-14.5803,53.65922,-94.90704,-25.735292,322.32962,0.0
1e,1,Left Ankle,4075542,1779734050417,-9.77,-0.98,-1.63,-2.1875,1.625,-3.75,-0.49627686,0.5476074,-0.54351807,-0.39813232
1e,1,Left Ankle,4075558,1779734050423,-8.73,-1.17,-1.95,-0.0625,1.0625,-4.5625,-0.49639893,0.5480957,-0.5430908,-0.39770508
1e,1,Left Ankle,4075582,1779734050447,-8.65,-1.28,-1.5,0.25,-2.9375,0.875,-0.49682617,0.5480957,-0.5427246,-0.39770508
1e,4,Right Wrist,30078527,1779734050449,6.797311,-2.1679976,-2.3066812,-0.62495995,4.0611115,5.683728,-136.74384,-24.182442,235.5621,0.0
1e,2,Right Ankle,1117604,1779734050453,-8.212818,2.1897678,3.8237307,-4.693362,1.4862401,0.417619,119.15327,81.44983,323.47742,0.0
1e,3,Left Wrist,3875599,1779734050458,16.907887,-6.996317,-2.0291135,-17.664223,-11.010301,55.969223,-94.92355,-25.786846,322.33606,0.0
1e,1,Left Ankle,4075603,1779734050481,-9.87,-0.96,-1.23,1.4375,-2.1875,0.5625,-0.4970703,0.5477905,-0.54278564,-0.39782715
1e,1,Left Ankle,4075619,1779734050481,-9.93,-0.96,-0.99,1.25,-4.0,0.3125,-0.49786377,0.546875,-0.543396,-0.3972168
1e,1,Left Ankle,4075647,1779734050506,-9.21,-1.15,-0.89,1.375,-1.125,-0.75,-0.49822998,0.54663086,-0.5432739,-0.3972168
1e,4,Right Wrist,30078587,1779734050509,6.5987062,-2.2924242,-2.376073,-2.79496,8.961112,5.753728,-136.74263,-24.239649,235.55792,0.0
1e,2,Right Ankle,1117664,1779734050513,-8.327674,2.2376244,3.9457645,-2.943362,-0.40375984,0.6276189,118.843124,81.461716,323.17172,0.0
1e,3,Left Wrist,3875659,1779734050519,16.26661,-6.6254296,-2.132005,-15.354223,-6.9503007,60.65922,-94.93976,-25.837017,322.3413,0.0
1e,1,Left Ankle,4075664,1779734050541,-9.51,-1.09,-0.94,-0.125,3.6875,1.3125,-0.4979248,0.5466919,-0.54364014,-0.3970337
1e,1,Left Ankle,4075682,1779734050541,-9.75,-0.96,-1.09,-0.875,6.1875,0.5,-0.49731445,0.54711914,-0.5441284,-0.39660645
1e,1,Left Ankle,4075705,1779734050565,-9.58,-1.03,-1.1,-1.125,5.8125,-0.3125,-0.49664307,0.5476074,-0.54455566,-0.39611816
1e,4,Right Wrist,30078647,1779734050574,6.555636,-2.2541392,-2.5292134,-3.21496,10.501112,6.4537277,-136.74313,-24.297977,235.5539,0.0
1e,2,Right Ankle,1117724,1779734050574,-8.258282,2.175411,3.8787653,-4.973362,-0.33375978,1.817619,118.53072,81.47336,322.86435,0.0
1e,3,Left Wrist,3875719,1779734050578,16.015364,-6.7067857,-2.8067808,-8.004224,-7.370301,57.509224,-94.95854,-25.888779,322.34903,0.0
1e,1,Left Ankle,4075719,1779734050599,-9.74,-0.95,-1.29,-1.3125,4.4375,-0.375,-0.49682617,0.54730225,-0.5446167,-0.39624023
1e,1,Left Ankle,4075743,1779734050599,-9.63,-0.98,-1.45,-1.0625,4.1875,-1.25,-0.49645996,0.54766846,-0.54467773,-0.39611816
1e,1,Left Ankle,4075763,1779734050625,-9.39,-1.04,-1.43,-1.0,4.1875,-1.25,-0.49609375,0.5480957,-0.5449219,-0.39569092
1e,4,Right Wrist,30078708,1779734050628,6.7231336,-2.1105695,-2.4717858,-1.7449601,8.191112,4.983728,-136.74432,-24.355589,235.5512,0.0
1e,2,Right Ankle,1117784,1779734050632,-8.0525,2.1012332,3.9553359,-4.483362,1.8362402,3.497619,118.222984,81.48431,322.56158,0.0
1e,3,Left Wrist,3875779,1779734050637,14.931416,-6.4651103,-3.3667014,12.085776,-14.930301,40.63922,-94.977554,-25.946114,322.36276,0.0
1e,1,Left Ankle,4075787,1779734050658,-9.45,-1.09,-1.41,-1.25,3.625,-1.0625,-0.4956665,0.548584,-0.54504395,-0.3953247
1e,1,Left Ankle,4075808,1779734050686,-9.72,-1.0,-1.4,-0.375,2.5625,-0.1875,-0.49560547,0.548645,-0.54504395,-0.3953247
1e,1,Left Ankle,4075823,1779734050686,-9.63,-1.05,-1.06,-0.625,3.4375,-0.3125,-0.4953003,0.5488281,-0.5453491,-0.39501953
1e,4,Right Wrist,30078767,1779734050688,6.6441703,-2.2732816,-2.4909284,0.2850399,6.5111117,1.693728,-136.744,-24.413712,235.54929,0.0
1e,2,Right Ankle,1117844,1779734050693,-8.248711,2.2280529,3.7710884,-5.183362,2.6762402,4.757619,117.90896,81.49324,322.2528,0.0
1e,3,Left Wrist,3875839,1779734050697,15.182662,-6.934104,-3.5198421,23.985777,-16.400301,35.59922,-94.993614,-26.00522,322.37762,0.0
1e,1,Left Ankle,4075846,1779734050717,-9.53,-1.05,-1.16,-0.75,5.5625,-0.8125,-0.49487305,0.5493164,-0.5456543,-0.3944702
1e,1,Left Ankle,4075868,1779734050745,-9.58,-1.05,-1.28,-1.5,6.625,-0.625,-0.4940796,0.5500488,-0.54589844,-0.394104
1e,1,Left Ankle,4075887,1779734050746,-9.77,-0.93,-1.62,-1.75,7.375,-0.375,-0.49353027,0.55041504,-0.5462036,-0.3939209
1e,4,Right Wrist,30078828,1779734050748,6.5867424,-2.3713872,-2.3162522,0.0050401688,8.821112,2.253728,-136.74094,-24.471378,235.54556,0.0
1e,2,Right Ankle,1117904,1779734050752,-8.23914,2.2783024,3.7998023,-5.5333624,2.4662402,5.0376186,117.59274,81.50156,321.94196,0.0
1e,3,Left Wrist,3875899,1779734050757,15.957936,-7.6017013,-3.426522,12.855777,-15.770301,40.56922,-95.01152,-26.062916,322.39127,0.0
1e,1,Left Ankle,4075905,1779734050775,-9.51,-0.93,-1.7,-1.0625,7.0625,-1.0625,-0.4928589,0.5510254,-0.5465698,-0.39331055
1e,1,Left Ankle,4075931,1779734050805,-9.12,-1.15,-1.8,-0.3125,6.125,-2.0625,-0.49212646,0.5519409,-0.5470581,-0.39227295
1e,1,Left Ankle,4075951,1779734050806,-9.16,-1.11,-1.66,0.5,4.9375,-0.8125,-0.49194336,0.552124,-0.5472412,-0.39196777
1e,4,Right Wrist,30078887,1779734050808,6.897809,-2.237389,-2.538785,1.5450401,10.711112,4.9137278,-136.74007,-24.529663,235.54196,0.0
1e,2,Right Ankle,1117964,1779734050812,-8.169748,2.2376244,3.8404803,-4.763362,6.3162403,5.4576187,117.28507,81.509186,321.63947,0.0
1e,3,Left Wrist,3875959,1779734050818,16.211575,-7.6208434,-2.5339992,2.0057764,-9.3303,55.05922,-95.02504,-26.115835,322.39893,0.0
1e,1,Left Ankle,4075965,1779734050835,-9.51,-1.07,-1.46,0.6875,3.9375,0.125,-0.49163818,0.5523071,-0.54766846,-0.3914795
1e,1,Left Ankle,4075992,1779734050865,-9.52,-1.06,-1.25,1.125,2.8125,0.0625,-0.49145508,0.5524292,-0.54797363,-0.39111328
1e,4,Right Wrist,30078947,1779734050869,6.646563,-2.4024944,-2.443072,-0.76496005,9.941112,4.843728,-136.73766,-24.58756,235.53755,0.0
1e,2,Right Ankle,1118024,1779734050872,-8.212818,2.4529784,3.5700915,-7.283362,3.1662402,5.877619,116.96049,81.514084,321.32098,0.0
1e,3,Left Wrist,3876019,1779734050878,16.257038,-7.283455,-2.8402805,-16.124224,-4.3603005,63.949223,-95.04609,-26.165722,322.40533,0.0
1e,1,Left Ankle,4076013,1779734050900,-9.35,-1.15,-1.27,0.125,2.5625,-0.3125,-0.49127197,0.5526123,-0.5482178,-0.39086914
1e,1,Left Ankle,4076032,1779734050900,-9.54,-1.02,-1.41,-0.8125,3.5625,0.0625,-0.49127197,0.55236816,-0.54870605,-0.39050293
1e,1,Left Ankle,4076053,1779734050925,-9.73,-1.01,-1.57,-0.875,2.9375,-0.1875,-0.49145508,0.552124,-0.5484619,-0.3908081
1e,1,Left Ankle,4076072,1779734050926,-9.37,-1.07,-1.55,-1.25,-0.375,-1.125,-0.49224854,0.5513916,-0.5487671,-0.39056396
1e,4,Right Wrist,30079007,1779734050929,6.703991,-2.2469606,-2.3617158,-2.30496,11.691112,4.983728,-136.73637,-24.645527,235.53299,0.0
1e,2,Right Ankle,1118084,1779734050932,-8.373137,2.5199773,3.4935212,-5.5333624,-0.26375985,4.267619,116.62814,81.51925,320.99402,0.0
1e,3,Left Wrist,3876079,1779734050937,15.902901,-7.37199,-2.847459,-13.254224,-0.16030073,63.87922,-95.06594,-26.215893,322.41034,0.0
1e,1,Left Ankle,4076096,1779734050959,-9.41,-1.05,-1.65,-1.0625,-0.3125,-1.0625,-0.49249268,0.55133057,-0.54833984,-0.39086914
1e,1,Left Ankle,4076116,1779734050987,-9.37,-1.07,-1.73,-0.75,-0.1875,-0.875,-0.49267578,0.55133057,-0.5480957,-0.39105225
1e,4,Right Wrist,30079067,1779734050990,6.6920266,-2.2565322,-2.3306093,-1.60496,8.961112,2.253728,-136.73509,-24.703308,235.52975,0.0
1e,2,Right Ankle,1118144,1779734050994,-8.28221,2.4529784,3.5988052,-4.273362,-2.4337597,3.427619,116.294876,81.52553,320.6657,0.0
1e,3,Left Wrist,3876139,1779734051000,15.5152645,-7.068102,-3.1609187,-3.2442236,-5.6903005,59.399223,-95.08619,-26.267328,322.4189,0.0
1e,1,Left Ankle,4076141,1779734051017,-9.42,-1.08,-1.56,-0.1875,-0.3125,-0.4375,-0.49298096,0.5510254,-0.54785156,-0.39135742
1e,1,Left Ankle,4076160,1779734051018,-9.59,-1.07,-1.48,0.0,0.25,0.0,-0.49316406,0.5509033,-0.5477295,-0.39154053
1e,1,Left Ankle,4076178,1779734051050,-9.88,-1.02,-1.28,-0.125,0.0,-0.375,-0.49346924,0.5505371,-0.5477905,-0.39154053
1e,4,Right Wrist,30079127,1779734051050,6.739883,-2.26371,-2.3832514,-0.9049599,7.911112,0.643728,-136.73425,-24.761417,235.5274,0.0
1e,2,Right Ankle,1118204,1779734051053,-8.320496,2.4362285,3.562913,-5.3233624,-0.75375986,3.427619,115.96397,81.53142,320.34015,0.0
1e,3,Left Wrist,3876199,1779734051058,15.180267,-6.9580317,-3.1537402,-2.9642234,-3.5903006,53.79922,-95.10655,-26.32077,322.4271,0.0
1e,1,Left Ankle,4076202,1779734051077,-9.61,-1.07,-1.24,-0.5,0.375,-1.25,-0.49353027,0.55059814,-0.5477295,-0.3914795
1e,1,Left Ankle,4076219,1779734051085,-9.32,-1.16,-1.39,-1.3125,2.375,-1.0,-0.4934082,0.5508423,-0.5477905,-0.39123535
1e,1,Left Ankle,4076235,1779734051108,-9.31,-1.12,-1.57,-1.375,4.1875,-0.0625,-0.49298096,0.5512085,-0.54797363,-0.3909912
1e,1,Left Ankle,4076255,1779734051109,-9.56,-0.96,-1.89,-0.8125,4.6875,0.1875,-0.49243164,0.55163574,-0.5482788,-0.390625
1e,4,Right Wrist,30079187,1779734051110,6.9600224,-2.3450663,-2.562713,-0.13496017,8.051111,2.6037278,-136.73373,-24.819588,235.52481,0.0
1e,2,Right Ankle,1118264,1779734051114,-8.306139,2.3740153,3.656233,-6.093362,2.8862402,3.497619,115.642456,81.53741,320.02426,0.0
1e,3,Left Wrist,3876259,1779734051119,15.512871,-6.7809625,-3.3092737,5.7857766,-4.6403008,46.379223,-95.124725,-26.376574,322.43622,0.0
1e,1,Left Ankle,4076281,1779734051142,-9.42,-1.01,-1.98,-0.3125,3.6875,-0.1875,-0.4920044,0.5519409,-0.548645,-0.39019775
1e,1,Left Ankle,4076303,1779734051166,-9.39,-1.05,-2.03,0.625,0.5,-0.75,-0.4920044,0.552063,-0.548645,-0.39001465
1e,4,Right Wrist,30079248,1779734051169,6.897809,-2.5245278,-2.4239292,-4.19496,6.9311113,5.543728,-136.7315,-24.876005,235.52048,0.0
1e,2,Right Ankle,1118324,1779734051174,-8.275032,2.431443,3.5030923,-5.393362,1.6962402,2.727619,115.315605,81.54239,319.70285,0.0
1e,3,Left Wrist,3876319,1779734051179,15.709083,-7.6304145,-3.3044882,3.6157765,-7.7203007,45.88922,-95.14404,-26.432777,322.4465,0.0
1e,1,Left Ankle,4076321,1779734051200,-9.33,-1.08,-1.79,1.5625,-1.75,-1.125,-0.49273682,0.5516968,-0.54852295,-0.38989258
1e,1,Left Ankle,4076344,1779734051227,-9.38,-1.12,-1.5,2.0625,-2.1875,-0.875,-0.49291992,0.5515747,-0.5484619,-0.38983154
1e,1,Left Ankle,4076358,1779734051230,-9.51,-1.04,-1.43,1.8125,-1.25,-0.3125,-0.49328613,0.55133057,-0.5484619,-0.38983154
1e,4,Right Wrist,30079307,1779734051231,6.876274,-2.431208,-2.5507488,-5.17496,7.8411117,9.673728,-136.73102,-24.932457,235.51558,0.0
1e,2,Right Ankle,1118384,1779734051233,-8.296568,2.3788006,3.4959137,-6.513362,2.11624,2.657619,114.98968,81.547646,319.38275,0.0
1e,3,Left Wrist,3876379,1779734051239,15.5152645,-7.4916315,-3.1513476,-3.2442236,-6.810301,49.809223,-95.164696,-26.487701,322.45593,0.0
1e,1,Left Ankle,4076385,1779734051259,-9.72,-1.14,-1.33,1.625,-2.375,-1.1875,-0.49395752,0.55096436,-0.5482178,-0.38970947
1e,1,Left Ankle,4076402,1779734051260,-9.3,-1.16,-1.44,1.6875,-2.75,-0.5,-0.49505615,0.55023193,-0.5476074,-0.3902588
1e,1,Left Ankle,4076425,1779734051288,-9.6,-1.09,-1.33,0.375,-2.0,0.25,-0.49664307,0.54870605,-0.5477295,-0.39019775
1e,4,Right Wrist,30079368,1779734051290,6.804489,-2.3187451,-2.318645,-5.94496,7.701112,6.873728,-136.73015,-24.988583,235.51106,0.0
1e,2,Right Ankle,1118444,1779734051293,-8.325281,2.500835,3.524628,-5.813362,-0.9637598,1.467619,114.656395,81.55231,319.05496,0.0
1e,3,Left Wrist,3876439,1779734051299,15.584656,-7.123136,-3.359523,-7.514223,-4.1503005,51.699223,-95.18774,-26.54179,322.46487,0.0
1e,1,Left Ankle,4076445,1779734051317,-9.56,-1.1,-1.51,0.0,0.0,0.0,-0.49719238,0.5482178,-0.5473633,-0.39068604
1e,1,Left Ankle,4076471,1779734051347,-9.61,-1.04,-1.56,0.125,-0.5625,-0.375,-0.49749756,0.54785156,-0.5471802,-0.39105225
1e,1,Left Ankle,4076485,1779734051349,-9.38,-1.09,-1.56,-0.0625,-1.4375,-0.875,-0.4979248,0.5476074,-0.54681396,-0.39135742
1e,4,Right Wrist,30079427,1779734051350,6.670491,-2.266103,-2.4382863,-3.07496,5.8111115,6.173728,-136.73012,-25.045275,235.50793,0.0
1e,2,Right Ankle,1118504,1779734051354,-8.224783,2.3668368,3.6370904,-5.743362,-1.5237597,1.1176189,114.32578,81.55848,318.72986,0.0
1e,3,Left Wrist,3876499,1779734051359,15.759333,-7.7045927,-2.9383864,-3.1742234,-7.370301,50.15922,-95.20649,-26.596704,322.47366,0.0
1e,1,Left Ankle,4076505,1779734051377,-9.33,-1.16,-1.53,-0.0625,-1.3125,-0.6875,-0.49829102,0.5474243,-0.5465088,-0.39160156
1e,1,Left Ankle,4076531,1779734051406,-9.54,-1.11,-1.54,0.0,-0.4375,-0.125,-0.49847412,0.54730225,-0.5462036,-0.39190674
1e,1,Left Ankle,4076550,1779734051408,-9.48,-1.11,-1.38,0.1875,1.5625,0.1875,-0.49865723,0.54711914,-0.5461426,-0.39208984
1e,4,Right Wrist,30079487,1779734051409,6.8571315,-2.3618162,-2.4382863,-2.58496,4.2711115,2.953728,-136.72955,-25.101976,235.50569,0.0
1e,2,Right Ankle,1118564,1779734051414,-8.322888,2.3788006,3.5341992,-5.393362,-0.9637598,1.327619,113.99395,81.56395,318.40338,0.0
1e,3,Left Wrist,3876559,1779734051418,16.02015,-7.44856,-3.3044882,-4.2242236,-7.6503005,51.48922,-95.22794,-26.650888,322.48352,0.0
1e,1,Left Ankle,4076565,1779734051442,-9.67,-1.13,-1.46,-0.125,2.5,0.125,-0.49865723,0.5471802,-0.5459595,-0.39227295
1e,1,Left Ankle,4076593,1779734051467,-9.59,-1.13,-1.45,0.3125,0.875,-0.4375,-0.49884033,0.5469971,-0.5458374,-0.39239502
1e,1,Left Ankle,4076607,1779734051469,-9.44,-1.17,-1.31,0.625,-0.0625,-0.3125,-0.49926758,0.5466919,-0.54559326,-0.3927002
1e,4,Right Wrist,30079547,1779734051470,6.8523455,-2.3594232,-2.428715,-1.81496,6.2311115,1.833728,-136.72859,-25.159431,235.50325,0.0
1e,2,Right Ankle,1118625,1779734051474,-8.286996,2.3788006,3.5700915,-6.933362,0.08624017,1.957619,113.66333,81.56884,318.07867,0.0
1e,3,Left Wrist,3876619,1779734051479,15.572692,-7.05853,-2.8019955,-2.8942237,-8.7003,49.809223,-95.24602,-26.705645,322.49246,0.0
1e,1,Left Ankle,4076633,1779734051502,-9.57,-1.08,-1.33,-0.4375,0.5,0.375,-0.5,0.5460205,-0.54522705,-0.39312744
1e,1,Left Ankle,4076652,1779734051527,-9.73,-1.02,-1.47,-1.25,2.8125,-0.3125,-0.49993896,0.5459595,-0.545166,-0.39343262
1e,4,Right Wrist,30079607,1779734051530,6.7231336,-2.4838498,-2.5842485,-3.21496,8.891111,5.333728,-136.72755,-25.217588,235.49918,0.0
1e,2,Right Ankle,1118684,1779734051534,-8.284603,2.3668368,3.4719856,-5.6733623,-1.8037597,2.3076189,113.32708,81.573494,317.74786,0.0
1e,3,Left Wrist,3876679,1779734051538,15.311873,-7.170993,-3.050849,-1.7042235,-7.8603005,45.609222,-95.26592,-26.761936,322.5023,0.0
1e,1,Left Ankle,4076675,1779734051561,-9.49,-1.1,-1.44,-1.1875,2.1875,-0.875,-0.5003662,0.5454712,-0.54571533,-0.3928833
1e,1,Left Ankle,4076693,1779734051586,-9.54,-1.1,-1.58,-1.625,3.1875,-0.625,-0.5001831,0.5456543,-0.5456543,-0.39294434
1e,1,Left Ankle,4076716,1779734051593,-9.52,-1.09,-1.63,-1.25,4.375,-0.625,-0.4998169,0.5460205,-0.54571533,-0.3927002
1e,4,Right Wrist,30079667,1779734051593,6.8164535,-2.3546379,-2.538785,-3.49496,9.101111,5.193728,-136.72748,-25.275597,235.49547,0.0
1e,2,Right Ankle,1118744,1779734051593,-8.389888,2.3692296,3.5940197,-5.6733623,-0.6837598,2.517619,112.9941,81.57811,317.42035,0.0
1e,3,Left Wrist,3876739,1779734051597,15.677977,-7.4916315,-2.888137,0.2557764,-6.7403007,43.50922,-95.283226,-26.819124,322.511,0.0
1e,1,Left Ankle,4076733,1779734051618,-9.56,-1.08,-1.61,-0.875,3.75,-0.625,-0.49951172,0.5463257,-0.5458374,-0.3925171
1e,1,Left Ankle,4076757,1779734051618,-9.46,-1.16,-1.57,-0.375,4.375,-0.8125,-0.49926758,0.5465698,-0.5460205,-0.3922119
1e,1,Left Ankle,4076773,1779734051645,-9.53,-1.14,-1.56,-0.3125,2.0625,-0.3125,-0.4991455,0.54663086,-0.5461426,-0.39208984
1e,4,Right Wrist,30079727,1779734051648,6.9480586,-2.3857443,-2.481357,-4.68496,7.3511114,4.073728,-136.7273,-25.332914,235.49216,0.0
1e,2,Right Ankle,1118804,1779734051652,-8.23914,2.390765,3.5389845,-6.513362,-1.3137599,2.587619,112.65803,81.58186,317.09003,0.0
1e,3,Left Wrist,3876799,1779734051658,15.663618,-7.362418,-3.0053852,0.8857764,-9.470301,45.95922,-95.30168,-26.87531,322.5211,0.0
1e,1,Left Ankle,4076802,1779734051676,-9.41,-1.15,-1.59,-1.0625,1.8125,-0.0625,-0.4991455,0.54663086,-0.54608154,-0.39227295
1e,1,Left Ankle,4076818,1779734051676,-9.15,-1.19,-1.76,-0.6875,2.25,-0.5,-0.49890137,0.54693604,-0.5459595,-0.39227295
1e,1,Left Ankle,4076834,1779734051705,-9.53,-1.11,-1.93,-0.125,1.5625,0.875,-0.49865723,0.5470581,-0.5462036,-0.39208984
1e,1,Left Ankle,4076853,1779734051706,-9.61,-1.0,-1.68,0.5625,-0.25,1.5625,-0.4985962,0.546875,-0.5463257,-0.39227295
1e,4,Right Wrist,30079788,1779734051708,6.869096,-2.4982069,-2.4478576,-4.19496,7.701112,4.563728,-136.7255,-25.39005,235.48804,0.0
1e,2,Right Ankle,1118864,1779734051712,-8.294174,2.3931577,3.464807,-6.723362,-2.0837598,2.167619,112.319084,81.585365,316.7569,0.0
1e,3,Left Wrist,3876859,1779734051717,15.467407,-7.470095,-3.0125637,3.6157765,-13.6703005,44.06922,-95.320335,-26.932085,322.53305,0.0
1e,1,Left Ankle,4076879,1779734051735,-9.64,-0.99,-1.62,0.0625,-1.375,0.5,-0.49865723,0.5467529,-0.54626465,-0.39239502
1e,1,Left Ankle,4076896,1779734051765,-9.62,-1.12,-1.63,0.125,-1.875,-0.5,-0.49890137,0.5465698,-0.54608154,-0.39263916
1e,4,Right Wrist,30079847,1779734051768,6.897809,-2.4120653,-2.4023938,-4.89496,7.9811115,4.843728,-136.72429,-25.44702,235.48395,0.0
1e,3,Left Wrist,3876919,1779734051778,15.350159,-7.520345,-2.7876384,3.6157765,-8.7003,44.41922,-95.33651,-26.988987,322.5424,0.0
1e,1,Left Ankle,4076919,1779734051795,-9.42,-1.2,-1.51,0.4375,-1.5625,-0.5625,-0.49920654,0.5463257,-0.5458374,-0.39294434
1e,1,Left Ankle,4076937,1779734051801,-9.41,-1.13,-1.46,0.0,-0.0625,0.125,-0.49951172,0.54608154,-0.54559326,-0.39318848
1e,2,Right Ankle,1118924,1779734051802,-8.356388,2.309409,3.5533416,-6.233362,-3.5537596,1.887619,111.97928,81.59018,316.42273,0.0
1e,1,Left Ankle,4076956,1779734051826,-9.57,-1.18,-1.49,-1.0,1.3125,0.8125,-0.4996338,0.5460205,-0.5454712,-0.39331055
1e,4,Right Wrist,30079908,1779734051828,6.9217377,-2.2756746,-2.4526432,-3.49496,6.9311113,3.723728,-136.72458,-25.504347,235.4812,0.0
1e,3,Left Wrist,3876979,1779734051837,15.467407,-7.38874,-3.0269206,-0.09422362,-6.600301,46.449223,-95.35531,-27.045132,322.5516,0.0
1e,1,Left Ankle,4076981,1779734051860,-9.67,-1.11,-1.55,-0.8125,1.4375,0.8125,-0.49969482,0.54589844,-0.5454712,-0.39337158
1e,1,Left Ankle,4076997,1779734051860,-9.51,-1.05,-1.61,0.4375,1.25,0.0625,-0.4996338,0.54589844,-0.54559326,-0.39337158
1e,1,Left Ankle,4077020,1779734051885,-9.49,-1.11,-1.64,0.25,0.25,0.3125,-0.49975586,0.54577637,-0.5455322,-0.39343262
1e,4,Right Wrist,30079967,1779734051888,6.897809,-2.5197425,-2.5004997,-4.33496,5.3211117,3.443728,-136.72346,-25.561375,235.47812,0.0
1e,3,Left Wrist,3877039,1779734051898,15.431515,-7.407882,-2.9742787,-3.4542236,-7.580301,46.519222,-95.3751,-27.101254,322.56107,0.0
1e,1,Left Ankle,4077061,1779734051919,-9.64,-1.04,-1.57,-0.25,0.375,0.5,-0.49987793,0.5456543,-0.54541016,-0.39361572
1e,1,Left Ankle,4077041,1779734051919,-9.45,-1.14,-1.66,0.0625,0.25,0.125,-0.4998169,0.54571533,-0.54541016,-0.3935547
1e,2,Right Ankle,1118984,1779734051923,-8.476029,2.3453012,3.5820553,-6.443362,-2.4337597,2.027619,111.64107,81.59445,316.09018,0.0
1e,1,Left Ankle,4077084,1779734051945,-9.63,-1.12,-1.52,0.0,0.4375,-0.25,-0.5,0.5455322,-0.5453491,-0.3937378
1e,4,Right Wrist,30080027,1779734051948,6.861917,-2.5173492,-2.4335005,-4.26496,6.6511116,5.683728,-136.72131,-25.617928,235.47382,0.0
1e,3,Left Wrist,3877099,1779734051957,15.522442,-7.259527,-3.010171,4.6657763,-8.4203005,45.539223,-95.39238,-27.15761,322.57095,0.0
1e,1,Left Ankle,4077102,1779734051977,-9.66,-1.12,-1.54,-0.1875,-1.625,-0.75,-0.5004883,0.5452881,-0.5449219,-0.39404297
1e,1,Left Ankle,4077121,1779734051977,-9.5,-1.1,-1.6,-0.3125,-0.5,-0.75,-0.50061035,0.54522705,-0.5447998,-0.39404297
1e,1,Left Ankle,4077138,1779734052005,-9.38,-1.16,-1.71,-0.125,1.0625,-0.625,-0.50061035,0.5452881,-0.5447998,-0.39398193
1e,4,Right Wrist,30080087,1779734052010,6.9552374,-2.4120653,-2.4382863,-3.7049599,6.2311115,4.983728,-136.72018,-25.67456,235.47028,0.0
1e,2,Right Ankle,1119177,1779734052013,-8.322888,2.3596582,3.5294135,-5.813362,-1.7337598,1.7476189,110.96637,81.60111,315.42657,0.0
1e,3,Left Wrist,3877159,1779734052018,15.797616,-7.405489,-3.103491,-5.1342235,-7.7203007,43.929222,-95.41327,-27.214537,322.58078,0.0
1e,1,Left Ankle,4077157,1779734052038,-9.57,-1.08,-1.59,0.3125,0.3125,0.0,-0.50061035,0.5452881,-0.5447998,-0.39398193
1e,1,Left Ankle,4077182,1779734052044,-9.52,-1.07,-1.53,-0.1875,1.0,0.0,-0.5006714,0.54522705,-0.54473877,-0.394104
1e,4,Right Wrist,30080147,1779734052069,6.952844,-2.5005999,-2.4478576,-3.91496,5.7411118,4.843728,-136.71843,-25.73107,235.46657,0.0
1e,1,Left Ankle,4077206,1779734052069,-9.55,-1.1,-1.54,-0.4375,1.25,-0.1875,-0.5006714,0.54522705,-0.54473877,-0.394104
1e,2,Right Ankle,1119196,1779734052074,-8.28221,2.350087,3.5509489,-6.233362,-1.4537598,1.817619,110.62921,81.60399,315.09506,0.0
1e,3,Left Wrist,3877219,1779734052078,15.78326,-7.249956,-2.8402805,3.8257766,-6.7403007,45.18922,-95.42884,-27.271057,322.5893,0.0
1e,1,Left Ankle,4077225,1779734052095,-9.46,-1.11,-1.69,-0.0625,1.6875,-0.0625,-0.50061035,0.5452881,-0.5447998,-0.39404297
1e,1,Left Ankle,4077245,1779734052125,-9.56,-1.11,-1.66,0.25,2.125,0.125,-0.50042725,0.5453491,-0.5449829,-0.39385986
1e,1,Left Ankle,4077265,1779734052126,-9.58,-1.08,-1.62,0.0,1.5625,0.125,-0.5003662,0.54541016,-0.54504395,-0.39379883
1e,4,Right Wrist,30080208,1779734052129,6.888238,-2.4575288,-2.4502504,-3.21496,7.211112,4.843728,-136.71667,-25.788107,235.46265,0.0
1e,2,Right Ankle,1119284,1779734052134,-8.313317,2.3524797,3.6466618,-6.373362,-2.2937598,2.027619,110.290764,81.60693,314.7623,0.0
1e,3,Left Wrist,3877279,1779734052138,15.845473,-7.041781,-2.8977082,-1.2142235,-5.9003005,41.54922,-95.446434,-27.32875,322.59778,0.0
1e,1,Left Ankle,4077287,1779734052158,-9.62,-1.07,-1.63,0.25,0.4375,-0.375,-0.5003662,0.5453491,-0.54504395,-0.39385986
