session_name,device_id,body_location,device_ts_ms,wall_clock_ms,accel_x,accel_y,accel_z,gyro_x,gyro_y,gyro_z,quat_w,quat_x,quat_y,quat_z
2a,1,Left Ankle,4233744,1779734208626,-9.37,-1.57,-2.06,0.375,-0.3125,-0.0625,-0.5427246,0.5001831,-0.5949707,-0.31829834
2a,3,Left Wrist,4033763,1779734208627,14.885951,-8.144872,-3.9960139,2.2857764,-8.980301,48.40922,-107.35173,-50.736744,334.95154,0.0
2a,1,Left Ankle,4233731,1779734208626,-9.36,-1.58,-1.93,-0.125,-0.0625,-0.0625,-0.5427246,0.5001831,-0.5949707,-0.31829834
2a,1,Left Ankle,4233784,1779734208655,-9.37,-1.61,-1.94,0.6875,-1.375,-0.0625,-0.5430298,0.49993896,-0.59472656,-0.3184204
2a,4,Right Wrist,30236721,1779734208655,4.99073,-2.0531418,-4.146762,-2.93496,6.9311113,4.4937277,-153.999,-47.239887,233.26506,0.0
2a,1,Left Ankle,4233766,1779734208655,-9.34,-1.56,-2.06,0.5625,-1.5,-0.125,-0.5428467,0.5001221,-0.59484863,-0.31835938
2a,2,Right Ankle,1275798,1779734208656,-8.294174,2.8717222,3.2542388,-5.253362,-0.75375986,1.817619,41.247677,62.435184,253.30392,0.0
2a,1,Left Ankle,4233809,1779734208679,-9.39,-1.57,-1.85,0.625,-1.6875,0.0625,-0.54333496,0.49975586,-0.5946045,-0.31854248
2a,3,Left Wrist,4033824,1779734208691,15.11327,-8.573188,-4.017549,-5.4142237,-10.4503,50.089222,-107.4087,-50.78409,334.9931,0.0
2a,1,Left Ankle,4233826,1779734208711,-9.4,-1.59,-1.88,0.75,-0.625,0.0,-0.54351807,0.4996338,-0.5944824,-0.31860352
2a,4,Right Wrist,30236782,1779734208711,5.019444,-2.038785,-4.2257247,-3.42496,7.701112,4.423728,-154.03911,-47.189434,233.29189,0.0
2a,2,Right Ankle,1275859,1779734208715,-8.310925,2.7760093,3.2590244,-4.833362,0.01624024,1.957619,41.12143,62.482788,253.1937,0.0
2a,1,Left Ankle,4233871,1779734208732,-9.36,-1.64,-1.82,0.75,-0.6875,-0.125,-0.54382324,0.49938965,-0.5944214,-0.31854248
2a,1,Left Ankle,4233852,1779734208733,-9.36,-1.58,-1.88,0.6875,-0.6875,0.0,-0.54364014,0.49951172,-0.5944824,-0.31854248
2a,3,Left Wrist,4033883,1779734208742,15.103698,-8.32194,-3.8787653,14.045776,-16.3303,55.269222,-107.455315,-50.831585,335.0328,0.0
2a,1,Left Ankle,4233887,1779734208763,-9.36,-1.63,-1.79,0.4375,-0.9375,-0.0625,-0.5440674,0.49926758,-0.5942993,-0.31866455
2a,2,Right Ankle,1275918,1779734208765,-8.29896,2.8166873,3.2566316,-5.393362,-0.89375985,1.887619,40.99164,62.528366,253.08037,0.0
2a,4,Right Wrist,30236841,1779734208765,5.0098724,-1.9957144,-4.1443686,-4.75496,6.371112,3.863728,-154.09717,-47.251072,233.33179,0.0
2a,1,Left Ankle,4233906,1779734208791,-9.46,-1.56,-1.72,0.4375,-0.5,0.1875,-0.54418945,0.49920654,-0.59417725,-0.3187256
2a,1,Left Ankle,4233932,1779734208791,-9.41,-1.58,-1.8,0.0625,0.0625,0.0,-0.5443115,0.4991455,-0.5941162,-0.31878662
2a,3,Left Wrist,4033944,1779734208797,14.725633,-7.9773736,-3.328416,10.685777,-12.6203,54.359222,-107.483925,-50.88455,335.05698,0.0
2a,1,Left Ankle,4233946,1779734208819,-9.33,-1.61,-1.89,-0.0625,0.0625,-0.0625,-0.54437256,0.49908447,-0.5940552,-0.31884766
2a,4,Right Wrist,30236902,1779734208819,4.9261236,-2.024428,-4.091727,-3.98496,7.1411114,3.163728,-153.99184,-47.234688,233.252,0.0
2a,1,Left Ankle,4233966,1779734208820,-9.39,-1.62,-1.86,-0.25,0.125,-0.0625,-0.54437256,0.49908447,-0.5940552,-0.31884766
2a,2,Right Ankle,1275979,1779734208832,-8.253496,2.8741152,3.1776686,-4.833362,-1.3837599,1.957619,41.12405,62.532295,253.19946,0.0
2a,1,Left Ankle,4233991,1779734208855,-9.44,-1.61,-1.81,-0.375,0.0625,0.0,-0.5444336,0.49902344,-0.59399414,-0.31884766
2a,3,Left Wrist,4034003,1779734208878,13.916859,-8.539687,-3.481557,0.11577642,-4.2203007,49.73922,-107.52882,-50.935806,335.08942,0.0
2a,2,Right Ankle,1276039,1779734208888,-8.294174,2.8717222,3.2015967,-5.253362,-1.1737598,1.887619,41.251274,62.541706,253.31406,0.0
2a,1,Left Ankle,4234007,1779734208888,-9.39,-1.62,-1.77,-0.75,0.6875,-0.0625,-0.5444336,0.49908447,-0.59399414,-0.3189087
2a,4,Right Wrist,30236961,1779734208888,4.95723,-2.0052853,-4.1204405,-3.56496,7.001112,0.9937279,-154.09404,-47.26165,233.3252,0.0
2a,1,Left Ankle,4234028,1779734208910,-9.42,-1.6,-1.89,-0.5,0.9375,0.0625,-0.54437256,0.49908447,-0.59399414,-0.3189087
2a,3,Left Wrist,4034064,1779734208920,14.448065,-8.32194,-3.8452659,8.235776,-1.3503008,49.24922,-107.57841,-50.983913,335.1272,0.0
2a,1,Left Ankle,4234056,1779734208936,-9.41,-1.57,-1.94,-0.3125,0.5625,0.0625,-0.54437256,0.4991455,-0.5940552,-0.31884766
2a,1,Left Ankle,4234076,1779734208937,-9.33,-1.6,-2.0,0.125,0.5625,0.125,-0.54437256,0.4991455,-0.5940552,-0.31884766
2a,4,Right Wrist,30237022,1779734208939,5.019444,-2.0914268,-4.249653,-2.16496,7.2811117,0.7837279,-154.06099,-47.199245,233.29947,0.0
2a,2,Right Ankle,1276098,1779734208952,-8.294174,2.7688308,3.050849,-4.623362,0.2962402,2.727619,41.298794,62.594048,253.35805,0.0
2a,1,Left Ankle,4234094,1779734208967,-9.39,-1.61,-1.97,0.3125,0.5,0.125,-0.5443115,0.4991455,-0.5940552,-0.31884766
2a,3,Left Wrist,4034124,1779734208983,15.675582,-9.420246,-3.8668015,33.995777,-3.2403007,64.159225,-107.60631,-51.031593,335.1545,0.0
2a,1,Left Ankle,4234124,1779734209004,-9.38,-1.61,-1.89,0.5625,-0.0625,0.1875,-0.5443115,0.4991455,-0.5940552,-0.31884766
2a,1,Left Ankle,4234140,1779734209004,-9.39,-1.55,-1.91,0.625,-0.3125,0.25,-0.54437256,0.49908447,-0.5940552,-0.31884766
2a,4,Right Wrist,30237082,1779734209004,4.997908,-1.9981068,-4.2352962,-4.26496,8.191112,2.743728,-154.13301,-47.16584,233.34978,0.0
2a,2,Right Ankle,1276159,1779734209014,-8.394673,2.876508,3.196811,-6.233362,0.08624017,3.077619,41.38728,62.63041,253.43892,0.0
2a,1,Left Ankle,4234155,1779734209034,-9.31,-1.61,-1.99,1.0625,-0.375,0.1875,-0.5444336,0.49902344,-0.5941162,-0.3187256
2a,3,Left Wrist,4034183,1779734209041,16.534605,-10.056737,-3.7064824,136.61577,-10.100301,83.05922,-107.57955,-51.07629,335.1674,0.0
2a,1,Left Ankle,4234183,1779734209059,-9.45,-1.56,-1.87,1.125,-1.5625,0.3125,-0.54467773,0.49884033,-0.5940552,-0.3187256
2a,1,Left Ankle,4234200,1779734209059,-9.5,-1.53,-1.87,1.375,-1.3125,0.0,-0.5449219,0.49865723,-0.59399414,-0.3187256
2a,2,Right Ankle,1276218,1779734209062,-8.251104,2.83583,3.18724,-6.373362,-1.5237597,3.707619,41.51209,62.642097,253.55205,0.0
2a,1,Left Ankle,4234216,1779734209093,-9.29,-1.61,-1.84,1.5625,-0.6875,0.0625,-0.545166,0.4984131,-0.59399414,-0.3187256
2a,4,Right Wrist,30237141,1779734209094,4.8926244,-1.9263223,-4.409972,-9.09496,6.6511116,-1.5962722,-154.19708,-47.12431,233.39406,0.0
2a,3,Left Wrist,4034244,1779734209103,16.343182,-10.130915,-1.2011969,254.56577,-7.230301,81.02922,-107.427284,-51.09371,335.11423,0.0
2a,1,Left Ankle,4234242,1779734209116,-9.38,-1.64,-1.77,1.25,-0.75,0.25,-0.5454712,0.49816895,-0.59399414,-0.31854248
2a,2,Right Ankle,1276279,1779734209126,-8.361174,2.7496884,3.2997024,-5.743362,-1.0337597,5.4576187,41.368896,62.655476,253.42717,0.0
2a,1,Left Ankle,4234261,1779734209126,-9.51,-1.6,-1.67,1.0625,0.1875,0.4375,-0.5455322,0.4981079,-0.5939331,-0.31854248
2a,1,Left Ankle,4234277,1779734209149,-9.43,-1.6,-1.65,1.0,1.1875,0.75,-0.54571533,0.4979248,-0.59399414,-0.31848145
2a,3,Left Wrist,4034303,1779734209157,16.513071,-12.710378,1.1964114,232.72577,5.3696995,69.89922,-107.25719,-51.082848,335.03937,0.0
2a,1,Left Ankle,4234303,1779734209176,-9.37,-1.63,-1.74,0.4375,2.125,0.625,-0.54559326,0.49780273,-0.5942383,-0.3184204
2a,1,Left Ankle,4234316,1779734209178,-9.4,-1.61,-1.91,0.4375,1.9375,0.875,-0.5454712,0.49780273,-0.59436035,-0.31835938
2a,4,Right Wrist,30237202,1779734209179,4.8184466,-1.8569309,-4.429115,-16.164959,4.411112,-9.646272,-154.27132,-47.08568,233.4459,0.0
2a,2,Right Ankle,1276338,1779734209183,-8.330068,2.8836865,3.330809,-7.0733624,0.2962402,8.607618,41.32229,62.601246,253.38904,0.0
2a,1,Left Ankle,4234336,1779734209206,-9.39,-1.58,-1.92,0.5,1.6875,1.3125,-0.54522705,0.49780273,-0.5946045,-0.31835938
2a,3,Left Wrist,4034364,1779734209224,13.251654,-11.944674,3.7471604,136.89577,13.6297,72.34922,-107.11766,-51.062183,334.96048,0.0
2a,1,Left Ankle,4234357,1779734209239,-9.39,-1.6,-1.84,0.5625,2.125,1.125,-0.5449829,0.4977417,-0.59490967,-0.31829834
2a,1,Left Ankle,4234377,1779734209240,-9.47,-1.6,-1.7,-0.125,2.125,1.125,-0.5447998,0.4977417,-0.5951538,-0.3182373
2a,4,Right Wrist,30237291,1779734209240,4.4882374,-1.4764719,-4.2544384,-23.164959,0.91111183,-23.226273,-154.37515,-47.063858,233.5209,0.0
2a,2,Right Ankle,1276399,1779734209242,-8.310925,2.8812935,3.1752756,-7.143362,2.7462401,10.777618,41.4498,62.614758,253.50607,0.0
2a,1,Left Ankle,4234402,1779734209266,-9.47,-1.57,-1.64,-0.125,3.125,1.375,-0.5446167,0.49761963,-0.5953369,-0.3182373
2a,3,Left Wrist,4034423,1779734209282,10.181662,-11.667107,5.276174,74.035774,19.089699,54.289223,-107.002594,-51.040104,334.88358,0.0
2a,1,Left Ankle,4234417,1779734209296,-9.36,-1.61,-1.66,-0.375,5.125,1.5,-0.54437256,0.4975586,-0.5957031,-0.31811523
2a,1,Left Ankle,4234443,1779734209296,-9.37,-1.59,-1.74,-0.6875,6.5625,1.75,-0.54345703,0.49780273,-0.5964966,-0.31781006
2a,4,Right Wrist,30237381,1779734209299,4.179563,-2.3905296,-3.8285162,-34.85496,-2.3788881,-36.87627,-154.3167,-47.018883,233.47737,0.0
2a,2,Right Ankle,1276458,1779734209309,-8.322888,3.0440056,2.9599216,-6.933362,6.80624,13.157619,41.584126,62.625942,253.62979,0.0
2a,3,Left Wrist,4034484,1779734209339,8.643077,-8.065908,1.7228323,-185.17422,6.2096996,63.949223,-106.977776,-51.017235,334.8086,0.0
2a,1,Left Ankle,4234460,1779734209357,-9.54,-1.53,-1.82,-1.1875,8.125,1.3125,-0.5430298,0.4979248,-0.5968628,-0.31762695
2a,1,Left Ankle,4234477,1779734209358,-9.41,-1.54,-1.92,-1.0625,8.625,0.875,-0.54211426,0.49829102,-0.59765625,-0.3171997
2a,4,Right Wrist,30237442,1779734209365,3.2966115,-0.8351953,-3.7304106,-37.58496,4.831112,-47.726273,-154.43056,-46.995396,233.56079,0.0
2a,2,Right Ankle,1276519,1779734209366,-8.330068,3.0655408,3.0699914,-12.253363,12.26624,16.23762,41.73348,62.621292,253.76949,0.0
2a,1,Left Ankle,4234497,1779734209391,-9.3,-1.64,-1.92,-1.1875,8.9375,0.75,-0.5411377,0.4987793,-0.5984497,-0.3166504
2a,1,Left Ankle,4234520,1779734209392,-9.36,-1.6,-1.92,-1.3125,9.125,1.25,-0.54016113,0.49926758,-0.5991821,-0.3161621
2a,3,Left Wrist,4034543,1779734209399,9.504494,-9.142679,2.498107,-43.424225,-28.9303,64.71922,-106.91892,-50.990223,334.753,0.0
2a,1,Left Ankle,4234545,1779734209416,-9.49,-1.53,-1.85,-1.625,11.0625,1.5625,-0.5385132,0.49987793,-0.60046387,-0.31549072
2a,4,Right Wrist,30237501,1779734209423,2.6553352,-1.4836504,-3.07717,-24.49496,8.261112,-43.87627,-154.4511,-46.93765,233.57812,0.0
2a,2,Right Ankle,1276579,1779734209423,-8.20564,3.158861,2.9024937,-17.363361,17.37624,18.05762,41.88367,62.61895,253.91225,0.0
2a,1,Left Ankle,4234565,1779734209448,-9.49,-1.5,-1.94,-1.625,12.125,1.3125,-0.53790283,0.5001831,-0.6010132,-0.31518555
2a,1,Left Ankle,4234586,1779734209448,-9.36,-1.64,-1.97,-2.0,13.0625,1.0625,-0.536499,0.50079346,-0.60198975,-0.31445312
2a,3,Left Wrist,4034604,1779734209459,9.389638,-9.178571,6.3361945,-142.40422,-26.410301,58.699223,-106.90124,-50.97059,334.7024,0.0
2a,1,Left Ankle,4234605,1779734209479,-9.32,-1.54,-2.03,-2.1875,13.6875,1.25,-0.53430176,0.5019531,-0.60369873,-0.31329346
2a,1,Left Ankle,4234620,1779734209482,-9.39,-1.59,-2.01,-2.75,14.5,1.0625,-0.5335083,0.50231934,-0.60424805,-0.31292725
2a,4,Right Wrist,30237562,1779734209483,3.059722,-1.555435,-2.6464617,-35.34496,24.501112,-28.96627,-154.37305,-46.913204,233.5158,0.0
2a,2,Right Ankle,1276638,1779734209484,-8.162569,3.3957505,2.696711,-16.523361,15.90624,17.847618,42.034573,62.615116,254.05519,0.0
2a,1,Left Ankle,4234644,1779734209507,-9.38,-1.63,-2.11,-2.8125,17.0,2.0,-0.5308838,0.5036621,-0.60614014,-0.3116455
2a,3,Left Wrist,4034664,1779734209520,13.459829,-5.0892367,-5.1493545,-88.854225,-50.000298,56.179222,-107.025986,-50.998352,334.78217,0.0
2a,1,Left Ankle,4234666,1779734209538,-9.19,-1.62,-2.03,-3.3125,16.875,2.5625,-0.5289917,0.50445557,-0.6074829,-0.31079102
2a,4,Right Wrist,30237622,1779734209540,2.9975083,-0.7610177,-2.7517462,-35.27496,42.351112,-21.826271,-154.49069,-46.92909,233.59308,0.0
2a,2,Right Ankle,1276699,1779734209549,-8.184105,3.5847833,2.4311078,-17.153362,13.38624,17.287619,42.18096,62.61628,254.194,0.0
2a,1,Left Ankle,4234687,1779734209568,-9.19,-1.46,-2.62,-3.5,19.5,2.5625,-0.5267334,0.5054321,-0.60913086,-0.3098755
2a,1,Left Ankle,4234711,1779734209569,-9.01,-1.46,-2.89,-2.3125,19.125,3.1875,-0.524353,0.5064087,-0.61102295,-0.30871582
2a,3,Left Wrist,4034723,1779734209582,13.464614,-13.5694,-8.331808,-41.044224,-168.2303,75.42922,-107.173256,-50.91534,334.9159,0.0
2a,1,Left Ankle,4234728,1779734209599,-8.79,-1.57,-3.0,-1.1875,18.0,3.25,-0.52215576,0.5071411,-0.612854,-0.3076172
2a,1,Left Ankle,4234746,1779734209601,-8.62,-1.58,-2.9,-0.125,12.875,3.9375,-0.5204468,0.50756836,-0.6143799,-0.30670166
2a,4,Right Wrist,30237681,1779734209608,2.6314065,-0.35184535,-2.7038896,-14.48496,43.611115,-22.176271,-154.60104,-46.937958,233.6703,0.0
2a,2,Right Ankle,1276758,1779734209608,-8.160176,3.5225701,2.861816,-15.963362,7.8562403,16.377619,42.33162,62.59214,254.3355,0.0
2a,1,Left Ankle,4234769,1779734209633,-8.38,-1.82,-2.75,-0.8125,8.625,5.6875,-0.51916504,0.5075073,-0.6156616,-0.30639648
2a,3,Left Wrist,4034784,1779734209641,13.287546,-8.702399,7.4249287,-58.824223,-114.1203,48.54922,-107.16798,-50.90311,334.9167,0.0
2a,1,Left Ankle,4234786,1779734209657,-8.4,-1.79,-2.99,-0.0625,7.25,8.8125,-0.51794434,0.5071411,-0.61694336,-0.30651855
2a,1,Left Ankle,4234806,1779734209659,-8.46,-1.69,-3.42,2.1875,3.5625,12.75,-0.5169678,0.50598145,-0.61846924,-0.3069458
2a,4,Right Wrist,30237742,1779734209665,2.9664018,0.035792615,-2.7445676,-8.04496,37.171112,-29.80627,-154.7168,-46.967903,233.75543,0.0
2a,2,Right Ankle,1276819,1779734209666,-7.4877934,3.5704265,2.9982069,-11.903362,2.8162403,14.067619,42.448338,62.534653,254.44475,0.0
2a,1,Left Ankle,4234832,1779734209693,-8.08,-2.06,-3.67,6.625,-2.625,19.3125,-0.51660156,0.5036621,-0.6201782,-0.3079834
2a,3,Left Wrist,4034843,1779734209700,11.87578,-9.532709,8.882157,156.63577,45.619698,17.53922,-107.02495,-50.911118,334.8374,0.0
2a,1,Left Ankle,4234848,1779734209717,-9.65,-2.22,-3.5,11.1875,-15.75,28.9375,-0.517334,0.49926758,-0.6218872,-0.31036377
2a,2,Right Ankle,1276878,1779734209726,-6.143027,2.5510843,4.2041893,-3.573362,-3.8337598,11.33762,42.386898,62.486122,254.39229,0.0
2a,4,Right Wrist,30237801,1779734209726,3.0501506,2.0672984,-4.0941195,-18.264961,31.991112,-28.406273,-154.83675,-46.98261,233.84134,0.0
2a,1,Left Ankle,4234889,1779734209752,-9.83,-1.12,-2.6,17.6875,-30.1875,26.75,-0.5220337,0.48779297,-0.6245117,-0.31536865
2a,1,Left Ankle,4234871,1779734209753,-10.27,-2.08,-3.17,19.375,-18.4375,31.0625,-0.51904297,0.4935913,-0.62384033,-0.31280518
2a,3,Left Wrist,4034904,1779734209759,16.675783,-12.540486,-5.8672013,6.4857764,37.9897,-22.150776,-107.09813,-50.918762,334.8894,0.0
2a,1,Left Ankle,4234907,1779734209783,-5.51,-1.94,-1.62,16.0625,-23.75,66.1875,-0.5236206,0.47924805,-0.62750244,-0.32000732
2a,4,Right Wrist,30237862,1779734209783,1.7604192,-1.0002999,-2.900101,-92.25496,27.791111,-30.856274,-154.9049,-46.931686,233.87146,0.0
2a,2,Right Ankle,1276939,1779734209785,-9.028771,4.4366283,1.5457635,4.126638,8.90624,8.257619,42.525604,62.499893,254.51598,0.0
2a,1,Left Ankle,4234952,1779734209816,-10.02,-2.01,-1.21,10.375,-27.25,53.0625,-0.52215576,0.46038818,-0.6345825,-0.3357544
2a,1,Left Ankle,4234932,1779734209816,-11.74,-2.25,-0.97,11.4375,-26.0,81.8125,-0.5214844,0.46868896,-0.6321411,-0.3297119
2a,3,Left Wrist,4034963,1779734209819,10.22234,-15.182162,-2.2420747,233.21577,-80.240295,28.949223,-107.0011,-50.835682,334.89233,0.0
2a,1,Left Ankle,4234970,1779734209838,-9.92,-4.17,-1.54,7.9375,-17.75,48.0625,-0.5213623,0.4539795,-0.63635254,-0.34222412
2a,4,Right Wrist,30237921,1779734209840,-0.8549359,1.4451649,2.3952155,-143.21497,8.541112,-34.00627,-154.96841,-46.950645,233.8878,0.0
2a,2,Right Ankle,1276999,1779734209844,-7.40883,4.171025,3.0699914,14.6266365,21.71624,4.757619,42.653206,62.448788,254.62755,0.0
2a,1,Left Ankle,4234992,1779734209869,-6.33,-4.03,-0.9,4.875,-45.375,62.4375,-0.5233154,0.4454956,-0.6368408,-0.34936523
2a,1,Left Ankle,4235007,1779734209874,-12.38,-0.88,-2.99,12.0625,-7.6875,78.6875,-0.5206909,0.43414307,-0.6425781,-0.35705566
2a,3,Left Wrist,4035024,1779734209884,8.640684,-9.865312,-2.1224337,-102.01423,-19.5503,92.71922,-106.993034,-50.733433,334.85663,0.0
2a,1,Left Ankle,4235032,1779734209898,-9.51,-0.38,-2.96,19.125,15.3125,65.5,-0.5168457,0.42712402,-0.6487427,-0.3600464
2a,4,Right Wrist,30237982,1779734209900,2.5548365,0.5550351,2.861816,-126.83496,4.1311116,-42.266273,-155.01855,-46.98708,233.90077,0.0
2a,1,Left Ankle,4235050,1779734209933,-8.98,1.56,-4.41,9.25,6.0625,67.625,-0.5125122,0.41931152,-0.65515137,-0.36376953
2a,2,Right Ankle,1277059,1779734209933,-7.995072,4.2308455,0.20817557,-0.9833622,22.27624,-1.6823812,42.786854,62.47467,254.7486,0.0
2a,1,Left Ankle,4235071,1779734209933,-9.13,1.8,-4.51,1.0,-15.125,69.3125,-0.5088501,0.41174316,-0.6586914,-0.37109375
2a,3,Left Wrist,4035083,1779734209938,9.614563,-8.879469,0.3062813,78.865776,-2.7503006,89.70922,-106.873825,-50.695625,334.78046,0.0
2a,1,Left Ankle,4235092,1779734209956,-8.98,2.3,-4.41,-2.25,-29.25,72.9375,-0.50701904,0.40216064,-0.6613159,-0.37927246
2a,1,Left Ankle,4235107,1779734209957,-8.78,1.33,-2.8,-3.25,-37.0625,74.25,-0.50598145,0.3918457,-0.66308594,-0.3883667
2a,4,Right Wrist,30238041,1779734209959,3.8541393,1.0264205,1.765903,-131.73495,-34.648888,-23.576271,-155.08049,-47.016376,233.921,0.0
2a,1,Left Ankle,4235133,1779734209991,-9.36,0.96,-1.27,-5.875,-38.8125,77.0,-0.50305176,0.3776245,-0.66412354,-0.40411377
2a,2,Right Ankle,1277119,1779734209992,-8.007036,4.2404165,2.7445676,-2.873362,12.19624,-7.9823813,42.928288,62.44616,254.87527,0.0
2a,3,Left Wrist,4035143,1779734209998,10.81576,-12.918552,2.8067808,-48.53422,38.4097,90.19922,-106.787025,-50.653534,334.68628,0.0
2a,1,Left Ankle,4235152,1779734210016,-9.96,0.92,0.7,-8.8125,-32.5,78.625,-0.5018921,0.37243652,-0.664917,-0.40899658
2a,4,Right Wrist,30238102,1779734210026,3.1338995,0.80867434,4.381258,-96.87496,-80.00889,-3.3462722,-155.11978,-47.01847,233.93376,0.0
2a,1,Left Ankle,4235167,1779734210049,-10.01,0.67,1.65,-16.125,-25.5625,78.9375,-0.49780273,0.36413574,-0.6658325,-0.41992188
2a,2,Right Ankle,1277208,1779734210053,-8.069249,3.5512838,0.23449661,3.4966378,-9.01376,-21.072382,43.024826,62.478706,254.95634,0.0
2a,3,Left Wrist,4035204,1779734210058,10.136199,-9.003895,1.2586247,-34.254223,92.8697,76.759224,-106.67257,-50.637714,334.56393,0.0
2a,1,Left Ankle,4235193,1779734210076,-9.7,0.77,1.42,-23.1875,-9.5,81.375,-0.49224854,0.355896,-0.66796875,-0.4298706
2a,1,Left Ankle,4235207,1779734210076,-9.21,1.38,0.79,-29.3125,7.8125,83.125,-0.48406982,0.3491211,-0.6712036,-0.43963623
2a,4,Right Wrist,30238162,1779734210083,2.428017,3.0818555,5.474778,-79.51496,-119.13889,19.263727,-155.16254,-47.001614,233.95247,0.0
2a,1,Left Ankle,4235235,1779734210108,-8.97,2.58,-0.65,-34.0625,15.75,86.0625,-0.47332764,0.34429932,-0.6742554,-0.45031738
2a,1,Left Ankle,4235254,1779734210108,-8.73,3.07,-1.71,-32.5625,9.5625,88.9375,-0.4580078,0.33465576,-0.67944336,-0.46539307
2a,2,Right Ankle,1277269,1779734210113,-7.3849025,3.7738163,3.0939198,3.9866376,-8.73376,-23.382381,43.10665,62.421856,255.02391,0.0
2a,3,Left Wrist,4035263,1779734210118,9.279568,-14.813668,4.5415773,4.455776,116.9497,56.45922,-106.54424,-50.60872,334.43753,0.0
2a,1,Left Ankle,4235274,1779734210136,-8.23,3.18,-2.97,-27.8125,-1.125,92.5,-0.447937,0.3279419,-0.6816406,-0.47662354
2a,4,Right Wrist,30238221,1779734210142,2.277269,4.522335,4.634897,38.22504,-123.96888,-12.376272,-155.18526,-46.98769,233.99393,0.0
2a,1,Left Ankle,4235299,1779734210166,-8.3,3.89,-3.04,-21.8125,-10.375,96.375,-0.43981934,0.31799316,-0.6843262,-0.48693848
2a,2,Right Ankle,1277329,1779734210173,-7.6481123,2.8525796,1.3974085,16.586637,-3.0637598,-34.79238,43.18969,62.464996,255.08797,0.0
2a,3,Left Wrist,4035324,1779734210178,9.729419,-15.718155,1.5481563,-207.01422,157.0597,119.10922,-106.46926,-50.54671,334.28287,0.0
2a,1,Left Ankle,4235317,1779734210200,-8.37,5.38,-1.86,-18.8125,-13.4375,99.0,-0.43103027,0.30847168,-0.6862793,-0.49804688
2a,1,Left Ankle,4235343,1779734210200,-8.54,6.45,-1.09,-19.3125,-14.9375,98.6875,-0.41949463,0.29156494,-0.68963623,-0.5132446
2a,4,Right Wrist,30238282,1779734210200,3.191327,2.3568296,5.7260246,183.26505,-140.90889,12.193728,-155.13779,-46.96654,234.0175,0.0
2a,1,Left Ankle,4235357,1779734210225,-8.15,7.8,-0.27,-24.375,-13.875,96.5,-0.41552734,0.28619385,-0.6904297,-0.5184326
2a,2,Right Ankle,1277388,1779734210233,-8.770347,2.7496884,2.4622147,-9.733362,6.3162403,-36.54238,43.218513,62.529408,255.11296,0.0
2a,3,Left Wrist,4035383,1779734210238,11.514464,-5.4864454,-0.33738798,12.435777,169.44969,90.269226,-106.34994,-50.590675,334.1523,0.0
2a,1,Left Ankle,4235383,1779734210259,-7.93,9.42,-0.84,-31.25,-7.5,92.1875,-0.40020752,0.27508545,-0.6911011,-0.5352783
2a,4,Right Wrist,30238341,1779734210259,1.1669993,-2.002893,3.438486,180.74504,-72.93889,51.043728,-155.03763,-46.95198,233.98671,0.0
2a,1,Left Ankle,4235398,1779734210259,-6.53,11.74,-3.01,-29.9375,7.875,85.125,-0.39520264,0.27142334,-0.69195557,-0.5397339
2a,1,Left Ankle,4235421,1779734210285,-5.52,14.0,-4.79,-25.0,6.9375,75.25,-0.3848877,0.26635742,-0.69299316,-0.54833984
2a,2,Right Ankle,1277449,1779734210293,-8.334852,2.4769065,1.7108681,-7.983362,3.0262403,-37.66238,43.256218,62.590763,255.14479,0.0
2a,3,Left Wrist,4035444,1779734210298,11.01915,-16.328325,4.1611185,-1.9842235,151.31969,32.589222,-106.211754,-50.571728,334.0108,0.0
2a,1,Left Ankle,4235463,1779734210323,-5.52,14.97,-4.86,-19.0625,-24.0,68.8125,-0.36895752,0.2475586,-0.6933594,-0.5673218
2a,4,Right Wrist,30238402,1779734210324,2.085843,0.3277169,3.0675986,-23.72496,-57.888885,70.92372,-155.02023,-46.94945,233.95844,0.0
2a,1,Left Ankle,4235444,1779734210323,-5.55,16.75,-4.94,-19.0625,3.375,70.6875,-0.37677002,0.25964355,-0.69451904,-0.5551758
2a,1,Left Ankle,4235483,1779734210350,-8.38,12.05,-4.87,-32.4375,-63.0,44.625,-0.36932373,0.23779297,-0.6889038,-0.5765991
2a,2,Right Ankle,1277508,1779734210356,-9.277625,2.283088,2.0434706,-15.403362,2.8862402,-54.67238,43.24771,62.665737,255.13594,0.0
2a,3,Left Wrist,4035503,1779734210359,14.615562,-8.606687,2.5603201,101.19577,135.9897,17.469221,-106.05403,-50.608215,333.8862,0.0
2a,1,Left Ankle,4235503,1779734210383,-13.68,9.93,-2.38,-29.125,-71.5,38.25,-0.37615967,0.22833252,-0.6812134,-0.585083
2a,4,Right Wrist,30238461,1779734210383,2.3227327,0.3588228,-2.5842485,85.33504,-50.748886,4.4937277,-155.10725,-46.931847,234.04793,0.0
2a,1,Left Ankle,4235522,1779734210383,0.67,6.25,-3.37,-16.8125,-89.5,-10.5,-0.38104248,0.2255249,-0.677124,-0.5877075
2a,1,Left Ankle,4235543,1779734210409,-0.59,7.74,-2.43,13.0625,-67.9375,41.625,-0.3867798,0.20825195,-0.67510986,-0.59265137
2a,2,Right Ankle,1277569,1779734210417,-9.421194,1.5173846,1.3351951,-12.463362,9.81624,-63.142376,43.227303,62.747746,255.11536,0.0
2a,3,Left Wrist,4035564,1779734210418,19.396421,-12.181562,-0.50488555,0.2557764,66.1997,57.859222,-105.96068,-50.636284,333.79648,0.0
2a,1,Left Ankle,4235558,1779734210442,-1.22,8.91,-1.38,41.625,-36.9375,50.8125,-0.38708496,0.20214844,-0.6768799,-0.59259033
2a,1,Left Ankle,4235583,1779734210443,1.43,6.21,-3.46,73.25,24.625,61.125,-0.3788452,0.18835449,-0.6906738,-0.58654785
2a,4,Right Wrist,30238522,1779734210442,2.2533407,-4.5057855,-0.009571291,16.735039,-64.67889,21.01373,-155.03607,-46.90992,234.00215,0.0
2a,1,Left Ankle,4235603,1779734210466,2.44,5.18,-4.0,77.75,20.8125,78.5625,-0.37493896,0.18231201,-0.69641113,-0.5841675
2a,2,Right Ankle,1277628,1779734210475,-9.260875,1.0220704,1.3112668,-4.9033623,7.2962403,-72.452385,43.18496,62.834217,255.0716,0.0
2a,3,Left Wrist,4035624,1779734210477,12.347167,-8.180764,1.5337993,-9.894223,19.509699,82.21922,-105.87698,-50.635136,333.7199,0.0
2a,1,Left Ankle,4235618,1779734210500,2.58,4.54,-2.83,82.875,0.0,105.625,-0.36602783,0.16693115,-0.7076416,-0.5808716
2a,4,Right Wrist,30238582,1779734210500,1.791526,-5.0848484,-1.5002998,-27.36496,-78.888885,30.323729,-154.97058,-46.86271,233.94875,0.0
2a,1,Left Ankle,4235643,1779734210529,2.51,4.45,-2.2,79.4375,-41.125,131.75,-0.35961914,0.14398193,-0.71691895,-0.57958984
2a,1,Left Ankle,4235661,1779734210530,2.58,5.22,-1.54,75.375,-81.4375,155.0625,-0.35528564,0.11413574,-0.7233887,-0.5808716
2a,2,Right Ankle,1277689,1779734210534,-8.863667,0.45257863,1.1629118,-2.1733623,2.8162403,-80.08238,43.12229,62.922955,255.00749,0.0
2a,1,Left Ankle,4235685,1779734210560,0.29,6.56,-0.29,68.0625,-146.25,197.3125,-0.3531494,0.055419922,-0.72631836,-0.58709717
2a,4,Right Wrist,30238642,1779734210560,5.7947183,-3.201697,-0.2943172,-72.23496,-142.09889,53.35373,-154.95248,-46.842525,233.91995,0.0
2a,3,Left Wrist,4035683,1779734210569,14.871594,-8.676079,-0.26321048,33.015778,-59.6603,52.329224,-105.83067,-50.658283,333.70255,0.0
2a,1,Left Ankle,4235707,1779734210593,-2.29,7.78,0.41,67.3125,-159.0625,208.375,-0.35266113,0.009521484,-0.7246094,-0.59198
2a,1,Left Ankle,4235721,1779734210593,-4.1,9.41,0.5,77.5,-170.375,204.0,-0.35284424,-0.013793945,-0.7233887,-0.5932617
2a,2,Right Ankle,1277749,1779734210600,-9.038342,-0.7653681,1.430908,7.206638,4.14624,-77.772385,43.024242,63.011086,254.90935,0.0
2a,1,Left Ankle,4235745,1779734210619,-4.36,10.11,2.41,95.25,-178.4375,189.9375,-0.35681152,-0.08459473,-0.7184448,-0.59106445
2a,4,Right Wrist,30238702,1779734210625,10.970393,1.1795617,-0.12203395,-161.20496,-162.9589,27.663729,-155.03488,-46.833145,233.94948,0.0
2a,1,Left Ankle,4235763,1779734210624,-5.18,9.08,4.62,66.6875,-317.625,149.1875,-0.37408447,-0.13671875,-0.7053833,-0.5863037
2a,3,Left Wrist,4035744,1779734210629,14.065212,-8.642578,-0.18185452,58.565777,-111.3203,57.36922,-105.79059,-50.670074,333.7076,0.0
2a,2,Right Ankle,1277809,1779734210658,-9.18909,-2.8016603,2.5866413,1.3966379,19.75624,-63.56238,42.89146,63.086174,254.78532,0.0
2a,1,Left Ankle,4235792,1779734210678,-7.51,9.11,11.24,34.5,-411.0,118.3125,-0.40667725,-0.1928711,-0.6799927,-0.5787964
2a,1,Left Ankle,4235812,1779734210684,-8.63,6.95,16.7,29.375,-380.8125,93.0,-0.44073486,-0.2444458,-0.65075684,-0.5679321
2a,4,Right Wrist,30238761,1779734210684,6.8547387,3.0292134,3.7256248,0.5650401,-58.238884,-54.44627,-155.06966,-46.85768,233.99265,0.0
2a,3,Left Wrist,4035833,1779734210690,6.970494,-11.109579,2.0961127,-20.184223,-44.6103,83.409225,-105.73512,-50.607254,333.66376,0.0
2a,1,Left Ankle,4235833,1779734210711,-19.35,6.64,20.61,25.375,-255.8125,91.0,-0.4623413,-0.28375244,-0.62731934,-0.55877686
2a,1,Left Ankle,4235850,1779734210711,-26.36,15.36,21.61,-33.875,-127.625,98.8125,-0.46850586,-0.3079834,-0.6081543,-0.56188965
2a,2,Right Ankle,1277869,1779734210719,-8.897166,-1.4497154,1.3160526,40.806637,32.35624,-53.62238,42.821323,63.174797,254.70732,0.0
2a,1,Left Ankle,4235868,1779734210743,11.67,-3.38,7.76,-26.75,-60.25,-51.75,-0.48303223,-0.31048584,-0.6003418,-0.5566406
2a,4,Right Wrist,30238822,1779734210743,4.1580276,-1.8832518,6.893722,89.39504,13.791112,-60.326275,-155.034,-46.893852,234.0011,0.0
2a,3,Left Wrist,4035894,1779734210752,2.433702,-9.858132,7.298109,-66.66423,81.8797,111.96922,-105.64995,-50.560005,333.55576,0.0
2a,1,Left Ankle,4235892,1779734210767,-17.57,23.22,-0.19,-61.9375,54.1875,90.8125,-0.47869873,-0.30755615,-0.59698486,-0.56555176
2a,1,Left Ankle,4235908,1779734210769,8.22,16.58,-10.95,-24.0,44.625,25.375,-0.46850586,-0.30682373,-0.59375,-0.5777588
2a,2,Right Ankle,1277928,1779734210779,-9.73944,-0.5571925,0.7082755,65.23664,29.41624,-58.312378,42.795925,63.26616,254.66075,0.0
2a,1,Left Ankle,4235933,1779734210801,-1.69,15.57,0.23,-35.875,-60.5625,36.0,-0.4673462,-0.3112793,-0.5845947,-0.5856323
2a,4,Right Wrist,30238881,1779734210802,3.4401808,-1.7588246,3.3260233,46.695038,-3.288888,-58.226273,-155.00963,-46.92723,234.00813,0.0
2a,3,Left Wrist,4035954,1779734210809,4.108678,-7.7333064,3.9720855,-24.524223,173.0197,114.41922,-105.50594,-50.52057,333.39417,0.0
2a,1,Left Ankle,4235954,1779734210827,-2.05,8.98,4.71,-36.3125,-53.5,23.1875,-0.46984863,-0.31359863,-0.5800781,-0.58691406
2a,1,Left Ankle,4235971,1779734210828,-3.98,8.84,4.35,-27.0625,0.75,24.5625,-0.4699707,-0.3145752,-0.57476807,-0.59143066
2a,1,Left Ankle,4235998,1779734210856,-2.1,8.91,3.38,-9.0625,25.125,29.5625,-0.46331787,-0.31433105,-0.5734863,-0.59802246
2a,4,Right Wrist,30238942,1779734210859,2.4591234,-1.4238299,0.8566305,35.91504,-71.32889,-71.806274,-154.9935,-46.944485,234.02821,0.0
2a,2,Right Ankle,1277989,1779734210864,-11.696769,0.8761083,1.6151553,109.05664,23.25624,-78.47238,42.78617,63.358883,254.6115,0.0
2a,3,Left Wrist,4036013,1779734210868,5.618549,-9.401103,3.3762727,-5.8342233,162.3097,71.299225,-105.36269,-50.49029,333.24307,0.0
2a,1,Left Ankle,4236013,1779734210887,-1.12,10.51,-0.06,-3.6875,5.6875,36.8125,-0.4590454,-0.31744385,-0.571167,-0.6019287
2a,1,Left Ankle,4236033,1779734210893,-1.06,10.13,2.21,-3.125,-24.25,39.625,-0.45721436,-0.32330322,-0.56689453,-0.604187
2a,1,Left Ankle,4236055,1779734210917,-1.95,10.19,1.57,0.375,-20.875,41.75,-0.45526123,-0.3295288,-0.56274414,-0.60614014
2a,4,Right Wrist,30239001,1779734210919,-0.5486546,-2.9767714,-7.74796,-36.81496,-187.6689,2.183728,-155.04501,-46.80965,234.07487,0.0
2a,2,Right Ankle,1278048,1779734210924,-9.387694,2.4410143,2.2707887,299.87662,33.756237,-106.47238,42.87932,63.4525,254.5926,0.0
2a,3,Left Wrist,4036074,1779734210928,15.840687,-16.048365,1.9525433,111.34577,53.6697,31.95922,-105.21884,-50.472355,333.1487,0.0
2a,1,Left Ankle,4236074,1779734210949,-1.34,9.71,1.39,4.75,-8.25,40.875,-0.45031738,-0.3334961,-0.56085205,-0.60943604
2a,1,Left Ankle,4236101,1779734210976,-1.14,9.83,0.64,2.5625,-2.9375,42.4375,-0.446167,-0.33807373,-0.5585327,-0.6121216
2a,1,Left Ankle,4236116,1779734210977,-0.4,9.04,1.4,-1.125,-9.875,36.75,-0.44195557,-0.34161377,-0.55633545,-0.6152344
2a,4,Right Wrist,30239062,1779734210986,-4.0756755,-4.223432,-4.914858,-23.65496,-151.1989,81.84373,-155.02956,-46.69284,234.0551,0.0
2a,2,Right Ankle,1278139,1779734210987,-10.775532,0.74689585,-0.6556334,213.07664,66.79624,39.75762,43.03528,63.52303,254.67729,0.0
2a,3,Left Wrist,4036133,1779734210990,3.8095753,-12.298812,4.208975,15.235777,77.1197,34.61922,-105.115746,-50.435627,333.05475,0.0
2a,1,Left Ankle,4236136,1779734211011,-1.14,9.32,1.47,-4.6875,-19.0625,35.4375,-0.44006348,-0.34643555,-0.55255127,-0.61724854
2a,1,Left Ankle,4236156,1779734211037,-1.03,9.49,1.25,-4.3125,-19.5,31.4375,-0.43884277,-0.35113525,-0.54870605,-0.6188965
2a,1,Left Ankle,4236182,1779734211040,-0.63,10.07,1.06,-4.1875,-16.125,29.625,-0.43621826,-0.35430908,-0.54589844,-0.6213989
2a,4,Right Wrist,30239122,1779734211041,1.4756734,2.3999007,-2.481357,-68.52496,-77.90889,44.74373,-155.14828,-46.66387,234.12222,0.0
2a,2,Right Ankle,1278199,1779734211044,-10.09597,0.49804232,0.77048886,112.90664,73.586235,94.21761,43.15169,63.586964,254.76479,0.0
2a,3,Left Wrist,4036194,1779734211050,6.372288,-7.4940243,1.8161523,-22.354223,35.819702,49.38922,-105.02716,-50.407074,332.9699,0.0
2a,1,Left Ankle,4236200,1779734211070,0.1,9.49,1.34,-4.875,-15.125,23.8125,-0.43518066,-0.35791016,-0.5427246,-0.62286377
2a,1,Left Ankle,4236218,1779734211101,-0.06,9.19,1.77,-5.0,-20.8125,14.5625,-0.434021,-0.35980225,-0.5406494,-0.6244507
2a,4,Right Wrist,30239182,1779734211102,2.3490536,2.7636101,-1.6319051,97.79504,-105.62888,-9.086272,-155.21141,-46.654766,234.20558,0.0
2a,1,Left Ankle,4236243,1779734211101,-0.64,9.29,1.92,-1.4375,-22.0625,11.0625,-0.4354248,-0.36462402,-0.5366211,-0.6240845
2a,2,Right Ankle,1278258,1779734211106,-9.966758,0.67271835,2.065006,94.146645,81.42624,101.35762,43.2227,63.651966,254.8191,0.0
2a,3,Left Wrist,4036253,1779734211110,7.2863464,-9.951452,0.4642076,50.515778,4.9496994,54.77922,-104.931694,-50.349724,332.90573,0.0
2a,1,Left Ankle,4236258,1779734211128,-1.16,9.52,1.42,-0.125,-21.3125,13.125,-0.43566895,-0.366333,-0.5354004,-0.62390137
2a,1,Left Ankle,4236283,1779734211156,-0.74,9.47,1.15,2.0,-18.5,17.25,-0.43493652,-0.371521,-0.5322876,-0.6240845
2a,1,Left Ankle,4236303,1779734211158,-0.58,9.32,1.76,3.875,-18.9375,19.9375,-0.43432617,-0.3758545,-0.5299072,-0.6239624
2a,4,Right Wrist,30239242,1779734211159,-0.3285149,-2.4120653,1.1006985,58.945038,-92.18889,0.9937279,-155.15813,-46.622566,234.19087,0.0
2a,2,Right Ankle,1278319,1779734211164,-9.768153,-0.3155174,2.7302105,74.896645,78.27624,99.117615,43.234043,63.708237,254.82532,0.0
2a,3,Left Wrist,4036314,1779734211169,6.302896,-10.54248,3.2542388,-29.494223,28.7497,48.199223,-104.85444,-50.31156,332.82938,0.0
2a,1,Left Ankle,4236321,1779734211188,-0.9,9.66,1.41,4.5625,-24.625,23.1875,-0.43371582,-0.37805176,-0.5286865,-0.6240845
2a,1,Left Ankle,4236344,1779734211219,-0.22,9.61,1.33,6.0625,-23.0,24.375,-0.4338379,-0.381958,-0.52697754,-0.6230469
2a,1,Left Ankle,4236363,1779734211219,0.48,9.99,1.52,5.5625,-25.9375,23.5,-0.4329834,-0.38970947,-0.52282715,-0.62231445
2a,4,Right Wrist,30239301,1779734211221,-2.3863423,-2.7662032,1.1030912,2.5950398,-65.098885,20.593729,-155.12619,-46.585022,234.17043,0.0
2a,3,Left Wrist,4036374,1779734211230,4.7475615,-10.7028,3.8476589,32.035774,100.2897,36.929222,-104.73204,-50.280605,332.7201,0.0
2a,1,Left Ankle,4236383,1779734211252,0.13,9.53,1.39,5.9375,-39.125,17.625,-0.4343872,-0.395813,-0.5194702,-0.6203613
2a,2,Right Ankle,1278378,1779734211254,-8.801453,-1.8421383,4.5726843,73.216644,53.42624,73.49762,43.185886,63.732025,254.77316,0.0
2a,1,Left Ankle,4236418,1779734211279,0.67,10.17,1.42,7.1875,-32.625,10.0625,-0.43579102,-0.40307617,-0.5157471,-0.6177368
2a,1,Left Ankle,4236403,1779734211278,0.55,9.89,1.5,5.5625,-40.0,13.8125,-0.43603516,-0.4013672,-0.5163574,-0.61816406
2a,4,Right Wrist,30239362,1779734211280,-1.7857438,-1.5721844,-4.6755753,-4.19496,-112.278885,14.993729,-155.15158,-46.476665,234.19585,0.0
2a,3,Left Wrist,4036434,1779734211290,4.6446705,-11.77239,2.3832514,65.56577,78.0297,24.11922,-104.61337,-50.239807,332.62827,0.0
2a,1,Left Ankle,4236444,1779734211311,1.68,9.54,1.37,11.0625,-22.75,2.375,-0.43737793,-0.40826416,-0.5145874,-0.6141968
2a,1,Left Ankle,4236458,1779734211338,0.85,9.77,1.64,13.5625,-19.9375,-4.5,-0.43798828,-0.40960693,-0.5147095,-0.61273193
2a,4,Right Wrist,30239421,1779734211341,0.7697907,-0.504986,-2.4765713,32.13504,-57.818886,15.9037285,-155.18806,-46.390614,234.23277,0.0
2a,2,Right Ankle,1278439,1779734211344,-7.588292,-1.7703536,5.0679984,138.17664,33.05624,19.947618,43.124596,63.749947,254.68068,0.0
2a,3,Left Wrist,4036494,1779734211349,3.855039,-8.98236,0.10528419,32.875774,37.6397,18.939222,-104.535126,-50.180523,332.56775,0.0
2a,1,Left Ankle,4236485,1779734211370,-0.61,9.55,1.21,15.25,-20.3125,-6.875,-0.43780518,-0.41088867,-0.5162964,-0.61065674
2a,1,Left Ankle,4236503,1779734211371,-0.54,9.89,1.05,17.0625,-13.3125,-0.9375,-0.43792725,-0.4147339,-0.5175781,-0.60687256
2a,1,Left Ankle,4236519,1779734211402,-0.2,9.81,1.09,18.3125,-8.625,5.9375,-0.43737793,-0.4161377,-0.51794434,-0.60601807
2a,1,Left Ankle,4236544,1779734211402,0.03,9.75,1.1,19.625,-11.6875,11.8125,-0.4350586,-0.4212036,-0.51867676,-0.60357666
2a,4,Right Wrist,30239482,1779734211402,0.6740778,-0.72751814,-2.7421746,95.34504,-34.858887,33.893726,-155.18077,-46.304718,234.24771,0.0
2a,2,Right Ankle,1278529,1779734211403,-6.970944,-3.397473,5.405386,124.24664,-8.3837595,-32.62238,43.01511,63.770924,254.539,0.0
2a,3,Left Wrist,4036553,1779734211409,7.1499553,-10.628621,0.18185452,16.845776,-3.1703007,9.139221,-104.46606,-50.13006,332.5194,0.0
2a,1,Left Ankle,4236562,1779734211429,0.0,9.57,1.26,20.125,-14.5,12.5625,-0.43432617,-0.42321777,-0.5187378,-0.6026001
2a,1,Left Ankle,4236584,1779734211461,0.06,9.59,0.92,23.625,-23.5,11.6875,-0.43170166,-0.4296875,-0.5194702,-0.5993042
2a,4,Right Wrist,30239541,1779734211461,-0.5366905,-6.963214,-5.2953167,-8.74496,-40.108887,81.70373,-155.10873,-46.225483,234.17963,0.0
2a,3,Left Wrist,4036614,1779734211468,4.1349993,-15.081664,6.812366,-36.984222,15.519699,42.109222,-104.40637,-50.08934,332.45798,0.0
2a,1,Left Ankle,4236608,1779734211487,0.42,9.75,0.77,25.3125,-26.0,10.1875,-0.43103027,-0.43499756,-0.5194092,-0.59594727
2a,1,Left Ankle,4236624,1779734211487,0.2,10.12,0.74,25.5,-23.75,10.625,-0.42974854,-0.43988037,-0.5198364,-0.5930176
2a,1,Left Ankle,4236644,1779734211519,0.38,9.99,0.83,29.8125,-9.875,10.625,-0.42767334,-0.44415283,-0.5209961,-0.590271
2a,1,Left Ankle,4236660,1779734211520,0.76,9.76,0.8,31.4375,-5.3125,10.0,-0.4262085,-0.4459839,-0.52197266,-0.5890503
2a,4,Right Wrist,30239602,1779734211520,-0.15144597,-0.7538392,-3.7304106,-113.46496,-6.6488876,102.28372,-155.14877,-46.136303,234.15819,0.0
2a,2,Right Ankle,1278619,1779734211524,-9.890187,1.7399172,4.8239303,82.17664,-39.32376,-73.01238,42.846737,63.782494,254.34982,0.0
2a,3,Left Wrist,4036673,1779734211528,7.530414,-9.99213,3.644269,-21.094223,76.9097,45.679222,-104.304695,-50.06569,332.3551,0.0
2a,1,Left Ankle,4236688,1779734211547,-0.01,9.9,0.15,31.625,0.8125,10.625,-0.42059326,-0.45043945,-0.52575684,-0.58636475
2a,1,Left Ankle,4236704,1779734211576,0.16,9.93,0.04,29.875,3.625,12.625,-0.41674805,-0.45324707,-0.5280762,-0.58483887
2a,1,Left Ankle,4236721,1779734211577,0.98,9.43,0.72,31.0625,3.25,10.5625,-0.41351318,-0.45343018,-0.5303955,-0.58496094
2a,4,Right Wrist,30239662,1779734211579,2.6936202,1.8136592,-1.6965113,-92.39496,48.37111,85.623726,-155.22504,-46.16961,234.16621,0.0
2a,2,Right Ankle,1278783,1779734211584,-7.748611,-0.7581896,1.337588,-21.493362,-39.953762,20.017618,42.70928,63.904507,254.22896,0.0
2a,3,Left Wrist,4036734,1779734211589,7.7601256,-7.0704937,1.3591233,99.51577,48.1397,-16.410778,-104.17441,-50.07512,332.2723,0.0
2a,1,Left Ankle,4236748,1779734211612,0.83,9.92,0.82,32.375,-3.4375,7.625,-0.40893555,-0.45812988,-0.53411865,-0.5810547
2a,1,Left Ankle,4236761,1779734211636,1.78,10.62,0.85,38.9375,2.5,1.375,-0.40722656,-0.45941162,-0.5360718,-0.57940674
2a,4,Right Wrist,30239721,1779734211642,2.0667005,2.8784652,-0.8470592,28.215038,-7.908888,14.923728,-155.27382,-46.190315,234.20604,0.0
2a,2,Right Ankle,1278802,1779734211643,-9.122091,2.0414128,3.1369905,6.2266383,-29.66376,17.707619,42.591286,63.9489,254.1199,0.0
2a,3,Left Wrist,4036793,1779734211649,9.657634,-9.623636,2.6416762,94.895775,18.8097,-46.720776,-104.06177,-50.087887,332.2098,0.0
2a,1,Left Ankle,4236788,1779734211672,3.67,11.0,-0.85,48.75,14.625,-8.3125,-0.39941406,-0.4598999,-0.54663086,-0.57458496
2a,1,Left Ankle,4236806,1779734211672,2.51,11.49,-0.31,59.875,0.25,-25.75,-0.39648438,-0.46148682,-0.5541382,-0.56811523
2a,1,Left Ankle,4236823,1779734211696,3.85,13.32,-5.02,61.625,-13.8125,-34.5,-0.3959961,-0.4630127,-0.56274414,-0.5586548
2a,2,Right Ankle,1278859,1779734211703,-9.033557,-1.1218987,0.2512464,-2.8033621,-36.59376,6.787619,42.540485,64.0083,254.07211,0.0
2a,4,Right Wrist,30239782,1779734211703,0.51136583,-0.63898355,-0.11246266,49.425037,-8.328888,-12.866272,-155.19043,-46.19765,234.16197,0.0
2a,3,Left Wrist,4036854,1779734211709,10.475979,-11.901603,7.195218,171.61577,-52.240303,-12.280777,-103.95302,-50.083935,332.1844,0.0
2a,1,Left Ankle,4236863,1779734211729,3.31,14.26,-1.34,62.6875,-78.3125,-59.125,-0.40966797,-0.47369385,-0.5739136,-0.5276489
2a,1,Left Ankle,4236849,1779734211730,3.16,14.71,-1.83,65.6875,-65.625,-52.9375,-0.40112305,-0.46826172,-0.56884766,-0.5442505
2a,4,Right Wrist,30239841,1779734211762,2.399303,-2.4958143,-0.26321048,5.53504,13.581112,22.903728,-155.11308,-46.21404,234.10115,0.0
2a,1,Left Ankle,4236885,1779734211761,2.43,11.45,-0.89,54.4375,-121.375,-71.75,-0.4227295,-0.480896,-0.57629395,-0.5078125
2a,2,Right Ankle,1278918,1779734211763,-9.46905,-0.6217987,2.2875385,2.8666377,-22.59376,1.467619,42.435574,64.06496,253.97472,0.0
2a,3,Left Wrist,4036914,1779734211769,6.5326076,-11.724534,5.3240304,43.585777,-14.5803,37.41922,-103.871025,-50.050335,332.13434,0.0
2a,1,Left Ankle,4236909,1779734211787,1.14,9.03,-0.89,49.9375,-136.0625,-68.5625,-0.43725586,-0.4888916,-0.5767212,-0.48693848
2a,1,Left Ankle,4236930,1779734211788,-0.42,9.04,-1.14,45.6875,-150.25,-58.1875,-0.45263672,-0.49829102,-0.5745239,-0.46557617
2a,4,Right Wrist,30239902,1779734211820,2.7917256,1.0431706,-0.9619147,4.20504,2.7311115,41.10373,-155.15068,-46.252834,234.12007,0.0
2a,1,Left Ankle,4236945,1779734211820,3.86,6.46,3.42,31.0625,-192.0625,-54.9375,-0.4710083,-0.5093994,-0.5682373,-0.44244385
2a,2,Right Ankle,1278979,1779734211822,-9.423587,-0.3250887,1.4668003,-4.833362,-15.313759,7.067619,42.37236,64.12808,253.9186,0.0
2a,3,Left Wrist,4036973,1779734211828,12.708482,-12.674484,0.16510476,30.215776,75.8597,15.999222,-103.74859,-50.03134,332.0312,0.0
2a,1,Left Ankle,4236970,1779734211847,2.96,6.1,4.4,-7.6875,-245.625,-35.4375,-0.4958496,-0.52282715,-0.5527954,-0.4185791
2a,1,Left Ankle,4236993,1779734211876,2.58,4.85,2.03,-26.375,-250.0,-26.375,-0.5231323,-0.5354004,-0.5321655,-0.39556885
2a,1,Left Ankle,4237011,1779734211877,0.86,5.49,2.52,-23.8125,-206.875,8.3125,-0.5447998,-0.5473633,-0.5108032,-0.37768555
2a,4,Right Wrist,30239961,1779734211878,4.9261236,-1.2635107,-0.63170516,-51.304962,24.641111,47.33373,-155.12701,-46.298893,234.07713,0.0
2a,3,Left Wrist,4037034,1779734211888,11.114862,-13.519151,1.3064811,4.6657763,8.7997,38.259224,-103.66513,-49.990345,331.96454,0.0
2a,1,Left Ankle,4237052,1779734211912,1.26,6.31,0.96,8.8125,-54.5,70.25,-0.5585327,-0.5686035,-0.48077393,-0.36547852
2a,1,Left Ankle,4237032,1779734211912,1.27,6.15,0.83,-6.5625,-125.4375,35.8125,-0.55718994,-0.5587158,-0.49249268,-0.3671875
2a,2,Right Ankle,1279039,1779734211913,-8.980915,-0.97115076,2.1056838,8.816637,0.4362402,10.147619,42.282673,64.18807,253.83629,0.0
2a,1,Left Ankle,4237070,1779734211938,4.36,6.91,1.64,8.125,-16.6875,100.0625,-0.553833,-0.5784912,-0.46972656,-0.37139893
2a,3,Left Wrist,4037093,1779734211948,11.186648,-14.428424,3.1393833,-32.78422,11.599699,58.20922,-103.592026,-49.949524,331.89417,0.0
2a,1,Left Ankle,4237092,1779734211966,2.57,7.56,2.06,-8.75,-26.5625,124.9375,-0.54833984,-0.5886841,-0.45617676,-0.3803711
2a,1,Left Ankle,4237108,1779734211968,1.4,7.16,1.67,-34.25,-84.0625,137.0625,-0.54730225,-0.60076904,-0.43426514,-0.3885498
2a,4,Right Wrist,30240022,1779734211969,3.1985056,-1.4381863,1.2442678,-83.92496,-21.698889,19.823729,-155.12086,-46.320625,234.04936,0.0
2a,2,Right Ankle,1279099,1779734211973,-9.165162,-0.78929627,1.5457635,-0.49336195,3.86624,4.547619,42.213524,64.25537,253.77507,0.0
2a,1,Left Ankle,4237130,1779734211996,-0.91,10.98,0.21,-47.9375,-153.875,142.0,-0.5524292,-0.6154785,-0.40423584,-0.39068604
2a,3,Left Wrist,4037154,1779734212013,10.92583,-9.511173,3.17049,-7.1642237,-6.7403007,42.73922,-103.51818,-49.939205,331.83493,0.0
2a,4,Right Wrist,30240082,1779734212031,4.842375,0.43778586,1.7946169,-55.43496,-39.26889,-11.676271,-155.14592,-46.348026,234.06001,0.0
2a,1,Left Ankle,4237157,1779734212031,-2.23,11.47,0.39,-47.8125,-191.625,134.3125,-0.5644531,-0.64038086,-0.35168457,-0.38427734
2a,2,Right Ankle,1279189,1779734212035,-9.382909,-0.8347599,1.4691932,0.90663767,5.9662404,7.487619,42.150936,64.32301,253.71985,0.0
2a,1,Left Ankle,4237175,1779734212034,-5.97,11.77,4.27,-28.125,-178.25,121.125,-0.5701904,-0.65631104,-0.3184204,-0.37780762
2a,1,Left Ankle,4237194,1779734212057,-6.0,11.61,4.81,-30.5625,-154.25,96.9375,-0.5751343,-0.6689453,-0.28955078,-0.3713379
2a,3,Left Wrist,4037213,1779734212074,10.667405,-10.743478,1.268196,63.605778,-15.2103,29.859222,-103.42047,-49.915573,331.77893,0.0
2a,1,Left Ankle,4237216,1779734212088,-8.98,12.76,3.47,-39.4375,-112.6875,74.375,-0.58026123,-0.6768799,-0.2658081,-0.36669922
2a,1,Left Ankle,4237234,1779734212088,-15.65,17.73,-5.24,-28.625,-73.8125,25.5,-0.585083,-0.68029785,-0.25115967,-0.36297607
2a,4,Right Wrist,30240171,1779734212088,5.651149,-0.23698972,1.8831514,-40.03496,17.851112,27.803728,-155.1369,-46.38781,234.03549,0.0
2a,1,Left Ankle,4237254,1779734212115,-7.29,10.4,-4.18,-29.4375,-90.125,-79.9375,-0.5949707,-0.68066406,-0.24725342,-0.34875488
2a,2,Right Ankle,1279249,1779734212123,-9.311124,-0.6481198,1.7300107,1.256638,8.48624,11.82762,42.084408,64.38916,253.66167,0.0
2a,3,Left Wrist,4037274,1779734212128,10.794225,-9.159429,12.112469,-3.5242233,6.2796993,-33.21078,-103.358444,-49.9341,331.7309,0.0
2a,1,Left Ankle,4237274,1779734212146,11.82,6.02,-7.48,-17.1875,-28.5,-39.125,-0.60235596,-0.6789551,-0.24841309,-0.3383789
2a,4,Right Wrist,30240232,1779734212148,2.585943,0.10279168,0.06699903,-13.57496,-6.9288883,19.473728,-155.13853,-46.42819,234.02968,0.0
2a,1,Left Ankle,4237300,1779734212176,-0.44,11.77,-0.69,-23.8125,-2.75,12.0625,-0.60491943,-0.6774292,-0.24560547,-0.33892822
2a,1,Left Ankle,4237317,1779734212176,2.7,9.83,1.37,-22.125,35.6875,-25.125,-0.6074219,-0.6727905,-0.24841309,-0.34155273
2a,2,Right Ankle,1279338,1779734212182,-9.296767,-0.25330403,1.2323037,10.356638,14.996241,8.397619,42.051414,64.460106,253.6311,0.0
2a,3,Left Wrist,4037333,1779734212187,10.241483,-10.224235,6.5682983,-16.614223,-7.8603005,-64.08078,-103.30259,-49.955967,331.68875,0.0
2a,1,Left Ankle,4237342,1779734212207,1.11,9.83,1.24,-15.75,42.375,-18.25,-0.60858154,-0.6676636,-0.25457764,-0.3449707
2a,4,Right Wrist,30240291,1779734212213,0.9253242,1.3494518,0.16271193,-15.67496,11.481112,11.353728,-155.17915,-46.458183,234.05151,0.0
2a,1,Left Ankle,4237357,1779734212238,0.46,10.56,0.99,-15.8125,14.875,-22.25,-0.6104126,-0.6638794,-0.2584839,-0.3461914
2a,1,Left Ankle,4237378,1779734212238,0.43,9.15,0.9,-16.4375,-4.125,-28.25,-0.61395264,-0.6610718,-0.26037598,-0.34387207
2a,2,Right Ankle,1279399,1779734212243,-9.124484,-0.7845107,1.1437693,20.996637,18.63624,4.267619,42.0109,64.532776,253.59026,0.0
2a,3,Left Wrist,4037394,1779734212248,9.865809,-12.722342,6.101698,3.4757762,9.639699,1.9992218,-103.22523,-49.945267,331.62823,0.0
2a,1,Left Ankle,4237402,1779734212272,0.07,9.79,-0.37,-17.5625,-3.6875,-22.6875,-0.6174927,-0.65844727,-0.2614746,-0.34173584
2a,4,Right Wrist,30240352,1779734212273,2.5548365,1.3231307,-2.0554345,26.605042,33.04111,-7.406272,-155.26146,-46.49516,234.1162,0.0
2a,1,Left Ankle,4237417,1779734212296,0.58,9.23,-0.62,-18.0625,0.3125,-24.3125,-0.6210327,-0.65563965,-0.26281738,-0.33966064
2a,1,Left Ankle,4237442,1779734212297,-0.25,9.22,-0.27,-19.625,-3.5625,-22.5,-0.62457275,-0.65270996,-0.26409912,-0.33789062
2a,2,Right Ankle,1279458,1779734212308,-9.260875,-0.4303729,1.1940185,10.986637,20.94624,7.067619,41.9766,64.605545,253.55873,0.0
2a,3,Left Wrist,4037454,1779734212309,8.1046915,-8.475081,5.82413,-63.024223,21.1197,49.949223,-103.163635,-49.929485,331.55707,0.0
2a,1,Left Ankle,4237457,1779734212331,0.26,9.34,0.23,-21.125,-10.5625,-20.8125,-0.628479,-0.65008545,-0.2642212,-0.3355713
2a,4,Right Wrist,30240412,1779734212331,3.3492534,4.682654,-0.6843473,102.41504,19.11111,-32.046272,-155.28806,-46.533005,234.1665,0.0
2a,1,Left Ankle,4237479,1779734212354,0.41,9.97,0.71,-21.3125,-10.6875,-16.375,-0.63201904,-0.64746094,-0.26428223,-0.33392334
2a,1,Left Ankle,4237498,1779734212356,0.5,9.59,0.7,-19.9375,-9.625,-14.625,-0.63549805,-0.6451416,-0.2637329,-0.3320923
2a,2,Right Ankle,1279519,1779734212367,-9.193876,0.055370096,0.31345975,8.326637,18.846241,1.957619,41.982693,64.67762,253.56372,0.0
2a,3,Left Wrist,4037513,1779734212368,9.054643,-8.33869,2.1272192,-97.674225,38.689697,81.58922,-103.09772,-49.90462,331.46786,0.0
2a,1,Left Ankle,4237522,1779734212388,0.06,9.72,0.66,-18.875,-12.0625,-12.8125,-0.638855,-0.64312744,-0.26293945,-0.33026123
2a,4,Right Wrist,30240472,1779734212389,4.3542395,-1.4046868,0.0957129,77.84504,11.551111,-36.52627,-155.24226,-46.581944,234.1598,0.0
2a,1,Left Ankle,4237540,1779734212416,-0.04,10.02,0.71,-17.75,-15.1875,-9.625,-0.64208984,-0.6414795,-0.26153564,-0.32836914
2a,1,Left Ankle,4237557,1779734212419,0.06,9.95,0.69,-15.625,-11.75,-6.0,-0.6447754,-0.6401367,-0.25994873,-0.32696533
2a,2,Right Ankle,1279579,1779734212423,-9.232161,-0.39926624,0.4642076,1.3266377,15.55624,-2.8723812,41.96388,64.75148,253.54752,0.0
2a,3,Left Wrist,4037574,1779734212428,8.743575,-10.994723,5.142176,-31.174225,3.4096994,133.52922,-103.022415,-49.849064,331.3944,0.0
2a,1,Left Ankle,4237582,1779734212447,-0.08,9.77,0.5,-14.0,-6.625,-1.0,-0.64624023,-0.63848877,-0.25964355,-0.32757568
2a,4,Right Wrist,30240532,1779734212449,4.765805,-3.1825545,-3.1226335,71.33504,-0.9788885,-40.37627,-155.14268,-46.59704,234.11447,0.0
2a,1,Left Ankle,4237618,1779734212479,-0.04,9.94,0.56,-13.3125,-5.25,6.25,-0.65057373,-0.63531494,-0.25872803,-0.3258667
2a,1,Left Ankle,4237598,1779734212479,0.07,9.73,0.66,-12.6875,-4.625,2.3125,-0.6484375,-0.6367798,-0.25952148,-0.32659912
2a,2,Right Ankle,1279639,1779734212485,-9.634155,-0.1336629,0.6029913,10.286638,9.67624,-7.0723815,41.946926,64.82428,253.5291,0.0
2a,3,Left Wrist,4037633,1779734212488,8.937394,-12.040386,0.8327023,-5.5542235,-61.130302,168.66922,-102.96438,-49.74822,331.35345,0.0
2a,1,Left Ankle,4237639,1779734212506,0.44,9.72,0.84,-11.6875,-2.125,9.0,-0.6520996,-0.6340332,-0.2578125,-0.32611084
2a,4,Right Wrist,30240591,1779734212513,2.940081,1.9309072,-2.0386848,-75.73496,35.351112,3.863728,-155.24771,-46.636066,234.16718,0.0
2a,1,Left Ankle,4237658,1779734212539,0.39,9.77,0.99,-11.625,-3.4375,11.5,-0.6530762,-0.6331787,-0.2559204,-0.32733154
2a,2,Right Ankle,1279699,1779734212547,-9.306339,-0.21980451,1.1270194,22.396637,3.30624,-6.512381,41.908066,64.89566,253.48648,0.0
2a,3,Left Wrist,4037694,1779734212548,4.879167,-2.7083788,6.9559355,64.58578,-0.3003006,35.949223,-102.880585,-49.747738,331.30496,0.0
2a,1,Left Ankle,4237683,1779734212568,0.36,9.78,0.94,-10.75,-4.75,12.8125,-0.6535034,-0.6325073,-0.2539673,-0.3291626
2a,1,Left Ankle,4237703,1779734212569,0.47,9.76,0.93,-9.5,-3.3125,14.25,-0.65441895,-0.63183594,-0.2506714,-0.33129883
2a,4,Right Wrist,30240652,1779734212570,2.4854443,1.8304093,-2.3688943,151.76505,25.691113,-52.48627,-155.30615,-46.669537,234.25705,0.0
2a,1,Left Ankle,4237743,1779734212598,0.57,9.67,0.97,-7.75,-2.3125,12.8125,-0.65478516,-0.63134766,-0.24658203,-0.3345337
2a,1,Left Ankle,4237723,1779734212598,0.52,9.67,0.88,-8.125,-1.75,14.75,-0.654541,-0.63153076,-0.24871826,-0.33306885
2a,2,Right Ankle,1279758,1779734212605,-9.203447,-0.80604607,-0.11485548,33.036636,3.30624,-5.8123813,41.898827,64.96727,253.46735,0.0
2a,3,Left Wrist,4037753,1779734212610,7.4035945,-16.57,9.676575,70.74577,-49.5103,76.47922,-102.80327,-49.6988,331.27188,0.0
2a,1,Left Ankle,4237758,1779734212633,0.88,9.63,0.86,-7.75,-2.25,11.0,-0.6549072,-0.63116455,-0.2456665,-0.33520508
2a,4,Right Wrist,30240711,1779734212634,3.0381863,-5.2212396,-4.766503,-30.02496,26.391111,-8.456272,-155.23889,-46.6285,234.1997,0.0
2a,1,Left Ankle,4237782,1779734212655,1.02,10.05,0.8,-7.9375,-2.1875,9.8125,-0.65545654,-0.63098145,-0.24353027,-0.3361206
2a,1,Left Ankle,4237799,1779734212656,0.45,9.56,0.9,-6.125,0.25,7.1875,-0.65563965,-0.63061523,-0.2421875,-0.3373413
2a,2,Right Ankle,1279819,1779734212667,-9.009629,-0.21262605,0.9499506,17.776638,-0.8237598,-2.172381,41.864113,65.03656,253.42993,0.0
2a,3,Left Wrist,4037814,1779734212669,7.4394875,-10.769798,0.7537392,12.645777,-0.020300865,115.049225,-102.72252,-49.61762,331.20795,0.0
2a,1,Left Ankle,4237822,1779734212689,0.84,9.64,0.76,-6.3125,1.875,6.125,-0.65600586,-0.62994385,-0.24157715,-0.33831787
2a,4,Right Wrist,30240772,1779734212690,4.504987,2.538685,-3.227918,-9.09496,18.481112,-3.836272,-155.3288,-46.66364,234.26173,0.0
2a,1,Left Ankle,4237843,1779734212716,0.55,9.29,1.23,-4.75,1.4375,5.75,-0.65631104,-0.62927246,-0.24035645,-0.33984375
2a,1,Left Ankle,4237863,1779734212721,0.18,9.59,1.07,-5.5625,-4.5,5.0625,-0.65631104,-0.62890625,-0.23968506,-0.34100342
2a,2,Right Ankle,1279878,1779734212723,-7.968751,1.1393187,1.5672989,59.846638,-11.95376,-7.0723815,41.85574,65.101654,253.40146,0.0
2a,3,Left Wrist,4037874,1779734212729,5.8626165,-10.33909,7.6067834,-29.144224,-16.680302,101.46922,-102.66396,-49.570198,331.15424,0.0
2a,1,Left Ankle,4237886,1779734212748,0.23,9.86,1.15,-3.9375,-3.6875,8.875,-0.6563721,-0.6289673,-0.2388916,-0.34136963
2a,4,Right Wrist,30240832,1779734212750,3.492823,-4.1779685,-3.6801612,-39.26496,12.881111,-14.966272,-155.25597,-46.634403,234.20078,0.0
2a,1,Left Ankle,4237903,1779734212781,0.54,9.84,1.14,-1.8125,-0.5625,12.4375,-0.65563965,-0.62945557,-0.23657227,-0.34344482
2a,1,Left Ankle,4237918,1779734212781,0.79,9.79,1.01,-1.125,-1.6875,15.0625,-0.6553345,-0.6296997,-0.2355957,-0.34417725
2a,2,Right Ankle,1279939,1779734212784,-8.164962,1.0316417,2.0889342,134.04665,-20.21376,-15.822382,41.81293,65.166534,253.31647,0.0
2a,3,Left Wrist,4037934,1779734212789,6.228719,-11.966209,6.34098,24.685776,18.739698,104.75922,-102.57146,-49.517193,331.08105,0.0
2a,1,Left Ankle,4237944,1779734212807,1.0,9.75,1.07,0.5,-5.0,15.5,-0.65423584,-0.6311035,-0.23242188,-0.34594727
2a,4,Right Wrist,30240892,1779734212816,1.6599208,-8.458728,-3.4360933,-211.11496,55.44111,19.123728,-155.2409,-46.61915,234.12653,0.0
2a,1,Left Ankle,4237962,1779734212840,1.26,9.64,1.3,1.4375,-5.4375,14.625,-0.6538696,-0.6315918,-0.23138428,-0.34643555
2a,2,Right Ankle,1279999,1779734212848,-8.791882,-7.982121,-4.6971107,120.60664,-7.0537596,-40.60238,41.786343,65.24766,253.249,0.0
2a,3,Left Wrist,4037994,1779734212849,3.187441,-9.018251,3.9673002,304.3358,-51.6103,92.57922,-102.41484,-49.453953,331.04968,0.0
2a,1,Left Ankle,4237989,1779734212867,0.81,9.66,0.8,-0.3125,-9.6875,12.25,-0.65301514,-0.6331177,-0.22814941,-0.34729004
2a,1,Left Ankle,4238007,1779734212875,0.63,9.61,0.75,-2.375,-9.75,11.5625,-0.6529541,-0.63397217,-0.22558594,-0.34753418
2a,4,Right Wrist,30240952,1779734212876,6.019644,-4.5727844,2.07697,-216.36496,54.81111,31.373728,-155.25235,-46.65732,234.06758,0.0
2a,1,Left Ankle,4238023,1779734212899,0.84,9.7,0.74,-2.5,-7.25,11.375,-0.65270996,-0.6345215,-0.22363281,-0.34832764
2a,2,Right Ankle,1280059,1779734212907,-9.452301,-1.8349597,1.5720845,-78.75336,-14.96376,-6.2323813,41.65436,65.309814,253.15195,0.0
2a,3,Left Wrist,4038053,1779734212910,3.015158,-9.061323,6.5347986,139.55577,-46.2903,100.769226,-102.31342,-49.398098,331.01505,0.0
2a,1,Left Ankle,4238065,1779734212932,1.46,9.79,1.28,1.25,0.8125,8.625,-0.65130615,-0.63513184,-0.2218628,-0.3508911
2a,1,Left Ankle,4238050,1779734212932,1.27,9.66,1.18,-1.0625,-3.0,10.75,-0.6522827,-0.63494873,-0.22216797,-0.34924316
2a,4,Right Wrist,30241011,1779734212934,4.8734818,-0.42602235,3.129812,0.2150402,68.181114,135.11372,-155.18086,-46.69196,233.97935,0.0
2a,1,Left Ankle,4238085,1779734212957,1.43,9.5,1.39,4.5625,4.625,6.375,-0.6503906,-0.6356201,-0.22180176,-0.35186768
2a,1,Left Ankle,4238105,1779734212959,1.42,9.4,1.06,6.625,8.125,4.25,-0.6491699,-0.63604736,-0.22247314,-0.3529663
2a,2,Right Ankle,1280119,1779734212966,-8.983308,-1.7153187,5.091926,17.706638,-4.3237596,-18.622381,41.49978,65.33056,253.00342,0.0
2a,3,Left Wrist,4038114,1779734212969,9.509278,-3.6942217,8.535198,28.955776,66.0597,87.049225,-102.21195,-49.393055,330.9268,0.0
2a,1,Left Ankle,4238127,1779734212991,1.24,9.62,0.86,6.875,10.625,2.75,-0.64782715,-0.63635254,-0.22363281,-0.35412598
2a,4,Right Wrist,30241072,1779734212991,7.6108704,4.5366917,5.958128,20.02504,132.44112,90.873726,-155.12971,-46.75235,233.91415,0.0
2a,1,Left Ankle,4238151,1779734213016,1.56,9.49,1.04,6.25,11.5,0.75,-0.64660645,-0.6364136,-0.22515869,-0.35528564
2a,2,Right Ankle,1280179,1779734213024,-8.978521,-2.1914904,-0.10289137,-9.733362,-5.9337597,-9.452381,41.436222,65.401535,252.94713,0.0
2a,3,Left Wrist,4038173,1779734213030,5.0610213,-6.4746814,7.549355,-211.00423,14.259699,91.24922,-102.208336,-49.361553,330.86053,0.0
2a,1,Left Ankle,4238166,1779734213049,1.09,9.7,0.96,5.25,6.6875,0.625,-0.64593506,-0.6365967,-0.22613525,-0.3555298
2a,1,Left Ankle,4238190,1779734213049,1.08,9.7,0.91,5.1875,7.0625,1.4375,-0.64508057,-0.6367798,-0.22705078,-0.35620117
2a,4,Right Wrist,30241131,1779734213079,7.9362946,0.40907297,5.721239,-58.58496,150.3611,10.233728,-155.11284,-46.831047,233.86958,0.0
2a,1,Left Ankle,4238207,1779734213079,1.4,9.65,0.96,6.375,10.25,2.875,-0.64385986,-0.6369629,-0.22821045,-0.3572998
2a,2,Right Ankle,1280239,1779734213084,-9.064663,-2.2848105,1.3495519,-12.883362,-9.85376,-3.222381,41.32936,65.463974,252.85272,0.0
2a,3,Left Wrist,4038234,1779734213089,2.9457664,-5.943475,5.9748783,-215.20422,24.4797,76.19922,-102.20439,-49.32851,330.7914,0.0
2a,1,Left Ankle,4238227,1779734213109,1.45,9.6,1.02,6.5,8.4375,3.875,-0.64263916,-0.63708496,-0.22943115,-0.35845947
2a,1,Left Ankle,4238253,1779734213109,1.5,9.59,0.88,5.375,4.5625,3.6875,-0.6412964,-0.63757324,-0.23028564,-0.35943604
2a,4,Right Wrist,30241192,1779734213140,7.263911,-0.90697986,5.352744,-123.40496,97.791115,-28.756271,-155.1332,-46.897636,233.84941,0.0
2a,1,Left Ankle,4238267,1779734213140,1.22,9.59,0.81,5.5,3.9375,4.0,-0.6412964,-0.63793945,-0.22998047,-0.3590088
2a,3,Left Wrist,4038293,1779734213148,3.8167539,-9.791134,0.6269195,-254.47423,-15.770301,67.72922,-102.245476,-49.249508,330.7554,0.0
2a,1,Left Ankle,4238293,1779734213167,1.38,9.5,0.88,5.4375,3.25,4.0,-0.6403198,-0.6383667,-0.23065186,-0.3595581
2a,1,Left Ankle,4238307,1779734213173,1.51,9.32,1.19,5.5,-4.0625,1.5625,-0.6402588,-0.63861084,-0.23059082,-0.35925293
2a,2,Right Ankle,1280298,1779734213174,-9.256089,-1.8421383,1.4763715,-3.5033622,-5.23376,1.887619,41.233063,65.526855,252.7659,0.0
2a,1,Left Ankle,4238332,1779734213211,1.16,9.47,0.55,4.8125,-18.5,-3.5,-0.64086914,-0.64068604,-0.22912598,-0.35546875
2a,3,Left Wrist,4038354,1779734213212,5.044272,-9.137893,2.9431717,-460.55423,-39.2203,16.069221,-102.35314,-49.21377,330.72305,0.0
2a,1,Left Ankle,4238351,1779734213227,1.41,9.46,0.96,4.8125,-15.1875,-7.0,-0.6411133,-0.64123535,-0.2288208,-0.354187
2a,1,Left Ankle,4238369,1779734213228,1.04,9.86,0.63,4.0625,-7.0,-6.6875,-0.64141846,-0.6420288,-0.2288208,-0.35217285
2a,4,Right Wrist,30241282,1779734213229,6.2900324,1.1747756,7.666604,-142.65497,25.761112,-88.25628,-155.19983,-46.946762,233.87822,0.0
2a,2,Right Ankle,1280359,1779734213234,-9.177126,-2.0981703,1.2131611,-0.9833622,0.08624017,15.817619,41.15259,65.58895,252.6947,0.0
2a,1,Left Ankle,4238393,1779734213257,1.6,9.65,0.87,5.625,0.4375,-9.6875,-0.6415405,-0.642395,-0.23040771,-0.35021973
2a,3,Left Wrist,4038414,1779734213267,6.475179,-2.1412797,-1.1892328,-18.434223,15.029699,-57.080776,-102.390396,-49.30667,330.74585,0.0
2a,1,Left Ankle,4238414,1779734213290,1.86,9.68,0.98,6.4375,1.25,-12.625,-0.6415405,-0.6425781,-0.23205566,-0.34881592
2a,4,Right Wrist,30241341,1779734213290,3.3923242,-0.15802667,6.0921264,-80.84496,-20.228888,-131.09628,-155.26073,-46.98356,233.9325,0.0
2a,2,Right Ankle,1280449,1779734213292,-9.143627,-1.0572925,0.9690932,-4.973362,1.8362402,16.447618,41.09772,65.654175,252.64824,0.0
2a,1,Left Ankle,4238436,1779734213315,1.8,9.62,0.89,6.4375,1.25,-12.625,-0.6415405,-0.64263916,-0.23297119,-0.34802246
2a,1,Left Ankle,4238454,1779734213316,1.5,9.62,0.66,5.1875,0.75,-11.875,-0.6415405,-0.64282227,-0.2355957,-0.3460083
2a,3,Left Wrist,4038474,1779734213328,10.339588,-12.660129,2.7158537,110.99577,38.619698,-114.90077,-102.27214,-49.32897,330.68256,0.0
2a,1,Left Ankle,4238469,1779734213347,0.65,9.73,0.6,4.875,0.75,-9.375,-0.6414795,-0.6428833,-0.23638916,-0.34552002
2a,4,Right Wrist,30241432,1779734213349,-0.28783685,-0.17477614,5.563313,112.42504,-87.07889,-177.57628,-155.28073,-46.995846,234.02295,0.0
2a,2,Right Ankle,1280508,1779734213358,-9.244125,-1.3922876,0.97866446,-8.263362,-4.9537597,10.357618,41.027775,65.718636,252.58778,0.0
2a,1,Left Ankle,4238495,1779734213383,0.58,9.58,0.49,4.75,1.1875,-9.375,-0.6414795,-0.6430054,-0.23828125,-0.3439331
2a,1,Left Ankle,4238509,1779734213383,0.59,9.58,0.49,3.25,-1.125,-7.125,-0.6415405,-0.6430664,-0.2387085,-0.34344482
2a,3,Left Wrist,4038534,1779734213389,8.181262,-12.387346,2.1272192,-160.67422,110.579704,-94.67078,-102.223946,-49.336216,330.58344,0.0
2a,1,Left Ankle,4238534,1779734213407,1.09,9.56,0.55,2.9375,-3.0,-7.375,-0.6419678,-0.6434326,-0.23950195,-0.34136963
2a,1,Left Ankle,4238555,1779734213407,1.14,9.56,0.62,1.8125,-6.3125,-8.0625,-0.64245605,-0.6436157,-0.23986816,-0.3397827
2a,4,Right Wrist,30241492,1779734213410,-2.202095,-1.2778678,6.34098,185.15504,-120.25889,-143.97627,-155.26549,-46.986347,234.10223,0.0
2a,2,Right Ankle,1280569,1779734213418,-9.193876,-1.3635737,1.2849457,1.8866382,0.64624023,14.347618,40.95516,65.78218,252.5226,0.0
2a,1,Left Ankle,4238575,1779734213441,0.97,9.63,0.58,1.0625,-7.4375,-9.3125,-0.6434326,-0.64404297,-0.23956299,-0.33746338
2a,3,Left Wrist,4038593,1779734213449,6.0349007,-12.870696,-3.8548372,5.0157766,145.08969,-51.480778,-102.18818,-49.290062,330.52786,0.0
2a,1,Left Ankle,4238600,1779734213466,0.59,9.65,0.53,1.5,-6.0625,-8.75,-0.644104,-0.64416504,-0.2399292,-0.33563232
2a,4,Right Wrist,30241551,1779734213474,-5.3103714,-2.9528432,4.618148,234.36504,-82.248886,-112.33627,-155.21281,-46.97197,234.1561,0.0
2a,2,Right Ankle,1280628,1779734213474,-9.184305,-1.387502,0.9619147,-1.7533622,0.71624017,19.31762,40.89529,65.84604,252.47069,0.0
2a,1,Left Ankle,4238618,1779734213500,0.69,9.55,0.72,2.125,-3.9375,-8.9375,-0.64453125,-0.6442261,-0.24066162,-0.33416748
2a,1,Left Ankle,4238642,1779734213500,0.45,9.39,0.63,2.0,-2.8125,-9.625,-0.6449585,-0.6442261,-0.24145508,-0.33270264
2a,3,Left Wrist,4038654,1779734213509,7.4107733,-13.007087,-5.5130634,-34.53422,114.9197,-8.92078,-102.201935,-49.236343,330.504,0.0
2a,1,Left Ankle,4238663,1779734213526,0.71,9.58,0.55,2.0,-0.5,-9.625,-0.6456909,-0.6436157,-0.24383545,-0.33068848
2a,2,Right Ankle,1280689,1779734213533,-9.347016,-0.6050489,0.8470592,-0.49336195,1.6262403,14.277618,40.856987,65.91206,252.43759,0.0
2a,4,Right Wrist,30241612,1779734213533,-8.107581,-3.9362931,1.969293,143.29504,-5.038888,-84.75628,-155.17198,-46.96564,234.18169,0.0
2a,1,Left Ankle,4238682,1779734213556,0.55,9.67,0.52,2.0,1.4375,-10.375,-0.6459961,-0.6433716,-0.24481201,-0.32995605
2a,3,Left Wrist,4038713,1779734213568,10.373088,-12.633806,-7.9274216,-74.43423,109.3197,23.20922,-102.259315,-49.19855,330.50232,0.0
2a,1,Left Ankle,4238706,1779734213587,0.7,9.74,0.57,3.5625,1.5,-12.5625,-0.6466675,-0.64276123,-0.24761963,-0.3277588
2a,1,Left Ankle,4238723,1779734213589,1.01,9.67,0.8,4.4375,1.0625,-13.625,-0.64697266,-0.64263916,-0.24938965,-0.32598877
2a,4,Right Wrist,30241671,1779734213590,-7.528518,-3.6060839,0.17706887,44.59504,28.491112,-86.01627,-155.16217,-46.963604,234.20166,0.0
2a,2,Right Ankle,1280749,1779734213594,-9.284803,-0.61222744,0.8733803,-3.153362,-0.8237598,1.887619,40.807354,65.98017,252.39339,0.0
2a,1,Left Ankle,4238745,1779734213618,1.2,9.93,0.54,3.75,-0.375,-14.875,-0.64733887,-0.64245605,-0.25115967,-0.32421875
2a,1,Left Ankle,4238764,1779734213628,0.31,9.71,0.47,3.75,-1.5,-12.75,-0.64764404,-0.642334,-0.25280762,-0.32269287
2a,3,Left Wrist,4038774,1779734213637,12.153348,-11.987744,-4.9316072,-97.814224,52.829697,83.12923,-102.338005,-49.13824,330.52023,0.0
2a,4,Right Wrist,30241732,1779734213652,-7.0571322,-0.80169576,0.7800602,-17.354961,24.711113,-52.34627,-155.17575,-46.96038,234.216,0.0
2a,1,Left Ankle,4238789,1779734213651,0.24,9.68,0.51,2.5625,-3.1875,-10.3125,-0.64801025,-0.642334,-0.25378418,-0.32104492
2a,2,Right Ankle,1280809,1779734213660,-9.153198,-1.3109317,0.74416786,-2.033362,-4.3937597,-1.9623809,40.740517,66.04817,252.33235,0.0
2a,1,Left Ankle,4238807,1779734213676,0.29,9.84,0.51,2.0,-3.0,-7.875,-0.64837646,-0.642334,-0.2545166,-0.3196411
2a,3,Left Wrist,4038833,1779734213691,11.098113,-9.685849,-4.1922255,-47.974224,7.259699,73.39922,-102.42791,-49.098476,330.57034,0.0
2a,1,Left Ankle,4238834,1779734213706,0.35,9.59,0.57,2.0625,-2.5,-8.0,-0.6489258,-0.64227295,-0.25531006,-0.3182373
2a,2,Right Ankle,1280869,1779734213718,-9.234554,-0.76058245,1.0001999,-7.493362,-3.9737597,-5.602381,40.673286,66.11685,252.27231,0.0
2a,1,Left Ankle,4238858,1779734213736,0.4,9.69,0.41,1.5,-3.3125,-7.3125,-0.64971924,-0.6420288,-0.2565918,-0.315979
2a,1,Left Ankle,4238875,1779734213736,0.23,9.7,0.47,1.4375,-1.625,-7.3125,-0.6500244,-0.6416626,-0.25793457,-0.3149414
2a,4,Right Wrist,30241791,1779734213739,-2.963013,5.1372905,4.3836513,164.71504,113.12112,-74.46628,-155.13933,-47.01526,234.23622,0.0
2a,1,Left Ankle,4238893,1779734213768,0.39,9.76,0.34,2.75,5.5625,-7.375,-0.6500244,-0.6413574,-0.25952148,-0.31433105
2a,2,Right Ankle,1280928,1779734213773,-9.244125,-1.2582896,1.0408778,-3.5033622,-1.9437598,-7.632381,40.59378,66.18587,252.1997,0.0
2a,3,Left Wrist,4038894,1779734213778,10.947366,-9.953846,-4.5726843,-69.534225,4.2496996,67.72922,-102.52533,-49.0547,330.62134,0.0
2a,1,Left Ankle,4238916,1779734213801,0.77,9.89,0.47,2.1875,7.375,-7.1875,-0.6499634,-0.6409302,-0.26104736,-0.31396484
2a,1,Left Ankle,4238934,1779734213801,0.0,9.91,0.49,1.25,6.3125,-5.875,-0.64990234,-0.6404419,-0.26263428,-0.31384277
2a,1,Left Ankle,4238955,1779734213826,0.23,9.94,0.52,1.0,7.25,-2.9375,-0.6496582,-0.64001465,-0.26385498,-0.31414795
2a,1,Left Ankle,4238974,1779734213827,0.37,9.91,0.51,1.4375,9.0,-1.75,-0.64941406,-0.6395874,-0.26501465,-0.3145752
2a,2,Right Ankle,1280989,1779734213835,-9.131663,-1.3731451,1.2203395,-5.463362,-1.4537598,-2.032381,40.506752,66.25254,252.12146,0.0
2a,3,Left Wrist,4038954,1779734213839,11.344574,-8.757435,-4.7282176,-43.354225,0.049699306,70.17922,-102.62159,-49.035023,330.67914,0.0
2a,1,Left Ankle,4238994,1779734213859,0.34,9.95,0.26,1.25,8.0,-1.4375,-0.64904785,-0.63916016,-0.26623535,-0.31518555
2a,1,Left Ankle,4239015,1779734213886,0.15,9.63,0.45,-0.75,4.5625,-0.6875,-0.64904785,-0.638916,-0.26660156,-0.31530762
2a,2,Right Ankle,1281048,1779734213894,-9.210626,-1.2032546,1.1078769,-16.453362,-2.5037599,6.157619,40.428257,66.31797,252.05528,0.0
2a,3,Left Wrist,4039043,1779734213898,10.435301,-8.398511,-4.9507504,32.175777,-13.9503,40.079224,-102.69951,-49.017155,330.74756,0.0
2a,1,Left Ankle,4239038,1779734213918,0.17,9.65,0.54,-1.1875,2.125,0.0,-0.64904785,-0.6386719,-0.2668457,-0.31567383
2a,1,Left Ankle,4239057,1779734213918,-0.02,9.72,0.41,-1.4375,2.375,1.1875,-0.649353,-0.63812256,-0.26739502,-0.3156128
2a,1,Left Ankle,4239077,1779734213951,0.34,9.65,0.46,-1.8125,2.0,1.875,-0.6494751,-0.63775635,-0.26763916,-0.31585693
2a,3,Left Wrist,4039104,1779734213959,10.95215,-9.937096,-4.5559344,13.205776,-20.320301,33.77922,-102.78039,-48.98322,330.8149,0.0
2a,1,Left Ankle,4239103,1779734213976,0.23,9.77,0.48,-2.125,0.3125,2.0,-0.6497803,-0.63739014,-0.26745605,-0.31622314
2a,1,Left Ankle,4239118,1779734213985,0.41,9.8,0.51,-1.75,0.5,1.75,-0.6498413,-0.63720703,-0.26745605,-0.3164673
2a,4,Right Wrist,30241956,1779734213985,-2.2810583,-6.223832,-4.5080776,-103.66496,30.311111,-47.37627,-155.15295,-46.95904,234.28876,0.0
2a,2,Right Ankle,1281109,1779734213986,-9.181912,-1.0525068,1.026521,-9.313362,-0.9637598,4.617619,40.358154,66.38461,251.99445,0.0
2a,1,Left Ankle,4239143,1779734214009,0.42,9.75,0.58,-1.5,0.5625,1.25,-0.6499634,-0.63708496,-0.26727295,-0.3166504
2a,3,Left Wrist,4039164,1779734214018,10.243875,-9.850955,-4.886144,13.975777,-22.5603,36.089222,-102.85972,-48.942383,330.88165,0.0
2a,1,Left Ankle,4239184,1779734214042,0.37,9.63,0.48,-2.75,-0.375,-1.25,-0.65075684,-0.6364746,-0.2670288,-0.3164673
2a,1,Left Ankle,4239162,1779734214042,0.53,9.68,0.45,-1.5625,1.25,-0.25,-0.65008545,-0.6367798,-0.26727295,-0.3168335
2a,2,Right Ankle,1281168,1779734214043,-9.20584,-1.0788279,1.0743773,-3.923362,-0.75375986,1.817619,40.285564,66.45168,251.92929,0.0
2a,1,Left Ankle,4239204,1779734214066,0.23,9.68,0.49,-2.8125,0.75,-1.5625,-0.6511841,-0.6359863,-0.2672119,-0.3163452
2a,3,Left Wrist,4039224,1779734214079,9.975879,-10.233806,-4.5224347,30.145777,-13.8803005,35.80922,-102.92262,-48.89112,330.93826,0.0
2a,1,Left Ankle,4239225,1779734214098,0.1,9.71,0.5,-2.8125,1.375,-1.0625,-0.65179443,-0.6356201,-0.26715088,-0.315979
2a,4,Right Wrist,30242182,1779734214100,-4.0110693,-1.2826532,-3.5988052,151.69504,13.441112,-15.456272,-155.0847,-46.822773,234.26115,0.0
2a,1,Left Ankle,4239250,1779734214126,0.22,9.74,0.52,-3.375,1.375,-0.3125,-0.6522217,-0.63500977,-0.26739502,-0.315979
2a,1,Left Ankle,4239264,1779734214128,0.51,9.78,0.51,-3.9375,0.5625,0.0625,-0.6531372,-0.63494873,-0.26635742,-0.3151245
2a,3,Left Wrist,4039284,1779734214144,10.200805,-10.824834,-4.2017965,-1.2142235,-4.290301,42.59922,-102.98314,-48.82855,330.9823,0.0
2a,4,Right Wrist,30242242,1779734214161,-2.7883365,-9.004292,-1.2777673,29.47504,21.421112,5.963728,-155.01593,-46.802364,234.21507,0.0
2a,1,Left Ankle,4239285,1779734214161,0.27,9.8,0.57,-3.875,0.625,0.625,-0.6536255,-0.6343994,-0.26623535,-0.31530762
2a,1,Left Ankle,4239305,1779734214161,0.19,9.75,0.54,-3.4375,0.9375,1.25,-0.6539917,-0.63397217,-0.26617432,-0.31555176
2a,1,Left Ankle,4239328,1779734214186,0.34,9.69,0.62,-3.875,-0.8125,1.75,-0.6543579,-0.6335449,-0.26586914,-0.31585693
2a,2,Right Ankle,1281258,1779734214196,-9.124484,-1.0883992,1.0576277,-3.7833622,-1.6637598,-1.4723811,40.210056,66.51923,251.86095,0.0
2a,3,Left Wrist,4039343,1779734214201,10.40898,-11.463716,-5.302495,-84.65423,0.60969925,44.20922,-103.0768,-48.770905,331.0281,0.0
2a,1,Left Ankle,4239345,1779734214216,0.35,9.65,0.59,-3.625,-0.8125,1.5,-0.6548462,-0.6331787,-0.26550293,-0.315979
2a,4,Right Wrist,30242301,1779734214219,-3.197509,-9.41825,-1.8592231,-26.804958,31.991112,105.36372,-154.93254,-46.76774,234.1214,0.0
2a,1,Left Ankle,4239369,1779734214250,0.35,9.72,0.66,-3.3125,-1.0625,1.0625,-0.6552124,-0.6328125,-0.26513672,-0.31610107
2a,1,Left Ankle,4239385,1779734214250,0.52,9.73,0.72,-3.0625,-2.0625,-0.5,-0.6557007,-0.6325073,-0.2647705,-0.31604004
2a,3,Left Wrist,4039404,1779734214257,10.050056,-8.125729,-5.678168,-60.994225,-0.3003006,61.56922,-103.18055,-48.745293,331.08698,0.0
2a,1,Left Ankle,4239406,1779734214277,0.59,9.76,0.73,-2.9375,-2.125,-2.25,-0.65625,-0.63220215,-0.26452637,-0.3157959
2a,2,Right Ankle,1281422,1779734214284,-9.098163,-1.3731451,1.0576277,-3.363362,2.8162403,1.047619,40.0543,66.65473,251.72061,0.0
2a,1,Left Ankle,4239426,1779734214308,0.4,9.71,0.71,-2.375,-1.375,-4.25,-0.6575928,-0.6324463,-0.2630005,-0.31365967
2a,1,Left Ankle,4239451,1779734214308,0.38,9.75,0.75,-1.8125,-0.75,-4.6875,-0.6581421,-0.63201904,-0.26330566,-0.31311035
2a,3,Left Wrist,4039463,1779734214318,10.126627,-8.037195,-5.7547383,28.115776,0.8196993,54.49922,-103.25377,-48.723835,331.14636,0.0
2a,1,Left Ankle,4239466,1779734214335,0.3,9.83,0.63,-1.75,-0.375,-4.8125,-0.6586304,-0.6315918,-0.2637329,-0.31262207
2a,4,Right Wrist,30242362,1779734214342,-3.2453656,-6.4367933,-2.7708886,-14.83496,105.91111,167.31372,-154.81985,-46.736454,233.98857,0.0
2a,1,Left Ankle,4239493,1779734214366,0.2,9.85,0.6,-1.25,0.9375,-3.875,-0.6592407,-0.6309204,-0.26452637,-0.31201172
2a,1,Left Ankle,4239510,1779734214366,0.07,9.8,0.73,-1.1875,1.125,-2.1875,-0.6593628,-0.6307373,-0.2647705,-0.31195068
2a,3,Left Wrist,4039524,1779734214378,10.325231,-9.300605,-5.048856,26.155777,-0.7203007,46.93922,-103.323326,-48.690895,331.20316,0.0
2a,1,Left Ankle,4239526,1779734214395,0.17,9.76,0.75,-0.8125,1.5,-0.6875,-0.65960693,-0.6303711,-0.26519775,-0.3118286
2a,2,Right Ankle,1281468,1779734214402,-9.174733,-1.3563954,0.81595254,-4.273362,1.4162402,3.707619,39.986137,66.72234,251.6599,0.0
2a,1,Left Ankle,4239552,1779734214426,0.17,9.73,0.71,-1.125,0.8125,0.375,-0.65979004,-0.6300659,-0.26538086,-0.3118286
2a,1,Left Ankle,4239569,1779734214426,0.25,9.69,0.61,-1.125,0.125,1.0,-0.65997314,-0.62994385,-0.26531982,-0.3118286
2a,4,Right Wrist,30242525,1779734214430,-1.0918252,-0.37816638,-7.3698936,36.61504,51.31111,12.263728,-154.8691,-46.649776,233.97183,0.0
2a,3,Left Wrist,4039583,1779734214439,10.6841545,-10.051951,-5.0081778,-13.394223,2.0796995,38.259224,-103.40299,-48.65425,331.25696,0.0
2a,1,Left Ankle,4239592,1779734214459,0.07,9.65,0.67,-1.4375,-0.8125,1.75,-0.66015625,-0.62976074,-0.26519775,-0.31188965
2a,2,Right Ankle,1281663,1779734214468,-9.236947,-1.2271829,0.8303095,-4.133362,-0.26375985,-1.8923812,39.843277,66.85787,251.53119,0.0
2a,1,Left Ankle,4239612,1779734214485,0.15,9.79,0.7,-1.0625,-0.375,2.25,-0.6602783,-0.6296387,-0.26507568,-0.31201172
2a,1,Left Ankle,4239627,1779734214486,0.28,9.79,0.76,-0.75,0.4375,2.3125,-0.6608887,-0.6300049,-0.2637329,-0.3110962
2a,4,Right Wrist,30242543,1779734214492,-0.7424732,-1.6463621,-6.5204415,8.89504,48.58111,7.013728,-154.8817,-46.59079,233.97678,0.0
2a,3,Left Wrist,4039644,1779734214498,10.906688,-9.164214,-5.2833524,-3.2442236,-0.6503005,47.219223,-103.48554,-48.630524,331.3157,0.0
2a,1,Left Ankle,4239652,1779734214518,0.35,9.68,0.73,-0.75,0.8125,2.0,-0.66082764,-0.62994385,-0.26361084,-0.31140137
2a,2,Right Ankle,1281682,1779734214525,-9.172341,-1.2415398,0.91405827,-4.973362,-0.1937598,-2.1023812,39.76803,66.926,251.46332,0.0
2a,1,Left Ankle,4239667,1779734214545,0.37,9.72,0.79,-0.625,-0.5,1.5,-0.66082764,-0.62994385,-0.2633667,-0.3116455
2a,1,Left Ankle,4239692,1779734214550,0.26,9.72,0.81,-0.625,-0.4375,1.0,-0.6609497,-0.6298828,-0.2631836,-0.31170654
2a,3,Left Wrist,4039704,1779734214557,10.490336,-9.654742,-5.249853,8.725777,-5.2003007,49.24922,-103.56153,-48.59385,331.37354,0.0
2a,1,Left Ankle,4239707,1779734214576,0.37,9.73,0.68,0.3125,0.75,0.1875,-0.6609497,-0.6298218,-0.26324463,-0.31176758
2a,4,Right Wrist,30242631,1779734214579,-0.62522495,-5.948657,-6.0011992,170.45503,64.611115,2.743728,-154.76872,-46.546898,233.9308,0.0
2a,2,Right Ankle,1281739,1779734214586,-9.280018,-1.3109317,0.99302137,-5.183362,0.2962402,-2.242381,39.68852,66.99394,251.3916,0.0
2a,1,Left Ankle,4239729,1779734214617,0.27,9.64,0.71,0.625,0.8125,-0.75,-0.6608887,-0.62976074,-0.26342773,-0.31176758
2a,1,Left Ankle,4239752,1779734214618,0.29,9.69,0.72,0.125,0.3125,-0.9375,-0.66101074,-0.6296997,-0.2635498,-0.3116455
2a,3,Left Wrist,4039763,1779734214623,10.794225,-8.580365,-5.209175,7.3957767,-9.400301,48.829224,-103.644966,-48.575863,331.4375,0.0
2a,1,Left Ankle,4239767,1779734214636,0.17,9.8,0.7,0.25,1.375,-0.5,-0.66101074,-0.62957764,-0.26379395,-0.3116455
2a,2,Right Ankle,1281798,1779734214644,-9.210626,-1.4616796,0.8757731,-4.9033623,-1.3137599,1.677619,39.61114,67.06071,251.32199,0.0
2a,1,Left Ankle,4239790,1779734214667,0.15,9.69,0.62,-0.125,2.0625,-0.0625,-0.66101074,-0.62939453,-0.26416016,-0.31176758
2a,1,Left Ankle,4239812,1779734214668,0.17,9.72,0.7,-0.5,1.375,0.6875,-0.6609497,-0.62927246,-0.2644043,-0.31188965
2a,4,Right Wrist,30242692,1779734214670,2.399303,-5.3073807,-7.075577,-91.97496,74.41111,16.253727,-154.7443,-46.4974,233.87862,0.0
2a,1,Left Ankle,4239827,1779734214696,0.18,9.68,0.74,-0.625,1.1875,1.375,-0.661499,-0.6295166,-0.2635498,-0.31097412
2a,2,Right Ankle,1281859,1779734214703,-9.193876,-1.3540025,1.1174482,-7.143362,-0.47375977,3.077619,39.5265,67.12649,251.24661,0.0
2a,3,Left Wrist,4039824,1779734214709,11.004792,-9.219249,-4.922036,41.135777,-16.1203,43.22922,-103.71772,-48.553215,331.50406,0.0
2a,1,Left Ankle,4239871,1779734214729,0.31,9.72,0.64,-0.6875,1.0625,1.625,-0.66137695,-0.6293335,-0.2635498,-0.31158447
2a,1,Left Ankle,4239853,1779734214730,0.35,9.73,0.71,-0.5625,1.6875,1.5,-0.66137695,-0.6293335,-0.26361084,-0.3114624
2a,4,Right Wrist,30242782,1779734214736,2.3083758,-1.2347966,-5.656633,183.61504,31.361113,-32.956272,-154.73328,-46.449677,233.92107,0.0
2a,1,Left Ankle,4239888,1779734214760,0.32,9.72,0.73,-0.9375,0.0625,1.1875,-0.66137695,-0.6292114,-0.26342773,-0.31176758
2a,2,Right Ankle,1281918,1779734214764,-9.114913,-1.4640723,0.91405827,-6.093362,-0.33375978,3.987619,39.447647,67.1927,251.17628,0.0
2a,3,Left Wrist,4039883,1779734214769,11.100506,-8.408082,-4.706682,36.725777,-18.500301,37.90922,-103.795296,-48.547466,331.5739,0.0
2a,1,Left Ankle,4239908,1779734214788,0.45,9.8,0.82,-0.25,0.9375,0.625,-0.66137695,-0.6292114,-0.26342773,-0.31195068
2a,1,Left Ankle,4239928,1779734214797,0.43,9.67,0.78,0.125,1.5625,-0.25,-0.6613159,-0.62908936,-0.2635498,-0.3121338
2a,4,Right Wrist,30242872,1779734214797,0.16679938,-5.068098,-12.117253,-73.564964,-36.25889,-1.2462718,-154.77187,-46.362923,233.93439,0.0
2a,1,Left Ankle,4239953,1779734214818,0.31,9.75,0.68,-0.125,0.25,-0.5,-0.6613159,-0.6290283,-0.26361084,-0.3121338
2a,3,Left Wrist,4039974,1779734214830,11.559928,-7.348062,-5.2283177,117.29578,-55.1103,29.299221,-103.85988,-48.556675,331.66373,0.0
2a,2,Right Ankle,1281979,1779734214831,-9.397266,-1.1649694,0.8877372,-6.933362,-0.9637598,3.5676188,39.377502,67.25944,251.11412,0.0
2a,1,Left Ankle,4239993,1779734214853,0.12,9.71,0.68,-0.625,1.125,1.1875,-0.661499,-0.6287842,-0.26379395,-0.31225586
2a,4,Right Wrist,30242932,1779734214854,2.0260227,-1.605684,-8.922835,-27.714958,-59.288887,-0.05627203,-154.83644,-46.277885,233.9802,0.0
2a,1,Left Ankle,4239972,1779734214853,0.16,9.7,0.68,-0.6875,-0.5625,-0.25,-0.66137695,-0.6289673,-0.26367188,-0.3121338
2a,1,Left Ankle,4240008,1779734214876,0.14,9.75,0.65,-1.25,1.75,2.25,-0.661499,-0.6286621,-0.26385498,-0.31243896
2a,2,Right Ankle,1282039,1779734214887,-9.14602,-1.3755379,0.7848458,-5.5333624,-1.4537598,2.867619,39.30408,67.32614,251.04836,0.0
2a,3,Left Wrist,4040034,1779734214889,10.576477,-7.7045927,-6.415158,279.5558,-137.2203,22.36922,-103.902725,-48.540855,331.7985,0.0
2a,1,Left Ankle,4240034,1779734214908,0.26,9.78,0.73,-1.5,2.0625,3.3125,-0.661438,-0.628479,-0.26379395,-0.31292725
2a,1,Left Ankle,4240055,1779734214937,0.3,9.75,0.78,-1.125,2.875,3.9375,-0.6613159,-0.6282959,-0.2637329,-0.31365967
2a,1,Left Ankle,4240069,1779734214939,0.35,9.72,0.82,-0.625,2.5625,4.4375,-0.6610718,-0.6281738,-0.2635498,-0.31445312
2a,3,Left Wrist,4040093,1779734214949,10.868402,-19.659134,0.6939185,404.78577,-207.43031,48.899223,-103.778786,-48.4576,331.85544,0.0
2a,4,Right Wrist,30242992,1779734214972,1.1406783,-2.2565322,-8.145168,-95.96496,-51.028885,-0.05627203,-154.9061,-46.189693,234.01154,0.0
2a,1,Left Ankle,4240094,1779734214972,0.62,9.83,0.77,-0.3125,0.125,3.4375,-0.6607666,-0.62835693,-0.26306152,-0.31524658
2a,1,Left Ankle,4240109,1779734214972,0.5,9.74,0.79,-0.125,-0.375,2.875,-0.66070557,-0.62841797,-0.26293945,-0.31536865
2a,1,Left Ankle,4240133,1779734214996,0.3,9.7,0.7,0.1875,-1.6875,2.3125,-0.66064453,-0.6286011,-0.2623291,-0.31549072
2a,2,Right Ankle,1282099,1779734215004,-9.217804,-1.2774321,0.8997013,-6.163362,-1.6637598,1.467619,39.227226,67.3928,250.97942,0.0
2a,3,Left Wrist,4040154,1779734215008,8.580863,-16.041187,9.480363,170.91577,-96.2003,135.83922,-103.677475,-48.389183,331.83847,0.0
2a,1,Left Ankle,4240154,1779734215029,0.33,9.7,0.74,0.6875,-1.3125,2.125,-0.6605835,-0.6287842,-0.26202393,-0.31555176
2a,1,Left Ankle,4240170,1779734215029,0.45,9.75,0.79,0.5,-2.0,1.6875,-0.66064453,-0.6288452,-0.26184082,-0.31555176
2a,1,Left Ankle,4240196,1779734215056,0.4,9.74,0.73,0.5,-3.0,1.1875,-0.66070557,-0.6292114,-0.26116943,-0.31524658
2a,2,Right Ankle,1282262,1779734215063,-9.086199,-1.4305727,0.9906286,-0.77336216,-2.6437597,4.267619,39.0637,67.5243,250.82977,0.0
2a,3,Left Wrist,4040213,1779734215069,10.834903,-7.3360972,8.690732,-222.97423,33.929703,105.52922,-103.67081,-48.369896,331.7618,0.0
2a,1,Left Ankle,4240214,1779734215088,0.5,9.62,0.79,0.6875,-3.625,-1.125,-0.66082764,-0.62939453,-0.26086426,-0.3147583
2a,1,Left Ankle,4240234,1779734215096,0.45,9.71,0.61,0.4375,-3.1875,-2.625,-0.6610718,-0.6295166,-0.2607422,-0.31414795
2a,1,Left Ankle,4240254,1779734215119,0.33,9.67,0.7,0.375,-2.9375,-4.4375,-0.661438,-0.6295166,-0.26086426,-0.3133545
2a,4,Right Wrist,30243156,1779734215120,-5.896613,-8.018449,-14.629718,35.84504,-10.848888,16.883728,-154.79349,-46.079903,234.00182,0.0
2a,3,Left Wrist,4040274,1779734215129,9.750954,-9.334104,6.0801625,-234.59422,47.1597,65.41922,-103.66056,-48.35589,331.6787,0.0
2a,1,Left Ankle,4240276,1779734215153,0.37,9.77,0.73,0.25,-3.0625,-5.5,-0.66186523,-0.62939453,-0.2611084,-0.31237793
2a,2,Right Ankle,1282281,1779734215155,-9.055093,-1.2678609,0.89013004,0.7666378,-2.57376,4.8976192,38.989243,67.58978,250.76099,0.0
2a,1,Left Ankle,4240296,1779734215179,0.39,9.76,0.71,0.0625,-0.5625,-6.875,-0.66223145,-0.6291504,-0.26171875,-0.31158447
2a,1,Left Ankle,4240320,1779734215180,0.51,9.8,0.71,-0.5,0.625,-8.0,-0.6626587,-0.6287842,-0.26263428,-0.31072998
2a,4,Right Wrist,30243305,1779734215189,-4.8653064,-6.0012994,-4.9603214,64.40504,-8.888887,-31.69627,-154.73735,-45.9303,234.02196,0.0
2a,3,Left Wrist,4040333,1779734215197,8.004193,-12.277276,-0.5886344,-336.51422,126.679695,92.36922,-103.668015,-48.27875,331.56284,0.0
2a,1,Left Ankle,4240336,1779734215205,0.2,9.76,0.83,-0.375,0.75,-7.9375,-0.66308594,-0.62835693,-0.26348877,-0.3098755
2a,2,Right Ankle,1282338,1779734215214,-9.12927,-1.3228958,1.0313065,-2.663362,-1.5237597,5.177619,38.907158,67.65478,250.68634,0.0
2a,1,Left Ankle,4240358,1779734215236,0.09,9.67,0.81,-0.4375,0.375,-7.9375,-0.6635742,-0.6279907,-0.2644043,-0.30895996
2a,4,Right Wrist,30243324,1779734215238,-4.099603,-8.69801,-4.642076,105.21504,-1.6088886,-24.48627,-154.66486,-45.88901,234.00183,0.0
2a,1,Left Ankle,4240384,1779734215238,0.4,9.72,0.83,0.3125,1.6875,-8.75,-0.66412354,-0.62719727,-0.26605225,-0.30773926
2a,1,Left Ankle,4240403,1779734215269,0.13,9.73,0.73,-0.1875,1.5,-9.5625,-0.6643677,-0.6269531,-0.2666626,-0.307312
2a,2,Right Ankle,1282429,1779734215274,-9.131663,-1.4186087,1.1078769,-7.633362,0.4362402,2.7976189,38.81706,67.720245,250.60579,0.0
2a,3,Left Wrist,4040394,1779734215278,11.191433,-7.6950216,-4.1228333,-199.31422,126.7497,105.59922,-103.76297,-48.282326,331.5474,0.0
2a,1,Left Ankle,4240422,1779734215297,0.29,9.64,0.62,-0.9375,1.3125,-11.8125,-0.664978,-0.6263428,-0.26794434,-0.30621338
2a,1,Left Ankle,4240446,1779734215327,0.1,9.72,0.72,-2.5625,0.3125,-13.625,-0.66619873,-0.62506104,-0.27001953,-0.30419922
2a,1,Left Ankle,4240462,1779734215329,0.26,9.69,0.76,-3.1875,0.375,-13.5625,-0.666687,-0.62457275,-0.27062988,-0.30352783
2a,4,Right Wrist,30243381,1779734215329,-2.659124,-10.516556,-3.7567315,-52.35496,74.34111,50.06373,-154.60088,-45.86884,233.92406,0.0
2a,2,Right Ankle,1282489,1779734215333,-9.270446,-1.3683593,1.0576277,-11.623362,2.11624,2.517619,38.73017,67.78667,250.52956,0.0
2a,3,Left Wrist,4040454,1779734215337,11.390037,-15.402303,-7.8077803,-157.87422,109.4597,158.65923,-103.82302,-48.185795,331.51764,0.0
2a,1,Left Ankle,4240484,1779734215359,-0.09,9.79,0.79,-3.8125,3.25,-11.625,-0.6680908,-0.6229248,-0.2727661,-0.302063
2a,1,Left Ankle,4240507,1779734215389,-0.12,9.65,0.85,-3.3125,2.875,-10.9375,-0.6688843,-0.6218262,-0.2741089,-0.30126953
2a,1,Left Ankle,4240528,1779734215389,-0.26,9.7,0.71,-3.625,2.5625,-10.1875,-0.66967773,-0.6208496,-0.27520752,-0.30065918
2a,4,Right Wrist,30243442,1779734215391,1.1000003,-4.9269223,-0.37088752,-100.51496,154.0711,98.223724,-154.51312,-45.89188,233.79822,0.0
2a,2,Right Ankle,1282548,1779734215393,-9.320695,-1.279825,1.0360922,-11.903362,4.7762403,2.447619,38.647446,67.854034,250.45744,0.0
2a,3,Left Wrist,4040543,1779734215405,11.839889,-1.220043,-10.992627,-90.674225,24.6897,152.77922,-103.92846,-48.167667,331.55853,0.0
2a,1,Left Ankle,4240565,1779734215421,-0.11,9.7,0.62,-7.25,2.8125,-3.6875,-0.6712036,-0.6187134,-0.27624512,-0.3005371
2a,1,Left Ankle,4240545,1779734215421,-0.51,9.62,0.59,-5.3125,2.4375,-5.75,-0.67041016,-0.619812,-0.2758789,-0.300354
2a,1,Left Ankle,4240585,1779734215447,-0.51,9.75,0.62,-9.0,2.125,-1.9375,-0.67211914,-0.6174927,-0.2763672,-0.30090332
2a,4,Right Wrist,30243532,1779734215449,9.630413,-5.8218374,-45.466022,-195.57497,360.6411,8.133728,-154.5762,-45.940556,233.75504,0.0
2a,2,Right Ankle,1282609,1779734215453,-9.402051,-1.4090374,0.8518449,-2.103362,7.5762405,9.4476185,38.579212,67.92122,250.3965,0.0
2a,3,Left Wrist,4040604,1779734215458,12.529021,-14.938094,5.221139,-2.8242235,55.6297,68.63922,-103.83013,-48.140667,331.46814,0.0
2a,1,Left Ankle,4240606,1779734215480,-0.29,9.56,0.75,-9.8125,2.1875,-0.0625,-0.6730957,-0.616272,-0.2763672,-0.30133057
2a,1,Left Ankle,4240626,1779734215480,0.48,9.8,1.13,-11.0625,0.5,0.375,-0.6741333,-0.61505127,-0.27600098,-0.30187988
2a,1,Left Ankle,4240646,1779734215505,0.31,9.71,1.29,-10.625,-0.5625,-1.1875,-0.67529297,-0.61376953,-0.27545166,-0.30230713
2a,2,Right Ankle,1282668,1779734215513,-9.808831,-2.143634,1.2203395,7.2766376,14.22624,43.67762,38.5155,67.97983,250.34073,0.0
2a,3,Left Wrist,4040664,1779734215518,13.37608,-5.8884397,-13.399807,-209.74423,4.5296993,143.81923,-103.98618,-48.105137,331.52078,0.0
2a,1,Left Ankle,4240670,1779734215537,-0.08,10.05,1.13,-9.8125,3.625,-4.6875,-0.67645264,-0.6123047,-0.27563477,-0.30255127
2a,4,Right Wrist,30243591,1779734215539,10.305189,2.2850456,-11.279766,-283.84497,92.541115,-3.1362722,-154.77048,-45.976135,233.81453,0.0
2a,1,Left Ankle,4240693,1779734215565,0.35,9.84,1.41,-7.25,6.5625,-7.375,-0.67736816,-0.6107178,-0.27642822,-0.30291748
2a,1,Left Ankle,4240712,1779734215566,-0.57,9.67,1.48,-5.0,4.1875,-5.6875,-0.67803955,-0.6095581,-0.27734375,-0.30303955
2a,2,Right Ankle,1282729,1779734215573,-11.962372,-1.0692565,1.7347964,19.946638,10.30624,69.01762,38.487034,68.033394,250.31578,0.0
2a,3,Left Wrist,4040724,1779734215578,14.653847,-4.926525,-9.985249,-10.454224,-89.6903,71.71922,-104.108475,-48.105072,331.62534,0.0
2a,1,Left Ankle,4240732,1779734215596,-0.46,9.69,1.09,-2.1875,4.3125,-4.4375,-0.67840576,-0.60876465,-0.2781372,-0.30297852
2a,4,Right Wrist,30243682,1779734215604,10.915359,-6.015656,-4.453043,-98.48496,-276.2189,10.023728,-154.78491,-45.920403,233.82655,0.0
2a,1,Left Ankle,4240755,1779734215628,-0.15,9.91,1.01,2.5625,8.0625,-4.125,-0.6781616,-0.6083374,-0.27947998,-0.30316162
2a,1,Left Ankle,4240771,1779734215628,-0.07,9.72,1.4,5.375,6.0,-5.625,-0.6776123,-0.60827637,-0.2810669,-0.30303955
2a,2,Right Ankle,1282789,1779734215633,-8.918701,0.3712227,2.9886353,27.856636,-5.3037596,62.29762,38.367325,68.05664,250.20166,0.0
2a,3,Left Wrist,4040784,1779734215638,10.868402,-3.067302,-9.174082,131.22577,-101.9403,1.9992218,-104.19695,-48.122215,331.74823,0.0
2a,1,Left Ankle,4240795,1779734215655,-0.21,9.91,1.47,8.375,0.9375,-6.5625,-0.67681885,-0.6088867,-0.28295898,-0.30181885
2a,1,Left Ankle,4240814,1779734215685,-0.09,9.94,1.42,12.4375,2.5625,-9.0625,-0.67596436,-0.6096802,-0.28460693,-0.3005371
2a,4,Right Wrist,30243742,1779734215689,8.658927,2.8138592,-1.2610176,-286.85495,-325.3589,-27.916271,-154.97708,-45.86685,233.93237,0.0
2a,2,Right Ankle,1282849,1779734215693,-6.5593786,-1.3109317,2.7062824,133.97664,-32.883762,-14.912382,38.21604,68.079865,250.01376,0.0
2a,3,Left Wrist,4040843,1779734215697,6.3675027,-9.106787,-8.415557,173.71577,-119.9303,-35.59078,-104.26647,-48.088478,331.87424,0.0
2a,1,Left Ankle,4240838,1779734215721,0.2,9.89,1.1,16.6875,3.0625,-13.1875,-0.6748657,-0.6107178,-0.28692627,-0.29882812
2a,1,Left Ankle,4240855,1779734215721,0.02,9.86,1.11,15.75,-0.875,-13.5625,-0.6738281,-0.61187744,-0.28918457,-0.2965088
2a,1,Left Ankle,4240873,1779734215745,-0.47,9.6,0.92,15.6875,-2.25,-14.5,-0.6734619,-0.6124878,-0.29016113,-0.29522705
2a,4,Right Wrist,30243832,1779734215749,-3.9727838,3.6992042,5.2426744,-127.11496,-211.04889,-180.58627,-155.11739,-45.83198,234.06268,0.0
2a,2,Right Ankle,1282909,1779734215752,-6.102349,-1.3635737,1.89033,157.35664,-58.36376,-69.65238,38.033398,68.12316,249.7815,0.0
2a,3,Left Wrist,4040904,1779734215758,-1.3828497,-16.565214,-6.716653,106.37577,-143.24031,19.70922,-104.3,-47.996906,331.95804,0.0
2a,1,Left Ankle,4240898,1779734215780,0.0,9.88,0.94,16.9375,-3.0,-19.625,-0.6723633,-0.6141968,-0.29370117,-0.2906494
2a,1,Left Ankle,4240917,1779734215781,0.19,10.53,0.69,17.4375,-2.0,-26.9375,-0.671875,-0.61505127,-0.29681396,-0.28668213
2a,1,Left Ankle,4240934,1779734215805,0.26,10.41,0.47,17.25,2.875,-39.0625,-0.6717529,-0.6151123,-0.30151367,-0.28186035
2a,4,Right Wrist,30243892,1779734215813,-7.370592,-4.4698925,4.2544384,-12.87496,-72.028885,-175.12628,-155.16682,-45.824654,234.14096,0.0
2a,2,Right Ankle,1282969,1779734215813,-9.536049,3.790566,-5.5704913,15.396637,-27.70376,-7.2823806,38.14921,68.15828,249.88103,0.0
2a,3,Left Wrist,4040963,1779734215820,-0.69611007,-14.344675,-3.0412776,9.915776,-127.0003,175.38922,-104.32191,-47.856964,331.9955,0.0
2a,1,Left Ankle,4240958,1779734215837,1.13,11.77,0.78,16.5625,9.625,-60.625,-0.6722412,-0.61376953,-0.309021,-0.27557373
2a,1,Left Ankle,4240974,1779734215839,0.94,12.35,0.73,21.6875,14.4375,-86.3125,-0.6730957,-0.61120605,-0.3196411,-0.26690674
2a,1,Left Ankle,4240997,1779734215865,3.63,16.95,-0.34,29.4375,8.5,-115.4375,-0.6744385,-0.6078491,-0.33325195,-0.25421143
2a,2,Right Ankle,1283029,1779734215872,-8.473637,-8.204654,-0.7537392,-91.49336,14.29624,-13.442381,37.999268,68.225685,249.77122,0.0
2a,3,Left Wrist,4041024,1779734215877,1.7996044,-10.049559,-0.026321048,-4.4342237,-84.7203,239.29922,-104.29603,-47.70907,331.98056,0.0
2a,1,Left Ankle,4241019,1779734215896,0.94,18.22,-0.81,34.875,-5.75,-125.3125,-0.6762085,-0.6047363,-0.34710693,-0.237854
2a,1,Left Ankle,4241039,1779734215897,2.49,18.49,-2.52,46.8125,-1.0625,-160.0625,-0.6779175,-0.600708,-0.36364746,-0.21759033
2a,1,Left Ankle,4241055,1779734215929,3.84,20.32,-3.88,64.25,16.4375,-172.9375,-0.67700195,-0.5963745,-0.3843994,-0.19555664
2a,2,Right Ankle,1283088,1779734215934,-5.0830064,6.109212,-2.17029,44.166637,-15.803761,16.867619,38.213165,68.21734,249.956,0.0
2a,3,Left Wrist,4041083,1779734215938,3.541579,-8.640186,-0.49292147,-60.224224,-30.1903,208.00923,-104.26921,-47.573544,331.94,0.0
2a,1,Left Ankle,4241080,1779734215957,4.25,19.46,-4.23,63.25,29.875,-135.125,-0.6734619,-0.5930786,-0.40460205,-0.17614746
2a,1,Left Ankle,4241099,1779734215963,-2.36,9.49,-2.23,41.875,-41.3125,-97.8125,-0.6729126,-0.59173584,-0.4142456,-0.1593628
2a,1,Left Ankle,4241115,1779734215988,2.64,5.49,-2.74,31.5,-84.875,-83.8125,-0.677124,-0.5901489,-0.4163208,-0.14117432
2a,4,Right Wrist,30244055,1779734215989,-3.264508,1.6318051,-3.2470603,-17.28496,20.86111,-165.11627,-155.28938,-45.826256,234.28491,0.0
2a,2,Right Ankle,1283149,1779734215993,-9.839937,1.1536758,0.9260224,-26.743362,-3.1337595,22.607618,38.241283,68.27216,249.99284,0.0
2a,1,Left Ankle,4241142,1779734216023,4.55,-0.35,0.14,29.1875,-125.5,-57.5625,-0.6836548,-0.59155273,-0.41027832,-0.11956787
2a,1,Left Ankle,4241160,1779734216023,5.5,1.06,-1.38,46.875,-89.5,8.75,-0.6870117,-0.59716797,-0.40039062,-0.105041504
2a,3,Left Wrist,4041144,1779734216029,6.7910323,-5.2304134,-3.5964124,-146.39423,-29.840302,149.34923,-104.40396,-47.525375,331.99985,0.0
2a,1,Left Ankle,4241175,1779734216046,3.7,4.57,-1.91,67.0625,-29.8125,60.125,-0.6826782,-0.60876465,-0.39111328,-0.10217285
2a,4,Right Wrist,30244177,1779734216049,-1.9915265,-4.4914284,3.6323047,-29.534962,-4.8988886,-49.266273,-155.35945,-45.80339,234.37143,0.0
2a,2,Right Ankle,1283208,1779734216057,-8.808632,0.75885993,1.387837,2.6566377,1.4162402,36.81762,38.242725,68.32991,249.99716,0.0
2a,1,Left Ankle,4241219,1779734216081,4.3,3.55,-1.41,92.375,59.125,146.125,-0.65625,-0.6411133,-0.37835693,-0.12335205
2a,1,Left Ankle,4241203,1779734216082,4.0,3.2,-1.94,83.0625,27.0625,98.4375,-0.671875,-0.623291,-0.3850708,-0.10858154
2a,4,Right Wrist,30244196,1779734216119,-2.0178478,-4.711568,2.3928227,-30.234959,-8.748888,-36.246273,-155.34306,-45.79925,234.36104,0.0
2a,1,Left Ankle,4241235,1779734216118,4.34,5.79,-0.74,93.5625,80.5,182.6875,-0.63708496,-0.66064453,-0.3696289,-0.14483643
2a,2,Right Ankle,1283269,1779734216119,-9.607835,1.1106049,1.6271194,13.366638,4.70624,22.327618,38.251736,68.39052,250.00383,0.0
2a,1,Left Ankle,4241256,1779734216138,2.91,8.17,-0.5,80.0,70.0,211.4375,-0.6174927,-0.6802368,-0.35662842,-0.16973877
2a,1,Left Ankle,4241303,1779734216170,0.39,11.12,-0.3,29.1875,1.875,240.0625,-0.58703613,-0.7147217,-0.31085205,-0.21875
2a,4,Right Wrist,30244251,1779734216170,-3.656931,-8.843972,2.4622147,-24.214958,-7.628889,25.003729,-155.30067,-45.781075,234.31984,0.0
2a,1,Left Ankle,4241285,1779734216170,1.73,9.44,-0.1,55.625,40.4375,232.6875,-0.60040283,-0.6984863,-0.33691406,-0.19519043
2a,2,Right Ankle,1283329,1779734216174,-9.435552,0.8761083,1.1916257,6.996638,15.69624,18.617619,38.271557,68.454544,250.02313,0.0
2a,1,Left Ankle,4241323,1779734216198,0.67,12.46,-0.99,10.375,-54.375,231.1875,-0.57562256,-0.7362671,-0.26080322,-0.24194336
2a,3,Left Wrist,4041204,1779734216209,4.55135,-5.5965157,-1.847259,-74.924225,11.0397,100.06922,-104.448044,-47.42464,332.00467,0.0
2a,1,Left Ankle,4241362,1779734216234,-2.65,13.62,2.06,-21.25,-175.125,195.125,-0.57421875,-0.75512695,-0.19989014,-0.24523926
2a,4,Right Wrist,30244312,1779734216235,-6.6838517,-4.5392847,1.5314064,-43.394962,4.621112,75.75372,-155.26537,-45.75301,234.26642,0.0
2a,1,Left Ankle,4241346,1779734216234,-2.14,12.19,0.73,-16.0,-144.8125,203.8125,-0.5737915,-0.7490845,-0.2211914,-0.246521
2a,2,Right Ankle,1283389,1779734216241,-8.945023,0.3425088,1.1581261,-6.233362,22.766241,21.697618,38.260815,68.52233,250.01913,0.0
2a,1,Left Ankle,4241386,1779734216257,-5.81,16.04,2.62,-27.75,-215.25,172.9375,-0.57751465,-0.77142334,-0.13208008,-0.23217773
2a,3,Left Wrist,4041397,1779734216272,3.9603229,-6.6278224,-9.312866,28.325777,58.359703,-78.99078,-104.61365,-47.429893,332.1136,0.0
2a,1,Left Ankle,4241409,1779734216288,-11.5,14.08,5.66,-18.375,-197.3125,160.0625,-0.57684326,-0.7800293,-0.094055176,-0.2234497
2a,1,Left Ankle,4241426,1779734216289,-14.06,12.73,9.2,-12.6875,-104.4375,88.0,-0.57580566,-0.78497314,-0.068603516,-0.21801758
2a,4,Right Wrist,30244372,1779734216289,-9.787343,-0.7179472,0.6628119,53.90504,2.2411118,51.74373,-155.22531,-45.726036,234.23955,0.0
2a,2,Right Ankle,1283449,1779734216299,-9.289589,1.6944536,1.2442678,-23.663363,24.72624,15.187618,38.33174,68.58013,250.09631,0.0
2a,1,Left Ankle,4241444,1779734216316,-13.19,12.29,7.61,-21.6875,-79.9375,60.375,-0.5780029,-0.78552246,-0.0546875,-0.2142334
2a,3,Left Wrist,4041474,1779734216329,-1.5623113,2.235193,-21.281765,22.095776,180.78969,-61.77078,-104.654816,-47.454712,332.11197,0.0
2a,1,Left Ankle,4241466,1779734216349,-16.99,19.88,-6.13,-18.8125,-7.8125,-40.625,-0.5819702,-0.78356934,-0.053710938,-0.21081543
2a,1,Left Ankle,4241492,1779734216349,25.14,10.01,-2.57,-9.125,-61.4375,-138.0,-0.58703613,-0.7835083,-0.066467285,-0.19256592
2a,4,Right Wrist,30244432,1779734216350,-9.600702,-2.6872401,1.0528419,108.505035,-11.618889,74.07372,-155.15276,-45.691082,234.19954,0.0
2a,2,Right Ankle,1283509,1779734216358,-9.277625,2.1323402,0.16749758,18.126637,16.11624,-6.512381,38.438526,68.63135,250.19049,0.0
2a,1,Left Ankle,4241506,1779734216382,10.11,14.99,-4.42,-32.6875,-86.25,-57.75,-0.5942993,-0.7822876,-0.06878662,-0.17352295
2a,1,Left Ankle,4241532,1779734216408,4.61,5.61,-4.46,-29.625,-43.75,-77.25,-0.600647,-0.77996826,-0.068847656,-0.16156006
2a,1,Left Ankle,4241546,1779734216416,-4.34,8.64,-4.96,-14.0625,-25.125,-9.375,-0.6043091,-0.7786255,-0.07116699,-0.15332031
2a,4,Right Wrist,30244492,1779734216418,-8.901999,-2.8978083,4.7306104,132.44504,-16.238888,98.013725,-155.061,-45.661705,234.14699,0.0
2a,2,Right Ankle,1283569,1779734216418,-9.454693,1.9098076,0.4019942,18.896637,14.85624,-35.14238,38.510956,68.69204,250.24948,0.0
2a,3,Left Wrist,4041534,1779734216420,-8.362714,5.166401,-22.121645,-246.21423,161.53969,-27.190777,-104.780235,-47.46069,332.10577,0.0
2a,1,Left Ankle,4241566,1779734216438,0.2,9.4,-1.94,1.25,-4.375,-29.3125,-0.6057129,-0.7780762,-0.070495605,-0.15075684
2a,4,Right Wrist,30244552,1779734216478,-9.397312,-5.936693,4.4051867,116.20504,-37.79889,99.41373,-154.97018,-45.622448,234.09297,0.0
2a,1,Left Ankle,4241611,1779734216478,-2.99,8.19,0.4,-6.4375,13.8125,-8.0625,-0.60601807,-0.77752686,-0.078552246,-0.14849854
2a,1,Left Ankle,4241594,1779734216478,3.6,8.09,1.31,7.625,9.9375,-26.6875,-0.6053467,-0.7784424,-0.07702637,-0.14709473
2a,2,Right Ankle,1283628,1779734216479,-11.373737,1.2111034,0.66041905,37.86664,3.4462404,-42.42238,38.52645,68.762184,250.24768,0.0
2a,3,Left Wrist,4041594,1779734216485,-12.949754,17.764612,-13.399807,-194.83423,56.9597,-133.94078,-104.88969,-47.513622,332.13138,0.0
2a,1,Left Ankle,4241626,1779734216497,0.68,7.19,-1.01,-16.75,25.0,-26.25,-0.60839844,-0.7751465,-0.08306885,-0.14880371
2a,1,Left Ankle,4241655,1779734216525,0.63,10.48,-0.99,-17.375,24.375,-9.0,-0.6107788,-0.77227783,-0.08703613,-0.15136719
2a,1,Left Ankle,4241671,1779734216530,0.63,8.66,0.69,-10.8125,-8.625,-16.9375,-0.61291504,-0.7710571,-0.087402344,-0.14898682
2a,4,Right Wrist,30244612,1779734216531,-5.252944,-6.1185474,3.5509489,56.70504,-25.268888,48.453728,-154.90604,-45.596867,234.05318,0.0
2a,3,Left Wrist,4041684,1779734216540,38.105904,-12.75584,-10.949556,-31.034224,-34.3903,-763.10077,-105.03921,-47.835415,332.288,0.0
2a,2,Right Ankle,1283689,1779734216540,-10.11272,-0.7486183,-1.6845471,63.486637,-17.41376,-36.05238,38.52916,68.83043,250.22461,0.0
2a,1,Left Ankle,4241695,1779734216558,1.61,10.5,0.42,2.375,-57.8125,-14.8125,-0.61517334,-0.77160645,-0.08319092,-0.13891602
2a,1,Left Ankle,4241718,1779734216589,1.14,9.72,-3.3,0.5625,-93.3125,-27.75,-0.6168823,-0.7735596,-0.07550049,-0.12390137
2a,4,Right Wrist,30244671,1779734216589,1.238784,-3.062913,-0.95712906,27.16504,-38.848885,35.15373,-154.81458,-45.56394,233.99086,0.0
2a,2,Right Ankle,1283749,1779734216594,-12.407437,2.2448027,-3.871587,-29.403362,14.50624,-0.352381,38.623142,68.8844,250.32295,0.0
2a,3,Left Wrist,4041744,1779734216598,33.51886,39.639797,3.0987053,-438.57422,-74.7803,110.77922,-105.21898,-47.837795,332.31793,0.0
2a,1,Left Ankle,4241742,1779734216616,3.5,11.39,-6.96,-6.6875,-87.125,-26.4375,-0.6191406,-0.77459717,-0.06921387,-0.108947754
2a,1,Left Ankle,4241758,1779734216617,-2.61,9.48,-2.91,-0.375,-14.6875,-2.1875,-0.61968994,-0.77508545,-0.06738281,-0.103393555
2a,1,Left Ankle,4241788,1779734216648,-0.63,7.77,-2.98,-4.5,28.9375,-2.75,-0.62060547,-0.77368164,-0.070007324,-0.10662842
2a,2,Right Ankle,1283809,1779734216655,-2.405438,3.3598583,1.9788643,90.29664,53.006237,52.63762,38.808228,68.83024,250.47548,0.0
2a,3,Left Wrist,4041804,1779734216658,22.05724,-7.182957,-6.7549386,-146.81422,-76.1803,295.1592,-105.32318,-47.797405,332.3562,0.0
2a,4,Right Wrist,30244732,1779734216682,-7.430413,-6.7047887,-4.213761,-58.72496,-67.47889,-52.62627,-154.83635,-45.50817,234.01044,0.0
2a,1,Left Ankle,4241804,1779734216682,0.21,9.68,-2.01,-15.8125,36.25,10.0625,-0.6218872,-0.7715454,-0.07232666,-0.11279297
2a,1,Left Ankle,4241824,1779734216682,0.47,10.0,-1.2,-16.625,31.5625,9.4375,-0.6235962,-0.7695923,-0.072143555,-0.116760254
2a,1,Left Ankle,4241844,1779734216706,-0.39,9.21,-0.46,-9.625,27.875,15.875,-0.62390137,-0.7685547,-0.07244873,-0.12188721
2a,2,Right Ankle,1283869,1779734216716,-2.7595756,-13.772752,4.929215,-20.373362,-26.30376,-58.38238,38.606827,68.85546,250.28648,0.0
2a,1,Left Ankle,4241864,1779734216742,0.85,8.35,-1.69,-2.875,15.8125,18.625,-0.6239624,-0.7683716,-0.06933594,-0.12432861
2a,4,Right Wrist,30244791,1779734216742,-9.751451,-2.3019958,-4.9794636,-136.77496,-16.728888,66.23373,-154.86552,-45.45161,233.98422,0.0
2a,3,Left Wrist,4041864,1779734216751,19.061426,-5.2663064,-8.169096,216.97577,-122.5903,326.5192,-105.332245,-47.732117,332.4265,0.0
2a,1,Left Ankle,4241890,1779734216767,-0.08,10.37,-1.92,-2.0625,12.875,22.1875,-0.6235962,-0.7681885,-0.06732178,-0.12817383
2a,1,Left Ankle,4241904,1779734216774,1.23,10.26,-1.89,0.875,36.5625,24.625,-0.62268066,-0.76782227,-0.06756592,-0.13464355
2a,2,Right Ankle,1283929,1779734216775,-0.32607502,-0.57394224,1.0480564,-62.443363,-15.663759,25.05762,38.469772,68.83301,250.18024,0.0
2a,1,Left Ankle,4241925,1779734216801,1.65,9.3,-1.33,1.6875,47.0,25.4375,-0.62109375,-0.767334,-0.06958008,-0.14367676
2a,4,Right Wrist,30244881,1779734216801,-5.5089765,3.0244274,2.0793629,-32.75496,45.221115,51.46373,-154.86403,-45.45192,233.95886,0.0
2a,1,Left Ankle,4241949,1779734216833,1.78,9.15,-2.24,7.8125,30.3125,17.625,-0.61920166,-0.767395,-0.07104492,-0.15026855
2a,2,Right Ankle,1283989,1779734216834,-9.22259,0.7732169,-0.023928225,-51.313362,23.39624,29.81762,38.521637,68.892715,250.25008,0.0
2a,1,Left Ankle,4241968,1779734216833,1.55,9.46,-1.47,6.5625,15.9375,14.75,-0.61816406,-0.7680664,-0.06903076,-0.15252686
2a,3,Left Wrist,4041923,1779734216839,-2.4955122,-6.6972136,-2.9647074,395.40576,-84.2303,302.7192,-105.210556,-47.55395,332.43903,0.0
2a,1,Left Ankle,4241988,1779734216857,1.44,9.53,-1.63,7.5,19.125,11.1875,-0.6166992,-0.7684326,-0.06951904,-0.15600586
2a,4,Right Wrist,30244942,1779734216868,-5.437191,1.3087738,1.617548,78.615036,63.56111,-15.036272,-154.83504,-45.46344,233.95451,0.0
2a,1,Left Ankle,4242028,1779734216891,3.44,9.34,-2.14,10.0,23.8125,5.625,-0.61395264,-0.7696533,-0.06994629,-0.16064453
2a,1,Left Ankle,4242007,1779734216891,1.97,9.38,-1.52,9.1875,23.9375,7.25,-0.61505127,-0.76885986,-0.07110596,-0.159729
2a,2,Right Ankle,1284049,1779734216899,-8.377923,-0.46626523,-0.7010971,-24.923363,-3.3437595,24.707619,38.532024,68.9521,250.27005,0.0
2a,1,Left Ankle,4242045,1779734216916,2.27,10.81,-1.05,19.5,25.5625,13.875,-0.61120605,-0.770874,-0.07159424,-0.16461182
2a,4,Right Wrist,30245001,1779734216926,-5.714759,-0.44516546,0.9260224,152.39503,59.431114,-67.46628,-154.78893,-45.474804,233.96834,0.0
2a,3,Left Wrist,4042014,1779734216929,-1.0143553,-5.6467643,-11.239088,76.48577,-71.8403,176.71922,-105.28217,-47.443306,332.51694,0.0
2a,1,Left Ankle,4242092,1779734216951,3.36,11.09,-2.66,21.0625,35.4375,1.0,-0.60406494,-0.7737427,-0.07745361,-0.17449951
2a,1,Left Ankle,4242066,1779734216951,2.8,11.16,-1.4,22.5625,36.1875,10.6875,-0.607666,-0.7723999,-0.07293701,-0.16973877
2a,2,Right Ankle,1284109,1779734216960,-10.040935,0.36882988,-0.4546363,-15.893362,-7.8937597,16.797619,38.560505,69.008224,250.30287,0.0
2a,1,Left Ankle,4242106,1779734216983,1.74,11.68,-2.62,15.9375,30.75,-3.125,-0.6013794,-0.77453613,-0.08154297,-0.17816162
2a,4,Right Wrist,30245062,1779734216983,-5.8128643,-1.7779671,0.1914258,112.98504,47.111115,-91.47627,-154.75931,-45.480152,233.99072,0.0
2a,3,Left Wrist,4042104,1779734216991,-3.0315049,-2.5815592,-12.13879,68.01577,-110.1303,165.44922,-105.37883,-47.34034,332.62036,0.0
2a,1,Left Ankle,4242128,1779734217009,2.76,11.29,-1.75,13.5,42.75,-10.0625,-0.59942627,-0.77471924,-0.086242676,-0.1817627
2a,1,Left Ankle,4242152,1779734217009,3.16,10.91,-2.26,4.125,40.5625,-18.375,-0.5983887,-0.77386475,-0.09295654,-0.18560791
2a,2,Right Ankle,1284168,1779734217018,-9.076628,1.5628483,-0.5407779,-16.523361,5.1262403,5.177619,38.642433,69.05933,250.38564,0.0
2a,1,Left Ankle,4242171,1779734217041,2.51,9.74,-3.16,-4.0,27.75,-23.5,-0.5991211,-0.77233887,-0.09814453,-0.18676758
2a,4,Right Wrist,30245122,1779734217041,-5.4204416,-4.723532,0.6149554,4.1350403,14.351111,-88.53628,-154.75468,-45.47583,234.00656,0.0
2a,3,Left Wrist,4042194,1779734217049,1.0626147,-0.45673248,-7.192825,-50.984222,-78.7703,154.52922,-105.51902,-47.27003,332.71857,0.0
2a,1,Left Ankle,4242192,1779734217067,2.06,7.07,-4.14,-1.0625,8.875,-24.875,-0.59991455,-0.7711792,-0.103149414,-0.18640137
2a,1,Left Ankle,4242211,1779734217067,-0.74,5.75,-3.11,-1.875,-28.3125,-19.125,-0.6011963,-0.77124023,-0.10369873,-0.18151855
2a,2,Right Ankle,1284229,1779734217077,-9.280018,2.1395185,-1.0480564,-20.093363,3.1662402,-3.992381,38.73854,69.1063,250.48183,0.0
2a,1,Left Ankle,4242227,1779734217100,-2.84,5.49,-1.4,-2.875,-49.5,-11.8125,-0.60302734,-0.7722168,-0.099975586,-0.17333984
2a,4,Right Wrist,30245182,1779734217101,-4.3963137,-5.2260246,0.81834537,-29.464958,-7.698889,-61.23627,-154.75069,-45.46241,234.01074,0.0
2a,3,Left Wrist,4042253,1779734217110,3.6181493,-0.05952391,-5.618347,10.405777,-33.5503,87.39922,-105.62358,-47.254707,332.80017,0.0
2a,1,Left Ankle,4242253,1779734217127,-1.28,3.57,-0.23,-8.375,-53.6875,0.375,-0.6057739,-0.7733154,-0.091552734,-0.16320801
2a,1,Left Ankle,4242270,1779734217133,4.23,1.76,1.64,-16.3125,-61.875,11.6875,-0.6074219,-0.7735596,-0.085998535,-0.15881348
2a,2,Right Ankle,1284289,1779734217134,-9.165162,0.596148,-0.6580263,12.386637,-1.7337598,-17.362381,38.77257,69.16904,250.50778,0.0
2a,1,Left Ankle,4242291,1779734217158,5.04,3.41,1.51,-27.875,-42.9375,56.0,-0.6104126,-0.7727661,-0.07458496,-0.15698242
2a,1,Left Ankle,4242307,1779734217158,0.09,7.44,2.08,-25.9375,-0.5625,87.6875,-0.6119385,-0.77124023,-0.061706543,-0.16400146
2a,4,Right Wrist,30245242,1779734217159,-3.618646,-7.0302134,0.4546363,-35.27496,-27.298887,-33.516273,-154.73428,-45.438316,234.00055,0.0
2a,3,Left Wrist,4042314,1779734217168,5.278768,-0.86111957,-3.5365918,47.925777,-1.8403006,36.99922,-105.69132,-47.284637,332.86026,0.0
2a,1,Left Ankle,4242333,1779734217192,-2.05,9.01,0.85,-10.125,72.75,78.8125,-0.6101074,-0.76782227,-0.054504395,-0.18774414
2a,2,Right Ankle,1284349,1779734217194,-9.325481,-0.49497914,0.22971097,3.3566375,0.5062402,10.707619,38.75251,69.23407,250.48898,0.0
2a,1,Left Ankle,4242352,1779734217216,-6.95,18.99,-20.16,15.5625,108.0625,49.125,-0.6077881,-0.76708984,-0.057128906,-0.19720459
2a,4,Right Wrist,30245302,1779734217228,-3.0324044,-7.647561,0.2009971,-48.714962,-31.358889,2.953728,-154.70775,-45.407444,233.97215,0.0
2a,1,Left Ankle,4242394,1779734217251,10.02,7.72,-3.4,-49.0,-116.125,-57.875,-0.6144409,-0.76745605,-0.066833496,-0.17034912
2a,1,Left Ankle,4242369,1779734217250,23.37,21.2,-1.62,24.8125,-6.4375,-50.5625,-0.6033325,-0.7701416,-0.06286621,-0.19726562
2a,2,Right Ankle,1284409,1779734217259,-9.320695,0.9933566,0.28235307,12.106638,15.90624,26.457619,38.824448,69.29138,250.5561,0.0
2a,1,Left Ankle,4242414,1779734217277,-3.52,6.32,-1.03,-43.8125,-133.375,-59.6875,-0.6226196,-0.76538086,-0.0637207,-0.14996338
2a,4,Right Wrist,30245362,1779734217285,-6.200502,-6.7095747,0.23688945,-50.88496,-35.48889,31.863728,-154.6871,-45.367603,233.94147,0.0
2a,1,Left Ankle,4242437,1779734217308,-4.08,10.96,-1.12,-38.125,-40.0625,-58.0625,-0.6279297,-0.76208496,-0.06677246,-0.14282227
2a,2,Right Ankle,1284469,1779734217313,-8.878023,2.4003363,-1.8759729,-11.343363,22.62624,26.667618,38.971157,69.334114,250.70137,0.0
2a,1,Left Ankle,4242456,1779734217342,2.31,8.71,-0.5,-3.8125,69.875,-54.625,-0.62945557,-0.75927734,-0.078308105,-0.14550781
2a,4,Right Wrist,30245421,1779734217342,-12.405091,-2.9360938,1.0504491,-117.52496,-43.18889,61.96373,-154.70444,-45.323605,233.91537,0.0
2a,1,Left Ankle,4242475,1779734217342,2.41,8.31,-2.13,-13.25,44.625,-39.4375,-0.6312256,-0.7561035,-0.090026855,-0.14752197
2a,3,Left Wrist,4042374,1779734217351,5.396016,-1.5454669,-3.7495532,17.825777,-10.0303,-0.24077988,-105.77911,-47.31869,332.93164,0.0
2a,1,Left Ankle,4242494,1779734217367,0.55,10.98,-3.24,-12.375,-1.25,-24.6875,-0.6334839,-0.7539673,-0.094177246,-0.14605713
2a,1,Left Ankle,4242511,1779734217367,1.21,9.72,0.06,-13.5625,-17.3125,-24.9375,-0.63482666,-0.75323486,-0.09472656,-0.1437378
2a,2,Right Ankle,1284529,1779734217377,-10.385502,1.1393187,-0.65084773,26.24664,11.14624,3.637619,39.049026,69.39245,250.76688,0.0
2a,1,Left Ankle,4242534,1779734217400,-1.44,9.85,0.33,-18.5625,-35.1875,-9.4375,-0.638916,-0.75128174,-0.09246826,-0.137146
2a,4,Right Wrist,30245482,1779734217400,-14.197314,3.1679964,1.7922242,-78.39496,-18.828888,6.6637278,-154.73833,-45.301304,233.92049,0.0
2a,3,Left Wrist,4042567,1779734217409,-3.464605,-7.54188,-9.128618,-61.904224,-9.3303,86.909225,-105.927284,-47.17608,333.0357,0.0
2a,1,Left Ankle,4242555,1779734217427,-0.56,9.79,-1.2,-8.5,-3.0625,2.625,-0.6404419,-0.7503662,-0.09112549,-0.1361084
2a,1,Left Ankle,4242572,1779734217428,0.6,9.58,-1.78,-4.8125,4.875,7.875,-0.64056396,-0.75006104,-0.09100342,-0.13702393
2a,2,Right Ankle,1284588,1779734217437,-10.29936,-0.3873021,-0.77766734,-2.663362,16.46624,-3.572381,39.063107,69.46276,250.78186,0.0
2a,1,Left Ankle,4242598,1779734217460,1.19,10.02,-1.17,-5.0625,-15.875,20.0,-0.6409912,-0.7498779,-0.08691406,-0.13873291
2a,4,Right Wrist,30245541,1779734217460,-8.770392,0.30139586,1.3256238,-18.61496,35.63111,-61.58627,-154.7578,-45.30498,233.93965,0.0
2a,1,Left Ankle,4242615,1779734217486,0.91,10.25,-1.18,-6.4375,-27.0,20.6875,-0.6413574,-0.75,-0.08404541,-0.1381836
2a,2,Right Ankle,1284649,1779734217494,-8.574135,1.0436059,1.5888343,-9.6633625,5.05624,-3.362381,39.03163,69.52978,250.75562,0.0
2a,3,Left Wrist,4042614,1779734217499,-0.9688918,-7.235599,-5.879165,-57.844223,4.4596996,95.86922,-105.98782,-47.077442,333.058,0.0
2a,1,Left Ankle,4242639,1779734217518,-0.44,9.72,-1.06,-2.75,-24.0,27.1875,-0.6422119,-0.7508545,-0.07287598,-0.13604736
2a,1,Left Ankle,4242655,1779734217520,0.65,9.34,-0.8,2.4375,-3.5625,28.4375,-0.6414795,-0.75146484,-0.06854248,-0.13800049
2a,4,Right Wrist,30245602,1779734217529,-4.6427746,-3.5749774,1.6414763,30.45504,37.101112,-65.57628,-154.7356,-45.310627,233.94212,0.0
2a,1,Left Ankle,4242672,1779734217554,1.33,10.15,-1.08,4.0625,0.4375,29.625,-0.6409912,-0.7519531,-0.066223145,-0.13916016
2a,2,Right Ankle,1284708,1779734217561,-4.5900846,2.685082,0.15314065,4.6166377,-32.673763,-19.672382,39.19626,69.522,250.90395,0.0
2a,1,Left Ankle,4242717,1779734217580,0.84,9.25,-1.42,6.4375,-2.125,23.5625,-0.6376343,-0.7543335,-0.0579834,-0.14501953
2a,4,Right Wrist,30245662,1779734217581,-2.065704,-5.9869423,1.3016955,44.175037,23.591112,-34.566273,-154.68163,-45.310036,233.91992,0.0
2a,1,Left Ankle,4242697,1779734217580,0.95,9.36,-1.39,5.0,-4.1875,25.4375,-0.6390991,-0.7532959,-0.06085205,-0.1428833
2a,1,Left Ankle,4242735,1779734217609,1.33,9.3,-1.33,10.75,10.625,13.1875,-0.63586426,-0.7553711,-0.057250977,-0.14770508
2a,2,Right Ankle,1284769,1779734217618,-4.0421286,-2.6915903,1.0528419,-111.02336,-52.27376,-23.662382,38.950245,69.5582,250.70348,0.0
2a,1,Left Ankle,4242759,1779734217636,2.39,9.81,-0.38,14.25,9.625,3.6875,-0.63391113,-0.7565918,-0.057861328,-0.1496582
2a,1,Left Ankle,4242782,1779734217643,2.79,9.84,-0.27,12.625,1.5625,-5.75,-0.6323242,-0.7579956,-0.05822754,-0.14892578
2a,3,Left Wrist,4042704,1779734217649,3.0390866,-7.357633,-2.5794628,12.225777,26.789698,85.50922,-105.97882,-46.97636,333.04282,0.0
2a,1,Left Ankle,4242795,1779734217667,0.5,9.29,-2.82,7.8125,1.1875,-5.5,-0.6314087,-0.7588501,-0.059326172,-0.14819336
2a,4,Right Wrist,30245722,1779734217669,-2.080061,-7.10439,0.91884387,-6.15496,14.281112,15.273728,-154.62798,-45.296978,233.87537,0.0
2a,2,Right Ankle,1284829,1779734217675,-20.062078,1.459957,-6.984649,62.016636,-12.793759,-5.532381,39.039032,69.6117,250.76492,0.0
2a,1,Left Ankle,4242818,1779734217702,0.62,9.64,-2.74,7.25,8.625,2.8125,-0.63067627,-0.75946045,-0.0592041,-0.14819336
2a,1,Left Ankle,4242840,1779734217702,1.04,9.6,-1.2,6.4375,18.5625,7.8125,-0.6293335,-0.7598877,-0.0602417,-0.15118408
2a,1,Left Ankle,4242856,1779734217726,1.1,9.38,-1.93,8.125,25.8125,13.0,-0.6278076,-0.7601929,-0.061523438,-0.15545654
2a,4,Right Wrist,30245782,1779734217735,-6.856135,-5.362416,1.387837,-49.554962,5.7411118,38.51373,-154.60481,-45.27336,233.83745,0.0
2a,2,Right Ankle,1284889,1779734217735,-7.9304657,8.987777,-0.8709875,-7.913362,-30.85376,35.69762,39.251335,69.577,250.9675,0.0
2a,1,Left Ankle,4242879,1779734217762,1.07,9.31,-1.68,11.6875,22.6875,19.0625,-0.6259155,-0.7609863,-0.06085205,-0.15924072
2a,1,Left Ankle,4242897,1779734217763,1.1,9.53,-1.43,11.125,13.0,25.5625,-0.6235962,-0.7620239,-0.059814453,-0.16375732
2a,3,Left Wrist,4042897,1779734217769,0.8161539,-4.7231355,-9.001799,0.6757764,-21.7903,25.099222,-106.097855,-46.844395,333.13022,0.0
2a,1,Left Ankle,4242919,1779734217794,1.13,9.52,-2.24,8.4375,8.8125,31.75,-0.62158203,-0.7630615,-0.056884766,-0.16778564
2a,4,Right Wrist,30245872,1779734217794,-11.53171,-2.7638102,0.7178468,-38.144962,9.591112,25.493729,-154.5983,-45.250664,233.8167,0.0
2a,2,Right Ankle,1284949,1779734217795,-8.196069,-1.0883992,1.7611175,-50.053364,0.22624022,24.98762,39.108715,69.62825,250.85254,0.0
2a,1,Left Ankle,4242936,1779734217817,1.94,9.39,-2.41,9.6875,13.625,36.5625,-0.61920166,-0.7640381,-0.053894043,-0.1730957
2a,1,Left Ankle,4242957,1779734217818,1.83,9.4,-1.74,9.4375,14.4375,38.8125,-0.6166992,-0.7649536,-0.050720215,-0.17889404
2a,4,Right Wrist,30245932,1779734217852,-10.155836,-4.1301117,1.1940185,-14.41496,39.691113,0.643728,-154.58047,-45.241962,233.79611,0.0
2a,1,Left Ankle,4242982,1779734217852,2.28,9.25,-1.78,6.375,14.6875,37.125,-0.61450195,-0.76556396,-0.04748535,-0.18457031
2a,2,Right Ankle,1285009,1779734217853,-8.851702,2.4362285,-0.18424734,-5.3233624,-7.8937597,11.407619,39.23494,69.661835,250.97311,0.0
2a,1,Left Ankle,4243001,1779734217877,2.24,8.99,-1.8,5.375,13.8125,35.3125,-0.6125488,-0.7659912,-0.04449463,-0.19006348
2a,1,Left Ankle,4243020,1779734217877,2.71,8.89,-2.01,5.125,13.8125,31.8125,-0.6107788,-0.7662964,-0.04144287,-0.19488525
2a,1,Left Ankle,4243046,1779734217909,2.36,9.16,-2.07,4.3125,12.9375,30.25,-0.6083374,-0.7666626,-0.037841797,-0.2019043
2a,4,Right Wrist,30245992,1779734217909,-7.1337028,-5.867301,1.8855442,-12.52496,56.281113,-6.286272,-154.5502,-45.24249,233.76697,0.0
2a,2,Right Ankle,1285069,1779734217915,-9.143627,1.2111034,-0.069391854,3.0766377,-5.1637597,3.357619,39.2975,69.714714,251.03072,0.0
2a,1,Left Ankle,4243063,1779734217946,3.14,8.83,-1.86,3.9375,13.875,23.5,-0.607605,-0.7666626,-0.037109375,-0.20404053
2a,1,Left Ankle,4243088,1779734217966,2.75,9.32,-1.79,-0.4375,3.75,12.1875,-0.6064453,-0.76660156,-0.035339355,-0.20800781
2a,1,Left Ankle,4243106,1779734217966,2.78,9.19,-1.72,-0.5625,2.0,2.5625,-0.6062622,-0.76660156,-0.03491211,-0.20880127
2a,2,Right Ankle,1285128,1779734217980,-9.179519,1.3594583,-0.09092726,-3.0133622,2.8162403,13.717619,39.37832,69.76578,251.10901,0.0
2a,4,Right Wrist,30246052,1779734217980,-4.898806,-6.6784678,1.5122639,10.71504,42.77111,-6.4262714,-154.50513,-45.239365,233.73453,0.0
2a,1,Left Ankle,4243123,1779734217998,2.88,9.15,-1.67,0.4375,1.0,-1.75,-0.6066284,-0.76660156,-0.034179688,-0.2076416
2a,1,Left Ankle,4243144,1779734217999,2.17,9.21,-1.63,1.75,6.125,-9.6875,-0.60668945,-0.7665405,-0.035827637,-0.20733643
2a,1,Left Ankle,4243168,1779734218027,2.96,9.07,-2.01,2.625,10.0625,-13.3125,-0.6069946,-0.76641846,-0.03778076,-0.20666504
2a,4,Right Wrist,30246112,1779734218031,-4.398706,-6.76461,0.9260224,-8.95496,16.801111,1.3437278,-154.46591,-45.224964,233.7024,0.0
2a,2,Right Ankle,1285189,1779734218034,-9.083806,1.3762082,-0.14117654,-5.463362,0.01624024,18.197618,39.46262,69.81458,251.1916,0.0
2a,1,Left Ankle,4243189,1779734218062,3.06,9.49,-1.51,2.0625,2.3125,-14.0625,-0.6071167,-0.76641846,-0.040222168,-0.20593262
2a,3,Left Wrist,4043047,1779734218069,0.56490767,-3.9765747,-6.1184473,11.595777,-26.830301,57.859222,-106.301865,-46.721733,333.28622,0.0
2a,1,Left Ankle,4243208,1779734218094,1.73,9.38,-1.53,1.0,-3.9375,-12.9375,-0.6074219,-0.7665405,-0.04168701,-0.2041626
2a,2,Right Ankle,1285249,1779734218096,-8.75599,1.7614527,-0.21296123,-8.263362,1.2062402,19.947618,39.571415,69.85757,251.29839,0.0
2a,4,Right Wrist,30246171,1779734218095,-8.00469,-5.8744802,1.1318051,-34.99496,-4.128888,16.673727,-154.44734,-45.19981,233.67726,0.0
2a,1,Left Ankle,4243226,1779734218096,1.97,9.08,-1.74,3.375,-1.0,-10.875,-0.60754395,-0.7668457,-0.04296875,-0.20257568
2a,1,Left Ankle,4243247,1779734218120,1.56,9.43,-1.68,4.375,2.4375,-4.25,-0.6071167,-0.7672119,-0.044006348,-0.20220947
2a,1,Left Ankle,4243264,1779734218121,2.46,9.29,-1.95,4.125,1.4375,0.3125,-0.6065674,-0.7675171,-0.0446167,-0.20239258
2a,1,Left Ankle,4243291,1779734218149,1.78,9.43,-1.71,3.1875,-0.1875,5.1875,-0.60632324,-0.7678833,-0.04498291,-0.20184326
2a,4,Right Wrist,30246232,1779734218150,-9.787343,-2.8882372,0.89491564,-37.304962,-7.2788887,12.473728,-154.44493,-45.174255,233.66432,0.0
2a,2,Right Ankle,1285309,1779734218154,-9.234554,1.9648424,-0.08374879,-9.033362,3.0262403,8.187618,39.67704,69.90219,251.40152,0.0
2a,1,Left Ankle,4243305,1779734218179,1.98,9.35,-1.66,2.75,0.0625,9.0625,-0.60601807,-0.76812744,-0.04473877,-0.20184326
2a,1,Left Ankle,4243325,1779734218178,2.34,9.49,-1.57,2.9375,0.6875,9.125,-0.6051636,-0.7683716,-0.044921875,-0.2033081
2a,3,Left Wrist,4043301,1779734218189,-0.48793432,-4.763813,-8.039885,-20.324223,-8.7003,15.509222,-106.579475,-46.594532,333.47815,0.0
2a,1,Left Ankle,4243350,1779734218210,2.77,9.37,-1.07,3.875,5.9375,6.25,-0.60443115,-0.76867676,-0.044555664,-0.20458984
2a,4,Right Wrist,30246291,1779734218210,-8.602896,-2.8738801,0.91645104,-39.26496,15.471111,3.3037279,-154.44116,-45.157486,233.64954,0.0
2a,2,Right Ankle,1285369,1779734218218,-9.162769,1.7494885,-0.7896314,-63.913364,11.00624,-3.012381,39.756096,69.95371,251.49727,0.0
2a,1,Left Ankle,4243368,1779734218236,3.87,9.17,-1.54,4.875,6.3125,-15.5625,-0.6040039,-0.7687988,-0.046325684,-0.20477295
2a,1,Left Ankle,4243385,1779734218237,6.66,9.72,-2.1,5.5,-4.1875,-31.625,-0.604126,-0.769104,-0.049682617,-0.20245361
2a,1,Left Ankle,4243405,1779734218268,6.73,11.07,-3.92,3.6875,-43.125,-61.0625,-0.6057129,-0.77020264,-0.05340576,-0.19244385
2a,2,Right Ankle,1285429,1779734218273,-9.215411,0.840216,-0.08135597,-21.073362,0.5762402,11.127619,39.80149,70.01009,251.54791,0.0
2a,1,Left Ankle,4243425,1779734218295,3.86,13.45,-4.69,7.75,-44.8125,-77.75,-0.607605,-0.7716675,-0.0592041,-0.17852783
2a,4,Right Wrist,30246352,1779734218302,-5.252944,-4.1492543,0.014356935,-31.984959,28.981112,6.523728,-154.4187,-45.14026,233.62115,0.0
2a,3,Left Wrist,4043437,1779734218309,6.1665053,-5.7616205,-3.290131,-1.3542236,3.8996992,12.07922,-106.74411,-46.513252,333.5931,0.0
2a,1,Left Ankle,4243453,1779734218327,6.7,14.56,-6.57,12.4375,6.3125,-91.125,-0.6090088,-0.7720337,-0.06951904,-0.16821289
2a,1,Left Ankle,4243469,1779734218327,8.26,16.78,-9.38,12.625,-10.375,-97.9375,-0.6098633,-0.77197266,-0.08331299,-0.15881348
2a,2,Right Ankle,1285489,1779734218337,-8.691383,1.7925593,-0.5838487,6.1566377,-2.36376,15.117619,39.915802,70.05224,251.65453,0.0
2a,1,Left Ankle,4243485,1779734218362,7.65,13.57,-8.57,13.3125,-46.875,-98.8125,-0.611145,-0.772522,-0.09350586,-0.14471436
2a,1,Left Ankle,4243505,1779734218363,0.72,6.52,-5.59,14.8125,-125.75,-89.75,-0.6129761,-0.77490234,-0.09539795,-0.12133789
2a,4,Right Wrist,30246412,1779734218363,-2.7213376,-4.395715,-0.79920274,14.84504,14.001112,31.723728,-154.36018,-45.10956,233.57483,0.0
2a,3,Left Wrist,4043559,1779734218369,1.5651077,-5.6228366,-14.986248,33.925777,194.22969,-142.34077,-106.84307,-46.5609,333.6407,0.0
2a,1,Left Ankle,4243530,1779734218385,-4.87,4.87,-3.42,22.5625,-156.9375,-69.125,-0.6141968,-0.7785034,-0.089660645,-0.09313965
2a,2,Right Ankle,1285549,1779734218394,-8.978521,2.4505856,0.14596218,-4.9033623,-3.2037597,3.637619,40.044365,70.087074,251.77708,0.0
2a,1,Left Ankle,4243545,1779734218419,-4.88,0.12,0.33,30.875,-175.75,-49.0625,-0.61328125,-0.7832031,-0.07946777,-0.064575195
2a,1,Left Ankle,4243570,1779734218446,-10.05,1.92,1.53,37.8125,-128.5625,-13.4375,-0.6107788,-0.7877197,-0.067871094,-0.04284668
2a,1,Left Ankle,4243585,1779734218446,-5.59,-0.08,-0.52,65.3125,1.0,3.9375,-0.60357666,-0.79382324,-0.064697266,-0.03704834
2a,4,Right Wrist,30246501,1779734218457,-1.9915265,1.0240275,4.0534415,28.075039,-50.398888,124.193726,-154.31323,-45.081963,233.52629,0.0
2a,2,Right Ankle,1285609,1779734218457,-9.141234,2.8166873,-0.8566305,-7.4233623,-9.503759,-13.862381,40.163845,70.12278,251.8899,0.0
2a,3,Left Wrist,4043578,1779734218458,-3.1008968,-1.6387869,-24.172295,5.9957767,219.56969,-127.29077,-106.88012,-46.599514,333.62753,0.0
2a,1,Left Ankle,4243607,1779734218479,-0.37,-1.67,1.2,73.9375,96.125,38.25,-0.5924072,-0.80114746,-0.06921387,-0.04925537
2a,1,Left Ankle,4243631,1779734218506,5.77,1.94,1.4,56.5625,123.1875,70.75,-0.58203125,-0.8067627,-0.07342529,-0.07092285
2a,4,Right Wrist,30246562,1779734218509,-3.2836506,5.2353954,4.7042894,89.32504,-78.25889,163.88373,-154.25392,-45.03957,233.47835,0.0
2a,2,Right Ankle,1285668,1779734218513,-9.638942,3.7474952,-0.82073814,38.426636,-10.90376,-35.70238,40.30525,70.15354,252.0062,0.0
2a,3,Left Wrist,4043634,1779734218518,-15.522038,12.598508,-33.34877,-219.54422,158.1097,4.6592216,-106.98734,-46.59901,333.61313,0.0
2a,1,Left Ankle,4243656,1779734218537,2.37,6.31,1.27,31.6875,116.3125,122.1875,-0.5734253,-0.8102417,-0.070617676,-0.09881592
2a,1,Left Ankle,4243673,1779734218537,2.94,6.21,3.3,-22.1875,-39.375,97.75,-0.57543945,-0.8099365,-0.043151855,-0.105163574
2a,1,Left Ankle,4243694,1779734218568,-11.97,9.77,6.6,-41.25,-38.625,157.375,-0.5779419,-0.809021,-0.011657715,-0.10620117
2a,1,Left Ankle,4243709,1779734218568,-8.5,18.66,-0.65,25.375,82.25,-1.5,-0.57611084,-0.8095093,-0.015991211,-0.111694336
2a,2,Right Ankle,1285729,1779734218573,-8.538242,0.09126243,-0.5192425,-9.243362,0.7862402,-37.94238,40.297913,70.2253,251.99896,0.0
2a,3,Left Wrist,4043724,1779734218578,-15.062616,12.002695,-2.9192436,-353.59424,-56.0203,-249.16078,-107.17535,-46.671368,333.6904,0.0
2a,1,Left Ankle,4243734,1779734218596,13.21,10.87,0.65,-19.0625,95.8125,-79.8125,-0.5730591,-0.807251,-0.043029785,-0.13458252
2a,4,Right Wrist,30246652,1779734218603,-8.13151,-1.055335,6.690332,153.65504,-123.33889,142.88373,-154.1619,-44.97503,233.43271,0.0
2a,1,Left Ankle,4243755,1779734218631,23.08,24.27,-6.19,-30.8125,-50.0,-22.875,-0.57562256,-0.8062134,-0.041809082,-0.13018799
2a,1,Left Ankle,4243772,1779734218631,-6.52,14.49,3.79,-30.875,-19.4375,3.3125,-0.58154297,-0.8033447,-0.03375244,-0.123535156
2a,2,Right Ankle,1285789,1779734218634,-9.086199,-1.4042518,0.66759753,41.646637,7.78624,-9.452381,40.223263,70.29687,251.91475,0.0
2a,1,Left Ankle,4243798,1779734218660,-2.98,1.1,-2.37,-14.5625,21.875,-94.4375,-0.5874634,-0.7992554,-0.051208496,-0.11584473
2a,4,Right Wrist,30246711,1779734218661,-12.560624,-6.0898337,9.0951185,129.78503,-113.958885,81.63373,-154.08823,-44.919285,233.40681,0.0
2a,3,Left Wrist,4043784,1779734218669,86.701744,-59.49963,-19.030119,599.8758,-162.63031,7.5992203,-107.02724,-46.72541,333.77164,0.0
2a,1,Left Ankle,4243813,1779734218688,0.07,6.26,-3.6,-12.1875,5.6875,-47.0,-0.5887451,-0.7984009,-0.05456543,-0.11395264
2a,2,Right Ankle,1285849,1779734218693,-9.715511,-0.5811207,-1.1557333,-17.853363,17.37624,-3.572381,40.23852,70.367546,251.936,0.0
2a,1,Left Ankle,4243838,1779734218720,1.85,12.96,-1.79,-30.5625,-92.4375,-33.4375,-0.5956421,-0.7960205,-0.052368164,-0.093933105
2a,1,Left Ankle,4243855,1779734218720,0.35,12.67,-1.73,-31.6875,-43.875,-31.75,-0.6008911,-0.793396,-0.050354004,-0.08306885
2a,4,Right Wrist,30246802,1779734218720,-7.643374,-12.500205,-2.103291,-103.73496,-60.68889,-58.64627,-154.11082,-44.879185,233.4168,0.0
2a,1,Left Ankle,4243878,1779734218745,-2.26,10.79,-3.0,-18.4375,8.6875,-11.5625,-0.6038208,-0.7911377,-0.0524292,-0.081970215
2a,2,Right Ankle,1285909,1779734218753,-9.00245,1.512599,0.25603202,5.876638,17.37624,11.617619,40.339127,70.42078,252.03119,0.0
2a,4,Right Wrist,30246862,1779734218780,-8.480862,0.10757658,-4.9651065,-270.68497,38.22111,62.593727,-154.19432,-44.840664,233.3909,0.0
2a,1,Left Ankle,4243916,1779734218780,0.78,9.89,-2.64,-6.5625,0.5,7.5,-0.60583496,-0.78912354,-0.054504395,-0.08526611
2a,1,Left Ankle,4243901,1779734218780,0.24,8.02,-3.61,-8.1875,20.125,-0.1875,-0.6050415,-0.7897949,-0.054992676,-0.083984375
2a,3,Left Wrist,4043874,1779734218790,21.377678,-3.6224368,3.7471604,-208.83423,22.3097,76.19922,-107.05683,-46.753998,333.72964,0.0
2a,1,Left Ankle,4243941,1779734218812,-0.45,9.8,-1.18,-0.9375,-9.1875,16.5,-0.6060791,-0.7890625,-0.051574707,-0.08569336
2a,2,Right Ankle,1285969,1779734218813,-9.196269,1.0579628,-1.5242281,-2.663362,9.46624,15.117619,40.4368,70.47334,252.12617,0.0
2a,1,Left Ankle,4243961,1779734218837,0.15,9.77,-0.97,6.125,2.125,26.25,-0.6052246,-0.7897339,-0.04827881,-0.087890625
2a,1,Left Ankle,4243982,1779734218846,0.18,10.2,-1.79,13.0625,16.375,33.625,-0.6031494,-0.7909546,-0.04534912,-0.09265137
2a,4,Right Wrist,30246921,1779734218847,-3.9967122,8.015855,-2.2372892,18.555038,97.02111,25.563728,-154.21184,-44.860043,233.39168,0.0
2a,3,Left Wrist,4044038,1779734218849,-1.229709,-3.6224368,-12.370893,170.84578,-119.8603,248.74922,-107.11108,-46.545387,333.88016,0.0
2a,1,Left Ankle,4243996,1779734218868,-0.09,10.02,-2.22,22.0625,24.625,33.6875,-0.59973145,-0.7928467,-0.04345703,-0.09906006
2a,2,Right Ankle,1286029,1779734218880,-8.684204,-0.779725,-1.564906,-19.953362,-1.4537598,16.377619,40.459576,70.53462,252.15555,0.0
2a,1,Left Ankle,4244017,1779734218898,1.45,10.19,-1.46,24.5,17.3125,34.875,-0.59576416,-0.79522705,-0.041259766,-0.1048584
2a,4,Right Wrist,30246982,1779734218900,-4.377171,3.505385,-1.9477576,110.88504,97.721115,-60.746273,-154.21332,-44.879227,233.42307,0.0
2a,3,Left Wrist,4044057,1779734218913,-1.5000983,-0.47587505,-15.704095,122.895775,-132.6703,239.78923,-107.193306,-46.428875,333.98444,0.0
2a,1,Left Ankle,4244048,1779734218930,1.55,10.86,-1.49,22.8125,6.0,33.875,-0.590271,-0.79870605,-0.036071777,-0.11090088
2a,1,Left Ankle,4244057,1779734218930,2.84,9.25,-2.61,16.3125,2.8125,27.625,-0.5889282,-0.7996216,-0.034484863,-0.11242676
2a,2,Right Ankle,1286089,1779734218935,-8.787096,2.2998376,-1.2873386,-46.063362,-9.99376,21.55762,40.581337,70.56729,252.28665,0.0
2a,1,Left Ankle,4244083,1779734218962,1.26,9.34,-2.49,23.875,35.8125,44.4375,-0.5826416,-0.8023071,-0.03277588,-0.12573242
2a,3,Left Wrist,4044114,1779734218970,-0.66021746,3.0774665,-12.507284,97.41577,-193.71031,165.30922,-107.31564,-46.347908,334.13043,0.0
2a,1,Left Ankle,4244104,1779734218987,1.92,10.74,-2.84,24.9375,58.625,45.25,-0.58032227,-0.8029785,-0.03289795,-0.13183594
2a,1,Left Ankle,4244117,1779734218988,3.85,11.93,-3.57,20.6875,66.5625,42.0,-0.57598877,-0.803772,-0.034057617,-0.14501953
2a,4,Right Wrist,30247041,1779734218996,-4.9705906,-0.13888416,-2.2636101,19.25504,68.251114,-128.36627,-154.24557,-44.882614,233.47182,0.0
2a,2,Right Ankle,1286149,1779734218996,-9.208233,1.9959493,-0.10528419,-23.943363,-17.20376,13.017618,40.68145,70.60381,252.38882,0.0
2a,1,Left Ankle,4244162,1779734219021,3.18,10.88,-2.27,-1.8125,56.125,21.9375,-0.5720825,-0.80249023,-0.03643799,-0.16546631
2a,1,Left Ankle,4244144,1779734219022,3.1,12.44,-3.73,8.0,48.8125,34.5,-0.5731201,-0.803772,-0.03479004,-0.15582275
2a,3,Left Wrist,4044174,1779734219029,-3.170289,0.6463588,-9.157332,74.38577,-149.82031,154.31923,-107.4205,-46.253437,334.24844,0.0
2a,1,Left Ankle,4244189,1779734219047,2.7,10.41,-4.09,-7.4375,29.25,12.375,-0.5727539,-0.8001709,-0.038146973,-0.17388916
2a,4,Right Wrist,30247102,1779734219054,-5.44437,-0.8208383,-0.06699903,5.32504,48.16111,-131.86627,-154.272,-44.893944,233.51599,0.0
2a,2,Right Ankle,1286208,1779734219055,-9.471443,1.687275,-0.19381864,-29.543362,-8.59376,5.4576187,40.762012,70.64916,252.47437,0.0
2a,1,Left Ankle,4244205,1779734219079,-0.65,7.64,-0.46,-16.1875,-2.8125,-0.625,-0.57458496,-0.7987671,-0.037902832,-0.17425537
2a,1,Left Ankle,4244226,1779734219109,-2.39,7.68,0.33,-19.5,-2.5,-1.9375,-0.5772705,-0.79663086,-0.038391113,-0.17504883
2a,1,Left Ankle,4244248,1779734219110,-5.8,8.0,1.42,-18.5625,66.8125,-3.5625,-0.5794678,-0.79315186,-0.043640137,-0.18225098
2a,4,Right Wrist,30247192,1779734219112,-5.566404,-4.2018967,1.8879371,-27.014961,14.911112,-97.14628,-154.28322,-44.89698,233.53731,0.0
2a,2,Right Ankle,1286269,1779734219115,-9.20584,1.9672353,-0.6867401,-27.233362,1.9762402,-12.532381,40.856144,70.696884,252.5712,0.0
2a,1,Left Ankle,4244264,1779734219139,-4.92,7.85,1.52,-27.25,50.6875,-23.1875,-0.5827637,-0.78881836,-0.05090332,-0.18859863
2a,1,Left Ankle,4244292,1779734219170,0.18,5.47,0.26,-42.75,3.0625,-45.8125,-0.5892334,-0.7839966,-0.05633545,-0.18695068
2a,1,Left Ankle,4244305,1779734219171,2.74,3.92,-0.08,-45.5,-20.0,-39.125,-0.5967407,-0.77960205,-0.05895996,-0.18078613
2a,4,Right Wrist,30247251,1779734219171,-4.140281,-5.0393844,2.1559331,-43.394962,-8.958889,-60.676273,-154.28502,-44.8898,233.54236,0.0
2a,2,Right Ankle,1286329,1779734219174,-9.308731,1.6442043,-0.24885355,5.596638,-5.3037596,-21.77238,40.93135,70.74938,252.63806,0.0
2a,1,Left Ankle,4244325,1779734219201,1.88,4.61,-1.59,-39.1875,-11.1875,-31.75,-0.60321045,-0.7755127,-0.060668945,-0.17608643
2a,3,Left Wrist,4044234,1779734219214,-0.68414545,-1.3660052,-8.62134,-20.604223,-24.590302,142.48923,-107.52138,-46.17412,334.31143,0.0
2a,1,Left Ankle,4244350,1779734219230,2.29,4.34,-1.1,-42.125,-3.0,-20.6875,-0.6092529,-0.77130127,-0.061950684,-0.17340088
2a,1,Left Ankle,4244369,1779734219232,0.89,5.56,4.16,-54.0,7.125,-2.6875,-0.6159668,-0.7659912,-0.062194824,-0.17333984
2a,2,Right Ankle,1286389,1779734219239,-9.083806,0.45975715,0.0957129,15.046637,1.6262403,-20.372381,40.94273,70.816956,252.6422,0.0
2a,4,Right Wrist,30247312,1779734219238,-3.0778677,-6.2788663,2.440679,-26.664959,-19.738888,-24.206272,-154.26477,-44.87646,233.52902,0.0
2a,1,Left Ankle,4244385,1779734219264,18.69,9.61,-32.59,32.0625,166.5625,-24.625,-0.6147461,-0.7616577,-0.0793457,-0.18884277
2a,3,Left Wrist,4044397,1779734219272,4.5393863,-2.1125658,-4.6085763,21.115776,-7.5103006,12.149223,-107.70361,-46.174526,334.4424,0.0
2a,1,Left Ankle,4244410,1779734219285,4.1,27.53,-8.06,16.0,-46.25,77.9375,-0.60736084,-0.76586914,-0.0758667,-0.19702148
2a,1,Left Ankle,4244431,1779734219286,9.66,10.26,2.88,-35.875,-58.1875,-101.875,-0.612854,-0.76379395,-0.07635498,-0.18756104
2a,2,Right Ankle,1286449,1779734219297,-9.076628,0.488471,0.040677983,2.166638,10.586241,7.627619,40.98074,70.88004,252.67885,0.0
2a,1,Left Ankle,4244447,1779734219321,-7.46,-0.77,2.77,-61.5,-126.0625,-51.3125,-0.6241455,-0.7605591,-0.07165527,-0.1640625
2a,1,Left Ankle,4244466,1779734219321,-1.87,9.93,-3.58,-40.9375,-38.9375,-51.1875,-0.6331787,-0.7558594,-0.07006836,-0.15124512
2a,4,Right Wrist,30247372,1779734219321,-3.3769705,-7.101998,1.7467606,-20.50496,-24.98889,21.713728,-154.2267,-44.85084,233.49496,0.0
2a,3,Left Wrist,4044474,1779734219328,3.0462644,-2.6796646,-5.869594,10.055777,-3.0303006,4.589222,-107.7962,-46.158524,334.51212,0.0
2a,1,Left Ankle,4244486,1779734219347,-3.9,12.81,1.07,6.5625,87.1875,-15.0625,-0.63342285,-0.7536621,-0.07824707,-0.15698242
2a,2,Right Ankle,1286509,1779734219355,-8.904345,0.67989683,-1.6271194,-3.153362,19.05624,23.867619,41.08424,70.935326,252.78117,0.0
2a,1,Left Ankle,4244510,1779734219378,7.13,9.77,-1.69,6.8125,90.375,-46.5,-0.6317749,-0.7515259,-0.09429932,-0.16491699
2a,3,Left Wrist,4044534,1779734219388,0.09352175,-4.3546405,-7.7144604,-26.414223,13.489698,-11.440777,-107.88675,-46.118557,334.56848,0.0
2a,1,Left Ankle,4244526,1779734219406,3.27,9.85,-2.67,-16.125,3.875,-26.875,-0.63378906,-0.7493286,-0.1003418,-0.16369629
2a,2,Right Ankle,1286569,1779734219413,-9.490586,2.1275544,-1.0241281,27.716637,3.1662402,4.407619,41.21912,70.978096,252.90015,0.0
2a,1,Left Ankle,4244557,1779734219438,-0.33,8.77,-0.33,-20.6875,-40.3125,-31.125,-0.63793945,-0.7474365,-0.099487305,-0.15649414
2a,1,Left Ankle,4244566,1779734219438,-0.85,9.43,-0.62,-12.0,-17.25,-18.875,-0.64068604,-0.7462158,-0.099121094,-0.15112305
2a,4,Right Wrist,30247432,1779734219439,-6.133503,-6.0276203,1.940579,-21.484959,-30.518888,53.56373,-154.19113,-44.815735,233.45593,0.0
2a,1,Left Ankle,4244592,1779734219471,-0.11,10.62,-1.26,-2.4375,7.5625,-14.5,-0.6416626,-0.74542236,-0.10119629,-0.14971924
2a,1,Left Ankle,4244608,1779734219472,0.68,9.99,-1.26,0.25,13.6875,-13.875,-0.64178467,-0.744812,-0.10443115,-0.14990234
2a,2,Right Ankle,1286628,1779734219474,-9.105342,0.96703553,-0.49292147,-0.84336233,8.13624,-11.83238,41.281563,71.03855,252.95908,0.0
2a,1,Left Ankle,4244631,1779734219498,1.11,9.37,-1.55,-3.0625,-1.1875,-11.5,-0.64208984,-0.74420166,-0.1071167,-0.14978027
2a,4,Right Wrist,30247625,1779734219506,-6.442177,-1.040978,-0.37806597,52.785038,24.081112,9.883728,-154.16063,-44.76311,233.4244,0.0
2a,3,Left Wrist,4044594,1779734219510,-1.0717828,-4.043574,-8.121241,-29.634224,36.6597,-31.88078,-107.972046,-46.085266,334.61642,0.0
2a,1,Left Ankle,4244653,1779734219528,0.22,9.7,-1.32,-5.375,-14.125,-7.8125,-0.6431885,-0.7437744,-0.10681152,-0.1473999
2a,1,Left Ankle,4244672,1779734219529,0.29,9.6,-1.27,-5.125,-11.4375,-9.0625,-0.6442261,-0.74334717,-0.10662842,-0.14520264
2a,2,Right Ankle,1286689,1779734219541,-8.97613,0.7205748,-1.0887343,-3.7833622,9.81624,-20.02238,41.339153,71.10209,253.01384,0.0
2a,1,Left Ankle,4244693,1779734219557,0.19,9.75,-1.36,-3.5625,-2.25,-7.875,-0.6453247,-0.74261475,-0.10760498,-0.14337158
2a,4,Right Wrist,30247645,1779734219563,-5.930113,-1.9670004,-0.19621146,52.15504,25.761112,8.133728,-154.12357,-44.744118,233.40652,0.0
2a,3,Left Wrist,4044757,1779734219572,2.866803,-0.5596239,-5.316852,-65.68423,54.579697,-56.800777,-108.19086,-46.093098,334.72397,0.0
2a,1,Left Ankle,4244711,1779734219589,0.78,9.61,-1.01,-2.0625,2.125,-9.3125,-0.6455078,-0.7423706,-0.10827637,-0.14300537
2a,1,Left Ankle,4244732,1779734219590,0.55,9.74,-1.07,-2.4375,-0.6875,-8.3125,-0.6459961,-0.74194336,-0.109313965,-0.14215088
2a,2,Right Ankle,1286749,1779734219597,-9.050307,0.8234662,-1.1964114,-5.3233624,2.0462403,-18.062382,41.398586,71.16201,253.07045,0.0
2a,1,Left Ankle,4244753,1779734219615,0.17,9.52,-1.44,-3.5625,-4.4375,-8.6875,-0.6470337,-0.741333,-0.11016846,-0.14013672
2a,4,Right Wrist,30247702,1779734219622,-5.4563336,-4.228218,-0.5096712,29.265038,25.901112,5.613728,-154.08156,-44.722893,233.3801,0.0
2a,1,Left Ankle,4244768,1779734219647,0.41,9.75,-1.15,-1.75,-3.0,-8.75,-0.64733887,-0.74121094,-0.11029053,-0.13928223
2a,1,Left Ankle,4244792,1779734219647,0.19,9.51,-0.88,-0.1875,-2.8125,-9.8125,-0.64764404,-0.74102783,-0.11114502,-0.13787842
2a,2,Right Ankle,1286809,1779734219654,-8.97613,0.30900934,-0.9954142,1.8866382,-1.4537598,-8.962381,41.439934,71.2236,253.10808,0.0
2a,1,Left Ankle,4244812,1779734219677,-0.01,9.71,-1.28,1.4375,-0.9375,-8.6875,-0.64782715,-0.74102783,-0.11212158,-0.13665771
2a,4,Right Wrist,30247762,1779734219679,-7.703194,-4.3143597,-0.4977071,-21.554958,26.11111,-5.0962715,-154.0667,-44.704235,233.36266,0.0
2a,3,Left Wrist,4044776,1779734219688,3.2041912,-3.0553381,-6.053841,-61.904224,55.2797,-66.74078,-108.29479,-46.104523,334.77563,0.0
2a,1,Left Ankle,4244835,1779734219706,0.45,9.67,-1.03,3.125,-0.6875,-8.625,-0.6477051,-0.74121094,-0.112976074,-0.13531494
2a,1,Left Ankle,4244854,1779734219714,0.36,9.96,-1.08,2.75,-5.625,-7.9375,-0.64764404,-0.74157715,-0.11376953,-0.13293457
2a,2,Right Ankle,1286869,1779734219715,-9.244125,0.20372508,-0.8111669,1.6766381,-4.25376,-2.5223808,41.47419,71.28443,253.13947,0.0
2a,4,Right Wrist,30247822,1779734219740,-10.411869,-3.201697,-0.26321048,-2.37496,22.751112,-31.346272,-154.06226,-44.690697,233.36348,0.0
2a,1,Left Ankle,4244869,1779734219740,0.41,9.77,-1.27,3.625,-8.8125,-8.5625,-0.6473999,-0.7416382,-0.114990234,-0.13287354
2a,3,Left Wrist,4044937,1779734219749,12.56252,-8.850755,-8.305488,-28.934223,74.8797,-126.10077,-108.46314,-46.204075,334.87222,0.0
2a,1,Left Ankle,4244894,1779734219772,0.25,9.47,-1.13,5.3125,-12.5625,-9.3125,-0.6470947,-0.74261475,-0.11480713,-0.12884521
2a,1,Left Ankle,4244909,1779734219773,-0.02,9.63,-1.19,6.125,-14.9375,-7.5,-0.64697266,-0.743042,-0.11450195,-0.1274414
2a,2,Right Ankle,1286929,1779734219773,-9.437944,0.4142935,-0.7537392,3.7766376,-5.8637595,-2.032381,41.515865,71.34329,253.17706,0.0
2a,1,Left Ankle,4244934,1779734219797,-0.22,9.66,-1.25,6.9375,-13.0,-5.4375,-0.64593506,-0.74420166,-0.114990234,-0.12512207
2a,4,Right Wrist,30247882,1779734219808,-10.533903,-4.986742,-0.23688945,8.82504,18.971111,-31.62627,-154.0486,-44.67539,233.36104,0.0
2a,3,Left Wrist,4044956,1779734219816,14.280567,-8.506188,-8.7577305,-50.844223,70.5397,-119.94078,-108.55792,-46.273727,334.92087,0.0
2a,1,Left Ankle,4244954,1779734219831,-0.25,9.67,-1.36,6.9375,-10.8125,-3.0,-0.6453247,-0.7451782,-0.11431885,-0.12335205
2a,1,Left Ankle,4244972,1779734219831,-0.15,9.42,-1.32,6.75,-8.9375,-1.5625,-0.64508057,-0.7456665,-0.11364746,-0.12237549
2a,2,Right Ankle,1286989,1779734219840,-9.138841,0.22526051,-0.79681,-2.453362,-5.0937595,-6.722381,41.546227,71.404686,253.20573,0.0
2a,1,Left Ankle,4244995,1779734219857,-0.29,9.38,-1.41,4.375,-5.0625,2.1875,-0.64434814,-0.74664307,-0.11383057,-0.11975098
2a,4,Right Wrist,30247942,1779734219863,-6.475676,-2.1679976,0.6915257,-12.87496,35.70111,-28.336273,-154.04248,-44.669548,233.35603,0.0
2a,3,Left Wrist,4045014,1779734219872,14.512671,-7.209278,-9.025727,-81.644226,32.109703,-19.63078,-108.66518,-46.31289,334.972,0.0
2a,1,Left Ankle,4245018,1779734219889,-0.34,9.61,-1.46,3.0,0.25,4.4375,-0.64398193,-0.7470703,-0.11401367,-0.119018555
2a,2,Right Ankle,1287049,1779734219896,-8.899559,0.05058445,-1.268196,-2.5233622,-4.81376,-6.6523814,41.582344,71.46592,253.23988,0.0
2a,1,Left Ankle,4245040,1779734219916,-0.28,9.53,-1.5,1.5625,5.5625,7.0,-0.64349365,-0.7473755,-0.11444092,-0.11932373
2a,1,Left Ankle,4245055,1779734219921,0.05,9.59,-1.56,0.6875,7.75,8.25,-0.6430664,-0.74749756,-0.11444092,-0.120910645
2a,4,Right Wrist,30248001,1779734219921,-4.302994,-2.790131,0.20578274,12.605041,53.27111,-40.44627,-154.01924,-44.668247,233.34602,0.0
2a,3,Left Wrist,4045074,1779734219928,12.359131,-4.9815598,-9.102297,-4.1542234,17.409698,-6.4007797,-108.752396,-46.343914,335.03055,0.0
2a,1,Left Ankle,4245074,1779734219948,0.34,9.62,-1.47,-0.375,6.0625,8.3125,-0.6427002,-0.74749756,-0.11444092,-0.12298584
2a,2,Right Ankle,1287109,1779734219956,-9.227375,-0.19109064,-0.5455636,-6.023362,-3.2037597,-1.8923812,41.589546,71.53016,253.24832,0.0
2a,1,Left Ankle,4245114,1779734219980,0.02,9.47,-1.56,-2.4375,3.5,9.125,-0.64263916,-0.7472534,-0.113098145,-0.12585449
2a,1,Left Ankle,4245104,1779734219980,0.08,9.59,-1.68,-2.125,3.3125,9.0,-0.64263916,-0.7473755,-0.113708496,-0.12445068
2a,4,Right Wrist,30248062,1779734219980,-3.3985062,-2.644169,-0.09092726,-15.04496,53.34111,-36.316273,-154.0012,-44.664043,233.33195,0.0
2a,3,Left Wrist,4045134,1779734219988,11.4618225,-5.2926273,-8.817552,23.285776,-6.3903008,21.03922,-108.835785,-46.357494,335.09662,0.0
2a,1,Left Ankle,4245136,1779734220014,0.28,9.79,-1.49,-3.8125,7.9375,9.625,-0.6427002,-0.7468872,-0.11273193,-0.12768555
2a,2,Right Ankle,1287168,1779734220014,-9.265661,0.1486902,-0.8566305,-7.4233623,-1.1737598,3.917619,41.627594,71.590454,253.28711,0.0
2a,1,Left Ankle,4245156,1779734220035,0.35,9.76,-1.37,-3.5625,10.25,9.0,-0.64282227,-0.74645996,-0.11260986,-0.12994385
2a,1,Left Ankle,4245176,1779734220036,0.41,9.83,-1.07,-2.875,11.0,8.9375,-0.6430664,-0.74627686,-0.11114502,-0.13104248
2a,4,Right Wrist,30248122,1779734220038,-4.635596,-4.0487556,-0.41156548,-44.09496,45.431114,-26.376272,-153.98933,-44.654095,233.31374,0.0
2a,1,Left Ankle,4245196,1779734220068,0.39,9.6,-1.17,-2.375,8.5625,8.625,-0.6430054,-0.7459717,-0.110961914,-0.13330078
2a,2,Right Ankle,1287229,1779734220073,-9.210626,-0.01641458,-0.79920274,-7.633362,-2.36376,6.087619,41.65772,71.65115,253.31854,0.0
2a,3,Left Wrist,4045194,1779734220077,20.262625,-10.418053,-8.666803,-36.774223,-14.020301,51.559223,-108.9211,-46.38955,335.14825,0.0
2a,1,Left Ankle,4245217,1779734220098,0.18,9.49,-1.31,-2.5,5.1875,10.6875,-0.6430054,-0.7457886,-0.11022949,-0.1350708
2a,1,Left Ankle,4245243,1779734220098,0.26,9.69,-1.35,-1.4375,5.3125,12.8125,-0.6427002,-0.7456665,-0.10876465,-0.13806152
2a,4,Right Wrist,30248182,1779734220131,-4.6786666,-4.632605,-2.2540388,-24.214958,23.801111,-19.026272,-153.97153,-44.624905,233.29694,0.0
2a,1,Left Ankle,4245258,1779734220131,0.32,9.47,-1.32,-1.0,6.375,14.125,-0.6425781,-0.7456665,-0.1083374,-0.13909912
2a,2,Right Ankle,1287289,1779734220133,-9.229768,0.22286767,-0.9068798,-6.093362,-3.2737598,6.997619,41.702503,71.709404,253.36342,0.0
2a,1,Left Ankle,4245284,1779734220158,0.38,9.36,-1.3,-1.625,6.3125,14.875,-0.642395,-0.7457886,-0.10571289,-0.14129639
2a,1,Left Ankle,4245301,1779734220163,0.54,9.82,-1.45,-2.6875,6.4375,15.5,-0.642334,-0.74572754,-0.10510254,-0.14245605
2a,1,Left Ankle,4245318,1779734220190,0.49,9.65,-1.51,-4.6875,6.0625,15.9375,-0.642395,-0.74542236,-0.103515625,-0.14489746
2a,2,Right Ankle,1287349,1779734220198,-9.208233,0.23722461,-0.9236295,-10.923363,-1.1737598,6.857619,41.748417,71.76807,253.41112,0.0
2a,1,Left Ankle,4245344,1779734220217,0.67,9.45,-1.38,-5.875,5.375,16.0625,-0.6427002,-0.74468994,-0.101135254,-0.1486206
2a,4,Right Wrist,30248345,1779734220224,-5.8272214,-6.1975107,-1.5601203,12.535041,13.721111,10.793728,-153.91048,-44.571026,233.25491,0.0
2a,1,Left Ankle,4245362,1779734220224,0.74,9.69,-1.17,-6.1875,3.3125,16.625,-0.6428833,-0.7444458,-0.10028076,-0.14971924
2a,3,Left Wrist,4045253,1779734220232,11.191433,0.1103665,-7.405786,7.7457767,-28.7203,68.91922,-109.00309,-46.412685,335.21075,0.0
2a,1,Left Ankle,4245388,1779734220251,0.83,9.63,-1.03,-4.4375,4.5625,13.625,-0.64349365,-0.74401855,-0.09637451,-0.1517334
2a,2,Right Ankle,1287409,1779734220258,-9.155591,0.22526051,-0.9020941,-12.393362,-3.9037595,4.337619,41.789234,71.826675,253.45406,0.0
2a,1,Left Ankle,4245409,1779734220281,1.08,9.79,-0.94,-3.625,5.875,11.875,-0.64349365,-0.7437134,-0.095581055,-0.15368652
2a,4,Right Wrist,30248364,1779734220282,-6.564211,-4.809674,-0.16271193,0.0050401688,14.701112,6.0337276,-153.88115,-44.54818,233.23137,0.0
2a,3,Left Wrist,4045448,1779734220290,9.796417,-2.3997045,-8.578269,11.315777,-23.8903,40.079224,-109.182014,-46.38278,335.34454,0.0
2a,1,Left Ankle,4245426,1779734220307,1.05,9.48,-1.05,-2.1875,5.375,7.375,-0.64367676,-0.7435913,-0.09442139,-0.15423584
2a,1,Left Ankle,4245447,1779734220308,1.41,9.23,-1.53,1.375,-4.375,-2.3125,-0.6436157,-0.7437134,-0.09429932,-0.15405273
2a,2,Right Ankle,1287469,1779734220316,-9.201054,-0.17912652,-0.7393822,-7.703362,-4.60376,2.727619,41.8065,71.888756,253.4729,0.0
2a,1,Left Ankle,4245465,1779734220340,1.36,9.44,-1.1,1.4375,-12.6875,-5.875,-0.6437378,-0.7440796,-0.09387207,-0.15216064
2a,4,Right Wrist,30248421,1779734220340,-6.3416786,-4.618248,-1.4715859,-29.74496,5.6711116,14.573729,-153.86252,-44.514576,233.20712,0.0
2a,3,Left Wrist,4045494,1779734220348,11.882958,-4.8403835,-9.126225,10.755776,-27.8103,79.83922,-109.27035,-46.37779,335.4112,0.0
2a,1,Left Ankle,4245489,1779734220373,1.57,9.78,-1.18,1.5,-15.0,-9.25,-0.6439209,-0.7445679,-0.09326172,-0.14929199
2a,2,Right Ankle,1287529,1779734220373,-9.363766,0.24918872,-0.5694918,-6.583362,-3.2037597,4.407619,41.841007,71.94842,253.50803,0.0
2a,1,Left Ankle,4245504,1779734220373,1.67,9.3,-1.42,2.375,-18.4375,-17.25,-0.64416504,-0.7451172,-0.09295654,-0.14569092
2a,1,Left Ankle,4245525,1779734220399,0.75,9.0,-1.24,1.125,-17.6875,-19.1875,-0.64471436,-0.74542236,-0.093322754,-0.14129639
2a,4,Right Wrist,30248482,1779734220399,-4.121139,-4.6541405,-2.6057837,33.18504,-11.338888,20.873728,-153.81596,-44.46493,233.17921,0.0
2a,3,Left Wrist,4045554,1779734220409,10.770296,-6.106187,-9.626326,34.765778,-52.6603,121.20923,-109.354485,-46.340416,335.48322,0.0
2a,1,Left Ankle,4245563,1779734220432,0.81,9.66,-1.69,0.875,-10.0625,-17.0625,-0.64575195,-0.7456665,-0.09460449,-0.13415527
2a,1,Left Ankle,4245549,1779734220433,0.36,9.41,-1.6,1.3125,-11.0,-18.1875,-0.64520264,-0.74560547,-0.09429932,-0.13763428
2a,2,Right Ankle,1287589,1779734220434,-9.169948,-0.18391217,-0.6269195,3.006638,-1.4537598,8.32762,41.864864,72.01033,253.53026,0.0
2a,1,Left Ankle,4245585,1779734220456,0.21,9.81,-1.39,-1.125,-22.0,-11.3125,-0.64642334,-0.7458496,-0.09399414,-0.13061523
2a,1,Left Ankle,4245605,1779734220457,-0.19,9.48,-1.02,-3.375,-41.5625,-6.625,-0.647522,-0.7462158,-0.09094238,-0.12506104
2a,4,Right Wrist,30248541,1779734220459,-3.9105709,-4.316752,-1.5625132,63.215042,-20.29889,24.723728,-153.7575,-44.418243,233.15044,0.0
2a,3,Left Wrist,4045614,1779734220469,8.987643,-7.228421,-10.820344,66.825775,-86.2603,184.62923,-109.42937,-46.258995,335.55908,0.0
2a,1,Left Ankle,4245628,1779734220492,-0.17,9.79,-1.53,-3.4375,-41.0,-3.3125,-0.6484375,-0.74664307,-0.08679199,-0.12023926
2a,2,Right Ankle,1287649,1779734220499,-9.552799,1.2015321,-0.7537392,4.966638,-0.61375976,-3.712381,41.950397,72.063324,253.60966,0.0
2a,1,Left Ankle,4245645,1779734220517,-0.32,10.11,-1.06,0.125,-30.625,12.1875,-0.6488037,-0.7473755,-0.081848145,-0.11730957
2a,4,Right Wrist,30248602,1779734220523,-8.22483,-2.9145584,0.29192436,31.855038,-45.358887,34.31373,-153.72882,-44.37486,233.1355,0.0
2a,3,Left Wrist,4045674,1779734220529,6.460823,-9.657135,-11.547762,130.24577,-111.4603,213.39923,-109.476974,-46.140263,335.63452,0.0
2a,1,Left Ankle,4245684,1779734220551,0.55,9.81,-1.01,-0.125,-26.5,24.125,-0.6485596,-0.7490845,-0.07098389,-0.114746094
2a,1,Left Ankle,4245667,1779734220551,0.37,10.02,-0.99,0.875,-26.25,18.125,-0.6487427,-0.74823,-0.07672119,-0.11566162
2a,2,Right Ankle,1287708,1779734220558,-11.139241,-0.25808966,-1.2658032,-10.013362,-5.44376,-27.02238,41.951187,72.131386,253.61118,0.0
2a,1,Left Ankle,4245706,1779734220580,0.0,10.03,-1.36,-0.3125,-21.9375,29.625,-0.6483154,-0.7498779,-0.0647583,-0.114868164
2a,1,Left Ankle,4245726,1779734220581,-0.13,10.07,-1.65,0.5625,-14.1875,34.0625,-0.6478882,-0.75061035,-0.05810547,-0.11590576
2a,4,Right Wrist,30248662,1779734220581,-10.328119,-1.4812574,0.38524443,20.445042,-40.73889,0.013727903,-153.72166,-44.339725,233.13997,0.0
2a,1,Left Ankle,4245752,1779734220606,0.67,9.06,-1.29,1.4375,-4.6875,33.5625,-0.64715576,-0.75115967,-0.053100586,-0.11871338
2a,2,Right Ankle,1287769,1779734220615,-9.354196,0.4238648,-2.9599216,-25.973362,5.47624,-20.232382,42.018326,72.19293,253.68248,0.0
2a,1,Left Ankle,4245766,1779734220640,0.95,9.55,-1.49,2.875,0.5625,33.6875,-0.64642334,-0.75183105,-0.04736328,-0.12109375
2a,1,Left Ankle,4245786,1779734220640,1.22,9.76,-1.1,6.625,4.4375,27.1875,-0.64501953,-0.7526245,-0.044189453,-0.124694824
2a,4,Right Wrist,30248722,1779734220641,-7.7534437,-3.9458647,-1.8257236,21.77504,-17.638887,-41.84627,-153.71335,-44.307125,233.1508,0.0
2a,3,Left Wrist,4045734,1779734220649,3.9316092,-7.8936257,-9.518648,105.74577,-121.7503,221.93922,-109.5328,-46.01097,335.7112,0.0
2a,1,Left Ankle,4245810,1779734220666,1.59,9.78,-0.81,10.75,8.25,17.5625,-0.64331055,-0.7536621,-0.04260254,-0.12774658
2a,1,Left Ankle,4245826,1779734220696,2.7,9.17,-0.69,14.375,9.6875,4.6875,-0.6412964,-0.75494385,-0.043395996,-0.13006592
2a,4,Right Wrist,30248782,1779734220699,-5.157231,-6.802895,-2.3856442,-29.74496,-14.278889,-29.106274,-153.6992,-44.27036,233.14178,0.0
2a,1,Left Ankle,4245853,1779734220733,2.6,9.1,-0.65,16.6875,6.125,-5.25,-0.6392212,-0.75653076,-0.04486084,-0.13061523
2a,1,Left Ankle,4245871,1779734220733,1.22,9.68,-0.97,18.0,4.375,-11.125,-0.63739014,-0.7583008,-0.045654297,-0.12872314
2a,1,Left Ankle,4245887,1779734220759,0.72,10.06,-1.21,18.625,4.1875,-13.0,-0.6352539,-0.76013184,-0.04815674,-0.12768555
2a,2,Right Ankle,1287829,1779734220770,-7.4854,5.030049,1.6797615,-37.243362,-4.81376,30.027618,42.217583,72.13721,253.88658,0.0
2a,3,Left Wrist,4045897,1779734220771,4.8959165,-4.0962157,-1.2753744,68.99577,-52.5903,135.90923,-109.54327,-45.90475,335.7617,0.0
2a,1,Left Ankle,4245908,1779734220792,0.88,9.15,-2.31,21.8125,11.3125,-13.8125,-0.63275146,-0.76208496,-0.051330566,-0.12731934
2a,4,Right Wrist,30248842,1779734220793,-3.3315072,-6.752646,-1.0935199,-77.41496,-14.978888,11.773728,-153.68057,-44.23442,233.10893,0.0
2a,1,Left Ankle,4245933,1779734220818,0.52,9.45,-2.17,19.9375,13.5,-9.625,-0.63031006,-0.763916,-0.054138184,-0.12731934
2a,1,Left Ankle,4245957,1779734220824,0.75,9.36,-2.16,20.6875,19.5,-9.9375,-0.6277466,-0.76556396,-0.057861328,-0.12835693
2a,2,Right Ankle,1287993,1779734220825,-6.154991,2.9937563,-2.969493,17.216637,-22.24376,73.49762,42.46751,72.19731,254.11716,0.0
2a,3,Left Wrist,4046019,1779734220829,0.7443693,-5.4649105,-3.3403804,40.295776,-3.6603007,35.73922,-109.45566,-45.751816,335.723,0.0
2a,4,Right Wrist,30248902,1779734220851,-4.3556356,-4.8479586,-0.26081768,-61.10496,-25.408888,52.863728,-153.65631,-44.191257,233.06808,0.0
2a,1,Left Ankle,4245970,1779734220851,-0.08,9.97,-1.32,18.5625,17.5,1.0625,-0.625,-0.7671509,-0.06109619,-0.13092041
2a,2,Right Ankle,1288039,1779734220884,-11.098563,1.83563,-2.682354,-51.173363,-6.0737596,39.19762,42.595787,72.23353,254.25897,0.0
2a,1,Left Ankle,4246010,1779734220884,0.1,9.73,-1.64,18.4375,-4.4375,26.1875,-0.61932373,-0.77124023,-0.059265137,-0.13476562
2a,1,Left Ankle,4245995,1779734220884,1.02,9.73,-1.61,19.5,8.4375,8.6875,-0.6207886,-0.77008057,-0.061035156,-0.13378906
2a,1,Left Ankle,4246035,1779734220907,-0.08,9.96,-1.25,20.375,-5.25,38.1875,-0.6140137,-0.77508545,-0.052001953,-0.13977051
2a,4,Right Wrist,30248992,1779734220910,-15.113766,-2.5005999,2.7397819,-29.604961,-36.468887,75.75372,-153.64026,-44.149902,233.03674,0.0
2a,3,Left Wrist,4046038,1779734220919,-2.205981,-5.0174522,-5.218746,55.345776,-8.4203005,31.11922,-109.48522,-45.674583,335.7574,0.0
2a,1,Left Ankle,4246059,1779734220943,-0.47,10.32,-0.87,21.1875,5.3125,50.1875,-0.60998535,-0.7774048,-0.046447754,-0.1463623
2a,1,Left Ankle,4246076,1779734220944,-1.72,13.64,-1.52,17.0,27.3125,63.0625,-0.60614014,-0.7785034,-0.042114258,-0.15716553
2a,2,Right Ankle,1288099,1779734220950,-9.012021,2.4410143,-0.5599205,-12.883362,-13.56376,15.187618,42.747154,72.26013,254.40761,0.0
2a,1,Left Ankle,4246096,1779734220966,0.68,9.78,-1.17,-0.4375,46.125,52.625,-0.60375977,-0.77801514,-0.040222168,-0.16894531
2a,4,Right Wrist,30249052,1779734220975,-15.654544,1.435594,0.84466636,12.81504,20.581112,5.963728,-153.63327,-44.135975,233.03137,0.0
2a,3,Left Wrist,4046124,1779734220983,-5.7904296,-5.474481,-12.404393,-42.934223,-4.2203007,100.41922,-109.561005,-45.58689,335.79364,0.0
2a,1,Left Ankle,4246116,1779734221001,1.86,8.74,-2.17,-10.8125,33.5625,57.25,-0.6035156,-0.7772217,-0.038024902,-0.1741333
2a,1,Left Ankle,4246140,1779734221001,1.15,10.79,-4.4,-10.0625,26.6875,38.5,-0.6030884,-0.7749634,-0.034240723,-0.18585205
2a,2,Right Ankle,1288159,1779734221009,-9.574334,3.036827,-0.43070808,-4.203362,-10.413759,-7.002381,42.905373,72.285286,254.55843,0.0
2a,1,Left Ankle,4246155,1779734221026,1.99,8.29,-2.85,17.0625,71.875,15.5625,-0.6003418,-0.774353,-0.03857422,-0.19610596
2a,1,Left Ankle,4246176,1779734221060,-0.1,7.49,2.33,4.0,50.5625,12.125,-0.5988159,-0.7734375,-0.041809082,-0.20349121
2a,1,Left Ankle,4246201,1779734221061,1.58,6.09,0.01,-18.4375,1.3125,-12.875,-0.600708,-0.7714844,-0.04260254,-0.20544434
2a,4,Right Wrist,30249112,1779734221063,-9.646167,-4.8527446,1.7491533,77.91504,61.251114,-85.456276,-153.60315,-44.148228,233.0417,0.0
2a,2,Right Ankle,1288219,1779734221065,-9.11252,1.3092091,0.6149554,-12.813362,-6.98376,-10.152382,42.95303,72.34085,254.60678,0.0
2a,3,Left Wrist,4046184,1779734221069,0.6008003,-2.918947,-7.941778,-36.704224,-12.410301,131.98923,-109.65523,-45.507538,335.8438,0.0
2a,1,Left Ankle,4246216,1779734221093,9.02,5.39,-4.05,-24.625,-43.875,-22.8125,-0.60461426,-0.77020264,-0.0413208,-0.19866943
2a,1,Left Ankle,4246236,1779734221116,14.1,6.15,-8.77,0.5625,-19.875,-11.875,-0.6063843,-0.77038574,-0.040161133,-0.19268799
2a,1,Left Ankle,4246260,1779734221117,-4.38,11.01,-3.21,10.0,4.0625,50.0,-0.60388184,-0.7716675,-0.03527832,-0.19665527
2a,4,Right Wrist,30249172,1779734221121,-5.307979,-10.040384,1.9286151,-5.87496,63.91111,-76.63628,-153.57776,-44.163033,233.03267,0.0
2a,2,Right Ankle,1288279,1779734221124,-9.028771,1.3833866,-0.062213387,-0.6333623,2.8862402,8.257619,43.05473,72.389885,254.70476,0.0
2a,1,Left Ankle,4246277,1779734221152,0.07,10.76,-3.08,6.6875,9.5625,-11.1875,-0.60253906,-0.77227783,-0.035827637,-0.19805908
2a,1,Left Ankle,4246302,1779734221178,7.28,8.91,-3.05,-6.5,-6.3125,-46.25,-0.604187,-0.7717285,-0.041015625,-0.19403076
2a,1,Left Ankle,4246317,1779734221179,0.65,10.36,-2.44,-16.25,-26.8125,-29.3125,-0.60754395,-0.7706909,-0.0423584,-0.18725586
2a,1,Left Ankle,4246342,1779734221212,2.02,9.18,0.0,-6.1875,8.0625,-49.8125,-0.6099243,-0.7695923,-0.047668457,-0.18292236
2a,2,Right Ankle,1288339,1779734221219,-9.067057,1.9122005,-0.2512464,-2.593362,3.65624,23.937618,43.20459,72.42655,254.8506,0.0
2a,3,Left Wrist,4046274,1779734221220,6.7694964,-3.5075815,-3.3188448,-20.044224,-11.080301,91.59922,-109.7329,-45.520775,335.88925,0.0
2a,1,Left Ankle,4246357,1779734221237,2.14,9.62,-1.41,-6.1875,29.375,-50.6875,-0.6121826,-0.7677002,-0.0569458,-0.18066406
2a,1,Left Ankle,4246382,1779734221240,1.33,9.45,-3.29,-2.6875,30.8125,-46.25,-0.61364746,-0.76586914,-0.06665039,-0.18035889
2a,4,Right Wrist,30249262,1779734221240,-1.6254246,-8.5233345,1.387837,-81.40496,22.961113,-30.226273,-153.5621,-44.162163,233.00618,0.0
2a,1,Left Ankle,4246402,1779734221267,1.04,9.47,-1.33,-0.6875,18.0,-35.4375,-0.6147461,-0.7645874,-0.07348633,-0.17913818
2a,2,Right Ankle,1288429,1779734221277,-8.648313,2.620476,-0.033499517,-10.503363,0.4362402,27.717619,43.39805,72.44503,255.04066,0.0
2a,3,Left Wrist,4046437,1779734221285,-0.5884329,-4.6657076,-7.2789664,17.965776,-27.3903,-27.260777,-109.88514,-45.511642,336.01132,0.0
2a,1,Left Ankle,4246419,1779734221297,-0.07,9.29,-1.87,-6.625,12.9375,-27.375,-0.6158447,-0.7631836,-0.08001709,-0.17858887
2a,1,Left Ankle,4246445,1779734221327,-1.24,10.23,-2.34,-13.25,10.875,-8.6875,-0.61779785,-0.76135254,-0.082214355,-0.17871094
2a,1,Left Ankle,4246463,1779734221329,1.78,9.17,-1.29,-8.875,25.5,0.3125,-0.6191406,-0.7588501,-0.08502197,-0.18304443
2a,4,Right Wrist,30249425,1779734221330,-16.046967,-1.8712872,3.8141594,-114.51496,-54.458885,32.983727,-153.57387,-44.098007,232.96654,0.0
2a,2,Right Ankle,1288489,1779734221334,-9.203447,2.6970463,-0.11246266,-3.153362,10.376241,10.427619,43.583054,72.47239,255.21968,0.0
2a,3,Left Wrist,4046484,1779734221339,-5.87657,-6.0846515,-10.2317095,41.555775,-16.680302,0.1792221,-109.93575,-45.45045,336.06158,0.0
2a,1,Left Ankle,4246484,1779734221358,2.04,9.73,-0.77,-8.1875,14.8125,8.875,-0.6194458,-0.7583008,-0.08508301,-0.18457031
2a,1,Left Ankle,4246502,1779734221359,0.39,9.96,-1.04,-8.0,0.5625,19.5625,-0.6199341,-0.75756836,-0.08288574,-0.18682861
2a,1,Left Ankle,4246523,1779734221387,1.04,9.75,-1.19,-4.75,3.4375,26.625,-0.6196289,-0.75720215,-0.07775879,-0.19158936
2a,2,Right Ankle,1288549,1779734221393,-8.89238,3.0631483,-0.56470615,2.586638,15.06624,-16.312382,43.76633,72.50238,255.39346,0.0
2a,1,Left Ankle,4246563,1779734221418,1.89,9.29,-1.22,-1.3125,-3.25,39.25,-0.6176758,-0.75787354,-0.06719971,-0.19903564
2a,1,Left Ankle,4246547,1779734221419,1.73,9.56,-1.65,-2.375,4.625,35.125,-0.61865234,-0.7573242,-0.07342529,-0.19580078
2a,4,Right Wrist,30249547,1779734221419,-8.31815,-4.3502517,1.1940185,56.355038,78.401115,-73.626274,-153.575,-44.0819,232.96628,0.0
2a,3,Left Wrist,4046543,1779734221430,-5.091725,-7.6974134,-8.018349,-33.414223,-9.190301,67.58922,-109.9852,-45.361732,336.08496,0.0
2a,1,Left Ankle,4246585,1779734221451,1.93,9.69,-1.28,-0.875,-8.125,43.0,-0.6164551,-0.7584839,-0.06085205,-0.20245361
2a,2,Right Ankle,1288609,1779734221453,-9.296767,2.6826892,-0.4642076,-7.0733624,7.64624,-24.082382,43.916355,72.539734,255.53766,0.0
2a,1,Left Ankle,4246610,1779734221476,2.27,9.03,-1.43,0.3125,-2.625,41.6875,-0.61499023,-0.75909424,-0.05493164,-0.20635986
2a,1,Left Ankle,4246625,1779734221477,2.53,8.81,-1.33,1.6875,1.5,36.6875,-0.61346436,-0.7595215,-0.050231934,-0.21038818
2a,4,Right Wrist,30249566,1779734221488,-6.4517484,-6.0084777,1.0671989,80.435036,79.87112,-78.526276,-153.52878,-44.097717,232.96239,0.0
2a,1,Left Ankle,4246651,1779734221512,2.69,9.31,-1.68,0.875,4.0,30.3125,-0.6121216,-0.7597656,-0.046447754,-0.21411133
2a,1,Left Ankle,4246665,1779734221545,3.04,9.6,-1.39,1.0,9.0625,18.375,-0.61157227,-0.7598877,-0.04309082,-0.21618652
2a,4,Right Wrist,30249622,1779734221545,-2.1350958,-8.525727,1.3351951,22.61504,59.501114,-44.856274,-153.47707,-44.109154,232.93532,0.0
2a,3,Left Wrist,4046634,1779734221549,2.4863446,-4.215857,-2.6943183,-42.164223,10.759699,67.72922,-110.04006,-45.283016,336.10532,0.0
2a,1,Left Ankle,4246690,1779734221568,3.37,9.95,-0.94,2.75,16.875,-1.375,-0.61102295,-0.7595825,-0.044189453,-0.21844482
2a,1,Left Ankle,4246705,1779734221568,3.51,9.91,-1.17,3.875,16.75,-29.5,-0.6112671,-0.7591553,-0.04876709,-0.21844482
2a,2,Right Ankle,1288669,1779734221581,-8.251104,1.1991392,-0.77766734,-3.2233622,5.5462403,-19.462381,44.00813,72.59503,255.62521,0.0
2a,4,Right Wrist,30249682,1779734221602,-0.010269465,-7.566205,2.6919255,-40.38496,31.711111,-3.7662718,-153.43858,-44.116634,232.896,0.0
2a,1,Left Ankle,4246729,1779734221601,5.11,9.37,-0.53,-0.5625,16.875,-58.6875,-0.612854,-0.7583008,-0.05682373,-0.21496582
2a,3,Left Wrist,4046797,1779734221609,5.9032946,-5.6467643,0.15314065,27.345776,-0.44030046,-34.260777,-109.892914,-45.29002,335.9943,0.0
2a,1,Left Ankle,4246753,1779734221627,8.07,10.31,0.86,1.0625,6.9375,-98.5625,-0.6158447,-0.756958,-0.06945801,-0.20727539
2a,2,Right Ankle,1288833,1779734221636,-8.502351,3.467535,-0.22253251,-37.943363,-4.25376,39.19762,44.31244,72.65052,255.94228,0.0
2a,1,Left Ankle,4246767,1779734221636,7.35,14.38,-4.67,3.375,-18.4375,-113.625,-0.61968994,-0.75616455,-0.08190918,-0.19360352
2a,1,Left Ankle,4246788,1779734221661,5.13,17.52,-6.15,17.75,-22.6875,-123.25,-0.6220093,-0.75665283,-0.095703125,-0.17730713
2a,1,Left Ankle,4246807,1779734221686,9.77,18.39,-13.71,28.3125,-24.5625,-144.875,-0.6231079,-0.75756836,-0.1116333,-0.15924072
2a,4,Right Wrist,30249742,1779734221690,-1.5033908,-7.7408814,1.5122639,-58.93496,-9.238888,49.433727,-153.39658,-44.094208,232.84238,0.0
2a,2,Right Ankle,1288852,1779734221693,-8.954594,3.7570665,0.26081768,-26.113363,-4.3237596,30.027618,44.54208,72.641685,256.1721,0.0
2a,3,Left Wrist,4046816,1779734221699,5.7429757,-6.7259274,-0.9092726,20.345776,3.969699,-50.92078,-109.81678,-45.282753,335.94858,0.0
2a,1,Left Ankle,4246855,1779734221719,1.0,7.79,-10.45,52.375,-151.625,-107.6875,-0.62194824,-0.7661133,-0.12908936,-0.097595215
2a,1,Left Ankle,4246837,1779734221719,6.08,14.16,-14.55,31.0,-58.4375,-120.8125,-0.623291,-0.75909424,-0.12487793,-0.14031982
2a,1,Left Ankle,4246870,1779734221751,3.27,4.48,-9.32,61.625,-196.625,-107.0625,-0.62091064,-0.76971436,-0.12615967,-0.078552246
2a,4,Right Wrist,30249802,1779734221751,-6.0162544,-2.4455647,3.8141594,-109.61496,-73.21889,87.23373,-153.40138,-44.0486,232.80774,0.0
2a,1,Left Ankle,4246895,1779734221751,-4.09,1.09,-3.33,67.5625,-261.4375,-81.75,-0.61694336,-0.7800293,-0.10369873,-0.012939453
2a,2,Right Ankle,1288909,1779734221752,-8.952201,3.496249,-1.268196,14.696638,-13.003759,9.027618,44.73676,72.65638,256.35275,0.0
2a,1,Left Ankle,4246914,1779734221777,-4.69,1.47,-1.55,81.125,-215.3125,-78.1875,-0.6078491,-0.78808594,-0.09515381,0.019226074
2a,3,Left Wrist,4046874,1779734221789,3.744969,-6.244971,-8.149954,19.365776,89.2997,-152.77077,-109.87964,-45.30753,335.99014,0.0
2a,1,Left Ankle,4246935,1779734221813,6.5,-3.18,-1.89,123.875,-28.5,-16.1875,-0.5925293,-0.7994995,-0.093566895,0.03100586
2a,1,Left Ankle,4246955,1779734221813,4.63,-3.46,1.21,127.9375,11.5,49.0625,-0.57525635,-0.8126831,-0.08843994,0.02911377
2a,4,Right Wrist,30249892,1779734221813,-10.347262,1.629412,6.089734,34.02504,-178.84889,94.02373,-153.38461,-43.971737,232.80336,0.0
2a,2,Right Ankle,1288969,1779734221820,-9.3446245,4.405522,0.33260235,69.716644,-15.59376,-32.34238,44.948627,72.65103,256.5282,0.0
2a,1,Left Ankle,4246981,1779734221837,9.13,-2.89,4.57,107.6875,23.5,50.9375,-0.55908203,-0.8244629,-0.08465576,0.022094727
2a,1,Left Ankle,4246995,1779734221869,14.03,10.81,13.0,57.375,-65.375,115.5,-0.5506592,-0.83166504,-0.06817627,0.019470215
2a,4,Right Wrist,30249952,1779734221869,-13.247363,-5.1757755,7.970492,111.79504,-56.138885,41.733727,-153.32373,-43.938004,232.78514,0.0
2a,2,Right Ankle,1289029,1779734221875,-4.714512,1.8834865,-2.562713,25.056637,4.5662403,-94.15238,45.068424,72.707504,256.62766,0.0
2a,3,Left Wrist,4046964,1779734221879,-24.385052,12.431011,-39.13701,-286.11423,238.6097,18.449223,-109.974594,-45.30584,335.92996,0.0
2a,1,Left Ankle,4247020,1779734221898,8.8,11.5,14.48,-7.125,-287.75,274.875,-0.5509033,-0.83392334,-0.013549805,0.029663086
2a,1,Left Ankle,4247040,1779734221902,-39.26,40.23,-17.8,-60.5625,-219.75,499.0,-0.5611572,-0.8241577,0.07574463,0.011657715
2a,4,Right Wrist,30250012,1779734221930,-8.562218,-15.429021,6.259624,96.46504,-43.04889,-14.826271,-153.26286,-43.915154,232.77449,0.0
2a,1,Left Ankle,4247055,1779734221930,-4.4,7.1,6.39,59.4375,131.0,-335.8125,-0.55548096,-0.8300781,0.037597656,0.031555176
2a,3,Left Wrist,4047054,1779734221944,-16.22792,11.849554,-4.3740797,-197.70422,2.1496992,-185.18077,-110.087006,-45.35834,335.97586,0.0
2a,1,Left Ankle,4247101,1779734221962,2.17,10.29,2.12,-70.25,24.0625,203.5,-0.5687256,-0.8173828,-0.05657959,0.072509766
2a,1,Left Ankle,4247080,1779734221962,28.11,8.67,-8.8,-56.1875,-32.625,-607.125,-0.54888916,-0.82995605,-0.04736328,0.08728027
2a,2,Right Ankle,1289089,1779734221970,-9.500157,1.2374244,-0.124426775,133.69664,32.07624,-56.21238,45.17947,72.78242,256.68738,0.0
2a,1,Left Ankle,4247118,1779734221987,-3.23,-2.22,3.05,-48.5625,-92.8125,-15.875,-0.5769043,-0.8121338,-0.043273926,0.075927734
2a,3,Left Wrist,4047144,1779734222002,52.62555,42.39872,-4.8765726,-326.50424,31.3397,-26.56078,-110.21545,-45.42144,335.9812,0.0
2a,1,Left Ankle,4247147,1779734222021,-2.59,35.93,-23.32,-67.6875,-80.0625,48.6875,-0.5891113,-0.80249023,-0.027954102,0.090270996
2a,4,Right Wrist,30250072,1779734222021,-0.62283206,-8.79133,4.395615,-3.42496,-8.888887,1.973728,-153.22029,-43.91055,232.7447,0.0
2a,1,Left Ankle,4247166,1779734222055,-13.16,-14.65,5.66,-62.8125,-20.125,-62.5,-0.5970459,-0.7953491,-0.034423828,0.09906006
2a,1,Left Ankle,4247191,1779734222055,3.26,8.2,-2.1,-53.1875,25.3125,-23.8125,-0.6052246,-0.7890625,-0.03717041,0.09863281
2a,2,Right Ankle,1289179,1779734222055,-7.935251,0.17979687,-4.974678,29.326637,45.936237,-17.85238,45.33176,72.8518,256.8252,0.0
2a,3,Left Wrist,4047204,1779734222059,10.973685,-15.227627,-16.02952,-103.20422,-57.9803,197.01923,-110.32343,-45.314426,336.02905,0.0
2a,1,Left Ankle,4247208,1779734222076,-1.6,15.24,-0.87,-29.875,5.6875,-19.6875,-0.60821533,-0.78637695,-0.044006348,0.09863281
2a,1,Left Ankle,4247232,1779734222106,-4.09,7.24,0.06,-15.0,-15.875,-9.9375,-0.6109619,-0.7838135,-0.043945312,0.10192871
2a,2,Right Ankle,1289239,1779734222113,-8.363566,1.000535,-2.4358935,-16.313362,32.35624,19.877619,45.486908,72.90383,256.98267,0.0
2a,3,Left Wrist,4047264,1779734222119,17.611376,6.690628,-5.070391,-41.884224,-27.0403,186.30922,-110.362724,-45.30985,336.03693,0.0
2a,1,Left Ankle,4247257,1779734222139,-2.04,10.33,-2.45,3.5625,14.625,-0.75,-0.6109009,-0.78393555,-0.04522705,0.101257324
2a,1,Left Ankle,4247275,1779734222148,-2.6,8.95,-1.34,17.4375,4.75,16.4375,-0.6083374,-0.78637695,-0.044067383,0.09802246
2a,4,Right Wrist,30250132,1779734222148,-7.136095,2.703789,10.514063,-177.86496,-35.278885,-105.68628,-153.31401,-43.919888,232.79436,0.0
2a,1,Left Ankle,4247295,1779734222172,-2.71,9.28,-1.63,23.875,10.75,22.5,-0.60565186,-0.7889404,-0.041748047,0.09490967
2a,1,Left Ankle,4247311,1779734222172,-2.22,9.77,-2.26,28.1875,16.5,26.6875,-0.6039429,-0.7905884,-0.04058838,0.0925293
2a,2,Right Ankle,1289329,1779734222181,-8.509529,0.19654664,-2.5124636,-15.263363,2.0462403,12.317619,45.584064,72.957214,257.0817,0.0
2a,1,Left Ankle,4247335,1779734222196,-1.6,9.77,-2.57,37.9375,20.75,35.25,-0.5973511,-0.7967529,-0.03668213,0.08355713
2a,4,Right Wrist,30250326,1779734222204,-6.5450683,-2.1273196,4.5798626,74.06504,50.401115,-6.0062714,-153.26675,-43.935776,232.78308,0.0
2a,3,Left Wrist,4047324,1779734222221,15.816759,-7.192528,-9.506684,179.52577,-95.7103,296.3492,-110.37953,-45.238037,336.0901,0.0
2a,1,Left Ankle,4247356,1779734222229,-1.59,9.99,-3.67,42.3125,27.375,44.125,-0.59210205,-0.8015747,-0.03302002,0.076171875
2a,2,Right Ankle,1289389,1779734222237,-7.3466167,-0.9256872,-4.1922255,-33.46336,-25.11376,22.047619,45.656853,73.00636,257.1622,0.0
2a,1,Left Ankle,4247399,1779734222262,-1.0,12.58,-0.77,49.4375,34.0625,65.0625,-0.5800781,-0.8123169,-0.022766113,0.056274414
2a,4,Right Wrist,30250345,1779734222262,-6.3679996,-2.3019958,4.584648,83.65504,53.20111,1.973728,-153.21165,-43.944633,232.75865,0.0
2a,1,Left Ankle,4247385,1779734222263,-0.95,12.14,-1.97,48.0,33.375,56.6875,-0.58618164,-0.80688477,-0.028625488,0.0670166
2a,3,Left Wrist,4047384,1779734222269,9.45903,-3.675079,-9.403793,99.37577,-73.240295,317.5592,-110.42438,-45.1419,336.13623,0.0
2a,1,Left Ankle,4247415,1779734222287,-0.24,12.96,-3.65,46.375,35.1875,82.0,-0.5742798,-0.8173218,-0.014770508,0.044067383
2a,2,Right Ankle,1289449,1779734222296,-8.37553,0.10801218,-1.7706887,-25.693363,-30.57376,28.06762,45.720627,73.05013,257.23154,0.0
2a,1,Left Ankle,4247442,1779734222320,0.14,13.85,-3.89,41.0,37.75,95.6875,-0.5689087,-0.8218384,-0.0052490234,0.030212402
2a,1,Left Ankle,4247460,1779734222320,0.63,14.75,-3.96,33.6875,44.6875,98.5625,-0.5643921,-0.8253784,0.0044555664,0.0146484375
2a,4,Right Wrist,30250402,1779734222320,-8.389935,-5.0441704,2.7302105,108.01504,60.69111,29.483728,-153.13326,-43.942062,232.71692,0.0
2a,3,Left Wrist,4047474,1779734222328,1.4071815,1.9983035,-12.794422,205.56577,-96.6903,143.11922,-110.47365,-45.078243,336.23203,0.0
2a,1,Left Ankle,4247475,1779734222346,1.79,10.81,-2.6,25.25,57.375,98.125,-0.56073,-0.82788086,0.013305664,-0.0020141602
2a,1,Left Ankle,4247505,1779734222378,-0.85,8.2,0.32,8.0,59.5,101.0625,-0.55895996,-0.8286743,0.021728516,-0.01977539
2a,1,Left Ankle,4247519,1779734222378,-0.99,8.69,1.86,-9.4375,63.3125,95.1875,-0.55944824,-0.82751465,0.029296875,-0.03778076
2a,4,Right Wrist,30250462,1779734222379,-8.066903,-6.2310104,2.971886,50.75504,59.921112,34.453728,-153.06966,-43.938953,232.67055,0.0
2a,2,Right Ankle,1289509,1779734222383,-9.528872,0.5004351,0.2871387,-59.923363,-36.313763,33.59762,45.710915,73.09708,257.24197,0.0
2a,1,Left Ankle,4247535,1779734222413,-8.25,8.37,7.03,-22.4375,83.3125,100.9375,-0.5620117,-0.82440186,0.036621094,-0.05645752
2a,3,Left Wrist,4047534,1779734222421,-1.4546348,-1.8110701,-10.396813,164.89577,-208.55031,67.37922,-110.570724,-44.995377,336.38382,0.0
2a,1,Left Ankle,4247560,1779734222436,-7.82,8.88,8.06,-25.0,125.1875,59.5,-0.5653076,-0.82025146,0.035705566,-0.079956055
2a,1,Left Ankle,4247576,1779734222436,-13.34,10.51,4.38,-33.875,170.5,27.875,-0.5701294,-0.81433105,0.025878906,-0.10534668
2a,4,Right Wrist,30250522,1779734222446,-7.272486,-7.532706,4.9579287,0.2150402,38.781113,25.283728,-153.02608,-43.936073,232.63028,0.0
2a,1,Left Ankle,4247596,1779734222467,-6.38,8.03,3.83,-48.875,179.0,-53.75,-0.57702637,-0.80670166,0.0051879883,-0.12756348
2a,1,Left Ankle,4247616,1779734222468,-4.32,9.71,1.68,-67.5625,156.0,-94.625,-0.5878906,-0.7963257,-0.021057129,-0.140625
2a,2,Right Ankle,1289569,1779734222479,-8.940237,2.9913633,-1.3830514,-10.713362,-24.483759,7.767619,45.877808,73.114784,257.40405,0.0
2a,3,Left Wrist,4047594,1779734222479,-0.5621119,-3.2371924,-13.533805,180.29578,-184.7503,31.18922,-110.65892,-44.928154,336.53064,0.0
2a,4,Right Wrist,30250582,1779734222504,-6.939884,-8.607083,2.928815,-59.074963,51.38111,-3.3462722,-153.0058,-43.936527,232.59679,0.0
2a,1,Left Ankle,4247642,1779734222526,-1.2,10.27,-0.02,-67.0,122.3125,-129.1875,-0.598999,-0.78564453,-0.048583984,-0.14691162
2a,1,Left Ankle,4247656,1779734222527,4.63,9.44,-3.41,-69.625,59.0,-172.3125,-0.6112671,-0.7750244,-0.076171875,-0.14093018
2a,2,Right Ankle,1289659,1779734222539,-9.5863,2.2448027,0.023928225,-38.783363,-6.4237595,-11.062382,46.00227,73.15093,257.53485,0.0
2a,3,Left Wrist,4047684,1779734222540,1.3401824,-2.7945204,-8.121241,56.675777,-63.1603,81.939224,-110.74342,-44.86422,336.6117,0.0
2a,4,Right Wrist,30250642,1779734222561,-4.7719865,-7.999306,2.4191437,-72.86496,36.12111,-18.466272,-152.99286,-43.935696,232.57016,0.0
2a,1,Left Ankle,4247683,1779734222561,6.63,8.65,-5.42,-74.0625,10.8125,-171.9375,-0.6243286,-0.7644043,-0.09918213,-0.12652588
2a,1,Left Ankle,4247709,1779734222587,6.76,5.76,-6.43,-71.125,16.0,-140.625,-0.64160156,-0.7486572,-0.12658691,-0.10882568
2a,1,Left Ankle,4247725,1779734222587,8.91,4.79,-6.7,-51.625,19.125,-92.25,-0.64990234,-0.74005127,-0.14031982,-0.1015625
2a,2,Right Ankle,1289749,1779734222594,-8.543029,0.6966466,-0.12203395,-26.393362,-14.40376,13.227619,46.04774,73.20296,257.58707,0.0
2a,3,Left Wrist,4047744,1779734222599,5.2069836,-2.8519478,-6.6711893,-52.104225,-21.2303,83.61922,-110.85266,-44.836098,336.6735,0.0
2a,1,Left Ankle,4247746,1779734222617,8.47,3.14,-5.25,-42.3125,19.5,-73.4375,-0.6555786,-0.7338257,-0.14929199,-0.097229004
2a,1,Left Ankle,4247765,1779734222617,20.79,5.67,-10.57,-12.3125,69.375,-6.3125,-0.65808105,-0.7302246,-0.15466309,-0.09863281
2a,1,Left Ankle,4247789,1779734222646,7.52,7.1,-14.31,-6.0,93.1875,107.375,-0.65411377,-0.7294922,-0.15844727,-0.12194824
2a,2,Right Ankle,1289809,1779734222653,-9.387694,1.7901664,-0.36131623,0.4166379,-10.623759,17.00762,46.18245,73.2389,257.71634,0.0
2a,1,Left Ankle,4247806,1779734222680,-8.76,31.05,-1.63,-0.1875,6.6875,149.8125,-0.65179443,-0.73217773,-0.14117432,-0.13861084
2a,4,Right Wrist,30250702,1779734222680,-5.5137615,-7.3987074,3.76391,-47.52496,10.571112,-15.386272,-152.97845,-43.929703,232.55089,0.0
2a,1,Left Ankle,4247825,1779734222681,24.51,20.61,-4.29,10.4375,-1.125,-38.0625,-0.64819336,-0.7346802,-0.140625,-0.14257812
2a,3,Left Wrist,4047804,1779734222689,3.2879398,-2.1053874,-6.850651,-34.114223,-6.3203006,46.72922,-110.95805,-44.810562,336.73676,0.0
2a,1,Left Ankle,4247848,1779734222706,19.29,10.29,-6.26,-50.8125,-135.875,-16.125,-0.65600586,-0.73168945,-0.1361084,-0.12548828
2a,2,Right Ankle,1289869,1779734222713,-9.213019,1.8212732,-0.04546363,-9.383362,-6.4937596,5.597619,46.309772,73.27764,257.8413,0.0
2a,1,Left Ankle,4247866,1779734222739,-15.18,7.78,-0.89,-41.8125,-113.8125,68.3125,-0.6638794,-0.7303467,-0.11035156,-0.117004395
2a,4,Right Wrist,30250866,1779734222746,-10.3664055,-2.2900317,1.6965113,-11.33496,18.27111,21.993729,-152.95374,-43.88994,232.51587,0.0
2a,1,Left Ankle,4247913,1779734222773,1.32,11.64,-2.13,1.0625,74.4375,58.5,-0.6602173,-0.729187,-0.11199951,-0.14099121
2a,1,Left Ankle,4247895,1779734222773,3.4,8.21,0.97,4.1875,56.5,13.25,-0.6639404,-0.72961426,-0.11016846,-0.121398926
2a,2,Right Ankle,1289929,1779734222779,-9.3350525,1.9385214,-0.7369894,-1.1233621,-1.3137599,-27.862381,46.42816,73.32429,257.95306,0.0
2a,1,Left Ankle,4247940,1779734222796,1.85,9.42,-0.21,-10.125,-18.375,36.6875,-0.66052246,-0.729126,-0.10632324,-0.14422607
2a,4,Right Wrist,30250885,1779734222805,-8.976176,-2.4862428,0.6843473,8.54504,27.231112,18.003727,-152.9297,-43.873104,232.49413,0.0
2a,1,Left Ankle,4247956,1779734222830,0.23,9.89,-0.97,-7.6875,-32.0625,30.5625,-0.6612549,-0.7294922,-0.09881592,-0.14416504
2a,3,Left Wrist,4047864,1779734222839,-0.7343951,-5.340483,-8.178668,45.475777,-11.150301,54.98922,-111.01137,-44.7365,336.7832,0.0
2a,1,Left Ankle,4247985,1779734222856,0.89,9.87,-1.04,-9.0,-33.5625,23.4375,-0.66223145,-0.72979736,-0.09161377,-0.14300537
2a,1,Left Ankle,4247999,1779734222865,1.36,9.82,-0.56,-11.4375,-19.1875,14.75,-0.6635132,-0.7293701,-0.08673096,-0.14221191
2a,4,Right Wrist,30250942,1779734222866,-4.939484,-3.2878387,1.0001999,38.925037,30.03111,2.953728,-152.88669,-43.861656,232.46964,0.0
2a,2,Right Ankle,1289989,1779734222866,-14.170947,1.0842838,0.08135597,29.326637,-21.19376,-60.20238,46.41662,73.39491,257.92648,0.0
2a,1,Left Ankle,4248015,1779734222889,0.35,9.97,-0.36,-10.25,4.1875,11.5,-0.66503906,-0.7285156,-0.08282471,-0.14172363
2a,1,Left Ankle,4248043,1779734222922,1.93,9.27,-0.23,-6.5,15.625,-7.5625,-0.6657715,-0.72735596,-0.08459473,-0.14343262
2a,4,Right Wrist,30251001,1779734222923,-2.2523441,-5.4198437,1.1222339,18.835041,28.771112,1.7637279,-152.83174,-43.854786,232.43243,0.0
2a,1,Left Ankle,4248060,1779734222922,0.52,9.9,-0.39,-7.0,-2.8125,-13.25,-0.6668701,-0.72631836,-0.085998535,-0.14251709
2a,2,Right Ankle,1290049,1779734222924,-9.763368,1.3379229,-1.2394822,-45.50336,-0.8237598,-18.972382,46.500042,73.447876,258.0203,0.0
2a,3,Left Wrist,4048057,1779734222930,2.7806613,-6.115758,-1.3543377,34.975777,-10.520301,48.54922,-111.014694,-44.557835,336.78442,0.0
2a,1,Left Ankle,4248085,1779734222947,1.21,9.5,-0.36,3.625,-16.3125,-31.25,-0.6680298,-0.7263794,-0.08874512,-0.1350708
2a,1,Left Ankle,4248106,1779734222979,-0.55,9.84,-0.6,4.25,-9.3125,-25.625,-0.6682739,-0.7266846,-0.09094238,-0.1307373
2a,4,Right Wrist,30251062,1779734222979,-2.429413,-4.8407807,1.3854443,7.28504,5.2511115,17.583727,-152.78262,-43.83923,232.39563,0.0
2a,2,Right Ankle,1290139,1779734222988,-6.7364473,1.5939549,0.37806597,62.436634,23.67624,57.95762,46.751053,73.47022,258.24573,0.0
2a,1,Left Ankle,4248134,1779734223009,0.4,9.49,-0.61,7.6875,-1.75,-27.5,-0.6680298,-0.72717285,-0.09399414,-0.1270752
2a,1,Left Ankle,4248149,1779734223009,0.04,9.82,-0.53,9.6875,7.5625,-26.9375,-0.66741943,-0.72766113,-0.097839355,-0.12438965
2a,1,Left Ankle,4248166,1779734223037,-0.1,10.46,0.15,8.5625,6.6875,-17.75,-0.6668091,-0.7280884,-0.10131836,-0.12249756
2a,4,Right Wrist,30251122,1779734223039,-5.566404,-3.6036909,1.2777673,-20.22496,-23.16889,25.283728,-152.76213,-43.80836,232.37354,0.0
2a,2,Right Ankle,1290199,1779734223043,-1.6660558,-10.401264,4.0941195,-37.45336,-14.26376,-9.522381,46.5614,73.49132,258.0747,0.0
2a,1,Left Ankle,4248193,1779734223073,-1.63,9.32,-1.05,12.375,10.0,-10.4375,-0.6656494,-0.7288208,-0.10424805,-0.12176514
2a,1,Left Ankle,4248211,1779734223073,-0.24,9.55,-1.19,13.4375,16.5,5.0,-0.6636963,-0.7300415,-0.10614014,-0.12359619
2a,1,Left Ankle,4248226,1779734223098,-0.92,10.0,-1.08,14.125,16.4375,16.625,-0.661499,-0.7316284,-0.105773926,-0.1262207
2a,4,Right Wrist,30251182,1779734223107,-10.722937,-1.3544378,0.148355,-23.65496,-16.448889,9.183728,-152.7651,-43.77853,232.36972,0.0
2a,3,Left Wrist,4048104,1779734223110,3.1204422,-5.9626174,-0.51445687,37.005775,16.429699,46.86922,-110.93153,-44.498447,336.7272,0.0
2a,1,Left Ankle,4248253,1779734223132,-0.53,9.84,-0.95,14.6875,21.5625,25.6875,-0.6588135,-0.73321533,-0.105407715,-0.13116455
2a,1,Left Ankle,4248270,1779734223133,0.45,10.09,-1.21,15.5625,18.3125,31.4375,-0.6558838,-0.7350464,-0.10424805,-0.13665771
2a,2,Right Ankle,1290259,1779734223141,-0.7352477,2.0126991,-1.2634103,16.586637,-46.18376,41.01762,46.822952,73.45805,258.31943,0.0
2a,1,Left Ankle,4248288,1779734223155,-0.16,10.01,-1.08,14.125,9.6875,39.1875,-0.65301514,-0.7369995,-0.10119629,-0.14190674
2a,1,Left Ankle,4248308,1779734223187,0.5,9.64,-0.79,15.375,9.625,43.0625,-0.6499634,-0.73913574,-0.09729004,-0.14752197
2a,1,Left Ankle,4248330,1779734223188,0.79,9.76,-0.94,16.125,10.5,47.3125,-0.64678955,-0.7415161,-0.092163086,-0.152771
2a,1,Left Ankle,4248349,1779734223222,0.84,9.83,-1.02,16.3125,11.1875,48.5,-0.64331055,-0.7437134,-0.087646484,-0.15917969
2a,4,Right Wrist,30251242,1779734223222,-11.81167,-1.0218354,1.4620147,-14.76496,15.891111,-11.886271,-152.76602,-43.765903,232.36761,0.0
2a,1,Left Ankle,4248373,1779734223248,0.93,9.38,-1.04,15.5625,12.0625,47.5,-0.63983154,-0.7457886,-0.08337402,-0.16571045
2a,1,Left Ankle,4248393,1779734223249,1.59,9.15,-1.37,14.3125,8.8125,42.375,-0.6365967,-0.74768066,-0.0793457,-0.17138672
2a,2,Right Ankle,1290422,1779734223255,-9.313517,1.419279,0.44027936,-19.113361,-11.53376,-5.252381,46.86457,73.573364,258.3698,0.0
2a,1,Left Ankle,4248408,1779734223280,1.71,9.14,-1.55,11.625,3.875,36.6875,-0.6338501,-0.74938965,-0.07537842,-0.17596436
2a,1,Left Ankle,4248432,1779734223307,2.25,9.01,-1.74,10.25,2.9375,28.25,-0.631897,-0.7509155,-0.070739746,-0.17834473
2a,4,Right Wrist,30251406,1779734223316,-4.2862434,-7.3699937,2.2468605,11.06504,20.86111,-4.956272,-152.7127,-43.75529,232.32762,0.0
2a,2,Right Ankle,1290441,1779734223316,-9.567157,1.1417116,-0.016749758,-16.173363,-11.32376,-0.77238107,46.928635,73.62549,258.43582,0.0
2a,1,Left Ankle,4248453,1779734223317,2.54,9.04,-1.74,9.3125,1.375,18.375,-0.6300049,-0.75213623,-0.068603516,-0.1807251
2a,3,Left Wrist,4048401,1779734223319,0.1341998,-4.7614202,-5.8887367,-22.354223,-38.170303,84.66922,-111.00663,-44.244236,336.77438,0.0
2a,1,Left Ankle,4248472,1779734223337,2.55,9.16,-1.58,8.0625,-2.4375,6.875,-0.628479,-0.7531128,-0.068359375,-0.18225098
2a,1,Left Ankle,4248494,1779734223365,2.31,9.27,-1.4,6.375,-8.1875,-4.9375,-0.6275635,-0.75439453,-0.068359375,-0.17993164
2a,1,Left Ankle,4248509,1779734223366,2.23,9.54,-1.33,5.625,-9.8125,-14.0,-0.6274414,-0.75476074,-0.06878662,-0.17852783
2a,4,Right Wrist,30251425,1779734223368,-4.082854,-7.8629155,2.359323,12.605041,11.691112,-1.2462718,-152.66693,-43.744823,232.29793,0.0
2a,3,Left Wrist,4048538,1779734223378,3.6301136,-3.9000044,-3.8380873,11.595777,12.2297,75.009224,-111.138985,-44.11837,336.85788,0.0
2a,1,Left Ankle,4248534,1779734223397,2.44,9.5,-1.57,0.25,-7.4375,-17.8125,-0.628479,-0.755249,-0.06939697,-0.17254639
2a,2,Right Ankle,1290529,1779734223405,-9.00245,1.3355302,0.4737789,-11.623362,-4.81376,23.30762,47.022385,73.67163,258.53088,0.0
2a,1,Left Ankle,4248553,1779734223429,-0.23,9.59,-1.73,1.4375,-1.1875,-13.1875,-0.6286011,-0.755249,-0.07019043,-0.17175293
2a,3,Left Wrist,4048583,1779734223436,2.97448,-4.3426766,-4.465007,19.365776,10.9697,49.73922,-111.19669,-44.066628,336.8957,0.0
2a,1,Left Ankle,4248574,1779734223457,0.15,9.72,-1.81,0.25,10.75,-19.25,-0.6289673,-0.7545166,-0.075683594,-0.17138672
2a,4,Right Wrist,30251512,1779734223467,-6.2866435,-7.7528453,2.4215367,-29.74496,-30.518888,8.833728,-152.64534,-43.716976,232.27739,0.0
2a,1,Left Ankle,4248593,1779734223467,1.14,9.27,-1.75,1.875,21.4375,-13.5625,-0.6287842,-0.7539673,-0.07952881,-0.17272949
2a,1,Left Ankle,4248614,1779734223489,0.94,9.28,-1.32,1.9375,16.0625,-10.875,-0.62890625,-0.7536011,-0.08166504,-0.17285156
2a,3,Left Wrist,4048644,1779734223499,1.2995044,-5.9004035,-7.4512496,19.085777,-0.7203007,23.279222,-111.25859,-44.00824,336.9414,0.0
2a,2,Right Ankle,1290693,1779734223499,-9.143627,2.5965476,0.19860429,-0.42336226,-6.7037597,3.077619,47.34204,73.72889,258.84128,0.0
2a,1,Left Ankle,4248634,1779734223516,0.74,9.83,-1.4,-1.25,6.6875,-5.5625,-0.6291504,-0.7531738,-0.08282471,-0.17321777
2a,1,Left Ankle,4248654,1779734223522,1.0,9.69,-1.89,-3.25,5.4375,-0.25,-0.62957764,-0.7526245,-0.08306885,-0.1741333
2a,4,Right Wrist,30251572,1779734223523,-11.395319,-6.2310104,3.2590244,-29.464958,-33.178886,7.153728,-152.6375,-43.687702,232.26709,0.0
2a,1,Left Ankle,4248671,1779734223549,1.04,9.43,-1.73,-5.75,4.125,5.3125,-0.6298218,-0.75231934,-0.08288574,-0.17474365
2a,2,Right Ankle,1290712,1779734223555,-9.186698,2.4481928,0.22971097,-0.49336195,-3.2737598,-2.242381,47.521824,73.7528,259.01367,0.0
2a,3,Left Wrist,4048704,1779734223559,-0.25104457,-6.9723887,-8.597412,31.545776,-10.730301,40.289223,-111.310814,-43.93541,336.98416,0.0
2a,1,Left Ankle,4248697,1779734223577,1.34,9.52,-1.84,-8.5,1.25,8.5,-0.63098145,-0.75109863,-0.08099365,-0.17651367
2a,1,Left Ankle,4248714,1779734223579,0.99,9.45,-1.62,-11.0,-2.5625,12.75,-0.6320801,-0.7503052,-0.07867432,-0.17700195
2a,4,Right Wrist,30251662,1779734223579,-11.005289,-3.0341995,3.2709887,-16.514961,25.341112,-5.3062716,-152.62744,-43.680313,232.25441,0.0
2a,1,Left Ankle,4248737,1779734223607,1.4,9.41,-1.36,-11.125,1.5,15.875,-0.6329956,-0.74938965,-0.07678223,-0.1784668
2a,2,Right Ankle,1290769,1779734223614,-9.11252,2.187375,0.28235307,-3.2933621,4.91624,-16.452381,47.68042,73.788445,259.16632,0.0
2a,1,Left Ankle,4248760,1779734223639,1.43,9.31,-1.18,-9.75,3.625,17.875,-0.633667,-0.7484131,-0.074645996,-0.18084717
2a,1,Left Ankle,4248774,1779734223639,1.23,9.46,-1.06,-8.875,4.5,17.9375,-0.6340332,-0.7475586,-0.07324219,-0.18389893
2a,3,Left Wrist,4048764,1779734223649,0.40219608,-6.8168545,-6.900901,-3.9442234,-7.8603005,52.609222,-111.36591,-43.855663,337.01843,0.0
2a,1,Left Ankle,4248795,1779734223668,1.82,9.48,-1.23,-7.75,4.75,13.3125,-0.6345215,-0.7467041,-0.07171631,-0.18615723
2a,4,Right Wrist,30251722,1779734223670,-7.518947,-4.807281,2.8115666,39.62504,46.13111,-15.8062725,-152.5877,-43.681145,232.23471,0.0
2a,1,Left Ankle,4248818,1779734223698,1.87,9.52,-1.2,-7.0625,4.0625,5.625,-0.63549805,-0.7460327,-0.06970215,-0.18652344
2a,1,Left Ankle,4248840,1779734223699,2.32,9.49,-1.13,-7.1875,2.0,-5.5625,-0.6364136,-0.7451172,-0.07006836,-0.18664551
2a,3,Left Wrist,4048824,1779734223710,1.7900329,-5.2878413,-5.0129633,-26.344223,-5.060301,54.77922,-111.43165,-43.782234,337.05374,0.0
2a,1,Left Ankle,4248857,1779734223738,2.18,9.22,-1.27,-7.3125,-0.1875,-15.8125,-0.63775635,-0.7441406,-0.07159424,-0.18536377
2a,4,Right Wrist,30251782,1779734223738,-5.709973,-7.489635,2.955136,23.175041,30.45111,-5.236272,-152.54207,-43.67682,232.20642,0.0
2a,2,Right Ankle,1290829,1779734223738,-9.086199,1.6346331,0.19381864,-1.7533622,8.76624,-17.43238,47.796627,73.83975,259.27798,0.0
2a,1,Left Ankle,4248883,1779734223756,1.59,9.19,-0.99,-5.8125,-2.0,-23.625,-0.638916,-0.74316406,-0.07525635,-0.18395996
2a,3,Left Wrist,4048914,1779734223768,3.1132636,-4.581959,-3.1322048,-8.144223,-9.050301,46.65922,-111.48913,-43.715847,337.08936,0.0
2a,1,Left Ankle,4248904,1779734223789,1.78,9.48,-1.25,-3.0625,-5.5,-32.5,-0.6404419,-0.7424927,-0.07836914,-0.18011475
2a,1,Left Ankle,4248922,1779734223791,1.72,9.53,-1.0,-2.625,-11.125,-36.8125,-0.6419678,-0.7420044,-0.08166504,-0.17504883
2a,4,Right Wrist,30251872,1779734223791,-3.9105709,-7.4178505,2.1056838,-34.50496,4.201112,21.433727,-152.50722,-43.659756,232.16875,0.0
2a,1,Left Ankle,4248939,1779734223816,1.22,9.63,-1.17,-4.4375,-6.0625,-38.375,-0.64367676,-0.741272,-0.08557129,-0.17004395
2a,1,Left Ankle,4248961,1779734223825,0.47,9.73,-0.77,-4.3125,-0.9375,-33.8125,-0.6452637,-0.7402954,-0.089538574,-0.16589355
2a,2,Right Ankle,1290993,1779734223825,-9.03595,1.2924594,-0.3684947,-0.14336205,8.34624,21.627619,48.030624,73.94051,259.50583,0.0
2a,1,Left Ankle,4248986,1779734223848,0.27,9.68,-1.04,-1.5625,10.5,-19.875,-0.6466675,-0.7390137,-0.095458984,-0.1630249
2a,4,Right Wrist,30251932,1779734223849,-7.073882,-5.2714887,1.3399806,-23.93496,-4.408888,24.583729,-152.48325,-43.633385,232.14143,0.0
2a,1,Left Ankle,4249004,1779734223877,-0.24,9.84,-1.06,-0.625,13.1875,-13.0,-0.6467285,-0.73846436,-0.0982666,-0.16363525
2a,1,Left Ankle,4249025,1779734223877,0.58,10.4,-0.72,3.1875,9.0625,1.5625,-0.64611816,-0.73846436,-0.099853516,-0.16497803
2a,3,Left Wrist,4048974,1779734223889,2.6945198,-5.5486593,-3.17049,-11.644223,-15.070301,35.52922,-111.52873,-43.635044,337.11417,0.0
2a,1,Left Ankle,4249046,1779734223907,0.65,10.46,-1.08,5.4375,-1.5,7.1875,-0.6453247,-0.7390747,-0.09942627,-0.16571045
2a,4,Right Wrist,30251992,1779734223917,-11.457533,-2.3570302,3.089134,-40.804962,-6.5088882,10.723728,-152.4842,-43.613247,232.1306,0.0
2a,1,Left Ankle,4249063,1779734223938,0.27,9.46,-1.01,4.6875,-4.6875,13.375,-0.64489746,-0.73950195,-0.09838867,-0.1661377
2a,2,Right Ankle,1291116,1779734223948,-8.945023,2.350087,-0.21535404,-6.933362,-1.1737598,-8.402382,48.3241,74.01563,259.7934,0.0
2a,1,Left Ankle,4249089,1779734223969,-0.03,9.83,-1.12,5.9375,-2.9375,26.125,-0.64276123,-0.74121094,-0.09338379,-0.16973877
2a,4,Right Wrist,30252052,1779734223974,-11.115358,-1.5147569,2.036292,-0.9049599,18.691113,-7.5462723,-152.47598,-43.602016,232.12424,0.0
2a,1,Left Ankle,4249106,1779734223974,0.71,9.74,-1.52,5.375,7.0625,39.0625,-0.6408081,-0.7421875,-0.089538574,-0.17443848
2a,1,Left Ankle,4249122,1779734224001,0.78,9.71,-1.48,4.8125,9.0625,42.5625,-0.6398926,-0.7426758,-0.08703613,-0.17700195
2a,2,Right Ankle,1291135,1779734224007,-9.023985,2.1825895,-0.52163535,-8.543362,-0.89375985,-13.16238,48.480637,74.0507,259.94583,0.0
2a,1,Left Ankle,4249145,1779734224031,1.25,9.47,-1.24,1.875,16.0,46.75,-0.6369629,-0.74346924,-0.08074951,-0.18695068
2a,1,Left Ankle,4249162,1779734224032,1.67,9.54,-1.08,1.0625,16.9375,46.9375,-0.63604736,-0.7435913,-0.07873535,-0.19055176
2a,4,Right Wrist,30252112,1779734224032,-8.0525465,-3.685047,1.3782659,31.29504,47.601112,-16.786272,-152.44456,-43.598755,232.1083,0.0
2a,1,Left Ankle,4249187,1779734224058,2.4,9.05,-1.08,0.4375,12.75,36.1875,-0.63409424,-0.74383545,-0.072021484,-0.1986084
2a,2,Right Ankle,1291219,1779734224067,-9.215411,1.486278,-0.18424734,-11.833363,-2.15376,-15.752382,48.582554,74.10083,260.0467,0.0
2a,1,Left Ankle,4249209,1779734224090,2.65,9.02,-1.05,0.625,10.25,30.4375,-0.6329346,-0.7439575,-0.06970215,-0.20269775
2a,1,Left Ankle,4249226,1779734224090,2.88,9.23,-1.0,1.8125,4.9375,3.1875,-0.6326294,-0.7440796,-0.06829834,-0.20355225
2a,1,Left Ankle,4249244,1779734224116,3.47,9.53,-1.08,1.3125,-4.8125,-20.5625,-0.6329956,-0.7441406,-0.06994629,-0.20172119
2a,2,Right Ankle,1291279,1779734224124,-8.37553,0.22047485,-0.42592245,-2.243362,3.7962403,9.517619,48.63721,74.16158,260.10086,0.0
2a,3,Left Wrist,4049137,1779734224129,-0.7367875,-6.333505,-6.996613,-24.594223,-4.9903007,40.429222,-111.63172,-43.47565,337.17624,0.0
2a,1,Left Ankle,4249268,1779734224150,3.14,9.89,-0.77,0.625,-9.3125,-48.4375,-0.63446045,-0.7440796,-0.07397461,-0.19586182
2a,4,Right Wrist,30252172,1779734224151,-4.9562345,-6.6736827,1.1222339,35.56504,45.641113,-14.0562725,-152.39325,-43.59474,232.07928,0.0
2a,1,Left Ankle,4249284,1779734224152,3.82,9.72,-1.57,-2.1875,-10.6875,-73.4375,-0.6369629,-0.74328613,-0.08148193,-0.18743896
2a,1,Left Ankle,4249305,1779734224184,6.01,10.41,-1.75,-0.25,-7.9375,-79.3125,-0.6397705,-0.7423096,-0.090270996,-0.1776123
2a,2,Right Ankle,1291339,1779734224185,-8.607635,0.6128978,-0.8757731,-20.093363,4.84624,31.98762,48.748753,74.2098,260.2173,0.0
2a,3,Left Wrist,4049363,1779734224192,5.5467644,-5.9961166,-1.8687946,-8.354223,-12.550301,0.7392235,-111.63629,-43.2844,337.17804,0.0
2a,1,Left Ankle,4249328,1779734224208,2.74,14.35,-3.93,4.625,9.3125,-69.4375,-0.6404419,-0.7418213,-0.09527588,-0.17449951
2a,1,Left Ankle,4249348,1779734224217,4.88,20.17,-6.71,25.1875,35.25,-86.5625,-0.63952637,-0.74139404,-0.1159668,-0.16693115
2a,4,Right Wrist,30252335,1779734224218,-6.2292156,-6.2310104,3.050849,-64.67496,-21.418888,7.013728,-152.33661,-43.566414,232.02464,0.0
2a,1,Left Ankle,4249367,1779734224241,6.89,16.46,-6.04,17.8125,-11.1875,-102.9375,-0.6397095,-0.74139404,-0.12945557,-0.15588379
2a,1,Left Ankle,4249389,1779734224268,5.7,13.34,-5.29,18.0625,-85.625,-109.8125,-0.6416626,-0.7424927,-0.13641357,-0.13562012
2a,1,Left Ankle,4249407,1779734224269,0.54,6.61,-2.88,10.75,-73.3125,-92.6875,-0.64416504,-0.7432251,-0.13989258,-0.11444092
2a,4,Right Wrist,30252355,1779734224269,-7.4447694,-5.7285175,4.5391846,-63.13496,-36.25889,0.923728,-152.33817,-43.543438,232.01457,0.0
2a,2,Right Ankle,1291399,1779734224274,-9.540835,3.0559697,-0.3589234,-57.473362,19.54624,27.087618,48.979397,74.222404,260.46164,0.0
2a,1,Left Ankle,4249427,1779734224300,1.89,2.22,-2.63,15.0,-78.4375,-64.4375,-0.64538574,-0.7440796,-0.14257812,-0.09777832
2a,3,Left Wrist,4049394,1779734224309,5.9511514,-8.896217,-2.4646075,-11.854223,-22.6303,-36.71078,-111.60722,-43.229084,337.1641,0.0
2a,1,Left Ankle,4249454,1779734224332,2.35,-0.87,-2.32,21.75,-104.1875,-35.3125,-0.64538574,-0.7485962,-0.13305664,-0.07293701
2a,2,Right Ankle,1291459,1779734224333,-9.045521,2.9243646,-0.37567315,-30.663363,12.54624,2.587619,49.193947,74.23944,260.67947,0.0
2a,1,Left Ankle,4249468,1779734224333,0.69,1.59,-3.03,38.375,-51.6875,3.8125,-0.6435547,-0.75109863,-0.12994385,-0.06921387
2a,4,Right Wrist,30252412,1779734224333,-8.535896,-3.615655,1.9381864,-65.72496,-57.888885,19.473728,-152.34686,-43.503365,232.00717,0.0
2a,1,Left Ankle,4249493,1779734224357,3.19,0.44,-4.89,61.5625,19.8125,38.75,-0.63031006,-0.762146,-0.12597656,-0.07733154
2a,1,Left Ankle,4249510,1779734224387,2.88,1.35,-3.52,79.625,52.625,91.375,-0.62402344,-0.7669678,-0.123413086,-0.0847168
2a,4,Right Wrist,30252472,1779734224390,-9.375777,-1.9167514,2.6057837,-26.52496,-61.598885,75.473724,-152.3323,-43.45585,231.9811,0.0
2a,2,Right Ankle,1291549,1779734224395,-8.923488,3.1253614,-0.40677986,11.756638,5.89624,-10.292381,49.41524,74.25361,260.88828,0.0
2a,3,Left Wrist,4049484,1779734224399,2.1776702,-4.5317097,-15.706488,-14.164224,66.4797,-159.35077,-111.70436,-43.261703,337.22644,0.0
2a,1,Left Ankle,4249536,1779734224425,3.38,3.69,-1.8,76.75,34.6875,117.125,-0.60583496,-0.78131104,-0.10650635,-0.105651855
2a,1,Left Ankle,4249556,1779734224425,-2.13,10.81,4.45,40.75,-83.5,126.5,-0.6016846,-0.7883911,-0.07836914,-0.10144043
2a,4,Right Wrist,30252532,1779734224451,-8.105188,0.0716846,5.7427745,36.47504,-40.248886,109.49372,-152.28508,-43.419964,231.93755,0.0
2a,2,Right Ankle,1291609,1779734224458,-8.8229885,3.7044244,-1.2227323,30.026638,10.65624,-44.03238,49.628044,74.275986,261.0811,0.0
2a,1,Left Ankle,4249575,1779734224484,-10.24,7.03,6.3,-19.6875,-246.5625,67.5625,-0.6043091,-0.791687,-0.043762207,-0.078552246
2a,1,Left Ankle,4249598,1779734224484,-21.14,12.82,4.61,-16.25,-152.125,84.9375,-0.60772705,-0.79174805,-0.0146484375,-0.059814453
2a,3,Left Wrist,4049574,1779734224488,-7.8530426,-6.0152597,-19.944178,-117.55423,144.45969,-86.97078,-111.78781,-43.25902,337.22958,0.0
2a,1,Left Ankle,4249619,1779734224505,-24.96,17.3,-2.48,12.6875,75.0,104.75,-0.6044922,-0.79296875,0.0034179688,-0.075805664
2a,1,Left Ankle,4249644,1779734224506,11.23,10.77,3.08,-44.4375,19.75,-245.75,-0.6063843,-0.7914429,-0.038879395,-0.06591797
2a,4,Right Wrist,30252592,1779734224509,-6.214859,-2.8020957,6.0155563,161.07504,-30.448889,63.92373,-152.19566,-43.39553,231.90399,0.0
2a,2,Right Ankle,1291669,1779734224519,-10.131863,1.512599,-0.41635114,21.906637,8.62624,-70.702385,49.70728,74.34418,261.1463,0.0
2a,1,Left Ankle,4249663,1779734224536,23.89,13.19,-4.92,-34.875,20.0,-150.0,-0.60943604,-0.78900146,-0.049743652,-0.059692383
2a,3,Left Wrist,4049664,1779734224548,-11.640881,8.868097,-14.0697975,-269.45422,124.7197,131.84923,-111.888306,-43.215164,337.19202,0.0
2a,1,Left Ankle,4249704,1779734224567,2.13,15.05,1.61,-47.875,-83.75,-90.8125,-0.62664795,-0.7779541,-0.03643799,-0.026672363
2a,1,Left Ankle,4249685,1779734224567,1.55,23.76,-0.95,-46.25,-106.6875,43.125,-0.6157837,-0.7854004,-0.034362793,-0.052856445
2a,1,Left Ankle,4249719,1779734224595,-8.77,3.54,-4.83,-38.0,-2.6875,-53.4375,-0.6293335,-0.7758179,-0.03918457,-0.023376465
2a,4,Right Wrist,30252652,1779734224598,-6.557032,-6.850751,6.565905,166.18504,-23.938887,26.333729,-152.10512,-43.377087,231.87862,0.0
2a,2,Right Ankle,1291729,1779734224603,-9.947615,0.9407145,-0.21535404,11.476637,31.30624,-59.85238,49.769627,74.424,261.2011,0.0
2a,3,Left Wrist,4049754,1779734224608,-1.4905274,13.002895,5.4676,-253.49423,-129.38031,-391.1908,-112.06385,-43.343063,337.31943,0.0
2a,1,Left Ankle,4249744,1779734224626,0.41,1.7,-2.63,-12.4375,9.0625,-53.125,-0.6315918,-0.7736206,-0.047790527,-0.018859863
2a,1,Left Ankle,4249759,1779734224627,2.37,16.31,-1.48,-14.5625,-49.875,-31.3125,-0.6338501,-0.7718506,-0.04815674,-0.011108398
2a,1,Left Ankle,4249784,1779734224658,1.54,15.24,-2.42,-14.75,-58.6875,-54.4375,-0.6374512,-0.7687988,-0.050964355,0.0064086914
2a,4,Right Wrist,30252712,1779734224658,-8.98814,-11.363615,6.8697934,42.70504,-21.348888,16.253727,-152.05629,-43.35711,231.8542,0.0
2a,1,Left Ankle,4249804,1779734224658,-0.37,7.57,-0.88,-18.625,-42.875,-55.375,-0.64001465,-0.7662964,-0.053649902,0.016479492
2a,2,Right Ankle,1291790,1779734224663,-8.621991,0.7564671,-3.3762727,-0.913362,16.676239,-38.71238,49.896263,74.48593,261.32227,0.0
2a,3,Left Wrist,4049814,1779734224668,58.07401,-70.02566,14.995819,-143.24423,124.789696,-108.950775,-112.02354,-43.396523,337.23843,0.0
2a,1,Left Ankle,4249822,1779734224693,-3.16,9.28,-0.71,-17.0,-22.0625,-40.4375,-0.6411743,-0.7651367,-0.055114746,0.020019531
2a,1,Left Ankle,4249843,1779734224715,-2.13,9.04,-1.33,-19.9375,-22.1875,-35.4375,-0.64367676,-0.7626343,-0.057556152,0.026977539
2a,1,Left Ankle,4249863,1779734224716,-0.82,10.14,-1.58,-22.6875,-3.625,-28.4375,-0.6464844,-0.7598877,-0.06048584,0.031188965
2a,4,Right Wrist,30252802,1779734224719,-2.3456643,-2.4886358,-5.26421,-166.73495,-31.21889,-74.88628,-152.14555,-43.290176,231.896,0.0
2a,1,Left Ankle,4249888,1779734224750,-1.63,9.41,-0.68,-27.8125,-3.75,-19.25,-0.65167236,-0.7550049,-0.06384277,0.0345459
2a,2,Right Ankle,1291879,1779734224752,-9.31591,-2.629377,-1.4476578,5.9466376,22.48624,-32.83238,49.863438,74.57199,261.28827,0.0
2a,1,Left Ankle,4249905,1779734224775,-1.59,10.21,-1.69,-23.3125,2.5625,-8.0625,-0.6547241,-0.75219727,-0.06567383,0.03503418
2a,4,Right Wrist,30252862,1779734224783,-6.973384,2.9933214,3.464807,-129.70496,-8.188889,-10.416272,-152.19937,-43.28332,231.90515,0.0
2a,3,Left Wrist,4049875,1779734224788,13.524435,-24.205498,-19.00619,-157.73422,20.6997,155.08922,-112.111336,-43.29701,337.24127,0.0
2a,1,Left Ankle,4249927,1779734224808,-1.94,9.98,-0.82,-18.375,2.4375,-3.1875,-0.6567383,-0.7503662,-0.06628418,0.03479004
2a,1,Left Ankle,4249949,1779734224809,-2.22,9.54,-0.66,-4.6875,7.375,4.6875,-0.65753174,-0.74975586,-0.066589355,0.033447266
2a,2,Right Ankle,1291939,1779734224817,-8.665062,-2.5456283,-1.7874384,-7.633362,10.93624,8.74762,49.86444,74.64401,261.2931,0.0
2a,1,Left Ankle,4249985,1779734224842,-1.68,9.7,-0.77,8.25,10.5625,17.875,-0.6567993,-0.7506714,-0.06591797,0.028686523
2a,1,Left Ankle,4249964,1779734224842,-2.15,9.74,-0.85,-0.6875,8.4375,8.1875,-0.65734863,-0.75,-0.066345215,0.031188965
2a,4,Right Wrist,30252922,1779734224843,-6.0090756,2.2850456,-0.89013004,32.27504,7.4911118,-21.896273,-152.21031,-43.267963,231.92441,0.0
2a,3,Left Wrist,4050038,1779734224851,8.889538,1.1727798,-5.919843,169.51578,-121.6103,282.48923,-112.11034,-43.200222,337.28253,0.0
2a,1,Left Ankle,4250009,1779734224868,-1.68,9.8,-0.73,14.9375,12.8125,25.25,-0.65509033,-0.7524414,-0.06427002,0.024658203
2a,2,Right Ankle,1292029,1779734224875,-8.511921,-1.2989675,-2.6392832,9.5866375,3.3762403,17.287619,49.94511,74.70497,261.36893,0.0
2a,1,Left Ankle,4250025,1779734224899,-1.5,9.4,-0.67,18.0625,18.25,31.125,-0.65283203,-0.75476074,-0.06188965,0.01977539
2a,4,Right Wrist,30252982,1779734224899,-6.0210404,-1.3233312,2.5028925,57.54504,23.941113,-33.866272,-152.18372,-43.267895,231.92474,0.0
2a,1,Left Ankle,4250050,1779734224926,-1.51,9.61,-1.53,23.75,17.875,33.1875,-0.6498413,-0.7576294,-0.059631348,0.013977051
2a,1,Left Ankle,4250065,1779734224927,-1.18,9.56,-1.58,26.625,13.8125,35.3125,-0.64642334,-0.76086426,-0.056152344,0.009033203
2a,2,Right Ankle,1292089,1779734224933,-8.607635,-1.4808221,-2.3904297,-25.973362,-15.663759,40.87762,50.000168,74.75708,261.43213,0.0
2a,3,Left Wrist,4050057,1779734224938,4.187641,1.2349931,-8.16431,195.20578,-145.6203,278.4992,-112.15304,-43.10691,337.36606,0.0
2a,1,Left Ankle,4250089,1779734224959,-1.26,9.63,-1.72,31.1875,11.125,35.375,-0.64245605,-0.76446533,-0.05279541,0.003967285
2a,4,Right Wrist,30253042,1779734224959,-6.8011007,-2.6680975,1.3064811,45.43504,42.56111,-43.94627,-152.15787,-43.268238,231.92273,0.0
2a,1,Left Ankle,4250110,1779734224986,-1.31,9.6,-1.37,33.5625,14.625,39.25,-0.63812256,-0.7683716,-0.049316406,-0.0015258789
2a,1,Left Ankle,4250130,1779734224987,-0.99,9.72,-1.79,35.1875,16.875,40.3125,-0.63360596,-0.77233887,-0.04534912,-0.0064697266
2a,2,Right Ankle,1292149,1779734224993,-8.830167,-0.59069204,-1.3064811,-22.543362,-24.34376,67.337616,50.06694,74.7984,261.5064,0.0
2a,3,Left Wrist,4050144,1779734224998,-2.5170484,-0.81087023,-10.427921,162.79578,-207.7803,180.63922,-112.22681,-42.985622,337.4869,0.0
2a,1,Left Ankle,4250146,1779734225018,-1.14,9.88,-1.36,38.25,24.3125,47.625,-0.62854004,-0.7765503,-0.041809082,-0.014099121
2a,4,Right Wrist,30253102,1779734225020,-7.633803,-3.9362931,0.67477596,51.38504,66.71111,-54.09627,-152.1262,-43.274086,231.91757,0.0
2a,1,Left Ankle,4250171,1779734225051,-1.17,11.22,-0.2,42.875,35.25,54.4375,-0.6225586,-0.78131104,-0.037902832,-0.023071289
2a,2,Right Ankle,1292209,1779734225053,-8.425779,1.3092091,-3.2518458,-20.513363,-26.37376,70.34762,50.256836,74.81577,261.69885,0.0
2a,1,Left Ankle,4250194,1779734225076,1.4,11.65,-1.92,37.0,31.1875,56.8125,-0.61694336,-0.78552246,-0.034179688,-0.03326416
2a,1,Left Ankle,4250213,1779734225077,0.36,10.27,-1.5,45.0625,36.5,65.8125,-0.6107178,-0.79003906,-0.02960205,-0.044311523
2a,1,Left Ankle,4250250,1779734225112,1.33,12.53,-1.75,41.6875,25.6875,86.5625,-0.5966797,-0.7992554,-0.017150879,-0.0692749
2a,1,Left Ankle,4250230,1779734225112,1.64,11.04,-1.99,46.5,37.8125,75.1875,-0.60357666,-0.79486084,-0.02508545,-0.05718994
2a,4,Right Wrist,30253162,1779734225113,-8.22483,-4.0559344,2.1966112,24.785042,80.501114,-46.746273,-152.09923,-43.288204,231.90594,0.0
2a,2,Right Ankle,1292269,1779734225114,-9.696368,4.264345,-0.2871387,-33.39336,-38.763763,50.67762,50.49832,74.78344,261.94336,0.0
2a,1,Left Ankle,4250268,1779734225137,2.39,13.71,-2.29,28.6875,43.3125,86.5,-0.5913086,-0.8022461,-0.0078125,-0.08203125
2a,1,Left Ankle,4250291,1779734225170,1.0,11.25,-2.53,-0.3125,62.75,82.9375,-0.5888672,-0.8022461,-0.0021362305,-0.097839355
2a,1,Left Ankle,4250308,1779734225171,0.06,9.47,-2.54,-18.3125,61.4375,65.4375,-0.58966064,-0.7996216,0.0010375977,-0.11364746
2a,4,Right Wrist,30253252,1779734225171,-7.437591,-3.737689,3.1010983,15.195041,54.671112,-43.59627,-152.07797,-43.29756,231.89832,0.0
2a,2,Right Ankle,1292329,1779734225172,-9.232161,3.3359299,0.0071784677,-33.46336,-6.0737596,21.767618,50.738415,74.77418,262.18716,0.0
2a,3,Left Wrist,4050204,1779734225179,-3.4981053,1.8044848,-7.7312098,74.52577,-219.54031,113.99922,-112.3353,-42.893368,337.61945,0.0
2a,1,Left Ankle,4250334,1779734225202,-1.85,8.69,-2.14,-19.9375,77.625,57.5625,-0.5922241,-0.7943115,0.0041503906,-0.13537598
2a,1,Left Ankle,4250353,1779734225228,-5.92,8.99,-0.21,-18.6875,52.8125,36.25,-0.5930786,-0.7927246,0.0041503906,-0.14074707
2a,1,Left Ankle,4250368,1779734225229,-4.65,9.03,1.34,-15.3125,56.6875,6.125,-0.5946655,-0.7897949,5.493164E-4,-0.15039062
2a,4,Right Wrist,30253312,1779734225230,-6.212466,-7.3436723,3.1322048,-27.854961,18.831112,-27.146273,-152.06003,-43.292927,231.88318,0.0
2a,2,Right Ankle,1292389,1779734225234,-8.87563,3.0727193,-1.5625132,-33.533363,-7.61376,-17.362381,50.922733,74.79497,262.37476,0.0
2a,3,Left Wrist,4050368,1779734225239,-0.24625908,-5.055738,-6.606583,-15.704224,-9.3303,44.769222,-112.48457,-42.729366,337.74713,0.0
2a,1,Left Ankle,4250393,1779734225257,-6.57,8.21,1.41,-36.75,14.375,-22.625,-0.5993042,-0.78601074,-0.0028076172,-0.15167236
2a,1,Left Ankle,4250408,1779734225291,-0.86,7.82,-2.2,-33.4375,32.4375,-64.625,-0.6054077,-0.78167725,-0.012145996,-0.1496582
2a,1,Left Ankle,4250433,1779734225298,0.74,7.79,-3.4,-18.4375,55.4375,-74.25,-0.61169434,-0.77630615,-0.034057617,-0.1482544
2a,3,Left Wrist,4050444,1779734225298,3.2376907,-2.2896347,-5.4006004,-10.174224,-26.760302,30.629221,-112.58365,-42.708397,337.81528,0.0
2a,1,Left Ankle,4250453,1779734225317,2.92,5.52,-3.52,-8.625,51.1875,-82.5625,-0.61309814,-0.7749634,-0.041992188,-0.1473999
2a,2,Right Ankle,1292449,1779734225327,-9.03595,1.6418114,-0.24885355,-17.293362,-15.243759,-29.332382,51.02622,74.84039,262.4777,0.0
2a,1,Left Ankle,4250469,1779734225352,5.57,4.57,-4.0,-8.25,37.25,-77.75,-0.6158447,-0.77246094,-0.056396484,-0.14459229
2a,4,Right Wrist,30253372,1779734225353,-5.9588265,-8.793723,2.737389,-46.964962,4.1311116,-14.966272,-152.04378,-43.28055,231.86366,0.0
2a,1,Left Ankle,4250499,1779734225376,7.17,3.98,-4.38,-10.25,9.125,-58.125,-0.619812,-0.76953125,-0.06854248,-0.13745117
2a,1,Left Ankle,4250511,1779734225377,6.48,3.8,-3.12,-15.4375,-32.5,-32.5,-0.6213989,-0.7689209,-0.06878662,-0.13372803
2a,2,Right Ankle,1292509,1779734225386,-9.074235,1.3259588,-0.9499506,-11.973362,-10.48376,-20.232382,51.133926,74.88851,262.58377,0.0
2a,1,Left Ankle,4250535,1779734225408,5.05,4.9,-1.71,-21.1875,-63.0,-2.25,-0.62664795,-0.767334,-0.06201172,-0.12133789
2a,4,Right Wrist,30253536,1779734225410,-5.951648,-7.6379895,1.4117653,1.2650399,-38.568886,8.343728,-151.98734,-43.227875,231.82262,0.0
2a,1,Left Ankle,4250556,1779734225436,1.49,8.06,3.05,-26.375,-79.875,6.625,-0.630249,-0.765625,-0.054016113,-0.116760254
2a,1,Left Ankle,4250571,1779734225438,7.81,9.16,-7.06,8.8125,73.0625,-3.9375,-0.62945557,-0.76538086,-0.057800293,-0.12084961
2a,2,Right Ankle,1292599,1779734225443,-9.086199,0.66314703,0.11485548,-2.3833623,-3.4837599,23.657618,51.192398,74.943665,262.64212,0.0
2a,1,Left Ankle,4250595,1779734225469,0.71,19.4,-9.46,33.5,69.5625,55.875,-0.6217041,-0.7686157,-0.061035156,-0.13800049
2a,1,Left Ankle,4250612,1779734225470,15.43,24.51,-4.41,24.375,23.1875,-37.1875,-0.62042236,-0.7694092,-0.064941406,-0.13745117
2a,4,Right Wrist,30253555,1779734225477,-6.8633137,-7.8102736,1.9453648,5.53504,-38.218887,11.563728,-151.9552,-43.19482,231.80391,0.0
2a,1,Left Ankle,4250635,1779734225502,3.87,6.09,-1.61,-41.8125,-112.5625,-53.6875,-0.62994385,-0.7655029,-0.0657959,-0.113342285
2a,3,Left Wrist,4050504,1779734225510,3.7688973,-2.7610207,-4.934,57.585777,-23.4703,18.939222,-112.65684,-42.694557,337.88223,0.0
2a,1,Left Ankle,4250660,1779734225529,-5.65,2.87,-2.6,-30.625,-43.5,-43.0625,-0.6359863,-0.7623291,-0.064453125,-0.10107422
2a,4,Right Wrist,30253612,1779734225535,-11.706386,-6.991928,2.1080768,-7.6949596,-27.64889,32.913727,-151.93071,-43.159657,231.78122,0.0
2a,2,Right Ankle,1292659,1779734225535,-9.323088,1.6178832,0.13399807,3.916638,11.56624,28.277618,51.365284,74.9822,262.8102,0.0
2a,1,Left Ankle,4250674,1779734225535,-4.96,6.47,-0.74,-19.375,-4.75,-23.125,-0.63830566,-0.76031494,-0.06707764,-0.10015869
2a,1,Left Ankle,4250698,1779734225562,2.93,11.97,-2.91,-7.0625,37.9375,-14.25,-0.6390991,-0.75860596,-0.07281494,-0.1038208
2a,1,Left Ankle,4250717,1779734225587,0.72,11.59,-3.51,-11.3125,6.1875,-11.25,-0.6402588,-0.7572632,-0.07574463,-0.10424805
2a,2,Right Ankle,1292719,1779734225594,-9.071842,2.3764079,-0.8350951,-2.033362,5.4062405,2.447619,51.57052,75.00807,263.00967,0.0
2a,4,Right Wrist,30253672,1779734225594,-14.003496,-3.7879386,1.7012969,-38.28496,14.211112,23.393728,-151.92346,-43.138813,231.76016,0.0
2a,1,Left Ankle,4250737,1779734225619,0.75,9.46,-2.27,-17.375,-4.4375,-12.375,-0.64263916,-0.75531006,-0.07678223,-0.10296631
2a,1,Left Ankle,4250761,1779734225619,0.99,8.94,-0.42,-18.9375,-27.0625,-8.1875,-0.6454468,-0.75354004,-0.07543945,-0.09942627
2a,1,Left Ankle,4250783,1779734225646,0.22,9.94,-0.8,-17.0,-39.375,-1.1875,-0.6483154,-0.75219727,-0.07104492,-0.09423828
2a,4,Right Wrist,30253732,1779734225651,-10.452547,-1.6296126,1.9501505,23.38504,37.941113,-12.026272,-151.90434,-43.133923,231.75082,0.0
2a,2,Right Ankle,1292809,1779734225654,-9.122091,1.2254603,-0.09810573,3.006638,6.7362404,-34.23238,51.661392,75.06961,263.095,0.0
2a,1,Left Ankle,4250817,1779734225678,0.03,9.69,-1.1,-5.1875,-15.5625,10.375,-0.6514282,-0.75079346,-0.062683105,-0.089660645
2a,1,Left Ankle,4250799,1779734225678,-1.44,9.81,-0.91,-13.625,-29.5,9.1875,-0.6503906,-0.7512207,-0.06628418,-0.09088135
2a,3,Left Wrist,4050771,1779734225689,-2.5888324,-7.240385,-6.130411,4.455776,-25.4303,78.299225,-112.81117,-42.510857,337.9875,0.0
2a,1,Left Ankle,4250837,1779734225711,0.6,9.45,-0.98,-4.1875,-14.0,14.6875,-0.65185547,-0.7507324,-0.059387207,-0.08947754
2a,4,Right Wrist,30253792,1779734225712,-6.3225355,-4.6804614,0.52881384,29.055038,41.02111,-23.646273,-151.86957,-43.126152,231.7344,0.0
2a,2,Right Ankle,1292869,1779734225720,-12.158583,2.2352314,-1.3040884,12.526638,8.83624,-42.70238,51.803448,75.12181,263.2263,0.0
2a,1,Left Ankle,4250884,1779734225746,-0.02,10.15,-1.3,-9.75,-28.375,20.125,-0.65448,-0.74975586,-0.045959473,-0.08618164
2a,1,Left Ankle,4250861,1779734225745,0.83,9.75,-1.18,-7.5,-23.875,16.5625,-0.6526489,-0.75042725,-0.05493164,-0.08862305
2a,3,Left Wrist,4050893,1779734225749,0.20837738,-5.127522,-2.955136,3.6857762,-3.4503007,63.109222,-112.853355,-42.31764,338.01367,0.0
2a,1,Left Ankle,4250909,1779734225766,0.2,10.29,-1.32,-8.75,-23.9375,21.375,-0.6553345,-0.7493286,-0.04083252,-0.08605957
2a,4,Right Wrist,30253852,1779734225769,-4.434599,-4.8814583,1.5792629,37.105038,21.70111,8.413728,-151.81886,-43.113594,231.70409,0.0
2a,2,Right Ankle,1292929,1779734225781,-9.973936,-0.15759112,1.6630117,-13.863362,2.53624,-44.80238,51.576973,75.19209,263.00974,0.0
2a,1,Left Ankle,4250924,1779734225796,0.3,9.68,-1.09,-6.75,-9.0625,22.75,-0.6557617,-0.74890137,-0.03741455,-0.08782959
2a,1,Left Ankle,4250944,1779734225803,0.69,9.56,-0.95,-1.5625,6.0,15.375,-0.6557617,-0.74871826,-0.0357666,-0.090270996
2a,1,Left Ankle,4250967,1779734225828,1.18,9.95,-1.07,-0.8125,11.6875,3.75,-0.6558838,-0.7485962,-0.034179688,-0.09075928
2a,4,Right Wrist,30253912,1779734225829,-3.424827,-6.1496544,0.3589234,3.8550396,-6.4388885,24.933727,-151.77069,-43.08483,231.66727,0.0
2a,2,Right Ankle,1292989,1779734225833,-7.471044,3.13254,-0.45224345,32.056637,-16.78376,10.847618,51.831383,75.180046,263.24432,0.0
2a,1,Left Ankle,4250993,1779734225858,1.78,9.16,-0.91,0.375,13.75,-11.4375,-0.6559448,-0.748291,-0.03668213,-0.091552734
2a,3,Left Wrist,4050954,1779734225869,1.4789661,-4.88824,-1.7635103,15.655777,11.8097,44.48922,-112.82753,-42.230587,337.9927,0.0
2a,1,Left Ankle,4251033,1779734225892,0.13,9.56,-1.17,3.8125,7.9375,-22.375,-0.65582275,-0.74835205,-0.04309082,-0.08917236
2a,4,Right Wrist,30253972,1779734225892,-3.7095735,-5.2451677,0.80159557,-31.84496,-26.038889,32.143726,-151.74008,-43.05058,231.63469,0.0
2a,1,Left Ankle,4251012,1779734225892,1.0,9.49,-1.03,1.9375,9.0625,-18.1875,-0.6559448,-0.74823,-0.039916992,-0.09100342
2a,2,Right Ankle,1293049,1779734225894,-3.429566,-5.2519107,-2.4382863,-3.2933621,-21.05376,14.067619,51.76004,75.24406,263.17575,0.0
2a,1,Left Ankle,4251050,1779734225919,0.07,9.48,-1.5,4.5625,10.875,-23.75,-0.6555786,-0.74853516,-0.047180176,-0.08770752
2a,1,Left Ankle,4251067,1779734225945,1.24,9.93,-2.06,5.75,17.8125,-21.875,-0.65509033,-0.74871826,-0.051879883,-0.08734131
2a,1,Left Ankle,4251087,1779734225947,-0.02,9.57,-1.03,8.1875,17.625,-18.6875,-0.65423584,-0.7490845,-0.05657959,-0.08728027
2a,4,Right Wrist,30254032,1779734225949,-5.822436,-4.2306104,0.61016977,-27.924961,-21.55889,27.593729,-151.72043,-43.015636,231.61101,0.0
2a,2,Right Ankle,1293109,1779734225953,-14.197268,0.20611793,6.5443697,-63.00336,-14.96376,32.96762,51.53803,75.226776,262.98312,0.0
2a,1,Left Ankle,4251112,1779734225980,-0.47,9.61,-0.84,8.5,12.5625,-14.5625,-0.6532593,-0.7496338,-0.060180664,-0.08728027
2a,3,Left Wrist,4051118,1779734225989,1.8402824,-6.8288198,-1.5026926,-4.7142234,-1.9103007,12.429222,-112.727425,-42.098267,337.9195,0.0
2a,1,Left Ankle,4251131,1779734226011,-0.1,9.51,-1.38,8.9375,11.3125,-8.75,-0.6522827,-0.75042725,-0.06225586,-0.0869751
2a,1,Left Ankle,4251147,1779734226012,-0.42,9.72,-1.25,9.75,10.875,-1.5,-0.651001,-0.75128174,-0.064086914,-0.087890625
2a,4,Right Wrist,30254092,1779734226013,-10.928719,-2.3905296,1.0600204,-33.80496,-12.038889,27.033728,-151.71675,-42.985622,231.59583,0.0
2a,2,Right Ankle,1293169,1779734226020,-8.933058,1.7470956,1.0887343,67.75664,-10.413759,37.937622,51.71549,75.25758,263.13324,0.0
2a,1,Left Ankle,4251171,1779734226038,-0.24,9.46,-1.5,10.25,12.375,4.3125,-0.64953613,-0.7522583,-0.06506348,-0.08959961
2a,1,Left Ankle,4251189,1779734226069,-0.06,9.75,-1.58,10.4375,10.8125,12.25,-0.6478882,-0.75335693,-0.06567383,-0.09161377
2a,1,Left Ankle,4251213,1779734226069,0.05,9.79,-1.44,8.875,6.9375,19.25,-0.6463623,-0.75445557,-0.064697266,-0.094055176
2a,4,Right Wrist,30254152,1779734226070,-11.799706,-1.5147569,1.8831514,15.125039,12.741112,-13.496271,-151.70607,-42.97259,231.59364,0.0
2a,2,Right Ankle,1293229,1779734226073,-9.119699,1.6848822,0.25842485,-12.393362,-11.11376,30.657618,51.875584,75.28707,263.29318,0.0
2a,3,Left Wrist,4051164,1779734226079,0.34237492,-6.6708922,-4.2735815,0.4657764,-27.4603,12.149223,-112.76067,-42.01774,337.94724,0.0
2a,1,Left Ankle,4251228,1779734226097,-0.01,9.55,-1.42,8.125,6.25,24.0625,-0.6449585,-0.7555542,-0.06201172,-0.09674072
2a,1,Left Ankle,4251272,1779734226129,0.65,9.69,-1.49,8.0,9.0625,32.375,-0.64190674,-0.7576294,-0.05633545,-0.10345459
2a,1,Left Ankle,4251257,1779734226129,0.22,9.72,-1.56,7.9375,8.5,29.125,-0.64263916,-0.7570801,-0.05883789,-0.10205078
2a,4,Right Wrist,30254212,1779734226129,-9.442777,-4.603891,2.5938196,21.70504,37.87111,-32.816273,-151.68271,-42.971348,231.58568,0.0
2a,2,Right Ankle,1293290,1779734226134,-9.241732,1.7207747,0.031106694,1.3266377,-6.4237595,5.597619,52.031033,75.32315,263.44293,0.0
2a,3,Left Wrist,4051254,1779734226139,-3.9503486,-6.721143,-7.2670026,4.7357764,-28.0203,70.73922,-112.799614,-41.92434,337.97397,0.0
2a,1,Left Ankle,4251297,1779734226162,0.8,9.64,-1.63,6.3125,5.4375,35.4375,-0.6395874,-0.7590332,-0.050964355,-0.11022949
2a,1,Left Ankle,4251313,1779734226188,0.65,9.55,-1.58,5.6875,5.9375,35.6875,-0.638855,-0.75946045,-0.04901123,-0.11254883
2a,4,Right Wrist,30254272,1779734226190,-7.0571322,-5.706982,2.684747,-0.06496,40.111115,-30.576271,-151.65846,-42.97192,231.57117,0.0
2a,2,Right Ankle,1293349,1779734226194,-9.086199,1.6154903,-0.28953153,-11.693362,-3.3437595,-2.242381,52.177822,75.363174,263.58856,0.0
2a,1,Left Ankle,4251339,1779734226222,0.92,9.36,-1.63,4.6875,9.0625,34.1875,-0.63690186,-0.760437,-0.043701172,-0.11920166
2a,1,Left Ankle,4251357,1779734226223,1.59,9.15,-1.95,3.6875,9.3125,28.3125,-0.6357422,-0.76086426,-0.04107666,-0.12359619
2a,1,Left Ankle,4251374,1779734226247,1.46,9.18,-1.93,2.75,6.6875,26.4375,-0.6348877,-0.76116943,-0.038208008,-0.12677002
2a,4,Right Wrist,30254333,1779734226255,-4.9346986,-6.877073,2.050649,2.5250401,29.961111,-17.766272,-151.62254,-42.96704,231.54764,0.0
2a,3,Left Wrist,4051344,1779734226259,0.49551558,-5.4242325,-5.5465627,-23.824223,4.0396996,89.00922,-112.85187,-41.835285,337.99338,0.0
2a,1,Left Ankle,4251398,1779734226281,1.56,9.24,-1.84,0.875,1.1875,18.6875,-0.6343384,-0.76135254,-0.035827637,-0.12915039
2a,1,Left Ankle,4251414,1779734226281,1.53,9.42,-1.61,0.25,1.125,15.6875,-0.6340332,-0.7614746,-0.034057617,-0.13067627
2a,2,Right Ankle,1293409,1779734226289,-9.083806,1.1728183,-0.08374879,-8.263362,-3.5537596,-1.4723811,52.280487,75.414085,263.69034,0.0
2a,1,Left Ankle,4251436,1779734226308,1.57,9.46,-1.61,0.1875,5.875,4.375,-0.6338501,-0.76135254,-0.033691406,-0.13195801
2a,1,Left Ankle,4251461,1779734226338,2.36,9.18,-1.34,1.9375,7.5,-7.0625,-0.633667,-0.76135254,-0.03503418,-0.13256836
2a,1,Left Ankle,4251482,1779734226338,2.14,9.36,-1.65,0.9375,2.875,-16.875,-0.6338501,-0.7612915,-0.037353516,-0.13140869
2a,2,Right Ankle,1293500,1779734226344,-9.069449,1.2278532,-0.04546363,-5.813362,1.4862401,15.607618,52.408104,75.46043,263.81677,0.0
2a,3,Left Wrist,4051507,1779734226349,3.5224366,-3.672686,-2.7972097,9.075776,-12.970301,25.379221,-112.96757,-41.73296,338.06754,0.0
2a,1,Left Ankle,4251501,1779734226373,1.27,9.58,-1.9,-1.5,-2.5625,-22.5,-0.6343994,-0.7611084,-0.039855957,-0.12890625
2a,4,Right Wrist,30254496,1779734226373,-7.3777704,-6.762217,1.387837,-19.734959,-17.988888,27.663729,-151.56158,-42.921032,231.49004,0.0
2a,1,Left Ankle,4251519,1779734226397,0.79,9.61,-1.89,-1.9375,-1.625,-23.75,-0.6352539,-0.7607422,-0.04260254,-0.1260376
2a,1,Left Ankle,4251544,1779734226398,1.06,9.73,-1.44,1.4375,5.4375,-21.625,-0.6355591,-0.7606201,-0.047607422,-0.123535156
2a,2,Right Ankle,1293559,1779734226404,-8.825381,0.76843125,0.11006984,-6.513362,-2.2937598,27.577618,52.485348,75.51293,263.89508,0.0
2a,1,Left Ankle,4251563,1779734226432,0.81,9.9,-1.31,2.875,10.8125,-18.3125,-0.6355591,-0.7605591,-0.04937744,-0.12322998
2a,4,Right Wrist,30254515,1779734226432,-9.02164,-6.3602223,1.2610176,-21.414959,-14.908888,27.383728,-151.53922,-42.88909,231.46536,0.0
2a,1,Left Ankle,4251586,1779734226462,0.52,9.45,-1.64,2.6875,14.1875,-13.625,-0.63513184,-0.76031494,-0.055664062,-0.12426758
2a,2,Right Ankle,1293619,1779734226463,-9.196269,2.4888706,-0.35174492,-12.813362,-0.89375985,20.087618,52.71472,75.52515,264.1225,0.0
2a,3,Left Wrist,4051526,1779734226469,3.357332,-3.8928258,-2.9216366,17.405777,-15.140301,12.639221,-113.034225,-41.698326,338.1183,0.0
2a,1,Left Ankle,4251610,1779734226489,0.52,9.33,-1.63,2.5625,12.3125,-11.125,-0.63494873,-0.7602539,-0.058166504,-0.124572754
2a,1,Left Ankle,4251626,1779734226497,0.74,9.41,-1.7,1.75,6.125,-5.9375,-0.6348877,-0.7602539,-0.058776855,-0.124572754
2a,4,Right Wrist,30254572,1779734226498,-11.773385,-2.8116667,2.103291,-29.674961,-1.748888,17.023727,-151.53375,-42.86612,231.45099,0.0
2a,1,Left Ankle,4251645,1779734226521,0.4,9.59,-1.64,0.8125,-2.125,1.9375,-0.6347046,-0.760437,-0.0592041,-0.12402344
2a,2,Right Ankle,1293679,1779734226523,-8.94263,2.2806952,-0.2321038,-7.003362,-1.6637598,7.137619,52.928337,75.54348,264.33197,0.0
2a,1,Left Ankle,4251690,1779734226547,0.79,9.54,-1.65,1.5,-1.625,9.5625,-0.63409424,-0.76104736,-0.057434082,-0.12432861
2a,1,Left Ankle,4251670,1779734226547,0.54,9.49,-1.61,1.75,-1.0,5.625,-0.63446045,-0.7607422,-0.058654785,-0.12359619
2a,4,Right Wrist,30254632,1779734226554,-10.500404,-3.0054853,1.5792629,-3.14496,22.331112,-16.016272,-151.52351,-42.854866,231.44415,0.0
2a,1,Left Ankle,4251710,1779734226579,0.92,9.56,-1.7,0.8125,-2.6875,11.1875,-0.633728,-0.7612915,-0.055908203,-0.12506104
2a,2,Right Ankle,1293739,1779734226583,-9.047914,2.204125,-0.19860429,-4.203362,-1.3137599,-5.182381,53.127495,75.56778,264.5259,0.0
2a,1,Left Ankle,4251728,1779734226613,0.92,9.54,-1.62,0.125,-3.75,12.0,-0.6335449,-0.76153564,-0.054138184,-0.12573242
2a,1,Left Ankle,4251753,1779734226613,1.12,9.51,-1.78,-1.375,-3.75,12.0,-0.63342285,-0.7616577,-0.05218506,-0.12640381
2a,4,Right Wrist,30254692,1779734226614,-8.062118,-4.788138,2.4741786,-25.894958,34.581112,-27.846272,-151.51303,-42.852108,231.4329,0.0
2a,1,Left Ankle,4251768,1779734226636,1.08,9.49,-1.73,-1.875,-2.25,11.75,-0.633667,-0.7617798,-0.04876709,-0.12585449
2a,1,Left Ankle,4251791,1779734226668,1.14,9.49,-1.7,-2.9375,-1.0625,10.125,-0.633728,-0.7616577,-0.047302246,-0.12670898
2a,1,Left Ankle,4251809,1779734226672,1.47,9.45,-1.79,-3.375,2.25,7.3125,-0.63391113,-0.76135254,-0.04638672,-0.12768555
2a,4,Right Wrist,30254752,1779734226673,-6.1933236,-6.4559355,2.5148566,-8.95496,28.071112,-28.89627,-151.48924,-42.84867,231.41766,0.0
2a,2,Right Ankle,1293799,1779734226674,-9.004843,1.8452014,-0.12203395,-5.253362,0.3662402,-10.292381,53.298027,75.603584,264.69232,0.0
2a,1,Left Ankle,4251833,1779734226696,1.62,9.3,-1.74,-3.75,3.5,1.9375,-0.63464355,-0.76104736,-0.044067383,-0.12670898
2a,3,Left Wrist,4051717,1779734226714,-0.90907127,-7.0561366,-7.022934,-17.594223,-3.5203006,41.199223,-113.13466,-41.55108,338.1771,0.0
2a,1,Left Ankle,4251854,1779734226732,1.45,9.4,-1.67,-4.375,1.125,-3.5625,-0.6352539,-0.7605591,-0.04437256,-0.12677002
2a,2,Right Ankle,1293859,1779734226734,-9.069449,1.5963478,-0.11246266,-3.363362,1.2762402,-8.122381,53.448933,75.64641,264.83932,0.0
2a,4,Right Wrist,30254812,1779734226734,-5.1691957,-7.812666,2.1535404,-1.11496,15.961111,-9.506271,-151.45316,-42.83797,231.39307,0.0
2a,1,Left Ankle,4251870,1779734226733,1.31,9.29,-1.61,-4.8125,-0.5625,-9.3125,-0.63623047,-0.7600708,-0.043945312,-0.12487793
2a,1,Left Ankle,4251895,1779734226764,1.31,9.49,-1.61,-5.1875,-0.4375,-15.8125,-0.63757324,-0.7591553,-0.046325684,-0.12261963
2a,3,Left Wrist,4051943,1779734226771,2.1537416,-5.7089787,-3.9744782,-4.7842236,-4.9203005,42.52922,-113.27098,-41.312603,338.25345,0.0
2a,1,Left Ankle,4251915,1779734226787,1.13,9.61,-1.52,-5.1875,-1.625,-19.5625,-0.6386719,-0.75842285,-0.04864502,-0.12060547
2a,4,Right Wrist,30254872,1779734226790,-5.1907306,-7.664311,1.3399806,-11.47496,-6.4388885,19.753729,-151.41562,-42.812492,231.36116,0.0
2a,2,Right Ankle,1293949,1779734226798,-9.028771,1.4886707,-0.24646074,-3.853362,2.2562404,7.557619,53.608055,75.687004,264.99533,0.0
2a,1,Left Ankle,4251942,1779734226823,1.16,9.41,-1.49,-5.1875,-4.125,-21.5,-0.6397705,-0.75775146,-0.05090332,-0.11785889
2a,1,Left Ankle,4251958,1779734226823,0.72,9.81,-1.19,-3.75,-4.5625,-19.6875,-0.6407471,-0.75720215,-0.052856445,-0.115112305
2a,1,Left Ankle,4251979,1779734226848,0.61,9.71,-1.38,-1.6875,-2.6875,-17.75,-0.6414795,-0.756897,-0.05432129,-0.11230469
2a,2,Right Ankle,1294009,1779734226858,-9.055093,1.8093091,-0.33738798,-5.1133623,0.15624017,8.607618,53.79391,75.71829,265.1776,0.0
2a,4,Right Wrist,30254932,1779734226858,-8.696216,-5.958228,1.1485548,-9.654961,-18.898888,33.963726,-151.38847,-42.77796,231.3351,0.0
2a,3,Left Wrist,4051974,1779734226858,1.8091754,-5.8597255,-4.5535417,-4.9242234,-6.250301,39.309223,-113.31599,-41.23609,338.27942,0.0
2a,1,Left Ankle,4252002,1779734226880,0.57,9.54,-1.36,0.6875,-3.4375,-14.6875,-0.64178467,-0.75683594,-0.05596924,-0.11022949
2a,1,Left Ankle,4252020,1779734226880,0.21,9.68,-1.48,0.8125,-7.0,-9.1875,-0.6419678,-0.756958,-0.056640625,-0.10821533
2a,1,Left Ankle,4252045,1779734226906,0.39,9.6,-1.53,1.5,-7.6875,-4.875,-0.64190674,-0.7573242,-0.056274414,-0.105895996
2a,4,Right Wrist,30254992,1779734226909,-11.108181,-3.4864428,1.4596218,0.70504,-4.338888,17.023727,-151.37093,-42.75217,231.32005,0.0
2a,2,Right Ankle,1294069,1779734226914,-9.102949,2.0749123,-0.27517462,-4.203362,-0.9637598,3.077619,53.994152,75.74373,265.3732,0.0
2a,3,Left Wrist,4052034,1779734226918,0.14377075,-6.187543,-5.7020965,-1.4942237,-4.5703006,37.48922,-113.360756,-41.157703,338.3058,0.0
2a,1,Left Ankle,4252063,1779734226937,0.33,9.66,-1.54,1.5,-7.8125,0.25,-0.6418457,-0.7575073,-0.055908203,-0.105407715
2a,1,Left Ankle,4252089,1779734226972,0.37,9.47,-1.63,1.25,-4.75,4.9375,-0.64160156,-0.75805664,-0.054504395,-0.103759766
2a,1,Left Ankle,4252110,1779734226972,0.3,9.55,-1.63,0.9375,-4.0,7.0625,-0.64141846,-0.7583008,-0.053527832,-0.103637695
2a,4,Right Wrist,30255052,1779734226972,-9.677273,-3.120341,1.7204396,17.015041,20.86111,-11.746272,-151.35123,-42.740265,231.3108,0.0
2a,2,Right Ankle,1294129,1779734226973,-9.086199,1.9098076,-0.29671,-4.413362,0.08624017,-7.7023807,54.175495,75.77681,265.55008,0.0
2a,3,Left Wrist,4052124,1779734226979,0.048058223,-6.9843526,-5.881558,-11.644223,5.7896996,46.93922,-113.39922,-41.075096,338.3221,0.0
2a,1,Left Ankle,4252126,1779734226996,0.61,9.85,-1.63,-1.0,-0.25,10.9375,-0.64123535,-0.7583618,-0.0524292,-0.10467529
2a,1,Left Ankle,4252145,1779734226997,0.83,9.45,-1.71,-1.75,2.4375,11.375,-0.64123535,-0.75823975,-0.05114746,-0.10620117
2a,1,Left Ankle,4252169,1779734227028,0.83,9.44,-1.63,-2.5,2.4375,11.25,-0.6413574,-0.75805664,-0.049743652,-0.10760498
2a,4,Right Wrist,30255112,1779734227030,-7.2007017,-5.2690954,1.39023,14.285041,27.161112,-18.396273,-151.32219,-42.730183,231.29529,0.0
2a,2,Right Ankle,1294189,1779734227034,-9.071842,1.6370257,-0.3589234,-5.6733623,1.2062402,-12.812382,54.33341,75.81858,265.70453,0.0
2a,3,Left Wrist,4052184,1779734227039,1.2061843,-6.2306137,-5.223532,-15.494223,-0.37030077,52.539223,-113.445274,-40.993984,338.3434,0.0
2a,1,Left Ankle,4252186,1779734227064,1.03,9.43,-1.56,-2.75,1.75,9.4375,-0.6414795,-0.7578125,-0.04864502,-0.108947754
2a,1,Left Ankle,4252211,1779734227089,0.78,9.51,-1.43,-2.75,0.1875,7.75,-0.64172363,-0.75756836,-0.047607422,-0.10986328
2a,1,Left Ankle,4252232,1779734227089,1.07,9.47,-1.44,-1.875,1.6875,4.625,-0.6419678,-0.75738525,-0.046447754,-0.11022949
2a,2,Right Ankle,1294250,1779734227093,-9.100555,1.311602,-0.43549374,-4.973362,-0.33375978,-8.192381,54.468628,75.86612,265.8369,0.0
2a,1,Left Ankle,4252251,1779734227115,1.24,9.49,-1.4,-0.9375,2.3125,1.1875,-0.6420288,-0.75720215,-0.046447754,-0.11077881
2a,1,Left Ankle,4252268,1779734227148,0.98,9.53,-1.39,-0.9375,-0.0625,-2.4375,-0.6421509,-0.7570801,-0.046569824,-0.11053467
2a,1,Left Ankle,4252294,1779734227149,1.02,9.58,-1.62,-0.5,0.625,-6.125,-0.642395,-0.75701904,-0.047790527,-0.109680176
2a,4,Right Wrist,30255172,1779734227149,-5.6405816,-6.6784678,1.6079768,2.10504,12.881111,-0.7562721,-151.2865,-42.714546,231.27016,0.0
2a,2,Right Ankle,1294309,1779734227153,-9.014415,1.1010336,-0.33978084,-4.273362,-0.6837598,3.5676188,54.593185,75.91508,265.95926,0.0
2a,3,Left Wrist,4052244,1779734227159,2.0101726,-5.290234,-4.436293,5.3657765,-11.2903,52.95922,-113.49311,-40.91797,338.37317,0.0
2a,1,Left Ankle,4252313,1779734227183,0.83,9.52,-1.31,0.25,1.0625,-9.25,-0.64245605,-0.756958,-0.048461914,-0.10925293
2a,1,Left Ankle,4252333,1779734227205,0.76,9.65,-1.23,0.9375,1.4375,-11.0,-0.64263916,-0.756897,-0.049804688,-0.10803223
2a,1,Left Ankle,4252349,1779734227206,0.79,9.7,-1.47,1.5625,2.3125,-10.8125,-0.64263916,-0.756897,-0.0513916,-0.1071167
2a,4,Right Wrist,30255335,1779734227218,-8.856535,-5.3576303,0.9092726,-12.24496,-5.948889,13.313728,-151.2306,-42.66466,231.22255,0.0
2a,2,Right Ankle,1294369,1779734227218,-8.983308,1.1273546,-0.42831525,-4.623362,-1.9437598,14.347618,54.732147,75.9593,266.09622,0.0
2a,3,Left Wrist,4052408,1779734227219,1.347361,-6.1684,-4.759324,10.195777,-8.0003,40.079224,-113.56495,-40.757618,338.4219,0.0
2a,1,Left Ankle,4252368,1779734227239,0.72,9.71,-1.28,2.4375,1.5,-10.875,-0.6425781,-0.75701904,-0.052856445,-0.105895996
2a,1,Left Ankle,4252391,1779734227265,0.39,9.65,-1.52,2.75,0.75,-9.1875,-0.6425171,-0.7571411,-0.054382324,-0.10479736
2a,1,Left Ankle,4252413,1779734227266,0.43,9.61,-1.44,4.4375,0.75,-6.1875,-0.64208984,-0.7575073,-0.055419922,-0.10412598
2a,4,Right Wrist,30255355,1779734227269,-9.794522,-5.1279197,1.3136597,-7.48496,-3.708888,10.023728,-151.21146,-42.639187,231.20601,0.0
2a,2,Right Ankle,1294429,1779734227273,-8.973736,1.5843837,-0.33738798,-8.753363,-4.3237596,15.047619,54.905903,75.992386,266.2682,0.0
2a,3,Left Wrist,4052427,1779734227278,1.1128643,-6.4651103,-5.063213,4.8757763,-8.350301,38.259224,-113.60267,-40.677326,338.4456,0.0
2a,1,Left Ankle,4252429,1779734227298,0.48,9.53,-1.45,5.3125,1.375,-1.5,-0.6414795,-0.7579956,-0.05596924,-0.103881836
2a,1,Left Ankle,4252454,1779734227326,0.52,9.66,-1.66,4.75,0.0625,2.75,-0.6405029,-0.7588501,-0.055908203,-0.10394287
2a,1,Left Ankle,4252472,1779734227327,0.35,9.56,-1.51,4.375,-1.0,8.0,-0.6401367,-0.75909424,-0.055908203,-0.10430908
2a,4,Right Wrist,30255412,1779734227328,-10.416655,-4.156433,1.7084754,-19.45496,9.171112,2.463728,-151.20006,-42.62037,231.19199,0.0
2a,2,Right Ankle,1294489,1779734227333,-9.03595,2.0509841,-0.33260235,-6.443362,-4.3237596,6.857619,55.110497,76.015045,266.46893,0.0
2a,3,Left Wrist,4052484,1779734227337,0.40698156,-7.127922,-6.3074803,-8.0742235,-10.520301,45.04922,-113.64854,-40.5953,338.4714,0.0
2a,1,Left Ankle,4252493,1779734227357,0.61,9.46,-1.77,4.5625,1.5,10.875,-0.63934326,-0.7597046,-0.055114746,-0.10510254
2a,1,Left Ankle,4252510,1779734227386,0.63,9.6,-1.63,4.25,0.25,14.75,-0.6385498,-0.76031494,-0.053649902,-0.10638428
2a,1,Left Ankle,4252528,1779734227387,0.73,9.62,-1.63,3.3125,-0.5625,16.5625,-0.6378174,-0.76086426,-0.051757812,-0.107910156
2a,2,Right Ankle,1294549,1779734227393,-9.057485,1.8667368,-0.27038896,-8.193362,-3.0637598,-2.032381,55.295155,76.04568,266.6506,0.0
2a,3,Left Wrist,4052544,1779734227398,0.5601222,-6.4962173,-6.458228,-9.264223,-19.900301,51.48922,-113.703705,-40.513954,338.50452,0.0
2a,1,Left Ankle,4252557,1779734227415,0.96,9.45,-1.82,2.8125,0.0625,17.375,-0.63708496,-0.7612915,-0.049560547,-0.10974121
2a,4,Right Wrist,30255472,1779734227449,-9.1173525,-4.1301117,1.6151553,-6.29496,26.251112,-3.6962721,-151.18147,-42.60791,231.17549,0.0
2a,1,Left Ankle,4252572,1779734227449,0.77,9.46,-1.67,2.375,0.0625,18.125,-0.6364746,-0.76171875,-0.04711914,-0.111450195
2a,3,Left Wrist,4052604,1779734227459,0.935795,-5.7807627,-5.3814583,10.755776,-20.5303,56.38922,-113.75005,-40.43114,338.536,0.0
2a,1,Left Ankle,4252599,1779734227476,1.08,9.39,-1.73,2.125,1.3125,16.8125,-0.63549805,-0.7623291,-0.04425049,-0.11431885
2a,1,Left Ankle,4252616,1779734227477,1.09,9.52,-1.67,2.0,4.0,13.1875,-0.6351929,-0.7626953,-0.041137695,-0.11480713
2a,2,Right Ankle,1294609,1779734227493,-9.11252,1.6800965,-0.26081768,-5.813362,-1.0337597,-3.8523812,55.46543,76.08279,266.81757,0.0
2a,1,Left Ankle,4252636,1779734227508,1.39,9.51,-1.63,2.0625,6.25,7.25,-0.6347046,-0.7628174,-0.040649414,-0.11651611
2a,1,Left Ankle,4252659,1779734227541,1.73,9.42,-1.7,2.5,7.6875,2.6875,-0.6343384,-0.76293945,-0.04144287,-0.117492676
2a,1,Left Ankle,4252676,1779734227542,1.85,9.71,-1.55,1.875,4.9375,-12.1875,-0.6342163,-0.7630005,-0.043029785,-0.117004395
2a,2,Right Ankle,1294669,1779734227544,-8.971343,1.3666369,-0.14356935,-4.833362,1.2762402,4.337619,55.614986,76.126656,266.9647,0.0
2a,1,Left Ankle,4252697,1779734227566,1.9,9.79,-1.66,1.4375,4.375,-18.125,-0.63446045,-0.76293945,-0.04626465,-0.11529541
2a,1,Left Ankle,4252715,1779734227573,2.49,10.51,-1.84,2.0,3.0,-39.375,-0.63482666,-0.7628174,-0.051086426,-0.11187744
2a,4,Right Wrist,30255635,1779734227574,-5.2840505,-7.3125668,2.1631117,-27.36496,13.371112,11.003728,-151.11562,-42.581295,231.12125,0.0
2a,3,Left Wrist,4052664,1779734227582,2.005387,-5.153843,-4.034299,-8.494224,-15.840301,54.56922,-113.79964,-40.35194,338.56424,0.0
2a,1,Left Ankle,4252740,1779734227604,3.17,11.39,-1.88,8.0,4.75,-55.4375,-0.6348877,-0.76293945,-0.05834961,-0.10681152
2a,1,Left Ankle,4252756,1779734227625,2.85,13.16,-3.39,12.6875,11.5625,-66.875,-0.6345825,-0.7632446,-0.06768799,-0.10070801
2a,4,Right Wrist,30255757,1779734227632,-6.856135,-6.1999035,1.3136597,-38.70496,-1.4688883,15.343728,-151.06807,-42.53959,231.06427,0.0
2a,2,Right Ankle,1294759,1779734227633,-8.775132,1.3187803,-0.5240282,-9.033362,5.5462403,27.157618,55.79783,76.16262,267.14694,0.0
2a,3,Left Wrist,4052828,1779734227640,7.3844523,-8.384154,-2.7182467,33.645775,-16.2603,-34.89078,-113.76547,-40.281303,338.55457,0.0
2a,1,Left Ankle,4252783,1779734227658,5.54,16.57,-4.17,16.6875,26.125,-76.625,-0.6333618,-0.76348877,-0.08129883,-0.09655762
2a,1,Left Ankle,4252801,1779734227659,5.39,18.04,-5.33,16.6875,21.3125,-82.0625,-0.63201904,-0.76379395,-0.09460449,-0.09075928
2a,1,Left Ankle,4252816,1779734227690,4.98,13.92,-6.35,15.1875,-10.75,-96.9375,-0.63134766,-0.763855,-0.10681152,-0.080566406
2a,4,Right Wrist,30255776,1779734227690,-7.3275213,-5.9343,1.536192,-40.664963,-4.548888,18.423727,-151.05112,-42.51376,231.03961,0.0
2a,2,Right Ankle,1294849,1779734227694,-8.808632,1.9768066,0.19860429,-42.493362,16.81624,27.367619,56.0376,76.17998,267.3966,0.0
2a,3,Left Wrist,4052847,1779734227699,8.159727,-8.702399,-3.4073796,38.755775,-15.2103,-89.14078,-113.70221,-40.331375,338.53568,0.0
2a,1,Left Ankle,4252843,1779734227717,3.22,8.14,-5.7,14.375,-56.9375,-99.625,-0.63153076,-0.7640991,-0.114990234,-0.06384277
2a,1,Left Ankle,4252859,1779734227727,-1.64,2.15,-3.74,4.3125,-73.625,-74.1875,-0.63287354,-0.763855,-0.11798096,-0.045898438
2a,1,Left Ankle,4252882,1779734227749,0.41,0.13,-4.17,6.5,-92.125,-46.5625,-0.63427734,-0.7635498,-0.117248535,-0.030212402
2a,1,Left Ankle,4252896,1779734227749,-0.07,0.83,-0.37,12.625,-107.9375,-19.3125,-0.63494873,-0.7645874,-0.10949707,-0.013549805
2a,1,Left Ankle,4252920,1779734227776,1.16,1.01,-3.15,32.75,-53.25,0.0625,-0.6326904,-0.76763916,-0.101989746,-0.0028076172
2a,4,Right Wrist,30255833,1779734227784,-8.186544,-4.5321064,1.5864414,-38.63496,-21.768888,34.873726,-151.0376,-42.480095,231.01622,0.0
2a,2,Right Ankle,1294909,1779734227784,-8.53585,2.4170861,-0.6723831,-3.853362,8.27624,12.177618,56.29195,76.19141,267.64606,0.0
2a,3,Left Wrist,4052904,1779734227789,3.5320077,-7.6519504,-11.679367,-34.044224,32.179703,-207.02077,-113.80623,-40.36479,338.60962,0.0
2a,1,Left Ankle,4252936,1779734227807,2.01,0.26,-3.12,56.625,36.25,51.1875,-0.6258545,-0.7735596,-0.09893799,-0.008911133
2a,1,Left Ankle,4252961,1779734227836,1.25,1.96,-1.03,67.8125,87.1875,93.8125,-0.6157837,-0.7816162,-0.096069336,-0.025939941
2a,1,Left Ankle,4252983,1779734227836,1.67,7.03,0.33,55.1875,82.5625,101.125,-0.6057129,-0.7888794,-0.092285156,-0.047668457
2a,4,Right Wrist,30255892,1779734227839,-9.402099,-3.0988054,3.3523445,-8.32496,-34.648888,60.56373,-151.01357,-42.44365,230.98871,0.0
2a,2,Right Ankle,1294969,1779734227845,-8.956986,3.5177844,-0.404387,12.736637,5.4062405,-2.382381,56.56701,76.17947,267.90912,0.0
2a,3,Left Wrist,4052964,1779734227849,-1.5000983,-10.884653,-17.70928,-99.98423,157.33969,-185.53078,-113.88889,-40.39241,338.62222,0.0
2a,1,Left Ankle,4252996,1779734227866,-4.5,7.94,0.2,21.1875,-10.5,103.9375,-0.60040283,-0.79333496,-0.080566406,-0.060302734
2a,1,Left Ankle,4253017,1779734227899,-10.37,6.5,-3.59,-16.5,-204.4375,74.0625,-0.6020508,-0.795105,-0.053649902,-0.048950195
2a,1,Left Ankle,4253043,1779734227899,-26.54,22.03,13.32,28.0,-173.875,139.4375,-0.60180664,-0.79766846,-0.020080566,-0.034423828
2a,4,Right Wrist,30255982,1779734227900,-7.4064846,-3.4146583,4.8622155,74.41504,-31.638887,71.693726,-150.953,-42.411846,230.95317,0.0
2a,2,Right Ankle,1295059,1779734227904,-8.880416,2.7496884,-1.0671989,19.036638,15.90624,-37.66238,56.805584,76.204575,268.13373,0.0
2a,3,Left Wrist,4053054,1779734227909,-10.049653,-0.023631636,-22.32025,-264.9742,152.1597,77.66922,-114.00804,-40.350067,338.5941,0.0
2a,1,Left Ankle,4253057,1779734227927,12.3,10.35,-2.37,27.875,4.375,-29.375,-0.6012573,-0.79815674,-0.005432129,-0.03778076
2a,1,Left Ankle,4253085,1779734227958,14.36,10.66,7.94,19.5,36.5625,-179.125,-0.59942627,-0.79937744,-0.03265381,-0.023925781
2a,4,Right Wrist,30256042,1779734227959,-7.7151585,-7.587741,4.7425747,57.61504,-10.568888,45.37373,-150.8928,-42.387985,230.91725,0.0
2a,1,Left Ankle,4253104,1779734227959,1.76,30.65,-3.48,-74.9375,-54.8125,13.0625,-0.6088867,-0.7919922,-0.04284668,-0.014953613
2a,2,Right Ankle,1295120,1779734227963,-9.179519,1.1560686,-0.3900301,2.586638,23.11624,-25.132381,56.949795,76.265045,268.27338,0.0
2a,3,Left Wrist,4053114,1779734227968,-14.799406,16.986946,-12.253645,-308.4442,29.099699,21.879221,-114.14688,-40.339405,338.60477,0.0
2a,1,Left Ankle,4253119,1779734227987,-6.84,4.87,-5.85,-29.625,26.875,-104.0,-0.61083984,-0.78985596,-0.05340576,-0.013244629
2a,1,Left Ankle,4253147,1779734228019,-2.77,1.95,0.06,-38.1875,14.4375,-81.375,-0.61883545,-0.7824707,-0.068847656,-0.006713867
2a,2,Right Ankle,1295179,1779734228025,-7.920894,1.9337358,-1.3782659,11.196638,16.32624,-14.562382,57.181786,76.29668,268.49542,0.0
2a,1,Left Ankle,4253166,1779734228051,0.78,11.9,-0.76,-27.6875,-9.125,-14.6875,-0.6234741,-0.7786865,-0.070129395,-0.0044555664
2a,4,Right Wrist,30256102,1779734228052,-8.176973,-9.004292,2.143969,-46.68496,20.581112,10.373728,-150.87119,-42.372093,230.88678,0.0
2a,1,Left Ankle,4253192,1779734228052,2.75,15.02,-0.41,-14.375,-18.375,-19.5,-0.6258545,-0.7767334,-0.07092285,-7.324219E-4
2a,3,Left Wrist,4053174,1779734228061,1.7972114,10.172186,1.9932213,-159.62422,-73.5903,-429.9708,-114.28487,-40.49096,338.72284,0.0
2a,1,Left Ankle,4253206,1779734228078,-1.99,10.85,-0.22,-4.75,-14.3125,-19.5625,-0.6269531,-0.77575684,-0.07159424,0.0032958984
2a,1,Left Ankle,4253226,1779734228079,-0.46,8.17,-0.51,1.1875,-5.5,-11.0,-0.62701416,-0.77557373,-0.072509766,0.0068359375
2a,2,Right Ankle,1295239,1779734228083,-9.61262,-0.820403,-2.3688943,41.086636,-5.7237597,-12.322382,57.275707,76.36063,268.57184,0.0
2a,1,Left Ankle,4253251,1779734228107,-1.39,9.02,-2.27,5.75,-2.8125,-2.75,-0.62646484,-0.776001,-0.0725708,0.0076293945
2a,4,Right Wrist,30256162,1779734228109,-4.14746,-0.107777074,2.8259234,-48.15496,15.471111,10.093728,-150.87328,-42.368214,230.87263,0.0
2a,1,Left Ankle,4253266,1779734228136,-1.56,9.35,-2.4,7.5625,0.5625,8.0,-0.62561035,-0.77685547,-0.07080078,0.0079956055
2a,2,Right Ankle,1295299,1779734228143,-11.904943,-3.612827,0.18903299,-17.923363,-2.15376,8.537619,57.160816,76.428474,268.46646,0.0
2a,1,Left Ankle,4253294,1779734228168,-1.45,9.46,-2.14,9.0625,4.5,15.1875,-0.6244507,-0.7779541,-0.06945801,0.006225586
2a,4,Right Wrist,30256252,1779734228169,-3.714359,3.2924237,6.448657,-108.07496,-12.598888,-58.086273,-150.92819,-42.380054,230.89886,0.0
2a,1,Left Ankle,4253311,1779734228169,-1.39,9.55,-2.05,13.4375,5.625,25.5,-0.62280273,-0.77948,-0.06695557,0.0032348633
2a,1,Left Ankle,4253335,1779734228200,-1.24,9.62,-1.48,22.25,6.625,38.1875,-0.6188965,-0.7833252,-0.0579834,-7.324219E-4
2a,2,Right Ankle,1295359,1779734228204,-8.767954,1.5867765,-2.8450663,27.15664,-3.5537596,16.447618,57.38621,76.45667,268.67688,0.0
2a,3,Left Wrist,4053234,1779734228209,73.16315,-0.32991293,-9.786644,-302.56424,-0.79030085,-184.69078,-114.42706,-40.611355,338.76706,0.0
2a,4,Right Wrist,30256312,1779734228236,-7.451948,1.2992028,-0.72263247,10.92504,5.5311117,-8.666272,-150.93451,-42.359722,230.90695,0.0
2a,1,Left Ankle,4253359,1779734228236,-1.06,9.48,-1.69,28.5625,9.1875,44.1875,-0.61517334,-0.78656006,-0.053222656,-0.0060424805
2a,1,Left Ankle,4253376,1779734228257,-0.73,10.17,-1.15,34.0625,18.0,52.875,-0.61065674,-0.79052734,-0.045959473,-0.011413574
2a,2,Right Ankle,1295419,1779734228269,-8.509529,0.74689585,-2.17029,-19.603363,-15.94376,33.73762,57.55573,76.48842,268.84872,0.0
2a,3,Left Wrist,4053427,1779734228270,13.143977,-6.218649,-7.671389,178.89577,-76.0403,236.56923,-114.45599,-40.628418,338.77307,0.0
2a,1,Left Ankle,4253403,1779734228292,-0.09,11.2,-1.07,38.6875,25.25,62.25,-0.6052246,-0.79473877,-0.04058838,-0.020446777
2a,1,Left Ankle,4253421,1779734228293,0.06,12.24,-1.17,42.5625,31.4375,71.0625,-0.5991211,-0.7994385,-0.03302002,-0.030273438
2a,1,Left Ankle,4253444,1779734228318,2.01,10.03,-2.2,40.5625,10.875,79.0625,-0.5897217,-0.8060913,-0.0211792,-0.044677734
2a,4,Right Wrist,30256373,1779734228326,-8.220044,-1.5721844,3.2398818,45.57504,28.70111,7.433728,-150.90033,-42.353428,230.88937,0.0
2a,2,Right Ankle,1295479,1779734228326,-8.2295685,2.5606554,-1.7108681,-46.34336,-25.74376,24.14762,57.772102,76.49086,269.0741,0.0
2a,1,Left Ankle,4253461,1779734228327,0.64,10.33,-2.07,38.9375,13.75,86.125,-0.5866699,-0.80810547,-0.016174316,-0.049865723
2a,1,Left Ankle,4253484,1779734228351,3.55,13.18,-4.15,24.5625,26.3125,83.1875,-0.57910156,-0.8125,-6.713867E-4,-0.066833496
2a,1,Left Ankle,4253506,1779734228378,3.34,11.43,-5.26,5.9375,25.375,78.375,-0.57684326,-0.8130493,0.0078125,-0.07836914
2a,4,Right Wrist,30256432,1779734228380,-7.8515496,-2.7350967,3.818945,20.305038,34.441113,-2.9262722,-150.87221,-42.35166,230.87155,0.0
2a,2,Right Ankle,1295540,1779734228386,-8.712918,2.5534768,-0.4139583,-24.923363,-34.91376,15.397619,57.983643,76.48487,269.2865,0.0
2a,1,Left Ankle,4253549,1779734228410,3.04,9.49,-3.0,-4.0,-2.125,59.4375,-0.57611084,-0.8119507,0.027282715,-0.09008789
2a,1,Left Ankle,4253528,1779734228410,2.94,10.68,-4.71,1.25,19.5625,72.0625,-0.5765991,-0.8128662,0.014831543,-0.08111572
2a,3,Left Wrist,4053474,1779734228419,7.6380916,-4.433604,-9.966106,194.64577,-47.200302,240.13922,-114.46002,-40.549828,338.80496,0.0
2a,1,Left Ankle,4253565,1779734228439,-4.72,9.9,1.12,-8.25,-0.9375,43.625,-0.5765991,-0.8109741,0.035339355,-0.09283447
2a,2,Right Ankle,1295599,1779734228444,-9.050307,2.4505856,-0.42592245,-10.853362,-13.84376,0.97761893,58.205944,76.4926,269.50543,0.0
2a,1,Left Ankle,4253606,1779734228467,-4.8,8.62,2.72,-16.4375,31.9375,-3.5,-0.57958984,-0.8074341,0.034179688,-0.10467529
2a,1,Left Ankle,4253593,1779734228468,-5.33,8.88,1.42,-11.0625,32.3125,22.1875,-0.5776367,-0.80944824,0.03668213,-0.099243164
2a,4,Right Wrist,30256522,1779734228469,-7.2772717,-6.7502527,3.522235,14.285041,28.071112,-10.766272,-150.8373,-42.34675,230.8503,0.0
2a,3,Left Wrist,4053637,1779734228479,1.5316081,0.4884325,-12.64846,72.56577,-103.4103,66.189224,-114.56871,-40.411213,338.9366,0.0
2a,1,Left Ankle,4253629,1779734228501,-5.2,7.8,3.0,-36.125,43.125,-32.5,-0.585083,-0.8034668,0.02911377,-0.10614014
2a,2,Right Ankle,1295659,1779734228508,-9.055093,2.3476942,0.0071784677,-28.843363,-4.6737595,-13.932381,58.42345,76.50366,269.7258,0.0
2a,1,Left Ankle,4253648,1779734228528,-0.77,7.65,-1.27,-27.25,78.375,-57.1875,-0.590271,-0.7994995,0.015258789,-0.11010742
2a,1,Left Ankle,4253670,1779734228534,-0.53,7.94,-3.75,-5.875,97.3125,-67.25,-0.5932617,-0.7965698,-0.0017700195,-0.11602783
2a,4,Right Wrist,30256583,1779734228536,-6.7173514,-7.4417787,1.9118654,24.085041,35.84111,-5.656272,-150.79301,-42.338696,230.82289,0.0
2a,3,Left Wrist,4053684,1779734228543,0.94775957,1.0794597,-11.2343025,117.435776,-114.7503,43.579224,-114.65139,-40.36898,339.03967,0.0
2a,1,Left Ankle,4253692,1779734228557,1.32,6.7,-3.12,-0.125,73.125,-86.75,-0.5947876,-0.7947998,-0.021057129,-0.11871338
2a,2,Right Ankle,1295719,1779734228569,-8.921094,1.4168861,-0.2440679,-14.003363,-9.85376,-14.842382,58.559925,76.54795,269.86197,0.0
2a,1,Left Ankle,4253710,1779734228588,4.82,5.61,-3.0,-6.25,25.125,-94.3125,-0.5970459,-0.79315186,-0.03729248,-0.11431885
2a,1,Left Ankle,4253727,1779734228588,5.08,5.08,-2.93,-15.125,-18.8125,-85.6875,-0.6005249,-0.7913208,-0.047729492,-0.10424805
2a,4,Right Wrist,30256672,1779734228591,-9.909376,-11.741681,2.0003998,66.85504,-24.638887,9.043728,-150.73784,-42.307793,230.80255,0.0
2a,1,Left Ankle,4253752,1779734228618,5.4,3.98,-1.27,-26.1875,-57.125,-70.75,-0.60528564,-0.78912354,-0.052490234,-0.090270996
2a,2,Right Ankle,1295779,1779734228624,-9.009629,1.2757095,-0.49052867,-1.4033623,-10.48376,4.267619,58.70919,76.5886,270.00708,0.0
2a,3,Left Wrist,4053744,1779734228629,2.5844502,-3.000303,-11.006985,185.05577,-21.3003,53.09922,-114.67636,-40.327236,339.09692,0.0
2a,1,Left Ankle,4253772,1779734228652,5.52,3.61,-0.51,-36.3125,-68.25,-48.625,-0.6113281,-0.7861328,-0.05126953,-0.07525635
2a,4,Right Wrist,30256732,1779734228652,-10.380763,-7.8342013,4.223332,54.39504,-14.418888,39.35373,-150.6846,-42.280136,230.77246,0.0
2a,1,Left Ankle,4253788,1779734228653,-0.67,4.12,5.85,-37.375,-55.25,-11.5,-0.6170044,-0.7827759,-0.047851562,-0.06530762
2a,1,Left Ankle,4253812,1779734228675,11.07,10.96,-10.83,-4.875,152.75,-20.6875,-0.61987305,-0.77923584,-0.05609131,-0.07342529
2a,2,Right Ankle,1295839,1779734228685,-9.069449,1.6250616,0.05503492,-4.623362,-9.36376,22.257618,58.890636,76.61762,270.18546,0.0
2a,1,Left Ankle,4253854,1779734228710,-0.51,22.56,-16.54,65.1875,119.5625,28.5625,-0.6039429,-0.7835083,-0.078063965,-0.123413086
2a,1,Left Ankle,4253830,1779734228710,2.33,15.08,-11.4,-3.1875,111.375,89.25,-0.61590576,-0.7788696,-0.0657959,-0.09881592
2a,3,Left Wrist,4053908,1779734228717,6.0205436,-7.6136656,-8.23131,32.525776,-5.270301,74.09922,-114.776825,-40.247852,339.1502,0.0
2a,1,Left Ankle,4253872,1779734228737,18.07,17.2,-5.35,-16.1875,-39.3125,-65.6875,-0.60632324,-0.78289795,-0.077941895,-0.11578369
2a,4,Right Wrist,30256792,1779734228744,-9.146066,-0.3662018,4.63729,179.34503,47.531113,-22.73627,-150.6123,-42.288303,230.76506,0.0
2a,1,Left Ankle,4253893,1779734228769,-2.0,4.71,1.23,-52.8125,-205.5,-34.5,-0.61657715,-0.77996826,-0.063964844,-0.0859375
2a,2,Right Ankle,1295899,1779734228776,-9.234554,2.024663,0.2727818,3.5666375,3.7262402,20.857618,59.134815,76.63183,270.4229,0.0
2a,3,Left Wrist,4053927,1779734228779,5.6281204,-8.329119,-8.60459,54.575775,2.7796993,64.159225,-114.818375,-40.19214,339.18152,0.0
2a,1,Left Ankle,4253914,1779734228801,-4.43,6.66,-0.91,-30.0,-79.1875,-44.0,-0.62280273,-0.7774658,-0.055786133,-0.06781006
2a,1,Left Ankle,4253935,1779734228802,-3.13,7.11,-0.68,-14.9375,38.0625,-3.0,-0.6254883,-0.77459717,-0.06072998,-0.07104492
2a,1,Left Ankle,4253955,1779734228826,-1.15,7.83,-0.32,-12.1875,73.125,0.5625,-0.6260376,-0.77246094,-0.06854248,-0.08166504
2a,4,Right Wrist,30256852,1779734228835,-6.5043902,-3.103591,3.0005996,91.77504,86.45111,-78.456276,-150.56888,-42.313915,230.76411,0.0
2a,1,Left Ankle,4253977,1779734228857,3.68,8.44,-2.18,-20.625,8.875,8.625,-0.62823486,-0.77020264,-0.06964111,-0.08520508
2a,1,Left Ankle,4253999,1779734228859,2.47,11.52,-3.18,-20.375,-22.0625,-2.375,-0.6311035,-0.7682495,-0.06719971,-0.08331299
2a,2,Right Ankle,1295959,1779734228867,-8.791882,2.8860793,-1.5050855,-5.043362,5.3362403,-4.692381,59.391727,76.64206,270.67477,0.0
2a,1,Left Ankle,4254014,1779734228887,2.39,11.53,-2.54,-19.25,-21.75,-5.875,-0.63409424,-0.7665405,-0.064208984,-0.0791626
2a,4,Right Wrist,30256942,1779734228892,-6.42782,-3.5319064,-2.5004997,-87.70496,48.791115,-44.086273,-150.59053,-42.296207,230.7618,0.0
2a,3,Left Wrist,4053984,1779734228898,6.420145,-9.515959,-7.7383885,59.265778,-25.010302,40.84922,-114.860504,-40.13286,339.2235,0.0
2a,1,Left Ankle,4254037,1779734228919,-0.55,9.03,-0.73,-20.1875,0.4375,-16.1875,-0.63690186,-0.7642822,-0.06524658,-0.07739258
2a,1,Left Ankle,4254057,1779734228919,0.68,8.39,-1.55,-20.6875,9.5,-16.5,-0.63964844,-0.7617798,-0.068115234,-0.07684326
2a,2,Right Ankle,1296049,1779734228926,-9.423587,1.5843837,0.050249275,10.496637,11.286241,-27.232382,59.55536,76.69345,270.8301,0.0
2a,1,Left Ankle,4254073,1779734228951,0.63,9.24,-1.72,-20.875,8.25,-13.3125,-0.6411743,-0.7605591,-0.068237305,-0.0758667
2a,4,Right Wrist,30257032,1779734228952,-6.482855,-4.079863,-0.29192436,73.57504,13.931111,-4.1862717,-150.54286,-42.272446,230.7462,0.0
2a,1,Left Ankle,4254094,1779734228952,0.53,10.08,-0.86,-16.875,-5.0625,-16.75,-0.6449585,-0.7573242,-0.070739746,-0.07366943
2a,3,Left Wrist,4054148,1779734228959,4.6853485,-8.55883,-5.584848,6.9757767,-10.590301,52.18922,-114.933754,-39.978817,339.27878,0.0
2a,1,Left Ankle,4254116,1779734228977,-0.24,8.79,-0.22,-14.9375,-12.0,-17.125,-0.6473999,-0.75567627,-0.070373535,-0.06964111
2a,2,Right Ankle,1296139,1779734228986,-9.3446245,0.71818197,-0.83748794,-16.593363,13.456241,-25.552382,59.67593,76.75658,270.95297,0.0
2a,1,Left Ankle,4254137,1779734229008,0.22,10.06,-1.08,-12.6875,-11.625,-13.3125,-0.64941406,-0.7542114,-0.07080078,-0.06665039
2a,4,Right Wrist,30257092,1779734229010,-7.4567337,-3.4266224,-0.33260235,-20.924961,23.241112,-36.456272,-150.54085,-42.257458,230.7452,0.0
2a,3,Left Wrist,4054166,1779734229020,4.4317093,-8.398511,-5.1852465,12.715776,-8.560301,51.41922,-114.95933,-39.895947,339.29434,0.0
2a,1,Left Ankle,4254162,1779734229045,0.25,10.64,-0.84,-10.8125,-10.125,-12.75,-0.65112305,-0.7529297,-0.07104492,-0.06402588
2a,1,Left Ankle,4254178,1779734229045,-0.08,9.18,-0.74,-10.375,-11.25,-14.3125,-0.65270996,-0.75177,-0.07141113,-0.061035156
2a,2,Right Ankle,1296199,1779734229046,-10.213218,0.34729448,-1.5720845,-2.943362,15.27624,-12.952381,59.81428,76.81746,271.08923,0.0
2a,1,Left Ankle,4254201,1779734229067,-0.6,9.03,-1.1,-9.4375,-13.625,-9.375,-0.6542969,-0.75061035,-0.07122803,-0.058166504
2a,4,Right Wrist,30257152,1779734229070,-4.5973105,-4.6924253,0.29192436,65.03504,5.6711116,-5.446272,-150.4883,-42.2346,230.72563,0.0
2a,3,Left Wrist,4054224,1779734229079,4.536993,-9.314962,-3.9625144,12.645777,0.049699306,48.68922,-114.937935,-39.805405,339.27792,0.0
2a,1,Left Ankle,4254219,1779734229102,-0.09,10.15,-1.21,-8.3125,-5.125,-6.0,-0.6555176,-0.7496948,-0.070739746,-0.05633545
2a,2,Right Ankle,1296259,1779734229103,-9.947615,-0.21741168,-2.4335005,-37.66336,11.00624,12.9476185,59.958714,76.87086,271.24393,0.0
2a,1,Left Ankle,4254242,1779734229103,-0.2,10.37,-1.23,-6.6875,0.25,-2.4375,-0.65649414,-0.74890137,-0.07092285,-0.055908203
2a,1,Left Ankle,4254263,1779734229126,0.21,10.17,-0.78,-4.0625,2.3125,-2.125,-0.65740967,-0.74835205,-0.06964111,-0.054504395
2a,4,Right Wrist,30257212,1779734229129,-4.6140604,-4.412465,-0.54317075,-22.324959,26.671112,26.683727,-150.45604,-42.207375,230.6893,0.0
2a,1,Left Ankle,4254286,1779734229159,-0.05,9.64,-0.58,1.4375,1.875,0.4375,-0.65734863,-0.74835205,-0.069885254,-0.054748535
2a,2,Right Ankle,1296319,1779734229163,-5.9300656,4.948693,-0.19621146,-41.303364,1.3462402,7.137619,60.182205,76.81454,271.47595,0.0
2a,3,Left Wrist,4054284,1779734229169,4.532208,-11.389539,-3.629912,-33.064224,5.719699,57.089222,-114.90841,-39.72004,339.24384,0.0
2a,1,Left Ankle,4254309,1779734229188,-0.47,9.86,-0.42,5.6875,1.625,5.125,-0.6567383,-0.74884033,-0.06958008,-0.055358887
2a,4,Right Wrist,30257272,1779734229194,-3.8746781,-1.2611177,-2.859423,-56.06496,8.191112,26.26373,-150.47137,-42.15537,230.67949,0.0
2a,1,Left Ankle,4254331,1779734229194,-0.39,9.75,-0.48,10.375,4.625,5.8125,-0.6555176,-0.75,-0.068481445,-0.055541992
2a,1,Left Ankle,4254345,1779734229220,0.05,10.15,-0.92,14.25,7.25,7.4375,-0.6536865,-0.7515259,-0.06842041,-0.05706787
2a,2,Right Ankle,1296379,1779734229229,-6.3990593,3.6876748,2.4119651,64.88664,-4.60376,16.797619,60.18689,76.747765,271.4588,0.0
2a,3,Left Wrist,4054344,1779734229230,4.8839526,-13.38276,-4.3645086,-87.66423,-10.8703,68.07922,-114.90433,-39.627476,339.2166,0.0
2a,1,Left Ankle,4254369,1779734229254,0.08,9.83,-1.04,16.4375,9.0,6.3125,-0.6515503,-0.75335693,-0.06781006,-0.057922363
2a,4,Right Wrist,30257333,1779734229254,-2.6639102,-2.567599,-4.1754756,19.675041,-20.228888,27.033728,-150.45729,-42.079704,230.67114,0.0
2a,1,Left Ankle,4254395,1779734229279,0.57,9.92,-1.11,17.0625,10.75,3.8125,-0.64923096,-0.75512695,-0.06854248,-0.059570312
2a,1,Left Ankle,4254406,1779734229280,0.77,10.07,-0.85,17.1875,7.625,4.4375,-0.6469116,-0.75701904,-0.06921387,-0.060913086
2a,2,Right Ankle,1296439,1779734229284,-4.008629,-8.137654,1.2993027,73.63664,-8.73376,-0.352381,60.048954,76.7944,271.29886,0.0
2a,3,Left Wrist,4054434,1779734229297,5.1663055,-10.721941,-4.206582,-108.66423,-91.0203,95.799225,-114.934494,-39.51014,339.22296,0.0
2a,1,Left Ankle,4254429,1779734229311,-0.25,8.16,-2.13,15.375,3.4375,4.0,-0.6448364,-0.75878906,-0.068481445,-0.061035156
2a,1,Left Ankle,4254445,1779734229311,0.66,8.6,-2.14,16.6875,2.625,12.625,-0.6425781,-0.76068115,-0.06762695,-0.06225586
2a,1,Left Ankle,4254466,1779734229335,-0.22,10.56,-1.19,17.125,5.5625,11.9375,-0.64038086,-0.7626343,-0.06549072,-0.06304932
2a,4,Right Wrist,30257392,1779734229343,-5.2505507,-3.9937212,-3.4695928,-40.03496,-9.588888,19.683727,-150.4516,-42.025314,230.65474,0.0
2a,2,Right Ankle,1296500,1779734229344,0.62148273,11.375814,5.245067,-10.783361,-31.41376,50.53762,60.062157,76.72399,271.31525,0.0
2a,3,Left Wrist,4054494,1779734229348,3.9028955,-8.807684,-3.1728828,-43.704224,-110.4803,114.41922,-114.93821,-39.386272,339.2296,0.0
2a,1,Left Ankle,4254486,1779734229367,0.38,9.73,-1.4,17.4375,11.1875,12.6875,-0.6378784,-0.76452637,-0.06518555,-0.06549072
2a,1,Left Ankle,4254510,1779734229367,-0.05,9.27,-1.25,18.125,8.1875,18.625,-0.6352539,-0.76660156,-0.06427002,-0.068359375
2a,1,Left Ankle,4254531,1779734229395,-0.3,8.53,-1.63,18.4375,3.125,24.875,-0.6326294,-0.7687988,-0.061035156,-0.070495605
2a,4,Right Wrist,30257452,1779734229400,-8.693823,-2.632205,-0.8542377,-82.94496,-5.8088875,20.453728,-150.46642,-41.990627,230.6414,0.0
2a,2,Right Ankle,1296559,1779734229403,-12.227975,-0.9615795,-0.62452674,0.20663786,-19.86376,30.097618,60.063885,76.782745,271.31668,0.0
2a,3,Left Wrist,4054554,1779734229408,0.63190675,-7.455738,-4.867001,-5.5542235,-92.7003,138.21922,-114.97105,-39.25557,339.25616,0.0
2a,1,Left Ankle,4254548,1779734229429,-0.03,9.44,-1.96,19.875,4.375,35.125,-0.6296997,-0.7711792,-0.057373047,-0.074279785
2a,1,Left Ankle,4254571,1779734229429,0.76,10.43,-1.71,19.5,5.9375,40.5625,-0.62664795,-0.7736206,-0.052001953,-0.078125
2a,1,Left Ankle,4254592,1779734229459,0.55,9.78,-1.73,16.5625,4.4375,42.8125,-0.62371826,-0.77575684,-0.047180176,-0.08312988
2a,2,Right Ankle,1296620,1779734229463,-10.088792,2.6898677,-1.2897314,-14.633362,-10.1337595,18.47762,60.302334,76.790276,271.5538,0.0
2a,3,Left Wrist,4054614,1779734229468,-1.9355917,-5.2663064,-7.3196445,-32.084225,-60.850304,149.90923,-115.03484,-39.136654,339.28717,0.0
2a,1,Left Ankle,4254609,1779734229487,0.59,9.37,-1.64,15.3125,3.6875,46.0,-0.6210327,-0.77770996,-0.041931152,-0.088256836
2a,1,Left Ankle,4254634,1779734229494,0.68,9.27,-1.79,12.75,4.75,50.5625,-0.61724854,-0.7802124,-0.032043457,-0.095947266
2a,4,Right Wrist,30257542,1779734229494,-13.558431,-3.3309093,-0.93320084,-22.604961,32.90111,-25.466272,-150.46835,-41.97705,230.63896,0.0
2a,1,Left Ankle,4254659,1779734229520,1.21,9.17,-2.11,12.5,5.0625,51.9375,-0.6147461,-0.78167725,-0.025756836,-0.10205078
2a,2,Right Ankle,1296679,1779734229525,-9.270446,2.3046234,-0.43788654,-18.133362,-10.90376,1.327619,60.523296,76.80163,271.7744,0.0
2a,1,Left Ankle,4254669,1779734229545,1.26,10.13,-1.44,10.625,3.875,56.0,-0.61364746,-0.78234863,-0.021606445,-0.10461426
2a,1,Left Ankle,4254694,1779734229546,1.65,9.2,-1.6,6.5625,6.0,50.625,-0.6109619,-0.78338623,-0.012451172,-0.11352539
2a,4,Right Wrist,30257632,1779734229552,-8.500004,-7.7480597,0.13878371,-5.59496,37.38111,-47.656273,-150.44945,-41.969635,230.63098,0.0
2a,3,Left Wrist,4054674,1779734229558,-0.15054595,-3.375976,-6.5778694,-46.78422,-28.650301,144.93922,-115.114235,-39.03891,339.31735,0.0
2a,1,Left Ankle,4254714,1779734229579,1.93,8.46,-2.03,1.8125,1.9375,45.125,-0.6102295,-0.78356934,-0.0051879883,-0.11669922
2a,2,Right Ankle,1296739,1779734229587,-8.985701,2.3668368,0.016749758,-8.683362,-8.173759,-3.2923808,60.76191,76.802986,272.009,0.0
2a,1,Left Ankle,4254737,1779734229611,2.23,9.02,-2.95,-2.125,-8.8125,34.625,-0.6099243,-0.78356934,2.4414062E-4,-0.11853027
2a,4,Right Wrist,30257692,1779734229612,-4.6427746,-9.140683,-0.22731815,12.535041,21.351112,-17.136272,-150.40497,-41.953087,230.6053,0.0
2a,1,Left Ankle,4254759,1779734229636,1.41,9.89,-4.4,-1.9375,-8.5,27.4375,-0.6095581,-0.7835083,0.0041503906,-0.120666504
2a,1,Left Ankle,4254776,1779734229636,-0.19,9.35,-2.0,-1.75,2.4375,6.5625,-0.6097412,-0.78326416,0.0068359375,-0.121276855
2a,2,Right Ankle,1296799,1779734229646,-8.76556,2.1275544,0.10767702,-14.493362,0.22624022,1.187619,61.003193,76.81093,272.2489,0.0
2a,3,Left Wrist,4054734,1779734229648,3.0630145,-3.0625165,-4.7306104,-33.904224,-6.810301,123.939224,-115.19437,-38.985317,339.34778,0.0
2a,1,Left Ankle,4254795,1779734229670,0.55,9.48,-2.13,0.6875,0.625,-23.25,-0.6102295,-0.7831421,0.0048217773,-0.119506836
2a,4,Right Wrist,30257752,1779734229670,-3.1783664,-10.222239,1.8807585,11.83504,-16.868889,20.383728,-150.3529,-41.928596,230.57082,0.0
2a,1,Left Ankle,4254816,1779734229695,2.29,10.13,-1.14,1.25,38.0,-38.625,-0.6107788,-0.78271484,-0.0026245117,-0.119628906
2a,1,Left Ankle,4254838,1779734229696,4.56,9.21,-1.23,4.3125,83.25,-38.875,-0.61102295,-0.7815552,-0.0154418945,-0.124816895
2a,2,Right Ankle,1296859,1779734229705,-8.8947735,2.3309445,-0.21535404,-7.983362,-2.4337597,7.4176188,61.25276,76.81443,272.49472,0.0
2a,1,Left Ankle,4254855,1779734229729,5.72,8.22,-2.18,12.0,112.4375,-28.8125,-0.6101074,-0.7800293,-0.030944824,-0.13549805
2a,4,Right Wrist,30257812,1779734229761,-4.4633126,-10.064312,3.5198421,-79.72496,-60.75889,61.05373,-150.33359,-41.886566,230.53336,0.0
2a,1,Left Ankle,4254876,1779734229761,4.8,7.47,-2.4,10.75,94.0625,-23.625,-0.6084595,-0.7786865,-0.04473877,-0.1463623
2a,1,Left Ankle,4254899,1779734229762,4.78,7.74,-2.61,8.125,71.4375,-20.0,-0.607605,-0.777771,-0.05316162,-0.1517334
2a,2,Right Ankle,1296919,1779734229763,-8.81581,2.443407,0.0047856453,-5.183362,-0.5437598,8.117619,61.51586,76.807846,272.7529,0.0
2a,1,Left Ankle,4254915,1779734229788,4.41,8.35,-2.44,-3.3125,-18.4375,-21.0625,-0.6083374,-0.7775879,-0.055358887,-0.14910889
2a,1,Left Ankle,4254939,1779734229818,2.12,8.7,-1.34,-8.4375,-57.25,-11.8125,-0.6101074,-0.77789307,-0.052124023,-0.14117432
2a,1,Left Ankle,4254960,1779734229819,-1.89,13.17,-2.2,-6.375,-55.875,-18.3125,-0.6117554,-0.77856445,-0.047546387,-0.13165283
2a,4,Right Wrist,30257873,1779734229820,-8.363613,-6.5348988,0.6125626,-61.94496,-94.708885,48.453728,-150.33128,-41.824005,230.5186,0.0
2a,2,Right Ankle,1296979,1779734229824,-9.256089,2.699439,-0.05742774,-5.1133623,1.6262403,11.897619,61.7873,76.79664,273.0195,0.0
2a,1,Left Ankle,4254977,1779734229849,-3.73,12.75,-1.85,1.8125,1.1875,-59.3125,-0.6132202,-0.7781372,-0.05279541,-0.12524414
2a,1,Left Ankle,4254995,1779734229879,1.29,6.92,-1.11,-7.875,7.5,-22.625,-0.614563,-0.7772217,-0.057922363,-0.12213135
2a,1,Left Ankle,4255019,1779734229879,-1.31,8.95,-3.1,-6.625,25.0625,-20.6875,-0.6154785,-0.7758789,-0.062927246,-0.12359619
2a,4,Right Wrist,30257962,1779734229880,-14.821841,-1.2060826,0.12203395,-67.33496,-17.288889,35.573727,-150.3447,-41.788715,230.50604,0.0
2a,2,Right Ankle,1297040,1779734229884,-9.043128,2.6802964,0.035892338,-2.943362,11.98624,2.937619,62.068054,76.7853,273.2948,0.0
2a,3,Left Wrist,4054927,1779734229889,3.5511503,-4.6776714,-5.931807,55.415775,-62.740303,-32.09078,-115.2783,-39.007027,339.4424,0.0
2a,1,Left Ankle,4255035,1779734229915,1.41,10.05,-2.8,-22.5,12.9375,-6.25,-0.618042,-0.7734375,-0.06542969,-0.124694824
2a,1,Left Ankle,4255060,1779734229938,0.14,9.88,-1.89,-27.5625,2.375,3.75,-0.6213989,-0.77056885,-0.06518555,-0.12591553
2a,1,Left Ankle,4255079,1779734229945,0.0,10.02,-1.37,-25.625,10.0625,9.125,-0.6246338,-0.76763916,-0.06463623,-0.12799072
2a,2,Right Ankle,1297099,1779734229946,-8.94263,2.7616522,-0.47138605,-0.77336216,12.336241,-12.042381,62.337322,76.78683,273.55762,0.0
2a,4,Right Wrist,30258022,1779734229945,-13.424433,-2.510171,3.7447674,-12.59496,46.69111,-0.19627213,-150.33134,-41.785973,230.48825,0.0
2a,3,Left Wrist,4055153,1779734229950,-0.035690907,-6.359826,-5.113462,-41.114223,2.429699,79.55922,-115.44233,-38.799446,339.54633,0.0
2a,1,Left Ankle,4255095,1779734229968,0.24,9.89,-1.63,-22.25,15.25,19.4375,-0.6270752,-0.7650757,-0.06341553,-0.13195801
2a,1,Left Ankle,4255118,1779734229997,1.4,9.61,-0.2,-18.0625,8.125,26.375,-0.6288452,-0.7630615,-0.06109619,-0.13616943
2a,2,Right Ankle,1297160,1779734230002,-9.057485,2.500835,-0.485743,0.13663769,10.65624,-33.60238,62.58045,76.80363,273.79376,0.0
2a,1,Left Ankle,4255147,1779734230030,1.39,10.06,-0.6,-13.8125,2.0,31.75,-0.6300659,-0.76171875,-0.0569458,-0.13995361
2a,1,Left Ankle,4255165,1779734230030,1.68,9.87,-1.2,-7.75,3.125,32.4375,-0.6307373,-0.7605591,-0.050598145,-0.14550781
2a,4,Right Wrist,30258083,1779734230062,-9.134102,-2.4216368,2.2612174,33.11504,58.66111,-38.41627,-150.3085,-41.79202,230.48187,0.0
2a,1,Left Ankle,4255185,1779734230063,2.27,9.42,-1.29,-6.1875,1.75,30.4375,-0.6308594,-0.76013184,-0.046691895,-0.14868164
2a,2,Right Ankle,1297219,1779734230064,-9.301553,1.7375244,-0.5455636,3.4966378,6.5962405,-37.73238,62.767895,76.847496,273.9742,0.0
2a,3,Left Wrist,4055172,1779734230070,1.0865432,-5.6491575,-4.237689,-34.53422,0.60969925,77.45922,-115.480225,-38.706387,339.5533,0.0
2a,1,Left Ankle,4255209,1779734230088,2.2,9.22,-1.17,-6.8125,-6.125,25.6875,-0.6312866,-0.7597046,-0.042419434,-0.15032959
2a,1,Left Ankle,4255225,1779734230089,1.66,9.19,-1.12,-8.5,-8.75,19.6875,-0.6323242,-0.75927734,-0.036376953,-0.14953613
2a,1,Left Ankle,4255247,1779734230122,2.03,9.41,-1.34,-8.4375,-5.375,16.6875,-0.6329346,-0.75860596,-0.033935547,-0.1508789
2a,2,Right Ankle,1297279,1779734230122,-7.593077,0.82107335,-1.1557333,-4.763362,7.78624,-23.032381,62.93624,76.89925,274.13947,0.0
2a,1,Left Ankle,4255265,1779734230122,3.08,9.37,-0.78,-2.875,13.0625,0.9375,-0.6335449,-0.7576294,-0.033935547,-0.1529541
2a,1,Left Ankle,4255285,1779734230147,3.04,9.45,-0.63,0.25,13.75,-15.8125,-0.63378906,-0.75720215,-0.03692627,-0.15362549
2a,3,Left Wrist,4055318,1779734230163,4.2905326,-4.5412807,-0.74656063,8.025776,-2.8203006,18.449223,-115.41154,-38.62469,339.49554,0.0
2a,1,Left Ankle,4255310,1779734230178,3.41,9.41,-0.79,2.375,14.75,-38.75,-0.63427734,-0.75683594,-0.042785645,-0.1519165
2a,2,Right Ankle,1297339,1779734230184,-8.344424,-0.1767337,-1.038485,-9.4533615,9.326241,16.097618,63.049873,76.95817,274.2546,0.0
2a,1,Left Ankle,4255329,1779734230206,3.36,9.91,-1.05,6.125,14.125,-61.3125,-0.63494873,-0.75653076,-0.051513672,-0.14788818
2a,1,Left Ankle,4255348,1779734230214,5.1,13.8,-1.76,14.8125,10.0625,-81.125,-0.63513184,-0.75683594,-0.06286621,-0.1408081
2a,4,Right Wrist,30258246,1779734230214,-1.8647071,-6.869894,0.8733803,2.03504,24.921112,-9.296272,-150.22958,-41.785717,230.43771,0.0
2a,3,Left Wrist,4055337,1779734230218,4.620742,-4.46471,-1.1581261,20.765776,-10.310301,12.429222,-115.35373,-38.655518,339.46506,0.0
2a,1,Left Ankle,4255370,1779734230237,4.31,17.06,-3.35,23.5625,6.1875,-93.8125,-0.63427734,-0.75787354,-0.07611084,-0.13232422
2a,1,Left Ankle,4255393,1779734230265,6.71,16.24,-6.61,28.6875,-15.4375,-114.0625,-0.6324463,-0.7606201,-0.09637451,-0.11029053
2a,1,Left Ankle,4255411,1779734230267,6.68,16.4,-7.65,36.0,-70.5,-124.25,-0.63183594,-0.762146,-0.10095215,-0.09881592
2a,2,Right Ankle,1297399,1779734230273,-7.9974647,-0.4088375,-1.9932213,-25.483362,14.85624,45.42762,63.225285,77.00348,274.43686,0.0
2a,3,Left Wrist,4055424,1779734230278,6.4368944,-7.6830564,0.404387,15.585776,-26.340302,-20.890781,-115.29676,-38.668507,339.4418,0.0
2a,1,Left Ankle,4255427,1779734230297,3.88,9.67,-6.83,41.5625,-94.5,-118.125,-0.62994385,-0.76556396,-0.107910156,-0.073791504
2a,4,Right Wrist,30258369,1779734230305,-2.8912277,-4.6637115,0.34456646,-48.22496,-17.848888,50.83373,-150.14977,-41.73662,230.35725,0.0
2a,1,Left Ankle,4255451,1779734230329,1.28,2.86,-4.26,42.3125,-112.75,-89.625,-0.62750244,-0.7692871,-0.109680176,-0.048950195
2a,1,Left Ankle,4255467,1779734230330,2.26,0.53,-4.37,46.9375,-141.125,-57.6875,-0.6244507,-0.7737427,-0.10424805,-0.023803711
2a,2,Right Ankle,1297459,1779734230339,-9.914116,2.24241,0.930808,-22.333363,-10.76376,38.28762,63.475727,76.94938,274.68906,0.0
2a,1,Left Ankle,4255487,1779734230355,1.34,-1.56,-0.16,52.625,-162.0,-27.75,-0.6204834,-0.7788086,-0.09234619,0.0020751953
2a,3,Left Wrist,4055484,1779734230373,6.171291,-7.379168,-8.848658,62.065777,80.1297,-152.84077,-115.34905,-38.70771,339.48605,0.0
2a,1,Left Ankle,4255509,1779734230387,1.93,-1.36,-1.86,63.125,-98.4375,10.5,-0.6142578,-0.7848511,-0.07965088,0.018615723
2a,1,Left Ankle,4255534,1779734230387,0.43,1.43,-0.6,77.0,-53.0625,62.4375,-0.6003418,-0.79730225,-0.05895996,0.020751953
2a,4,Right Wrist,30258413,1779734230389,-3.4391842,-0.16281214,1.6247265,-34.01496,-34.50889,87.723724,-150.13481,-41.6997,230.32405,0.0
2a,2,Right Ankle,1297549,1779734230398,-8.557385,2.8956504,-1.8113667,18.546637,-4.46376,-4.272381,63.737427,76.95391,274.93723,0.0
2a,1,Left Ankle,4255554,1779734230422,-0.51,4.4,2.32,76.5625,-15.1875,104.625,-0.5911255,-0.8053589,-0.04309082,0.012023926
2a,3,Left Wrist,4055544,1779734230430,-5.0127616,-5.7233353,-28.50809,35.255775,254.63968,-211.01079,-115.37949,-38.771847,339.47473,0.0
2a,1,Left Ankle,4255569,1779734230445,-3.86,7.79,3.61,45.8125,-8.9375,115.125,-0.58813477,-0.80804443,-0.034423828,0.0073242188
2a,1,Left Ankle,4255593,1779734230446,-7.62,9.37,0.15,10.3125,-39.125,96.375,-0.5862427,-0.8101196,-0.008361816,0.0014038086
2a,2,Right Ankle,1297609,1779734230457,-10.155791,4.2715235,0.078963146,1.7466378,-3.8337598,-63.98238,63.937088,76.92801,275.12863,0.0
2a,4,Right Wrist,30258502,1779734230457,-7.2007017,4.740081,3.87398,93.38504,-101.708885,177.74373,-150.07777,-41.633797,230.28082,0.0
2a,1,Left Ankle,4255613,1779734230480,-21.91,10.66,4.97,-13.375,-67.625,79.25,-0.5871582,-0.80944824,4.272461E-4,0.0020751953
2a,3,Left Wrist,4055634,1779734230489,-11.521238,23.899807,-23.12663,-470.70422,87.1297,-49.45078,-115.587234,-38.797997,339.48627,0.0
2a,1,Left Ankle,4255633,1779734230506,-24.45,25.74,-19.89,-21.0,-41.125,131.6875,-0.58862305,-0.80810547,0.022583008,-0.002380371
2a,4,Right Wrist,30258592,1779734230513,-10.500404,0.88285136,8.209774,162.89503,-139.29889,191.60373,-149.98317,-41.55325,230.23062,0.0
2a,2,Right Ankle,1297669,1779734230513,-9.906937,1.7470956,-1.0480564,-20.443361,21.22624,-58.03238,64.12767,76.98111,275.32074,0.0
2a,1,Left Ankle,4255656,1779734230539,15.88,9.5,0.19,12.4375,43.25,-91.1875,-0.58569336,-0.8104248,0.011230469,-9.1552734E-4
2a,1,Left Ankle,4255673,1779734230567,10.76,18.66,8.62,1.8125,1.9375,-71.0,-0.58514404,-0.81085205,-0.0037231445,0.010009766
2a,1,Left Ankle,4255694,1779734230568,-3.18,20.46,1.63,-108.5,-31.75,48.125,-0.598999,-0.8007202,0.0,0.007446289
2a,4,Right Wrist,30258652,1779734230569,-16.52553,-7.817452,13.49552,125.515045,-78.25889,77.78372,-149.91093,-41.508114,230.20444,0.0
2a,2,Right Ankle,1297729,1779734230573,-8.576528,1.0436059,-0.1914258,40.24664,22.27624,-34.93238,64.28295,77.04795,275.45877,0.0
2a,1,Left Ankle,4255710,1779734230599,-3.03,2.24,-3.76,-38.125,34.5625,-94.625,-0.60150146,-0.7987671,-0.008178711,0.009887695
2a,1,Left Ankle,4255734,1779734230599,-3.56,2.98,-1.81,-38.5,27.6875,-38.8125,-0.6085205,-0.79315186,-0.021118164,0.013793945
2a,3,Left Wrist,4055694,1779734230608,-16.558132,7.635793,-5.4508505,-285.13422,-64.7703,-310.3408,-115.76302,-38.864887,339.58646,0.0
2a,1,Left Ankle,4255755,1779734230626,2.93,11.83,-3.57,-30.1875,-22.0,-35.0625,-0.61187744,-0.7904053,-0.021850586,0.020202637
2a,1,Left Ankle,4255770,1779734230629,3.48,15.84,0.07,-17.5625,-29.0,-21.4375,-0.6130371,-0.7893677,-0.021728516,0.023254395
2a,4,Right Wrist,30258712,1779734230629,-2.0178478,-1.2850456,-0.6723831,63.63504,80.57111,-53.25627,-149.87329,-41.503197,230.19571,0.0
2a,2,Right Ankle,1297790,1779734230641,-7.3466167,-3.3615808,-1.660619,12.946638,7.9262404,-23.032381,64.285484,77.13156,275.45657,0.0
2a,1,Left Ankle,4255798,1779734230656,-4.06,9.04,-1.62,-17.5625,-21.125,-23.8125,-0.61639404,-0.786438,-0.024353027,0.031311035
2a,3,Left Wrist,4055858,1779734230672,10.68894,-2.098209,1.9453648,-238.37422,19.089699,87.46922,-116.01847,-39.05457,339.9225,0.0
2a,1,Left Ankle,4255815,1779734230687,-0.33,7.37,-3.1,-8.875,7.1875,-12.3125,-0.6174927,-0.7854614,-0.026611328,0.03277588
2a,4,Right Wrist,30258772,1779734230689,-2.080061,-13.993327,-5.5058846,26.11504,17.431112,-200.04628,-149.86221,-41.503925,230.23735,0.0
2a,2,Right Ankle,1297849,1779734230699,-13.225781,-1.6770335,4.1515474,21.486637,11.63624,-12.74238,64.064415,77.16851,275.23413,0.0
2a,1,Left Ankle,4255836,1779734230716,-1.74,10.22,-2.16,-10.75,-3.0,0.9375,-0.6188965,-0.7843628,-0.026855469,0.03277588
2a,1,Left Ankle,4255856,1779734230723,-1.46,9.53,-1.8,-7.9375,0.75,5.1875,-0.62005615,-0.78344727,-0.026245117,0.03253174
2a,3,Left Wrist,4055876,1779734230732,14.086749,8.267499,-0.27038896,-168.86423,53.319702,75.63922,-116.069916,-39.08718,339.89578,0.0
2a,1,Left Ankle,4255885,1779734230748,-1.2,9.48,-2.07,-5.4375,9.875,10.4375,-0.6208496,-0.78289795,-0.0256958,0.030822754
2a,4,Right Wrist,30258833,1779734230749,-6.2866435,0.9666005,-3.07717,-298.75497,43.961113,62.94373,-149.96153,-41.47015,230.214,0.0
2a,2,Right Ankle,1297910,1779734230754,-9.294374,-0.35858822,-1.861616,-2.243362,11.076241,29.047619,64.22502,77.21956,275.39325,0.0
2a,1,Left Ankle,4255903,1779734230781,-1.16,9.5,-1.59,-1.75,13.75,18.0,-0.62127686,-0.78271484,-0.024841309,0.027282715
2a,1,Left Ankle,4255922,1779734230782,-1.03,9.71,-1.42,7.5625,18.75,23.1875,-0.62072754,-0.7833252,-0.023132324,0.023254395
2a,1,Left Ankle,4255943,1779734230805,-0.43,9.86,-0.78,20.3125,21.0625,26.25,-0.61834717,-0.7854004,-0.021850586,0.0178833
2a,2,Right Ankle,1297969,1779734230814,-6.805839,-1.1865048,-5.0177493,-8.823362,-7.2637596,46.96762,64.440926,77.25449,275.6079,0.0
2a,4,Right Wrist,30258892,1779734230814,-2.2595227,10.152647,-5.146961,7.5650396,36.40111,-56.89627,-150.02696,-41.48615,230.26721,0.0
2a,3,Left Wrist,4055934,1779734230819,25.48855,-8.006087,-7.0947194,266.39578,-63.2303,224.31923,-115.983826,-39.074947,339.88882,0.0
2a,1,Left Ankle,4255961,1779734230836,-0.53,10.09,-1.32,25.75,19.9375,32.625,-0.6151123,-0.788147,-0.019836426,0.012023926
2a,1,Left Ankle,4255985,1779734230867,-0.32,10.07,-1.25,35.875,18.875,43.3125,-0.60858154,-0.79333496,-0.014465332,0.002380371
2a,1,Left Ankle,4256005,1779734230868,0.35,10.71,-1.63,40.9375,17.375,49.0625,-0.60321045,-0.7975464,-0.009887695,-0.0048828125
2a,4,Right Wrist,30258953,1779734230870,-3.4463627,-0.7586247,-1.3543377,84.84504,19.11111,-76.56628,-150.01514,-41.466267,230.29385,0.0
2a,2,Right Ankle,1298029,1779734230873,-8.945023,1.1752112,-1.2418749,-15.753363,-18.67376,50.81762,64.638535,77.274216,275.80643,0.0
2a,1,Left Ankle,4256022,1779734230897,-0.02,10.15,-1.22,42.9375,16.25,51.25,-0.60028076,-0.79974365,-0.0060424805,-0.0076904297
2a,1,Left Ankle,4256045,1779734230932,1.24,11.09,-1.96,45.1875,14.8125,58.3125,-0.5910034,-0.8064575,0.002746582,-0.019470215
2a,1,Left Ankle,4256062,1779734230933,1.87,10.0,-3.05,45.3125,6.875,57.625,-0.58776855,-0.8086548,0.006286621,-0.022827148
2a,2,Right Ankle,1298089,1779734230934,-8.930665,2.6491897,-0.7657032,-36.82336,-35.333763,54.597622,64.87962,77.25011,276.05344,0.0
2a,3,Left Wrist,4055995,1779734230939,13.356938,-12.164814,-8.63809,200.52577,-71.490295,339.60922,-115.96552,-38.983795,339.8985,0.0
2a,1,Left Ankle,4256085,1779734230956,1.26,11.67,-1.91,43.75,8.375,71.0,-0.5776367,-0.81536865,0.018554688,-0.03363037
2a,4,Right Wrist,30259012,1779734230965,-5.7697935,-0.6030916,-1.6462619,-34.29496,42.98111,-45.976273,-150.03526,-41.453182,230.30406,0.0
2a,1,Left Ankle,4256104,1779734230990,3.0,14.46,-3.93,40.75,14.875,68.25,-0.5722046,-0.8186035,0.026306152,-0.042419434
2a,1,Left Ankle,4256122,1779734230990,1.98,12.59,-3.18,20.875,21.8125,66.75,-0.5706177,-0.81933594,0.030761719,-0.04650879
2a,2,Right Ankle,1298149,1779734230995,-9.516908,2.8095088,-0.41874397,-22.893362,-16.36376,33.80762,65.13948,77.22899,276.31467,0.0
2a,3,Left Wrist,4056188,1779734231001,-1.9978058,-4.232607,-14.892928,86.77577,-117.4103,134.85922,-116.04493,-38.766113,340.00754,0.0
2a,1,Left Ankle,4256145,1779734231016,2.32,10.47,-3.82,-7.375,20.5625,55.25,-0.5697632,-0.81866455,0.039367676,-0.060424805
2a,1,Left Ankle,4256167,1779734231049,0.22,8.86,-1.28,-24.8125,17.0,47.0,-0.5722656,-0.8161011,0.044677734,-0.06713867
2a,1,Left Ankle,4256189,1779734231051,-3.75,8.05,-0.39,-24.75,43.5625,40.125,-0.57562256,-0.8128052,0.04736328,-0.07598877
2a,4,Right Wrist,30259072,1779734231054,-7.3514495,-0.6653046,-0.062213387,-28.414959,61.111115,-51.366272,-150.04639,-41.455933,230.3085,0.0
2a,2,Right Ankle,1298209,1779734231055,-8.779918,3.1397185,-0.91645104,-39.27336,-4.1137595,9.867619,65.40096,77.2121,276.58307,0.0
2a,1,Left Ankle,4256225,1779734231083,-6.4,8.27,2.09,-17.375,99.1875,2.4375,-0.58148193,-0.80596924,0.0357666,-0.10491943
2a,1,Left Ankle,4256205,1779734231082,-5.94,8.85,1.74,-18.875,95.875,29.3125,-0.57855225,-0.80944824,0.044128418,-0.09020996
2a,3,Left Wrist,4056207,1779734231090,-1.4809552,-3.433404,-14.823536,51.985775,-117.8303,141.64922,-116.12166,-38.66446,340.07877,0.0
2a,1,Left Ankle,4256249,1779734231108,-4.99,8.32,1.44,-28.6875,83.4375,-36.5,-0.5861206,-0.80181885,0.024414062,-0.11395264
2a,4,Right Wrist,30259163,1779734231119,-6.719744,-3.7041895,2.7421746,-18.264961,48.09111,-56.616272,-150.03952,-41.46427,230.3063,0.0
2a,2,Right Ankle,1298269,1779734231119,-8.870845,2.6515825,-0.95712906,-20.163363,-13.07376,-12.25238,65.63305,77.214035,276.81497,0.0
2a,1,Left Ankle,4256266,1779734231141,0.78,7.74,-2.57,-27.375,74.0625,-68.25,-0.5913086,-0.79766846,0.008728027,-0.11816406
2a,3,Left Wrist,4056264,1779734231150,1.2899328,-1.3205415,-10.901701,30.425777,-102.3603,141.99922,-116.21083,-38.58294,340.14908,0.0
2a,1,Left Ankle,4256286,1779734231166,1.47,6.67,-3.59,-20.375,50.8125,-84.4375,-0.59594727,-0.7943115,-0.0072631836,-0.11767578
2a,1,Left Ankle,4256308,1779734231175,2.91,5.12,-4.32,-18.875,29.75,-89.5,-0.6001587,-0.7915039,-0.022460938,-0.113342285
2a,4,Right Wrist,30259252,1779734231175,-4.6140604,-4.850352,3.5341992,-50.67496,13.231112,-58.926273,-150.04178,-41.46743,230.3077,0.0
2a,2,Right Ankle,1298330,1779734231175,-8.9354515,2.2783024,-0.7393822,-15.403362,-7.19376,-20.162382,65.85829,77.22796,277.0387,0.0
2a,1,Left Ankle,4256333,1779734231197,3.87,4.56,-3.2,-18.5625,15.3125,-76.5625,-0.60388184,-0.78881836,-0.03564453,-0.10845947
2a,1,Left Ankle,4256351,1779734231226,5.5,4.25,-3.24,-22.4375,-4.0,-64.4375,-0.6079712,-0.7861328,-0.044555664,-0.101745605
2a,4,Right Wrist,30259312,1779734231230,-3.6665025,-5.788338,2.7469604,-34.78496,-9.518888,-40.866272,-150.03123,-41.458984,230.30319,0.0
2a,2,Right Ankle,1298389,1779734231233,-8.787096,1.7399172,-0.53599226,-7.283362,-10.623759,-11.202381,66.05819,77.25505,277.23508,0.0
2a,3,Left Wrist,4056354,1779734231239,4.510672,-2.0742805,-5.599205,17.755777,-64.8403,113.50922,-116.29449,-38.551113,340.2073,0.0
2a,1,Left Ankle,4256368,1779734231256,4.75,4.4,-2.71,-24.75,-27.1875,-43.3125,-0.6119385,-0.7835083,-0.049987793,-0.095581055
2a,1,Left Ankle,4256393,1779734231257,3.33,5.01,-1.73,-27.75,-49.5625,-32.375,-0.6187744,-0.7798462,-0.04827881,-0.08135986
2a,1,Left Ankle,4256413,1779734231290,2.45,5.03,-0.81,-30.625,-51.1875,-21.8125,-0.6211548,-0.7785034,-0.046813965,-0.07696533
2a,4,Right Wrist,30259373,1779734231290,-3.1640093,-6.3626156,2.467,-25.824959,-31.778887,-23.156271,-150.01309,-41.44039,230.29462,0.0
2a,2,Right Ankle,1298450,1779734231295,-8.89238,1.2278532,0.2943172,4.126638,-1.8737599,5.947619,66.14674,77.31465,277.32007,0.0
2a,3,Left Wrist,4056415,1779734231299,4.9389877,-0.9065832,-4.8191447,11.105777,-38.100304,79.769226,-116.3747,-38.554348,340.25937,0.0
2a,1,Left Ankle,4256439,1779734231319,11.7,9.07,-10.42,-42.9375,-49.5625,-1.9375,-0.626709,-0.774292,-0.046813965,-0.074157715
2a,1,Left Ankle,4256456,1779734231326,12.53,16.66,-29.31,81.0,49.0,63.4375,-0.6147461,-0.7815552,-0.055480957,-0.090270996
2a,1,Left Ankle,4256474,1779734231348,12.87,34.63,2.08,15.5,-59.125,56.25,-0.6156006,-0.78149414,-0.052001953,-0.08679199
2a,4,Right Wrist,30259432,1779734231349,-5.3773704,-6.4846497,1.4476578,3.43504,-47.87889,-3.626272,-149.98738,-41.40577,230.28549,0.0
2a,1,Left Ankle,4256499,1779734231390,4.63,7.7,-1.55,-52.75,1.4375,-121.75,-0.6246338,-0.7749634,-0.06188965,-0.074035645
2a,3,Left Wrist,4056504,1779734231391,3.0917287,-2.4762747,-5.486742,48.135777,-7.440301,36.509224,-116.4409,-38.533253,340.3085,0.0
2a,2,Right Ankle,1298509,1779734231391,-9.533656,1.620276,-0.50009996,6.5766377,7.3662405,23.447618,66.37839,77.34208,277.5451,0.0
2a,1,Left Ankle,4256517,1779734231390,-6.82,-2.23,-6.87,-49.8125,-64.1875,-26.25,-0.63201904,-0.77020264,-0.059692383,-0.06121826
2a,1,Left Ankle,4256535,1779734231407,-2.78,3.23,-0.65,-26.6875,-10.5625,-7.875,-0.6361084,-0.767334,-0.059753418,-0.05517578
2a,4,Right Wrist,30259492,1779734231410,-8.940284,-5.546663,2.0051854,-17.28496,-49.48889,25.843729,-149.97208,-41.36519,230.27199,0.0
2a,1,Left Ankle,4256583,1779734231442,1.04,10.09,-2.09,-10.9375,43.1875,-14.0,-0.63916016,-0.7636719,-0.06713867,-0.061523438
2a,1,Left Ankle,4256558,1779734231442,-0.13,15.87,-3.76,-14.75,22.375,-1.3125,-0.6380615,-0.76538086,-0.061584473,-0.05706787
2a,3,Left Wrist,4056564,1779734231449,0.31366146,-8.71915,-6.3601227,25.665777,-5.270301,6.549221,-116.45877,-38.457706,340.32568,0.0
2a,1,Left Ankle,4256603,1779734231466,1.81,8.1,0.94,-7.25,15.3125,-15.3125,-0.6402588,-0.76220703,-0.071777344,-0.062927246
2a,4,Right Wrist,30259552,1779734231475,-13.036796,-2.5747774,0.9068798,-64.25496,-5.5288887,42.643726,-149.97578,-41.332737,230.25066,0.0
2a,2,Right Ankle,1298599,1779734231475,-8.923488,3.0416126,-1.0695918,3.7766376,-1.0337597,0.767619,66.65306,77.33211,277.81177,0.0
2a,1,Left Ankle,4256621,1779734231499,-0.42,9.29,-0.41,-12.5,-26.25,3.3125,-0.64190674,-0.76116943,-0.069885254,-0.060791016
2a,1,Left Ankle,4256640,1779734231500,-1.3,9.53,-1.01,-11.1875,-41.5625,7.8125,-0.6437988,-0.760376,-0.06439209,-0.05645752
2a,1,Left Ankle,4256661,1779734231527,-1.36,10.29,-1.18,-7.75,-21.25,17.8125,-0.64508057,-0.75982666,-0.059326172,-0.05456543
2a,4,Right Wrist,30259612,1779734231534,-10.09123,1.1819547,1.0456635,5.6050396,28.631111,20.173729,-149.96596,-41.31908,230.23712,0.0
2a,2,Right Ankle,1298660,1779734231535,-10.361573,1.620276,-0.5072784,6.8566375,7.99624,-22.332382,66.845215,77.378784,277.9968,0.0
2a,3,Left Wrist,4056654,1779734231538,-1.5718834,-10.573586,-7.2287173,20.555777,-8.7003,47.429222,-116.46605,-38.367912,340.33102,0.0
2a,1,Left Ankle,4256682,1779734231558,0.4,10.29,-1.24,-3.5625,3.875,21.125,-0.6455078,-0.75964355,-0.056030273,-0.05633545
2a,1,Left Ankle,4256703,1779734231559,0.53,9.18,-1.46,-5.625,-4.4375,25.3125,-0.645874,-0.7593384,-0.052856445,-0.058898926
2a,1,Left Ankle,4256722,1779734231592,0.12,9.38,-1.33,-8.4375,-18.3125,31.0,-0.6467285,-0.7588501,-0.04748535,-0.060424805
2a,2,Right Ankle,1298750,1779734231594,-10.861673,1.2302461,0.6484549,13.226637,-8.45376,-17.082382,66.789955,77.45616,277.93726,0.0
2a,3,Left Wrist,4056714,1779734231600,0.14616379,-8.235799,-5.3240304,-28.374224,0.6796994,74.30922,-116.48412,-38.27045,340.32687,0.0
2a,1,Left Ankle,4256762,1779734231618,0.24,9.86,-0.96,-1.0,-5.375,34.625,-0.64733887,-0.75860596,-0.035583496,-0.06463623
2a,1,Left Ankle,4256740,1779734231617,0.09,10.14,-0.32,-5.75,-17.125,34.75,-0.6473999,-0.7585449,-0.041015625,-0.06188965
2a,4,Right Wrist,30259672,1779734231628,-6.0234327,-1.2587247,1.0097711,61.255035,40.181114,-32.32627,-149.93703,-41.316433,230.23422,0.0
2a,1,Left Ankle,4256783,1779734231652,0.9,9.22,-1.09,4.125,3.4375,31.875,-0.64678955,-0.7591553,-0.029907227,-0.066833496
2a,2,Right Ankle,1298809,1779734231659,-4.42498,3.118183,0.17706887,16.446638,-23.153759,-13.16238,66.923096,77.39137,278.0596,0.0
2a,1,Left Ankle,4256803,1779734231677,1.1,9.65,-1.02,6.0625,5.0,30.125,-0.6456299,-0.7598877,-0.026550293,-0.07086182
2a,1,Left Ankle,4256820,1779734231678,1.1,9.84,-1.31,6.375,4.0,24.4375,-0.6444702,-0.7606201,-0.023742676,-0.07421875
2a,1,Left Ankle,4256848,1779734231708,1.78,9.41,-1.25,9.0,7.8125,12.75,-0.64245605,-0.7620239,-0.022644043,-0.07775879
2a,4,Right Wrist,30259732,1779734231709,-3.080261,-4.0009,0.09092726,37.24504,22.261112,-23.436272,-149.89255,-41.300938,230.21584,0.0
2a,2,Right Ankle,1298870,1779734231713,-4.819796,1.4910636,-0.26799613,17.216637,-25.393759,-5.042381,67.161446,77.37628,278.2844,0.0
2a,3,Left Wrist,4056804,1779734231718,1.7613188,-7.4533463,-2.1343977,-4.8542233,17.829699,61.70922,-116.43928,-38.18971,340.28613,0.0
2a,1,Left Ankle,4256865,1779734231743,1.58,9.32,-1.08,10.8125,9.875,-3.1875,-0.6409912,-0.7630615,-0.024108887,-0.07910156
2a,1,Left Ankle,4256889,1779734231765,1.33,9.52,-1.18,11.0,10.625,-9.3125,-0.63964844,-0.7640991,-0.026428223,-0.07952881
2a,1,Left Ankle,4256907,1779734231766,0.85,10.17,-1.08,12.0625,10.5625,-10.3125,-0.6381836,-0.76519775,-0.028869629,-0.079589844
2a,2,Right Ankle,1298929,1779734231777,-4.817403,0.421472,-4.644469,-74.06336,-31.90376,-6.792381,67.34955,77.40561,278.49075,0.0
2a,1,Left Ankle,4256944,1779734231803,0.96,9.25,-1.64,11.375,5.75,-3.6875,-0.63513184,-0.76763916,-0.03253174,-0.07952881
2a,1,Left Ankle,4256924,1779734231802,-0.01,9.23,-1.49,12.375,6.3125,-9.1875,-0.6365967,-0.76641846,-0.03112793,-0.07946777
2a,3,Left Wrist,4056967,1779734231809,3.5798643,-5.8932257,-1.3806587,-7.934223,-8.2803,54.49922,-116.30772,-38.074844,340.18216,0.0
2a,1,Left Ankle,4256967,1779734231826,0.38,10.18,-1.6,11.75,13.625,-1.125,-0.6335449,-0.76867676,-0.034118652,-0.08081055
2a,2,Right Ankle,1298990,1779734231833,-5.212219,3.3526797,5.2139606,28.696636,-10.97376,57.88762,67.231476,77.35026,278.36667,0.0
2a,4,Right Wrist,30259822,1779734231860,-2.4724839,-4.8455663,0.72502524,-7.7649603,6.8611116,7.713728,-149.85211,-41.281517,230.18471,0.0
2a,1,Left Ankle,4256993,1779734231860,1.14,9.95,-1.3,14.4375,22.375,-1.625,-0.63171387,-0.7698364,-0.03668213,-0.08319092
2a,1,Left Ankle,4257009,1779734231892,1.09,9.6,-1.58,16.75,18.4375,-0.375,-0.6295166,-0.77124023,-0.039245605,-0.085632324
2a,1,Left Ankle,4257034,1779734231892,0.79,9.32,-1.79,20.0625,-6.0625,7.1875,-0.6257324,-0.77423096,-0.039001465,-0.08654785
2a,1,Left Ankle,4257059,1779734231917,1.73,10.12,-2.03,23.3125,-9.1875,9.5,-0.6222534,-0.77716064,-0.037231445,-0.086242676
2a,2,Right Ankle,1299049,1779734231927,-13.4531,0.07211985,-0.94037926,-3.573362,-20.21376,38.28762,67.30715,77.40058,278.44144,0.0
2a,1,Left Ankle,4257075,1779734231950,2.21,11.33,-2.51,32.625,-2.625,8.625,-0.6177368,-0.7807617,-0.036254883,-0.08691406
2a,1,Left Ankle,4257099,1779734231975,1.56,13.03,-2.94,32.25,4.25,16.9375,-0.6132202,-0.7840576,-0.03552246,-0.08917236
2a,1,Left Ankle,4257117,1779734231976,2.32,10.33,-3.11,24.0625,9.0,10.0,-0.60961914,-0.7866821,-0.034851074,-0.09069824
2a,2,Right Ankle,1299109,1779734231987,-9.950007,2.6563683,0.3948157,-8.053362,-15.313759,22.257618,67.55569,77.359375,278.6863,0.0
2a,3,Left Wrist,4056986,1779734231988,3.106085,-6.1684,-1.8496519,9.985777,-16.1203,35.73922,-116.2528,-38.006184,340.1501,0.0
2a,1,Left Ankle,4257136,1779734232009,2.85,10.72,-3.62,11.5,-15.25,11.0625,-0.60754395,-0.78845215,-0.032836914,-0.09020996
2a,4,Right Wrist,30260016,1779734232009,-10.694222,0.7799603,-0.9092726,-42.414963,5.3211117,-2.7862723,-149.8547,-41.228245,230.15636,0.0
2a,1,Left Ankle,4257156,1779734232036,1.43,11.42,-4.11,6.0625,-10.0625,11.3125,-0.6065674,-0.7893677,-0.029968262,-0.089782715
2a,1,Left Ankle,4257172,1779734232042,2.01,8.82,-3.19,3.9375,-9.125,9.75,-0.6062622,-0.78967285,-0.028869629,-0.089660645
2a,2,Right Ankle,1299200,1779734232043,-8.873238,3.13254,0.0119641125,-9.173362,-0.123759866,-7.0723815,67.80008,77.32006,278.92767,0.0
2a,3,Left Wrist,4057177,1779734232048,-2.5242262,-8.02523,-8.688339,55.975777,29.6597,97.12923,-116.31091,-37.833065,340.20404,0.0
2a,1,Left Ankle,4257214,1779734232068,-1.95,7.38,-0.24,-12.75,-50.0,11.625,-0.6074829,-0.789917,-0.016113281,-0.08190918
2a,1,Left Ankle,4257195,1779734232067,1.03,8.06,-1.98,-3.0,-33.8125,13.5625,-0.60614014,-0.79016113,-0.023071289,-0.08758545
2a,4,Right Wrist,30260166,1779734232073,-6.935098,-5.8242307,3.7974095,6.9350405,16.871113,-40.23627,-149.82599,-41.216442,230.1469,0.0
2a,1,Left Ankle,4257235,1779734232099,-3.86,6.38,0.69,-16.8125,-21.6875,14.6875,-0.6095581,-0.78863525,-0.011169434,-0.07977295
2a,2,Right Ankle,1299259,1779734232103,-8.901952,2.6085117,0.05503492,-13.023362,-1.1037599,-19.18238,68.04663,77.29982,279.17203,0.0
2a,1,Left Ankle,4257259,1779734232126,-0.84,5.8,1.15,-18.125,-23.4375,21.5,-0.61151123,-0.78723145,-0.0063476562,-0.07922363
2a,1,Left Ankle,4257275,1779734232126,-0.32,5.52,-0.18,-28.5625,-22.4375,24.5,-0.6147461,-0.78479004,1.2207031E-4,-0.07836914
2a,4,Right Wrist,30260212,1779734232135,-6.3010006,-7.903593,3.9290147,9.59504,12.601111,-28.266272,-149.79597,-41.211124,230.13408,0.0
2a,1,Left Ankle,4257300,1779734232158,-0.92,5.67,-0.66,-13.625,10.375,14.0,-0.6170654,-0.7827759,0.0025634766,-0.08062744
2a,2,Right Ankle,1299319,1779734232167,-9.169948,1.9887707,0.17228323,-7.0733624,-2.36376,-19.952381,68.269424,77.3197,279.39105,0.0
2a,1,Left Ankle,4257315,1779734232186,0.44,6.45,-1.06,-6.625,31.3125,8.5625,-0.61816406,-0.7815552,0.0024414062,-0.083740234
2a,4,Right Wrist,30260272,1779734232194,-5.4563336,-7.233603,2.2660031,13.16504,4.9011116,-22.596272,-149.76273,-41.1986,230.11969,0.0
2a,2,Right Ankle,1299379,1779734232224,-9.03595,1.5054206,0.3828516,-0.913362,3.2362404,-10.572382,68.37914,77.38148,279.49835,0.0
2a,3,Left Wrist,4057254,1779734232229,2.7375908,-3.9239323,-4.7401814,-68.97423,12.089699,93.20922,-116.393036,-37.776577,340.22522,0.0
2a,1,Left Ankle,4257341,1779734232247,1.19,6.86,-1.76,0.5,47.4375,5.9375,-0.6182251,-0.78082275,-0.0012817383,-0.090026855
2a,1,Left Ankle,4257355,1779734232249,2.37,6.31,-1.67,-3.75,51.3125,13.375,-0.61834717,-0.77978516,-0.0053100586,-0.09790039
2a,4,Right Wrist,30260333,1779734232249,-4.9035916,-7.9299145,2.7062824,11.06504,-5.3188887,4.283728,-149.72229,-41.180367,230.09535,0.0
2a,1,Left Ankle,4257380,1779734232277,7.83,10.75,-7.09,-21.1875,29.6875,26.1875,-0.6201172,-0.77752686,-0.005065918,-0.10437012
2a,1,Left Ankle,4257404,1779734232277,5.38,19.11,-9.54,27.5625,57.9375,-13.4375,-0.61865234,-0.77783203,-0.014099121,-0.10998535
2a,1,Left Ankle,4257420,1779734232279,8.38,23.95,3.3,-16.625,-62.6875,4.6875,-0.6182251,-0.7786865,-0.008239746,-0.10681152
2a,2,Right Ankle,1299439,1779734232285,-8.870845,1.2876737,0.3684947,4.1966376,13.31624,10.287619,68.46889,77.445854,279.58575,0.0
2a,3,Left Wrist,4057448,1779734232290,3.5176508,-2.8854473,-5.718846,25.875776,-9.7503,37.20922,-116.54122,-37.75938,340.3196,0.0
2a,4,Right Wrist,30260392,1779734232312,-6.0976105,-7.786345,3.1058836,-7.27496,-11.828888,25.423729,-149.68703,-41.156143,230.06625,0.0
2a,1,Left Ankle,4257444,1779734232311,-3.45,4.58,-0.55,-51.75,-59.8125,-57.625,-0.6278076,-0.7734375,-0.011962891,-0.08630371
2a,2,Right Ankle,1299500,1779734232343,-8.686598,2.3213732,-0.51206404,0.06663799,18.91624,6.017619,68.76458,77.444565,279.8759,0.0
2a,1,Left Ankle,4257460,1779734232343,-3.2,2.2,-2.63,-41.1875,-33.25,-63.25,-0.63098145,-0.77142334,-0.014038086,-0.08081055
2a,3,Left Wrist,4057495,1779734232350,-0.0045838207,-5.381161,-6.5491557,45.475777,-7.3003006,17.399221,-116.580154,-37.69291,340.35278,0.0
2a,1,Left Ankle,4257488,1779734232367,-1.78,10.43,0.28,-27.875,3.125,-33.0625,-0.63708496,-0.7666626,-0.021606445,-0.076538086
2a,1,Left Ankle,4257505,1779734232368,-0.34,13.56,-2.07,-10.9375,52.4375,-20.5625,-0.638916,-0.76446533,-0.028381348,-0.08099365
2a,4,Right Wrist,30260453,1779734232369,-9.569595,-4.4579287,1.5290138,-2.44496,-25.618887,43.83373,-149.66264,-41.118214,230.04309,0.0
2a,1,Left Ankle,4257523,1779734232398,2.6,9.86,-3.37,-12.3125,52.0,-24.8125,-0.6409302,-0.7620239,-0.036315918,-0.08477783
2a,2,Right Ankle,1299559,1779734232409,-9.160376,2.498442,-0.41635114,9.376638,4.14624,-6.792381,69.03659,77.44115,280.13828,0.0
2a,1,Left Ankle,4257560,1779734232429,0.76,9.4,0.5,-24.625,-20.6875,-10.0,-0.6456909,-0.7581177,-0.037902832,-0.08331299
2a,1,Left Ankle,4257545,1779734232428,1.94,9.24,-1.56,-22.0625,21.5625,-12.3125,-0.64398193,-0.7593384,-0.03857422,-0.08514404
2a,1,Left Ankle,4257585,1779734232460,0.29,9.57,-0.33,-20.1875,-33.75,-7.8125,-0.64990234,-0.7554321,-0.03375244,-0.076049805
2a,2,Right Ankle,1299620,1779734232464,-9.20584,1.7375244,-0.078963146,-0.07336187,12.40624,-24.152382,69.25589,77.48031,280.3526,0.0
2a,3,Left Wrist,4057554,1779734232469,-1.165103,-9.111572,-6.192625,-16.614223,-5.6903005,12.639221,-116.60371,-37.61427,340.36346,0.0
2a,1,Left Ankle,4257609,1779734232488,-1.1,10.06,-0.84,-12.125,-24.25,-0.9375,-0.6513672,-0.7545166,-0.03137207,-0.074035645
2a,1,Left Ankle,4257625,1779734232488,0.43,9.51,-0.72,-5.25,-0.3125,5.25,-0.65185547,-0.7540283,-0.030273438,-0.07470703
2a,4,Right Wrist,30260512,1779734232490,-12.309378,-1.7013971,0.84466636,-31.63496,8.541112,43.62373,-149.65475,-41.090183,230.0196,0.0
2a,1,Left Ankle,4257647,1779734232522,0.95,9.67,-1.35,-3.6875,4.5,12.5625,-0.65216064,-0.7536621,-0.028686523,-0.07659912
2a,1,Left Ankle,4257662,1779734232530,1.05,9.67,-1.17,-4.75,-7.125,16.9375,-0.65234375,-0.753479,-0.02722168,-0.0770874
2a,2,Right Ankle,1299679,1779734232531,-10.653498,1.2613527,-1.3806587,-10.993362,13.10624,-28.282381,69.45323,77.53115,280.5492,0.0
2a,1,Left Ankle,4257689,1779734232555,0.57,9.6,-0.94,-5.6875,-24.125,20.5625,-0.65338135,-0.7529907,-0.01928711,-0.076049805
2a,4,Right Wrist,30260676,1779734232555,-4.106782,-3.8381877,0.61016977,52.29504,44.66111,-29.87627,-149.59567,-41.082115,229.98068,0.0
2a,1,Left Ankle,4257709,1779734232577,0.99,9.97,-1.45,-2.8125,-34.1875,15.5625,-0.6536255,-0.7531738,-0.013366699,-0.07318115
2a,2,Right Ankle,1299740,1779734232586,-9.411623,-1.2439326,1.2969098,-61.393364,21.64624,-14.632381,69.2835,77.599625,280.40552,0.0
2a,1,Left Ankle,4257726,1779734232612,0.4,9.7,-1.19,-1.4375,-23.25,16.5,-0.65374756,-0.7532959,-0.007873535,-0.07128906
2a,1,Left Ankle,4257749,1779734232612,1.23,9.47,-1.1,-1.1875,-12.125,14.25,-0.65374756,-0.75335693,-0.004272461,-0.07098389
2a,4,Right Wrist,30260695,1779734232612,-3.4415772,-4.4722857,0.4642076,50.82504,35.70111,-26.516272,-149.54526,-41.073536,229.96046,0.0
2a,1,Left Ankle,4257764,1779734232636,1.01,9.74,-0.73,-0.375,-6.0625,13.6875,-0.6536255,-0.75341797,-0.0018310547,-0.07159424
2a,2,Right Ankle,1299799,1779734232644,-5.5424285,4.24281,0.4737789,-8.403362,-5.02376,-4.202381,69.39011,77.53093,280.51202,0.0
2a,1,Left Ankle,4257787,1779734232669,2.46,9.84,-0.74,4.25,6.8125,-0.25,-0.6531372,-0.75372314,-0.0020141602,-0.072631836
2a,1,Left Ankle,4257809,1779734232679,2.64,9.64,-0.77,5.6875,9.375,-6.8125,-0.6524658,-0.75427246,-0.0044555664,-0.07269287
2a,4,Right Wrist,30260752,1779734232679,-2.4581268,-5.733303,-0.47138605,27.93504,9.871112,-9.016272,-149.49304,-41.050125,229.93332,0.0
2a,3,Left Wrist,4057717,1779734232679,0.60558575,-5.1753793,-2.8450663,2.5657763,-11.500301,57.36922,-116.63635,-37.430714,340.36856,0.0
2a,1,Left Ankle,4257825,1779734232702,1.72,9.49,-0.56,9.1875,6.375,-24.25,-0.65167236,-0.75512695,-0.008300781,-0.07141113
2a,2,Right Ankle,1299859,1779734232704,-3.877024,-1.3468239,2.3688943,4.4066377,-24.34376,-18.412382,69.12343,77.55612,280.2479,0.0
2a,1,Left Ankle,4257867,1779734232727,0.45,9.56,-1.26,8.6875,6.3125,-30.875,-0.6500244,-0.75671387,-0.017944336,-0.06707764
2a,1,Left Ankle,4257849,1779734232727,0.97,9.88,-0.61,10.125,6.375,-28.0,-0.65063477,-0.75616455,-0.012878418,-0.06903076
2a,4,Right Wrist,30260812,1779734232729,-2.55384,-5.762017,-0.74416786,-22.604961,-14.698889,24.723728,-149.45389,-41.01122,229.89877,0.0
2a,1,Left Ankle,4257885,1779734232759,-1.15,9.43,-1.46,7.8125,21.3125,-16.625,-0.64923096,-0.7572632,-0.022521973,-0.06738281
2a,2,Right Ankle,1299919,1779734232764,-23.072248,-9.348422,2.912065,-98.84336,-23.643759,49.277622,68.93757,77.60075,280.09973,0.0
2a,3,Left Wrist,4057971,1779734232769,0.8281185,-7.106387,-4.345366,27.975777,-29.000301,-4.2307777,-116.56058,-37.221527,340.33768,0.0
2a,1,Left Ankle,4257906,1779734232786,1.46,9.98,-1.71,7.3125,30.75,-14.375,-0.64837646,-0.7576904,-0.027648926,-0.0692749
2a,1,Left Ankle,4257932,1779734232794,0.29,9.21,-0.94,5.625,22.875,-12.25,-0.64746094,-0.7579956,-0.03277588,-0.07171631
2a,4,Right Wrist,30260873,1779734232795,-6.4206414,-2.7757747,0.3828516,-51.09496,-27.57889,53.773727,-149.44623,-40.96793,229.87355,0.0
2a,1,Left Ankle,4257946,1779734232818,-0.03,9.61,-1.53,9.25,15.8125,-6.8125,-0.6464844,-0.75860596,-0.035827637,-0.07287598
2a,2,Right Ankle,1299979,1779734232827,-8.533457,3.737924,1.3471591,65.02664,-9.01376,35.20762,68.98056,77.518364,280.11987,0.0
2a,1,Left Ankle,4257971,1779734232847,0.15,9.48,-1.04,12.6875,12.625,2.0,-0.6447754,-0.75964355,-0.038635254,-0.07550049
2a,4,Right Wrist,30260932,1779734232852,-10.342477,-1.1749761,1.0217353,-19.45496,-10.778889,40.683727,-149.43828,-40.93565,229.85608,0.0
2a,1,Left Ankle,4257991,1779734232852,0.35,9.72,-1.14,15.4375,9.1875,11.5625,-0.64263916,-0.76123047,-0.038757324,-0.07775879
2a,3,Left Wrist,4057990,1779734232860,-0.12901099,-7.5945225,-5.2019963,28.815777,-40.7603,4.799221,-116.58032,-37.139874,340.3652,0.0
2a,1,Left Ankle,4258006,1779734232879,0.56,9.66,-1.29,17.0,4.75,18.1875,-0.6402588,-0.7630615,-0.03741455,-0.080200195
2a,2,Right Ankle,1300040,1779734232886,-8.746418,1.0818911,1.0648061,-4.833362,-22.03376,27.577618,68.72709,77.55082,279.87323,0.0
2a,1,Left Ankle,4258032,1779734232910,0.54,9.98,-1.29,18.75,3.875,24.5,-0.6376953,-0.7651367,-0.034057617,-0.08215332
2a,4,Right Wrist,30260993,1779734232911,-11.936097,-0.19631168,0.035892338,35.63504,25.131111,-3.9762719,-149.42235,-40.920223,229.85132,0.0
2a,1,Left Ankle,4258051,1779734232912,0.77,9.78,-1.45,18.25,5.125,28.125,-0.6350708,-0.7670288,-0.031433105,-0.085510254
2a,1,Left Ankle,4258070,1779734232937,1.07,9.57,-1.55,16.5625,3.0625,30.9375,-0.6324463,-0.76898193,-0.028137207,-0.08911133
2a,2,Right Ankle,1300099,1779734232944,-9.256089,2.271124,0.38524443,-2.3833623,-9.293759,5.177619,68.9796,77.522385,280.12006,0.0
2a,3,Left Wrist,4058064,1779734232948,-4.1920238,-7.7021995,-7.9154572,-17.244223,-34.3203,61.289223,-116.6198,-37.046337,340.3863,0.0
2a,1,Left Ankle,4258092,1779734232970,1.22,9.52,-1.59,14.4375,-0.625,33.0,-0.6300049,-0.7706909,-0.024108887,-0.0925293
2a,1,Left Ankle,4258111,1779734232970,1.13,9.43,-1.73,11.25,-4.0625,33.6875,-0.62786865,-0.77215576,-0.019592285,-0.09564209
2a,4,Right Wrist,30261052,1779734232971,-9.41167,-3.8740802,0.6149554,18.20504,37.87111,-43.176273,-149.40631,-40.914093,229.84972,0.0
2a,1,Left Ankle,4258138,1779734233002,1.34,9.24,-2.03,8.4375,-3.25,33.75,-0.62561035,-0.77368164,-0.01159668,-0.09942627
2a,2,Right Ankle,1300160,1779734233003,-8.995272,1.6896679,-0.086141616,-18.903362,-2.92376,-4.692381,69.18268,77.55294,280.32446,0.0
2a,3,Left Wrist,4058125,1779734233013,-1.6843455,-6.7666054,-7.271788,0.7457764,-9.610301,110.56922,-116.651024,-36.94265,340.39383,0.0
2a,1,Left Ankle,4258155,1779734233028,1.5,9.17,-2.07,4.3125,2.5625,31.8125,-0.62438965,-0.77423096,-0.0076904297,-0.103027344
2a,4,Right Wrist,30261112,1779734233031,-6.860921,-4.907779,1.2346964,-3.98496,34.441113,-55.636272,-149.39293,-40.91148,229.84805,0.0
2a,1,Left Ankle,4258176,1779734233061,1.87,9.13,-2.21,1.9375,4.5625,28.125,-0.6236572,-0.77441406,-0.0043945312,-0.10650635
2a,1,Left Ankle,4258198,1779734233061,2.04,8.97,-2.33,-2.0625,1.5625,22.0,-0.62335205,-0.774292,-0.0015869141,-0.10949707
2a,2,Right Ankle,1300219,1779734233064,-9.12927,1.3187803,0.24885355,-22.823362,2.0462403,-6.8623815,69.273346,77.61661,280.42078,0.0
2a,1,Left Ankle,4258214,1779734233088,2.09,9.01,-2.08,-4.5,-1.875,16.875,-0.62353516,-0.77386475,0.0012817383,-0.11102295
2a,4,Right Wrist,30261172,1779734233095,-4.305386,-6.508578,1.0887343,18.97504,15.821112,-52.34627,-149.36127,-40.904152,229.84143,0.0
2a,1,Left Ankle,4258235,1779734233095,1.96,9.3,-2.04,-4.9375,-5.875,12.6875,-0.6237793,-0.77349854,0.0037841797,-0.11218262
2a,3,Left Wrist,4058214,1779734233099,2.4432735,-5.156236,-3.6777685,-18.294224,1.4496994,111.899216,-116.68479,-36.8473,340.3959,0.0
2a,1,Left Ankle,4258260,1779734233117,2.49,9.45,-2.38,-3.125,-14.5,-4.75,-0.62420654,-0.7734375,0.005126953,-0.109802246
2a,2,Right Ankle,1300279,1779734233130,-9.12927,1.7112033,-0.22013968,-4.623362,-3.69376,3.077619,69.4912,77.64278,280.63495,0.0
2a,1,Left Ankle,4258276,1779734233150,2.27,9.33,-1.22,-3.3125,-7.0625,-10.9375,-0.6248169,-0.7732544,0.0049438477,-0.107788086
2a,4,Right Wrist,30261232,1779734233152,-2.963013,-7.745667,1.361516,15.125039,-13.088888,-19.166271,-149.32031,-40.88585,229.8242,0.0
2a,1,Left Ankle,4258307,1779734233180,2.44,9.3,-1.15,-2.4375,-2.375,-18.25,-0.6254883,-0.7730713,0.0032348633,-0.105529785
2a,1,Left Ankle,4258316,1779734233180,2.34,9.17,-1.49,-0.1875,-0.25,-21.5625,-0.6258545,-0.7730713,1.2207031E-4,-0.103515625
2a,2,Right Ankle,1300339,1779734233189,-9.102949,1.526956,-0.20338993,-7.0733624,-0.61375976,17.98762,69.6993,77.673485,280.8411,0.0
2a,3,Left Wrist,4058377,1779734233197,3.9124668,-5.022238,-3.8907297,5.0157766,2.849699,4.799221,-116.81657,-36.811714,340.46393,0.0
2a,1,Left Ankle,4258336,1779734233212,1.01,9.72,-1.13,-0.3125,0.1875,-23.125,-0.6262207,-0.7730713,-0.0026855469,-0.101135254
2a,4,Right Wrist,30261292,1779734233212,-4.2886367,-8.489835,1.9262222,-17.354961,-52.148888,31.863728,-149.2868,-40.846554,229.79808,0.0
2a,1,Left Ankle,4258356,1779734233237,1.85,9.44,-1.73,0.1875,3.9375,-23.8125,-0.62664795,-0.7729492,-0.006286621,-0.09893799
2a,1,Left Ankle,4258382,1779734233237,0.38,9.9,-1.41,1.5,4.8125,-18.125,-0.62683105,-0.77301025,-0.009216309,-0.097473145
2a,2,Right Ankle,1300399,1779734233246,-9.081413,1.4527785,0.23928227,2.0266376,3.3762403,26.107618,69.85563,77.71973,280.99405,0.0
2a,1,Left Ankle,4258396,1779734233266,1.55,9.92,-1.72,3.125,9.8125,-20.5625,-0.62677,-0.7731323,-0.012817383,-0.09643555
2a,1,Left Ankle,4258416,1779734233268,0.63,9.46,-1.58,0.5,8.4375,-11.6875,-0.62683105,-0.77301025,-0.015930176,-0.09637451
2a,4,Right Wrist,30261352,1779734233269,-8.581361,-6.2477603,0.3828516,-44.86496,-54.458885,63.92373,-149.2707,-40.79199,229.77014,0.0
2a,1,Left Ankle,4258437,1779734233295,0.31,9.68,-1.64,2.5625,12.4375,-2.9375,-0.6269531,-0.77282715,-0.018188477,-0.09680176
2a,2,Right Ankle,1300459,1779734233303,-9.229768,2.8262587,-0.016749758,-9.383362,3.4462404,23.447618,70.13205,77.677055,281.2682,0.0
2a,1,Left Ankle,4258457,1779734233328,1.22,10.17,-1.68,1.625,12.875,9.0625,-0.62646484,-0.7728882,-0.018920898,-0.099243164
2a,4,Right Wrist,30261413,1779734233328,-13.702,-2.2948172,1.3974085,-29.88496,-14.138887,50.55373,-149.2626,-40.75639,229.74844,0.0
2a,3,Left Wrist,4058397,1779734233338,3.4004023,-5.6994066,-4.4410787,1.5157764,0.88969946,-8.92078,-116.87089,-36.767193,340.49768,0.0
2a,1,Left Ankle,4258477,1779734233356,0.89,9.8,-1.66,3.25,10.5,20.5,-0.62579346,-0.77301025,-0.01763916,-0.10253906
2a,1,Left Ankle,4258501,1779734233362,1.22,9.21,-1.64,4.875,7.6875,25.3125,-0.62475586,-0.7734375,-0.015563965,-0.1060791
2a,2,Right Ankle,1300519,1779734233363,-8.9665575,2.7353313,-0.49292147,-10.573362,-2.0837598,8.537619,70.403015,77.65559,281.53656,0.0
2a,1,Left Ankle,4258521,1779734233387,1.39,10.2,-1.93,7.5,9.375,31.9375,-0.623291,-0.77404785,-0.012512207,-0.11047363
2a,4,Right Wrist,30261472,1779734233389,-12.644373,-0.4547364,2.498107,12.67504,63.56111,3.443728,-149.24266,-40.756615,229.72896,0.0
2a,3,Left Wrist,4058558,1779734233398,-1.5599183,-9.865312,-7.6618185,-52.734222,-15.7003,52.679222,-116.96766,-36.621944,340.54153,0.0
2a,1,Left Ankle,4258537,1779734233422,1.61,10.21,-1.79,6.4375,13.3125,33.6875,-0.6217041,-0.7746582,-0.0095825195,-0.11553955
2a,1,Left Ankle,4258557,1779734233422,1.95,8.73,-1.62,3.5625,12.75,32.3125,-0.6204834,-0.7748413,-0.0067749023,-0.12072754
2a,2,Right Ankle,1300580,1779734233429,-8.88281,2.3859792,-0.117248304,-7.353362,-0.89375985,-5.8123813,70.66545,77.64096,281.79526,0.0
2a,1,Left Ankle,4258580,1779734233446,2.26,9.27,-1.66,0.4375,11.0625,33.1875,-0.61968994,-0.77471924,-0.003540039,-0.12554932
2a,4,Right Wrist,30261533,1779734233454,-8.528718,-2.8834512,1.253839,5.3950396,92.05112,-41.14627,-149.22357,-40.769257,229.71461,0.0
2a,1,Left Ankle,4258621,1779734233480,2.24,8.98,-1.44,-2.0,13.125,15.0625,-0.6191406,-0.7737427,1.8310547E-4,-0.13409424
2a,1,Left Ankle,4258604,1779734233481,2.01,9.76,-1.76,-2.1875,12.3125,27.6875,-0.6191406,-0.7739868,-1.2207031E-4,-0.13244629
2a,2,Right Ankle,1300639,1779734233483,-8.949808,2.0509841,0.014356935,-4.413362,4.0062404,-10.222382,70.924576,77.646324,282.0499,0.0
2a,3,Left Wrist,4058604,1779734233488,0.9214386,-6.6804647,-5.6470613,-72.12423,-22.5603,82.00922,-117.02695,-36.525753,340.55704,0.0
2a,1,Left Ankle,4258643,1779734233512,3.96,9.29,-1.77,-0.125,1.25,-4.5,-0.61920166,-0.7736206,-2.4414062E-4,-0.13458252
2a,4,Right Wrist,30261592,1779734233513,-4.752844,-6.819645,0.24885355,-0.55496,94.64111,-53.39627,-149.18736,-40.781315,229.69016,0.0
2a,1,Left Ankle,4258661,1779734233540,5.23,10.37,-2.25,2.125,-12.3125,-31.8125,-0.6194458,-0.7739868,-0.0026245117,-0.13116455
2a,2,Right Ankle,1300700,1779734233543,-8.744025,1.4216719,-0.2416751,-21.493362,15.836241,8.677619,71.143364,77.68384,282.27228,0.0
2a,3,Left Wrist,4058665,1779734233555,3.6899343,-3.8641117,-3.07717,-55.53422,-15.0003,71.509224,-117.1162,-36.506275,340.59326,0.0
2a,1,Left Ankle,4258686,1779734233568,5.22,12.11,-3.1,0.9375,-16.625,-73.5,-0.6211548,-0.77471924,-0.0115356445,-0.117614746
2a,4,Right Wrist,30261652,1779734233569,-1.5727825,-9.195718,0.078963146,-16.02496,71.541115,-10.556272,-149.13443,-40.784428,229.64465,0.0
2a,1,Left Ankle,4258705,1779734233569,4.9,13.16,-3.94,7.6875,1.5,-98.3125,-0.62213135,-0.77508545,-0.0234375,-0.10772705
2a,1,Left Ankle,4258721,1779734233597,7.84,14.87,-5.57,11.0625,3.8125,-106.0625,-0.6223755,-0.7753906,-0.030700684,-0.10235596
2a,1,Left Ankle,4258745,1779734233597,7.5,15.99,-7.26,11.9375,-19.5625,-108.1875,-0.6226196,-0.7764282,-0.050842285,-0.08331299
2a,2,Right Ankle,1300759,1779734233605,-8.971343,1.5819908,-0.6125626,-3.7133622,9.39624,27.507618,71.39656,77.70408,282.52228,0.0
2a,1,Left Ankle,4258767,1779734233629,4.19,11.54,-5.59,11.25,-32.125,-103.8125,-0.62268066,-0.77697754,-0.061950684,-0.068481445
2a,4,Right Wrist,30261712,1779734233629,0.16201375,-8.133305,1.564906,-44.44496,31.921112,56.85373,-149.07927,-40.775223,229.58124,0.0
2a,3,Left Wrist,4058754,1779734233638,11.193826,-4.211071,0.52163535,79.98577,5.509699,-78.99078,-117.0747,-36.581966,340.5939,0.0
2a,1,Left Ankle,4258789,1779734233655,-0.36,6.47,-3.74,5.0625,-66.875,-91.4375,-0.6234741,-0.7772217,-0.0680542,-0.0501709
2a,2,Right Ankle,1300819,1779734233665,-9.038342,3.2808948,-0.4642076,-7.983362,4.28624,18.33762,71.670746,77.66198,282.7936,0.0
2a,1,Left Ankle,4258812,1779734233691,0.08,2.11,-2.92,12.0,-102.125,-75.5,-0.62390137,-0.77789307,-0.068725586,-0.029296875
2a,1,Left Ankle,4258827,1779734233696,-2.36,-1.34,-0.73,13.375,-101.5,-48.875,-0.6235962,-0.77893066,-0.06555176,-0.009338379
2a,4,Right Wrist,30261772,1779734233697,-2.2260232,-1.8090743,1.6271194,-107.65496,-20.508888,132.73372,-149.0601,-40.733997,229.51685,0.0
2a,3,Left Wrist,4058844,1779734233699,5.2739825,-10.74587,-15.024533,-9.334224,67.3197,-251.61076,-117.16255,-36.633884,340.65964,0.0
2a,1,Left Ankle,4258852,1779734233722,-0.32,-0.71,-2.55,27.5625,-30.3125,-9.625,-0.6209717,-0.78131104,-0.06286621,0.0
2a,2,Right Ankle,1300879,1779734233730,-9.313517,3.5369272,-0.34217364,13.576637,-0.75375986,5.177619,71.92509,77.61619,283.0375,0.0
2a,1,Left Ankle,4258870,1779734233749,2.5,-0.68,-3.12,49.375,29.125,40.5625,-0.6147461,-0.7863159,-0.061462402,-0.005432129
2a,1,Left Ankle,4258893,1779734233750,1.05,1.02,-1.03,55.5625,52.625,94.625,-0.6068115,-0.7926636,-0.055664062,-0.019836426
2a,4,Right Wrist,30261833,1779734233751,-3.7861435,5.752245,5.268996,12.32504,-123.19889,171.37372,-149.03864,-40.67176,229.4835,0.0
2a,3,Left Wrist,4058904,1779734233764,-12.138587,-10.011273,-27.81417,-18.084223,116.5997,-188.89078,-117.22595,-36.655643,340.6888,0.0
2a,1,Left Ankle,4258908,1779734233780,0.1,4.95,-0.65,42.1875,24.75,100.8125,-0.5996094,-0.7982178,-0.046020508,-0.034606934
2a,2,Right Ankle,1300939,1779734233784,-9.823189,2.53912,0.48095736,-5.813362,-0.053759813,-28.702381,72.12093,77.57079,283.2301,0.0
2a,1,Left Ankle,4258931,1779734233806,-3.33,8.8,0.02,17.5625,-49.5625,97.5625,-0.5958252,-0.8015137,-0.029663086,-0.040527344
2a,4,Right Wrist,30261892,1779734233814,-6.243572,4.4960136,3.7710884,102.20504,-173.73889,175.50372,-148.9919,-40.58494,229.46014,0.0
2a,1,Left Ankle,4258951,1779734233814,-26.22,11.04,-5.61,-5.4375,-108.1875,80.1875,-0.59558105,-0.80236816,-0.008178711,-0.03753662
2a,3,Left Wrist,4058964,1779734233818,-16.211172,-4.5867443,-23.157738,-329.58423,141.9397,63.45922,-117.35559,-36.606815,340.65396,0.0
2a,1,Left Ankle,4258968,1779734233841,-24.83,25.41,-4.05,-9.4375,-61.3125,159.9375,-0.59259033,-0.8043823,0.01953125,-0.038146973
2a,2,Right Ankle,1301000,1779734233848,-8.643527,2.3835864,-0.65324056,9.446638,8.48624,-39.41238,72.38528,77.57788,283.48474,0.0
2a,1,Left Ankle,4258994,1779734233870,18.74,13.29,0.15,-1.9375,-22.125,-181.6875,-0.5928345,-0.8051758,-0.008361816,-0.01373291
2a,1,Left Ankle,4259013,1779734233871,11.75,12.52,3.15,-21.875,26.125,-79.0,-0.59436035,-0.8039551,-0.015075684,-0.01159668
2a,4,Right Wrist,30261953,1779734233872,-9.995518,-0.76580316,6.709475,107.66504,-177.5889,141.48372,-148.93456,-40.49806,229.43945,0.0
2a,1,Left Ankle,4259030,1779734233896,-7.37,11.47,0.15,-38.5,13.875,40.375,-0.60076904,-0.7991333,-0.0075683594,-0.020202637
2a,2,Right Ankle,1301059,1779734233903,-9.713119,1.7183818,-0.148355,21.136637,10.23624,-19.882381,72.60406,77.62103,283.6915,0.0
2a,3,Left Wrist,4059024,1779734233908,-15.462218,16.393524,-10.437492,-221.36423,23.5697,67.939224,-117.454994,-36.5783,340.6525,0.0
2a,4,Right Wrist,30262012,1779734233931,-12.831014,-5.647162,3.9290147,-4.8249598,-69.78889,64.13373,-148.91287,-40.447002,229.41925,0.0
2a,1,Left Ankle,4259069,1779734233931,-0.99,6.18,-8.92,-40.0625,-2.25,-28.5625,-0.61083984,-0.7913208,-0.022460938,-0.012207031
2a,1,Left Ankle,4259053,1779734233930,-0.5,4.51,-0.69,-31.8125,13.4375,-75.875,-0.6051636,-0.79577637,-0.018859863,-0.015136719
2a,1,Left Ankle,4259094,1779734233956,13.66,21.93,-3.85,-20.75,-38.0,-24.9375,-0.6143799,-0.7886963,-0.02368164,6.1035156E-5
2a,2,Right Ankle,1301120,1779734233964,-8.064464,2.498442,-2.050649,33.31664,0.15624017,-17.222382,72.882645,77.626656,283.95187,0.0
2a,3,Left Wrist,4059084,1779734233969,-0.6721815,2.6060803,0.65324056,-230.04422,-144.3603,-362.0008,-117.62037,-36.67803,340.78604,0.0
2a,1,Left Ankle,4259116,1779734233991,-6.85,14.07,2.27,-24.5625,-34.6875,-41.125,-0.6168823,-0.786499,-0.027709961,0.010437012
2a,4,Right Wrist,30262073,1779734233992,-7.040383,-1.3424737,-0.68195444,-23.304958,88.20111,-10.906272,-148.90529,-40.44621,229.39943,0.0
2a,1,Left Ankle,4259139,1779734234021,-1.61,0.3,-3.06,8.9375,-5.3125,-41.8125,-0.61602783,-0.78674316,-0.034057617,0.018249512
2a,1,Left Ankle,4259157,1779734234021,-2.17,11.37,-1.53,8.0,-8.0,-21.75,-0.6151123,-0.7873535,-0.035949707,0.020629883
2a,2,Right Ankle,1301179,1779734234023,-3.5013504,1.6537756,-3.1920252,95.33664,11.706241,-20.582382,73.22965,77.636826,284.25873,0.0
2a,3,Left Wrist,4059174,1779734234029,27.264023,45.89942,-12.433107,-98.16423,-86.3303,190.85922,-117.68474,-36.640217,340.80063,0.0
2a,1,Left Ankle,4259173,1779734234047,-1.25,9.59,-1.98,6.625,-18.3125,-24.5,-0.6144409,-0.7876587,-0.038024902,0.024291992
2a,4,Right Wrist,30262132,1779734234049,1.777169,-6.065905,-3.629912,119.98504,51.38111,-196.05627,-148.8389,-40.455795,229.4211,0.0
2a,1,Left Ankle,4259198,1779734234080,-1.78,9.29,-2.26,2.125,-15.0,-6.625,-0.61413574,-0.7878418,-0.03741455,0.02734375
2a,1,Left Ankle,4259213,1779734234080,-0.84,9.73,-3.2,0.5,-13.1875,-4.4375,-0.6140747,-0.78790283,-0.036743164,0.028808594
2a,2,Right Ankle,1301240,1779734234083,-8.136249,2.4505856,0.035892338,-9.593362,0.5062402,16.72762,73.475815,77.587975,284.50284,0.0
2a,1,Left Ankle,4259235,1779734234119,-0.96,10.08,-1.68,2.5625,3.6875,9.0625,-0.61383057,-0.788147,-0.036193848,0.027648926
2a,1,Left Ankle,4259256,1779734234119,-1.56,8.96,-2.29,7.0625,12.9375,19.5625,-0.6131592,-0.78881836,-0.034729004,0.024353027
2a,4,Right Wrist,30262192,1779734234119,-4.216852,-0.2226327,-1.8496519,-189.62495,46.62111,-42.266273,-148.91774,-40.438667,229.43245,0.0
2a,3,Left Wrist,4059234,1779734234124,9.490136,6.073281,-0.22492532,-43.984222,116.1097,63.38922,-117.681755,-36.685284,340.7526,0.0
2a,1,Left Ankle,4259276,1779734234136,-1.11,9.42,-2.02,13.0625,12.375,28.8125,-0.61157227,-0.79022217,-0.03265381,0.019836426
2a,2,Right Ankle,1301299,1779734234143,-8.775132,0.27550977,-2.0386848,24.636637,-7.5437593,25.967619,73.68154,77.62398,284.69537,0.0
2a,1,Left Ankle,4259301,1779734234166,-1.52,9.83,-2.11,14.5625,8.3125,38.25,-0.6097412,-0.79193115,-0.028686523,0.015197754
2a,4,Right Wrist,30262252,1779734234170,-4.24078,7.668897,-2.1870399,-31.77496,40.391113,-71.38628,-148.98152,-40.456078,229.47736,0.0
2a,1,Left Ankle,4259316,1779734234198,-0.95,9.44,-2.03,19.0,13.875,50.8125,-0.6074829,-0.7939453,-0.02355957,0.0087890625
2a,1,Left Ankle,4259338,1779734234199,-0.44,10.26,-1.88,24.5,13.8125,65.4375,-0.6043091,-0.7965698,-0.016662598,6.1035156E-4
2a,2,Right Ankle,1301359,1779734234204,-8.507135,1.7782023,-1.7946169,-30.033363,-16.153759,36.11762,73.91766,77.62619,284.93588,0.0
2a,1,Left Ankle,4259360,1779734234230,-0.21,10.63,-1.26,30.875,18.3125,74.0,-0.60028076,-0.7996826,-0.008666992,-0.008911133
2a,4,Right Wrist,30262312,1779734234231,-4.281458,1.3350948,-0.2416751,80.78504,16.801111,-62.566273,-148.97836,-40.451736,229.50557,0.0
2a,1,Left Ankle,4259377,1779734234255,1.72,10.4,-2.19,31.4375,16.9375,72.3125,-0.59588623,-0.80285645,0.0016479492,-0.017028809
2a,1,Left Ankle,4259397,1779734234256,1.41,10.66,-2.48,31.6875,29.0625,80.25,-0.5913086,-0.8059082,0.009765625,-0.028076172
2a,2,Right Ankle,1301419,1779734234267,-9.227375,2.3979435,-0.54317075,-23.733362,-20.63376,18.687618,74.15081,77.61178,285.1706,0.0
2a,1,Left Ankle,4259420,1779734234291,3.21,11.61,-2.46,33.6875,20.3125,75.375,-0.5863037,-0.80895996,0.01751709,-0.0390625
2a,4,Right Wrist,30262373,1779734234291,-5.307979,-1.2228327,0.27996024,14.355041,18.411112,-26.726273,-148.96837,-40.437466,229.5059,0.0
2a,1,Left Ankle,4259437,1779734234316,2.52,12.81,-3.51,24.125,11.8125,75.875,-0.5820923,-0.81121826,0.026672363,-0.048461914
2a,1,Left Ankle,4259461,1779734234322,3.38,12.61,-3.21,7.625,51.125,73.125,-0.579834,-0.8118286,0.03277588,-0.06072998
2a,1,Left Ankle,4259477,1779734234349,2.83,11.44,-5.94,-6.75,64.4375,66.125,-0.57995605,-0.81030273,0.036193848,-0.0758667
2a,2,Right Ankle,1301479,1779734234356,-8.937843,2.510406,-0.21056838,-24.643362,-15.663759,4.687619,74.38124,77.584236,285.40305,0.0
2a,4,Right Wrist,30262432,1779734234356,-5.449156,-2.672883,1.7946169,21.63504,21.561111,-26.166271,-148.94507,-40.43034,229.4987,0.0
2a,3,Left Wrist,4059428,1779734234359,2.8572319,-2.868698,-10.207782,137.94577,-48.740303,276.8192,-117.59608,-36.540493,340.7157,0.0
2a,1,Left Ankle,4259505,1779734234377,4.73,8.69,-4.8,-11.0,44.75,51.0625,-0.5806885,-0.8082886,0.038085938,-0.08935547
2a,1,Left Ankle,4259522,1779734234378,-0.74,8.59,-1.88,-19.625,-10.8125,41.5,-0.58251953,-0.80615234,0.044555664,-0.093566895
2a,1,Left Ankle,4259545,1779734234407,-6.53,7.92,2.47,-13.8125,17.5625,22.1875,-0.585022,-0.80352783,0.05053711,-0.097961426
2a,2,Right Ankle,1301540,1779734234414,-9.031164,2.3405156,-0.5910272,-26.463362,-0.5437598,-2.3123813,74.63368,77.579895,285.6585,0.0
2a,3,Left Wrist,4059550,1779734234419,0.19162732,0.1606158,-15.192031,200.10577,-138.0603,55.05922,-117.65941,-36.37143,340.83237,0.0
2a,1,Left Ankle,4259565,1779734234439,-6.4,8.37,3.24,-21.1875,37.25,2.1875,-0.5878906,-0.8008423,0.048034668,-0.10321045
2a,4,Right Wrist,30262493,1779734234439,-4.9370914,-5.3552375,2.778067,9.38504,17.291111,-30.926273,-148.91698,-40.425865,229.48729,0.0
2a,1,Left Ankle,4259591,1779734234466,-6.66,7.63,2.03,-32.9375,63.6875,-23.6875,-0.59295654,-0.796875,0.04095459,-0.10845947
2a,1,Left Ankle,4259605,1779734234466,-4.54,6.88,-0.83,-15.5,97.8125,-58.3125,-0.5970459,-0.79351807,0.024963379,-0.11517334
2a,2,Right Ankle,1301629,1779734234475,-8.916308,2.106019,-0.5312066,-27.513363,-1.2437598,-3.012381,74.87861,77.58438,285.90692,0.0
2a,1,Left Ankle,4259629,1779734234499,-0.35,7.18,-2.54,-2.25,91.9375,-67.25,-0.5993042,-0.79119873,0.006958008,-0.12164307
2a,3,Left Wrist,4059625,1779734234509,-1.8374866,-1.1889362,-13.502698,104.69577,-133.0903,104.82922,-117.72416,-36.283062,340.91187,0.0
2a,1,Left Ankle,4259646,1779734234533,1.9,4.93,-2.04,-1.625,58.375,-85.8125,-0.60113525,-0.78967285,-0.010803223,-0.12243652
2a,4,Right Wrist,30262552,1779734234534,-5.8631134,-7.0254273,3.2398818,-59.984962,2.1011114,-40.796272,-148.91646,-40.4182,229.48238,0.0
2a,2,Right Ankle,1301689,1779734234534,-8.760775,1.0794982,-0.6891329,-10.643362,-6.21376,16.097618,75.06082,77.62281,286.0884,0.0
2a,1,Left Ankle,4259666,1779734234534,5.75,4.18,-1.54,-10.875,9.0625,-91.0,-0.60388184,-0.788147,-0.025268555,-0.11627197
2a,1,Left Ankle,4259691,1779734234557,5.9,2.01,-0.81,-24.5625,-37.75,-66.25,-0.60827637,-0.78601074,-0.031921387,-0.10546875
2a,1,Left Ankle,4259711,1779734234590,5.65,0.9,0.13,-35.5625,-73.8125,-39.1875,-0.61383057,-0.7835083,-0.030639648,-0.09197998
2a,1,Left Ankle,4259733,1779734234591,1.25,3.52,7.68,-44.375,-78.4375,-0.375,-0.61987305,-0.78015137,-0.023254395,-0.08074951
2a,4,Right Wrist,30262642,1779734234592,-7.8922276,-4.9029937,1.7204396,-80.07496,4.9011116,-62.91627,-148.93791,-40.409184,229.4918,0.0
2a,2,Right Ankle,1301750,1779734234594,-9.016808,2.2376244,-0.59581286,-5.1133623,-9.503759,18.687618,75.3139,77.61412,286.337,0.0
2a,1,Left Ankle,4259751,1779734234616,29.17,19.23,-38.91,107.6875,99.25,21.625,-0.61621094,-0.78271484,-0.021850586,-0.08483887
2a,1,Left Ankle,4259766,1779734234623,-1.2,37.33,-1.33,-19.5,-11.4375,139.625,-0.60510254,-0.7905884,-0.013122559,-0.09307861
2a,3,Left Wrist,4059788,1779734234631,3.8263252,-4.565209,-5.931807,-66.80423,-18.9203,145.00922,-117.87141,-36.118103,340.96188,0.0
2a,4,Right Wrist,30262732,1779734234649,-7.676873,-3.859723,1.9788643,-0.9049599,17.36111,-78.456276,-148.93648,-40.40825,229.50615,0.0
2a,2,Right Ankle,1301809,1779734234654,-9.179519,1.8715223,0.2009971,1.5366378,-2.92376,16.447618,75.54162,77.63415,286.55902,0.0
2a,1,Left Ankle,4259793,1779734234682,5.75,2.54,-3.18,-71.6875,-87.125,-143.75,-0.6157837,-0.7838745,-0.02166748,-0.07678223
2a,1,Left Ankle,4259806,1779734234682,-5.16,-4.01,-4.48,-18.8125,57.4375,-12.3125,-0.6192627,-0.78125,-0.025939941,-0.07421875
2a,1,Left Ankle,4259833,1779734234707,2.33,6.93,-8.54,12.125,6.4375,-20.75,-0.6168823,-0.78234863,-0.03479004,-0.078308105
2a,1,Left Ankle,4259849,1779734234709,0.88,14.89,-2.08,-31.1875,-103.0625,16.9375,-0.6201172,-0.78125,-0.02368164,-0.06738281
2a,2,Right Ankle,1301870,1779734234716,-9.126877,3.5417125,-2.2851455,-9.033362,4.07624,-5.882381,75.819176,77.6202,286.8334,0.0
2a,4,Right Wrist,30262792,1779734234717,-8.387542,-5.3743796,2.8570302,-3.56496,5.0411115,-23.996271,-148.92047,-40.3954,229.49974,0.0
2a,1,Left Ankle,4259868,1779734234741,-0.9,9.52,0.15,-35.1875,-42.75,-9.5,-0.6253052,-0.7779541,-0.016174316,-0.059143066
2a,3,Left Wrist,4059807,1779734234748,4.146963,-3.2611208,-5.393422,-44.614223,-18.150301,139.05922,-117.95612,-36.075565,340.9888,0.0
2a,1,Left Ankle,4259892,1779734234767,-1.75,9.61,-1.93,-25.4375,15.1875,-1.3125,-0.62890625,-0.7750244,-0.01763916,-0.058776855
2a,1,Left Ankle,4259913,1779734234770,-2.03,9.48,-0.68,-10.1875,70.1875,7.4375,-0.6305542,-0.7729492,-0.021972656,-0.0670166
2a,2,Right Ankle,1301929,1779734234774,-9.184305,2.283088,0.086141616,8.186638,-4.3937597,-24.292381,76.061646,77.60335,287.06668,0.0
2a,1,Left Ankle,4259933,1779734234797,3.83,9.7,-2.06,-6.8125,78.3125,-1.5,-0.63165283,-0.7701416,-0.034423828,-0.081848145
2a,4,Right Wrist,30262852,1779734234801,-9.751451,-5.0250278,2.656033,-5.31496,12.531112,10.093728,-148.89839,-40.377403,229.48021,0.0
2a,1,Left Ankle,4259954,1779734234824,3.51,9.1,-1.78,-23.75,0.1875,0.6875,-0.6350708,-0.7675781,-0.032409668,-0.08001709
2a,1,Left Ankle,4259972,1779734234833,0.67,9.91,-1.14,-28.5625,-39.9375,-2.0625,-0.63708496,-0.7663574,-0.029907227,-0.07714844
2a,2,Right Ankle,1301990,1779734234833,-9.134055,2.067734,0.06699903,9.936638,16.04624,-47.812378,76.32833,77.61878,287.32407,0.0
2a,3,Left Wrist,4059998,1779734234839,0.6654063,-5.5127664,-5.603991,27.555777,-20.5303,39.79922,-118.0596,-35.93154,341.04953,0.0
2a,1,Left Ankle,4259993,1779734234857,0.33,10.15,-0.88,-23.625,-30.375,-4.1875,-0.640625,-0.76397705,-0.026489258,-0.07232666
2a,4,Right Wrist,30262913,1779734234867,-8.815857,-5.0800624,1.2873386,-2.02496,27.021112,21.923729,-148.86911,-40.357803,229.45209,0.0
2a,1,Left Ankle,4260011,1779734234891,1.05,10.01,-1.25,-14.6875,-0.9375,-10.875,-0.6428833,-0.76226807,-0.026367188,-0.070617676
2a,2,Right Ankle,1302049,1779734234897,-11.550806,0.73971736,-0.52642095,-14.353362,16.95624,-57.89238,76.43735,77.70419,287.43567,0.0
2a,3,Left Wrist,4060044,1779734234898,1.6727848,-3.4788675,-4.8430734,-7.0242233,-17.8703,37.90922,-118.130554,-35.879078,341.0891,0.0
2a,4,Right Wrist,30263002,1779734234925,-5.2170515,-6.774181,-0.36131623,13.865041,12.741112,7.433728,-148.8269,-40.330914,229.42444,0.0
2a,1,Left Ankle,4260039,1779734234927,1.16,8.81,-0.94,-12.8125,-3.25,-15.125,-0.6456909,-0.76013184,-0.028381348,-0.06732178
2a,1,Left Ankle,4260056,1779734234927,1.33,8.99,-1.04,-12.125,-9.3125,-21.9375,-0.6477051,-0.758728,-0.029846191,-0.06304932
2a,1,Left Ankle,4260071,1779734234947,1.61,9.39,-1.18,-16.1875,-24.3125,-28.9375,-0.6489868,-0.75787354,-0.029785156,-0.059509277
2a,1,Left Ankle,4260094,1779734234948,0.31,9.95,-1.95,-15.5,-25.125,-35.5625,-0.652771,-0.75531006,-0.03161621,-0.049072266
2a,2,Right Ankle,1302110,1779734234958,-10.012222,0.40472224,-0.078963146,18.616638,16.39624,-29.822382,76.49194,77.788864,287.48337,0.0
2a,1,Left Ankle,4260115,1779734234980,-0.31,9.34,-0.55,-13.8125,-12.125,-35.8125,-0.6549072,-0.7536011,-0.03515625,-0.043945312
2a,4,Right Wrist,30263062,1779734234981,-6.365607,-8.195518,-0.63170516,70.56504,-7.2788887,21.923729,-148.76456,-40.294605,229.39607,0.0
2a,1,Left Ankle,4260140,1779734235007,-0.19,9.29,-0.8,-11.9375,-0.875,-35.125,-0.6567993,-0.75201416,-0.03930664,-0.03967285
2a,2,Right Ankle,1302169,1779734235014,-7.593077,1.972021,-1.3854443,-14.003363,11.98624,-2.942381,76.77469,77.79225,287.7653,0.0
2a,3,Left Wrist,4060208,1779734235019,0.25384092,-10.599907,-2.3425734,-37.824223,0.049699306,11.799221,-118.19809,-35.82148,341.12244,0.0
2a,1,Left Ankle,4260183,1779734235041,-0.15,10.04,-0.4,-9.5,-4.875,-25.5625,-0.65966797,-0.7492676,-0.04736328,-0.034179688
2a,1,Left Ankle,4260157,1779734235040,0.02,10.21,-0.57,-10.1875,0.6875,-29.5625,-0.6583252,-0.75061035,-0.04321289,-0.036376953
2a,4,Right Wrist,30263123,1779734235041,-8.217651,-6.3506517,-1.7611175,103.04504,3.2911115,6.383728,-148.70425,-40.25928,229.37846,0.0
2a,1,Left Ankle,4260197,1779734235066,-1.04,9.64,-0.94,-6.75,-10.1875,-17.3125,-0.66082764,-0.748291,-0.048828125,-0.030822754
2a,2,Right Ankle,1302229,1779734235074,-10.229968,-0.375338,-1.2227323,-6.373362,0.71624017,-2.7323809,76.89416,77.857834,287.88428,0.0
2a,1,Left Ankle,4260221,1779734235098,-1.07,9.97,-0.92,-1.8125,-8.25,-6.0,-0.6613159,-0.7479248,-0.04888916,-0.028747559
2a,1,Left Ankle,4260245,1779734235099,-0.72,9.8,-1.06,2.0625,-3.25,7.0625,-0.6611328,-0.74823,-0.047668457,-0.028381348
2a,4,Right Wrist,30263182,1779734235100,-8.397113,-1.9406793,0.15553348,30.105038,-5.3188887,18.073729,-148.68158,-40.22861,229.3672,0.0
2a,1,Left Ankle,4260265,1779734235127,-0.62,9.51,-1.14,1.1875,-4.75,15.6875,-0.6609497,-0.7484741,-0.04534912,-0.02923584
2a,2,Right Ankle,1302290,1779734235134,-12.603648,-0.6505126,-3.2063823,-11.273362,6.45624,9.587619,77.091675,77.90764,288.08185,0.0
2a,3,Left Wrist,4060227,1779734235138,0.024129648,-10.590336,-2.3904297,-47.694225,4.2496996,27.059221,-118.17644,-35.75552,341.09537,0.0
2a,1,Left Ankle,4260291,1779734235160,-0.47,9.54,-1.06,0.3125,-3.5,22.9375,-0.6608887,-0.7486572,-0.042175293,-0.03112793
2a,4,Right Wrist,30263243,1779734235167,-7.1672025,1.1580255,-0.70588267,-8.88496,6.6511116,8.413728,-148.68948,-40.204617,229.36746,0.0
2a,1,Left Ankle,4260310,1779734235191,-0.54,9.88,-0.79,-0.3125,1.8125,31.0,-0.66070557,-0.74884033,-0.038513184,-0.034423828
2a,1,Left Ankle,4260332,1779734235191,-0.23,9.91,-0.88,0.9375,8.9375,32.9375,-0.6604004,-0.7490845,-0.035339355,-0.0390625
2a,2,Right Ankle,1302349,1779734235193,-9.866259,-0.82518864,-1.7395821,-19.883362,3.30624,22.887619,77.239105,77.96283,288.23343,0.0
2a,1,Left Ankle,4260345,1779734235219,0.16,9.79,-1.06,2.1875,10.375,35.125,-0.6598511,-0.74938965,-0.032104492,-0.04425049
2a,4,Right Wrist,30263302,1779734235226,-5.698009,-0.5911276,-1.8687946,40.535038,24.43111,-30.366272,-148.68317,-40.181435,229.37607,0.0
2a,3,Left Wrist,4060388,1779734235229,0.6606208,-8.080266,-4.082155,40.365776,-4.5703006,10.049221,-118.13982,-35.595287,341.07684,0.0
2a,1,Left Ankle,4260370,1779734235249,0.31,9.85,-0.77,4.75,11.0625,36.8125,-0.6590576,-0.75,-0.027709961,-0.048706055
2a,2,Right Ankle,1302410,1779734235258,-6.1119204,2.5630481,-1.5266209,-58.873363,2.3962402,16.797619,77.50782,77.93334,288.51678,0.0
2a,1,Left Ankle,4260414,1779734235281,0.72,9.71,-0.79,11.125,12.6875,33.75,-0.6552124,-0.7526245,-0.020202637,-0.06188965
2a,1,Left Ankle,4260397,1779734235281,0.52,9.65,-0.72,7.875,11.625,35.375,-0.6578369,-0.75079346,-0.024536133,-0.054138184
2a,4,Right Wrist,30263363,1779734235282,-4.585346,-4.697211,-1.713261,14.705041,-0.13888836,-10.416272,-148.65414,-40.144173,229.36307,0.0
2a,3,Left Wrist,4060434,1779734235288,1.400003,-7.857733,-2.912065,36.37578,1.0296993,7.7392235,-118.10001,-35.52443,341.05978,0.0
2a,1,Left Ankle,4260433,1779734235307,0.72,9.74,-0.84,13.5,12.6875,31.125,-0.65301514,-0.7541504,-0.017944336,-0.06689453
2a,2,Right Ankle,1302469,1779734235314,-3.8913805,3.6613536,1.4380864,-37.943363,-1.5237597,5.2476187,77.43446,77.87036,288.45795,0.0
2a,4,Right Wrist,30263422,1779734235341,-5.8415785,-4.355037,-1.1365907,-3.56496,4.6911116,-24.906271,-148.63931,-40.11547,229.35773,0.0
2a,1,Left Ankle,4260456,1779734235341,0.97,9.66,-1.13,16.625,15.8125,26.1875,-0.65179443,-0.7550659,-0.017211914,-0.06933594
2a,1,Left Ankle,4260469,1779734235342,1.65,9.52,-0.92,21.0625,18.125,18.75,-0.6489258,-0.7570801,-0.016723633,-0.073791504
2a,3,Left Wrist,4060495,1779734235353,2.637092,-8.396118,-2.2468605,-2.6842237,14.259699,22.36922,-118.04816,-35.46603,341.02255,0.0
2a,1,Left Ankle,4260494,1779734235370,1.37,9.55,-0.62,24.125,11.8125,12.25,-0.6456909,-0.7595215,-0.016784668,-0.07702637
2a,1,Left Ankle,4260511,1779734235372,1.14,9.42,-1.18,25.3125,4.4375,7.1875,-0.642334,-0.762146,-0.016784668,-0.07867432
2a,2,Right Ankle,1302530,1779734235374,-4.0947704,4.7261596,3.0173495,23.586637,-22.17376,18.05762,77.30881,77.8128,288.32578,0.0
2a,1,Left Ankle,4260538,1779734235400,0.72,9.75,-1.61,24.3125,1.0625,8.5,-0.63739014,-0.7661743,-0.015930176,-0.080200195
2a,4,Right Wrist,30263482,1779734235400,-3.7598226,-5.929515,0.078963146,36.195038,14.491112,-6.8462715,-148.58942,-40.09448,229.33327,0.0
2a,1,Left Ankle,4260559,1779734235427,0.8,9.62,-1.29,25.125,3.25,9.5,-0.6340332,-0.7687988,-0.015258789,-0.081726074
2a,3,Left Wrist,4060554,1779734235439,3.6851485,-7.8529477,-2.603391,-50.28422,17.759699,38.329224,-118.00552,-35.40473,340.97806,0.0
2a,1,Left Ankle,4260576,1779734235458,0.75,9.83,-1.14,23.625,4.375,12.625,-0.63098145,-0.77130127,-0.013183594,-0.0826416
2a,1,Left Ankle,4260594,1779734235459,0.6,9.75,-1.84,22.5,10.75,17.4375,-0.6278076,-0.7735596,-0.012451172,-0.085510254
2a,4,Right Wrist,30263542,1779734235459,-5.2912292,-4.7043896,-1.6151553,-41.08496,37.73111,4.633728,-148.57277,-40.067116,229.307,0.0
2a,2,Right Ankle,1302589,1779734235470,-13.278424,-0.1886978,-3.9696927,67.61664,-10.833759,35.90762,77.54117,77.84455,288.52963,0.0
2a,1,Left Ankle,4260616,1779734235485,0.67,9.8,-2.27,25.375,21.625,18.125,-0.6243286,-0.7758789,-0.012390137,-0.089782715
2a,1,Left Ankle,4260656,1779734235516,2.01,10.81,-2.63,31.5,9.5,29.3125,-0.6156006,-0.7817993,-0.010131836,-0.09863281
2a,1,Left Ankle,4260640,1779734235516,3.1,10.17,-2.02,27.125,22.875,18.375,-0.62023926,-0.77856445,-0.012329102,-0.09448242
2a,4,Right Wrist,30263602,1779734235519,-7.89462,-2.7997026,-1.4500505,-28.34496,21.491112,39.003727,-148.56041,-40.032837,229.28079,0.0
2a,2,Right Ankle,1302649,1779734235523,-15.242931,1.4934564,0.95712906,-94.08336,-44.36376,76.227615,77.33712,77.884186,288.3603,0.0
2a,3,Left Wrist,4060644,1779734235528,1.964709,-7.5251303,-4.165904,-1.7742237,-33.200302,20.689222,-118.01493,-35.31739,340.98874,0.0
2a,1,Left Ankle,4260676,1779734235550,2.11,11.36,-2.75,34.25,5.0,28.8125,-0.61065674,-0.7852173,-0.007873535,-0.10235596
2a,1,Left Ankle,4260705,1779734235576,2.64,10.42,-1.91,31.8125,4.6875,30.75,-0.6057129,-0.7885132,-0.004760742,-0.10626221
2a,1,Left Ankle,4260719,1779734235577,2.46,10.31,-1.96,21.375,0.4375,28.0,-0.6019287,-0.7910156,-0.0014038086,-0.10925293
2a,2,Right Ankle,1302740,1779734235583,-7.7127185,1.8715223,0.31585258,-48.93336,-14.89376,29.607618,77.447845,77.80466,288.48465,0.0
2a,3,Left Wrist,4060705,1779734235588,-0.5166484,-7.5179524,-7.049256,22.165777,-61.5503,26.499222,-118.05441,-35.230087,341.02792,0.0
2a,1,Left Ankle,4260744,1779734235609,2.49,10.31,-3.47,11.3125,-8.625,24.8125,-0.59887695,-0.79296875,0.0041503906,-0.11206055
2a,4,Right Wrist,30263663,1779734235609,-10.493225,-4.036792,-0.45224345,-25.264961,6.6511116,27.313728,-148.54878,-40.000824,229.26047,0.0
2a,1,Left Ankle,4260762,1779734235635,2.51,9.28,-3.53,6.3125,-2.0625,23.3125,-0.59820557,-0.7932739,0.00579834,-0.113098145
2a,2,Right Ankle,1302799,1779734235643,-8.593277,2.677904,-0.06699903,-10.293362,-9.99376,4.687619,77.647415,77.7506,288.68256,0.0
2a,3,Left Wrist,4060794,1779734235649,-3.5722823,-6.7450705,-10.207782,27.485777,33.1597,105.94922,-118.07512,-35.139317,341.02283,0.0
2a,1,Left Ankle,4260806,1779734235668,-1.01,7.99,-1.87,-4.75,-24.875,18.75,-0.5979004,-0.7935791,0.017578125,-0.111816406
2a,1,Left Ankle,4260790,1779734235668,0.4,8.3,-2.46,-0.6875,-15.5625,23.125,-0.5975342,-0.79364014,0.012390137,-0.113586426
2a,4,Right Wrist,30263722,1779734235669,-11.955239,-6.0347986,1.1820544,-39.47496,3.3611116,-2.716272,-148.54483,-39.977264,229.24922,0.0
2a,1,Left Ankle,4260824,1779734235700,-2.73,7.38,0.56,-7.1875,-25.6875,14.5,-0.59832764,-0.793396,0.020935059,-0.11004639
2a,2,Right Ankle,1302859,1779734235702,-8.995272,3.0009348,-0.10049855,-10.083363,-9.15376,-7.632381,77.8327,77.697105,288.86627,0.0
2a,3,Left Wrist,4060854,1779734235708,1.8163539,-6.2545424,-7.6067834,-88.43423,19.089699,143.04922,-118.145744,-35.049206,341.02164,0.0
2a,1,Left Ankle,4260848,1779734235726,0.02,5.79,0.15,-18.25,-29.0625,3.25,-0.6008911,-0.7918091,0.026977539,-0.10601807
2a,1,Left Ankle,4260863,1779734235726,0.59,5.69,-0.94,-19.6875,-18.3125,1.625,-0.6032715,-0.7902832,0.030578613,-0.1027832
2a,4,Right Wrist,30263812,1779734235733,-8.763215,-7.2838526,3.2781672,-58.79496,4.6911116,-37.50627,-148.54773,-39.966785,229.2458,0.0
2a,1,Left Ankle,4260886,1779734235758,1.81,6.21,-1.01,-6.125,35.4375,9.6875,-0.60424805,-0.78912354,0.028808594,-0.10662842
2a,2,Right Ankle,1302919,1779734235763,-9.119699,1.9911636,0.0741775,-7.563362,-7.7537594,-7.5623813,78.069145,77.703,289.0992,0.0
2a,3,Left Wrist,4060915,1779734235768,4.8983097,-2.9763746,-5.17089,-39.714222,-11.9203005,127.57922,-118.22757,-35.030884,341.04648,0.0
2a,1,Left Ankle,4260909,1779734235786,2.19,6.21,-0.82,-1.5625,56.375,13.3125,-0.6043091,-0.78778076,0.023986816,-0.117004395
2a,1,Left Ankle,4260927,1779734235792,3.05,6.68,-0.49,-1.875,89.5625,25.25,-0.604187,-0.7857666,0.017822266,-0.13128662
2a,4,Right Wrist,30263873,1779734235792,-5.63101,-7.1235332,1.8640088,-43.394962,18.761112,-26.866272,-148.5339,-39.957005,229.23071,0.0
2a,1,Left Ankle,4260944,1779734235823,1.2,6.86,0.0,-9.4375,79.25,16.5,-0.60498047,-0.782959,0.012268066,-0.14422607
2a,2,Right Ankle,1302979,1779734235831,-9.330267,1.7112033,0.37806597,1.3966379,-0.5437598,-0.77238107,78.04773,77.77806,289.07776,0.0
2a,1,Left Ankle,4260967,1779734235847,-0.18,6.14,-0.7,-17.875,57.5,4.4375,-0.6069946,-0.77978516,0.0071411133,-0.15325928
2a,1,Left Ankle,4260990,1779734235848,11.61,8.91,-12.28,17.5,97.75,-37.25,-0.607605,-0.7775879,-0.0031738281,-0.16174316
2a,4,Right Wrist,30263932,1779734235849,-3.7693942,-8.095019,2.416751,-4.89496,3.081112,-10.766272,-148.49881,-39.9442,229.2091,0.0
2a,1,Left Ankle,4261006,1779734235876,2.86,23.68,-2.14,19.625,-6.4375,46.4375,-0.60272217,-0.78045654,-0.0037841797,-0.16601562
2a,2,Right Ankle,1303040,1779734235883,-9.258482,1.3977436,0.98105735,0.27663803,13.876241,24.98762,77.83704,77.80267,288.8731,0.0
2a,3,Left Wrist,4060974,1779734235889,6.013365,-2.1939218,-3.3236306,23.845776,-19.270302,98.87923,-118.262024,-35.060387,341.06253,0.0
2a,1,Left Ankle,4261029,1779734235906,1.38,18.26,2.85,-30.5625,-68.4375,-66.75,-0.6060791,-0.7797241,-0.0028686523,-0.15722656
2a,1,Left Ankle,4261050,1779734235906,-0.23,4.4,2.26,-27.0625,-84.3125,-104.0,-0.61328125,-0.7784424,-0.0057373047,-0.13360596
2a,4,Right Wrist,30263993,1779734235909,-3.3315072,-8.894222,2.0961127,-13.50496,-10.988888,27.453728,-148.45673,-39.91975,229.17432,0.0
2a,1,Left Ankle,4261068,1779734235935,-1.9,9.77,0.28,-22.25,-11.4375,-39.4375,-0.6157837,-0.7774658,-0.01184082,-0.12738037
2a,2,Right Ankle,1303099,1779734235942,-6.77234,1.823666,-0.6053842,6.2266383,15.836241,31.287619,78.141785,77.78228,289.17044,0.0
2a,1,Left Ankle,4261093,1779734235967,-1.07,11.52,-0.36,9.6875,72.1875,-22.125,-0.6147461,-0.7767334,-0.026367188,-0.13433838
2a,1,Left Ankle,4261113,1779734235967,2.7,9.15,-2.07,14.6875,59.5625,-37.375,-0.6140747,-0.7767334,-0.032043457,-0.13623047
2a,4,Right Wrist,30264052,1779734235968,-8.375578,-8.001699,1.1389836,22.825039,-79.51888,58.253727,-148.41818,-39.860634,229.15257,0.0
2a,1,Left Ankle,4261129,1779734235996,1.22,10.35,-2.9,5.3125,5.3125,-16.0625,-0.6131592,-0.77667236,-0.03967285,-0.13861084
2a,2,Right Ankle,1303160,1779734236002,-8.449708,3.3239658,-0.20338993,-3.7833622,5.8262405,27.507618,78.34569,77.71223,289.37186,0.0
2a,1,Left Ankle,4261152,1779734236026,2.09,10.06,-2.03,6.25,-6.75,-15.3125,-0.61279297,-0.7772827,-0.041259766,-0.13671875
2a,1,Left Ankle,4261173,1779734236026,-0.49,10.34,-0.77,1.375,-15.4375,0.9375,-0.61260986,-0.77783203,-0.040283203,-0.13433838
2a,4,Right Wrist,30264113,1779734236029,-17.86312,-3.8429732,0.12203395,-84.90496,-27.64889,77.57372,-148.42516,-39.811996,229.12419,0.0
2a,3,Left Wrist,4061138,1779734236038,1.7445693,-11.66232,-4.74736,60.595776,-30.1203,-67.30078,-118.22797,-35.05057,341.07806,0.0
2a,1,Left Ankle,4261193,1779734236059,0.87,9.79,-1.6,8.8125,27.75,9.4375,-0.61053467,-0.7783203,-0.041748047,-0.14038086
2a,2,Right Ankle,1303219,1779734236067,-9.196269,2.7472956,-0.6723831,-21.213362,9.1162405,-0.4923811,78.6119,77.68839,289.63986,0.0
2a,1,Left Ankle,4261208,1779734236086,1.52,9.16,-2.84,3.75,27.0,23.25,-0.6099243,-0.7782593,-0.04168701,-0.14337158
2a,1,Left Ankle,4261233,1779734236086,1.9,9.15,-1.79,0.25,12.125,28.25,-0.6085205,-0.77801514,-0.03894043,-0.15106201
2a,4,Right Wrist,30264172,1779734236092,-15.245371,2.4692929,2.4957142,-122.00496,82.39111,21.573729,-148.45174,-39.815365,229.09741,0.0
2a,1,Left Ankle,4261253,1779734236117,1.31,9.36,-1.42,-0.875,11.5625,34.8125,-0.60809326,-0.7779541,-0.037231445,-0.15362549
2a,2,Right Ankle,1303280,1779734236123,-8.358781,3.2761095,-0.61016977,-4.483362,1.4162402,-17.01238,78.83446,77.64582,289.85867,0.0
2a,4,Right Wrist,30264232,1779734236150,-8.062118,-0.70359015,1.9788643,-2.7249599,125.02111,-82.026276,-148.4469,-39.849697,229.09491,0.0
2a,1,Left Ankle,4261271,1779734236150,1.91,9.25,-1.18,-0.875,22.6875,36.0625,-0.6069946,-0.7775879,-0.035095215,-0.16027832
2a,1,Left Ankle,4261295,1779734236150,2.34,8.99,-1.44,-4.1875,23.875,31.875,-0.60601807,-0.7763672,-0.032043457,-0.17034912
2a,1,Left Ankle,4261314,1779734236176,2.4,9.04,-1.51,-5.0,25.625,25.6875,-0.6057129,-0.77526855,-0.030883789,-0.17645264
2a,2,Right Ankle,1303339,1779734236183,-8.8229885,2.9482925,-0.019142581,-12.253363,0.64624023,-22.822382,79.00379,77.592514,290.02795,0.0
2a,3,Left Wrist,4061260,1779734236188,-4.225523,-7.54188,-7.1425757,-74.08423,-29.5603,82.49922,-118.28729,-34.885685,341.1123,0.0
2a,1,Left Ankle,4261337,1779734236209,2.84,8.52,-2.45,-4.9375,26.75,16.4375,-0.60565186,-0.77404785,-0.030944824,-0.1819458
2a,4,Right Wrist,30264292,1779734236209,-2.8696928,-8.02802,0.2416751,54.46504,90.02111,-84.89628,-148.39119,-39.8689,229.07817,0.0
2a,1,Left Ankle,4261360,1779734236236,2.95,8.52,-2.46,-4.5,19.6875,4.9375,-0.605896,-0.7729492,-0.032043457,-0.18566895
2a,1,Left Ankle,4261379,1779734236237,2.76,8.71,-1.87,-6.1875,7.125,-8.125,-0.60687256,-0.7720337,-0.032836914,-0.18603516
2a,2,Right Ankle,1303399,1779734236244,-8.834952,1.7064177,-0.15074782,-5.463362,7.2962403,-2.592381,79.23555,77.62312,290.25668,0.0
2a,1,Left Ankle,4261395,1779734236268,2.16,8.72,-1.0,-7.875,1.6875,-25.1875,-0.6085205,-0.7710571,-0.035583496,-0.18426514
2a,4,Right Wrist,30264352,1779734236269,0.80329025,-10.602697,0.12921242,-58.44496,25.831112,10.023728,-148.3496,-39.861248,229.0325,0.0
2a,3,Left Wrist,4061438,1779734236279,6.3962164,-2.4284184,-0.15792629,-47.904224,20.1397,32.79922,-118.312454,-34.82685,341.0763,0.0
2a,2,Right Ankle,1303459,1779734236303,-8.57892,2.0055206,-0.86620176,-13.1633625,5.9662404,17.98762,79.50404,77.62038,290.52414,0.0
2a,1,Left Ankle,4261417,1779734236302,2.08,8.66,-0.32,-7.25,3.3125,-32.9375,-0.61047363,-0.7699585,-0.04058838,-0.18115234
2a,1,Left Ankle,4261444,1779734236327,5.13,10.46,-1.9,-0.9375,20.0625,-57.9375,-0.61224365,-0.7687988,-0.04925537,-0.17797852
2a,1,Left Ankle,4261460,1779734236328,6.34,11.56,-3.05,7.1875,9.875,-67.4375,-0.6135254,-0.7682495,-0.059265137,-0.17285156
2a,4,Right Wrist,30264413,1779734236336,0.92053854,-6.0611205,1.8855442,-87.00496,-4.0588884,69.59373,-148.3142,-39.845413,228.97504,0.0
2a,1,Left Ankle,4261479,1779734236360,7.41,16.1,-6.26,18.375,-6.875,-74.4375,-0.6134033,-0.7692261,-0.06896973,-0.16497803
2a,1,Left Ankle,4261500,1779734236360,6.91,15.28,-6.27,18.8125,-31.375,-84.6875,-0.6135254,-0.77093506,-0.07727051,-0.15258789
2a,2,Right Ankle,1303519,1779734236367,-8.483208,2.3022304,-0.6699903,-28.913363,-0.053759813,23.027618,79.760735,77.59819,290.785,0.0
2a,1,Left Ankle,4261517,1779734236387,5.62,14.18,-6.62,19.25,-33.125,-83.0,-0.61328125,-0.77233887,-0.0871582,-0.14056396
2a,4,Right Wrist,30264472,1779734236393,-0.84297174,-2.2062826,3.4432719,-85.32496,-15.258888,91.85372,-148.29518,-39.826904,228.92496,0.0
2a,3,Left Wrist,4061484,1779734236398,8.114263,-3.538688,-0.4737789,23.425777,45.1297,-12.000778,-118.27847,-34.89215,341.0518,0.0
2a,1,Left Ankle,4261541,1779734236419,3.86,10.87,-7.27,25.5,-51.3125,-76.4375,-0.61260986,-0.77453613,-0.09350586,-0.12664795
2a,1,Left Ankle,4261560,1779734236419,0.44,5.92,-5.0,24.9375,-125.8125,-66.9375,-0.6123657,-0.7782593,-0.091796875,-0.10443115
2a,2,Right Ankle,1303580,1779734236426,-8.710526,4.2715235,-0.5623133,-2.5233622,-2.36376,6.787619,79.936356,77.533035,290.95728,0.0
2a,1,Left Ankle,4261577,1779734236447,-0.78,4.75,-4.27,30.75,-157.25,-53.4375,-0.6116333,-0.78253174,-0.08538818,-0.07904053
2a,4,Right Wrist,30264533,1779734236449,-4.1139603,2.706182,2.3569303,8.19504,-90.78889,128.32373,-148.2807,-39.771996,228.90103,0.0
2a,3,Left Wrist,4061648,1779734236459,-4.8907275,0.12233064,-31.12823,-134.07423,263.2497,-136.88077,-118.3955,-35.057575,341.05637,0.0
2a,1,Left Ankle,4261598,1779734236479,-3.07,2.89,-1.6,30.8125,-169.5,-32.0,-0.61016846,-0.7871094,-0.07336426,-0.0524292
2a,1,Left Ankle,4261622,1779734236480,-0.65,2.32,-1.48,49.125,-90.25,-16.5,-0.6057129,-0.7922363,-0.064575195,-0.035095215
2a,2,Right Ankle,1303639,1779734236483,-8.772739,3.8025303,-0.77766734,5.9466376,-8.10376,-12.462381,80.13537,77.48417,291.1488,0.0
2a,1,Left Ankle,4261638,1779734236511,2.54,0.71,-2.75,63.75,-7.8125,14.25,-0.5979004,-0.798584,-0.061828613,-0.03161621
2a,4,Right Wrist,30264592,1779734236511,-7.231808,4.8788652,6.836294,154.70503,-183.04889,219.39372,-148.202,-39.676895,228.86104,0.0
2a,3,Left Wrist,4061666,1779734236518,-6.529811,2.6730795,-32.157143,-197.21423,226.0797,-120.92078,-118.51274,-35.102863,341.0438,0.0
2a,1,Left Ankle,4261661,1779734236536,2.53,1.78,0.0,65.875,14.5625,55.25,-0.58862305,-0.805542,-0.05706787,-0.03692627
2a,2,Right Ankle,1303700,1779734236544,-8.76556,2.9363284,-0.071784675,16.726637,-0.5437598,-37.45238,80.30613,77.436104,291.3093,0.0
2a,1,Left Ankle,4261686,1779734236568,3.18,5.87,2.17,36.5625,-6.3125,88.1875,-0.5776367,-0.8137207,-0.0423584,-0.04925537
2a,1,Left Ankle,4261706,1779734236568,-2.22,6.5,2.49,-1.3125,-74.875,80.0,-0.57611084,-0.8154907,-0.025512695,-0.049621582
2a,4,Right Wrist,30264653,1779734236568,-7.885049,2.9406793,5.1780677,148.75504,-207.8989,253.83372,-148.1187,-39.562927,228.81253,0.0
2a,3,Left Wrist,4061724,1779734236578,-13.122039,1.3235277,-20.432312,-274.56424,16.849699,-22.500782,-118.66895,-35.070198,341.0773,0.0
2a,1,Left Ankle,4261724,1779734236595,-7.33,6.78,-0.53,-19.8125,-124.5625,66.875,-0.57928467,-0.81427,-0.0022583008,-0.0368042
2a,2,Right Ankle,1303759,1779734236603,-9.5910845,2.1131976,0.5982057,8.466639,8.69624,-48.93238,80.06923,77.44314,291.07516,0.0
2a,1,Left Ankle,4261746,1779734236627,-28.07,23.6,-5.29,-16.75,5.3125,184.25,-0.5774536,-0.8147583,0.025024414,-0.045837402
2a,1,Left Ankle,4261764,1779734236628,0.28,11.31,8.38,26.4375,56.375,-31.25,-0.57476807,-0.81707764,0.0068359375,-0.04473877
2a,4,Right Wrist,30264712,1779734236628,-10.878469,1.9213363,11.358728,136.08504,-189.9789,181.94373,-148.0475,-39.470722,228.78293,0.0
2a,3,Left Wrist,4061785,1779734236639,-10.836892,6.477667,-5.1517467,-91.30423,-117.2703,-121.41078,-118.76863,-35.066395,341.1623,0.0
2a,1,Left Ankle,4261785,1779734236662,8.01,14.56,-3.92,-17.5625,37.0,-171.5625,-0.5777588,-0.8152466,-0.025024414,-0.030151367
2a,2,Right Ankle,1303820,1779734236669,-9.440336,1.9265573,0.08135597,11.826637,16.88624,-18.622381,80.305626,77.48431,291.30295,0.0
2a,1,Left Ankle,4261806,1779734236686,-3.55,16.37,-1.42,-55.125,-32.5625,51.8125,-0.5852661,-0.80999756,-0.018554688,-0.032470703
2a,1,Left Ankle,4261824,1779734236686,2.25,11.75,-2.14,-40.8125,2.5625,-36.0,-0.5904541,-0.80596924,-0.029785156,-0.028686523
2a,4,Right Wrist,30264772,1779734236697,-10.198908,-4.9484572,7.1784678,43.96504,-78.46889,14.713728,-148.02078,-39.43396,228.78355,0.0
2a,3,Left Wrist,4061844,1779734236703,32.317665,-9.594922,1.820938,-97.674225,-0.3003006,-746.3708,-118.87423,-35.34493,341.30634,0.0
2a,1,Left Ankle,4261845,1779734236719,-1.92,8.72,-1.37,-38.0625,-14.125,-63.9375,-0.5956421,-0.80200195,-0.03881836,-0.0211792
2a,1,Left Ankle,4261864,1779734236719,3.21,10.68,-3.24,-25.3125,-27.0625,-56.5,-0.59973145,-0.7987671,-0.046142578,-0.0126953125
2a,2,Right Ankle,1303879,1779734236729,-10.127077,-0.035557162,-0.8303095,10.146637,24.02624,3.847619,80.454994,77.55167,291.44714,0.0
2a,1,Left Ankle,4261891,1779734236745,2.97,18.0,0.24,-15.625,-17.8125,-17.3125,-0.60235596,-0.79681396,-0.047668457,-0.0067749023
2a,4,Right Wrist,30264833,1779734236752,0.9253242,-1.2276181,0.5694918,-27.784962,24.291111,-84.40627,-148.0029,-39.472332,228.78186,0.0
2a,3,Left Wrist,4061905,1779734236758,20.05445,37.603504,2.8115666,-120.91423,-32.5703,165.72922,-118.920235,-35.31986,341.29385,0.0
2a,1,Left Ankle,4261906,1779734236779,-1.85,4.37,-2.86,-8.125,0.6875,-52.6875,-0.60388184,-0.7953491,-0.052734375,-0.0022583008
2a,1,Left Ankle,4261925,1779734236780,-0.53,5.94,-2.61,-4.8125,12.1875,-25.9375,-0.6043091,-0.79455566,-0.059509277,0.0
2a,2,Right Ankle,1303939,1779734236785,-11.225382,-0.8132245,-1.5601203,53.196636,0.15624017,-0.63238096,80.59869,77.6178,291.5694,0.0
2a,1,Left Ankle,4261951,1779734236811,-1.84,10.38,-1.99,-6.6875,1.3125,2.625,-0.60528564,-0.7937622,-0.059814453,-8.544922E-4
2a,4,Right Wrist,30264892,1779734236811,-5.042376,-4.563213,-3.9481573,-166.38496,40.391113,-116.18628,-148.06735,-39.453876,228.80669,0.0
2a,3,Left Wrist,4061964,1779734236817,22.842087,-3.5697947,-1.2131611,-91.86423,16.499699,234.81923,-118.917885,-35.307095,341.23746,0.0
2a,1,Left Ankle,4261965,1779734236837,-1.37,9.87,-1.21,-2.875,-7.875,2.75,-0.6057739,-0.793396,-0.059387207,-4.272461E-4
2a,1,Left Ankle,4261985,1779734236838,-1.13,10.88,-1.52,2.75,0.0,10.5,-0.6057129,-0.7935791,-0.05810547,-8.544922E-4
2a,2,Right Ankle,1304000,1779734236846,-9.246518,1.1967466,-2.1631117,18.476637,14.29624,20.577618,80.876976,77.63775,291.8362,0.0
2a,1,Left Ankle,4262007,1779734236869,-1.71,9.99,-1.96,10.6875,11.8125,16.5625,-0.6044922,-0.7946167,-0.05682373,-0.0036621094
2a,4,Right Wrist,30264953,1779734236870,-3.0946178,4.1897326,-4.0701914,-201.59496,118.23112,27.173729,-148.16782,-39.46043,228.8027,0.0
2a,3,Left Wrist,4062024,1779734236878,13.940786,-5.1897354,-9.899108,214.31577,-37.680298,226.69922,-118.890396,-35.284046,341.24298,0.0
2a,1,Left Ankle,4262033,1779734236897,-0.55,9.57,-2.41,19.75,21.9375,24.125,-0.6002197,-0.79797363,-0.053894043,-0.010375977
2a,2,Right Ankle,1304059,1779734236907,-8.3420315,0.8785011,-1.5170496,-5.8833623,-1.5937599,34.57762,81.10825,77.66042,292.06442,0.0
2a,1,Left Ankle,4262053,1779734236930,-0.92,10.25,-1.82,26.125,23.4375,35.3125,-0.59832764,-0.7994385,-0.052734375,-0.01361084
2a,4,Right Wrist,30265012,1779734236931,-1.6206391,7.2429748,0.1268196,65.73504,114.03111,-24.836271,-148.16748,-39.50418,228.80656,0.0
2a,1,Left Ankle,4262067,1779734236931,0.35,10.13,-2.58,29.375,25.1875,41.4375,-0.59417725,-0.80267334,-0.047851562,-0.01940918
2a,3,Left Wrist,4062084,1779734236939,6.4225373,-10.78894,-8.224132,245.18578,-29.490301,272.75922,-118.827805,-35.145203,341.22614,0.0
2a,1,Left Ankle,4262092,1779734236957,0.1,10.71,-2.35,31.9375,12.75,38.3125,-0.5895996,-0.8060913,-0.04449463,-0.02532959
2a,2,Right Ankle,1304120,1779734236964,-8.581313,0.47172123,-3.1896327,-19.463362,-13.913759,42.41762,81.33822,77.67544,292.29523,0.0
2a,1,Left Ankle,4262110,1779734236989,0.32,11.33,-2.54,31.8125,10.0625,50.8125,-0.585083,-0.80944824,-0.03881836,-0.03125
2a,4,Right Wrist,30265073,1779734236996,-2.2499516,1.1963105,1.4883357,133.98505,93.31111,-69.63628,-148.12599,-39.540382,228.8126,0.0
2a,1,Left Ankle,4262127,1779734236996,1.61,11.62,-3.05,32.4375,12.0625,51.3125,-0.58026123,-0.8129883,-0.031982422,-0.03668213
2a,1,Left Ankle,4262152,1779734237022,2.83,11.77,-3.42,30.5625,4.5,50.875,-0.57562256,-0.81622314,-0.0256958,-0.042663574
2a,2,Right Ankle,1304179,1779734237029,-10.253896,3.1445038,1.3136597,-58.733364,-26.30376,31.217619,81.11188,77.61667,292.09256,0.0
2a,1,Left Ankle,4262172,1779734237048,2.26,12.49,-5.03,24.875,-0.75,53.3125,-0.5715332,-0.81903076,-0.018554688,-0.047180176
2a,4,Right Wrist,30265132,1779734237053,-4.360421,-1.0529419,0.7657032,46.48504,69.09111,-85.666275,-148.10931,-39.55532,228.8221,0.0
2a,1,Left Ankle,4262194,1779734237079,1.68,10.55,-3.81,18.4375,-0.75,52.9375,-0.56829834,-0.82110596,-0.011108398,-0.052001953
2a,1,Left Ankle,4262213,1779734237079,0.58,8.57,-0.7,6.9375,-1.0625,51.8125,-0.5662842,-0.8222046,-0.0040283203,-0.057128906
2a,3,Left Wrist,4062144,1779734237089,4.436495,-5.1753793,-12.9021,159.57578,-42.1603,231.87923,-118.8354,-35.04778,341.24118,0.0
2a,4,Right Wrist,30265192,1779734237112,-6.1287174,0.19611177,2.5818558,-3.49496,56.70111,-83.00628,-148.11623,-39.574825,228.83664,0.0
2a,1,Left Ankle,4262230,1779734237112,-1.28,8.63,0.87,-9.875,1.375,54.625,-0.5667114,-0.8216553,0.0060424805,-0.060546875
2a,2,Right Ankle,1304240,1779734237114,-8.552599,2.8812935,-0.44985065,-11.2033615,-11.74376,16.097618,81.31436,77.56349,292.29346,0.0
2a,1,Left Ankle,4262259,1779734237137,-3.1,8.6,0.82,-24.8125,3.625,43.875,-0.5709839,-0.81799316,0.0146484375,-0.068359375
2a,1,Left Ankle,4262268,1779734237138,-3.56,8.63,1.2,-26.0625,31.5625,35.9375,-0.57263184,-0.8164673,0.015625,-0.072387695
2a,1,Left Ankle,4262294,1779734237171,-5.9,8.92,-0.32,-21.875,71.3125,34.8125,-0.57543945,-0.8134155,0.014953613,-0.083984375
2a,4,Right Wrist,30265252,1779734237172,-5.8631134,-4.2162533,1.9716859,4.41504,39.20111,-106.31628,-148.11076,-39.58657,228.85287,0.0
2a,1,Left Ankle,4262311,1779734237172,-3.93,7.1,1.25,-18.9375,92.625,16.4375,-0.5779419,-0.8100586,0.009460449,-0.09851074
2a,2,Right Ankle,1304330,1779734237175,-9.311124,2.9315426,-1.2514462,-11.903362,-3.5537596,-19.042381,81.5583,77.5486,292.53522,0.0
2a,3,Left Wrist,4062308,1779734237179,2.448059,1.0674953,-11.66501,59.685776,-152.4803,157.46922,-118.94697,-34.867645,341.3506,0.0
2a,1,Left Ankle,4262336,1779734237198,0.81,6.98,-0.34,-32.5625,68.9375,-12.6875,-0.5843506,-0.803772,-0.003112793,-0.111572266
2a,1,Left Ankle,4262359,1779734237228,0.7,7.19,-2.06,-29.5,52.5625,-35.0,-0.5891113,-0.79992676,-0.012207031,-0.11352539
2a,4,Right Wrist,30265312,1779734237229,-5.384549,-5.546663,3.144169,-66.774956,14.631111,-85.666275,-148.12392,-39.591595,228.86388,0.0
2a,1,Left Ankle,4262376,1779734237258,0.89,6.33,-3.15,-30.75,20.25,-57.875,-0.5942383,-0.79626465,-0.021240234,-0.11114502
2a,1,Left Ankle,4262395,1779734237258,2.82,5.84,-3.67,-28.0,12.5625,-54.875,-0.598999,-0.7929077,-0.029907227,-0.107543945
2a,2,Right Ankle,1304389,1779734237264,-9.057485,2.6491897,-0.7010971,-19.323362,-2.92376,-19.812382,81.79324,77.52986,292.7708,0.0
2a,1,Left Ankle,4262415,1779734237289,2.63,5.78,-2.95,-29.3125,4.1875,-49.1875,-0.6039429,-0.7895508,-0.035583496,-0.10290527
2a,3,Left Wrist,4062384,1779734237299,4.2785683,0.66071564,-8.980264,37.495777,-103.5503,123.02922,-119.03208,-34.824875,341.41562,0.0
2a,1,Left Ankle,4262437,1779734237324,2.75,5.34,-2.51,-36.6875,-24.625,-42.5,-0.6095581,-0.7859497,-0.038635254,-0.09613037
2a,1,Left Ankle,4262459,1779734237324,1.58,4.86,-0.77,-41.0,-43.8125,-41.0625,-0.61572266,-0.7821655,-0.03955078,-0.08685303
2a,2,Right Ankle,1304450,1779734237331,-8.734454,1.931343,-1.1700902,-8.683362,-8.24376,-7.212381,82.03129,77.53882,293.00552,0.0
2a,1,Left Ankle,4262484,1779734237348,11.36,9.27,-12.08,-45.0,-23.1875,-22.6875,-0.6221924,-0.77783203,-0.038635254,-0.079711914
2a,4,Right Wrist,30265476,1779734237354,-4.0684967,-7.130711,2.8498516,-16.86496,-41.718887,-21.406271,-148.10748,-39.566807,228.8656,0.0
2a,1,Left Ankle,4262519,1779734237380,2.19,29.75,-6.17,46.5,47.0,74.375,-0.6156006,-0.77838135,-0.056640625,-0.109191895
2a,1,Left Ankle,4262504,1779734237380,10.16,7.67,-15.54,27.4375,173.125,-22.5,-0.62109375,-0.776062,-0.05633545,-0.093566895
2a,3,Left Wrist,4062548,1779734237389,4.36471,-2.3183486,-5.106283,45.475777,-33.7603,54.359222,-119.17052,-34.81237,341.5063,0.0
2a,1,Left Ankle,4262541,1779734237406,17.63,21.2,-2.28,1.375,16.3125,-40.25,-0.6121826,-0.7807007,-0.059631348,-0.11035156
2a,2,Right Ankle,1304540,1779734237414,-8.863667,1.8763081,-0.72741807,4.0566382,-6.56376,14.907619,82.27569,77.54405,293.24246,0.0
2a,1,Left Ankle,4262562,1779734237438,-10.99,-2.28,-1.07,-56.75,-84.625,-72.0625,-0.62054443,-0.77563477,-0.06390381,-0.096069336
2a,4,Right Wrist,30265495,1779734237440,-6.167002,-7.3460655,3.0173495,-30.09496,-46.61889,-10.556272,-148.09636,-39.537663,228.86087,0.0
2a,1,Left Ankle,4262604,1779734237473,-3.68,9.23,2.56,-24.0625,20.25,-9.0,-0.633667,-0.76690674,-0.061401367,-0.08105469
2a,1,Left Ankle,4262585,1779734237472,-3.8,2.59,-2.9,-44.4375,-85.5625,-33.5,-0.6282959,-0.7716675,-0.057250977,-0.0803833
2a,2,Right Ankle,1304599,1779734237475,-8.751204,3.1277542,-0.021535404,-1.0533619,6.3162403,13.297619,82.41236,77.470215,293.37683,0.0
2a,1,Left Ankle,4262619,1779734237498,1.96,13.3,-1.98,-27.3125,56.1875,-2.0,-0.63513184,-0.7649536,-0.064819336,-0.08514404
2a,4,Right Wrist,30265552,1779734237507,-10.500404,-4.0631127,2.7684958,-68.59496,-37.65889,29.203728,-148.10298,-39.501175,228.8485,0.0
2a,1,Left Ankle,4262646,1779734237529,3.74,12.65,-4.76,-24.625,24.625,-25.0625,-0.6381836,-0.76153564,-0.07122803,-0.087768555
2a,1,Left Ankle,4262664,1779734237531,-1.14,9.53,-0.02,-29.6875,-22.0625,-1.875,-0.6439209,-0.7573242,-0.06915283,-0.084106445
2a,2,Right Ankle,1304689,1779734237542,-9.026379,3.2043245,-0.5072784,13.856638,3.4462404,-19.532381,82.622925,77.42529,293.57773,0.0
2a,1,Left Ankle,4262684,1779734237558,-0.58,8.12,-0.04,-20.3125,-23.9375,-6.8125,-0.64678955,-0.7553711,-0.06689453,-0.08117676
2a,3,Left Wrist,4062670,1779734237572,-3.337786,-8.420046,-8.748159,41.205776,-42.930298,77.94922,-119.25166,-34.671364,341.57202,0.0
2a,1,Left Ankle,4262706,1779734237594,-0.43,10.03,-1.18,-16.75,-15.375,7.3125,-0.6479492,-0.75457764,-0.06549072,-0.08068848
2a,1,Left Ankle,4262723,1779734237594,-0.01,10.49,-0.64,-10.75,-7.5625,12.1875,-0.649353,-0.75354004,-0.06274414,-0.08093262
2a,4,Right Wrist,30265642,1779734237595,-11.871491,-0.016849428,1.660619,-31.77496,53.34111,17.093727,-148.09898,-39.49382,228.8274,0.0
2a,2,Right Ankle,1304750,1779734237596,-9.471443,1.823666,-1.4955142,-13.653362,13.52624,-39.972378,82.88032,77.45486,293.83426,0.0
2a,1,Left Ankle,4262743,1779734237616,0.24,9.84,-1.12,-10.4375,-5.0625,14.9375,-0.65112305,-0.75219727,-0.058654785,-0.08239746
2a,1,Left Ankle,4262764,1779734237619,0.31,9.76,-0.83,-8.9375,-10.25,20.0625,-0.6520386,-0.7515869,-0.05456543,-0.08337402
2a,1,Left Ankle,4262783,1779734237647,0.75,9.63,-0.94,-8.4375,-15.875,23.1875,-0.6529541,-0.75109863,-0.049621582,-0.08380127
2a,2,Right Ankle,1304809,1779734237655,-8.499957,0.3425088,-1.660619,-8.683362,14.92624,-36.402378,83.0998,77.51326,294.05228,0.0
2a,3,Left Wrist,4062792,1779734237660,-0.050047934,-6.292827,-2.5531416,-23.124224,-9.610301,79.909225,-119.24333,-34.473133,341.56085,0.0
2a,1,Left Ankle,4262803,1779734237681,0.24,9.58,-0.87,-9.0625,-20.0,24.0,-0.6534424,-0.7508545,-0.046936035,-0.08392334
2a,1,Left Ankle,4262820,1779734237681,0.0,9.78,-1.11,-7.375,-17.6875,27.875,-0.65441895,-0.7504883,-0.039733887,-0.08325195
2a,4,Right Wrist,30265703,1779734237681,-6.253144,-3.658726,0.26081768,12.885039,72.87111,-4.326272,-148.06502,-39.488873,228.79926,0.0
2a,1,Left Ankle,4262844,1779734237706,0.72,9.92,-1.26,-3.5,1.3125,28.5,-0.6546631,-0.7501221,-0.0335083,-0.08709717
2a,2,Right Ankle,1304870,1779734237714,-7.3968663,2.5774052,-1.0504491,-20.863361,-0.8237598,-23.662382,83.33417,77.490585,294.2879,0.0
2a,1,Left Ankle,4262865,1779734237738,1.09,9.74,-0.74,-2.375,3.4375,28.0625,-0.65460205,-0.75006104,-0.029418945,-0.089660645
2a,4,Right Wrist,30265792,1779734237740,-2.3073792,-2.0363925,0.8877372,18.695042,16.381111,-2.436272,-148.02959,-39.475327,228.7791,0.0
2a,1,Left Ankle,4262891,1779734237770,1.09,9.56,-0.62,0.125,0.5,24.625,-0.6542969,-0.7501221,-0.026367188,-0.0925293
2a,1,Left Ankle,4262906,1779734237771,1.42,9.43,-0.81,4.25,2.5,20.0,-0.65356445,-0.7505493,-0.023803711,-0.09503174
2a,2,Right Ankle,1304929,1779734237774,-6.0329576,4.0800977,3.414558,0.13663769,-19.79376,-7.422381,83.135056,77.45448,294.09192,0.0
2a,1,Left Ankle,4262926,1779734237796,1.66,9.61,-0.91,7.6875,5.5,14.0,-0.6524048,-0.75128174,-0.022399902,-0.097229004
2a,4,Right Wrist,30265882,1779734237806,-1.9771698,-3.708975,0.70588267,-8.39496,-17.568888,10.863728,-147.99432,-39.448044,228.75487,0.0
2a,1,Left Ankle,4262953,1779734237831,1.67,9.43,-1.19,9.375,5.875,4.5625,-0.65112305,-0.75219727,-0.022277832,-0.09875488
2a,1,Left Ankle,4262970,1779734237831,1.17,9.54,-1.11,8.3125,0.625,-1.4375,-0.6501465,-0.7531738,-0.02130127,-0.097717285
2a,2,Right Ankle,1304990,1779734237834,-5.2624683,0.14390452,-1.6390836,63.976635,-13.84376,-10.152382,83.36698,77.49409,294.2954,0.0
2a,3,Left Wrist,4062834,1779734237839,1.8881384,-6.359826,-2.0147567,3.2657766,-9.7503,55.47922,-119.19396,-34.39721,341.5282,0.0
2a,1,Left Ankle,4262986,1779734237857,1.63,9.16,-1.15,9.25,1.5625,-11.1875,-0.6491699,-0.75408936,-0.022644043,-0.09686279
2a,4,Right Wrist,30265942,1779734237866,-3.2836506,-2.8834512,-0.5168497,13.865041,-29.818888,22.483728,-147.96365,-39.40148,228.73756,0.0
2a,1,Left Ankle,4263026,1779734237889,-0.24,9.7,-1.09,12.0,2.875,-9.625,-0.64697266,-0.7562866,-0.0256958,-0.093688965
2a,1,Left Ankle,4263011,1779734237891,1.23,10.34,-0.48,9.5625,1.5,-14.5,-0.64819336,-0.7550659,-0.024780273,-0.095458984
2a,2,Right Ankle,1305049,1779734237898,-4.901152,-3.9119298,1.7491533,-62.233364,-28.96376,-5.8123813,83.18185,77.548294,294.13367,0.0
2a,1,Left Ankle,4263046,1779734237922,0.85,8.93,-1.56,16.625,10.5625,-9.75,-0.6451416,-0.7578125,-0.028198242,-0.09362793
2a,4,Right Wrist,30266002,1779734237922,-6.4589267,-2.9097722,-2.2995026,18.41504,13.791112,28.783728,-147.93913,-39.36002,228.71751,0.0
2a,1,Left Ankle,4263066,1779734237946,1.28,10.25,-1.25,16.9375,11.125,0.6875,-0.6430054,-0.75946045,-0.029174805,-0.09423828
2a,1,Left Ankle,4263086,1779734237947,0.8,10.12,-1.07,17.0,12.75,0.75,-0.6407471,-0.7611084,-0.030639648,-0.09576416
2a,2,Right Ankle,1305110,1779734237958,-3.496565,0.33772317,-2.7708886,32.966637,-72.99376,93.727615,83.38247,77.5293,294.31372,0.0
2a,3,Left Wrist,4063131,1779734237959,-1.8398786,-5.330912,-6.034699,-1.7042235,-14.860301,7.879223,-119.114624,-34.257915,341.48727,0.0
2a,1,Left Ankle,4263106,1779734237983,2.03,9.95,-1.87,20.0,18.8125,0.125,-0.6382446,-0.7628784,-0.03277588,-0.09790039
2a,1,Left Ankle,4263133,1779734238006,1.83,10.04,-2.05,25.9375,16.625,0.25,-0.6347656,-0.76538086,-0.03527832,-0.10015869
2a,1,Left Ankle,4263148,1779734238007,1.59,10.64,-2.65,30.25,4.0625,9.125,-0.6308594,-0.7684326,-0.03564453,-0.10144043
2a,2,Right Ankle,1305169,1779734238016,-12.7639675,0.42625764,-1.3974085,-2.033362,-11.043759,29.187618,83.5276,77.577774,294.45554,0.0
2a,4,Right Wrist,30266062,1779734238016,-9.8136635,1.2944168,-0.18185452,-28.694962,29.12111,18.423727,-147.94511,-39.34236,228.70657,0.0
2a,3,Left Wrist,4063165,1779734238019,-2.6845455,-5.986546,-6.6999035,-5.5542235,-26.410301,27.479221,-119.154015,-34.17585,341.51114,0.0
2a,1,Left Ankle,4263170,1779734238039,1.45,11.18,-3.08,33.625,9.875,13.0625,-0.62628174,-0.7718506,-0.035461426,-0.103637695
2a,1,Left Ankle,4263193,1779734238066,2.61,11.99,-3.17,32.5,10.4375,13.5,-0.619751,-0.7766113,-0.034423828,-0.107421875
2a,1,Left Ankle,4263207,1779734238068,2.58,11.71,-3.16,23.9375,-0.9375,15.5625,-0.618042,-0.7779541,-0.033569336,-0.10809326
2a,4,Right Wrist,30266123,1779734238070,-11.368998,-1.2395822,0.57906306,23.24504,30.731112,-58.64627,-147.94183,-39.338364,228.71866,0.0
2a,2,Right Ankle,1305229,1779734238073,-9.863867,3.0607555,-0.60777694,-23.943363,-16.08376,24.287619,83.72608,77.52812,294.65656,0.0
2a,3,Left Wrist,4063224,1779734238079,-3.8761716,-4.5747805,-7.233503,-28.514223,-13.5303,54.70922,-119.203415,-34.0922,341.529,0.0
2a,1,Left Ankle,4263233,1779734238098,1.65,10.2,-2.99,13.875,-14.25,22.375,-0.6156616,-0.77996826,-0.030029297,-0.10839844
2a,1,Left Ankle,4263251,1779734238128,2.37,9.36,-3.21,9.375,-22.4375,15.3125,-0.61395264,-0.7815552,-0.026184082,-0.107543945
2a,1,Left Ankle,4263271,1779734238130,1.42,8.33,-2.8,5.375,-31.875,17.6875,-0.61291504,-0.78271484,-0.0211792,-0.10583496
2a,4,Right Wrist,30266212,1779734238131,-8.983354,-6.6497545,3.019742,33.675037,12.531112,-88.60628,-147.92531,-39.338825,228.73413,0.0
2a,2,Right Ankle,1305290,1779734238144,-9.23934,2.6922605,0.009571291,-14.353362,-1.1737598,-4.0623813,83.85853,77.463295,294.79062,0.0
2a,3,Left Wrist,4063285,1779734238144,-1.9499487,-5.4840527,-6.5682983,-13.464224,19.4397,66.049225,-119.237404,-34.007812,341.53116,0.0
2a,1,Left Ankle,4263287,1779734238157,0.92,7.77,-2.02,0.9375,-66.5,15.0625,-0.6124878,-0.7840576,-0.013244629,-0.099731445
2a,1,Left Ankle,4263307,1779734238188,-1.03,7.01,-1.05,-3.125,-64.375,16.125,-0.6126709,-0.7849121,-0.004272461,-0.0927124
2a,1,Left Ankle,4263327,1779734238189,-1.79,6.71,-0.18,-7.875,-67.0,21.375,-0.6132202,-0.78515625,0.005126953,-0.086120605
2a,4,Right Wrist,30266272,1779734238191,-6.8896346,-9.284252,2.6105695,27.65504,4.1311116,-71.456276,-147.89897,-39.333626,228.73933,0.0
2a,2,Right Ankle,1305349,1779734238194,-8.959379,2.292659,-0.17467606,-10.223362,-4.25376,-19.532381,84.07959,77.437965,295.0094,0.0
2a,3,Left Wrist,4063344,1779734238199,2.1537416,-5.161022,-6.1232333,-28.094223,22.7297,82.42922,-119.29488,-33.94289,341.5404,0.0
2a,1,Left Ankle,4263351,1779734238216,-1.37,6.34,0.49,-13.4375,-66.375,20.75,-0.6144409,-0.7848511,0.015075684,-0.07910156
2a,1,Left Ankle,4263371,1779734238247,-0.71,5.75,2.03,-12.625,-25.8125,15.6875,-0.6157837,-0.7839966,0.022705078,-0.07525635
2a,2,Right Ankle,1305410,1779734238253,-9.040735,1.4575641,-0.10289137,-6.583362,-1.1737598,-17.502382,84.20262,77.506424,295.13153,0.0
2a,3,Left Wrist,4063405,1779734238259,4.606385,-2.5983088,-5.26421,-21.724224,3.4796991,71.36922,-119.37406,-33.944237,341.5694,0.0
2a,4,Right Wrist,30266333,1779734238283,-5.4347987,-9.920743,2.2851455,-20.36496,5.5311117,-25.746271,-147.87393,-39.32095,228.72404,0.0
2a,1,Left Ankle,4263393,1779734238283,-1.98,7.0,1.45,-1.0,34.8125,4.9375,-0.616333,-0.7832031,0.021484375,-0.07910156
2a,1,Left Ankle,4263408,1779734238283,-0.6,7.85,-0.91,5.9375,70.75,-12.0,-0.61621094,-0.7826538,0.014160156,-0.08673096
2a,1,Left Ankle,4263439,1779734238305,0.76,6.5,-1.06,7.8125,81.0625,-20.0625,-0.6154785,-0.7819214,-0.0017089844,-0.09918213
2a,3,Left Wrist,4063464,1779734238318,4.838489,-1.4976103,-4.644469,33.995777,-5.1303005,49.66922,-119.43436,-33.966965,341.60394,0.0
2a,1,Left Ankle,4263457,1779734238336,0.66,5.78,1.04,-15.5,19.625,-12.625,-0.6170654,-0.7802124,-0.0068359375,-0.10223389
2a,1,Left Ankle,4263475,1779734238337,7.13,6.95,2.43,-10.4375,39.625,-48.3125,-0.619751,-0.777771,-0.01574707,-0.103759766
2a,4,Right Wrist,30266392,1779734238339,-4.133103,-9.736495,2.17029,-24.354961,-8.538889,20.803728,-147.83835,-39.296906,228.6926,0.0
2a,2,Right Ankle,1305469,1779734238350,-9.088592,1.3235661,0.15792629,-2.103362,3.9362402,-3.152381,84.1952,77.58319,295.12527,0.0
2a,1,Left Ankle,4263495,1779734238366,11.51,15.11,-24.54,39.0625,-64.5,35.8125,-0.61364746,-0.7825928,-0.014282227,-0.103637695
2a,1,Left Ankle,4263515,1779734238367,-0.1,31.17,6.76,-34.25,-44.5625,-86.375,-0.61761475,-0.7809448,-0.012023926,-0.09222412
2a,3,Left Wrist,4063524,1779734238378,4.417352,-2.406883,-4.871787,36.445778,2.2896996,36.719223,-119.49695,-33.981224,341.64023,0.0
2a,1,Left Ankle,4263535,1779734238398,-3.75,0.86,-1.07,-47.625,-64.625,-75.75,-0.6260376,-0.77612305,-0.018249512,-0.07318115
2a,4,Right Wrist,30266482,1779734238398,-5.896613,-8.903793,2.091327,-35.76496,-31.14889,67.77373,-147.8041,-39.25484,228.65196,0.0
2a,2,Right Ankle,1305530,1779734238408,-9.00245,1.1752112,0.11006984,5.666638,12.54624,14.83762,84.22368,77.6539,295.15222,0.0
2a,1,Left Ankle,4263560,1779734238431,-7.82,-0.5,-1.74,-25.3125,-24.75,-73.0625,-0.6307373,-0.77319336,-0.022949219,-0.061767578
2a,3,Left Wrist,4063584,1779734238437,0.53140813,-4.433604,-6.522835,44.21578,0.11969948,5.1492233,-119.542244,-33.928516,341.6734,0.0
2a,1,Left Ankle,4263579,1779734238456,1.2,7.12,-2.61,-25.125,-23.6875,-8.5625,-0.6343384,-0.7705078,-0.024963379,-0.057006836
2a,1,Left Ankle,4263596,1779734238456,-1.37,14.38,-1.07,-25.625,11.875,-14.5,-0.6376953,-0.76776123,-0.025878906,-0.056640625
2a,4,Right Wrist,30266542,1779734238459,-12.113166,-7.0493555,1.8496519,-38.144962,-51.44889,83.66373,-147.78493,-39.19992,228.61967,0.0
2a,2,Right Ankle,1305620,1779734238466,-9.241732,2.481692,-1.0671989,-2.033362,11.496241,-2.172381,84.49908,77.640976,295.42276,0.0
2a,1,Left Ankle,4263616,1779734238489,-0.56,9.32,-1.46,-22.0625,40.625,-8.1875,-0.6407471,-0.7647705,-0.03112793,-0.05987549
2a,1,Left Ankle,4263661,1779734238517,0.81,9.72,-0.37,-17.0,-15.5,8.5,-0.64501953,-0.7609253,-0.032165527,-0.0625
2a,1,Left Ankle,4263643,1779734238517,1.09,8.86,-0.85,-16.75,16.4375,-2.5625,-0.6430054,-0.76257324,-0.033691406,-0.062561035
2a,4,Right Wrist,30266602,1779734238518,-16.520746,-1.1725831,1.0887343,-49.34496,-5.5288887,60.633728,-147.78468,-39.163853,228.59555,0.0
2a,2,Right Ankle,1305679,1779734238523,-9.224983,1.9648424,-0.42831525,15.886637,7.78624,-19.18238,84.76505,77.6568,295.67764,0.0
2a,1,Left Ankle,4263684,1779734238549,-0.39,10.07,-1.07,-12.9375,-16.625,19.4375,-0.6478882,-0.7588501,-0.025268555,-0.060791016
2a,3,Left Wrist,4063644,1779734238557,-2.8209367,-8.130515,-8.721838,49.675777,-7.9303007,21.109222,-119.55869,-33.850986,341.69122,0.0
2a,1,Left Ankle,4263707,1779734238581,-0.49,10.18,-0.88,-6.8125,5.375,23.875,-0.64868164,-0.75805664,-0.022277832,-0.06329346
2a,1,Left Ankle,4263723,1779734238581,0.63,10.32,-1.34,-6.0625,9.6875,26.5,-0.6489258,-0.75775146,-0.021057129,-0.06542969
2a,4,Right Wrist,30266663,1779734238581,-10.3664055,1.1771686,0.8111669,-1.81496,66.151115,-13.146273,-147.78052,-39.16542,228.58597,0.0
2a,2,Right Ankle,1305740,1779734238583,-9.016808,0.892858,-1.6127625,-1.893362,9.60624,-31.292383,85.00633,77.70296,295.9145,0.0
2a,1,Left Ankle,4263750,1779734238605,1.42,9.63,-1.72,-9.875,-3.8125,28.0625,-0.6501465,-0.75634766,-0.015930176,-0.070373535
2a,1,Left Ankle,4263763,1779734238635,0.75,9.54,-1.16,-10.5625,-8.6875,30.625,-0.6506958,-0.7558594,-0.013427734,-0.0715332
2a,4,Right Wrist,30266722,1779734238639,-4.594918,-2.4694934,1.5960126,66.505035,67.27111,-65.43628,-147.74277,-39.178764,228.58208,0.0
2a,2,Right Ankle,1305799,1779734238642,-8.179319,2.2400172,-2.7182467,-36.82336,2.4662402,-28.492382,85.267075,77.70865,296.18182,0.0
2a,3,Left Wrist,4063808,1779734238647,1.1607208,-6.405289,-2.213361,-13.044224,-8.4203005,63.949223,-119.53972,-33.670784,341.6609,0.0
2a,1,Left Ankle,4263790,1779734238667,0.54,9.46,-0.81,-7.3125,-8.6875,29.25,-0.65148926,-0.75494385,-0.0064697266,-0.07495117
2a,1,Left Ankle,4263807,1779734238667,1.08,9.4,-0.98,1.875,9.5625,27.6875,-0.651062,-0.7548828,-0.0036010742,-0.07885742
2a,1,Left Ankle,4263826,1779734238698,1.34,9.43,-0.74,6.0,11.9375,24.9375,-0.6500244,-0.7553711,-0.0014648438,-0.08300781
2a,4,Right Wrist,30266783,1779734238699,-1.3335004,-5.1087766,0.22492532,23.38504,22.331112,-38.066273,-147.69424,-39.171223,228.56209,0.0
2a,2,Right Ankle,1305860,1779734238704,-6.1502056,3.7092102,0.18664016,21.976637,-18.25376,-7.632381,85.262634,77.63657,296.1686,0.0
2a,1,Left Ankle,4263868,1779734238733,1.66,9.56,-1.05,8.75,3.875,12.25,-0.647583,-0.75683594,0.0010375977,-0.08868408
2a,1,Left Ankle,4263849,1779734238732,1.7,9.71,-0.87,6.25,8.625,22.1875,-0.6489258,-0.75598145,3.0517578E-4,-0.08618164
2a,1,Left Ankle,4263884,1779734238757,1.55,9.69,-1.08,13.1875,9.0625,4.625,-0.6459961,-0.7579956,9.1552734E-4,-0.0904541
2a,2,Right Ankle,1305919,1779734238767,-5.5855,-0.24133992,-0.040677983,32.966637,-14.753759,4.827619,85.25631,77.70998,296.1501,0.0
2a,4,Right Wrist,30266842,1779734238767,-1.730709,-3.8621156,1.3208381,10.01504,-2.5888882,-11.256271,-147.65526,-39.157932,228.54262,0.0
2a,3,Left Wrist,4063827,1779734238770,2.0341005,-6.4746814,-1.7826529,-18.014223,-4.290301,62.969223,-119.48946,-33.602047,341.6216,0.0
2a,1,Left Ankle,4263906,1779734238793,2.25,9.6,-1.03,18.625,9.125,-5.0,-0.6437988,-0.7597046,-8.544922E-4,-0.091430664
2a,1,Left Ankle,4263927,1779734238793,1.61,9.98,-0.47,20.5,2.0,-9.875,-0.64123535,-0.76190186,-0.0032348633,-0.091430664
2a,1,Left Ankle,4263944,1779734238820,0.76,9.1,-1.63,19.0625,3.625,-10.1875,-0.638916,-0.763916,-0.0052490234,-0.09057617
2a,2,Right Ankle,1305979,1779734238825,-12.515114,-7.020206,-7.7096744,-26.603363,7.2962403,-1.052381,85.46027,77.771416,296.359,0.0
2a,1,Left Ankle,4263966,1779734238850,1.21,9.24,-1.98,18.8125,5.375,-5.8125,-0.63653564,-0.76586914,-0.0071411133,-0.09057617
2a,1,Left Ankle,4263984,1779734238851,1.1,10.02,-1.06,18.5,10.5625,-3.8125,-0.6341553,-0.76776123,-0.008911133,-0.091308594
2a,4,Right Wrist,30266903,1779734238851,-4.2455654,-4.723532,0.485743,-1.3949599,-5.948889,12.753728,-147.62312,-39.128048,228.51996,0.0
2a,1,Left Ankle,4264006,1779734238875,1.27,9.41,-1.21,22.75,17.1875,-3.75,-0.6314087,-0.7697754,-0.011474609,-0.09283447
2a,2,Right Ankle,1306040,1779734238883,-4.20484,2.6491897,-2.9072795,-27.863363,-22.10376,69.507614,85.7066,77.71817,296.608,0.0
2a,3,Left Wrist,4064018,1779734238888,3.438688,-5.4553394,-2.9479575,-43.984222,-20.0403,-20.470776,-119.43751,-33.52122,341.57895,0.0
2a,1,Left Ankle,4264028,1779734238908,1.42,9.69,-1.24,23.9375,18.3125,-1.1875,-0.6298218,-0.77093506,-0.0126953125,-0.093933105
2a,1,Left Ankle,4264046,1779734238908,1.64,9.8,-1.57,29.6875,9.1875,3.5,-0.6243286,-0.7749634,-0.015258789,-0.09698486
2a,1,Left Ankle,4264070,1779734238936,1.83,10.76,-2.23,30.9375,-1.0,14.625,-0.6201782,-0.77819824,-0.013671875,-0.097839355
2a,4,Right Wrist,30266962,1779734238938,-8.093225,-2.4072797,-1.969293,-28.484959,-29.46889,17.373728,-147.62785,-39.080425,228.51697,0.0
2a,2,Right Ankle,1306099,1779734238942,-9.792082,1.7782023,-2.3712873,-11.763362,-30.57376,49.97762,85.922424,77.71162,296.82092,0.0
2a,1,Left Ankle,4264092,1779734238966,1.33,11.35,-2.35,30.0,-1.125,24.625,-0.6158447,-0.7814331,-0.011169434,-0.09979248
2a,1,Left Ankle,4264108,1779734238966,1.71,11.63,-1.97,28.875,14.0625,30.1875,-0.6114502,-0.7843628,-0.008850098,-0.10406494
2a,3,Left Wrist,4064064,1779734238978,1.2348977,-5.9339037,-5.5441704,-52.104225,-34.4603,-28.730778,-119.50889,-33.461563,341.62112,0.0
2a,1,Left Ankle,4264138,1779734238996,2.49,11.11,-1.93,23.9375,28.5625,34.1875,-0.60736084,-0.78656006,-0.007507324,-0.11102295
2a,4,Right Wrist,30267052,1779734238999,-12.936297,-3.8381877,1.0073783,-6.08496,16.381111,-11.606272,-147.61899,-39.062428,228.51033,0.0
2a,2,Right Ankle,1306160,1779734239007,-9.318303,4.1925607,0.12921242,-8.753363,-23.08376,26.037619,85.91369,77.62685,296.81384,0.0
2a,1,Left Ankle,4264154,1779734239026,1.19,10.54,-1.36,9.0,31.25,37.5625,-0.60424805,-0.78741455,-0.0049438477,-0.12182617
2a,1,Left Ankle,4264170,1779734239026,2.01,9.25,-0.95,-4.5,8.125,27.3125,-0.6043701,-0.7871094,-0.0029907227,-0.12335205
2a,3,Left Wrist,4064155,1779734239039,-5.764108,-8.848362,-10.765309,16.565777,-32.430298,54.00922,-119.53763,-33.371403,341.64062,0.0
2a,1,Left Ankle,4264194,1779734239057,0.61,8.0,-1.54,-11.3125,39.4375,32.0,-0.60528564,-0.7844238,-0.0018310547,-0.13543701
2a,4,Right Wrist,30267142,1779734239058,-10.526725,-7.9275217,2.4765713,7.4250402,32.41111,-31.416271,-147.5947,-39.05543,228.49913,0.0
2a,2,Right Ankle,1306219,1779734239065,-8.787096,3.0392199,0.42831525,-29.193363,-7.0537596,1.397619,85.830086,77.55533,296.7416,0.0
2a,1,Left Ankle,4264216,1779734239092,-0.22,8.31,-2.08,-9.3125,28.0625,25.875,-0.605896,-0.7826538,-0.0010375977,-0.14239502
2a,1,Left Ankle,4264258,1779734239117,-3.79,7.99,1.54,-23.75,9.125,11.25,-0.6092529,-0.77856445,0.0010375977,-0.15063477
2a,1,Left Ankle,4264240,1779734239117,-2.36,8.12,0.73,-9.9375,23.5,23.0625,-0.60687256,-0.78100586,-1.2207031E-4,-0.14752197
2a,2,Right Ankle,1306280,1779734239123,-8.995272,2.7520812,-0.059820566,-12.113362,-4.6737595,-18.062382,85.92964,77.491875,296.8425,0.0
2a,3,Left Wrist,4064245,1779734239128,0.2825544,-4.6609216,-8.216953,-52.104225,-10.9403,134.01923,-119.60853,-33.281013,341.6531,0.0
2a,1,Left Ankle,4264274,1779734239151,-2.64,6.56,3.04,-35.0,10.5625,-3.8125,-0.6135864,-0.7750244,0.0013427734,-0.15136719
2a,1,Left Ankle,4264295,1779734239152,-1.06,6.28,0.42,-24.6875,39.25,-32.4375,-0.6177368,-0.7713623,-0.0048828125,-0.1529541
2a,4,Right Wrist,30267203,1779734239151,-7.8300138,-9.138289,2.3066812,17.36504,34.02111,-29.246273,-147.55923,-39.049427,228.48236,0.0
2a,1,Left Ankle,4264319,1779734239176,-0.19,7.84,0.6,-12.625,76.0,-44.75,-0.6209717,-0.76782227,-0.016235352,-0.15679932
2a,2,Right Ankle,1306339,1779734239182,-9.18909,2.7018318,-0.3924229,-31.713362,3.86624,-20.162382,86.1286,77.45181,297.0477,0.0
2a,3,Left Wrist,4064304,1779734239188,4.326425,-2.160422,-5.048856,-32.504223,-19.410301,101.39922,-119.69269,-33.271515,341.68335,0.0
2a,1,Left Ankle,4264336,1779734239207,20.25,3.41,-5.06,10.6875,134.5625,-24.8125,-0.6203003,-0.7651367,-0.034301758,-0.16931152
2a,1,Left Ankle,4264360,1779734239237,6.09,8.25,-6.86,-7.25,96.875,82.875,-0.61798096,-0.76190186,-0.039001465,-0.19000244
2a,1,Left Ankle,4264379,1779734239240,-2.46,12.5,-7.29,6.0,57.1875,27.875,-0.61535645,-0.7602539,-0.039794922,-0.20440674
2a,2,Right Ankle,1306400,1779734239243,-9.552799,1.7542741,-0.4953143,-26.883362,5.3362403,-1.332381,86.35181,77.48396,297.27515,0.0
2a,1,Left Ankle,4264395,1779734239270,0.41,12.79,-5.57,-6.375,-39.75,-47.875,-0.6168213,-0.7602539,-0.041931152,-0.19952393
2a,4,Right Wrist,30267366,1779734239276,-4.094818,-9.827423,2.1487546,-12.17496,-11.688889,-4.116272,-147.49329,-39.021557,228.43982,0.0
2a,3,Left Wrist,4064394,1779734239284,6.826925,-3.1797647,-2.2157538,33.71578,1.5196991,40.289223,-119.68377,-33.32607,341.6787,0.0
2a,1,Left Ankle,4264420,1779734239301,13.86,7.45,-3.0,-20.875,-93.5,-31.75,-0.62127686,-0.7608032,-0.03857422,-0.18365479
2a,2,Right Ankle,1306459,1779734239309,-8.87563,2.4051218,0.1363909,-0.84336233,7.3662405,30.587618,86.37965,77.39794,297.3033,0.0
2a,1,Left Ankle,4264445,1779734239327,3.8,18.07,-1.67,4.9375,-50.3125,-55.0,-0.6235962,-0.7618408,-0.03656006,-0.17120361
2a,1,Left Ankle,4264455,1779734239327,5.55,19.79,-3.32,21.625,43.625,-66.0625,-0.62298584,-0.76275635,-0.04748535,-0.16668701
2a,4,Right Wrist,30267385,1779734239333,-4.6403813,-10.3682,2.2348964,-33.73496,-17.358889,7.153728,-147.46628,-38.996708,228.4163,0.0
2a,3,Left Wrist,4064485,1779734239338,4.924631,-6.1684,-2.1894326,41.485775,-4.290301,-19.980778,-119.615395,-33.35512,341.65308,0.0
2a,1,Left Ankle,4264475,1779734239359,8.66,15.61,-7.69,36.875,52.125,-77.1875,-0.6201782,-0.7640381,-0.064331055,-0.16583252
2a,1,Left Ankle,4264495,1779734239359,11.31,18.17,-6.15,32.5,-5.625,-84.625,-0.61761475,-0.7664795,-0.07696533,-0.15838623
2a,2,Right Ankle,1306519,1779734239367,-8.667455,2.4386213,0.27996024,-15.333363,10.30624,21.97762,86.313095,77.320885,297.24448,0.0
2a,1,Left Ankle,4264515,1779734239385,6.88,13.79,-4.13,20.125,-52.0625,-94.0,-0.6173706,-0.76849365,-0.08685303,-0.14416504
2a,1,Left Ankle,4264535,1779734239392,1.78,3.31,-2.04,4.5625,-87.0625,-76.1875,-0.61938477,-0.7699585,-0.08935547,-0.124816895
2a,4,Right Wrist,30267472,1779734239392,-10.691829,-8.817652,1.5074784,-71.95496,-44.65889,14.013728,-147.46944,-38.95577,228.40579,0.0
2a,3,Left Wrist,4064544,1779734239398,5.592228,-12.193528,-5.3982077,5.9957767,-20.320301,-113.71077,-119.59096,-33.321476,341.66232,0.0
2a,1,Left Ankle,4264557,1779734239418,3.04,2.81,-4.61,7.5625,-121.8125,-37.5625,-0.6212158,-0.7720337,-0.083740234,-0.10479736
2a,2,Right Ankle,1306580,1779734239426,-8.624384,2.6755106,-0.41156548,-12.883362,3.5162401,13.227619,86.50997,77.26574,297.44125,0.0
2a,1,Left Ankle,4264583,1779734239447,-1.94,3.18,-0.27,-4.625,-169.4375,-17.5625,-0.62371826,-0.7741699,-0.070251465,-0.08178711
2a,4,Right Wrist,30267533,1779734239449,-10.9598255,-6.4918275,0.3062813,-40.734962,-32.26889,18.983728,-147.46475,-38.914597,228.39426,0.0
2a,3,Left Wrist,4064604,1779734239459,2.4456666,-2.8016987,-16.563118,52.825775,50.7297,-154.73077,-119.66509,-33.356457,341.72263,0.0
2a,1,Left Ankle,4264598,1779734239477,0.74,4.14,0.51,17.9375,-107.375,21.5625,-0.6234131,-0.77716064,-0.05505371,-0.066101074
2a,1,Left Ankle,4264622,1779734239478,-0.52,1.48,0.58,28.4375,35.4375,49.5625,-0.61968994,-0.78015137,-0.049804688,-0.070129395
2a,2,Right Ankle,1306639,1779734239484,-8.921094,2.3931577,0.31585258,-6.163362,2.8162403,14.207619,86.38877,77.198524,297.32544,0.0
2a,1,Left Ankle,4264638,1779734239509,0.08,0.75,-2.97,47.625,153.9375,76.125,-0.61187744,-0.78344727,-0.05456543,-0.093933105
2a,4,Right Wrist,30267592,1779734239509,-9.605489,-6.0994053,1.9764715,-23.58496,7.2811117,31.863728,-147.44272,-38.887756,228.36688,0.0
2a,3,Left Wrist,4064665,1779734239518,2.3523464,-9.795919,-13.77548,-85.07423,104.6297,-179.65077,-119.7568,-33.381634,341.75613,0.0
2a,1,Left Ankle,4264662,1779734239536,1.07,4.03,-3.03,68.9375,205.75,103.875,-0.59954834,-0.7873535,-0.06262207,-0.1293335
2a,1,Left Ankle,4264682,1779734239544,3.99,4.82,-1.7,57.0,195.5,103.0,-0.5864258,-0.78967285,-0.070739746,-0.16583252
2a,2,Right Ankle,1306700,1779734239544,-8.720097,2.914793,0.22492532,-9.523362,17.16624,12.317619,86.39785,77.11991,297.33893,0.0
2a,1,Left Ankle,4264697,1779734239568,1.67,6.32,-2.19,19.125,132.375,102.0625,-0.57733154,-0.78930664,-0.0725708,-0.19610596
2a,4,Right Wrist,30267653,1779734239569,-8.363613,-5.1327043,2.2205393,-24.49496,4.971112,40.893726,-147.41945,-38.860226,228.33682,0.0
2a,3,Left Wrist,4064724,1779734239581,-3.8402784,-6.18515,-17.474783,-69.534225,105.1197,-148.43077,-119.84419,-33.39411,341.78577,0.0
2a,1,Left Ankle,4264722,1779734239603,-5.69,9.01,-7.99,-15.125,18.0,56.1875,-0.57598877,-0.7878418,-0.065979004,-0.2078247
2a,1,Left Ankle,4264743,1779734239603,-3.91,11.3,-6.55,-15.8125,-105.125,48.5,-0.5774536,-0.78912354,-0.052124023,-0.20288086
2a,2,Right Ankle,1306759,1779734239610,-8.5191,3.7307456,-1.1126626,39.47664,13.38624,-9.592381,86.62369,77.07021,297.54663,0.0
2a,1,Left Ankle,4264757,1779734239627,-1.86,9.64,-3.12,-3.6875,-172.25,37.0625,-0.57806396,-0.79400635,-0.03112793,-0.18566895
2a,4,Right Wrist,30267712,1779734239635,-8.593325,-6.0180492,2.5268207,-17.70496,5.1111116,66.02373,-147.38586,-38.82842,228.296,0.0
2a,3,Left Wrist,4064785,1779734239642,-9.118846,-6.5703945,-19.247866,-217.30423,201.4397,14.949223,-119.935005,-33.36797,341.74088,0.0
2a,1,Left Ankle,4264803,1779734239658,-4.18,13.36,-0.27,15.125,-144.4375,-46.0,-0.5794678,-0.8041992,-0.0012207031,-0.13220215
2a,1,Left Ankle,4264783,1779734239658,-10.02,13.13,-3.46,-5.875,-205.1875,-18.0,-0.579895,-0.80181885,-0.005004883,-0.14422607
2a,2,Right Ankle,1306820,1779734239668,-9.076628,2.9578638,-0.33978084,7.836638,27.17624,-23.382381,86.82861,77.01977,297.7457,0.0
2a,1,Left Ankle,4264817,1779734239685,8.84,7.69,3.16,19.625,-35.875,-50.125,-0.57788086,-0.80737305,-0.0048217773,-0.11907959
2a,4,Right Wrist,30267772,1779734239691,-7.6385884,-8.255339,3.76391,28.00504,9.381111,49.99373,-147.33319,-38.804386,228.25629,0.0
2a,3,Left Wrist,4064844,1779734239699,-7.1519456,4.364805,-15.364314,-349.18423,151.5997,137.58922,-120.08037,-33.322422,341.69537,0.0
2a,1,Left Ankle,4264843,1779734239718,7.21,12.56,5.28,-17.1875,1.0,-15.3125,-0.58221436,-0.80444336,-0.007019043,-0.117614746
2a,1,Left Ankle,4264862,1779734239719,-4.18,12.96,4.18,-58.0625,13.5625,-7.1875,-0.5862427,-0.80145264,-0.0076293945,-0.1182251
2a,2,Right Ankle,1306879,1779734239728,-8.811024,2.3189802,-0.782453,20.086637,34.31624,-39.13238,87.126175,77.019844,298.03134,0.0
2a,4,Right Wrist,30267833,1779734239754,-7.751051,-8.102198,2.9455645,2.9450402,-7.908888,-1.316272,-147.30434,-38.782654,228.24031,0.0
2a,1,Left Ankle,4264877,1779734239776,5.0,11.46,1.84,-74.6875,65.9375,-76.4375,-0.59698486,-0.79315186,-0.020507812,-0.118652344
2a,1,Left Ankle,4264899,1779734239778,4.32,17.91,-7.97,-75.6875,79.1875,-39.875,-0.6080322,-0.7833252,-0.033325195,-0.12506104
2a,1,Left Ankle,4264921,1779734239778,1.7,10.62,-4.29,-54.5,58.0625,-59.9375,-0.61621094,-0.77526855,-0.048339844,-0.13000488
2a,2,Right Ankle,1306940,1779734239785,-9.11252,2.402729,-1.6917256,3.006638,26.686241,-39.41238,87.414314,77.02738,298.31305,0.0
2a,3,Left Wrist,4064905,1779734239788,-10.499504,9.155237,-10.389636,-313.83423,70.5397,-41.400776,-120.2261,-33.326954,341.70346,0.0
2a,1,Left Ankle,4264937,1779734239810,-0.05,4.74,4.22,-46.25,-6.3125,-71.5625,-0.6239624,-0.76934814,-0.057495117,-0.12432861
2a,4,Right Wrist,30267892,1779734239810,-7.3897347,-6.999106,4.644469,-31.214958,-1.1888885,-26.726273,-147.29428,-38.772873,228.23347,0.0
2a,1,Left Ankle,4264957,1779734239835,-0.17,8.76,4.02,-50.0,-20.5,-45.9375,-0.6314087,-0.7642212,-0.06085205,-0.11633301
2a,2,Right Ankle,1307000,1779734239844,-8.777525,1.4695282,-1.7108681,4.4766383,20.24624,-35.84238,87.68667,77.05885,298.5784,0.0
2a,3,Left Wrist,4064964,1779734239848,7.6404843,0.97896105,-2.5794628,-308.86423,99.2397,-455.52078,-120.39804,-33.539642,341.78085,0.0
2a,1,Left Ankle,4264987,1779734239868,-0.5,10.29,-1.14,-30.9375,-7.9375,-46.3125,-0.63690186,-0.7597656,-0.06665039,-0.11260986
2a,4,Right Wrist,30267953,1779734239868,-2.3337004,1.7323031,0.49292147,-21.13496,-23.37889,-24.976273,-147.32547,-38.76154,228.25755,0.0
2a,1,Left Ankle,4265001,1779734239868,3.51,12.17,-4.09,-16.625,-10.125,-51.75,-0.6404419,-0.75720215,-0.072143555,-0.10620117
2a,1,Left Ankle,4265020,1779734239901,0.58,12.46,-0.22,-20.125,-12.9375,-35.8125,-0.6435547,-0.75494385,-0.075683594,-0.10101318
2a,1,Left Ankle,4265043,1779734239901,1.88,8.87,-1.18,-28.6875,-16.125,-41.0,-0.6477661,-0.75183105,-0.078125,-0.09490967
2a,2,Right Ankle,1307059,1779734239903,-5.183505,1.0029279,-5.474778,22.396637,26.686241,-39.27238,88.0253,77.077446,298.90277,0.0
2a,3,Left Wrist,4065054,1779734239908,27.177881,47.11737,16.11566,-132.46423,-25.150301,71.71922,-120.44774,-33.54193,341.7785,0.0
2a,1,Left Ankle,4265060,1779734239926,-1.27,8.99,-1.1,-22.875,-2.625,-25.25,-0.6515503,-0.74871826,-0.0814209,-0.09088135
2a,4,Right Wrist,30268012,1779734239929,-7.3753777,0.29182371,9.377472,-34.71496,-43.328888,-82.236275,-147.35197,-38.762962,228.29178,0.0
2a,1,Left Ankle,4265083,1779734239959,0.31,9.5,0.01,-15.3125,7.125,-25.4375,-0.65393066,-0.74627686,-0.08581543,-0.089782715
2a,1,Left Ankle,4265102,1779734239959,-0.47,10.5,-1.6,-7.625,6.0625,-8.5,-0.6553955,-0.744812,-0.088134766,-0.08929443
2a,2,Right Ankle,1307120,1779734239964,-10.660676,2.6348326,0.8350951,4.4766383,12.05624,-5.532381,87.81553,77.06487,298.69772,0.0
2a,3,Left Wrist,4065115,1779734239968,1.7182482,-5.105987,-6.565905,36.725777,-18.500301,104.89922,-120.48709,-33.460293,341.79648,0.0
2a,1,Left Ankle,4265121,1779734239988,-0.32,9.33,0.16,2.8125,6.5,-2.5625,-0.6552124,-0.744751,-0.08935547,-0.08959961
2a,4,Right Wrist,30268073,1779734239994,-10.234799,-4.254539,1.1389836,-59.49496,-13.578888,-22.106272,-147.36484,-38.73825,228.29388,0.0
2a,1,Left Ankle,4265143,1779734240019,-0.63,9.68,-0.73,7.6875,3.4375,9.375,-0.65423584,-0.7454834,-0.08917236,-0.09069824
2a,1,Left Ankle,4265161,1779734240019,-0.36,9.79,-0.31,14.75,3.375,17.0,-0.6522827,-0.74713135,-0.087768555,-0.09277344
2a,2,Right Ankle,1307179,1779734240024,-9.708332,-0.040342808,-0.83748794,0.7666378,20.24624,16.447618,87.96234,77.127945,298.8422,0.0
2a,3,Left Wrist,4065174,1779734240029,12.57927,2.0246246,-7.5038915,23.635777,10.689699,-6.120777,-120.529945,-33.518692,341.82288,0.0
2a,1,Left Ankle,4265184,1779734240053,-0.34,10.17,-0.6,22.375,-0.75,28.4375,-0.6479492,-0.7508545,-0.08392334,-0.09649658
2a,4,Right Wrist,30268132,1779734240053,-7.2342014,-0.59591305,2.7254252,-33.31496,20.231112,23.953728,-147.35915,-38.724648,228.27458,0.0
2a,1,Left Ankle,4265209,1779734240076,-0.16,9.23,-0.89,26.0,-2.125,31.5625,-0.6439209,-0.75439453,-0.07977295,-0.099487305
2a,2,Right Ankle,1307240,1779734240088,-7.906537,0.08408397,-3.859623,-26.183363,-11.18376,36.25762,88.19442,77.14181,299.07663,0.0
2a,3,Left Wrist,4065235,1779734240089,17.264418,6.1881356,-1.0791631,87.895775,-35.0203,198.48923,-120.496994,-33.501915,341.8011,0.0
2a,1,Left Ankle,4265227,1779734240111,-0.14,9.46,-0.68,34.1875,-1.5,47.875,-0.63897705,-0.75860596,-0.07421875,-0.10369873
2a,4,Right Wrist,30268193,1779734240112,-5.6286173,-1.543471,4.907679,41.16504,5.7411118,-16.226273,-147.33183,-38.72208,228.26936,0.0
2a,1,Left Ankle,4265248,1779734240113,1.52,10.29,-1.94,40.3125,-1.375,52.8125,-0.63305664,-0.76342773,-0.068115234,-0.10864258
2a,1,Left Ankle,4265263,1779734240137,1.4,10.71,-1.34,44.5625,0.1875,56.6875,-0.6296387,-0.7661133,-0.06488037,-0.11138916
2a,2,Right Ankle,1307299,1779734240146,-8.509529,0.9407145,-1.7252252,-3.9933622,-24.27376,42.277622,88.3915,77.15725,299.26834,0.0
2a,3,Left Wrist,4065294,1779734240148,27.185059,-3.9311109,-4.680361,167.69577,-140.02031,324.2092,-120.43578,-33.439045,341.78687,0.0
2a,1,Left Ankle,4265289,1779734240168,1.23,10.75,-1.38,49.0625,6.9375,63.5,-0.6182251,-0.77441406,-0.055603027,-0.12243652
2a,1,Left Ankle,4265307,1779734240168,1.98,10.79,-2.19,46.25,0.9375,70.0625,-0.61047363,-0.7798462,-0.048034668,-0.1296997
2a,4,Right Wrist,30268252,1779734240170,-8.50479,-6.625826,4.682754,12.81504,-13.228888,9.533728,-147.30215,-38.701,228.25337,0.0
2a,1,Left Ankle,4265326,1779734240205,1.74,10.42,-1.76,44.4375,-9.6875,67.8125,-0.6031494,-0.7850952,-0.03869629,-0.13537598
2a,2,Right Ankle,1307360,1779734240206,-8.351603,2.1275544,-2.7086754,-12.883362,-45.27376,47.17762,88.579445,77.137276,299.45255,0.0
2a,3,Left Wrist,4065354,1779734240214,13.751753,-1.8876404,-8.752945,206.61577,-139.6703,328.6892,-120.409134,-33.373188,341.7985,0.0
2a,1,Left Ankle,4265347,1779734240229,3.65,12.73,-0.95,45.6875,-0.1875,83.625,-0.5952759,-0.79016113,-0.028808594,-0.14318848
2a,1,Left Ankle,4265368,1779734240229,4.74,13.09,-1.24,40.0,2.6875,84.625,-0.5875244,-0.7946167,-0.0178833,-0.15167236
2a,1,Left Ankle,4265385,1779734240267,5.0,12.03,-1.27,22.0,-9.375,81.625,-0.58184814,-0.7976074,-0.0067749023,-0.15881348
2a,1,Left Ankle,4265405,1779734240267,3.26,10.41,-1.59,10.6875,-20.6875,62.875,-0.57818604,-0.7994385,0.0034179688,-0.16314697
2a,2,Right Ankle,1307419,1779734240268,-10.4094305,3.333537,-0.57188463,-19.393362,-48.14376,26.247618,88.67529,77.072815,299.54892,0.0
2a,1,Left Ankle,4265427,1779734240286,1.33,9.72,-0.22,3.0625,-24.4375,57.9375,-0.57647705,-0.8000488,0.012878418,-0.16577148
2a,4,Right Wrist,30268312,1779734240294,-9.756236,-6.1568327,0.9260224,-2.02496,0.91111183,33.40373,-147.2741,-38.66867,228.22757,0.0
2a,1,Left Ankle,4265449,1779734240320,-3.98,9.48,1.48,-4.375,-13.5,48.1875,-0.5758667,-0.7996216,0.020019531,-0.16912842
2a,2,Right Ankle,1307480,1779734240327,-8.988093,2.6276546,-0.29910284,-34.443363,-23.36376,10.987619,88.79462,77.01237,299.67508,0.0
2a,1,Left Ankle,4265467,1779734240345,-3.67,9.91,0.63,-11.0,13.1875,22.3125,-0.5765381,-0.79815674,0.023864746,-0.17297363
2a,1,Left Ankle,4265493,1779734240346,-3.98,8.48,3.35,-28.6875,-23.625,7.0625,-0.581604,-0.7949219,0.028442383,-0.17016602
2a,4,Right Wrist,30268476,1779734240354,-8.277472,-11.057334,5.493921,31.015038,36.821114,-9.366272,-147.19022,-38.648872,228.17667,0.0
2a,3,Left Wrist,4065415,1779734240358,8.135798,0.938283,-10.925629,242.38577,-88.2203,249.23923,-120.39638,-33.31209,341.82343,0.0
2a,1,Left Ankle,4265512,1779734240379,-3.26,7.48,-0.59,-42.9375,-8.375,-31.4375,-0.58496094,-0.7930298,0.02734375,-0.16796875
2a,1,Left Ankle,4265527,1779734240379,-0.21,8.69,-2.02,-28.1875,31.4375,-58.5625,-0.59088135,-0.7893677,0.018310547,-0.16564941
2a,2,Right Ankle,1307540,1779734240389,-9.076628,2.2567668,-0.2009971,-15.123362,-19.79376,-3.8523812,88.979385,76.98261,299.8587,0.0
2a,1,Left Ankle,4265553,1779734240411,1.32,8.04,-2.71,-10.375,58.5625,-65.6875,-0.5947876,-0.786438,0.005065918,-0.16656494
2a,4,Right Wrist,30268495,1779734240411,-8.593325,-11.220045,5.879165,12.67504,38.501114,-8.806272,-147.15036,-38.647285,228.15086,0.0
2a,3,Left Wrist,4065578,1779734240419,0.45483813,-1.435397,-15.058032,178.05577,-190.2803,47.49922,-120.47629,-33.190136,341.9925,0.0
2a,1,Left Ankle,4265567,1779734240437,1.32,7.04,-2.15,-8.0,53.375,-74.625,-0.59765625,-0.78411865,-0.010620117,-0.16699219
2a,2,Right Ankle,1307599,1779734240444,-9.028771,2.5080135,-0.51206404,-16.593363,-13.84376,-12.602381,89.16831,76.95178,300.0473,0.0
2a,1,Left Ankle,4265593,1779734240468,3.22,6.73,-2.53,-17.3125,41.375,-75.8125,-0.6039429,-0.7793579,-0.031066895,-0.16394043
2a,4,Right Wrist,30268552,1779734240469,-7.384949,-9.970992,5.302495,-14.13496,38.15111,-9.506271,-147.11975,-38.646137,228.12518,0.0
2a,1,Left Ankle,4265607,1779734240468,4.44,6.49,-2.99,-25.8125,25.75,-71.0,-0.6065674,-0.7774658,-0.03668213,-0.16204834
2a,3,Left Wrist,4065625,1779734240478,1.3569319,-4.7063856,-14.53879,121.075775,-108.310295,121.909225,-120.519165,-33.101326,342.04828,0.0
2a,1,Left Ankle,4265633,1779734240496,4.92,6.19,-4.48,-32.0625,-1.875,-65.6875,-0.61242676,-0.77368164,-0.04522705,-0.15594482
2a,2,Right Ankle,1307660,1779734240505,-9.167555,2.2998376,-0.6580263,-12.253363,-9.15376,-12.322382,89.38831,76.94339,300.26505,0.0
2a,1,Left Ankle,4265654,1779734240529,4.02,6.27,-4.76,-29.625,-22.4375,-55.4375,-0.618042,-0.7705078,-0.0501709,-0.14782715
2a,1,Left Ankle,4265672,1779734240530,3.9,5.99,-4.47,-23.3125,-30.4375,-46.5625,-0.62280273,-0.7681885,-0.052368164,-0.13879395
2a,4,Right Wrist,30268613,1779734240530,-6.145467,-8.865508,3.4887354,-20.08496,37.59111,-0.05627203,-147.08757,-38.64042,228.09515,0.0
2a,3,Left Wrist,4065684,1779734240538,3.8933241,-5.034202,-8.829515,-22.144224,-64.280304,175.80922,-120.59516,-33.017452,342.0756,0.0
2a,1,Left Ankle,4265693,1779734240564,4.28,5.49,-3.54,-16.625,-26.6875,-35.625,-0.62628174,-0.76660156,-0.054016113,-0.13116455
2a,2,Right Ankle,1307719,1779734240564,-9.174733,1.5939549,-0.09810573,-5.043362,-3.5537596,-7.212381,89.45228,77.01828,300.32883,0.0
2a,1,Left Ankle,4265710,1779734240587,5.63,4.75,-1.62,-13.0,0.1875,-19.0,-0.62872314,-0.7650757,-0.055725098,-0.12774658
2a,1,Left Ankle,4265733,1779734240587,11.59,5.77,-5.28,-1.4375,44.5625,-11.1875,-0.62835693,-0.7637329,-0.062561035,-0.13409424
2a,4,Right Wrist,30268672,1779734240588,-4.91077,-8.303194,3.5030923,-26.664959,17.36111,14.853728,-147.0557,-38.627815,228.06348,0.0
2a,3,Left Wrist,4065745,1779734240599,5.4582305,-2.7275212,-4.673183,-3.7342234,-86.2603,158.93922,-120.66541,-32.999252,342.11124,0.0
2a,1,Left Ankle,4265753,1779734240623,1.02,22.78,-11.28,42.9375,27.125,49.375,-0.6248779,-0.7659302,-0.061279297,-0.13824463
2a,2,Right Ankle,1307780,1779734240628,-8.708133,1.1010336,-0.0047856453,3.4966378,6.5262403,16.72762,89.46953,77.08798,300.34497,0.0
2a,1,Left Ankle,4265771,1779734240645,13.65,37.22,2.65,12.25,-32.25,-18.6875,-0.6199341,-0.7704468,-0.057800293,-0.13702393
2a,1,Left Ankle,4265795,1779734240646,-9.69,-1.05,1.84,-58.25,-43.6875,-34.375,-0.63305664,-0.76171875,-0.067993164,-0.12011719
2a,4,Right Wrist,30268733,1779734240656,-4.544668,-7.894022,2.8929224,-27.15496,-6.578888,26.893728,-147.02415,-38.60472,228.03268,0.0
2a,3,Left Wrist,4065804,1779734240658,5.5874424,-2.9811604,-3.7998023,8.375776,-69.2503,150.46922,-120.71417,-33.00129,342.13434,0.0
2a,1,Left Ankle,4265819,1779734240681,-13.77,-1.79,-2.55,-23.625,-0.375,-61.4375,-0.6375122,-0.75805664,-0.07293701,-0.116760254
2a,2,Right Ankle,1307839,1779734240683,-8.997664,1.8332372,0.9690932,-8.473362,17.44624,19.177618,89.26272,77.092834,300.14764,0.0
2a,1,Left Ankle,4265836,1779734240714,3.09,10.75,0.36,-23.75,-17.0,-23.625,-0.64086914,-0.7558594,-0.07659912,-0.11022949
2a,1,Left Ankle,4265856,1779734240715,-1.15,14.7,-3.74,-32.0625,-24.6875,-14.4375,-0.64520264,-0.7528076,-0.07507324,-0.10656738
2a,4,Right Wrist,30268792,1779734240715,-9.50499,-7.094819,3.3643088,-0.4149599,-20.018888,21.01373,-146.99811,-38.575123,228.01451,0.0
2a,1,Left Ankle,4265880,1779734240735,-2.99,10.24,-1.61,-34.8125,-0.625,-16.875,-0.6500244,-0.74890137,-0.07562256,-0.10430908
2a,2,Right Ankle,1307900,1779734240747,-8.767954,2.9004362,-1.1437693,5.246638,7.43624,3.497619,89.4975,77.055756,300.37524,0.0
2a,3,Left Wrist,4065865,1779734240754,2.3882384,-6.455539,-5.84088,-10.244224,-64.5603,98.17922,-120.76389,-32.902443,342.161,0.0
2a,1,Left Ankle,4265896,1779734240771,1.67,8.37,0.36,-15.125,14.375,-23.5625,-0.6529541,-0.74609375,-0.07952881,-0.10321045
2a,1,Left Ankle,4265916,1779734240796,1.52,10.47,-0.39,-6.625,2.75,0.75,-0.6538696,-0.7451172,-0.0803833,-0.103637695
2a,4,Right Wrist,30268852,1779734240805,-14.034602,-4.0296135,2.87378,-18.824959,11.901112,4.9137278,-146.98924,-38.556286,228.00198,0.0
2a,2,Right Ankle,1307959,1779734240805,-9.119699,3.0846834,-0.65084773,5.7366376,5.26624,-31.22238,89.68018,77.01157,300.55173,0.0
2a,3,Left Wrist,4065955,1779734240808,-1.6364895,-9.353247,-7.5517483,7.6757765,-48.390297,51.41922,-120.7837,-32.804726,342.17767,0.0
2a,1,Left Ankle,4265946,1779734240830,-0.03,9.88,-1.05,-11.5,-37.25,4.0625,-0.65545654,-0.7445679,-0.07678223,-0.10040283
2a,1,Left Ankle,4265956,1779734240830,-0.97,9.46,-0.47,-8.4375,-37.75,16.1875,-0.6569824,-0.7442627,-0.07043457,-0.09710693
2a,1,Left Ankle,4265976,1779734240855,0.36,9.92,-0.92,0.375,-23.0625,22.0,-0.6572876,-0.744812,-0.064331055,-0.095458984
2a,1,Left Ankle,4265996,1779734240855,0.48,9.81,-1.31,-0.8125,-15.875,27.375,-0.6569824,-0.7453613,-0.059143066,-0.09631348
2a,2,Right Ankle,1308019,1779734240863,-10.490787,1.8834865,-1.2753744,9.446638,7.8562403,-50.96238,89.93141,77.0511,300.79395,0.0
2a,4,Right Wrist,30268943,1779734240863,-9.4140625,-2.512564,2.859423,19.81504,58.59111,-5.166272,-146.96172,-38.555893,227.98161,0.0
2a,1,Left Ankle,4266016,1779734240888,0.31,9.37,-1.41,-6.6875,-15.75,34.1875,-0.65734863,-0.7453613,-0.05303955,-0.097717285
2a,1,Left Ankle,4266043,1779734240916,0.56,10.05,-1.39,-10.3125,-19.0625,41.5625,-0.65802,-0.7449341,-0.045715332,-0.099975586
2a,1,Left Ankle,4266058,1779734240917,1.14,9.96,-1.0,-11.9375,-37.3125,33.0,-0.6590576,-0.7444458,-0.03741455,-0.10003662
2a,4,Right Wrist,30269002,1779734240918,-5.915756,-4.6541405,2.1822543,95.90504,51.31111,-25.746271,-146.90137,-38.556297,227.96313,0.0
2a,2,Right Ankle,1308080,1779734240923,-7.777325,0.5147921,0.7513463,-6.303362,2.32624,-50.402378,89.782425,77.123795,300.65103,0.0
2a,1,Left Ankle,4266084,1779734240946,0.33,9.61,-1.17,-11.6875,-34.0625,30.1875,-0.6609497,-0.74365234,-0.024414062,-0.097595215
2a,1,Left Ankle,4266103,1779734240981,1.01,9.38,-0.65,-5.5625,-18.25,24.1875,-0.6611328,-0.7435303,-0.02178955,-0.097839355
2a,4,Right Wrist,30269062,1779734240982,-3.2836506,-6.6688967,0.32063824,79.87504,6.6511116,-5.7262716,-146.83438,-38.534332,227.93909,0.0
2a,1,Left Ankle,4266118,1779734240981,1.82,9.53,-0.07,-0.5,-4.3125,19.0,-0.6609497,-0.7435913,-0.018432617,-0.09918213
2a,2,Right Ankle,1308139,1779734240983,-7.870645,2.42905,-1.1485548,10.566637,-17.13376,-36.472378,89.99352,77.10901,300.8519,0.0
2a,3,Left Wrist,4066118,1779734240988,0.37348202,-5.9004035,-1.8783658,27.205776,18.669699,27.339222,-120.72237,-32.64637,342.1435,0.0
2a,1,Left Ankle,4266147,1779734241006,2.35,9.39,-0.34,2.1875,-2.5,8.9375,-0.6605835,-0.74383545,-0.016662598,-0.10021973
2a,1,Left Ankle,4266162,1779734241039,2.46,9.35,-0.41,3.0625,-2.5,-1.4375,-0.6602173,-0.7442627,-0.016296387,-0.099975586
2a,4,Right Wrist,30269123,1779734241040,-3.7861435,-4.938886,0.5312066,57.47504,-33.248886,23.043728,-146.78119,-38.494843,227.91817,0.0
2a,2,Right Ankle,1308200,1779734241044,-7.5045433,2.955471,-2.3401804,24.566637,-1.1037599,21.627619,90.243324,77.073364,301.08694,0.0
2a,1,Left Ankle,4266186,1779734241072,1.41,9.61,-0.58,3.9375,4.375,-5.5,-0.65960693,-0.744751,-0.018310547,-0.099731445
2a,1,Left Ankle,4266206,1779734241073,1.42,9.57,-0.99,5.3125,9.0625,-11.75,-0.6589966,-0.74523926,-0.021057129,-0.09967041
2a,1,Left Ankle,4266220,1779734241096,0.78,9.92,-0.59,7.6875,12.75,-12.0625,-0.6586304,-0.74554443,-0.022277832,-0.09954834
2a,1,Left Ankle,4266244,1779734241098,1.01,10.24,-0.05,10.125,13.1875,-7.1875,-0.6569214,-0.7467041,-0.026672363,-0.10058594
2a,4,Right Wrist,30269182,1779734241105,-4.7887363,-3.9865427,0.74416786,24.575039,-18.12889,2.113728,-146.74945,-38.464035,227.90599,0.0
2a,2,Right Ankle,1308259,1779734241105,-4.147413,-4.586706,0.6795617,-49.143364,-2.71376,39.687622,90.18821,77.120575,301.0497,0.0
2a,1,Left Ankle,4266263,1779734241130,-0.04,9.43,-1.24,12.0,14.1875,-3.1875,-0.65618896,-0.7472534,-0.027770996,-0.101257324
2a,1,Left Ankle,4266287,1779734241156,0.25,9.74,-1.63,14.375,21.875,11.25,-0.6530762,-0.7492676,-0.030273438,-0.105895996
2a,4,Right Wrist,30269243,1779734241159,-6.877671,-3.7903311,1.8376877,-3.07496,10.361112,-25.536272,-146.735,-38.45064,227.90063,0.0
2a,2,Right Ankle,1308320,1779734241164,-21.42838,5.427257,0.035892338,3.006638,-14.123759,67.687614,90.13272,77.02217,300.9935,0.0
2a,1,Left Ankle,4266327,1779734241190,0.54,10.09,-0.95,15.75,30.3125,21.875,-0.64837646,-0.751709,-0.03137207,-0.11639404
2a,1,Left Ankle,4266307,1779734241190,0.37,10.17,-0.86,14.1875,23.6875,19.1875,-0.6508789,-0.7504883,-0.030822754,-0.11065674
2a,3,Left Wrist,4066241,1779734241199,-0.717645,-7.510773,-3.0843484,-49.444225,-16.400301,100.48923,-120.67092,-32.48276,342.09018,0.0
2a,1,Left Ankle,4266344,1779734241223,1.12,10.32,-0.99,18.6875,38.3125,24.125,-0.64538574,-0.7531128,-0.032714844,-0.12365723
2a,2,Right Ankle,1308379,1779734241224,-10.249111,3.1349328,-1.0336994,-33.533363,-11.253759,39.96762,90.32035,76.97231,301.18683,0.0
2a,4,Right Wrist,30269302,1779734241223,-8.69143,-5.793124,1.3998013,-13.08496,3.9211116,-8.666272,-146.71904,-38.428764,227.88925,0.0
2a,1,Left Ankle,4266368,1779734241247,2.63,9.69,-1.63,19.625,35.3125,22.375,-0.64208984,-0.75476074,-0.033813477,-0.1303711
2a,1,Left Ankle,4266391,1779734241249,2.35,9.93,-1.72,26.1875,27.875,33.8125,-0.6380005,-0.756958,-0.033325195,-0.13726807
2a,3,Left Wrist,4066364,1779734241260,0.7874404,-5.9410815,-3.3882368,-4.9942236,-39.0103,111.409225,-120.649185,-32.257442,342.0536,0.0
2a,1,Left Ankle,4266409,1779734241278,2.68,11.57,-3.29,24.375,11.5,42.125,-0.633728,-0.7595215,-0.030578613,-0.14361572
2a,2,Right Ankle,1308440,1779734241292,-8.806238,2.4146934,0.04546363,8.256638,-27.143759,13.08762,90.23029,76.89416,301.09415,0.0
2a,1,Left Ankle,4266427,1779734241307,2.57,11.63,-2.27,23.5625,2.3125,46.375,-0.62957764,-0.76220703,-0.02520752,-0.14837646
2a,1,Left Ankle,4266448,1779734241314,2.9,10.17,-2.28,13.5625,-6.375,49.9375,-0.6262207,-0.7642822,-0.018920898,-0.15289307
2a,4,Right Wrist,30269363,1779734241315,-10.134301,-5.613662,0.7896314,-18.12496,6.6511116,10.863728,-146.70328,-38.40183,227.87206,0.0
2a,1,Left Ankle,4266485,1779734241340,2.69,9.34,-1.87,1.3125,-20.5625,41.5,-0.6224365,-0.76641846,-0.0038452148,-0.15863037
2a,1,Left Ankle,4266463,1779734241341,4.2,9.31,-2.93,12.1875,-4.1875,45.6875,-0.62384033,-0.76568604,-0.011962891,-0.15637207
2a,2,Right Ankle,1308500,1779734241348,-9.306339,1.7758095,0.63170516,-38.29336,-7.40376,4.197619,89.99241,76.92152,300.87488,0.0
2a,1,Left Ankle,4266510,1779734241372,2.21,9.07,-1.45,-2.5625,-21.4375,37.0,-0.62164307,-0.76690674,0.0034179688,-0.1595459
2a,3,Left Wrist,4066464,1779734241381,-0.55732584,-2.2824562,-5.113462,-56.654224,-16.2603,80.74922,-120.72873,-32.180233,342.07745,0.0
2a,1,Left Ankle,4266525,1779734241396,0.97,8.73,-0.53,-3.0,-3.0,32.0625,-0.6209717,-0.76672363,0.008056641,-0.16247559
2a,4,Right Wrist,30269422,1779734241399,-10.586545,-6.8220377,1.4620147,-15.74496,13.441112,17.583727,-146.68138,-38.377083,227.84898,0.0
2a,2,Right Ankle,1308559,1779734241407,-9.081413,2.309409,-0.6699903,-11.833363,-5.79376,-11.272381,90.21518,76.90991,301.09546,0.0
2a,1,Left Ankle,4266546,1779734241431,-0.34,8.82,-0.07,-4.125,-1.75,24.3125,-0.62072754,-0.7663574,0.011657715,-0.1651001
2a,1,Left Ankle,4266569,1779734241431,-2.75,9.16,-0.59,-6.25,-11.6875,11.625,-0.6213379,-0.7659302,0.015930176,-0.16455078
2a,3,Left Wrist,4066628,1779734241439,2.6323068,-0.42562583,-4.9722853,16.215776,-6.1103005,43.22922,-120.86853,-32.10066,342.1394,0.0
2a,1,Left Ankle,4266591,1779734241456,-3.17,8.54,0.3,-9.125,-28.0625,-8.625,-0.6224365,-0.765625,0.018493652,-0.16125488
2a,1,Left Ankle,4266606,1779734241464,-2.28,7.59,0.36,-13.875,-34.5,-30.4375,-0.6246948,-0.7652588,0.01928711,-0.15405273
2a,2,Right Ankle,1308620,1779734241464,-9.177126,1.7662383,0.023928225,-21.703362,-3.2737598,-18.202381,90.174225,76.99112,301.06268,0.0
2a,4,Right Wrist,30269512,1779734241465,-9.574382,-7.867701,2.9886353,-21.764961,15.821112,-1.6662719,-146.66139,-38.360928,227.82986,0.0
2a,1,Left Ankle,4266627,1779734241489,-0.95,7.17,0.06,-14.5625,-23.5,-51.375,-0.6279907,-0.76452637,0.018005371,-0.14422607
2a,1,Left Ankle,4266652,1779734241516,-0.22,6.88,-0.69,-7.625,-0.3125,-61.3125,-0.63067627,-0.76379395,0.011413574,-0.13708496
2a,4,Right Wrist,30269602,1779734241520,-6.8106713,-8.073483,3.735196,-9.30496,26.18111,-28.756271,-146.63657,-38.35722,227.81508,0.0
2a,2,Right Ankle,1308679,1779734241523,-9.1508045,0.97660685,-0.16989042,-10.573362,-0.89375985,-18.482382,90.21948,77.07208,301.11032,0.0
2a,1,Left Ankle,4266695,1779734241549,1.99,5.41,0.05,1.3125,5.75,-62.5,-0.63409424,-0.7628784,-0.014343262,-0.12542725
2a,1,Left Ankle,4266671,1779734241550,1.13,6.41,-1.31,0.375,22.6875,-66.5,-0.6324463,-0.7632446,0.001159668,-0.13220215
2a,1,Left Ankle,4266713,1779734241580,17.64,5.53,-2.9,-7.5625,8.8125,-60.5625,-0.6358032,-0.7617798,-0.02520752,-0.12182617
2a,2,Right Ankle,1308740,1779734241584,-9.213019,0.5004351,0.059820566,5.246638,0.22624022,-0.9823811,90.2084,77.14735,301.09775,0.0
2a,1,Left Ankle,4266738,1779734241608,14.66,5.23,-1.82,2.75,31.25,-34.5625,-0.63623047,-0.7608032,-0.027709961,-0.124816895
2a,1,Left Ankle,4266756,1779734241616,-12.42,17.47,-3.05,3.5625,49.1875,47.9375,-0.63494873,-0.7600708,-0.024353027,-0.13604736
2a,4,Right Wrist,30269663,1779734241616,-5.8894343,-8.279266,2.7589245,-5.17496,20.791111,-26.096272,-146.60788,-38.34963,227.799,0.0
2a,1,Left Ankle,4266776,1779734241636,11.56,16.68,-5.85,25.4375,53.125,-70.0625,-0.6328125,-0.7606201,-0.03643799,-0.14007568
2a,2,Right Ankle,1308799,1779734241651,-9.213019,1.0866767,0.2727818,7.136638,10.72624,20.717619,90.13991,77.209305,301.02936,0.0
2a,3,Left Wrist,4066648,1779734241652,3.070193,-0.21984307,-5.125426,53.175777,-7.6503005,39.72922,-120.93269,-32.106064,342.1793,0.0
2a,1,Left Ankle,4266801,1779734241675,5.79,10.49,-2.3,-18.75,-57.4375,-72.1875,-0.6358032,-0.75994873,-0.0446167,-0.1274414
2a,4,Right Wrist,30269722,1779734241675,-5.2098727,-8.4108715,2.239682,17.925041,15.961111,-20.916271,-146.56859,-38.338787,227.78088,0.0
2a,1,Left Ankle,4266816,1779734241698,-1.83,10.74,-1.95,-34.5625,-90.25,-50.625,-0.6414795,-0.7576294,-0.041809082,-0.11279297
2a,1,Left Ankle,4266842,1779734241706,-1.65,8.8,-2.52,-32.6875,-59.625,-61.0,-0.6472168,-0.7548828,-0.041931152,-0.097229004
2a,2,Right Ankle,1308860,1779734241706,-9.347016,1.3474942,-0.2512464,3.2866378,15.206241,16.097618,90.268105,77.27306,301.15442,0.0
2a,1,Left Ankle,4266861,1779734241731,-3.02,7.8,0.6,-25.5,-15.625,-31.6875,-0.65148926,-0.75201416,-0.043640137,-0.090026855
2a,3,Left Wrist,4066912,1779734241742,-4.0293117,-4.9911313,-8.453842,52.545776,7.469699,30.349222,-121.06399,-32.054905,342.2574,0.0
2a,2,Right Ankle,1308919,1779734241764,-10.296967,1.3857794,-0.6628119,6.296638,14.92624,13.227619,90.47141,77.32274,301.35175,0.0
2a,1,Left Ankle,4266883,1779734241764,0.86,9.6,-2.17,-17.3125,13.8125,-25.25,-0.6541748,-0.7496948,-0.047729492,-0.0881958
2a,4,Right Wrist,30269812,1779734241764,-10.4070835,-10.148061,1.3950156,12.32504,-1.958888,33.40373,-146.52898,-38.305916,227.75165,0.0
2a,1,Left Ankle,4266909,1779734241790,0.2,11.76,-2.24,-10.5625,15.75,-3.0625,-0.6563721,-0.7472534,-0.051330566,-0.090148926
2a,1,Left Ankle,4266921,1779734241790,1.2,10.21,-0.21,-8.0,6.1875,-7.5,-0.6569214,-0.74676514,-0.05206299,-0.090148926
2a,1,Left Ankle,4266945,1779734241815,-0.5,9.55,-0.69,-12.375,-6.25,6.375,-0.6590576,-0.7449951,-0.049926758,-0.09020996
2a,1,Left Ankle,4266963,1779734241816,0.13,10.08,-0.94,-11.25,-4.9375,15.5,-0.65966797,-0.74450684,-0.048583984,-0.09082031
2a,4,Right Wrist,30269903,1779734241822,-14.90559,-3.0222354,-2.1056838,-64.88496,23.591112,20.873728,-146.53926,-38.27701,227.73564,0.0
2a,2,Right Ankle,1308980,1779734241822,-12.527079,0.43343607,-1.2969098,10.216637,20.80624,5.527619,90.66541,77.38245,301.5392,0.0
2a,3,Left Wrist,4066945,1779734241829,-5.601396,-5.979367,-9.379865,17.685776,3.269699,36.649223,-121.09111,-31.979076,342.26862,0.0
2a,1,Left Ankle,4266991,1779734241850,0.0,9.87,-0.61,-9.4375,1.0625,24.8125,-0.6610718,-0.7432251,-0.042297363,-0.093811035
2a,1,Left Ankle,4267006,1779734241882,0.56,9.69,-0.87,-6.8125,0.375,34.8125,-0.661438,-0.74261475,-0.038146973,-0.097595215
2a,4,Right Wrist,30269962,1779734241882,-10.09841,-2.3737803,0.23688945,-33.66496,50.401115,-36.106274,-146.54335,-38.271996,227.73152,0.0
2a,1,Left Ankle,4267025,1779734241882,0.65,9.72,-0.76,-5.5625,0.5,39.875,-0.6616211,-0.7421875,-0.03277588,-0.10168457
2a,2,Right Ankle,1309040,1779734241883,-10.201254,-0.3155174,0.53359944,-14.563362,27.31624,10.847618,90.63579,77.448555,301.51733,0.0
2a,1,Left Ankle,4267045,1779734241905,1.11,9.81,-0.46,-3.375,5.5625,41.4375,-0.6613159,-0.7418823,-0.028015137,-0.10687256
2a,1,Left Ankle,4267065,1779734241936,1.37,9.56,-0.29,0.1875,7.5,39.4375,-0.6607666,-0.7418823,-0.023132324,-0.111694336
2a,4,Right Wrist,30270023,1779734241939,-5.1500525,-3.9817574,1.2346964,-5.24496,60.41111,-60.886272,-146.52551,-38.278435,227.72414,0.0
2a,2,Right Ankle,1309099,1779734241943,-6.432559,4.596947,1.0528419,-23.033363,-18.60376,-22.822382,90.49622,77.39395,301.38754,0.0
2a,3,Left Wrist,4067035,1779734241948,-1.6723814,-8.032409,-1.9980069,-26.414223,-27.8103,52.399223,-121.070625,-31.901716,342.25192,0.0
2a,1,Left Ankle,4267092,1779734241966,1.46,9.73,-0.58,3.5625,10.0,37.625,-0.65966797,-0.74212646,-0.019470215,-0.117126465
2a,1,Left Ankle,4267110,1779734241976,1.48,10.05,-0.96,3.3125,11.6875,36.5,-0.65844727,-0.74243164,-0.016174316,-0.122680664
2a,1,Left Ankle,4267135,1779734241995,2.11,9.26,-1.01,4.875,15.1875,26.8125,-0.6565552,-0.7428589,-0.01373291,-0.12982178
2a,4,Right Wrist,30270083,1779734241998,-2.0992036,-7.118747,0.60777694,28.285038,39.13111,-48.496273,-146.4766,-38.278324,227.70512,0.0
2a,2,Right Ankle,1309160,1779734242007,-6.212419,1.9193789,-1.2442678,-3.153362,-13.49376,-21.842382,90.72027,77.378456,301.60623,0.0
2a,3,Left Wrist,4067125,1779734242007,2.2255268,-5.857333,-0.23688945,-40.62422,14.8897,72.20922,-121.016525,-31.868496,342.20102,0.0
2a,1,Left Ankle,4267155,1779734242027,3.24,9.5,-0.5,10.9375,13.75,0.875,-0.65515137,-0.74365234,-0.014831543,-0.13232422
2a,1,Left Ankle,4267175,1779734242028,3.59,8.86,-0.17,13.8125,-3.5625,-25.0625,-0.6538086,-0.74505615,-0.017944336,-0.13061523
2a,1,Left Ankle,4267199,1779734242056,1.45,9.33,-1.09,18.25,0.3125,-35.9375,-0.6524658,-0.7468262,-0.022399902,-0.12664795
2a,4,Right Wrist,30270142,1779734242059,-0.9721841,-8.693225,0.9020941,-55.15496,7.4911118,13.593728,-146.44302,-38.261765,227.66817,0.0
2a,2,Right Ankle,1309219,1779734242063,-6.3081317,-0.3777308,-0.8542377,-6.023362,-5.58376,10.217619,90.85781,77.44014,301.7421,0.0
2a,3,Left Wrist,4067214,1779734242068,4.635099,-4.431211,-0.10049855,-1.8442236,0.7496991,14.459221,-120.971664,-31.896479,342.1746,0.0
2a,1,Left Ankle,4267216,1779734242091,2.74,10.43,-1.94,20.1875,11.6875,-46.9375,-0.6505127,-0.7486572,-0.030639648,-0.1239624
2a,1,Left Ankle,4267242,1779734242116,1.8,11.13,-2.62,18.5,19.0,-45.75,-0.64904785,-0.75006104,-0.03894043,-0.120788574
2a,1,Left Ankle,4267259,1779734242117,3.74,13.75,-2.69,17.6875,23.6875,-48.125,-0.6477661,-0.75109863,-0.047729492,-0.1182251
2a,4,Right Wrist,30270203,1779734242124,-3.2310085,-6.5372915,1.3519448,-107.86496,-20.368889,60.49373,-146.43155,-38.22432,227.627,0.0
2a,1,Left Ankle,4267296,1779734242151,6.41,17.48,-2.9,47.5,58.5625,-54.0625,-0.63861084,-0.7562256,-0.07470703,-0.121276855
2a,1,Left Ankle,4267276,1779734242150,4.44,15.52,-3.32,36.25,49.9375,-46.3125,-0.6439209,-0.7531738,-0.060546875,-0.11993408
2a,2,Right Ankle,1309280,1779734242153,-28.896378,-8.860287,4.3238306,-50.68336,9.18624,64.53762,90.770966,77.48121,301.67523,0.0
2a,3,Left Wrist,4067275,1779734242158,7.116456,-5.5725875,-1.538585,28.255777,-17.3103,-39.09078,-120.939896,-31.955173,342.17337,0.0
2a,1,Left Ankle,4267316,1779734242176,5.59,15.73,-4.39,40.5,-1.125,-65.5625,-0.6340332,-0.75964355,-0.08520508,-0.11706543
2a,4,Right Wrist,30270262,1779734242183,-8.768001,-5.659126,1.2873386,-42.62496,-65.44888,56.78373,-146.4221,-38.169147,227.60889,0.0
2a,1,Left Ankle,4267340,1779734242207,0.9,8.27,-3.53,15.875,-3.5,-59.3125,-0.6329956,-0.7609863,-0.09289551,-0.10784912
2a,2,Right Ankle,1309339,1779734242216,-10.9526005,1.459957,0.071784675,3.7066379,-17.41376,37.027622,90.71068,77.54271,301.6138,0.0
2a,1,Left Ankle,4267359,1779734242240,3.41,5.12,-2.29,8.3125,-30.5625,-57.875,-0.6329346,-0.76153564,-0.09851074,-0.09869385
2a,4,Right Wrist,30270323,1779734242240,-13.225828,-5.1422763,1.308874,-86.51496,-35.97889,72.81372,-146.42699,-38.119114,227.58205,0.0
2a,3,Left Wrist,4067438,1779734242248,2.3523464,-7.6854496,-19.121046,-3.0342236,65.4997,-250.35078,-120.98953,-32.001877,342.26904,0.0
2a,1,Left Ankle,4267387,1779734242266,1.9,4.35,1.45,-7.125,-77.1875,-29.5625,-0.63494873,-0.76153564,-0.09649658,-0.0871582
2a,1,Left Ankle,4267404,1779734242267,-0.66,6.73,-0.47,-11.5,-84.6875,-1.3125,-0.6386719,-0.76135254,-0.08557129,-0.07128906
2a,2,Right Ankle,1309429,1779734242278,-8.983308,2.5630481,-0.4953143,-4.973362,-6.9137597,27.64762,90.88609,77.482735,301.7862,0.0
2a,1,Left Ankle,4267420,1779734242299,1.06,4.67,-2.19,5.375,12.125,-2.6875,-0.6383667,-0.7616577,-0.08544922,-0.07104492
2a,4,Right Wrist,30270382,1779734242299,-13.6732855,-5.1781683,-1.3423735,63.215042,-11.478888,45.72373,-146.3853,-38.0751,227.56122,0.0
2a,1,Left Ankle,4267444,1779734242300,2.1,4.79,-6.06,29.6875,111.6875,27.1875,-0.6296997,-0.7647705,-0.09790039,-0.09515381
2a,3,Left Wrist,4067457,1779734242309,2.3786674,-12.131313,-16.302301,6.4857764,51.429703,-260.08078,-121.065186,-32.038074,342.33698,0.0
2a,1,Left Ankle,4267460,1779734242326,4.31,4.23,-6.12,53.3125,151.6875,49.1875,-0.6245117,-0.76672363,-0.10321045,-0.1071167
2a,2,Right Ankle,1309490,1779734242333,-8.839738,2.6802964,0.41156548,-7.283362,13.59624,14.627619,90.74018,77.42268,301.64722,0.0
2a,1,Left Ankle,4267485,1779734242357,3.29,4.29,-5.82,58.0,147.0625,79.1875,-0.6071167,-0.77319336,-0.11212158,-0.14508057
2a,3,Left Wrist,4067514,1779734242368,-6.8432713,-13.691434,-14.423935,-96.064224,67.3897,-243.91078,-121.14119,-32.052578,342.37967,0.0
2a,1,Left Ankle,4267505,1779734242388,0.17,6.42,-1.79,39.0625,69.0,99.9375,-0.59729004,-0.7772827,-0.10900879,-0.16485596
2a,1,Left Ankle,4267521,1779734242390,1.15,6.74,-1.82,26.5,34.25,97.0625,-0.59399414,-0.77905273,-0.10424805,-0.17138672
2a,4,Right Wrist,30270443,1779734242390,-11.227821,-8.262517,2.952743,75.95504,42.351112,32.983727,-146.32109,-38.05875,227.524,0.0
2a,2,Right Ankle,1309549,1779734242394,-8.435351,3.6781034,-0.8805587,6.716638,7.64624,1.677619,90.89444,77.35711,301.79608,0.0
2a,1,Left Ankle,4267544,1779734242419,-2.64,5.68,-3.77,-6.25,-57.375,89.3125,-0.59002686,-0.782959,-0.08178711,-0.17926025
2a,1,Left Ankle,4267565,1779734242420,-5.19,9.06,-2.34,-1.25,-79.75,77.125,-0.5890503,-0.7859497,-0.06329346,-0.17681885
2a,3,Left Wrist,4067575,1779734242436,-10.408577,-7.6088796,-17.180466,-284.99423,171.9697,-24.320782,-121.25695,-32.029865,342.34842,0.0
2a,4,Right Wrist,30270502,1779734242454,-7.698409,-7.76481,2.565106,30.105038,40.111115,30.673729,-146.26892,-38.04331,227.48518,0.0
2a,1,Left Ankle,4267590,1779734242455,-4.55,7.97,-1.03,4.0625,-63.0,65.3125,-0.58721924,-0.7889404,-0.04748535,-0.17456055
2a,2,Right Ankle,1309610,1779734242460,-8.84931,3.4459999,-0.7393822,34.436638,2.8162403,-19.112381,91.05065,77.29952,301.93698,0.0
2a,1,Left Ankle,4267606,1779734242477,-3.12,5.35,2.34,-6.625,-66.9375,48.75,-0.58636475,-0.79089355,-0.034179688,-0.1716919
2a,3,Left Wrist,4067634,1779734242493,-8.252644,-0.83001286,-18.180666,-327.06424,117.8597,152.84923,-121.39741,-31.960068,342.309,0.0
2a,1,Left Ankle,4267626,1779734242509,-1.11,6.49,0.35,-31.1875,-89.875,38.9375,-0.5889282,-0.7910156,-0.01928711,-0.16436768
2a,4,Right Wrist,30270592,1779734242509,-6.767601,-6.54447,3.6873398,-0.20495987,-28.138887,40.823727,-146.23622,-38.010624,227.45996,0.0
2a,1,Left Ankle,4267646,1779734242509,6.06,13.79,4.09,-35.8125,-87.1875,46.1875,-0.59277344,-0.789917,-0.0036621094,-0.15692139
2a,2,Right Ankle,1309669,1779734242516,-9.064663,2.8334372,-0.80159557,10.426638,8.97624,-49.77238,91.26865,77.27084,302.14682,0.0
2a,1,Left Ankle,4267669,1779734242542,27.92,37.06,-3.65,18.125,-41.4375,30.3125,-0.59259033,-0.7910156,0.0072021484,-0.15203857
2a,3,Left Wrist,4067695,1779734242548,-10.422934,8.592923,-12.284752,-310.40424,-20.110302,169.71922,-121.54039,-31.882067,342.3061,0.0
2a,1,Left Ankle,4267711,1779734242568,-14.49,7.36,8.44,-75.5625,-93.0625,-15.4375,-0.60809326,-0.78356934,0.024719238,-0.12475586
2a,1,Left Ankle,4267686,1779734242568,3.83,5.54,0.91,-82.6875,-89.8125,-15.625,-0.5963745,-0.78948975,0.015563965,-0.14404297
2a,4,Right Wrist,30270653,1779734242574,-5.9253273,-6.2381883,3.3978083,-17.21496,-46.47889,34.103725,-146.21268,-37.974216,227.44107,0.0
2a,1,Left Ankle,4267726,1779734242600,0.44,16.72,6.77,-30.625,100.3125,-13.4375,-0.6156616,-0.77630615,0.02331543,-0.13330078
2a,1,Left Ankle,4267746,1779734242600,13.62,8.49,-5.41,-37.8125,45.8125,-155.0625,-0.6195679,-0.774353,-0.0052490234,-0.1282959
2a,2,Right Ankle,1309730,1779734242609,-10.301753,1.3211732,-0.34695926,20.296637,23.04624,-42.14238,91.41719,77.35521,302.2867,0.0
2a,1,Left Ankle,4267770,1779734242626,-0.35,8.66,-0.4,-24.5,95.9375,-44.4375,-0.6225586,-0.7701416,-0.022888184,-0.13684082
2a,4,Right Wrist,30270712,1779734242636,-6.719744,-7.678668,1.9716859,15.33504,-48.998886,-6.0062714,-146.18562,-37.938927,227.4366,0.0
2a,3,Left Wrist,4067754,1779734242641,-9.496912,4.7452636,-1.5074784,-135.68423,-89.7603,-159.49077,-121.637146,-31.892197,342.3796,0.0
2a,1,Left Ankle,4267786,1779734242659,-0.22,9.84,-4.19,-38.0,2.5625,-52.25,-0.6286011,-0.7655029,-0.032470703,-0.13330078
2a,2,Right Ankle,1309820,1779734242667,-7.6241846,0.677504,-3.562913,52.286636,15.836241,-20.44238,91.73115,77.377396,302.57654,0.0
2a,1,Left Ankle,4267808,1779734242693,4.41,10.45,2.2,-11.0,8.125,-59.875,-0.63201904,-0.7630005,-0.039978027,-0.12957764
2a,4,Right Wrist,30270773,1779734242694,-4.8796635,-1.3352953,2.5172493,-11.264959,-68.80888,-2.9962718,-146.18597,-37.905617,227.44563,0.0
2a,1,Left Ankle,4267835,1779734242717,-1.26,10.24,-0.77,-4.75,-37.1875,-40.125,-0.633728,-0.7625122,-0.04522705,-0.12176514
2a,1,Left Ankle,4267854,1779734242718,1.55,9.22,-1.15,7.6875,-50.0,-49.5,-0.63427734,-0.76446533,-0.04626465,-0.10583496
2a,2,Right Ankle,1309879,1779734242727,-3.7693467,3.2186816,-7.2957163,8.746637,9.1162405,-45.43238,92.0562,77.36944,302.89154,0.0
2a,3,Left Wrist,4067918,1779734242729,6.0325074,-11.155043,-11.801401,4.8057766,9.639699,105.24922,-121.73613,-32.107697,342.52594,0.0
2a,1,Left Ankle,4267869,1779734242752,-1.43,10.05,-1.89,11.25,-22.3125,-22.1875,-0.6334839,-0.76501465,-0.048950195,-0.105163574
2a,4,Right Wrist,30270833,1779734242752,-5.4946194,0.09082652,3.5294135,-110.80496,-82.94888,-57.73627,-146.24135,-37.88343,227.48181,0.0
2a,1,Left Ankle,4267894,1779734242753,0.53,9.03,-2.42,10.75,16.0625,-15.875,-0.6315918,-0.7665405,-0.053771973,-0.103393555
2a,1,Left Ankle,4267914,1779734242775,0.65,9.21,-2.37,9.5625,11.8125,-9.8125,-0.630188,-0.7671509,-0.05718994,-0.10498047
2a,2,Right Ankle,1309940,1779734242784,-7.846717,1.7494885,0.3900301,28.346638,-11.95376,-19.18238,91.80733,77.378815,302.63815,0.0
2a,3,Left Wrist,4067938,1779734242788,4.3862457,5.494217,2.8522444,19.855776,110.1597,-26.42078,-121.71394,-32.164967,342.49423,0.0
2a,1,Left Ankle,4267933,1779734242808,0.26,9.57,-2.41,4.8125,1.0,1.8125,-0.62976074,-0.7675781,-0.056762695,-0.105163574
2a,4,Right Wrist,30270892,1779734242810,-11.043574,-1.5147569,5.1349974,-76.64496,13.231112,18.003727,-146.25104,-37.8698,227.46516,0.0
2a,1,Left Ankle,4267969,1779734242841,-0.02,9.19,-1.66,-4.6875,6.125,16.0625,-0.63012695,-0.7671509,-0.053649902,-0.1071167
2a,1,Left Ankle,4267957,1779734242840,-0.3,9.5,-1.93,-1.625,-2.75,10.8125,-0.62976074,-0.7675171,-0.055847168,-0.10559082
2a,2,Right Ankle,1310000,1779734242845,-9.94283,-1.6531054,0.5814559,-9.103362,8.13624,3.007619,91.77168,77.448006,302.6071,0.0
2a,1,Left Ankle,4267994,1779734242866,0.16,9.88,-1.83,-3.1875,16.375,33.9375,-0.6300659,-0.7664795,-0.050231934,-0.11419678
2a,1,Left Ankle,4268014,1779734242868,1.19,9.99,-1.02,1.0625,15.9375,41.75,-0.62890625,-0.7663574,-0.04827881,-0.12176514
2a,4,Right Wrist,30270953,1779734242870,-6.638388,1.2824527,2.9982069,-65.65496,29.751112,28.713728,-146.26042,-37.861675,227.44571,0.0
2a,3,Left Wrist,4067995,1779734242883,12.3328085,-7.259527,-6.491728,-229.69423,74.1097,38.329224,-121.80215,-32.23669,342.47394,0.0
2a,1,Left Ankle,4268039,1779734242901,1.35,9.85,-0.84,4.9375,7.5,50.5,-0.62731934,-0.7669678,-0.043151855,-0.1281128
2a,2,Right Ankle,1310059,1779734242909,-8.734454,-0.10973467,-2.5316064,-12.9533615,-1.7337598,27.787619,92.00159,77.477554,302.83572,0.0
2a,1,Left Ankle,4268056,1779734242926,1.24,9.64,-1.08,10.75,-0.6875,57.625,-0.6248779,-0.7682495,-0.036132812,-0.13415527
2a,4,Right Wrist,30271012,1779734242930,-3.5971103,0.16739772,4.895715,41.65504,22.68111,-2.7862723,-146.23108,-37.86776,227.43379,0.0
2a,1,Left Ankle,4268095,1779734242960,1.55,9.42,-1.45,22.0625,-20.6875,63.6875,-0.6173706,-0.7733154,-0.018188477,-0.14312744
2a,1,Left Ankle,4268085,1779734242960,1.78,9.65,-1.21,17.0,-13.5,59.1875,-0.621521,-0.7704468,-0.027893066,-0.13903809
2a,2,Right Ankle,1310120,1779734242964,-8.665062,0.055370096,-1.9645073,-16.173363,-9.293759,49.48762,92.204926,77.50425,303.0389,0.0
2a,3,Left Wrist,4068054,1779734242968,16.101505,1.3307059,-5.4795637,11.105777,25.4597,155.85922,-121.80446,-32.253254,342.4466,0.0
2a,1,Left Ankle,4268116,1779734242988,1.22,9.54,-1.38,26.1875,-33.5,68.125,-0.6125488,-0.77685547,-0.0068359375,-0.14593506
2a,4,Right Wrist,30271073,1779734242990,-5.341479,-3.1394835,4.2448673,46.13504,15.751112,-10.3462715,-146.1934,-37.863667,227.42053,0.0
2a,1,Left Ankle,4268143,1779734243021,1.38,9.85,-1.26,32.625,-35.25,72.75,-0.60668945,-0.7808838,0.005493164,-0.1486206
2a,1,Left Ankle,4268160,1779734243022,1.75,9.84,-0.13,37.5,-38.8125,74.0625,-0.5999756,-0.7854004,0.018188477,-0.15118408
2a,2,Right Ankle,1310179,1779734243025,-9.325481,0.6607542,-1.5577275,-24.083363,-19.86376,58.65762,92.3868,77.5257,303.22305,0.0
2a,3,Left Wrist,4068144,1779734243034,20.37987,-4.3689976,-6.3984075,194.22577,-13.320301,290.4692,-121.722855,-32.22782,342.3974,0.0
2a,1,Left Ankle,4268176,1779734243052,2.24,10.7,-1.06,35.1875,-48.1875,68.75,-0.5933838,-0.78985596,0.03277588,-0.15136719
2a,4,Right Wrist,30271132,1779734243052,-6.8537426,-6.0730844,1.7922242,11.34504,18.691113,13.313728,-146.15715,-37.84376,227.39479,0.0
2a,1,Left Ankle,4268203,1779734243084,2.05,12.41,1.3,29.875,-59.6875,64.375,-0.58709717,-0.7940674,0.04638672,-0.15039062
2a,1,Left Ankle,4268216,1779734243086,-0.29,13.29,-2.4,12.3125,-65.5625,43.25,-0.583374,-0.7967529,0.061950684,-0.1449585
2a,2,Right Ankle,1310240,1779734243089,-7.746218,2.187375,-0.930808,-28.283363,-26.233759,49.41762,92.564545,77.47896,303.40405,0.0
2a,3,Left Wrist,4068235,1779734243095,12.141384,-5.529516,-9.827322,175.04578,-19.410301,248.46922,-121.70217,-32.201405,342.38525,0.0
2a,1,Left Ankle,4268242,1779734243106,0.67,8.98,-1.25,11.75,-58.25,32.5,-0.58013916,-0.79901123,0.07281494,-0.1404419
2a,4,Right Wrist,30271193,1779734243110,-7.947262,-4.7977095,2.3018954,0.35504007,9.801111,9.533728,-146.13237,-37.823483,227.37598,0.0
2a,1,Left Ankle,4268261,1779734243138,-0.1,10.09,-2.5,7.0625,-38.75,28.9375,-0.57769775,-0.80041504,0.08081055,-0.13800049
2a,1,Left Ankle,4268281,1779734243139,2.57,8.23,-1.29,9.8125,0.5625,16.375,-0.5760498,-0.8010864,0.08331299,-0.1394043
2a,2,Right Ankle,1310299,1779734243144,-8.954594,2.9626496,-0.0023928226,-32.13336,-29.66376,32.40762,92.45809,77.39386,303.30878,0.0
2a,3,Left Wrist,4068294,1779734243162,10.475979,-3.59133,-13.249059,220.68578,-40.130302,196.38922,-121.69143,-32.161625,342.40018,0.0
2a,4,Right Wrist,30271252,1779734243169,-9.524133,-6.0539412,6.5300126,42.70504,-8.678888,-18.536272,-146.10059,-37.81181,227.37123,0.0
2a,1,Left Ankle,4268296,1779734243169,1.08,10.33,-3.48,16.125,81.5,5.875,-0.57458496,-0.8010864,0.07891846,-0.14770508
2a,1,Left Ankle,4268319,1779734243202,-1.34,11.85,6.58,5.5,126.6875,-3.5625,-0.57458496,-0.7992554,0.06677246,-0.16296387
2a,1,Left Ankle,4268336,1779734243202,2.07,11.04,1.22,-10.8125,146.8125,-28.9375,-0.5767822,-0.79522705,0.051330566,-0.17974854
2a,2,Right Ankle,1310360,1779734243209,-8.978521,3.0033276,-0.35413775,-22.613363,-17.20376,8.187618,92.498215,77.31915,303.3543,0.0
2a,3,Left Wrist,4068355,1779734243209,5.226126,-6.5273232,-18.407984,229.78577,-90.0403,128.76923,-121.69307,-32.086525,342.44638,0.0
2a,1,Left Ankle,4268361,1779734243226,5.58,10.59,-3.33,-12.625,91.1875,-79.0,-0.58184814,-0.7907715,0.031311035,-0.1873169
2a,1,Left Ankle,4268376,1779734243226,6.02,7.1,-2.05,-24.625,-1.4375,-79.25,-0.5872803,-0.78845215,0.019592285,-0.1817627
2a,4,Right Wrist,30271313,1779734243235,-9.586346,-8.669297,5.7690954,5.3950396,15.611112,-15.036272,-146.07303,-37.80384,227.3565,0.0
2a,1,Left Ankle,4268396,1779734243258,2.67,6.77,-1.73,-41.25,-44.1875,-68.3125,-0.5942993,-0.7860718,0.015136719,-0.1694336
2a,2,Right Ankle,1310419,1779734243268,-9.021593,3.1086116,-0.2009971,-22.403362,-3.9737597,-9.102381,92.50594,77.24697,303.3692,0.0
2a,1,Left Ankle,4268416,1779734243285,3.14,7.49,-3.51,-38.0,-13.3125,-56.0625,-0.6011963,-0.7827759,0.0107421875,-0.16021729
2a,4,Right Wrist,30271373,1779734243293,-9.129316,-9.305787,5.556134,2.5950398,34.511112,-23.856272,-146.04396,-37.80285,227.3394,0.0
2a,3,Left Wrist,4068415,1779734243299,1.7852473,-5.8310122,-20.085354,71.58577,-133.5803,136.46922,-121.75531,-31.98973,342.50507,0.0
2a,1,Left Ankle,4268443,1779734243318,3.38,8.03,-3.14,-24.875,19.0625,-49.625,-0.6062622,-0.7796631,0.0037231445,-0.15661621
2a,1,Left Ankle,4268457,1779734243318,3.09,7.68,-3.56,-12.0,58.3125,-49.1875,-0.6095581,-0.77679443,-0.007385254,-0.15789795
2a,2,Right Ankle,1310480,1779734243328,-8.827774,2.606119,-0.567099,-15.823362,-3.7637596,-25.132381,92.671104,77.20323,303.53546,0.0
2a,1,Left Ankle,4268477,1779734243351,4.86,6.64,-4.24,1.375,81.8125,-52.0,-0.6109619,-0.77441406,-0.022094727,-0.16290283
2a,4,Right Wrist,30271432,1779734243352,-7.1265244,-8.221839,4.101298,-3.42496,35.84111,-13.216272,-146.0126,-37.799202,227.31696,0.0
2a,3,Left Wrist,4068474,1779734243360,5.5108724,-6.7043924,-15.704095,6.2057767,-108.5903,195.61923,-121.82927,-31.89324,342.5422,0.0
2a,1,Left Ankle,4268505,1779734243376,6.49,4.61,-4.08,-1.0625,64.4375,-38.25,-0.6117554,-0.77227783,-0.035095215,-0.16760254
2a,1,Left Ankle,4268521,1779734243377,7.02,4.53,-3.97,-7.6875,23.0625,-21.375,-0.6130371,-0.7705078,-0.041809082,-0.1696167
2a,2,Right Ankle,1310540,1779734243386,-9.1101265,1.9768066,-0.37088752,-8.123362,-6.56376,-30.452383,92.90132,77.22822,303.76233,0.0
2a,1,Left Ankle,4268548,1779734243408,5.63,5.06,-3.44,-16.9375,-27.25,-3.25,-0.61676025,-0.76898193,-0.037841797,-0.16394043
2a,4,Right Wrist,30271493,1779734243410,-6.765208,-7.2623167,5.2139606,-10.42496,24.36111,5.683728,-145.9827,-37.792057,227.29135,0.0
2a,1,Left Ankle,4268565,1779734243435,5.05,5.4,-2.66,-25.25,-76.625,14.0625,-0.6199951,-0.7684326,-0.028320312,-0.15588379
2a,2,Right Ankle,1310599,1779734243444,-8.997664,1.5867765,0.014356935,-3.363362,-2.2937598,-20.51238,92.82907,77.30657,303.69287,0.0
2a,1,Left Ankle,4268589,1779734243470,1.41,6.13,-0.75,-26.4375,-77.875,16.0625,-0.623291,-0.7677002,-0.01776123,-0.14782715
2a,4,Right Wrist,30271552,1779734243471,-4.951448,-7.3795657,2.5100708,-5.59496,8.261112,4.143728,-145.94862,-37.775234,227.26704,0.0
2a,1,Left Ankle,4268607,1779734243471,0.1,6.77,-0.44,-23.4375,-63.375,8.875,-0.62615967,-0.76678467,-0.010437012,-0.14111328
2a,3,Left Wrist,4068565,1779734243479,7.2695966,-3.0218384,-6.0083776,-79.40423,-100.4703,197.71922,-121.919044,-31.866358,342.56937,0.0
2a,1,Left Ankle,4268624,1779734243499,-0.28,7.13,0.08,-14.25,-16.25,-7.3125,-0.62835693,-0.765625,-0.0079956055,-0.1373291
2a,2,Right Ankle,1310660,1779734243505,-8.727276,0.7205748,0.2009971,1.8866382,8.69624,6.087619,92.78007,77.37519,303.64514,0.0
2a,1,Left Ankle,4268646,1779734243532,11.04,9.99,-14.99,61.625,13.5625,-22.0625,-0.6245117,-0.7689209,-0.0119018555,-0.13635254
2a,4,Right Wrist,30271613,1779734243539,-4.0110693,-7.57817,2.3425734,25.555038,10.711112,6.383728,-145.89992,-37.759556,227.23956,0.0
2a,1,Left Ankle,4268670,1779734243539,5.3,32.26,1.73,-10.0625,-43.25,34.6875,-0.6220093,-0.7715454,-0.008056641,-0.13330078
2a,3,Left Wrist,4068728,1779734243548,4.369496,-1.6986074,-3.333202,21.325777,-81.920296,106.71922,-122.024475,-31.866087,342.61942,0.0
2a,1,Left Ankle,4268691,1779734243561,-2.03,15.19,-0.83,-60.125,-28.75,-130.1875,-0.6305542,-0.76660156,-0.015991211,-0.12036133
2a,2,Right Ankle,1310719,1779734243570,-9.347016,1.6633468,-0.40677986,8.396637,16.74624,24.847618,92.997505,77.41732,303.85565,0.0
2a,1,Left Ankle,4268707,1779734243585,-4.75,-2.62,-2.46,-31.5,-30.25,-92.3125,-0.63848877,-0.7625122,-0.024291992,-0.101379395
2a,1,Left Ankle,4268733,1779734243586,-0.72,7.94,0.6,-33.625,-19.5625,-52.5625,-0.64245605,-0.7595215,-0.032287598,-0.09631348
2a,4,Right Wrist,30271672,1779734243594,-6.238787,-7.3699937,2.160719,50.47504,5.181112,19.683727,-145.84625,-37.73595,227.2122,0.0
2a,3,Left Wrist,4068747,1779734243601,2.4169524,-3.5075815,-3.3643088,22.025776,-77.9303,84.31922,-122.08633,-31.801176,342.66245,0.0
2a,1,Left Ankle,4268751,1779734243620,2.26,15.48,-1.22,-28.75,-4.0625,-29.625,-0.6470337,-0.7562256,-0.034362793,-0.09112549
2a,2,Right Ankle,1310780,1779734243628,-9.076628,2.3524797,-1.1964114,7.346638,17.37624,13.57762,93.26922,77.3935,304.11957,0.0
2a,1,Left Ankle,4268767,1779734243645,-1.42,9.95,-1.24,-35.75,8.625,-42.5,-0.65185547,-0.75213623,-0.039978027,-0.088256836
2a,1,Left Ankle,4268793,1779734243653,-0.53,7.33,1.15,-12.3125,28.125,-36.3125,-0.6546631,-0.7494507,-0.04736328,-0.08673096
2a,4,Right Wrist,30271733,1779734243653,-9.160423,-4.1372905,3.4169507,24.15504,-25.338888,40.753727,-145.81451,-37.702118,227.19257,0.0
2a,1,Left Ankle,4268808,1779734243677,2.65,11.17,-0.65,-6.8125,10.1875,-19.5625,-0.65582275,-0.7481079,-0.05206299,-0.08673096
2a,2,Right Ankle,1310839,1779734243684,-9.622191,2.0796978,-0.768096,16.866638,13.80624,-5.182381,93.54666,77.39748,304.38565,0.0
2a,1,Left Ankle,4268833,1779734243711,0.82,10.65,-0.34,-11.8125,-29.6875,-6.3125,-0.6582031,-0.7467041,-0.050048828,-0.08190918
2a,1,Left Ankle,4268853,1779734243711,-1.78,9.56,-0.64,-7.3125,-30.8125,4.8125,-0.65875244,-0.746521,-0.047973633,-0.08026123
2a,4,Right Wrist,30271792,1779734243711,-13.850355,-2.184747,3.3427732,-46.47496,-21.138887,49.01373,-145.81384,-37.66664,227.17429,0.0
2a,1,Left Ankle,4268872,1779734243735,-0.25,9.55,-1.32,-0.5625,-5.875,9.75,-0.65893555,-0.746521,-0.045715332,-0.079711914
2a,2,Right Ankle,1310900,1779734243745,-11.318702,1.5437057,-2.7565317,-11.2033615,16.11624,-27.232382,93.82799,77.42335,304.6654,0.0
2a,1,Left Ankle,4268893,1779734243769,0.29,10.33,-1.54,-0.6875,5.75,20.375,-0.6586914,-0.74658203,-0.043823242,-0.082336426
2a,4,Right Wrist,30271853,1779734243769,-10.210872,0.7105682,2.3114667,-24.354961,41.02111,11.143728,-145.81128,-37.658638,227.15862,0.0
2a,1,Left Ankle,4268914,1779734243796,0.96,9.82,-0.75,-3.8125,-4.9375,24.375,-0.65875244,-0.74645996,-0.040649414,-0.0847168
2a,1,Left Ankle,4268935,1779734243796,0.65,9.82,-0.66,-6.4375,-17.9375,29.0,-0.659729,-0.7461548,-0.029663086,-0.084472656
2a,2,Right Ankle,1310959,1779734243804,-7.375331,1.4623498,-1.0767702,-35.84336,-0.053759813,-25.622381,94.07254,77.43847,304.9164,0.0
2a,1,Left Ankle,4268955,1779734243829,-0.47,10.01,-0.57,0.4375,-5.375,33.625,-0.65948486,-0.74627686,-0.024291992,-0.0871582
2a,1,Left Ankle,4268973,1779734243829,0.7,9.38,-0.6,3.875,1.8125,34.125,-0.6589966,-0.746521,-0.022277832,-0.08917236
2a,4,Right Wrist,30271913,1779734243829,-5.7219377,-1.7109681,2.4885356,63.28504,64.19111,-47.16627,-145.77518,-37.670376,227.15086,0.0
2a,1,Left Ankle,4269000,1779734243860,1.13,9.43,-0.67,7.6875,0.0,37.1875,-0.6567993,-0.74780273,-0.015930176,-0.09576416
2a,2,Right Ankle,1311020,1779734243863,-6.9063373,3.627854,-1.3758731,-20.023361,-17.69376,-35.49238,94.192894,77.38833,305.03958,0.0
2a,3,Left Wrist,4068804,1779734243869,-2.194017,-6.7666054,-6.068198,-4.7142234,-70.6503,49.24922,-122.11534,-31.700731,342.68683,0.0
2a,1,Left Ankle,4269013,1779734243887,1.27,9.78,-0.69,8.625,-3.625,36.9375,-0.6559448,-0.74835205,-0.0134887695,-0.097595215
2a,4,Right Wrist,30271972,1779734243894,-2.9821553,-4.57757,1.3399806,1.12504,53.41111,-46.46627,-145.74265,-37.675396,227.13356,0.0
2a,1,Left Ankle,4269037,1779734243919,1.61,9.41,-0.91,13.75,-4.0625,33.6875,-0.652771,-0.7505493,-0.0063476562,-0.10253906
2a,1,Left Ankle,4269057,1779734243919,1.81,9.56,-1.15,13.8125,-7.0,26.1875,-0.6505127,-0.75219727,-0.002319336,-0.10479736
2a,2,Right Ankle,1311080,1779734243923,-7.1862974,1.0531771,0.9523434,44.026638,-13.913759,-30.872381,93.97642,77.42703,304.8124,0.0
2a,1,Left Ankle,4269076,1779734243945,1.73,9.64,-1.22,13.3125,-6.375,17.125,-0.64849854,-0.7537842,6.713867E-4,-0.10620117
2a,4,Right Wrist,30272033,1779734243954,-1.7115664,-4.6637115,1.2227323,-33.31496,22.121113,-6.566272,-145.71196,-37.66657,227.10574,0.0
2a,1,Left Ankle,4269118,1779734243979,1.7,9.38,-0.81,18.1875,0.6875,-2.75,-0.6442871,-0.7573242,0.0017089844,-0.10668945
2a,1,Left Ankle,4269099,1779734243979,2.13,9.31,-1.14,14.6875,-3.5625,7.3125,-0.6464844,-0.7554321,0.0020751953,-0.10662842
2a,2,Right Ankle,1311139,1779734243988,-5.9779224,-0.4399442,-0.09092726,43.81664,-18.04376,-1.6823812,93.98785,77.50267,304.80728,0.0
2a,3,Left Wrist,4069072,1779734243989,2.4552374,-6.2545424,-0.13878371,-23.824223,44.9197,47.289223,-121.98549,-31.507076,342.59882,0.0
2a,1,Left Ankle,4269137,1779734244005,1.82,9.76,-0.53,19.375,2.9375,-1.125,-0.6418457,-0.7593384,7.9345703E-4,-0.10681152
2a,4,Right Wrist,30272092,1779734244012,-0.8022937,-4.998707,0.6484549,11.48504,-1.748888,26.893728,-145.65558,-37.644096,227.06789,0.0
2a,1,Left Ankle,4269157,1779734244037,1.81,8.77,-1.7,21.6875,0.875,-2.3125,-0.63916016,-0.7615967,0.0,-0.10681152
2a,1,Left Ankle,4269177,1779734244038,2.33,9.3,-1.56,19.3125,-2.25,0.0625,-0.63671875,-0.76379395,4.8828125E-4,-0.10595703
2a,2,Right Ankle,1311200,1779734244047,-21.849516,3.5273557,-1.8233309,-140.28336,-22.313759,46.687622,94.12721,77.523575,304.98923,0.0
2a,1,Left Ankle,4269213,1779734244071,0.93,9.93,-0.96,19.375,11.625,-5.8125,-0.63183594,-0.76763916,-0.0032348633,-0.107299805
2a,1,Left Ankle,4269194,1779734244071,1.31,10.11,-1.29,19.125,5.1875,-4.125,-0.63427734,-0.7658081,-4.8828125E-4,-0.10601807
2a,1,Left Ankle,4269235,1779734244096,1.57,9.92,-1.37,22.6875,21.6875,-4.5625,-0.62908936,-0.76953125,-0.0067749023,-0.109558105
2a,4,Right Wrist,30272153,1779734244103,-2.5490544,-3.9793644,-0.37806597,-31.70496,-27.998888,43.413727,-145.62646,-37.595337,227.0378,0.0
2a,2,Right Ankle,1311259,1779734244103,-7.262868,3.9915633,-0.6221339,21.486637,-23.57376,63.90762,94.13912,77.42719,304.99142,0.0
2a,3,Left Wrist,4069165,1779734244109,4.245069,-6.3215413,-1.7563318,24.965776,49.679703,23.559221,-121.90517,-31.518345,342.54514,0.0
2a,1,Left Ankle,4269260,1779734244129,1.35,9.39,-1.55,22.25,7.1875,4.125,-0.62609863,-0.7717285,-0.008117676,-0.111328125
2a,4,Right Wrist,30272212,1779734244162,-9.902197,-2.5077784,4.034299,-26.664959,-52.778885,75.543724,-145.61357,-37.54883,227.01526,0.0
2a,1,Left Ankle,4269301,1779734244161,1.82,10.93,-2.9,29.9375,2.875,20.8125,-0.61932373,-0.7769165,-0.0043945312,-0.113342285
2a,1,Left Ankle,4269278,1779734244161,1.8,9.78,-2.34,20.875,-9.375,11.4375,-0.62323,-0.7739868,-0.006591797,-0.111694336
2a,2,Right Ankle,1311320,1779734244163,-9.866259,3.8384225,0.72263247,5.5266376,-32.60376,41.50762,93.92249,77.35844,304.7754,0.0
2a,3,Left Wrist,4069358,1779734244170,-5.259223,-5.5989084,-9.341579,14.045776,-24.8703,55.47922,-121.90284,-31.362925,342.57007,0.0
2a,1,Left Ankle,4269318,1779734244186,1.69,12.57,-1.71,30.0,19.875,29.75,-0.6147461,-0.7798462,-0.0029907227,-0.11804199
2a,1,Left Ankle,4269341,1779734244219,2.32,10.77,-1.64,21.0625,31.5,28.9375,-0.6109619,-0.78167725,-0.0025024414,-0.12512207
2a,4,Right Wrist,30272302,1779734244219,-12.936297,-0.15084815,4.065406,60.41504,43.05111,-34.496273,-145.5875,-37.551567,227.01337,0.0
2a,1,Left Ankle,4269359,1779734244219,3.02,10.5,-2.58,4.6875,14.25,28.875,-0.60913086,-0.78222656,-0.0010375977,-0.1305542
2a,2,Right Ankle,1311379,1779734244226,-8.825381,2.9506855,0.8877372,-19.393362,-9.923759,17.847618,93.690285,77.31521,304.55457,0.0
2a,1,Left Ankle,4269384,1779734244246,2.84,10.42,-4.29,-4.875,10.75,30.9375,-0.60913086,-0.7816162,0.0033569336,-0.13409424
2a,3,Left Wrist,4069376,1779734244260,-5.323829,-5.4505534,-10.040283,26.505777,-2.0503006,69.12922,-121.92959,-31.278265,342.5784,0.0
2a,1,Left Ankle,4269404,1779734244278,2.42,8.36,-3.26,-10.6875,-11.4375,32.75,-0.60980225,-0.78009033,0.009887695,-0.13964844
2a,4,Right Wrist,30272363,1779734244279,-9.7418785,-6.039584,3.4935212,18.27504,52.851112,-77.19627,-145.5686,-37.56222,227.0151,0.0
2a,1,Left Ankle,4269423,1779734244279,1.44,8.49,-2.19,-14.25,-20.75,35.0625,-0.6109009,-0.7789917,0.017333984,-0.14025879
2a,2,Right Ankle,1311440,1779734244288,-8.964165,2.7640455,-0.050249275,-13.093363,-1.9437598,-9.452381,93.62504,77.24497,304.4953,0.0
2a,1,Left Ankle,4269448,1779734244312,-0.8,7.98,-0.91,-16.5625,-16.0625,26.125,-0.6123657,-0.7775879,0.023071289,-0.14086914
2a,3,Left Wrist,4069434,1779734244320,-0.8109651,-6.4746814,-8.822337,-31.804222,45.2697,103.07922,-121.97013,-31.194355,342.56595,0.0
2a,1,Left Ankle,4269465,1779734244339,-2.51,8.16,-0.3,-15.9375,-14.0,18.0625,-0.6140137,-0.7761841,0.028259277,-0.14050293
2a,1,Left Ankle,4269485,1779734244339,-3.02,8.31,-1.09,-17.625,-14.1875,4.3125,-0.61608887,-0.7746582,0.031311035,-0.13922119
2a,4,Right Wrist,30272422,1779734244348,-7.238987,-8.762617,3.07717,-45.84496,39.13111,-61.51627,-145.56123,-37.565845,227.00877,0.0
2a,2,Right Ankle,1311500,1779734244348,-8.844523,2.2806952,0.035892338,-15.053362,-2.71376,-24.992382,93.44846,77.19832,304.32812,0.0
2a,1,Left Ankle,4269509,1779734244373,-0.8,7.23,-1.29,-7.0,5.5625,-19.4375,-0.6175537,-0.7737427,0.029663086,-0.13781738
2a,3,Left Wrist,4069525,1779734244380,5.092128,-2.6940217,-4.989035,-59.314224,14.3997,73.049225,-122.05256,-31.21523,342.58273,0.0
2a,1,Left Ankle,4269525,1779734244397,-0.23,7.32,-2.23,1.375,25.9375,-31.3125,-0.6185303,-0.7732544,0.024169922,-0.13726807
2a,4,Right Wrist,30272483,1779734244404,-4.8772707,-7.472885,1.9597218,-21.06496,19.671112,-37.50627,-145.53944,-37.558414,226.99649,0.0
2a,2,Right Ankle,1311560,1779734244405,-8.5980625,1.6083119,-0.63888365,-21.423363,1.2762402,-26.672382,93.67802,77.23619,304.5595,0.0
2a,1,Left Ankle,4269555,1779734244430,1.75,6.2,-2.77,9.25,32.875,-44.6875,-0.6185913,-0.77349854,0.015136719,-0.13720703
2a,1,Left Ankle,4269569,1779734244430,2.44,5.96,-2.6,8.9375,21.3125,-43.9375,-0.61846924,-0.7739868,0.0064086914,-0.13580322
2a,3,Left Wrist,4069584,1779734244438,5.757333,-1.7775706,-4.4721856,39.87578,-17.7303,43.789223,-122.0987,-31.253044,342.61145,0.0
2a,1,Left Ankle,4269585,1779734244457,3.12,5.9,-1.81,5.375,-0.625,-41.25,-0.6185303,-0.77453613,2.4414062E-4,-0.13214111
2a,4,Right Wrist,30272542,1779734244464,-3.783751,-8.647761,2.6775687,-3.84496,-9.728888,0.22372794,-145.50375,-37.539204,226.9754,0.0
2a,2,Right Ankle,1311620,1779734244464,-8.971343,1.3546728,-0.09092726,-4.273362,1.5562402,-8.682381,93.68171,77.314384,304.56476,0.0
2a,1,Left Ankle,4269608,1779734244488,1.92,6.07,-1.3,-2.0625,-23.4375,-34.8125,-0.61938477,-0.7749634,-0.0026855469,-0.12573242
2a,1,Left Ankle,4269633,1779734244488,12.26,5.91,0.82,-15.5,-25.375,-45.875,-0.62298584,-0.7735596,-0.008117676,-0.11590576
2a,1,Left Ankle,4269654,1779734244519,8.54,4.97,1.23,-9.5,7.625,-9.1875,-0.6237793,-0.7723999,-0.009216309,-0.11920166
2a,4,Right Wrist,30272602,1779734244519,-4.07089,-9.145468,2.9814572,13.23504,-33.528885,32.773727,-145.45883,-37.50704,226.94864,0.0
2a,2,Right Ankle,1311679,1779734244523,-9.105342,1.0842838,0.3589234,2.166638,8.06624,14.977619,93.56917,77.370316,304.45474,0.0
2a,1,Left Ankle,4269672,1779734244545,-3.56,24.81,-10.34,39.875,64.5,48.5625,-0.62060547,-0.77386475,-0.0099487305,-0.12609863
2a,3,Left Wrist,4069645,1779734244558,5.44148,-1.8206414,-3.4217362,61.505775,-18.430302,18.86922,-122.12668,-31.30614,342.63876,0.0
2a,1,Left Ankle,4269693,1779734244579,13.76,30.6,-0.25,15.125,4.5,-94.4375,-0.61621094,-0.7774048,-0.018310547,-0.12487793
2a,1,Left Ankle,4269712,1779734244579,-1.81,3.73,0.03,-76.0,-68.9375,-79.8125,-0.6262207,-0.77178955,-0.025756836,-0.107177734
2a,4,Right Wrist,30272663,1779734244579,-8.98814,-8.736296,2.7014968,-26.31496,-46.19889,53.35373,-145.43544,-37.460926,226.92389,0.0
2a,2,Right Ankle,1311740,1779734244583,-9.265661,1.3833866,-0.29671,6.8566375,18.356241,16.937618,93.701866,77.43458,304.5832,0.0
2a,1,Left Ankle,4269736,1779734244606,-7.43,0.49,-5.25,-28.375,-37.3125,-74.0,-0.63531494,-0.7661743,-0.031066895,-0.091552734
2a,4,Right Wrist,30272722,1779734244642,-16.901203,-3.898008,0.8997013,-76.08496,-16.588888,47.33373,-145.44554,-37.420647,226.90567,0.0
2a,1,Left Ankle,4269759,1779734244649,-0.11,8.98,0.03,-29.125,-38.0625,-27.8125,-0.6394043,-0.7635498,-0.029724121,-0.08526611
2a,1,Left Ankle,4269772,1779734244649,0.53,14.41,-0.51,-25.3125,-6.5625,-14.625,-0.6411133,-0.76220703,-0.030456543,-0.08441162
2a,1,Left Ankle,4269795,1779734244672,-1.03,9.86,-3.25,-27.75,31.0625,-15.3125,-0.6461792,-0.75720215,-0.037231445,-0.087768555
2a,2,Right Ankle,1311799,1779734244673,-9.136448,2.83583,-1.253839,9.516638,7.7162404,-4.622381,93.93453,77.39809,304.80768,0.0
2a,3,Left Wrist,4069735,1779734244680,-0.10508242,-4.3426766,-8.391629,90.13577,-28.4403,4.6592216,-122.16373,-31.25027,342.6808,0.0
2a,1,Left Ankle,4269816,1779734244695,1.29,8.17,-0.73,-13.625,11.5625,-1.4375,-0.64801025,-0.755188,-0.040222168,-0.09039307
2a,1,Left Ankle,4269838,1779734244697,2.97,10.53,-0.17,-17.875,-40.3125,1.0,-0.65026855,-0.7537842,-0.03692627,-0.08703613
2a,4,Right Wrist,30272783,1779734244707,-13.54168,-1.3209382,4.5822554,-69.43496,61.321114,11.143728,-145.44931,-37.419285,226.88103,0.0
2a,1,Left Ankle,4269855,1779734244730,0.54,10.27,-0.21,-17.375,-54.375,2.875,-0.6529541,-0.75250244,-0.030273438,-0.08050537
2a,2,Right Ankle,1311860,1779734244737,-9.342231,1.9935564,0.035892338,24.076637,9.88624,-23.032381,93.73774,77.433716,304.60828,0.0
2a,3,Left Wrist,4069928,1779734244737,0.44287354,-6.067902,-3.333202,-70.23423,-8.140301,103.84922,-122.18946,-31.044966,342.65268,0.0
2a,1,Left Ankle,4269877,1779734244755,-0.56,9.44,-0.4,-6.5,-30.25,6.3125,-0.65423584,-0.75201416,-0.02545166,-0.07635498
2a,1,Left Ankle,4269900,1779734244764,0.22,9.6,-0.89,-1.125,-10.4375,13.6875,-0.6543579,-0.7520752,-0.022338867,-0.0758667
2a,4,Right Wrist,30272842,1779734244764,-8.791929,-1.7923242,3.5030923,9.31504,95.48112,-37.086273,-145.42757,-37.43778,226.86325,0.0
2a,1,Left Ankle,4269914,1779734244789,0.57,9.83,-1.31,-1.625,-7.375,17.0625,-0.65448,-0.75201416,-0.017944336,-0.075927734
2a,2,Right Ankle,1311950,1779734244797,-9.4475155,0.8617514,-1.5768701,25.686638,10.586241,-40.11238,94.00145,77.48457,304.85797,0.0
2a,3,Left Wrist,4069947,1779734244797,0.8927245,-5.697014,-2.6656044,-69.534225,-6.250301,95.02922,-122.17867,-30.94671,342.62103,0.0
2a,1,Left Ankle,4269938,1779734244822,0.53,9.84,-1.94,-5.0,-15.8125,24.0,-0.6547241,-0.75183105,-0.01361084,-0.07672119
2a,1,Left Ankle,4269958,1779734244822,0.65,10.01,-1.58,-8.25,-21.75,28.3125,-0.6553955,-0.75128174,-0.007751465,-0.07720947
2a,4,Right Wrist,30272903,1779734244822,-4.3006005,-3.2471607,1.9046868,21.84504,83.581116,-53.886272,-145.39478,-37.45405,226.84709,0.0
2a,1,Left Ankle,4269975,1779734244846,0.82,9.93,-1.21,-8.0625,-19.75,29.75,-0.6560669,-0.7506714,-0.0015258789,-0.077819824
2a,1,Left Ankle,4269995,1779734244848,0.85,9.68,-0.72,-3.25,-8.25,26.375,-0.65631104,-0.7503052,0.0032958984,-0.0793457
2a,2,Right Ankle,1312009,1779734244856,-8.562171,1.2398173,-1.6965113,2.9366384,-0.75375986,-19.60238,94.25916,77.50961,305.1086,0.0
2a,4,Right Wrist,30272962,1779734244883,-1.8288145,-4.35743,0.971486,55.09504,35.63111,-42.75627,-145.33997,-37.454018,226.8296,0.0
2a,1,Left Ankle,4270014,1779734244882,1.22,9.51,-0.44,-0.6875,-2.5625,24.9375,-0.65600586,-0.7503662,0.0072021484,-0.08135986
2a,1,Left Ankle,4270039,1779734244905,1.44,9.65,-0.1,5.625,6.4375,17.9375,-0.65509033,-0.75079346,0.009033203,-0.084228516
2a,2,Right Ankle,1312070,1779734244914,-6.7938747,4.3552723,0.59342,16.306637,-25.393759,3.357619,94.123276,77.443306,304.96848,0.0
2a,3,Left Wrist,4070108,1779734244918,2.9050884,-5.90519,-0.94037926,13.835776,-7.580301,36.579224,-122.05984,-30.881147,342.54178,0.0
2a,1,Left Ankle,4270060,1779734244942,1.53,9.63,-0.95,7.875,9.8125,7.9375,-0.65405273,-0.7514038,0.009338379,-0.08660889
2a,1,Left Ankle,4270076,1779734244942,3.45,9.23,-1.03,8.4375,6.9375,-8.9375,-0.65301514,-0.7522583,0.0076904297,-0.08709717
2a,4,Right Wrist,30273023,1779734244949,-0.7257234,-6.3985076,0.9499506,30.735039,-9.938889,1.133728,-145.28319,-37.43595,226.80293,0.0
2a,1,Left Ankle,4270101,1779734244967,1.87,9.27,-0.5,7.75,-4.8125,-18.1875,-0.6522827,-0.7531738,0.0057373047,-0.08496094
2a,2,Right Ankle,1312129,1779734244974,-5.217005,0.10801218,-2.0841484,-6.233362,-11.39376,3.777619,94.36822,77.46675,305.2088,0.0
2a,1,Left Ankle,4270121,1779734244998,0.78,9.75,-1.35,10.75,-5.75,-28.9375,-0.6514282,-0.7543335,0.0029907227,-0.08123779
2a,4,Right Wrist,30273083,1779734245006,-1.4004995,-6.9536433,1.2658032,-10.3549595,-29.678888,47.823727,-145.23596,-37.401928,226.76581,0.0
2a,1,Left Ankle,4270136,1779734245007,1.17,10.26,-1.12,11.625,2.8125,-35.375,-0.6503906,-0.75561523,-0.0015869141,-0.07751465
2a,1,Left Ankle,4270156,1779734245033,1.54,10.63,-0.32,15.125,13.25,-41.25,-0.6491089,-0.75701904,-0.0079956055,-0.07458496
2a,3,Left Wrist,4070126,1779734245039,3.0749786,-6.134901,-1.0767702,5.6457767,-9.1203,36.509224,-121.99546,-30.861547,342.50626,0.0
2a,2,Right Ankle,1312190,1779734245039,-5.406038,-1.0883992,-0.91405827,-33.88336,-6.56376,15.467619,94.48926,77.52967,305.33795,0.0
2a,1,Left Ankle,4270183,1779734245058,-0.01,9.27,-1.57,11.0,14.625,-43.6875,-0.6480713,-0.75805664,-0.015380859,-0.0713501
2a,1,Left Ankle,4270202,1779734245060,-0.99,9.12,-1.89,14.375,18.9375,-29.5625,-0.6466675,-0.7592163,-0.021606445,-0.07019043
2a,4,Right Wrist,30273143,1779734245060,-3.3147576,-6.8316092,0.945165,-47.59496,-28.978888,72.81372,-145.20245,-37.356537,226.72337,0.0
2a,1,Left Ankle,4270216,1779734245092,0.36,10.06,-1.47,15.9375,26.3125,-11.875,-0.6446533,-0.76068115,-0.026428223,-0.0715332
2a,1,Left Ankle,4270236,1779734245099,0.94,10.32,-1.78,15.625,27.625,-6.0,-0.6425171,-0.76208496,-0.030639648,-0.074157715
2a,2,Right Ankle,1312250,1779734245100,-15.8554945,-7.9964776,-6.013163,-122.01336,-23.85376,120.39761,94.57785,77.55269,305.4635,0.0
2a,1,Left Ankle,4270258,1779734245116,-1.6,10.09,-1.11,16.0,32.1875,11.625,-0.6402588,-0.7633667,-0.03338623,-0.07861328
2a,4,Right Wrist,30273203,1779734245125,-12.7353,-3.345266,0.29192436,-55.43496,-62.928886,75.82372,-145.20578,-37.295933,226.70631,0.0
2a,3,Left Wrist,4070288,1779734245132,-1.1220324,-8.728721,-6.0083776,75.855774,-40.4103,-75.77078,-121.93683,-30.814919,342.5132,0.0
2a,1,Left Ankle,4270281,1779734245147,-1.33,9.8,-1.52,16.6875,43.625,28.1875,-0.63757324,-0.7647095,-0.03491211,-0.086364746
2a,2,Right Ankle,1312310,1779734245154,-11.380916,-0.25808966,-2.1008983,32.826637,-20.28376,30.23762,94.760376,77.59603,305.62885,0.0
2a,1,Left Ankle,4270303,1779734245179,0.78,9.71,-1.94,13.3125,38.3125,47.6875,-0.6347656,-0.7659302,-0.033996582,-0.09631348
2a,1,Left Ankle,4270318,1779734245180,0.62,10.02,-1.4,10.25,27.125,61.5625,-0.6322632,-0.76690674,-0.029663086,-0.10620117
2a,4,Right Wrist,30273262,1779734245182,-17.504196,1.4092718,5.410172,-4.33496,11.551111,35.15373,-145.1943,-37.27651,226.6886,0.0
2a,3,Left Wrist,4070334,1779734245194,-8.594817,-11.061723,-12.729816,3.6157765,-49.6503,16.069221,-121.96781,-30.73243,342.5398,0.0
2a,1,Left Ankle,4270344,1779734245211,0.89,9.82,-1.21,10.75,31.875,66.3125,-0.62805176,-0.76812744,-0.022216797,-0.1227417
2a,2,Right Ankle,1312370,1779734245214,-10.404644,2.6491897,0.21774687,-6.163362,-20.563759,6.647619,94.502495,77.5584,305.37753,0.0
2a,1,Left Ankle,4270361,1779734245239,1.85,9.22,-1.01,11.3125,37.625,66.6875,-0.6265259,-0.7684326,-0.020019531,-0.12872314
2a,1,Left Ankle,4270383,1779734245240,2.33,9.64,-1.46,7.375,36.3125,66.0625,-0.6230469,-0.76867676,-0.011047363,-0.14440918
2a,4,Right Wrist,30273323,1779734245240,-13.230615,0.47846392,2.926422,43.265038,80.081116,-40.866272,-145.17264,-37.289215,226.68124,0.0
2a,3,Left Wrist,4070395,1779734245249,-4.527019,-7.6543436,-10.645668,-69.744225,-24.8003,109.58922,-122.02308,-30.628096,342.54446,0.0
2a,1,Left Ankle,4270403,1779734245273,2.75,8.61,-0.86,1.8125,27.3125,59.875,-0.62145996,-0.7680664,-0.0063476562,-0.1541748
2a,2,Right Ankle,1312429,1779734245273,-9.598264,1.794952,-0.059820566,-18.343363,-0.9637598,-16.452381,94.41319,77.633545,305.29663,0.0
2a,1,Left Ankle,4270420,1779734245297,2.04,8.59,-1.13,-2.8125,31.625,54.9375,-0.6211548,-0.7675781,-0.003112793,-0.15808105
2a,1,Left Ankle,4270445,1779734245328,2.95,8.01,-3.12,0.5,39.8125,47.125,-0.6192627,-0.7659302,2.4414062E-4,-0.1729126
2a,4,Right Wrist,30273382,1779734245329,-6.789136,-6.2477603,1.4715859,42.98504,96.181114,-77.33627,-145.1331,-37.307827,226.66876,0.0
2a,1,Left Ankle,4270463,1779734245329,3.92,7.83,-3.2,2.0625,22.625,37.9375,-0.618103,-0.76556396,0.0032348633,-0.17840576
2a,2,Right Ankle,1312490,1779734245335,-9.1508045,1.3809937,-0.27756742,-8.963362,-2.4337597,-13.022381,94.504456,77.709755,305.38873,0.0
2a,1,Left Ankle,4270486,1779734245357,2.82,8.18,-2.24,-5.25,-26.375,17.625,-0.618042,-0.76568604,0.008300781,-0.17797852
2a,1,Left Ankle,4270508,1779734245392,2.68,8.0,-1.7,-4.625,-27.125,5.6875,-0.61834717,-0.76605225,0.012512207,-0.1751709
2a,4,Right Wrist,30273443,1779734245392,-2.9438698,-8.19791,1.6199409,40.88504,66.431114,-64.38628,-145.0817,-37.321022,226.65038,0.0
2a,1,Left Ankle,4270524,1779734245392,1.9,8.11,-0.86,-4.9375,-21.25,-8.125,-0.6189575,-0.76623535,0.014221191,-0.1720581
2a,2,Right Ankle,1312549,1779734245395,-8.712918,0.9885709,-0.2847459,-21.493362,2.8162403,13.227619,94.58172,77.77819,305.4717,0.0
2a,1,Left Ankle,4270545,1779734245423,2.48,7.91,0.23,-4.625,-16.1875,-25.75,-0.6201782,-0.76623535,0.013427734,-0.16748047
2a,1,Left Ankle,4270566,1779734245447,3.32,9.33,-0.08,-5.9375,-18.5,-44.3125,-0.6220093,-0.7661743,0.010498047,-0.1609497
2a,1,Left Ankle,4270591,1779734245448,4.48,10.62,-1.78,1.75,-15.75,-61.8125,-0.6236572,-0.7666626,0.0048217773,-0.15258789
2a,2,Right Ankle,1312610,1779734245459,-9.043128,1.5939549,-0.22971097,2.6566377,-5.1637597,41.15762,94.66916,77.83525,305.55566,0.0
2a,3,Left Wrist,4070455,1779734245459,2.029315,-5.115558,-5.4029937,-91.58423,-22.3503,122.81923,-122.09972,-30.53958,342.5533,0.0
2a,1,Left Ankle,4270607,1779734245483,4.89,13.06,-3.68,7.4375,-0.9375,-74.6875,-0.62438965,-0.76763916,-0.0040893555,-0.14453125
2a,4,Right Wrist,30273533,1779734245484,-0.96500576,-10.483057,2.376073,-15.18496,-5.8088875,-25.256271,-145.04707,-37.31248,226.63286,0.0
2a,1,Left Ankle,4270633,1779734245508,7.66,11.33,-5.93,-1.625,5.25,-88.1875,-0.6270752,-0.7672119,-0.022155762,-0.13275146
2a,2,Right Ankle,1312669,1779734245518,-8.466457,1.9265573,0.29192436,-9.173362,2.11624,40.66762,94.413445,77.8127,305.30872,0.0
2a,1,Left Ankle,4270652,1779734245517,1.86,13.98,-4.78,3.3125,-4.4375,-67.6875,-0.6276245,-0.767334,-0.026367188,-0.12890625
2a,3,Left Wrist,4070721,1779734245519,8.164513,-9.819847,-9.51147,118.20577,11.669699,-168.80078,-122.09283,-30.673546,342.5714,0.0
2a,1,Left Ankle,4270671,1779734245541,7.56,15.28,-4.56,25.25,2.625,-90.375,-0.6265869,-0.76885986,-0.03967285,-0.121154785
2a,4,Right Wrist,30273592,1779734245541,-1.9508487,-9.164611,3.723232,-46.54496,-57.678886,17.093727,-145.0271,-37.282703,226.61618,0.0
2a,1,Left Ankle,4270694,1779734245566,5.36,16.92,-4.24,23.0625,12.625,-74.875,-0.6251221,-0.7704468,-0.050842285,-0.11425781
2a,1,Left Ankle,4270712,1779734245566,3.42,10.8,-5.89,15.25,12.8125,-74.375,-0.62402344,-0.77142334,-0.06286621,-0.107666016
2a,2,Right Ankle,1312730,1779734245575,-8.973736,2.3405156,-0.04785645,-8.683362,1.9762402,21.417618,94.300575,77.73605,305.2014,0.0
2a,1,Left Ankle,4270738,1779734245600,2.86,7.02,-5.76,15.125,-3.6875,-62.3125,-0.62298584,-0.7727051,-0.074157715,-0.09637451
2a,4,Right Wrist,30273682,1779734245601,-9.483455,-4.319145,3.6873398,-12.52496,-79.86889,76.24372,-145.0089,-37.22613,226.59787,0.0
2a,3,Left Wrist,4070740,1779734245609,7.980265,-12.145671,-10.064212,88.59577,34.2797,-234.81078,-122.14289,-30.721037,342.64145,0.0
2a,1,Left Ankle,4270755,1779734245627,-1.07,4.35,-4.03,4.625,-82.875,-33.625,-0.62384033,-0.77386475,-0.0713501,-0.08276367
2a,2,Right Ankle,1312790,1779734245633,-8.487993,3.5441053,-1.0097711,-8.963362,8.48624,9.167619,94.4415,77.66719,305.3427,0.0
2a,1,Left Ankle,4270778,1779734245664,1.77,3.15,-5.6,6.4375,-112.8125,-9.0625,-0.6243286,-0.7756958,-0.06262207,-0.06744385
2a,4,Right Wrist,30273743,1779734245664,-9.832807,-0.44037938,3.144169,-57.67496,-87.638885,130.63373,-145.00685,-37.15802,226.56866,0.0
2a,1,Left Ankle,4270800,1779734245665,-2.84,4.07,-1.2,22.6875,-127.6875,5.8125,-0.6234131,-0.77874756,-0.048828125,-0.050476074
2a,3,Left Wrist,4070815,1779734245669,4.379067,-9.439389,-23.662622,-213.10423,209.97969,-279.33078,-122.286804,-30.813356,342.66833,0.0
2a,1,Left Ankle,4270817,1779734245687,-3.33,4.27,-0.54,52.5625,-33.9375,13.375,-0.61779785,-0.7840576,-0.04095459,-0.04309082
2a,2,Right Ankle,1312850,1779734245701,-8.779918,3.252181,-0.27756742,4.8266377,-2.57376,-6.6523814,94.44658,77.59398,305.34586,0.0
2a,1,Left Ankle,4270840,1779734245719,-0.92,3.14,-2.39,66.75,59.0625,30.0625,-0.60876465,-0.7905884,-0.042419434,-0.050842285
2a,1,Left Ankle,4270856,1779734245720,-0.31,3.92,-1.19,72.0,111.8125,69.125,-0.5979614,-0.7972412,-0.04510498,-0.06945801
2a,4,Right Wrist,30273802,1779734245722,-10.543474,0.36121583,4.706682,61.88504,-70.69888,161.78372,-144.95424,-37.09214,226.52435,0.0
2a,3,Left Wrist,4070875,1779734245729,-3.34975,-6.09183,-24.469004,-154.30423,139.20969,-146.82077,-122.40448,-30.839308,342.6893,0.0
2a,1,Left Ankle,4270881,1779734245750,2.95,5.54,-1.15,69.25,145.5,77.375,-0.5861206,-0.80303955,-0.049743652,-0.095825195
2a,2,Right Ankle,1312910,1779734245757,-8.985701,2.7999377,-0.19621146,31.356636,6.3162403,-27.792381,94.4615,77.52786,305.3504,0.0
2a,4,Right Wrist,30273863,1779734245783,-11.156036,-2.7231321,7.233503,192.22504,-64.46889,140.36372,-144.85178,-37.033894,226.48138,0.0
2a,1,Left Ankle,4270920,1779734245783,2.9,6.74,0.8,-4.9375,-18.875,79.3125,-0.57458496,-0.807312,-0.041748047,-0.12792969
2a,1,Left Ankle,4270896,1779734245783,4.63,6.51,0.2,38.8125,97.875,79.375,-0.5772095,-0.8062744,-0.05114746,-0.11859131
2a,3,Left Wrist,4070935,1779734245790,-9.822335,-3.2467637,-18.723837,-305.15424,69.6997,87.81922,-122.54636,-30.773954,342.67557,0.0
2a,1,Left Ankle,4270936,1779734245808,-2.55,6.76,-0.96,-43.5,-113.625,71.4375,-0.5782471,-0.8062744,-0.02166748,-0.122680664
2a,1,Left Ankle,4270956,1779734245809,-6.32,9.13,-2.4,-44.6875,-134.125,45.0625,-0.5838623,-0.80444336,-6.1035156E-4,-0.109375
2a,2,Right Ankle,1312969,1779734245817,-8.952201,1.9409143,0.086141616,9.866638,19.96624,-41.09238,94.25916,77.552605,305.15118,0.0
2a,1,Left Ankle,4270978,1779734245841,-20.48,14.99,0.4,-11.625,-98.25,46.625,-0.5861206,-0.8039551,0.016601562,-0.099243164
2a,4,Right Wrist,30273922,1779734245841,-9.292028,-6.422436,7.568498,135.10504,-47.108887,76.38373,-144.77211,-36.99367,226.452,0.0
2a,3,Left Wrist,4070995,1779734245848,-8.534997,17.12812,-9.537791,-162.77423,-53.0103,77.73922,-122.643456,-30.73601,342.697,0.0
2a,1,Left Ankle,4270998,1779734245866,-5.53,13.48,-1.37,9.6875,68.4375,19.3125,-0.5828247,-0.8052368,0.020324707,-0.10748291
2a,2,Right Ankle,1313030,1779734245874,-9.6317625,0.9837853,-0.10767702,-3.853362,25.21624,-32.27238,94.31254,77.638374,305.20673,0.0
2a,1,Left Ankle,4271017,1779734245899,12.53,9.23,-0.08,-0.4375,89.3125,-86.5625,-0.581604,-0.8053589,7.9345703E-4,-0.114746094
2a,4,Right Wrist,30273983,1779734245899,-7.1337028,-7.513563,5.9916277,33.18504,-10.778889,5.8237276,-144.73288,-36.97691,226.43579,0.0
2a,1,Left Ankle,4271037,1779734245899,9.26,25.27,-3.74,-39.125,25.6875,-37.0625,-0.5871582,-0.8012085,-0.0146484375,-0.11437988
2a,3,Left Wrist,4071054,1779734245908,0.9573305,5.8435693,1.8951156,-127.144226,-111.1103,-247.34077,-122.7436,-30.80582,342.79367,0.0
2a,1,Left Ankle,4271061,1779734245934,0.59,15.72,-0.49,-56.0,-7.6875,-66.875,-0.5944824,-0.7963257,-0.016784668,-0.11016846
2a,2,Right Ankle,1313089,1779734245935,-9.559978,1.1201762,-0.44506502,3.006638,31.65624,3.987619,94.48906,77.704575,305.38046,0.0
2a,4,Right Wrist,30274042,1779734245967,-7.3658066,-5.3073807,2.2899313,-31.70496,50.19111,-64.596275,-144.72687,-36.982468,226.43213,0.0
2a,1,Left Ankle,4271102,1779734245967,2.83,7.59,-2.4,-13.375,52.3125,-72.375,-0.6053467,-0.7868042,-0.052246094,-0.10858154
2a,1,Left Ankle,4271078,1779734245968,-5.87,-4.16,-5.73,-33.375,71.4375,-88.75,-0.60162354,-0.7904663,-0.03503418,-0.109375
2a,3,Left Wrist,4071115,1779734245968,86.701744,-63.301823,-49.505108,-112.51423,-312.5703,-334.70078,-122.89377,-30.915503,342.98373,0.0
2a,1,Left Ankle,4271121,1779734245986,0.35,9.98,6.33,-12.9375,-73.125,-47.5,-0.6078491,-0.78570557,-0.056030273,-0.09991455
2a,2,Right Ankle,1313150,1779734245999,-7.9591794,1.8882722,-1.7563318,-6.373362,25.70624,11.477619,94.7867,77.6901,305.6753,0.0
2a,1,Left Ankle,4271141,1779734246016,0.38,13.83,-5.21,-29.5625,-40.6875,-36.3125,-0.6119995,-0.7839966,-0.05480957,-0.08868408
2a,1,Left Ankle,4271161,1779734246016,-3.23,12.3,-4.38,-9.3125,-10.4375,-36.6875,-0.6154175,-0.7817993,-0.057861328,-0.081970215
2a,4,Right Wrist,30274103,1779734246024,4.4092736,-2.18714,-2.1966112,24.22504,70.70111,-73.83627,-144.703,-37.07084,226.42828,0.0
2a,1,Left Ankle,4271181,1779734246048,2.19,7.67,-1.26,6.4375,11.5,-41.3125,-0.6152344,-0.7815552,-0.0647583,-0.080200195
2a,2,Right Ankle,1313209,1779734246053,-9.492979,0.38318676,-0.79681,30.65664,5.68624,10.91762,94.95443,77.75203,305.8291,0.0
2a,3,Left Wrist,4071174,1779734246058,21.463821,8.461318,-24.861427,-67.644226,-29.3503,151.44922,-122.97831,-30.90271,342.99774,0.0
2a,1,Left Ankle,4271200,1779734246077,-0.46,9.38,-2.13,-1.625,-17.625,-5.625,-0.61553955,-0.7815552,-0.06616211,-0.07678223
2a,1,Left Ankle,4271221,1779734246083,-1.52,9.5,-2.23,3.0625,-12.625,10.8125,-0.6154175,-0.7819214,-0.06365967,-0.076171875
2a,4,Right Wrist,30274163,1779734246083,-2.118346,5.1396823,-0.6867401,-160.64496,71.751114,-21.896273,-144.78738,-37.094276,226.43877,0.0
2a,1,Left Ankle,4271237,1779734246108,-0.05,9.89,-2.16,11.3125,11.375,17.1875,-0.61395264,-0.782959,-0.0625,-0.078308105
2a,2,Right Ankle,1313270,1779734246116,-9.007236,1.0483916,-1.9118654,15.466637,22.83624,26.107618,95.25337,77.76428,306.11746,0.0
2a,3,Left Wrist,4071264,1779734246117,20.052057,-3.632008,-4.091727,-130.64423,11.599699,220.25923,-123.00373,-30.899345,342.94855,0.0
2a,1,Left Ankle,4271258,1779734246141,0.4,10.26,-0.99,17.0625,23.25,33.0,-0.61120605,-0.78466797,-0.06085205,-0.08416748
2a,1,Left Ankle,4271285,1779734246166,0.75,11.19,-2.02,22.625,27.375,45.375,-0.6074219,-0.78686523,-0.058898926,-0.09197998
2a,1,Left Ankle,4271304,1779734246166,1.75,9.75,-1.36,28.9375,15.6875,50.8125,-0.6000366,-0.79156494,-0.051818848,-0.10308838
2a,4,Right Wrist,30274222,1779734246169,-4.2671013,7.970392,-1.7395821,-58.37496,76.02111,-50.52627,-144.8426,-37.12053,226.45906,0.0
2a,2,Right Ankle,1313330,1779734246172,-7.6505055,0.95028573,-4.8622155,-15.193361,-4.60376,29.607618,95.52767,77.75732,306.39023,0.0
2a,1,Left Ankle,4271319,1779734246197,0.95,10.81,-1.51,33.25,11.5,65.4375,-0.59716797,-0.79345703,-0.048339844,-0.107055664
2a,1,Left Ankle,4271343,1779734246198,2.04,11.83,-2.48,35.8125,8.125,70.5625,-0.58807373,-0.79919434,-0.036071777,-0.118896484
2a,3,Left Wrist,4071325,1779734246209,14.601205,-3.0936232,-9.0951185,223.90578,-95.7103,211.36923,-122.966736,-30.879818,342.95926,0.0
2a,1,Left Ankle,4271362,1779734246226,2.89,11.72,-3.0,32.4375,2.25,77.0,-0.585083,-0.8010254,-0.031311035,-0.1227417
2a,4,Right Wrist,30274283,1779734246236,-3.5971103,0.12193361,-3.5844483,-14.27496,5.3211117,-34.496273,-144.88388,-37.078712,226.48796,0.0
2a,2,Right Ankle,1313390,1779734246236,-9.9595785,2.9052217,-0.21296123,-60.763363,-32.11376,17.49762,95.4201,77.67701,306.30334,0.0
2a,1,Left Ankle,4271385,1779734246256,3.14,12.19,-2.63,30.3125,1.25,82.8125,-0.5761719,-0.80596924,-0.015991211,-0.1350708
2a,3,Left Wrist,4071384,1779734246268,11.311074,-3.8976114,-9.162118,250.85577,-80.310295,246.50923,-122.92809,-30.845385,342.96436,0.0
2a,1,Left Ankle,4271405,1779734246287,4.42,11.03,-2.65,28.5625,7.875,77.875,-0.57073975,-0.8084717,-0.0068969727,-0.14337158
2a,1,Left Ankle,4271421,1779734246287,4.14,9.87,-1.42,19.1875,-2.8125,71.375,-0.5685425,-0.8095093,-0.0020751953,-0.14660645
2a,4,Right Wrist,30274373,1779734246289,-7.978369,-2.26371,2.1583261,-13.57496,-9.168888,-26.586271,-144.88277,-37.061035,226.49196,0.0
2a,2,Right Ankle,1313450,1779734246299,-8.956986,2.0318415,-0.37328032,-4.063362,-36.10376,3.077619,95.59044,77.650055,306.4684,0.0
2a,1,Left Ankle,4271444,1779734246316,2.51,10.0,0.02,4.1875,-22.375,62.125,-0.5653076,-0.810791,0.0138549805,-0.15118408
2a,1,Left Ankle,4271462,1779734246317,-2.73,9.04,1.79,-11.8125,-28.4375,55.25,-0.56536865,-0.8105469,0.019104004,-0.15185547
2a,3,Left Wrist,4071475,1779734246328,2.7495549,-3.823434,-12.947563,195.41577,-64.280304,182.45923,-122.930145,-30.75721,342.98685,0.0
2a,1,Left Ankle,4271484,1779734246346,-5.1,9.61,2.07,-17.125,3.25,33.4375,-0.5678711,-0.8081665,0.031433105,-0.1529541
2a,4,Right Wrist,30274432,1779734246349,-8.64836,-4.8192453,4.101298,-24.00496,13.161112,-31.766273,-144.87537,-37.05405,226.48758,0.0
2a,2,Right Ankle,1313509,1779734246358,-9.11252,2.766438,-1.2753744,-20.793362,-25.67376,-11.132381,95.758316,77.61512,306.63766,0.0
2a,1,Left Ankle,4271505,1779734246376,-5.67,10.11,-1.63,-24.25,8.75,16.0,-0.57055664,-0.80566406,0.033813477,-0.15570068
2a,1,Left Ankle,4271524,1779734246377,-3.74,8.11,3.68,-23.6875,1.625,2.125,-0.5751343,-0.8026123,0.034179688,-0.15454102
2a,3,Left Wrist,4071535,1779734246387,0.06720073,2.393119,-13.146168,96.715775,-124.060295,127.85922,-122.98861,-30.680946,343.04434,0.0
2a,1,Left Ankle,4271544,1779734246408,-2.42,7.45,-0.17,-45.9375,4.0625,-43.25,-0.58251953,-0.7980957,0.030883789,-0.15106201
2a,4,Right Wrist,30274493,1779734246408,-6.1981087,-9.049755,2.1750758,13.445041,24.291111,-47.516273,-144.84354,-37.048744,226.47816,0.0
2a,2,Right Ankle,1313570,1779734246417,-9.050307,1.8045235,-0.4977071,-17.083363,-21.12376,-17.85238,95.967865,77.64516,306.84674,0.0
2a,1,Left Ankle,4271568,1779734246440,0.45,7.78,-1.36,-36.125,18.125,-63.625,-0.5892334,-0.7942505,0.022094727,-0.14642334
2a,1,Left Ankle,4271588,1779734246468,-0.06,7.48,-1.92,-21.4375,42.3125,-81.875,-0.59454346,-0.79107666,0.008850098,-0.1437378
2a,4,Right Wrist,30274552,1779734246470,-5.4467626,-8.51137,4.2352962,-9.934959,6.4411116,-15.526272,-144.81606,-37.038937,226.462,0.0
2a,1,Left Ankle,4271608,1779734246470,4.01,6.42,-2.25,-25.0625,48.0625,-88.1875,-0.5997925,-0.78759766,-0.0072021484,-0.14117432
2a,2,Right Ankle,1313629,1779734246473,-9.028771,2.0749123,-0.86859465,-11.623362,-11.673759,-16.242382,96.195366,77.63703,307.0722,0.0
2a,3,Left Wrist,4071594,1779734246479,0.012165654,5.0682945,-12.686747,200.80577,-114.2603,135.34923,-123.00494,-30.612516,343.0951,0.0
2a,1,Left Ankle,4271629,1779734246501,4.39,6.15,-3.33,-28.875,38.9375,-79.3125,-0.6054077,-0.7835083,-0.021484375,-0.1383667
2a,1,Left Ankle,4271653,1779734246525,4.71,4.93,-3.87,-32.0,15.1875,-71.75,-0.611084,-0.77948,-0.03265381,-0.1338501
2a,1,Left Ankle,4271669,1779734246526,4.87,4.13,-3.94,-34.375,-11.6875,-58.8125,-0.61694336,-0.7756958,-0.039855957,-0.12701416
2a,2,Right Ankle,1313690,1779734246534,-9.136448,1.3068163,-0.2727818,-11.4133625,-12.23376,-5.182381,96.2416,77.71332,307.12042,0.0
2a,3,Left Wrist,4071655,1779734246540,4.2666044,-4.323534,-12.306287,139.76578,-26.340302,133.59923,-123.0258,-30.554667,343.11533,0.0
2a,1,Left Ankle,4271694,1779734246558,4.53,3.5,-2.41,-35.75,-22.4375,-36.0,-0.6253052,-0.7703247,-0.042541504,-0.11755371
2a,1,Left Ankle,4271715,1779734246587,3.42,3.22,-0.74,-39.6875,-28.0,-2.4375,-0.63031006,-0.76660156,-0.041931152,-0.115356445
2a,4,Right Wrist,30274613,1779734246589,-4.7600226,-6.080262,4.2113676,-13.57496,-15.678888,15.553728,-144.78949,-37.018776,226.44214,0.0
2a,2,Right Ankle,1313750,1779734246593,-9.043128,1.4838852,-0.6556334,-4.343362,-4.1137595,14.067619,96.45898,77.74929,307.3339,0.0
2a,1,Left Ankle,4271739,1779734246619,23.06,15.07,-38.91,-34.0625,-2.3125,12.9375,-0.62145996,-0.7722168,-0.04840088,-0.12286377
2a,1,Left Ankle,4271756,1779734246620,1.8,17.41,-0.91,-24.375,-24.125,116.875,-0.6148071,-0.7779541,-0.036132812,-0.12432861
2a,3,Left Wrist,4071745,1779734246629,4.180463,0.31136358,-8.5016985,13.1357765,-60.780304,59.95922,-123.1111,-30.539518,343.1665,0.0
2a,4,Right Wrist,30274776,1779734246652,-9.079067,-3.5342994,3.6993039,12.18504,-20.508888,60.21373,-144.72589,-36.955673,226.39584,0.0
2a,1,Left Ankle,4271795,1779734246652,-2.52,-3.67,4.56,-15.9375,9.0,17.8125,-0.6298828,-0.76885986,-0.04888916,-0.0982666
2a,1,Left Ankle,4271774,1779734246652,7.86,6.11,-5.49,-57.4375,-51.3125,-186.8125,-0.6246338,-0.77178955,-0.050048828,-0.1081543
2a,2,Right Ankle,1313810,1779734246659,-9.4858,1.6585611,-0.09092726,-1.1233621,8.48624,20.787619,96.38814,77.81069,307.26547,0.0
2a,1,Left Ankle,4271814,1779734246677,1.83,5.44,-5.31,0.75,-56.9375,-86.6875,-0.63256836,-0.7671509,-0.05517578,-0.091430664
2a,1,Left Ankle,4271835,1779734246709,3.35,11.01,-1.88,-22.1875,-29.4375,25.75,-0.6355591,-0.76556396,-0.05029297,-0.086120605
2a,4,Right Wrist,30274795,1779734246710,-9.825627,-2.3594232,2.7493532,7.7750397,-11.338888,60.913727,-144.6999,-36.92027,226.36981,0.0
2a,2,Right Ankle,1313870,1779734246714,-9.385303,2.5343344,-0.4833502,1.5366378,4.42624,1.397619,96.51006,77.74464,307.38443,0.0
2a,3,Left Wrist,4071908,1779734246721,1.6727848,-10.083057,-4.5559344,45.755775,-82.1303,184.90923,-123.093605,-30.287033,343.1632,0.0
2a,1,Left Ankle,4271858,1779734246743,-1.45,12.7,-1.79,-36.5625,-8.5625,-26.625,-0.64019775,-0.7620239,-0.049865723,-0.08337402
2a,1,Left Ankle,4271879,1779734246744,-1.31,8.69,-1.83,-34.5625,10.9375,-20.625,-0.644104,-0.7583008,-0.053527832,-0.0848999
2a,1,Left Ankle,4271896,1779734246767,2.03,9.25,-1.15,-7.4375,56.375,-4.5,-0.6451416,-0.7562256,-0.059753418,-0.09136963
2a,4,Right Wrist,30274853,1779734246769,-9.1269245,-0.8304098,3.629912,49.425037,10.151112,24.863728,-144.66644,-36.902515,226.35277,0.0
2a,2,Right Ankle,1313929,1779734246776,-9.043128,2.3141947,-0.04785645,2.8666377,8.13624,-21.422382,96.3535,77.69414,307.23126,0.0
2a,3,Left Wrist,4071927,1779734246778,2.2590263,-9.96581,-4.2544384,50.655777,-75.1303,178.25923,-123.03036,-30.159554,343.1299,0.0
2a,1,Left Ankle,4271941,1779734246803,0.4,9.44,-0.37,-21.75,-26.1875,14.6875,-0.64868164,-0.7528076,-0.05822754,-0.09539795
2a,1,Left Ankle,4271916,1779734246803,1.75,10.72,-0.52,-13.5625,17.5625,8.875,-0.6460571,-0.7546997,-0.06225586,-0.09576416
2a,1,Left Ankle,4271956,1779734246831,-0.64,9.88,-0.27,-11.625,-28.875,19.5625,-0.6505127,-0.7518921,-0.052368164,-0.09375
2a,4,Right Wrist,30274913,1779734246832,-6.6671023,-2.2852457,2.0889342,46.97504,24.36111,14.643728,-144.62828,-36.886677,226.33246,0.0
2a,2,Right Ankle,1313990,1779734246833,-10.514714,0.9933566,-0.98105735,-3.363362,18.49624,-41.652378,96.58398,77.76356,307.45935,0.0
2a,3,Left Wrist,4071985,1779734246844,1.5938218,-6.5488596,-3.5964124,-31.454224,-48.670303,134.22922,-123.0151,-30.03835,343.107,0.0
2a,1,Left Ankle,4271982,1779734246856,-0.12,10.35,-1.04,1.5625,-0.9375,17.125,-0.6505127,-0.7519531,-0.049072266,-0.09460449
2a,1,Left Ankle,4272001,1779734246857,1.14,10.5,-0.92,4.125,6.3125,17.5,-0.6496582,-0.75250244,-0.047607422,-0.09729004
2a,1,Left Ankle,4272016,1779734246887,0.95,9.44,-1.03,-1.5,-5.875,16.9375,-0.64953613,-0.7527466,-0.043823242,-0.09777832
2a,1,Left Ankle,4272036,1779734246893,0.39,8.72,-1.29,-7.125,-21.8125,15.5,-0.6501465,-0.75250244,-0.039733887,-0.09716797
2a,4,Right Wrist,30274972,1779734246893,-5.1787663,-3.0222354,1.7706887,21.70504,23.381111,13.943728,-144.59349,-36.869995,226.30916,0.0
2a,2,Right Ankle,1314049,1779734246893,-9.289589,-0.7845107,-3.0675986,6.996638,15.55624,-44.59238,96.87398,77.81901,307.7419,0.0
2a,1,Left Ankle,4272061,1779734246919,0.4,10.02,-1.0,-8.375,-21.0625,19.9375,-0.651062,-0.7520752,-0.03466797,-0.09643555
2a,3,Left Wrist,4072044,1779734246927,1.3784674,-3.7851486,0.04546363,-91.58423,-61.3403,58.839222,-122.99592,-30.000746,343.08722,0.0
2a,1,Left Ankle,4272078,1779734246950,0.51,10.22,-0.99,-6.6875,-6.6875,20.1875,-0.65185547,-0.75164795,-0.02935791,-0.096191406
2a,4,Right Wrist,30275033,1779734246950,-3.4702907,-3.6276195,0.84227353,14.775041,19.11111,1.973728,-144.55634,-36.85089,226.28642,0.0
2a,2,Right Ankle,1314110,1779734246954,-9.382909,1.4479928,-3.3906298,-57.403362,-0.47375977,-11.272381,97.13244,77.826035,308.01422,0.0
2a,1,Left Ankle,4272103,1779734246976,0.87,9.03,-1.01,-3.5,8.6875,14.9375,-0.6520996,-0.75115967,-0.027832031,-0.09869385
2a,1,Left Ankle,4272118,1779734246976,1.42,9.58,-0.91,0.5625,12.1875,15.5,-0.65185547,-0.7509155,-0.02746582,-0.10205078
2a,1,Left Ankle,4272143,1779734247005,1.86,10.2,-0.59,3.3125,5.625,13.1875,-0.6508789,-0.7514038,-0.026062012,-0.105163574
2a,4,Right Wrist,30275092,1779734247009,-2.2499516,-4.1899323,0.79681,0.6350398,17.641111,-18.326271,-144.52046,-36.83776,226.26636,0.0
2a,2,Right Ankle,1314169,1779734247013,-7.143227,3.5297487,0.06460621,-47.18336,-5.79376,16.867619,97.01566,77.74967,307.91562,0.0
2a,1,Left Ankle,4272163,1779734247036,0.87,9.43,-0.87,5.5625,-1.75,6.875,-0.6499634,-0.75219727,-0.025268555,-0.10546875
2a,1,Left Ankle,4272183,1779734247037,1.52,9.11,-1.11,10.1875,1.4375,-0.375,-0.649292,-0.7527466,-0.02545166,-0.10559082
2a,3,Left Wrist,4072208,1779734247048,3.1994052,-6.553644,0.44745782,57.795776,-12.340301,17.469221,-122.8786,-29.972284,343.03513,0.0
2a,1,Left Ankle,4272203,1779734247068,0.85,9.61,-1.18,12.4375,3.8125,-4.375,-0.64782715,-0.7539673,-0.026550293,-0.105529785
2a,4,Right Wrist,30275153,1779734247068,-2.001098,-2.3570302,0.4761717,-48.08496,0.28111172,-11.746272,-144.50922,-36.815887,226.2522,0.0
2a,2,Right Ankle,1314230,1779734247079,-4.4800153,1.6083119,-0.49292147,82.59664,5.05624,5.6676188,97.18214,77.68389,308.0504,0.0
2a,1,Left Ankle,4272218,1779734247101,1.34,9.32,-1.25,14.375,5.8125,-11.5,-0.64624023,-0.7553711,-0.028259277,-0.10491943
2a,3,Left Wrist,4072228,1779734247109,3.4578302,-6.8312116,0.40677986,66.05577,-7.7203007,-3.4607773,-122.80339,-29.974573,343.01163,0.0
2a,1,Left Ankle,4272244,1779734247127,0.8,9.78,-0.97,15.0,5.75,-14.625,-0.64471436,-0.75665283,-0.031066895,-0.104003906
2a,1,Left Ankle,4272259,1779734247127,0.61,9.74,-0.83,15.625,5.8125,-14.5625,-0.64331055,-0.75787354,-0.033996582,-0.10290527
2a,4,Right Wrist,30275212,1779734247135,-3.3937206,-1.4357939,-1.3998013,-62.50496,5.0411115,-4.4662714,-144.52629,-36.77486,226.24953,0.0
2a,2,Right Ankle,1314290,1779734247135,-5.7458186,0.12954761,3.5294135,-53.20336,-39.53376,-3.8523812,96.90058,77.705315,307.7906,0.0
2a,1,Left Ankle,4272284,1779734247160,0.56,9.58,-1.14,17.8125,1.6875,-8.875,-0.6402588,-0.76049805,-0.037597656,-0.101501465
2a,3,Left Wrist,4072315,1779734247168,2.333204,-8.039588,-0.7178468,47.225777,7.259699,-36.150776,-122.73401,-29.966656,342.98926,0.0
2a,1,Left Ankle,4272306,1779734247192,0.37,9.69,-1.85,17.625,-0.6875,-5.9375,-0.6380615,-0.76239014,-0.038391113,-0.10076904
2a,1,Left Ankle,4272323,1779734247192,0.05,9.73,-1.27,17.25,0.6875,1.25,-0.6369629,-0.76330566,-0.038635254,-0.10095215
2a,2,Right Ankle,1314350,1779734247194,-21.229774,-6.9843135,-0.4642076,-13.443362,-27.07376,74.827614,96.87775,77.75292,307.7702,0.0
2a,1,Left Ankle,4272344,1779734247216,0.25,9.74,-1.58,15.625,18.375,6.125,-0.63360596,-0.765625,-0.040039062,-0.10394287
2a,1,Left Ankle,4272364,1779734247218,1.14,9.7,-1.92,16.0625,22.8125,7.8125,-0.6312256,-0.7670288,-0.041259766,-0.10736084
2a,4,Right Wrist,30275273,1779734247219,-6.7245297,-1.1438696,-0.17706887,-78.46496,36.681114,9.183728,-144.54117,-36.755043,226.23398,0.0
2a,1,Left Ankle,4272385,1779734247246,0.97,9.49,-1.6,16.4375,18.9375,11.6875,-0.6300049,-0.76776123,-0.041625977,-0.10913086
2a,2,Right Ankle,1314410,1779734247253,-7.4782224,2.4457998,-0.8733803,-10.363362,-10.27376,21.55762,97.021065,77.690674,307.9128,0.0
2a,3,Left Wrist,4072375,1779734247259,-1.8853426,-8.800506,-2.8115666,7.8157763,18.179699,-64.850784,-122.70845,-29.93006,342.98386,0.0
2a,1,Left Ankle,4272404,1779734247278,1.8,9.72,-1.77,17.0,-1.125,16.125,-0.6262207,-0.7704468,-0.040100098,-0.11254883
2a,1,Left Ankle,4272423,1779734247286,1.97,10.79,-2.29,18.5,-2.875,19.6875,-0.62316895,-0.7727051,-0.037963867,-0.11450195
2a,4,Right Wrist,30275333,1779734247286,-8.2056875,1.8902292,1.2203395,-5.10496,42.001114,14.293728,-144.53705,-36.74621,226.22037,0.0
2a,1,Left Ankle,4272450,1779734247311,2.12,11.99,-2.95,24.0625,15.5625,24.625,-0.61950684,-0.7751465,-0.0368042,-0.1182251
2a,2,Right Ankle,1314469,1779734247319,-8.29896,2.9052217,0.36370903,-13.863362,-12.30376,21.55762,96.813,77.62967,307.7132,0.0
2a,1,Left Ankle,4272463,1779734247337,2.71,11.81,-3.24,23.8125,22.9375,25.1875,-0.61761475,-0.7762451,-0.036621094,-0.12097168
2a,1,Left Ankle,4272485,1779734247344,3.42,11.04,-3.26,10.5625,3.8125,18.5625,-0.6135254,-0.7786255,-0.035705566,-0.12670898
2a,4,Right Wrist,30275422,1779734247345,-9.050353,-4.434001,2.2827528,56.07504,36.47111,-54.656273,-144.50555,-36.7452,226.21977,0.0
2a,3,Left Wrist,4072435,1779734247348,-5.548754,-9.113965,-5.6350975,9.985777,11.179699,-21.940777,-122.70408,-29.87229,342.98416,0.0
2a,1,Left Ankle,4272509,1779734247369,2.72,10.4,-4.35,1.0625,-4.6875,15.75,-0.612854,-0.77905273,-0.03314209,-0.12792969
2a,2,Right Ankle,1314530,1779734247375,-9.1101265,2.3213732,0.7345966,-28.633362,1.3462402,-3.992381,96.56216,77.619705,307.47806,0.0
2a,1,Left Ankle,4272526,1779734247399,2.28,9.39,-4.14,-3.3125,1.75,16.9375,-0.61273193,-0.7789917,-0.031066895,-0.12963867
2a,4,Right Wrist,30275483,1779734247401,-8.480862,-7.0445704,2.3856442,8.05504,15.331112,-42.546272,-144.4842,-36.735237,226.2159,0.0
2a,1,Left Ankle,4272553,1779734247432,1.5,7.61,-3.12,-6.25,-11.4375,14.5625,-0.61309814,-0.77856445,-0.028564453,-0.13079834
2a,1,Left Ankle,4272570,1779734247440,-1.68,6.93,-2.34,-11.6875,-44.3125,11.5,-0.6144409,-0.77838135,-0.022949219,-0.12646484
2a,2,Right Ankle,1314589,1779734247441,-8.846916,2.2400172,-0.5575277,-11.343363,4.5662403,-19.812382,96.75768,77.58004,307.67343,0.0
2a,3,Left Wrist,4072628,1779734247441,3.1419775,-5.237592,-4.766503,-77.65423,20.9797,100.41922,-122.77504,-29.726404,342.96982,0.0
2a,1,Left Ankle,4272587,1779734247458,-2.62,5.53,-0.71,-10.9375,-42.875,6.375,-0.6158447,-0.77819824,-0.017333984,-0.12200928
2a,1,Left Ankle,4272611,1779734247486,-3.17,5.87,0.1,-9.6875,-48.5625,7.375,-0.61712646,-0.7781372,-0.011169434,-0.11639404
2a,1,Left Ankle,4272626,1779734247486,-2.14,5.38,2.13,-10.4375,-43.5625,4.5625,-0.61846924,-0.77789307,-0.005493164,-0.110839844
2a,4,Right Wrist,30275542,1779734247495,-7.107382,-6.812466,2.2037897,-13.78496,12.601111,-40.02627,-144.4682,-36.72445,226.21053,0.0
2a,2,Right Ankle,1314650,1779734247495,-9.055093,1.7351315,-0.59581286,-10.853362,1.2762402,-24.642382,97.00494,77.61497,307.9189,0.0
2a,3,Left Wrist,4072648,1779734247499,3.8047895,-4.211071,-4.7712884,-73.52423,18.4597,97.96922,-122.86035,-29.710978,342.9786,0.0
2a,1,Left Ankle,4272651,1779734247520,-1.15,4.91,2.05,-8.3125,-2.75,-4.375,-0.619751,-0.7772827,-0.0038452148,-0.10839844
2a,1,Left Ankle,4272666,1779734247551,-2.57,6.19,1.54,-2.125,41.1875,-8.5625,-0.62042236,-0.77630615,-0.0078125,-0.111450195
2a,1,Left Ankle,4272686,1779734247551,0.03,5.67,0.4,4.0,81.5,-19.125,-0.6203003,-0.77508545,-0.017333984,-0.119262695
2a,4,Right Wrist,30275603,1779734247552,-5.69083,-7.0254273,1.3232309,-5.24496,13.161112,-29.386272,-144.4431,-36.70965,226.19896,0.0
2a,2,Right Ankle,1314709,1779734247553,-9.227375,1.4073148,-0.29671,-3.2933621,5.5462403,-8.892382,97.08782,77.69159,308.0015,0.0
2a,3,Left Wrist,4072705,1779734247559,4.88156,-2.136494,-4.342973,-12.974223,10.5497,80.95922,-122.91966,-29.738949,342.98978,0.0
2a,1,Left Ankle,4272706,1779734247580,7.56,4.09,2.76,6.5,100.0625,-14.75,-0.61938477,-0.7735596,-0.030212402,-0.13043213
2a,1,Left Ankle,4272733,1779734247609,15.22,17.04,-22.75,-18.0,42.6875,-1.25,-0.6207886,-0.7710571,-0.035949707,-0.13708496
2a,4,Right Wrist,30275693,1779734247610,-3.7287161,-7.62124,1.3519448,-10.00496,-1.8188887,12.823729,-144.4062,-36.68482,226.1722,0.0
2a,2,Right Ankle,1314770,1779734247620,-8.846916,1.1823895,-0.36131623,3.1466374,18.77624,17.56762,97.218834,77.756386,308.12967,0.0
2a,1,Left Ankle,4272753,1779734247637,7.32,40.23,-0.42,95.0625,-44.875,18.5625,-0.61206055,-0.77789307,-0.03479004,-0.1381836
2a,1,Left Ankle,4272773,1779734247639,-4.07,4.0,0.93,-74.0625,-82.3125,-119.875,-0.6265869,-0.77142334,-0.036315918,-0.10498047
2a,3,Left Wrist,4072764,1779734247653,5.1734843,-1.813463,-3.141776,62.835777,10.269699,47.429222,-122.93293,-29.790901,342.99683,0.0
2a,1,Left Ankle,4272793,1779734247671,-7.83,-2.75,-2.56,-43.75,-52.6875,-63.3125,-0.63012695,-0.76934814,-0.037231445,-0.09832764
2a,1,Left Ankle,4272810,1779734247672,1.88,8.36,-0.38,-19.9375,-8.3125,-78.875,-0.6345215,-0.7664795,-0.046691895,-0.087768555
2a,4,Right Wrist,30275752,1779734247673,-6.6814594,-8.568798,2.7397819,-21.694962,-25.96889,46.21373,-144.37633,-36.647293,226.14354,0.0
2a,2,Right Ankle,1314830,1779734247674,-9.117306,2.3429084,-0.34695926,-1.7533622,30.186241,11.267618,97.30855,77.67805,308.22006,0.0
2a,1,Left Ankle,4272834,1779734247703,0.26,15.39,-1.36,-21.375,0.8125,-27.5625,-0.63934326,-0.7626343,-0.051208496,-0.08392334
2a,1,Left Ankle,4272855,1779734247727,-0.98,10.23,-2.95,-27.125,4.625,-32.75,-0.64312744,-0.7593994,-0.056030273,-0.08148193
2a,1,Left Ankle,4272872,1779734247728,0.43,8.46,-0.89,-18.0,14.25,-27.25,-0.6442871,-0.7581177,-0.0592041,-0.08166504
2a,4,Right Wrist,30275813,1779734247728,-14.587345,-3.9434717,-1.1078769,-46.054962,-66.00889,48.453728,-144.38487,-36.58758,226.13878,0.0
2a,3,Left Wrist,4072928,1779734247740,-4.7375875,-11.994923,-7.3722863,26.085777,-10.310301,48.54922,-122.91812,-29.630863,342.9929,0.0
2a,2,Right Ankle,1314890,1779734247740,-9.406837,2.4649422,-1.7706887,9.306639,11.496241,-5.882381,97.57608,77.65762,308.47913,0.0
2a,1,Left Ankle,4272898,1779734247764,0.73,9.86,-0.96,-9.8125,1.75,-12.8125,-0.6466675,-0.7561035,-0.061340332,-0.07965088
2a,1,Left Ankle,4272914,1779734247786,-0.22,10.5,-1.36,-12.125,-27.125,-3.0,-0.6486206,-0.755188,-0.057434082,-0.07513428
2a,4,Right Wrist,30275873,1779734247794,-14.240386,1.595912,1.6917256,-72.02496,14.211112,24.933727,-144.40343,-36.56612,226.12685,0.0
2a,3,Left Wrist,4072947,1779734247798,-3.7038872,-11.911175,-7.1976104,-11.644223,-4.850301,68.35922,-122.912155,-29.539045,342.9779,0.0
2a,1,Left Ankle,4272938,1779734247818,-1.26,9.36,-0.93,-7.8125,-24.4375,0.4375,-0.6500244,-0.75457764,-0.05432129,-0.071899414
2a,1,Left Ankle,4272957,1779734247819,0.43,8.76,-1.09,-3.1875,-5.25,10.625,-0.65057373,-0.7542114,-0.052368164,-0.07196045
2a,2,Right Ankle,1314950,1779734247829,-11.215811,1.5413129,-0.9427721,10.426638,10.72624,-24.01238,97.815796,77.71409,308.71082,0.0
2a,4,Right Wrist,30275933,1779734247854,-8.732108,0.6986042,2.8977082,32.55504,73.64111,-45.836273,-144.38657,-36.580814,226.122,0.0
2a,1,Left Ankle,4272983,1779734247854,0.03,9.93,-1.58,-3.375,-9.5,24.6875,-0.65093994,-0.75408936,-0.04626465,-0.074035645
2a,1,Left Ankle,4273003,1779734247876,0.08,9.9,-1.18,-6.625,-15.25,29.9375,-0.6512451,-0.7539673,-0.04345703,-0.07470703
2a,1,Left Ankle,4273017,1779734247877,0.39,9.88,-0.84,-8.125,-13.6875,34.75,-0.6520996,-0.75354004,-0.035949707,-0.07525635
2a,2,Right Ankle,1315040,1779734247888,-8.28221,0.54589874,-1.268196,21.066637,-0.9637598,-15.122381,98.05736,77.76364,308.93976,0.0
2a,3,Left Wrist,4073004,1779734247888,-1.4019927,-7.3815613,-3.328416,-47.904224,-0.3003006,101.95922,-122.89998,-29.442484,342.94693,0.0
2a,1,Left Ankle,4273042,1779734247907,0.62,10.2,-1.0,-5.4375,-8.0625,36.375,-0.6524658,-0.7531128,-0.030212402,-0.07824707
2a,4,Right Wrist,30275993,1779734247909,-3.2477586,-3.4505503,1.6007984,53.06504,56.56111,-58.856274,-144.34308,-36.590076,226.1113,0.0
2a,1,Left Ankle,4273058,1779734247937,0.97,9.61,-0.94,-1.4375,-9.3125,30.1875,-0.6524048,-0.7531128,-0.02508545,-0.08050537
2a,1,Left Ankle,4273083,1779734247970,0.97,10.07,-0.87,2.875,-7.5625,26.4375,-0.65185547,-0.75354004,-0.020690918,-0.08239746
2a,1,Left Ankle,4273103,1779734247970,0.7,10.11,-0.76,5.1875,-3.875,22.25,-0.65093994,-0.7542114,-0.017150879,-0.08428955
2a,4,Right Wrist,30276052,1779734247970,0.025622882,-6.4032936,0.29192436,0.9850402,14.491112,-24.626272,-144.29462,-36.583443,226.08588,0.0
2a,2,Right Ankle,1315100,1779734247973,-5.9611726,2.498442,0.782453,18.546637,-22.313759,-15.472382,97.82372,77.72877,308.70367,0.0
2a,1,Left Ankle,4273122,1779734247999,1.83,9.1,-1.11,5.9375,3.5,12.8125,-0.65008545,-0.7548828,-0.014343262,-0.08526611
2a,1,Left Ankle,4273149,1779734248029,2.84,8.87,-1.08,8.4375,7.875,-3.8125,-0.6486206,-0.75598145,-0.015930176,-0.08709717
2a,4,Right Wrist,30276113,1779734248029,-0.3213364,-5.4820566,1.6965113,-29.674961,-14.418888,26.683727,-144.25655,-36.564976,226.05328,0.0
2a,1,Left Ankle,4273164,1779734248030,1.2,9.58,-1.44,12.0625,7.5,-13.0,-0.6472168,-0.7570801,-0.018005371,-0.08703613
2a,1,Left Ankle,4273188,1779734248055,0.45,9.29,-1.74,14.4375,12.5625,-17.375,-0.6456299,-0.7584839,-0.02178955,-0.086364746
2a,2,Right Ankle,1315263,1779734248065,-10.194076,-4.8235955,-6.2428746,45.49664,14.71624,3.217619,98.26621,77.83454,309.1307,0.0
2a,3,Left Wrist,4073065,1779734248069,2.1489563,-6.2401853,-1.5074784,-28.794224,13.349699,87.74922,-122.84093,-29.393152,342.89508,0.0
2a,1,Left Ankle,4273208,1779734248088,1.67,10.34,-1.3,17.4375,18.75,-21.9375,-0.64367676,-0.75994873,-0.026489258,-0.08630371
2a,1,Left Ankle,4273230,1779734248088,1.97,10.51,-0.44,21.0,14.5625,-27.5625,-0.64141846,-0.76171875,-0.032287598,-0.085632324
2a,1,Left Ankle,4273253,1779734248121,-0.12,8.95,-1.67,27.25,7.8125,-27.8125,-0.6369629,-0.7655029,-0.03930664,-0.08239746
2a,4,Right Wrist,30276172,1779734248121,-3.14726,-4.4675,1.0528419,-31.074959,-43.538887,40.96373,-144.23227,-36.521854,226.03018,0.0
2a,2,Right Ankle,1315282,1779734248123,-19.100163,2.8382227,-9.152547,11.616638,13.17624,18.40762,98.57101,77.82735,309.42545,0.0
2a,1,Left Ankle,4273268,1779734248145,0.08,9.96,-1.49,27.1875,2.5625,-19.9375,-0.63531494,-0.7668457,-0.04083252,-0.08129883
2a,1,Left Ankle,4273312,1779734248181,1.8,12.55,-2.9,29.5625,11.3125,-13.3125,-0.62841797,-0.77246094,-0.046875,-0.07885742
2a,4,Right Wrist,30276233,1779734248182,-7.6122675,-3.8046882,2.309074,-64.88496,-57.958885,57.413727,-144.23308,-36.472427,226.01361,0.0
2a,1,Left Ankle,4273293,1779734248182,1.23,10.96,-2.1,27.625,2.3125,-18.6875,-0.63201904,-0.7696533,-0.043762207,-0.07952881
2a,2,Right Ankle,1315339,1779734248183,-5.44193,5.9225717,-0.22253251,50.536636,-9.99376,67.05762,98.50844,77.73346,309.34558,0.0
2a,1,Left Ankle,4273335,1779734248205,4.64,15.17,-5.27,29.375,12.125,-13.75,-0.6225586,-0.7767334,-0.05255127,-0.07928467
2a,3,Left Wrist,4073258,1779734248218,4.268997,-7.1016006,-0.10528419,23.005777,-10.730301,-13.960777,-122.735016,-29.400211,342.8304,0.0
2a,1,Left Ankle,4273358,1779734248240,4.08,14.4,-4.47,21.8125,2.3125,-13.6875,-0.6194458,-0.7791748,-0.055480957,-0.07824707
2a,1,Left Ankle,4273379,1779734248240,3.53,13.69,-4.92,12.375,12.0625,-16.25,-0.61761475,-0.7803955,-0.05871582,-0.077941895
2a,4,Right Wrist,30276323,1779734248240,-11.577174,-1.4788643,1.7563318,-65.44496,15.961111,46.42373,-144.23683,-36.444862,225.98904,0.0
2a,2,Right Ankle,1315400,1779734248246,-9.918901,1.6729182,1.3686945,-14.143362,-1.8737599,37.16762,98.26638,77.74114,309.1133,0.0
2a,1,Left Ankle,4273396,1779734248266,2.86,8.34,-4.53,5.125,38.3125,-14.6875,-0.6166382,-0.7805176,-0.06402588,-0.08026123
2a,1,Left Ankle,4273414,1779734248296,2.05,7.21,-4.28,-1.25,37.625,-9.9375,-0.6166382,-0.7796631,-0.0680542,-0.08496094
2a,1,Left Ankle,4273438,1779734248296,0.2,5.61,-3.6,-5.9375,-18.6875,10.3125,-0.6171875,-0.7791748,-0.06640625,-0.08666992
2a,4,Right Wrist,30276382,1779734248299,-7.4686975,-2.648955,3.2207394,-14.34496,41.72111,45.30373,-144.21002,-36.430214,225.95297,0.0
2a,2,Right Ankle,1315459,1779734248303,-8.411423,3.6182828,0.46899322,-9.803362,8.76624,13.08762,98.110954,77.67802,308.9653,0.0
2a,3,Left Wrist,4073438,1779734248309,-0.5166484,-15.584157,-11.717652,98.465775,-23.400301,-89.91078,-122.66174,-29.301115,342.88702,0.0
2a,1,Left Ankle,4273457,1779734248327,-1.72,4.06,-2.69,-9.125,-65.0625,11.25,-0.61883545,-0.7791748,-0.05908203,-0.08050537
2a,1,Left Ankle,4273483,1779734248355,-1.58,1.11,0.22,-5.8125,-61.3125,16.5,-0.6199341,-0.77948,-0.05053711,-0.074279785
2a,2,Right Ankle,1315520,1779734248363,-9.459479,2.0031276,-2.213361,-5.463362,18.00624,3.987619,98.39825,77.669106,309.2491,0.0
2a,3,Left Wrist,4073485,1779734248368,4.7284193,-14.478673,-7.774281,-148.14423,47.299698,-86.97078,-122.68846,-29.264923,342.87695,0.0
2a,1,Left Ankle,4273508,1779734248389,-3.03,2.65,-1.93,11.5,-7.9375,33.75,-0.6187744,-0.78082275,-0.04437256,-0.07385254
2a,1,Left Ankle,4273524,1779734248390,2.95,1.88,-4.14,42.5,107.9375,60.0,-0.6094971,-0.78515625,-0.047058105,-0.099121094
2a,4,Right Wrist,30276443,1779734248390,-5.9444695,-4.2856455,2.6201408,1.4050398,26.811111,47.893726,-144.17194,-36.409065,225.91533,0.0
2a,1,Left Ankle,4273543,1779734248422,2.56,2.97,-3.21,47.4375,118.75,82.125,-0.6005249,-0.78863525,-0.047912598,-0.12298584
2a,2,Right Ankle,1315580,1779734248423,-7.920894,3.6111045,0.42592245,-30.523363,17.58624,-7.4923806,98.26384,77.61055,309.1296,0.0
2a,3,Left Wrist,4073575,1779734248428,2.6155567,-3.275478,-11.9306135,-223.81422,64.7997,-91.17078,-122.8456,-29.285168,342.914,0.0
2a,1,Left Ankle,4273565,1779734248445,5.98,5.31,-2.88,42.5625,81.4375,98.875,-0.5933838,-0.79174805,-0.040161133,-0.13952637
2a,1,Left Ankle,4273584,1779734248446,4.98,8.66,-0.5,3.75,-42.5625,101.5625,-0.5888672,-0.79400635,-0.026367188,-0.14855957
2a,4,Right Wrist,30276502,1779734248457,-5.607082,-4.2832527,3.6131623,49.84504,3.851112,47.33373,-144.1197,-36.385506,225.88326,0.0
2a,1,Left Ankle,4273606,1779734248481,-10.73,9.55,0.26,-38.3125,-213.75,50.25,-0.59277344,-0.79522705,0.0020141602,-0.12762451
2a,1,Left Ankle,4273623,1779734248482,-16.89,13.23,0.14,-31.625,-171.9375,37.625,-0.5924072,-0.7963257,0.01965332,-0.120666504
2a,2,Right Ankle,1315640,1779734248490,-8.62917,2.5534768,-0.89491564,0.13663769,12.336241,-11.202381,98.45587,77.561356,309.31815,0.0
2a,3,Left Wrist,4073634,1779734248491,-3.1607168,-3.5027957,-18.417555,-152.62422,103.2297,-25.300777,-122.95663,-29.27007,342.92,0.0
2a,1,Left Ankle,4273649,1779734248517,-6.81,13.88,-5.82,40.5625,98.0,-41.4375,-0.5881958,-0.7976074,0.009033203,-0.13330078
2a,4,Right Wrist,30276592,1779734248517,-5.5711894,-3.2375891,4.886144,94.15504,-35.62889,55.17373,-144.05928,-36.353867,225.86021,0.0
2a,1,Left Ankle,4273663,1779734248537,7.23,12.56,4.75,0.0,66.8125,-61.125,-0.5911255,-0.7955322,-0.00579834,-0.13305664
2a,2,Right Ankle,1315700,1779734248546,-8.9258795,2.4673352,-0.66041905,7.136638,11.42624,-12.532381,98.62083,77.506294,309.47775,0.0
2a,4,Right Wrist,30276653,1779734248572,-4.999305,-3.041378,4.1898327,113.47504,-47.528885,47.823727,-143.99503,-36.31962,225.84259,0.0
2a,1,Left Ankle,4273707,1779734248572,6.1,10.78,2.79,-30.5,4.6875,-59.625,-0.6017456,-0.7895508,-0.008239746,-0.12005615
2a,1,Left Ankle,4273689,1779734248572,13.83,12.6,-3.72,-39.125,-52.125,1.9375,-0.5967407,-0.79260254,-0.0040283203,-0.12524414
2a,3,Left Wrist,4073695,1779734248581,-8.936992,4.0633097,-16.077375,-350.30423,87.829704,95.86922,-123.11611,-29.22294,342.89978,0.0
2a,1,Left Ankle,4273726,1779734248596,5.39,10.64,2.34,-46.1875,33.25,-42.625,-0.60809326,-0.78460693,-0.01763916,-0.11968994
2a,2,Right Ankle,1315759,1779734248607,-8.97613,1.715989,-1.18684,11.476637,14.85624,-21.842382,98.90978,77.51968,309.75735,0.0
2a,1,Left Ankle,4273749,1779734248629,4.32,11.13,-7.07,-32.9375,13.5,-68.3125,-0.6142578,-0.7800293,-0.027526855,-0.11590576
2a,1,Left Ankle,4273765,1779734248629,1.71,10.49,-4.51,-14.3125,-30.9375,-55.0625,-0.6179199,-0.77819824,-0.03253174,-0.10723877
2a,4,Right Wrist,30276712,1779734248629,-5.5448685,-4.142076,5.1756754,57.96504,-53.75889,43.62373,-143.95004,-36.285175,225.82692,0.0
2a,3,Left Wrist,4073754,1779734248638,-9.810371,12.210871,-9.8632145,-274.9142,-6.3203006,-57.99078,-123.26111,-29.223553,342.93497,0.0
2a,1,Left Ankle,4273789,1779734248657,-0.8,9.8,1.07,-14.3125,-17.3125,-51.9375,-0.6206665,-0.77697754,-0.03692627,-0.09863281
2a,2,Right Ankle,1315820,1779734248664,-4.8796167,2.1251616,-2.8761728,-21.843363,-2.36376,-23.872381,99.1564,77.49682,310.00568,0.0
2a,1,Left Ankle,4273808,1779734248690,-1.12,8.93,-0.1,-5.5,5.5625,-51.4375,-0.62268066,-0.77563477,-0.043518066,-0.093688965
2a,4,Right Wrist,30276773,1779734248690,-4.714559,-1.7851456,3.9290147,-51.37496,-45.218887,36.06373,-143.94926,-36.25514,225.81512,0.0
2a,1,Left Ankle,4273831,1779734248690,1.33,10.33,-0.95,-4.875,-14.5625,-42.25,-0.6239624,-0.7750244,-0.04827881,-0.087524414
2a,1,Left Ankle,4273853,1779734248715,-1.15,9.25,-2.19,-1.0,-35.1875,-29.8125,-0.6251221,-0.7752075,-0.04888916,-0.07659912
2a,2,Right Ankle,1315879,1779734248722,-8.748811,2.8430085,-1.0073783,64.67664,-17.41376,-33.18238,99.30568,77.45067,310.12848,0.0
2a,3,Left Wrist,4073844,1779734248728,86.701744,-23.959038,-61.56015,328.41577,-347.0103,-146.47078,-123.27129,-29.258806,343.1088,0.0
2a,1,Left Ankle,4273868,1779734248749,-0.93,9.41,-0.95,4.625,-25.0,-13.8125,-0.625,-0.77557373,-0.04840088,-0.07409668
2a,1,Left Ankle,4273893,1779734248750,-0.12,9.53,-1.57,3.6875,-15.9375,-5.625,-0.6245117,-0.77648926,-0.046875,-0.06982422
2a,4,Right Wrist,30276833,1779734248755,1.777169,-1.079263,1.5290138,-23.164959,-36.328888,-63.47627,-143.94731,-36.28126,225.82967,0.0
2a,1,Left Ankle,4273912,1779734248780,-0.03,9.59,-2.64,2.9375,-19.6875,-0.0625,-0.62438965,-0.7767334,-0.045898438,-0.068481445
2a,1,Left Ankle,4273933,1779734248806,0.55,10.07,-2.01,7.8125,-17.5,9.8125,-0.6230469,-0.7784424,-0.040039062,-0.06536865
2a,1,Left Ankle,4273953,1779734248807,-0.2,9.79,-1.29,14.5625,-12.0,17.375,-0.6208496,-0.7803345,-0.03656006,-0.06585693
2a,4,Right Wrist,30276893,1779734248809,-2.9103708,4.0581274,-0.33499515,-158.47496,3.0111117,-28.266272,-144.03543,-36.280968,225.855,0.0
2a,2,Right Ankle,1315940,1779734248813,-8.885201,-4.591491,-0.3924229,106.95664,10.93624,-10.08238,99.421074,77.523674,310.20563,0.0
2a,3,Left Wrist,4073905,1779734248819,18.269403,10.332505,-12.057433,-121.40423,12.6497,148.29922,-123.34373,-29.262962,343.09546,0.0
2a,1,Left Ankle,4273972,1779734248840,0.21,9.34,-2.01,19.0625,-6.8125,25.4375,-0.6195679,-0.78149414,-0.0335083,-0.0657959
2a,1,Left Ankle,4273992,1779734248865,-0.03,9.9,-2.29,21.5,-2.0625,35.0625,-0.6164551,-0.7838745,-0.02911377,-0.06866455
2a,1,Left Ankle,4274008,1779734248866,0.15,9.83,-2.07,24.5625,2.75,43.0625,-0.61279297,-0.786499,-0.024108887,-0.07299805
2a,4,Right Wrist,30276953,1779734248875,-5.5687966,5.0056844,-3.586841,-57.18496,71.611115,-4.6062717,-144.08296,-36.280285,225.86052,0.0
2a,2,Right Ankle,1316030,1779734248875,-7.327474,0.610505,-2.87378,7.836638,-5.3037596,27.367619,99.68361,77.52616,310.45853,0.0
2a,1,Left Ankle,4274033,1779734248898,0.53,9.97,-1.87,31.5,9.5,52.375,-0.60546875,-0.7914429,-0.015136719,-0.082092285
2a,3,Left Wrist,4073995,1779734248908,19.219353,-5.957832,-3.8620157,33.295776,55.2797,204.64923,-123.30079,-29.272442,343.03183,0.0
2a,1,Left Ankle,4274054,1779734248927,1.16,10.5,-0.98,36.75,10.625,57.6875,-0.59973145,-0.795166,-0.0087890625,-0.089538574
2a,1,Left Ankle,4274068,1779734248928,2.47,11.55,-1.58,34.5625,7.625,59.75,-0.5969238,-0.796875,-0.005432129,-0.09301758
2a,4,Right Wrist,30277012,1779734248928,-4.575775,0.6411761,0.5312066,61.325043,75.251114,-14.686272,-144.0549,-36.284348,225.84749,0.0
2a,2,Right Ankle,1316089,1779734248933,-8.076427,0.447793,-2.5292134,-31.783363,-17.83376,36.81762,99.903275,77.53587,310.6821,0.0
2a,1,Left Ankle,4274094,1779734248956,1.42,10.08,-2.1,34.25,8.3125,61.3125,-0.5913696,-0.8001709,0.0016479492,-0.10015869
2a,3,Left Wrist,4074084,1779734248972,11.533607,-7.041781,-9.035298,221.87578,5.439699,197.43922,-123.25433,-29.275656,343.0126,0.0
2a,1,Left Ankle,4274113,1779734248986,4.78,9.68,-2.99,34.6875,4.5625,60.75,-0.58270264,-0.8050537,0.012939453,-0.1104126
2a,1,Left Ankle,4274130,1779734248987,3.35,12.71,-3.92,26.8125,-4.25,69.875,-0.5802002,-0.80633545,0.01763916,-0.113586426
2a,4,Right Wrist,30277073,1779734248989,-5.937291,-2.0579274,1.7970098,21.285042,32.831112,-5.866272,-144.02885,-36.274376,225.8324,0.0
2a,2,Right Ankle,1316150,1779734248999,-10.005043,3.780995,-1.4452649,-32.693363,-25.11376,31.777618,99.974,77.46398,310.76,0.0
2a,1,Left Ankle,4274153,1779734249015,4.16,12.17,-3.08,13.0,17.0625,67.0,-0.57647705,-0.8076172,0.02520752,-0.12158203
2a,3,Left Wrist,4074174,1779734249030,9.698312,-6.6230364,-12.346965,111.34577,7.1196995,184.41922,-123.2709,-29.247492,343.00708,0.0
2a,1,Left Ankle,4274172,1779734249047,5.38,11.04,-5.88,4.75,28.4375,63.4375,-0.5744629,-0.807251,0.031921387,-0.13165283
2a,1,Left Ankle,4274194,1779734249049,5.37,9.32,-2.77,-1.4375,11.0625,53.5625,-0.5732422,-0.8060303,0.0423584,-0.14093018
2a,4,Right Wrist,30277132,1779734249049,-6.63121,-2.9408793,4.630112,49.84504,15.261112,-18.536272,-143.99408,-36.27008,225.82382,0.0
2a,2,Right Ankle,1316209,1779734249057,-8.808632,2.0174847,-0.49052867,-16.943361,-14.96376,16.23762,100.1436,77.42259,310.93,0.0
2a,1,Left Ankle,4274216,1779734249077,-1.47,9.52,-0.21,-16.375,-35.3125,46.125,-0.57366943,-0.80548096,0.047424316,-0.14068604
2a,3,Left Wrist,4074235,1779734249091,9.164713,-4.194321,-14.400007,125.06577,-12.1303005,134.64922,-123.29572,-29.223442,343.02112,0.0
2a,1,Left Ankle,4274234,1779734249106,-5.38,9.84,1.12,-8.0625,5.125,23.25,-0.57489014,-0.803772,0.05731201,-0.14178467
2a,1,Left Ankle,4274255,1779734249107,-5.97,9.59,-0.47,-11.0625,25.8125,0.1875,-0.5765991,-0.80218506,0.056030273,-0.14465332
2a,4,Right Wrist,30277193,1779734249113,-7.0451684,-5.7021966,3.900301,-6.78496,11.341112,-15.246271,-143.9728,-36.25942,225.81142,0.0
2a,2,Right Ankle,1316270,1779734249113,-9.028771,3.0487912,-0.58624154,-27.093363,-6.7037597,-6.932381,100.13869,77.35066,310.934,0.0
2a,1,Left Ankle,4274274,1779734249149,-4.17,8.55,2.76,-27.0625,23.8125,-23.375,-0.58026123,-0.79956055,0.051879883,-0.14587402
2a,3,Left Wrist,4074294,1779734249154,8.525828,-5.3476624,-13.670197,137.24577,-58.1203,103.70922,-123.3261,-29.195145,343.0568,0.0
2a,1,Left Ankle,4274299,1779734249166,-3.89,7.45,0.97,-27.625,63.9375,-45.625,-0.5856323,-0.7956543,0.042236328,-0.14868164
2a,4,Right Wrist,30277252,1779734249170,-7.164809,-5.434201,3.7998023,-37.51496,18.341112,-11.606272,-143.96127,-36.249725,225.79646,0.0
2a,2,Right Ankle,1316330,1779734249174,-9.086199,2.2089105,-0.49292147,-19.183363,-5.23376,-22.052382,100.2527,77.29781,311.05167,0.0
2a,1,Left Ankle,4274317,1779734249200,0.73,7.84,-1.73,-13.5,87.25,-62.375,-0.5899048,-0.79229736,0.026306152,-0.1538086
2a,3,Left Wrist,4074355,1779734249208,6.262218,-5.345269,-12.734602,109.87577,-90.1803,126.59923,-123.36823,-29.139803,343.0978,0.0
2a,1,Left Ankle,4274344,1779734249231,3.09,6.47,-3.1,-5.0,66.8125,-76.75,-0.59295654,-0.78985596,0.009216309,-0.1564331
2a,4,Right Wrist,30277313,1779734249232,-6.3105717,-4.9963136,3.2374892,-27.924961,20.581112,-3.9062722,-143.94394,-36.238575,225.77792,0.0
2a,1,Left Ankle,4274363,1779734249233,3.78,5.26,-2.53,-13.375,34.5,-80.1875,-0.5985718,-0.786499,-0.011657715,-0.15167236
2a,2,Right Ankle,1316390,1779734249234,-9.141234,2.3261588,-0.67716885,-13.513362,-0.89375985,-26.882381,100.420944,77.257324,311.2207,0.0
2a,1,Left Ankle,4274383,1779734249257,5.02,5.17,-2.06,-22.9375,5.9375,-70.1875,-0.6010132,-0.78515625,-0.016296387,-0.14855957
2a,3,Left Wrist,4074415,1779734249273,4.4053884,-4.512567,-10.420743,57.165775,-102.6403,150.60922,-123.42708,-29.06764,343.13702,0.0
2a,1,Left Ankle,4274421,1779734249290,4.37,5.05,-2.73,-33.75,-35.25,-43.875,-0.61206055,-0.7792969,-0.024291992,-0.13238525
2a,1,Left Ankle,4274403,1779734249290,5.26,5.1,-2.79,-31.6875,-17.5625,-54.5625,-0.6064453,-0.78222656,-0.022094727,-0.14105225
2a,2,Right Ankle,1316450,1779734249298,-9.088592,1.1201762,-0.38524443,-0.9833622,-3.2737598,-14.982382,100.48887,77.33667,311.2873,0.0
2a,1,Left Ankle,4274444,1779734249318,3.76,5.27,-1.94,-30.9375,-38.3125,-30.8125,-0.61968994,-0.7753296,-0.024230957,-0.1194458
2a,1,Left Ankle,4274461,1779734249318,1.5,6.05,2.11,-34.0,-43.5,-25.5625,-0.6222534,-0.7739258,-0.023254395,-0.11529541
2a,4,Right Wrist,30277373,1779734249320,-5.9085774,-5.4007006,3.0245278,-14.69496,14.561111,-6.916272,-143.92165,-36.225914,225.7609,0.0
2a,3,Left Wrist,4074475,1779734249332,3.9651086,-2.8926258,-8.367701,6.4857764,-94.310295,187.98923,-123.50075,-28.995434,343.1663,0.0
2a,1,Left Ankle,4274484,1779734249349,7.62,8.93,-5.4,15.875,118.375,-7.25,-0.62268066,-0.7710571,-0.039001465,-0.1272583
2a,2,Right Ankle,1316509,1779734249357,-9.019199,1.1871752,-0.404387,1.7466378,8.76624,12.527618,100.57935,77.405365,311.3755,0.0
2a,1,Left Ankle,4274506,1779734249381,0.65,15.99,-10.63,28.3125,85.4375,18.1875,-0.61950684,-0.7710571,-0.04510498,-0.1404419
2a,3,Left Wrist,4074535,1779734249391,3.651649,-2.3159556,-6.546763,18.805777,-83.5303,215.42923,-123.565254,-28.925179,343.18567,0.0
2a,1,Left Ankle,4274526,1779734249406,17.5,25.69,-3.44,15.875,5.0625,-53.3125,-0.61535645,-0.7735596,-0.054748535,-0.14123535
2a,1,Left Ankle,4274546,1779734249407,6.5,10.85,-1.1,-70.5625,-107.4375,-72.9375,-0.6251831,-0.7687988,-0.05407715,-0.12335205
2a,4,Right Wrist,30277433,1779734249409,-5.477869,-5.618448,1.4021941,-8.6049595,9.591112,-18.396273,-143.89882,-36.208225,225.74821,0.0
2a,2,Right Ankle,1316570,1779734249416,-8.88281,1.7662383,-0.62452674,0.34663773,14.43624,23.587618,100.84161,77.42044,311.63205,0.0
2a,1,Left Ankle,4274566,1779734249440,-8.96,2.85,-1.82,-59.3125,-77.25,-42.3125,-0.63513184,-0.7633667,-0.048706055,-0.107299805
2a,3,Left Wrist,4074594,1779734249449,1.4454665,-6.221042,-6.326623,14.395777,-83.9503,193.72923,-123.59595,-28.792526,343.19156,0.0
2a,1,Left Ankle,4274592,1779734249468,-2.51,2.81,-0.42,-30.6875,1.8125,-46.5,-0.64086914,-0.75927734,-0.05316162,-0.099609375
2a,1,Left Ankle,4274607,1779734249469,-0.72,11.25,-2.29,-16.625,47.375,-2.875,-0.6432495,-0.7562866,-0.05822754,-0.10418701
2a,4,Right Wrist,30277523,1779734249470,-10.911969,-3.5486565,1.253839,17.29504,-4.4788885,-45.62627,-143.89072,-36.19066,225.75813,0.0
2a,2,Right Ankle,1316629,1779734249474,-8.940237,2.309409,-1.9908284,-3.573362,10.44624,5.387619,101.09423,77.396065,311.88052,0.0
2a,1,Left Ankle,4274628,1779734249501,4.1,13.97,-3.44,-12.9375,28.5,-14.1875,-0.6445923,-0.75427246,-0.06335449,-0.10748291
2a,3,Left Wrist,4074655,1779734249507,1.8666035,-8.44876,-6.8626156,-25.154224,-88.7103,143.88922,-123.62705,-28.662794,343.20053,0.0
2a,1,Left Ankle,4274651,1779734249525,1.56,11.01,-0.5,-22.0,-5.625,-8.5,-0.64733887,-0.7518921,-0.06463623,-0.107055664
2a,1,Left Ankle,4274667,1779734249533,0.0,8.0,-0.02,-18.3125,-25.875,-10.875,-0.65026855,-0.75,-0.06304932,-0.10308838
2a,4,Right Wrist,30277613,1779734249533,-9.478668,-0.6246271,2.4765713,1.3350401,3.6411119,-62.286274,-143.89563,-36.185432,225.77489,0.0
2a,1,Left Ankle,4274692,1779734249557,0.43,9.61,-0.12,-8.5,-23.875,-0.5,-0.6520386,-0.74920654,-0.06048584,-0.099609375
2a,2,Right Ankle,1316690,1779734249563,-9.674833,1.8619511,-1.0169495,9.656637,6.3862405,-20.93238,101.3677,77.4145,312.1449,0.0
2a,3,Left Wrist,4074714,1779734249569,1.2707903,-8.357833,-5.558527,-26.834223,-78.7703,94.189224,-123.63898,-28.544575,343.20584,0.0
2a,1,Left Ankle,4274748,1779734249620,0.39,9.7,-1.49,-3.6875,-18.375,7.4375,-0.65374756,-0.74890137,-0.053222656,-0.09466553
2a,4,Right Wrist,30277672,1779734249620,-6.0330043,-2.0459635,1.8831514,-19.87496,43.821114,-53.816273,-143.8923,-36.18867,225.7738,0.0
2a,1,Left Ankle,4274728,1779734249621,0.55,9.56,-0.93,-2.75,-13.75,2.0625,-0.6532593,-0.74890137,-0.055908203,-0.096191406
2a,1,Left Ankle,4274707,1779734249622,-0.24,10.41,-0.77,-3.8125,-17.25,3.75,-0.652771,-0.74902344,-0.057861328,-0.097717285
2a,4,Right Wrist,30277733,1779734249651,-2.793122,-3.0437703,1.5864414,13.51504,52.571114,-44.43627,-143.85988,-36.195045,225.75883,0.0
2a,1,Left Ankle,4274772,1779734249658,0.07,9.43,-1.52,-6.1875,-19.125,9.4375,-0.65460205,-0.74871826,-0.048583984,-0.092285156
2a,2,Right Ankle,1316853,1779734249659,-6.8871946,2.8693295,-2.3449662,-25.903362,-11.39376,-6.092381,101.80379,77.42699,312.57797,0.0
2a,3,Left Wrist,4074775,1779734249659,2.1274207,-7.403096,-3.2709887,-3.0342236,-34.4603,56.109222,-123.594734,-28.465998,343.1835,0.0
2a,1,Left Ankle,4274796,1779734249677,0.17,9.56,-1.03,-7.0625,-9.6875,10.75,-0.6557617,-0.7479248,-0.04473877,-0.09234619
2a,1,Left Ankle,4274814,1779734249684,0.37,10.26,-0.67,-3.375,3.5,10.6875,-0.65618896,-0.7476196,-0.042419434,-0.09307861
2a,1,Left Ankle,4274834,1779734249706,1.27,9.49,-0.77,-0.5625,1.5625,5.75,-0.65618896,-0.74749756,-0.041870117,-0.094177246
2a,4,Right Wrist,30277792,1779734249709,-1.9125634,-5.223632,1.0959128,31.855038,19.461113,-17.48627,-143.80914,-36.185146,225.73619,0.0
2a,2,Right Ankle,1316872,1779734249719,-6.499558,2.9195788,-2.1942184,-33.88336,-11.81376,-6.092381,101.96741,77.38094,312.74844,0.0
2a,1,Left Ankle,4274858,1779734249741,0.88,9.54,-0.61,2.125,-2.8125,5.4375,-0.6559448,-0.7477417,-0.04095459,-0.09454346
2a,1,Left Ankle,4274880,1779734249742,0.96,9.9,-0.73,5.875,-2.625,2.375,-0.6553345,-0.7484131,-0.039978027,-0.09423828
2a,1,Left Ankle,4274904,1779734249768,0.95,9.45,-0.65,10.1875,-2.0625,-1.25,-0.6541748,-0.7494507,-0.039978027,-0.09387207
2a,4,Right Wrist,30277853,1779734249773,-2.649553,-5.5969124,1.0552348,-21.694962,-13.368889,18.773727,-143.77684,-36.15607,225.7106,0.0
2a,2,Right Ankle,1316930,1779734249773,-5.537643,2.7233672,2.3234308,21.136637,-6.4237595,-2.4523811,101.74635,77.366585,312.52505,0.0
2a,1,Left Ankle,4274943,1779734249800,0.77,9.74,-1.44,15.4375,2.75,-5.875,-0.6501465,-0.75323486,-0.04071045,-0.091430664
2a,1,Left Ankle,4274922,1779734249800,0.69,9.73,-1.07,13.3125,-1.75,-2.875,-0.6529541,-0.75079346,-0.038879395,-0.092041016
2a,3,Left Wrist,4074834,1779734249809,1.9336026,-7.460524,-1.361516,47.995777,19.7897,26.919222,-123.517105,-28.43581,343.14487,0.0
2a,1,Left Ankle,4274958,1779734249825,0.72,9.61,-1.02,16.375,3.4375,-7.3125,-0.6491089,-0.75408936,-0.041503906,-0.09118652
2a,4,Right Wrist,30277913,1779734249834,-3.577968,-3.9937212,1.18684,-47.31496,-36.538887,53.28373,-143.75844,-36.112232,225.68399,0.0
2a,1,Left Ankle,4274982,1779734249859,0.3,9.73,-0.95,17.375,2.5625,-6.3125,-0.6470337,-0.7558594,-0.042663574,-0.09051514
2a,2,Right Ankle,1316990,1779734249865,-5.3007536,-0.30833897,0.42113677,34.786636,-9.713759,17.07762,101.67118,77.42552,312.43887,0.0
2a,3,Left Wrist,4075028,1779734249867,3.1635132,-8.211871,-2.4693928,34.485775,44.9197,18.239222,-123.37964,-28.397312,343.04752,0.0
2a,1,Left Ankle,4275024,1779734249887,0.55,9.32,-1.74,19.9375,-3.25,1.75,-0.6407471,-0.76123047,-0.044067383,-0.08972168
2a,1,Left Ankle,4275008,1779734249887,0.62,9.84,-0.84,20.125,1.9375,-4.3125,-0.64331055,-0.7590332,-0.044128418,-0.08996582
2a,4,Right Wrist,30277973,1779734249888,-5.4539413,-2.3474593,1.2251252,-29.95496,-27.57889,68.89372,-143.74268,-36.06697,225.65744,0.0
2a,1,Left Ankle,4275044,1779734249916,0.56,9.29,-1.89,19.0625,-3.1875,6.3125,-0.63812256,-0.7633667,-0.043029785,-0.090270996
2a,1,Left Ankle,4275060,1779734249916,-0.13,9.89,-1.53,19.3125,2.75,14.0625,-0.6367798,-0.76446533,-0.042419434,-0.09118652
2a,2,Right Ankle,1317049,1779734249924,-11.603448,2.1514826,-5.2977095,4.756638,-17.20376,-5.112381,101.9179,77.42129,312.67685,0.0
2a,3,Left Wrist,4075075,1779734249930,1.1678993,-9.003895,-3.4935212,36.655777,6.4896994,11.449223,-123.32593,-28.337313,343.02448,0.0
2a,1,Left Ankle,4275085,1779734249951,0.32,9.74,-1.38,19.9375,9.75,23.0625,-0.6324463,-0.7677002,-0.039794922,-0.09503174
2a,4,Right Wrist,30278033,1779734249951,-9.397312,0.68903327,1.5074784,4.41504,-5.5288887,67.28373,-143.72691,-36.031406,225.63467,0.0
2a,1,Left Ankle,4275104,1779734249975,0.47,9.97,-1.48,19.875,8.6875,27.5625,-0.6292114,-0.7699585,-0.03717041,-0.099243164
2a,1,Left Ankle,4275124,1779734249976,0.23,10.13,-1.77,25.0,14.875,35.25,-0.62542725,-0.772522,-0.034240723,-0.10443115
2a,2,Right Ankle,1317140,1779734249984,-11.550806,3.240217,-1.8592231,-22.193361,-3.9737597,24.007618,102.10255,77.375946,312.86395,0.0
2a,3,Left Wrist,4075134,1779734249988,-1.2153525,-9.221642,-6.2021966,37.005775,-66.3103,15.789221,-123.323326,-28.24563,343.04376,0.0
2a,1,Left Ankle,4275147,1779734250008,2.18,9.87,-2.35,26.3125,18.4375,33.0,-0.6211548,-0.7752075,-0.032348633,-0.11035156
2a,4,Right Wrist,30278092,1779734250009,-12.890833,0.42343,1.282553,87.57504,24.571112,-0.6162722,-143.69157,-36.016144,225.62794,0.0
2a,1,Left Ankle,4275164,1779734250036,2.55,11.08,-1.67,27.8125,25.0,45.0625,-0.6168213,-0.7779541,-0.027954102,-0.11639404
2a,2,Right Ankle,1317200,1779734250043,-8.813417,1.6848822,-0.4235296,-21.983362,-13.003759,14.83762,102.158424,77.44488,312.92474,0.0
2a,1,Left Ankle,4275189,1779734250067,2.95,11.37,-3.14,26.5625,22.5,41.25,-0.61260986,-0.7803345,-0.024963379,-0.123046875
2a,1,Left Ankle,4275206,1779734250068,3.57,11.62,-3.81,19.125,9.75,42.25,-0.609375,-0.7821655,-0.020568848,-0.1282959
2a,4,Right Wrist,30278153,1779734250069,-10.813863,-2.8284168,1.3926228,13.51504,29.471111,-55.21627,-143.68321,-36.011005,225.63342,0.0
2a,1,Left Ankle,4275221,1779734250103,4.7,12.27,-4.71,14.25,1.6875,39.125,-0.6081543,-0.782959,-0.017150879,-0.1295166
2a,2,Right Ankle,1317260,1779734250103,-9.248911,2.6085117,-0.18424734,-24.153362,-2.2237597,-0.842381,101.96217,77.388855,312.7413,0.0
2a,3,Left Wrist,4075195,1779734250108,-3.7373874,-7.6854496,-7.7527456,14.325776,-101.9403,64.64922,-123.34959,-28.13562,343.0738,0.0
2a,1,Left Ankle,4275261,1779734250135,3.1,8.56,-3.67,-3.0625,-17.375,28.4375,-0.6060791,-0.78411865,-0.0065307617,-0.13330078
2a,1,Left Ankle,4275248,1779734250135,4.5,11.74,-4.52,4.0625,-8.125,34.0,-0.6062012,-0.7840576,-0.009338379,-0.1329956
2a,4,Right Wrist,30278212,1779734250135,-7.6409807,-5.912765,3.0556345,18.27504,27.581112,-75.166275,-143.66373,-36.013985,225.63823,0.0
2a,1,Left Ankle,4275284,1779734250161,1.63,7.64,-2.49,-6.6875,-45.6875,20.75,-0.6062622,-0.78448486,0.0033569336,-0.13061523
2a,2,Right Ankle,1317320,1779734250165,-8.923488,2.065341,-0.2727818,-19.533361,1.4162402,-13.512381,101.71918,77.36724,312.51114,0.0
2a,3,Left Wrist,4075358,1779734250168,3.8287177,-5.263913,-3.979264,-85.00423,29.8697,112.52922,-123.42799,-28.03566,343.07126,0.0
2a,1,Left Ankle,4275305,1779734250194,-0.57,7.15,-0.83,-7.25,-36.25,18.375,-0.60668945,-0.7845459,0.0099487305,-0.12768555
2a,1,Left Ankle,4275321,1779734250194,-1.54,6.94,-0.13,-8.4375,-41.125,16.8125,-0.6069946,-0.7845459,0.012817383,-0.12615967
2a,4,Right Wrist,30278273,1779734250194,-5.654938,-9.427821,3.2590244,3.2950401,13.091112,-62.566273,-143.63884,-36.012077,225.6363,0.0
2a,1,Left Ankle,4275344,1779734250215,-1.21,6.65,0.29,-11.0625,-45.125,18.5625,-0.6085205,-0.7840576,0.023742676,-0.11968994
2a,3,Left Wrist,4075376,1779734250235,4.749954,-4.029217,-3.6586258,-87.52423,24.8997,102.02922,-123.48255,-28.078257,343.05887,0.0
2a,1,Left Ankle,4275365,1779734250247,-1.83,6.12,1.67,-14.9375,-43.25,13.625,-0.6102295,-0.78308105,0.029174805,-0.11627197
2a,1,Left Ankle,4275390,1779734250250,0.36,5.44,-0.17,-11.1875,3.875,7.5625,-0.61102295,-0.78204346,0.028320312,-0.11932373
2a,4,Right Wrist,30278333,1779734250251,-4.5135617,-9.540284,2.7661028,-37.93496,1.0511112,-24.556273,-143.61964,-35.99912,225.62265,0.0
2a,2,Right Ankle,1317379,1779734250252,-8.959379,2.2376244,-0.83748794,-9.733362,-4.6737595,-22.19238,101.90968,77.33502,312.70032,0.0
2a,1,Left Ankle,4275406,1779734250284,2.86,5.78,-2.22,11.125,66.125,-0.5,-0.6101074,-0.78167725,0.022155762,-0.12756348
2a,1,Left Ankle,4275426,1779734250284,2.62,5.81,-1.42,14.75,67.3125,2.8125,-0.60827637,-0.78167725,0.015319824,-0.13677979
2a,1,Left Ankle,4275452,1779734250306,2.03,6.65,1.0,5.6875,41.125,9.4375,-0.6071167,-0.7813721,0.010681152,-0.14404297
2a,4,Right Wrist,30278393,1779734250309,-4.7049875,-9.131111,3.1633115,-61.664963,-17.428888,26.753729,-143.60225,-35.97127,225.59659,0.0
2a,2,Right Ankle,1317440,1779734250318,-9.062271,1.6370257,-0.4737789,-2.8033621,-5.0937595,-11.342381,102.027374,77.40907,312.81592,0.0
2a,1,Left Ankle,4275466,1779734250336,-5.15,10.09,4.75,-22.875,-38.0,4.1875,-0.60876465,-0.7802124,0.012573242,-0.14312744
2a,3,Left Wrist,4075435,1779734250349,5.812368,-1.8206414,-3.5102708,-27.464224,7.469699,60.93922,-123.52437,-28.125631,343.06177,0.0
2a,1,Left Ankle,4275494,1779734250371,4.07,8.14,-2.93,-8.5625,39.1875,-73.0,-0.6123047,-0.77801514,0.007873535,-0.14056396
2a,4,Right Wrist,30278453,1779734250372,-4.5327044,-8.245767,3.010171,-74.54496,-37.86889,62.87373,-143.58582,-35.9302,225.5637,0.0
2a,1,Left Ankle,4275509,1779734250371,8.26,11.01,-6.62,4.125,57.5625,-25.4375,-0.61273193,-0.77716064,-0.0036010742,-0.14331055
2a,2,Right Ankle,1317530,1779734250379,-8.921094,1.5532771,-0.34456646,2.3066382,13.38624,17.357618,102.054756,77.47643,312.8426,0.0
2a,1,Left Ankle,4275535,1779734250402,7.82,14.99,-7.38,0.625,49.0625,-15.625,-0.61364746,-0.77563477,-0.014038086,-0.14697266
2a,3,Left Wrist,4075598,1779734250410,0.20837738,-6.166007,-7.3603225,46.035778,-23.1903,-12.280777,-123.59722,-28.112814,343.11588,0.0
2a,1,Left Ankle,4275554,1779734250427,7.77,16.21,-1.34,-27.0625,-62.9375,-54.625,-0.61987305,-0.7736206,-0.012939453,-0.13061523
2a,1,Left Ankle,4275571,1779734250435,-2.13,10.93,-2.65,-48.5625,-76.0,-65.5625,-0.62384033,-0.7718506,-0.012817383,-0.12231445
2a,4,Right Wrist,30278513,1779734250435,-9.359027,-3.9865427,1.6582261,-23.93496,-51.58889,50.62373,-143.57602,-35.880516,225.55019,0.0
2a,2,Right Ankle,1317589,1779734250436,-9.045521,1.8332372,-0.6580263,4.336638,20.24624,18.89762,102.33429,77.48451,313.1152,0.0
2a,1,Left Ankle,4275598,1779734250462,-3.34,5.81,-1.87,-31.125,13.6875,-58.625,-0.63171387,-0.7661743,-0.024047852,-0.115600586
2a,3,Left Wrist,4075617,1779734250470,-1.3900281,-7.9343038,-6.977471,41.975777,-19.9703,-15.0107765,-123.60645,-28.039703,343.13483,0.0
2a,1,Left Ankle,4275613,1779734250486,0.22,7.85,-2.2,-20.375,56.9375,-29.5,-0.6331787,-0.76446533,-0.028808594,-0.11773682
2a,2,Right Ankle,1317650,1779734250493,-8.435351,2.8693295,-1.5864414,0.34663773,15.69624,-0.0023810863,102.532906,77.43306,313.31015,0.0
2a,4,Right Wrist,30278573,1779734250493,-13.864712,-4.9221363,3.2781672,-8.32496,-22.958887,50.97373,-143.5576,-35.84097,225.52995,0.0
2a,1,Left Ankle,4275657,1779734250518,0.77,9.79,-1.29,-29.6875,-15.375,-24.8125,-0.64263916,-0.7564697,-0.038635254,-0.11505127
2a,1,Left Ankle,4275639,1779734250519,3.34,10.59,-1.5,-22.0,28.8125,-28.25,-0.6381836,-0.75964355,-0.03765869,-0.11907959
2a,1,Left Ankle,4275673,1779734250556,0.39,9.06,-0.47,-25.8125,-12.3125,-23.75,-0.64630127,-0.7538452,-0.039733887,-0.111450195
2a,4,Right Wrist,30278632,1779734250556,-11.5436735,-1.1031916,4.625326,-18.40496,33.321114,27.383728,-143.54393,-35.82852,225.50635,0.0
2a,2,Right Ankle,1317709,1779734250557,-9.177126,2.3835864,-1.4093724,9.446638,3.7262402,-24.922382,102.76763,77.409546,313.5367,0.0
2a,1,Left Ankle,4275700,1779734250577,0.43,9.23,-0.5,-19.0,-11.0,-10.9375,-0.64923096,-0.751709,-0.039794922,-0.10876465
2a,1,Left Ankle,4275713,1779734250577,0.73,9.77,-0.58,-16.6875,-12.0,-7.6875,-0.65148926,-0.7501831,-0.038391113,-0.10620117
2a,1,Left Ankle,4275735,1779734250609,0.92,10.41,-0.62,-12.1875,-17.8125,1.625,-0.65319824,-0.7490845,-0.036254883,-0.10418701
2a,4,Right Wrist,30278693,1779734250609,-7.6409807,-1.9550364,3.586841,0.9850402,68.60111,-2.0162718,-143.51965,-35.832256,225.48125,0.0
2a,2,Right Ankle,1317770,1779734250614,-9.985901,0.88567954,-0.8733803,-2.593362,15.55624,-41.44238,102.97414,77.4863,313.74103,0.0
2a,3,Left Wrist,4075674,1779734250619,-1.6843455,-11.389539,-7.195218,-27.044224,-14.510301,27.479221,-123.612015,-27.955502,343.13205,0.0
2a,1,Left Ankle,4275759,1779734250640,0.64,9.79,-1.09,-10.0625,-19.3125,6.4375,-0.654541,-0.748291,-0.033325195,-0.10235596
2a,1,Left Ankle,4275778,1779734250646,0.63,9.97,-1.06,-8.5,-18.25,14.1875,-0.6555786,-0.7477417,-0.02947998,-0.10131836
2a,1,Left Ankle,4275795,1779734250668,0.78,9.72,-1.1,-9.625,-19.6875,17.1875,-0.6565552,-0.74713135,-0.025146484,-0.10076904
2a,4,Right Wrist,30278752,1779734250669,-4.291029,-2.7063825,3.1010983,29.895039,51.101112,-5.376272,-143.48044,-35.834457,225.45702,0.0
2a,2,Right Ankle,1317830,1779734250677,-10.54582,0.08886962,-2.3353949,-8.403362,19.75624,-43.26238,103.266975,77.539665,314.03198,0.0
2a,1,Left Ankle,4275817,1779734250701,0.77,9.69,-1.06,-11.5625,-18.8125,19.75,-0.6578369,-0.74627686,-0.020080566,-0.099853516
2a,1,Left Ankle,4275847,1779734250727,1.1,9.58,-1.03,-10.8125,-11.875,18.5,-0.65960693,-0.744751,-0.0146484375,-0.10028076
2a,1,Left Ankle,4275864,1779734250728,0.96,9.71,-0.93,-8.4375,-5.3125,14.4375,-0.66052246,-0.74383545,-0.012023926,-0.101135254
2a,4,Right Wrist,30278813,1779734250732,-2.608875,-2.684847,1.5601203,38.57504,23.731112,-4.1862717,-143.4362,-35.82491,225.43597,0.0
2a,2,Right Ankle,1317890,1779734250735,-7.076228,2.5893693,-0.038285162,-8.333363,-3.9037595,-19.532381,103.09906,77.485634,313.87094,0.0
2a,1,Left Ankle,4275884,1779734250759,1.72,9.57,-0.82,-7.0,-6.5,10.125,-0.66119385,-0.74334717,-0.010131836,-0.101135254
2a,1,Left Ankle,4275905,1779734250786,1.97,9.57,-0.63,0.5625,-10.0625,-3.25,-0.6613159,-0.74334717,-0.009216309,-0.10003662
2a,1,Left Ankle,4275924,1779734250787,1.38,9.45,-0.57,3.0,-11.875,-6.625,-0.6611328,-0.7439575,-0.0079956055,-0.09698486
2a,4,Right Wrist,30278873,1779734250795,-1.6613172,-3.26391,1.146162,0.2850399,-3.8488884,-8.246272,-143.4022,-35.808277,225.41866,0.0
2a,1,Left Ankle,4275944,1779734250819,1.4,9.48,-0.56,6.0625,-13.625,-10.625,-0.6604614,-0.74487305,-0.008178711,-0.09399414
2a,2,Right Ankle,1317950,1779734250828,-5.784104,-0.50215757,1.8999012,-13.1633625,-36.80376,-14.772381,102.8901,77.53442,313.66895,0.0
2a,1,Left Ankle,4275967,1779734250852,1.12,9.66,-0.66,8.0625,-6.0,-16.3125,-0.6598511,-0.74591064,-0.008422852,-0.0904541
2a,4,Right Wrist,30278933,1779734250853,-3.144867,-3.8477592,0.66759753,-25.194962,-19.738888,9.463728,-143.3814,-35.775238,225.40251,0.0
2a,1,Left Ankle,4275988,1779734250852,0.92,9.81,-0.57,11.5,2.5625,-19.3125,-0.65875244,-0.7470703,-0.011047363,-0.088378906
2a,1,Left Ankle,4276005,1779734250876,1.17,9.77,-0.5,13.75,5.4375,-19.1875,-0.65734863,-0.7484131,-0.014282227,-0.08685303
2a,2,Right Ankle,1318040,1779734250887,-9.000057,-0.33465996,-3.522235,30.236637,4.07624,-8.822382,103.18752,77.56237,313.94952,0.0
2a,3,Left Wrist,4075869,1779734250889,0.82093996,-7.283455,-1.835295,-13.604223,0.95969915,36.99922,-123.55924,-27.803782,343.09418,0.0
2a,1,Left Ankle,4276025,1779734250910,0.56,9.55,-1.05,13.625,4.4375,-15.4375,-0.6566162,-0.7491455,-0.015563965,-0.08618164
2a,1,Left Ankle,4276048,1779734250910,-0.06,9.44,-1.74,12.8125,8.5625,0.5,-0.6541748,-0.75115967,-0.0178833,-0.08642578
2a,4,Right Wrist,30278993,1779734250911,-5.5233326,-2.6657045,0.5694918,-25.194962,-6.298889,32.143726,-143.36844,-35.73945,225.38354,0.0
2a,1,Left Ankle,4276064,1779734250943,0.64,9.98,-1.4,13.3125,8.875,4.3125,-0.65252686,-0.75250244,-0.01763916,-0.08721924
2a,1,Left Ankle,4276093,1779734250968,1.11,9.8,-1.43,13.875,7.875,2.9375,-0.6506958,-0.75390625,-0.018310547,-0.08856201
2a,1,Left Ankle,4276110,1779734250970,0.91,9.22,-1.03,14.125,5.5,9.6875,-0.6488037,-0.7553711,-0.018249512,-0.090148926
2a,4,Right Wrist,30279053,1779734250970,-7.2342014,0.13150457,2.8283165,31.99504,-7.838888,45.793728,-143.34259,-35.71244,225.3659,0.0
2a,2,Right Ankle,1318100,1779734250974,-7.3514028,-2.3685594,0.715454,-35.493362,2.8862402,86.797615,103.13606,77.5988,313.9101,0.0
2a,1,Left Ankle,4276125,1779734251004,0.21,9.9,-1.04,17.125,7.8125,19.0,-0.6464844,-0.7570801,-0.017089844,-0.09277344
2a,1,Left Ankle,4276150,1779734251029,0.65,9.77,-1.07,19.75,10.3125,27.8125,-0.6435547,-0.75909424,-0.015197754,-0.09674072
2a,1,Left Ankle,4276164,1779734251037,0.71,9.82,-1.38,21.3125,11.125,33.0625,-0.64019775,-0.76135254,-0.012084961,-0.10192871
2a,4,Right Wrist,30279113,1779734251037,-9.469097,-1.543471,1.9214365,49.14504,13.581112,4.423728,-143.31374,-35.693417,225.35577,0.0
2a,2,Right Ankle,1318160,1779734251038,-9.540835,2.5319414,-0.8039884,33.45664,-16.643759,39.19762,103.219536,77.52443,313.97833,0.0
2a,1,Left Ankle,4276185,1779734251061,1.1,10.24,-1.2,22.3125,18.4375,47.3125,-0.6364746,-0.7635498,-0.008483887,-0.10888672
2a,3,Left Wrist,4076095,1779734251069,1.8259255,-7.4222393,-0.23688945,-29.284224,-16.2603,102.09922,-123.41586,-27.639133,342.99402,0.0
2a,1,Left Ankle,4276207,1779734251093,1.17,10.44,-1.21,20.6875,23.5,59.0,-0.6326294,-0.7654419,-0.0040893555,-0.11767578
2a,2,Right Ankle,1318250,1779734251094,-9.236947,2.4721208,-1.0600204,-36.193363,-24.903759,10.91762,103.338806,77.47494,314.10504,0.0
2a,1,Left Ankle,4276232,1779734251094,1.06,9.88,-1.45,21.375,24.6875,62.875,-0.6286621,-0.7672119,0.0014648438,-0.12713623
2a,4,Right Wrist,30279172,1779734251094,-9.81127,-2.9815574,2.1798615,43.61504,38.431114,-31.836273,-143.28624,-35.68817,225.34935,0.0
2a,1,Left Ankle,4276248,1779734251118,1.94,9.24,-1.46,18.3125,21.875,63.4375,-0.6248169,-0.76867676,0.0068969727,-0.13671875
2a,3,Left Wrist,4076258,1779734251130,-0.030904843,-4.529317,-4.5678983,-0.93422365,-0.44030046,44.839222,-123.421906,-27.468746,342.9829,0.0
2a,1,Left Ankle,4276272,1779734251147,2.44,8.91,-1.88,16.0625,9.75,61.8125,-0.62127686,-0.7699585,0.01361084,-0.14501953
2a,4,Right Wrist,30279233,1779734251152,-9.689237,-5.2284174,2.3617158,3.08504,36.961113,-46.39627,-143.27,-35.68464,225.3448,0.0
2a,2,Right Ankle,1318310,1779734251154,-9.071842,1.8332372,-0.44267216,-7.633362,-9.01376,-5.9523807,103.3457,77.552055,314.11386,0.0
2a,1,Left Ankle,4276293,1779734251179,2.31,8.9,-1.94,11.625,1.6875,57.4375,-0.61816406,-0.7710571,0.020507812,-0.1515503
2a,1,Left Ankle,4276308,1779734251186,1.56,9.12,-1.52,3.9375,-0.75,50.875,-0.6159668,-0.7715454,0.027282715,-0.15692139
2a,4,Right Wrist,30279292,1779734251211,-7.1121674,-6.482257,0.69870424,-13.22496,37.66111,-49.616272,-143.25339,-35.676994,225.3373,0.0
2a,1,Left Ankle,4276353,1779734251211,4.8,8.09,-3.44,0.625,21.625,26.625,-0.6142578,-0.7699585,0.036132812,-0.16900635
2a,1,Left Ankle,4276331,1779734251212,2.14,8.48,-2.17,-0.375,17.1875,39.1875,-0.6152954,-0.77093506,0.033935547,-0.16107178
2a,2,Right Ankle,1318370,1779734251213,-9.134055,1.5293489,-0.46181476,-19.603363,-7.19376,-6.512381,103.41053,77.62836,314.18344,0.0
2a,1,Left Ankle,4276368,1779734251237,6.05,7.23,-2.56,-0.8125,0.1875,17.0625,-0.6140747,-0.7698364,0.03729248,-0.16992188
2a,1,Left Ankle,4276396,1779734251268,4.22,8.1,-1.69,-3.875,-17.875,14.3125,-0.6140747,-0.7697754,0.042419434,-0.16900635
2a,4,Right Wrist,30279353,1779734251270,-4.6930237,-7.8078804,1.3471591,7.9850397,33.671112,-37.016273,-143.21796,-35.670345,225.32095,0.0
2a,1,Left Ankle,4276415,1779734251270,4.51,8.38,-2.72,-2.4375,4.375,-0.3125,-0.61450195,-0.7694092,0.04309082,-0.16894531
2a,2,Right Ankle,1318430,1779734251274,-9.148412,0.9622499,-0.014356935,-0.2833619,-3.9037595,12.877619,103.33651,77.69135,314.11072,0.0
2a,3,Left Wrist,4076334,1779734251279,-0.078761406,-4.376176,-5.065605,10.685777,20.349699,30.139221,-123.45474,-27.400476,342.98938,0.0
2a,1,Left Ankle,4276441,1779734251299,3.42,9.57,-2.03,1.8125,11.25,-7.5,-0.614563,-0.7692871,0.041015625,-0.16992188
2a,1,Left Ankle,4276456,1779734251331,1.94,10.66,-1.66,-7.5,7.375,-19.0625,-0.6156616,-0.76867676,0.038513184,-0.16931152
2a,4,Right Wrist,30279413,1779734251331,-3.307579,-9.033006,2.225325,13.7250395,15.051111,-13.916271,-143.17393,-35.65936,225.2987,0.0
2a,2,Right Ankle,1318490,1779734251338,-8.964165,1.3666369,0.04546363,3.5666375,-1.9437598,37.65762,103.17632,77.731705,313.9522,0.0
2a,3,Left Wrist,4076499,1779734251339,3.6037927,-5.000703,-4.2352962,-13.884224,8.5897,40.49922,-123.58509,-27.357487,343.0204,0.0
2a,1,Left Ankle,4276482,1779734251358,5.12,8.94,-2.35,-9.25,12.0625,-46.3125,-0.618042,-0.76763916,0.032165527,-0.16644287
2a,1,Left Ankle,4276504,1779734251388,-0.08,9.81,-0.78,-11.375,10.0625,-30.8125,-0.62054443,-0.76641846,0.027038574,-0.1638794
2a,1,Left Ankle,4276522,1779734251388,2.53,9.48,-1.41,-3.25,31.0625,-38.9375,-0.6223755,-0.76519775,0.01977539,-0.16326904
2a,4,Right Wrist,30279473,1779734251390,-5.805686,-8.9349,2.9766715,-55.29496,-8.048889,15.9037285,-143.1577,-35.634087,225.27574,0.0
2a,2,Right Ankle,1318550,1779734251394,-9.055093,1.8715223,-0.0957129,-4.483362,5.6162405,31.287619,102.93666,77.738785,313.71945,0.0
2a,1,Left Ankle,4276544,1779734251421,1.69,9.3,-1.19,-3.0,33.6875,-26.25,-0.62420654,-0.7635498,0.009338379,-0.16516113
2a,1,Left Ankle,4276558,1779734251421,2.03,9.35,-1.39,-2.5,25.375,-22.375,-0.6246948,-0.7630615,0.006591797,-0.16564941
2a,1,Left Ankle,4276584,1779734251447,2.0,9.05,-1.8,-1.0,15.6875,-17.6875,-0.6255493,-0.762146,-1.2207031E-4,-0.16680908
2a,2,Right Ankle,1318610,1779734251454,-8.913916,2.6563683,-0.51206404,-11.2033615,11.84624,18.47762,102.89983,77.656624,313.6878,0.0
2a,4,Right Wrist,30279533,1779734251454,-10.78515,-4.6661043,0.8063812,-75.66496,-45.638885,6.803728,-143.17511,-35.591892,225.2767,0.0
2a,1,Left Ankle,4276602,1779734251478,1.26,9.4,-1.33,-2.6875,6.875,-7.6875,-0.6258545,-0.76190186,-9.765625E-4,-0.16680908
2a,1,Left Ankle,4276623,1779734251480,1.92,9.61,-1.7,-1.75,13.75,-0.375,-0.62615967,-0.7611084,-0.002746582,-0.16925049
2a,3,Left Wrist,4076544,1779734251489,2.6035926,-6.0702944,-4.2711883,-15.284224,-5.9003005,17.889221,-123.60416,-27.27977,343.02515,0.0
2a,1,Left Ankle,4276642,1779734251512,2.0,9.41,-1.39,0.0,17.0625,7.4375,-0.6260376,-0.76086426,-0.0031738281,-0.17071533
2a,4,Right Wrist,30279592,1779734251512,-11.330712,-4.6134624,1.7204396,-94.564964,-2.6588879,25.563728,-143.18861,-35.560272,225.25998,0.0
2a,2,Right Ankle,1318669,1779734251515,-8.873238,2.7305458,-0.8135597,-8.193362,8.69624,7.347619,102.975296,77.58388,313.7648,0.0
2a,1,Left Ankle,4276661,1779734251537,2.66,9.58,-1.69,0.875,14.875,10.25,-0.6257324,-0.760437,-0.0036010742,-0.17376709
2a,3,Left Wrist,4076708,1779734251549,1.3282179,-8.1688,-5.575277,-17.454224,-26.4803,-17.250778,-123.65812,-27.134003,343.0714,0.0
2a,1,Left Ankle,4276687,1779734251571,2.91,9.6,-1.33,1.5625,12.5625,7.3125,-0.625,-0.76013184,-0.004333496,-0.17785645
2a,4,Right Wrist,30279653,1779734251572,-8.681859,-3.4050868,1.0695918,-59.074963,39.41111,17.863728,-143.18576,-35.541275,225.23555,0.0
2a,1,Left Ankle,4276704,1779734251572,3.25,10.02,-0.93,2.0625,14.5625,5.8125,-0.6245117,-0.7598877,-0.0056152344,-0.18023682
2a,2,Right Ankle,1318730,1779734251580,-8.995272,2.390765,-0.77048886,-5.6733623,4.5662403,5.2476187,103.09712,77.52059,313.88596,0.0
2a,1,Left Ankle,4276724,1779734251604,3.51,9.81,-1.48,-0.125,11.375,-4.0625,-0.6245117,-0.7595825,-0.007446289,-0.18164062
2a,3,Left Wrist,4076754,1779734251611,3.8861456,-8.02523,-2.5962124,-66.66423,-0.86030054,-34.750782,-123.62484,-27.138214,343.05185,0.0
2a,1,Left Ankle,4276747,1779734251628,3.01,9.32,-1.93,-0.375,10.9375,-7.0,-0.62475586,-0.7592163,-0.009887695,-0.18218994
2a,1,Left Ankle,4276762,1779734251629,2.83,9.39,-1.78,-0.75,14.75,-12.4375,-0.625,-0.75891113,-0.011474609,-0.18249512
2a,4,Right Wrist,30279712,1779734251629,-5.592725,-4.9364934,1.5170496,-42.62496,43.05111,16.533728,-143.16516,-35.52585,225.20381,0.0
2a,2,Right Ankle,1318790,1779734251638,-8.767954,2.05577,-0.6029913,-11.4133625,9.956241,5.597619,103.25841,77.46518,314.04794,0.0
2a,1,Left Ankle,4276785,1779734251663,3.08,9.57,-2.43,-0.6875,20.5,-17.1875,-0.62579346,-0.7578125,-0.017944336,-0.18377686
2a,1,Left Ankle,4276804,1779734251664,2.8,9.27,-1.93,-0.6875,15.625,-21.375,-0.62664795,-0.75720215,-0.022338867,-0.18304443
2a,1,Left Ankle,4276822,1779734251686,1.77,8.74,-1.29,-4.8125,5.875,-28.0625,-0.62750244,-0.7567749,-0.023925781,-0.18157959
2a,4,Right Wrist,30279773,1779734251695,-3.9033923,-4.7546387,1.2634103,-34.64496,28.561111,38.793728,-143.1347,-35.502567,225.16539,0.0
2a,2,Right Ankle,1318850,1779734251695,-9.028771,1.8284516,-0.74416786,-17.363361,19.82624,10.777618,103.5336,77.46976,314.32376,0.0
2a,3,Left Wrist,4076815,1779734251699,6.0085793,-6.7666054,-4.3836513,-76.25423,16.7797,-92.43077,-123.653625,-27.237823,343.0644,0.0
2a,1,Left Ankle,4276845,1779734251722,1.76,9.15,-1.11,-8.3125,21.625,-34.375,-0.6303711,-0.7546997,-0.032043457,-0.17907715
2a,1,Left Ankle,4276865,1779734251749,2.39,10.0,-0.46,-8.25,27.0625,-35.5625,-0.63134766,-0.75372314,-0.035583496,-0.17889404
2a,1,Left Ankle,4276884,1779734251749,1.38,9.66,-0.06,-12.375,30.875,-43.0625,-0.6348877,-0.7501221,-0.047851562,-0.17871094
2a,4,Right Wrist,30279833,1779734251750,-4.310172,-4.673283,2.7062824,-4.26496,-9.518888,74.49372,-143.09416,-35.46742,225.12567,0.0
2a,2,Right Ankle,1318910,1779734251753,-8.547813,2.1658397,-1.1126626,-20.723362,25.77624,6.017619,103.76978,77.42993,314.56314,0.0
2a,3,Left Wrist,4076875,1779734251758,6.302896,-6.9125676,-5.680561,-153.46423,8.1697,-148.92078,-123.76381,-27.34764,343.11392,0.0
2a,1,Left Ankle,4276907,1779734251780,0.69,6.98,-0.6,-8.1875,23.0,-52.4375,-0.63739014,-0.74786377,-0.05682373,-0.17663574
2a,1,Left Ankle,4276928,1779734251807,-1.14,6.01,0.58,-3.6875,20.5625,-49.0,-0.63879395,-0.7461548,-0.06689453,-0.17529297
2a,1,Left Ankle,4276948,1779734251808,2.4,7.04,0.08,-11.5,15.6875,-51.25,-0.64105225,-0.7440796,-0.07501221,-0.17242432
2a,4,Right Wrist,30279893,1779734251809,-5.709973,-3.249553,4.048656,17.015041,-49.90889,103.61372,-143.05394,-35.41837,225.09076,0.0
2a,2,Right Ankle,1318970,1779734251814,-8.569349,3.2330387,-1.5314064,-12.603362,14.996241,-0.63238096,103.91684,77.36793,314.71207,0.0
2a,3,Left Wrist,4076964,1779734251819,1.89771,-7.8505545,-15.909879,-82.41423,75.649704,-184.27077,-123.86812,-27.378908,343.1609,0.0
2a,1,Left Ankle,4276971,1779734251837,3.79,11.14,-2.26,-8.4375,-0.75,-46.1875,-0.6436157,-0.7421875,-0.08135986,-0.16827393
2a,4,Right Wrist,30279953,1779734251875,-5.6597238,0.8038883,6.9128647,35.63504,-83.57889,115.16373,-143.02028,-35.367996,225.06657,0.0
2a,1,Left Ankle,4276991,1779734251875,3.82,12.69,-2.59,1.5625,-25.875,-48.25,-0.64520264,-0.7420654,-0.08544922,-0.16046143
2a,2,Right Ankle,1319030,1779734251875,-8.806238,3.4747136,-2.0434706,6.8566375,-6.56376,-10.50238,104.06982,77.316826,314.8587,0.0
2a,1,Left Ankle,4277011,1779734251877,3.64,12.9,-2.08,5.9375,-55.25,-52.125,-0.6464844,-0.74316406,-0.08648682,-0.14916992
2a,3,Left Wrist,4077025,1779734251881,-4.7639084,-8.343476,-18.317057,-47.414223,125.2797,-60.930775,-123.92796,-27.363958,343.1591,0.0
2a,1,Left Ankle,4277027,1779734251898,1.41,11.36,-3.54,12.4375,-78.8125,-48.125,-0.64733887,-0.7451172,-0.08648682,-0.13543701
2a,1,Left Ankle,4277050,1779734251928,-0.71,7.93,-1.12,23.8125,-106.375,-47.3125,-0.6470337,-0.74890137,-0.08227539,-0.117248535
2a,1,Left Ankle,4277067,1779734251929,-0.92,8.2,-1.33,27.125,-112.1875,-28.25,-0.6456909,-0.75341797,-0.07446289,-0.099243164
2a,4,Right Wrist,30280013,1779734251929,-4.4489555,2.0457635,6.879365,49.14504,-92.818886,82.75372,-142.99258,-35.325405,225.05756,0.0
2a,2,Right Ankle,1319089,1779734251940,-8.289389,3.5177844,-2.213361,-4.833362,-11.253759,-42.84238,104.226494,77.27707,315.01318,0.0
2a,3,Left Wrist,4077084,1779734251941,-9.468198,-5.5678015,-19.03969,-177.33423,141.5197,133.52922,-124.007904,-27.295996,343.10782,0.0
2a,1,Left Ankle,4277092,1779734251964,-1.64,9.9,0.59,26.75,-100.3125,-10.375,-0.6436157,-0.7579346,-0.06561279,-0.08355713
2a,1,Left Ankle,4277107,1779734251987,-0.48,10.82,0.25,27.375,-77.6875,2.0,-0.64123535,-0.7617798,-0.056762695,-0.07281494
2a,1,Left Ankle,4277129,1779734251990,-1.31,9.09,-0.68,29.375,-58.5,9.8125,-0.6378784,-0.7658081,-0.049438477,-0.06512451
2a,4,Right Wrist,30280073,1779734251990,-3.197509,2.2036896,5.187639,68.185036,-104.71889,54.543728,-142.9679,-35.28661,225.0626,0.0
2a,3,Left Wrist,4077145,1779734252000,-9.559125,-3.0457666,-15.225531,-236.27423,47.649696,241.74922,-124.1088,-27.180323,343.06195,0.0
2a,2,Right Ankle,1319150,1779734252000,-11.507735,2.8023305,-1.3806587,62.92664,-24.62376,-81.83238,104.4529,77.274895,315.2123,0.0
2a,1,Left Ankle,4277152,1779734252022,-1.63,9.28,-0.31,26.3125,-36.5625,23.875,-0.6345215,-0.7692871,-0.0423584,-0.061462402
2a,4,Right Wrist,30280132,1779734252053,-1.6517459,0.38514382,4.249653,106.26504,-125.29888,37.53373,-142.9289,-35.24733,225.07451,0.0
2a,1,Left Ankle,4277167,1779734252054,2.06,11.38,-3.12,22.25,-27.0625,26.75,-0.6314697,-0.7722168,-0.036193848,-0.06072998
2a,2,Right Ankle,1319209,1779734252055,-10.040935,-0.8634738,-1.8161523,63.416637,-37.993763,-80.36238,104.65386,77.363914,315.3855,0.0
2a,1,Left Ankle,4277196,1779734252078,1.48,10.47,-3.5,19.1875,-51.0,20.0625,-0.62890625,-0.7748413,-0.028747559,-0.057006836
2a,1,Left Ankle,4277213,1779734252079,1.86,7.69,-5.8,17.625,-74.75,1.625,-0.62579346,-0.7786865,-0.014831543,-0.04248047
2a,3,Left Wrist,4077205,1779734252091,-7.1543374,7.698007,-3.3978083,-139.18423,-58.4003,64.85922,-124.18707,-27.135273,343.0792,0.0
2a,1,Left Ankle,4277234,1779734252106,-0.36,7.32,-4.1,18.25,-97.125,7.0,-0.6246338,-0.7800293,-0.009338379,-0.03643799
2a,4,Right Wrist,30280193,1779734252113,-1.0343976,-4.0343995,2.172683,103.60504,-123.19889,20.873728,-142.86885,-35.20003,225.0772,0.0
2a,2,Right Ankle,1319270,1779734252114,-7.6648626,0.610505,-2.1463618,27.786636,-11.74376,-6.1623807,104.91731,77.38434,315.6324,0.0
2a,1,Left Ankle,4277254,1779734252138,-1.4,6.28,6.79,17.3125,-82.75,18.25,-0.62164307,-0.78289795,0.006713867,-0.023498535
2a,1,Left Ankle,4277273,1779734252139,-2.84,11.03,1.0,-14.1875,-35.125,18.375,-0.62335205,-0.7816162,0.010131836,-0.020263672
2a,3,Left Wrist,4077265,1779734252148,7.92523,-0.40887606,4.85743,-86.54423,-75.1303,-479.18082,-124.25844,-27.290329,343.20105,0.0
2a,1,Left Ankle,4277294,1779734252167,2.8,13.22,-4.43,3.125,-2.0625,-13.5,-0.62249756,-0.78234863,0.009094238,-0.018493652
2a,1,Left Ankle,4277312,1779734252167,0.08,7.47,-0.18,11.875,-24.1875,-16.5625,-0.6217041,-0.78302,0.009277344,-0.015991211
2a,4,Right Wrist,30280252,1779734252168,-2.2188447,-2.8571303,2.912065,69.44504,-97.85889,12.473728,-142.8281,-35.161648,225.08171,0.0
2a,2,Right Ankle,1319330,1779734252173,-4.401052,-3.6176128,1.6917256,92.67664,14.01624,48.64762,104.914444,77.42127,315.59808,0.0
2a,1,Left Ankle,4277334,1779734252197,-1.2,6.71,-0.49,10.875,-50.125,-12.0,-0.619812,-0.78466797,0.013366699,-0.00390625
2a,3,Left Wrist,4077355,1779734252208,23.248867,21.045172,-18.357735,-102.22423,16.2897,48.61922,-124.33465,-27.317112,343.20697,0.0
2a,1,Left Ankle,4277356,1779734252226,1.17,11.97,-3.22,24.125,-11.8125,2.8125,-0.6170044,-0.7868042,0.015930176,-7.9345703E-4
2a,1,Left Ankle,4277373,1779734252226,0.8,11.97,-3.15,30.4375,7.8125,2.5,-0.61499023,-0.7883911,0.015686035,-0.0015258789
2a,4,Right Wrist,30280313,1779734252228,-3.714359,-7.1953177,-0.93798643,28.70504,-68.388885,-103.44627,-142.8121,-35.13005,225.11362,0.0
2a,2,Right Ankle,1319390,1779734252239,-10.531465,-0.19587629,7.970492,35.346638,-38.903763,-56.91238,104.71315,77.46651,315.38782,0.0
2a,1,Left Ankle,4277399,1779734252255,-0.65,9.15,-1.9,37.125,20.375,11.5,-0.60772705,-0.7939453,0.014526367,-0.006958008
2a,3,Left Wrist,4077415,1779734252268,7.8127675,8.963811,-0.81834537,-24.104223,107.8497,-37.690777,-124.35223,-27.382788,343.19016,0.0
2a,1,Left Ankle,4277414,1779734252285,-0.38,8.51,-2.93,31.5,19.6875,21.0,-0.6033325,-0.79730225,0.013793945,-0.012512207
2a,4,Right Wrist,30280373,1779734252289,-6.736494,-3.1538405,-1.68694,-102.61496,-8.958889,-35.19627,-142.8465,-35.09588,225.12233,0.0
2a,2,Right Ankle,1319450,1779734252296,-14.891187,-8.805252,-9.523434,-13.1633625,-24.76376,38.35762,104.925865,77.50257,315.5974,0.0
2a,1,Left Ankle,4277438,1779734252320,0.92,10.17,-3.33,28.625,10.25,29.5625,-0.5993042,-0.8001709,0.016235352,-0.017089844
2a,1,Left Ankle,4277459,1779734252320,-0.6,8.81,-2.54,21.5625,10.125,29.0625,-0.59606934,-0.8024292,0.018920898,-0.02130127
2a,3,Left Wrist,4077475,1779734252328,16.632711,-5.5247307,-4.5296135,-10.594223,81.8797,-80.600784,-124.35559,-27.482498,343.18314,0.0
2a,1,Left Ankle,4277484,1779734252347,1.13,8.66,-3.77,19.875,8.0,38.3125,-0.5918579,-0.80511475,0.024658203,-0.02923584
2a,4,Right Wrist,30280433,1779734252349,-5.13091,2.507578,0.66759753,-14.06496,21.841112,-23.856272,-142.86255,-35.091923,225.1304,0.0
2a,2,Right Ankle,1319510,1779734252354,-9.004843,3.8671365,-0.6149554,-15.543362,-18.53376,35.20762,104.80485,77.418564,315.48254,0.0
2a,1,Left Ankle,4277503,1779734252376,1.07,9.84,-3.14,19.0,1.875,46.625,-0.5890503,-0.80682373,0.03125,-0.033935547
2a,1,Left Ankle,4277523,1779734252376,2.01,11.42,-5.37,17.0625,-9.625,49.6875,-0.5864258,-0.80822754,0.04046631,-0.036010742
2a,3,Left Wrist,4077535,1779734252391,11.346966,1.7374858,-4.2424746,-123.01423,50.939697,151.44922,-124.40408,-27.503572,343.14618,0.0
2a,1,Left Ankle,4277544,1779734252405,1.67,10.35,-3.97,16.6875,-31.8125,43.8125,-0.58361816,-0.8096924,0.04949951,-0.036743164
2a,2,Right Ankle,1319570,1779734252415,-9.236947,0.47650692,-0.9212367,-40.04336,-16.643759,36.25762,104.92258,77.47223,315.60916,0.0
2a,4,Right Wrist,30280493,1779734252415,-5.422835,-1.0122639,2.481357,38.015038,41.441113,-37.996273,-142.83821,-35.09547,225.12556,0.0
2a,1,Left Ankle,4277561,1779734252437,2.89,10.26,-2.24,15.6875,-39.4375,41.8125,-0.5822754,-0.81036377,0.054260254,-0.036193848
2a,1,Left Ankle,4277584,1779734252438,1.5,11.74,-1.48,5.75,-29.1875,43.625,-0.57928467,-0.8114624,0.0692749,-0.03466797
2a,3,Left Wrist,4077595,1779734252448,14.663419,-1.9283185,-6.3218374,3.7557764,78.5897,171.81923,-124.40018,-27.530895,343.09485,0.0
2a,1,Left Ankle,4277604,1779734252466,1.01,9.68,-1.67,0.0625,1.5,39.1875,-0.5787964,-0.8110962,0.07537842,-0.037719727
2a,4,Right Wrist,30280553,1779734252469,-4.81745,-1.4932214,3.0005996,-22.81496,55.791115,-26.23627,-142.82692,-35.102978,225.11082,0.0
2a,2,Right Ankle,1319629,1779734252474,-9.308731,1.4838852,-0.17228323,-18.693361,-19.72376,24.217619,104.77119,77.52635,315.46582,0.0
2a,1,Left Ankle,4277621,1779734252497,1.17,9.09,-1.81,-2.0625,12.125,38.0625,-0.57891846,-0.81073,0.07745361,-0.04034424
2a,3,Left Wrist,4077655,1779734252514,17.845873,-1.4162543,-6.661618,-54.204224,84.0497,267.9992,-124.402306,-27.530071,343.0187,0.0
2a,1,Left Ankle,4277645,1779734252532,0.75,8.53,-1.85,-6.4375,11.6875,31.25,-0.5795288,-0.80963135,0.08087158,-0.045166016
2a,1,Left Ankle,4277664,1779734252532,0.33,7.83,-1.39,-9.8125,20.25,26.5,-0.58166504,-0.80737305,0.08331299,-0.05340576
2a,4,Right Wrist,30280613,1779734252540,-5.1811595,-3.091627,2.818745,-26.804958,58.59111,-23.926271,-142.81093,-35.10748,225.09157,0.0
2a,2,Right Ankle,1319690,1779734252540,-9.2536955,1.1608541,0.33020952,-31.643362,-15.313759,18.547619,104.58284,77.57169,315.29123,0.0
2a,1,Left Ankle,4277683,1779734252555,-0.11,7.83,-1.2,-13.0625,29.9375,23.8125,-0.58374023,-0.8054199,0.083496094,-0.059814453
2a,1,Left Ankle,4277705,1779734252589,-0.85,8.56,-1.29,-15.875,28.125,20.8125,-0.5861206,-0.80322266,0.08416748,-0.06488037
2a,1,Left Ankle,4277719,1779734252589,-3.39,8.54,0.33,-20.125,12.875,24.875,-0.5874634,-0.8019409,0.08532715,-0.06689453
2a,4,Right Wrist,30280672,1779734252589,-5.1261244,-3.579763,2.9982069,-29.25496,48.51111,-14.686272,-142.79366,-35.10757,225.07072,0.0
2a,2,Right Ankle,1319750,1779734252594,-8.866059,1.3714225,1.0097711,-18.133362,-16.85376,10.847618,104.34132,77.598045,315.0601,0.0
2a,1,Left Ankle,4277744,1779734252616,-1.13,6.14,2.11,-35.3125,7.9375,4.5625,-0.59381104,-0.7966919,0.08721924,-0.07122803
2a,1,Left Ankle,4277759,1779734252623,-2.62,7.01,1.9,-45.875,-1.5,4.4375,-0.5968628,-0.79437256,0.08782959,-0.07098389
2a,3,Left Wrist,4077819,1779734252630,16.783459,2.7113647,-10.58824,104.48577,-2.4003007,217.52922,-124.41262,-27.508072,342.92908,0.0
2a,1,Left Ankle,4277783,1779734252649,-2.62,8.59,-0.1,-46.0625,-5.4375,-12.875,-0.60614014,-0.7877197,0.08746338,-0.06689453
2a,4,Right Wrist,30280733,1779734252656,-5.267301,-3.0030923,3.7519457,-19.94496,40.04111,7.8537283,-142.772,-35.10356,225.04556,0.0
2a,2,Right Ankle,1319810,1779734252656,-9.445122,1.3020306,0.67716885,-33.813362,3.5862403,15.32762,104.144875,77.63112,314.87973,0.0
2a,1,Left Ankle,4277804,1779734252681,2.96,8.69,-3.8,-24.125,51.9375,-37.125,-0.609375,-0.7859497,0.07476807,-0.07312012
2a,3,Left Wrist,4077838,1779734252689,16.596819,2.3189418,-10.925629,107.215775,-13.9503,209.26923,-124.40441,-27.498314,342.90952,0.0
2a,1,Left Ankle,4277824,1779734252706,6.47,6.53,-0.86,-0.75,122.3125,-14.75,-0.61120605,-0.7839966,0.06060791,-0.090270996
2a,1,Left Ankle,4277842,1779734252706,11.42,6.14,-2.45,-1.8125,169.0625,20.8125,-0.6119385,-0.78240967,0.05328369,-0.10253906
2a,4,Right Wrist,30280792,1779734252710,-5.7721863,-2.512564,3.9577286,21.215038,32.691113,16.323729,-142.7378,-35.095985,225.02078,0.0
2a,2,Right Ankle,1319870,1779734252713,-8.698562,0.93114316,1.0863415,-15.193361,5.26624,9.517619,103.96143,77.66522,314.7059,0.0
2a,1,Left Ankle,4277863,1779734252740,6.98,11.46,-10.68,-13.6875,161.5625,47.8125,-0.614624,-0.77526855,0.038269043,-0.1404419
2a,3,Left Wrist,4077895,1779734252748,16.575283,0.012260785,-10.250852,104.41577,-41.250298,165.72922,-124.402306,-27.499416,342.90692,0.0
2a,1,Left Ankle,4277888,1779734252765,1.9,13.48,-12.25,-5.75,60.875,33.25,-0.6152954,-0.7722168,0.03564453,-0.15447998
2a,1,Left Ankle,4277909,1779734252766,6.34,9.59,-6.76,-14.4375,11.375,13.5,-0.61639404,-0.7703247,0.035888672,-0.15917969
2a,4,Right Wrist,30280853,1779734252775,-5.5855465,-2.0339994,4.1347976,40.18504,16.941113,21.083729,-142.69954,-35.084408,224.99915,0.0
2a,2,Right Ankle,1319930,1779734252775,-10.0720415,2.0581625,-0.79441714,-23.733362,14.996241,3.917619,104.23183,77.66505,314.9792,0.0
2a,1,Left Ankle,4277925,1779734252801,3.31,8.98,-3.15,-27.25,-27.3125,13.0625,-0.61932373,-0.76812744,0.04095459,-0.15722656
2a,3,Left Wrist,4077955,1779734252808,15.8430805,-1.947461,-8.9013,116.59577,-70.2303,112.38922,-124.399414,-27.513784,342.92264,0.0
2a,1,Left Ankle,4277954,1779734252833,0.66,9.62,-1.03,-25.625,-22.875,12.0625,-0.62231445,-0.7659302,0.046081543,-0.15478516
2a,1,Left Ankle,4277964,1779734252834,0.4,8.78,1.22,-21.6875,2.3125,11.8125,-0.62493896,-0.7635498,0.049072266,-0.1550293
2a,4,Right Wrist,30280913,1779734252834,-4.3675995,-2.5484564,2.9431717,33.04504,5.4611115,31.373728,-142.65973,-35.064995,224.97482,0.0
2a,2,Right Ankle,1319990,1779734252835,-9.141234,1.512599,0.3062813,-3.7833622,8.20624,2.447619,104.0482,77.7001,314.80164,0.0
2a,1,Left Ankle,4277985,1779734252857,2.66,9.16,1.66,-21.0,21.375,9.875,-0.62750244,-0.7608032,0.049194336,-0.15814209
2a,3,Left Wrist,4078015,1779734252875,14.373887,-3.9239323,-8.930014,144.03577,-77.8603,78.57922,-124.393524,-27.538425,342.9493,0.0
2a,1,Left Ankle,4278024,1779734252890,4.4,9.35,-1.35,-11.4375,28.5625,-0.25,-0.63165283,-0.7561035,0.04522705,-0.16503906
2a,4,Right Wrist,30280973,1779734252890,-4.3269215,-2.8427737,2.6273193,-27.15496,-3.0088882,61.543728,-142.63518,-35.03519,224.9418,0.0
2a,1,Left Ankle,4278009,1779734252890,3.9,9.22,-0.9,-16.4375,23.1875,2.6875,-0.6298828,-0.75823975,0.047729492,-0.16156006
2a,2,Right Ankle,1320050,1779734252893,-9.232161,1.8810937,0.18424734,-1.683362,8.48624,-3.572381,103.82897,77.71823,314.58865,0.0
2a,1,Left Ankle,4278046,1779734252916,4.87,9.9,-1.69,-8.625,21.5,-8.4375,-0.6331787,-0.7545166,0.042175293,-0.16741943
2a,3,Left Wrist,4078075,1779734252932,12.938193,-6.292827,-7.257431,141.23578,-73.240295,74.16922,-124.373405,-27.570078,342.96854,0.0
2a,1,Left Ankle,4278068,1779734252946,4.42,9.33,-1.27,-11.1875,-0.9375,-23.0,-0.6350708,-0.75335693,0.03930664,-0.16601562
2a,1,Left Ankle,4278085,1779734252949,2.97,8.96,-1.52,-15.25,-17.8125,-36.0625,-0.6376343,-0.75250244,0.03704834,-0.16052246
2a,4,Right Wrist,30281033,1779734252949,-4.848557,-1.620041,1.9932213,-66.49496,-7.628889,82.193726,-142.62817,-34.99735,224.90709,0.0
2a,2,Right Ankle,1320110,1779734252960,-9.196269,1.1943537,0.31345975,-5.043362,18.846241,-11.622381,103.706985,77.77015,314.47275,0.0
2a,1,Left Ankle,4278125,1779734252984,2.6,8.75,-1.93,-12.625,1.875,-49.375,-0.6436157,-0.75024414,0.028686523,-0.14868164
2a,1,Left Ankle,4278107,1779734252983,1.88,9.03,-1.9,-15.8125,-13.375,-41.125,-0.64068604,-0.7514038,0.034179688,-0.15405273
2a,1,Left Ankle,4278150,1779734253007,2.99,8.63,-1.97,-9.8125,14.5625,-55.75,-0.64630127,-0.74902344,0.020812988,-0.14422607
2a,4,Right Wrist,30281093,1779734253009,-4.4082775,-0.0790636,1.8496519,-27.15496,-8.748888,78.06372,-142.61583,-34.963005,224.87834,0.0
2a,2,Right Ankle,1320169,1779734253016,-9.256089,1.1799968,0.18664016,-6.513362,21.99624,-3.5023808,103.60535,77.82414,314.37726,0.0
2a,3,Left Wrist,4078135,1779734253018,11.686748,-8.305191,-9.444471,97.20577,-92.9803,69.689224,-124.393196,-27.594831,343.00497,0.0
2a,1,Left Ankle,4278166,1779734253041,4.19,9.26,-2.12,-10.625,16.875,-64.9375,-0.6491089,-0.7477417,0.011291504,-0.1394043
2a,1,Left Ankle,4278192,1779734253065,1.73,10.05,-2.11,-20.6875,6.6875,-66.125,-0.6529541,-0.74560547,0.0021972656,-0.13311768
2a,1,Left Ankle,4278208,1779734253066,0.46,9.76,-1.01,-25.4375,5.5,-61.1875,-0.65734863,-0.74279785,-0.0056152344,-0.12719727
2a,2,Right Ankle,1320230,1779734253075,-8.712918,0.15347582,-0.05503492,-1.3333621,22.97624,15.117619,103.63901,77.889145,314.412,0.0
2a,4,Right Wrist,30281153,1779734253075,-3.8028936,-1.7325037,0.76331043,2.66504,11.551111,43.06373,-142.58841,-34.93239,224.85138,0.0
2a,1,Left Ankle,4278233,1779734253099,0.74,8.56,-0.05,-29.6875,0.6875,-66.625,-0.6621704,-0.73931885,-0.015014648,-0.121276855
2a,3,Left Wrist,4078225,1779734253109,8.444472,-9.736098,-6.5491557,86.70577,-131.4803,136.53922,-124.36496,-27.599564,343.01562,0.0
2a,1,Left Ankle,4278256,1779734253129,-0.93,10.17,-0.54,-28.25,4.6875,-49.75,-0.6687622,-0.73431396,-0.024597168,-0.11352539
2a,1,Left Ankle,4278274,1779734253130,-0.04,10.41,-0.73,-21.125,20.5,-30.75,-0.6719971,-0.7314453,-0.030578613,-0.11175537
2a,4,Right Wrist,30281212,1779734253130,-4.434599,-0.76341075,1.2873386,-17.56496,40.04111,22.693727,-142.57399,-34.91866,224.82747,0.0
2a,2,Right Ankle,1320290,1779734253133,-9.579121,2.0725195,-1.2131611,-12.463362,27.31624,5.807619,103.921394,77.86694,314.69418,0.0
2a,1,Left Ankle,4278300,1779734253156,1.37,10.16,-0.07,-16.8125,21.625,-22.125,-0.67456055,-0.7288208,-0.0357666,-0.11187744
2a,3,Left Wrist,4078285,1779734253174,7.6907334,-12.530915,-5.352744,29.515776,-132.7403,166.77922,-124.298584,-27.537579,342.99445,0.0
2a,1,Left Ankle,4278318,1779734253192,1.45,10.26,-0.12,-16.8125,17.5625,-16.9375,-0.6768799,-0.7265625,-0.03869629,-0.11175537
2a,2,Right Ankle,1320350,1779734253199,-9.380516,1.6370257,-0.82313097,-8.963362,30.88624,-15.612381,104.23046,77.89925,315.0019,0.0
2a,1,Left Ankle,4278338,1779734253216,0.54,9.83,0.01,-13.75,1.125,-0.0625,-0.67871094,-0.7247925,-0.039123535,-0.11187744
2a,1,Left Ankle,4278361,1779734253217,0.25,9.69,-0.13,-9.375,-2.625,6.0625,-0.6799927,-0.7236328,-0.038208008,-0.11206055
2a,4,Right Wrist,30281273,1779734253227,-3.5875394,3.1656046,2.7565317,-7.6949596,54.251114,17.093727,-142.5698,-34.927513,224.8102,0.0
2a,3,Left Wrist,4078375,1779734253233,5.297911,-13.330118,-3.9409788,-16.404224,-115.3803,204.15923,-124.24159,-27.43844,342.95938,0.0
2a,1,Left Ankle,4278378,1779734253250,0.41,10.04,-0.43,-5.4375,-3.25,16.625,-0.68066406,-0.7230835,-0.034851074,-0.11242676
2a,2,Right Ankle,1320410,1779734253253,-10.5936775,1.5197775,-1.5314064,-6.303362,35.78624,-36.68238,104.56852,77.92921,315.33783,0.0
2a,1,Left Ankle,4278399,1779734253277,1.15,10.02,-0.27,-3.3125,-0.6875,23.625,-0.6807251,-0.7227783,-0.032043457,-0.11480713
2a,1,Left Ankle,4278417,1779734253284,1.13,9.67,-0.51,-1.8125,-12.875,22.0625,-0.680542,-0.7229004,-0.028137207,-0.11633301
2a,3,Left Wrist,4078435,1779734253291,5.1543417,-10.966009,-2.775674,7.0457764,-96.9703,206.46922,-124.173836,-27.355406,342.91818,0.0
2a,1,Left Ankle,4278442,1779734253310,0.99,9.56,-0.76,-5.3125,-19.375,27.125,-0.68066406,-0.7227173,-0.022827148,-0.117370605
2a,4,Right Wrist,30281333,1779734253310,-1.474677,3.6202412,2.7469604,13.93504,59.501114,-5.7262716,-142.56454,-34.95171,224.80092,0.0
2a,2,Right Ankle,1320470,1779734253316,-11.371344,-0.085806444,-2.1176481,-19.673363,18.77624,-29.472382,104.84925,77.98517,315.62097,0.0
2a,1,Left Ankle,4278459,1779734253341,0.78,9.7,-0.79,-7.8125,-18.0625,32.1875,-0.6810303,-0.7224121,-0.016662598,-0.1184082
2a,1,Left Ankle,4278484,1779734253341,1.44,9.78,-0.41,-7.125,-5.5625,33.3125,-0.6814575,-0.7214966,-0.008483887,-0.12219238
2a,1,Left Ankle,4278508,1779734253365,1.71,9.62,0.1,-5.5625,0.375,32.25,-0.6815796,-0.7208252,-0.004211426,-0.12585449
2a,2,Right Ankle,1320530,1779734253374,-8.921094,-0.7438327,-1.2131611,6.0166383,-3.6237597,-1.402381,105.03356,78.050095,315.799,0.0
2a,1,Left Ankle,4278544,1779734253398,1.98,9.43,0.09,-0.125,0.8125,22.5625,-0.6809082,-0.7203369,0.0018920898,-0.13208008
2a,1,Left Ankle,4278523,1779734253398,2.14,9.4,-0.04,-3.625,1.5,29.75,-0.68133545,-0.720459,-8.544922E-4,-0.12927246
2a,4,Right Wrist,30281422,1779734253399,0.98514473,-0.9428724,0.9954142,-7.62496,57.961113,-26.026272,-142.53049,-34.991997,224.77571,0.0
2a,1,Left Ankle,4278566,1779734253426,2.06,9.76,0.05,5.6875,1.9375,12.6875,-0.6802368,-0.72076416,0.004760742,-0.13311768
2a,2,Right Ankle,1320590,1779734253436,-5.4897866,-0.18391217,0.11246266,-69.02336,-17.62376,-12.182381,104.97099,78.12522,315.76038,0.0
2a,1,Left Ankle,4278591,1779734253463,2.25,9.55,-0.16,6.8125,3.125,8.1875,-0.67926025,-0.72143555,0.0056152344,-0.13464355
2a,4,Right Wrist,30281513,1779734253463,0.9181457,-2.632205,-0.05742774,-62.50496,45.361115,-1.9462721,-142.48969,-35.000652,224.73233,0.0
2a,1,Left Ankle,4278606,1779734253464,2.93,8.97,-0.02,8.9375,6.125,-3.25,-0.67822266,-0.72229004,0.004699707,-0.1352539
2a,1,Left Ankle,4278632,1779734253487,2.12,9.35,-0.02,10.125,2.625,-10.5,-0.6773071,-0.7233887,0.003479004,-0.1338501
2a,2,Right Ankle,1320650,1779734253493,-5.420395,-3.9526079,0.5766703,-113.82336,-32.673763,-38.78238,104.92406,78.20492,315.75174,0.0
2a,1,Left Ankle,4278646,1779734253518,1.56,9.46,-0.05,11.625,-2.5,-15.9375,-0.67626953,-0.72473145,0.0015258789,-0.13195801
2a,4,Right Wrist,30281603,1779734253525,0.6908276,-0.59591305,0.22492532,-14.13496,22.61111,7.083728,-142.45093,-35.0295,224.70172,0.0
2a,3,Left Wrist,4078495,1779734253529,3.2951183,-8.946467,-1.2155539,30.285776,-66.4503,185.39923,-124.098145,-27.278982,342.87305,0.0
2a,1,Left Ankle,4278669,1779734253548,1.49,9.75,-0.42,14.5625,-0.3125,-16.25,-0.67492676,-0.7263794,-6.713867E-4,-0.12994385
2a,1,Left Ankle,4278693,1779734253549,1.33,9.79,-0.59,15.6875,2.6875,-15.875,-0.6724243,-0.7289429,-0.0048828125,-0.12799072
2a,2,Right Ankle,1320709,1779734253561,-8.071642,2.1538756,-0.32063824,15.676638,-13.70376,-34.79238,104.75696,78.152855,315.58255,0.0
2a,1,Left Ankle,4278706,1779734253576,1.28,9.99,-0.47,19.875,12.875,-14.0625,-0.6713867,-0.72998047,-0.006652832,-0.12799072
2a,1,Left Ankle,4278726,1779734253577,1.29,10.3,0.03,23.875,11.75,-9.9375,-0.6687012,-0.7322998,-0.010253906,-0.12854004
2a,1,Left Ankle,4278751,1779734253608,0.64,9.41,-0.61,25.375,8.375,-1.9375,-0.66571045,-0.7348633,-0.012329102,-0.12902832
2a,4,Right Wrist,30281663,1779734253609,-0.036590487,-0.69641167,0.086141616,-22.04496,22.751112,-0.05627203,-142.4075,-35.020634,224.66841,0.0
2a,2,Right Ankle,1320770,1779734253616,-9.244125,-0.53804994,-3.0532417,-65.52336,-21.19376,0.20761895,104.986595,78.18592,315.82822,0.0
2a,1,Left Ankle,4278766,1779734253636,0.48,9.48,-1.47,23.4375,10.25,12.5,-0.66241455,-0.73742676,-0.013000488,-0.13128662
2a,1,Left Ankle,4278786,1779734253643,0.53,10.18,-0.94,21.8125,19.875,28.1875,-0.65911865,-0.73950195,-0.012268066,-0.1361084
2a,3,Left Wrist,4078762,1779734253650,0.21076983,-7.943875,-0.6412765,-19.974224,-14.650301,50.22922,-123.93545,-27.14141,342.757,0.0
2a,1,Left Ankle,4278808,1779734253666,1.54,9.62,-0.91,22.5625,28.4375,32.25,-0.6555176,-0.7414551,-0.011779785,-0.14294434
2a,4,Right Wrist,30281723,1779734253669,-1.8001008,0.7225322,0.43310088,-11.61496,30.731112,-6.1462717,-142.41336,-35.01634,224.66548,0.0
2a,2,Right Ankle,1320830,1779734253676,-6.344024,-2.1197057,-0.9667004,9.5866375,-48.07376,68.31762,105.043625,78.23499,315.8762,0.0
2a,1,Left Ankle,4278834,1779734253699,2.12,9.64,-0.84,24.9375,28.1875,34.75,-0.64953613,-0.7445679,-0.0107421875,-0.15368652
2a,3,Left Wrist,4078898,1779734253708,-0.6123609,-5.8525476,-3.1058836,-29.844223,-5.480301,66.189224,-123.861176,-26.980927,342.71033,0.0
2a,1,Left Ankle,4278855,1779734253726,3.07,10.14,-1.27,23.0625,8.375,39.3125,-0.6455078,-0.7468872,-0.008178711,-0.15948486
2a,4,Right Wrist,30281813,1779734253734,-2.0417757,1.8686943,1.5984055,54.95504,27.581112,-11.116272,-142.39685,-35.02413,224.66472,0.0
2a,2,Right Ankle,1320890,1779734253734,-8.495172,2.1036263,-0.552742,26.176636,-28.05376,28.627619,104.984184,78.153755,315.80658,0.0
2a,1,Left Ankle,4278876,1779734253759,1.45,10.01,-0.91,26.0,5.25,43.375,-0.640625,-0.74993896,-0.0041503906,-0.16485596
2a,1,Left Ankle,4278900,1779734253759,3.05,9.87,-1.05,35.6875,16.1875,53.0625,-0.6348877,-0.75323486,-1.8310547E-4,-0.1720581
2a,3,Left Wrist,4078916,1779734253767,0.0648077,-5.115558,-3.2446675,35.885777,-1.2103004,60.79922,-123.83796,-26.888342,342.69525,0.0
2a,1,Left Ankle,4278914,1779734253792,4.13,10.92,-1.74,34.5,20.75,57.25,-0.62854004,-0.7564697,0.003540039,-0.18078613
2a,4,Right Wrist,30281873,1779734253792,-2.7404802,-0.45234337,1.3710873,65.87504,26.881111,-1.9462721,-142.35791,-35.016983,224.65134,0.0
2a,2,Right Ankle,1320950,1779734253792,-8.904345,-0.13127008,0.63170516,-21.913363,-27.49376,25.687618,104.83846,78.2093,315.6691,0.0
2a,1,Left Ankle,4278936,1779734253816,2.55,10.27,-1.33,24.75,15.9375,54.625,-0.623291,-0.75878906,0.008117676,-0.18890381
2a,1,Left Ankle,4278960,1779734253816,3.24,9.3,-1.1,19.3125,5.375,47.1875,-0.6190796,-0.76049805,0.012756348,-0.19543457
2a,1,Left Ankle,4278976,1779734253846,2.45,9.18,-0.36,9.875,12.625,40.5625,-0.61621094,-0.7614136,0.016967773,-0.20074463
2a,4,Right Wrist,30281933,1779734253849,-3.4846478,-2.3498523,1.1270194,35.14504,28.631111,12.963728,-142.31674,-34.99966,224.62683,0.0
2a,2,Right Ankle,1321010,1779734253853,-9.701155,1.6346331,0.019142581,-7.843362,-9.923759,6.227619,104.621475,78.24802,315.45853,0.0
2a,3,Left Wrist,4078975,1779734253858,2.3786674,-5.156236,-4.5822554,88.17577,8.519699,29.649221,-123.853065,-26.835133,342.70865,0.0
2a,1,Left Ankle,4279002,1779734253876,2.14,8.66,-0.48,9.5625,28.875,31.625,-0.6138916,-0.7614136,0.018310547,-0.20758057
2a,1,Left Ankle,4279018,1779734253878,3.28,8.53,0.2,5.375,32.125,20.125,-0.61242676,-0.7609253,0.018188477,-0.21362305
2a,1,Left Ankle,4279041,1779734253908,3.12,8.45,-0.13,1.0625,25.625,11.1875,-0.61169434,-0.7600708,0.016967773,-0.21862793
2a,4,Right Wrist,30281993,1779734253909,-4.1091747,-1.2922242,0.8566305,7.00504,20.161112,32.213726,-142.2921,-34.974804,224.60329,0.0
2a,2,Right Ankle,1321070,1779734253913,-9.507336,2.2256603,-0.2656033,-30.803362,-11.043759,0.27761889,104.345985,78.20943,315.19858,0.0
2a,3,Left Wrist,4079065,1779734253918,2.9170525,-6.182757,-4.182654,31.755777,9.779699,-23.06078,-123.845985,-26.769789,342.71194,0.0
2a,1,Left Ankle,4279058,1779734253941,-0.64,9.25,0.24,-3.5625,4.375,1.6875,-0.61187744,-0.7593994,0.016418457,-0.22052002
2a,1,Left Ankle,4279080,1779734253941,-3.45,8.87,3.0,-11.875,-4.0625,-12.625,-0.6134033,-0.75860596,0.015991211,-0.21917725
2a,1,Left Ankle,4279103,1779734253966,-4.99,9.04,3.5,-22.625,-4.25,-30.6875,-0.61932373,-0.75561523,0.0115356445,-0.21295166
2a,4,Right Wrist,30282053,1779734253969,-4.319743,-1.8066812,0.65084773,5.8150396,3.2911115,25.563728,-142.26968,-34.944237,224.58524,0.0
2a,1,Left Ankle,4279144,1779734254001,1.75,8.86,2.28,-31.5,50.4375,-73.25,-0.6325073,-0.74713135,-0.008972168,-0.2041626
2a,1,Left Ankle,4279118,1779734254002,-0.82,7.79,5.0,-30.625,-3.75,-62.5625,-0.6224365,-0.75408936,0.008300781,-0.20941162
2a,2,Right Ankle,1321130,1779734254007,-9.016808,0.81389487,0.26321048,-17.363361,-9.22376,-11.5523815,104.21344,78.27273,315.07434,0.0
2a,3,Left Wrist,4079125,1779734254009,3.0917287,-6.1779714,-3.227918,44.635777,8.8696995,-41.330776,-123.77117,-26.757233,342.69016,0.0
2a,1,Left Ankle,4279158,1779734254027,1.47,8.43,1.51,-29.8125,73.8125,-71.25,-0.6355591,-0.7441406,-0.016845703,-0.20501709
2a,4,Right Wrist,30282113,1779734254030,-4.398706,-1.660719,0.4019942,-2.58496,-5.948889,27.313728,-142.25313,-34.9092,224.5701,0.0
2a,1,Left Ankle,4279183,1779734254056,15.75,5.81,-3.91,-15.1875,133.3125,-58.5,-0.6398926,-0.7374878,-0.037109375,-0.21276855
2a,3,Left Wrist,4079185,1779734254069,3.0678,-7.077673,-5.2785664,57.165775,9.779699,-58.13078,-123.78251,-26.710514,342.71176,0.0
2a,1,Left Ankle,4279206,1779734254088,14.31,6.15,-4.26,-11.4375,180.5,30.0,-0.6397095,-0.72991943,-0.054016113,-0.23480225
2a,1,Left Ankle,4279223,1779734254088,3.85,10.62,-7.04,-6.625,164.5625,74.5,-0.63397217,-0.7196045,-0.068359375,-0.27490234
2a,4,Right Wrist,30282172,1779734254090,-4.118746,-0.90697986,0.5694918,-4.54496,-5.248888,31.093729,-142.24014,-34.8763,224.55563,0.0
2a,1,Left Ankle,4279244,1779734254118,1.26,13.34,-12.24,9.875,106.6875,33.625,-0.631958,-0.7178345,-0.072265625,-0.2831421
2a,1,Left Ankle,4279261,1779734254118,5.08,11.35,-5.85,0.625,-10.625,-6.6875,-0.63098145,-0.71759033,-0.07409668,-0.28546143
2a,3,Left Wrist,4079275,1779734254130,3.3597243,-8.767006,-5.6350975,-6.1142235,7.3296995,-47.07078,-123.7786,-26.650501,342.7153,0.0
2a,1,Left Ankle,4279289,1779734254148,7.1,7.5,0.24,-18.6875,-75.0625,-15.1875,-0.6366577,-0.7192993,-0.06390381,-0.2705078
2a,4,Right Wrist,30282233,1779734254151,-3.860321,-0.72512573,0.55513483,1.47504,-3.0088882,30.953728,-142.22559,-34.844536,224.54112,0.0
2a,1,Left Ankle,4279305,1779734254175,1.22,10.16,-0.05,-28.3125,-75.0625,-18.5,-0.6415405,-0.71917725,-0.058410645,-0.26049805
2a,2,Right Ankle,1321190,1779734254186,-9.323088,1.3809937,-0.033499517,-0.703362,-5.44376,-14.842382,104.066574,78.332726,314.93066,0.0
2a,3,Left Wrist,4079334,1779734254193,3.7688973,-9.243176,-6.948757,17.825777,11.249699,-35.800777,-123.80036,-26.59667,342.73114,0.0
2a,4,Right Wrist,30282292,1779734254213,-3.633003,-1.2682962,0.27038896,-3.56496,-14.628889,44.81373,-142.20839,-34.803005,224.52301,0.0
2a,1,Left Ankle,4279348,1779734254212,3.46,8.81,0.46,-14.9375,5.625,-27.0625,-0.64782715,-0.7155762,-0.0625,-0.25360107
2a,1,Left Ankle,4279325,1779734254212,2.31,10.86,-0.66,-17.75,-12.25,-26.4375,-0.64508057,-0.7178345,-0.058776855,-0.25524902
2a,1,Left Ankle,4279362,1779734254237,3.57,8.61,-0.34,-12.375,12.625,-27.5625,-0.6491089,-0.71447754,-0.06463623,-0.2529297
2a,2,Right Ankle,1321383,1779734254244,-9.4858,0.85935855,0.41874397,-8.963362,12.47624,-18.27238,103.85567,78.459404,314.7303,0.0
2a,3,Left Wrist,4079395,1779734254255,4.029715,-8.527723,-5.0081778,-105.93423,4.6696997,-37.13078,-123.793915,-26.5502,342.71695,0.0
2a,1,Left Ankle,4279406,1779734254274,3.06,8.63,-0.82,-20.4375,-57.9375,-33.3125,-0.65802,-0.7130127,-0.061706543,-0.23425293
2a,1,Left Ankle,4279387,1779734254274,2.39,10.14,-1.96,-10.375,-17.75,-26.4375,-0.6532593,-0.7131958,-0.066101074,-0.2454834
2a,4,Right Wrist,30282353,1779734254275,-3.4774692,-1.0960131,-0.86859465,-5.94496,-28.208887,44.883728,-142.20177,-34.747322,224.51283,0.0
2a,1,Left Ankle,4279421,1779734254302,1.84,8.4,0.84,-28.625,-79.0,-23.5,-0.6605835,-0.7128296,-0.05822754,-0.22839355
2a,1,Left Ankle,4279445,1779734254302,1.18,10.62,0.08,-19.5625,-26.375,-17.25,-0.666626,-0.7112427,-0.051635742,-0.21704102
2a,2,Right Ankle,1321459,1779734254303,-9.74901,0.03862033,0.40677986,-10.713362,23.53624,-17.85238,103.83233,78.52889,314.71298,0.0
2a,1,Left Ankle,4279468,1779734254327,2.77,9.44,1.23,-13.8125,1.0625,-13.75,-0.6689453,-0.7095947,-0.052612305,-0.21502686
2a,4,Right Wrist,30282413,1779734254328,-3.580361,-0.8112673,-0.83988076,15.89504,-23.37889,43.06373,-142.18987,-34.69478,224.50357,0.0
2a,3,Left Wrist,4079455,1779734254338,4.910274,-8.561222,-4.3836513,-244.53423,42.259697,-45.110775,-123.81603,-26.577528,342.68555,0.0
2a,1,Left Ankle,4279493,1779734254360,2.38,10.15,0.01,-12.375,6.625,-14.9375,-0.67193604,-0.7069702,-0.055603027,-0.21343994
2a,2,Right Ankle,1321520,1779734254367,-9.811225,0.24201024,0.70348984,-33.46336,32.07624,31.007618,103.74627,78.57388,314.64172,0.0
2a,1,Left Ankle,4279510,1779734254385,2.57,9.83,0.56,-10.5625,-4.5,-23.125,-0.67303467,-0.70635986,-0.056518555,-0.21191406
2a,4,Right Wrist,30282473,1779734254394,-3.3219361,-1.148655,0.27517462,48.37504,22.61111,27.943727,-142.15227,-34.667362,224.48146,0.0
2a,3,Left Wrist,4079515,1779734254399,6.0755777,-9.4776745,-4.8622155,-336.86423,101.759705,-39.230778,-123.86887,-26.635992,342.63696,0.0
2a,1,Left Ankle,4279553,1779734254421,0.76,9.73,1.14,-2.5625,12.0,-13.3125,-0.67596436,-0.70410156,-0.062805176,-0.20843506
2a,1,Left Ankle,4279534,1779734254421,1.81,9.67,0.88,-8.0,-5.0,-24.125,-0.6756592,-0.704895,-0.059692383,-0.20751953
2a,2,Right Ankle,1321580,1779734254429,-11.445522,-3.0002644,1.6941184,-22.613363,29.83624,77.06762,103.703415,78.60776,314.60815,0.0
2a,1,Left Ankle,4279573,1779734254454,1.18,9.71,0.03,2.1875,22.625,-0.375,-0.67529297,-0.7036133,-0.06524658,-0.21130371
2a,1,Left Ankle,4279593,1779734254454,1.55,9.87,-0.53,1.125,11.8125,6.75,-0.6748047,-0.7034302,-0.06542969,-0.21343994
2a,3,Left Wrist,4079605,1779734254462,10.349159,-4.1823573,-8.051848,-194.62422,131.7197,28.529222,-123.96605,-26.71302,342.61105,0.0
2a,1,Left Ankle,4279613,1779734254476,1.38,9.88,0.17,1.6875,8.875,13.1875,-0.67388916,-0.7034912,-0.064941406,-0.2163086
2a,2,Right Ankle,1321640,1779734254486,-9.509728,-5.003057,-1.8376877,-202.02336,0.71624017,67.757614,103.769615,78.65203,314.74115,0.0
2a,1,Left Ankle,4279653,1779734254511,1.36,9.71,0.15,11.0625,7.125,20.6875,-0.66986084,-0.7053833,-0.06304932,-0.22296143
2a,4,Right Wrist,30282533,1779734254512,-1.0583256,0.46649992,1.4093724,55.93504,90.16111,-1.9462721,-142.11235,-34.69174,224.45442,0.0
2a,1,Left Ankle,4279633,1779734254511,1.58,9.5,0.37,5.9375,12.625,18.1875,-0.6730957,-0.70373535,-0.064697266,-0.21807861
2a,3,Left Wrist,4079665,1779734254519,11.198612,-8.420046,-10.746166,-11.994224,109.1097,59.399223,-124.00796,-26.769682,342.58948,0.0
2a,1,Left Ankle,4279671,1779734254537,1.77,9.78,0.38,13.6875,10.125,23.3125,-0.6680908,-0.70599365,-0.063964844,-0.22613525
2a,2,Right Ankle,1321700,1779734254544,-9.77294,-4.1153197,-4.041477,-192.43336,31.23624,21.48762,104.015724,78.694725,315.05008,0.0
2a,1,Left Ankle,4279693,1779734254572,1.43,9.61,0.09,17.125,21.3125,31.1875,-0.66589355,-0.7067261,-0.06463623,-0.23016357
2a,1,Left Ankle,4279711,1779734254573,1.99,9.49,-0.06,20.4375,29.9375,35.25,-0.6621704,-0.7080078,-0.06512451,-0.23657227
2a,4,Right Wrist,30282697,1779734254572,1.535494,-1.4334009,-2.658426,24.715038,146.65111,-34.496273,-142.12767,-34.76262,224.44434,0.0
2a,3,Left Wrist,4079725,1779734254582,12.653447,-6.5919294,-9.504292,-105.37423,81.5997,85.439224,-124.070335,-26.82389,342.56503,0.0
2a,1,Left Ankle,4279734,1779734254605,2.7,9.16,0.2,21.8125,33.0,36.125,-0.6555176,-0.7102051,-0.06555176,-0.24816895
2a,2,Right Ankle,1321760,1779734254605,-7.8491096,-3.9454293,-0.7178468,-276.36337,51.046238,-24.222382,104.13101,78.76779,315.26157,0.0
2a,1,Left Ankle,4279757,1779734254627,2.41,9.3,0.41,24.75,35.3125,37.375,-0.65063477,-0.711792,-0.06591797,-0.25616455
2a,1,Left Ankle,4279774,1779734254627,2.29,9.34,0.48,29.3125,43.8125,38.5,-0.6451416,-0.713501,-0.06695557,-0.26489258
2a,3,Left Wrist,4079785,1779734254638,12.272989,-4.232607,-9.3200445,-23.334223,54.579697,92.22922,-124.112206,-26.86737,342.55008,0.0
2a,1,Left Ankle,4279800,1779734254661,2.2,9.33,0.17,36.125,61.0,45.3125,-0.63842773,-0.7151489,-0.06939697,-0.27600098
2a,4,Right Wrist,30282716,1779734254662,2.0164511,1.1532407,-1.3758731,25.13504,154.0711,-30.856274,-142.15991,-34.85083,224.44759,0.0
2a,2,Right Ankle,1321820,1779734254663,-6.7795177,-0.21023323,4.2305107,-354.62338,34.38624,-35.91238,103.87949,78.80145,315.1392,0.0
2a,1,Left Ankle,4279818,1779734254687,2.0,9.61,-0.25,43.3125,70.5625,52.25,-0.63012695,-0.71691895,-0.07269287,-0.28930664
2a,1,Left Ankle,4279835,1779734254687,2.42,9.29,-0.28,50.0625,65.5625,57.125,-0.62060547,-0.71936035,-0.07537842,-0.3027954
2a,1,Left Ankle,4279859,1779734254720,2.75,9.71,-0.73,53.0625,57.5625,59.6875,-0.6104126,-0.72247314,-0.07714844,-0.31549072
2a,4,Right Wrist,30282773,1779734254720,2.6601205,-0.72751814,-1.0576277,21.70504,154.28111,-43.87627,-142.1413,-34.960278,224.42409,0.0
2a,3,Left Wrist,4079845,1779734254728,13.758932,-2.1819577,-9.379865,-43.634224,15.169699,69.549225,-124.165886,-26.909113,342.55142,0.0
2a,1,Left Ankle,4279875,1779734254746,2.3,10.55,0.53,58.375,54.5,59.125,-0.59942627,-0.7260742,-0.078552246,-0.32763672
2a,1,Left Ankle,4279895,1779734254755,1.21,11.53,0.28,60.1875,65.625,53.0625,-0.58813477,-0.7293701,-0.08123779,-0.33984375
2a,1,Left Ankle,4279919,1779734254778,1.14,11.83,0.5,65.5,102.8125,42.0,-0.57611084,-0.730896,-0.08886719,-0.35498047
2a,2,Right Ankle,1321880,1779734254786,-8.552599,9.059562,8.484949,-246.47336,8.90624,11.33762,103.586044,78.77657,314.93616,0.0
2a,3,Left Wrist,4079935,1779734254788,15.010378,-1.2128644,-7.6163545,-18.294224,2.3596992,-40.980778,-124.21054,-26.981588,342.57535,0.0
2a,1,Left Ankle,4279935,1779734254814,0.33,12.17,1.5,65.875,155.625,37.625,-0.56329346,-0.72906494,-0.10180664,-0.37524414
2a,1,Left Ankle,4279957,1779734254837,1.84,9.94,0.92,66.0625,206.375,30.4375,-0.54956055,-0.72314453,-0.12036133,-0.4006958
2a,1,Left Ankle,4279978,1779734254837,1.92,9.64,1.44,73.625,267.75,38.9375,-0.53271484,-0.7128296,-0.14398193,-0.4328003
2a,2,Right Ankle,1322043,1779734254846,-8.219997,4.9462996,4.1778684,-16.033361,-33.723763,-17.152382,102.99559,78.72733,314.37146,0.0
2a,4,Right Wrist,30282863,1779734254846,3.5215368,2.629612,-0.75613195,-30.374962,181.8611,-70.75628,-142.17226,-35.0636,224.41982,0.0
2a,3,Left Wrist,4079995,1779734254849,15.307088,-0.8946191,-6.0729837,91.95577,14.679699,-106.43077,-124.212616,-27.074741,342.60568,0.0
2a,1,Left Ankle,4280002,1779734254868,-0.42,12.87,0.73,80.375,342.9375,48.8125,-0.5109863,-0.696167,-0.17285156,-0.47369385
2a,1,Left Ankle,4280019,1779734254898,-0.03,12.73,1.29,78.0625,369.125,37.0,-0.4866333,-0.6734009,-0.20581055,-0.51708984
2a,4,Right Wrist,30282953,1779734254901,5.2515473,2.6080759,-2.184647,-31.214958,189.42111,-119.75628,-142.22054,-35.184845,224.43517,0.0
2a,2,Right Ankle,1322063,1779734254904,-9.033557,1.5078135,3.8356946,17.286638,-19.30376,-26.042381,102.743835,78.75078,314.11774,0.0
2a,3,Left Wrist,4080055,1779734254913,14.294924,-7.362418,-7.1617184,142.49577,8.449699,-112.38077,-124.18952,-27.176245,342.63528,0.0
2a,1,Left Ankle,4280048,1779734254929,0.1,11.67,-1.64,72.4375,312.9375,5.375,-0.4560547,-0.6395874,-0.25183105,-0.5652466
2a,1,Left Ankle,4280066,1779734254931,-1.93,10.94,-1.89,61.4375,219.6875,-24.0,-0.44384766,-0.62323,-0.27648926,-0.5814209
2a,1,Left Ankle,4280084,1779734254963,-2.0,12.05,-0.75,56.875,138.125,-85.9375,-0.43829346,-0.6092529,-0.30114746,-0.5881958
2a,2,Right Ankle,1322120,1779734254964,-9.94283,3.0081131,1.6534405,-46.13336,-4.1837597,-27.302382,102.46666,78.747086,313.86182,0.0
2a,4,Right Wrist,30283042,1779734254963,3.8780673,-1.5578275,-5.4317074,150.64503,101.221115,-94.276276,-142.25897,-35.237907,224.49118,0.0
2a,3,Left Wrist,4080115,1779734254970,13.443079,3.0008962,-7.9393854,33.575775,0.32969952,-90.82077,-124.23095,-27.254961,342.67535,0.0
2a,1,Left Ankle,4280108,1779734254987,-1.57,11.82,-2.05,57.6875,114.3125,-106.75,-0.43621826,-0.5961914,-0.3260498,-0.5899048
2a,1,Left Ankle,4280128,1779734254988,-1.01,11.95,-2.2,62.75,92.9375,-126.375,-0.43670654,-0.5839844,-0.35150146,-0.58709717
2a,4,Right Wrist,30283103,1779734255022,-1.3239291,-7.594919,-10.9375925,32.90504,76.651115,-83.986275,-142.2595,-35.20208,224.50368,0.0
2a,1,Left Ankle,4280144,1779734255022,-0.65,11.65,-1.02,66.375,78.4375,-138.0,-0.43865967,-0.57244873,-0.3772583,-0.58099365
2a,3,Left Wrist,4080175,1779734255029,12.957336,0.751643,-8.867801,102.24577,9.4997,-62.120777,-124.25009,-27.329235,342.7089,0.0
2a,2,Right Ankle,1322180,1779734255028,-9.076628,0.76843125,1.5194423,-28.003363,-9.22376,-36.54238,102.24334,78.793976,313.65228,0.0
2a,1,Left Ankle,4280166,1779734255047,-0.55,11.42,-0.61,68.0,78.4375,-144.125,-0.44091797,-0.56036377,-0.40338135,-0.5734253
2a,1,Left Ankle,4280191,1779734255056,-0.69,11.13,0.18,71.9375,93.9375,-143.25,-0.4418335,-0.5469971,-0.43029785,-0.56604004
2a,1,Left Ankle,4280206,1779734255080,-0.19,10.62,0.6,77.8125,117.25,-139.9375,-0.43988037,-0.53149414,-0.45874023,-0.5599365
2a,4,Right Wrist,30283163,1779734255081,0.45633098,-2.09382,-8.185846,-20.714958,90.861115,-68.51627,-142.32425,-35.184013,224.5364,0.0
2a,3,Left Wrist,4080235,1779734255088,12.720448,2.6132588,-8.831908,121.355774,4.2496996,-57.360775,-124.26352,-27.397917,342.74344,0.0
2a,1,Left Ankle,4280232,1779734255113,0.14,10.2,1.26,82.0,138.0625,-133.0625,-0.43475342,-0.51416016,-0.48809814,-0.55529785
2a,1,Left Ankle,4280253,1779734255136,0.64,9.71,1.68,82.75,152.3125,-125.375,-0.42694092,-0.49542236,-0.5175781,-0.5516968
2a,4,Right Wrist,30283223,1779734255139,1.0162514,-5.182954,-8.525627,33.25504,73.221115,-73.13628,-142.33615,-35.146805,224.5537,0.0
2a,2,Right Ankle,1322240,1779734255147,-9.023985,0.5219705,1.9860427,-26.043362,-12.72376,-32.062378,102.013954,78.83872,313.43582,0.0
2a,3,Left Wrist,4080294,1779734255149,12.950157,-0.87308365,-9.879965,206.26578,-37.8203,-75.840775,-124.25975,-27.466948,342.79776,0.0
2a,1,Left Ankle,4280273,1779734255173,0.55,8.95,2.1,82.0,157.875,-115.6875,-0.4116211,-0.46636963,-0.55981445,-0.5474243
2a,1,Left Ankle,4280294,1779734255173,1.13,8.49,2.33,77.375,156.5,-106.375,-0.40045166,-0.44732666,-0.58532715,-0.54486084
2a,1,Left Ankle,4280315,1779734255196,1.81,7.7,2.75,68.5625,141.3125,-93.25,-0.39508057,-0.43847656,-0.5967407,-0.54364014
2a,1,Left Ankle,4280336,1779734255204,1.67,7.56,3.52,46.125,117.5,-64.5625,-0.37957764,-0.4142456,-0.62506104,-0.5418701
2a,4,Right Wrist,30283283,1779734255204,1.4828519,-7.063712,-5.656633,19.04504,62.791115,-43.106274,-142.28572,-35.110317,224.5273,0.0
2a,2,Right Ankle,1322404,1779734255204,-8.952201,-0.04273564,2.6081767,-24.083363,-3.3437595,-1.1923811,101.564125,78.91578,313.0125,0.0
2a,3,Left Wrist,4080355,1779734255209,9.423137,-3.459725,-11.633904,127.65577,-26.6203,-82.77077,-124.30237,-27.520325,342.85922,0.0
2a,1,Left Ankle,4280354,1779734255227,1.72,7.96,5.09,30.3125,120.75,-45.625,-0.36914062,-0.40008545,-0.63916016,-0.5432739
2a,1,Left Ankle,4280378,1779734255261,1.06,8.35,5.64,18.875,137.25,-25.5625,-0.35601807,-0.38580322,-0.65130615,-0.54797363
2a,4,Right Wrist,30283343,1779734255261,2.6816561,-3.1801615,-2.914458,-22.81496,59.431114,-14.406271,-142.21115,-35.108353,224.47269,0.0
2a,2,Right Ankle,1322423,1779734255262,-8.949808,0.029049039,2.7661028,-26.953363,-1.3837599,-0.07238102,101.34554,78.94836,312.80716,0.0
2a,3,Left Wrist,4080415,1779734255268,13.73261,-1.3516481,-13.095919,128.49577,-48.740303,-20.470776,-124.332405,-27.564262,342.90988,0.0
2a,1,Left Ankle,4280405,1779734255287,0.59,9.06,6.26,13.0625,161.125,-9.5,-0.3390503,-0.37072754,-0.66259766,-0.55548096
2a,1,Left Ankle,4280414,1779734255287,0.52,9.25,6.59,8.1875,184.1875,0.9375,-0.31817627,-0.35388184,-0.67370605,-0.5654297
2a,1,Left Ankle,4280457,1779734255321,-0.61,10.28,6.48,-2.5,196.4375,10.125,-0.27124023,-0.31811523,-0.69226074,-0.5881958
2a,4,Right Wrist,30283403,1779734255321,-0.56540436,-4.644569,-8.695518,-91.41496,48.931114,23.253729,-142.2556,-35.04394,224.46608,0.0
2a,1,Left Ankle,4280439,1779734255321,0.52,9.81,6.67,2.125,194.9375,8.9375,-0.29504395,-0.33624268,-0.6836548,-0.57666016
2a,3,Left Wrist,4080475,1779734255328,10.349159,1.0100678,-11.229517,108.05577,-35.4403,-46.650776,-124.37455,-27.612339,342.96408,0.0
2a,1,Left Ankle,4280476,1779734255347,0.45,9.53,6.22,-4.8125,193.5,6.75,-0.24859619,-0.29943848,-0.69958496,-0.59924316
2a,2,Right Ankle,1322480,1779734255355,-8.995272,0.1845825,2.7732813,-28.073362,4.28624,2.097619,101.12966,78.97802,312.60513,0.0
2a,1,Left Ankle,4280502,1779734255379,-0.02,9.25,5.55,-18.375,165.25,1.0,-0.22875977,-0.28167725,-0.7047119,-0.6096802
2a,1,Left Ankle,4280517,1779734255381,0.15,9.03,5.29,-23.5625,152.25,-2.8125,-0.21258545,-0.26446533,-0.70788574,-0.61950684
2a,4,Right Wrist,30283462,1779734255381,0.2625123,-5.778767,-8.834301,-43.18496,14.981112,26.823729,-142.27638,-34.96753,224.46066,0.0
2a,3,Left Wrist,4080535,1779734255393,14.689739,-7.001103,-9.973285,128.35577,-54.060303,-83.12077,-124.38708,-27.690552,343.01898,0.0
2a,1,Left Ankle,4280534,1779734255415,0.79,8.69,4.87,-39.8125,102.5625,-13.5,-0.2020874,-0.25,-0.708374,-0.62835693
2a,2,Right Ankle,1322540,1779734255415,-9.14602,0.03144187,2.1798615,-23.663363,11.14624,-3.012381,100.94294,79.015976,312.43073,0.0
2a,1,Left Ankle,4280557,1779734255437,2.39,8.49,3.55,-49.4375,66.25,-14.4375,-0.19665527,-0.23858643,-0.70648193,-0.6365967
2a,4,Right Wrist,30283523,1779734255438,-0.8286147,-3.5199423,-1.765903,-99.53496,60.34111,23.813728,-142.25845,-34.92807,224.41452,0.0
2a,1,Left Ankle,4280579,1779734255438,2.1,8.57,2.84,-56.1875,44.375,-1.375,-0.19329834,-0.23046875,-0.70251465,-0.6449585
2a,3,Left Wrist,4080595,1779734255458,19.489742,-15.699012,-8.571091,628.5058,-100.8203,-118.26077,-124.18128,-27.765987,343.07156,0.0
2a,1,Left Ankle,4280602,1779734255472,4.8,8.15,3.45,-52.75,25.375,5.4375,-0.19165039,-0.22601318,-0.69732666,-0.6526489
2a,2,Right Ankle,1322630,1779734255473,-9.076628,-0.42798007,2.091327,-32.48336,10.586241,-9.592381,100.77453,79.06208,312.27734,0.0
2a,1,Left Ankle,4280619,1779734255496,11.42,8.2,-2.22,-30.75,76.625,27.8125,-0.18273926,-0.21954346,-0.6946411,-0.6602173
2a,1,Left Ankle,4280642,1779734255505,6.13,10.02,-0.31,-28.875,79.125,102.125,-0.16491699,-0.22015381,-0.6903076,-0.66918945
2a,4,Right Wrist,30283583,1779734255505,-1.1372889,-3.9195437,-1.8640088,-38.63496,53.34111,46.913727,-142.2171,-34.88284,224.36316,0.0
2a,3,Left Wrist,4080655,1779734255511,16.039293,-11.791533,7.21436,787.9658,-177.82031,-17.250778,-123.90064,-27.763945,343.11752,0.0
2a,1,Left Ankle,4280664,1779734255530,-0.43,13.88,0.56,-22.25,87.9375,79.6875,-0.13366699,-0.22033691,-0.68481445,-0.6815796
2a,2,Right Ankle,1322690,1779734255539,-9.119699,-0.47583655,2.1391835,-19.603363,15.416241,-7.7723813,100.617874,79.10724,312.13132,0.0
2a,1,Left Ankle,4280682,1779734255556,0.48,14.2,-1.21,-25.5625,57.1875,55.75,-0.12762451,-0.2199707,-0.68292236,-0.6847534
2a,4,Right Wrist,30283643,1779734255564,-0.9291133,-5.7668033,-3.235096,-132.01495,87.92111,100.25372,-142.19104,-34.8318,224.28378,0.0
2a,3,Left Wrist,4080715,1779734255571,14.278175,-20.228626,8.530413,428.79578,-119.3003,199.53923,-123.70528,-27.69753,343.09256,0.0
2a,1,Left Ankle,4280705,1779734255589,7.62,13.64,-4.01,-33.75,-81.3125,0.125,-0.13922119,-0.23181152,-0.6744385,-0.68707275
2a,1,Left Ankle,4280721,1779734255589,3.56,11.94,-1.04,-40.875,-108.5625,10.375,-0.14385986,-0.23651123,-0.6711426,-0.68774414
2a,1,Left Ankle,4280743,1779734255621,0.49,10.68,-0.92,-30.5,-53.25,-3.875,-0.15789795,-0.24822998,-0.66204834,-0.68927
2a,4,Right Wrist,30283703,1779734255622,2.169592,-1.5267209,-3.9170508,-162.46497,-3.078888,153.10373,-142.29399,-34.77129,224.27605,0.0
2a,2,Right Ankle,1322750,1779734255624,-9.157984,-0.39208773,1.7611175,-11.2033615,17.58624,-3.8523812,100.475685,79.154526,311.99673,0.0
2a,3,Left Wrist,4080775,1779734255629,12.363916,-13.184155,8.975477,-114.82423,-24.9403,207.86923,-123.68945,-27.651184,343.03732,0.0
2a,1,Left Ankle,4280766,1779734255647,1.67,8.84,1.97,-28.1875,-31.625,-1.75,-0.16339111,-0.25152588,-0.6578369,-0.69085693
2a,1,Left Ankle,4280790,1779734255648,0.17,9.06,1.89,-27.625,-27.25,-2.875,-0.16796875,-0.2532959,-0.65423584,-0.6925659
2a,1,Left Ankle,4280804,1779734255681,1.47,9.12,1.8,-26.0,-26.0625,-10.125,-0.1729126,-0.25445557,-0.6508789,-0.69403076
2a,4,Right Wrist,30283763,1779734255682,4.89741,5.847958,-3.6849468,-106.60496,-106.60889,137.98372,-142.37582,-34.7414,224.28886,0.0
2a,2,Right Ankle,1322810,1779734255684,-9.306339,-0.7725465,1.9238294,-3.2933621,24.096241,-1.402381,100.357216,79.202385,311.8831,0.0
2a,3,Left Wrist,4080834,1779734255689,9.971094,-11.743676,6.06102,-174.88423,92.3097,168.94922,-123.67854,-27.63827,342.95117,0.0
2a,1,Left Ankle,4280827,1779734255714,0.97,9.84,-0.3,-27.4375,-33.6875,-13.1875,-0.17889404,-0.25585938,-0.64727783,-0.69537354
2a,1,Left Ankle,4280850,1779734255714,1.58,10.06,-0.09,-27.6875,-31.0,-16.75,-0.18554688,-0.25708008,-0.6437378,-0.69647217
2a,1,Left Ankle,4280867,1779734255737,1.12,9.93,0.53,-27.625,-23.625,-18.6875,-0.19165039,-0.25720215,-0.6405029,-0.69781494
2a,4,Right Wrist,30283823,1779734255747,3.77039,6.0130634,-4.8047876,-41.714962,-108.07889,-0.40627217,-142.47151,-34.732548,224.35413,0.0
2a,3,Left Wrist,4080895,1779734255749,6.6905336,-10.999509,3.761517,-299.34424,137.31969,194.70923,-123.69693,-27.619879,342.8424,0.0
2a,1,Left Ankle,4280892,1779734255773,0.79,9.69,2.09,-25.9375,-26.125,-21.1875,-0.20123291,-0.25708008,-0.63604736,-0.6991577
2a,1,Left Ankle,4280911,1779734255775,1.28,9.79,2.23,-20.375,-27.6875,-22.875,-0.20452881,-0.2571411,-0.6348877,-0.6992798
2a,2,Right Ankle,1322900,1779734255781,-10.115113,-0.07144951,2.7996025,-14.283361,35.08624,28.627619,100.19703,79.225395,311.73248,0.0
2a,1,Left Ankle,4280928,1779734255799,0.54,10.02,0.77,-16.75,-28.0,-23.0,-0.21105957,-0.2574463,-0.6328125,-0.6990967
2a,4,Right Wrist,30283883,1779734255806,1.5809575,2.708575,-0.7585248,-61.734962,-47.66889,-92.94627,-142.5612,-34.76487,224.42244,0.0
2a,3,Left Wrist,4080955,1779734255815,5.4917293,-9.81267,3.2781672,-373.89423,146.97969,198.13922,-123.73893,-27.600441,342.7295,0.0
2a,1,Left Ankle,4280953,1779734255826,0.82,10.3,0.17,-14.125,-17.875,-22.0625,-0.21868896,-0.2565918,-0.6305542,-0.6990967
2a,1,Left Ankle,4280972,1779734255827,0.27,9.61,1.15,-13.25,-11.5625,-18.5,-0.22070312,-0.25598145,-0.6300049,-0.69921875
2a,2,Right Ankle,1322960,1779734255843,-9.902152,-4.409637,1.5601203,-87.783356,38.796238,57.74762,100.17735,79.2669,311.74512,0.0
2a,1,Left Ankle,4280992,1779734255860,0.04,10.29,1.16,-9.8125,-11.6875,-16.3125,-0.22442627,-0.255188,-0.6289673,-0.69921875
2a,4,Right Wrist,30283943,1779734255868,2.2796617,1.2992028,0.36610186,-30.234959,25.411112,-81.46628,-142.59846,-34.826424,224.4518,0.0
2a,3,Left Wrist,4081015,1779734255877,5.228519,-4.4216394,-3.4480577,-267.07422,140.8897,226.27922,-123.80401,-27.633247,342.64133,0.0
2a,1,Left Ankle,4281010,1779734255894,-0.13,10.39,1.11,-4.5625,-2.8125,-13.1875,-0.2267456,-0.25390625,-0.62872314,-0.6991577
2a,2,Right Ankle,1323050,1779734255895,-9.358981,-2.5408425,6.0107703,-286.44336,16.60624,51.72762,99.90461,79.28118,311.57593,0.0
2a,4,Right Wrist,30284002,1779734255924,3.7009985,-1.2659031,1.7754744,23.38504,106.89111,-62.426273,-142.5634,-34.90033,224.43202,0.0
2a,1,Left Ankle,4281038,1779734255924,-0.35,9.2,1.13,-1.625,4.25,-9.6875,-0.22839355,-0.2518921,-0.62927246,-0.69885254
2a,1,Left Ankle,4281055,1779734255924,-0.06,9.11,1.14,-1.1875,-1.5,-5.625,-0.22918701,-0.25134277,-0.6293335,-0.69873047
2a,3,Left Wrist,4081075,1779734255932,9.246068,-1.1674008,-9.068798,-111.18423,130.31969,203.87923,-123.869255,-27.645962,342.585,0.0
2a,1,Left Ankle,4281070,1779734255946,-0.22,10.14,0.96,-0.5625,-1.0625,-2.8125,-0.22930908,-0.25115967,-0.62939453,-0.69866943
2a,2,Right Ankle,1323110,1779734255954,-8.320496,-2.804053,5.8456655,-217.00336,4.2162404,20.787619,99.648544,79.307106,311.3988,0.0
2a,1,Left Ankle,4281096,1779734255979,0.12,9.62,0.94,0.75,1.1875,-1.625,-0.22955322,-0.25054932,-0.62976074,-0.6984863
2a,4,Right Wrist,30284063,1779734255979,4.526522,-3.2208395,1.6654046,29.195038,195.09111,-8.806272,-142.49121,-34.982975,224.36455,0.0
2a,1,Left Ankle,4281114,1779734255980,0.03,10.36,1.0,2.8125,-3.9375,-3.75,-0.23010254,-0.25061035,-0.63012695,-0.69799805
2a,3,Left Wrist,4081135,1779734255994,6.106685,-1.9666036,-11.236694,188.20578,-2.4003007,150.53922,-123.87037,-27.61724,342.5907,0.0
2a,1,Left Ankle,4281138,1779734256005,0.3,8.7,1.11,4.1875,-2.6875,-6.5,-0.230896,-0.25061035,-0.63061523,-0.6972656
2a,2,Right Ankle,1323170,1779734256016,-8.447315,-3.287403,3.0532417,-124.32336,-8.59376,-34.652378,99.47175,79.37001,311.26758,0.0
2a,1,Left Ankle,4281159,1779734256040,0.92,10.77,0.82,4.4375,-0.125,-9.0,-0.23187256,-0.25,-0.6314697,-0.69641113
2a,1,Left Ankle,4281179,1779734256041,0.43,9.92,0.84,5.125,1.9375,-11.6875,-0.23278809,-0.24890137,-0.63256836,-0.69555664
2a,4,Right Wrist,30284123,1779734256041,5.308975,-4.1803613,1.2323037,11.34504,223.3011,39.913727,-142.40787,-35.062893,224.27101,0.0
2a,3,Left Wrist,4081195,1779734256048,8.95893,-4.4623175,-6.034699,66.755775,-29.7003,33.98922,-123.88805,-27.666946,342.61145,0.0
2a,1,Left Ankle,4281198,1779734256072,1.67,10.28,1.0,4.9375,3.1875,-15.375,-0.23388672,-0.24725342,-0.6338501,-0.6945801
2a,2,Right Ankle,1323230,1779734256073,-9.289589,-3.5219,1.3304094,-92.68336,-18.74376,-81.342384,99.38139,79.46354,311.2102,0.0
2a,1,Left Ankle,4281216,1779734256096,0.77,9.46,1.31,4.625,4.1875,-15.1875,-0.23504639,-0.24542236,-0.63513184,-0.69366455
2a,1,Left Ankle,4281236,1779734256096,-0.73,10.04,1.11,7.125,5.5625,-14.375,-0.23590088,-0.24346924,-0.6366577,-0.69262695
2a,4,Right Wrist,30284183,1779734256099,2.4184456,-5.2284174,-9.267402,105.005035,180.7411,-14.406271,-142.37784,-35.04798,224.24658,0.0
2a,3,Left Wrist,4081254,1779734256109,12.538592,-20.853153,15.85245,123.45577,36.0297,117.63922,-123.78725,-27.65012,342.55515,0.0
2a,1,Left Ankle,4281257,1779734256132,0.29,9.8,1.02,10.25,5.25,-14.25,-0.23657227,-0.24169922,-0.63861084,-0.69122314
2a,2,Right Ankle,1323290,1779734256139,-10.330467,-2.588699,-0.65324056,-76.16336,-18.813759,-114.382385,99.45455,79.57659,311.30835,0.0
2a,1,Left Ankle,4281282,1779734256158,0.17,9.84,0.73,10.75,6.3125,-14.625,-0.23718262,-0.23986816,-0.64068604,-0.6897583
2a,4,Right Wrist,30284243,1779734256165,0.39172474,3.608276,-4.156333,34.445038,49.141113,-34.00627,-142.4404,-35.06532,224.28856,0.0
2a,3,Left Wrist,4081315,1779734256173,5.2213407,5.42004,-8.152347,117.855774,-111.0403,-0.80077744,-123.83076,-27.657015,342.6231,0.0
2a,1,Left Ankle,4281307,1779734256190,0.49,9.84,0.85,11.375,10.1875,-16.375,-0.2376709,-0.23620605,-0.6442261,-0.6875
2a,1,Left Ankle,4281324,1779734256191,0.13,9.96,1.07,11.6875,19.625,-16.6875,-0.23712158,-0.23272705,-0.6467285,-0.68652344
2a,2,Right Ankle,1323350,1779734256200,-10.067256,-1.954601,-0.34456646,-122.783356,-8.45376,-118.162384,99.50676,79.69111,311.40253,0.0
2a,1,Left Ankle,4281344,1779734256215,0.23,10.19,1.12,11.875,27.375,-14.5625,-0.23474121,-0.22821045,-0.64959717,-0.6861572
2a,4,Right Wrist,30284303,1779734256223,1.0784649,0.48803604,-1.0959128,14.07504,38.571114,0.013727903,-142.50572,-35.108665,224.3222,0.0
2a,1,Left Ankle,4281360,1779734256223,-0.88,10.21,0.39,14.875,40.5,-9.9375,-0.23278809,-0.22558594,-0.65148926,-0.6859741
2a,3,Left Wrist,4081375,1779734256232,8.013764,-8.924932,-8.506485,92.23577,-85.8403,9.34922,-123.87565,-27.67763,342.67935,0.0
2a,1,Left Ankle,4281384,1779734256250,-0.9,10.31,0.19,18.5,56.0625,-5.1875,-0.2241211,-0.21636963,-0.657959,-0.6856079
2a,2,Right Ankle,1323410,1779734256258,-7.102549,8.93992,1.2323037,-165.13336,-12.163759,-81.76238,99.32485,79.65879,311.28036,0.0
2a,1,Left Ankle,4281405,1779734256282,0.18,9.76,1.24,19.625,56.5,-6.5625,-0.21801758,-0.2098999,-0.66259766,-0.6851196
2a,4,Right Wrist,30284363,1779734256283,2.0164511,1.0862416,-1.4620147,-30.444962,38.851112,-30.436272,-142.57764,-35.16476,224.35762,0.0
2a,1,Left Ankle,4281420,1779734256282,0.05,9.77,1.14,21.5,51.3125,-9.75,-0.21508789,-0.20654297,-0.66503906,-0.6846924
2a,3,Left Wrist,4081435,1779734256290,5.5228367,-10.736299,-7.4105716,38.545776,-105.1603,-36.99078,-123.893524,-27.596449,342.72723,0.0
2a,1,Left Ankle,4281446,1779734256306,0.42,10.7,1.27,30.0625,48.0,-15.8125,-0.20812988,-0.19708252,-0.6737671,-0.6810913
2a,2,Right Ankle,1323470,1779734256318,-6.4732366,14.249594,4.4195433,-112.213356,-16.29376,60.05762,99.08542,79.58996,311.0818,0.0
2a,1,Left Ankle,4281484,1779734256339,0.0,11.33,0.52,41.0,43.25,-42.25,-0.20251465,-0.18145752,-0.68847656,-0.6723633
2a,1,Left Ankle,4281463,1779734256341,1.41,11.03,3.34,41.0625,37.5625,-31.75,-0.20404053,-0.18927002,-0.6812744,-0.677063
2a,4,Right Wrist,30284423,1779734256341,1.0641079,2.0433705,-3.1657043,1.4050398,39.41111,-52.766273,-142.66554,-35.1895,224.41367,0.0
2a,3,Left Wrist,4081495,1779734256350,5.8004036,-8.520545,-3.842873,4.1757765,-114.6103,-39.370777,-123.860016,-27.611977,342.74863,0.0
2a,1,Left Ankle,4281507,1779734256366,-0.41,11.92,0.9,39.75,51.4375,-52.875,-0.20117188,-0.17114258,-0.69628906,-0.6673584
2a,2,Right Ankle,1323530,1779734256376,-18.248316,-0.23655427,-4.625326,28.90664,-61.86376,4.477619,99.28367,79.625404,311.26297,0.0
2a,4,Right Wrist,30284483,1779734256399,2.9999013,0.66989017,0.97866446,34.16504,56.001114,-37.996273,-142.65178,-35.250355,224.41153,0.0
2a,1,Left Ankle,4281544,1779734256400,-1.57,12.13,5.95,22.125,50.3125,-56.5,-0.20074463,-0.14978027,-0.7090454,-0.6591797
2a,1,Left Ankle,4281523,1779734256399,-0.72,12.65,1.33,36.8125,48.3125,-53.625,-0.20074463,-0.1605835,-0.7033081,-0.66278076
2a,3,Left Wrist,4081555,1779734256409,7.338989,-12.037993,-1.9573289,15.445777,-131.0603,-39.580776,-123.82454,-27.610804,342.77518,0.0
2a,1,Left Ankle,4281568,1779734256426,-1.86,12.57,6.85,17.6875,98.4375,-57.625,-0.19665527,-0.13391113,-0.71539307,-0.6569824
2a,2,Right Ankle,1323590,1779734256443,-8.978521,0.09126243,1.7467606,-28.003363,-48.703762,46.54762,98.95485,79.65158,310.94562,0.0
2a,1,Left Ankle,4281585,1779734256457,-3.58,11.65,9.19,14.375,166.5625,-60.0,-0.18481445,-0.11065674,-0.72314453,-0.65625
2a,1,Left Ankle,4281605,1779734256467,-5.01,10.22,8.93,10.375,233.9375,-66.25,-0.16503906,-0.07897949,-0.73187256,-0.6564331
2a,4,Right Wrist,30284542,1779734256468,4.2633114,-0.9189438,3.196811,-6.78496,74.901115,-0.47627187,-142.62317,-35.299313,224.38081,0.0
2a,3,Left Wrist,4081615,1779734256476,8.25544,-11.427824,-1.6510476,9.075776,-109.7803,-19.770779,-123.79024,-27.617207,342.7924,0.0
2a,1,Left Ankle,4281629,1779734256493,-3.86,10.13,7.06,-3.75,281.1875,-68.25,-0.13879395,-0.040283203,-0.739624,-0.65734863
2a,2,Right Ankle,1323650,1779734256502,-8.641134,-0.6887978,-0.08853444,29.886639,-14.123759,10.357618,98.97186,79.722664,310.9511,0.0
2a,1,Left Ankle,4281648,1779734256522,-2.99,8.37,5.1,-32.5625,248.25,-78.3125,-0.11431885,-0.0010986328,-0.7427368,-0.659729
2a,4,Right Wrist,30284603,1779734256522,5.2467623,2.0266204,1.9094725,-6.85496,88.971115,26.893728,-142.61028,-35.354126,224.35046,0.0
2a,3,Left Wrist,4081675,1779734256535,11.512071,-10.552052,-3.4289148,92.23577,-96.8303,-4.5107765,-123.74205,-27.647718,342.81064,0.0
2a,1,Left Ankle,4281692,1779734256547,-1.91,5.65,0.75,-88.5,76.125,-89.9375,-0.101379395,0.05432129,-0.7301636,-0.67352295
2a,1,Left Ankle,4281672,1779734256547,-1.57,7.34,2.08,-68.9375,145.75,-95.875,-0.10266113,0.031311035,-0.7388916,-0.66522217
2a,2,Right Ankle,1323710,1779734256554,-9.741833,-1.239147,1.0456635,-15.053362,-16.78376,-6.1623807,98.83964,79.78877,310.82523,0.0
2a,1,Left Ankle,4281707,1779734256576,-1.35,4.39,-1.4,-91.0625,66.8125,-73.375,-0.10119629,0.07299805,-0.7199707,-0.6826782
2a,4,Right Wrist,30284663,1779734256580,6.3833528,-0.46430796,-0.09810573,12.465039,43.19111,-0.89627194,-142.59607,-35.412556,224.3375,0.0
2a,3,Left Wrist,4081735,1779734256593,13.617755,-14.394924,-5.15414,89.08577,-133.7203,18.029222,-123.69306,-27.661558,342.83365,0.0
2a,1,Left Ankle,4281729,1779734256611,-0.36,3.33,-3.0,-83.5625,86.5,-49.5625,-0.09643555,0.09094238,-0.7105713,-0.690979
2a,1,Left Ankle,4281752,1779734256611,2.71,3.19,-5.85,-72.375,92.375,-22.375,-0.08758545,0.10650635,-0.70269775,-0.69799805
2a,1,Left Ankle,4281767,1779734256639,4.1,3.29,-7.08,-58.9375,81.375,10.3125,-0.07598877,0.11730957,-0.6965332,-0.7037964
2a,4,Right Wrist,30284723,1779734256640,8.92453,-2.9528432,-1.3112668,2.9450402,-14.068888,-2.5762722,-142.58168,-35.456562,224.33276,0.0
2a,2,Right Ankle,1323770,1779734256650,-8.796668,-2.440344,1.5242281,30.446636,-11.60376,-17.572382,98.739204,79.85652,310.71533,0.0
2a,3,Left Wrist,4081795,1779734256651,19.456244,-15.5793705,-4.709075,145.99577,-227.9403,54.359222,-123.64457,-27.651707,342.88416,0.0
2a,1,Left Ankle,4281791,1779734256668,4.77,4.18,-4.2,-46.375,63.9375,48.875,-0.062316895,0.12158203,-0.69226074,-0.70861816
2a,1,Left Ankle,4281810,1779734256670,1.62,9.0,-10.41,-46.4375,62.375,99.3125,-0.045288086,0.11810303,-0.6887207,-0.7138672
2a,1,Left Ankle,4281836,1779734256704,-7.69,14.43,-7.96,-8.625,132.1875,115.5625,2.4414062E-4,0.12219238,-0.69158936,-0.71191406
2a,4,Right Wrist,30284783,1779734256704,3.8302107,0.09082652,0.97866446,-49.06496,-67.61889,56.78373,-142.59085,-35.464855,224.32701,0.0
2a,2,Right Ankle,1323830,1779734256712,-8.744025,-3.7420394,2.3042881,-20.513363,-10.833759,3.147619,98.608826,79.913124,310.59338,0.0
2a,3,Left Wrist,4081855,1779734256713,3.2544403,-15.01945,11.447264,-116.29423,-180.8303,87.25922,-123.66325,-27.591387,342.90558,0.0
2a,1,Left Ankle,4281853,1779734256727,1.49,12.19,-8.63,-7.5625,92.625,89.0625,0.024780273,0.124938965,-0.6930542,-0.7095337
2a,1,Left Ankle,4281873,1779734256728,6.59,7.84,-7.18,-20.625,19.625,93.875,0.0368042,0.11376953,-0.69104004,-0.7128296
2a,1,Left Ankle,4281895,1779734256760,5.89,23.74,14.3,-25.4375,-106.125,63.875,0.033691406,0.091796875,-0.68914795,-0.71795654
2a,2,Right Ankle,1323920,1779734256767,-8.353995,-7.4891996,3.196811,-18.903362,-3.6237597,105.27762,98.49407,79.93239,310.4857,0.0
2a,4,Right Wrist,30284843,1779734256767,-0.42183498,0.38035893,5.5393844,-60.894962,-90.08889,1.623728,-142.61053,-35.44879,224.3413,0.0
2a,3,Left Wrist,4081915,1779734256770,-2.8711855,-4.239785,8.666803,-108.66423,6.4196997,185.11923,-123.65227,-27.533508,342.8495,0.0
2a,1,Left Ankle,4281918,1779734256786,4.0,14.74,1.83,-21.875,-40.75,-6.125,0.031188965,0.085998535,-0.6870117,-0.72088623
2a,1,Left Ankle,4281944,1779734256818,1.57,7.55,-0.31,3.0625,2.875,-18.5625,0.029541016,0.08618164,-0.6865845,-0.7213135
2a,1,Left Ankle,4281955,1779734256819,-0.15,10.73,-0.3,-0.5,-2.6875,-33.25,0.02557373,0.09039307,-0.6864624,-0.7211304
2a,4,Right Wrist,30284903,1779734256820,-1.6421744,-1.4549364,3.9457645,-23.304958,-22.46889,-30.226273,-142.60545,-35.448803,224.34435,0.0
2a,2,Right Ankle,1323980,1779734256824,-17.702753,-1.2032546,1.1102697,36.256638,14.22624,119.69762,98.41995,79.957245,310.4,0.0
2a,3,Left Wrist,4081975,1779734256829,3.9962156,-3.122337,4.165904,163.84578,89.8597,244.61923,-123.52363,-27.498964,342.75137,0.0
2a,1,Left Ankle,4281986,1779734256852,-2.66,9.06,2.32,3.375,-6.75,-42.4375,0.019714355,0.094177246,-0.68603516,-0.7211914
2a,1,Left Ankle,4282002,1779734256878,-3.19,9.41,1.16,8.125,11.625,-31.4375,0.016113281,0.09918213,-0.6862793,-0.7203369
2a,1,Left Ankle,4282020,1779734256882,-2.39,9.87,0.24,11.5625,11.3125,-12.5,0.015319824,0.10290527,-0.68725586,-0.7189331
2a,4,Right Wrist,30284963,1779734256882,-1.5679971,0.78235334,-0.404387,122.15504,-30.798887,11.983728,-142.58583,-35.41455,224.3603,0.0
2a,2,Right Ankle,1324040,1779734256884,-5.36536,-0.45190832,-0.28953153,74.966644,12.96624,67.19762,98.56342,80.006386,310.51575,0.0
2a,3,Left Wrist,4082035,1779734256893,2.6418777,-8.065908,-0.6053842,43.305775,35.329697,191.90923,-123.42898,-27.438541,342.67273,0.0
2a,1,Left Ankle,4282046,1779734256909,-1.87,10.2,0.62,12.125,-1.1875,3.0625,0.015563965,0.1026001,-0.6895752,-0.71673584
2a,1,Left Ankle,4282063,1779734256941,-1.87,10.27,0.55,16.3125,7.8125,13.8125,0.0178833,0.10211182,-0.69158936,-0.7147827
2a,1,Left Ankle,4282084,1779734256941,-1.17,9.77,0.25,19.5,11.875,13.75,0.020629883,0.10192871,-0.6940918,-0.7123413
2a,4,Right Wrist,30285023,1779734256943,0.06869367,0.96899354,-1.5122639,213.64503,42.77111,-14.546272,-142.5884,-35.41785,224.40092,0.0
2a,2,Right Ankle,1324100,1779734256946,-2.9270732,-5.931472,2.7708886,-206.01335,-23.99376,-37.24238,98.379906,80.06714,310.40475,0.0
2a,3,Left Wrist,4082095,1779734256950,2.4073808,-12.361025,-2.4789643,80.19577,-80.8003,131.91922,-123.3477,-27.352707,342.6466,0.0
2a,1,Left Ankle,4282109,1779734256969,-1.16,9.81,0.48,19.3125,5.6875,12.0,0.022644043,0.10144043,-0.69659424,-0.7098999
2a,1,Left Ankle,4282125,1779734256999,-1.34,9.86,0.23,19.0625,8.6875,9.5625,0.025268555,0.10192871,-0.6989136,-0.7074585
2a,4,Right Wrist,30285083,1779734257000,1.2220342,-4.22104,-4.0295134,124.81503,121.87112,-28.89627,-142.49915,-35.38799,224.35994,0.0
2a,3,Left Wrist,4082155,1779734257009,0.28494743,-9.039788,-2.4047868,52.12578,-94.5903,67.37922,-123.2949,-27.266485,342.64377,0.0
2a,2,Right Ankle,1324160,1779734257009,-6.973336,-0.085806444,2.7996025,43.04664,9.67624,-140.56238,98.20806,80.141045,310.22244,0.0
2a,1,Left Ankle,4282165,1779734257037,-0.07,9.79,0.51,21.0,20.0625,-8.75,0.029296875,0.107421875,-0.70355225,-0.7019043
2a,1,Left Ankle,4282155,1779734257038,-0.44,9.61,0.43,20.5625,19.4375,1.25,0.02734375,0.10357666,-0.70129395,-0.70477295
2a,1,Left Ankle,4282186,1779734257058,-1.18,9.84,0.13,19.375,14.0625,-17.375,0.028930664,0.111206055,-0.7055054,-0.6993408
2a,4,Right Wrist,30285143,1779734257060,1.1789634,-8.19791,-4.091727,-66.774956,137.4111,-17.836271,-142.44937,-35.38661,224.29782,0.0
2a,2,Right Ankle,1324220,1779734257067,-10.4094305,5.4966493,3.4576287,-54.393364,-31.41376,-103.11238,97.896935,80.14557,309.93365,0.0
2a,3,Left Wrist,4082215,1779734257070,1.5938218,-9.671493,-1.7730815,-50.074223,-52.8003,38.04922,-123.265274,-27.212687,342.62943,0.0
2a,1,Left Ankle,4282210,1779734257094,-1.27,10.81,0.02,20.125,17.25,-23.3125,0.027770996,0.11578369,-0.7073364,-0.69677734
2a,1,Left Ankle,4282225,1779734257094,-0.7,12.28,0.34,21.8125,26.0,-30.25,0.026916504,0.12207031,-0.7091675,-0.6939087
2a,1,Left Ankle,4282256,1779734257115,-0.13,13.21,1.02,24.625,21.625,-43.5,0.024597168,0.1296997,-0.7110596,-0.6906128
2a,4,Right Wrist,30285203,1779734257126,2.8371894,-2.6393836,-2.091327,-119.48496,127.611115,1.2737279,-142.41096,-35.447075,224.22897,0.0
2a,2,Right Ankle,1324280,1779734257126,-15.379323,6.3149943,3.2973096,-63.353363,-6.8437595,51.37762,97.58142,80.0938,309.6438,0.0
2a,3,Left Wrist,4082275,1779734257128,5.226126,-3.7348998,-0.79441714,-23.754223,-37.6103,-12.770779,-123.25525,-27.258156,342.63297,0.0
2a,1,Left Ankle,4282273,1779734257150,-0.64,13.89,-0.73,20.875,6.8125,-63.4375,0.014404297,0.14318848,-0.71240234,-0.68688965
2a,1,Left Ankle,4282295,1779734257176,0.87,16.11,-2.67,20.25,4.3125,-93.375,0.008972168,0.14904785,-0.71240234,-0.68566895
2a,1,Left Ankle,4282309,1779734257178,0.54,15.13,-2.8,28.0625,32.0625,-104.6875,-2.4414062E-4,0.16430664,-0.7126465,-0.68200684
2a,4,Right Wrist,30285263,1779734257179,4.0240293,-2.105784,0.782453,-78.814964,113.82111,0.923728,-142.39066,-35.511703,224.18126,0.0
2a,2,Right Ankle,1324340,1779734257183,-1.1468132,-1.5215001,5.24746,7.9766383,-7.8937597,59.70762,97.36337,80.08889,309.4253,0.0
2a,3,Left Wrist,4082334,1779734257188,6.2382903,-13.172192,3.6610188,-97.25423,-69.7403,-57.64078,-123.257744,-27.26749,342.64648,0.0
2a,1,Left Ankle,4282334,1779734257207,0.2,13.37,-4.58,37.75,7.8125,-116.0625,-0.017944336,0.18835449,-0.7133789,-0.67474365
2a,1,Left Ankle,4282354,1779734257208,-3.24,9.92,-4.85,47.75,-21.75,-109.0,-0.033996582,0.1998291,-0.7147827,-0.6693115
2a,1,Left Ankle,4282373,1779734257246,-11.25,7.13,-4.59,55.5,-28.9375,-113.3125,-0.053222656,0.20996094,-0.7172241,-0.6622925
2a,4,Right Wrist,30285323,1779734257246,6.6752768,-0.4595219,4.1706896,-92.814964,109.41111,9.673728,-142.38907,-35.570957,224.14035,0.0
2a,2,Right Ankle,1324400,1779734257246,-9.918901,1.8117018,0.33260235,9.866638,-21.68376,76.297615,96.996895,80.061264,309.05896,0.0
2a,3,Left Wrist,4082395,1779734257248,1.5962142,-11.992531,1.753939,-432.90424,-47.3403,-17.180779,-123.3689,-27.248676,342.6433,0.0
2a,1,Left Ankle,4282394,1779734257269,-12.74,7.33,-4.73,89.4375,-17.625,-142.25,-0.074157715,0.22302246,-0.72094727,-0.6519165
2a,1,Left Ankle,4282409,1779734257270,-10.68,6.78,-5.93,105.125,-5.1875,-153.75,-0.0848999,0.23144531,-0.7237549,-0.64453125
2a,1,Left Ankle,4282433,1779734257303,-6.98,6.46,-5.61,140.9375,3.875,-162.875,-0.117126465,0.25909424,-0.7347412,-0.61590576
2a,4,Right Wrist,30285383,1779734257303,6.256533,2.1510477,2.7828526,-71.95496,94.151115,15.623728,-142.39677,-35.628418,224.11037,0.0
2a,2,Right Ankle,1324460,1779734257303,-9.028771,-2.009636,2.754139,-30.313362,-21.12376,82.38762,96.74688,80.080734,308.8213,0.0
2a,3,Left Wrist,4082455,1779734257308,3.0103726,-7.479667,0.5407779,-139.60423,-3.5903006,28.249222,-123.36333,-27.239254,342.61456,0.0
2a,1,Left Ankle,4282454,1779734257331,-2.35,4.54,-2.6,142.3125,-13.3125,-160.4375,-0.1430664,0.27331543,-0.74157715,-0.5957031
2a,1,Left Ankle,4282469,1779734257331,-1.1,3.95,-1.77,143.0625,-63.25,-156.75,-0.15820312,0.27819824,-0.7442627,-0.5862427
2a,1,Left Ankle,4282493,1779734257364,3.71,2.36,0.32,125.5625,-109.875,-145.5,-0.20874023,0.28375244,-0.7471924,-0.56359863
2a,4,Right Wrist,30285443,1779734257364,5.49083,-0.8423738,0.14356935,-49.83496,53.48111,-8.386271,-142.39786,-35.689564,224.09349,0.0
2a,2,Right Ankle,1324520,1779734257366,-9.20584,0.49564952,1.387837,-11.763362,-8.73376,69.85762,96.466774,80.09343,308.54837,0.0
2a,3,Left Wrist,4082515,1779734257369,6.05165,-9.822241,-5.4364934,-160.39423,-3.3103006,43.15922,-123.355705,-27.241932,342.57892,0.0
2a,1,Left Ankle,4282512,1779734257388,6.42,0.89,1.11,109.4375,-147.0625,-125.625,-0.22662354,0.28271484,-0.74664307,-0.5578613
2a,1,Left Ankle,4282533,1779734257388,7.25,-1.67,2.49,85.75,-176.8125,-76.75,-0.27850342,0.27069092,-0.7420654,-0.5463257
2a,4,Right Wrist,30285502,1779734257421,4.4332023,1.0264205,0.86380893,-26.45496,2.7311115,-19.656271,-142.41385,-35.734722,224.10138,0.0
2a,1,Left Ankle,4282558,1779734257421,7.7,-1.82,2.55,78.6875,-152.0,-35.8125,-0.30639648,0.2578125,-0.7394409,-0.5411377
2a,2,Right Ankle,1324580,1779734257430,-11.806838,0.62246907,3.2638102,-5.603362,1.3462402,71.117615,96.189285,80.092896,308.27655,0.0
2a,3,Left Wrist,4082575,1779734257430,7.884552,-7.8050904,-3.321238,-15.494223,-9.9603,43.649223,-123.33001,-27.28016,342.5598,0.0
2a,1,Left Ankle,4282574,1779734257447,6.4,0.01,4.25,69.6875,-119.8125,5.0,-0.3269043,0.24157715,-0.7393799,-0.5368042
2a,1,Left Ankle,4282598,1779734257480,-7.37,7.83,-0.25,56.3125,-71.1875,121.5,-0.3305664,0.22021484,-0.74401855,-0.53723145
2a,1,Left Ankle,4282613,1779734257480,-39.25,21.37,3.68,100.625,21.8125,-43.375,-0.33441162,0.21398926,-0.7513428,-0.52716064
2a,2,Right Ankle,1324640,1779734257490,-8.277425,1.9959493,2.0027926,-11.763362,-9.22376,55.99762,95.86282,80.066345,307.9581,0.0
2a,4,Right Wrist,30285563,1779734257490,2.91376,-2.696811,5.2666025,-49.90496,-26.948889,-23.366272,-142.41193,-35.74865,224.09999,0.0
2a,1,Left Ankle,4282634,1779734257506,-1.27,13.45,3.91,71.25,-47.9375,-151.0,-0.35229492,0.22387695,-0.75183105,-0.510437
2a,3,Left Wrist,4082635,1779734257519,8.84886,-7.8074837,-4.1228333,179.59578,33.859703,49.949223,-123.24195,-27.333563,342.53085,0.0
2a,1,Left Ankle,4282656,1779734257537,5.1,5.76,4.65,28.5625,-25.5625,-155.3125,-0.3708496,0.23828125,-0.7474365,-0.4970703
2a,1,Left Ankle,4282677,1779734257546,-13.38,7.55,-0.58,2.875,9.0625,-2.875,-0.37664795,0.24279785,-0.7468872,-0.49127197
2a,4,Right Wrist,30285623,1779734257546,2.856332,-0.014457565,4.4482574,-52.49496,-31.288889,-42.616272,-142.42686,-35.770805,224.11299,0.0
2a,1,Left Ankle,4282694,1779734257568,-19.14,14.32,-2.76,15.25,5.5,-127.1875,-0.38220215,0.25152588,-0.74542236,-0.48480225
2a,2,Right Ankle,1324700,1779734257574,-3.5252788,3.6924605,-0.34217364,12.106638,-34.84376,40.31762,95.785286,79.98017,307.8752,0.0
2a,3,Left Wrist,4082695,1779734257586,8.707683,-8.104194,-5.261817,132.83577,27.1397,16.069221,-123.18888,-27.402945,342.51797,0.0
2a,1,Left Ankle,4282718,1779734257597,-8.29,10.81,-3.77,32.1875,30.8125,-87.875,-0.38879395,0.26513672,-0.7449341,-0.4729004
2a,1,Left Ankle,4282734,1779734257599,-8.46,10.68,-2.88,32.4375,6.3125,-110.125,-0.39697266,0.27734375,-0.7435913,-0.46105957
2a,4,Right Wrist,30285683,1779734257599,1.8704891,1.0862416,4.2352962,57.82504,8.401112,-50.03627,-142.40453,-35.803516,224.12152,0.0
2a,1,Left Ankle,4282757,1779734257628,-7.91,8.04,-2.39,29.125,-4.1875,-122.875,-0.4081421,0.29016113,-0.7397461,-0.44940186
2a,2,Right Ankle,1324760,1779734257638,-12.03655,1.5772052,2.9216366,-1.3333621,-30.29376,34.50762,95.4385,79.98241,307.5321,0.0
2a,3,Left Wrist,4082785,1779734257647,8.504293,-4.225428,-3.0795627,-26.834223,48.9097,-162.08078,-123.210655,-27.523815,342.53854,0.0
2a,1,Left Ankle,4282778,1779734257663,-9.31,6.74,-2.16,30.25,-2.25,-124.5,-0.4194336,0.30255127,-0.7362671,-0.43640137
2a,4,Right Wrist,30285743,1779734257663,3.0669005,0.23439679,2.5818558,85.685036,20.93111,-27.286272,-142.36386,-35.84364,224.11774,0.0
2a,1,Left Ankle,4282794,1779734257663,-8.18,3.7,-1.24,32.1875,12.5,-118.0,-0.42858887,0.31573486,-0.73309326,-0.4232788
2a,1,Left Ankle,4282814,1779734257693,-8.65,2.89,-2.01,31.125,17.25,-111.4375,-0.43695068,0.32733154,-0.73095703,-0.40948486
2a,2,Right Ankle,1324850,1779734257694,-8.322888,3.1971462,1.3064811,-11.763362,-17.13376,17.777618,95.15245,79.93483,307.2534,0.0
2a,3,Left Wrist,4082845,1779734257698,12.074385,-9.154643,-1.9597218,-8.984223,86.2197,-233.97078,-123.196655,-27.656609,342.54794,0.0
2a,1,Left Ankle,4282858,1779734257722,-7.14,1.09,-5.82,39.6875,9.5,-97.5,-0.4515381,0.34960938,-0.72576904,-0.38360596
2a,1,Left Ankle,4282841,1779734257721,-7.48,2.12,-4.78,33.1875,15.3125,-107.1875,-0.44415283,0.33935547,-0.7282715,-0.39648438
2a,4,Right Wrist,30285803,1779734257729,3.1650062,1.2369887,1.509871,35.70504,15.681112,-5.7262716,-142.35075,-35.8833,224.11594,0.0
2a,1,Left Ankle,4282876,1779734257749,-8.01,0.22,-6.49,48.0,-10.4375,-88.6875,-0.46124268,0.35559082,-0.7235718,-0.37042236
2a,2,Right Ankle,1324910,1779734257758,-7.777325,3.0009348,2.4215367,-11.133362,-11.74376,4.827619,94.856705,79.909454,306.9652,0.0
2a,3,Left Wrist,4082905,1779734257763,12.7108755,-14.9644165,-2.8666015,-77.65423,112.9597,-210.94078,-123.18301,-27.77199,342.5355,0.0
2a,1,Left Ankle,4282904,1779734257779,-8.67,-0.03,-4.36,50.5625,-34.0,-83.0,-0.47302246,0.36016846,-0.7192993,-0.35943604
2a,1,Left Ankle,4282918,1779734257780,-9.2,0.62,-2.37,48.1875,-39.6875,-78.875,-0.48614502,0.36242676,-0.71466064,-0.34869385
2a,4,Right Wrist,30285863,1779734257782,1.8704891,1.6054841,1.0935199,32.765038,-5.3188887,-4.116272,-142.34964,-35.912987,224.12384,0.0
2a,1,Left Ankle,4282934,1779734257808,-8.97,0.98,-2.02,44.6875,-33.9375,-75.8125,-0.49761963,0.3657837,-0.7097168,-0.33892822
2a,2,Right Ankle,1324970,1779734257814,-8.449708,2.943507,3.345166,-1.3333621,-0.61375976,2.377619,94.582535,79.89355,306.69568,0.0
2a,3,Left Wrist,4082965,1779734257818,13.730218,-19.340889,-6.2285175,-230.32423,108.2697,-107.200775,-123.205956,-27.84965,342.49887,0.0
2a,1,Left Ankle,4282958,1779734257836,-9.7,-0.74,-0.97,37.6875,-34.1875,-72.25,-0.5083008,0.3692627,-0.7044678,-0.33013916
2a,4,Right Wrist,30285923,1779734257848,2.4734805,1.0168495,1.3591233,6.2350397,-17.708889,39.42373,-142.34196,-35.932594,224.11482,0.0
2a,2,Right Ankle,1325030,1779734257873,-7.614613,3.2186816,3.7136607,9.5866375,-15.45376,0.6276189,94.29254,79.87574,306.40594,0.0
2a,1,Left Ankle,4283003,1779734257874,-9.53,-0.74,-2.4,26.6875,-21.25,-64.375,-0.5302124,0.3776245,-0.69317627,-0.30944824
2a,1,Left Ankle,4282986,1779734257873,-8.99,-1.34,-1.8,30.125,-27.0,-68.1875,-0.5184326,0.3713379,-0.70025635,-0.32092285
2a,3,Left Wrist,4083025,1779734257878,11.454644,-3.49801,-5.486742,35.395775,78.6597,-28.31078,-123.21105,-27.937956,342.4915,0.0
2a,1,Left Ankle,4283019,1779734257909,-11.84,-2.7,-2.54,25.0,-18.0625,-71.4375,-0.5345459,0.37890625,-0.6914673,-0.30438232
2a,4,Right Wrist,30285983,1779734257909,4.378167,2.5697908,2.562713,136.01505,-31.498888,-1.316272,-142.30284,-35.9559,224.12549,0.0
2a,1,Left Ankle,4283066,1779734257930,-10.28,0.26,-1.15,17.0,3.4375,-67.0,-0.548645,0.3953247,-0.68151855,-0.2798462
2a,1,Left Ankle,4283048,1779734257930,-10.28,0.49,-1.59,25.25,-4.3125,-97.3125,-0.54455566,0.39086914,-0.6838379,-0.28826904
2a,2,Right Ankle,1325090,1779734257939,-8.918701,3.3383226,2.3545375,-3.923362,-26.30376,-12.25238,93.977646,79.85301,306.09576,0.0
2a,3,Left Wrist,4083084,1779734257949,14.682561,-10.829618,-3.6011982,50.795776,39.109703,-6.33078,-123.1654,-28.000366,342.46936,0.0
2a,1,Left Ankle,4283084,1779734257965,-11.42,-2.01,-1.23,-16.9375,-14.6875,-24.875,-0.550354,0.3994751,-0.67803955,-0.27893066
2a,4,Right Wrist,30286042,1779734257965,4.4020953,-0.3087743,-0.2009971,50.265038,-9.168888,70.50372,-142.27043,-35.985695,224.10257,0.0
2a,1,Left Ankle,4283108,1779734257986,-6.53,-6.47,-1.68,-24.125,-33.625,-15.0,-0.5529785,0.40246582,-0.6727905,-0.2821045
2a,1,Left Ankle,4283126,1779734257988,-7.74,-3.24,-1.05,-5.6875,-20.0,-5.4375,-0.55615234,0.4019165,-0.670166,-0.28295898
2a,2,Right Ankle,1325150,1779734257994,-6.7173047,2.4505856,4.4745784,24.496637,-37.57376,-24.152382,93.65622,79.85309,305.76877,0.0
2a,3,Left Wrist,4083145,1779734258005,17.829123,-7.9462676,-4.0390844,27.975777,25.4597,17.329222,-123.14435,-28.058968,342.45456,0.0
2a,1,Left Ankle,4283144,1779734258027,-12.35,0.55,1.14,9.25,-4.9375,14.6875,-0.55700684,0.39959717,-0.6705322,-0.28363037
2a,4,Right Wrist,30286103,1779734258027,3.6842484,-1.6750761,-1.6510476,55.445038,-21.278889,126.293724,-142.21567,-36.008198,224.0572,0.0
2a,1,Left Ankle,4283169,1779734258047,-12.75,1.01,1.18,14.25,12.4375,10.125,-0.55651855,0.39709473,-0.6727905,-0.28271484
2a,1,Left Ankle,4283190,1779734258048,-8.54,-0.36,-0.64,14.625,29.6875,-2.4375,-0.5545044,0.39678955,-0.6762085,-0.2789917
2a,2,Right Ankle,1325210,1779734258054,-9.665262,3.4890707,2.7349963,-10.433362,-25.46376,-38.152378,93.34152,79.84214,305.46112,0.0
2a,3,Left Wrist,4083205,1779734258062,22.313272,-9.556637,-3.5198421,18.385777,-10.0303,59.399223,-123.12386,-28.095444,342.4405,0.0
2a,1,Left Ankle,4283206,1779734258077,-10.32,0.0,-1.87,5.1875,31.375,-6.0625,-0.5515747,0.3982544,-0.6791382,-0.2755127
2a,4,Right Wrist,30286163,1779734258090,3.6890347,-0.2226327,-2.7493532,38.29504,-15.608889,135.25372,-142.23773,-36.027397,224.05055,0.0
2a,1,Left Ankle,4283227,1779734258114,-9.46,-0.68,-3.37,-3.125,20.9375,-8.25,-0.54919434,0.4000244,-0.68096924,-0.2730713
2a,1,Left Ankle,4283251,1779734258114,-8.29,-0.48,-4.39,-8.75,10.875,-11.75,-0.5475464,0.40264893,-0.6812134,-0.27209473
2a,2,Right Ankle,1325270,1779734258121,-7.7031474,1.4001365,4.005585,39.61664,-36.03376,-35.42238,93.02084,79.85753,305.1298,0.0
2a,3,Left Wrist,4083265,1779734258122,20.128624,-8.733506,-2.5698915,67.38577,-40.5503,88.86922,-123.085785,-28.115982,342.42917,0.0
2a,1,Left Ankle,4283266,1779734258136,-9.08,-0.34,-3.7,-5.6875,-10.0625,-6.5,-0.5480957,0.40411377,-0.6796875,-0.27246094
2a,4,Right Wrist,30286223,1779734258143,4.08385,-2.4455647,-2.4382863,-17.984959,14.561111,117.193726,-142.19513,-36.06089,223.9931,0.0
2a,2,Right Ankle,1325330,1779734258174,-7.040335,1.8093091,5.7044888,21.206638,-29.59376,-14.142382,92.71647,79.86096,304.82108,0.0
2a,1,Left Ankle,4283294,1779734258174,-9.06,-1.34,-2.38,5.6875,-15.6875,-1.5,-0.5501709,0.40338135,-0.6782837,-0.2730713
2a,1,Left Ankle,4283312,1779734258174,-9.48,-2.11,-0.39,5.8125,-22.9375,-1.8125,-0.55493164,0.40063477,-0.6759033,-0.27337646
2a,3,Left Wrist,4083325,1779734258179,16.996422,-6.7019997,-2.1487546,26.855776,-36.0003,76.409225,-123.06449,-28.141481,342.41998,0.0
2a,1,Left Ankle,4283334,1779734258197,-9.87,-0.88,0.74,-0.875,-14.0,-0.6875,-0.5569458,0.39990234,-0.67419434,-0.27441406
2a,4,Right Wrist,30286283,1779734258207,4.7705903,1.2298107,-2.1774685,36.47504,28.351112,84.64372,-142.20374,-36.09986,223.98189,0.0
2a,1,Left Ankle,4283357,1779734258230,-10.36,-0.81,0.37,-5.8125,-0.25,-1.25,-0.5571289,0.40026855,-0.673584,-0.27508545
2a,2,Right Ankle,1325390,1779734258240,-8.648313,2.027056,5.1589255,-4.553362,-3.0637598,-0.0023810863,92.44359,79.8588,304.55383,0.0
2a,3,Left Wrist,4083385,1779734258240,17.9368,-8.290834,-1.89033,6.1357765,-19.6903,64.71922,-123.04422,-28.171587,342.40564,0.0
2a,1,Left Ankle,4283383,1779734258270,-9.6,-0.88,-1.44,-7.0625,13.3125,-2.625,-0.5548706,0.40167236,-0.6750488,-0.27392578
2a,4,Right Wrist,30286343,1779734258270,6.5939207,-1.7779671,-2.9862425,-4.75496,43.19111,2.8137279,-142.20757,-36.17067,223.97508,0.0
2a,1,Left Ankle,4283402,1779734258270,-8.83,-1.06,-2.1,-4.6875,16.5625,-2.9375,-0.553833,0.40246582,-0.6756592,-0.27349854
2a,1,Left Ankle,4283417,1779734258287,-8.93,-1.06,-2.49,-5.3125,12.1875,-0.875,-0.552124,0.40350342,-0.67663574,-0.27288818
2a,2,Right Ankle,1325450,1779734258294,-8.267854,1.8045235,5.2115674,-7.493362,14.29624,0.557619,92.205315,79.85743,304.32272,0.0
2a,3,Left Wrist,4083445,1779734258299,16.584854,-7.7931266,-2.2061825,34.065777,-14.300301,55.40922,-123.01548,-28.20669,342.39206,0.0
2a,1,Left Ankle,4283443,1779734258325,-9.54,-0.83,-2.65,-4.0625,9.125,0.4375,-0.5501709,0.4046631,-0.6776123,-0.2727661
2a,4,Right Wrist,30286403,1779734258325,6.8523455,-2.3977082,-2.7254252,-37.51496,33.321114,-42.68627,-142.21945,-36.245564,223.97812,0.0
2a,1,Left Ankle,4283465,1779734258325,-9.32,-0.87,-1.9,-4.3125,-1.5625,0.0,-0.54992676,0.4048462,-0.67755127,-0.27313232
2a,1,Left Ankle,4283485,1779734258357,-9.89,-0.7,-1.49,-4.8125,0.0625,0.5625,-0.5496826,0.40527344,-0.6772461,-0.27374268
2a,2,Right Ankle,1325510,1779734258357,-7.8969665,2.3668368,2.861816,-2.1733623,16.676239,3.987619,91.963554,79.842224,304.0865,0.0
2a,3,Left Wrist,4083505,1779734258365,15.022342,-7.474881,-2.861816,-0.024223626,-18.500301,35.109222,-123.00357,-28.24938,342.3853,0.0
2a,1,Left Ankle,4283505,1779734258377,-9.82,-0.69,-1.71,-5.875,4.75,0.125,-0.54888916,0.40594482,-0.6773071,-0.27416992
2a,4,Right Wrist,30286463,1779734258379,6.5795636,-1.2347966,-2.3688943,24.785042,21.841112,-24.696272,-142.22131,-36.313816,223.98607,0.0
2a,1,Left Ankle,4283534,1779734258418,-9.35,-0.89,-2.28,-6.6875,6.6875,-1.125,-0.5477295,0.40698242,-0.67749023,-0.2744751
2a,1,Left Ankle,4283545,1779734258418,-9.27,-0.85,-2.51,-4.6875,4.5,-0.9375,-0.546875,0.4078369,-0.6776123,-0.2746582
2a,2,Right Ankle,1325570,1779734258418,-9.193876,1.6035262,4.8071804,16.866638,18.07624,5.6676188,91.73602,79.84195,303.85782,0.0
2a,3,Left Wrist,4083565,1779734258419,14.931416,-9.257534,-3.1130621,-6.9542236,-20.9503,28.879221,-122.988884,-28.291742,342.37778,0.0
2a,1,Left Ankle,4283565,1779734258437,-9.57,-0.77,-2.2,-2.0,2.1875,0.125,-0.5463867,0.40808105,-0.67785645,-0.27459717
2a,4,Right Wrist,30286523,1779734258440,7.886045,-2.1416767,-2.201397,36.335037,14.211112,-24.136272,-142.20627,-36.37648,223.98758,0.0
2a,1,Left Ankle,4283594,1779734258475,-9.42,-0.81,-2.15,0.25,3.75,0.5,-0.5459595,0.40826416,-0.6781616,-0.2744751
2a,2,Right Ankle,1325630,1779734258476,-8.313317,2.4625494,2.7876384,-11.273362,14.786241,5.0376186,91.48731,79.82527,303.61777,0.0
2a,1,Left Ankle,4283608,1779734258476,-9.57,-0.75,-1.88,1.125,3.4375,0.3125,-0.5456543,0.40838623,-0.67852783,-0.2741089
2a,3,Left Wrist,4083625,1779734258479,14.948164,-7.972589,-2.1343977,28.115776,-22.840302,35.66922,-122.96262,-28.330343,342.3699,0.0
2a,1,Left Ankle,4283631,1779734258499,-9.42,-0.79,-1.89,0.6875,4.1875,-0.3125,-0.5452881,0.40838623,-0.6789551,-0.27368164
2a,4,Right Wrist,30286583,1779734258499,6.8595243,-3.0581274,-2.0673988,1.12504,6.581112,-6.6362715,-142.18555,-36.429382,223.97586,0.0
2a,1,Left Ankle,4283651,1779734258536,-9.55,-0.77,-1.92,0.625,5.3125,-0.625,-0.54473877,0.40856934,-0.67944336,-0.27319336
2a,1,Left Ankle,4283672,1779734258536,-9.58,-0.84,-1.74,0.0625,4.625,-1.125,-0.54559326,0.40826416,-0.67907715,-0.27301025
2a,2,Right Ankle,1325690,1779734258537,-8.365959,2.2974448,3.1800613,-2.593362,9.956241,8.397619,91.2319,79.811646,303.36786,0.0
2a,3,Left Wrist,4083685,1779734258539,16.781067,-8.573188,-2.1822543,-4.9242234,-13.0403,51.13922,-122.945274,-28.3661,342.35565,0.0
2a,1,Left Ankle,4283694,1779734258558,-9.44,-0.91,-1.77,-1.25,4.4375,-1.0,-0.546875,0.40826416,-0.6779175,-0.27331543
2a,4,Right Wrist,30286643,1779734258559,6.062714,-1.8449662,-2.1224337,0.5650401,15.401112,3.5837278,-142.17882,-36.488552,223.96854,0.0
2a,1,Left Ankle,4283708,1779734258588,-9.4,-0.85,-2.19,-1.875,5.9375,-0.4375,-0.5467529,0.40838623,-0.6779175,-0.2732544
2a,1,Left Ankle,4283733,1779734258588,-9.26,-0.81,-2.5,-0.3125,5.75,0.4375,-0.54571533,0.40893555,-0.6786499,-0.27282715
2a,2,Right Ankle,1325750,1779734258597,-8.016607,2.1921606,3.6251261,-4.623362,7.5762405,8.467619,90.9749,79.79991,303.11694,0.0
2a,3,Left Wrist,4083745,1779734258600,16.065613,-8.707186,-1.8592231,-27.464224,-4.9203005,63.80922,-122.93073,-28.39832,342.33478,0.0
2a,1,Left Ankle,4283755,1779734258622,-9.29,-0.84,-2.54,0.3125,4.8125,0.0625,-0.5452881,0.40905762,-0.6790161,-0.27252197
2a,4,Right Wrist,30286703,1779734258622,6.7494545,-2.065106,-2.2779672,7.21504,11.621112,1.623728,-142.16965,-36.546593,223.9622,0.0
2a,1,Left Ankle,4283773,1779734258646,-9.54,-0.74,-2.11,1.0625,0.5625,0.0625,-0.5452881,0.40905762,-0.67907715,-0.2723999
2a,1,Left Ankle,4283793,1779734258647,-9.51,-0.77,-1.98,1.1875,0.9375,-0.375,-0.54522705,0.40899658,-0.67926025,-0.27215576
2a,2,Right Ankle,1325810,1779734258654,-8.521493,2.3381228,3.0269206,-4.343362,4.14624,6.017619,90.70797,79.78598,302.856,0.0
2a,3,Left Wrist,4083805,1779734258658,14.974485,-7.9414816,-2.3018954,-4.5042233,-11.850301,60.589222,-122.912384,-28.432373,342.31824,0.0
2a,1,Left Ankle,4283808,1779734258679,-9.44,-0.85,-1.87,2.125,0.5625,-0.0625,-0.5452881,0.4088745,-0.6793213,-0.2720337
2a,4,Right Wrist,30286763,1779734258680,6.742276,-2.0842485,-1.8424734,-1.32496,11.691112,-5.446272,-142.16043,-36.603703,223.95564,0.0
2a,1,Left Ankle,4283832,1779734258705,-9.32,-0.86,-1.97,1.9375,1.25,0.5625,-0.54541016,0.40856934,-0.6795654,-0.27160645
2a,2,Right Ankle,1325870,1779734258712,-8.318103,2.6683323,3.091527,-6.933362,-2.2937598,3.847619,90.43406,79.76761,302.58868,0.0
2a,3,Left Wrist,4083865,1779734258717,14.407387,-7.99891,-2.440679,-11.994224,-10.0303,64.78922,-122.89542,-28.46583,342.29993,0.0
2a,1,Left Ankle,4283873,1779734258739,-9.52,-0.86,-2.21,0.375,-0.6875,0.25,-0.5460205,0.40771484,-0.6798706,-0.2709961
2a,1,Left Ankle,4283855,1779734258739,-9.34,-0.83,-2.25,1.0625,1.125,0.4375,-0.54577637,0.40838623,-0.67944336,-0.27142334
2a,4,Right Wrist,30286823,1779734258740,5.837789,-1.579363,-2.0482562,-4.89496,11.691112,-2.5762722,-142.16101,-36.66374,223.95352,0.0
2a,1,Left Ankle,4283893,1779734258770,-9.52,-0.89,-1.89,0.125,-1.875,0.0,-0.54608154,0.4076538,-0.67974854,-0.27105713
2a,1,Left Ankle,4283909,1779734258771,-9.55,-0.82,-1.7,-0.3125,-1.875,-0.1875,-0.5463867,0.40759277,-0.6795654,-0.27124023
2a,2,Right Ankle,1325930,1779734258778,-8.097963,2.0079134,4.0127635,-6.303362,-0.33375978,2.517619,90.163765,79.760635,302.32477,0.0
2a,3,Left Wrist,4083925,1779734258778,15.5033,-7.7380915,-2.6919255,-7.514223,-7.440301,63.38922,-122.88019,-28.501535,342.28278,0.0
2a,1,Left Ankle,4283934,1779734258796,-9.37,-0.94,-1.8,-0.4375,3.375,0.1875,-0.5462036,0.40716553,-0.6802368,-0.27056885
2a,4,Right Wrist,30286883,1779734258805,6.345067,-1.6535406,-2.1272192,1.3350401,1.4011116,-0.9662721,-142.16049,-36.72016,223.95346,0.0
2a,1,Left Ankle,4283954,1779734258829,-9.65,-0.8,-2.08,-0.8125,4.3125,0.4375,-0.54559326,0.4074707,-0.680603,-0.27038574
2a,1,Left Ankle,4283973,1779734258830,-9.37,-0.79,-2.24,-0.9375,4.0625,0.0,-0.5453491,0.40753174,-0.68078613,-0.27026367
2a,2,Right Ankle,1325990,1779734258839,-8.64592,2.2495883,3.4193435,-5.393362,-0.053759813,1.957619,89.89047,79.750435,302.0577,0.0
2a,3,Left Wrist,4083985,1779734258839,15.931614,-7.175779,-2.632105,1.5857763,-11.570301,57.43922,-122.86527,-28.53856,342.26932,0.0
2a,1,Left Ankle,4283993,1779734258862,-9.35,-0.84,-2.46,-0.1875,4.375,0.125,-0.54467773,0.4078369,-0.6812744,-0.26989746
2a,4,Right Wrist,30286943,1779734258863,6.433602,-2.117748,-2.120041,-1.3949599,1.6811113,4.983728,-142.15222,-36.77402,223.94684,0.0
2a,1,Left Ankle,4284013,1779734258887,-9.35,-0.87,-2.43,0.5625,1.625,0.3125,-0.54473877,0.40753174,-0.6815796,-0.26953125
2a,2,Right Ankle,1326050,1779734258896,-8.322888,2.4721208,3.3667014,-4.9033623,-2.15376,1.7476189,89.61746,79.73613,301.7906,0.0
2a,3,Left Wrist,4084045,1779734258900,15.558334,-7.269099,-2.536392,-1.6342236,-9.190301,53.519222,-122.85038,-28.576849,342.2554,0.0
2a,1,Left Ankle,4284035,1779734258924,-9.37,-0.81,-2.2,0.8125,-1.5,0.0,-0.54504395,0.40740967,-0.6813965,-0.26953125
2a,1,Left Ankle,4284054,1779734258924,-9.39,-0.83,-2.12,0.5625,-2.4375,-0.0625,-0.54571533,0.40716553,-0.6809082,-0.26971436
2a,4,Right Wrist,30287002,1779734258924,6.124928,-1.6678976,-2.1894326,-6.29496,7.0711117,7.083728,-142.15239,-36.830948,223.94284,0.0
2a,1,Left Ankle,4284069,1779734258959,-9.45,-0.8,-2.02,0.5,-2.0625,-0.125,-0.5462036,0.40686035,-0.6807251,-0.26971436
2a,1,Left Ankle,4284093,1779734258960,-9.51,-0.81,-1.99,0.375,-0.0625,-0.375,-0.5472412,0.40649414,-0.67993164,-0.2701416
2a,2,Right Ankle,1326110,1779734258960,-8.423388,2.4362285,3.2925239,-5.3233624,-2.71376,1.467619,89.34281,79.72222,301.52197,0.0
2a,3,Left Wrist,4084105,1779734258970,15.065413,-7.398311,-2.737389,1.9357764,-7.020301,46.589222,-122.8345,-28.618145,342.2422,0.0
2a,1,Left Ankle,4284114,1779734258978,-9.45,-0.84,-1.97,-0.25,0.125,-0.5625,-0.54803467,0.4060669,-0.6795044,-0.27020264
2a,4,Right Wrist,30287063,1779734258980,5.8952165,-1.660719,-2.2564318,-3.84496,5.5311117,4.633728,-142.15361,-36.888783,223.9408,0.0
2a,1,Left Ankle,4284133,1779734259006,-9.46,-0.92,-1.87,-0.375,0.5625,-0.5,-0.54888916,0.40594482,-0.678833,-0.27038574
2a,2,Right Ankle,1326170,1779734259014,-8.497565,2.3572655,3.3834512,-4.483362,-1.9437598,1.5376189,89.06933,79.70944,301.25433,0.0
2a,3,Left Wrist,4084165,1779734259024,15.165912,-8.085051,-3.182454,-7.514223,-7.6503005,41.47922,-122.82204,-28.661533,342.23,0.0
2a,1,Left Ankle,4284154,1779734259042,-9.49,-0.85,-1.9,-0.875,2.0,0.0,-0.5494385,0.4058838,-0.6783447,-0.27056885
2a,1,Left Ankle,4284172,1779734259042,-9.47,-0.82,-2.03,-0.8125,2.75,-0.125,-0.5496216,0.4058838,-0.67822266,-0.27062988
2a,4,Right Wrist,30287123,1779734259043,6.1033926,-1.5650059,-2.1798615,-1.81496,4.621112,2.883728,-142.1551,-36.94613,223.93988,0.0
2a,1,Left Ankle,4284193,1779734259068,-9.37,-0.79,-2.29,-0.5,1.3125,-0.25,-0.5494385,0.40594482,-0.6783447,-0.2705078
2a,1,Left Ankle,4284209,1779734259068,-9.39,-0.87,-2.24,-0.25,0.75,-0.3125,-0.54937744,0.40594482,-0.67840576,-0.27044678
2a,2,Right Ankle,1326230,1779734259074,-8.332459,2.4170861,3.17049,-5.3233624,0.01624024,2.517619,88.801025,79.69418,300.99216,0.0
2a,3,Left Wrist,4084225,1779734259079,15.290338,-8.271691,-2.5938196,4.8757763,-12.060301,43.22922,-122.8025,-28.701302,342.21738,0.0
2a,1,Left Ankle,4284236,1779734259096,-9.46,-0.79,-2.22,-0.375,-0.0625,-0.0625,-0.5496216,0.40563965,-0.6784668,-0.27026367
2a,4,Right Wrist,30287183,1779734259109,6.117749,-1.8138597,-2.2277179,-2.37496,4.6911116,2.883728,-142.15312,-37.003246,223.93675,0.0
2a,1,Left Ankle,4284253,1779734259126,-9.47,-0.81,-2.14,0.0,-0.625,-0.375,-0.5498657,0.4055786,-0.67822266,-0.27038574
2a,1,Left Ankle,4284274,1779734259127,-9.33,-0.88,-2.09,0.0,-0.875,-0.125,-0.55029297,0.40545654,-0.6779785,-0.27044678
2a,2,Right Ankle,1326290,1779734259139,-8.473637,2.4936564,3.211168,-5.1133623,-0.40375984,2.3076189,88.53317,79.678215,300.73035,0.0
2a,3,Left Wrist,4084285,1779734259140,15.278374,-8.317155,-2.6368904,-1.5642236,-8.2103,47.219223,-122.784164,-28.740723,342.2026,0.0
2a,1,Left Ankle,4284294,1779734259159,-9.41,-0.84,-2.12,-0.0625,-1.375,-0.125,-0.5507202,0.40533447,-0.67767334,-0.27062988
2a,4,Right Wrist,30287243,1779734259167,6.062714,-1.7851456,-2.2827528,-1.32496,6.721112,4.003728,-142.15146,-37.061172,223.93344,0.0
2a,1,Left Ankle,4284314,1779734259189,-9.46,-0.84,-1.97,-0.5625,-0.125,-0.0625,-0.55114746,0.4052124,-0.6772461,-0.270813
2a,1,Left Ankle,4284334,1779734259189,-9.39,-0.87,-2.03,-0.375,0.9375,-0.3125,-0.5515137,0.40509033,-0.67700195,-0.27087402
2a,2,Right Ankle,1326350,1779734259195,-8.344424,2.402729,3.3690941,-5.253362,-0.1937598,2.237619,88.26614,79.66358,300.46945,0.0
2a,3,Left Wrist,4084345,1779734259198,15.185054,-8.018052,-2.5866413,-3.8042235,-8.4203005,51.34922,-122.76702,-28.779133,342.18738,0.0
2a,1,Left Ankle,4284359,1779734259216,-9.42,-0.86,-2.08,-0.125,1.1875,-0.25,-0.55163574,0.40509033,-0.6768799,-0.270813
2a,4,Right Wrist,30287303,1779734259219,6.110571,-1.7444676,-2.2899313,-4.12496,7.3511114,5.053728,-142.15128,-37.119133,223.9301,0.0
2a,1,Left Ankle,4284375,1779734259249,-9.48,-0.84,-2.07,-0.0625,0.125,-0.0625,-0.55181885,0.40509033,-0.67681885,-0.270813
2a,2,Right Ankle,1326410,1779734259253,-8.339638,2.24241,3.4169507,-6.303362,0.7862402,2.7976189,87.999435,79.6509,300.2093,0.0
2a,3,Left Wrist,4084405,1779734259258,14.972094,-7.8122697,-2.4622147,0.9557764,-6.3903008,48.199223,-122.7482,-28.818682,342.17212,0.0
2a,1,Left Ankle,4284404,1779734259280,-9.45,-0.85,-2.04,-0.4375,-0.25,-0.1875,-0.552124,0.4050293,-0.6765747,-0.27087402
2a,1,Left Ankle,4284420,1779734259280,-9.39,-0.86,-2.16,-0.25,-0.125,-0.25,-0.5523071,0.40509033,-0.67633057,-0.2709961
2a,4,Right Wrist,30287363,1779734259280,6.132106,-1.8641087,-2.2372892,-4.12496,6.9311113,4.843728,-142.14833,-37.176365,223.9252,0.0
2a,1,Left Ankle,4284435,1779734259307,-9.47,-0.85,-2.05,0.0,-0.9375,-0.25,-0.5526123,0.40496826,-0.6760864,-0.27111816
2a,2,Right Ankle,1326470,1779734259313,-8.275032,2.3788006,3.3116665,-5.813362,0.01624024,2.587619,87.73388,79.63574,299.95004,0.0
2a,3,Left Wrist,4084465,1779734259324,15.185054,-7.9151607,-2.6895325,4.1757765,-7.370301,44.769222,-122.72964,-28.859745,342.15836,0.0
2a,1,Left Ankle,4284458,1779734259336,-9.37,-0.87,-1.98,-0.5,-0.0625,-0.125,-0.5529175,0.40490723,-0.6758423,-0.27124023
2a,4,Right Wrist,30287423,1779734259339,6.112964,-1.7803602,-2.1798615,-2.86496,8.051111,4.423728,-142.14558,-37.233917,223.92058,0.0
2a,1,Left Ankle,4284483,1779734259366,-9.42,-0.86,-2.1,-0.3125,0.4375,-0.125,-0.5531006,0.4050293,-0.6755371,-0.27142334
2a,1,Left Ankle,4284501,1779734259372,-9.41,-0.85,-2.14,-0.125,0.5,-0.5625,-0.5532837,0.40496826,-0.67541504,-0.27148438
2a,2,Right Ankle,1326530,1779734259374,-8.444922,2.3811936,3.266203,-5.253362,0.2962402,2.3076189,87.468605,79.62058,299.69092,0.0
2a,3,Left Wrist,4084525,1779734259377,15.22334,-8.259727,-2.794817,-0.5142236,-8.070301,48.339222,-122.71159,-28.899542,342.14362,0.0
2a,1,Left Ankle,4284523,1779734259397,-9.37,-0.87,-2.09,-0.125,0.75,-0.0625,-0.5534668,0.40496826,-0.67529297,-0.27148438
2a,1,Left Ankle,4284538,1779734259406,-9.49,-0.84,-2.08,-0.25,0.5625,-0.375,-0.55352783,0.40490723,-0.67523193,-0.27148438
2a,4,Right Wrist,30287483,1779734259406,6.172784,-1.9358939,-2.3641088,-2.6549602,7.4211116,4.283728,-142.1426,-37.291954,223.91602,0.0
2a,1,Left Ankle,4284563,1779734259432,-9.51,-0.84,-2.05,-0.4375,0.375,-0.375,-0.553772,0.40490723,-0.67492676,-0.27166748
2a,2,Right Ankle,1326590,1779734259439,-8.356388,2.4266572,3.3140595,-5.8833623,-0.47375977,2.027619,87.203636,79.6046,299.43228,0.0
2a,3,Left Wrist,4084585,1779734259439,15.134805,-7.7835555,-2.7062824,0.5357764,-10.3803005,46.93922,-122.69506,-28.93963,342.13065,0.0
2a,1,Left Ankle,4284584,1779734259457,-9.4,-0.91,-2.19,-0.1875,-0.375,-0.3125,-0.553833,0.40490723,-0.6748657,-0.27166748
2a,4,Right Wrist,30287542,1779734259465,6.189534,-1.8641087,-2.2277179,-3.21496,6.4411116,5.753728,-142.13911,-37.348743,223.91086,0.0
2a,1,Left Ankle,4284603,1779734259489,-9.44,-0.86,-2.1,0.125,-0.875,-0.0625,-0.55407715,0.4048462,-0.67474365,-0.27178955
2a,1,Left Ankle,4284622,1779734259489,-9.49,-0.85,-2.05,-0.125,-1.0625,0.125,-0.5543213,0.40509033,-0.6741333,-0.2722168
2a,2,Right Ankle,1326650,1779734259497,-8.502351,2.390765,3.275774,-6.583362,-0.61375976,1.817619,86.937386,79.5892,299.17264,0.0
2a,3,Left Wrist,4084645,1779734259501,15.357338,-8.108979,-2.7349963,2.4257765,-12.550301,45.74922,-122.67747,-28.979383,342.1182,0.0
2a,1,Left Ankle,4284643,1779734259524,-9.45,-0.84,-2.05,-0.125,-0.8125,-0.1875,-0.5545654,0.4050293,-0.6739502,-0.27233887
2a,1,Left Ankle,4284663,1779734259525,-9.47,-0.87,-2.06,-0.25,0.25,-0.0625,-0.5546875,0.40509033,-0.6738281,-0.2723999
2a,4,Right Wrist,30287603,1779734259525,6.242176,-1.8425738,-2.2875385,-3.21496,7.7711115,4.423728,-142.13689,-37.406563,223.90654,0.0
2a,1,Left Ankle,4284683,1779734259556,-9.44,-0.87,-2.09,-0.25,1.0625,-0.125,-0.55474854,0.40509033,-0.6737671,-0.27233887
2a,2,Right Ankle,1326710,1779734259557,-8.361174,2.3955505,3.1537402,-5.813362,-1.1037599,1.957619,86.67192,79.572685,298.91348,0.0
2a,3,Left Wrist,4084705,1779734259563,14.9936285,-7.862519,-2.5028925,4.8757763,-10.520301,46.09922,-122.65811,-29.018896,342.10474,0.0
2a,1,Left Ankle,4284703,1779734259579,-9.52,-0.84,-2.1,-0.375,0.1875,-0.1875,-0.5548706,0.4050293,-0.67370605,-0.2723999
2a,4,Right Wrist,30287663,1779734259584,6.187141,-1.8018957,-2.28036,-3.49496,6.371112,5.263728,-142.13542,-37.463955,223.90266,0.0
2a,1,Left Ankle,4284722,1779734259584,-9.43,-0.86,-2.12,-0.25,0.0625,-0.25,-0.5549927,0.4050293,-0.673645,-0.2723999
2a,1,Left Ankle,4284743,1779734259606,-9.44,-0.86,-2.14,-0.3125,0.1875,-0.5,-0.5550537,0.40496826,-0.673584,-0.2723999
2a,2,Right Ankle,1326770,1779734259613,-8.507135,2.4410143,3.196811,-5.1133623,-0.89375985,1.817619,86.407814,79.5558,298.65543,0.0
2a,3,Left Wrist,4084765,1779734259618,14.826132,-7.7548413,-2.457429,-2.3342237,-5.2003007,44.97922,-122.6405,-29.059727,342.08972,0.0
2a,1,Left Ankle,4284762,1779734259638,-9.47,-0.85,-2.09,-0.25,-0.125,-0.25,-0.55511475,0.40496826,-0.67352295,-0.2723999
2a,4,Right Wrist,30287723,1779734259639,6.2206407,-1.8306098,-2.2995026,-3.14496,6.6511116,4.423728,-142.13373,-37.521614,223.89886,0.0
2a,1,Left Ankle,4284788,1779734259675,-9.48,-0.84,-2.12,0.0,-0.375,-0.4375,-0.55493164,0.40563965,-0.67297363,-0.2730713
2a,1,Left Ankle,4284805,1779734259675,-9.43,-0.85,-2.16,0.1875,-0.5,-0.5625,-0.5550537,0.40563965,-0.6729126,-0.2730713
2a,2,Right Ankle,1326830,1779734259677,-8.452101,2.3453012,3.2327034,-5.813362,-0.6837598,2.237619,86.143326,79.53994,298.39728,0.0
2a,3,Left Wrist,4084825,1779734259687,15.630119,-8.855539,-2.9168508,-9.474223,-3.6603007,40.77922,-122.624344,-29.102255,342.0745,0.0
2a,1,Left Ankle,4284823,1779734259697,-9.43,-0.85,-2.17,0.4375,-0.8125,-0.375,-0.55511475,0.40570068,-0.6727295,-0.2732544
2a,4,Right Wrist,30287783,1779734259699,6.218248,-1.8401808,-2.3521447,-3.21496,6.371112,4.213728,-142.1327,-37.57954,223.89555,0.0
2a,1,Left Ankle,4284864,1779734259732,-9.5,-0.86,-2.12,1.375,0.125,-0.375,-0.55548096,0.40551758,-0.6726074,-0.27319336
2a,1,Left Ankle,4284845,1779734259732,-9.48,-0.84,-2.22,0.625,-0.6875,-0.1875,-0.55529785,0.40563965,-0.6726074,-0.2732544
2a,2,Right Ankle,1326890,1779734259736,-8.437744,2.3213732,3.2446675,-5.3233624,0.5062402,2.517619,85.881775,79.5242,298.14194,0.0
2a,3,Left Wrist,4084885,1779734259742,16.407787,-8.159229,-2.7493532,9.145777,-11.990301,54.149223,-122.60451,-29.13972,342.06058,0.0
2a,1,Left Ankle,4284889,1779734259756,-9.51,-0.89,-1.9,1.4375,0.1875,-0.25,-0.55578613,0.40533447,-0.67248535,-0.2730713
2a,1,Left Ankle,4284904,1779734259756,-9.53,-0.89,-1.85,0.75,-0.5,-0.25,-0.5562134,0.40515137,-0.6722412,-0.27301025
2a,4,Right Wrist,30287843,1779734259759,6.2900324,-1.9765719,-2.3928227,-3.84496,5.8811116,4.423728,-142.13,-37.637066,223.89111,0.0
2a,1,Left Ankle,4284928,1779734259786,-9.52,-0.89,-2.01,0.1875,0.3125,-0.25,-0.5565796,0.4050293,-0.6719971,-0.2730713
2a,2,Right Ankle,1326950,1779734259801,-8.308532,2.3716226,3.2422745,-5.743362,-1.0337597,3.357619,85.619576,79.50684,297.88605,0.0
2a,3,Left Wrist,4084945,1779734259802,17.032314,-8.963217,-2.6273193,-9.054223,-13.6703005,67.939224,-122.587265,-29.171568,342.04297,0.0
2a,1,Left Ankle,4284945,1779734259818,-9.49,-0.88,-2.15,0.0,-0.5,-0.4375,-0.55670166,0.4050293,-0.67193604,-0.2730713
2a,4,Right Wrist,30287903,1779734259820,6.163213,-2.0052853,-2.333002,-4.89496,7.3511114,4.773728,-142.1259,-37.694645,223.88528,0.0
2a,1,Left Ankle,4284970,1779734259846,-9.41,-0.87,-2.17,0.75,-0.625,-0.375,-0.5565796,0.40545654,-0.6715698,-0.27349854
2a,1,Left Ankle,4284985,1779734259847,-9.43,-0.9,-2.01,0.5625,-1.75,-0.3125,-0.55682373,0.40533447,-0.6713867,-0.27355957
2a,3,Left Wrist,4085005,1779734259859,16.101505,-7.5586305,-1.7706887,8.025776,-5.060301,68.63922,-122.5631,-29.20368,342.02258,0.0
2a,1,Left Ankle,4285005,1779734259885,-9.47,-0.91,-1.88,0.5,-0.75,-0.375,-0.55718994,0.40527344,-0.6711426,-0.2736206
2a,4,Right Wrist,30287963,1779734259885,6.1081777,-1.7444676,-2.3401804,-4.75496,6.371112,1.413728,-142.12762,-37.753525,223.88393,0.0
2a,2,Right Ankle,1327010,1779734259895,-8.440137,2.4386213,3.275774,-4.763362,-1.2437598,3.497619,85.358734,79.488785,297.6311,0.0
2a,1,Left Ankle,4285033,1779734259911,-9.5,-0.86,-1.88,0.0,-0.375,-0.1875,-0.55755615,0.40515137,-0.67089844,-0.27374268
2a,1,Left Ankle,4285053,1779734259911,-9.58,-0.9,-1.9,0.0,-0.6875,-0.1875,-0.55810547,0.40496826,-0.67041016,-0.27392578
2a,3,Left Wrist,4085065,1779734259919,14.512671,-7.01546,-1.2394822,10.965776,18.3197,53.02922,-122.53352,-29.243292,341.9966,0.0
2a,4,Right Wrist,30288023,1779734259945,6.019644,-1.7923242,-2.347359,-1.6749599,4.621112,-5.376272,-142.12924,-37.813477,223.88495,0.0
2a,1,Left Ankle,4285073,1779734259945,-9.55,-0.87,-1.86,-0.6875,-0.375,-0.3125,-0.55810547,0.40551758,-0.66986084,-0.27453613
2a,1,Left Ankle,4285093,1779734259966,-9.4,-0.92,-1.95,-1.1875,1.4375,-0.3125,-0.55810547,0.4055786,-0.6697998,-0.27459717
2a,1,Left Ankle,4285110,1779734259968,-9.41,-0.92,-2.07,-1.1875,2.6875,-0.375,-0.55792236,0.40576172,-0.6697998,-0.27459717
2a,2,Right Ankle,1327070,1779734259979,-8.576528,2.4792993,3.1465619,-4.273362,-0.1937598,3.917619,85.10061,79.46939,297.3788,0.0
2a,3,Left Wrist,4085125,1779734259979,13.598612,-6.345469,-0.89491564,-3.3842235,45.829697,26.569221,-122.50705,-29.295225,341.96695,0.0
2a,1,Left Ankle,4285134,1779734259997,-9.57,-0.85,-2.15,-0.75,1.25,-0.3125,-0.5578613,0.4053955,-0.6703491,-0.27404785
2a,4,Right Wrist,30288083,1779734259999,6.0914283,-1.7420752,-2.3712873,0.49503994,2.171112,-8.526272,-142.13248,-37.87357,223.88852,0.0
2a,1,Left Ankle,4285153,1779734260032,-9.51,-0.84,-2.11,-0.5,1.5,-0.25,-0.55773926,0.40551758,-0.67041016,-0.27398682
2a,2,Right Ankle,1327160,1779734260033,-8.22239,2.3165874,3.48395,-4.763362,0.3662402,3.497619,84.84389,79.452934,297.12808,0.0
2a,3,Left Wrist,4085185,1779734260041,15.235304,-8.697614,-3.1489544,-20.184223,49.9597,11.869221,-122.48988,-29.357407,341.94034,0.0
2a,1,Left Ankle,4285178,1779734260057,-9.44,-0.91,-2.03,-0.6875,0.8125,-0.75,-0.5574951,0.4060669,-0.670105,-0.27435303
2a,1,Left Ankle,4285195,1779734260060,-9.49,-0.87,-2.03,-1.0,0.4375,-0.3125,-0.55755615,0.40612793,-0.6699829,-0.2744751
2a,4,Right Wrist,30288143,1779734260061,6.1057854,-1.7995027,-2.309074,-0.9749601,2.9411116,-8.526272,-142.13408,-37.93336,223.89066,0.0
2a,1,Left Ankle,4285212,1779734260089,-9.45,-0.87,-2.06,-0.6875,0.9375,-0.25,-0.5574951,0.40618896,-0.6699829,-0.2744751
2a,1,Left Ankle,4285234,1779734260090,-9.44,-0.84,-2.1,-0.6875,2.25,-0.5,-0.55718994,0.40637207,-0.670166,-0.27441406
2a,3,Left Wrist,4085245,1779734260101,15.620548,-8.924932,-2.519642,-2.5442238,27.349699,24.399221,-122.46584,-29.409166,341.91708,0.0
2a,2,Right Ankle,1327250,1779734260101,-8.339638,2.565441,2.940779,-5.393362,-0.9637598,2.937619,84.5892,79.4305,296.87952,0.0
2a,1,Left Ankle,4285258,1779734260116,-9.47,-0.89,-2.15,-0.125,2.0,-0.375,-0.55700684,0.40649414,-0.6702881,-0.27423096
2a,4,Right Wrist,30288203,1779734260124,5.8282175,-1.5338994,-2.2755742,1.0550399,3.7111115,-5.0962715,-142.13889,-37.99347,223.89433,0.0
2a,1,Left Ankle,4285273,1779734260149,-9.4,-0.92,-2.09,0.0,1.75,-0.125,-0.55633545,0.40789795,-0.6696167,-0.27526855
2a,2,Right Ankle,1327310,1779734260156,-8.385101,2.510406,3.225525,-7.143362,-0.5437598,2.447619,84.33372,79.410614,296.6308,0.0
2a,3,Left Wrist,4085305,1779734260158,15.273587,-8.190335,-2.062613,2.3557763,16.009699,36.36922,-122.44117,-29.45472,341.89532,0.0
2a,1,Left Ankle,4285318,1779734260182,-9.47,-0.89,-2.02,-0.5625,1.0625,-0.1875,-0.55633545,0.40795898,-0.6696167,-0.27514648
2a,1,Left Ankle,4285299,1779734260181,-9.51,-0.91,-1.98,-0.1875,1.375,-0.125,-0.5562744,0.40795898,-0.6696167,-0.27514648
2a,4,Right Wrist,30288263,1779734260182,5.821039,-1.8330022,-2.4957142,-0.34495997,5.391112,2.673728,-142.13988,-38.05309,223.89336,0.0
2a,1,Left Ankle,4285336,1779734260206,-9.51,-0.86,-2.19,-0.375,1.1875,-0.125,-0.5562744,0.40802002,-0.66967773,-0.2750244
2a,2,Right Ankle,1327370,1779734260216,-8.447315,2.4888706,3.091527,-6.303362,-1.6637598,2.3076189,84.0764,79.39019,296.3799,0.0
2a,3,Left Wrist,4085365,1779734260219,15.182662,-8.309976,-1.8735802,3.1957765,5.929699,39.16922,-122.41624,-29.496708,341.8757,0.0
2a,1,Left Ankle,4285354,1779734260241,-9.4,-0.88,-2.23,0.0,1.3125,0.125,-0.55615234,0.40808105,-0.66973877,-0.27496338
2a,1,Left Ankle,4285377,1779734260241,-9.42,-0.88,-2.26,0.0,1.3125,0.0,-0.55596924,0.4081421,-0.6699219,-0.2748413
2a,4,Right Wrist,30288323,1779734260241,5.86411,-1.8234313,-2.5172493,-4.05496,6.581112,4.7037277,-142.14209,-38.112717,223.89171,0.0
2a,1,Left Ankle,4285396,1779734260266,-9.49,-0.88,-2.07,-0.0625,0.4375,-0.0625,-0.55596924,0.4081421,-0.6699219,-0.2748413
2a,3,Left Wrist,4085425,1779734260278,15.508085,-7.7835555,-1.6103697,3.9657764,-2.9603007,43.789223,-122.39348,-29.535671,341.85876,0.0
2a,1,Left Ankle,4285442,1779734260301,-9.53,-0.85,-2.2,0.0,0.5,-0.125,-0.5560303,0.4081421,-0.66986084,-0.27478027
2a,1,Left Ankle,4285417,1779734260301,-9.43,-0.89,-2.07,-0.4375,0.875,-0.0625,-0.5560303,0.4081421,-0.66986084,-0.27478027
2a,4,Right Wrist,30288383,1779734260302,5.77079,-1.5961131,-2.4646075,-4.19496,6.371112,5.333728,-142.14825,-38.172462,223.89241,0.0
2a,2,Right Ankle,1327430,1779734260307,-8.464066,2.4529784,3.07717,-5.603362,-1.9437598,1.817619,83.81875,79.370346,296.12848,0.0
2a,1,Left Ankle,4285456,1779734260327,-9.4,-0.91,-2.2,0.3125,0.3125,-0.125,-0.5560303,0.40820312,-0.66986084,-0.27478027
2a,3,Left Wrist,4085485,1779734260342,15.8430805,-8.247763,-1.2777673,7.9557767,-10.0303,43.859222,-122.368195,-29.57172,341.8431,0.0
2a,1,Left Ankle,4285482,1779734260355,-9.41,-0.89,-2.12,0.125,-0.0625,-0.0625,-0.5560303,0.40820312,-0.66986084,-0.27478027
2a,4,Right Wrist,30288443,1779734260367,5.821039,-1.6463621,-2.507678,-3.84496,5.8811116,3.233728,-142.15451,-38.232597,223.89374,0.0
2a,2,Right Ankle,1327490,1779734260368,-8.363566,2.4577641,3.1728828,-6.303362,-0.61375976,1.887619,83.56483,79.350334,295.88107,0.0
2a,1,Left Ankle,4285523,1779734260392,-9.52,-0.89,-2.05,0.1875,-0.8125,-0.25,-0.55633545,0.4081421,-0.6696167,-0.2748413
2a,1,Left Ankle,4285504,1779734260392,-9.43,-0.87,-2.17,0.125,-0.125,-0.0625,-0.5560913,0.40820312,-0.6697998,-0.27478027
2a,3,Left Wrist,4085545,1779734260401,16.032114,-7.7524486,-1.1318051,5.1557765,-14.090301,49.109222,-122.34549,-29.605766,341.82843,0.0
2a,1,Left Ankle,4285542,1779734260417,-9.52,-0.89,-1.99,0.375,-0.875,-0.0625,-0.5564575,0.40808105,-0.66955566,-0.27490234
2a,1,Left Ankle,4285558,1779734260419,-9.53,-0.9,-1.92,-0.125,-0.125,0.0,-0.55670166,0.40802002,-0.6693115,-0.27496338
2a,4,Right Wrist,30288503,1779734260419,5.900003,-1.7396821,-2.4957142,-3.07496,4.971112,3.093728,-142.15836,-38.292133,223.89395,0.0
2a,2,Right Ankle,1327580,1779734260423,-8.4138155,2.4505856,3.1513476,-6.303362,-1.5237597,1.817619,83.3097,79.33034,295.6324,0.0
2a,1,Left Ankle,4285583,1779734260450,-9.41,-0.94,-2.1,-0.1875,1.25,-0.1875,-0.55670166,0.40802002,-0.66937256,-0.27490234
2a,3,Left Wrist,4085605,1779734260457,16.584854,-8.381762,-1.8520448,2.2857764,-22.070301,61.219223,-122.324905,-29.636385,341.81436,0.0
2a,1,Left Ankle,4285603,1779734260475,-9.51,-0.85,-2.17,-0.5625,0.5,0.0,-0.55670166,0.40802002,-0.6693115,-0.27490234
2a,1,Left Ankle,4285623,1779734260483,-9.36,-0.92,-2.2,-0.1875,0.5625,-0.125,-0.55670166,0.40808105,-0.66937256,-0.2748413
2a,4,Right Wrist,30288563,1779734260483,5.823432,-1.7707887,-2.519642,-4.33496,6.0911117,4.773728,-142.16196,-38.35185,223.89319,0.0
2a,1,Left Ankle,4285647,1779734260513,-9.45,-0.89,-2.2,0.25,-0.0625,-0.25,-0.55670166,0.40808105,-0.6693115,-0.2748413
2a,2,Right Ankle,1327640,1779734260519,-8.428173,2.4242644,3.1752756,-5.6733623,-1.4537598,1.817619,83.055,79.3106,295.384,0.0
2a,3,Left Wrist,4085665,1779734260519,15.735403,-9.080466,-1.9118654,8.515777,-39.1503,74.09922,-122.30009,-29.65884,341.80157,0.0
2a,1,Left Ankle,4285663,1779734260541,-9.52,-0.89,-2.06,0.125,-0.6875,-0.125,-0.55688477,0.40802002,-0.66918945,-0.27490234
2a,4,Right Wrist,30288623,1779734260541,5.8952165,-1.7253251,-2.5100708,-3.77496,5.601112,5.263728,-142.16605,-38.411236,223.89284,0.0
2a,1,Left Ankle,4285688,1779734260568,-9.43,-0.88,-2.01,0.1875,0.0,-0.3125,-0.5570679,0.40795898,-0.6690674,-0.27496338
2a,1,Left Ankle,4285706,1779734260570,-9.47,-0.97,-1.99,-0.25,-0.125,0.0,-0.55718994,0.40795898,-0.6689453,-0.27496338
2a,2,Right Ankle,1327700,1779734260577,-8.44253,2.4673352,3.1322048,-5.813362,-1.7337598,1.467619,82.801575,79.29003,295.13684,0.0
2a,3,Left Wrist,4085725,1779734260580,14.510278,-7.173386,-2.696711,9.495776,-57.070297,68.07922,-122.2877,-29.685026,341.80066,0.0
2a,1,Left Ankle,4285726,1779734260598,-9.5,-0.87,-2.05,-0.125,0.9375,0.0,-0.557251,0.40789795,-0.6689453,-0.27496338
2a,1,Left Ankle,4285743,1779734260601,-9.47,-0.91,-2.1,-0.1875,1.0,-0.125,-0.55718994,0.40795898,-0.6689453,-0.27490234
2a,4,Right Wrist,30288683,1779734260601,5.8306108,-1.8042881,-2.5172493,-3.21496,6.5111117,6.6637278,-142.168,-38.470585,223.89081,0.0
2a,1,Left Ankle,4285769,1779734260635,-9.49,-0.9,-2.07,-0.3125,0.875,0.0,-0.55718994,0.40795898,-0.66900635,-0.27490234
2a,2,Right Ankle,1327791,1779734260636,-8.365959,2.3931577,3.1274192,-6.023362,-2.0137596,1.957619,82.54728,79.270004,294.88895,0.0
2a,3,Left Wrist,4085785,1779734260645,14.132213,-7.0561366,-1.9453648,-27.184223,-48.0403,52.329224,-122.28462,-29.714933,341.79828,0.0
2a,1,Left Ankle,4285787,1779734260660,-9.49,-0.95,-2.01,-0.4375,1.1875,-0.3125,-0.55718994,0.40802002,-0.66900635,-0.2748413
2a,4,Right Wrist,30288743,1779734260660,5.8425746,-1.7827532,-2.658426,-2.7249599,7.001112,7.153728,-142.17276,-38.530834,223.89047,0.0
2a,1,Left Ankle,4285826,1779734260694,-9.47,-0.88,-2.05,-0.3125,2.125,0.125,-0.5570679,0.40808105,-0.6690674,-0.2746582
2a,2,Right Ankle,1327850,1779734260694,-8.464066,2.431443,3.2159536,-5.953362,-1.1737598,2.377619,82.29557,79.249535,294.64362,0.0
2a,1,Left Ankle,4285811,1779734260694,-9.48,-0.93,-1.99,-0.4375,1.1875,0.125,-0.55718994,0.40802002,-0.66900635,-0.27471924
2a,3,Left Wrist,4085845,1779734260699,14.364316,-7.175779,-1.3519448,2.4257765,-35.7903,40.56922,-122.26778,-29.748354,341.79297,0.0
2a,1,Left Ankle,4285846,1779734260716,-9.4,-0.91,-2.14,-0.375,2.4375,-0.0625,-0.55688477,0.40820312,-0.6692505,-0.2744751
2a,4,Right Wrist,30288803,1779734260720,5.7875395,-1.7157542,-2.5292134,-3.35496,7.9811115,6.523728,-142.1768,-38.590996,223.88953,0.0
2a,1,Left Ankle,4285869,1779734260754,-9.5,-0.88,-2.12,-0.6875,1.4375,0.0,-0.55670166,0.4083252,-0.66937256,-0.27441406
2a,1,Left Ankle,4285886,1779734260754,-9.42,-0.91,-2.15,-0.75,1.3125,0.0,-0.5565796,0.40844727,-0.6694336,-0.27441406
2a,3,Left Wrist,4085905,1779734260761,15.24966,-8.175978,-1.7922242,-29.214224,-18.990301,38.18922,-122.25867,-29.786022,341.78207,0.0
2a,1,Left Ankle,4285906,1779734260779,-9.46,-0.89,-2.1,-0.625,1.375,-0.125,-0.5564575,0.4085083,-0.6694946,-0.27441406
2a,4,Right Wrist,30288863,1779734260780,5.9574304,-1.7660031,-2.634498,-3.28496,9.311111,4.003728,-142.18173,-38.652233,223.88945,0.0
2a,2,Right Ankle,1327910,1779734260783,-8.464066,2.4003363,3.1992037,-6.513362,-0.053759813,2.727619,82.046036,79.22934,294.4007,0.0
2a,1,Left Ankle,4285926,1779734260810,-9.43,-0.9,-2.05,-0.4375,1.75,-0.1875,-0.55633545,0.40856934,-0.66955566,-0.274292
2a,1,Left Ankle,4285946,1779734260810,-9.44,-0.9,-2.08,-0.75,1.875,-0.1875,-0.5562134,0.4086914,-0.6696167,-0.27423096
2a,3,Left Wrist,4085965,1779734260817,15.82633,-8.111372,-1.5266209,1.1657764,-14.230301,40.91922,-122.23798,-29.823212,341.769,0.0
2a,1,Left Ankle,4285986,1779734260841,-9.51,-0.86,-2.32,-0.5625,1.5,-0.0625,-0.5557251,0.40893555,-0.6699829,-0.27398682
2a,4,Right Wrist,30288923,1779734260841,5.986144,-1.8904303,-2.4861426,-2.86496,7.6311116,4.983728,-142.1812,-38.711582,223.88614,0.0
2a,1,Left Ankle,4285968,1779734260841,-9.4,-0.88,-2.24,-0.25,2.375,0.0625,-0.55596924,0.40881348,-0.6697998,-0.2741089
2a,2,Right Ankle,1327970,1779734260843,-8.432959,2.4625494,3.1058836,-6.6533623,0.01624024,2.7976189,81.79929,79.20742,294.1606,0.0
2a,1,Left Ankle,4286007,1779734260865,-9.42,-0.88,-2.26,0.0,0.8125,-0.0625,-0.555603,0.40893555,-0.67004395,-0.27392578
2a,3,Left Wrist,4086025,1779734260878,16.589642,-8.221442,-2.225325,-14.094223,-10.730301,43.22922,-122.22495,-29.86268,341.75583,0.0
2a,1,Left Ankle,4286032,1779734260901,-9.46,-0.88,-2.18,0.125,-0.3125,-0.125,-0.555603,0.40893555,-0.67004395,-0.27392578
2a,4,Right Wrist,30288983,1779734260902,6.098607,-1.9047868,-2.57707,-2.7249599,6.9311113,6.593728,-142.18153,-38.770718,223.8832,0.0
2a,2,Right Ankle,1328060,1779734260910,-8.3827095,2.42905,3.1202407,-5.8833623,-1.8737599,2.167619,81.549675,79.185936,293.91733,0.0
2a,1,Left Ankle,4286053,1779734260926,-9.49,-0.89,-2.1,0.25,-0.5625,-0.0625,-0.55566406,0.40893555,-0.67004395,-0.27392578
2a,1,Left Ankle,4286072,1779734260926,-9.44,-0.91,-2.08,0.1875,0.25,-0.0625,-0.5557251,0.40893555,-0.6699829,-0.27392578
2a,3,Left Wrist,4086085,1779734260942,15.924437,-7.7069855,-2.0410776,2.4257765,-9.5403,44.699223,-122.206085,-29.901875,341.7421,0.0
2a,1,Left Ankle,4286092,1779734260960,-9.45,-0.88,-2.17,0.3125,1.0625,0.0625,-0.55566406,0.40899658,-0.67004395,-0.27392578
2a,4,Right Wrist,30289043,1779734260960,6.029215,-1.8258237,-2.5698915,-3.42496,7.3511114,6.2437277,-142.18379,-38.830353,223.88129,0.0
2a,2,Right Ankle,1328120,1779734260963,-8.437744,2.4266572,3.1345978,-5.6733623,-2.4337597,2.027619,81.299385,79.16446,293.6733,0.0
2a,1,Left Ankle,4286108,1779734260986,-9.53,-0.89,-2.15,0.125,0.625,0.0,-0.55566406,0.40899658,-0.67004395,-0.27386475
2a,3,Left Wrist,4086145,1779734261000,15.871795,-7.510773,-2.9216366,-4.9242234,-12.1303005,41.269222,-122.19513,-29.9447,341.7322,0.0
2a,1,Left Ankle,4286155,1779734261018,-9.46,-0.88,-2.19,0.3125,-0.1875,-0.0625,-0.5557251,0.40899658,-0.6699829,-0.27386475
2a,1,Left Ankle,4286137,1779734261018,-9.44,-0.9,-2.18,0.25,0.4375,0.0625,-0.5557251,0.40899658,-0.67004395,-0.27386475
2a,4,Right Wrist,30289103,1779734261020,5.9670014,-1.8401808,-2.5986054,-3.77496,7.001112,4.4937277,-142.18689,-38.89052,223.88028,0.0
2a,1,Left Ankle,4286174,1779734261050,-9.45,-0.91,-2.08,0.1875,-0.5,-0.1875,-0.55578613,0.40899658,-0.6699219,-0.27386475
2a,3,Left Wrist,4086205,1779734261058,15.610976,-7.7763762,-2.5100708,2.2157764,-12.060301,40.77922,-122.1785,-29.986036,341.7208,0.0
2a,1,Left Ankle,4286197,1779734261076,-9.41,-0.94,-2.06,0.0,0.625,0.0625,-0.5559082,0.40899658,-0.66986084,-0.27386475
2a,4,Right Wrist,30289163,1779734261084,6.014858,-1.8784658,-2.6105695,-3.35496,6.8611116,4.003728,-142.18932,-38.950653,223.87906,0.0
2a,2,Right Ankle,1328180,1779734261084,-8.416209,2.4338357,3.1680973,-5.603362,-2.36376,2.097619,81.05057,79.14282,293.43073,0.0
2a,1,Left Ankle,4286224,1779734261106,-9.48,-0.91,-2.06,-0.125,1.125,-0.1875,-0.5559082,0.40899658,-0.66986084,-0.2738037
2a,1,Left Ankle,4286234,1779734261107,-9.41,-0.93,-2.13,-0.125,1.1875,0.0,-0.55584717,0.40905762,-0.6699219,-0.27374268
2a,3,Left Wrist,4086265,1779734261119,15.386052,-7.8026977,-2.861816,1.0957764,-12.1303005,43.859222,-122.16321,-30.027636,341.70938,0.0
2a,1,Left Ankle,4286257,1779734261136,-9.47,-0.89,-2.2,-0.125,1.5625,-0.0625,-0.5557251,0.40911865,-0.67004395,-0.2736206
2a,1,Left Ankle,4286275,1779734261137,-9.43,-0.87,-2.22,0.0,1.3125,0.0625,-0.555603,0.4091797,-0.670166,-0.27349854
2a,4,Right Wrist,30289223,1779734261140,6.0124655,-1.8425738,-2.57707,-2.79496,7.1411114,3.443728,-142.19179,-39.010887,223.87808,0.0
2a,2,Right Ankle,1328343,1779734261143,-8.397066,2.4362285,3.1800613,-5.813362,-1.5937599,2.937619,80.55877,79.098076,292.95145,0.0
2a,1,Left Ankle,4286295,1779734261171,-9.48,-0.9,-2.16,0.1875,0.9375,0.0,-0.55548096,0.4091797,-0.67022705,-0.2734375
2a,3,Left Wrist,4086325,1779734261179,15.213768,-7.7261276,-2.5746772,-4.3642235,-8.4203005,45.32922,-122.14772,-30.068583,341.69574,0.0
2a,1,Left Ankle,4286317,1779734261201,-9.44,-0.91,-2.13,0.25,0.9375,-0.0625,-0.5554199,0.40924072,-0.6702881,-0.27337646
2a,1,Left Ankle,4286336,1779734261201,-9.41,-0.91,-2.14,0.1875,0.75,-0.1875,-0.5554199,0.40930176,-0.6702881,-0.27331543
2a,4,Right Wrist,30289283,1779734261202,5.9670014,-1.9215368,-2.591427,-2.30496,7.4911118,4.9137278,-142.19226,-39.070873,223.87556,0.0
2a,1,Left Ankle,4286357,1779734261227,-9.51,-0.89,-2.11,0.25,0.125,-0.1875,-0.5554199,0.40930176,-0.6702881,-0.27331543
2a,2,Right Ankle,1328362,1779734261233,-8.428173,2.4481928,3.1800613,-6.023362,-1.3137599,2.937619,80.31499,79.07553,292.71405,0.0
2a,3,Left Wrist,4086385,1779734261239,16.154146,-8.324333,-3.0819554,-16.544224,-7.8603005,47.00922,-122.13734,-30.110165,341.68207,0.0
