session_name,device_id,body_location,device_ts_ms,wall_clock_ms,accel_x,accel_y,accel_z,gyro_x,gyro_y,gyro_z,quat_w,quat_x,quat_y,quat_z
2d,1,Left Ankle,4569534,1779734544403,-9.24,-1.75,-2.68,0.5625,-1.125,0.125,-0.5298462,0.49761963,-0.6296387,-0.27416992
2d,1,Left Ankle,4569555,1779734544426,-9.23,-1.77,-2.65,0.4375,-1.4375,-0.375,-0.53015137,0.49749756,-0.62945557,-0.27441406
2d,4,Right Wrist,30572521,1779734544428,6.2110696,-1.622434,-1.2729815,-4.26496,6.8611116,5.473728,-144.25945,-38.49794,215.51097,0.0
2d,3,Left Wrist,4369593,1779734544451,14.471993,-8.790934,-2.9455645,-4.8542233,-4.0103006,47.149223,-108.89885,-56.036026,334.25208,0.0
2d,1,Left Ankle,4569599,1779734544458,-9.19,-1.75,-2.75,0.1875,-0.375,0.1875,-0.5302124,0.49743652,-0.6293335,-0.2744751
2d,1,Left Ankle,4569578,1779734544458,-9.15,-1.75,-2.73,0.25,-0.6875,0.0,-0.5302124,0.49743652,-0.6293335,-0.2744751
2d,2,Right Ankle,1611598,1779734544466,-8.291781,2.620476,3.2997024,-5.6733623,-0.61375976,2.3076189,37.51164,62.79889,259.1751,0.0
2d,1,Left Ankle,4569615,1779734544488,-9.22,-1.76,-2.76,0.375,-0.8125,0.0,-0.5303345,0.4973755,-0.62927246,-0.27453613
2d,4,Right Wrist,30572581,1779734544498,6.2876396,-1.6559336,-1.3830514,-3.49496,7.3511114,3.863728,-144.24895,-38.550198,215.50165,0.0
2d,3,Left Wrist,4369653,1779734544500,14.507885,-9.238392,-3.5174494,3.7557764,-11.9203005,51.34922,-108.988464,-56.003773,334.32642,0.0
2d,1,Left Ankle,4569638,1779734544522,-9.2,-1.81,-2.63,0.625,-1.375,0.0625,-0.53045654,0.49731445,-0.6292114,-0.27459717
2d,1,Left Ankle,4569658,1779734544522,-9.25,-1.8,-2.55,0.375,-0.9375,0.0,-0.5307007,0.49719238,-0.62908936,-0.2746582
2d,2,Right Ankle,1611659,1779734544531,-8.310925,2.6444042,3.3499517,-5.3233624,-0.26375985,1.957619,37.649296,62.802025,259.2994,0.0
2d,1,Left Ankle,4569676,1779734544548,-9.23,-1.76,-2.61,0.0,-0.125,0.0,-0.53082275,0.49713135,-0.6289673,-0.27478027
2d,4,Right Wrist,30572641,1779734544549,6.2780685,-1.6822546,-1.3328022,-3.84496,6.4411116,4.843728,-144.23769,-38.601643,215.49168,0.0
2d,3,Left Wrist,4369713,1779734544566,13.828323,-8.410475,-2.9599216,2.2857764,-10.660301,54.98922,-109.0079,-56.05838,334.34167,0.0
2d,1,Left Ankle,4569698,1779734544578,-9.22,-1.78,-2.57,0.0,0.0,0.0625,-0.5309448,0.4970703,-0.62890625,-0.2748413
2d,1,Left Ankle,4569717,1779734544583,-9.19,-1.79,-2.6,0.25,-0.375,-0.1875,-0.53100586,0.4970703,-0.6288452,-0.2748413
2d,2,Right Ankle,1611749,1779734544586,-8.313317,2.5965476,3.3188448,-5.8833623,-0.6837598,2.097619,37.707386,62.85033,259.35312,0.0
2d,4,Right Wrist,30572701,1779734544614,6.2780685,-1.6415765,-1.2873386,-2.5149598,7.701112,3.863728,-144.22617,-38.653503,215.48186,0.0
2d,1,Left Ankle,4569742,1779734544615,-9.17,-1.79,-2.64,-0.1875,0.0,0.0,-0.5310669,0.49700928,-0.6287842,-0.27490234
2d,1,Left Ankle,4569757,1779734544615,-9.16,-1.79,-2.67,-0.25,0.6875,0.1875,-0.53100586,0.4970703,-0.6288452,-0.2748413
2d,3,Left Wrist,4369773,1779734544617,13.134404,-8.037195,-3.0077782,0.3957764,-4.5703006,46.72922,-109.090195,-56.089474,334.40793,0.0
2d,1,Left Ankle,4569781,1779734544639,-9.21,-1.73,-2.68,-0.375,1.625,0.5625,-0.5308838,0.4970703,-0.6289673,-0.27471924
2d,1,Left Ankle,4569797,1779734544665,-9.24,-1.78,-2.65,-0.6875,1.75,0.125,-0.5307007,0.49719238,-0.62908936,-0.2746582
2d,4,Right Wrist,30572760,1779734544668,6.2493544,-1.6248266,-1.3926228,-1.8849599,8.891111,2.6037278,-144.21555,-38.706654,215.47282,0.0
2d,2,Right Ankle,1611808,1779734544679,-8.248711,2.6132975,3.3188448,-5.3233624,-1.4537598,2.027619,37.840244,62.858013,259.47308,0.0
2d,3,Left Wrist,4369833,1779734544679,13.885752,-8.764612,-3.8835511,-4.5042233,-5.9703007,44.769222,-109.182724,-56.061962,334.48166,0.0
2d,1,Left Ankle,4569817,1779734544696,-9.21,-1.82,-2.65,-0.5,1.0625,-0.125,-0.53063965,0.49719238,-0.6291504,-0.27453613
2d,1,Left Ankle,4569844,1779734544727,-9.21,-1.78,-2.67,-0.25,0.875,0.0,-0.53063965,0.49719238,-0.6291504,-0.27453613
2d,1,Left Ankle,4569857,1779734544728,-9.23,-1.77,-2.67,-0.3125,-0.25,-0.375,-0.53063965,0.49719238,-0.6291504,-0.27453613
2d,4,Right Wrist,30572821,1779734544729,6.359424,-1.699004,-1.5170496,-2.30496,6.721112,1.3437278,-144.20586,-38.759865,215.46489,0.0
2d,2,Right Ankle,1611898,1779734544738,-8.310925,2.646797,3.3188448,-7.0733624,-0.89375985,2.3076189,37.96589,62.872276,259.5873,0.0
2d,3,Left Wrist,4369893,1779734544739,15.242481,-9.647564,-3.2159536,4.7357764,-14.7903,50.019222,-109.09426,-56.070087,334.40918,0.0
2d,1,Left Ankle,4569877,1779734544755,-9.08,-1.82,-2.79,-0.25,0.125,-0.375,-0.53063965,0.49719238,-0.6291504,-0.27453613
2d,1,Left Ankle,4569897,1779734544766,-9.14,-1.72,-2.93,0.4375,-0.875,-0.6875,-0.5307007,0.49719238,-0.62908936,-0.27453613
2d,1,Left Ankle,4569917,1779734544788,-9.11,-1.76,-2.87,0.875,-2.125,-0.5,-0.5309448,0.49713135,-0.62890625,-0.27459717
2d,1,Left Ankle,4569937,1779734544788,-9.03,-1.75,-2.77,1.125,-1.9375,-0.5,-0.53125,0.49694824,-0.6287842,-0.2746582
2d,4,Right Wrist,30572880,1779734544789,6.318746,-1.6415765,-1.4213367,-4.12496,6.371112,3.513728,-144.19633,-38.812214,215.45622,0.0
2d,3,Left Wrist,4369954,1779734544799,15.855044,-9.326926,-2.4693928,16.145777,-15.4203005,61.429222,-109.019745,-56.092484,334.35095,0.0
2d,1,Left Ankle,4569957,1779734544819,-9.27,-1.82,-2.51,1.1875,-2.3125,-0.0625,-0.5316162,0.4967041,-0.6286621,-0.27471924
2d,2,Right Ankle,1611958,1779734544823,-8.351603,2.6444042,3.2159536,-6.513362,-2.0137596,2.097619,38.051147,62.909992,259.6653,0.0
2d,1,Left Ankle,4569977,1779734544852,-9.26,-1.8,-2.43,0.6875,-1.0,-0.0625,-0.5317993,0.49658203,-0.62854004,-0.27471924
2d,4,Right Wrist,30572941,1779734544863,6.36421,-1.529114,-1.4500505,-2.6549602,6.4411116,0.36372805,-144.18898,-38.865685,215.44994,0.0
2d,3,Left Wrist,4370013,1779734544863,16.63989,-8.549258,-2.6153553,67.38577,-5.620301,68.21922,-108.967155,-56.13651,334.32352,0.0
2d,2,Right Ankle,1612018,1779734544891,-8.2702465,2.6300473,3.2949166,-7.143362,-2.0137596,2.167619,38.17246,62.926937,259.7756,0.0
2d,1,Left Ankle,4570003,1779734544905,-9.23,-1.85,-2.47,0.4375,0.5,0.0625,-0.5317993,0.49658203,-0.62854004,-0.27471924
2d,1,Left Ankle,4570021,1779734544906,-9.21,-1.78,-2.58,0.25,0.0,0.4375,-0.5319824,0.496521,-0.628479,-0.27478027
2d,4,Right Wrist,30573000,1779734544908,6.189534,-1.6128625,-1.5026926,-7.83496,3.9911118,-1.2462718,-144.18309,-38.91897,215.44417,0.0
2d,3,Left Wrist,4370073,1779734544922,17.537199,-8.020445,-2.2899313,194.92577,-5.5503006,62.47922,-108.87261,-56.182117,334.29858,0.0
2d,1,Left Ankle,4570043,1779734544939,-9.19,-1.76,-2.72,0.25,-0.375,0.0,-0.53204346,0.49645996,-0.62841797,-0.2748413
2d,1,Left Ankle,4570062,1779734544939,-8.99,-1.79,-2.83,0.625,-0.375,0.125,-0.5321045,0.49645996,-0.62841797,-0.27478027
2d,1,Left Ankle,4570081,1779734544939,-9.15,-1.78,-2.88,1.125,-1.8125,0.5625,-0.5322876,0.4963379,-0.62835693,-0.27478027
2d,2,Right Ankle,1612108,1779734544944,-8.296568,2.6683323,3.321238,-5.1133623,-2.4337597,1.887619,38.317986,62.89985,259.90677,0.0
2d,4,Right Wrist,30573061,1779734544971,6.0866427,-1.4214369,-1.4931213,-7.83496,-0.13888836,-4.326272,-144.1814,-38.972298,215.44235,0.0
2d,1,Left Ankle,4570105,1779734544970,-9.29,-1.73,-2.75,1.5,-3.4375,0.4375,-0.532959,0.49591064,-0.6279907,-0.2750244
2d,3,Left Wrist,4370133,1779734544977,17.994228,-11.250756,1.0408778,313.50577,5.5796995,48.969223,-108.665695,-56.181564,334.21353,0.0
2d,1,Left Ankle,4570125,1779734544997,-9.12,-1.8,-2.64,1.5,-3.4375,0.0,-0.5335083,0.49560547,-0.6277466,-0.27514648
2d,2,Right Ankle,1612168,1779734545002,-8.368352,2.6013334,3.464807,-6.513362,-3.2037597,2.7976189,38.19823,62.876442,259.80222,0.0
2d,1,Left Ankle,4570145,1779734545031,-9.25,-1.81,-2.56,1.625,-3.5625,0.4375,-0.53375244,0.4954834,-0.6276245,-0.27520752
2d,1,Left Ankle,4570167,1779734545032,-9.25,-1.82,-2.54,1.5,-2.8125,0.125,-0.53448486,0.49499512,-0.6272583,-0.27539062
2d,4,Right Wrist,30573121,1779734545032,6.043572,-1.0098715,-1.3567305,-7.83496,-0.2788887,-11.606272,-144.18637,-39.027187,215.44635,0.0
2d,3,Left Wrist,4370193,1779734545037,17.185453,-17.335703,2.8163521,212.63577,-2.8203006,68.70922,-108.49235,-56.13831,334.12747,0.0
2d,1,Left Ankle,4570184,1779734545055,-9.19,-1.8,-2.57,1.4375,-3.0,0.1875,-0.53497314,0.49475098,-0.62701416,-0.2755127
2d,2,Right Ankle,1612228,1779734545062,-8.423388,2.5439057,3.4887354,-5.463362,-0.8237598,4.337619,38.05754,62.8752,259.67914,0.0
2d,1,Left Ankle,4570208,1779734545090,-9.22,-1.82,-2.39,0.25,-3.1875,-0.25,-0.5354614,0.49450684,-0.62664795,-0.27575684
2d,1,Left Ankle,4570228,1779734545092,-9.5,-1.79,-2.26,-0.6875,-3.75,-0.6875,-0.53619385,0.49420166,-0.6260376,-0.27624512
2d,4,Right Wrist,30573181,1779734545092,5.7229333,-1.0481565,-1.3830514,-3.91496,-1.2588882,-16.926271,-144.19102,-39.08332,215.45235,0.0
2d,3,Left Wrist,4370253,1779734545098,11.667604,-14.842382,5.070391,89.715775,-27.320301,75.42922,-108.378105,-56.091316,334.05905,0.0
2d,1,Left Ankle,4570247,1779734545115,-9.45,-1.87,-2.17,-0.875,-3.125,-1.25,-0.53704834,0.49401855,-0.6253052,-0.2767334
2d,2,Right Ankle,1612289,1779734545122,-8.456887,2.6228688,3.4911284,-5.183362,2.9562402,6.717619,37.938988,62.855404,259.5764,0.0
2d,1,Left Ankle,4570270,1779734545148,-9.36,-1.81,-2.05,-2.1875,0.0,-1.5,-0.5377197,0.49389648,-0.6245117,-0.27722168
2d,1,Left Ankle,4570289,1779734545148,-9.16,-1.8,-2.3,-2.0625,3.4375,-1.3125,-0.53759766,0.4942627,-0.6243286,-0.2772827
2d,4,Right Wrist,30573241,1779734545148,5.4381876,-1.1989042,-1.7802601,4.20504,-6.6488876,-22.806273,-144.19765,-39.141647,215.46352,0.0
2d,3,Left Wrist,4370313,1779734545168,5.948759,-5.840584,5.876773,-12.764223,29.169699,83.61922,-108.2781,-56.06823,333.96182,0.0
2d,1,Left Ankle,4570305,1779734545186,-8.72,-1.94,-3.0,-0.0625,2.3125,1.5,-0.53723145,0.49438477,-0.6246338,-0.2770996
2d,2,Right Ankle,1612348,1779734545186,-8.401852,2.606119,3.0436704,-4.973362,2.6762402,10.49762,38.012756,62.90002,259.64517,0.0
2d,1,Left Ankle,4570330,1779734545214,-8.79,-1.77,-2.8,-0.4375,-0.5625,2.6875,-0.53704834,0.4940796,-0.6248779,-0.2774048
2d,4,Right Wrist,30573300,1779734545215,5.440581,-1.2611177,-2.498107,-15.39496,4.201112,-28.96627,-144.22261,-39.208294,215.48161,0.0
2d,1,Left Ankle,4570349,1779734545215,-9.11,-1.74,-2.94,0.8125,-0.9375,1.875,-0.53704834,0.49383545,-0.625,-0.2775879
2d,3,Left Wrist,4370374,1779734545224,6.7982106,-7.8553395,3.3020952,-4.8542233,64.8697,61.84922,-108.15355,-56.041836,333.8413,0.0
2d,1,Left Ankle,4570365,1779734545235,-9.24,-1.84,-2.75,1.25,-5.125,1.8125,-0.5374756,0.49334717,-0.6248779,-0.2779541
2d,1,Left Ankle,4570385,1779734545236,-9.7,-1.67,-2.46,1.6875,-4.125,1.8125,-0.5380249,0.49273682,-0.6246948,-0.2783203
2d,2,Right Ankle,1612409,1779734545242,-8.531064,2.917186,3.1896327,-2.5233622,9.25624,13.50762,38.157467,62.908722,259.77737,0.0
2d,1,Left Ankle,4570405,1779734545265,-9.3,-1.76,-2.24,1.125,-1.625,1.1875,-0.5383301,0.49243164,-0.6246338,-0.27850342
2d,4,Right Wrist,30573361,1779734545268,5.600899,0.5406781,-1.8592231,23.035042,3.5711117,-33.30627,-144.25078,-39.269043,215.51125,0.0
2d,3,Left Wrist,4370433,1779734545278,10.552549,-6.8144627,-0.53599226,-26.484224,-2.7503006,69.409225,-108.062614,-56.030502,333.75452,0.0
2d,1,Left Ankle,4570427,1779734545297,-8.93,-1.84,-2.63,1.125,0.0,2.0,-0.5383301,0.49212646,-0.6248169,-0.27856445
2d,2,Right Ankle,1612468,1779734545304,-8.495172,2.943507,3.1513476,-6.933362,14.3662405,11.967619,38.303673,62.917347,259.91263,0.0
2d,1,Left Ankle,4570451,1779734545327,-9.14,-1.76,-2.81,1.0625,-2.9375,2.5625,-0.5385742,0.49163818,-0.6248779,-0.27886963
2d,1,Left Ankle,4570470,1779734545329,-9.55,-1.57,-2.8,1.625,-3.25,0.25,-0.53900146,0.49127197,-0.6246948,-0.27905273
2d,4,Right Wrist,30573420,1779734545330,4.1484566,-2.6369905,-1.387837,-25.824959,13.861112,-33.02627,-144.22206,-39.317936,215.49242,0.0
2d,3,Left Wrist,4370494,1779734545341,11.57907,-7.7093773,4.031906,-83.394226,-19.5503,64.019226,-108.008965,-56.017673,333.6856,0.0
2d,1,Left Ankle,4570488,1779734545355,-9.13,-1.77,-2.39,1.125,-1.625,-0.125,-0.5393677,0.49108887,-0.6245117,-0.27911377
2d,2,Right Ankle,1612529,1779734545362,-7.751004,2.9650424,3.1728828,-5.3233624,11.77624,7.347619,38.43388,62.86827,260.03226,0.0
2d,1,Left Ankle,4570513,1779734545388,-9.37,-1.76,-2.65,1.25,-0.875,0.3125,-0.5395508,0.49090576,-0.6245117,-0.27905273
2d,1,Left Ankle,4570530,1779734545388,-9.23,-1.74,-2.51,2.0,-1.875,0.25,-0.53985596,0.4906006,-0.6245117,-0.27893066
2d,4,Right Wrist,30573481,1779734545389,4.7538404,-0.7753747,-0.45224345,-10.84496,22.961113,-21.126272,-144.21967,-39.377155,215.4895,0.0
2d,3,Left Wrist,4370553,1779734545405,12.452451,-13.296618,5.4029937,-33.554222,-20.0403,69.12922,-107.93437,-55.98149,333.61362,0.0
2d,1,Left Ankle,4570556,1779734545415,-9.11,-1.72,-2.58,2.0625,-1.0625,0.1875,-0.5402832,0.49023438,-0.6245117,-0.27874756
2d,2,Right Ankle,1612588,1779734545422,-8.174534,3.053577,2.76371,-8.613362,5.26624,3.2876189,38.568687,62.879078,260.15585,0.0
2d,1,Left Ankle,4570575,1779734545448,-9.17,-1.87,-2.34,1.75,-2.5,0.6875,-0.54052734,0.49005127,-0.6244507,-0.2788086
2d,4,Right Wrist,30573541,1779734545450,4.8926244,-1.699004,-1.68694,-11.61496,25.551111,-8.386271,-144.2095,-39.439663,215.47827,0.0
2d,3,Left Wrist,4370613,1779734545464,12.914266,-7.898411,4.0869412,-106.144226,-11.640301,68.009224,-107.88573,-55.972187,333.54062,0.0
2d,1,Left Ankle,4570595,1779734545481,-9.56,-1.66,-2.44,1.4375,-2.9375,1.0,-0.54119873,0.48950195,-0.62420654,-0.27905273
2d,1,Left Ankle,4570617,1779734545482,-9.3,-1.74,-2.34,1.25,-2.1875,0.1875,-0.54156494,0.4892578,-0.62402344,-0.2791748
2d,2,Right Ankle,1612648,1779734545489,-8.380316,2.9770067,2.8235307,-7.493362,-1.4537598,0.97761893,38.687904,62.898354,260.26428,0.0
2d,1,Left Ankle,4570635,1779734545508,-9.16,-1.75,-2.45,1.1875,-0.625,-0.1875,-0.54174805,0.4890747,-0.62402344,-0.27911377
2d,4,Right Wrist,30573601,1779734545509,4.6054854,-0.68444765,-1.3950156,-15.74496,10.431111,-2.2262719,-144.22098,-39.49833,215.48093,0.0
2d,3,Left Wrist,4370673,1779734545523,12.306489,-12.794126,3.4743786,-58.754223,1.6596994,60.519222,-107.808685,-55.936565,333.45584,0.0
2d,1,Left Ankle,4570660,1779734545535,-9.29,-1.78,-2.53,1.3125,-1.9375,-0.25,-0.5419922,0.4888916,-0.6239624,-0.27911377
2d,1,Left Ankle,4570676,1779734545537,-9.22,-1.8,-2.39,1.1875,-3.375,-0.4375,-0.54241943,0.48864746,-0.62371826,-0.27923584
2d,2,Right Ankle,1612708,1779734545550,-8.380316,3.0009348,2.8689942,-5.743362,-4.46376,0.13761902,38.810684,62.913242,260.37494,0.0
2d,1,Left Ankle,4570697,1779734545572,-9.18,-1.77,-2.48,1.1875,-3.125,0.0625,-0.54278564,0.48840332,-0.62353516,-0.2793579
2d,4,Right Wrist,30573661,1779734545572,4.162813,-0.6892331,-0.85902333,-12.87496,8.751112,14.573729,-144.21907,-39.549923,215.47227,0.0
2d,3,Left Wrist,4370733,1779734545578,12.1485615,-10.693227,-0.31106696,-54.62422,2.9896994,43.22922,-107.72923,-55.893425,333.3711,0.0
2d,1,Left Ankle,4570718,1779734545597,-9.47,-1.7,-2.38,1.125,-3.5625,0.0625,-0.5432129,0.48809814,-0.623291,-0.27960205
2d,1,Left Ankle,4570734,1779734545598,-9.38,-1.76,-2.32,1.375,-3.625,-0.75,-0.54382324,0.487854,-0.6229248,-0.2796631
2d,2,Right Ankle,1612768,1779734545607,-8.272639,3.036827,2.9838498,-5.743362,-4.1137595,-1.122381,38.94792,62.91258,260.49835,0.0
2d,1,Left Ankle,4570763,1779734545628,-9.24,-1.86,-2.01,0.75,-2.0625,0.0625,-0.5441284,0.4876709,-0.6227417,-0.27978516
2d,4,Right Wrist,30573721,1779734545629,4.191527,-0.7753747,-0.65324056,8.54504,8.961112,17.303728,-144.20433,-39.599117,215.4596,0.0
2d,3,Left Wrist,4370793,1779734545639,10.88276,-12.411274,0.25842485,-216.04422,-3.8703008,88.09922,-107.71207,-55.82296,333.2899,0.0
2d,1,Left Ankle,4570784,1779734545655,-9.48,-1.74,-2.19,0.3125,0.1875,0.375,-0.54418945,0.48760986,-0.62268066,-0.2798462
2d,2,Right Ankle,1612829,1779734545665,-8.373137,2.8071163,2.914458,-8.053362,-3.9737597,-1.7523808,39.047306,62.942215,260.58875,0.0
2d,1,Left Ankle,4570807,1779734545688,-9.28,-1.78,-2.3,0.1875,-2.0,-0.625,-0.5444336,0.48754883,-0.62249756,-0.27996826
2d,1,Left Ankle,4570829,1779734545689,-9.14,-1.8,-2.55,0.4375,-2.5625,-0.625,-0.54473877,0.48742676,-0.6221924,-0.28015137
2d,4,Right Wrist,30573781,1779734545689,4.7897325,0.2152537,-1.2921243,-6.01496,18.481112,13.943728,-144.2207,-39.65458,215.46275,0.0
2d,3,Left Wrist,4370853,1779734545697,9.839489,-7.7691984,-1.3184452,-29.424223,-46.990303,68.91922,-107.64759,-55.754055,333.23273,0.0
2d,1,Left Ankle,4570848,1779734545716,-9.47,-1.73,-2.36,-0.1875,-3.0,-0.6875,-0.545105,0.4873047,-0.6218872,-0.2803955
2d,2,Right Ankle,1612888,1779734545722,-8.392281,2.8717222,3.1202407,-8.333363,-1.2437598,-1.2623811,39.175003,62.953056,260.70477,0.0
2d,1,Left Ankle,4570870,1779734545747,-9.19,-1.89,-2.12,0.0625,-0.75,0.5625,-0.5452881,0.48724365,-0.62176514,-0.28051758
2d,1,Left Ankle,4570883,1779734545747,-9.31,-1.8,-2.04,-0.5,0.1875,1.25,-0.54522705,0.48718262,-0.62176514,-0.2805786
2d,4,Right Wrist,30573840,1779734545748,4.5097723,-1.4381863,-1.7228323,-7.7649603,7.4211116,9.673728,-144.21423,-39.71057,215.4536,0.0
2d,3,Left Wrist,4370914,1779734545758,11.473786,-6.98196,0.4953143,77.185776,-38.380302,38.11922,-107.54995,-55.75689,333.1792,0.0
2d,1,Left Ankle,4570907,1779734545781,-9.39,-1.75,-2.44,-0.9375,2.0,0.5625,-0.5447998,0.4873047,-0.62213135,-0.2805786
2d,2,Right Ankle,1612949,1779734545783,-8.432959,2.7712238,2.9024937,-8.333363,-0.89375985,-0.14238095,39.264645,62.989235,260.7871,0.0
2d,1,Left Ankle,4570930,1779734545806,-9.36,-1.74,-2.47,-1.0,1.5625,0.4375,-0.5446167,0.48742676,-0.6221924,-0.2805786
2d,1,Left Ankle,4570947,1779734545807,-9.05,-1.82,-2.43,-0.5625,-2.1875,0.4375,-0.54473877,0.48736572,-0.6220093,-0.28070068
2d,4,Right Wrist,30573901,1779734545815,4.519344,-0.0024935703,-0.91166544,-10.84496,1.961112,10.933728,-144.2271,-39.760994,215.45673,0.0
2d,3,Left Wrist,4370973,1779734545818,10.495121,-11.274684,-0.41874397,-89.41423,9.639699,23.20922,-107.49446,-55.704742,333.10437,0.0
2d,1,Left Ankle,4570965,1779734545840,-9.55,-1.71,-2.29,-0.75,-2.375,0.9375,-0.54486084,0.48724365,-0.6218872,-0.28100586
2d,2,Right Ankle,1613008,1779734545847,-8.401852,2.780795,2.9862425,-6.8633623,-6.7037597,2.937619,39.36147,63.01935,260.8752,0.0
2d,1,Left Ankle,4570984,1779734545866,-9.42,-1.72,-2.34,-0.4375,0.1875,0.4375,-0.5447998,0.48724365,-0.62194824,-0.28100586
2d,1,Left Ankle,4571006,1779734545872,-9.15,-1.81,-2.45,-0.5,2.0,0.25,-0.54455566,0.48736572,-0.62213135,-0.2808838
2d,4,Right Wrist,30573960,1779734545872,4.213063,-2.3666017,-1.0911272,9.17504,10.991112,24.093729,-144.17851,-39.79967,215.42072,0.0
2d,3,Left Wrist,4371034,1779734545878,8.966108,-10.298412,0.7298109,-38.594223,41.1397,67.37922,-107.394936,-55.651165,332.99933,0.0
2d,1,Left Ankle,4571026,1779734545898,-9.39,-1.74,-2.47,-0.625,0.125,0.75,-0.5444336,0.48736572,-0.6221924,-0.2808838
2d,2,Right Ankle,1613068,1779734545907,-8.361174,2.8525796,3.211168,-5.8833623,-8.31376,2.097619,39.50387,63.004124,261.00336,0.0
2d,1,Left Ankle,4571053,1779734545930,-9.13,-1.71,-2.49,0.0,-0.9375,0.0,-0.5444946,0.48736572,-0.62213135,-0.28094482
2d,4,Right Wrist,30574021,1779734545930,4.8160534,-0.016849428,-0.40917268,-63.62496,40.95111,25.563728,-144.19188,-39.855057,215.40306,0.0
2d,1,Left Ankle,4571071,1779734545930,-9.07,-1.79,-2.64,0.3125,-0.875,0.0,-0.5444946,0.48736572,-0.62213135,-0.28094482
2d,3,Left Wrist,4371093,1779734545941,8.317653,-17.876482,2.9503503,106.37577,-0.9303007,72.62922,-107.27763,-55.585083,332.9291,0.0
2d,1,Left Ankle,4571090,1779734545954,-9.22,-1.75,-2.67,1.125,-2.6875,-0.125,-0.54467773,0.48724365,-0.6220703,-0.28100586
2d,2,Right Ankle,1613128,1779734545965,-8.167355,2.780795,3.5150564,-3.573362,-1.6637598,-0.352381,39.46358,62.94898,260.96835,0.0
2d,1,Left Ankle,4571108,1779734545987,-9.16,-1.8,-2.5,1.0625,-5.9375,0.625,-0.54522705,0.48693848,-0.6217041,-0.28125
2d,1,Left Ankle,4571133,1779734545991,-9.42,-1.69,-2.25,0.75,-5.6875,0.5,-0.54589844,0.48651123,-0.62127686,-0.28167725
2d,4,Right Wrist,30574081,1779734545991,5.0361934,-0.37577334,-0.016749758,43.89504,17.991112,24.373728,-144.16287,-39.901604,215.38617,0.0
2d,3,Left Wrist,4371153,1779734545999,15.548763,-3.4764748,-2.37368,-42.304222,-13.4603,43.649223,-107.32109,-55.64092,332.95276,0.0
2d,1,Left Ankle,4571150,1779734546016,-9.42,-1.83,-2.12,0.5,-5.6875,-0.375,-0.54644775,0.4862671,-0.62072754,-0.28216553
2d,2,Right Ankle,1613188,1779734546024,-8.25589,2.8262587,3.2231321,-4.343362,8.34624,-4.692381,39.60833,62.92178,261.09888,0.0
2d,1,Left Ankle,4571170,1779734546047,-9.33,-1.8,-1.95,0.8125,-5.1875,0.375,-0.54711914,0.48590088,-0.6203003,-0.2824707
2d,1,Left Ankle,4571192,1779734546049,-9.48,-1.77,-1.95,0.0625,-3.9375,0.4375,-0.5475464,0.48571777,-0.61987305,-0.2828369
2d,4,Right Wrist,30574141,1779734546055,5.9430733,-0.27288172,-1.4380864,25.20504,-1.6088886,-8.246272,-144.16798,-39.956318,215.39714,0.0
2d,3,Left Wrist,4371213,1779734546058,13.828323,-14.897417,-0.26321048,-6.5342236,-19.2003,29.999222,-107.24854,-55.585873,332.89282,0.0
2d,1,Left Ankle,4571208,1779734546081,-9.43,-1.72,-2.24,-0.0625,-2.125,0.1875,-0.54785156,0.48553467,-0.6196289,-0.28308105
2d,2,Right Ankle,1613249,1779734546088,-8.22239,2.6372256,2.7421746,-5.6733623,4.42624,-4.202381,39.68135,62.96791,261.16562,0.0
2d,1,Left Ankle,4571228,1779734546107,-9.37,-1.76,-2.29,0.0,-1.5625,-0.6875,-0.5480957,0.48547363,-0.6194458,-0.28320312
2d,1,Left Ankle,4571253,1779734546108,-9.38,-1.74,-2.21,0.1875,-1.8125,-0.9375,-0.5482788,0.48547363,-0.61920166,-0.28326416
2d,4,Right Wrist,30574201,1779734546108,5.0218363,-2.6298125,-1.4021941,8.68504,-8.258888,-16.226273,-144.13565,-40.000313,215.38313,0.0
2d,3,Left Wrist,4371273,1779734546118,12.081563,-8.55883,-0.6939185,192.40578,-20.8103,-3.4607773,-107.09822,-55.582405,332.8284,0.0
2d,1,Left Ankle,4571268,1779734546139,-9.3,-1.78,-2.08,0.1875,-1.875,-0.8125,-0.548584,0.48547363,-0.6188965,-0.28338623
2d,2,Right Ankle,1613308,1779734546146,-8.610027,2.7281528,2.7469604,-7.4233623,-2.15376,-2.172381,39.748848,63.013115,261.22757,0.0
2d,1,Left Ankle,4571288,1779734546165,-9.39,-1.82,-2.01,-0.125,-1.25,-0.4375,-0.54888916,0.48535156,-0.61865234,-0.28356934
2d,1,Left Ankle,4571308,1779734546166,-9.46,-1.75,-2.04,-0.125,-0.875,-0.375,-0.5491333,0.48516846,-0.61846924,-0.28375244
2d,4,Right Wrist,30574261,1779734546173,4.58395,-1.4860429,-2.012364,-24.49496,6.2311115,-3.416272,-144.14294,-40.060863,215.38208,0.0
2d,3,Left Wrist,4371333,1779734546178,10.846867,-7.7883415,5.659025,367.82578,13.769699,-7.24078,-106.88465,-55.5941,332.75598,0.0
2d,1,Left Ankle,4571328,1779734546200,-9.46,-1.8,-2.05,-0.4375,0.4375,-0.6875,-0.5493164,0.48510742,-0.61834717,-0.28381348
2d,2,Right Ankle,1613369,1779734546207,-8.741632,2.498442,2.7732813,-6.793362,-7.5437593,0.6276189,39.772842,63.068832,261.2504,0.0
2d,1,Left Ankle,4571354,1779734546231,-9.36,-1.81,-2.07,-0.6875,0.3125,-0.75,-0.5494995,0.48516846,-0.618103,-0.2838745
2d,1,Left Ankle,4571371,1779734546231,-9.09,-1.87,-2.04,-0.875,1.25,-0.125,-0.5494385,0.4852295,-0.618103,-0.2838745
2d,4,Right Wrist,30574321,1779734546231,5.955037,-1.3544378,-1.105484,-50.04496,3.7811117,5.403728,-144.1499,-40.11148,215.37355,0.0
2d,3,Left Wrist,4371393,1779734546240,13.818752,-15.935903,4.479364,103.99577,20.6297,-40.21078,-106.75966,-55.589752,332.68124,0.0
2d,1,Left Ankle,4571394,1779734546255,-9.47,-1.7,-2.13,-1.1875,2.1875,0.5625,-0.5492554,0.48535156,-0.61816406,-0.2838745
2d,2,Right Ankle,1613428,1779734546263,-8.033357,2.620476,2.9216366,-5.393362,-7.61376,1.397619,39.85589,63.105164,261.32553,0.0
2d,1,Left Ankle,4571414,1779734546287,-9.29,-1.78,-2.16,-1.5625,3.1875,0.1875,-0.54888916,0.4855957,-0.61834717,-0.2838745
2d,1,Left Ankle,4571430,1779734546289,-9.37,-1.79,-2.21,-1.5,3.3125,0.125,-0.5484619,0.48590088,-0.6185303,-0.28375244
2d,4,Right Wrist,30574380,1779734546289,6.3426747,-1.7707887,-0.27517462,-92.39496,-15.188889,6.313728,-144.16481,-40.150665,215.36337,0.0
2d,3,Left Wrist,4371454,1779734546311,10.042879,-17.321346,7.625926,56.115776,9.149699,47.219223,-106.6511,-55.552757,332.60345,0.0
2d,1,Left Ankle,4571454,1779734546315,-9.43,-1.8,-2.07,-1.1875,3.0,0.375,-0.5479126,0.4862671,-0.6187744,-0.28363037
2d,2,Right Ankle,1613489,1779734546325,-8.547813,2.6539755,2.9192436,-7.493362,-17.13376,4.687619,39.90202,63.150784,261.36783,0.0
2d,1,Left Ankle,4571477,1779734546349,-9.29,-1.78,-2.21,-1.25,5.1875,0.3125,-0.54730225,0.48657227,-0.61920166,-0.2833252
2d,1,Left Ankle,4571495,1779734546349,-9.23,-1.76,-2.29,-1.5625,4.8125,0.0,-0.5466919,0.4869995,-0.6195679,-0.28308105
2d,4,Right Wrist,30574441,1779734546349,5.8138604,-0.26091772,-0.21296123,-116.33496,-34.36889,41.733727,-144.20012,-40.18006,215.3563,0.0
2d,3,Left Wrist,4371513,1779734546358,8.693327,-16.919352,4.534399,-192.24423,27.2797,155.22922,-106.60828,-55.46984,332.49884,0.0
2d,1,Left Ankle,4571516,1779734546375,-9.29,-1.73,-2.59,-0.875,2.9375,0.1875,-0.5462036,0.48724365,-0.61987305,-0.28289795
2d,2,Right Ankle,1613548,1779734546383,-8.313317,2.6491897,3.2303107,-4.763362,-20.983759,3.637619,39.756153,63.18664,261.23746,0.0
2d,1,Left Ankle,4571540,1779734546407,-9.16,-1.73,-2.64,-0.4375,1.125,-0.4375,-0.5460205,0.48736572,-0.6199951,-0.2828369
2d,4,Right Wrist,30574500,1779734546409,4.390131,-1.4692934,1.591227,-117.03496,-15.958889,48.663727,-144.20642,-40.199203,215.32594,0.0
2d,3,Left Wrist,4371574,1779734546418,10.279768,-7.4533463,3.4432719,-131.76422,21.6097,183.22923,-106.53415,-55.41718,332.3854,0.0
2d,1,Left Ankle,4571561,1779734546441,-9.19,-1.73,-2.63,0.75,-0.5,0.375,-0.5460205,0.4873047,-0.6199951,-0.28277588
2d,1,Left Ankle,4571581,1779734546441,-9.32,-1.69,-2.55,1.25,-2.25,-0.4375,-0.54626465,0.48712158,-0.6199341,-0.28277588
2d,2,Right Ankle,1613608,1779734546442,-8.150605,2.9339359,3.6897326,-5.3233624,-22.03376,-0.352381,39.719383,63.12329,261.20404,0.0
2d,1,Left Ankle,4571596,1779734546465,-9.16,-1.71,-2.41,1.5625,-3.0,-0.5625,-0.54663086,0.48687744,-0.619751,-0.2828369
2d,4,Right Wrist,30574561,1779734546474,4.1412783,0.8924223,2.3377876,-202.99496,31.361113,-13.566273,-144.26907,-40.244915,215.3187,0.0
2d,3,Left Wrist,4371633,1779734546478,9.152748,-4.120144,4.2113676,-128.61423,26.649698,138.91922,-106.47525,-55.395935,332.28702,0.0
2d,1,Left Ankle,4571620,1779734546499,-9.32,-1.75,-2.3,1.25,-3.625,-0.1875,-0.54711914,0.48657227,-0.61950684,-0.28302002
2d,1,Left Ankle,4571640,1779734546499,-9.31,-1.82,-2.28,0.9375,-4.8125,-0.5,-0.54766846,0.4862671,-0.6191406,-0.28326416
2d,1,Left Ankle,4571656,1779734546524,-9.4,-1.76,-2.19,0.75,-5.0625,-0.75,-0.54833984,0.48602295,-0.61865234,-0.28356934
2d,4,Right Wrist,30574621,1779734546531,6.2326045,-2.1105695,4.4554358,-6.92496,19.041111,-21.476273,-144.24811,-40.282833,215.30525,0.0
2d,2,Right Ankle,1613668,1779734546533,-8.224783,2.6252615,3.7328033,-5.183362,-16.22376,-3.5023808,39.619854,63.08246,261.11487,0.0
2d,3,Left Wrist,4371693,1779734546538,9.265211,-13.978574,2.091327,-40.274223,36.0997,113.439224,-106.37982,-55.32333,332.18372,0.0
2d,1,Left Ankle,4571681,1779734546557,-9.22,-1.83,-2.15,0.8125,-4.1875,0.0625,-0.54888916,0.48571777,-0.6182251,-0.2838745
2d,1,Left Ankle,4571698,1779734546559,-9.5,-1.72,-2.22,0.875,-3.5,0.75,-0.54937744,0.48535156,-0.61798096,-0.2841797
2d,1,Left Ankle,4571723,1779734546589,-9.48,-1.69,-2.14,0.6875,-3.125,0.0625,-0.5498047,0.48510742,-0.6176758,-0.28442383
2d,4,Right Wrist,30574681,1779734546589,5.5889354,-6.4439716,4.594219,-84.55496,15.891111,25.703728,-144.22717,-40.299057,215.2646,0.0
2d,2,Right Ankle,1613728,1779734546592,-7.9974647,2.6563683,3.8668015,-5.6733623,-7.4737597,-4.692381,39.538635,63.038116,261.04288,0.0
2d,3,Left Wrist,4371753,1779734546597,7.8606243,-10.142879,2.926422,-92.564224,28.539698,113.36922,-106.300446,-55.264675,332.08008,0.0
2d,1,Left Ankle,4571743,1779734546614,-9.46,-1.79,-1.98,0.25,-2.75,-0.5,-0.5501709,0.48492432,-0.6173096,-0.284729
2d,1,Left Ankle,4571758,1779734546616,-9.3,-1.85,-2.13,0.25,-2.5,-0.6875,-0.55059814,0.48480225,-0.61694336,-0.2849121
2d,1,Left Ankle,4571781,1779734546647,-9.28,-1.74,-2.32,0.6875,-2.125,0.1875,-0.5509033,0.48468018,-0.61676025,-0.28503418
2d,4,Right Wrist,30574741,1779734546649,7.0485573,-0.9835504,6.1758757,-95.05496,0.28111172,46.56373,-144.22952,-40.317608,215.23454,0.0
2d,2,Right Ankle,1613819,1779734546652,-8.150605,2.4960492,3.8500516,-6.163362,-1.7337598,-2.7323809,39.434597,63.006638,260.95157,0.0
2d,3,Left Wrist,4371813,1779734546657,8.975679,-12.052351,1.3304094,108.26577,5.3696995,91.59922,-106.17005,-55.19586,331.9979,0.0
2d,1,Left Ankle,4571802,1779734546675,-9.33,-1.74,-2.49,0.8125,-3.4375,-0.0625,-0.5512085,0.48449707,-0.6164551,-0.2852173
2d,1,Left Ankle,4571820,1779734546676,-9.13,-1.77,-2.57,1.1875,-5.875,-0.125,-0.5518799,0.48413086,-0.61602783,-0.28552246
2d,1,Left Ankle,4571838,1779734546706,-9.3,-1.74,-2.54,2.0625,-8.375,-0.125,-0.5527954,0.48358154,-0.6154175,-0.2859497
2d,4,Right Wrist,30574801,1779734546708,5.627221,-0.34705928,7.04447,19.18504,-3.0088882,16.253727,-144.2012,-40.338234,215.2175,0.0
2d,2,Right Ankle,1613878,1779734546712,-8.392281,2.4242644,3.7519457,-4.833362,-1.3837599,-3.362381,39.30644,62.990944,260.83832,0.0
2d,3,Left Wrist,4371874,1779734546717,11.107684,-12.155242,-0.13878371,9.845777,-10.8703,59.81922,-106.08641,-55.13028,331.93082,0.0
2d,1,Left Ankle,4571864,1779734546736,-9.34,-1.78,-2.24,2.8125,-10.6875,-0.6875,-0.5540161,0.48291016,-0.614624,-0.28649902
2d,1,Left Ankle,4571879,1779734546738,-9.29,-1.86,-1.85,2.875,-11.8125,-0.875,-0.555542,0.48217773,-0.6135864,-0.28704834
2d,1,Left Ankle,4571909,1779734546765,-9.74,-1.79,-1.41,1.75,-11.125,-1.0,-0.55755615,0.48132324,-0.6119995,-0.28796387
2d,4,Right Wrist,30574861,1779734546769,6.778168,-2.7829533,4.9459643,23.805038,-4.548888,7.503728,-144.16452,-40.36255,215.19821,0.0
2d,2,Right Ankle,1613938,1779734546773,-8.0453205,2.390765,3.7016966,-3.7833622,-3.5537596,-4.622381,39.190155,62.96571,260.735,0.0
2d,3,Left Wrist,4371933,1779734546783,11.626926,-13.708184,1.9980069,-61.904224,-37.6103,14.669222,-106.041985,-55.09128,331.88303,0.0
2d,1,Left Ankle,4571923,1779734546801,-9.78,-1.87,-1.26,0.375,-8.5625,-2.1875,-0.55804443,0.48120117,-0.61151123,-0.288208
2d,1,Left Ankle,4571941,1779734546801,-9.56,-1.86,-1.28,-0.3125,-3.875,-1.75,-0.5586548,0.48114014,-0.61083984,-0.28845215
2d,1,Left Ankle,4571970,1779734546825,-9.64,-1.85,-1.43,-1.4375,-0.3125,-1.375,-0.559021,0.48138428,-0.6102295,-0.2886963
2d,4,Right Wrist,30574920,1779734546832,6.5245295,-2.9241292,4.9938207,41.30504,-20.928888,8.063728,-144.12358,-40.381306,215.18257,0.0
2d,2,Right Ankle,1613999,1779734546832,-8.260675,2.2615526,3.8285162,-3.573362,-7.2637596,-3.012381,39.057903,62.950413,260.6172,0.0
2d,3,Left Wrist,4371994,1779734546837,8.829717,-9.037395,0.63649076,-48.254223,-17.1003,-32.440777,-105.98675,-55.07044,331.82898,0.0
2d,1,Left Ankle,4571985,1779734546858,-9.41,-1.83,-1.84,-2.1875,4.1875,-0.8125,-0.5585327,0.48187256,-0.61035156,-0.28857422
2d,1,Left Ankle,4572006,1779734546858,-9.34,-1.86,-2.14,-2.0625,3.875,0.125,-0.55792236,0.48223877,-0.61065674,-0.28845215
2d,1,Left Ankle,4572025,1779734546884,-9.31,-1.84,-2.16,-1.0625,4.875,1.5625,-0.557312,0.4824829,-0.611145,-0.28833008
2d,4,Right Wrist,30574981,1779734546890,4.05035,-2.1105695,2.562713,13.305039,-3.2188883,19.683727,-144.08365,-40.403107,215.15596,0.0
2d,2,Right Ankle,1614058,1779734546892,-8.109927,2.2184818,3.8309093,-2.103362,-10.06376,-1.332381,38.92936,62.93126,260.50223,0.0
2d,3,Left Wrist,4372053,1779734546897,3.9722872,-11.121543,0.42831525,9.005776,20.9797,-12.980778,-105.922714,-55.02131,331.77576,0.0
2d,1,Left Ankle,4572046,1779734546917,-9.36,-1.83,-2.05,-1.125,3.8125,1.75,-0.55670166,0.48260498,-0.61157227,-0.28826904
2d,1,Left Ankle,4572071,1779734546945,-9.25,-1.81,-2.01,-1.3125,4.8125,1.5,-0.5560303,0.4827881,-0.6121216,-0.28814697
2d,1,Left Ankle,4572088,1779734546946,-9.32,-1.69,-2.43,-0.6875,3.4375,0.875,-0.5554199,0.4829712,-0.61260986,-0.2880249
2d,4,Right Wrist,30575041,1779734546948,3.0357938,-3.9362931,4.7449675,-62.50496,41.09111,29.693727,-144.05525,-40.423775,215.11058,0.0
2d,2,Right Ankle,1614119,1779734546953,-8.196069,2.3118017,3.991228,-2.3833623,-10.20376,-0.77238107,38.81103,62.904827,260.39648,0.0
2d,3,Left Wrist,4372113,1779734546957,2.6993058,-15.5793705,-1.134198,-79.33423,2.0796995,92.36922,-105.904594,-54.926685,331.73276,0.0
2d,1,Left Ankle,4572114,1779734546975,-9.23,-1.8,-2.58,0.8125,0.3125,0.25,-0.5553589,0.4829712,-0.61273193,-0.28790283
2d,1,Left Ankle,4572131,1779734547007,-9.2,-1.82,-2.25,1.875,-2.125,1.875,-0.555542,0.48260498,-0.612854,-0.28796387
2d,1,Left Ankle,4572154,1779734547008,-9.43,-1.65,-2.27,2.25,-2.8125,1.375,-0.5560913,0.48187256,-0.61279297,-0.28814697
2d,4,Right Wrist,30575101,1779734547009,4.641378,-2.620241,7.173682,-179.12495,85.12112,0.923728,-144.07607,-40.46786,215.07004,0.0
2d,2,Right Ankle,1614178,1779734547012,-8.136249,2.2328386,4.2161536,-0.77336216,-8.873759,-0.91238093,38.69736,62.87696,260.29456,0.0
2d,3,Left Wrist,4372173,1779734547017,4.197212,-11.497216,-1.7778672,-25.294224,-12.410301,160.26923,-105.87267,-54.801605,331.693,0.0
2d,1,Left Ankle,4572171,1779734547042,-9.33,-1.87,-1.9,2.25,-3.6875,0.1875,-0.5563965,0.48168945,-0.6126709,-0.288208
2d,1,Left Ankle,4572188,1779734547066,-9.58,-1.78,-1.68,2.0,-4.4375,0.3125,-0.55700684,0.4812622,-0.6123657,-0.28833008
2d,1,Left Ankle,4572208,1779734547066,-9.58,-1.84,-1.45,0.6875,-3.375,-0.0625,-0.5574951,0.48101807,-0.61206055,-0.28851318
2d,4,Right Wrist,30575161,1779734547068,9.324131,2.0194426,6.7645097,64.33504,55.721115,-12.376272,-144.03833,-40.517815,215.05408,0.0
2d,2,Right Ankle,1614239,1779734547072,-8.066856,2.271124,4.146762,-0.2833619,-4.9537597,-0.28238106,38.588905,62.848076,260.1976,0.0
2d,3,Left Wrist,4372233,1779734547077,7.6237345,-11.226827,1.4979069,-27.394224,4.4596996,126.31923,-105.78855,-54.720493,331.60867,0.0
2d,1,Left Ankle,4572228,1779734547100,-9.27,-1.91,-1.66,0.125,0.25,-0.0625,-0.55755615,0.48095703,-0.6119385,-0.28857422
2d,1,Left Ankle,4572250,1779734547125,-9.47,-1.82,-2.04,-0.0625,1.125,0.4375,-0.5574341,0.48101807,-0.61206055,-0.28851318
2d,1,Left Ankle,4572273,1779734547126,-9.35,-1.69,-2.18,0.4375,-0.625,0.125,-0.5574951,0.48101807,-0.61206055,-0.28851318
2d,4,Right Wrist,30575221,1779734547129,8.199505,-7.771988,3.5437703,74.62504,-2.9388885,-18.956272,-143.97305,-40.541508,215.03314,0.0
2d,2,Right Ankle,1614298,1779734547132,-8.416209,2.2687309,4.194618,-5.463362,1.6962402,1.327619,38.472137,62.827057,260.09573,0.0
2d,3,Left Wrist,4372293,1779734547137,12.397416,-10.858333,-1.509871,-10.454224,-51.1203,59.74922,-105.73267,-54.64579,331.56674,0.0
2d,1,Left Ankle,4572288,1779734547158,-9.11,-1.81,-2.31,0.5,-2.125,-0.6875,-0.5576782,0.48095703,-0.6118164,-0.28863525
2d,1,Left Ankle,4572310,1779734547185,-9.19,-1.81,-2.3,1.1875,-3.125,0.3125,-0.55804443,0.4807129,-0.6116333,-0.28875732
2d,1,Left Ankle,4572332,1779734547186,-9.37,-1.74,-2.22,2.3125,-5.25,0.5,-0.5586548,0.48028564,-0.61138916,-0.28894043
2d,4,Right Wrist,30575281,1779734547188,7.7185473,-3.4098723,6.2404814,-39.68496,-33.038887,-22.316273,-143.9701,-40.562706,215.03215,0.0
2d,2,Right Ankle,1614358,1779734547192,-7.9161086,2.2400172,3.964907,-3.433362,3.9362402,0.767619,38.36522,62.80122,260.0022,0.0
2d,3,Left Wrist,4372353,1779734547197,11.102899,-9.398711,1.2083755,-2.4742236,-4.9203005,26.149221,-105.64412,-54.62706,331.49332,0.0
2d,1,Left Ankle,4572348,1779734547218,-9.36,-1.77,-2.03,2.5,-7.6875,0.0,-0.5595093,0.47973633,-0.61083984,-0.2892456
2d,1,Left Ankle,4572375,1779734547245,-9.4,-1.83,-1.89,2.3125,-8.125,-0.4375,-0.5605469,0.47912598,-0.6102295,-0.28967285
2d,1,Left Ankle,4572393,1779734547246,-9.28,-1.88,-1.75,2.1875,-8.6875,-0.125,-0.5615845,0.4784546,-0.6094971,-0.2901001
2d,4,Right Wrist,30575341,1779734547249,7.7855463,-2.8020957,10.78206,39.13504,11.201112,-8.666272,-143.93253,-40.589928,215.01671,0.0
2d,2,Right Ankle,1614418,1779734547252,-8.179319,2.266338,3.818945,-16.103363,5.9662404,0.417619,38.23935,62.786045,259.89587,0.0
2d,3,Left Wrist,4372414,1779734547257,9.791632,-12.932909,-2.8761728,47.085777,-35.5803,-11.720779,-105.628006,-54.553116,331.50116,0.0
2d,1,Left Ankle,4572416,1779734547275,-9.75,-1.78,-1.44,1.625,-7.1875,0.125,-0.5630493,0.4776001,-0.6085205,-0.29077148
2d,1,Left Ankle,4572440,1779734547306,-9.76,-1.78,-1.41,1.8125,-5.0,-0.6875,-0.56378174,0.47717285,-0.6080322,-0.29101562
2d,4,Right Wrist,30575401,1779734547308,1.6192427,-3.266303,-0.24646074,37.66504,40.531113,36.133728,-143.83963,-40.590958,214.95076,0.0
2d,2,Right Ankle,1614478,1779734547318,-7.8969665,2.1227686,3.682554,-21.073362,5.3362403,-0.0023810863,38.106155,62.775055,259.78452,0.0
2d,3,Left Wrist,4372473,1779734547318,5.1663055,-8.958432,0.7872386,-2.8942237,-39.570297,-38.110775,-105.5862,-54.515217,331.47607,0.0
2d,1,Left Ankle,4572457,1779734547336,-9.47,-1.9,-1.48,1.4375,-2.8125,-0.625,-0.5645752,0.47686768,-0.60754395,-0.2911377
2d,1,Left Ankle,4572481,1779734547344,-9.45,-1.82,-1.53,1.0,-0.6875,0.5,-0.56518555,0.47644043,-0.60717773,-0.2913208
2d,1,Left Ankle,4572502,1779734547367,-9.57,-1.73,-1.67,0.375,0.6875,0.875,-0.56536865,0.4761963,-0.6071167,-0.29144287
2d,4,Right Wrist,30575460,1779734547369,1.9231312,-7.128319,-0.08135597,-36.04496,-3.3588886,19.263727,-143.78758,-40.575394,214.9051,0.0
2d,2,Right Ankle,1614539,1779734547375,-8.468851,2.0796978,3.6538403,-4.483362,-1.0337597,0.557619,37.95795,62.79372,259.65408,0.0
2d,3,Left Wrist,4372534,1779734547379,2.7328053,-6.2712917,0.22731815,1.7957764,-16.0503,-37.970776,-105.54317,-54.47142,331.44678,0.0
2d,1,Left Ankle,4572522,1779734547401,-9.54,-1.79,-1.84,-0.25,1.6875,-0.25,-0.5652466,0.47625732,-0.6072998,-0.29138184
2d,1,Left Ankle,4572538,1779734547402,-9.35,-1.8,-1.94,0.0625,0.875,-1.3125,-0.56518555,0.47644043,-0.6072998,-0.29119873
2d,1,Left Ankle,4572558,1779734547425,-9.42,-1.85,-1.65,-0.1875,0.25,-0.8125,-0.5652466,0.4765625,-0.60723877,-0.29107666
2d,4,Right Wrist,30575521,1779734547433,8.445966,-2.529314,9.35833,-208.45496,-39.47889,49.643726,-143.83174,-40.5786,214.88203,0.0
2d,2,Right Ankle,1614598,1779734547433,-8.121891,2.1993392,3.8213377,5.1066375,-5.79376,0.97761893,37.833355,62.77617,259.54123,0.0
2d,3,Left Wrist,4372593,1779734547439,8.013764,-10.932509,0.13399807,42.605778,-64.0703,-51.34078,-105.49749,-54.43269,331.43704,0.0
2d,1,Left Ankle,4572578,1779734547459,-9.5,-1.87,-1.55,-0.5625,1.3125,-0.375,-0.56518555,0.4765625,-0.6072998,-0.29101562
2d,1,Left Ankle,4572607,1779734547491,-9.53,-1.84,-1.55,-0.8125,2.25,0.25,-0.5648804,0.4767456,-0.6074219,-0.29089355
2d,4,Right Wrist,30575581,1779734547491,11.714562,5.8144593,13.840086,32.97504,-0.068888664,23.043728,-143.80794,-40.600834,214.86913,0.0
2d,1,Left Ankle,4572625,1779734547491,-9.31,-1.85,-1.71,-0.5,3.5625,1.0,-0.5644531,0.47686768,-0.60791016,-0.2906494
2d,2,Right Ankle,1614659,1779734547493,-8.461672,2.0605555,3.9290147,2.4466376,-3.6237597,1.5376189,37.694916,62.773754,259.4172,0.0
2d,3,Left Wrist,4372653,1779734547499,11.167505,-15.675084,10.9352,100.285774,-26.830301,-54.21078,-105.40659,-54.43824,331.39975,0.0
2d,1,Left Ankle,4572640,1779734547517,-9.29,-1.8,-2.03,0.0,4.375,1.6875,-0.56414795,0.47686768,-0.6081543,-0.29058838
2d,1,Left Ankle,4572666,1779734547548,-9.52,-1.67,-2.24,0.125,2.625,1.125,-0.5637207,0.4769287,-0.6086426,-0.29040527
2d,1,Left Ankle,4572683,1779734547549,-9.2,-1.8,-2.37,1.1875,-0.5625,-0.3125,-0.56378174,0.47686768,-0.6086426,-0.29034424
2d,4,Right Wrist,30575641,1779734547550,6.433602,-6.893822,3.6849468,218.75504,-11.408888,20.733728,-143.68414,-40.61148,214.83562,0.0
2d,3,Left Wrist,4372713,1779734547558,16.304895,-14.890239,-4.048656,-247.82423,19.7197,46.379223,-105.47552,-54.349392,331.37906,0.0
2d,1,Left Ankle,4572725,1779734547577,-9.43,-1.79,-1.71,1.9375,-3.3125,0.125,-0.5649414,0.47595215,-0.60821533,-0.29040527
2d,1,Left Ankle,4572705,1779734547577,-9.22,-1.81,-1.98,1.9375,-3.75,0.625,-0.5644531,0.47631836,-0.6084595,-0.29034424
2d,1,Left Ankle,4572750,1779734547608,-9.58,-1.83,-1.36,1.0,-2.9375,-0.1875,-0.56536865,0.475708,-0.6080322,-0.29052734
2d,4,Right Wrist,30575701,1779734547609,7.6419773,-6.771788,2.713461,67.13504,-90.29889,31.163729,-143.6247,-40.601685,214.81972,0.0
2d,2,Right Ankle,1614718,1779734547612,-8.234354,2.0868764,4.0797625,-4.623362,-2.71376,2.657619,37.569942,62.756393,259.30756,0.0
2d,3,Left Wrist,4372773,1779734547617,7.8271246,-15.713369,-6.762117,-341.48422,-33.6903,132.96922,-105.62445,-54.228825,331.40253,0.0
2d,1,Left Ankle,4572768,1779734547635,-9.59,-1.84,-1.39,-0.125,-1.1875,-0.25,-0.56555176,0.47558594,-0.6078491,-0.29071045
2d,1,Left Ankle,4572784,1779734547643,-9.56,-1.83,-1.43,-0.3125,0.1875,-0.0625,-0.56555176,0.47558594,-0.6078491,-0.29071045
2d,1,Left Ankle,4572811,1779734547667,-9.41,-1.85,-1.61,-0.9375,2.5625,0.0,-0.56536865,0.47576904,-0.60791016,-0.2906494
2d,4,Right Wrist,30575761,1779734547668,5.3424745,-2.8332021,2.672783,59.15504,-32.47889,41.03373,-143.56714,-40.612133,214.79202,0.0
2d,3,Left Wrist,4372833,1779734547677,5.082557,-6.158829,-0.53599226,-49.37422,-73.5203,132.26923,-105.59966,-54.118153,331.37564,0.0
2d,1,Left Ankle,4572826,1779734547695,-9.56,-1.83,-1.59,-1.75,2.125,-0.75,-0.5652466,0.47595215,-0.6078491,-0.29071045
2d,1,Left Ankle,4572844,1779734547701,-9.37,-1.82,-1.76,-2.1875,2.125,-0.9375,-0.5648804,0.47631836,-0.60791016,-0.2906494
2d,1,Left Ankle,4572867,1779734547725,-9.5,-1.75,-2.05,-1.5,3.3125,1.5,-0.56433105,0.4765625,-0.60827637,-0.29058838
2d,4,Right Wrist,30575821,1779734547728,6.481458,-0.32791677,4.74736,-82.45496,13.301111,27.803728,-143.56981,-40.640602,214.767,0.0
2d,3,Left Wrist,4372893,1779734547737,8.494721,-5.2017,-7.2023964,-96.27423,-35.7903,110.07922,-105.74022,-54.07053,331.46326,0.0
2d,1,Left Ankle,4572890,1779734547759,-9.27,-1.8,-2.19,-0.125,3.875,0.875,-0.5638428,0.47662354,-0.6087036,-0.2904663
2d,2,Right Ankle,1614882,1779734547767,-8.258282,2.1538756,3.9146578,-5.253362,0.64624023,4.547619,37.31275,62.730785,259.08295,0.0
2d,1,Left Ankle,4572914,1779734547786,-9.38,-1.76,-2.11,0.25,0.8125,0.75,-0.56359863,0.47668457,-0.60894775,-0.29040527
2d,1,Left Ankle,4572927,1779734547786,-9.46,-1.78,-1.81,0.4375,-0.375,0.5,-0.56359863,0.47668457,-0.60894775,-0.29040527
2d,4,Right Wrist,30575880,1779734547793,6.3953166,0.6794611,3.464807,69.30504,5.3211117,-31.69627,-143.5424,-40.683098,214.77083,0.0
2d,3,Left Wrist,4372954,1779734547797,7.4921293,-6.218649,-3.3643088,118.41577,3.8296995,96.28922,-105.76486,-54.002407,331.51056,0.0
2d,1,Left Ankle,4572952,1779734547818,-9.47,-1.82,-1.6,0.5,0.0,-0.0625,-0.56365967,0.47662354,-0.6088867,-0.29040527
2d,2,Right Ankle,1615004,1779734547826,-8.208033,2.1778038,3.8668015,-8.263362,1.1362402,4.057619,37.06443,62.697926,258.8679,0.0
2d,1,Left Ankle,4572968,1779734547845,-9.41,-1.85,-1.66,0.3125,1.25,-0.1875,-0.5635376,0.47668457,-0.6090088,-0.29034424
2d,1,Left Ankle,4572992,1779734547846,-9.42,-1.78,-1.75,-0.0625,1.8125,0.4375,-0.5634155,0.4767456,-0.60913086,-0.29022217
2d,4,Right Wrist,30575941,1779734547849,6.3546386,-5.2164536,2.172683,44.105038,12.601111,-31.55627,-143.48906,-40.716732,214.75082,0.0
2d,3,Left Wrist,4373013,1779734547857,6.657034,-12.097815,-3.6658041,9.915776,46.5297,101.11922,-105.731674,-53.897274,331.4717,0.0
2d,1,Left Ankle,4573007,1779734547875,-9.45,-1.76,-2.01,0.0625,1.3125,-0.0625,-0.56329346,0.47680664,-0.6092529,-0.2901001
2d,1,Left Ankle,4573027,1779734547877,-9.31,-1.79,-2.03,0.3125,0.5625,-0.125,-0.5631714,0.47686768,-0.60931396,-0.29003906
2d,2,Right Ankle,1615048,1779734547887,-8.210426,2.2639453,3.7974095,-6.303362,-0.5437598,2.237619,36.93911,62.68084,258.75873,0.0
2d,1,Left Ankle,4573053,1779734547906,-9.38,-1.78,-1.98,0.375,-0.125,-0.0625,-0.5631714,0.47686768,-0.609375,-0.29003906
2d,4,Right Wrist,30576000,1779734547909,7.8621173,-3.8262236,3.010171,12.605041,13.721111,13.803728,-143.44655,-40.74818,214.72086,0.0
2d,3,Left Wrist,4373074,1779734547920,7.7338047,-9.030215,-4.6468616,62.765778,2.0796995,83.409225,-105.75593,-53.810635,331.50394,0.0
2d,1,Left Ankle,4573067,1779734547937,-9.34,-1.76,-1.87,0.8125,-1.0625,0.375,-0.5633545,0.4767456,-0.60931396,-0.29003906
2d,2,Right Ankle,1615109,1779734547948,-8.241532,2.2280529,3.7471604,-5.6733623,-4.3937597,1.187619,36.80317,62.670456,258.63943,0.0
2d,1,Left Ankle,4573090,1779734547968,-9.46,-1.77,-1.86,1.0,-1.4375,0.3125,-0.5635376,0.4765625,-0.6091919,-0.29003906
2d,4,Right Wrist,30576061,1779734547969,8.046364,-3.2710886,2.1655045,33.39504,13.371112,22.76373,-143.39738,-40.781246,214.68944,0.0
2d,3,Left Wrist,4373133,1779734547979,6.9944224,-7.3456693,1.0313065,164.12578,-16.1203,38.18922,-105.61768,-53.773945,331.4397,0.0
2d,1,Left Ankle,4573116,1779734548002,-9.41,-1.82,-1.81,1.5,-1.6875,-0.5,-0.5638428,0.4763794,-0.60913086,-0.29003906
2d,1,Left Ankle,4573135,1779734548002,-9.49,-1.8,-1.69,1.0625,-2.125,0.0,-0.5643921,0.47601318,-0.6088257,-0.29016113
2d,2,Right Ankle,1615168,1779734548009,-8.246318,2.2065175,3.885944,-4.9033623,-5.7237597,0.417619,36.67429,62.65306,258.52597,0.0
2d,1,Left Ankle,4573154,1779734548026,-9.58,-1.79,-1.59,0.6875,-1.5625,0.25,-0.5645752,0.4758911,-0.6087036,-0.29022217
2d,4,Right Wrist,30576121,1779734548029,7.3668027,-2.433601,2.0171494,-34.92496,19.18111,25.913729,-143.37381,-40.81675,214.65753,0.0
2d,3,Left Wrist,4373193,1779734548043,8.542579,-16.048365,-4.706682,-64.144226,11.8097,38.74922,-105.6329,-53.686466,331.42938,0.0
2d,1,Left Ankle,4573179,1779734548059,-9.36,-1.85,-1.61,0.625,0.125,-0.4375,-0.5648804,0.475708,-0.60858154,-0.29022217
2d,1,Left Ankle,4573196,1779734548059,-9.41,-1.83,-1.68,0.0625,0.3125,0.125,-0.5650635,0.47564697,-0.6084595,-0.2902832
2d,2,Right Ankle,1615228,1779734548062,-8.20564,2.1921606,3.9960139,-5.3233624,-4.60376,0.417619,36.55282,62.63091,258.41934,0.0
2d,1,Left Ankle,4573215,1779734548086,-9.42,-1.82,-1.81,0.0625,0.4375,0.1875,-0.5650635,0.47564697,-0.6084595,-0.2902832
2d,1,Left Ankle,4573236,1779734548088,-9.33,-1.84,-1.87,0.1875,0.0625,0.4375,-0.5650635,0.47564697,-0.6084595,-0.2902832
2d,4,Right Wrist,30576181,1779734548099,7.653941,-1.3233312,2.065006,24.085041,5.4611115,12.613729,-143.34315,-40.853836,214.63945,0.0
2d,3,Left Wrist,4373253,1779734548100,7.484951,-9.836597,-6.946364,-120.98423,-0.9303007,92.439224,-105.737175,-53.60448,331.4744,0.0
2d,1,Left Ankle,4573260,1779734548118,-9.45,-1.8,-1.86,0.1875,-0.4375,0.0625,-0.5650635,0.47564697,-0.60839844,-0.2902832
2d,2,Right Ankle,1615289,1779734548124,-8.18889,2.1562684,3.9768713,-5.8833623,-2.9937596,0.557619,36.428898,62.61127,258.3109,0.0
2d,1,Left Ankle,4573276,1779734548146,-9.47,-1.81,-1.72,0.1875,-1.0,-0.0625,-0.56518555,0.47558594,-0.6083374,-0.29040527
2d,4,Right Wrist,30576241,1779734548153,7.1466627,-2.1512475,2.7517462,1.1950402,11.761112,13.943728,-143.31218,-40.888012,214.61464,0.0
2d,3,Left Wrist,4373313,1779734548159,4.922238,-11.157435,-1.591227,-70.86423,-2.5403006,84.45922,-105.72339,-53.5062,331.43915,0.0
2d,1,Left Ankle,4573303,1779734548178,-9.51,-1.82,-1.6,-0.0625,-0.375,-0.1875,-0.56536865,0.47546387,-0.60821533,-0.2904663
2d,1,Left Ankle,4573317,1779734548186,-9.52,-1.82,-1.57,-0.5,1.125,-0.125,-0.5654907,0.47540283,-0.60809326,-0.29052734
2d,1,Left Ankle,4573341,1779734548210,-9.46,-1.85,-1.47,-1.25,1.6875,-0.4375,-0.56555176,0.47540283,-0.6079712,-0.2906494
2d,4,Right Wrist,30576301,1779734548210,7.594121,-2.4886358,2.7206395,-16.86496,16.801111,9.743728,-143.28647,-40.924572,214.58923,0.0
2d,3,Left Wrist,4373374,1779734548218,5.8362956,-9.551851,-0.8542377,-93.40423,25.8797,82.84922,-105.68747,-53.41676,331.37424,0.0
2d,1,Left Ankle,4573362,1779734548237,-9.64,-1.79,-1.71,-1.75,2.4375,-1.25,-0.5654907,0.47564697,-0.6078491,-0.2906494
2d,1,Left Ankle,4573378,1779734548243,-9.2,-1.86,-1.95,-2.1875,3.1875,-0.6875,-0.5651245,0.47607422,-0.60791016,-0.29058838
2d,1,Left Ankle,4573403,1779734548268,-9.23,-1.8,-1.99,-1.125,3.9375,1.25,-0.56451416,0.4763794,-0.6083374,-0.29040527
2d,4,Right Wrist,30576361,1779734548268,8.108578,-3.8692942,2.7493532,-31.144958,19.18111,11.493728,-143.25858,-40.95885,214.55838,0.0
2d,3,Left Wrist,4373433,1779734548277,5.778868,-4.581959,-2.103291,147.46577,25.179699,71.36922,-105.69493,-53.361763,331.41248,0.0
2d,1,Left Ankle,4573422,1779734548295,-9.42,-1.76,-2.11,-0.1875,4.5,0.5,-0.5640259,0.4765625,-0.60876465,-0.29022217
2d,1,Left Ankle,4573440,1779734548296,-9.27,-1.83,-1.83,-0.3125,2.375,0.375,-0.5637207,0.47668457,-0.6090088,-0.28997803
2d,2,Right Ankle,1615348,1779734548304,-8.263068,2.117983,3.9673002,-5.953362,-2.6437597,1.5376189,36.299114,62.596676,258.19748,0.0
2d,1,Left Ankle,4573464,1779734548328,-9.53,-1.81,-1.68,-0.6875,3.25,0.625,-0.56311035,0.4769287,-0.6094971,-0.2897339
2d,4,Right Wrist,30576420,1779734548328,8.6015,-5.4461646,3.9673002,-146.99496,24.641111,18.563728,-143.26413,-40.98845,214.52057,0.0
2d,3,Left Wrist,4373494,1779734548337,7.0853496,-6.264113,-0.66041905,242.59578,81.7397,-0.45077896,-105.49034,-53.334187,331.29996,0.0
2d,1,Left Ankle,4573480,1779734548356,-9.53,-1.82,-1.67,-0.5,4.375,0.6875,-0.5628662,0.47698975,-0.6097412,-0.28955078
2d,1,Left Ankle,4573501,1779734548357,-9.56,-1.81,-1.74,-0.5,4.0625,0.75,-0.5625,0.47705078,-0.6101074,-0.28936768
2d,1,Left Ankle,4573525,1779734548385,-9.52,-1.8,-1.86,-0.625,5.25,0.5,-0.5617676,0.477417,-0.6107788,-0.2888794
2d,4,Right Wrist,30576481,1779734548388,10.0252285,-4.5081778,6.984649,-276.28497,24.011112,20.523727,-143.32182,-41.01792,214.48698,0.0
2d,3,Left Wrist,4373553,1779734548397,7.8701954,-12.66252,1.3998013,189.11577,82.7897,-6.190777,-105.31821,-53.30185,331.1986,0.0
2d,1,Left Ankle,4573543,1779734548420,-9.42,-1.78,-2.01,-1.125,5.1875,0.25,-0.5614624,0.4776001,-0.6109619,-0.28875732
2d,1,Left Ankle,4573567,1779734548445,-9.39,-1.73,-1.99,-1.0625,4.5625,0.375,-0.5606079,0.47808838,-0.61151123,-0.2883911
2d,1,Left Ankle,4573588,1779734548446,-9.44,-1.73,-1.99,-1.125,4.6875,-0.375,-0.5600586,0.4784546,-0.6119385,-0.28814697
2d,4,Right Wrist,30576541,1779734548453,7.594121,-2.553242,6.745367,-104.22496,-24.428888,-35.75627,-143.3458,-41.044838,214.49025,0.0
2d,3,Left Wrist,4373614,1779734548458,8.468401,-6.721143,3.7112677,266.67578,27.0697,-37.27078,-105.13977,-53.322475,331.12677,0.0
2d,1,Left Ankle,4573605,1779734548479,-9.4,-1.76,-1.93,-0.8125,4.875,-0.4375,-0.5595093,0.47875977,-0.6123047,-0.2878418
2d,2,Right Ankle,1615512,1779734548486,-8.18889,2.0773053,4.074977,-5.813362,-1.4537598,4.967619,36.05295,62.558975,257.98328,0.0
2d,1,Left Ankle,4573628,1779734548504,-9.27,-1.84,-2.08,-0.5625,6.1875,-0.1875,-0.5588989,0.47906494,-0.612854,-0.28735352
2d,1,Left Ankle,4573645,1779734548511,-9.13,-1.83,-2.16,-0.5625,6.1875,0.4375,-0.55822754,0.47943115,-0.6134033,-0.2868042
2d,4,Right Wrist,30576601,1779734548512,8.835996,-4.146862,7.2382884,-80.07496,-42.97889,-98.26627,-143.37628,-41.078842,214.51942,0.0
2d,3,Left Wrist,4373673,1779734548520,9.0259285,-10.659728,3.0939198,-589.0742,14.259699,99.019226,-105.2469,-53.272114,331.03943,0.0
2d,1,Left Ankle,4573666,1779734548536,-9.33,-1.76,-2.28,-0.8125,5.4375,0.625,-0.5574341,0.47973633,-0.6140137,-0.28649902
2d,2,Right Ankle,1615692,1779734548545,-8.148212,2.362051,3.900301,-6.583362,4.5662403,5.807619,35.844513,62.50238,257.8044,0.0
2d,1,Left Ankle,4573691,1779734548569,-9.12,-1.8,-2.31,-0.5,4.6875,0.0625,-0.5567627,0.48010254,-0.614563,-0.28601074
2d,1,Left Ankle,4573707,1779734548569,-9.27,-1.71,-2.3,0.25,3.75,1.125,-0.5562134,0.48034668,-0.61505127,-0.28564453
2d,4,Right Wrist,30576661,1779734548569,7.752047,-5.209275,5.843273,-48.29496,-10.498888,-50.03627,-143.37256,-41.109818,214.51811,0.0
2d,3,Left Wrist,4373733,1779734548579,5.6664057,-15.237198,-6.9918275,-75.27423,-71.0003,106.78922,-105.32556,-53.15706,331.08978,0.0
2d,1,Left Ankle,4573732,1779734548595,-9.51,-1.81,-1.88,0.75,1.25,-0.125,-0.5560303,0.48034668,-0.6152954,-0.28546143
2d,2,Right Ankle,1615768,1779734548603,-8.2702465,2.3046234,3.8548372,-4.693362,3.1662402,3.637619,35.72794,62.48137,257.70322,0.0
2d,1,Left Ankle,4573752,1779734548628,-9.45,-1.91,-1.82,0.3125,-0.3125,-1.5,-0.5560913,0.48046875,-0.6152344,-0.28533936
2d,4,Right Wrist,30576721,1779734548628,8.922137,-6.329116,5.6877394,110.60504,-15.048889,-2.856272,-143.30046,-41.129936,214.49907,0.0
2d,3,Left Wrist,4373793,1779734548637,8.343974,-4.876276,0.026321048,-14.724223,-57.630302,18.86922,-105.28803,-53.18301,331.06622,0.0
2d,1,Left Ankle,4573777,1779734548655,-9.59,-1.8,-1.52,-0.125,-2.25,-0.625,-0.55633545,0.48046875,-0.6149292,-0.2854004
2d,1,Left Ankle,4573795,1779734548662,-9.57,-1.85,-1.5,-1.4375,3.125,-1.3125,-0.5560913,0.48083496,-0.6149292,-0.28533936
2d,2,Right Ankle,1615829,1779734548662,-8.186498,2.3261588,3.7280176,-3.363362,1.2062402,4.477619,35.61016,62.46039,257.60052,0.0
2d,1,Left Ankle,4573814,1779734548687,-9.23,-1.9,-1.68,-1.625,5.6875,-1.375,-0.55529785,0.4814453,-0.61535645,-0.28485107
2d,1,Left Ankle,4573834,1779734548687,-9.67,-1.83,-1.73,-2.9375,9.0,-0.4375,-0.55407715,0.48217773,-0.61608887,-0.28442383
2d,4,Right Wrist,30576781,1779734548695,9.886446,-6.6138616,3.4911284,79.94504,-44.23889,6.943728,-143.23952,-41.14295,214.48285,0.0
2d,3,Left Wrist,4373853,1779734548699,11.313467,-14.622242,-8.207382,-120.00423,2.1496992,-28.38078,-105.39432,-53.135643,331.1189,0.0
2d,1,Left Ankle,4573856,1779734548720,-9.86,-1.78,-1.82,-3.3125,9.5,-1.5625,-0.55285645,0.48303223,-0.6168213,-0.2838745
2d,1,Left Ankle,4573875,1779734548747,-9.26,-1.89,-2.09,-3.6875,7.8125,-2.4375,-0.5518799,0.48394775,-0.61712646,-0.28344727
2d,4,Right Wrist,30576841,1779734548750,7.450551,-4.302395,6.6448684,-61.94496,-32.75889,35.643726,-143.22691,-41.150005,214.45795,0.0
2d,3,Left Wrist,4373914,1779734548759,3.917252,-13.047765,-5.1373906,65.98577,-3.8703008,18.939222,-105.39165,-53.054356,331.13492,0.0
2d,1,Left Ankle,4573897,1779734548779,-8.94,-1.84,-2.39,-3.0625,7.3125,-1.0,-0.5508423,0.48461914,-0.6177368,-0.28308105
2d,1,Left Ankle,4573920,1779734548779,-9.54,-1.72,-2.43,-3.3125,7.4375,2.5625,-0.5496826,0.4850464,-0.61846924,-0.28302002
2d,4,Right Wrist,30576901,1779734548811,3.6052854,-1.0529419,3.926622,1.89504,1.1211119,2.533728,-143.20131,-41.174644,214.44083,0.0
2d,1,Left Ankle,4573956,1779734548811,-9.16,-1.78,-2.67,-0.9375,2.9375,-0.4375,-0.5480957,0.48583984,-0.6195679,-0.2822876
2d,1,Left Ankle,4573935,1779734548811,-9.32,-1.67,-2.72,-1.4375,8.5625,0.1875,-0.548584,0.48553467,-0.6192627,-0.28253174
2d,2,Right Ankle,1615888,1779734548813,-8.365959,2.3141947,3.7184463,-4.833362,-0.9637598,6.647619,35.47209,62.457027,257.48038,0.0
2d,3,Left Wrist,4373973,1779734548818,5.352946,-6.6206436,-10.490134,67.31577,-30.5403,47.77922,-105.477,-53.00552,331.2254,0.0
2d,1,Left Ankle,4573981,1779734548838,-9.15,-1.8,-2.39,-0.8125,2.75,-0.0625,-0.5477905,0.48602295,-0.619751,-0.28216553
2d,4,Right Wrist,30576960,1779734548870,3.2918258,0.32532385,6.4366927,57.54504,6.581112,2.113728,-143.16234,-41.197556,214.42691,0.0
2d,2,Right Ankle,1616052,1779734548873,-8.083607,2.5439057,3.7854455,-7.703362,-0.89375985,6.437619,35.332813,62.36762,257.36295,0.0
2d,3,Left Wrist,4374034,1779734548878,3.5367935,-10.221842,2.1631117,288.5858,19.2997,27.409222,-105.301926,-52.95685,331.16068,0.0
2d,1,Left Ankle,4574001,1779734548896,-9.4,-1.82,-2.09,-1.0,3.375,-0.125,-0.5473633,0.4862671,-0.6199951,-0.28198242
2d,1,Left Ankle,4574023,1779734548897,-9.56,-1.79,-2.06,-0.5625,2.75,-0.6875,-0.5469971,0.48651123,-0.62023926,-0.28173828
2d,1,Left Ankle,4574041,1779734548905,-9.25,-1.92,-1.99,-1.125,3.1875,-1.5625,-0.5466919,0.48687744,-0.62042236,-0.28149414
2d,1,Left Ankle,4574065,1779734548929,-9.06,-1.87,-2.18,-1.9375,6.8125,0.125,-0.54559326,0.48760986,-0.6210327,-0.28100586
2d,4,Right Wrist,30577021,1779734548930,5.8162537,0.33250177,4.278367,194.46504,56.56111,-67.25628,-143.08636,-41.258682,214.42682,0.0
2d,2,Right Ankle,1616098,1779734548934,-8.0142145,2.5989404,3.5988052,-10.643362,0.01624024,4.127619,35.355965,62.303383,257.38727,0.0
2d,3,Left Wrist,4374093,1779734548939,7.5591283,-9.451353,6.73101,287.25577,43.6597,-24.950779,-105.111404,-52.96274,331.08118,0.0
2d,1,Left Ankle,4574081,1779734548959,-9.41,-1.74,-2.62,-2.375,7.25,0.4375,-0.545105,0.487854,-0.62127686,-0.28082275
2d,1,Left Ankle,4574109,1779734548989,-9.03,-1.75,-2.97,-0.875,5.5,-0.375,-0.5442505,0.48840332,-0.6218872,-0.28027344
2d,1,Left Ankle,4574126,1779734548989,-8.9,-1.88,-2.87,0.6875,-3.625,0.25,-0.54455566,0.48828125,-0.62164307,-0.28045654
2d,4,Right Wrist,30577081,1779734548990,12.138092,-9.559426,-0.95952183,225.89503,45.781113,-99.666275,-142.97215,-41.3187,214.41719,0.0
2d,2,Right Ankle,1616159,1779734548996,-8.083607,2.5965476,3.7064824,-8.543362,-0.89375985,0.907619,35.339386,62.243896,257.37527,0.0
2d,3,Left Wrist,4374153,1779734548998,14.797418,-7.8074837,5.7020965,78.72577,-62.460304,-33.07078,-105.04669,-52.990738,331.06598,0.0
2d,1,Left Ankle,4574141,1779734549018,-9.19,-1.73,-2.72,1.25,-3.5625,0.8125,-0.54473877,0.48809814,-0.621521,-0.2805786
2d,1,Left Ankle,4574169,1779734549045,-9.38,-1.8,-2.4,2.0,-6.875,0.1875,-0.54608154,0.4873047,-0.62072754,-0.2810669
2d,1,Left Ankle,4574181,1779734549046,-9.15,-1.88,-2.05,2.8125,-9.0625,-0.1875,-0.5466919,0.4869995,-0.6203613,-0.28131104
2d,4,Right Wrist,30577141,1779734549048,6.993522,-5.805088,2.4215367,-118.85496,-12.178888,-29.666271,-142.9788,-41.34464,214.40231,0.0
2d,2,Right Ankle,1616218,1779734549053,-8.210426,2.4960492,3.7974095,-7.493362,-6.1437597,-0.28238106,35.259018,62.19945,257.30588,0.0
2d,3,Left Wrist,4374213,1779734549060,6.106685,-14.004894,9.597611,348.0858,-100.0503,35.66922,-104.89663,-52.953114,331.0616,0.0
2d,1,Left Ankle,4574206,1779734549081,-9.24,-1.79,-1.97,2.375,-7.25,0.0625,-0.54803467,0.48608398,-0.6196289,-0.28186035
2d,1,Left Ankle,4574229,1779734549106,-9.16,-1.91,-2.11,2.4375,-2.875,0.8125,-0.54852295,0.4855957,-0.6195679,-0.2819214
2d,1,Left Ankle,4574247,1779734549112,-9.25,-1.94,-2.09,2.375,-3.625,2.375,-0.5491333,0.48492432,-0.6194458,-0.28222656
2d,4,Right Wrist,30577201,1779734549112,9.087242,-2.6944187,3.0269206,-42.34496,-7.838888,4.353728,-142.96878,-41.3765,214.38625,0.0
2d,2,Right Ankle,1616279,1779734549113,-8.303746,2.4936564,3.723232,-4.9033623,-6.8437595,0.20761895,35.160797,62.162502,257.2199,0.0
2d,3,Left Wrist,4374273,1779734549118,14.890738,-13.215262,4.141976,101.05577,-172.3603,114.41922,-104.8434,-52.89653,331.07617,0.0
2d,1,Left Ankle,4574265,1779734549138,-9.45,-1.76,-2.32,2.5,-4.9375,3.25,-0.5496826,0.48413086,-0.61932373,-0.2826538
2d,1,Left Ankle,4574289,1779734549164,-9.7,-1.67,-1.98,2.375,-5.3125,3.25,-0.55029297,0.48339844,-0.61920166,-0.28308105
2d,1,Left Ankle,4574311,1779734549165,-9.54,-1.78,-1.81,1.125,-2.5,0.5625,-0.5507202,0.48303223,-0.6189575,-0.28326416
2d,4,Right Wrist,30577261,1779734549168,13.317753,1.562413,2.5531416,35.91504,-46.54889,-58.856274,-142.97798,-41.418076,214.42027,0.0
2d,3,Left Wrist,4374333,1779734549178,13.407187,-10.300805,9.336794,135.70578,-156.6103,108.32922,-104.78072,-52.85365,331.09006,0.0
2d,1,Left Ankle,4574325,1779734549197,-9.26,-1.86,-1.94,1.0625,-1.0625,1.0,-0.5509033,0.48284912,-0.6189575,-0.2833252
2d,1,Left Ankle,4574347,1779734549228,-9.47,-1.76,-1.96,0.8125,-1.4375,1.4375,-0.55126953,0.48236084,-0.61883545,-0.28363037
2d,1,Left Ankle,4574365,1779734549228,-9.5,-1.78,-2.07,0.5,-0.25,0.5,-0.5513916,0.48223877,-0.6187744,-0.28375244
2d,4,Right Wrist,30577321,1779734549230,9.826625,0.88524437,2.2731814,113.05504,-19.948889,-58.926273,-142.9526,-41.466137,214.44508,0.0
2d,3,Left Wrist,4374393,1779734549238,13.14637,-10.276877,4.587041,26.995777,-118.3203,92.22922,-104.73504,-52.818333,331.0803,0.0
2d,1,Left Ankle,4574385,1779734549255,-9.2,-1.78,-2.17,-0.125,-0.9375,1.25,-0.5515137,0.4821167,-0.6187134,-0.2838745
2d,2,Right Ankle,1616338,1779734549264,-8.131462,2.3357298,4.0295134,-7.913362,-3.8337598,0.907619,35.061005,62.127827,257.13388,0.0
2d,1,Left Ankle,4574410,1779734549288,-9.3,-1.73,-2.28,0.3125,-0.25,1.0,-0.55145264,0.48199463,-0.61883545,-0.28399658
2d,1,Left Ankle,4574428,1779734549288,-9.14,-1.76,-2.57,1.0,-2.9375,0.0,-0.5516968,0.48187256,-0.61865234,-0.28411865
2d,4,Right Wrist,30577381,1779734549288,-0.9721841,-2.4503503,6.3840504,202.79504,42.56111,-13.496271,-142.85008,-41.486652,214.42018,0.0
2d,3,Left Wrist,4374454,1779734549297,4.2163553,-4.7398853,15.062819,-28.934223,-5.9003005,40.98922,-104.68497,-52.808273,331.03137,0.0
2d,1,Left Ankle,4574445,1779734549315,-9.18,-1.73,-2.52,1.8125,-4.75,0.0,-0.5524292,0.4814453,-0.6182251,-0.2843628
2d,1,Left Ankle,4574469,1779734549346,-9.42,-1.71,-2.21,1.5625,-5.875,-0.5,-0.5531616,0.48095703,-0.61779785,-0.28466797
2d,1,Left Ankle,4574489,1779734549346,-9.28,-1.76,-2.01,0.9375,-6.5,-1.125,-0.5539551,0.48065186,-0.6171875,-0.28497314
2d,4,Right Wrist,30577441,1779734549348,3.9331024,-5.620841,-7.3986077,13.09504,-57.748886,-32.32627,-142.86385,-41.40432,214.44817,0.0
2d,2,Right Ankle,1616502,1779734549352,-8.095571,2.5175846,3.9218361,-6.023362,-1.9437598,4.617619,34.898495,62.044395,256.99515,0.0
2d,3,Left Wrist,4374513,1779734549357,17.398415,-0.36580527,1.361516,89.715775,39.8797,27.199223,-104.61912,-52.86348,330.99426,0.0
2d,1,Left Ankle,4574505,1779734549381,-9.36,-1.86,-1.76,0.5625,-3.125,-1.0625,-0.55444336,0.4805298,-0.61676025,-0.28515625
2d,1,Left Ankle,4574530,1779734549406,-9.57,-1.86,-1.72,0.3125,-1.5,0.0625,-0.5546875,0.48046875,-0.61657715,-0.2852173
2d,1,Left Ankle,4574548,1779734549413,-9.45,-1.8,-1.89,0.5,-0.0625,0.4375,-0.5548706,0.48034668,-0.6164551,-0.28527832
2d,4,Right Wrist,30577500,1779734549413,8.146863,-1.5650059,3.010171,95.55504,-38.91889,-18.956272,-142.82166,-41.433258,214.45245,0.0
2d,3,Left Wrist,4374574,1779734549421,8.193227,-9.109179,13.385449,-89.69423,-6.3903008,115.32922,-104.57368,-52.825542,330.92822,0.0
2d,1,Left Ankle,4574565,1779734549438,-9.44,-1.78,-1.93,-0.125,0.25,0.8125,-0.55493164,0.4802246,-0.6164551,-0.2854004
2d,2,Right Ankle,1616652,1779734549447,-8.219997,2.498442,3.926622,-6.163362,2.1862402,2.027619,34.763557,61.953312,256.8809,0.0
2d,1,Left Ankle,4574589,1779734549465,-9.45,-1.68,-2.23,-0.0625,1.4375,0.3125,-0.5548706,0.4802246,-0.6165161,-0.2854004
2d,1,Left Ankle,4574612,1779734549472,-9.31,-1.77,-2.22,0.0,0.125,-0.0625,-0.5548096,0.4802246,-0.61657715,-0.28533936
2d,4,Right Wrist,30577561,1779734549472,6.0651073,1.4427719,-3.3547375,-3.21496,-2.5188885,-19.376272,-142.88858,-41.48454,214.50044,0.0
2d,3,Left Wrist,4374633,1779734549478,12.954944,-15.414267,4.371687,47.575775,-41.600304,94.74922,-104.48563,-52.771072,330.8748,0.0
2d,1,Left Ankle,4574625,1779734549499,-9.34,-1.79,-2.04,-0.0625,-0.5625,0.125,-0.5548096,0.4802246,-0.61657715,-0.28533936
2d,2,Right Ankle,1616671,1779734549508,-8.088392,2.4864779,3.8620157,-6.233362,2.1862402,1.817619,34.699554,61.906895,256.8268,0.0
2d,1,Left Ankle,4574649,1779734549528,-9.66,-1.72,-1.79,0.0625,-0.0625,0.0,-0.5548706,0.48016357,-0.6165161,-0.2854004
2d,4,Right Wrist,30577621,1779734549529,5.0074797,-2.3785658,-5.029713,32.97504,10.851111,-40.866272,-142.97783,-41.50489,214.574,0.0
2d,3,Left Wrist,4374693,1779734549540,13.12244,-12.834804,-0.3924229,20.275776,-89.2003,95.659225,-104.42726,-52.696133,330.84717,0.0
2d,1,Left Ankle,4574674,1779734549556,-9.5,-1.86,-1.72,-0.5,2.1875,-0.1875,-0.5546875,0.48028564,-0.6166382,-0.28527832
2d,1,Left Ankle,4574684,1779734549556,-9.64,-1.76,-1.84,-0.875,3.75,0.3125,-0.5541382,0.4805298,-0.6170654,-0.28497314
2d,2,Right Ankle,1616728,1779734549566,-8.162569,2.4745138,3.8452659,-7.4233623,0.71624017,2.097619,34.6237,61.863865,256.76254,0.0
2d,1,Left Ankle,4574711,1779734549592,-9.51,-1.81,-1.85,-1.1875,6.125,-0.375,-0.553772,0.48077393,-0.6173096,-0.28479004
2d,1,Left Ankle,4574727,1779734549592,-9.56,-1.73,-1.95,-1.4375,6.875,-0.6875,-0.55322266,0.48114014,-0.6177368,-0.28442383
2d,4,Right Wrist,30577681,1779734549593,5.122335,-2.9193437,-3.1944184,-96.10496,35.63111,19.753729,-142.97028,-41.563988,214.53703,0.0
2d,1,Left Ankle,4574748,1779734549616,-9.42,-1.82,-1.97,-1.5,8.9375,-0.625,-0.5524292,0.48156738,-0.61828613,-0.28399658
2d,2,Right Ankle,1616789,1779734549625,-8.23914,2.443407,3.7758741,-7.213362,-3.9737597,3.5676188,34.5169,61.832973,256.6707,0.0
2d,3,Left Wrist,4374753,1779734549628,13.981464,-12.597914,13.931013,-180.34422,42.749702,132.47922,-104.386116,-52.658916,330.7486,0.0
2d,1,Left Ankle,4574776,1779734549647,-9.05,-1.94,-2.29,-1.6875,8.5625,-0.875,-0.55145264,0.48223877,-0.6188965,-0.28338623
2d,1,Left Ankle,4574793,1779734549659,-9.04,-1.79,-2.56,-1.375,7.25,0.4375,-0.55010986,0.48291016,-0.61987305,-0.28277588
2d,4,Right Wrist,30577741,1779734549659,-0.9913268,-1.8162527,-2.8498516,-55.29496,-48.29889,31.233728,-142.99945,-41.471893,214.54465,0.0
2d,1,Left Ankle,4574819,1779734549682,-9.1,-1.7,-3.04,-0.5,4.75,0.9375,-0.54974365,0.48303223,-0.62023926,-0.28253174
2d,2,Right Ankle,1616848,1779734549684,-8.090785,2.5750122,3.991228,-6.373362,-7.1237593,2.027619,34.470566,61.777798,256.63144,0.0
2d,3,Left Wrist,4374813,1779734549687,12.201205,2.424226,19.31965,118.97577,208.5797,-17.60078,-104.204926,-52.704273,330.59567,0.0
2d,1,Left Ankle,4574834,1779734549707,-8.86,-1.79,-3.09,0.9375,-0.8125,-0.25,-0.5498047,0.48291016,-0.62023926,-0.2824707
2d,1,Left Ankle,4574855,1779734549708,-9.11,-1.73,-2.72,2.3125,-8.875,0.5625,-0.5510254,0.48223877,-0.6194458,-0.28295898
2d,4,Right Wrist,30577801,1779734549708,5.1606207,1.1867396,0.9260224,-31.63496,-5.1788883,15.763728,-143.01213,-41.509285,214.54324,0.0
2d,1,Left Ankle,4574881,1779734549738,-9.24,-1.7,-2.55,3.3125,-12.5,0.75,-0.55249023,0.4812622,-0.6185913,-0.2836914
2d,2,Right Ankle,1616909,1779734549743,-8.016607,2.5415127,4.15394,-2.873362,-8.31376,-0.9823811,34.412018,61.726223,256.57983,0.0
2d,3,Left Wrist,4374904,1779734549747,6.6019993,2.543867,2.1918256,-20.394224,-91.9303,9.279221,-104.23277,-52.742638,330.63052,0.0
2d,1,Left Ankle,4574896,1779734549765,-9.26,-1.82,-1.83,3.8125,-12.875,-0.125,-0.5541382,0.48028564,-0.6175537,-0.2843628
2d,1,Left Ankle,4574916,1779734549766,-9.68,-1.8,-1.45,3.0625,-12.5,0.125,-0.55578613,0.47937012,-0.6165161,-0.28503418
2d,4,Right Wrist,30577861,1779734549774,4.445166,-1.699004,-0.12203395,41.16504,20.791111,-2.506272,-142.96684,-41.557293,214.51999,0.0
2d,1,Left Ankle,4574936,1779734549797,-9.41,-1.95,-1.18,1.9375,-7.0625,0.125,-0.55688477,0.47869873,-0.6157837,-0.28552246
2d,2,Right Ankle,1616968,1779734549805,-8.198462,2.3740153,4.2424746,-1.1933622,-4.60376,-0.70238113,34.320896,61.688576,256.49945,0.0
2d,3,Left Wrist,4374963,1779734549807,5.4558372,-13.581364,10.057034,122.54578,-29.9803,28.809221,-104.13244,-52.713985,330.58942,0.0
2d,1,Left Ankle,4574956,1779734549825,-9.9,-1.8,-1.07,0.9375,-4.1875,1.0,-0.5576172,0.47827148,-0.61535645,-0.28588867
2d,4,Right Wrist,30577920,1779734549831,6.096214,-1.148655,-1.2897314,33.81504,5.181112,7.153728,-142.94939,-41.6101,214.51395,0.0
2d,1,Left Ankle,4574977,1779734549856,-9.78,-1.79,-1.16,-0.75,1.375,0.75,-0.5574951,0.47821045,-0.6154175,-0.28601074
2d,1,Left Ankle,4575001,1779734549856,-9.4,-1.81,-1.86,-2.1875,6.1875,0.4375,-0.55670166,0.47869873,-0.61590576,-0.28570557
2d,2,Right Ankle,1617029,1779734549864,-8.088392,2.187375,4.3238306,-7.283362,3.9362402,3.917619,34.2207,61.658924,256.41437,0.0
2d,3,Left Wrist,4375023,1779734549867,13.835503,-9.085251,0.6652047,0.8157764,24.4797,28.03922,-104.04224,-52.730606,330.51138,0.0
2d,1,Left Ankle,4575023,1779734549889,-9.4,-1.74,-2.23,-2.1875,7.4375,0.125,-0.5557251,0.47924805,-0.6165161,-0.28533936
2d,4,Right Wrist,30577981,1779734549890,3.3468606,3.617848,-2.5435705,55.30504,-15.188889,-9.156272,-143.00269,-41.637474,214.56647,0.0
2d,1,Left Ankle,4575040,1779734549915,-9.24,-1.74,-2.29,-1.9375,5.9375,0.5625,-0.5548706,0.47979736,-0.6170044,-0.28503418
2d,2,Right Ankle,1617088,1779734549923,-8.033357,2.388372,3.9481573,-7.703362,12.26624,6.087619,34.142414,61.622242,256.34982,0.0
2d,3,Left Wrist,4375083,1779734549928,9.258033,-9.011074,11.976077,-70.16423,-18.8503,14.389221,-104.00556,-52.726986,330.46582,0.0
2d,1,Left Ankle,4575067,1779734549948,-9.5,-1.68,-2.26,-1.8125,5.625,-0.0625,-0.55371094,0.48046875,-0.6176758,-0.28460693
2d,1,Left Ankle,4575086,1779734549948,-9.25,-1.79,-2.32,-0.8125,4.25,-0.4375,-0.5531616,0.48083496,-0.618042,-0.28430176
2d,4,Right Wrist,30578041,1779734549949,4.1963124,-2.6872401,-5.666204,9.31504,-25.408888,-18.676271,-143.07727,-41.595997,214.62604,0.0
2d,1,Left Ankle,4575106,1779734549975,-9.27,-1.81,-2.33,-0.1875,2.1875,-0.75,-0.5527954,0.4810791,-0.61834717,-0.28399658
2d,2,Right Ankle,1617149,1779734549983,-8.143427,2.579798,3.787838,-8.753363,9.60624,5.877619,34.15337,61.56197,256.36386,0.0
2d,3,Left Wrist,4375143,1779734549987,14.6251335,-5.3524475,14.096119,-42.514225,59.4797,32.65922,-103.928856,-52.73939,330.3791,0.0
2d,1,Left Ankle,4575131,1779734550006,-9.16,-1.83,-2.25,-0.25,0.125,-0.125,-0.5527344,0.4810791,-0.6184082,-0.28393555
2d,1,Left Ankle,4575146,1779734550007,-9.3,-1.71,-2.36,0.0,-0.125,0.6875,-0.55267334,0.4810791,-0.6184082,-0.28393555
2d,4,Right Wrist,30578101,1779734550016,1.9063815,-3.59412,-2.6009982,-118.29496,6.8611116,39.143726,-143.0422,-41.53785,214.5661,0.0
2d,1,Left Ankle,4575166,1779734550039,-9.31,-1.76,-2.51,1.1875,-1.1875,-0.25,-0.5527344,0.4810791,-0.61846924,-0.2838745
2d,2,Right Ankle,1617208,1779734550047,-8.18889,2.5941548,3.5796626,-4.553362,0.5062402,1.5376189,34.28657,61.568302,256.48267,0.0
2d,3,Left Wrist,4375204,1779734550047,11.868603,-0.95443964,5.970093,-41.954224,-0.3003006,41.54922,-103.89045,-52.762356,330.3348,0.0
2d,1,Left Ankle,4575191,1779734550065,-9.11,-1.79,-2.56,2.0625,-4.875,-0.0625,-0.55303955,0.48083496,-0.61834717,-0.2838745
2d,1,Left Ankle,4575208,1779734550066,-9.22,-1.74,-2.45,2.5625,-7.6875,-0.125,-0.55371094,0.48046875,-0.618042,-0.28399658
2d,4,Right Wrist,30578161,1779734550073,2.2676978,0.519142,1.2610176,-116.96496,90.16111,57.06373,-143.04597,-41.585735,214.51541,0.0
2d,1,Left Ankle,4575231,1779734550096,-9.43,-1.74,-2.03,2.6875,-8.875,-0.25,-0.55474854,0.47979736,-0.6173706,-0.28442383
2d,2,Right Ankle,1617268,1779734550107,-8.131462,2.5295486,3.7495532,-3.083362,-8.80376,-2.8723812,34.25571,61.50934,256.45523,0.0
2d,3,Left Wrist,4375263,1779734550107,9.5379925,-6.776178,11.523834,70.67577,-19.0603,70.03922,-103.80055,-52.74551,330.28323,0.0
2d,1,Left Ankle,4575254,1779734550134,-9.51,-1.79,-1.81,2.625,-8.625,-0.75,-0.5564575,0.47894287,-0.616272,-0.2849121
2d,4,Right Wrist,30578221,1779734550134,1.3656036,-1.8760734,-0.8542377,57.47504,62.30111,7.9937277,-142.93588,-41.590942,214.44421,0.0
2d,1,Left Ankle,4575274,1779734550157,-9.44,-1.8,-1.63,2.125,-6.8125,-0.6875,-0.55688477,0.47869873,-0.6159668,-0.28503418
2d,1,Left Ankle,4575294,1779734550159,-9.52,-1.84,-1.54,1.5,-5.3125,-0.75,-0.5578613,0.47821045,-0.6152954,-0.28533936
2d,3,Left Wrist,4375324,1779734550173,5.436694,-8.65215,12.198609,2.1457763,-21.4403,110.42922,-103.7322,-52.703197,330.22827,0.0
2d,1,Left Ankle,4575314,1779734550190,-9.55,-1.79,-1.57,0.75,-2.6875,-0.5,-0.5581665,0.47808838,-0.6151123,-0.28552246
2d,4,Right Wrist,30578281,1779734550191,4.761019,-1.6487551,0.33260235,-9.514959,68.53111,19.123728,-142.89523,-41.64607,214.40024,0.0
2d,1,Left Ankle,4575332,1779734550191,-9.37,-1.88,-1.55,0.0625,-0.6875,0.0625,-0.55859375,0.47790527,-0.6148071,-0.28564453
2d,1,Left Ankle,4575355,1779734550223,-9.53,-1.8,-1.82,-0.75,1.9375,0.375,-0.55895996,0.47772217,-0.61450195,-0.28588867
2d,3,Left Wrist,4375383,1779734550229,8.030515,-5.8597255,4.8598228,130.59578,-100.1903,56.039223,-103.65205,-52.684956,330.2186,0.0
2d,1,Left Ankle,4575375,1779734550247,-9.51,-1.8,-1.95,-0.3125,1.9375,0.1875,-0.55877686,0.47784424,-0.61468506,-0.28570557
2d,1,Left Ankle,4575391,1779734550249,-9.26,-1.76,-2.1,-0.4375,1.5625,0.25,-0.5587158,0.47784424,-0.6147461,-0.28564453
2d,4,Right Wrist,30578341,1779734550250,5.9167523,3.431208,-3.9696927,128.31503,18.551111,-14.336271,-142.92049,-41.691853,214.44685,0.0
2d,2,Right Ankle,1617329,1779734550260,-8.121891,2.3835864,3.9361932,-1.7533622,-12.65376,-4.0623813,34.14959,61.474854,256.36078,0.0
2d,1,Left Ankle,4575419,1779734550282,-9.49,-1.77,-2.05,-0.75,0.125,0.0625,-0.55859375,0.4779663,-0.6147461,-0.28570557
2d,3,Left Wrist,4375443,1779734550290,9.698312,-11.533108,5.2666025,80.685776,-111.3903,49.039223,-103.59107,-52.64694,330.21298,0.0
2d,1,Left Ankle,4575434,1779734550308,-9.28,-1.78,-1.95,-0.875,0.0,0.0,-0.5585327,0.47802734,-0.61468506,-0.2857666
2d,4,Right Wrist,30578401,1779734550316,7.7400827,-7.145068,-0.45224345,8.54504,20.511112,10.863728,-142.85492,-41.715874,214.39975,0.0
2d,2,Right Ankle,1617492,1779734550316,-8.231961,2.2902665,3.9768713,-6.793362,3.09624,2.587619,33.918327,61.428665,256.16086,0.0
2d,1,Left Ankle,4575456,1779734550340,-9.39,-1.78,-2.03,-0.3125,0.9375,0.1875,-0.5585327,0.47802734,-0.6147461,-0.2857666
2d,1,Left Ankle,4575478,1779734550340,-9.38,-1.85,-1.9,0.0,1.125,0.0,-0.5584717,0.47808838,-0.6147461,-0.28570557
2d,3,Left Wrist,4375503,1779734550350,11.557535,-10.891832,10.439885,-150.73422,70.9597,72.20922,-103.53259,-52.630085,330.10645,0.0
2d,1,Left Ankle,4575495,1779734550374,-9.45,-1.84,-1.78,-0.375,1.375,0.625,-0.5585327,0.4779663,-0.6147461,-0.2857666
2d,4,Right Wrist,30578460,1779734550374,6.4694943,-2.739882,-0.5240282,-223.85497,4.1311116,18.493729,-142.89745,-41.75493,214.37154,0.0
2d,2,Right Ankle,1617539,1779734550374,-8.191283,2.309409,3.9505503,-7.983362,3.9362402,3.427619,33.799324,61.41056,256.05966,0.0
2d,1,Left Ankle,4575516,1779734550397,-9.56,-1.73,-1.76,-0.6875,2.125,0.375,-0.55841064,0.47802734,-0.6148071,-0.2857666
2d,1,Left Ankle,4575536,1779734550399,-9.46,-1.81,-1.85,-1.25,3.1875,0.0,-0.55810547,0.47821045,-0.61499023,-0.28570557
2d,3,Left Wrist,4375563,1779734550408,10.272589,-0.0619168,6.3314085,-130.01422,4.389699,104.269226,-103.51685,-52.629837,330.05176,0.0
2d,1,Left Ankle,4575555,1779734550425,-9.28,-1.79,-2.13,-1.0625,4.0,0.0625,-0.55755615,0.47857666,-0.6152954,-0.28552246
2d,4,Right Wrist,30578521,1779734550428,5.435795,1.3901298,-1.0336994,-29.18496,-3.3588886,1.413728,-142.93594,-41.802696,214.39062,0.0
2d,1,Left Ankle,4575580,1779734550457,-9.23,-1.84,-2.27,-0.75,1.5625,0.5625,-0.557251,0.47875977,-0.6154785,-0.2854004
2d,1,Left Ankle,4575599,1779734550457,-9.4,-1.77,-2.11,-0.3125,-0.25,-0.5,-0.557251,0.47875977,-0.6154785,-0.2854004
2d,2,Right Ankle,1617598,1779734550462,-8.160176,2.3859792,3.8572302,-7.353362,2.8862402,3.427619,33.68848,61.386154,255.96536,0.0
2d,1,Left Ankle,4575615,1779734550490,-9.33,-1.87,-2.15,0.3125,-0.8125,0.3125,-0.557312,0.47869873,-0.6154175,-0.28546143
2d,1,Left Ankle,4575635,1779734550491,-9.42,-1.74,-2.23,1.25,-1.5625,0.75,-0.5574951,0.47851562,-0.6154175,-0.28546143
2d,4,Right Wrist,30578581,1779734550491,6.153641,-3.754439,2.2827528,-17.70496,35.421112,52.793728,-142.88419,-41.829315,214.33548,0.0
2d,3,Left Wrist,4375624,1779734550497,9.320246,-10.573586,9.446863,81.52577,-44.0503,40.98922,-103.43178,-52.609463,330.01382,0.0
2d,1,Left Ankle,4575655,1779734550515,-9.45,-1.72,-2.18,1.4375,-2.875,0.1875,-0.5578613,0.47821045,-0.6152954,-0.28552246
2d,2,Right Ankle,1617689,1779734550525,-8.224783,2.4123003,3.8404803,-5.8833623,-1.6637598,1.677619,33.567574,61.36622,255.86108,0.0
2d,1,Left Ankle,4575676,1779734550549,-9.45,-1.75,-1.72,0.6875,-2.25,0.1875,-0.55822754,0.47802734,-0.61505127,-0.28564453
2d,4,Right Wrist,30578641,1779734550549,9.946265,0.38275194,4.558327,-25.964958,42.141113,69.873726,-142.856,-41.86238,214.2895,0.0
2d,3,Left Wrist,4375713,1779734550557,7.346167,-12.198313,7.8556366,-198.26422,-66.3803,28.45922,-103.45582,-52.5798,329.9902,0.0
2d,1,Left Ankle,4575701,1779734550575,-9.54,-1.84,-1.61,-0.375,0.5,-0.3125,-0.5582886,0.4779663,-0.61499023,-0.28570557
2d,1,Left Ankle,4575716,1779734550577,-9.56,-1.8,-1.65,-0.5,2.0625,-0.1875,-0.55810547,0.47808838,-0.61517334,-0.2855835
2d,1,Left Ankle,4575736,1779734550607,-9.42,-1.81,-1.78,-0.9375,3.75,-0.4375,-0.5578613,0.47821045,-0.61535645,-0.2854004
2d,4,Right Wrist,30578701,1779734550608,4.2250266,-0.83280224,-2.5411777,194.67503,-11.898888,30.603727,-142.83052,-41.912376,214.31337,0.0
2d,2,Right Ankle,1617749,1779734550613,-8.143427,2.2591596,3.9505503,-5.043362,-3.69376,3.777619,33.444057,61.34817,255.75441,0.0
2d,3,Left Wrist,4375773,1779734550618,24.311281,-1.2894349,-2.8642087,295.51578,17.9697,49.66922,-103.361084,-52.63472,329.99072,0.0
2d,1,Left Ankle,4575764,1779734550635,-9.3,-1.82,-2.04,-1.4375,4.1875,-0.125,-0.5574341,0.4784546,-0.6156006,-0.28527832
2d,1,Left Ankle,4575780,1779734550642,-9.41,-1.78,-2.19,-1.6875,3.4375,0.125,-0.55688477,0.4788208,-0.6158447,-0.28515625
2d,1,Left Ankle,4575798,1779734550667,-9.19,-1.82,-2.27,-0.9375,2.75,0.3125,-0.55651855,0.47906494,-0.61608887,-0.28497314
2d,4,Right Wrist,30578761,1779734550668,10.298011,-5.546663,0.4953143,7.91504,36.891113,-1.4562719,-142.78265,-41.957413,214.27776,0.0
2d,2,Right Ankle,1617808,1779734550674,-8.291781,2.3859792,3.964907,-4.763362,0.8562402,5.387619,33.331944,61.324444,255.65833,0.0
2d,3,Left Wrist,4375833,1779734550678,12.773089,-11.324933,9.724431,-39.714222,9.429699,58.34922,-103.29146,-52.618492,329.91956,0.0
2d,1,Left Ankle,4575823,1779734550696,-9.44,-1.66,-2.32,-0.5625,1.75,0.75,-0.5562134,0.47906494,-0.616333,-0.28497314
2d,1,Left Ankle,4575837,1779734550697,-9.27,-1.72,-2.34,0.0625,0.375,-0.0625,-0.5560303,0.479187,-0.6165161,-0.2849121
2d,1,Left Ankle,4575863,1779734550724,-9.45,-1.72,-2.22,0.4375,-1.5,-0.4375,-0.5560913,0.47912598,-0.6164551,-0.28497314
2d,4,Right Wrist,30578821,1779734550733,4.481059,-0.3087743,-1.3926228,-26.804958,25.27111,2.8137279,-142.80482,-42.020107,214.28177,0.0
2d,3,Left Wrist,4375893,1779734550738,9.820346,-6.4483604,9.702896,6.5557766,-33.060303,49.31922,-103.23138,-52.609333,329.87805,0.0
2d,1,Left Ankle,4575877,1779734550759,-9.34,-1.78,-2.12,0.625,-2.75,-0.875,-0.5563965,0.47906494,-0.6161499,-0.2850952
2d,1,Left Ankle,4575903,1779734550759,-9.4,-1.8,-2.05,0.75,-1.6875,-1.4375,-0.55670166,0.4790039,-0.61590576,-0.28503418
2d,2,Right Ankle,1617899,1779734550768,-8.169748,2.402729,3.9242294,-4.973362,3.30624,3.917619,33.24021,61.29009,255.58023,0.0
2d,1,Left Ankle,4575919,1779734550785,-9.18,-1.91,-2.01,1.25,-1.75,-0.875,-0.5570679,0.47894287,-0.61572266,-0.28497314
2d,4,Right Wrist,30578881,1779734550791,5.2539406,-0.15802667,-2.5890338,20.16504,33.321114,-20.356272,-142.84134,-42.090458,214.30994,0.0
2d,3,Left Wrist,4375954,1779734550800,11.799211,-4.5460663,8.035098,129.26578,30.289698,37.839222,-103.10553,-52.62098,329.80585,0.0
2d,1,Left Ankle,4575939,1779734550817,-9.36,-1.86,-1.92,0.875,-1.0625,0.8125,-0.557312,0.47875977,-0.6156006,-0.28497314
2d,1,Left Ankle,4575964,1779734550817,-9.38,-1.84,-1.89,0.8125,-1.4375,1.4375,-0.5576782,0.47827148,-0.61553955,-0.2852173
2d,2,Right Ankle,1617958,1779734550826,-8.152998,2.4864779,3.7495532,-5.1133623,1.2762402,2.237619,33.337738,61.232975,255.66774,0.0
2d,1,Left Ankle,4575978,1779734550850,-9.56,-1.68,-2.01,0.75,-2.25,0.25,-0.5578003,0.47821045,-0.6154785,-0.28527832
2d,4,Right Wrist,30578941,1779734550850,9.237989,-3.3859441,2.239682,53.90504,61.041115,-23.506271,-142.78775,-42.14788,214.2819,0.0
2d,3,Left Wrist,4376013,1779734550858,10.219947,-10.544873,6.946364,68.29578,-15.490301,74.16922,-103.00552,-52.59096,329.745,0.0
2d,1,Left Ankle,4576003,1779734550876,-9.36,-1.81,-2.05,1.1875,-3.8125,-0.625,-0.5582886,0.47790527,-0.6151123,-0.28546143
2d,1,Left Ankle,4576024,1779734550876,-9.53,-1.77,-1.72,0.8125,-2.875,-0.375,-0.5588989,0.4776001,-0.6147461,-0.2857666
2d,1,Left Ankle,4576041,1779734550907,-9.61,-1.85,-1.48,-0.0625,0.375,-0.5,-0.5588989,0.4776001,-0.6147461,-0.2857666
2d,4,Right Wrist,30579000,1779734550909,6.213462,-4.1301117,0.2536392,14.91504,10.151112,8.133728,-142.7333,-42.17882,214.24557,0.0
2d,2,Right Ankle,1618048,1779734550914,-8.373137,2.3381228,3.6490545,-4.973362,-1.9437598,0.417619,33.30568,61.295982,255.64105,0.0
2d,3,Left Wrist,4376074,1779734550918,8.214762,-7.8960176,10.320244,-17.034224,-1.9803007,55.899223,-102.93827,-52.574303,329.68457,0.0
2d,1,Left Ankle,4576063,1779734550942,-9.51,-1.84,-1.59,-0.75,4.0,-0.0625,-0.55859375,0.4777832,-0.61499023,-0.28552246
2d,1,Left Ankle,4576082,1779734550943,-9.62,-1.75,-1.66,-1.25,8.0,0.875,-0.55773926,0.4781494,-0.6156616,-0.28515625
2d,1,Left Ankle,4576104,1779734550967,-9.45,-1.82,-1.78,-2.25,11.6875,0.1875,-0.55633545,0.4788208,-0.6166382,-0.28448486
2d,4,Right Wrist,30579061,1779734550969,8.972386,1.5313059,2.8833513,-7.9749603,-6.298889,7.083728,-142.73233,-42.215008,214.24258,0.0
2d,2,Right Ankle,1618109,1779734550974,-8.37553,2.388372,3.78066,-4.343362,-4.5337596,2.377619,33.208366,61.351917,255.5569,0.0
2d,3,Left Wrist,4376133,1779734550979,9.461422,-4.467103,1.4979069,-66.174225,-62.810303,60.16922,-102.92217,-52.587498,329.66357,0.0
2d,1,Left Ankle,4576126,1779734551001,-9.38,-1.79,-2.15,-2.375,11.4375,0.125,-0.55493164,0.47961426,-0.61761475,-0.28381348
2d,1,Left Ankle,4576143,1779734551002,-9.16,-1.81,-2.32,-2.0,10.375,-0.0625,-0.5543213,0.47991943,-0.618042,-0.2835083
2d,1,Left Ankle,4576166,1779734551033,-9.14,-1.83,-2.64,-0.8125,4.9375,0.25,-0.5531616,0.48059082,-0.6188965,-0.28289795
2d,4,Right Wrist,30579121,1779734551033,5.3711886,-3.67069,-1.0025927,123.83504,-80.988884,-25.536272,-142.66087,-42.22918,214.24156,0.0
2d,3,Left Wrist,4376194,1779734551038,12.6797695,-14.804097,8.623733,-11.504224,23.919699,57.859222,-102.83403,-52.560875,329.5827,0.0
2d,1,Left Ankle,4576183,1779734551056,-9.28,-1.77,-2.56,-0.375,3.3125,0.875,-0.5529175,0.48065186,-0.6190796,-0.28277588
2d,1,Left Ankle,4576206,1779734551058,-9.26,-1.76,-2.2,0.3125,1.25,0.875,-0.5526123,0.48065186,-0.6194458,-0.2826538
2d,2,Right Ankle,1618199,1779734551068,-8.176927,2.4123003,3.739982,-4.973362,-5.58376,2.727619,33.066185,61.382324,255.4335,0.0
2d,1,Left Ankle,4576231,1779734551087,-9.63,-1.7,-2.08,0.125,-0.875,0.25,-0.55267334,0.48059082,-0.61938477,-0.28271484
2d,4,Right Wrist,30579181,1779734551089,7.0700927,-4.711568,-2.5818558,-118.15496,-3.3588886,-18.186272,-142.65535,-42.266285,214.21437,0.0
2d,3,Left Wrist,4376253,1779734551100,11.84228,-9.154643,8.819944,-179.92422,56.609703,100.20922,-102.78959,-52.537994,329.48108,0.0
2d,1,Left Ankle,4576246,1779734551124,-9.65,-1.85,-1.88,-0.0625,-2.875,-1.0625,-0.5529175,0.4805298,-0.6191406,-0.28289795
2d,1,Left Ankle,4576275,1779734551150,-9.33,-1.79,-1.83,-0.3125,-0.4375,-0.75,-0.5531006,0.48059082,-0.6189575,-0.28289795
2d,1,Left Ankle,4576286,1779734551150,-9.03,-1.82,-2.06,-1.25,1.875,-0.6875,-0.55285645,0.48083496,-0.61901855,-0.28277588
2d,4,Right Wrist,30579241,1779734551150,7.11077,-0.7945172,-4.6325045,-116.61496,11.201112,-28.266272,-142.7657,-42.32933,214.26532,0.0
2d,2,Right Ankle,1618289,1779734551158,-8.210426,2.4123003,3.9864426,-3.083362,-8.31376,1.677619,32.98136,61.339787,255.35948,0.0
2d,3,Left Wrist,4376313,1779734551159,10.370695,-9.532709,2.7661028,-81.854225,51.009697,63.59922,-102.70786,-52.514217,329.37997,0.0
2d,1,Left Ankle,4576315,1779734551179,-9.34,-1.76,-2.28,-1.0,3.3125,0.375,-0.55249023,0.4810791,-0.6192627,-0.2826538
2d,1,Left Ankle,4576334,1779734551205,-9.2,-1.76,-2.43,0.125,0.5,-0.25,-0.5522461,0.48114014,-0.6194458,-0.2824707
2d,4,Right Wrist,30579301,1779734551208,2.7917256,-6.3123665,-5.1589255,-242.12495,66.221115,4.983728,-142.7859,-42.282677,214.21062,0.0
2d,2,Right Ankle,1618378,1779734551229,-8.17214,2.4481928,4.017549,-3.9933622,-3.9037595,1.677619,32.91682,61.291508,255.30397,0.0
2d,3,Left Wrist,4376374,1779734551229,9.865809,-6.914961,7.836494,386.23578,-16.610302,1.5092201,-102.50998,-52.521793,329.33337,0.0
2d,1,Left Ankle,4576355,1779734551236,-9.18,-1.82,-2.27,0.3125,-1.875,-0.375,-0.55236816,0.48114014,-0.61932373,-0.28259277
2d,1,Left Ankle,4576375,1779734551244,-9.63,-1.77,-2.09,0.4375,-3.125,-0.875,-0.5529175,0.48101807,-0.61883545,-0.28277588
2d,1,Left Ankle,4576394,1779734551270,-9.09,-1.88,-2.19,0.8125,-2.25,-1.125,-0.55322266,0.480896,-0.61865234,-0.2828369
2d,1,Left Ankle,4576414,1779734551270,-9.22,-1.76,-2.24,1.25,-1.0,0.625,-0.55340576,0.48065186,-0.61865234,-0.2828369
2d,4,Right Wrist,30579361,1779734551271,1.076072,-1.4477578,7.472785,-4.33496,1.8911114,95.84373,-142.73843,-42.276356,214.15765,0.0
2d,2,Right Ankle,1618439,1779734551272,-7.8850017,2.4577641,3.859623,-6.023362,-0.8237598,0.417619,32.89641,61.23326,255.28789,0.0
2d,3,Left Wrist,4376433,1779734551280,7.788839,-9.106787,11.581263,235.80577,78.8697,119.31923,-102.31303,-52.48594,329.22058,0.0
2d,1,Left Ankle,4576432,1779734551295,-9.35,-1.77,-2.21,0.9375,-2.25,0.3125,-0.55358887,0.4805298,-0.6185303,-0.28289795
2d,1,Left Ankle,4576454,1779734551327,-9.21,-1.8,-2.29,1.0,-5.625,-0.125,-0.5543213,0.48010254,-0.618042,-0.28320312
2d,4,Right Wrist,30579421,1779734551329,2.1528423,1.0264205,10.265209,36.195038,98.35111,41.87373,-142.6797,-42.311832,214.10263,0.0
2d,2,Right Ankle,1618499,1779734551336,-8.126677,2.4769065,3.8309093,-6.163362,-0.6837598,-4.762381,32.890194,61.17327,255.2836,0.0
2d,3,Left Wrist,4376494,1779734551343,7.1667056,-3.9933245,11.483156,-138.90422,92.3097,75.63922,-102.251495,-52.476986,329.1107,0.0
2d,1,Left Ankle,4576478,1779734551361,-9.2,-1.76,-2.32,1.375,-7.8125,0.3125,-0.55511475,0.47973633,-0.6174927,-0.28363037
2d,1,Left Ankle,4576497,1779734551361,-9.48,-1.7,-2.27,1.625,-8.125,0.0,-0.5560913,0.479187,-0.6168213,-0.28399658
2d,1,Left Ankle,4576515,1779734551385,-9.21,-1.92,-1.98,2.375,-9.0,-0.9375,-0.557251,0.47869873,-0.61602783,-0.2843628
2d,4,Right Wrist,30579481,1779734551393,9.013064,4.5271196,0.2847459,115.01504,132.0211,-21.336271,-142.642,-42.3952,214.08798,0.0
2d,3,Left Wrist,4376553,1779734551398,6.697712,-4.849955,4.7641096,-9.6142235,78.1697,92.019226,-102.13953,-52.459923,328.99884,0.0
2d,1,Left Ankle,4576540,1779734551418,-9.25,-1.87,-1.81,2.375,-8.625,0.375,-0.5583496,0.47802734,-0.6152954,-0.28479004
2d,1,Left Ankle,4576562,1779734551419,-9.66,-1.89,-1.5,1.9375,-7.875,0.6875,-0.5593262,0.477417,-0.61468506,-0.28533936
2d,2,Right Ankle,1618558,1779734551428,-7.770147,2.364444,3.8548372,-7.4233623,-9.01376,-7.9823813,32.828148,61.122112,255.22957,0.0
2d,1,Left Ankle,4576576,1779734551451,-9.49,-1.84,-1.47,1.1875,-5.5,0.3125,-0.5600586,0.47698975,-0.6141968,-0.28564453
2d,4,Right Wrist,30579541,1779734551451,12.583156,-2.3857443,2.498107,45.43504,142.03111,-22.876272,-142.58522,-42.479465,214.04283,0.0
2d,3,Left Wrist,4376614,1779734551459,7.437094,-11.133507,6.367301,-103.41423,21.329699,97.05922,-102.08392,-52.41255,328.91733,0.0
2d,1,Left Ankle,4576601,1779734551477,-9.35,-1.91,-1.69,0.5625,-3.8125,0.8125,-0.56048584,0.47668457,-0.61383057,-0.28601074
2d,1,Left Ankle,4576615,1779734551478,-9.32,-1.82,-1.83,0.6875,-2.5,1.8125,-0.56085205,0.47631836,-0.61364746,-0.28637695
2d,2,Right Ankle,1618649,1779734551486,-8.263068,2.0605555,4.0510488,-3.083362,-11.18376,-4.272381,32.681465,61.12413,255.10043,0.0
2d,1,Left Ankle,4576636,1779734551509,-9.42,-1.75,-2.03,0.4375,-1.4375,1.375,-0.56103516,0.47601318,-0.6135864,-0.2866211
2d,4,Right Wrist,30579601,1779734551510,15.12912,-1.8186452,3.8835511,-26.59496,114.94112,-0.6862719,-142.556,-42.550976,213.99895,0.0
2d,3,Left Wrist,4376673,1779734551518,8.150155,-6.941282,4.9124646,-351.56424,-23.1903,119.52922,-102.1306,-52.373024,328.8565,0.0
2d,1,Left Ankle,4576663,1779734551535,-9.41,-1.77,-2.11,1.0625,-2.375,0.4375,-0.5612793,0.47576904,-0.6135254,-0.28674316
2d,1,Left Ankle,4576681,1779734551536,-9.43,-1.81,-1.78,1.3125,-5.5625,0.625,-0.56188965,0.4753418,-0.61309814,-0.28704834
2d,2,Right Ankle,1618708,1779734551545,-8.332459,2.03902,4.453043,-1.1233621,-3.0637598,3.497619,32.563416,61.104015,254.99763,0.0
2d,1,Left Ankle,4576708,1779734551568,-9.64,-1.77,-1.51,1.0,-5.5,0.875,-0.5628052,0.47473145,-0.6124878,-0.2876587
2d,4,Right Wrist,30579661,1779734551569,11.142678,-2.4144583,3.5030923,-88.05496,70.35111,-13.776272,-142.55432,-42.610226,213.96883,0.0
2d,3,Left Wrist,4376734,1779734551577,6.6809626,-8.551651,8.99462,-93.75423,-59.310303,36.649223,-102.11678,-52.351974,328.83038,0.0
2d,1,Left Ankle,4576725,1779734551595,-9.68,-1.78,-1.4,0.3125,-0.25,0.375,-0.56292725,0.4746704,-0.6123657,-0.28771973
2d,2,Right Ankle,1618768,1779734551602,-8.133856,2.1490898,4.3669014,-0.703362,6.5262403,9.587619,32.466743,61.075756,254.91518,0.0
2d,1,Left Ankle,4576746,1779734551626,-9.41,-1.8,-1.56,0.5,4.0,1.3125,-0.56256104,0.4746704,-0.61279297,-0.28753662
2d,1,Left Ankle,4576764,1779734551626,-9.52,-1.79,-1.83,-0.25,5.125,0.6875,-0.5621338,0.47479248,-0.61328125,-0.28729248
2d,4,Right Wrist,30579721,1779734551628,6.0316076,1.3949159,-2.457429,39.20504,-83.08889,-42.336273,-142.616,-42.646595,214.04149,0.0
2d,3,Left Wrist,4376793,1779734551637,7.8893375,-11.210078,9.647861,-12.344223,-20.6703,58.55922,-102.05415,-52.3222,328.77905,0.0
2d,1,Left Ankle,4576784,1779734551660,-9.15,-1.82,-2.2,-0.5,4.375,1.5,-0.5615845,0.47473145,-0.61383057,-0.2871704
2d,2,Right Ankle,1618829,1779734551662,-8.215212,2.4410143,3.9505503,-1.1233621,10.65624,10.07762,32.411026,61.030693,254.86917,0.0
2d,1,Left Ankle,4576810,1779734551686,-9.32,-1.57,-2.5,0.25,1.75,2.25,-0.5614624,0.47460938,-0.6140137,-0.28723145
2d,1,Left Ankle,4576825,1779734551686,-9.16,-1.73,-2.51,1.625,-3.4375,-0.0625,-0.5618286,0.47436523,-0.61383057,-0.28735352
2d,4,Right Wrist,30579781,1779734551694,-4.7313085,-1.8760734,-0.5455636,31.855038,-234.4989,-70.40627,-142.65742,-42.56428,214.12802,0.0
2d,3,Left Wrist,4376853,1779734551698,4.7762756,-12.480666,8.9013,27.975777,90.6997,91.24922,-101.92915,-52.27861,328.66486,0.0
2d,1,Left Ankle,4576853,1779734551718,-8.97,-1.79,-2.48,2.6875,-8.4375,0.4375,-0.56274414,0.47375488,-0.61328125,-0.2876587
2d,2,Right Ankle,1618888,1779734551727,-7.8586807,2.5271559,3.842873,-2.3133621,6.80624,2.587619,32.458103,60.96902,254.91203,0.0
2d,1,Left Ankle,4576877,1779734551745,-9.48,-1.67,-2.19,3.3125,-12.75,0.375,-0.5651245,0.47235107,-0.61169434,-0.28863525
2d,1,Left Ankle,4576895,1779734551746,-9.45,-1.76,-1.75,3.75,-15.0,-1.375,-0.5670166,0.4713745,-0.6104126,-0.28936768
2d,4,Right Wrist,30579841,1779734551751,-9.780165,2.3089738,4.6971107,-56.76496,-184.09889,-76.916275,-142.72946,-42.520836,214.20778,0.0
2d,3,Left Wrist,4376914,1779734551757,2.909874,-8.22862,5.383851,-68.76423,102.6697,85.71922,-101.83387,-52.235157,328.5453,0.0
2d,1,Left Ankle,4576915,1779734551776,-9.39,-1.78,-1.7,4.1875,-14.5625,-2.0,-0.5689697,0.47045898,-0.6090088,-0.289917
2d,2,Right Ankle,1618949,1779734551784,-7.265261,2.5774052,3.694518,-1.2633619,-2.0837598,-7.632381,32.51302,60.907516,254.95914,0.0
2d,1,Left Ankle,4576935,1779734551806,-9.45,-1.79,-1.52,4.5,-12.9375,-1.8125,-0.5708008,0.4696045,-0.6077881,-0.29034424
2d,4,Right Wrist,30579901,1779734551809,-1.9245276,-1.538685,11.705688,43.335037,-53.968887,-91.26627,-142.72633,-42.53333,214.24301,0.0
2d,3,Left Wrist,4376973,1779734551820,2.950552,-6.6015015,3.4767714,57.235775,100.149704,77.87922,-101.69451,-52.19162,328.42654,0.0
2d,1,Left Ankle,4576962,1779734551836,-9.66,-1.96,-0.97,3.75,-12.875,-0.5625,-0.57244873,0.46862793,-0.60668945,-0.29083252
2d,1,Left Ankle,4576978,1779734551836,-9.43,-1.88,-0.95,2.6875,-8.25,0.375,-0.57366943,0.4678955,-0.605896,-0.2913208
2d,2,Right Ankle,1619008,1779734551842,-8.418601,2.2950523,3.7495532,-5.3233624,-7.3337593,-13.372381,32.460014,60.971493,254.91187,0.0
2d,4,Right Wrist,30579961,1779734551869,4.4308095,1.1412767,6.6161547,-36.95496,119.28111,-75.79627,-142.7211,-42.60734,214.22768,0.0
2d,1,Left Ankle,4577002,1779734551869,-9.71,-1.79,-0.98,1.5625,-6.3125,1.25,-0.5744629,0.46728516,-0.6054077,-0.29174805
2d,3,Left Wrist,4377034,1779734551877,4.453244,-8.532509,1.2562318,35.325775,85.0297,42.179222,-101.579926,-52.13673,328.32617,0.0
2d,1,Left Ankle,4577022,1779734551902,-9.57,-1.88,-1.2,0.4375,-5.6875,0.3125,-0.57543945,0.4666748,-0.60461426,-0.29241943
2d,1,Left Ankle,4577043,1779734551903,-9.57,-1.81,-1.18,-0.125,-3.75,1.25,-0.576355,0.46606445,-0.6039429,-0.29309082
2d,2,Right Ankle,1619069,1779734551904,-8.097963,2.0605555,3.8069808,-6.583362,-9.22376,-13.092381,32.310036,61.004807,254.78,0.0
2d,1,Left Ankle,4577063,1779734551927,-9.86,-1.75,-1.26,-0.5625,-1.5625,1.0,-0.57684326,0.4656372,-0.6035156,-0.2935791
2d,4,Right Wrist,30580021,1779734551929,11.812667,-1.0194424,4.2687955,-1.53496,173.2511,-28.89627,-142.67891,-42.69897,214.17766,0.0
2d,3,Left Wrist,4377093,1779734551940,6.037293,-8.283655,-0.021535404,-25.224224,46.109703,6.129223,-101.51197,-52.081196,328.2556,0.0
2d,1,Left Ankle,4577078,1779734551961,-9.65,-1.84,-1.11,-0.5,-0.25,-0.0625,-0.5772705,0.46533203,-0.6032715,-0.29382324
2d,1,Left Ankle,4577103,1779734551961,-9.58,-1.76,-1.22,-0.375,1.9375,1.25,-0.57751465,0.4650879,-0.6031494,-0.29400635
2d,1,Left Ankle,4577122,1779734551986,-9.68,-1.88,-1.0,-0.8125,4.0,1.25,-0.5775757,0.4649048,-0.6031494,-0.29412842
2d,4,Right Wrist,30580081,1779734551994,14.547664,-0.38295186,3.4767714,-52.144962,182.4911,6.313728,-142.64896,-42.789185,214.1153,0.0
2d,2,Right Ankle,1619128,1779734551995,-8.478422,1.6848822,4.249653,-8.053362,-8.45376,-4.0623813,32.1602,61.01763,254.65004,0.0
2d,3,Left Wrist,4377154,1779734551999,7.1236343,-10.662122,-2.3138595,-85.84423,-32.7103,12.779221,-101.55914,-51.998955,328.2755,0.0
2d,1,Left Ankle,4577140,1779734552020,-9.6,-1.83,-1.04,-1.4375,7.25,1.75,-0.5773926,0.4647827,-0.6033325,-0.2942505
2d,1,Left Ankle,4577165,1779734552020,-9.58,-1.85,-1.19,-3.25,10.375,2.25,-0.57629395,0.46520996,-0.60406494,-0.29418945
2d,1,Left Ankle,4577183,1779734552047,-9.46,-1.7,-1.54,-3.3125,11.75,1.4375,-0.5755615,0.4656372,-0.60461426,-0.2939453
2d,4,Right Wrist,30580141,1779734552052,13.31536,-0.6102701,5.0751767,-38.35496,125.23112,10.4437275,-142.62024,-42.859085,214.06506,0.0
2d,2,Right Ankle,1619189,1779734552054,-8.487993,1.6633468,4.2831526,-7.0733624,0.8562402,7.977619,32.020393,61.02946,254.53113,0.0
2d,3,Left Wrist,4377213,1779734552059,6.860424,-8.798113,0.8566305,-359.68423,-82.2703,-22.78078,-101.6524,-51.96047,328.2683,0.0
2d,1,Left Ankle,4577205,1779734552078,-9.41,-1.83,-1.79,-3.125,11.375,0.875,-0.57336426,0.46679688,-0.60614014,-0.2932129
2d,1,Left Ankle,4577227,1779734552107,-9.43,-1.7,-2.12,-2.5625,9.3125,1.125,-0.5727539,0.46710205,-0.6065674,-0.2930298
2d,1,Left Ankle,4577244,1779734552108,-9.36,-1.71,-2.07,-2.3125,6.125,0.8125,-0.57147217,0.46777344,-0.6074219,-0.2927246
2d,4,Right Wrist,30580201,1779734552109,4.481059,-1.4669003,3.9074795,-162.25496,6.6511116,-8.526272,-142.65083,-42.889492,214.04805,0.0
2d,2,Right Ankle,1619279,1779734552115,-8.373137,2.065341,4.173083,-5.253362,13.31624,18.89762,31.895737,61.030132,254.42755,0.0
2d,3,Left Wrist,4377273,1779734552118,8.154941,-3.7444706,4.955536,-118.814224,-49.8603,-100.480774,-101.65932,-52.01234,328.25595,0.0
2d,1,Left Ankle,4577265,1779734552137,-9.4,-1.68,-2.04,-1.125,4.6875,0.0625,-0.5708008,0.46820068,-0.6078491,-0.29241943
2d,1,Left Ankle,4577281,1779734552138,-9.23,-1.76,-1.98,-0.9375,4.125,0.3125,-0.5704346,0.4683838,-0.60809326,-0.29223633
2d,1,Left Ankle,4577304,1779734552168,-9.22,-1.81,-2.03,0.8125,1.75,0.75,-0.56970215,0.46875,-0.60876465,-0.291687
2d,4,Right Wrist,30580261,1779734552169,1.643171,1.0407774,7.984849,-171.63496,-64.39889,-59.55627,-142.72289,-42.901554,214.0784,0.0
2d,2,Right Ankle,1619338,1779734552172,-8.203248,2.3524797,3.7447674,-2.593362,16.39624,19.527618,31.93207,61.088913,254.46442,0.0
2d,3,Left Wrist,4377333,1779734552177,11.650855,-14.58635,5.666204,-35.37422,29.0297,-95.93077,-101.59164,-52.029663,328.19092,0.0
2d,1,Left Ankle,4577326,1779734552195,-9.48,-1.68,-2.02,1.125,-2.0,1.1875,-0.5696411,0.4685669,-0.6090088,-0.29162598
2d,1,Left Ankle,4577347,1779734552225,-9.39,-1.67,-2.05,1.625,-2.625,0.75,-0.5697632,0.46844482,-0.6090088,-0.29162598
2d,1,Left Ankle,4577365,1779734552227,-9.24,-1.65,-2.19,2.75,-5.4375,0.8125,-0.5701904,0.46801758,-0.60894775,-0.29162598
2d,4,Right Wrist,30580321,1779734552228,1.0880362,1.0072786,6.707082,-106.53496,-94.708885,-102.39628,-142.78986,-42.91355,214.13419,0.0
2d,2,Right Ankle,1619399,1779734552232,-8.248711,2.5271559,3.67059,-2.033362,15.69624,18.757618,32.059414,61.114353,254.58061,0.0
2d,3,Left Wrist,4377393,1779734552237,13.514864,-11.643178,3.1465619,-34.044224,98.8197,-51.410778,-101.48391,-52.052464,328.07803,0.0
2d,1,Left Ankle,4577386,1779734552263,-9.34,-1.75,-2.02,3.0,-8.25,0.0,-0.5708008,0.46759033,-0.6086426,-0.291687
2d,1,Left Ankle,4577406,1779734552263,-9.33,-1.73,-1.63,3.25,-10.75,0.8125,-0.5720825,0.46673584,-0.60791016,-0.2921753
2d,1,Left Ankle,4577430,1779734552287,-9.57,-1.81,-1.29,2.6875,-11.3125,0.625,-0.57336426,0.4658203,-0.6069946,-0.29284668
2d,4,Right Wrist,30580381,1779734552290,-2.5729823,0.011863456,4.4889355,83.65504,-136.6389,-129.69627,-142.80482,-42.905354,214.21184,0.0
2d,2,Right Ankle,1619458,1779734552292,-8.062071,2.7137961,3.4193435,-2.103362,17.30624,13.857618,32.2008,61.129116,254.70859,0.0
2d,3,Left Wrist,4377454,1779734552307,10.289339,-12.02603,-1.8305094,104.13577,95.4597,-33.28078,-101.386696,-51.99682,328.0114,0.0
2d,1,Left Ankle,4577446,1779734552316,-9.66,-1.77,-1.13,2.5625,-10.6875,1.0625,-0.57470703,0.46496582,-0.60614014,-0.29351807
2d,1,Left Ankle,4577468,1779734552346,-9.66,-1.74,-1.21,2.625,-8.625,0.9375,-0.57580566,0.46417236,-0.6054077,-0.29400635
2d,1,Left Ankle,4577492,1779734552353,-9.46,-1.8,-1.25,2.0,-6.875,0.5625,-0.5767212,0.463562,-0.6048584,-0.29437256
2d,4,Right Wrist,30580441,1779734552353,-7.562018,-0.9668004,5.3240304,239.61504,-164.4289,-88.32628,-142.76167,-42.870132,214.28288,0.0
2d,2,Right Ankle,1619519,1779734552353,-8.105142,2.8406157,3.2733815,-6.933362,16.74624,9.167619,32.33519,61.14728,254.83124,0.0
2d,3,Left Wrist,4377513,1779734552358,8.33201,-15.170198,-5.7690954,-82.90423,136.4097,-33.70078,-101.39908,-51.948135,327.97104,0.0
2d,1,Left Ankle,4577513,1779734552376,-9.43,-1.77,-1.38,1.5,-4.8125,1.125,-0.57751465,0.4630127,-0.6043091,-0.2947998
2d,1,Left Ankle,4577527,1779734552377,-9.67,-1.69,-1.34,0.875,-4.8125,1.375,-0.578125,0.46246338,-0.6039429,-0.29516602
2d,1,Left Ankle,4577547,1779734552412,-9.66,-1.83,-1.14,0.6875,-5.25,0.25,-0.5788574,0.4619751,-0.60339355,-0.2956543
2d,4,Right Wrist,30580501,1779734552412,-7.3514495,-6.9679995,1.6127625,369.25504,-102.96889,-26.586271,-142.63043,-42.822765,214.30275,0.0
2d,2,Right Ankle,1619579,1779734552412,-7.968751,2.6420112,2.9383864,-37.943363,19.40624,1.397619,32.430367,61.184616,254.92815,0.0
2d,3,Left Wrist,4377574,1779734552417,10.6434765,-13.933109,-9.075976,-237.67422,197.3797,25.239222,-101.47187,-51.90908,327.92035,0.0
2d,1,Left Ankle,4577568,1779734552435,-9.64,-1.77,-0.74,0.5,-4.8125,1.875,-0.5793457,0.4616089,-0.60302734,-0.29608154
2d,1,Left Ankle,4577592,1779734552470,-9.9,-1.77,-0.82,-0.875,-1.75,1.625,-0.5795288,0.4613037,-0.60284424,-0.2965088
2d,1,Left Ankle,4577610,1779734552470,-9.78,-1.67,-1.46,-0.5625,0.6875,1.5,-0.5793457,0.46124268,-0.6029663,-0.2966919
2d,4,Right Wrist,30580561,1779734552470,-5.1787663,-8.195518,3.4791641,344.12503,9.731112,93.18372,-142.44725,-42.78888,214.23949,0.0
2d,2,Right Ankle,1619638,1779734552472,-8.234354,2.8334372,2.9024937,-25.903362,5.7562404,-5.322381,32.52584,61.21712,255.01949,0.0
2d,3,Left Wrist,4377633,1779734552479,13.086549,-6.414861,-14.859428,-274.35422,136.19969,116.799225,-101.604385,-51.88253,327.91556,0.0
2d,1,Left Ankle,4577632,1779734552495,-9.58,-1.7,-1.48,-1.1875,0.125,1.75,-0.5791626,0.4611206,-0.6030884,-0.29699707
2d,1,Left Ankle,4577654,1779734552525,-9.35,-1.62,-1.75,-0.5,2.625,0.625,-0.5787964,0.46118164,-0.6034546,-0.29693604
2d,4,Right Wrist,30580621,1779734552528,-0.2591231,-0.70119715,1.6319051,111.30504,169.0511,62.10373,-142.33008,-42.827854,214.14725,0.0
2d,3,Left Wrist,4377694,1779734552537,17.032314,-6.0966153,-7.5996046,-160.60423,48.9797,122.46922,-101.717476,-51.88499,327.9448,0.0
2d,1,Left Ankle,4577679,1779734552561,-9.57,-1.57,-1.76,-0.5,0.625,0.5,-0.57873535,0.46118164,-0.6035156,-0.29693604
2d,1,Left Ankle,4577695,1779734552561,-9.51,-1.66,-1.92,0.875,-2.5625,-0.4375,-0.57873535,0.46118164,-0.6035156,-0.296875
2d,2,Right Ankle,1619699,1779734552563,-8.825381,2.3931577,2.8666015,-14.843363,-3.4837599,-9.24238,32.565594,61.269524,255.05727,0.0
2d,1,Left Ankle,4577715,1779734552586,-9.39,-1.78,-1.81,1.1875,-5.0,-0.0625,-0.5791626,0.46087646,-0.6032715,-0.29711914
2d,1,Left Ankle,4577733,1779734552587,-9.47,-1.7,-1.43,1.5,-6.875,1.0625,-0.57995605,0.4602661,-0.60272217,-0.29760742
2d,4,Right Wrist,30580681,1779734552589,5.4549375,4.7711883,-2.2899313,-22.04496,204.6111,-43.73627,-142.36305,-42.93045,214.14128,0.0
2d,3,Left Wrist,4377753,1779734552600,13.352152,-6.5608234,-4.3238306,-19.204224,-1.0703006,72.55922,-101.80128,-51.904266,328.0025,0.0
2d,1,Left Ankle,4577756,1779734552621,-9.5,-1.73,-0.83,0.875,-5.4375,0.5,-0.58062744,0.45983887,-0.6022339,-0.29797363
2d,2,Right Ankle,1619758,1779734552628,-8.258282,2.2113032,3.144169,-8.263362,-11.463759,-5.9523807,32.58859,61.32299,255.07806,0.0
2d,1,Left Ankle,4577776,1779734552647,-9.72,-1.7,-0.94,0.5625,-0.75,0.375,-0.58081055,0.4597168,-0.6020508,-0.29815674
2d,4,Right Wrist,30580741,1779734552654,6.514958,1.7705882,-2.2444677,-58.44496,158.2711,-48.07627,-142.40842,-43.03433,214.14334,0.0
2d,3,Left Wrist,4377813,1779734552658,11.98585,-8.434403,-4.3525443,-10.524223,-2.1903007,27.759222,-101.89558,-51.899014,328.07306,0.0
2d,1,Left Ankle,4577798,1779734552680,-9.7,-1.77,-1.06,-0.25,2.1875,0.0,-0.58062744,0.45977783,-0.6022339,-0.29803467
2d,1,Left Ankle,4577818,1779734552680,-9.55,-1.71,-1.26,-0.25,4.625,0.3125,-0.58032227,0.4598999,-0.60253906,-0.29779053
2d,2,Right Ankle,1619848,1779734552688,-8.423388,2.24241,3.438486,-2.593362,-9.01376,1.957619,32.596226,61.379726,255.08505,0.0
2d,1,Left Ankle,4577841,1779734552712,-9.53,-1.67,-1.3,-0.9375,5.4375,0.4375,-0.5797119,0.4602661,-0.60302734,-0.29742432
2d,3,Left Wrist,4377874,1779734552720,12.368702,-5.8070836,-6.1591253,71.23577,-3.9403007,38.81922,-101.96388,-51.911663,328.1455,0.0
2d,1,Left Ankle,4577863,1779734552737,-9.65,-1.7,-1.38,-0.8125,5.4375,0.375,-0.5790405,0.46063232,-0.6035156,-0.2970581
2d,1,Left Ankle,4577881,1779734552739,-9.41,-1.69,-1.48,-1.375,5.9375,0.1875,-0.5784302,0.46105957,-0.6040039,-0.29681396
2d,4,Right Wrist,30580801,1779734552748,5.744469,1.2680957,-2.4215367,45.36504,90.30112,-43.176273,-142.43614,-43.119144,214.16776,0.0
2d,2,Right Ankle,1619909,1779734552748,-8.339638,2.251981,3.5605202,1.8866382,-3.7637596,6.297619,32.589867,61.4395,255.07944,0.0
2d,1,Left Ankle,4577902,1779734552771,-9.35,-1.78,-1.65,-1.0,6.375,0.25,-0.5776367,0.46148682,-0.60461426,-0.29638672
2d,3,Left Wrist,4377933,1779734552780,13.187048,-6.977174,-4.9435716,133.95578,-15.6303005,35.59922,-102.01078,-51.930424,328.22092,0.0
2d,1,Left Ankle,4577918,1779734552798,-9.65,-1.66,-1.62,-0.875,2.25,0.875,-0.5772095,0.46166992,-0.60491943,-0.29626465
2d,1,Left Ankle,4577937,1779734552799,-9.56,-1.64,-1.53,-0.75,1.0,0.375,-0.57702637,0.461792,-0.60498047,-0.29632568
2d,4,Right Wrist,30580861,1779734552805,8.307182,1.512164,-1.1485548,-28.06496,77.07111,-59.206272,-142.46738,-43.20306,214.18242,0.0
2d,2,Right Ankle,1619968,1779734552806,-8.332459,2.3548727,3.4672,11.266638,-1.3837599,7.557619,32.64014,61.490795,255.12108,0.0
2d,1,Left Ankle,4577957,1779734552826,-9.5,-1.69,-1.41,-1.0,1.25,0.0625,-0.57684326,0.46191406,-0.6050415,-0.29632568
2d,3,Left Wrist,4377994,1779734552840,12.741982,-7.4724884,-6.128019,-28.514223,-12.830301,18.309221,-102.12009,-51.93777,328.30103,0.0
2d,1,Left Ankle,4577979,1779734552856,-9.71,-1.68,-1.41,-0.9375,2.6875,-0.125,-0.5765381,0.46209717,-0.6052246,-0.29626465
2d,1,Left Ankle,4578004,1779734552857,-9.48,-1.69,-1.34,-0.5625,3.625,0.375,-0.5760498,0.4623413,-0.60565186,-0.29589844
2d,4,Right Wrist,30580951,1779734552865,3.2511477,-3.9674003,-5.501099,210.63504,-15.048889,-14.546272,-142.40948,-43.13094,214.1984,0.0
2d,2,Right Ankle,1620029,1779734552865,-8.28221,2.3165874,3.5174494,2.796638,2.3962402,6.787619,32.67102,61.547184,255.14854,0.0
2d,1,Left Ankle,4578022,1779734552885,-9.22,-1.73,-1.57,-0.4375,5.375,0.1875,-0.5757446,0.46246338,-0.60595703,-0.29571533
2d,3,Left Wrist,4378053,1779734552897,14.249461,-8.065908,-0.009571291,101.755775,-36.3503,35.949223,-102.044,-51.972702,328.27512,0.0
2d,1,Left Ankle,4578039,1779734552922,-9.73,-1.62,-1.77,-0.375,4.5625,0.6875,-0.57525635,0.46270752,-0.6064453,-0.29534912
2d,1,Left Ankle,4578062,1779734552922,-9.44,-1.57,-1.93,0.375,1.8125,0.0,-0.5750122,0.4628296,-0.60668945,-0.29516602
2d,4,Right Wrist,30581011,1779734552922,3.6172495,-7.2383885,-11.432907,65.66504,-31.568888,1.693728,-142.41106,-43.049667,214.21971,0.0
2d,2,Right Ankle,1620088,1779734552923,-8.514315,2.6396184,2.9383864,2.6566377,-1.4537598,5.527619,32.759415,61.58568,255.22609,0.0
2d,1,Left Ankle,4578079,1779734552946,-9.27,-1.72,-1.81,1.125,-0.625,-1.3125,-0.5751343,0.46276855,-0.6066284,-0.29504395
2d,3,Left Wrist,4378114,1779734552957,13.321046,-9.654742,-0.43310088,57.865776,-65.1203,6.339222,-101.972916,-51.987038,328.24844,0.0
2d,1,Left Ankle,4578104,1779734552980,-9.42,-1.69,-1.47,1.375,-3.1875,-0.75,-0.57580566,0.46246338,-0.6062012,-0.29510498
2d,1,Left Ankle,4578124,1779734552980,-9.54,-1.7,-1.35,1.4375,-3.625,-0.25,-0.57629395,0.4621582,-0.60595703,-0.29516602
2d,4,Right Wrist,30581071,1779734552980,3.8589246,-1.2108687,-6.204589,6.0250397,-46.40889,24.723728,-142.50111,-43.00747,214.28482,0.0
2d,2,Right Ankle,1620149,1779734552983,-8.444922,2.5845838,3.17049,-3.153362,-0.9637598,4.827619,32.846275,61.62388,255.30405,0.0
2d,1,Left Ankle,4578143,1779734553005,-9.59,-1.77,-1.24,1.5625,-2.625,-0.625,-0.5765381,0.46203613,-0.60583496,-0.29516602
2d,3,Left Wrist,4378173,1779734553021,8.013764,-7.6208434,-5.8839507,166.01578,-67.0103,1.299221,-102.03372,-51.956596,328.356,0.0
2d,1,Left Ankle,4578164,1779734553039,-9.6,-1.73,-1.23,1.25,-1.4375,-0.625,-0.57684326,0.46185303,-0.6057129,-0.29516602
2d,4,Right Wrist,30581131,1779734553039,4.4978085,1.9333004,-7.578069,23.105042,-48.578888,20.243729,-142.60083,-42.98954,214.36177,0.0
2d,1,Left Ankle,4578179,1779734553039,-9.56,-1.77,-1.08,0.3125,-0.5,-0.4375,-0.57733154,0.4616089,-0.6053467,-0.2952881
2d,1,Left Ankle,4578204,1779734553065,-9.62,-1.7,-1.17,-0.5625,0.75,-0.4375,-0.57769775,0.46142578,-0.60498047,-0.2954712
2d,2,Right Ankle,1620208,1779734553072,-8.184105,2.72576,3.0628128,-4.623362,-1.7337598,3.917619,32.956753,61.649693,255.40308,0.0
2d,3,Left Wrist,4378234,1779734553077,13.232511,-10.035202,-2.9982069,469.39578,-150.3103,14.529221,-102.02231,-51.936344,328.50696,0.0
2d,1,Left Ankle,4578224,1779734553097,-9.53,-1.75,-1.52,-0.8125,2.4375,-0.75,-0.5774536,0.46166992,-0.60510254,-0.2952881
2d,1,Left Ankle,4578240,1779734553097,-9.42,-1.7,-1.65,-0.3125,2.625,-0.5625,-0.57733154,0.46173096,-0.6052246,-0.29516602
2d,4,Right Wrist,30581191,1779734553099,2.3107686,0.13868366,-4.5296135,41.37504,-32.40889,14.223728,-142.68721,-42.959805,214.43265,0.0
2d,1,Left Ankle,4578265,1779734553129,-9.43,-1.73,-1.62,-0.125,0.125,-0.5,-0.5772095,0.461792,-0.6054077,-0.29504395
2d,2,Right Ankle,1620268,1779734553132,-8.401852,2.6515825,3.2997024,-7.353362,-0.5437598,4.337619,33.057995,61.68046,255.495,0.0
2d,3,Left Wrist,4378293,1779734553138,11.569499,-19.395924,2.6273193,277.66577,-170.8903,84.10922,-101.92779,-51.850975,328.54114,0.0
2d,1,Left Ankle,4578283,1779734553155,-9.29,-1.74,-1.6,-0.3125,-0.0625,-0.25,-0.5772095,0.461792,-0.6054077,-0.29504395
2d,1,Left Ankle,4578305,1779734553156,-9.57,-1.67,-1.54,0.1875,-1.0625,0.25,-0.5772705,0.461792,-0.60528564,-0.29516602
2d,4,Right Wrist,30581251,1779734553164,-1.7737797,-3.4170508,-0.9523434,94.78504,46.971115,17.863728,-142.60281,-42.92772,214.38678,0.0
2d,1,Left Ankle,4578324,1779734553189,-9.61,-1.63,-1.5,0.3125,-0.75,-0.1875,-0.5773926,0.46173096,-0.6051636,-0.29516602
2d,3,Left Wrist,4378353,1779734553197,10.545371,-8.762219,6.113662,91.95577,-93.4703,122.88922,-101.85102,-51.806732,328.5203,0.0
2d,1,Left Ankle,4578344,1779734553215,-9.47,-1.78,-1.28,-0.375,-0.6875,-1.125,-0.5776367,0.461792,-0.60491943,-0.29516602
2d,4,Right Wrist,30581311,1779734553218,-1.7235305,-3.2591245,-10.427921,34.65504,62.791115,-3.6962721,-142.6218,-42.87725,214.39896,0.0
2d,2,Right Ankle,1620359,1779734553224,-8.337246,2.7209747,3.1537402,-5.8833623,4.07624,4.617619,33.166916,61.709866,255.59373,0.0
2d,1,Left Ankle,4578367,1779734553247,-9.47,-1.76,-1.41,-0.5,0.0625,-0.75,-0.5777588,0.46185303,-0.60479736,-0.29516602
2d,1,Left Ankle,4578380,1779734553248,-9.65,-1.72,-1.42,-0.6875,0.1875,-0.5625,-0.5777588,0.46185303,-0.60479736,-0.29516602
2d,3,Left Wrist,4378414,1779734553258,12.902302,-14.320746,8.91805,-2.8242235,-18.430302,66.259224,-101.77968,-51.776436,328.46442,0.0
2d,1,Left Ankle,4578405,1779734553281,-9.45,-1.79,-1.46,-0.125,-0.5625,-0.5,-0.5778198,0.46191406,-0.6046753,-0.29510498
2d,2,Right Ankle,1620418,1779734553288,-8.251104,2.7114031,3.2327034,-5.253362,1.4862401,4.267619,33.28303,61.733498,255.69832,0.0
2d,1,Left Ankle,4578428,1779734553308,-9.41,-1.7,-1.64,0.0625,-0.25,0.25,-0.5778198,0.46191406,-0.6046753,-0.29510498
2d,1,Left Ankle,4578445,1779734553315,-9.57,-1.65,-1.65,0.4375,-0.6875,0.3125,-0.5778198,0.46185303,-0.6046753,-0.29516602
2d,3,Left Wrist,4378473,1779734553322,11.1244335,-14.227427,6.0490556,-92.77423,51.219696,72.55922,-101.70822,-51.738976,328.3688,0.0
2d,1,Left Ankle,4578466,1779734553341,-9.46,-1.73,-1.52,0.625,-0.875,-0.1875,-0.57788086,0.46185303,-0.6046753,-0.29516602
2d,1,Left Ankle,4578485,1779734553341,-9.51,-1.77,-1.33,0.4375,-1.0,0.0,-0.578125,0.46166992,-0.6044922,-0.29522705
2d,4,Right Wrist,30581371,1779734553341,-2.8074791,-6.881858,-9.30808,112.56504,-60.058884,-18.886272,-142.60098,-42.79212,214.42471,0.0
2d,2,Right Ankle,1620508,1779734553348,-8.437744,2.716189,3.0388846,-6.023362,-2.2937598,2.377619,33.379116,61.766495,255.78494,0.0
2d,3,Left Wrist,4378534,1779734553380,12.131813,-6.237792,2.4358935,-268.33423,100.4997,74.519226,-101.687454,-51.75442,328.25436,0.0
2d,1,Left Ankle,4578513,1779734553398,-9.58,-1.77,-1.22,0.1875,-0.6875,0.0625,-0.5782471,0.46166992,-0.60443115,-0.2952881
2d,1,Left Ankle,4578528,1779734553399,-9.62,-1.72,-1.25,-0.375,0.75,0.375,-0.57818604,0.46166992,-0.6044922,-0.2952881
2d,4,Right Wrist,30581535,1779734553406,-3.3697927,-6.8722873,-4.156333,22.47504,-7.5588875,-28.616272,-142.58904,-42.667885,214.44815,0.0
2d,2,Right Ankle,1620569,1779734553406,-8.272639,2.6707253,3.1896327,-5.813362,-3.9737597,2.657619,33.48416,61.793766,255.8793,0.0
2d,1,Left Ankle,4578548,1779734553431,-9.53,-1.78,-1.32,-0.25,2.5,0.0625,-0.578125,0.46166992,-0.6045532,-0.29516602
2d,1,Left Ankle,4578571,1779734553432,-9.59,-1.65,-1.45,-0.4375,2.875,0.625,-0.57788086,0.46173096,-0.6047363,-0.29504395
2d,3,Left Wrist,4378593,1779734553438,9.81556,-13.516758,0.45702913,-123.50423,90.1397,63.80922,-101.624214,-51.688053,328.14896,0.0
2d,1,Left Ankle,4578588,1779734553458,-9.45,-1.78,-1.44,-0.5,3.125,0.1875,-0.5775757,0.46185303,-0.60510254,-0.29486084
2d,4,Right Wrist,30581554,1779734553461,-3.2190444,-7.446564,-3.1657043,11.20504,8.121112,-29.73627,-142.55444,-42.628166,214.43216,0.0
2d,2,Right Ankle,1620628,1779734553465,-8.29896,2.6563683,3.1657043,-6.513362,-4.3937597,3.217619,33.584682,61.82323,255.96992,0.0
2d,1,Left Ankle,4578608,1779734553487,-9.42,-1.82,-1.54,-0.125,4.0625,0.1875,-0.5772095,0.46203613,-0.60546875,-0.29455566
2d,1,Left Ankle,4578628,1779734553489,-9.6,-1.71,-1.37,-0.25,2.875,0.8125,-0.5769043,0.4621582,-0.6057739,-0.29437256
2d,3,Left Wrist,4378654,1779734553502,11.73221,-8.960824,-1.8520448,-138.13423,107.9197,90.33922,-101.628716,-51.739902,328.08786,0.0
2d,1,Left Ankle,4578651,1779734553523,-9.63,-1.74,-1.22,-1.125,3.25,0.3125,-0.57666016,0.46221924,-0.60595703,-0.29437256
2d,4,Right Wrist,30581611,1779734553523,-0.5319048,-7.5279202,-6.6975102,-14.48496,53.971115,20.803728,-142.51833,-42.569168,214.39162,0.0
2d,1,Left Ankle,4578674,1779734553548,-9.68,-1.76,-1.25,-1.6875,4.625,0.0625,-0.5760498,0.46264648,-0.6062622,-0.2942505
2d,1,Left Ankle,4578693,1779734553549,-9.51,-1.72,-1.46,-1.6875,7.375,0.1875,-0.57525635,0.46313477,-0.60687256,-0.29382324
2d,2,Right Ankle,1620689,1779734553557,-8.480815,2.6802964,3.2566316,-6.303362,-1.7337598,4.407619,33.68342,61.85504,256.05936,0.0
2d,3,Left Wrist,4378713,1779734553558,11.720246,-11.66232,-3.8500516,-28.024223,65.9897,102.02922,-101.65648,-51.653297,328.08356,0.0
2d,1,Left Ankle,4578715,1779734553581,-9.63,-1.66,-1.58,-1.625,8.625,0.75,-0.57470703,0.4633789,-0.60723877,-0.29364014
2d,4,Right Wrist,30581671,1779734553582,2.126521,-5.249953,-3.3188448,-83.994965,122.431114,44.953728,-142.44893,-42.54178,214.29651,0.0
2d,1,Left Ankle,4578733,1779734553607,-9.31,-1.72,-1.72,-1.3125,8.9375,0.625,-0.57366943,0.4638672,-0.60809326,-0.29315186
2d,2,Right Ankle,1620749,1779734553615,-8.191283,2.7281528,3.2398818,-7.983362,0.08624017,4.757619,33.806164,61.87278,256.17075,0.0
2d,3,Left Wrist,4378774,1779734553619,10.258232,-7.7404847,-4.421936,-90.534225,57.869698,92.159225,-101.74609,-51.62011,328.11273,0.0
2d,1,Left Ankle,4578755,1779734553640,-9.48,-1.67,-1.88,-1.25,7.125,0.5625,-0.5723877,0.46453857,-0.6090698,-0.29260254
2d,1,Left Ankle,4578774,1779734553640,-9.61,-1.7,-1.84,-0.9375,5.9375,0.1875,-0.5720825,0.46472168,-0.60931396,-0.29241943
2d,4,Right Wrist,30581731,1779734553642,7.280661,-0.9620149,2.213361,-135.30496,202.51111,76.59373,-142.41925,-42.619755,214.1971,0.0
2d,1,Left Ankle,4578793,1779734553667,-9.32,-1.8,-1.66,-0.0625,5.25,0.1875,-0.571228,0.4650879,-0.61016846,-0.29180908
2d,1,Left Ankle,4578815,1779734553673,-9.38,-1.8,-1.67,-0.75,5.25,0.1875,-0.5706787,0.46539307,-0.6105957,-0.29138184
2d,2,Right Ankle,1620838,1779734553674,-8.138641,2.7831879,3.034099,-7.703362,1.5562402,4.8976192,33.92516,61.89434,256.27887,0.0
2d,3,Left Wrist,4378833,1779734553680,9.0355,-11.676677,-5.300102,-132.18423,67.7397,80.049225,-101.81658,-51.54118,328.1139,0.0
2d,1,Left Ankle,4578839,1779734553699,-9.66,-1.74,-1.54,-1.25,5.625,1.1875,-0.57006836,0.4656372,-0.611084,-0.29119873
2d,4,Right Wrist,30581791,1779734553700,11.369995,3.8834512,-1.2705889,7.1450396,284.55112,-12.516272,-142.3904,-42.747936,214.13719,0.0
2d,1,Left Ankle,4578855,1779734553724,-9.51,-1.68,-1.86,-1.25,5.0625,0.0,-0.569397,0.46594238,-0.61157227,-0.2909546
2d,2,Right Ankle,1620899,1779734553734,-8.377923,2.8142946,3.2781672,-5.953362,-0.75375986,4.057619,34.04807,61.911827,256.38962,0.0
2d,3,Left Wrist,4378893,1779734553738,9.466208,-25.772799,17.678173,113.02577,44.6397,78.509224,-101.6855,-51.497585,328.0292,0.0
2d,1,Left Ankle,4578879,1779734553758,-9.48,-1.75,-1.79,-1.25,3.9375,-0.6875,-0.56884766,0.4663086,-0.61187744,-0.29077148
2d,1,Left Ankle,4578895,1779734553765,-9.38,-1.82,-1.69,-0.875,3.5625,-0.5,-0.56848145,0.46661377,-0.6121216,-0.29052734
2d,4,Right Wrist,30581851,1779734553765,14.851552,-1.4070798,-7.929814,-141.39496,224.70111,-3.9762719,-142.44504,-42.86888,214.10645,0.0
2d,1,Left Ankle,4578916,1779734553789,-9.29,-1.93,-1.55,-1.625,4.0,0.25,-0.5679321,0.46697998,-0.61242676,-0.29034424
2d,2,Right Ankle,1620958,1779734553797,-8.210426,2.7855806,3.2063823,-4.833362,-0.75375986,3.077619,34.17312,61.927727,256.50177,0.0
2d,3,Left Wrist,4378954,1779734553798,15.204197,-6.6876426,-14.110476,-211.00423,-18.2203,113.36922,-101.86042,-51.46838,328.10733,0.0
2d,1,Left Ankle,4578940,1779734553814,-9.54,-1.62,-1.64,-2.6875,6.0,0.5625,-0.5671387,0.46740723,-0.61291504,-0.29022217
2d,1,Left Ankle,4578958,1779734553816,-9.5,-1.61,-1.87,-2.0,5.5,0.5,-0.5663452,0.46783447,-0.6134033,-0.28997803
2d,4,Right Wrist,30581911,1779734553825,11.999308,-15.019848,-8.736196,313.74503,103.95111,68.333725,-142.21619,-42.863544,213.99522,0.0
2d,1,Left Ankle,4578980,1779734553848,-9.53,-1.69,-1.92,-1.625,4.5625,0.0,-0.5656738,0.46826172,-0.61376953,-0.28979492
2d,1,Left Ankle,4578997,1779734553849,-9.42,-1.69,-1.93,-2.0625,3.9375,-0.25,-0.5651245,0.46862793,-0.6140747,-0.28967285
2d,2,Right Ankle,1621019,1779734553857,-8.4138155,2.7999377,3.1058836,-4.623362,-0.6837598,1.887619,34.282146,61.95459,256.5996,0.0
2d,3,Left Wrist,4379013,1779734553858,15.218554,-6.4794674,-8.015956,-5.6942234,-116.920296,52.609222,-102.00217,-51.471085,328.2392,0.0
2d,4,Right Wrist,30581971,1779734553882,19.000708,-15.18256,-5.312066,-178.77496,-19.388887,164.72372,-142.18001,-42.846924,213.89787,0.0
2d,1,Left Ankle,4579025,1779734553906,-9.33,-1.67,-1.95,-1.6875,4.6875,-0.375,-0.56451416,0.46905518,-0.6144409,-0.28948975
2d,1,Left Ankle,4579044,1779734553906,-9.62,-1.74,-1.71,-1.375,5.0,-0.5625,-0.56365967,0.46954346,-0.61505127,-0.28912354
2d,2,Right Ankle,1621079,1779734553912,-8.337246,2.7688308,3.4241292,-5.3233624,5.47624,5.317619,34.419544,61.963203,256.72375,0.0
2d,3,Left Wrist,4379074,1779734553917,14.254247,-6.8264265,-6.6041903,-52.594223,-100.7503,2.6992226,-102.155975,-51.492226,328.3665,0.0
2d,1,Left Ankle,4579065,1779734553937,-9.37,-1.7,-1.55,-1.3125,5.125,-0.625,-0.56329346,0.4697876,-0.6152344,-0.28894043
2d,1,Left Ankle,4579082,1779734553939,-9.36,-1.74,-1.35,-2.75,8.4375,-1.0625,-0.56243896,0.47045898,-0.61572266,-0.28851318
2d,4,Right Wrist,30582031,1779734553939,19.630018,-2.0052853,-0.3828516,-226.86496,-171.6389,190.13373,-142.23808,-42.806686,213.87195,0.0
2d,1,Left Ankle,4579105,1779734553966,-9.34,-1.66,-1.51,-4.25,19.25,-2.6875,-0.5595703,0.47247314,-0.6174927,-0.2869873
2d,2,Right Ankle,1621138,1779734553972,-8.538242,2.8549724,3.0029924,-3.2933621,11.63624,7.977619,34.532345,61.99519,256.8265,0.0
2d,3,Left Wrist,4379133,1779734553983,10.346767,-7.577772,-7.9776707,215.08577,-205.6103,-25.440777,-102.26819,-51.479183,328.55783,0.0
2d,1,Left Ankle,4579125,1779734553996,-9.39,-1.71,-2.33,-3.9375,17.75,-2.0,-0.5574341,0.47399902,-0.61883545,-0.28570557
2d,4,Right Wrist,30582091,1779734553998,12.233805,-3.3548377,1.6342978,-413.62497,-237.57889,132.38373,-142.372,-42.752995,213.8752,0.0
2d,1,Left Ankle,4579146,1779734554028,-9.45,-1.79,-2.82,-3.25,13.625,-2.5,-0.55670166,0.47460938,-0.6192627,-0.2852173
2d,1,Left Ankle,4579170,1779734554028,-9.24,-1.6,-2.75,-0.9375,-1.375,-2.3125,-0.55682373,0.4751587,-0.61883545,-0.28503418
2d,2,Right Ankle,1621199,1779734554032,-8.416209,2.996149,2.7278178,-8.193362,16.46624,9.167619,34.65275,62.024773,256.9381,0.0
2d,3,Left Wrist,4379194,1779734554046,1.1080787,-14.897417,0.6125626,376.01578,-251.8103,62.759224,-102.20533,-51.380264,328.66205,0.0
2d,1,Left Ankle,4579186,1779734554055,-9.16,-1.67,-2.66,1.0625,-4.4375,-1.125,-0.5574341,0.47503662,-0.61828613,-0.28515625
2d,4,Right Wrist,30582151,1779734554059,7.345267,1.473879,8.513663,-546.06494,-218.8189,-41.84627,-142.60234,-42.728577,213.94482,0.0
2d,1,Left Ankle,4579212,1779734554087,-9.45,-1.6,-2.38,2.875,-5.0,-0.875,-0.5581665,0.4746704,-0.6179199,-0.2852173
2d,1,Left Ankle,4579225,1779734554087,-9.44,-1.62,-1.86,3.6875,-5.6875,-1.5625,-0.55914307,0.47418213,-0.61743164,-0.28515625
2d,2,Right Ankle,1621258,1779734554092,-8.28221,3.0176842,2.9168508,-4.273362,16.88624,7.277619,34.786304,62.045883,257.05994,0.0
2d,3,Left Wrist,4379253,1779734554101,-0.49511284,-16.050758,3.2470603,168.95578,-157.4503,229.49922,-102.14997,-51.241787,328.6879,0.0
2d,1,Left Ankle,4579245,1779734554115,-9.45,-1.76,-1.55,3.3125,-2.875,-2.375,-0.5599365,0.47387695,-0.6170654,-0.2849121
2d,4,Right Wrist,30582211,1779734554118,1.5689936,-0.36380935,5.4580283,-520.51495,-100.238884,-149.92627,-142.82077,-42.749737,214.01587,0.0
2d,1,Left Ankle,4579275,1779734554146,-9.8,-1.79,-1.6,2.0625,0.5,-2.4375,-0.5602417,0.473938,-0.61694336,-0.28448486
2d,1,Left Ankle,4579289,1779734554147,-9.94,-1.77,-1.74,2.3125,-1.3125,-3.6875,-0.5606079,0.47406006,-0.61676025,-0.28393555
2d,2,Right Ankle,1621319,1779734554169,-8.531064,3.053577,2.2157538,-4.203362,17.86624,8.467619,34.898567,62.082157,257.1632,0.0
2d,3,Left Wrist,4379314,1779734554169,3.7760758,-8.912968,3.6801612,-160.67422,-57.700302,265.4092,-102.140495,-51.118095,328.63687,0.0
2d,1,Left Ankle,4579305,1779734554175,-9.71,-1.7,-1.4,1.5625,-2.875,-3.3125,-0.56121826,0.47406006,-0.616272,-0.2836914
2d,4,Right Wrist,30582271,1779734554183,1.2579265,-0.4475579,6.10409,-332.00497,30.731112,-132.28627,-142.94336,-42.80199,214.0427,0.0
2d,1,Left Ankle,4579330,1779734554207,-9.62,-2.02,-1.45,1.25,0.875,-3.125,-0.5620117,0.47399902,-0.61572266,-0.2835083
2d,1,Left Ankle,4579351,1779734554208,-9.31,-1.8,-1.99,0.0625,3.4375,-3.9375,-0.56188965,0.47460938,-0.6156616,-0.28289795
2d,2,Right Ankle,1621378,1779734554215,-8.160176,3.146897,2.2588246,-10.923363,21.08624,8.537619,35.023464,62.111427,257.2801,0.0
2d,3,Left Wrist,4379374,1779734554220,4.419745,-5.5821586,2.7062824,-80.94423,-32.1503,197.99922,-102.09059,-51.035587,328.57382,0.0
2d,1,Left Ankle,4579373,1779734554242,-9.36,-1.82,-2.19,-0.3125,3.125,-3.875,-0.56170654,0.4751587,-0.6156616,-0.28222656
2d,4,Right Wrist,30582331,1779734554242,0.65732807,0.65074706,4.682754,-47.45496,70.84111,-57.246273,-142.94543,-42.84996,214.0336,0.0
2d,1,Left Ankle,4579390,1779734554267,-9.18,-1.71,-2.88,-0.0625,-3.625,-4.6875,-0.5621338,0.4755249,-0.6151123,-0.28198242
2d,2,Right Ankle,1621439,1779734554276,-8.856488,3.0320413,2.3569303,-19.953362,19.82624,6.647619,35.12397,62.151485,257.37784,0.0
2d,3,Left Wrist,4379433,1779734554278,3.8191466,-8.403296,1.6438692,12.995776,10.6196995,154.17921,-102.00672,-50.941257,328.5028,0.0
2d,1,Left Ankle,4579417,1779734554300,-9.49,-1.76,-3.14,-2.125,-17.6875,-8.3125,-0.5650635,0.47546387,-0.61187744,-0.28326416
2d,4,Right Wrist,30582391,1779734554300,0.11655016,-0.543271,3.5748768,122.435036,87.64111,-5.236272,-142.8637,-42.887337,213.99463,0.0
2d,1,Left Ankle,4579435,1779734554300,-8.67,-1.68,-3.1,5.1875,-26.5,-8.125,-0.5683594,0.47460938,-0.6090698,-0.2841797
2d,1,Left Ankle,4579456,1779734554333,-9.55,-1.67,-1.8,7.6875,-27.625,-5.375,-0.57214355,0.47314453,-0.60614014,-0.2852173
2d,1,Left Ankle,4579475,1779734554333,-9.86,-1.74,-1.45,9.5625,-21.875,-4.6875,-0.5755615,0.47161865,-0.6039429,-0.28564453
2d,2,Right Ankle,1621499,1779734554333,-8.224783,3.0655408,1.4404793,-24.853363,16.46624,5.177619,35.225178,62.189877,257.47723,0.0
2d,3,Left Wrist,4379494,1779734554340,3.2017982,-4.672886,-0.46181476,-42.37422,26.2997,94.11922,-101.96688,-50.84247,328.4504,0.0
2d,1,Left Ankle,4579494,1779734554357,-10.69,-1.86,-0.84,9.375,-16.5625,-3.1875,-0.5778198,0.4703369,-0.60284424,-0.2854004
2d,4,Right Wrist,30582451,1779734554360,0.5999003,-2.0148568,2.6775687,158.06503,90.23112,7.083728,-142.75192,-42.919865,213.94072,0.0
2d,1,Left Ankle,4579516,1779734554393,-9.65,-1.91,-0.98,11.6875,-2.75,-4.5625,-0.5790405,0.46972656,-0.6030884,-0.2835083
2d,1,Left Ankle,4579532,1779734554393,-8.38,-2.03,-1.53,14.6875,9.5625,-7.25,-0.57928467,0.4696045,-0.6036377,-0.28204346
2d,2,Right Ankle,1621559,1779734554393,-7.7605753,3.2617524,2.1966112,-16.593363,7.01624,4.8976192,35.353733,62.20674,257.5974,0.0
2d,3,Left Wrist,4379553,1779734554399,1.2253268,-8.2190485,1.3950156,-1.7042235,9.219699,53.93922,-101.91244,-50.774635,328.40332,0.0
2d,1,Left Ankle,4579558,1779734554418,-7.74,-2.65,-0.72,12.375,13.1875,-1.0,-0.57910156,0.46899414,-0.6062012,-0.27783203
2d,4,Right Wrist,30582511,1779734554426,1.468495,-4.4411793,3.290131,121.80504,61.531113,-2.0162718,-142.65251,-42.943546,213.89287,0.0
2d,1,Left Ankle,4579576,1779734554450,-7.2,-2.88,-0.45,6.875,10.0,3.5625,-0.57855225,0.46844482,-0.6078491,-0.27630615
2d,2,Right Ankle,1621619,1779734554458,-8.825381,2.8382227,1.2035898,-13.093363,-1.8737599,7.697619,35.435787,62.247543,257.67487,0.0
2d,3,Left Wrist,4379614,1779734554459,2.7064843,-7.99891,0.021535404,-38.664223,12.019699,38.679222,-101.879776,-50.70018,328.36322,0.0
2d,1,Left Ankle,4579596,1779734554477,-7.42,-2.69,-0.25,0.9375,10.0625,10.875,-0.57733154,0.4677124,-0.60961914,-0.27618408
2d,4,Right Wrist,30582571,1779734554484,3.7632117,-3.539085,1.5792629,46.97504,38.851112,41.03373,-142.57,-42.96552,213.83347,0.0
2d,1,Left Ankle,4579617,1779734554484,-11.04,-1.89,-0.06,-5.375,17.125,17.5625,-0.57470703,0.4671631,-0.6121826,-0.27697754
2d,1,Left Ankle,4579637,1779734554506,-11.89,-1.38,-0.87,-3.1875,19.8125,9.75,-0.5717163,0.4671631,-0.6149292,-0.27703857
2d,1,Left Ankle,4579654,1779734554507,-8.97,-2.01,-1.63,-1.6875,24.1875,6.4375,-0.5689087,0.46777344,-0.6175537,-0.276062
2d,2,Right Ankle,1621678,1779734554520,-7.935251,3.1780035,2.0219352,-16.803362,2.6062403,9.377619,35.55483,62.270008,257.78693,0.0
2d,3,Left Wrist,4379673,1779734554521,2.2470617,-5.96501,-1.9310079,-5.6242237,-6.6703005,29.999222,-101.904655,-50.61525,328.381,0.0
2d,1,Left Ankle,4579679,1779734554538,-4.3,-3.18,-2.02,-3.4375,10.5625,14.125,-0.5664673,0.4675293,-0.619812,-0.27624512
2d,4,Right Wrist,30582631,1779734554539,3.6363924,4.01027,-0.51206404,71.05504,66.92111,99.833725,-142.54688,-42.997345,213.80394,0.0
2d,1,Left Ankle,4579696,1779734554565,-8.82,-2.27,-4.38,0.5,3.625,31.75,-0.5644531,0.4650879,-0.62249756,-0.2786255
2d,2,Right Ankle,1621739,1779734554580,-9.153198,2.9985418,2.9455645,-7.913362,-12.793759,10.777618,35.64757,62.300125,257.87167,0.0
2d,3,Left Wrist,4379734,1779734554580,4.0512505,-12.057137,-2.1296122,-2.8242235,0.53969955,-10.67078,-101.89958,-50.54529,328.37668,0.0
2d,1,Left Ankle,4579719,1779734554596,-13.52,-0.31,-5.26,8.6875,-11.4375,34.625,-0.56427,0.46051025,-0.62457275,-0.2819214
2d,1,Left Ankle,4579738,1779734554597,-9.45,-0.89,-4.4,21.9375,-21.8125,22.5,-0.5664673,0.4550171,-0.6256714,-0.28393555
2d,4,Right Wrist,30582691,1779734554599,3.8086758,5.567998,-1.6031911,132.79504,83.791115,50.343727,-142.5227,-43.03958,213.79585,0.0
2d,1,Left Ankle,4579755,1779734554625,-7.2,-1.78,-3.59,36.375,-26.125,30.3125,-0.5704346,0.44769287,-0.62683105,-0.28503418
2d,2,Right Ankle,1621798,1779734554633,-10.064864,3.2354312,1.9621147,7.836638,-11.95376,6.857619,35.733467,62.33729,257.9451,0.0
2d,3,Left Wrist,4379793,1779734554647,3.8335035,-13.045373,-1.3304094,-66.87423,20.6297,-49.24078,-101.89868,-50.49381,328.35574,0.0
2d,1,Left Ankle,4579778,1779734554662,-10.31,-2.71,-0.83,43.625,-29.4375,46.5,-0.5745239,0.43780518,-0.6293335,-0.28668213
2d,1,Left Ankle,4579794,1779734554662,-9.8,-3.26,-0.1,39.0625,-28.9375,54.5625,-0.5780029,0.42681885,-0.6323242,-0.2897339
2d,4,Right Wrist,30582751,1779734554662,4.4020953,-0.05274258,-0.72741807,95.62504,94.431114,-58.226273,-142.49591,-43.130695,213.79749,0.0
2d,1,Left Ankle,4579817,1779734554685,-11.23,-3.89,-0.02,30.0625,-19.1875,62.75,-0.5797119,0.4161377,-0.6359863,-0.29382324
2d,2,Right Ankle,1621859,1779734554695,-7.576328,3.7451026,2.7182467,3.9866376,4.07624,7.627619,35.890106,62.318893,258.08398,0.0
2d,3,Left Wrist,4379853,1779734554698,3.1132636,-7.113565,-1.7347964,0.8157764,34.8397,-71.50078,-101.89766,-50.44537,328.3509,0.0
2d,1,Left Ankle,4579838,1779734554725,-9.64,-6.77,-0.88,29.3125,-23.5,53.625,-0.5800171,0.40734863,-0.6392212,-0.2984619
2d,4,Right Wrist,30582811,1779734554725,4.1293135,-1.8521447,-1.6151553,-42.62496,27.791111,-17.48627,-142.4847,-43.193565,213.77885,0.0
2d,1,Left Ankle,4579865,1779734554754,-8.49,-5.73,-1.41,19.875,-65.0625,54.375,-0.585022,0.3965454,-0.6381836,-0.30529785
2d,1,Left Ankle,4579878,1779734554754,-11.68,-3.43,-1.94,27.75,-58.1875,61.625,-0.59033203,0.38464355,-0.6370239,-0.31262207
2d,3,Left Wrist,4379914,1779734554758,1.967102,-5.082059,-1.0983056,136.96577,50.7297,-106.99077,-101.83937,-50.410576,328.33667,0.0
2d,1,Left Ankle,4579904,1779734554776,-9.46,-1.31,-1.07,41.3125,-30.4375,72.375,-0.5928345,0.371521,-0.6397095,-0.31829834
2d,1,Left Ankle,4579923,1779734554778,-9.43,-0.29,-0.51,42.3125,-23.3125,80.3125,-0.59436035,0.3503418,-0.64642334,-0.32580566
2d,4,Right Wrist,30582871,1779734554780,3.8134613,-0.7777678,0.79441714,-105.83496,-9.028889,26.123728,-142.49594,-43.225124,213.75737,0.0
2d,2,Right Ankle,1621918,1779734554783,-8.179319,3.7594595,0.72502524,6.3666377,-0.123759866,-3.362381,36.007114,62.34694,258.18518,0.0
2d,1,Left Ankle,4579938,1779734554815,-9.56,0.71,-0.29,32.8125,-36.8125,82.25,-0.5946655,0.3439331,-0.647522,-0.32989502
2d,3,Left Wrist,4379973,1779734554818,1.7661048,-10.915761,0.035892338,203.53577,60.7397,-119.94078,-101.72238,-50.39375,328.29355,0.0
2d,1,Left Ankle,4579963,1779734554838,-9.52,0.8,-0.41,28.8125,-43.875,90.6875,-0.5964966,0.32110596,-0.651001,-0.34246826
2d,1,Left Ankle,4579982,1779734554849,-9.69,1.37,-0.43,26.625,-40.6875,96.25,-0.59661865,0.31329346,-0.6522827,-0.34698486
2d,2,Right Ankle,1622008,1779734554849,-8.437744,3.3072162,1.7994026,-6.8633623,0.22624022,-17.082382,36.10674,62.379265,258.27335,0.0
2d,4,Right Wrist,30582931,1779734554849,5.3041897,-0.06709902,1.3639089,-90.64496,-22.188887,47.33373,-142.50894,-43.24955,213.73848,0.0
2d,1,Left Ankle,4580001,1779734554867,-9.81,1.21,0.81,24.0,-36.9375,101.1875,-0.59576416,0.2982788,-0.6547241,-0.35699463
2d,3,Left Wrist,4380034,1779734554881,1.0841502,-18.558435,-0.25603202,64.79578,124.5097,-32.300777,-101.62522,-50.350853,328.21048,0.0
2d,1,Left Ankle,4580024,1779734554904,-10.14,1.26,1.09,16.375,-30.4375,106.3125,-0.59381104,0.2828369,-0.6577759,-0.36706543
2d,1,Left Ankle,4580040,1779734554905,-9.99,2.83,0.49,5.75,-20.8125,110.75,-0.58843994,0.27075195,-0.6600952,-0.38043213
2d,4,Right Wrist,30582991,1779734554905,5.5386863,-6.582755,4.2687955,-184.51495,-15.398888,18.773727,-142.525,-43.256966,213.70393,0.0
2d,1,Left Ankle,4580064,1779734554930,-9.65,4.35,0.21,-3.875,-13.375,112.625,-0.57940674,0.25109863,-0.6651001,-0.3986206
2d,2,Right Ankle,1622069,1779734554934,-8.923488,3.565641,1.6630117,-6.723362,4.5662403,-25.132381,36.2036,62.41502,258.35843,0.0
2d,3,Left Wrist,4380093,1779734554940,3.8909311,-15.667906,-4.1874394,-59.104225,147.4697,78.019226,-101.589615,-50.259888,328.13153,0.0
2d,1,Left Ankle,4580080,1779734554957,-9.45,7.5,-0.64,-14.25,-8.875,112.25,-0.57580566,0.24517822,-0.6665039,-0.40509033
2d,4,Right Wrist,30583051,1779734554960,5.153442,-1.569792,2.8139594,-181.15497,-52.428886,40.26373,-142.56091,-43.26505,213.68517,0.0
2d,1,Left Ankle,4580108,1779734554986,-9.84,9.55,-1.1,-20.75,2.375,112.375,-0.56573486,0.23669434,-0.6687622,-0.4202881
2d,1,Left Ankle,4580125,1779734554986,-7.97,11.8,-2.34,-20.6875,11.5,92.375,-0.55200195,0.22418213,-0.67352295,-0.4375
2d,2,Right Ankle,1622128,1779734554999,-8.504743,2.9004362,1.765903,-14.143362,2.3962402,-34.02238,36.273907,62.460873,258.4209,0.0
2d,3,Left Wrist,4380154,1779734554999,9.016357,-13.67947,0.5766703,57.37578,158.6697,80.189224,-101.438736,-50.192772,327.99268,0.0
2d,1,Left Ankle,4580140,1779734555016,-7.75,13.57,-2.71,-15.0625,11.875,89.75,-0.5465698,0.22192383,-0.6746216,-0.44366455
2d,4,Right Wrist,30583111,1779734555019,6.6345987,-1.11037,7.692925,-180.73495,-58.308884,39.913727,-142.60251,-43.265934,213.67137,0.0
2d,1,Left Ankle,4580168,1779734555054,-7.6,15.93,-2.43,-9.0,7.375,85.0625,-0.5349121,0.21026611,-0.67926025,-0.4564209
2d,1,Left Ankle,4580184,1779734555054,-11.94,10.91,-2.24,-27.3125,-14.6875,88.375,-0.526001,0.20489502,-0.6800537,-0.46783447
2d,2,Right Ankle,1622218,1779734555054,-9.107734,2.481692,1.8113667,-20.233362,17.44624,-60.34238,36.303326,62.528088,258.44708,0.0
2d,3,Left Wrist,4380213,1779734555058,14.345173,-11.990137,0.6867401,34.205776,109.5297,19.779222,-101.30019,-50.19784,327.87054,0.0
2d,1,Left Ankle,4580205,1779734555081,-11.62,5.97,-4.01,-33.0625,-54.1875,72.6875,-0.5246582,0.19519043,-0.67559814,-0.47979736
2d,4,Right Wrist,30583171,1779734555082,8.572785,-4.606284,7.312466,-205.02496,-74.54889,13.663728,-142.65257,-43.266884,213.66536,0.0
2d,1,Left Ankle,4580225,1779734555106,-3.97,7.76,-3.57,-33.625,-78.625,62.6875,-0.52874756,0.18377686,-0.6671753,-0.49145508
2d,1,Left Ankle,4580242,1779734555107,-1.38,12.2,-6.3,-16.625,-68.6875,79.6875,-0.5288086,0.17749023,-0.6645508,-0.49725342
2d,2,Right Ankle,1622279,1779734555123,-9.437944,1.567634,1.2370893,-11.623362,20.24624,-76.44238,36.29202,62.60951,258.43265,0.0
2d,3,Left Wrist,4380274,1779734555123,15.567906,-8.496616,0.8853443,-22.984224,37.9897,-2.6907768,-101.24118,-50.249554,327.8108,0.0
2d,1,Left Ankle,4580264,1779734555135,-8.51,8.08,-6.3,32.0,49.75,89.125,-0.5148926,0.16351318,-0.67303467,-0.50512695
2d,4,Right Wrist,30583231,1779734555149,7.898009,-2.8547378,9.669396,-316.60495,-46.05889,-67.39628,-142.76317,-43.291973,213.68611,0.0
2d,1,Left Ankle,4580287,1779734555173,-0.03,6.1,-6.75,70.6875,79.9375,126.875,-0.4975586,0.15362549,-0.6869507,-0.50683594
2d,1,Left Ankle,4580310,1779734555173,0.32,5.53,-5.93,74.625,54.9375,132.1875,-0.48034668,0.13824463,-0.70196533,-0.5073242
2d,2,Right Ankle,1622338,1779734555174,-8.75599,0.8019308,1.1006985,-6.093362,15.27624,-87.01238,36.24836,62.696266,258.38596,0.0
2d,1,Left Ankle,4580325,1779734555198,2.52,2.92,-3.95,77.625,-4.1875,156.1875,-0.46826172,0.115356445,-0.7124634,-0.5097046
2d,3,Left Wrist,4380333,1779734555215,13.668004,-8.195121,-0.14117654,4.1757765,-29.910301,-44.760777,-101.2079,-50.316017,327.79483,0.0
2d,1,Left Ankle,4580350,1779734555226,0.52,3.74,-3.28,82.6875,-47.6875,186.625,-0.45928955,0.08215332,-0.71899414,-0.5150757
2d,1,Left Ankle,4580365,1779734555227,-0.82,3.63,-1.01,91.75,-92.375,212.75,-0.4524536,0.042297363,-0.7224121,-0.52111816
2d,4,Right Wrist,30583291,1779734555228,1.994916,0.71535426,9.982857,-74.33496,-66.848885,-70.96628,-142.80334,-43.305317,213.72049,0.0
2d,2,Right Ankle,1622399,1779734555239,-9.18909,0.029049039,0.7609176,-20.863361,15.416241,-87.85239,36.182125,62.785553,258.32367,0.0
2d,1,Left Ankle,4580387,1779734555263,-2.83,4.75,0.04,104.4375,-117.875,218.6875,-0.4465332,-7.9345703E-4,-0.723938,-0.5258789
2d,3,Left Wrist,4380393,1779734555269,13.411972,-11.95903,-0.40917268,-3.0342236,-71.0703,-65.41078,-101.16157,-50.319294,327.77673,0.0
2d,1,Left Ankle,4580410,1779734555289,-6.21,6.55,1.72,112.3125,-160.375,211.75,-0.44396973,-0.047668457,-0.72229004,-0.52819824
2d,1,Left Ankle,4580427,1779734555290,-10.25,5.18,6.23,107.1875,-211.6875,185.5625,-0.44970703,-0.09710693,-0.7145386,-0.5270386
2d,4,Right Wrist,30583351,1779734555300,10.381759,-3.4433718,7.9106717,118.09504,-65.44888,-89.236275,-142.77084,-43.33391,213.75462,0.0
2d,2,Right Ankle,1622458,1779734555300,-8.87563,-1.9043517,0.7800602,-8.543362,10.8662405,-87.57238,36.069798,62.873928,258.21613,0.0
2d,1,Left Ankle,4580452,1779734555323,-11.7,4.89,9.31,93.0,-259.625,154.4375,-0.46289062,-0.14593506,-0.70080566,-0.5227661
2d,3,Left Wrist,4380484,1779734555328,9.279568,-11.214863,-1.6654046,-20.394224,-52.240303,-8.500778,-101.168785,-50.2452,327.7886,0.0
2d,1,Left Ankle,4580473,1779734555350,-11.84,3.81,13.96,66.6875,-287.0625,115.625,-0.49346924,-0.21124268,-0.6703491,-0.5123291
2d,1,Left Ankle,4580488,1779734555350,-32.13,2.99,17.36,28.3125,-244.1875,87.625,-0.5029297,-0.22790527,-0.65966797,-0.5098877
2d,4,Right Wrist,30583441,1779734555350,9.247561,-6.2525454,5.773881,55.93504,-64.888885,-18.606272,-142.73047,-43.343983,213.75404,0.0
2d,2,Right Ankle,1622519,1779734555353,-8.698562,-1.4784293,0.6484549,-6.513362,12.19624,-77.492386,35.974403,62.961273,258.12436,0.0
2d,1,Left Ankle,4580513,1779734555376,-14.1,6.93,16.71,19.5625,-149.875,17.6875,-0.5244751,-0.25372314,-0.63964844,-0.5014038
2d,3,Left Wrist,4380543,1779734555390,7.3844523,-9.886847,-1.5864414,-6.5342236,-15.9103,19.079222,-101.16197,-50.162918,327.78427,0.0
2d,1,Left Ankle,4580529,1779734555412,19.71,-3.66,15.33,-6.375,-50.625,9.8125,-0.5269165,-0.25610352,-0.63690186,-0.50109863
2d,1,Left Ankle,4580554,1779734555413,-24.17,22.42,6.44,-52.625,51.0625,163.625,-0.50756836,-0.26330566,-0.6286011,-0.52716064
2d,4,Right Wrist,30583501,1779734555415,8.412466,-4.9364934,7.1641107,101.435036,-69.15889,-36.316273,-142.68427,-43.35637,213.76463,0.0
2d,2,Right Ankle,1622579,1779734555415,-9.33266,-1.2870034,0.53599226,89.38664,29.90624,-74.62238,35.93111,63.05331,258.0512,0.0
2d,1,Left Ankle,4580575,1779734555435,6.87,12.03,-5.33,-37.3125,93.5625,69.6875,-0.4928589,-0.2612915,-0.6293335,-0.54107666
2d,3,Left Wrist,4380603,1779734555450,6.6115704,-7.479667,-1.2155539,-15.704224,33.0197,39.449223,-101.13203,-50.07734,327.74814,0.0
2d,1,Left Ankle,4580592,1779734555467,1.96,20.65,-12.33,-22.0,22.9375,65.5,-0.48797607,-0.26153564,-0.62835693,-0.54644775
2d,4,Right Wrist,30583561,1779734555469,7.357231,-4.3526444,6.5611196,170.66504,-98.488884,-86.01627,-142.63304,-43.37083,213.80292,0.0
2d,2,Right Ankle,1622638,1779734555473,-9.9595785,-0.509336,1.2753744,139.64664,26.12624,-95.202385,35.892456,63.14764,257.96353,0.0
2d,1,Left Ankle,4580619,1779734555496,0.82,13.92,1.59,-32.4375,-60.25,34.125,-0.49273682,-0.27209473,-0.6148071,-0.55249023
2d,1,Left Ankle,4580637,1779734555508,-6.39,7.69,4.66,-28.1875,3.375,31.9375,-0.4918213,-0.27319336,-0.6097412,-0.5582886
2d,3,Left Wrist,4380664,1779734555519,4.9605227,-10.178771,-1.0552348,-10.804223,91.329704,13.899223,-101.07514,-50.007523,327.68094,0.0
2d,2,Right Ankle,1622699,1779734555541,-10.009829,0.12236913,5.3216376,240.23665,20.106241,-99.96239,35.78271,63.18704,257.77988,0.0
2d,1,Left Ankle,4580656,1779734555542,-4.13,7.63,1.79,-12.9375,19.25,40.4375,-0.4869995,-0.27374268,-0.6080322,-0.5640259
2d,1,Left Ankle,4580679,1779734555560,-2.26,9.67,1.63,-6.25,4.5625,45.875,-0.48272705,-0.2788086,-0.6052246,-0.5682373
2d,1,Left Ankle,4580696,1779734555560,-2.68,10.35,2.07,8.0,-21.75,55.1875,-0.47875977,-0.28637695,-0.6017456,-0.5715332
2d,4,Right Wrist,30583621,1779734555560,5.5554357,-3.0198424,4.601398,152.88504,-128.09889,-70.75628,-142.59056,-43.374935,213.84442,0.0
2d,3,Left Wrist,4380723,1779734555568,7.317453,-16.603498,-0.74177504,-141.84422,146.7697,10.749222,-101.03167,-49.947132,327.57693,0.0
2d,1,Left Ankle,4580714,1779734555586,-2.39,10.64,0.42,14.3125,-13.5,54.125,-0.47454834,-0.29455566,-0.59906006,-0.5737915
2d,2,Right Ankle,1622758,1779734555602,-11.04592,1.6059191,-0.22253251,343.83664,54.89624,2.3076189,35.969074,63.259808,257.8445,0.0
2d,1,Left Ankle,4580738,1779734555621,-2.75,10.02,0.52,16.0625,-9.625,55.6875,-0.46929932,-0.30236816,-0.5970459,-0.57611084
2d,1,Left Ankle,4580754,1779734555621,-2.59,9.31,0.42,13.0625,-14.1875,61.75,-0.46398926,-0.31066895,-0.5942993,-0.5787964
2d,4,Right Wrist,30583681,1779734555621,3.4856443,-3.1107695,3.4576287,83.65504,-147.8389,-32.32627,-142.5604,-43.360176,213.8731,0.0
2d,3,Left Wrist,4380784,1779734555628,11.227326,-17.802303,-2.321038,-289.82422,142.4997,66.189224,-101.04987,-49.860954,327.47913,0.0
2d,1,Left Ankle,4580778,1779734555660,-2.05,10.07,0.56,10.5625,-21.6875,66.4375,-0.45898438,-0.3201294,-0.59033203,-0.5817261
2d,2,Right Ankle,1622819,1779734555661,-11.356988,1.0124992,-0.31824538,117.036644,55.31624,105.76762,36.12039,63.314774,257.96176,0.0
2d,1,Left Ankle,4580797,1779734555676,-1.41,9.99,0.74,10.3125,-24.1875,66.5625,-0.45336914,-0.32885742,-0.5863037,-0.58532715
2d,1,Left Ankle,4580819,1779734555677,-1.72,9.64,0.76,7.8125,-21.5625,64.875,-0.44866943,-0.3381958,-0.58166504,-0.5881958
2d,4,Right Wrist,30583771,1779734555678,0.9564309,-2.3450663,0.02871387,-3.42496,-115.07889,16.603727,-142.51555,-43.31803,213.85591,0.0
2d,3,Left Wrist,4380843,1779734555688,11.528821,-8.671292,-3.3523445,-230.67422,60.179703,123.58922,-101.18258,-49.83753,327.50043,0.0
2d,1,Left Ankle,4580836,1779734555709,-1.45,9.54,0.41,5.8125,-18.375,61.0625,-0.44262695,-0.3453369,-0.57806396,-0.5921631
2d,2,Right Ankle,1622878,1779734555712,-10.244325,0.44061458,0.23928227,57.256638,68.68624,136.98761,36.252903,63.370224,258.08603,0.0
2d,1,Left Ankle,4580859,1779734555736,-0.65,9.7,0.7,3.25,-23.25,55.5,-0.43884277,-0.35333252,-0.5734253,-0.5947876
2d,1,Left Ankle,4580877,1779734555737,-0.75,9.6,0.85,2.5,-24.5,49.1875,-0.4359131,-0.36090088,-0.56884766,-0.59680176
2d,4,Right Wrist,30583832,1779734555739,0.10458602,-2.9648073,-2.2061825,-2.6549602,-76.78889,20.103727,-142.48836,-43.227352,213.84445,0.0
2d,3,Left Wrist,4380904,1779734555754,9.94238,-6.0559373,-4.658826,5.5057764,-17.8003,98.73923,-101.27007,-49.82272,327.56836,0.0
2d,1,Left Ankle,4580893,1779734555778,-0.91,9.71,0.75,3.25,-23.375,44.9375,-0.43377686,-0.36346436,-0.5673218,-0.5982666
2d,1,Left Ankle,4580914,1779734555778,0.06,9.42,0.7,3.375,-20.0625,30.5,-0.43103027,-0.3720703,-0.5623169,-0.5996094
2d,2,Right Ankle,1622939,1779734555784,-9.526479,-0.50215757,1.9812572,78.396645,84.71624,132.43762,36.31566,63.432003,258.1422,0.0
2d,1,Left Ankle,4580938,1779734555797,0.19,9.59,0.81,3.3125,-19.875,26.125,-0.43011475,-0.3764038,-0.55981445,-0.59991455
2d,4,Right Wrist,30583891,1779734555799,0.23140565,-2.6106694,-2.6871397,51.59504,-59.988884,6.0337276,-142.46237,-43.135906,213.84708,0.0
2d,3,Left Wrist,4380963,1779734555818,8.6263275,-7.821841,-2.926422,99.58577,-45.7303,97.89922,-101.3238,-49.758606,327.64175,0.0
2d,1,Left Ankle,4580955,1779734555826,0.75,9.77,0.82,3.25,-19.75,14.0,-0.43017578,-0.38012695,-0.5576782,-0.59954834
2d,2,Right Ankle,1622999,1779734555833,-7.8993587,-1.2630752,5.4341,99.466644,64.34624,95.26762,36.291706,63.43459,258.10767,0.0
2d,1,Left Ankle,4580978,1779734555869,0.43,9.78,0.77,5.4375,-19.6875,4.3125,-0.43103027,-0.38311768,-0.55633545,-0.59832764
2d,1,Left Ankle,4581000,1779734555869,2.01,9.64,1.21,3.25,-23.6875,-3.4375,-0.43255615,-0.3850708,-0.555542,-0.5966797
2d,4,Right Wrist,30583951,1779734555869,-0.68983114,-2.6369905,-4.673183,56.63504,-44.58889,18.283728,-142.46526,-43.045723,213.8658,0.0
2d,3,Left Wrist,4381024,1779734555877,8.353546,-10.090237,-2.0219352,125.83577,-44.3303,106.92922,-101.28922,-49.643402,327.65396,0.0
2d,1,Left Ankle,4581015,1779734555888,0.03,10.47,1.38,3.0625,-24.875,-4.25,-0.43518066,-0.38726807,-0.5543213,-0.5944824
2d,2,Right Ankle,1623059,1779734555892,-6.602449,-4.883416,7.929814,165.82664,21.99624,9.027618,36.237988,63.437733,258.011,0.0
2d,1,Left Ankle,4581039,1779734555925,-2.38,10.73,1.07,9.625,-15.75,0.0,-0.43634033,-0.3895874,-0.553833,-0.5925293
2d,4,Right Wrist,30584011,1779734555926,0.19072767,-1.7205396,-5.9964137,38.925037,-28.838888,15.203728,-142.50623,-42.97004,213.90443,0.0
2d,1,Left Ankle,4581056,1779734555926,-0.8,9.93,0.64,17.0625,-0.25,6.5,-0.4352417,-0.39154053,-0.5548096,-0.5911865
2d,3,Left Wrist,4381083,1779734555936,7.4107733,-12.705591,-1.2873386,178.26578,-30.260302,129.18922,-101.20167,-49.526672,327.6357,0.0
2d,1,Left Ankle,4581077,1779734555946,-1.32,10.07,0.4,19.25,0.5625,13.75,-0.43267822,-0.3939209,-0.5559082,-0.59039307
2d,2,Right Ankle,1623119,1779734555953,-7.449508,-3.962179,9.652647,239.95663,-29.17376,-80.57238,36.144604,63.43686,257.83966,0.0
2d,1,Left Ankle,4581103,1779734555980,-0.68,9.71,0.56,22.75,1.3125,16.8125,-0.42803955,-0.3986206,-0.5576172,-0.58898926
2d,1,Left Ankle,4581123,1779734555980,0.09,9.65,0.77,23.875,-0.1875,17.0,-0.4263916,-0.40026855,-0.55822754,-0.588501
2d,4,Right Wrist,30584071,1779734555980,3.169792,0.2966098,-6.7932234,-7.13496,-39.40889,-10.3462715,-142.61667,-42.94116,213.9862,0.0
2d,3,Left Wrist,4381143,1779734555989,6.118649,-12.58595,0.84227353,229.29578,13.9096985,115.189224,-101.0558,-49.43422,327.57758,0.0
2d,1,Left Ankle,4581138,1779734556008,0.13,9.7,0.91,32.1875,2.625,12.1875,-0.42144775,-0.4024048,-0.5612793,-0.58776855
2d,2,Right Ankle,1623178,1779734556013,-9.191483,0.6176834,6.0825553,343.62662,-46.883762,-118.72238,36.04939,63.43661,257.62784,0.0
2d,1,Left Ankle,4581164,1779734556035,0.69,10.0,1.08,41.25,6.9375,2.125,-0.41778564,-0.4050293,-0.56518555,-0.58477783
2d,4,Right Wrist,30584131,1779734556051,4.6150565,-1.0122639,-5.0416775,-31.984959,-85.53889,-59.136272,-142.75885,-42.937252,214.10074,0.0
2d,3,Left Wrist,4381204,1779734556051,5.7238336,-10.769798,1.5792629,167.27577,80.0597,67.799225,-100.90008,-49.372177,327.4829,0.0
2d,1,Left Ankle,4581205,1779734556077,1.54,11.03,1.32,65.875,20.0625,-36.4375,-0.40985107,-0.40472412,-0.5871582,-0.5687866
2d,1,Left Ankle,4581185,1779734556077,1.18,10.48,0.65,51.625,12.0,-15.0,-0.4144287,-0.40637207,-0.57147217,-0.5800781
2d,1,Left Ankle,4581224,1779734556096,2.7,12.6,-0.77,92.0,22.625,-74.25,-0.40808105,-0.40161133,-0.6016846,-0.5569458
2d,3,Left Wrist,4381263,1779734556117,7.183455,-10.365411,1.7395821,-12.414224,137.6697,22.859222,-100.77917,-49.339287,327.35617,0.0
2d,1,Left Ankle,4581246,1779734556129,2.42,14.55,-2.58,120.3125,0.8125,-97.0625,-0.40686035,-0.39788818,-0.6196289,-0.5405884
2d,1,Left Ankle,4581264,1779734556129,3.46,16.84,-3.03,126.375,-54.4375,-111.4375,-0.4126587,-0.39886475,-0.63531494,-0.51672363
2d,4,Right Wrist,30584191,1779734556129,1.8872389,-5.302595,-3.5437703,-101.28496,-98.83889,-77.40627,-142.775,-42.869774,214.11867,0.0
2d,2,Right Ankle,1623239,1779734556133,-15.721497,0.7062179,1.3136597,104.01664,-10.623759,37.72762,36.09751,63.491184,257.64224,0.0
2d,1,Left Ankle,4581285,1779734556158,3.67,17.8,-1.4,127.5,-104.4375,-125.9375,-0.42462158,-0.40252686,-0.6478882,-0.48779297
2d,3,Left Wrist,4381324,1779734556187,8.707683,-9.15225,2.0554345,-120.494225,161.53969,5.2892227,-100.68009,-49.336567,327.21274,0.0
2d,1,Left Ankle,4581309,1779734556195,2.73,14.48,1.44,130.125,-115.1875,-119.0625,-0.4381714,-0.40759277,-0.65826416,-0.45672607
2d,1,Left Ankle,4581325,1779734556195,1.26,13.55,2.4,120.5625,-116.75,-100.9375,-0.45056152,-0.4136963,-0.66607666,-0.42681885
2d,4,Right Wrist,30584251,1779734556195,-0.0054838383,-6.2692957,-1.1533406,-147.20496,-84.488884,-58.43627,-142.80028,-42.82698,214.12589,0.0
2d,2,Right Ankle,1623402,1779734556196,-7.9735365,-1.6602838,1.9022939,13.646637,-22.17376,55.99762,36.124054,63.489418,257.7304,0.0
2d,1,Left Ankle,4581349,1779734556218,0.36,11.76,2.19,112.75,-122.6875,-92.25,-0.46258545,-0.42053223,-0.67126465,-0.3982544
2d,3,Left Wrist,4381383,1779734556236,9.959129,-13.358831,1.2059826,-134.14423,151.03969,38.609222,-100.59662,-49.29358,327.0785,0.0
2d,1,Left Ankle,4581392,1779734556248,6.59,7.78,5.27,85.1875,-227.0625,-58.8125,-0.4940796,-0.4406128,-0.6677246,-0.34051514
2d,1,Left Ankle,4581369,1779734556248,-0.51,9.84,0.37,103.25,-133.1875,-73.625,-0.47485352,-0.4281006,-0.67370605,-0.37060547
2d,2,Right Ankle,1623421,1779734556255,-9.603048,1.1129978,2.0410776,-25.693363,-22.52376,49.62762,36.113808,63.538124,257.73343,0.0
2d,1,Left Ankle,4581408,1779734556280,3.08,9.25,5.8,56.125,-236.625,-10.9375,-0.517395,-0.45635986,-0.6524658,-0.31347656
2d,4,Right Wrist,30584341,1779734556280,-2.5059834,1.595912,-0.3924229,-125.994965,-69.50889,17.023727,-142.87619,-42.788643,214.15485,0.0
2d,3,Left Wrist,4381444,1779734556287,11.42593,-16.266111,-2.7828526,-139.95422,114.7097,96.91922,-100.58676,-49.192265,327.00427,0.0
2d,1,Left Ankle,4581427,1779734556305,5.24,7.19,5.05,41.4375,-262.3125,-8.3125,-0.5422363,-0.47229004,-0.6325073,-0.28771973
2d,1,Left Ankle,4581452,1779734556306,4.98,6.25,3.4,35.75,-233.375,42.5625,-0.5635376,-0.4901123,-0.6091919,-0.26660156
2d,1,Left Ankle,4581473,1779734556341,4.41,5.67,2.57,32.0625,-186.0625,78.875,-0.5776367,-0.50909424,-0.58551025,-0.25360107
2d,4,Right Wrist,30584401,1779734556341,-3.8794637,10.207682,1.0624132,-27.29496,-62.36889,-26.726273,-142.93304,-42.782185,214.2021,0.0
2d,2,Right Ankle,1623479,1779734556346,-9.698761,1.0244633,1.591227,43.95664,-14.123759,18.197618,36.127563,63.59484,257.73297,0.0
2d,3,Left Wrist,4381503,1779734556347,11.428322,-12.82284,-5.146961,-121.61423,56.259697,121.909225,-100.6649,-49.10879,327.01355,0.0
2d,1,Left Ankle,4581488,1779734556367,4.07,5.96,1.86,31.625,-147.5,121.3125,-0.58551025,-0.52948,-0.5617676,-0.24743652
2d,1,Left Ankle,4581509,1779734556368,2.75,7.02,1.69,30.5625,-103.25,167.3125,-0.586792,-0.5518799,-0.53741455,-0.24957275
2d,1,Left Ankle,4581528,1779734556396,1.25,7.64,1.97,26.4375,-54.875,203.0625,-0.58166504,-0.57476807,-0.51348877,-0.2600708
2d,4,Right Wrist,30584491,1779734556399,-3.7765727,1.3901298,0.27996024,96.88504,-48.648888,-130.18628,-142.95169,-42.780903,214.2719,0.0
2d,2,Right Ankle,1623539,1779734556403,-9.619799,1.2111034,2.2755742,8.186638,-4.04376,-12.112381,36.09494,63.661648,257.6993,0.0
2d,3,Left Wrist,4381564,1779734556414,10.150555,-7.7093773,-5.6494546,-14.934223,21.8897,102.44922,-100.74355,-49.076885,327.05978,0.0
2d,1,Left Ankle,4581556,1779734556429,1.2,8.7,1.68,18.5,-33.0,225.25,-0.5727539,-0.5970459,-0.4890747,-0.27624512
2d,1,Left Ankle,4581574,1779734556429,0.79,10.18,0.81,0.0,-31.6875,243.1875,-0.5578613,-0.6286621,-0.44805908,-0.3046875
2d,1,Left Ankle,4581596,1779734556456,1.06,10.45,0.6,-16.0625,-43.5625,246.125,-0.54888916,-0.64764404,-0.4171753,-0.32434082
2d,3,Left Wrist,4381624,1779734556467,9.073785,-6.900604,-3.9888353,69.90577,7.1196995,84.10922,-100.79794,-49.054146,327.11414,0.0
2d,1,Left Ankle,4581621,1779734556490,1.01,11.36,0.96,-37.5,-75.25,249.9375,-0.54296875,-0.66522217,-0.38165283,-0.34204102
2d,1,Left Ankle,4581640,1779734556515,1.22,13.53,1.18,-58.625,-121.8125,246.5,-0.5410156,-0.6819458,-0.34033203,-0.35559082
2d,1,Left Ankle,4581656,1779734556523,0.51,13.96,1.65,-74.375,-185.4375,243.8125,-0.54345703,-0.69873047,-0.29211426,-0.36206055
2d,3,Left Wrist,4381683,1779734556532,7.580664,-7.7787695,-3.1537402,102.66577,-8.7003,70.80922,-100.833084,-48.992905,327.16666,0.0
2d,1,Left Ankle,4581677,1779734556551,-3.11,16.28,2.19,-82.6875,-242.0625,241.3125,-0.548584,-0.7161255,-0.23706055,-0.3605957
2d,4,Right Wrist,30584551,1779734556551,-2.108775,-4.1779685,-0.059820566,99.19504,-54.318886,-141.24628,-142.92326,-42.76564,214.31342,0.0
2d,1,Left Ankle,4581703,1779734556576,-8.72,16.68,2.56,-60.5,-243.8125,219.125,-0.552124,-0.7327881,-0.18200684,-0.35369873
2d,1,Left Ankle,4581723,1779734556576,-10.04,14.84,6.08,-41.125,-185.4375,170.125,-0.55249023,-0.74993896,-0.119628906,-0.3435669
2d,2,Right Ankle,1623628,1779734556592,-8.677027,-0.02598587,1.6510476,9.656637,7.5062404,-8.402382,36.04064,63.73199,257.64725,0.0
2d,3,Left Wrist,4381744,1779734556593,6.377074,-9.18575,-3.0987053,76.27577,-22.1403,75.77922,-100.85231,-48.899956,327.20294,0.0
2d,1,Left Ankle,4581738,1779734556608,-11.91,12.27,6.08,-45.5,-156.25,122.875,-0.5533447,-0.753479,-0.10321045,-0.3397827
2d,4,Right Wrist,30584714,1779734556614,-5.7339015,-3.2208395,3.412165,-183.53496,-29.608889,-54.586273,-142.96054,-42.737972,214.35513,0.0
2d,1,Left Ankle,4581764,1779734556637,-14.06,10.56,4.18,-44.875,-98.375,78.3125,-0.5574341,-0.75738525,-0.07055664,-0.3326416
2d,1,Left Ankle,4581782,1779734556639,-13.2,10.37,3.17,-38.0625,-44.8125,27.375,-0.5593872,-0.75701904,-0.06561279,-0.33129883
2d,2,Right Ankle,1623792,1779734556651,-9.059877,1.3929579,1.0217353,13.016638,20.38624,52.35762,36.094177,63.853336,257.69812,0.0
2d,3,Left Wrist,4381803,1779734556651,4.6446705,-10.714764,-2.5722845,5.8557763,7.889699,90.47922,-100.851456,-48.794193,327.19815,0.0
2d,1,Left Ankle,4581799,1779734556666,-9.73,9.95,0.16,-39.9375,-21.4375,-14.625,-0.5654907,-0.75476074,-0.0602417,-0.32696533
2d,4,Right Wrist,30584761,1779734556669,-7.856335,0.70099723,4.2041893,-175.62495,0.0011119843,-95.39628,-143.03886,-42.74895,214.38618,0.0
2d,1,Left Ankle,4581822,1779734556695,-11.49,20.6,-21.44,30.1875,-49.9375,-81.3125,-0.5689087,-0.7562866,-0.06439209,-0.31658936
2d,1,Left Ankle,4581841,1779734556696,21.93,19.33,4.66,-22.9375,-170.75,-186.375,-0.5790405,-0.762146,-0.07269287,-0.28015137
2d,2,Right Ankle,1623869,1779734556705,-9.134055,2.184982,0.5623133,2.3066382,33.47624,47.03762,36.202908,63.903484,257.8039,0.0
2d,1,Left Ankle,4581869,1779734556726,-4.01,21.29,-2.8,-76.6875,-125.0625,-97.4375,-0.60357666,-0.7560425,-0.07623291,-0.24145508
2d,3,Left Wrist,4381864,1779734556739,4.3838525,-9.094822,-2.5722845,-86.964226,60.6697,96.70922,-100.87263,-48.691074,327.17334,0.0
2d,1,Left Ankle,4581881,1779734556758,-2.47,-1.05,-1.14,-47.5,35.75,-195.1875,-0.6102905,-0.7515259,-0.089538574,-0.23406982
2d,2,Right Ankle,1623928,1779734556763,-10.581714,2.9219716,1.416551,8.956638,43.97624,40.38762,36.325027,63.95379,257.91977,0.0
2d,1,Left Ankle,4581909,1779734556793,-2.34,5.35,1.79,-39.5,39.875,-67.0,-0.6188965,-0.74212646,-0.11273193,-0.2312622
2d,1,Left Ankle,4581925,1779734556793,3.35,12.85,-0.73,-16.625,42.0625,-84.1875,-0.6223755,-0.7366333,-0.12915039,-0.23101807
2d,3,Left Wrist,4381923,1779734556802,4.608778,-5.775977,-2.5986054,-109.36423,82.2297,55.129223,-100.940765,-48.630184,327.17484,0.0
2d,1,Left Ankle,4581941,1779734556816,-1.06,10.48,-1.3,-29.25,12.625,-52.0625,-0.62457275,-0.73394775,-0.1340332,-0.23071289
2d,1,Left Ankle,4581965,1779734556817,-0.77,7.87,0.22,-24.8125,-25.9375,-40.0625,-0.6331787,-0.72906494,-0.13757324,-0.22039795
2d,2,Right Ankle,1623989,1779734556823,-15.008434,1.3929579,-0.4737789,50.95664,21.22624,42.55762,36.407684,64.011505,257.9853,0.0
2d,1,Left Ankle,4581984,1779734556849,-1.29,11.21,-0.96,-22.5,-21.4375,-23.0625,-0.6369629,-0.7267456,-0.13781738,-0.21710205
2d,3,Left Wrist,4382013,1779734556866,5.7740827,-16.684855,-4.127619,-165.78423,71.4497,44.13922,-100.978584,-48.544666,327.14166,0.0
2d,1,Left Ankle,4582005,1779734556882,0.11,10.99,-0.88,-23.6875,-8.6875,-15.375,-0.6404419,-0.72406006,-0.13787842,-0.21575928
2d,2,Right Ankle,1624048,1779734556893,-8.523886,2.6132975,-1.3830514,2.4466376,24.516241,26.457619,36.52465,64.05805,258.09515,0.0
2d,1,Left Ankle,4582028,1779734556907,-0.08,9.17,-0.45,-24.25,3.4375,-3.875,-0.6432495,-0.72125244,-0.13787842,-0.21679688
2d,1,Left Ankle,4582045,1779734556916,0.27,9.25,-0.68,-18.8125,17.1875,11.9375,-0.64501953,-0.71875,-0.13775635,-0.22003174
2d,3,Left Wrist,4382074,1779734556927,8.245869,-16.098614,-6.7381883,-109.36423,39.7397,105.31922,-101.04089,-48.44613,327.14606,0.0
2d,1,Left Ankle,4582065,1779734556936,1.86,10.01,0.05,-12.6875,7.6875,10.25,-0.645874,-0.71698,-0.13720703,-0.22357178
2d,1,Left Ankle,4582085,1779734556939,1.21,9.6,0.05,-10.6875,-2.0,15.375,-0.6467285,-0.7160034,-0.1350708,-0.2255249
2d,2,Right Ankle,1624109,1779734556949,-2.4652586,-0.36098108,1.2562318,37.376637,-25.60376,-37.87238,36.356243,64.081375,257.92496,0.0
2d,1,Left Ankle,4582104,1779734556966,0.31,9.28,-0.05,-8.375,-2.1875,16.375,-0.6469116,-0.7156372,-0.13269043,-0.2276001
2d,4,Right Wrist,30584821,1779734556977,-6.6838517,-3.6371903,2.2468605,-26.45496,12.951112,-118.35628,-143.05444,-42.75807,214.41277,0.0
2d,3,Left Wrist,4382133,1779734556984,7.973087,-10.032808,-5.1373906,54.645775,-16.9603,118.689224,-101.09031,-48.36184,327.1959,0.0
2d,1,Left Ankle,4582125,1779734557000,0.75,9.74,-0.49,-0.8125,9.1875,21.0,-0.6461792,-0.71551514,-0.13104248,-0.230896
2d,2,Right Ankle,1624168,1779734557009,-3.9440227,1.2302461,-1.8329021,161.76665,-15.803761,-122.50238,36.429344,64.149734,257.9235,0.0
2d,1,Left Ankle,4582147,1779734557034,1.4,9.65,-0.22,0.625,8.9375,21.125,-0.6449585,-0.7157593,-0.1296997,-0.23431396
2d,1,Left Ankle,4582165,1779734557034,1.19,9.4,-0.57,4.3125,-4.25,18.8125,-0.6437988,-0.71661377,-0.12731934,-0.23614502
2d,3,Left Wrist,4382194,1779734557042,8.097513,-9.417853,-1.282553,160.76578,-38.030304,77.17922,-101.0091,-48.262943,327.1824,0.0
2d,1,Left Ankle,4582187,1779734557056,0.77,9.69,-0.66,7.75,-4.0625,16.75,-0.642334,-0.71795654,-0.125,-0.23724365
2d,2,Right Ankle,1624229,1779734557067,-7.6457195,2.9482925,-3.656233,89.036644,-33.23376,-79.10239,36.504246,64.20066,257.9503,0.0
2d,1,Left Ankle,4582210,1779734557095,0.92,9.91,-0.62,9.9375,0.5625,14.875,-0.64056396,-0.71936035,-0.123413086,-0.2387085
2d,1,Left Ankle,4582226,1779734557099,1.18,9.45,-0.68,13.5,2.1875,10.9375,-0.63848877,-0.72088623,-0.12261963,-0.24005127
2d,3,Left Wrist,4382253,1779734557102,8.171691,-9.896418,0.7872386,188.20578,-46.570297,21.599222,-100.888176,-48.222065,327.1509,0.0
2d,1,Left Ankle,4582247,1779734557121,1.31,9.71,-0.92,17.1875,0.9375,4.625,-0.63635254,-0.7227173,-0.12243652,-0.24029541
2d,2,Right Ankle,1624289,1779734557123,-8.906737,4.8697295,-2.1415763,-61.11336,-28.82376,-13.512381,36.58989,64.22539,258.04233,0.0
2d,1,Left Ankle,4582273,1779734557150,2.17,9.7,-0.83,19.875,2.25,-5.0625,-0.6340332,-0.72473145,-0.12359619,-0.23980713
2d,1,Left Ankle,4582291,1779734557150,2.38,9.67,-0.03,21.0625,2.875,-12.75,-0.631897,-0.72662354,-0.1260376,-0.23834229
2d,4,Right Wrist,30585088,1779734557150,-3.2764726,1.5049849,-0.44267216,45.085037,11.2711115,69.17372,-142.93681,-42.636425,214.31993,0.0
2d,3,Left Wrist,4382314,1779734557161,7.7338047,-12.124136,1.6342978,132.55577,-48.180298,9.909222,-100.79522,-48.176918,327.1267,0.0
2d,1,Left Ankle,4582317,1779734557175,0.77,10.14,-0.09,22.5,1.625,-11.1875,-0.62841797,-0.7297363,-0.12976074,-0.23608398
2d,2,Right Ankle,1624349,1779734557181,-7.382509,-4.555599,-1.5314064,-37.45336,18.56624,-3.5023808,36.51751,64.301025,257.99017,0.0
2d,1,Left Ankle,4582331,1779734557207,0.82,9.48,-1.23,24.4375,2.8125,-10.4375,-0.6270752,-0.73083496,-0.13104248,-0.2354126
2d,4,Right Wrist,30585285,1779734557208,-1.6637099,-0.5983061,-2.2660031,47.535038,-7.698889,39.49373,-142.897,-42.52578,214.28697,0.0
2d,3,Left Wrist,4382374,1779734557218,6.6809626,-12.011673,1.1174482,49.325775,-45.5203,20.61922,-100.73678,-48.11921,327.10553,0.0
2d,1,Left Ankle,4582359,1779734557241,1.01,9.64,-1.31,25.5625,6.8125,-4.6875,-0.6220093,-0.73413086,-0.13586426,-0.23608398
2d,1,Left Ankle,4582375,1779734557241,1.0,10.06,-0.98,25.125,7.3125,-4.9375,-0.61883545,-0.73638916,-0.13812256,-0.23608398
2d,2,Right Ankle,1624409,1779734557243,-7.9926786,1.3738153,-0.5479564,-74.48336,-40.93376,60.19762,36.566734,64.33175,258.06158,0.0
2d,1,Left Ankle,4582391,1779734557265,1.17,9.84,-0.98,24.6875,7.5625,-5.3125,-0.61676025,-0.7371216,-0.14105225,-0.23736572
2d,1,Left Ankle,4582431,1779734557297,1.88,9.83,-0.37,23.0625,0.9375,-9.6875,-0.6113281,-0.741272,-0.14581299,-0.23565674
2d,1,Left Ankle,4582417,1779734557297,1.18,10.01,-0.65,23.5625,6.0,-7.125,-0.6125488,-0.7402344,-0.14471436,-0.23638916
2d,4,Right Wrist,30585361,1779734557299,-7.3634133,1.5695909,-1.0935199,-25.68496,-9.168888,-28.266272,-142.92651,-42.505257,214.30807,0.0
2d,2,Right Ankle,1624468,1779734557303,-9.131663,2.941114,0.45942193,59.70664,-20.70376,17.287619,36.684788,64.36299,258.14944,0.0
2d,3,Left Wrist,4382433,1779734557308,3.9268236,-12.444774,0.11006984,-14.654223,-54.6203,21.249222,-100.7262,-48.04597,327.1054,0.0
2d,1,Left Ankle,4582456,1779734557325,2.61,9.74,-0.28,23.5,-6.8125,-6.5625,-0.6074829,-0.7451172,-0.14746094,-0.23248291
2d,1,Left Ankle,4582476,1779734557357,4.33,9.99,-1.48,31.3125,-1.6875,14.6875,-0.6036377,-0.7484741,-0.14703369,-0.2319336
2d,1,Left Ankle,4582496,1779734557358,-0.33,12.79,-2.15,37.0,9.0,21.9375,-0.6008301,-0.7504883,-0.14660645,-0.23291016
2d,4,Right Wrist,30585421,1779734557360,-8.203295,1.8256233,-0.52881384,-34.15496,6.0911117,-107.64628,-142.97398,-42.50823,214.35327,0.0
2d,2,Right Ankle,1624529,1779734557363,-10.155791,-0.6433341,1.2514462,0.48663807,-14.26376,7.557619,36.63167,64.42481,258.101,0.0
2d,3,Left Wrist,4382494,1779734557368,1.9862446,-10.932509,-2.2348964,-16.544224,-31.170301,7.1092224,-100.745865,-47.967743,327.1226,0.0
2d,1,Left Ankle,4582518,1779734557392,1.76,12.75,-2.69,39.125,22.125,2.3125,-0.5916748,-0.7557373,-0.15045166,-0.23693848
2d,1,Left Ankle,4582533,1779734557393,4.11,10.88,-3.72,32.875,7.6875,-3.125,-0.588501,-0.75842285,-0.15203857,-0.23535156
2d,1,Left Ankle,4582560,1779734557417,3.15,10.56,-4.24,13.3125,-34.0,-13.1875,-0.5880127,-0.76068115,-0.15112305,-0.22979736
2d,2,Right Ankle,1624588,1779734557423,-10.151005,2.5151916,-0.038285162,-18.273361,-1.2437598,6.507619,36.704124,64.47186,258.17282,0.0
2d,1,Left Ankle,4582575,1779734557449,1.31,10.48,-4.5,10.375,-11.75,-18.0625,-0.58776855,-0.76208496,-0.15161133,-0.22540283
2d,4,Right Wrist,30585511,1779734557450,-6.9303126,-4.912565,0.72023964,3.5750399,19.671112,-159.86627,-142.98622,-42.5205,214.3922,0.0
2d,3,Left Wrist,4382583,1779734557457,4.4795656,-12.84916,-6.005985,-17.034224,108.4097,1.3692207,-100.75866,-47.907978,327.10272,0.0
2d,1,Left Ankle,4582598,1779734557476,2.85,9.21,-4.14,8.5,-13.0625,-18.125,-0.58758545,-0.7628784,-0.15332031,-0.22192383
2d,1,Left Ankle,4582615,1779734557484,2.69,8.43,-2.96,3.875,-57.5625,-20.8125,-0.5886841,-0.7645874,-0.1515503,-0.21411133
2d,2,Right Ankle,1624649,1779734557485,-8.889988,0.97660685,-0.06699903,-5.6733623,-10.06376,-9.382381,36.726345,64.53076,258.19263,0.0
2d,1,Left Ankle,4582637,1779734557508,0.72,6.85,-1.51,-6.0,-75.0,-12.875,-0.59155273,-0.7662964,-0.1461792,-0.20367432
2d,4,Right Wrist,30585601,1779734557509,-5.5783677,-8.2984085,0.53359944,-31.63496,-25.688887,-74.956276,-142.98499,-42.501278,214.40327,0.0
2d,3,Left Wrist,4382644,1779734557517,9.167105,-15.263518,-5.084748,-156.26422,97.4197,36.019222,-100.8119,-47.833973,327.07776,0.0
2d,1,Left Ankle,4582676,1779734557541,2.61,3.75,0.39,-21.0625,-64.0,20.375,-0.59973145,-0.76763916,-0.12835693,-0.18597412
2d,1,Left Ankle,4582661,1779734557541,-0.01,5.41,-0.2,-19.375,-80.875,-0.6875,-0.59576416,-0.76727295,-0.13812256,-0.1930542
2d,2,Right Ankle,1624708,1779734557543,-9.047914,1.2039249,0.04546363,-23.733362,-9.923759,-7.7723813,36.748905,64.588005,258.21866,0.0
2d,1,Left Ankle,4582700,1779734557566,6.03,2.32,2.49,-29.3125,-46.75,47.5,-0.6026001,-0.767395,-0.1182251,-0.18432617
2d,3,Left Wrist,4382734,1779734557578,9.880167,-6.2306137,-7.848459,-101.52423,-45.310303,120.36922,-100.94826,-47.799244,327.15768,0.0
2d,1,Left Ankle,4582725,1779734557599,1.6,6.45,2.9,-24.4375,-15.375,89.0625,-0.6039429,-0.7669678,-0.103881836,-0.19024658
2d,1,Left Ankle,4582739,1779734557599,-1.37,8.89,2.44,-12.625,37.5,91.375,-0.60266113,-0.7661743,-0.09399414,-0.20233154
2d,2,Right Ankle,1624769,1779734557608,-9.107734,0.060155742,0.86380893,7.2766376,-2.0837598,6.507619,36.731895,64.652725,258.20157,0.0
2d,1,Left Ankle,4582764,1779734557627,-2.66,8.58,2.9,-2.6875,122.0,95.5,-0.595459,-0.7609863,-0.093566895,-0.2399292
2d,4,Right Wrist,30585661,1779734557629,-4.7193446,-9.559426,1.6247265,-28.13496,-33.108887,-0.6162722,-142.96036,-42.469395,214.38527,0.0
2d,3,Left Wrist,4382793,1779734557645,7.841481,-5.943475,-8.805588,27.485777,-120.9803,126.38922,-101.06997,-47.745346,327.27713,0.0
2d,1,Left Ankle,4582783,1779734557657,-2.99,8.71,3.03,-8.375,173.8125,89.0625,-0.59088135,-0.753479,-0.099487305,-0.27056885
2d,2,Right Ankle,1624829,1779734557668,-9.100555,0.72296757,0.57188463,-4.063362,7.43624,17.777618,36.75563,64.71421,258.2271,0.0
2d,1,Left Ankle,4582809,1779734557685,3.92,13.61,-24.96,-21.625,142.625,58.8125,-0.58618164,-0.7496338,-0.105041504,-0.28881836
2d,1,Left Ankle,4582825,1779734557692,0.09,19.96,-9.87,-7.875,-129.0,-20.0625,-0.5872803,-0.75445557,-0.09777832,-0.27630615
2d,4,Right Wrist,30585825,1779734557693,-8.698608,-4.2856455,2.8043883,-13.08496,-24.778887,91.57372,-142.88512,-42.38203,214.30205,0.0
2d,3,Left Wrist,4382854,1779734557698,4.1924267,-6.3646116,-8.551949,45.895775,-121.1203,149.90923,-101.18037,-47.65974,327.39178,0.0
2d,1,Left Ankle,4582846,1779734557716,7.45,10.73,-0.51,-36.0625,-104.625,-31.5,-0.59484863,-0.75579834,-0.08996582,-0.25842285
2d,1,Left Ankle,4582864,1779734557717,1.06,6.06,0.93,-52.625,-118.625,-37.1875,-0.6043701,-0.7550659,-0.080078125,-0.24121094
2d,2,Right Ankle,1624889,1779734557722,-9.495371,0.96703553,0.43070808,3.3566375,12.26624,19.667618,36.797012,64.774826,258.2669,0.0
2d,1,Left Ankle,4582885,1779734557746,-2.15,9.87,-4.19,-37.125,-18.0,-34.25,-0.61157227,-0.75213623,-0.07836914,-0.23248291
2d,1,Left Ankle,4582910,1779734557776,-2.37,8.62,-1.09,-16.375,103.0625,6.8125,-0.6135254,-0.7470703,-0.085998535,-0.2409668
2d,4,Right Wrist,30585844,1779734557783,-9.17478,-3.9889352,3.1800613,-41.01496,-27.57889,94.723724,-142.86166,-42.335938,214.26138,0.0
2d,2,Right Ankle,1624949,1779734557783,-9.114913,1.6083119,-0.72502524,1.7466378,15.416241,6.437619,36.870045,64.83172,258.3346,0.0
2d,3,Left Wrist,4382914,1779734557787,-1.2129595,-9.190535,-5.6685967,26.015776,-90.600296,173.70923,-101.238686,-47.52548,327.45453,0.0
2d,1,Left Ankle,4582927,1779734557809,3.67,9.55,-1.11,-1.0,151.25,6.625,-0.61102295,-0.7406006,-0.10015869,-0.26098633
2d,1,Left Ankle,4582953,1779734557810,3.87,10.36,0.8,-15.75,78.1875,4.5625,-0.60980225,-0.7347412,-0.111328125,-0.27557373
2d,1,Left Ankle,4582972,1779734557835,2.29,9.5,-0.4,-25.9375,27.5,-4.1875,-0.6119995,-0.7304077,-0.11431885,-0.28082275
2d,4,Right Wrist,30585901,1779734557841,-9.203494,-1.4621149,3.0795627,-83.36496,-24.638887,92.973724,-142.86041,-42.293278,214.22565,0.0
2d,2,Right Ankle,1625008,1779734557843,-9.251304,1.3881723,0.04546363,13.926638,12.826241,-15.472382,36.91761,64.89546,258.37256,0.0
2d,1,Left Ankle,4582991,1779734557868,1.69,9.58,0.28,-26.1875,-4.1875,-9.9375,-0.6157837,-0.72735596,-0.11437988,-0.2803955
2d,1,Left Ankle,4583012,1779734557868,2.08,9.85,1.2,-18.5,1.0625,-13.8125,-0.6189575,-0.7250366,-0.114746094,-0.2793579
2d,3,Left Wrist,4382973,1779734557879,1.0004016,-10.492231,-2.7302105,-84.65423,-70.5103,192.39923,-101.289635,-47.381042,327.47775,0.0
2d,1,Left Ankle,4583029,1779734557901,2.06,9.31,-0.18,-11.5,9.3125,-18.125,-0.62127686,-0.7229614,-0.11706543,-0.27868652
2d,4,Right Wrist,30585991,1779734557902,-6.624031,-1.0194424,2.3282166,21.075039,16.52111,50.90373,-142.8254,-42.271393,214.19397,0.0
2d,2,Right Ankle,1625069,1779734557909,-9.105342,0.8450016,0.02871387,-7.493362,21.22624,-21.702381,36.939575,64.96682,258.39413,0.0
2d,1,Left Ankle,4583054,1779734557927,1.94,9.16,-0.5,-6.75,-0.125,-21.6875,-0.62384033,-0.72076416,-0.121398926,-0.2767334
2d,1,Left Ankle,4583074,1779734557927,2.46,9.26,-0.48,-7.3125,-8.125,-23.5625,-0.6262207,-0.7199707,-0.12261963,-0.27294922
2d,3,Left Wrist,4383064,1779734557943,3.9507515,-6.948461,-2.0721843,-30.754223,-51.4003,195.19922,-101.332,-47.23873,327.50385,0.0
2d,1,Left Ankle,4583093,1779734557959,2.14,9.65,-0.62,-11.375,-23.9375,-22.8125,-0.6287842,-0.7192383,-0.123291016,-0.26861572
2d,4,Right Wrist,30586051,1779734557960,-4.6786666,-2.4144583,1.7276179,34.86504,43.891113,26.473728,-142.777,-42.259495,214.1573,0.0
2d,2,Right Ankle,1625128,1779734557962,-9.088592,0.840216,-0.6963114,-12.393362,14.786241,-19.742382,36.969547,65.03456,258.4242,0.0
2d,1,Left Ankle,4583114,1779734557994,1.75,9.76,-0.58,-11.5625,-32.0,-24.3125,-0.63201904,-0.71881104,-0.12225342,-0.26245117
2d,1,Left Ankle,4583129,1779734557994,1.18,9.51,0.13,-10.3125,-31.5625,-23.0,-0.6334839,-0.71875,-0.1217041,-0.2593994
2d,1,Left Ankle,4583154,1779734558016,1.29,9.63,-0.25,-7.0,-24.75,-21.8125,-0.63690186,-0.7185669,-0.121276855,-0.25170898
2d,4,Right Wrist,30586111,1779734558019,-4.056533,-2.4599218,1.8640088,24.22504,41.581112,18.703728,-142.7323,-42.250137,214.12259,0.0
2d,2,Right Ankle,1625189,1779734558027,-9.143627,0.5746126,-0.6963114,10.566637,10.44624,-14.212381,37.00094,65.101654,258.44858,0.0
2d,3,Left Wrist,4383154,1779734558028,2.7998037,-4.6681004,-1.3998013,13.835776,-39.1503,111.12923,-101.362076,-47.126778,327.5334,0.0
2d,1,Left Ankle,4583174,1779734558052,1.0,9.62,-0.58,-3.875,-17.0625,-19.9375,-0.63775635,-0.71850586,-0.121520996,-0.24963379
2d,1,Left Ankle,4583194,1779734558052,1.19,9.93,-0.63,-2.1875,-12.125,-17.4375,-0.6397705,-0.7184448,-0.12219238,-0.24414062
2d,1,Left Ankle,4583215,1779734558076,1.27,9.72,-0.8,-0.8125,-15.625,-15.5625,-0.64086914,-0.7185669,-0.122558594,-0.24072266
2d,4,Right Wrist,30586171,1779734558084,-3.197509,-1.5195425,1.18684,-15.25496,33.251114,18.773727,-142.70631,-42.237194,214.09247,0.0
2d,2,Right Ankle,1625249,1779734558084,-9.069449,0.14151171,-0.9236295,13.226637,6.7362404,-9.24238,37.02585,65.16862,258.46652,0.0
2d,1,Left Ankle,4583230,1779734558109,0.87,9.63,-0.66,-0.5,-18.375,-14.3125,-0.6413574,-0.71881104,-0.12243652,-0.23883057
2d,3,Left Wrist,4383213,1779734558118,0.5170511,-5.445768,-0.41156548,22.235777,-15.980301,90.61922,-101.335266,-47.027424,327.51892,0.0
2d,1,Left Ankle,4583254,1779734558135,0.6,9.73,-0.58,0.25,-18.5,-8.875,-0.64227295,-0.7196045,-0.12158203,-0.23443604
2d,1,Left Ankle,4583276,1779734558136,0.96,9.89,-0.7,3.1875,-8.375,-3.0,-0.64227295,-0.72021484,-0.121032715,-0.23272705
2d,4,Right Wrist,30586231,1779734558144,-3.0491543,-0.18195465,0.85902333,-15.53496,13.861112,8.203728,-142.69911,-42.222855,214.08012,0.0
2d,2,Right Ankle,1625309,1779734558144,-8.858881,0.1630471,-1.1629118,-1.5433621,1.6262403,-8.262381,37.048813,65.23341,258.48703,0.0
2d,1,Left Ankle,4583292,1779734558165,0.98,9.78,-0.7,3.875,-5.6875,-1.5,-0.64190674,-0.72039795,-0.12158203,-0.23284912
2d,1,Left Ankle,4583319,1779734558195,0.91,9.78,-0.51,5.375,-3.625,3.0,-0.6421509,-0.7208252,-0.123291016,-0.2298584
2d,1,Left Ankle,4583336,1779734558196,0.95,9.71,-0.52,6.625,-4.6875,6.4375,-0.64208984,-0.72106934,-0.123535156,-0.22912598
2d,4,Right Wrist,30586291,1779734558199,-3.31715,0.3779659,0.8279166,-1.4649601,-0.90888786,3.653728,-142.6967,-42.206806,214.07755,0.0
2d,2,Right Ankle,1625369,1779734558202,-8.988093,-0.12648442,-1.0049856,-1.1233621,-4.60376,-4.132381,37.060825,65.29728,258.4974,0.0
2d,1,Left Ankle,4583355,1779734558225,1.18,9.84,-0.82,8.875,-10.5,9.4375,-0.6412964,-0.72247314,-0.122924805,-0.22717285
2d,3,Left Wrist,4383303,1779734558238,-2.5505474,-6.8766756,-0.23928227,11.735777,-10.3803005,55.05922,-101.31658,-46.949074,327.50812,0.0
2d,1,Left Ankle,4583398,1779734558259,1.11,9.81,-0.79,9.8125,-0.8125,17.75,-0.6383667,-0.72540283,-0.11968994,-0.22808838
2d,1,Left Ankle,4583380,1779734558259,0.81,9.66,-0.69,9.6875,-6.0625,13.3125,-0.6398926,-0.723999,-0.121032715,-0.22741699
2d,4,Right Wrist,30586351,1779734558260,-3.0491543,-0.13888416,0.32303107,-10.21496,1.1911116,-3.6962721,-142.69688,-42.186836,214.07585,0.0
2d,2,Right Ankle,1625428,1779734558267,-9.100555,0.11279784,-1.1653047,-3.9933622,-11.11376,-2.942381,37.078625,65.3577,258.51352,0.0
2d,1,Left Ankle,4583423,1779734558286,1.33,9.63,-0.8,10.4375,3.6875,20.5625,-0.6366577,-0.7265625,-0.118896484,-0.22937012
2d,1,Left Ankle,4583441,1779734558321,1.37,9.64,-0.84,10.4375,6.125,21.0,-0.63446045,-0.7279053,-0.117370605,-0.2321167
2d,1,Left Ankle,4583464,1779734558321,1.77,9.47,-0.85,11.9375,11.625,19.5625,-0.6308594,-0.7297363,-0.11590576,-0.23675537
2d,4,Right Wrist,30586411,1779734558321,-3.1759741,-0.7610177,0.2727818,-4.33496,7.5611115,-7.3362722,-142.68883,-42.166336,214.06975,0.0
2d,2,Right Ankle,1625489,1779734558323,-9.081413,-0.25569683,-0.82313097,-5.5333624,-16.85376,2.727619,37.0807,65.41754,258.516,0.0
2d,3,Left Wrist,4383498,1779734558328,-0.38265026,-4.6776714,-3.3619156,-35.234222,0.95969915,70.03922,-101.391106,-46.77271,327.5564,0.0
2d,1,Left Ankle,4583484,1779734558346,1.69,9.51,-0.73,12.4375,11.25,18.5,-0.6282959,-0.73095703,-0.115356445,-0.23999023
2d,1,Left Ankle,4583507,1779734558385,1.71,9.4,-0.88,13.0,7.4375,17.0,-0.6258545,-0.7322998,-0.11462402,-0.24261475
2d,4,Right Wrist,30586471,1779734558385,-3.1831524,-1.7995027,0.34217364,27.375038,5.5311117,-3.3462722,-142.65913,-42.14237,214.05606,0.0
2d,2,Right Ankle,1625548,1779734558386,-9.208233,-0.8658666,-0.13399807,-3.433362,-16.22376,20.997618,37.062145,65.47649,258.50122,0.0
2d,1,Left Ankle,4583530,1779734558406,1.68,9.46,-0.81,14.0625,5.75,14.625,-0.6236572,-0.7336426,-0.11425781,-0.2444458
2d,1,Left Ankle,4583547,1779734558407,1.79,9.41,-1.11,15.1875,6.875,11.8125,-0.6213989,-0.73516846,-0.11395264,-0.24572754
2d,1,Left Ankle,4583572,1779734558443,1.98,9.6,-1.29,16.8125,5.0,7.125,-0.6188965,-0.7368164,-0.11419678,-0.24713135
2d,2,Right Ankle,1625609,1779734558444,-9.181912,0.2874739,-0.29671,-13.093363,-12.93376,37.30762,37.090584,65.52848,258.53442,0.0
2d,1,Left Ankle,4583587,1779734558467,1.73,9.44,-1.1,15.75,5.3125,4.75,-0.61676025,-0.7384033,-0.11431885,-0.24749756
2d,1,Left Ankle,4583613,1779734558469,1.62,9.62,-1.21,14.5625,5.75,5.5625,-0.61364746,-0.7404175,-0.115478516,-0.24871826
2d,3,Left Wrist,4383517,1779734558479,0.26341188,-4.000503,-3.8093736,-59.454224,6.349699,72.20922,-101.47701,-46.693798,327.5989,0.0
2d,4,Right Wrist,30586531,1779734558501,-3.264508,-2.8786657,1.026521,31.715038,-5.248888,5.963728,-142.61932,-42.117737,214.03639,0.0
2d,1,Left Ankle,4583628,1779734558501,1.41,9.55,-1.18,14.1875,8.625,8.8125,-0.6124878,-0.74108887,-0.11566162,-0.24957275
2d,2,Right Ankle,1625668,1779734558510,-9.098163,1.4384216,-0.34217364,-11.623362,-13.70376,31.707619,37.155617,65.57321,258.59982,0.0
2d,1,Left Ankle,4583653,1779734558527,1.24,9.77,-1.28,13.6875,13.375,15.5625,-0.6084595,-0.7428589,-0.11584473,-0.25408936
2d,1,Left Ankle,4583675,1779734558560,1.75,9.54,-1.4,15.375,13.3125,18.375,-0.6069336,-0.7435303,-0.115722656,-0.2557373
2d,4,Right Wrist,30586695,1779734558560,-7.2988076,-0.97637194,2.2564318,-11.82496,-21.908888,29.203728,-142.58504,-42.058228,214.00485,0.0
2d,1,Left Ankle,4583692,1779734558560,2.04,9.34,-1.24,14.8125,13.4375,22.9375,-0.60443115,-0.7451782,-0.113342285,-0.25793457
2d,2,Right Ankle,1625729,1779734558563,-9.294374,1.0866767,0.29192436,-9.523362,-15.45376,13.367619,37.186146,65.62569,258.6308,0.0
2d,3,Left Wrist,4383708,1779734558568,-0.9617133,-2.055138,-4.74736,-77.44423,48.8397,56.45922,-101.589455,-46.551506,327.62808,0.0
2d,1,Left Ankle,4583719,1779734558586,2.06,9.71,-1.2,11.125,6.375,29.25,-0.59991455,-0.74731445,-0.11029053,-0.26361084
2d,1,Left Ankle,4583737,1779734558619,2.24,9.48,-1.19,10.0,3.875,29.5,-0.5985718,-0.74798584,-0.10888672,-0.2652588
2d,1,Left Ankle,4583755,1779734558620,2.41,9.24,-1.29,5.75,-2.0,28.625,-0.5953369,-0.7498779,-0.103759766,-0.26922607
2d,4,Right Wrist,30586714,1779734558620,-7.102596,-0.6270196,2.3904297,-3.42496,-18.96889,24.723728,-142.57411,-42.032215,213.99464,0.0
2d,2,Right Ankle,1625789,1779734558623,-9.251304,0.81150204,0.3900301,-15.963362,-12.373759,5.1076193,37.197964,65.6831,258.64618,0.0
2d,3,Left Wrist,4383784,1779734558627,-0.83489364,-1.1578295,-6.8841505,42.395775,-10.730301,52.399223,-101.67774,-46.50661,327.7029,0.0
2d,1,Left Ankle,4583775,1779734558647,2.42,9.21,-1.58,4.125,2.0,28.1875,-0.5934448,-0.75079346,-0.1005249,-0.27209473
2d,1,Left Ankle,4583799,1779734558680,2.32,9.23,-1.64,3.9375,9.4375,27.0,-0.5918579,-0.7514038,-0.09716797,-0.27514648
2d,1,Left Ankle,4583819,1779734558680,2.99,8.92,-1.85,3.75,11.375,23.6875,-0.59002686,-0.75164795,-0.09539795,-0.2789917
2d,4,Right Wrist,30586771,1779734558680,-6.6431737,-1.8114667,2.0721843,15.26504,-0.55888844,-4.326272,-142.55559,-42.01487,213.98679,0.0
2d,2,Right Ankle,1625849,1779734558682,-9.193876,1.2685312,0.34695926,-14.493362,-6.4237595,0.27761889,37.229973,65.7393,258.6794,0.0
2d,1,Left Ankle,4583838,1779734558705,3.16,9.06,-1.76,2.625,6.5625,20.125,-0.5887451,-0.7519531,-0.09295654,-0.2816162
2d,3,Left Wrist,4383843,1779734558720,0.89751,-1.961818,-6.829116,2.9857764,-7.1603007,61.56922,-101.77736,-46.465046,327.7746,0.0
2d,1,Left Ankle,4583864,1779734558735,3.34,8.95,-1.57,0.8125,-1.25,13.625,-0.5876465,-0.75250244,-0.090270996,-0.28344727
2d,1,Left Ankle,4583878,1779734558736,3.1,9.01,-1.75,-1.375,-6.5625,8.0,-0.58758545,-0.7526245,-0.089416504,-0.28338623
2d,4,Right Wrist,30586832,1779734558739,-6.3249283,-3.3955157,2.1391835,-6.78496,17.501112,-14.686272,-142.53697,-42.00325,213.97299,0.0
2d,2,Right Ankle,1625909,1779734558742,-9.270446,1.1106049,0.3924229,-7.843362,-6.4237595,1.677619,37.25757,65.79679,258.70673,0.0
2d,1,Left Ankle,4583902,1779734558769,3.01,9.08,-1.73,-1.125,-4.5,1.6875,-0.5875244,-0.7529297,-0.088378906,-0.28302002
2d,3,Left Wrist,4383904,1779734558778,2.0915287,-1.1410798,-6.271588,-20.674223,-6.600301,59.04922,-101.88742,-46.44071,327.8478,0.0
2d,1,Left Ankle,4583922,1779734558796,3.2,9.04,-1.65,-1.0625,-1.875,-4.4375,-0.5877075,-0.75305176,-0.08850098,-0.2822876
2d,1,Left Ankle,4583941,1779734558797,3.16,9.11,-1.63,-1.4375,-2.5625,-11.3125,-0.58862305,-0.7531128,-0.088378906,-0.28027344
2d,2,Right Ankle,1625968,1779734558803,-9.234554,1.1464972,0.37567315,-2.3833623,-3.8337598,-0.14238095,37.289303,65.85499,258.73608,0.0
2d,1,Left Ankle,4583964,1779734558825,3.22,9.04,-1.4,-2.875,-7.5,-24.8125,-0.59051514,-0.7527466,-0.09118652,-0.2763672
2d,1,Left Ankle,4583986,1779734558860,3.04,9.09,-1.38,-4.1875,-9.8125,-32.8125,-0.59265137,-0.75231934,-0.09387207,-0.27209473
2d,1,Left Ankle,4584005,1779734558860,2.37,9.36,-1.33,-4.3125,-5.75,-40.5625,-0.59503174,-0.7515259,-0.097839355,-0.26739502
2d,2,Right Ankle,1626029,1779734558862,-9.114913,0.78996664,0.48095736,-0.703362,1.4862401,3.497619,37.309372,65.9168,258.75513,0.0
2d,3,Left Wrist,4383994,1779734558868,2.8476603,-1.8613194,-4.7114677,16.565777,-1.1403008,28.109222,-101.97851,-46.430016,327.91687,0.0
2d,1,Left Ankle,4584025,1779734558887,2.69,9.09,-1.16,-4.75,-4.3125,-48.3125,-0.5977783,-0.7504883,-0.103149414,-0.26226807
2d,4,Right Wrist,30586891,1779734558890,-5.5017977,-3.7472606,1.8568304,-20.36496,25.691113,-13.006271,-142.51796,-41.992645,213.95415,0.0
2d,1,Left Ankle,4584046,1779734558917,1.97,9.11,-1.71,-7.5625,-5.25,-50.1875,-0.6012573,-0.7492676,-0.107666016,-0.25585938
2d,2,Right Ankle,1626088,1779734558929,-9.098163,1.1345332,0.27996024,-3.0133622,6.5262403,7.557619,37.3529,65.975914,258.79727,0.0
2d,3,Left Wrist,4384053,1779734558930,3.2927253,-1.892426,-5.6207404,-1.0042236,-1.7703009,19.28922,-102.07779,-46.42438,327.98798,0.0
2d,1,Left Ankle,4584068,1779734558945,1.52,9.28,-1.88,-8.125,-1.5625,-48.25,-0.6044922,-0.7476196,-0.113220215,-0.25073242
2d,1,Left Ankle,4584092,1779734558946,2.4,9.18,-2.21,-11.625,-6.125,-46.625,-0.6077881,-0.7457886,-0.1184082,-0.24560547
2d,4,Right Wrist,30587055,1779734558955,-4.475277,-2.514957,1.9070797,-4.40496,8.191112,24.023727,-142.46286,-41.959038,213.90477,0.0
2d,1,Left Ankle,4584107,1779734558980,1.25,9.39,-1.55,-12.5,-8.875,-38.4375,-0.61120605,-0.7440796,-0.12207031,-0.24066162
2d,2,Right Ankle,1626149,1779734558983,-9.184305,0.9933566,0.26321048,-2.033362,8.06624,3.357619,37.389168,66.03742,258.83212,0.0
2d,3,Left Wrist,4384144,1779734558988,2.9529445,-3.1127656,-5.4293146,78.16577,-14.650301,-5.42078,-102.15087,-46.411205,328.06442,0.0
2d,1,Left Ankle,4584132,1779734559012,1.15,9.45,-1.36,-14.375,-11.5625,-37.6875,-0.6148071,-0.74224854,-0.12512207,-0.23553467
2d,1,Left Ankle,4584152,1779734559013,0.36,9.67,-1.11,-15.0625,-5.25,-31.9375,-0.618103,-0.7402954,-0.12786865,-0.23144531
2d,4,Right Wrist,30587101,1779734559013,-5.616653,-1.0601205,1.9357935,-21.34496,6.371112,28.01373,-142.44966,-41.938385,213.88419,0.0
2d,1,Left Ankle,4584171,1779734559037,1.01,9.71,-1.61,-15.8125,4.5,-29.6875,-0.6212158,-0.73791504,-0.13122559,-0.22894287
2d,2,Right Ankle,1626208,1779734559045,-9.291982,1.5795981,0.26799613,4.126638,14.85624,-4.272381,37.44981,66.09735,258.88702,0.0
2d,3,Left Wrist,4384204,1779734559052,1.8498534,-6.0966153,-4.974678,110.505775,-36.0003,-34.680775,-102.19855,-46.368626,328.1371,0.0
2d,1,Left Ankle,4584188,1779734559070,1.24,9.4,-1.45,-17.1875,6.125,-25.5625,-0.62420654,-0.7352905,-0.13452148,-0.22717285
2d,1,Left Ankle,4584214,1779734559070,0.78,9.92,-0.73,-18.5,1.625,-21.25,-0.6288452,-0.73150635,-0.13775635,-0.22467041
2d,4,Right Wrist,30587162,1779734559072,-6.4158554,0.96899354,1.4596218,-3.35496,6.721112,16.883728,-142.44464,-41.921482,213.87552,0.0
2d,1,Left Ankle,4584237,1779734559098,0.97,9.79,-0.76,-19.125,-2.25,-18.4375,-0.631958,-0.729126,-0.13909912,-0.22277832
2d,2,Right Ankle,1626269,1779734559104,-9.232161,1.270924,0.050249275,5.176638,18.356241,-17.572382,37.495636,66.16339,258.9269,0.0
2d,3,Left Wrist,4384263,1779734559112,0.9214386,-6.4028974,-3.0293133,74.52577,-37.2603,-73.74078,-102.22939,-46.32019,328.19077,0.0
2d,1,Left Ankle,4584255,1779734559125,0.74,9.83,-0.53,-17.5,0.125,-14.5625,-0.6347046,-0.7268677,-0.14031982,-0.22155762
2d,1,Left Ankle,4584275,1779734559125,1.22,9.78,-0.57,-15.3125,-1.125,-15.0625,-0.6375122,-0.7246094,-0.1416626,-0.22003174
2d,4,Right Wrist,30587221,1779734559128,-5.676473,-0.08145605,0.63170516,26.18504,14.701112,-12.516272,-142.43265,-41.907604,213.87386,0.0
2d,1,Left Ankle,4584294,1779734559155,0.98,9.66,-0.35,-14.0,-3.9375,-15.375,-0.6403198,-0.72265625,-0.14227295,-0.21789551
2d,2,Right Ankle,1626329,1779734559163,-9.169948,0.7277533,-0.32542387,2.4466376,19.61624,-24.85238,37.523228,66.23455,258.95026,0.0
2d,3,Left Wrist,4384324,1779734559170,0.9549381,-8.606687,-1.2945169,31.755777,-19.5503,-91.80078,-102.222244,-46.279324,328.2029,0.0
2d,1,Left Ankle,4584315,1779734559187,0.71,9.64,-0.78,-12.25,-5.9375,-14.25,-0.6425781,-0.7211304,-0.1428833,-0.21588135
2d,1,Left Ankle,4584336,1779734559187,0.72,9.77,-0.48,-10.125,-4.625,-13.6875,-0.6447754,-0.72003174,-0.1427002,-0.2131958
2d,4,Right Wrist,30587281,1779734559198,-4.5662036,-1.632005,0.16031912,44.38504,21.911112,-28.96627,-142.40741,-41.892727,213.86984,0.0
2d,1,Left Ankle,4584361,1779734559215,0.8,9.76,-0.52,-8.375,-5.0,-13.25,-0.6468506,-0.7186279,-0.1439209,-0.2109375
2d,2,Right Ankle,1626389,1779734559238,-9.1508045,0.2659385,-0.72502524,0.06663799,15.06624,-22.892382,37.54111,66.30615,258.96536,0.0
2d,3,Left Wrist,4384383,1779734559239,1.4526451,-8.295619,-1.3663017,26.015776,-7.1603007,-108.25078,-102.2154,-46.243664,328.21176,0.0
2d,1,Left Ankle,4584377,1779734559246,0.74,9.62,-0.48,-6.625,-5.3125,-13.625,-0.6485596,-0.71746826,-0.1449585,-0.2086792
2d,4,Right Wrist,30587341,1779734559253,-3.4224348,-3.175376,-0.11964113,49.56504,26.741112,-30.64627,-142.36589,-41.87487,213.85576,0.0
2d,1,Left Ankle,4584403,1779734559278,0.45,9.68,-0.7,-4.9375,-6.125,-12.875,-0.6505127,-0.71606445,-0.14770508,-0.20568848
2d,1,Left Ankle,4584421,1779734559278,0.44,9.68,-0.59,-3.375,-4.125,-12.375,-0.651001,-0.7157593,-0.14819336,-0.20477295
2d,2,Right Ankle,1626449,1779734559286,-9.126877,-0.054699752,-0.9738788,-0.703362,8.55624,-13.372381,37.55641,66.375084,258.97882,0.0
2d,3,Left Wrist,4384444,1779734559289,1.8929244,-9.480067,-0.37088752,37.075775,6.0696993,-114.13077,-102.18091,-46.218494,328.2006,0.0
2d,1,Left Ankle,4584437,1779734559311,0.47,9.79,-0.61,-2.0,-1.1875,-9.9375,-0.65167236,-0.715271,-0.14923096,-0.20355225
2d,4,Right Wrist,30587401,1779734559311,-2.5777678,-4.434001,-0.2847459,67.13504,18.691113,-3.9062722,-142.30222,-41.848305,213.82675,0.0
2d,1,Left Ankle,4584465,1779734559337,0.27,9.56,-0.51,-0.25,0.5,-7.4375,-0.65252686,-0.7145996,-0.15161133,-0.20141602
2d,1,Left Ankle,4584483,1779734559345,0.33,9.74,-0.57,1.4375,1.1875,-4.5625,-0.652771,-0.7145386,-0.15252686,-0.20019531
2d,2,Right Ankle,1626508,1779734559345,-9.093377,-0.5882992,-0.84466636,-0.49336195,5.3362403,6.997619,37.565018,66.44131,258.9881,0.0
2d,3,Left Wrist,4384503,1779734559350,2.6179497,-10.733905,-1.0169495,15.935777,45.549698,-85.57077,-102.14441,-46.182304,328.17188,0.0
2d,1,Left Ankle,4584505,1779734559370,0.39,9.62,-0.73,3.3125,2.375,0.0,-0.6525879,-0.71466064,-0.15356445,-0.19970703
2d,4,Right Wrist,30587461,1779734559370,-0.6395818,-3.211268,-0.2536392,90.02504,8.821112,54.05373,-142.20598,-41.80931,213.77101,0.0
2d,1,Left Ankle,4584526,1779734559401,0.27,9.85,-0.62,4.375,2.75,3.3125,-0.65216064,-0.71484375,-0.15435791,-0.19952393
2d,2,Right Ankle,1626569,1779734559404,-8.906737,0.014692104,-1.0959128,-3.573362,0.7862402,27.927618,37.606686,66.49873,259.0306,0.0
2d,3,Left Wrist,4384564,1779734559409,4.2785683,-12.7845545,-2.8235307,33.435776,89.0897,-44.410778,-102.10568,-46.12894,328.13358,0.0
2d,1,Left Ankle,4584548,1779734559428,0.37,9.72,-0.69,6.1875,4.375,6.1875,-0.65179443,-0.7156372,-0.15356445,-0.1986084
2d,1,Left Ankle,4584571,1779734559429,0.28,9.81,-0.69,8.3125,6.125,9.5,-0.6506958,-0.7163086,-0.15405273,-0.19940186
2d,4,Right Wrist,30587521,1779734559429,-1.0176479,-0.8758733,-1.6462619,54.81504,12.601111,81.21372,-142.17863,-41.72903,213.74686,0.0
2d,1,Left Ankle,4584587,1779734559460,0.42,9.82,-0.62,10.875,8.0,13.25,-0.64923096,-0.71728516,-0.15411377,-0.20056152
2d,2,Right Ankle,1626628,1779734559463,-8.741632,-0.078627974,-1.4404793,-12.743362,-8.03376,37.16762,37.650234,66.5516,259.07806,0.0
2d,3,Left Wrist,4384624,1779734559473,6.209576,-16.409681,-4.7377887,30.775776,81.2497,15.929222,-102.08103,-46.054676,328.10352,0.0
2d,1,Left Ankle,4584609,1779734559489,0.56,9.79,-0.62,13.4375,9.0,16.6875,-0.64727783,-0.7185669,-0.1539917,-0.20257568
2d,1,Left Ankle,4584633,1779734559489,0.34,9.89,-0.76,15.6875,10.1875,22.0,-0.64489746,-0.72003174,-0.1538086,-0.20495605
2d,4,Right Wrist,30587582,1779734559490,-1.3741784,3.3115668,-3.17049,-49.13496,21.351112,52.863728,-142.24573,-41.70888,213.76578,0.0
2d,1,Left Ankle,4584648,1779734559516,0.45,9.88,-0.76,18.0,11.75,28.5,-0.6421509,-0.7219238,-0.15270996,-0.20758057
2d,2,Right Ankle,1626689,1779734559533,-8.679419,1.5939549,-0.8470592,-29.893362,-20.563759,28.697618,37.721153,66.591644,259.15408,0.0
2d,1,Left Ankle,4584673,1779734559556,0.66,9.8,-0.8,20.125,12.8125,35.625,-0.63653564,-0.7255249,-0.14996338,-0.2142334
2d,1,Left Ankle,4584688,1779734559556,0.83,9.72,-0.85,21.5,11.9375,42.0,-0.63464355,-0.7272339,-0.14733887,-0.21600342
2d,4,Right Wrist,30587641,1779734559568,-3.1951165,3.8499513,-3.115455,-41.92496,13.861112,-20.216272,-142.313,-41.69838,213.80275,0.0
2d,3,Left Wrist,4384684,1779734559568,6.4967155,-13.760826,-4.8287163,-52.664223,43.0297,74.23922,-102.1103,-45.96174,328.09738,0.0
2d,1,Left Ankle,4584712,1779734559580,1.11,10.18,-0.81,22.75,10.8125,48.5625,-0.6298218,-0.7304077,-0.14355469,-0.2218628
2d,2,Right Ankle,1626749,1779734559583,-9.442729,1.6800965,-0.65324056,-4.693362,-25.04376,12.177618,37.78461,66.634605,259.21304,0.0
2d,1,Left Ankle,4584728,1779734559608,1.44,9.73,-0.88,22.25,9.125,51.5,-0.6248779,-0.7336426,-0.13909912,-0.22790527
2d,4,Right Wrist,30587702,1779734559609,-4.2479587,-0.4595219,-1.660619,-35.55496,14.7711115,-40.796272,-142.34048,-41.673206,213.81883,0.0
2d,1,Left Ankle,4584773,1779734559639,1.92,9.45,-1.28,21.375,4.5,51.1875,-0.6156616,-0.7402954,-0.12762451,-0.23791504
2d,1,Left Ankle,4584758,1779734559639,1.66,9.28,-1.19,21.75,6.8125,51.5625,-0.618103,-0.7387085,-0.13018799,-0.23516846
2d,2,Right Ankle,1626809,1779734559643,-9.277625,1.0053207,-0.021535404,-19.673363,-22.66376,9.587619,37.81113,66.68533,259.24283,0.0
2d,1,Left Ankle,4584790,1779734559679,2.01,9.33,-1.3,21.0625,3.9375,49.125,-0.61151123,-0.7437134,-0.120788574,-0.24157715
2d,1,Left Ankle,4584814,1779734559679,2.28,9.29,-1.42,19.625,4.125,42.5625,-0.6048584,-0.74786377,-0.11413574,-0.24859619
2d,4,Right Wrist,30587761,1779734559680,-3.700002,-3.0964124,-0.6699903,-34.71496,21.141111,-25.466272,-142.33215,-41.648163,213.80713,0.0
2d,3,Left Wrist,4384744,1779734559689,7.0016007,-9.594922,-4.7880383,-3.1742234,-17.8003,52.25922,-102.1794,-45.898064,328.14783,0.0
2d,1,Left Ankle,4584835,1779734559696,2.62,9.22,-1.39,19.3125,4.9375,40.5625,-0.6008301,-0.7504883,-0.10986328,-0.25238037
2d,2,Right Ankle,1626869,1779734559707,-9.000057,0.8976437,0.08374879,-15.403362,-18.67376,15.397619,37.839653,66.736824,259.27408,0.0
2d,1,Left Ankle,4584854,1779734559726,2.59,9.0,-1.29,19.3125,3.9375,36.25,-0.59680176,-0.7529297,-0.10656738,-0.25598145
2d,4,Right Wrist,30587821,1779734559730,-3.6688955,-4.3622155,0.19621146,-28.90496,23.311111,-8.386271,-142.30804,-41.62701,213.78241,0.0
2d,3,Left Wrist,4384937,1779734559744,7.1044917,-9.8461685,-4.2352962,24.475777,-19.0603,36.15922,-102.30486,-45.760708,328.2548,0.0
2d,1,Left Ankle,4584877,1779734559764,2.65,9.53,-1.15,18.0625,-1.8125,31.6875,-0.59332275,-0.7553711,-0.10308838,-0.25823975
2d,1,Left Ankle,4584895,1779734559764,2.34,9.44,-1.2,17.0,-24.375,17.875,-0.5906372,-0.7583008,-0.09899902,-0.2576294
2d,2,Right Ankle,1626929,1779734559764,-9.1508045,1.6226689,0.031106694,-15.683363,-19.233759,18.827618,37.90039,66.780754,259.33533,0.0
2d,1,Left Ankle,4584915,1779734559787,1.64,9.61,-2.17,16.25,-31.875,13.3125,-0.588562,-0.76153564,-0.0947876,-0.25427246
2d,1,Left Ankle,4584932,1779734559788,0.47,10.25,-2.0,14.625,-37.25,6.625,-0.58776855,-0.76312256,-0.09283447,-0.2520752
2d,3,Left Wrist,4384956,1779734559800,7.484951,-10.982759,-4.5535417,21.185776,-12.270301,38.399223,-102.35232,-45.690685,328.29498,0.0
2d,1,Left Ankle,4584957,1779734559821,0.87,10.55,-1.79,9.625,-33.125,-10.5,-0.58758545,-0.76727295,-0.08660889,-0.24188232
2d,4,Right Wrist,30587881,1779734559821,-5.7626147,-3.3093736,-0.071784675,-28.34496,16.731112,7.923728,-142.29451,-41.59967,213.76253,0.0
2d,2,Right Ankle,1626989,1779734559823,-9.294374,2.1155903,0.5982057,-13.373362,-18.53376,3.147619,37.96717,66.82338,259.39978,0.0
2d,1,Left Ankle,4584976,1779734559849,3.03,10.13,-0.28,4.8125,-4.5,-20.4375,-0.5876465,-0.76812744,-0.087890625,-0.23852539
2d,1,Left Ankle,4584996,1779734559849,4.56,8.74,-1.94,1.125,14.75,-21.125,-0.5881958,-0.7675781,-0.09185791,-0.23760986
2d,3,Left Wrist,4385013,1779734559858,7.975479,-12.150456,-5.65424,-19.834223,1.5196991,39.23922,-102.41389,-45.624676,328.33167,0.0
2d,1,Left Ankle,4585015,1779734559878,5.12,8.99,-3.77,0.0625,8.875,-21.125,-0.5887451,-0.76678467,-0.095703125,-0.23706055
2d,2,Right Ankle,1627048,1779734559893,-9.22259,1.7925593,0.66759753,-11.063362,-11.60376,-7.842381,38.015453,66.874504,259.4459,0.0
2d,1,Left Ankle,4585037,1779734559906,2.1,8.48,-0.51,-14.75,-4.75,-14.25,-0.5909424,-0.7658081,-0.09649658,-0.23461914
2d,3,Left Wrist,4385074,1779734559918,8.090335,-10.453945,-6.513263,-41.324223,-3.8003006,44.97922,-102.50036,-45.575726,328.38165,0.0
2d,1,Left Ankle,4585062,1779734559936,0.83,8.49,0.74,-33.0625,21.4375,-35.5625,-0.5958252,-0.76171875,-0.099487305,-0.23425293
2d,1,Left Ankle,4585081,1779734559937,-0.08,8.38,0.73,-32.0625,11.8125,-43.0,-0.6010132,-0.75756836,-0.105651855,-0.23175049
2d,2,Right Ankle,1627109,1779734559950,-9.1508045,1.486278,0.97866446,-6.793362,-2.5037599,-18.972382,38.040283,66.93524,259.46866,0.0
2d,1,Left Ankle,4585104,1779734559969,4.18,7.29,-1.28,-27.4375,20.8125,-48.625,-0.60943604,-0.75061035,-0.11505127,-0.22784424
2d,4,Right Wrist,30587971,1779734559969,-7.844371,0.7919243,0.12921242,-22.74496,3.7111115,-11.816272,-142.30754,-41.581562,213.76776,0.0
2d,3,Left Wrist,4385133,1779734559984,7.5136647,-7.4772744,-5.898308,-6.6742234,-23.1903,44.13922,-102.59067,-45.546696,328.4477,0.0
2d,1,Left Ankle,4585126,1779734559997,8.79,7.37,-7.91,6.5625,93.6875,-25.6875,-0.6090698,-0.7470093,-0.12762451,-0.23394775
2d,2,Right Ankle,1627168,1779734560003,-9.177126,0.80671644,0.8877372,-2.873362,7.64624,-10.572382,38.04203,67.00291,259.47067,0.0
2d,1,Left Ankle,4585147,1779734560026,5.52,8.79,-9.2,16.4375,107.25,7.5625,-0.6045532,-0.74523926,-0.13543701,-0.24658203
2d,1,Left Ankle,4585166,1779734560027,3.43,10.38,-2.25,2.3125,31.0625,-3.6875,-0.602417,-0.7440796,-0.13903809,-0.2532959
2d,3,Left Wrist,4385194,1779734560038,6.8508525,-6.6110725,-5.051249,3.0557766,-33.130302,40.149223,-102.68129,-45.520523,328.5189,0.0
2d,1,Left Ankle,4585187,1779734560057,5.17,9.39,-1.72,-23.5,-67.125,-51.625,-0.60723877,-0.74316406,-0.1395874,-0.24389648
2d,4,Right Wrist,30588165,1779734560060,-4.556633,-6.4607215,-0.4977071,19.675041,25.131111,-43.176273,-142.26917,-41.551956,213.75775,0.0
2d,2,Right Ankle,1627229,1779734560065,-8.995272,0.42625764,0.34456646,1.5366378,12.75624,17.07762,38.066853,67.066666,259.49594,0.0
2d,1,Left Ankle,4585212,1779734560091,2.84,9.28,-2.36,-37.4375,-104.5625,-59.875,-0.6165161,-0.74212646,-0.1350708,-0.22570801
2d,1,Left Ankle,4585231,1779734560091,-0.77,9.84,-1.37,-29.0,-49.9375,-42.8125,-0.6237793,-0.74017334,-0.1328125,-0.21313477
2d,3,Left Wrist,4385253,1779734560097,6.25504,-7.8696966,-5.441279,-20.464224,-35.3703,39.309223,-102.77449,-45.47506,328.58658,0.0
2d,1,Left Ankle,4585249,1779734560127,-2.7,10.39,-1.3,-20.25,25.375,-27.875,-0.62750244,-0.7369995,-0.13653564,-0.2109375
2d,4,Right Wrist,30588184,1779734560127,-4.8270216,-6.8076806,-0.6652047,26.04504,20.161112,-29.246273,-142.22968,-41.529648,213.74042,0.0
2d,2,Right Ankle,1627289,1779734560127,-9.39248,1.687275,0.46660042,5.8066382,8.83624,9.797619,38.14046,67.120544,259.56366,0.0
2d,1,Left Ankle,4585273,1779734560150,-0.35,9.81,-1.83,-16.25,63.5625,-22.1875,-0.6289673,-0.73254395,-0.14508057,-0.21624756
2d,1,Left Ankle,4585289,1779734560150,1.57,9.48,-0.64,-19.6875,40.0625,-12.4375,-0.63067627,-0.72839355,-0.15124512,-0.22088623
2d,3,Left Wrist,4385314,1779734560157,5.812368,-12.772591,-6.642476,-74.08423,-35.5103,56.179222,-102.86153,-45.393223,328.6356,0.0
2d,2,Right Ankle,1627349,1779734560187,-9.804046,1.8978435,0.3828516,6.6466374,15.416241,-4.762381,38.215954,67.177605,259.6319,0.0
2d,1,Left Ankle,4585311,1779734560187,0.94,10.58,0.11,-23.0,-0.0625,-1.3125,-0.6333618,-0.72558594,-0.1519165,-0.22216797
2d,1,Left Ankle,4585329,1779734560216,0.62,9.61,0.11,-19.875,-5.1875,1.875,-0.6361084,-0.7235718,-0.15020752,-0.2220459
2d,1,Left Ankle,4585354,1779734560216,1.67,9.17,0.28,-11.75,0.25,0.375,-0.63848877,-0.7216797,-0.14874268,-0.222229
2d,4,Right Wrist,30588271,1779734560216,-7.5835533,-0.3303098,1.4356936,-5.03496,-14.348888,40.33373,-142.21858,-41.49806,213.72588,0.0
2d,3,Left Wrist,4385374,1779734560218,5.6568346,-12.282062,-6.9535427,-74.644226,-48.180298,90.549225,-102.95475,-45.301857,328.68994,0.0
2d,1,Left Ankle,4585373,1779734560236,1.51,9.91,-0.74,-11.75,-16.125,2.875,-0.64038086,-0.7211914,-0.14587402,-0.22021484
2d,2,Right Ankle,1627409,1779734560243,-11.03635,0.9837853,0.12921242,2.5166383,16.676239,-22.612381,38.240578,67.24764,259.65277,0.0
2d,1,Left Ankle,4585389,1779734560268,1.48,9.63,-1.07,-11.625,-31.1875,-2.75,-0.64208984,-0.7214966,-0.14233398,-0.2166748
2d,1,Left Ankle,4585414,1779734560268,1.85,9.31,-1.0,-10.0625,-33.6875,-13.75,-0.645813,-0.7211914,-0.13793945,-0.20916748
2d,4,Right Wrist,30588361,1779734560280,-5.358228,-0.5384855,-1.4644074,14.91504,-13.508888,-48.28627,-142.23203,-41.470463,213.75037,0.0
2d,3,Left Wrist,4385434,1779734560280,6.027722,-8.022838,-4.534399,13.555777,-63.8603,111.19922,-103.03292,-45.22076,328.758,0.0
2d,1,Left Ankle,4585429,1779734560296,1.38,9.59,-0.82,-8.8125,-29.6875,-15.5,-0.64697266,-0.72106934,-0.13708496,-0.206604
2d,2,Right Ankle,1627469,1779734560309,-9.114913,0.39754373,-1.0624132,6.506638,12.40624,-11.972382,38.27901,67.31443,259.68588,0.0
2d,1,Left Ankle,4585456,1779734560328,1.35,9.38,-0.22,-6.125,-26.5625,-23.1875,-0.6501465,-0.7207031,-0.1362915,-0.19824219
2d,1,Left Ankle,4585474,1779734560328,0.77,9.26,-0.03,-3.75,-23.8125,-27.375,-0.6520996,-0.72039795,-0.13671875,-0.19250488
2d,4,Right Wrist,30588421,1779734560329,-3.582754,-4.8647084,-0.8781659,6.86504,6.8611116,-42.82627,-142.20676,-41.44437,213.74298,0.0
2d,3,Left Wrist,4385494,1779734560342,5.001201,-5.6419797,-1.7180467,94.685776,-55.460304,107.97922,-103.05863,-45.12415,328.80698,0.0
2d,1,Left Ankle,4585496,1779734560360,-0.25,9.41,-0.68,-3.0,-18.25,-23.125,-0.65405273,-0.720459,-0.13580322,-0.18634033
2d,2,Right Ankle,1627529,1779734560363,-8.677027,0.5171849,-2.1391835,-17.153362,15.48624,18.89762,38.350494,67.37286,259.76068,0.0
2d,1,Left Ankle,4585525,1779734560386,0.07,10.17,-0.57,-1.75,-10.4375,-18.9375,-0.65527344,-0.7201538,-0.13690186,-0.18255615
2d,4,Right Wrist,30588481,1779734560389,-2.0968108,-6.4942207,-1.1318051,25.485039,11.551111,6.523728,-142.14948,-41.40998,213.70776,0.0
2d,3,Left Wrist,4385553,1779734560398,4.1541414,-8.123336,-0.0119641125,111.69577,-24.8003,79.20922,-102.970825,-45.042286,328.774,0.0
2d,1,Left Ankle,4585543,1779734560416,0.39,10.34,-0.73,0.25,-1.9375,-10.3125,-0.6559448,-0.72003174,-0.13745117,-0.18017578
2d,1,Left Ankle,4585564,1779734560416,-0.06,10.23,-0.66,0.9375,-0.0625,-6.875,-0.6558838,-0.7200928,-0.13861084,-0.17919922
2d,2,Right Ankle,1627588,1779734560426,-7.195869,1.270924,0.67716885,-36.403362,4.0062404,28.417618,38.411747,67.42271,259.83228,0.0
2d,1,Left Ankle,4585578,1779734560450,0.23,10.06,-0.5,5.8125,3.6875,4.1875,-0.6553955,-0.72039795,-0.13861084,-0.17956543
2d,4,Right Wrist,30588541,1779734560450,-2.7356946,-2.9935215,-0.7752746,33.95504,-3.5688887,73.23373,-142.09369,-41.354134,213.66415,0.0
2d,3,Left Wrist,4385614,1779734560458,2.97448,-15.490837,0.93320084,23.075777,6.6996994,50.36922,-102.91602,-44.970562,328.7365,0.0
2d,1,Left Ankle,4585604,1779734560491,0.04,10.16,-0.39,12.25,3.0625,17.5625,-0.65441895,-0.7210083,-0.13909912,-0.18023682
2d,1,Left Ankle,4585625,1779734560491,0.37,9.99,-0.45,16.3125,1.625,24.9375,-0.65252686,-0.7225342,-0.13763428,-0.18206787
2d,2,Right Ankle,1627649,1779734560491,-6.690984,-1.3085388,0.6149554,41.576637,-5.58376,-39.13238,38.312393,67.49619,259.72253,0.0
2d,1,Left Ankle,4585644,1779734560506,0.58,10.02,-0.67,18.5625,-1.6875,27.125,-0.6497803,-0.72540283,-0.1338501,-0.18365479
2d,4,Right Wrist,30588601,1779734560519,-4.0110693,2.541078,-3.2063823,37.105038,-10.708889,81.21372,-142.10515,-41.30473,213.6652,0.0
2d,3,Left Wrist,4385673,1779734560529,4.3718886,-16.93371,-0.89491564,-100.05423,14.8897,78.36922,-102.90937,-44.880566,328.69922,0.0
2d,1,Left Ankle,4585665,1779734560537,1.02,9.81,-0.83,18.6875,-4.1875,26.625,-0.6466675,-0.7281494,-0.1307373,-0.18572998
2d,2,Right Ankle,1627708,1779734560548,-9.495371,2.027056,-2.0458634,2.166638,-21.893759,-35.63238,38.370083,67.54651,259.7696,0.0
2d,1,Left Ankle,4585689,1779734560566,1.03,9.5,-1.05,18.4375,-1.5625,22.125,-0.6437988,-0.730896,-0.12768555,-0.18713379
2d,4,Right Wrist,30588662,1779734560575,-3.8651066,2.1486545,-4.5296135,1.6150398,3.3611116,3.5837278,-142.15334,-41.267834,213.6961,0.0
2d,1,Left Ankle,4585733,1779734560602,0.83,9.67,-1.18,17.1875,15.25,14.625,-0.63635254,-0.73553467,-0.12762451,-0.19421387
2d,1,Left Ankle,4585715,1779734560602,1.07,9.71,-1.09,18.0625,6.9375,17.5625,-0.64086914,-0.73309326,-0.12646484,-0.18939209
2d,2,Right Ankle,1627769,1779734560603,-7.6217914,-5.405051,-3.7040896,-158.06335,-9.01376,20.22762,38.280796,67.61267,259.7394,0.0
2d,3,Left Wrist,4385734,1779734560609,5.130413,-9.614064,-2.1559331,-55.394222,-8.2103,88.30922,-102.92314,-44.774303,328.69238,0.0
2d,1,Left Ankle,4585750,1779734560630,1.02,9.68,-1.24,17.125,20.6875,13.5625,-0.63482666,-0.7362671,-0.1282959,-0.19598389
2d,1,Left Ankle,4585773,1779734560630,1.22,9.61,-0.92,17.6875,22.125,13.6875,-0.630188,-0.7384033,-0.13024902,-0.20166016
2d,4,Right Wrist,30588721,1779734560630,-3.3626142,-2.9313078,-2.5794628,10.78504,14.561111,-36.59627,-142.14537,-41.225986,213.69856,0.0
2d,1,Left Ankle,4585793,1779734560655,1.45,9.38,-0.99,18.0625,22.1875,12.375,-0.6273804,-0.7401123,-0.13031006,-0.20397949
2d,2,Right Ankle,1627829,1779734560665,-9.366159,1.5795981,0.117248304,54.176636,-23.71376,26.527618,38.36869,67.653946,259.80402,0.0
2d,3,Left Wrist,4385793,1779734560669,5.7501545,-6.099008,-0.6221339,20.625776,-16.1903,53.449223,-102.84285,-44.740658,328.64185,0.0
2d,1,Left Ankle,4585816,1779734560695,1.82,9.59,-1.17,18.6875,19.6875,10.375,-0.6242676,-0.7416992,-0.13165283,-0.20690918
2d,1,Left Ankle,4585830,1779734560695,1.87,9.9,-1.55,20.0,12.3125,7.6875,-0.6227417,-0.74261475,-0.13220215,-0.2078247
2d,4,Right Wrist,30588781,1779734560695,-3.9943192,-5.1877394,-1.6534405,-4.12496,25.27111,6.313728,-142.11165,-41.189533,213.67003,0.0
2d,1,Left Ankle,4585854,1779734560716,1.86,9.97,-1.29,18.5625,7.1875,4.8125,-0.6185303,-0.74523926,-0.13391113,-0.21002197
2d,2,Right Ankle,1627889,1779734560722,-9.320695,1.8404157,0.23688945,-31.993362,-22.38376,34.71762,38.443466,67.690865,259.88528,0.0
2d,3,Left Wrist,4385883,1779734560738,4.75474,-10.327126,-1.7611175,66.895775,-20.0403,-20.260777,-102.81282,-44.67252,328.64313,0.0
2d,1,Left Ankle,4585874,1779734560746,1.97,9.86,-2.32,21.125,1.1875,1.1875,-0.6157837,-0.74731445,-0.13476562,-0.21020508
2d,4,Right Wrist,30588841,1779734560750,-5.8272214,-1.1151556,-0.67716885,-26.52496,16.731112,74.42372,-142.09622,-41.14766,213.63564,0.0
2d,1,Left Ankle,4585896,1779734560780,2.89,10.22,-2.77,18.75,-3.8125,5.25,-0.61383057,-0.7498779,-0.13275146,-0.20800781
2d,1,Left Ankle,4585923,1779734560791,1.73,10.58,-3.11,19.625,4.4375,3.625,-0.611145,-0.7518921,-0.13317871,-0.20837402
2d,2,Right Ankle,1627949,1779734560792,-9.354196,1.7853808,0.6556334,5.3166375,-17.20376,17.847618,38.514694,67.73444,259.94992,0.0
2d,3,Left Wrist,4385944,1779734560801,3.342975,-12.227027,-5.237889,1.0957764,-13.810301,-0.45077896,-102.85196,-44.600945,328.6743,0.0
2d,1,Left Ankle,4585936,1779734560810,2.65,11.18,-2.4,18.875,4.6875,3.3125,-0.6088867,-0.7540283,-0.13250732,-0.2078247
2d,4,Right Wrist,30588901,1779734560812,-7.48784,2.2419746,-0.10289137,-14.06496,-13.088888,17.163727,-142.10916,-41.121265,213.63945,0.0
2d,1,Left Ankle,4585962,1779734560839,3.29,10.42,-2.51,18.0625,-7.8125,-3.5625,-0.60668945,-0.75598145,-0.1329956,-0.20672607
2d,1,Left Ankle,4585981,1779734560839,3.11,10.09,-3.09,17.25,-21.75,-8.875,-0.60510254,-0.75823975,-0.13269043,-0.20318604
2d,2,Right Ankle,1628009,1779734560843,-9.47623,2.2759094,0.89730847,-15.123362,-8.10376,2.517619,38.5969,67.77709,260.0305,0.0
2d,3,Left Wrist,4386003,1779734560848,2.4313095,-10.114164,-9.040084,42.955776,37.9897,20.899221,-102.8933,-44.54612,328.70346,0.0
2d,1,Left Ankle,4586003,1779734560880,2.93,10.09,-3.03,18.6875,-50.6875,-18.625,-0.60461426,-0.7614746,-0.1293335,-0.19451904
2d,4,Right Wrist,30588961,1779734560880,-8.765608,-1.1893331,0.82073814,-25.964958,-3.288888,-68.166275,-142.12857,-41.11184,213.66095,0.0
2d,1,Left Ankle,4586023,1779734560903,1.67,8.42,-1.29,12.0,-60.75,-19.9375,-0.60528564,-0.7654419,-0.124572754,-0.17944336
2d,1,Left Ankle,4586038,1779734560903,0.32,7.59,-1.23,2.4375,-58.0625,-17.375,-0.6060791,-0.7663574,-0.12243652,-0.17449951
2d,2,Right Ankle,1628069,1779734560904,-9.004843,1.8093091,1.0767702,-11.623362,-3.0637598,-7.422381,38.650978,67.82991,260.08328,0.0
2d,3,Left Wrist,4386064,1779734560908,5.7597256,-12.562022,-7.6833534,-8.494224,71.3797,50.15922,-102.929924,-44.481476,328.70697,0.0
2d,1,Left Ankle,4586062,1779734560927,-0.81,6.89,-2.82,-3.5,-41.125,-9.75,-0.607666,-0.76708984,-0.119262695,-0.16741943
2d,1,Left Ankle,4586078,1779734560962,-0.49,6.43,-3.03,-2.125,-31.9375,1.6875,-0.6086426,-0.76776123,-0.1159668,-0.1630249
2d,1,Left Ankle,4586103,1779734560962,2.27,4.8,-0.42,-5.25,-34.125,13.1875,-0.6102905,-0.7687988,-0.10699463,-0.1583252
2d,4,Right Wrist,30589021,1779734560963,-7.2198443,-5.462914,0.17706887,-23.72496,16.731112,-84.126274,-142.1307,-41.10453,213.67168,0.0
2d,2,Right Ankle,1628128,1779734560963,-9.098163,1.3211732,0.53359944,-9.033362,-1.8737599,-7.4923806,38.6881,67.888,260.11966,0.0
2d,3,Left Wrist,4386124,1779734560969,7.3700953,-7.759628,-5.9413786,-42.654224,28.7497,60.23922,-103.011765,-44.449326,328.74353,0.0
2d,1,Left Ankle,4586122,1779734560988,4.2,3.99,1.77,-15.5,-33.1875,40.25,-0.61102295,-0.7687988,-0.10241699,-0.15838623
2d,1,Left Ankle,4586139,1779734561023,-2.56,7.47,2.2,-13.1875,13.5,57.5625,-0.6117554,-0.7682495,-0.093444824,-0.16363525
2d,1,Left Ankle,4586164,1779734561024,-5.34,9.08,1.09,8.9375,144.5,30.25,-0.607666,-0.7645874,-0.10076904,-0.1897583
2d,2,Right Ankle,1628189,1779734561024,-8.956986,0.9957494,1.1892328,-4.203362,0.64624023,6.577619,38.69435,67.94989,260.12753,0.0
2d,3,Left Wrist,4386184,1779734561032,7.367703,-6.0320096,-5.130212,-4.9942236,-26.900301,41.829224,-103.10345,-44.43848,328.8107,0.0
2d,1,Left Ankle,4586182,1779734561054,-2.77,8.42,-0.99,18.8125,165.3125,19.625,-0.6046753,-0.7630005,-0.10827637,-0.20129395
2d,4,Right Wrist,30589082,1779734561054,-6.5689964,-6.5923266,-0.9619147,-16.93496,21.77111,-78.03628,-142.12463,-41.09193,213.67648,0.0
2d,1,Left Ankle,4586204,1779734561079,-4.12,8.6,-1.61,5.6875,145.5,10.625,-0.5996094,-0.75683594,-0.12719727,-0.22680664
2d,1,Left Ankle,4586224,1779734561080,20.27,11.41,-17.28,5.375,11.5,-43.5,-0.5996704,-0.7581177,-0.13079834,-0.22039795
2d,1,Left Ankle,4586247,1779734561112,9.48,22.43,-8.3,0.75,-59.875,19.0,-0.60235596,-0.75909424,-0.12384033,-0.21368408
2d,2,Right Ankle,1628249,1779734561113,-9.258482,1.3379229,0.66041905,1.7466378,9.04624,17.14762,38.75493,68.00598,260.18564,0.0
2d,3,Left Wrist,4386244,1779734561118,5.8745813,-7.520345,-6.489335,-11.644223,-54.060303,39.79922,-103.20246,-44.396294,328.88803,0.0
2d,1,Left Ankle,4586264,1779734561138,0.22,6.89,2.5,-29.6875,-34.5,-64.9375,-0.60931396,-0.7559204,-0.12750244,-0.20263672
2d,4,Right Wrist,30589171,1779734561139,-7.2342014,-6.4367933,0.27038896,-74.89496,-4.9688883,-52.62627,-142.13809,-41.07199,213.67987,0.0
2d,1,Left Ankle,4586288,1779734561166,-3.28,5.44,1.0,-34.5625,26.4375,-23.625,-0.6144409,-0.7514038,-0.13092041,-0.20178223
2d,1,Left Ankle,4586306,1779734561166,-1.18,8.34,-1.73,-28.5625,87.375,-17.9375,-0.6173096,-0.74523926,-0.14025879,-0.20941162
2d,2,Right Ankle,1628309,1779734561178,-9.378123,2.0581625,1.1724831,2.796638,17.936241,14.277618,38.85278,68.05658,260.2784,0.0
2d,3,Left Wrist,4386303,1779734561178,3.6851485,-10.899011,-7.848459,-43.984222,-61.9003,58.13922,-103.297714,-44.317936,328.9556,0.0
2d,1,Left Ankle,4586326,1779734561203,0.31,8.81,-2.36,-29.3125,80.75,-10.3125,-0.61901855,-0.73883057,-0.14990234,-0.22015381
2d,4,Right Wrist,30589261,1779734561203,-8.698608,-4.3502517,1.8113667,-80.28496,-6.6488876,-51.366272,-142.1607,-41.057915,213.68805,0.0
2d,1,Left Ankle,4586348,1779734561230,4.18,10.48,-2.12,-36.125,45.8125,-13.6875,-0.62390137,-0.73339844,-0.15258789,-0.22277832
2d,1,Left Ankle,4586364,1779734561230,0.76,9.65,-0.44,-39.5625,-2.625,-14.0,-0.6295166,-0.72875977,-0.15252686,-0.22229004
2d,2,Right Ankle,1628399,1779734561233,-9.50255,2.0031276,0.3948157,12.386637,15.90624,-14.772381,38.937534,68.11289,260.3528,0.0
2d,3,Left Wrist,4386394,1779734561242,4.1541414,-10.171593,-4.855037,-31.244225,-62.250298,90.409225,-103.36753,-44.217777,329.00665,0.0
2d,1,Left Ankle,4586385,1779734561258,1.31,9.52,-0.21,-29.5,1.625,-18.625,-0.63409424,-0.7248535,-0.15344238,-0.2211914
2d,4,Right Wrist,30589351,1779734561259,-7.262915,-4.2425747,0.72023964,-77.064964,10.361112,-20.496271,-142.17067,-41.038166,213.67952,0.0
2d,1,Left Ankle,4586414,1779734561294,1.65,9.79,0.47,-20.625,-5.625,-20.75,-0.6376343,-0.7220459,-0.15472412,-0.21929932
2d,1,Left Ankle,4586425,1779734561294,1.6,9.25,0.14,-18.9375,-20.0,-26.5625,-0.64141846,-0.71990967,-0.15539551,-0.21502686
2d,2,Right Ankle,1628458,1779734561294,-9.287196,1.000535,0.41635114,6.716638,27.17624,-15.472382,38.976578,68.183556,260.38754,0.0
2d,1,Left Ankle,4586449,1779734561317,0.91,9.72,-0.93,-13.5625,-24.875,-28.75,-0.64489746,-0.71832275,-0.15557861,-0.20941162
2d,1,Left Ankle,4586473,1779734561354,0.66,9.69,-1.07,-9.375,-25.125,-32.75,-0.649353,-0.7168579,-0.15673828,-0.19989014
2d,1,Left Ankle,4586489,1779734561354,0.1,9.55,-0.72,-7.3125,-26.875,-31.25,-0.651062,-0.7167969,-0.15557861,-0.1953125
2d,4,Right Wrist,30589412,1779734561354,-3.834,-5.1614184,0.026321048,35.56504,13.511112,13.943728,-142.11891,-41.008293,213.64862,0.0
2d,2,Right Ankle,1628519,1779734561363,-9.406837,0.7062179,-0.52881384,-10.923363,24.58624,4.967619,39.03058,68.248695,260.44373,0.0
2d,3,Left Wrist,4386454,1779734561363,4.489137,-7.8505545,-2.2971096,19.925777,-63.1603,93.55922,-103.391426,-44.107285,329.0381,0.0
2d,1,Left Ankle,4586514,1779734561375,1.21,9.6,-0.56,-5.5,-21.9375,-30.5625,-0.65460205,-0.7157593,-0.15698242,-0.18579102
2d,1,Left Ankle,4586530,1779734561411,0.98,10.08,-0.56,-8.125,-20.875,-30.375,-0.65582275,-0.715271,-0.15753174,-0.18292236
2d,1,Left Ankle,4586554,1779734561411,-0.82,10.67,-0.99,-5.8125,-16.3125,-19.5625,-0.6588135,-0.7140503,-0.15838623,-0.17633057
2d,2,Right Ankle,1628579,1779734561413,-10.079221,0.6009337,-1.39023,26.596638,14.50624,21.137619,39.111202,68.30705,260.5133,0.0
2d,3,Left Wrist,4386618,1779734561418,3.000801,-11.138292,1.8496519,66.615776,-1.2103004,32.379223,-103.24682,-43.962563,328.97974,0.0
2d,1,Left Ankle,4586574,1779734561437,0.21,9.8,-0.79,-3.25,-10.125,-11.25,-0.65997314,-0.713562,-0.1586914,-0.17346191
2d,1,Left Ankle,4586590,1779734561466,-0.43,9.85,-0.54,-2.25,-8.5,-6.4375,-0.66033936,-0.713501,-0.1585083,-0.17260742
2d,1,Left Ankle,4586613,1779734561467,-0.31,10.04,-0.86,0.4375,-4.1875,6.1875,-0.6605835,-0.7137451,-0.15716553,-0.171875
2d,4,Right Wrist,30589471,1779734561469,-3.6808596,-7.0804625,0.62931234,42.285038,14.841112,63.92373,-142.04663,-40.97221,213.59518,0.0
2d,2,Right Ankle,1628639,1779734561473,-11.388094,-0.1336629,-0.6891329,-26.953363,19.05624,27.017618,39.1429,68.37074,260.55576,0.0
2d,3,Left Wrist,4386637,1779734561487,2.2685974,-12.595521,1.8831514,31.545776,12.859699,25.309221,-103.18296,-43.90808,328.93848,0.0
2d,1,Left Ankle,4586635,1779734561498,-0.08,9.82,-0.76,3.0,-4.5625,15.3125,-0.6602173,-0.71447754,-0.15509033,-0.171875
2d,1,Left Ankle,4586653,1779734561530,-0.15,9.97,-0.48,6.875,-4.5,23.0,-0.6592407,-0.71569824,-0.15252686,-0.17303467
2d,4,Right Wrist,30589665,1779734561530,-6.1000032,4.862115,-0.715454,27.235039,-11.898888,43.69373,-142.01071,-40.896927,213.54683,0.0
2d,1,Left Ankle,4586676,1779734561530,0.16,10.21,-0.4,11.875,-2.8125,29.25,-0.65722656,-0.71765137,-0.14916992,-0.17547607
2d,1,Left Ankle,4586692,1779734561558,0.18,10.06,-0.43,13.875,-2.3125,31.9375,-0.65460205,-0.7202759,-0.14489746,-0.17803955
2d,2,Right Ankle,1628699,1779734561563,-5.054293,1.2661383,0.7010971,-34.16336,-13.49376,4.267619,39.227024,68.408356,260.64438,0.0
2d,3,Left Wrist,4386694,1779734561568,1.4741806,-13.677077,1.5218352,-44.754223,44.079697,12.429222,-103.14196,-43.856056,328.8877,0.0
2d,1,Left Ankle,4586714,1779734561596,0.58,9.67,-0.63,17.875,-6.3125,34.0625,-0.6516113,-0.72320557,-0.140625,-0.18066406
2d,4,Right Wrist,30589684,1779734561596,-5.674081,3.589134,-1.3950156,46.765038,-13.018888,13.383728,-142.01822,-40.872494,213.56175,0.0
2d,1,Left Ankle,4586737,1779734561618,0.65,9.85,-1.02,18.5625,-5.6875,33.6875,-0.64849854,-0.72631836,-0.13616943,-0.18261719
2d,1,Left Ankle,4586760,1779734561618,1.16,9.76,-1.15,20.0625,-5.5625,26.0625,-0.6453247,-0.7293091,-0.13323975,-0.18426514
2d,2,Right Ankle,1628759,1779734561623,-6.487593,-2.1795263,2.0937197,17.916637,-26.79376,-88.48238,38.996983,68.46274,260.41364,0.0
2d,3,Left Wrist,4386753,1779734561641,2.5246296,-11.69582,-0.4235296,-26.134224,56.819702,11.799221,-103.099846,-43.79385,328.83762,0.0
2d,1,Left Ankle,4586775,1779734561654,1.28,9.59,-0.82,21.0,-2.1875,19.625,-0.6422119,-0.73205566,-0.1315918,-0.1854248
2d,1,Left Ankle,4586795,1779734561654,0.8,9.57,-1.04,21.9375,2.8125,11.75,-0.6390991,-0.73461914,-0.13092041,-0.18640137
2d,4,Right Wrist,30589742,1779734561654,-3.8459642,-0.91176534,-1.8281165,109.06504,3.7111115,-39.606274,-141.99432,-40.839176,213.57869,0.0
2d,1,Left Ankle,4586819,1779734561681,0.56,10.08,-1.03,20.8125,11.25,10.8125,-0.63586426,-0.73687744,-0.13116455,-0.18823242
2d,2,Right Ankle,1628849,1779734561683,-6.3009534,-0.28680354,-4.074977,-75.32336,-4.5337596,30.23762,39.06018,68.5153,260.4995,0.0
2d,1,Left Ankle,4586837,1779734561712,1.73,9.4,-1.8,17.4375,18.125,10.5625,-0.6331177,-0.73864746,-0.1315918,-0.19049072
2d,4,Right Wrist,30589801,1779734561712,-2.5203404,-6.0324063,-1.68694,98.98504,24.011112,-32.39627,-141.92357,-40.810944,213.55789,0.0
2d,3,Left Wrist,4386843,1779734561721,4.986844,-8.015658,-1.0552348,11.1757765,48.4197,32.79922,-103.040955,-43.720192,328.7858,0.0
2d,1,Left Ankle,4586865,1779734561738,0.21,9.74,-1.1,16.3125,21.6875,16.875,-0.6298828,-0.74017334,-0.13250732,-0.19451904
2d,1,Left Ankle,4586883,1779734561738,1.31,9.88,-1.31,17.3125,26.5,12.6875,-0.6254883,-0.7420654,-0.13464355,-0.20007324
2d,2,Right Ankle,1628909,1779734561743,-9.2536955,1.83563,-0.39960137,-27.303362,-37.223763,43.88762,39.146343,68.544464,260.58994,0.0
2d,1,Left Ankle,4586905,1779734561766,1.75,9.5,-1.33,18.75,21.0625,12.875,-0.62213135,-0.7435303,-0.13616943,-0.20391846
2d,4,Right Wrist,30589861,1779734561780,-6.5809608,-3.0581274,-0.9619147,-24.284962,25.901112,16.253727,-141.91112,-40.780178,213.5366,0.0
2d,1,Left Ankle,4586925,1779734561805,0.88,9.6,-1.31,18.0625,6.9375,18.4375,-0.61901855,-0.74542236,-0.13580322,-0.20654297
2d,2,Right Ankle,1628969,1779734561805,-8.911523,-1.0788279,1.9357935,4.1966376,-27.70376,26.80762,39.01896,68.58935,260.4704,0.0
2d,3,Left Wrist,4386904,1779734561808,4.800204,-9.396318,-1.3447663,7.0457764,15.589699,27.479221,-103.00562,-43.641567,328.75772,0.0
2d,1,Left Ankle,4586950,1779734561832,0.89,9.37,-1.6,18.5,-3.1875,23.625,-0.6159668,-0.7479248,-0.13348389,-0.20831299
2d,1,Left Ankle,4586972,1779734561832,1.2,9.53,-1.65,19.4375,-6.0,30.0,-0.6126709,-0.7507324,-0.13000488,-0.21014404
2d,4,Right Wrist,30589921,1779734561832,-7.6888375,0.6004981,-1.2370893,-51.02496,12.181111,3.7937279,-141.93303,-40.755062,213.5365,0.0
2d,1,Left Ankle,4586988,1779734561856,1.02,9.85,-1.07,18.1875,-7.5,35.375,-0.6092529,-0.75372314,-0.12536621,-0.2121582
2d,1,Left Ankle,4587005,1779734561858,1.12,9.34,-0.95,12.3125,-7.625,34.3125,-0.6063843,-0.75616455,-0.12060547,-0.2144165
2d,2,Right Ankle,1629029,1779734561870,-9.880615,3.2761095,0.72263247,-4.693362,-17.13376,7.487619,39.15303,68.61144,260.59613,0.0
2d,1,Left Ankle,4587029,1779734561885,1.27,9.21,-2.33,6.125,1.3125,32.875,-0.604187,-0.7576904,-0.11645508,-0.21746826
2d,4,Right Wrist,30589981,1779734561897,-8.483254,-1.1869401,-0.44506502,-19.24496,3.3611116,-44.57627,-141.94627,-40.73768,213.5495,0.0
2d,1,Left Ankle,4587047,1779734561920,1.81,9.14,-3.54,3.75,14.875,31.125,-0.60235596,-0.7583008,-0.113586426,-0.22192383
2d,1,Left Ankle,4587066,1779734561920,2.71,8.42,-3.34,2.5,19.625,29.9375,-0.60046387,-0.75842285,-0.11175537,-0.22747803
2d,2,Right Ankle,1629088,1779734561925,-9.885402,2.8310444,-1.7276179,-66.643364,17.58624,-8.122381,39.251064,68.65931,260.70972,0.0
2d,3,Left Wrist,4386994,1779734561929,4.201998,-11.681463,-5.8863435,23.285776,-49.7203,46.79922,-103.05763,-43.55819,328.80878,0.0
2d,1,Left Ankle,4587091,1779734561947,2.44,8.29,-3.31,0.375,6.1875,24.6875,-0.59906006,-0.7585449,-0.10974121,-0.23162842
2d,4,Right Wrist,30590041,1779734561949,-6.789136,-5.0800624,0.27756742,-1.9549599,1.6811113,-43.106274,-141.93373,-40.71783,213.54958,0.0
2d,1,Left Ankle,4587109,1779734561975,2.8,8.19,-3.18,-0.125,-9.3125,14.4375,-0.5985718,-0.7591553,-0.10687256,-0.23242188
2d,2,Right Ankle,1629149,1779734561987,-9.165162,1.4168861,0.5096712,0.7666378,-4.60376,-1.1923811,39.30329,68.713646,260.75763,0.0
2d,3,Left Wrist,4387187,1779734561997,5.805189,-6.6900353,-2.9240294,-25.574223,38.3397,79.06922,-103.150085,-43.427505,328.86606,0.0
2d,1,Left Ankle,4587132,1779734562012,3.24,8.31,-2.81,0.6875,-14.4375,5.5625,-0.5984497,-0.75982666,-0.10449219,-0.23150635
2d,1,Left Ankle,4587152,1779734562012,2.96,9.4,-1.93,5.6875,0.5,-1.8125,-0.5980835,-0.7605591,-0.10369873,-0.23046875
2d,1,Left Ankle,4587170,1779734562040,3.13,9.67,-0.98,10.4375,20.0625,-14.1875,-0.5970459,-0.76068115,-0.107055664,-0.23120117
2d,4,Right Wrist,30590101,1779734562040,-4.3269215,-6.697611,-0.14117654,-4.33496,4.4811115,-31.136272,-141.90625,-40.694366,213.53642,0.0
2d,2,Right Ankle,1629208,1779734562042,-8.808632,-0.02598587,1.0863415,-0.77336216,-4.25376,28.06762,39.266045,68.773445,260.72556,0.0
2d,3,Left Wrist,4387206,1779734562054,5.9846506,-5.5271235,-2.4789643,-6.2542233,33.719696,76.33922,-103.21366,-43.416885,328.89554,0.0
2d,1,Left Ankle,4587192,1779734562065,2.09,10.67,0.63,12.3125,31.25,-26.375,-0.59588623,-0.760376,-0.11328125,-0.23223877
2d,1,Left Ankle,4587212,1779734562066,3.05,11.23,-0.12,8.3125,45.875,-44.3125,-0.5952759,-0.75891113,-0.123046875,-0.23364258
2d,1,Left Ankle,4587227,1779734562097,6.82,10.99,-2.16,7.5,7.1875,-54.0625,-0.5963135,-0.75756836,-0.13208008,-0.23040771
2d,4,Right Wrist,30590162,1779734562099,-4.8150578,-7.4824567,-0.5599205,13.09504,3.7111115,-11.256271,-141.86852,-40.664387,213.51654,0.0
2d,1,Left Ankle,4587253,1779734562126,3.19,12.97,-4.72,10.6875,-38.8125,-48.0,-0.5979614,-0.7593384,-0.13781738,-0.2164917
2d,1,Left Ankle,4587275,1779734562162,4.38,15.69,-8.89,16.0625,-29.625,-58.875,-0.59832764,-0.76000977,-0.14038086,-0.21142578
2d,1,Left Ankle,4587289,1779734562163,6.94,16.75,-12.25,21.6875,-49.5625,-67.75,-0.598938,-0.7618408,-0.14508057,-0.19952393
2d,3,Left Wrist,4387264,1779734562173,5.857832,-7.9462676,-0.6699903,88.035774,12.3696995,36.089222,-103.11529,-43.36115,328.84396,0.0
2d,1,Left Ankle,4587313,1779734562189,9.14,11.94,-12.95,24.1875,-177.3125,-79.3125,-0.60369873,-0.7705078,-0.13574219,-0.15301514
2d,1,Left Ankle,4587329,1779734562195,6.87,8.15,-11.73,25.6875,-254.75,-75.4375,-0.6057739,-0.77404785,-0.12799072,-0.13226318
2d,4,Right Wrist,30590251,1779734562195,-8.6363945,-1.2084756,-0.33499515,-59.77496,-19.598888,18.773727,-141.88484,-40.627453,213.51288,0.0
2d,2,Right Ankle,1629269,1779734562195,-8.303746,0.54111314,1.0600204,-9.6633625,-8.31376,20.64762,39.24846,68.83233,260.71365,0.0
2d,1,Left Ankle,4587354,1779734562223,1.32,4.55,-11.45,48.125,-277.875,-45.875,-0.6078491,-0.7850952,-0.09753418,-0.06829834
2d,1,Left Ankle,4587375,1779734562245,0.92,3.28,-9.36,58.4375,-285.0,-34.6875,-0.60632324,-0.7891846,-0.085510254,-0.04711914
2d,1,Left Ankle,4587393,1779734562247,-4.02,4.28,-3.95,68.1875,-297.25,-21.625,-0.59747314,-0.80041504,-0.045837402,0.016296387
2d,4,Right Wrist,30590311,1779734562248,-4.688238,-0.16759762,0.04785645,56.425037,-47.388885,2.323728,-141.8719,-40.589466,213.52455,0.0
2d,1,Left Ankle,4587415,1779734562294,-10.42,6.12,0.44,93.625,-160.0,-31.8125,-0.58654785,-0.80804443,-0.029418945,0.04699707
2d,2,Right Ankle,1629432,1779734562307,-9.449908,1.6992393,-0.2943172,23.026638,10.166241,-58.87238,39.42703,68.93201,260.86163,0.0
2d,3,Left Wrist,4387427,1779734562307,3.500901,-10.1357,-7.2000036,76.83577,89.7897,-46.860775,-103.05076,-43.297665,328.81766,0.0
2d,1,Left Ankle,4587432,1779734562318,-8.08,3.01,4.57,95.6875,-79.4375,-32.9375,-0.5800171,-0.8123169,-0.02734375,0.05432129
2d,4,Right Wrist,30590401,1779734562318,16.205889,-11.210474,3.7447674,67.13504,-147.1389,152.89372,-141.79814,-40.543617,213.48402,0.0
2d,1,Left Ankle,4587456,1779734562318,-2.66,3.4,7.93,85.375,132.9375,-8.5625,-0.5609741,-0.8257446,-0.039916992,0.04321289
2d,1,Left Ankle,4587477,1779734562337,-2.3,3.93,8.18,71.8125,249.375,17.1875,-0.548645,-0.83392334,-0.058898926,0.011962891
2d,2,Right Ankle,1629479,1779734562342,-7.734254,0.40232936,-0.81834537,77.06664,9.39624,-45.64238,39.471603,69.00446,260.87448,0.0
2d,3,Left Wrist,4387474,1779734562357,-3.8402784,-15.722941,-15.043676,-24.244223,149.2197,90.82922,-103.06486,-43.216892,328.7794,0.0
2d,1,Left Ankle,4587494,1779734562372,-3.26,5.6,4.83,72.0,315.5,19.5625,-0.53448486,-0.84033203,-0.08416748,-0.032958984
2d,1,Left Ankle,4587514,1779734562372,-0.93,7.89,12.79,31.875,296.0,22.8125,-0.5236206,-0.84155273,-0.1081543,-0.0770874
2d,4,Right Wrist,30590461,1779734562373,23.276682,-8.288838,7.152147,29.61504,-355.66888,472.16373,-141.7154,-40.378418,213.39694,0.0
2d,1,Left Ankle,4587534,1779734562407,0.37,7.73,13.73,-9.5,164.375,-25.125,-0.51971436,-0.83807373,-0.12762451,-0.10601807
2d,2,Right Ankle,1629569,1779734562408,-9.382909,-0.9783293,0.32542387,20.926638,14.786241,30.797619,39.459557,69.06992,260.8606,0.0
2d,1,Left Ankle,4587555,1779734562425,0.14,9.64,15.32,-42.9375,-4.1875,-102.0625,-0.5251465,-0.8327637,-0.14215088,-0.10247803
2d,4,Right Wrist,30590521,1779734562429,28.418856,7.606683,7.482356,-146.22496,-526.5389,697.21375,-141.70358,-40.123276,213.29742,0.0
2d,3,Left Wrist,4387564,1779734562447,3.070193,-16.127327,0.23449661,-85.91423,80.5497,311.3992,-103.00975,-43.058994,328.6833,0.0
2d,1,Left Ankle,4587579,1779734562457,-6.01,12.92,12.82,-128.4375,108.9375,4.1875,-0.54003906,-0.8208008,-0.15063477,-0.109436035
2d,1,Left Ankle,4587595,1779734562457,-10.31,32.44,-18.61,-39.875,521.125,58.875,-0.5345459,-0.8057251,-0.17712402,-0.18347168
2d,2,Right Ankle,1629628,1779734562472,-9.418801,2.0438056,0.59342,-6.583362,35.576237,36.53762,39.594975,69.11801,260.99557,0.0
2d,1,Left Ankle,4587620,1779734562492,27.68,11.65,-17.58,-46.1875,339.3125,-175.5,-0.5336304,-0.78393555,-0.23016357,-0.21844482
2d,1,Left Ankle,4587635,1779734562501,20.45,14.98,-24.35,-66.875,326.375,-41.375,-0.53063965,-0.76104736,-0.2703247,-0.25701904
2d,4,Right Wrist,30590582,1779734562501,45.544285,19.365015,28.06063,-353.63495,-593.1789,467.19373,-141.82549,-39.89285,213.29645,0.0
2d,1,Left Ankle,4587657,1779734562523,13.53,9.24,-18.14,-68.0,-265.1875,-106.5625,-0.5447998,-0.7553711,-0.27038574,-0.24395752
2d,2,Right Ankle,1629689,1779734562523,-8.610027,-1.2989675,1.6821544,-23.803362,62.31624,45.49762,39.52363,69.184,260.94595,0.0
2d,3,Left Wrist,4387654,1779734562527,33.906498,-17.998516,10.033106,-31.314224,-9.9603,184.76923,-102.96194,-43.031944,328.63504,0.0
2d,1,Left Ankle,4587676,1779734562546,-2.2,10.52,5.41,-96.875,-225.0625,-32.0625,-0.572937,-0.75457764,-0.24719238,-0.20306396
2d,4,Right Wrist,30590641,1779734562549,29.70141,17.266508,37.464424,-473.12497,-215.3189,-1.876272,-142.02321,-39.86035,213.35329,0.0
2d,1,Left Ankle,4587704,1779734562576,-18.21,10.99,5.44,-111.375,1.75,28.4375,-0.58465576,-0.74786377,-0.23864746,-0.20477295
2d,1,Left Ankle,4587723,1779734562576,-5.64,6.25,-3.67,-91.9375,119.9375,-14.3125,-0.5944214,-0.73376465,-0.24334717,-0.22131348
2d,2,Right Ankle,1629749,1779734562588,-9.385303,2.4649422,-1.0336994,-44.663364,85.55624,46.96762,39.7069,69.23829,261.1431,0.0
2d,3,Left Wrist,4387744,1779734562588,10.428123,-14.686848,10.073784,57.305775,-329.4403,-113.50078,-102.994385,-43.042725,328.7593,0.0
2d,1,Left Ankle,4587743,1779734562614,3.15,8.87,-3.05,-60.875,175.8125,42.375,-0.59375,-0.7159424,-0.25897217,-0.26031494
2d,4,Right Wrist,30590702,1779734562615,-3.6042888,14.627226,39.842888,312.83505,45.151115,-36.106274,-141.90521,-39.892685,213.34784,0.0
2d,1,Left Ankle,4587765,1779734562636,4.04,13.86,1.43,-58.8125,126.75,44.5,-0.59521484,-0.7067871,-0.26116943,-0.27911377
2d,1,Left Ankle,4587782,1779734562636,0.11,11.66,-0.54,-68.625,48.125,54.5625,-0.5969238,-0.7034302,-0.25872803,-0.28625488
2d,2,Right Ankle,1629809,1779734562643,-13.567956,2.0485914,-10.377672,-77.213356,83.59624,13.227619,39.84828,69.309845,261.30838,0.0
2d,3,Left Wrist,4387804,1779734562648,1.8187469,-11.93271,15.481563,4.3857765,-501.0103,-85.92078,-103.10735,-43.02359,328.96698,0.0
2d,1,Left Ankle,4587808,1779734562675,-2.87,11.29,3.34,-49.0625,100.75,76.0625,-0.597229,-0.6939087,-0.2531128,-0.3126831
2d,4,Right Wrist,30590761,1779734562675,15.9211445,14.5697975,47.39942,260.82504,244.65111,-289.2263,-141.82568,-40.041767,213.37573,0.0
2d,1,Left Ankle,4587824,1779734562696,-1.7,10.49,3.0,-33.0625,174.9375,75.3125,-0.5901489,-0.6848755,-0.2576294,-0.34094238
2d,2,Right Ankle,1629869,1779734562704,-7.3107247,2.2089105,-6.151947,-225.61336,74.14624,-29.542381,39.923088,69.38262,261.4551,0.0
2d,3,Left Wrist,4387864,1779734562708,-0.49511284,-14.308783,21.686152,-201.55423,-413.1603,-60.09078,-103.265,-43.001698,329.13272,0.0
2d,1,Left Ankle,4587848,1779734562731,6.63,8.06,0.15,-30.9375,121.625,32.9375,-0.5845337,-0.675354,-0.26446533,-0.36364746
2d,1,Left Ankle,4587868,1779734562731,5.17,8.92,1.5,-27.0625,31.9375,1.5,-0.5853882,-0.6694946,-0.26745605,-0.3708496
2d,4,Right Wrist,30590822,1779734562731,41.294636,0.32053778,57.63831,50.75504,486.99112,-455.40628,-141.80656,-40.2977,213.39006,0.0
2d,1,Left Ankle,4587883,1779734562757,3.48,7.21,-0.06,-23.25,8.4375,-21.875,-0.5895996,-0.66656494,-0.2666626,-0.37005615
2d,2,Right Ankle,1629929,1779734562762,-7.904145,-0.698369,-3.4576287,-241.85336,53.42624,-45.64238,39.890797,69.46983,261.50375,0.0
2d,3,Left Wrist,4387923,1779734562772,-1.3972067,-8.755041,19.161724,-115.94423,-302.6303,-103.63077,-103.36347,-43.00639,329.25357,0.0
2d,1,Left Ankle,4587908,1779734562786,-0.11,8.44,-1.61,-9.625,-19.375,-20.25,-0.59295654,-0.664978,-0.26708984,-0.36724854
2d,1,Left Ankle,4587927,1779734562787,-1.02,9.89,-0.58,-8.0625,-37.4375,-16.125,-0.5963745,-0.6655884,-0.26531982,-0.36187744
2d,4,Right Wrist,30590881,1779734562789,62.80372,-28.15405,71.306114,-93.93496,823.5511,-244.56627,-141.7173,-40.599487,213.22649,0.0
2d,1,Left Ankle,4587943,1779734562824,-1.75,9.59,-1.51,-7.3125,2.4375,6.25,-0.59783936,-0.6655884,-0.2633667,-0.36090088
2d,1,Left Ankle,4587964,1779734562824,2.84,12.37,-1.71,-5.6875,54.625,20.0,-0.59539795,-0.66308594,-0.26531982,-0.36798096
2d,2,Right Ankle,1629989,1779734562824,-7.181512,9.301237,6.1495543,-109.34336,20.94624,42.97762,39.96622,69.40767,261.6158,0.0
2d,3,Left Wrist,4387984,1779734562828,-6.46042,-4.306784,15.20878,129.61577,-241.24031,-131.07077,-103.366066,-43.022213,329.3539,0.0
2d,1,Left Ankle,4587984,1779734562850,5.26,10.74,1.17,0.125,54.0,10.3125,-0.5923462,-0.6599121,-0.2695923,-0.3753662
2d,1,Left Ankle,4588005,1779734562875,2.52,9.51,0.58,1.625,13.875,-6.25,-0.59161377,-0.65844727,-0.27215576,-0.37738037
2d,3,Left Wrist,4388043,1779734562896,1.6488562,-8.491831,4.2927237,91.465775,-29.1403,64.78922,-103.28391,-42.973408,329.3231,0.0
2d,1,Left Ankle,4588030,1779734562906,2.06,10.6,0.95,16.1875,4.9375,-4.6875,-0.5901489,-0.65893555,-0.27441406,-0.3770752
2d,1,Left Ankle,4588045,1779734562908,1.67,8.45,-0.56,23.4375,-22.3125,-4.8125,-0.5886841,-0.66192627,-0.27471924,-0.3739624
2d,4,Right Wrist,30590941,1779734562909,79.61569,-19.080467,46.478188,490.49503,827.1911,161.57373,-141.32968,-40.82166,212.91563,0.0
2d,2,Right Ankle,1630049,1779734562913,-15.099362,-1.8110317,3.67059,140.69664,51.53624,89.59762,39.95855,69.454834,261.57516,0.0
2d,1,Left Ankle,4588066,1779734562938,0.71,9.37,-0.28,28.3125,-26.0,2.6875,-0.586853,-0.66638184,-0.2736206,-0.36975098
2d,1,Left Ankle,4588085,1779734562938,1.87,10.44,-0.72,32.5625,-23.5625,2.1875,-0.5838623,-0.67077637,-0.2738037,-0.36639404
2d,3,Left Wrist,4388104,1779734562948,1.39761,-9.319748,6.211767,107.98577,74.9497,41.61922,-103.16583,-42.945183,329.24722,0.0
2d,1,Left Ankle,4588106,1779734562969,1.98,9.14,-0.81,33.5625,-25.75,1.9375,-0.5809326,-0.6757202,-0.27313232,-0.36236572
2d,2,Right Ankle,1630109,1779734562982,-3.630563,-6.8024597,3.290131,-74.27336,-68.51376,90.367615,39.803658,69.43813,261.45752,0.0
2d,1,Left Ankle,4588126,1779734562995,1.49,10.11,-1.42,30.375,-32.25,5.375,-0.5786133,-0.68078613,-0.2715454,-0.35766602
2d,1,Left Ankle,4588146,1779734562996,1.08,9.45,-0.18,32.0,-32.5,7.625,-0.57543945,-0.68573,-0.27056885,-0.354187
2d,4,Right Wrist,30591032,1779734563007,19.816658,18.48924,16.074982,563.155,91.77111,199.65372,-141.07425,-40.83281,212.82085,0.0
2d,3,Left Wrist,4388164,1779734563007,4.0703926,-20.771797,11.014162,-54.554222,183.2397,130.51923,-103.06271,-42.891747,329.1108,0.0
2d,1,Left Ankle,4588169,1779734563032,0.77,9.3,-0.83,33.5625,-36.4375,15.875,-0.5723877,-0.6916504,-0.2675171,-0.34991455
2d,1,Left Ankle,4588186,1779734563065,0.44,9.74,-1.1,36.3125,-31.75,27.25,-0.56811523,-0.69799805,-0.26385498,-0.34698486
2d,4,Right Wrist,30591122,1779734563065,-0.3715857,8.135497,-0.7657032,-182.97496,55.861115,109.07372,-141.14088,-40.835613,212.79094,0.0
2d,2,Right Ankle,1630199,1779734563065,-7.72229,14.0988455,-8.456235,339.4966,-34.84376,35.90762,40.13782,69.42215,261.6601,0.0
2d,3,Left Wrist,4388224,1779734563076,6.8508525,-16.34986,7.066005,-282.96423,196.81969,281.57922,-103.01919,-42.791878,328.94864,0.0
2d,1,Left Ankle,4588212,1779734563086,0.18,8.83,-0.62,38.875,-26.6875,40.6875,-0.55944824,-0.70861816,-0.25604248,-0.34545898
2d,1,Left Ankle,4588229,1779734563087,1.84,9.58,-1.21,38.375,-29.625,55.5625,-0.55615234,-0.7124634,-0.2524414,-0.34545898
2d,1,Left Ankle,4588246,1779734563119,2.18,10.58,-2.3,36.8125,-38.25,64.5625,-0.5494385,-0.72058105,-0.24389648,-0.34545898
2d,4,Right Wrist,30591211,1779734563119,-2.3839495,15.16561,-1.605584,-51.79496,10.991112,-104.63628,-141.21982,-40.869637,212.85045,0.0
2d,2,Right Ankle,1630259,1779734563130,-3.9775221,5.35308,-12.533605,-146.37335,-66.76376,30.517618,40.247944,69.4344,261.8086,0.0
2d,3,Left Wrist,4388284,1779734563132,6.2047906,-14.887845,2.268396,-220.17422,134.72969,288.9992,-102.9758,-42.666855,328.81662,0.0
2d,1,Left Ankle,4588275,1779734563146,2.72,9.99,-1.76,34.6875,-50.8125,69.1875,-0.54296875,-0.7293091,-0.23327637,-0.3447876
2d,1,Left Ankle,4588286,1779734563158,1.67,9.72,-0.32,29.1875,-65.3125,69.8125,-0.53790283,-0.7385864,-0.22021484,-0.34161377
2d,1,Left Ankle,4588313,1779734563188,0.38,9.82,-0.76,18.0,-79.5625,72.25,-0.5338745,-0.74749756,-0.2053833,-0.33770752
2d,3,Left Wrist,4388344,1779734563189,3.3716888,-14.217855,-0.6436693,-133.23422,94.4097,239.36923,-102.94413,-42.52954,328.72623,0.0
2d,1,Left Ankle,4588330,1779734563205,0.51,10.3,-2.09,9.5,-72.875,69.625,-0.5308838,-0.755188,-0.19018555,-0.33410645
2d,2,Right Ankle,1630349,1779734563217,-22.983711,3.3790007,-12.854243,-74.41336,-53.043762,-63.77238,40.2496,69.486084,261.8243,0.0
2d,1,Left Ankle,4588357,1779734563239,1.42,11.29,0.52,9.5625,-57.1875,68.1875,-0.5262451,-0.7642822,-0.17010498,-0.33172607
2d,4,Right Wrist,30591271,1779734563239,-2.4102707,14.069697,-2.524428,21.70504,11.411112,-237.91628,-141.30794,-40.931408,212.9602,0.0
2d,1,Left Ankle,4588375,1779734563239,2.76,11.72,0.84,-11.125,-54.1875,55.0625,-0.5253296,-0.7681885,-0.15740967,-0.3303833
2d,3,Left Wrist,4388404,1779734563261,4.163713,-10.707584,-3.9146578,-115.59423,66.689705,204.36923,-102.97881,-42.394325,328.69388,0.0
2d,1,Left Ankle,4588390,1779734563265,3.36,10.37,-2.73,-13.3125,-58.375,41.8125,-0.5261841,-0.7699585,-0.15081787,-0.32800293
2d,2,Right Ankle,1630409,1779734563274,-3.1137133,5.00612,-5.3982077,-10.643362,-48.98376,-37.94238,40.390182,69.500015,261.95203,0.0
2d,1,Left Ankle,4588416,1779734563303,4.51,9.61,-2.87,-11.0,-67.625,21.0,-0.52923584,-0.7746582,-0.13659668,-0.31811523
2d,1,Left Ankle,4588436,1779734563303,-0.66,6.97,5.47,-35.6875,-59.0625,10.9375,-0.5341797,-0.7758179,-0.12756348,-0.31054688
2d,4,Right Wrist,30591435,1779734563312,-2.47727,-9.059326,1.0552348,53.90504,-3.498888,-144.60628,-141.39352,-41.006756,213.10915,0.0
2d,1,Left Ankle,4588453,1779734563336,-1.08,9.82,-3.01,-37.0,-15.3125,-40.5625,-0.5413208,-0.7723999,-0.12677002,-0.30700684
2d,1,Left Ankle,4588475,1779734563336,2.68,9.57,-6.07,-20.8125,-38.5,-47.1875,-0.5474243,-0.77075195,-0.12841797,-0.29962158
2d,2,Right Ankle,1630499,1779734563336,-8.88281,3.3909647,0.97866446,2.796638,-19.51376,-59.85238,40.511898,69.519485,262.05804,0.0
2d,1,Left Ankle,4588496,1779734563357,5.47,7.17,-4.36,-18.625,-71.8125,-57.625,-0.55529785,-0.77197266,-0.12689209,-0.2821045
2d,4,Right Wrist,30591454,1779734563371,-2.204488,-9.91835,0.83748794,79.38504,-13.788889,-119.89628,-141.34908,-41.006054,213.12515,0.0
2d,3,Left Wrist,4388463,1779734563380,6.446466,-5.5989084,-5.797809,-40.834225,29.449697,166.49922,-103.05552,-42.342884,328.71893,0.0
2d,1,Left Ankle,4588514,1779734563392,5.71,5.62,-3.85,-29.25,-175.0625,-67.625,-0.56555176,-0.7752075,-0.1194458,-0.2548828
2d,2,Right Ankle,1630559,1779734563393,-9.981114,2.6348326,0.09810573,24.006638,-10.69376,-55.51238,40.593723,69.56832,262.12088,0.0
2d,1,Left Ankle,4588539,1779734563418,2.34,7.18,1.82,-23.0625,-118.9375,-43.4375,-0.57440186,-0.7779541,-0.10961914,-0.2298584
2d,1,Left Ankle,4588554,1779734563420,13.25,-0.61,-9.31,16.375,26.0,-60.3125,-0.5734253,-0.7769165,-0.1239624,-0.22845459
2d,4,Right Wrist,30591511,1779734563420,-1.6326032,-11.741681,2.6656044,91.21504,-35.76889,-54.09627,-141.28842,-40.992317,213.12328,0.0
2d,1,Left Ankle,4588577,1779734563447,5.04,5.3,-6.06,16.875,-23.875,56.625,-0.5708618,-0.7800293,-0.11566162,-0.22851562
2d,1,Left Ankle,4588594,1779734563448,-0.84,7.42,-4.18,31.6875,27.875,-8.6875,-0.5661621,-0.7821045,-0.11895752,-0.23168945
2d,2,Right Ankle,1630619,1779734563458,-9.193876,0.56743413,-0.2416751,9.096638,-8.80376,-25.482382,40.607235,69.632675,262.12747,0.0
2d,1,Left Ankle,4588617,1779734563476,-3.68,8.66,-1.11,13.4375,-48.125,-25.4375,-0.56481934,-0.78460693,-0.11981201,-0.22583008
2d,4,Right Wrist,30591571,1779734563478,-2.8409786,-11.282259,2.2564318,14.285041,-39.61889,4.9137278,-141.24377,-40.961334,213.1028,0.0
2d,3,Left Wrist,4388627,1779734563488,8.375081,-2.2393854,-3.5796626,133.11577,16.1497,38.469223,-103.12207,-42.382362,328.77966,0.0
2d,1,Left Ankle,4588638,1779734563508,-3.9,6.62,1.33,1.25,-74.125,-46.3125,-0.56762695,-0.78692627,-0.11767578,-0.21154785
2d,1,Left Ankle,4588663,1779734563541,-1.14,4.27,3.18,-6.875,-61.625,-64.8125,-0.5734253,-0.7873535,-0.12164307,-0.19104004
2d,1,Left Ankle,4588679,1779734563541,14.67,10.11,-11.48,-7.6875,-27.3125,-68.5,-0.5753174,-0.7866821,-0.12475586,-0.18597412
2d,4,Right Wrist,30591631,1779734563541,-3.041976,-9.394322,2.3904297,-57.11496,-37.58889,52.51373,-141.21472,-40.921146,213.06609,0.0
2d,2,Right Ankle,1630679,1779734563543,-8.540635,0.2779026,0.6029913,0.6966381,-9.083759,35.97762,40.613125,69.68798,262.13538,0.0
2d,3,Left Wrist,4388750,1779734563548,1.3641105,-8.848362,-6.647261,123.035774,-66.2403,-39.580776,-103.17598,-42.385513,328.88593,0.0
2d,1,Left Ankle,4588703,1779734563567,4.05,19.88,-0.91,20.75,45.8125,-6.6875,-0.57196045,-0.78552246,-0.13513184,-0.19378662
2d,1,Left Ankle,4588724,1779734563602,-2.2,14.87,6.98,-24.6875,44.4375,-90.0,-0.5749512,-0.77905273,-0.15185547,-0.19854736
2d,1,Left Ankle,4588739,1779734563602,-1.11,4.1,-8.31,-33.0625,-16.625,-79.8125,-0.57910156,-0.77697754,-0.15411377,-0.19281006
2d,4,Right Wrist,30591691,1779734563611,-7.7989073,-4.792924,2.0099711,-59.42496,-59.988884,117.68372,-141.19693,-40.856133,213.02655,0.0
2d,2,Right Ankle,1630739,1779734563611,-10.03615,2.3476942,-0.009571291,8.466639,2.1862402,43.39762,40.756786,69.72182,262.2715,0.0
2d,3,Left Wrist,4388770,1779734563611,-0.5597189,-12.095422,-8.530413,121.005775,-76.4603,-24.74078,-103.209984,-42.32249,328.95792,0.0
2d,1,Left Ankle,4588764,1779734563626,0.28,4.76,-7.99,-13.375,9.125,-28.0,-0.58532715,-0.7717285,-0.16320801,-0.18762207
2d,1,Left Ankle,4588779,1779734563656,-2.03,11.25,0.53,-10.625,12.5625,-10.4375,-0.58599854,-0.770874,-0.16436768,-0.18804932
2d,1,Left Ankle,4588804,1779734563657,0.63,11.52,-0.21,-22.875,13.5625,-8.9375,-0.5886841,-0.7668457,-0.16882324,-0.19189453
2d,2,Right Ankle,1630829,1779734563663,-10.63914,3.876708,0.27756742,13.856638,19.96624,11.477619,40.942307,69.746826,262.44366,0.0
2d,1,Left Ankle,4588823,1779734563692,-0.42,8.69,-3.45,-25.4375,8.0,-3.625,-0.5916748,-0.7640991,-0.16931152,-0.19354248
2d,3,Left Wrist,4388824,1779734563698,-5.6851454,-15.01945,-9.88475,40.365776,-50.8403,61.91922,-103.24406,-42.22859,328.99948,0.0
2d,1,Left Ankle,4588839,1779734563717,0.43,8.44,-2.36,-21.0625,6.625,4.375,-0.5928955,-0.7630615,-0.1687622,-0.1942749
2d,1,Left Ankle,4588864,1779734563718,0.47,10.67,-0.51,-17.75,-6.5625,22.875,-0.5957031,-0.76123047,-0.16326904,-0.1975708
2d,2,Right Ankle,1630889,1779734563723,-11.4527,2.9219716,-0.77288175,30.866638,22.97624,-17.85238,41.072983,69.79783,262.55634,0.0
2d,1,Left Ankle,4588879,1779734563745,0.92,10.28,-1.43,-17.6875,-10.5,24.125,-0.5965576,-0.7608032,-0.16088867,-0.19836426
2d,1,Left Ankle,4588904,1779734563787,0.8,8.99,-2.22,-16.875,-16.5,23.8125,-0.59942627,-0.76000977,-0.15270996,-0.19952393
2d,1,Left Ankle,4588924,1779734563787,1.27,8.7,-2.26,-15.625,-10.75,20.5,-0.6010742,-0.7593384,-0.14819336,-0.20043945
2d,4,Right Wrist,30591751,1779734563787,-15.451154,2.2515457,4.5966125,-48.85496,-70.278885,115.723724,-141.19759,-40.79758,213.00363,0.0
2d,2,Right Ankle,1630949,1779734563788,-11.495771,0.64161164,-5.35753,18.686638,21.64624,-12.74238,41.17157,69.86192,262.6433,0.0
2d,3,Left Wrist,4388914,1779734563789,-0.70807403,-8.845968,-2.7972097,-40.344223,-18.2203,98.66922,-103.26675,-42.12064,329.00397,0.0
2d,1,Left Ankle,4588943,1779734563805,1.89,9.62,-2.32,-14.5625,-7.25,18.875,-0.60266113,-0.75878906,-0.14398193,-0.2008667
2d,1,Left Ankle,4588964,1779734563836,1.91,9.4,-1.57,-8.75,2.5,4.4375,-0.6036377,-0.7579346,-0.1428833,-0.2019043
2d,1,Left Ankle,4588983,1779734563837,1.84,9.01,-1.27,-5.75,3.5625,-2.0625,-0.6043091,-0.7572632,-0.14343262,-0.2019043
2d,4,Right Wrist,30591915,1779734563838,-1.2784655,-3.2998025,-1.9142581,52.925037,82.32111,-128.43628,-141.14175,-40.788445,213.01454,0.0
2d,2,Right Ankle,1631009,1779734563850,-6.590485,1.5221703,1.9190437,-33.743362,7.5762405,20.997618,41.01368,69.84531,262.50864,0.0
2d,1,Left Ankle,4589004,1779734563867,1.67,9.88,-1.27,1.0625,-2.4375,-16.5,-0.60479736,-0.75701904,-0.1449585,-0.20043945
2d,1,Left Ankle,4589024,1779734563897,1.63,9.31,-1.52,3.5,-3.8125,-21.4375,-0.60498047,-0.756958,-0.1461792,-0.19903564
2d,1,Left Ankle,4589039,1779734563897,1.39,8.82,-2.25,7.0625,-12.0,-29.9375,-0.6053467,-0.7573242,-0.14874268,-0.19476318
2d,4,Right Wrist,30591992,1779734563899,3.179363,-7.109176,-1.6127625,0.91504,23.871113,-64.596275,-141.0836,-40.793877,212.98611,0.0
2d,2,Right Ankle,1631069,1779734563908,-1.9651586,-3.033764,3.9074795,71.466644,-19.72376,-35.07238,40.858402,69.845825,262.3347,0.0
2d,1,Left Ankle,4589064,1779734563931,0.62,9.13,-2.32,11.0,-18.25,-32.0625,-0.60546875,-0.75860596,-0.1529541,-0.18572998
2d,1,Left Ankle,4589079,1779734563962,1.09,9.27,-1.33,15.125,-18.5625,-37.9375,-0.6053467,-0.7592163,-0.15466309,-0.18237305
2d,1,Left Ankle,4589104,1779734563962,1.01,10.92,-1.93,15.0625,-7.5625,-35.75,-0.6045532,-0.7606201,-0.16027832,-0.17401123
2d,3,Left Wrist,4389078,1779734563969,4.6877413,-5.060523,1.741975,-19.764223,22.169699,-7.1007767,-103.15197,-42.074814,328.89673,0.0
2d,1,Left Ankle,4589124,1779734563986,-0.13,10.3,-1.45,21.625,1.25,-27.875,-0.60284424,-0.7618408,-0.16479492,-0.17047119
2d,2,Right Ankle,1631129,1779734564002,-5.3773236,-2.4283798,0.9882358,74.896645,-40.723763,-89.25238,40.64634,69.90956,262.0997,0.0
2d,1,Left Ankle,4589144,1779734564021,-0.42,9.27,-1.93,25.375,1.6875,-18.375,-0.6001587,-0.7636719,-0.16870117,-0.16790771
2d,1,Left Ankle,4589167,1779734564046,-0.15,9.94,-2.79,26.3125,1.0625,-10.875,-0.5985718,-0.76483154,-0.16986084,-0.16705322
2d,1,Left Ankle,4589184,1779734564046,-0.86,9.94,-2.13,28.5625,9.6875,11.25,-0.59265137,-0.76904297,-0.17114258,-0.16760254
2d,4,Right Wrist,30592051,1779734564057,0.5759721,-3.9865427,-1.1796615,-50.88496,-23.30889,36.55373,-141.0367,-40.744556,212.94022,0.0
2d,2,Right Ankle,1631189,1779734564057,-32.574146,26.254385,-36.184265,23.866638,137.98624,49.76762,40.957325,69.96421,262.3993,0.0
2d,3,Left Wrist,4389227,1779734564058,-3.7014954,-13.399509,-4.127619,-37.614223,-0.79030085,23.769222,-103.12309,-41.97305,328.85345,0.0
2d,1,Left Ankle,4589203,1779734564086,0.66,10.06,-2.24,28.1875,11.8125,16.3125,-0.5880127,-0.7720337,-0.17071533,-0.17034912
2d,1,Left Ankle,4589224,1779734564086,-0.12,10.91,-1.83,30.125,15.1875,40.3125,-0.5826416,-0.7755127,-0.16845703,-0.17510986
2d,1,Left Ankle,4589243,1779734564109,1.33,12.23,-2.14,30.3125,10.8125,41.5625,-0.5773926,-0.7792969,-0.1642456,-0.17980957
2d,4,Right Wrist,30592215,1779734564110,-11.199107,0.08843466,-0.2416751,34.65504,29.401112,-13.286272,-141.06868,-40.68038,212.93253,0.0
2d,1,Left Ankle,4589264,1779734564144,0.35,11.57,-2.03,16.625,3.375,54.6875,-0.57318115,-0.78253174,-0.15777588,-0.18499756
2d,1,Left Ankle,4589284,1779734564144,1.86,11.62,-1.87,12.5,4.3125,55.4375,-0.57141113,-0.7838135,-0.15454102,-0.18774414
2d,2,Right Ankle,1631279,1779734564145,-8.600456,5.467935,-2.3449662,83.85664,-34.84376,-0.352381,41.152,69.969154,262.55197,0.0
2d,1,Left Ankle,4589304,1779734564169,1.67,11.78,-0.64,-2.4375,22.25,55.8125,-0.5671387,-0.78582764,-0.14508057,-0.19940186
2d,4,Right Wrist,30592261,1779734564169,-8.112368,-4.0535417,1.660619,-13.36496,36.891113,-2.1562722,-141.04802,-40.667107,212.91034,0.0
2d,3,Left Wrist,4389246,1779734564184,-3.9694917,-12.157635,-5.2307105,-44.474224,-16.610302,35.24922,-103.16011,-41.889233,328.86993,0.0
2d,1,Left Ankle,4589324,1779734564196,0.35,9.17,-0.66,-14.3125,10.3125,42.125,-0.5667114,-0.78533936,-0.14001465,-0.20611572
2d,1,Left Ankle,4589343,1779734564197,-0.89,7.27,-0.73,-17.9375,16.25,31.25,-0.5673828,-0.78338623,-0.13775635,-0.21307373
2d,2,Right Ankle,1631339,1779734564208,-8.961772,0.80671644,-0.08374879,-49.493362,-33.723763,4.547619,41.1603,70.01839,262.57373,0.0
2d,1,Left Ankle,4589365,1779734564236,-1.35,7.06,-1.09,-17.875,44.125,23.875,-0.567749,-0.7805176,-0.13879395,-0.2218628
2d,3,Left Wrist,4389437,1779734564238,4.6422777,-7.09203,-3.9768713,33.995777,32.7397,47.989223,-103.25219,-41.75976,328.95807,0.0
2d,1,Left Ankle,4589383,1779734564257,-1.99,7.31,-1.61,-10.8125,53.75,5.25,-0.567749,-0.7774658,-0.14233398,-0.23016357
2d,2,Right Ankle,1631429,1779734564263,-7.944823,-0.51651454,-0.20817557,-27.443363,-22.313759,-19.252382,41.106915,70.08441,262.52908,0.0
2d,1,Left Ankle,4589408,1779734564289,-6.56,7.24,0.56,-9.5,45.6875,-4.5,-0.5679321,-0.77459717,-0.14678955,-0.23632812
2d,1,Left Ankle,4589432,1779734564289,-6.4,6.25,-0.83,-14.0625,19.25,-43.125,-0.5701904,-0.7714844,-0.15301514,-0.23736572
2d,3,Left Wrist,4389456,1779734564298,5.5443716,-6.1684,-3.8285162,-2.6142235,38.1997,52.329224,-103.31427,-41.733982,328.986,0.0
2d,1,Left Ankle,4589453,1779734564323,1.36,6.28,-2.76,-11.9375,20.75,-72.1875,-0.5740967,-0.76776123,-0.16278076,-0.23352051
2d,2,Right Ankle,1631489,1779734564333,-8.866059,0.5147921,0.08135597,7.9066377,-11.53376,10.427619,41.13313,70.141235,262.55118,0.0
2d,1,Left Ankle,4589473,1779734564353,14.04,4.54,-4.13,12.5,54.6875,-77.5,-0.57373047,-0.7626343,-0.18591309,-0.23382568
2d,1,Left Ankle,4589488,1779734564353,24.58,2.4,-7.22,14.75,111.5625,-28.75,-0.5713501,-0.760437,-0.19415283,-0.23986816
2d,4,Right Wrist,30592321,1779734564354,-5.870292,-5.525128,2.2348964,-44.09496,29.821112,-11.396272,-141.03163,-40.65629,212.887,0.0
2d,3,Left Wrist,4389514,1779734564372,6.7551394,-3.392726,-3.412165,29.165777,37.009697,35.59922,-103.36072,-41.772842,329.0122,0.0
2d,1,Left Ankle,4589512,1779734564376,-4.04,22.4,-12.92,1.75,74.5,100.5625,-0.56518555,-0.7593384,-0.1930542,-0.25842285
2d,2,Right Ankle,1631549,1779734564383,-8.363566,1.0962479,0.4833502,-12.463362,-6.35376,38.14762,41.19994,70.18838,262.62103,0.0
2d,1,Left Ankle,4589533,1779734564416,9.34,18.16,-10.0,13.0625,-52.75,-18.625,-0.5654907,-0.76348877,-0.18878174,-0.24841309
2d,4,Right Wrist,30592485,1779734564425,-4.9418774,-5.989335,2.251646,19.325039,-16.37889,-10.206272,-140.954,-40.60695,212.84825,0.0
2d,3,Left Wrist,4389574,1779734564425,3.4721873,-8.259727,-4.2329035,60.105778,37.149696,-6.8907776,-103.37999,-41.71935,329.03003,0.0
2d,1,Left Ankle,4589556,1779734564444,4.24,12.34,-5.85,10.75,-41.0625,-25.625,-0.565979,-0.7644043,-0.18865967,-0.24438477
2d,1,Left Ankle,4589574,1779734564444,2.4,15.82,-7.85,14.625,-32.4375,-8.5,-0.5656128,-0.76672363,-0.1873169,-0.23901367
2d,2,Right Ankle,1631609,1779734564450,-10.227575,3.4316428,-0.37567315,1.9566379,-4.60376,13.017618,41.35833,70.213165,262.7702,0.0
2d,1,Left Ankle,4589588,1779734564469,9.11,12.44,-9.1,18.375,-26.4375,-23.875,-0.56469727,-0.76867676,-0.18835449,-0.23406982
2d,1,Left Ankle,4589613,1779734564469,6.19,9.7,-8.58,10.875,-86.4375,-29.1875,-0.5680542,-0.7738037,-0.18249512,-0.21270752
2d,4,Right Wrist,30592561,1779734564503,-8.31815,-0.70359015,3.5389845,32.20504,-40.73889,32.703728,-140.93207,-40.574528,212.84137,0.0
2d,1,Left Ankle,4589628,1779734564503,3.54,5.71,-8.76,11.4375,-133.6875,-21.0,-0.56970215,-0.7763672,-0.17767334,-0.20275879
2d,2,Right Ankle,1631668,1779734564511,-9.3757305,2.2591596,0.5838487,2.5166383,0.5762402,-45.85238,41.442062,70.264404,262.84418,0.0
2d,3,Left Wrist,4389633,1779734564512,1.426324,-13.5694,-6.8697934,11.315777,55.069702,-23.550777,-103.39877,-41.66201,329.0326,0.0
2d,1,Left Ankle,4589653,1779734564526,0.32,5.01,-8.62,16.4375,-186.75,-5.25,-0.5742798,-0.78723145,-0.15264893,-0.16473389
2d,1,Left Ankle,4589671,1779734564526,-1.89,4.09,-6.03,19.625,-219.875,15.25,-0.5755005,-0.7913208,-0.14117432,-0.15057373
2d,4,Right Wrist,30592622,1779734564562,-6.7723866,-3.8549378,0.89730847,33.39504,-56.348885,62.80373,-140.89674,-40.519005,212.82248,0.0
2d,1,Left Ankle,4589691,1779734564562,-3.44,4.79,-2.73,28.1875,-253.5625,26.0625,-0.5767822,-0.79992676,-0.1149292,-0.119506836
2d,2,Right Ankle,1631729,1779734564563,-8.643527,1.7016319,-0.57906306,2.3066382,15.27624,-56.562378,41.512966,70.32815,262.9063,0.0
2d,1,Left Ankle,4589714,1779734564586,-8.97,4.89,1.04,34.1875,-232.4375,30.0625,-0.5761719,-0.8078613,-0.0871582,-0.08843994
2d,3,Left Wrist,4389694,1779734564602,3.5918283,-9.128322,-6.721439,55.345776,44.569702,-2.6207771,-103.43189,-41.61928,329.0563,0.0
2d,1,Left Ankle,4589729,1779734564618,-9.56,5.42,4.65,50.125,-105.125,9.875,-0.5716553,-0.81433105,-0.072143555,-0.06976318
2d,1,Left Ankle,4589757,1779734564619,-6.24,6.09,4.76,46.5625,46.75,-7.0,-0.560791,-0.8204956,-0.07922363,-0.07733154
2d,4,Right Wrist,30592711,1779734564619,10.056335,-7.0517483,1.2705889,110.53504,-84.278885,206.58372,-140.78273,-40.479034,212.74507,0.0
2d,2,Right Ankle,1631789,1779734564623,-7.657684,-2.2848105,0.97866446,48.786636,3.7962403,-40.53238,41.37196,70.400055,262.7542,0.0
2d,1,Left Ankle,4589774,1779734564656,-5.67,7.11,5.5,53.625,255.75,-10.0625,-0.5499878,-0.8218994,-0.10235596,-0.1071167
2d,1,Left Ankle,4589790,1779734564656,-1.6,7.84,5.96,52.125,301.1875,-20.0,-0.5437622,-0.821167,-0.11816406,-0.12658691
2d,1,Left Ankle,4589815,1779734564688,0.16,8.49,5.89,36.0625,319.5,-55.3125,-0.52471924,-0.81243896,-0.17266846,-0.18658447
2d,4,Right Wrist,30592771,1779734564688,16.067106,-7.7959166,5.4628143,50.75504,-253.3989,497.7137,-140.66504,-40.331696,212.62044,0.0
2d,2,Right Ankle,1631849,1779734564688,-9.026379,-1.4377513,0.4737789,17.636637,18.91624,15.817619,41.32283,70.46966,262.705,0.0
2d,1,Left Ankle,4589833,1779734564707,0.28,9.28,7.1,25.0625,300.875,-65.625,-0.5153198,-0.8016968,-0.20825195,-0.2199707
2d,3,Left Wrist,4389784,1779734564736,0.5912287,-8.094623,-9.336794,37.21578,27.419699,100.97922,-103.47685,-41.539646,329.0817,0.0
2d,1,Left Ankle,4589858,1779734564742,2.06,8.1,7.04,-0.8125,259.75,-73.4375,-0.5102539,-0.78900146,-0.2387085,-0.24517822
2d,1,Left Ankle,4589874,1779734564742,-7.08,8.93,15.55,-42.6875,69.375,-96.375,-0.5147095,-0.7770386,-0.25897217,-0.25354004
2d,4,Right Wrist,30592832,1779734564743,18.041185,1.9715854,3.5030923,-79.72496,-371.0689,634.21375,-140.61516,-40.133263,212.5022,0.0
2d,1,Left Ankle,4589893,1779734564766,18.9,22.54,15.89,73.4375,7.5625,-85.75,-0.5187988,-0.7640991,-0.2886963,-0.25238037
2d,1,Left Ankle,4589915,1779734564767,8.07,15.47,-15.19,-56.9375,357.8125,15.6875,-0.5170288,-0.73321533,-0.32598877,-0.2979126
2d,3,Left Wrist,4389977,1779734564786,12.430915,-22.70759,-5.7164536,22.865776,-141.9803,288.1592,-103.54762,-41.207283,329.1368,0.0
2d,1,Left Ankle,4589933,1779734564796,2.03,25.17,-22.51,-38.25,262.5,42.5,-0.49890137,-0.7192993,-0.34539795,-0.3381958
2d,4,Right Wrist,30592891,1779734564799,25.17658,25.148466,14.086546,10.92504,-394.0289,453.54373,-140.59367,-39.957844,212.464,0.0
2d,2,Right Ankle,1631909,1779734564808,-9.179519,-0.52369297,-0.09092726,-11.903362,23.95624,43.74762,41.347233,70.53336,262.73758,0.0
2d,1,Left Ankle,4589954,1779734564828,16.57,18.98,-13.57,-19.8125,204.875,-4.0,-0.49731445,-0.7052002,-0.3597412,-0.35491943
2d,3,Left Wrist,4389996,1779734564837,13.194225,-26.059937,-4.1706896,-14.444223,-132.1803,276.32922,-103.546234,-41.032246,329.14932,0.0
2d,1,Left Ankle,4589994,1779734564862,-5.88,8.19,-2.46,-63.9375,-134.0,-31.625,-0.54193115,-0.7008667,-0.34429932,-0.31072998
2d,1,Left Ankle,4589976,1779734564862,11.48,1.37,-5.48,-75.5,-79.125,-129.8125,-0.52246094,-0.70043945,-0.3564453,-0.3307495
2d,4,Right Wrist,30592952,1779734564870,15.452151,30.288248,21.731615,-230.64496,-118.50889,128.53372,-140.6758,-39.921467,212.45854,0.0
2d,2,Right Ankle,1632073,1779734564870,-13.218604,1.6370257,-15.862021,-107.033356,130.70624,41.29762,41.601227,70.678986,263.03094,0.0
2d,1,Left Ankle,4590015,1779734564885,-5.65,10.63,-1.24,-62.625,-27.5,-17.625,-0.5540161,-0.6968994,-0.3378296,-0.3053589
2d,3,Left Wrist,4390054,1779734564903,13.677576,-19.888845,8.257631,-150.59422,-101.3803,181.54922,-103.55405,-40.95825,329.13467,0.0
2d,1,Left Ankle,4590039,1779734564918,-9.74,5.92,4.84,-67.5,87.125,27.1875,-0.5579834,-0.6890259,-0.336792,-0.31695557
2d,4,Right Wrist,30593011,1779734564919,-3.0371897,31.298021,24.004797,104.44504,107.66111,-176.38628,-140.66663,-40.003563,212.49432,0.0
2d,2,Right Ankle,1632092,1779734564922,-15.900957,-3.9693575,-8.590233,-208.88336,138.12624,54.38762,41.70088,70.76939,263.20908,0.0
2d,1,Left Ankle,4590064,1779734564951,3.38,10.73,3.34,-89.5625,141.0625,6.5,-0.55926514,-0.6748657,-0.3430786,-0.3378296
2d,1,Left Ankle,4590077,1779734564951,4.2,15.45,-0.23,-111.5,191.5,16.0625,-0.56030273,-0.65441895,-0.35205078,-0.3657837
2d,3,Left Wrist,4390114,1779734564959,6.5469646,-1.6627151,22.384855,-265.04422,-46.710304,-6.0507774,-103.619484,-40.96681,329.12924,0.0
2d,1,Left Ankle,4590103,1779734564977,2.52,11.66,-5.2,-106.1875,206.5625,14.375,-0.5574951,-0.62072754,-0.3687744,-0.40979004
2d,1,Left Ankle,4590125,1779734565009,2.8,6.77,-3.84,-84.6875,191.375,-2.3125,-0.55596924,-0.6099243,-0.37487793,-0.42230225
2d,1,Left Ankle,4590142,1779734565009,0.1,3.24,4.14,-60.875,112.0625,-9.125,-0.5571289,-0.58807373,-0.38464355,-0.44250488
2d,2,Right Ankle,1632149,1779734565013,-11.146419,-2.8901947,-7.2670026,-272.30338,175.15623,42.69762,41.806015,70.87148,263.41516,0.0
2d,1,Left Ankle,4590170,1779734565035,5.37,8.63,2.93,-58.75,-2.375,-41.3125,-0.5657959,-0.57873535,-0.38549805,-0.44311523
2d,3,Left Wrist,4390173,1779734565048,-1.1316034,2.6611154,15.579668,-156.82423,-130.3603,-147.87077,-103.68899,-41.01205,329.18152,0.0
2d,1,Left Ankle,4590186,1779734565070,1.52,19.89,-0.07,-47.625,-9.0,-31.5,-0.5736084,-0.5734863,-0.38409424,-0.44110107
2d,1,Left Ankle,4590208,1779734565070,-0.39,13.21,0.17,-26.625,33.9375,-45.75,-0.5783081,-0.56585693,-0.38867188,-0.4407959
2d,4,Right Wrist,30593072,1779734565070,22.77658,23.856342,40.642094,193.34503,195.5811,-413.40628,-140.6519,-40.171402,212.58064,0.0
2d,2,Right Ankle,1632208,1779734565072,-4.1904836,-0.75101113,4.5248275,-347.76337,145.68623,57.95762,41.68262,70.87832,263.42935,0.0
2d,1,Left Ankle,4590226,1779734565096,-0.97,4.49,3.18,-20.4375,42.9375,-28.3125,-0.5800171,-0.5583496,-0.3944702,-0.44299316
2d,1,Left Ankle,4590243,1779734565097,-0.46,7.42,1.89,-19.8125,41.3125,-18.125,-0.58044434,-0.5526123,-0.39831543,-0.446167
2d,3,Left Wrist,4390234,1779734565110,-9.472982,8.882455,12.157931,-273.37424,-169.7003,-85.29077,-103.82083,-41.027508,329.25418,0.0
2d,1,Left Ankle,4590264,1779734565125,2.3,12.49,2.25,-1.1875,27.3125,-16.75,-0.57995605,-0.548645,-0.4024048,-0.44799805
2d,4,Right Wrist,30593235,1779734565129,68.68527,-88.26415,-71.88279,-332.63495,-202.7889,-41.98627,-140.82903,-40.333733,212.654,0.0
2d,2,Right Ankle,1632299,1779734565132,-6.9757295,5.436828,0.7106683,52.846638,41.94624,42.90762,41.969208,70.84803,263.68954,0.0
2d,1,Left Ankle,4590285,1779734565163,-0.85,9.86,1.03,8.9375,9.75,-26.375,-0.58044434,-0.5466919,-0.40631104,-0.44622803
2d,3,Left Wrist,4390324,1779734565168,-5.369292,3.3885334,2.4119651,-202.88423,-112.2303,59.88922,-103.91141,-40.99109,329.29202,0.0
2d,1,Left Ankle,4590310,1779734565187,-0.34,8.08,-0.23,21.3125,-3.375,-33.9375,-0.5812378,-0.5461426,-0.41070557,-0.4418335
2d,1,Left Ankle,4590325,1779734565195,0.63,10.98,0.52,39.9375,-19.4375,-26.6875,-0.5811157,-0.5487671,-0.41448975,-0.43511963
2d,4,Right Wrist,30593282,1779734565195,-18.382362,32.310184,-14.246865,-1.1849599,137.4111,285.9637,-140.78217,-40.299965,212.54128,0.0
2d,1,Left Ankle,4590345,1779734565215,-0.73,11.89,-0.03,45.3125,-35.25,-19.3125,-0.5807495,-0.5540161,-0.41656494,-0.42694092
2d,1,Left Ankle,4590367,1779734565216,-1.11,7.48,0.16,45.875,-41.5625,-19.25,-0.5806885,-0.55999756,-0.4177246,-0.4180298
2d,3,Left Wrist,4390383,1779734565238,-7.522833,-3.8712902,6.599405,171.40578,-74.4303,-14.24078,-103.844826,-40.967976,329.3076,0.0
2d,1,Left Ankle,4590386,1779734565246,-0.6,7.66,0.64,48.5,-46.75,-8.8125,-0.5794678,-0.56640625,-0.4185791,-0.4100952
2d,2,Right Ankle,1632359,1779734565261,-1.7809111,7.174018,-3.347559,-6.583362,-21.05376,41.15762,42.208454,70.817154,263.9196,0.0
2d,1,Left Ankle,4590406,1779734565277,-0.82,11.68,-1.89,46.4375,-56.3125,3.4375,-0.5787964,-0.57470703,-0.4165039,-0.4015503
2d,3,Left Wrist,4390444,1779734565288,-5.9866405,-10.193128,7.1210403,15.025777,52.829697,104.409225,-103.77925,-40.907204,329.24796,0.0
2d,1,Left Ankle,4590428,1779734565305,-0.94,10.84,-1.24,45.5,-51.9375,13.5,-0.5772705,-0.58361816,-0.41314697,-0.39422607
2d,4,Right Wrist,30593445,1779734565309,10.613863,4.474478,-6.1328044,-13.43496,158.2711,-107.50628,-140.63103,-40.40984,212.42302,0.0
2d,1,Left Ankle,4590456,1779734565336,-0.57,8.62,-0.5,41.3125,-43.75,20.0625,-0.57421875,-0.5913086,-0.41088867,-0.38964844
2d,1,Left Ankle,4590474,1779734565346,-0.91,9.28,-0.39,33.0,-39.625,38.5,-0.5701294,-0.60388184,-0.40338135,-0.38415527
2d,3,Left Wrist,4390503,1779734565347,0.27537644,-4.943275,6.5300126,162.44577,-7.0903006,36.99922,-103.67378,-40.884754,329.21555,0.0
2d,1,Left Ankle,4590489,1779734565368,-0.45,9.37,0.13,31.125,-32.5,42.0625,-0.5687256,-0.60839844,-0.39990234,-0.38275146
2d,1,Left Ankle,4590514,1779734565368,0.19,9.12,-0.51,25.1875,-27.3125,48.5,-0.56274414,-0.61950684,-0.3914795,-0.3824463
2d,4,Right Wrist,30593464,1779734565368,8.704391,5.075076,-7.1162543,-38.984962,140.4911,-131.37628,-140.72383,-40.511826,212.47772,0.0
2d,2,Right Ankle,1632523,1779734565377,-6.2937746,4.7333384,-0.8063812,60.616634,-55.563763,-41.30238,42.599228,70.78463,264.22656,0.0
2d,1,Left Ankle,4590529,1779734565396,0.47,9.96,-1.19,25.25,-33.4375,50.625,-0.5609131,-0.6234741,-0.38806152,-0.38226318
2d,1,Left Ankle,4590554,1779734565427,-0.03,10.44,-0.5,26.875,-33.125,57.75,-0.5546875,-0.63616943,-0.3765869,-0.38183594
2d,1,Left Ankle,4590576,1779734565427,0.66,8.99,-0.81,27.3125,-23.5,62.6875,-0.5493164,-0.6442871,-0.3692627,-0.38311768
2d,1,Left Ankle,4590602,1779734565456,0.39,9.25,-0.69,25.875,-24.5625,68.6875,-0.54351807,-0.6524048,-0.3614502,-0.3850708
2d,2,Right Ankle,1632569,1779734565472,-6.3942733,6.575812,0.47856453,74.966644,-71.38376,-48.79238,42.742954,70.74191,264.32788,0.0
2d,3,Left Wrist,4390564,1779734565472,1.5196441,-7.123136,5.3886366,180.57578,-13.740301,-75.28078,-103.56718,-40.89442,329.19525,0.0
2d,1,Left Ankle,4590620,1779734565486,0.49,9.16,-0.56,23.8125,-24.6875,75.8125,-0.5375366,-0.66070557,-0.35253906,-0.38763428
2d,1,Left Ankle,4590636,1779734565492,1.28,9.03,-1.78,21.1875,-17.6875,86.125,-0.5303345,-0.6685791,-0.34344482,-0.3922119
2d,1,Left Ankle,4590661,1779734565516,3.34,10.85,-2.46,19.3125,-18.625,95.125,-0.52282715,-0.67681885,-0.3326416,-0.3973999
2d,4,Right Wrist,30593521,1779734565518,6.8810596,4.3691936,-7.9752774,-93.30496,65.38111,-197.45627,-140.87848,-40.597134,212.58669,0.0
2d,3,Left Wrist,4390727,1779734565528,0.7611194,-17.048565,7.6546397,-172.08423,185.0597,153.54922,-103.49601,-40.84957,329.0263,0.0
2d,1,Left Ankle,4590676,1779734565553,1.24,10.89,-1.4,15.875,-24.1875,99.8125,-0.5155029,-0.68530273,-0.32043457,-0.4024048
2d,2,Right Ankle,1632659,1779734565553,-7.5428286,1.8332372,-6.0969124,113.04664,-73.413765,-48.37238,42.835648,70.78067,264.36832,0.0
2d,1,Left Ankle,4590701,1779734565577,0.93,8.84,-1.6,11.75,-36.125,101.5,-0.5091553,-0.69415283,-0.3062744,-0.40631104
2d,1,Left Ankle,4590723,1779734565577,1.05,9.34,-1.45,9.875,-32.5,107.5,-0.4985962,-0.7069092,-0.28411865,-0.41351318
2d,1,Left Ankle,4590736,1779734565610,1.33,10.87,-1.59,7.8125,-49.3125,107.9375,-0.4954834,-0.7114868,-0.2758789,-0.414917
2d,4,Right Wrist,30593685,1779734565610,-1.1564316,1.7107682,-1.7228323,-116.89496,-78.11889,-84.126274,-141.20384,-40.630516,212.82132,0.0
2d,2,Right Ankle,1632749,1779734565618,-14.805045,-1.0572925,-0.808774,-43.193363,-69.913765,14.907619,42.776237,70.8267,264.32224,0.0
2d,3,Left Wrist,4390746,1779734565618,2.0221364,-15.9574375,4.709075,-155.98422,180.22969,195.33922,-103.43433,-40.76216,328.89206,0.0
2d,1,Left Ankle,4590765,1779734565635,4.57,12.52,1.88,11.0,-41.6875,108.5,-0.48516846,-0.72454834,-0.2518921,-0.41967773
2d,1,Left Ankle,4590780,1779734565672,3.6,11.61,-1.51,6.3125,-8.3125,110.0,-0.4810791,-0.727417,-0.24505615,-0.42352295
2d,1,Left Ankle,4590806,1779734565672,1.05,10.24,-0.55,11.6875,-0.4375,100.625,-0.46875,-0.7346802,-0.22888184,-0.43377686
2d,4,Right Wrist,30593731,1779734565672,-3.8674996,1.1484545,0.96430755,16.45504,-77.76888,-54.16627,-141.22789,-40.60803,212.8648,0.0
2d,2,Right Ankle,1632839,1779734565673,-7.7127185,2.292659,-1.1796615,-28.983362,-65.22376,-3.572381,42.861862,70.8463,264.40732,0.0
2d,1,Left Ankle,4590825,1779734565697,3.23,8.31,0.43,3.5625,14.5625,53.5,-0.46307373,-0.73651123,-0.22314453,-0.43969727
2d,1,Left Ankle,4590846,1779734565699,5.69,9.0,-3.05,0.5,2.8125,28.5625,-0.46124268,-0.73779297,-0.2177124,-0.4421997
2d,3,Left Wrist,4390804,1779734565710,5.1136637,-10.633408,-2.971886,44.985775,113.4497,222.98923,-103.38243,-40.621033,328.8256,0.0
2d,1,Left Ankle,4590870,1779734565725,8.81,8.29,-0.37,-10.875,-49.1875,11.875,-0.46228027,-0.7404175,-0.21264648,-0.43914795
2d,4,Right Wrist,30593822,1779734565738,-8.815857,-1.3903303,5.338387,99.33504,-42.55889,-12.026272,-141.18965,-40.587902,212.87207,0.0
2d,2,Right Ankle,1632899,1779734565738,-8.665062,4.108812,-0.31106696,-8.263362,-42.263763,-10.642382,43.015503,70.846176,264.551,0.0
2d,1,Left Ankle,4590887,1779734565756,-3.87,9.15,7.77,-45.8125,-41.625,10.8125,-0.46740723,-0.7420654,-0.20379639,-0.43511963
2d,3,Left Wrist,4390894,1779734565768,3.6995053,-5.5965157,-6.4271216,-58.754223,30.149698,124.56923,-103.46605,-40.560135,328.85126,0.0
2d,1,Left Ankle,4590914,1779734565788,-3.6,11.79,-2.22,-39.875,-11.0625,-69.5,-0.47735596,-0.737854,-0.20544434,-0.43066406
2d,1,Left Ankle,4590931,1779734565789,4.93,10.37,-4.69,-4.9375,-16.1875,-114.125,-0.48706055,-0.7335205,-0.21685791,-0.42156982
2d,4,Right Wrist,30593881,1779734565790,-9.516953,-1.529114,4.658826,135.17503,-9.728888,-46.046272,-141.14165,-40.5818,212.88269,0.0
2d,2,Right Ankle,1632958,1779734565792,-9.650906,3.036827,0.11964113,-46.693363,-28.19376,-29.26238,43.115147,70.87297,264.65585,0.0
2d,1,Left Ankle,4590953,1779734565818,7.43,8.07,-0.68,-29.0625,-120.9375,-120.6875,-0.508667,-0.734375,-0.22332764,-0.3899536
2d,3,Left Wrist,4390984,1779734565830,4.572886,-4.5436735,-8.973085,-96.20422,49.399696,149.34923,-103.563255,-40.506813,328.87064,0.0
2d,1,Left Ankle,4590975,1779734565852,9.13,6.37,-2.73,-32.625,-140.8125,-103.375,-0.5249634,-0.736145,-0.22296143,-0.36437988
2d,1,Left Ankle,4590995,1779734565852,6.44,6.36,-5.88,-29.25,-123.25,-62.0,-0.53778076,-0.7384033,-0.21868896,-0.3430786
2d,4,Right Wrist,30593941,1779734565852,-7.9735837,-3.4960139,4.6636114,151.97504,9.031112,-104.916275,-141.09103,-40.593273,212.90445,0.0
2d,2,Right Ankle,1633019,1779734565883,-8.794274,3.0320413,-0.49052867,-10.083363,-7.82376,-38.29238,43.23985,70.90627,264.7732,0.0
2d,3,Left Wrist,4391043,1779734565887,3.622935,-2.7873418,-5.367101,-73.104225,28.1897,85.439224,-103.66233,-40.482708,328.9058,0.0
2d,1,Left Ankle,4591025,1779734565906,6.46,6.34,-6.76,-18.1875,-96.9375,-42.1875,-0.54681396,-0.74053955,-0.21392822,-0.32684326
2d,1,Left Ankle,4591039,1779734565906,8.61,5.36,-5.81,-9.1875,-93.8125,-24.3125,-0.55303955,-0.74346924,-0.20831299,-0.31298828
2d,1,Left Ankle,4591066,1779734565940,7.29,5.17,-4.35,-8.9375,-113.8125,2.25,-0.5606079,-0.7508545,-0.19171143,-0.29193115
2d,1,Left Ankle,4591081,1779734565940,5.37,5.38,-2.28,-14.6875,-128.4375,11.875,-0.56329346,-0.753479,-0.18450928,-0.2845459
2d,3,Left Wrist,4391104,1779734565949,6.6091776,1.5771667,-2.6105695,77.115776,25.249699,21.739222,-103.669334,-40.540283,328.91995,0.0
2d,1,Left Ankle,4591104,1779734565974,4.14,6.23,-1.3,-23.0625,-109.5625,30.0,-0.5708008,-0.76000977,-0.16088867,-0.2659912
2d,2,Right Ankle,1633079,1779734565983,-9.057485,2.3524797,0.06460621,4.4766383,-12.93376,-43.402378,43.334095,70.949776,264.8562,0.0
2d,1,Left Ankle,4591124,1779734566004,-0.39,6.6,0.34,-23.1875,-66.1875,21.6875,-0.574646,-0.7618408,-0.14916992,-0.2590332
2d,1,Left Ankle,4591145,1779734566004,-7.12,10.06,-4.38,-0.1875,-24.8125,-5.4375,-0.576416,-0.7625122,-0.1451416,-0.25549316
2d,4,Right Wrist,30594001,1779734566005,-6.2340016,-5.673483,3.0867412,93.52504,10.991112,-123.67628,-141.05655,-40.60468,212.92697,0.0
2d,3,Left Wrist,4391164,1779734566012,10.583656,-0.45433965,-3.0221348,127.72577,3.6196995,1.6492233,-103.65824,-40.60789,328.9407,0.0
2d,1,Left Ankle,4591165,1779734566025,-0.17,17.48,-3.37,13.75,-1.25,-83.75,-0.57733154,-0.7628174,-0.1531372,-0.24768066
2d,1,Left Ankle,4591205,1779734566065,-1.98,7.74,-4.3,-26.25,-24.25,-53.25,-0.5876465,-0.75671387,-0.17028809,-0.23040771
2d,1,Left Ankle,4591185,1779734566065,14.41,10.91,-4.52,-8.0,-8.6875,-99.3125,-0.58166504,-0.7598877,-0.16711426,-0.23718262
2d,4,Right Wrist,30594165,1779734566065,-2.9079778,-7.506385,-0.32542387,-12.87496,-3.3588886,-50.386272,-141.01857,-40.586895,212.93704,0.0
2d,2,Right Ankle,1633169,1779734566071,-8.076427,-0.088199265,1.0887343,10.356638,-0.5437598,11.547619,43.259457,71.0142,264.7831,0.0
2d,1,Left Ankle,4591226,1779734566089,0.18,5.93,-4.56,-14.625,-31.75,-81.875,-0.59368896,-0.7537842,-0.17755127,-0.21868896
2d,3,Left Wrist,4391224,1779734566098,5.953544,-4.902597,-2.2995026,58.985775,-2.1903007,9.279221,-103.70173,-40.65267,328.9824,0.0
2d,4,Right Wrist,30594211,1779734566121,-6.463712,-6.1185474,-1.7898313,36.12504,-16.518888,28.923729,-140.97942,-40.536095,212.91658,0.0
2d,1,Left Ankle,4591266,1779734566121,2.28,9.9,-2.81,-19.5,6.75,-38.0625,-0.60235596,-0.74902344,-0.18151855,-0.20794678
2d,1,Left Ankle,4591250,1779734566121,-3.22,9.31,0.09,-20.0625,-34.25,-24.25,-0.5984497,-0.7520752,-0.17810059,-0.21105957
2d,2,Right Ankle,1633259,1779734566126,-9.028771,2.5534768,0.74177504,-28.353363,23.74624,16.867619,43.43081,71.04438,264.95776,0.0
2d,1,Left Ankle,4591290,1779734566153,-1.3,10.68,-3.19,-22.5,37.9375,-9.5,-0.6046753,-0.7451172,-0.18615723,-0.21087646
2d,3,Left Wrist,4391284,1779734566158,-2.8616147,-6.333505,-6.6113687,20.835777,-15.2103,-10.250778,-103.75562,-40.592632,329.02676,0.0
2d,1,Left Ankle,4591306,1779734566192,1.64,8.81,-1.57,-22.4375,43.0625,-10.375,-0.6063843,-0.74090576,-0.19146729,-0.21618652
2d,4,Right Wrist,30594271,1779734566192,-12.47209,-5.7572317,-4.0606203,45.57504,-7.7688885,80.793724,-140.93886,-40.475502,212.88522,0.0
2d,2,Right Ankle,1633349,1779734566192,-9.902152,1.7925593,-0.67716885,20.296637,18.98624,-21.702381,43.53799,71.10176,265.05215,0.0
2d,1,Left Ankle,4591330,1779734566207,1.41,9.74,-1.09,-28.3125,-9.375,6.25,-0.609375,-0.7380371,-0.1907959,-0.21813965
2d,3,Left Wrist,4391374,1779734566218,-4.730408,-8.202299,-8.216953,129.68578,-34.2503,-69.33078,-103.77566,-40.54949,329.08246,0.0
2d,1,Left Ankle,4591356,1779734566241,1.93,9.74,-1.3,-32.9375,-49.8125,7.9375,-0.61450195,-0.7364502,-0.18432617,-0.21459961
2d,4,Right Wrist,30594332,1779734566248,-11.122538,-0.9811574,-4.0103707,-38.84496,-15.538889,54.613728,-140.9506,-40.42213,212.87538,0.0
2d,2,Right Ankle,1633409,1779734566249,-10.1749325,1.8691297,-0.485743,40.38664,26.05624,-46.62238,43.63851,71.166794,265.13214,0.0
2d,1,Left Ankle,4591366,1779734566248,-1.36,9.98,-0.53,-21.375,-38.5625,18.1875,-0.61828613,-0.7359009,-0.17700195,-0.21173096
2d,1,Left Ankle,4591406,1779734566271,0.05,9.85,-1.69,-1.25,-13.25,16.75,-0.61968994,-0.73687744,-0.1687622,-0.2109375
2d,1,Left Ankle,4591386,1779734566271,-0.18,10.36,-1.4,-6.5625,-17.9375,15.1875,-0.619812,-0.736084,-0.17218018,-0.21057129
2d,3,Left Wrist,4391434,1779734566278,-0.3300082,-10.305591,-5.501099,12.225777,0.11969948,-41.610775,-103.80959,-40.492897,329.10986,0.0
2d,1,Left Ankle,4591426,1779734566298,1.18,9.68,-1.11,-2.75,-29.75,23.875,-0.6199341,-0.7381592,-0.16326904,-0.21002197
2d,1,Left Ankle,4591446,1779734566298,1.32,9.93,-1.55,-2.4375,-38.4375,23.75,-0.6204834,-0.73986816,-0.15612793,-0.20794678
2d,4,Right Wrist,30594391,1779734566308,-6.5737824,-1.4716859,-3.5174494,-37.65496,-14.838888,-35.266273,-140.9832,-40.381252,212.89774,0.0
2d,1,Left Ankle,4591472,1779734566331,2.47,9.24,-0.83,-3.5625,-40.5625,21.9375,-0.6211548,-0.7415161,-0.14886475,-0.20526123
2d,3,Left Wrist,4391494,1779734566338,0.871189,-7.249956,-2.0099711,7.2557764,40.789696,-41.260777,-103.80335,-40.435627,329.09958,0.0
2d,1,Left Ankle,4591486,1779734566365,1.64,9.48,-0.88,-3.375,-28.6875,21.4375,-0.6217041,-0.74279785,-0.14245605,-0.20343018
2d,4,Right Wrist,30594452,1779734566365,-3.6377883,-4.6014977,-2.9958138,18.485039,-5.5288887,-36.176273,-140.96677,-40.33397,212.89967,0.0
2d,2,Right Ankle,1633573,1779734566365,-6.712519,0.25158152,0.4737789,111.92664,-42.96376,65.51762,43.78496,71.26699,265.21768,0.0
2d,1,Left Ankle,4591515,1779734566390,2.82,9.28,-0.26,0.125,-4.75,11.0625,-0.62145996,-0.7435303,-0.13952637,-0.20367432
2d,1,Left Ankle,4591526,1779734566390,1.63,9.6,-2.53,6.875,2.75,3.6875,-0.62072754,-0.74401855,-0.1394043,-0.20422363
2d,3,Left Wrist,4391554,1779734566398,2.4313095,-9.994524,-0.91166544,12.715776,64.7997,-17.320778,-103.75328,-40.38126,329.05435,0.0
2d,1,Left Ankle,4591546,1779734566423,0.19,10.75,-2.2,10.375,-7.0,-16.1875,-0.6199341,-0.7453003,-0.13928223,-0.20202637
2d,1,Left Ankle,4591574,1779734566445,0.12,9.06,-2.08,9.0,-3.0625,-23.125,-0.619812,-0.7458496,-0.14202881,-0.1984253
2d,1,Left Ankle,4591591,1779734566446,1.04,9.87,-1.98,12.625,12.1875,-21.8125,-0.6188965,-0.74627686,-0.1459961,-0.19683838
2d,3,Left Wrist,4391614,1779734566463,4.3168535,-8.520545,-0.21774687,-5.1342235,53.8097,29.299221,-103.68428,-40.32863,328.99277,0.0
2d,1,Left Ankle,4591609,1779734566475,1.09,10.3,-0.05,14.0625,11.3125,-18.3125,-0.61743164,-0.7468262,-0.15020752,-0.19622803
2d,4,Right Wrist,30594511,1779734566479,-1.6613172,-4.713961,-3.1585257,-17.70496,7.5611115,-0.40627217,-140.94394,-40.275753,212.87971,0.0
2d,2,Right Ankle,1633592,1779734566489,-6.102349,1.0627484,-1.1389836,30.586636,-48.633762,77.977615,43.93046,71.282845,265.34793,0.0
2d,1,Left Ankle,4591627,1779734566513,1.46,8.53,-1.11,16.875,-3.3125,-16.75,-0.6159668,-0.7480469,-0.15301514,-0.19390869
2d,1,Left Ankle,4591652,1779734566513,-1.29,10.14,-1.92,18.0,2.125,3.0625,-0.6138916,-0.7498169,-0.15374756,-0.19317627
2d,3,Left Wrist,4391673,1779734566523,4.7906322,-8.525331,-0.77766734,40.435776,17.6897,8.649223,-103.61535,-40.272835,328.9522,0.0
2d,1,Left Ankle,4591668,1779734566535,0.54,10.25,-1.78,19.25,15.5625,14.8125,-0.6107178,-0.751709,-0.15405273,-0.19543457
2d,4,Right Wrist,30594675,1779734566539,-11.75185,-0.9189438,-3.2039895,-5.10496,6.5111117,17.443727,-140.92029,-40.1892,212.85236,0.0
2d,2,Right Ankle,1633752,1779734566542,-10.18929,2.9052217,1.1413764,86.44664,-23.78376,4.477619,43.98381,71.3407,265.37848,0.0
2d,1,Left Ankle,4591690,1779734566567,-0.06,10.22,-2.47,20.3125,30.4375,37.9375,-0.6064453,-0.7536621,-0.15356445,-0.20159912
2d,3,Left Wrist,4391734,1779734566580,3.6875412,-12.545272,-4.534399,43.655777,-20.740301,-57.85078,-103.63418,-40.21795,328.98322,0.0
2d,1,Left Ankle,4591718,1779734566597,0.25,10.25,-2.31,17.8125,28.6875,45.25,-0.59954834,-0.7565918,-0.15014648,-0.21350098
2d,1,Left Ankle,4591734,1779734566597,1.47,8.76,-2.43,10.1875,24.1875,53.25,-0.59558105,-0.7581177,-0.14630127,-0.22174072
2d,2,Right Ankle,1633772,1779734566605,-12.122691,2.7090104,1.0145568,72.37664,-24.13376,-2.8723812,44.105583,71.3771,265.46783,0.0
2d,1,Left Ankle,4591757,1779734566626,2.03,9.28,-2.76,3.8125,15.0,56.4375,-0.5923462,-0.7593384,-0.14117432,-0.22930908
2d,3,Left Wrist,4391793,1779734566637,2.47438,-12.064315,-6.82433,57.935776,-25.150301,-31.81078,-103.67043,-40.16288,329.0282,0.0
2d,1,Left Ankle,4591778,1779734566655,1.15,9.82,-2.32,1.125,25.3125,54.9375,-0.58947754,-0.75994873,-0.13604736,-0.2376709
2d,1,Left Ankle,4591800,1779734566662,1.85,8.63,-1.74,0.625,11.1875,42.375,-0.58721924,-0.760437,-0.13165283,-0.24414062
2d,2,Right Ankle,1633829,1779734566663,-9.665262,1.14889,-0.021535404,-68.88336,-13.56376,-12.602381,44.125668,71.43304,265.5076,0.0
2d,1,Left Ankle,4591815,1779734566688,2.38,8.34,-2.38,2.0,3.3125,29.5,-0.5855713,-0.76116943,-0.12786865,-0.24780273
2d,4,Right Wrist,30594694,1779734566697,-11.943275,-0.9428724,-2.6895325,-12.80496,10.711112,8.133728,-140.92473,-40.157505,212.84886,0.0
2d,3,Left Wrist,4391854,1779734566705,5.7908325,-9.408282,-5.130212,103.435776,19.089699,-19.210781,-103.69381,-40.1313,329.06277,0.0
2d,1,Left Ankle,4591840,1779734566715,3.85,8.33,-1.69,3.6875,-5.5625,17.5,-0.5843506,-0.76208496,-0.124938965,-0.24926758
2d,1,Left Ankle,4591861,1779734566716,3.16,8.84,-0.99,2.625,-18.875,6.125,-0.58392334,-0.7632446,-0.12231445,-0.24804688
2d,2,Right Ankle,1633889,1779734566722,-9.229768,1.1464972,0.51206404,8.886639,-7.1237593,6.157619,44.17509,71.488266,265.55145,0.0
2d,1,Left Ankle,4591878,1779734566747,2.45,10.12,-0.71,5.0,-16.0625,-9.625,-0.5839844,-0.7642822,-0.121398926,-0.24523926
2d,4,Right Wrist,30594855,1779734566755,-4.078068,-7.961021,0.95712906,42.84504,14.281112,-38.906273,-140.87802,-40.12281,212.8359,0.0
2d,3,Left Wrist,4391914,1779734566764,7.685948,-8.195121,-2.969493,-4.5742235,16.2197,-16.550777,-103.76453,-40.155342,329.10422,0.0
2d,1,Left Ankle,4591906,1779734566780,5.02,10.9,-1.31,10.8125,-14.625,-31.8125,-0.58447266,-0.7659302,-0.12561035,-0.2364502
2d,2,Right Ankle,1633949,1779734566783,-9.012021,0.82107335,1.1916257,-30.173363,-8.873759,27.787619,44.14507,71.54614,265.5345,0.0
2d,1,Left Ankle,4591926,1779734566809,7.15,12.15,-4.94,21.1875,-42.25,-58.375,-0.5847168,-0.76904297,-0.12976074,-0.22320557
2d,1,Left Ankle,4591940,1779734566809,5.14,13.23,-7.19,34.125,-77.625,-78.625,-0.5848999,-0.7713623,-0.13140869,-0.21368408
2d,3,Left Wrist,4391974,1779734566823,7.585449,-6.2545424,-1.134198,53.245777,-0.16030073,-51.970776,-103.7298,-40.23973,329.0971,0.0
2d,1,Left Ankle,4591964,1779734566837,4.17,14.07,-9.96,37.5,-92.9375,-107.875,-0.5863037,-0.77801514,-0.1383667,-0.1784668
2d,1,Left Ankle,4591984,1779734566839,4.98,12.04,-15.03,43.9375,-84.5625,-95.5625,-0.5857544,-0.78222656,-0.144104,-0.15594482
2d,4,Right Wrist,30594902,1779734566841,-3.1640093,-8.078269,-0.19860429,-12.17496,1.1911116,-20.216272,-140.84445,-40.09707,212.81552,0.0
2d,2,Right Ankle,1634009,1779734566843,-9.095771,2.6444042,0.70348984,9.236637,-6.4937596,13.08762,44.318295,71.56547,265.6963,0.0
2d,1,Left Ankle,4592007,1779734566873,4.0,9.02,-16.2,57.8125,-144.9375,-85.875,-0.58374023,-0.78845215,-0.14489746,-0.12890625
2d,3,Left Wrist,4392034,1779734566878,6.896316,-10.482659,-3.723232,105.325775,-11.3603,-84.450775,-103.74716,-40.210133,329.14035,0.0
2d,1,Left Ankle,4592027,1779734566898,1.49,7.13,-14.71,76.375,-227.75,-78.0625,-0.5805664,-0.7974243,-0.13647461,-0.09185791
2d,4,Right Wrist,30594961,1779734566900,-2.4102707,-6.1568327,0.42113677,-15.25496,-27.71889,30.813728,-140.80557,-40.05616,212.78535,0.0
2d,2,Right Ankle,1634069,1779734566903,-9.268053,2.5127988,0.29671,35.90664,-10.27376,-1.9623809,44.47125,71.59489,265.82858,0.0
2d,1,Left Ankle,4592052,1779734566927,-3.15,4.53,-8.24,84.4375,-303.75,-69.1875,-0.5737915,-0.81152344,-0.10888672,-0.018432617
2d,1,Left Ankle,4592072,1779734566929,-7.92,4.74,-4.83,86.4375,-293.6875,-76.0625,-0.5704956,-0.81518555,-0.099975586,0.006164551
2d,3,Left Wrist,4392094,1779734566939,-0.05722645,-21.1714,-8.360522,2.9857764,-0.09030056,34.05922,-103.76412,-40.12486,329.14984,0.0
2d,1,Left Ankle,4592087,1779734566956,-11.09,3.32,0.63,98.8125,-168.0,-76.6875,-0.5604248,-0.8220215,-0.09075928,0.044006348
2d,4,Right Wrist,30595051,1779734566959,10.355438,-1.2826532,1.253839,-1.9549599,-62.22889,202.73372,-140.75917,-40.037647,212.72357,0.0
2d,2,Right Ankle,1634129,1779734566962,-9.689191,1.8260589,0.6197411,31.916637,-12.93376,-20.302382,44.551586,71.64512,265.89166,0.0
2d,1,Left Ankle,4592113,1779734566988,-7.19,2.59,1.6,101.0625,-13.0,-59.25,-0.5387573,-0.8345947,-0.0993042,0.057556152
2d,1,Left Ankle,4592127,1779734566989,-2.6,1.37,2.08,95.5625,115.1875,-31.6875,-0.53082275,-0.83917236,-0.10632324,0.051696777
2d,1,Left Ankle,4592152,1779734567018,0.73,2.9,4.28,86.125,204.5625,-1.625,-0.5144043,-0.84814453,-0.123291016,0.028015137
2d,4,Right Wrist,30595112,1779734567021,16.289639,-3.290231,4.4410787,99.685036,-131.0389,462.7137,-140.62387,-39.937782,212.58536,0.0
2d,2,Right Ankle,1634189,1779734567023,-9.318303,1.4503856,0.49292147,42.90664,1.9762402,-10.292381,44.632446,71.70195,265.95355,0.0
2d,3,Left Wrist,4392154,1779734567033,-5.453041,-23.485258,-9.363115,-64.70422,9.779699,284.5892,-103.7803,-39.957233,329.12506,0.0
2d,1,Left Ankle,4592172,1779734567048,2.27,4.82,5.04,64.4375,252.375,26.1875,-0.49890137,-0.8550415,-0.14117432,-0.0072021484
2d,1,Left Ankle,4592192,1779734567051,1.76,8.75,3.53,34.1875,235.1875,44.5625,-0.4864502,-0.85858154,-0.15563965,-0.045043945
2d,1,Left Ankle,4592218,1779734567080,-2.66,8.75,6.21,-13.25,176.0,30.5,-0.4810791,-0.85546875,-0.17047119,-0.087768555
2d,4,Right Wrist,30595171,1779734567080,26.949663,7.0276203,5.694918,-66.35496,-304.6389,762.03375,-140.5356,-39.72785,212.40794,0.0
2d,3,Left Wrist,4392244,1779734567089,4.917452,-22.525736,2.2540388,-46.924225,69.5597,510.2692,-103.69539,-39.743137,329.00952,0.0
2d,1,Left Ankle,4592234,1779734567108,-3.53,9.44,10.4,-46.0625,126.3125,6.0,-0.4824829,-0.85272217,-0.17480469,-0.09777832
2d,1,Left Ankle,4592253,1779734567110,-1.58,11.28,11.9,-69.5,114.6875,-25.625,-0.4937744,-0.83966064,-0.19049072,-0.12194824
2d,1,Left Ankle,4592276,1779734567138,-2.03,11.17,12.2,-118.1875,117.6875,-48.0,-0.5074463,-0.82489014,-0.20587158,-0.14038086
2d,4,Right Wrist,30595231,1779734567139,37.61926,21.810478,13.560126,-97.92496,-440.5789,704.14374,-140.5024,-39.489067,212.29411,0.0
2d,2,Right Ankle,1634249,1779734567147,-8.842132,1.7853808,0.09332008,11.896637,30.606241,9.727619,44.779106,71.75155,266.09198,0.0
2d,3,Left Wrist,4392304,1779734567147,14.763917,-17.933908,2.0865414,106.58577,94.759705,438.6592,-103.53705,-39.606167,328.8796,0.0
2d,1,Left Ankle,4592292,1779734567169,-6.2,12.05,15.98,-62.375,272.0,25.5,-0.4984131,-0.81274414,-0.22937012,-0.19610596
2d,1,Left Ankle,4592314,1779734567170,16.91,12.49,-7.81,-65.75,421.5,-110.875,-0.4909668,-0.7854004,-0.2786255,-0.25390625
2d,1,Left Ankle,4592333,1779734567195,32.01,20.46,-38.92,24.5625,410.625,-40.5,-0.4724121,-0.7703247,-0.3078003,-0.2977295
2d,4,Right Wrist,30595291,1779734567199,33.43182,25.84717,19.367506,-373.93497,-355.03888,339.09372,-140.62955,-39.350395,212.28214,0.0
2d,2,Right Ankle,1634413,1779734567203,-8.811024,0.5578629,0.27517462,-26.463362,85.41624,8.677619,45.027874,71.88375,266.34912,0.0
2d,3,Left Wrist,4392364,1779734567207,23.708288,-19.415066,-4.575077,69.06577,69.3497,191.90923,-103.47883,-39.619644,328.82764,0.0
2d,1,Left Ankle,4592357,1779734567226,12.92,5.78,0.24,-97.8125,31.0625,-135.375,-0.48266602,-0.7543335,-0.3206787,-0.30847168
2d,1,Left Ankle,4592374,1779734567256,5.83,-1.74,-0.59,-174.25,-397.5625,-262.375,-0.53100586,-0.74401855,-0.3151245,-0.25531006
2d,1,Left Ankle,4592395,1779734567256,-4.26,-1.12,2.45,-128.25,-150.6875,45.375,-0.5614624,-0.7390137,-0.2947998,-0.22741699
2d,4,Right Wrist,30595351,1779734567263,2.6529422,21.671694,24.94039,-394.09497,-89.738884,-33.726273,-140.79185,-39.35028,212.32019,0.0
2d,2,Right Ankle,1634432,1779734567263,-8.8229885,2.500835,-0.44506502,-35.91336,94.446236,5.2476187,45.246117,71.937065,266.5761,0.0
2d,3,Left Wrist,4392424,1779734567267,21.164717,-18.295225,-7.2861447,-140.09422,-102.5003,19.70922,-103.60974,-39.662178,328.90552,0.0
2d,1,Left Ankle,4592419,1779734567286,-34.12,16.55,-4.56,-45.0625,166.6875,190.875,-0.5614624,-0.7346802,-0.2789917,-0.25915527
2d,1,Left Ankle,4592435,1779734567322,23.83,33.27,3.54,-35.8125,158.625,-58.5,-0.553833,-0.7265625,-0.29229736,-0.2826538
2d,1,Left Ankle,4592455,1779734567322,3.61,10.77,0.62,-112.875,212.5625,-5.375,-0.5564575,-0.70477295,-0.31079102,-0.31152344
2d,2,Right Ankle,1634489,1779734567322,-10.684605,2.4673352,-5.4125648,-38.153362,97.73624,-7.002381,45.447815,72.00521,266.78757,0.0
2d,4,Right Wrist,30595412,1779734567322,1.2052845,26.775585,39.163326,33.25504,192.4311,-168.47627,-140.78024,-39.45475,212.32259,0.0
2d,3,Left Wrist,4392484,1779734567327,10.777474,-10.580765,14.854643,-93.894226,-297.3803,-26.35078,-103.67725,-39.6558,329.00708,0.0
2d,1,Left Ankle,4592477,1779734567346,1.26,3.29,-5.04,-97.6875,61.0625,-3.5,-0.5643921,-0.6899414,-0.31427002,-0.32666016
2d,1,Left Ankle,4592502,1779734567381,-2.12,10.62,9.89,-63.6875,75.3125,42.5625,-0.5675049,-0.6765137,-0.31384277,-0.34899902
2d,4,Right Wrist,30595471,1779734567382,30.148869,14.230015,52.09175,117.53504,410.9011,-366.43628,-140.73409,-39.669853,212.32578,0.0
2d,2,Right Ankle,1634549,1779734567382,-15.439143,-7.2762384,-14.289937,-294.49338,148.90623,-0.14238095,45.51878,72.11082,266.96426,0.0
2d,3,Left Wrist,4392543,1779734567388,1.6368922,-7.257134,29.099115,-99.284225,-307.0403,-138.35077,-103.76581,-39.678566,329.1305,0.0
2d,1,Left Ankle,4592525,1779734567406,-1.22,18.85,13.54,-60.25,175.1875,19.125,-0.5656738,-0.6688843,-0.31933594,-0.3614502
2d,1,Left Ankle,4592539,1779734567407,4.89,4.59,-6.74,-148.375,335.0625,-4.5,-0.5612793,-0.63793945,-0.3383789,-0.4043579
2d,1,Left Ankle,4592566,1779734567436,8.88,2.44,-10.9,-99.6875,241.1875,-51.875,-0.56274414,-0.5932007,-0.36694336,-0.44360352
2d,1,Left Ankle,4592579,1779734567436,3.92,8.08,-8.63,-78.75,51.875,-29.6875,-0.5661621,-0.58654785,-0.36791992,-0.44726562
2d,2,Right Ankle,1634609,1779734567448,-8.94263,-10.358193,-3.6849468,-607.6034,185.30624,43.60762,45.39652,72.21521,267.06717,0.0
2d,3,Left Wrist,4392604,1779734567448,-4.235095,-1.5119673,24.775286,-112.37423,-302.0003,-208.28078,-103.8678,-39.723526,329.26276,0.0
2d,1,Left Ankle,4592604,1779734567466,-2.96,8.76,5.66,-44.5,11.0625,-15.875,-0.5775757,-0.57733154,-0.3642578,-0.44769287
2d,4,Right Wrist,30595532,1779734567475,53.90002,-5.3576303,56.68836,-10.07496,609.2811,-424.18628,-140.70065,-39.954502,212.28674,0.0
2d,1,Left Ankle,4592623,1779734567495,-4.3,11.06,-1.02,-43.875,44.75,-1.25,-0.5765381,-0.569397,-0.36694336,-0.45684814
2d,1,Left Ankle,4592640,1779734567496,-1.14,9.3,-0.04,-7.875,105.9375,14.0,-0.5731201,-0.56536865,-0.37109375,-0.4628296
2d,2,Right Ankle,1634669,1779734567506,-4.264661,-8.3099375,19.49672,-428.40338,87.516235,61.45762,45.227722,72.208694,267.06012,0.0
2d,3,Left Wrist,4392664,1779734567514,-3.9718835,-10.434803,18.180666,-185.87422,-389.2203,-289.1308,-104.02016,-39.777855,329.4388,0.0
2d,1,Left Ankle,4592664,1779734567531,8.01,24.5,0.55,-9.1875,57.0,23.125,-0.56604004,-0.55651855,-0.38024902,-0.4746704
2d,1,Left Ankle,4592683,1779734567555,-0.12,7.47,2.91,-7.6875,26.9375,-24.75,-0.567688,-0.552063,-0.3857422,-0.4734497
2d,4,Right Wrist,30595591,1779734567564,79.61569,-23.310978,33.69573,10.36504,742.91113,-90.00628,-140.55388,-40.208286,212.08723,0.0
2d,2,Right Ankle,1634729,1779734567564,-11.816409,6.98977,6.506085,-44.45336,22.13624,104.78761,45.319996,72.12851,267.17233,0.0
2d,3,Left Wrist,4392724,1779734567568,2.7830544,-9.300605,10.679167,-27.884224,-530.27026,-195.89078,-104.14293,-39.793102,329.662,0.0
2d,1,Left Ankle,4592706,1779734567590,0.17,7.9,2.4,11.4375,8.25,-26.625,-0.567688,-0.55163574,-0.38952637,-0.47088623
2d,1,Left Ankle,4592724,1779734567590,0.84,11.57,1.51,34.0625,-10.1875,-35.25,-0.567749,-0.5529785,-0.39434814,-0.46514893
2d,1,Left Ankle,4592745,1779734567615,0.64,10.1,0.62,42.0,-27.1875,-28.1875,-0.567688,-0.55651855,-0.3982544,-0.4576416
2d,4,Right Wrist,30595681,1779734567623,-3.118546,21.910976,-12.861422,-316.11496,105.77111,262.37372,-140.64474,-40.179,212.00264,0.0
2d,2,Right Ankle,1634789,1779734567624,2.3658504,15.855179,0.8757731,-24.013363,4.07624,17.49762,45.45724,72.079636,267.31253,0.0
2d,3,Left Wrist,4392784,1779734567634,-9.008776,-11.375182,11.925829,-8.494224,-362.48032,-191.55078,-104.22524,-39.803234,329.81967,0.0
2d,1,Left Ankle,4592771,1779734567648,0.12,8.89,0.31,48.0625,-42.25,-17.25,-0.5673218,-0.5626221,-0.40008545,-0.4489746
2d,1,Left Ankle,4592789,1779734567655,-0.45,10.06,0.98,50.5,-49.25,-6.1875,-0.5663452,-0.57025146,-0.40045166,-0.44018555
2d,1,Left Ankle,4592816,1779734567688,-0.03,10.23,-0.07,47.125,-44.25,0.875,-0.5638428,-0.5819702,-0.39916992,-0.4290161
2d,2,Right Ankle,1634849,1779734567688,-4.9801154,6.2743163,4.8191447,49.626637,-22.87376,-3.222381,45.48487,72.01742,267.32037,0.0
2d,3,Left Wrist,4392844,1779734567700,-3.7373874,-19.39353,7.8867435,88.52577,75.7197,-88.44078,-104.1374,-39.8042,329.76935,0.0
2d,1,Left Ankle,4592833,1779734567710,2.06,10.19,-1.24,40.0625,-54.125,4.375,-0.56256104,-0.58966064,-0.39715576,-0.42193604
2d,4,Right Wrist,30595771,1779734567710,2.9831517,-2.4216368,-3.1728828,21.985039,196.84111,358.41373,-140.55402,-40.09596,211.84195,0.0
2d,1,Left Ankle,4592861,1779734567747,0.26,9.23,-1.38,39.75,-62.6875,8.9375,-0.5621338,-0.59832764,-0.39331055,-0.4138794
2d,1,Left Ankle,4592878,1779734567747,-0.3,9.5,-0.68,40.0625,-51.25,14.125,-0.5609131,-0.6067505,-0.3895874,-0.40673828
2d,3,Left Wrist,4392904,1779734567749,11.0933275,-15.253947,8.745767,-195.39423,223.97969,71.92922,-104.07901,-39.80044,329.6253,0.0
2d,1,Left Ankle,4592902,1779734567765,0.96,10.19,-0.11,39.5625,-39.5625,16.0,-0.5576172,-0.61828613,-0.3848877,-0.39831543
2d,2,Right Ankle,1634909,1779734567777,-3.2477114,13.895457,3.7208393,90.43664,-47.09376,-10.292381,45.58479,71.954994,267.38095,0.0
2d,1,Left Ankle,4592941,1779734567803,0.03,9.45,-0.31,37.375,-51.4375,14.4375,-0.5553589,-0.6298828,-0.37921143,-0.3885498
2d,4,Right Wrist,30595832,1779734567803,15.880466,6.4102716,-3.1274192,-102.19496,174.8611,127.34373,-140.55983,-40.16116,211.76675,0.0
2d,1,Left Ankle,4592923,1779734567802,0.92,9.17,-1.08,36.125,-49.125,12.4375,-0.5569458,-0.6220093,-0.3831787,-0.3951416
2d,3,Left Wrist,4392964,1779734567807,17.867409,-11.454145,10.487742,-247.54422,175.7497,196.45923,-104.052284,-39.773106,329.4943,0.0
2d,1,Left Ankle,4592968,1779734567836,0.2,9.37,-0.77,35.25,-41.25,16.875,-0.5518799,-0.6405029,-0.37420654,-0.3809204
2d,1,Left Ankle,4592984,1779734567856,1.53,11.13,-1.57,39.5625,-33.0,21.1875,-0.5484009,-0.64746094,-0.37139893,-0.37701416
2d,1,Left Ankle,4593004,1779734567857,2.61,11.15,-2.33,45.0625,-41.875,24.3125,-0.5447998,-0.65545654,-0.36791992,-0.37182617
2d,4,Right Wrist,30595921,1779734567870,17.380766,3.56042,-6.8554373,11.48504,157.5011,-70.26627,-140.5847,-40.270817,211.7732,0.0
2d,3,Left Wrist,4393024,1779734567881,17.08017,-8.365011,7.1856465,-142.82423,100.7097,216.26923,-104.01439,-39.742474,329.39783,0.0
2d,1,Left Ankle,4593024,1779734567894,-0.28,8.55,-0.28,44.0,-47.9375,27.0625,-0.54107666,-0.6641846,-0.3633423,-0.3661499
2d,2,Right Ankle,1635000,1779734567902,-3.4582796,3.2234674,2.4023938,281.67664,-96.51376,-10.852381,45.6395,71.87434,267.33118,0.0
2d,1,Left Ankle,4593045,1779734567927,-1.11,9.06,0.62,44.375,-31.375,39.5,-0.5360718,-0.67266846,-0.3585205,-0.3626709
2d,4,Right Wrist,30596011,1779734567927,12.753047,0.9977064,-6.4941206,86.24504,57.401115,-144.46628,-140.62704,-40.372185,211.84007,0.0
2d,3,Left Wrist,4393083,1779734567933,14.117854,-12.021243,6.3625154,-41.884224,98.259705,184.62923,-103.933586,-39.708523,329.29922,0.0
2d,1,Left Ankle,4593071,1779734567946,-1.67,7.61,0.33,43.0,-8.5625,48.0625,-0.52923584,-0.6801758,-0.3546753,-0.36254883
2d,1,Left Ankle,4593086,1779734567946,0.18,7.69,-0.53,42.5625,-3.8125,56.4375,-0.5210571,-0.68743896,-0.35076904,-0.36450195
2d,2,Right Ankle,1635163,1779734567961,-11.242132,-13.301365,-11.830115,282.16663,-87.83376,-40.46238,45.48753,71.98537,266.96884,0.0
2d,1,Left Ankle,4593107,1779734567983,0.43,8.75,-1.97,36.0,-9.625,63.75,-0.51330566,-0.6949463,-0.34509277,-0.3668213
2d,1,Left Ankle,4593126,1779734567983,3.04,10.96,-4.0,32.75,-13.6875,72.8125,-0.50579834,-0.7026367,-0.33776855,-0.36932373
2d,3,Left Wrist,4393144,1779734567988,11.507286,-11.21247,2.4095724,-47.904224,139.3497,200.65923,-103.83846,-39.672493,329.17847,0.0
2d,1,Left Ankle,4593151,1779734568005,2.7,11.61,-3.77,31.75,-9.25,78.0,-0.49780273,-0.7104492,-0.3295288,-0.37268066
2d,2,Right Ankle,1635182,1779734568013,-8.102749,-6.067863,-9.870394,96.24664,-76.49376,-5.042381,45.508026,72.04008,266.9501,0.0
2d,1,Left Ankle,4593170,1779734568041,1.29,9.1,-1.43,30.5,-4.125,87.5,-0.48895264,-0.71795654,-0.32080078,-0.37750244
2d,4,Right Wrist,30596072,1779734568042,7.498408,-2.105784,-4.773681,171.15504,-21.418888,-162.31627,-140.65475,-40.463905,211.93373,0.0
2d,1,Left Ankle,4593187,1779734568066,1.88,9.64,-1.44,25.6875,-26.5625,95.1875,-0.48059082,-0.7263794,-0.30969238,-0.38153076
2d,1,Left Ankle,4593213,1779734568069,0.94,11.31,-1.58,24.5625,-38.5,97.0,-0.4696045,-0.74035645,-0.28961182,-0.38397217
2d,2,Right Ankle,1635239,1779734568079,-9.213019,4.6519823,0.93798643,-59.643364,-84.33376,-39.69238,45.610756,72.00488,267.05817,0.0
2d,3,Left Wrist,4393204,1779734568088,6.362717,-15.677477,1.0480564,16.215776,172.17969,201.35922,-103.71656,-39.577793,329.04645,0.0
2d,1,Left Ankle,4593228,1779734568097,-0.88,10.86,-0.65,24.6875,-51.375,90.25,-0.46636963,-0.7451782,-0.28271484,-0.38372803
2d,1,Left Ankle,4593253,1779734568137,-0.83,13.55,0.3,19.625,-73.3125,72.1875,-0.46063232,-0.7593384,-0.26239014,-0.37731934
2d,1,Left Ankle,4593274,1779734568137,3.55,13.4,0.89,7.375,-75.9375,45.3125,-0.46038818,-0.7630615,-0.2567749,-0.37402344
2d,3,Left Wrist,4393264,1779734568138,4.1254277,-18.405294,-2.8666015,-21.654224,137.94969,230.12923,-103.65308,-39.440144,328.9505,0.0
2d,1,Left Ankle,4593293,1779734568156,6.09,9.11,-3.88,-14.5625,-42.8125,16.375,-0.46453857,-0.76690674,-0.24676514,-0.36761475
2d,2,Right Ankle,1635299,1779734568168,-11.644126,4.3504868,1.0097711,-11.063362,-59.41376,30.30762,45.7907,71.98185,267.23068,0.0
2d,1,Left Ankle,4593313,1779734568186,0.23,6.99,5.29,-30.0625,-36.5625,9.9375,-0.4701538,-0.7659912,-0.24169922,-0.36572266
2d,1,Left Ankle,4593328,1779734568186,3.98,10.5,-0.92,-42.5,-26.75,-24.6875,-0.47424316,-0.76464844,-0.24090576,-0.3638916
2d,4,Right Wrist,30596235,1779734568189,-5.3127646,1.0192425,-3.2997024,55.86504,-78.60889,-27.706272,-140.65517,-40.473114,212.0585,0.0
2d,3,Left Wrist,4393354,1779734568198,5.4295163,-10.468302,-5.4891353,-1.8442236,78.6597,248.53923,-103.67268,-39.314228,328.92612,0.0
2d,1,Left Ankle,4593352,1779734568220,-0.29,8.72,4.08,-58.5,-46.375,-37.5625,-0.4920044,-0.7593384,-0.23840332,-0.3529663
2d,1,Left Ankle,4593373,1779734568246,8.01,6.57,-4.64,-59.0625,-69.1875,-73.4375,-0.50634766,-0.756897,-0.23724365,-0.33825684
2d,1,Left Ankle,4593388,1779734568246,9.87,5.65,-5.01,-45.4375,-135.1875,-56.3125,-0.51361084,-0.7576904,-0.23358154,-0.32800293
2d,2,Right Ankle,1635359,1779734568262,-4.9250803,4.063348,-1.105484,-22.823362,-42.61376,-23.732382,45.958805,71.96742,267.39304,0.0
2d,3,Left Wrist,4393414,1779734568262,7.0638137,-6.7713914,-3.9577286,9.355777,53.5297,207.51923,-103.71516,-39.266384,328.9278,0.0
2d,1,Left Ankle,4593413,1779734568276,4.82,6.0,0.54,-49.125,-189.9375,-23.3125,-0.53637695,-0.76416016,-0.20977783,-0.2904663
2d,4,Right Wrist,30596358,1779734568279,-9.536097,-1.7372897,-2.1367908,109.90504,-15.888887,-42.266273,-140.66031,-40.39856,212.12491,0.0
2d,1,Left Ankle,4593429,1779734568315,5.95,7.04,1.17,-61.875,-215.4375,-17.9375,-0.5444946,-0.7661743,-0.19958496,-0.27679443
2d,1,Left Ankle,4593453,1779734568315,3.29,5.62,-3.0,-37.625,-120.75,3.4375,-0.5588379,-0.76916504,-0.17767334,-0.25390625
2d,1,Left Ankle,4593474,1779734568337,4.07,5.62,-0.92,-41.375,-76.8125,36.875,-0.56518555,-0.76971436,-0.16394043,-0.24725342
2d,4,Right Wrist,30596402,1779734568339,-8.485647,-1.0026929,-2.8043883,108.505035,-3.288888,-24.906271,-140.63461,-40.366413,212.13852,0.0
2d,1,Left Ankle,4593495,1779734568366,2.79,8.6,-2.16,-47.0,-76.25,37.5,-0.57177734,-0.76934814,-0.1494751,-0.24267578
2d,2,Right Ankle,1635449,1779734568380,-8.528671,2.6539755,0.16749758,-10.223362,-13.84376,-49.70238,46.080975,71.99871,267.50778,0.0
2d,1,Left Ankle,4593518,1779734568404,-20.75,19.54,-29.62,32.625,-126.5625,-25.1875,-0.5733032,-0.77459717,-0.13934326,-0.22772217
2d,1,Left Ankle,4593535,1779734568405,7.34,5.5,-3.28,-5.1875,-73.875,-85.0,-0.5774536,-0.77752686,-0.14154053,-0.20495605
2d,1,Left Ankle,4593558,1779734568437,5.97,3.1,-5.03,-1.0,-16.0,-48.625,-0.57977295,-0.77667236,-0.14819336,-0.19671631
2d,2,Right Ankle,1635643,1779734568437,-9.483407,1.6035262,-0.6173482,-21.843363,4.9862404,5.4576187,46.272488,72.10116,267.6898,0.0
2d,3,Left Wrist,4393474,1779734568448,8.23869,-5.220842,-3.0484562,17.125776,33.929703,120.36922,-103.743,-39.290905,328.9326,0.0
2d,1,Left Ankle,4593581,1779734568465,-8.95,12.05,-5.46,-24.4375,-18.6875,14.3125,-0.5827637,-0.7756958,-0.1437378,-0.19494629
2d,1,Left Ankle,4593597,1779734568465,2.13,8.51,-0.81,-18.0625,23.6875,-34.6875,-0.58569336,-0.7727051,-0.1482544,-0.19470215
2d,1,Left Ankle,4593620,1779734568496,1.29,10.16,-7.66,-33.6875,70.6875,-15.3125,-0.5886841,-0.7670288,-0.15655518,-0.20159912
2d,1,Left Ankle,4593636,1779734568497,2.44,10.53,0.03,-24.0,78.625,-16.0625,-0.59002686,-0.76116943,-0.16607666,-0.21191406
2d,4,Right Wrist,30596492,1779734568497,-2.204488,-4.8001027,-3.0173495,120.19504,26.251112,-3.7662718,-140.56221,-40.31656,212.11517,0.0
2d,3,Left Wrist,4393637,1779734568506,3.823932,-6.5440736,-4.462614,44.145775,-33.6903,-1.9207802,-103.85891,-39.27501,329.02643,0.0
2d,1,Left Ankle,4593661,1779734568521,1.31,9.02,1.59,-20.4375,50.8125,-21.0,-0.5916748,-0.7562866,-0.1741333,-0.21813965
2d,2,Right Ankle,1635662,1779734568522,-9.090984,1.8810937,-0.19621146,-18.903362,7.2962403,5.737619,46.398693,72.14397,267.81717,0.0
2d,1,Left Ankle,4593677,1779734568554,1.03,9.71,0.5,-19.1875,8.4375,-22.9375,-0.59454346,-0.7529907,-0.17797852,-0.21881104
2d,4,Right Wrist,30596685,1779734568554,7.25434,-0.58873457,-5.474778,-49.97496,64.751114,35.713726,-140.5702,-40.31191,212.07166,0.0
2d,3,Left Wrist,4393713,1779734568563,1.4287165,-11.260327,-3.5988052,-16.824223,-57.070297,-29.010777,-103.89464,-39.205223,329.06216,0.0
2d,1,Left Ankle,4593702,1779734568576,1.06,9.89,-1.11,-15.8125,3.8125,-24.0625,-0.59869385,-0.7492676,-0.18231201,-0.2166748
2d,1,Left Ankle,4593725,1779734568606,-0.49,9.02,-2.77,-14.5625,7.5,-19.1875,-0.5998535,-0.7481079,-0.18365479,-0.21636963
2d,1,Left Ankle,4593743,1779734568607,1.9,8.96,-3.33,-17.0,0.5,-20.6875,-0.6039429,-0.7444458,-0.18688965,-0.21472168
2d,4,Right Wrist,30596704,1779734568609,65.74928,-13.938292,-5.1014977,-39.26496,-29.25889,54.96373,-140.56543,-40.340244,212.05333,0.0
2d,2,Right Ankle,1635719,1779734568623,-10.464465,2.2208745,-0.5814559,-4.9033623,20.45624,7.487619,46.547092,72.18838,267.96222,0.0
2d,3,Left Wrist,4393774,1779734568623,2.3619175,-11.327326,-2.5962124,-28.724224,-64.210304,-42.10078,-103.921776,-39.139652,329.09256,0.0
2d,1,Left Ankle,4593764,1779734568639,0.61,9.36,-3.57,-18.4375,-3.375,-12.9375,-0.6054077,-0.74334717,-0.18719482,-0.21417236
2d,1,Left Ankle,4593782,1779734568639,1.29,9.12,-1.64,-16.4375,-7.75,-18.8125,-0.6083374,-0.741333,-0.18798828,-0.2121582
2d,1,Left Ankle,4593803,1779734568665,0.98,10.24,-0.95,-16.0,-18.75,-23.125,-0.61169434,-0.739563,-0.18835449,-0.20819092
2d,2,Right Ankle,1635809,1779734568680,-9.074235,1.270924,-0.46181476,-1.7533622,30.25624,3.007619,46.66532,72.24619,268.07794,0.0
2d,3,Left Wrist,4393833,1779734568680,-0.035690907,-6.6972136,0.91166544,54.155777,-69.3203,-39.160778,-103.8856,-39.09864,329.10245,0.0
2d,1,Left Ankle,4593823,1779734568706,-0.27,10.11,-0.58,-14.375,-15.375,-28.8125,-0.6166382,-0.73706055,-0.18939209,-0.20159912
2d,4,Right Wrist,30596761,1779734568707,-7.1384883,2.2300107,-7.929814,10.43504,17.431112,-15.736271,-140.6067,-40.30574,212.08267,0.0
2d,1,Left Ankle,4593843,1779734568707,-1.22,8.33,-1.14,-15.0625,-5.8125,-31.9375,-0.61932373,-0.734375,-0.19354248,-0.19921875
2d,1,Left Ankle,4593864,1779734568726,0.14,6.94,-2.01,-15.0625,-6.875,-36.75,-0.6225586,-0.73187256,-0.19677734,-0.19519043
2d,2,Right Ankle,1635899,1779734568738,-6.487593,3.0679336,-2.4215367,29.536636,9.18624,-4.202381,46.8727,72.271164,268.26605,0.0
2d,3,Left Wrist,4393894,1779734568738,0.60558575,-9.35564,1.0097711,110.575775,-27.740301,-18.230778,-103.815636,-39.053036,329.0912,0.0
2d,1,Left Ankle,4593883,1779734568757,3.44,8.8,-2.83,-16.0625,-21.75,-29.0625,-0.6257324,-0.729187,-0.20050049,-0.19128418
2d,1,Left Ankle,4593904,1779734568757,-0.27,12.51,-0.65,-19.25,-27.0,-29.375,-0.62976074,-0.72717285,-0.20019531,-0.18597412
2d,4,Right Wrist,30596822,1779734568759,-0.718545,-4.7546387,-5.9557357,34.72504,-14.628889,0.36372805,-140.59914,-40.22702,212.08803,0.0
2d,1,Left Ankle,4593929,1779734568787,-1.34,8.63,-1.64,-20.25,-16.625,-38.0625,-0.63409424,-0.7243042,-0.20214844,-0.18023682
2d,2,Right Ankle,1635959,1779734568795,-6.45888,1.3594583,-3.8644085,6.296638,-3.5537596,-16.592382,47.010006,72.3176,268.39328,0.0
2d,3,Left Wrist,4393954,1779734568806,0.29451895,-11.140686,0.33738798,-44.12422,21.1197,63.24922,-103.7878,-38.97696,329.0543,0.0
2d,1,Left Ankle,4593950,1779734568820,0.62,9.01,-1.14,-10.375,-10.4375,-24.9375,-0.6369629,-0.7223511,-0.20367432,-0.17596436
2d,4,Right Wrist,30596912,1779734568829,-1.3765712,-3.9913282,-5.74756,-11.75496,4.3411117,-14.616272,-140.61552,-40.157722,212.09824,0.0
2d,1,Left Ankle,4593973,1779734568858,-1.73,8.86,-1.29,-5.6875,-14.4375,-7.1875,-0.63861084,-0.7215576,-0.20373535,-0.17321777
2d,1,Left Ankle,4593989,1779734568858,-1.08,9.52,-1.17,-0.625,-21.1875,10.4375,-0.6394043,-0.72216797,-0.20050049,-0.17144775
2d,3,Left Wrist,4394014,1779734568859,-0.0069768536,-11.600107,-0.42113677,-87.52423,19.089699,79.48923,-103.78168,-38.88991,329.02106,0.0
2d,1,Left Ankle,4594014,1779734568876,-1.44,10.28,-1.53,-0.5,-16.4375,37.3125,-0.63897705,-0.72436523,-0.19232178,-0.1730957
2d,2,Right Ankle,1636019,1779734568883,-12.85968,1.0771054,-2.1128623,-18.553362,-6.6337595,-23.52238,47.070427,72.37601,268.4548,0.0
2d,1,Left Ankle,4594033,1779734568905,-0.7,10.52,-1.35,-0.8125,-13.1875,41.3125,-0.6381836,-0.7260132,-0.18566895,-0.17645264
2d,3,Left Wrist,4394074,1779734568922,1.1463637,-13.535901,-1.564906,-75.83423,10.6196995,67.09922,-103.78129,-38.80042,328.99704,0.0
2d,1,Left Ankle,4594058,1779734568945,0.03,10.17,-1.39,-1.4375,-11.75,51.6875,-0.63720703,-0.7279053,-0.17755127,-0.18060303
2d,1,Left Ankle,4594075,1779734568946,0.54,9.76,-1.54,-1.4375,-18.75,66.9375,-0.6359863,-0.7301636,-0.16766357,-0.1852417
2d,2,Right Ankle,1636109,1779734568946,-12.417008,-1.7679609,2.7206395,-47.18336,5.89624,-50.75238,46.847504,72.44298,268.2548,0.0
2d,4,Right Wrist,30596971,1779734568946,2.2006986,-6.652147,-7.91785,-145.38496,-30.938887,24.51373,-140.66414,-40.068615,212.09702,0.0
2d,1,Left Ankle,4594092,1779734568973,0.52,10.25,-1.5,-0.8125,-17.875,69.0,-0.6342163,-0.73254395,-0.15740967,-0.19055176
2d,1,Left Ankle,4594122,1779734568997,1.28,10.21,-1.01,4.5,-11.625,63.6875,-0.631958,-0.7350464,-0.14813232,-0.19592285
2d,1,Left Ankle,4594132,1779734568998,1.9,9.28,-1.39,5.0625,-13.1875,58.3125,-0.6308594,-0.7362671,-0.14385986,-0.19812012
2d,4,Right Wrist,30597135,1779734568999,1.1933203,-4.8048882,-4.429115,-33.66496,-136.6389,-133.96628,-140.92299,-40.011158,212.27666,0.0
2d,2,Right Ankle,1636169,1779734569012,-7.9304657,3.790566,1.9836501,103.17664,-34.28376,-10.222382,46.99533,72.377556,268.358,0.0
2d,3,Left Wrist,4394134,1779734569012,3.2041912,-8.721541,-0.94037926,-76.464226,31.4097,44.34922,-103.763695,-38.723217,328.95813,0.0
2d,1,Left Ankle,4594153,1779734569027,2.07,9.25,-1.31,4.6875,-27.4375,38.75,-0.62835693,-0.7399292,-0.13153076,-0.2008667
2d,1,Left Ankle,4594173,1779734569027,1.79,9.31,-2.31,5.0,-21.25,25.0625,-0.62731934,-0.7418213,-0.12567139,-0.20080566
2d,2,Right Ankle,1636229,1779734569064,-7.471044,2.4266572,1.942972,152.73665,-46.60376,87.14761,47.149696,72.278046,268.45694,0.0
2d,1,Left Ankle,4594196,1779734569064,1.94,9.5,-1.66,9.75,-10.25,8.1875,-0.62609863,-0.74334717,-0.12310791,-0.2006836
2d,4,Right Wrist,30597154,1779734569064,1.1646065,-5.8912296,-3.400201,-40.38496,-137.54889,-120.596275,-140.9363,-39.94647,212.32436,0.0
2d,3,Left Wrist,4394194,1779734569068,6.6666055,-7.7883415,0.43070808,-5.8342233,46.9497,2.6992226,-103.689766,-38.737713,328.89798,0.0
2d,1,Left Ankle,4594214,1779734569087,2.69,9.18,-1.05,15.6875,-24.8125,-18.3125,-0.62524414,-0.7453613,-0.122802734,-0.19610596
2d,1,Left Ankle,4594236,1779734569123,2.4,9.2,-0.68,19.25,-25.3125,-25.4375,-0.6246948,-0.746521,-0.123413086,-0.19299316
2d,1,Left Ankle,4594259,1779734569124,1.67,9.31,-0.05,24.8125,-16.25,-42.4375,-0.62280273,-0.7501221,-0.12823486,-0.18157959
2d,2,Right Ankle,1636290,1779734569124,-3.7980604,-4.9839144,-2.091327,104.716644,-48.98376,79.867615,47.13384,72.31719,268.40897,0.0
2d,3,Left Wrist,4394284,1779734569128,4.4676013,-10.724335,0.62452674,-113.07423,39.9497,11.029221,-103.66332,-38.697586,328.84546,0.0
2d,1,Left Ankle,4594276,1779734569148,0.26,10.65,-0.72,26.25,3.0,-42.8125,-0.6208496,-0.7518921,-0.13439941,-0.17633057
2d,1,Left Ankle,4594297,1779734569148,0.38,10.51,-0.44,24.8125,3.25,-40.0625,-0.6187134,-0.75335693,-0.14147949,-0.17224121
2d,4,Right Wrist,30597211,1779734569149,-1.8192433,-8.116555,-2.6656044,-69.29496,-117.66889,-75.79627,-140.95496,-39.886982,212.3564,0.0
2d,1,Left Ankle,4594321,1779734569185,-2.78,9.01,-3.5,32.6875,-6.8125,-19.1875,-0.6156616,-0.7559204,-0.1453247,-0.16864014
2d,2,Right Ankle,1636349,1779734569193,-11.63934,-14.272851,-26.97668,69.576645,84.43624,-58.87238,47.259148,72.423744,268.50757,0.0
2d,3,Left Wrist,4394344,1779734569202,3.2999039,-9.058929,-2.9431717,-81.50423,9.7097,97.33922,-103.702774,-38.592144,328.84348,0.0
2d,1,Left Ankle,4594337,1779734569212,-0.05,9.45,-2.73,34.75,4.3125,1.8125,-0.61102295,-0.75927734,-0.14770508,-0.16827393
2d,4,Right Wrist,30597301,1779734569212,-9.493026,-6.558827,-0.37088752,27.16504,-78.25889,-65.01627,-140.95424,-39.84758,212.38878,0.0
2d,1,Left Ankle,4594377,1779734569248,2.48,10.32,-4.0,39.125,34.125,11.875,-0.59954834,-0.7657471,-0.15209961,-0.17614746
2d,1,Left Ankle,4594363,1779734569248,0.27,11.56,-2.03,34.75,26.625,15.5,-0.60272217,-0.7640991,-0.1505127,-0.17388916
2d,2,Right Ankle,1636409,1779734569248,0.044812445,10.806323,-8.6141615,-10.783361,-36.383762,39.82762,47.501144,72.393906,268.74188,0.0
2d,3,Left Wrist,4394404,1779734569249,-2.6941164,-10.406089,-6.6089764,26.365776,-35.8603,141.85922,-103.73128,-38.47163,328.8673,0.0
2d,1,Left Ankle,4594401,1779734569269,2.64,10.56,-4.54,37.0,19.5625,22.3125,-0.5934448,-0.7692871,-0.15350342,-0.18029785
2d,4,Right Wrist,30597362,1779734569269,-14.2355995,-4.3741803,2.0865414,21.285042,-48.22889,-41.77627,-140.95242,-39.81958,212.40923,0.0
2d,1,Left Ankle,4594425,1779734569296,2.82,11.72,-5.31,36.6875,-1.8125,38.3125,-0.58740234,-0.7738037,-0.15026855,-0.18334961
2d,1,Left Ankle,4594439,1779734569296,3.37,11.46,-5.63,28.1875,-40.8125,27.3125,-0.58325195,-0.7784424,-0.14428711,-0.18170166
2d,2,Right Ankle,1636469,1779734569302,-7.928073,2.0773053,1.765903,5.8066382,-37.36376,-0.4923811,47.58225,72.31978,268.8143,0.0
2d,3,Left Wrist,4394464,1779734569310,-2.4165492,-8.039588,-10.389636,0.3257764,-29.6303,190.85922,-103.794075,-38.350876,328.90186,0.0
2d,1,Left Ankle,4594463,1779734569335,2.06,10.03,-4.05,7.5,-66.875,30.5,-0.5819092,-0.7843628,-0.12884521,-0.171875
2d,4,Right Wrist,30597421,1779734569335,-13.055939,-6.168797,1.6271194,41.09504,-20.508888,-60.18627,-140.93848,-39.801044,212.42549,0.0
2d,1,Left Ankle,4594480,1779734569366,0.19,9.06,-2.26,4.25,-74.5,30.3125,-0.5819702,-0.78601074,-0.12322998,-0.16833496
2d,2,Right Ankle,1636529,1779734569367,-9.294374,2.673118,0.8303095,-25.973362,-13.70376,-20.792381,47.725887,72.34055,268.95724,0.0
2d,1,Left Ankle,4594504,1779734569366,-1.06,7.85,-0.14,-7.9375,-59.3125,36.4375,-0.58325195,-0.7892456,-0.105773926,-0.16046143
2d,3,Left Wrist,4394524,1779734569368,3.7665045,-7.7572346,-9.066405,0.11577642,26.1597,187.49922,-103.852066,-38.262787,328.91867,0.0
2d,1,Left Ankle,4594524,1779734569390,-3.13,7.45,0.38,-13.6875,-49.625,34.5625,-0.58483887,-0.79003906,-0.09552002,-0.15716553
2d,4,Right Wrist,30597482,1779734569390,-9.052746,-7.314959,2.5268207,15.89504,-6.788889,-55.00627,-140.92078,-39.787704,212.43033,0.0
2d,1,Left Ankle,4594541,1779734569416,-5.93,8.19,0.83,-14.5625,-35.125,33.875,-0.5856323,-0.79003906,-0.091308594,-0.15661621
2d,1,Left Ankle,4594564,1779734569417,-2.37,6.37,4.75,-37.0,-57.4375,18.25,-0.59051514,-0.7883911,-0.07946777,-0.15289307
2d,2,Right Ankle,1636589,1779734569431,-9.306339,2.1323402,0.55513483,17.356638,-10.55376,-33.60238,47.832436,72.38488,269.0498,0.0
2d,3,Left Wrist,4394583,1779734569431,8.868002,-5.883654,-4.9028935,-39.78422,13.489698,117.91922,-103.923294,-38.26739,328.94284,0.0
2d,1,Left Ankle,4594583,1779734569445,-5.64,6.23,1.25,-23.125,-5.25,-9.25,-0.5953369,-0.78601074,-0.074645996,-0.14898682
2d,4,Right Wrist,30597541,1779734569457,-5.621439,-8.489835,2.3258235,-23.514961,2.1011114,-26.796272,-140.89929,-39.77194,212.41655,0.0
2d,1,Left Ankle,4594607,1779734569480,-4.87,7.93,-0.93,-12.1875,68.4375,-35.25,-0.5975342,-0.78289795,-0.083740234,-0.15167236
2d,2,Right Ankle,1636649,1779734569483,-8.57892,1.0388203,0.45224345,-8.753363,6.8762403,-27.792381,47.860207,72.453606,269.07776,0.0
2d,1,Left Ankle,4594628,1779734569506,-3.85,7.58,-1.42,15.125,172.3125,-41.1875,-0.5950928,-0.77911377,-0.103759766,-0.16748047
2d,1,Left Ankle,4594645,1779734569508,2.31,6.3,-2.08,25.625,202.9375,-42.0,-0.58917236,-0.7746582,-0.13043213,-0.18920898
2d,4,Right Wrist,30597601,1779734569509,-2.0106692,-8.585547,1.6965113,-8.39496,16.661112,13.243729,-140.85052,-39.754616,212.37791,0.0
2d,1,Left Ankle,4594669,1779734569536,3.53,6.87,-2.71,16.4375,130.3125,-51.3125,-0.58447266,-0.7703247,-0.15252686,-0.2041626
2d,2,Right Ankle,1636709,1779734569549,-8.9258795,0.08647678,0.86141616,-5.183362,6.1762404,3.007619,47.80114,72.52363,269.02383,0.0
2d,3,Left Wrist,4394748,1779734569549,5.130413,-4.1919284,-4.6037908,86.84577,-20.250301,-37.550777,-103.98914,-38.350246,329.02454,0.0
2d,1,Left Ankle,4594690,1779734569573,2.69,4.36,3.4,-4.0,21.3125,-61.8125,-0.585083,-0.7672119,-0.1651001,-0.20446777
2d,1,Left Ankle,4594709,1779734569573,22.23,6.19,-7.51,-32.625,-56.0,-81.375,-0.59198,-0.7642212,-0.1694336,-0.1920166
2d,4,Right Wrist,30597662,1779734569573,-1.6541387,-8.135697,1.5481563,5.8150396,31.641111,67.70373,-140.78098,-39.72965,212.31528,0.0
2d,1,Left Ankle,4594728,1779734569599,9.34,26.47,-12.83,114.6875,-6.0625,11.25,-0.58184814,-0.77124023,-0.17687988,-0.18811035
2d,2,Right Ankle,1636769,1779734569603,-8.940237,0.3305447,0.5742774,-2.033362,-1.4537598,27.22762,47.79738,72.58433,269.02274,0.0
2d,3,Left Wrist,4394767,1779734569608,3.919645,-5.1682,-5.3766727,87.685776,-14.650301,-37.06078,-104.04308,-38.348488,329.08334,0.0
2d,1,Left Ankle,4594753,1779734569633,-5.08,25.97,4.53,-59.6875,-59.0,-143.375,-0.58758545,-0.7701416,-0.17102051,-0.18011475
2d,1,Left Ankle,4594773,1779734569633,1.76,-1.86,-1.23,-68.3125,-100.375,-150.75,-0.59954834,-0.7635498,-0.17602539,-0.1630249
2d,4,Right Wrist,30597721,1779734569633,-6.9159555,-6.4535427,3.842873,-20.99496,0.0011119843,127.13373,-140.73117,-39.683716,212.25232,0.0
2d,1,Left Ankle,4594788,1779734569656,-9.33,7.89,-6.25,-10.125,104.3125,43.5,-0.59814453,-0.7623291,-0.17779541,-0.1716919
2d,2,Right Ankle,1636829,1779734569675,-9.500157,2.6946535,0.9236295,-8.263362,13.59624,28.627619,48.01127,72.59694,269.23264,0.0
2d,1,Left Ankle,4594813,1779734569687,6.72,8.94,-3.6,-17.6875,26.5,-48.4375,-0.5984497,-0.7581787,-0.18707275,-0.17889404
2d,1,Left Ankle,4594828,1779734569695,-1.4,12.25,-2.55,-41.75,19.625,30.4375,-0.602417,-0.75457764,-0.18560791,-0.18237305
2d,4,Right Wrist,30597782,1779734569695,-15.420047,-1.2515461,0.76331043,-80.91496,-0.83888817,87.02373,-140.73622,-39.639828,212.21951,0.0
2d,3,Left Wrist,4394824,1779734569699,-1.4546348,-12.22224,-11.093125,74.73577,-6.8803005,-16.83078,-104.07797,-38.294212,329.12408,0.0
2d,1,Left Ankle,4594855,1779734569720,-0.55,10.13,-2.53,-48.75,24.0,8.1875,-0.6094971,-0.7463989,-0.18560791,-0.19238281
2d,2,Right Ankle,1636889,1779734569723,-9.662869,2.5702267,0.27996024,20.576637,11.286241,4.057619,48.193615,72.62699,269.40097,0.0
2d,1,Left Ankle,4594893,1779734569761,2.52,10.25,-0.83,-22.625,40.4375,15.125,-0.61346436,-0.7392578,-0.18640137,-0.20587158
2d,4,Right Wrist,30597841,1779734569761,-14.254743,2.328117,-2.0697916,-24.84496,24.851112,-16.436272,-140.75351,-39.624302,212.2242,0.0
2d,3,Left Wrist,4394914,1779734569761,-1.2871372,-11.277077,-6.5300126,25.595776,-54.6203,52.81922,-104.11655,-38.20169,329.1645,0.0
2d,1,Left Ankle,4594873,1779734569761,-0.84,9.1,0.12,-29.625,42.5,16.5,-0.61224365,-0.74194336,-0.18634033,-0.1998291
2d,1,Left Ankle,4594913,1779734569779,1.42,9.72,-0.76,-20.5625,4.6875,22.75,-0.6154785,-0.73791504,-0.18218994,-0.20843506
2d,2,Right Ankle,1636949,1779734569791,-10.777925,1.7327387,0.5910272,7.9066377,27.45624,-22.332382,48.282406,72.69263,269.48367,0.0
2d,1,Left Ankle,4594930,1779734569817,0.71,9.2,-1.57,-21.8125,-33.3125,20.4375,-0.6170044,-0.73773193,-0.17877197,-0.20770264
2d,1,Left Ankle,4594953,1779734569817,-0.14,9.85,-0.45,-7.75,-16.5625,21.5,-0.6196289,-0.7383423,-0.16925049,-0.20562744
2d,4,Right Wrist,30597902,1779734569817,-7.5572324,-2.146462,-2.928815,-11.89496,62.651115,-69.56628,-140.76303,-39.615303,212.23145,0.0
2d,1,Left Ankle,4594975,1779734569844,0.05,10.41,-0.9,-0.3125,8.0,17.9375,-0.61901855,-0.73864746,-0.16693115,-0.20812988
2d,2,Right Ankle,1637009,1779734569844,-11.4024515,-3.194083,1.4500505,-6.723362,39.986237,-22.332382,48.15459,72.770035,269.36542,0.0
2d,1,Left Ankle,4594995,1779734569876,2.32,9.07,-1.84,0.125,10.75,12.625,-0.61828613,-0.73864746,-0.16644287,-0.2107544
2d,1,Left Ankle,4595014,1779734569876,1.16,10.05,-0.33,-2.1875,-7.125,15.25,-0.61798096,-0.73895264,-0.1642456,-0.21209717
2d,4,Right Wrist,30597961,1779734569876,-2.4174492,-4.5727844,-1.6079768,32.835037,41.861115,-48.98627,-140.72166,-39.591824,212.21548,0.0
2d,3,Left Wrist,4394974,1779734569886,1.9288164,-7.6328073,-2.1559331,50.025776,-36.630302,46.589222,-104.11219,-38.107403,329.17923,0.0
2d,1,Left Ankle,4595038,1779734569895,1.76,10.32,-1.45,0.4375,-11.5625,-8.0625,-0.61865234,-0.7393799,-0.16271973,-0.21002197
2d,2,Right Ankle,1637069,1779734569904,-4.9633656,2.3429084,1.5409777,1.9566379,-4.60376,-20.722382,48.213203,72.7091,269.41895,0.0
2d,1,Left Ankle,4595060,1779734569936,3.39,9.95,-2.91,9.9375,3.8125,-23.125,-0.61846924,-0.739563,-0.16552734,-0.20776367
2d,1,Left Ankle,4595074,1779734569936,3.13,12.93,-1.51,26.375,27.0,-31.3125,-0.616333,-0.74017334,-0.17218018,-0.20648193
2d,4,Right Wrist,30598021,1779734569936,-1.2018951,-3.3787658,-1.2801601,24.785042,11.621112,-1.9462721,-140.67334,-39.54797,212.18863,0.0
2d,3,Left Wrist,4395137,1779734569946,6.013365,-6.8766756,1.9573289,42.185776,68.439705,-75.91078,-103.97607,-38.10178,329.09433,0.0
2d,1,Left Ankle,4595099,1779734569958,4.11,13.86,-4.57,28.0625,5.375,-60.1875,-0.6141968,-0.7411499,-0.18066406,-0.2020874
2d,2,Right Ankle,1637129,1779734569962,-4.3890877,-5.1585903,1.9525433,-65.24336,-19.79376,-77.772385,47.9474,72.76254,269.17993,0.0
2d,1,Left Ankle,4595114,1779734569986,5.75,18.12,-7.69,39.875,6.125,-83.75,-0.6124878,-0.7421875,-0.19189453,-0.19281006
2d,1,Left Ankle,4595136,1779734569988,13.38,21.84,-15.57,72.0,-8.3125,-106.6875,-0.6077881,-0.7449341,-0.20690918,-0.18115234
2d,3,Left Wrist,4395156,1779734570010,6.4919295,-6.6732855,1.5864414,58.705776,73.4097,-82.91078,-103.88414,-38.15533,329.03616,0.0
2d,1,Left Ankle,4595161,1779734570022,13.52,16.65,-15.76,89.5625,-136.25,-125.9375,-0.60406494,-0.7522583,-0.21429443,-0.15252686
2d,2,Right Ankle,1637189,1779734570023,-2.9677513,-12.581126,1.4883357,-244.65337,48.03624,37.37762,47.79016,72.80258,269.11765,0.0
2d,1,Left Ankle,4595176,1779734570050,5.23,4.6,-12.35,93.875,-246.25,-132.0,-0.6033325,-0.76171875,-0.21099854,-0.10614014
2d,3,Left Wrist,4395214,1779734570059,3.8885384,-6.273684,0.16749758,73.19577,70.329704,-86.340775,-103.7822,-38.170166,328.97592,0.0
2d,1,Left Ankle,4595201,1779734570076,6.19,-0.52,-11.71,105.0,-282.3125,-76.0,-0.6008911,-0.77282715,-0.19580078,-0.05822754
2d,1,Left Ankle,4595222,1779734570077,0.48,-2.03,1.11,130.125,-339.8125,-33.625,-0.59484863,-0.78570557,-0.1696167,-0.006652832
2d,4,Right Wrist,30598082,1779734570078,-1.1013967,-2.5987055,-1.5242281,-3.98496,-3.918888,21.713728,-140.64177,-39.485645,212.1638,0.0
2d,2,Right Ankle,1637250,1779734570093,-8.18889,7.0902686,-0.19381864,120.81664,-33.653763,4.477619,48.032825,72.75978,269.3069,0.0
2d,1,Left Ankle,4595236,1779734570115,-7.76,1.82,5.8,137.8125,-313.9375,-9.3125,-0.5852051,-0.7979126,-0.13806152,0.0423584
2d,3,Left Wrist,4395274,1779734570120,-4.031705,-12.365811,-9.645469,116.45577,44.009697,2.41922,-103.774925,-38.10642,328.98465,0.0
2d,1,Left Ankle,4595261,1779734570142,-5.93,0.66,6.66,159.6875,-109.125,36.9375,-0.5679321,-0.81207275,-0.116882324,0.06530762
2d,1,Left Ankle,4595278,1779734570143,-1.23,-1.39,8.31,132.5,47.0625,49.875,-0.548584,-0.82647705,-0.11029053,0.061645508
2d,4,Right Wrist,30598245,1779734570143,14.741482,-4.3215375,0.29671,280.49503,-7.628889,315.0837,-140.40204,-39.368835,212.0154,0.0
2d,2,Right Ankle,1637309,1779734570143,-9.208233,1.2374244,-0.7130611,-5.1133623,-12.44376,-2.3123813,48.11975,72.80813,269.39053,0.0
2d,1,Left Ankle,4595304,1779734570167,-1.69,3.63,11.21,110.375,196.5625,110.8125,-0.53015137,-0.84002686,-0.11047363,0.03289795
2d,1,Left Ankle,4595323,1779734570199,-2.03,9.83,14.82,35.3125,300.625,133.1875,-0.5081177,-0.8519287,-0.119506836,-0.042114258
2d,1,Left Ankle,4595338,1779734570199,-6.92,13.25,16.36,-14.3125,286.125,140.0,-0.50561523,-0.8513794,-0.12164307,-0.06878662
2d,4,Right Wrist,30598291,1779734570199,19.888445,-4.4172506,5.237889,65.10504,-28.908888,594.10376,-140.2333,-39.266403,211.80429,0.0
2d,2,Right Ankle,1637369,1779734570204,-9.461872,-1.9234942,1.1772687,68.45664,1.2762402,19.597618,48.02233,72.86712,269.27603,0.0
2d,3,Left Wrist,4395333,1779734570216,-10.501897,-22.805696,-12.988241,-37.474224,115.0597,250.56923,-103.767845,-37.96145,328.9251,0.0
2d,1,Left Ankle,4595365,1779734570225,-6.78,12.1,17.04,-87.125,142.8125,38.0,-0.51586914,-0.83929443,-0.1295166,-0.11273193
2d,1,Left Ankle,4595378,1779734570260,-13.38,15.61,19.91,-78.9375,168.4375,27.375,-0.5192871,-0.8344116,-0.13409424,-0.12670898
2d,1,Left Ankle,4595401,1779734570267,-26.07,23.97,-8.86,-129.1875,331.3125,56.8125,-0.52789307,-0.81799316,-0.14904785,-0.17315674
2d,4,Right Wrist,30598351,1779734570268,20.3694,19.130518,-1.7204396,42.91504,-106.11889,776.10376,-140.10052,-39.10055,211.58693,0.0
2d,2,Right Ankle,1637429,1779734570268,-9.686797,0.9048222,1.1389836,-1.5433621,17.096241,26.037619,48.01826,72.932434,269.27576,0.0
2d,1,Left Ankle,4595423,1779734570286,29.72,10.93,-16.33,-2.4375,473.1875,-185.5,-0.5213623,-0.7831421,-0.23669434,-0.24249268
2d,1,Left Ankle,4595438,1779734570287,35.17,10.36,-38.92,-38.125,327.0625,-200.75,-0.5211792,-0.77038574,-0.26348877,-0.2559204
2d,4,Right Wrist,30598412,1779734570321,25.968605,22.31058,-3.9577286,-101.634964,-152.2489,575.6238,-140.07355,-38.968376,211.45433,0.0
2d,2,Right Ankle,1637489,1779734570323,-9.12927,1.4144933,-0.016749758,-27.933363,48.80624,21.55762,48.16427,72.98854,269.42987,0.0
2d,1,Left Ankle,4595465,1779734570351,8.8,9.25,-20.14,-25.5625,110.125,-3.25,-0.5162964,-0.7579346,-0.28375244,-0.28009033
2d,1,Left Ankle,4595483,1779734570351,5.18,0.6,-6.43,-81.0625,-261.0,-104.0625,-0.55236816,-0.75616455,-0.26452637,-0.23040771
2d,3,Left Wrist,4395498,1779734570358,38.804607,-18.75704,9.793823,137.87578,108.899704,73.11922,-103.59383,-37.805008,328.7302,0.0
2d,1,Left Ankle,4595508,1779734570382,-8.99,3.42,9.47,-87.125,-95.125,-29.4375,-0.5708618,-0.75213623,-0.2524414,-0.21148682
2d,4,Right Wrist,30598471,1779734570382,8.118149,33.24817,0.26081768,-210.83496,-112.418884,251.94373,-140.14633,-38.90214,211.4209,0.0
2d,2,Right Ankle,1637549,1779734570389,-9.751404,1.8715223,-0.9068798,3.6366382,60.776237,43.74762,48.383698,73.03348,269.64612,0.0
2d,1,Left Ankle,4595527,1779734570406,-2.76,14.66,-4.9,-133.0,72.6875,8.0625,-0.5842285,-0.73864746,-0.25152588,-0.22302246
2d,1,Left Ankle,4595548,1779734570408,-0.17,10.44,-5.91,-124.6875,134.6875,-37.3125,-0.59594727,-0.72021484,-0.26293945,-0.2387085
2d,3,Left Wrist,4395621,1779734570427,5.3912315,-17.345274,23.284555,235.24577,-519.4903,-199.18077,-103.514,-37.89071,328.90048,0.0
2d,1,Left Ankle,4595564,1779734570436,-1.67,7.4,-1.88,-109.125,184.8125,35.375,-0.60040283,-0.70214844,-0.27355957,-0.26776123
2d,2,Right Ankle,1637609,1779734570443,-13.278424,0.06972703,-5.3814583,-70.49336,95.21624,40.03762,48.577534,73.09993,269.86502,0.0
2d,1,Left Ankle,4595588,1779734570478,-1.05,14.01,6.9,-116.375,199.25,65.625,-0.6022339,-0.68408203,-0.28094482,-0.3007202
2d,1,Left Ankle,4595603,1779734570479,2.06,16.5,5.37,-138.3125,193.8125,37.8125,-0.60614014,-0.6622925,-0.28778076,-0.33337402
2d,4,Right Wrist,30598532,1779734570479,-7.20788,29.685255,3.9888353,-45.56496,90.581116,-95.11627,-140.19171,-38.955715,211.44348,0.0
2d,3,Left Wrist,4395640,1779734570479,-1.1746745,-22.310383,28.658838,218.37578,-594.7403,-147.59077,-103.5588,-37.88122,329.14374,0.0
2d,1,Left Ankle,4595624,1779734570501,-4.22,8.94,8.42,-113.875,301.5,39.5,-0.60339355,-0.635437,-0.30426025,-0.37347412
2d,2,Right Ankle,1637669,1779734570511,-11.680018,-4.100963,-7.759924,-322.98337,149.74623,39.687622,48.688984,73.19156,270.0936,0.0
2d,1,Left Ankle,4595650,1779734570534,0.56,6.02,4.83,-119.375,264.875,0.375,-0.6000366,-0.6054077,-0.32385254,-0.4105835
2d,4,Right Wrist,30598591,1779734570535,0.3582252,37.54568,26.8379,99.615036,158.34111,-310.64627,-140.20398,-39.083157,211.51036,0.0
2d,1,Left Ankle,4595664,1779734570535,3.9,-0.54,-4.92,-112.625,172.0625,-28.8125,-0.6022949,-0.57818604,-0.3381958,-0.43426514
2d,3,Left Wrist,4395694,1779734570538,-6.982054,-16.90978,28.725836,73.54578,-551.83026,51.769222,-103.634026,-37.80662,329.3502,0.0
2d,1,Left Ankle,4595684,1779734570556,0.98,3.98,-7.62,-72.1875,76.875,2.375,-0.6047363,-0.5619507,-0.34277344,-0.44830322
2d,1,Left Ankle,4595714,1779734570594,0.35,7.58,16.91,-40.125,18.25,17.3125,-0.60601807,-0.555603,-0.34106445,-0.4557495
2d,1,Left Ankle,4595728,1779734570594,9.42,39.13,-15.38,-55.1875,3.5,6.3125,-0.60809326,-0.55145264,-0.33807373,-0.46032715
2d,2,Right Ankle,1637729,1779734570594,-8.308532,-11.27943,0.32303107,-482.93338,196.43623,33.10762,48.57473,73.282974,270.16272,0.0
2d,3,Left Wrist,4395754,1779734570598,-4.5533404,-4.8714905,23.035704,-60.084225,-491.9103,149.48923,-103.73703,-37.711227,329.5226,0.0
2d,1,Left Ankle,4595744,1779734570625,-6.32,-4.67,-3.7,-62.5625,72.9375,-40.625,-0.61553955,-0.53900146,-0.33868408,-0.46466064
2d,1,Left Ankle,4595771,1779734570646,2.54,7.81,8.48,-24.625,98.5,-8.0,-0.61395264,-0.5255127,-0.34985352,-0.47381592
2d,1,Left Ankle,4595787,1779734570646,-1.47,16.73,6.17,-34.4375,63.125,53.0,-0.609375,-0.51831055,-0.3513794,-0.48632812
2d,4,Right Wrist,30598681,1779734570657,49.332123,3.1632116,78.398445,-50.04496,619.2211,-562.5062,-140.21376,-39.397636,211.51524,0.0
2d,3,Left Wrist,4395814,1779734570658,-2.7156525,-7.027424,18.75973,-66.52423,-467.1303,128.34923,-103.833984,-37.62305,329.6846,0.0
2d,1,Left Ankle,4595804,1779734570678,2.65,8.62,2.35,-20.6875,20.625,-36.9375,-0.6105957,-0.5125122,-0.35369873,-0.4892578
2d,1,Left Ankle,4595826,1779734570678,1.04,11.27,3.56,3.375,-3.125,-11.6875,-0.6119995,-0.51116943,-0.3552246,-0.48779297
2d,2,Right Ankle,1637893,1779734570692,0.5305555,13.790173,6.6520467,-4.623362,-0.40375984,67.05762,48.742004,73.16037,270.3961,0.0
2d,1,Left Ankle,4595850,1779734570706,-0.49,8.04,2.12,14.375,-21.875,-24.625,-0.61383057,-0.5125122,-0.35650635,-0.48321533
2d,4,Right Wrist,30598845,1779734570718,-18.506788,5.5703907,7.862815,449.61505,131.11111,431.35373,-139.78323,-39.647938,211.12163,0.0
2d,3,Left Wrist,4395874,1779734570719,-17.17548,-1.260721,5.6733823,-11.224223,-339.0303,-9.83078,-103.91337,-37.57278,329.8224,0.0
2d,1,Left Ankle,4595873,1779734570754,-0.13,8.73,1.29,22.9375,-21.6875,-21.3125,-0.61517334,-0.5150757,-0.35791016,-0.47766113
2d,2,Right Ankle,1637912,1779734570754,1.2531879,10.698646,2.914458,101.42664,-20.42376,38.21762,48.872684,73.09582,270.4882,0.0
2d,1,Left Ankle,4595892,1779734570772,1.26,10.33,1.29,24.125,-35.4375,-14.6875,-0.61553955,-0.5186157,-0.35876465,-0.47265625
2d,1,Left Ankle,4595912,1779734570772,-1.39,9.53,2.25,26.4375,-33.625,-10.375,-0.61602783,-0.5255127,-0.35864258,-0.46447754
2d,4,Right Wrist,30598864,1779734570772,-8.629217,-7.7289176,4.0797625,356.37503,131.8811,392.64374,-139.51965,-39.574432,210.92946,0.0
2d,3,Left Wrist,4395934,1779734570777,-9.745765,-13.521544,-4.682754,-33.064224,145.92969,11.16922,-103.89248,-37.517773,329.76266,0.0
2d,1,Left Ankle,4595927,1779734570796,5.27,8.6,3.1,28.4375,-32.125,-29.75,-0.6168823,-0.52734375,-0.359375,-0.46063232
2d,2,Right Ankle,1637969,1779734570808,-1.0295649,10.054976,-3.6131623,118.29664,-31.833761,-11.692381,49.10305,73.05862,270.66586,0.0
2d,1,Left Ankle,4595952,1779734570833,1.02,12.51,0.36,26.5625,-49.6875,-25.0,-0.6184082,-0.5316162,-0.35968018,-0.45336914
2d,1,Left Ankle,4595972,1779734570833,1.18,8.47,3.01,32.6875,-62.4375,-28.5,-0.6203613,-0.538147,-0.35784912,-0.44439697
2d,4,Right Wrist,30598921,1779734570833,12.432409,13.650952,0.7178468,-147.13496,84.42111,181.66373,-139.54338,-39.58966,210.8599,0.0
2d,3,Left Wrist,4395994,1779734570838,7.7314115,-14.361424,8.941978,-74.15423,213.75969,137.30922,-103.798676,-37.485264,329.62317,0.0
2d,1,Left Ankle,4595989,1779734570855,0.28,8.39,1.15,29.5,-73.25,-5.6875,-0.6220093,-0.545105,-0.35491943,-0.4359131
2d,1,Left Ankle,4596013,1779734570890,0.26,10.84,1.51,28.625,-74.5625,-6.0625,-0.62506104,-0.5567627,-0.34753418,-0.4225464
2d,1,Left Ankle,4596031,1779734570890,-0.73,9.54,3.55,25.125,-60.375,-0.125,-0.62561035,-0.5602417,-0.34521484,-0.4189453
2d,3,Left Wrist,4396054,1779734570898,7.3629165,-12.66252,8.059027,135.00577,211.2397,163.83922,-103.63092,-37.44522,329.48215,0.0
2d,1,Left Ankle,4596058,1779734570918,-0.59,8.38,1.54,25.5,-69.1875,17.0625,-0.6263428,-0.57147217,-0.33691406,-0.40942383
2d,4,Right Wrist,30598982,1779734570920,14.851552,9.248159,0.11485548,8.89504,64.751114,26.683727,-139.54619,-39.641396,210.8469,0.0
2d,2,Right Ankle,1638029,1779734570923,-5.231362,5.1018333,-7.9752774,90.716644,-36.80376,-44.94238,49.30072,73.08235,270.81888,0.0
2d,1,Left Ankle,4596073,1779734570947,0.33,10.96,0.08,28.6875,-83.0625,26.0,-0.6263428,-0.5812378,-0.32818604,-0.40264893
2d,3,Left Wrist,4396114,1779734570963,2.620342,-0.79890615,2.9886353,44.425777,217.0497,140.24922,-103.509094,-37.43684,329.34985,0.0
2d,1,Left Ankle,4596118,1779734570982,-0.45,8.71,-0.13,16.5625,-108.5625,38.875,-0.62945557,-0.6022949,-0.30316162,-0.38616943
2d,1,Left Ankle,4596097,1779734570982,-0.27,10.51,0.27,20.5625,-106.875,22.375,-0.62786865,-0.59155273,-0.31695557,-0.39422607
2d,4,Right Wrist,30599041,1779734570982,13.360824,4.845366,-0.21535404,27.235039,-4.2688885,-20.846272,-139.56038,-39.689865,210.86702,0.0
2d,2,Right Ankle,1638193,1779734570984,-8.724882,2.9530783,5.1852465,123.05664,-60.46376,-125.58238,49.229813,73.06449,270.7095,0.0
2d,1,Left Ankle,4596136,1779734571005,-1.37,10.12,-0.46,13.4375,-102.6875,50.1875,-0.6296997,-0.6125488,-0.28771973,-0.3814087
2d,1,Left Ankle,4596154,1779734571006,0.5,9.0,1.13,-4.5625,-97.0625,59.375,-0.63061523,-0.62145996,-0.2709961,-0.37774658
2d,3,Left Wrist,4396174,1779734571018,-2.7563305,6.006282,5.300102,88.73577,153.6297,-24.60078,-103.42414,-37.464626,329.2772,0.0
2d,4,Right Wrist,30599131,1779734571045,11.676276,5.3167515,0.91884387,138.81503,-109.19888,-35.68627,-139.55653,-39.710995,210.92186,0.0
2d,2,Right Ankle,1638212,1779734571045,-9.67962,4.4438066,3.091527,175.62665,-66.20376,-122.57238,49.195923,73.0165,270.60516,0.0
2d,1,Left Ankle,4596175,1779734571045,3.55,8.65,2.1,-17.6875,-112.8125,63.5625,-0.6329346,-0.62945557,-0.25213623,-0.3735962
2d,1,Left Ankle,4596197,1779734571068,4.37,8.3,-4.09,-4.125,-87.625,39.8125,-0.6345825,-0.6364746,-0.2368164,-0.36889648
2d,3,Left Wrist,4396234,1779734571081,-0.4352923,-36.691246,19.113867,-111.394226,152.92969,104.549225,-103.369705,-37.414772,329.17245,0.0
2d,1,Left Ankle,4596221,1779734571096,-1.42,10.87,-0.17,-5.1875,-16.9375,56.625,-0.6329346,-0.64038086,-0.22692871,-0.3711548
2d,1,Left Ankle,4596239,1779734571096,5.35,8.43,-0.32,-5.75,-13.0,21.125,-0.6321411,-0.64141846,-0.22241211,-0.37347412
2d,4,Right Wrist,30599192,1779734571099,10.3219385,-3.7448676,4.3908296,246.68504,-118.29888,-16.296272,-139.46828,-39.715397,210.94447,0.0
2d,1,Left Ankle,4596264,1779734571131,1.96,8.51,-0.09,-10.0625,-18.6875,25.4375,-0.6323242,-0.6431885,-0.21392822,-0.3751831
2d,2,Right Ankle,1638269,1779734571133,-7.483008,10.1363325,4.814359,360.91663,-102.60376,-56.49238,49.266335,72.947716,270.54028,0.0
2d,1,Left Ankle,4596280,1779734571159,2.25,9.62,1.51,-7.6875,-19.6875,16.3125,-0.63256836,-0.64367676,-0.21173096,-0.37512207
2d,1,Left Ankle,4596304,1779734571159,1.24,10.35,0.2,3.125,-5.0,24.625,-0.6304321,-0.64575195,-0.206604,-0.3779297
2d,4,Right Wrist,30599251,1779734571160,10.577971,-9.210074,3.9361932,132.30504,-157.4289,60.42373,-139.39427,-39.682026,210.94186,0.0
2d,3,Left Wrist,4396294,1779734571175,5.819546,-23.985357,5.6901326,55.765778,84.329704,380.7692,-103.25319,-37.25956,329.06644,0.0
2d,1,Left Ankle,4596325,1779734571186,1.49,10.58,-0.09,2.9375,13.4375,28.8125,-0.6279297,-0.6464844,-0.20489502,-0.3817749
2d,2,Right Ankle,1638359,1779734571193,-9.825582,2.1801965,1.3160526,198.30664,-105.75376,155.60762,49.483948,72.923645,270.6844,0.0
2d,1,Left Ankle,4596342,1779734571215,1.55,10.29,1.01,1.0,15.625,24.875,-0.62579346,-0.6463623,-0.20397949,-0.38604736
2d,1,Left Ankle,4596364,1779734571215,2.25,9.09,-0.11,-0.5,11.375,30.0,-0.6236572,-0.6466675,-0.20166016,-0.39013672
2d,1,Left Ankle,4596388,1779734571256,2.34,9.51,-0.59,5.3125,21.625,40.3125,-0.61987305,-0.6469116,-0.20025635,-0.39648438
2d,4,Right Wrist,30599311,1779734571256,3.8828528,-5.616055,3.182454,48.09504,-168.2789,87.793724,-139.34367,-39.6298,210.93184,0.0
2d,2,Right Ankle,1638419,1779734571266,-1.3334534,-6.4459286,-1.8592231,43.466637,-81.88376,96.59762,49.41031,72.93822,270.59952,0.0
2d,3,Left Wrist,4396354,1779734571267,5.7884398,-15.263518,3.1633115,93.49577,1.9396992,310.3492,-103.145164,-37.12734,329.0006,0.0
2d,1,Left Ankle,4596405,1779734571277,3.16,9.86,1.62,7.125,-9.25,38.3125,-0.61639404,-0.6489258,-0.19647217,-0.40045166
2d,1,Left Ankle,4596430,1779734571313,2.29,7.88,1.76,3.8125,-33.4375,40.125,-0.61413574,-0.65270996,-0.18939209,-0.40112305
2d,1,Left Ankle,4596451,1779734571313,2.32,9.64,0.11,1.0625,-30.0625,48.625,-0.6109619,-0.65618896,-0.18243408,-0.4036255
2d,4,Right Wrist,30599372,1779734571313,-0.5917254,-6.522935,-1.012164,76.16504,-115.14889,44.74373,-139.27782,-39.555492,210.91788,0.0
2d,2,Right Ankle,1638479,1779734571313,-7.4614725,-7.185311,-2.9072795,-90.86336,-81.11376,8.607618,49.248,72.99023,270.4689,0.0
2d,1,Left Ankle,4596465,1779734571347,0.62,12.61,-0.05,-1.4375,-27.625,55.0,-0.6083374,-0.65960693,-0.17352295,-0.4058838
2d,1,Left Ankle,4596488,1779734571369,2.51,9.16,1.69,-13.0,-44.5625,48.0,-0.60632324,-0.66241455,-0.16418457,-0.4081421
2d,1,Left Ankle,4596513,1779734571369,6.52,9.79,-4.21,-13.5,-73.375,37.125,-0.6074829,-0.6696167,-0.1449585,-0.4019165
2d,4,Right Wrist,30599461,1779734571369,-2.2619154,-7.2168536,-3.7854455,-38.42496,-74.96889,-34.28627,-139.27979,-39.48766,210.93074,0.0
2d,2,Right Ankle,1638540,1779734571372,-59.48383,41.38181,-27.713673,47.666637,19.61624,13.927618,49.519127,72.99744,270.71472,0.0
2d,3,Left Wrist,4396444,1779734571386,4.3168535,-13.820646,5.015356,-17.944223,53.3897,179.02922,-103.07242,-37.049004,328.92715,0.0
2d,1,Left Ankle,4596528,1779734571396,5.58,10.16,-3.54,-2.0,-99.1875,34.6875,-0.607605,-0.6732788,-0.13781738,-0.3980713
2d,1,Left Ankle,4596555,1779734571428,5.98,10.75,-3.1,16.1875,-100.1875,28.75,-0.60668945,-0.6817627,-0.125,-0.38934326
2d,4,Right Wrist,30599522,1779734571429,-2.204488,-1.9454648,-4.278367,-132.36496,-55.018883,-42.12627,-139.37067,-39.414997,210.97737,0.0
2d,2,Right Ankle,1638599,1779734571433,-10.641533,11.729952,0.5623133,51.376637,-18.11376,-35.07238,49.696312,72.95526,270.86325,0.0
2d,3,Left Wrist,4396637,1779734571438,-1.4905274,-0.78215635,-4.594219,-31.664223,94.689705,60.79922,-103.03473,-36.983124,328.8448,0.0
2d,1,Left Ankle,4596589,1779734571464,3.26,10.7,-0.54,24.625,-201.75,-11.1875,-0.60498047,-0.70770264,-0.091918945,-0.3531494
2d,1,Left Ankle,4596575,1779734571464,3.48,13.13,-3.47,24.6875,-149.8125,25.25,-0.60443115,-0.70043945,-0.10076904,-0.36590576
2d,1,Left Ankle,4596617,1779734571494,3.33,9.56,1.19,13.0,-191.9375,-25.4375,-0.6084595,-0.7258301,-0.0680542,-0.3135376
2d,1,Left Ankle,4596634,1779734571494,1.08,9.98,1.65,18.1875,-152.9375,-38.1875,-0.60961914,-0.73565674,-0.0569458,-0.2897339
2d,4,Right Wrist,30599582,1779734571494,-2.3552356,3.706382,-4.773681,-160.85497,-28.62889,-58.366272,-139.51027,-39.39856,211.0473,0.0
2d,2,Right Ankle,1638659,1779734571494,-8.217605,-2.6221986,0.6556334,-71.47336,-28.33376,-5.252381,49.51629,73.016045,270.71243,0.0
2d,1,Left Ankle,4596657,1779734571526,0.15,9.54,2.81,16.6875,-132.6875,-43.3125,-0.61120605,-0.7425537,-0.050720215,-0.26922607
2d,3,Left Wrist,4396656,1779734571535,-1.8996997,-2.674879,-4.1180477,-22.704224,92.2397,73.53922,-103.07911,-36.91033,328.83704,0.0
2d,1,Left Ankle,4596674,1779734571544,-0.29,8.62,2.48,1.4375,-101.1875,-63.75,-0.6141968,-0.74694824,-0.047851562,-0.24993896
2d,1,Left Ankle,4596693,1779734571546,0.97,8.51,1.47,-2.875,-101.375,-68.75,-0.6184082,-0.7501221,-0.046142578,-0.22973633
2d,4,Right Wrist,30599641,1779734571548,-2.295415,4.4912276,-3.6107695,-65.094955,-25.688887,-113.94627,-139.61986,-39.404736,211.13034,0.0
2d,2,Right Ankle,1638719,1779734571559,-9.607835,2.0509841,1.0983056,28.696636,-1.1037599,-27.02238,49.62291,73.06662,270.80295,0.0
2d,1,Left Ankle,4596717,1779734571575,0.67,7.59,1.68,-7.75,-100.0625,-77.9375,-0.62316895,-0.7519531,-0.045898438,-0.21008301
2d,1,Left Ankle,4596733,1779734571607,1.17,6.96,1.02,-9.625,-57.125,-74.375,-0.6274414,-0.7524414,-0.048339844,-0.19439697
2d,4,Right Wrist,30599702,1779734571620,-1.998705,-0.6437696,-1.2490535,-55.22496,-44.86889,-118.00628,-139.68158,-39.370678,211.18936,0.0
2d,1,Left Ankle,4596753,1779734571620,2.8,6.5,2.06,-16.875,-39.9375,-62.25,-0.6317749,-0.75177,-0.051513672,-0.1817627
2d,2,Right Ankle,1638779,1779734571620,-9.567157,2.0629482,0.55513483,-13.723362,-2.0837598,-35.14238,49.723656,73.115326,270.90146,0.0
2d,3,Left Wrist,4396714,1779734571621,4.4221377,-0.54765975,-5.5298133,-70.79423,83.2797,54.429222,-103.16314,-36.929775,328.8466,0.0
2d,1,Left Ankle,4596774,1779734571637,2.3,7.29,2.05,-16.125,1.3125,-60.25,-0.63586426,-0.7496948,-0.057617188,-0.1743164
2d,1,Left Ankle,4596790,1779734571670,3.41,6.95,2.98,-16.3125,26.625,-59.1875,-0.6375122,-0.7480469,-0.06298828,-0.17321777
2d,1,Left Ankle,4596813,1779734571670,13.02,5.4,-2.81,-11.5625,99.5,-48.125,-0.6397095,-0.7409668,-0.08605957,-0.1852417
2d,4,Right Wrist,30599761,1779734571670,-3.4415772,-6.3315086,0.15314065,-157.77496,-40.458885,-89.51627,-139.7263,-39.349674,211.20827,0.0
2d,2,Right Ankle,1638839,1779734571673,-8.913916,-0.82518864,0.5168497,14.976637,3.3762403,-34.23238,49.627636,73.19555,270.80258,0.0
2d,1,Left Ankle,4596835,1779734571696,10.17,5.3,-3.66,-10.875,146.25,25.875,-0.63720703,-0.7354126,-0.09661865,-0.20922852
2d,1,Left Ankle,4596856,1779734571740,-3.59,12.07,-3.72,-3.625,162.375,61.125,-0.63342285,-0.73010254,-0.10760498,-0.23284912
2d,4,Right Wrist,30599822,1779734571740,-5.2314086,-7.0924263,-1.0671989,-207.61496,1.4011116,-51.50627,-139.77911,-39.32414,211.20613,0.0
2d,2,Right Ankle,1638899,1779734571740,-8.289389,-1.9091374,0.11006984,3.9866376,0.64624023,-9.522381,49.535297,73.26887,270.71228,0.0
2d,1,Left Ankle,4596876,1779734571761,-3.42,10.66,-3.03,-5.5,136.4375,-2.625,-0.63220215,-0.72387695,-0.12219238,-0.24768066
2d,1,Left Ankle,4596891,1779734571761,3.36,9.39,-5.18,-9.0625,99.25,-26.6875,-0.6326294,-0.7211914,-0.12799072,-0.25164795
2d,1,Left Ankle,4596913,1779734571786,8.02,9.37,-7.83,6.25,53.25,-39.8125,-0.6323242,-0.71728516,-0.14343262,-0.25512695
2d,1,Left Ankle,4596933,1779734571787,5.58,13.66,-2.59,3.8125,-27.1875,-37.6875,-0.6331787,-0.71777344,-0.14648438,-0.24987793
2d,4,Right Wrist,30599881,1779734571789,-9.418849,-3.1658046,-1.2011969,-157.00496,48.651115,-10.136271,-139.8194,-39.305775,211.1905,0.0
2d,2,Right Ankle,1638959,1779734571794,-8.688991,0.9383217,0.11485548,5.7366376,2.8162403,36.67762,49.628475,73.31834,270.8022,0.0
2d,3,Left Wrist,4396804,1779734571798,11.059828,-2.2034929,-3.9146578,185.68578,49.329697,-64.43077,-103.12949,-37.023293,328.856,0.0
2d,1,Left Ankle,4596953,1779734571816,3.55,14.42,1.9,-17.9375,-74.75,-74.6875,-0.6390991,-0.7174072,-0.14691162,-0.23510742
2d,1,Left Ankle,4596975,1779734571855,0.61,6.33,-1.53,-15.625,-53.4375,-68.875,-0.64575195,-0.7160034,-0.1484375,-0.21972656
2d,2,Right Ankle,1639019,1779734571865,-9.105342,1.4312431,1.1389836,2.0966382,3.5162401,37.37762,49.675938,73.372894,270.84964,0.0
2d,3,Left Wrist,4396998,1779734571865,0.59362173,-7.159029,-4.8885365,-23.754223,-35.8603,-252.45076,-103.17726,-37.158028,328.935,0.0
2d,1,Left Ankle,4596996,1779734571877,-2.81,5.61,-2.18,-8.75,6.3125,-9.875,-0.6480713,-0.7145386,-0.15026855,-0.21643066
2d,1,Left Ankle,4597020,1779734571878,-5.08,9.93,-2.07,-2.9375,34.6875,-10.3125,-0.6480713,-0.71295166,-0.1539917,-0.21905518
2d,1,Left Ankle,4597036,1779734571906,2.89,11.08,-0.73,-12.625,47.875,-2.25,-0.64819336,-0.70983887,-0.15979004,-0.22454834
2d,4,Right Wrist,30599942,1779734571909,-12.414661,10.406285,3.464807,14.98504,122.431114,-45.066273,-139.8137,-39.342487,211.17818,0.0
2d,2,Right Ankle,1639080,1779734571912,-10.002649,2.6755106,0.7609176,10.846638,7.3662405,18.827618,49.885864,73.38947,271.04898,0.0
2d,3,Left Wrist,4397074,1779734571917,2.041279,-22.298418,-8.69791,68.855774,-92.1403,-38.32078,-103.20367,-37.090675,328.99286,0.0
2d,1,Left Ankle,4597061,1779734571937,1.59,10.97,-1.15,-19.3125,35.25,3.9375,-0.6489258,-0.70654297,-0.16308594,-0.23052979
2d,1,Left Ankle,4597078,1779734571937,1.29,8.61,0.51,-25.8125,5.3125,0.4375,-0.6516113,-0.7033081,-0.16351318,-0.23242188
2d,1,Left Ankle,4597102,1779734571966,-0.4,10.36,-0.15,-19.5,1.6875,21.1875,-0.65423584,-0.7007446,-0.15911865,-0.23583984
2d,4,Right Wrist,30600105,1779734571979,1.4996016,-7.1402826,-0.89491564,49.425037,80.011116,-132.84628,-139.77434,-39.45949,211.19327,0.0
2d,2,Right Ankle,1639139,1779734571979,-10.289789,0.3712227,-0.82073814,10.076637,20.94624,-14.492382,49.955486,73.458786,271.11298,0.0
2d,3,Left Wrist,4397134,1779734571988,4.651849,-13.181763,-4.2568316,152.99577,-65.6803,25.239222,-103.18789,-37.004444,329.03174,0.0
2d,1,Left Ankle,4597122,1779734572001,1.88,9.92,0.4,-16.25,-1.9375,13.6875,-0.65496826,-0.70007324,-0.15783691,-0.23675537
2d,1,Left Ankle,4597140,1779734572001,0.95,10.0,0.55,-12.125,7.5625,21.5625,-0.65563965,-0.6989136,-0.15545654,-0.2397461
2d,1,Left Ankle,4597165,1779734572026,1.87,9.07,-0.89,-7.75,2.25,10.6875,-0.6561279,-0.6975708,-0.15344238,-0.24365234
2d,2,Right Ankle,1639199,1779734572033,-10.775532,1.0531771,-0.72502524,22.746637,19.54624,0.13761902,50.06818,73.518,271.21494,0.0
2d,3,Left Wrist,4397194,1779734572044,5.798011,-7.8720894,-1.1437693,140.18578,-57.700302,2.3492203,-103.08689,-36.988106,329.01596,0.0
2d,1,Left Ankle,4597184,1779734572055,1.84,8.94,-0.57,-6.875,-2.75,8.625,-0.65734863,-0.69750977,-0.14990234,-0.24267578
2d,1,Left Ankle,4597205,1779734572056,1.22,9.57,-0.93,-4.375,5.375,1.1875,-0.65771484,-0.69696045,-0.14959717,-0.24353027
2d,4,Right Wrist,30600124,1779734572059,1.4397811,-8.587941,-0.39960137,29.125038,69.37111,-102.32628,-139.7151,-39.482323,211.17105,0.0
2d,1,Left Ankle,4597222,1779734572095,1.29,9.71,-0.38,-4.0,11.5625,-0.0625,-0.657959,-0.69592285,-0.15100098,-0.24499512
2d,2,Right Ankle,1639259,1779734572096,-11.603448,-0.5524069,-1.9094725,-22.823362,29.69624,48.15762,50.174904,73.57529,271.33023,0.0
2d,3,Left Wrist,4397254,1779734572097,5.0083795,-7.917554,0.050249275,88.105774,-66.5903,-26.28078,-103.011444,-36.9744,329.00882,0.0
2d,1,Left Ankle,4597244,1779734572121,1.86,8.91,-0.13,-4.8125,3.875,-12.625,-0.6588135,-0.6948242,-0.15270996,-0.24481201
2d,1,Left Ankle,4597265,1779734572121,1.92,10.31,0.17,-1.375,1.1875,-21.1875,-0.6598511,-0.69403076,-0.15490723,-0.24279785
2d,4,Right Wrist,30600181,1779734572121,3.3013973,-8.774581,0.3086741,-31.354961,42.77111,24.583729,-139.65294,-39.482063,211.11206,0.0
2d,1,Left Ankle,4597283,1779734572146,1.56,9.88,-0.26,-0.125,2.875,-28.6875,-0.6611328,-0.69311523,-0.15899658,-0.23925781
2d,2,Right Ankle,1639319,1779734572164,-11.388094,0.4142935,-3.0843484,-35.77336,28.22624,87.98762,50.360115,73.612045,271.5276,0.0
2d,3,Left Wrist,4397314,1779734572164,4.1014996,-12.449559,1.1700902,17.755777,-53.430298,-14.100777,-102.96849,-36.934875,329.00214,0.0
2d,1,Left Ankle,4597305,1779734572176,1.49,9.13,0.05,2.125,6.3125,-38.625,-0.6621094,-0.6921387,-0.16412354,-0.23571777
2d,1,Left Ankle,4597325,1779734572184,0.73,9.93,0.14,6.0625,-2.4375,-28.5625,-0.66278076,-0.69189453,-0.16790771,-0.2319336
2d,1,Left Ankle,4597343,1779734572208,-0.13,10.34,-0.39,9.0,-8.5,-24.0625,-0.66290283,-0.69244385,-0.17034912,-0.22814941
2d,4,Right Wrist,30600272,1779734572220,3.086043,-3.6659045,-1.5002998,-42.13496,-4.0588884,173.68373,-139.56071,-39.44594,211.00911,0.0
2d,2,Right Ankle,1639379,1779734572220,-6.3177032,-4.2517104,-3.414558,-86.31336,18.91624,69.71761,50.39712,73.67221,271.5978,0.0
2d,3,Left Wrist,4397374,1779734572220,4.4723873,-16.943281,2.120041,-67.01423,-12.6903,47.989223,-102.94293,-36.87676,328.97318,0.0
2d,1,Left Ankle,4597369,1779734572236,-0.15,10.15,-0.32,13.5,-5.875,-10.25,-0.66223145,-0.69366455,-0.1716919,-0.22546387
2d,1,Left Ankle,4597388,1779734572267,-0.1,10.47,-0.35,17.3125,-3.625,-4.625,-0.66052246,-0.6954346,-0.1729126,-0.2241211
2d,4,Right Wrist,30600332,1779734572269,-1.7354945,1.8902292,-4.7425747,18.34504,-30.588888,168.29373,-139.59491,-39.364674,211.0057,0.0
2d,1,Left Ankle,4597404,1779734572269,-0.12,10.04,-0.18,20.5,-3.3125,9.1875,-0.65808105,-0.697876,-0.17266846,-0.22375488
2d,2,Right Ankle,1639439,1779734572273,-4.0182004,-6.0702558,-2.4765713,63.696636,26.05624,-82.53239,50.310524,73.77116,271.49014,0.0
2d,3,Left Wrist,4397434,1779734572280,5.156734,-17.811874,3.4169507,-141.84422,-10.1703005,94.189224,-102.937065,-36.810432,328.9368,0.0
2d,1,Left Ankle,4597428,1779734572298,0.5,9.73,-0.53,21.625,-5.625,14.1875,-0.6552124,-0.7008667,-0.17132568,-0.22399902
2d,1,Left Ankle,4597453,1779734572328,-0.03,10.13,-0.67,23.5,-2.9375,25.75,-0.6499634,-0.7058716,-0.16760254,-0.22625732
2d,1,Left Ankle,4597473,1779734572329,1.0,10.06,-0.79,24.9375,-1.0625,28.625,-0.64575195,-0.7095947,-0.16491699,-0.22875977
2d,2,Right Ankle,1639500,1779734572333,-9.074235,-3.167762,2.847459,39.40664,-19.02376,-193.83238,49.96077,73.85933,271.1275,0.0
2d,3,Left Wrist,4397494,1779734572340,6.8293176,-12.085851,3.5341992,-101.80423,-30.750301,90.269226,-102.9158,-36.768665,328.9055,0.0
2d,1,Left Ankle,4597488,1779734572356,0.38,9.92,-0.38,28.125,2.5,33.5625,-0.6433716,-0.71154785,-0.16357422,-0.23034668
2d,1,Left Ankle,4597511,1779734572389,1.04,9.55,-0.74,31.6875,8.5,33.9375,-0.63812256,-0.71551514,-0.16143799,-0.23400879
2d,1,Left Ankle,4597530,1779734572391,1.41,9.36,-0.83,33.375,11.6875,32.0625,-0.6325073,-0.71954346,-0.15997314,-0.23797607
2d,2,Right Ankle,1639559,1779734572394,-12.54622,11.859165,-0.5766703,-138.18336,-45.48376,-108.43238,50.01815,73.83911,271.21884,0.0
2d,3,Left Wrist,4397554,1779734572406,7.013565,-8.707186,3.2518458,71.16577,-37.4703,67.58922,-102.83888,-36.751507,328.88034,0.0
2d,1,Left Ankle,4597555,1779734572415,1.41,9.57,-1.49,32.5,13.875,19.375,-0.62457275,-0.7249756,-0.15942383,-0.24261475
2d,1,Left Ankle,4597573,1779734572455,1.03,9.22,-1.24,33.5625,19.6875,12.875,-0.6195679,-0.72784424,-0.16217041,-0.24517822
2d,1,Left Ankle,4597595,1779734572455,2.33,9.26,-1.09,35.8125,31.375,-9.625,-0.6147461,-0.73010254,-0.16760254,-0.24694824
2d,2,Right Ankle,1639620,1779734572455,-7.0283713,10.485684,1.2514462,-6.443362,-17.62376,26.247618,50.192616,73.77357,271.38885,0.0
2d,3,Left Wrist,4397614,1779734572457,6.446466,-10.183557,1.5888343,57.305775,-34.950302,72.83922,-102.76186,-36.716656,328.85126,0.0
2d,1,Left Ankle,4597619,1779734572486,2.68,10.9,-0.13,35.6875,32.625,-15.6875,-0.6100464,-0.73187256,-0.17480469,-0.24829102
2d,1,Left Ankle,4597634,1779734572506,1.4,10.6,-1.01,33.25,35.4375,-22.4375,-0.6055298,-0.7329712,-0.18334961,-0.24987793
2d,4,Right Wrist,30600421,1779734572509,-4.0278187,12.698609,-5.4388857,-3.14496,-19.388887,-7.7562714,-139.64981,-39.359787,211.0448,0.0
2d,2,Right Ankle,1639679,1779734572513,-19.322695,-4.663276,-8.805588,-58.173363,4.70624,88.827614,50.307903,73.816864,271.52496,0.0
2d,3,Left Wrist,4397674,1779734572517,5.2189474,-12.803698,-0.7322037,-120.70422,-32.3603,151.16922,-102.76023,-36.607162,328.82455,0.0
2d,1,Left Ankle,4597661,1779734572536,1.04,11.25,-2.51,37.625,37.0,-13.8125,-0.60058594,-0.73461914,-0.19049072,-0.25177002
2d,1,Left Ankle,4597677,1779734572538,2.38,10.88,-0.66,44.0,30.25,-12.125,-0.5947876,-0.7371216,-0.19720459,-0.25305176
2d,1,Left Ankle,4597699,1779734572567,1.56,11.91,-0.53,45.25,13.9375,-7.3125,-0.58880615,-0.7404785,-0.2020874,-0.25323486
2d,4,Right Wrist,30600689,1779734572578,-11.797313,1.0383844,-0.4833502,-194.24496,-16.728888,-132.98628,-139.75696,-39.29894,211.19334,0.0
2d,3,Left Wrist,4397734,1779734572580,2.2159553,-12.131313,-3.3834512,-162.98422,-57.630302,153.33922,-102.83297,-36.475384,328.8402,0.0
2d,1,Left Ankle,4597741,1779734572604,0.33,8.42,-0.6,39.375,-25.75,-9.125,-0.57922363,-0.74957275,-0.20648193,-0.24505615
2d,1,Left Ankle,4597723,1779734572604,1.24,10.88,-1.18,46.125,-16.3125,-10.0,-0.5836792,-0.7451782,-0.2043457,-0.24945068
2d,2,Right Ankle,1639739,1779734572612,-7.291582,3.9437068,0.86620176,147.69664,-59.833763,59.35762,50.56275,73.74191,271.71936,0.0
2d,1,Left Ankle,4597769,1779734572627,-1.75,7.73,-0.53,27.625,-29.1875,2.625,-0.5753174,-0.7554321,-0.20373535,-0.23840332
2d,4,Right Wrist,30600721,1779734572629,-10.7349,-0.8663018,0.04546363,-108.35496,-16.448889,-135.15628,-139.82463,-39.298985,211.243,0.0
2d,3,Left Wrist,4397794,1779734572638,1.4574305,-9.561422,-6.422336,-32.714222,-7.9303007,117.70923,-102.89495,-36.37858,328.86505,0.0
2d,1,Left Ankle,4597784,1779734572656,-3.0,6.86,0.74,6.25,-2.1875,11.625,-0.5739136,-0.7572632,-0.20202637,-0.23754883
2d,2,Right Ankle,1639799,1779734572664,-8.708133,2.81908,1.7324035,-31.783363,-17.483759,39.40762,50.708874,73.664185,271.8714,0.0
2d,1,Left Ankle,4597812,1779734572687,-0.82,7.02,1.6,-10.9375,28.1875,29.75,-0.572937,-0.7565918,-0.2006836,-0.24298096
2d,1,Left Ankle,4597828,1779734572687,0.26,7.3,1.43,-26.5,44.4375,47.6875,-0.57244873,-0.75408936,-0.19824219,-0.25360107
2d,4,Right Wrist,30600782,1779734572690,-6.8752775,-6.549256,0.67477596,-25.124962,-18.688889,-81.60628,-139.82768,-39.282925,211.25949,0.0
2d,3,Left Wrist,4397854,1779734572707,5.802797,-7.7811627,-2.457429,26.715776,90.9097,9.629223,-102.92897,-36.369995,328.86526,0.0
2d,1,Left Ankle,4597845,1779734572715,-0.02,7.53,2.56,-45.4375,25.1875,58.375,-0.574646,-0.7509155,-0.190979,-0.26361084
2d,2,Right Ankle,1639889,1779734572727,-9.682012,2.92915,0.086141616,-5.813362,-4.5337596,-39.27238,50.872498,73.68927,272.0276,0.0
2d,1,Left Ankle,4597869,1779734572748,1.4,7.87,0.93,-62.625,-29.5625,41.375,-0.58032227,-0.74731445,-0.18115234,-0.26818848
2d,1,Left Ankle,4597888,1779734572749,-1.67,8.87,-3.74,-56.4375,-68.125,15.75,-0.5889282,-0.744812,-0.16925049,-0.2642212
2d,4,Right Wrist,30600841,1779734572749,-3.8459642,-8.85833,1.7682959,5.6750402,-12.388887,8.413728,-139.78575,-39.255024,211.23463,0.0
2d,3,Left Wrist,4397914,1779734572757,9.497314,-8.341084,-1.8281165,-15.494223,113.4497,-40.63078,-102.905266,-36.465374,328.81946,0.0
2d,1,Left Ankle,4597912,1779734572776,1.69,9.77,-8.91,-9.6875,8.125,-8.0625,-0.59088135,-0.74176025,-0.17108154,-0.2672119
2d,2,Right Ankle,1639949,1779734572789,-9.083806,1.9122005,-1.0001999,-33.88336,3.1662402,-48.02238,50.98116,73.74058,272.14053,0.0
2d,1,Left Ankle,4597928,1779734572807,6.27,6.39,-7.21,2.5,139.9375,15.4375,-0.5883179,-0.7388916,-0.17712402,-0.2767334
2d,1,Left Ankle,4597953,1779734572809,9.63,7.95,-11.36,-10.0625,91.375,35.5625,-0.5812378,-0.7300415,-0.1885376,-0.30603027
2d,4,Right Wrist,30600902,1779734572809,-1.6397816,-10.030813,0.91405827,2.7350402,12.601111,66.443726,-139.71988,-39.22111,211.17764,0.0
2d,3,Left Wrist,4397974,1779734572819,8.549757,-4.596316,-2.7493532,61.71578,90.4197,-25.860775,-102.89958,-36.550713,328.80576,0.0
2d,1,Left Ankle,4597977,1779734572843,7.27,8.94,-11.11,-15.4375,20.625,25.0,-0.5826416,-0.7296753,-0.18432617,-0.3067627
2d,2,Right Ankle,1640009,1779734572853,-9.213019,0.012299291,0.23688945,-17.783361,3.5162401,-2.032381,50.95863,73.81099,272.12497,0.0
2d,1,Left Ankle,4597994,1779734572871,1.71,8.78,-4.86,-15.9375,-85.875,-6.5,-0.58514404,-0.73101807,-0.18011475,-0.3013916
2d,4,Right Wrist,30600961,1779734572871,-0.57019,-10.5500555,0.148355,14.91504,16.52111,98.013725,-139.63849,-39.180233,211.10638,0.0
2d,1,Left Ankle,4598013,1779734572871,1.7,10.86,0.72,-2.9375,-10.8125,-23.9375,-0.5904541,-0.732605,-0.17633057,-0.28900146
2d,1,Left Ankle,4598038,1779734572907,2.55,15.52,3.28,-1.0,87.125,-30.0625,-0.59051514,-0.72869873,-0.18499756,-0.293396
2d,3,Left Wrist,4398034,1779734572908,7.5328074,-4.6417794,-3.524628,148.44577,50.0297,-24.460781,-102.89453,-36.61896,328.82147,0.0
2d,1,Left Ankle,4598056,1779734572926,4.45,9.91,-3.07,11.6875,99.1875,-55.3125,-0.588501,-0.7224121,-0.20239258,-0.3013916
2d,1,Left Ankle,4598075,1779734572926,6.58,10.98,-1.31,17.3125,1.0,-48.625,-0.5883789,-0.72088623,-0.21166992,-0.2989502
2d,4,Right Wrist,30601022,1779734572938,-7.844371,-5.745267,-2.5938196,72.24504,-24.638887,160.45372,-139.56778,-39.094757,211.0489,0.0
2d,1,Left Ankle,4598095,1779734572956,5.0,12.39,-7.84,17.5,-89.6875,-47.125,-0.5910034,-0.72436523,-0.21130371,-0.2852173
2d,2,Right Ankle,1640069,1779734572971,-8.236747,0.08647678,1.1940185,-2.3133621,-6.35376,51.65762,50.85503,73.86094,272.02893,0.0
2d,3,Left Wrist,4398094,1779734572972,7.7026973,-11.293826,-3.7591243,145.57578,23.429699,-45.040775,-102.89882,-36.599854,328.85074,0.0
2d,1,Left Ankle,4598117,1779734572990,-1.23,14.08,-5.62,30.5625,-110.5,-25.875,-0.5930176,-0.7313843,-0.2052002,-0.26708984
2d,1,Left Ankle,4598136,1779734572990,6.7,11.49,-5.54,32.1875,-109.125,-57.8125,-0.59490967,-0.7375488,-0.20233154,-0.24737549
2d,4,Right Wrist,30601082,1779734572991,-15.79572,7.6186466,-0.2416751,-8.95496,-65.86889,114.95373,-139.57181,-39.03482,211.03732,0.0
2d,1,Left Ankle,4598161,1779734573016,5.8,12.38,-5.13,28.125,-122.9375,-41.1875,-0.59710693,-0.74365234,-0.19708252,-0.22717285
2d,2,Right Ankle,1640233,1779734573023,-9.461872,2.3333373,-0.36610186,8.606638,16.88624,-45.99238,51.167664,73.937614,272.3267,0.0
2d,1,Left Ankle,4598176,1779734573046,4.15,10.77,-3.82,24.375,-155.4375,-47.125,-0.60046387,-0.75006104,-0.1887207,-0.20300293
2d,4,Right Wrist,30601141,1779734573049,-10.167802,7.3985076,-0.09092726,136.43504,-46.47889,-90.42628,-139.57011,-39.03091,211.09312,0.0
2d,1,Left Ankle,4598203,1779734573079,3.97,8.09,-3.02,18.8125,-161.0,-45.9375,-0.60443115,-0.7558594,-0.17889404,-0.17706299
2d,2,Right Ankle,1640251,1779734573085,-9.784904,3.3670366,-0.57906306,15.956638,11.84624,-50.402378,51.35735,73.966,272.5015,0.0
2d,1,Left Ankle,4598226,1779734573108,1.94,5.45,-3.27,20.875,-168.3125,-31.4375,-0.6090698,-0.76464844,-0.15930176,-0.13787842
2d,1,Left Ankle,4598244,1779734573110,0.44,4.86,-2.71,26.75,-212.5625,-13.5,-0.6112671,-0.77124023,-0.14050293,-0.10839844
2d,4,Right Wrist,30601202,1779734573110,-0.71615213,-8.530513,0.21535404,106.54504,-5.3888884,-63.54627,-139.49681,-39.020443,211.08447,0.0
2d,3,Left Wrist,4398184,1779734573117,7.1140633,-21.638,-1.8496519,63.46578,28.0497,4.0292206,-102.83588,-36.537518,328.8185,0.0
2d,1,Left Ankle,4598263,1779734573137,-3.16,3.71,-3.58,25.5,-214.6875,-4.75,-0.6124878,-0.7772827,-0.119384766,-0.08013916
2d,1,Left Ankle,4598281,1779734573139,-4.45,3.71,-3.51,33.0,-184.5,10.125,-0.61065674,-0.7833252,-0.10028076,-0.05908203
2d,1,Left Ankle,4598306,1779734573166,-1.22,2.55,-0.53,39.0625,-74.25,44.0,-0.6064453,-0.7888794,-0.085632324,-0.049804688
2d,4,Right Wrist,30601261,1779734573169,11.827024,-11.605289,0.44745782,99.755035,24.011112,114.67372,-139.38116,-39.021286,211.0057,0.0
2d,3,Left Wrist,4398347,1779734573182,-0.50946987,-12.014066,-13.710875,-174.81422,40.929703,162.15923,-102.90652,-36.362713,328.78226,0.0
2d,1,Left Ankle,4598323,1779734573196,-1.53,2.45,1.87,39.4375,43.5,73.3125,-0.60058594,-0.79364014,-0.07824707,-0.057617188
2d,1,Left Ankle,4598345,1779734573205,-3.25,4.78,4.36,34.3125,184.375,82.75,-0.59265137,-0.79663086,-0.08288574,-0.08532715
2d,2,Right Ankle,1640309,1779734573206,-9.059877,-0.79886764,0.72023964,13.716637,12.26624,-48.30238,51.23619,74.05138,272.37842,0.0
2d,1,Left Ankle,4598370,1779734573231,-3.95,6.73,4.57,29.5625,298.8125,72.5625,-0.58288574,-0.79589844,-0.10015869,-0.1295166
2d,4,Right Wrist,30601322,1779734573231,19.256739,-9.583355,1.8448663,28.00504,-56.83889,429.95374,-139.25665,-38.944397,210.85503,0.0
2d,1,Left Ankle,4598383,1779734573263,-3.06,8.17,5.94,9.75,367.875,51.0625,-0.5725708,-0.7891846,-0.12738037,-0.18206787
2d,2,Right Ankle,1640473,1779734573264,-9.792082,0.19654664,0.36370903,9.446638,8.27624,34.01762,51.225483,74.190704,272.35672,0.0
2d,3,Left Wrist,4398394,1779734573275,1.41436,-16.938494,-6.352944,-182.58423,-30.260302,233.90923,-102.987404,-36.207474,328.78595,0.0
2d,1,Left Ankle,4598412,1779734573285,-2.36,9.65,4.12,-6.4375,357.9375,6.0,-0.56347656,-0.7763672,-0.16009521,-0.23248291
2d,1,Left Ankle,4598428,1779734573286,-1.47,9.4,4.76,-16.0625,286.1875,-13.5625,-0.5563965,-0.76190186,-0.19006348,-0.27166748
2d,4,Right Wrist,30601381,1779734573296,24.65016,-0.24895371,-0.31106696,-64.04496,-151.6189,723.67377,-139.15271,-38.787178,210.6537,0.0
2d,1,Left Ankle,4598446,1779734573316,-2.3,13.95,18.84,-14.4375,190.0625,-12.375,-0.55358887,-0.7486572,-0.21051025,-0.29797363
2d,3,Left Wrist,4398454,1779734573329,5.226126,-25.574192,6.6041903,-60.714222,58.289703,384.82922,-102.921616,-36.0488,328.69424,0.0
2d,1,Left Ankle,4598470,1779734573347,16.52,17.45,-24.17,-59.75,213.8125,-106.3125,-0.5496216,-0.73638916,-0.23321533,-0.31817627
2d,1,Left Ankle,4598489,1779734573361,10.49,27.07,-10.83,49.375,84.6875,-65.6875,-0.54003906,-0.72998047,-0.2630005,-0.32592773
2d,4,Right Wrist,30601442,1779734573361,29.46452,18.62324,0.3684947,-101.634964,-164.4989,742.4338,-139.08443,-38.61426,210.46516,0.0
2d,2,Right Ankle,1640492,1779734573361,-9.890187,0.81150204,0.5814559,5.1066375,7.1562405,37.027622,51.270542,74.24827,272.40106,0.0
2d,1,Left Ankle,4598514,1779734573376,0.96,18.47,8.59,-66.9375,-99.5625,-176.5625,-0.5508423,-0.7147827,-0.27886963,-0.32843018
2d,3,Left Wrist,4398544,1779734573398,33.834713,-10.157236,9.939786,33.995777,222.8597,188.33922,-102.81395,-36.04816,328.56464,0.0
2d,1,Left Ankle,4598530,1779734573407,3.27,-5.85,-3.48,-94.0625,-200.8125,-188.125,-0.5663452,-0.71136475,-0.2781372,-0.30963135
2d,4,Right Wrist,30601501,1779734573408,33.245182,26.852156,23.662622,-724.63495,-297.6389,320.19373,-139.32816,-38.49319,210.44627,0.0
2d,1,Left Ankle,4598558,1779734573440,-12.12,3.14,-6.72,-72.875,-30.5,1.125,-0.5856323,-0.7022705,-0.27319336,-0.2987671
2d,1,Left Ankle,4598576,1779734573440,-4.84,7.4,-6.87,-53.4375,25.625,-76.6875,-0.59277344,-0.69158936,-0.28222656,-0.30108643
2d,2,Right Ankle,1640549,1779734573443,-9.715511,0.09604807,2.172683,-16.803362,31.58624,35.90762,51.11335,74.28902,272.2599,0.0
2d,3,Left Wrist,4398604,1779734573449,28.04169,-7.051352,4.0007997,132.34578,17.409698,-199.88077,-102.755135,-36.17279,328.5649,0.0
2d,1,Left Ankle,4598594,1779734573466,7.81,16.0,4.72,-45.0,76.625,-36.25,-0.59576416,-0.68096924,-0.29223633,-0.30981445
2d,4,Right Wrist,30601562,1779734573469,-3.5301113,17.087046,25.517061,-428.04495,-106.46889,-83.07628,-139.51099,-38.495834,210.5032,0.0
2d,1,Left Ankle,4598620,1779734573497,-0.13,14.03,5.0,-78.875,64.1875,-13.3125,-0.60076904,-0.66937256,-0.29803467,-0.3196411
2d,1,Left Ankle,4598635,1779734573498,-2.77,7.04,-0.4,-98.375,-36.0,-21.8125,-0.61395264,-0.65930176,-0.29333496,-0.31982422
2d,2,Right Ankle,1640639,1779734573502,-9.61262,1.1441044,-0.42592245,18.196638,70.086235,9.377619,51.296715,74.35408,272.43604,0.0
2d,3,Left Wrist,4398664,1779734573516,11.447465,-16.33311,6.02752,179.59578,-355.0603,-284.02078,-102.739,-36.24525,328.7077,0.0
2d,1,Left Ankle,4598655,1779734573526,-1.98,7.31,0.87,-77.5625,10.3125,6.0625,-0.623291,-0.65093994,-0.28826904,-0.32354736
2d,1,Left Ankle,4598675,1779734573528,-0.17,11.57,0.06,-58.125,63.25,16.0,-0.62701416,-0.6422119,-0.28875732,-0.333313
2d,4,Right Wrist,30601622,1779734573529,-3.673681,13.629418,39.62514,204.89503,178.78111,-122.346275,-139.42247,-38.58246,210.48631,0.0
2d,1,Left Ankle,4598699,1779734573564,-1.45,12.52,0.15,-52.625,95.3125,29.25,-0.62628174,-0.63238525,-0.2929077,-0.34936523
2d,2,Right Ankle,1640729,1779734573564,-9.696368,2.0701268,-4.45065,11.896637,59.236237,-54.25238,51.494957,74.41931,272.62415,0.0
2d,3,Left Wrist,4398724,1779734573569,-0.89710665,-23.097622,18.671194,351.5858,-575.9803,-40.07078,-102.71585,-36.195957,328.92737,0.0
2d,1,Left Ankle,4598719,1779734573589,2.95,10.01,0.41,-44.5625,90.25,10.125,-0.6259155,-0.6225586,-0.29815674,-0.36297607
2d,4,Right Wrist,30601681,1779734573590,16.610277,10.449355,53.144592,255.85504,426.30112,-284.5363,-139.30124,-38.77828,210.44958,0.0
2d,1,Left Ankle,4598737,1779734573616,2.91,10.35,-0.11,-39.75,70.5,9.0625,-0.6258545,-0.6138916,-0.3027954,-0.37384033
2d,1,Left Ankle,4598760,1779734573617,2.17,10.26,3.03,-34.0,45.6875,6.125,-0.6262207,-0.6072998,-0.30499268,-0.3821411
2d,2,Right Ankle,1640790,1779734573633,-9.349409,-3.4907932,-5.3072805,-163.73335,22.90624,-34.02238,51.494728,74.50226,272.67865,0.0
2d,3,Left Wrist,4398784,1779734573633,-4.6346965,-14.148463,17.867207,-5.7642236,-432.1303,68.28922,-102.77972,-36.123653,329.07843,0.0
2d,1,Left Ankle,4598782,1779734573656,2.93,7.36,2.24,-27.75,28.3125,-31.4375,-0.6303711,-0.5979614,-0.31103516,-0.38513184
2d,4,Right Wrist,30601742,1779734573656,38.471104,-2.4024944,62.971916,52.57504,640.85114,-384.35626,-139.22678,-39.05716,210.37987,0.0
2d,1,Left Ankle,4598804,1779734573682,0.53,9.8,-0.56,-21.1875,19.4375,-18.8125,-0.6326294,-0.59350586,-0.3137207,-0.38616943
2d,1,Left Ankle,4598823,1779734573682,-1.18,10.05,-0.19,-22.0625,19.3125,0.4375,-0.63397217,-0.58966064,-0.3149414,-0.38885498
2d,3,Left Wrist,4398844,1779734573692,-4.8261213,-11.061723,13.603197,-33.694225,-307.5303,-50.71078,-102.830215,-36.09944,329.18903,0.0
2d,1,Left Ankle,4598845,1779734573711,0.39,9.88,1.58,-21.8125,24.3125,3.6875,-0.63409424,-0.58551025,-0.31640625,-0.39361572
2d,4,Right Wrist,30601801,1779734573711,79.61808,-18.264517,56.99464,-10.49496,707.7711,-211.31627,-139.12071,-39.321503,210.22858,0.0
2d,2,Right Ankle,1640849,1779734573713,-6.786696,0.9143935,-2.4693928,-150.22336,13.456241,28.347618,51.634727,74.54094,272.8667,0.0
2d,1,Left Ankle,4598863,1779734573736,1.78,9.97,1.81,-15.75,32.875,4.625,-0.6341553,-0.5817871,-0.31811523,-0.3977661
2d,1,Left Ankle,4598884,1779734573737,4.68,9.14,1.57,-6.875,30.3125,-12.375,-0.6333008,-0.57818604,-0.32183838,-0.4013672
2d,3,Left Wrist,4398904,1779734573756,-0.80617964,-10.166807,1.3950156,114.56577,-140.0903,-19.140781,-102.79074,-36.045334,329.22913,0.0
2d,1,Left Ankle,4598906,1779734573774,-0.23,10.47,2.55,2.5625,2.5625,-7.9375,-0.633667,-0.5767212,-0.32421875,-0.40093994
2d,4,Right Wrist,30601862,1779734573774,75.2105,-84.78499,-60.79205,-375.89496,-240.3089,-194.51628,-139.26031,-39.287155,210.31604,0.0
2d,2,Right Ankle,1640910,1779734573785,-10.107934,4.22606,-1.7850457,-81.76336,46.42624,2.867619,51.88455,74.558685,273.13855,0.0
2d,1,Left Ankle,4598925,1779734573796,0.92,9.69,1.25,12.125,-24.0625,-13.5625,-0.6343994,-0.5784912,-0.3239746,-0.39746094
2d,3,Left Wrist,4398964,1779734573808,-3.1990018,-10.74587,3.37388,117.855774,-49.1603,10.469223,-102.72597,-35.996178,329.22812,0.0
2d,1,Left Ankle,4598951,1779734573836,-0.59,9.37,1.18,19.375,-33.625,-2.0625,-0.6347656,-0.58221436,-0.32214355,-0.39282227
2d,1,Left Ankle,4598973,1779734573836,0.16,9.33,0.18,22.0,-31.8125,-0.1875,-0.63446045,-0.5866699,-0.32019043,-0.38830566
2d,2,Right Ankle,1641000,1779734573836,-7.5404353,3.3407154,-9.044869,-64.40336,14.64624,54.80762,52.143322,74.57811,273.41388,0.0
2d,4,Right Wrist,30601921,1779734573837,8.383752,12.1027975,15.668203,293.86505,35.98111,360.0237,-139.07149,-39.23736,210.18144,0.0
2d,1,Left Ankle,4598992,1779734573856,-0.4,10.09,0.37,23.5625,-26.6875,4.875,-0.6328125,-0.5906372,-0.31933594,-0.38562012
2d,3,Left Wrist,4399024,1779734573877,0.7443693,-15.608085,3.9888353,-2.9642234,43.939697,31.329222,-102.66966,-35.950195,329.1804,0.0
2d,1,Left Ankle,4599012,1779734573886,0.48,9.65,0.25,22.625,-29.0625,10.5,-0.63067627,-0.5979614,-0.31518555,-0.38116455
2d,1,Left Ankle,4599028,1779734573887,0.35,9.75,0.34,20.75,-36.125,18.75,-0.6300049,-0.60076904,-0.31298828,-0.37982178
2d,4,Right Wrist,30601982,1779734573889,1.5929217,-5.3121667,3.7160535,248.08504,104.09111,307.31372,-138.85533,-39.19856,210.01833,0.0
2d,2,Right Ankle,1641059,1779734573893,-6.1693482,5.2310452,-3.5485559,17.846638,-6.4237595,13.57762,52.41395,74.57002,273.66904,0.0
2d,1,Left Ankle,4599054,1779734573927,0.21,9.88,0.27,19.8125,-41.3125,24.8125,-0.6278076,-0.6098633,-0.30444336,-0.37591553
2d,3,Left Wrist,4399084,1779734573928,7.453844,-16.622643,6.628119,-153.25423,142.70969,141.43922,-102.62381,-35.901024,329.0739,0.0
2d,1,Left Ankle,4599073,1779734573949,0.01,9.6,0.2,19.375,-37.75,31.125,-0.62561035,-0.61590576,-0.29907227,-0.3739624
2d,1,Left Ankle,4599090,1779734573949,0.33,9.84,-0.05,19.5,-32.125,37.3125,-0.6237793,-0.6185303,-0.29681396,-0.37451172
2d,2,Right Ankle,1641120,1779734573960,-7.681612,4.5155916,0.43310088,-60.553364,-35.82376,-39.20238,52.55684,74.531006,273.8223,0.0
2d,4,Right Wrist,30602041,1779734573983,6.392924,13.440384,-0.6867401,-211.74496,77.56111,187.26372,-138.90985,-39.202354,209.95407,0.0
2d,1,Left Ankle,4599113,1779734573982,1.07,9.89,0.61,18.0,-36.125,40.5,-0.61920166,-0.62768555,-0.28692627,-0.37445068
2d,3,Left Wrist,4399144,1779734573988,11.995421,-12.559629,6.771688,-128.68423,118.4897,138.35922,-102.578384,-35.878624,328.97968,0.0
2d,1,Left Ankle,4599130,1779734574008,1.68,9.5,0.35,15.9375,-42.3125,37.4375,-0.6182251,-0.63079834,-0.28320312,-0.3737793
2d,1,Left Ankle,4599152,1779734574009,1.35,9.78,0.01,13.375,-48.3125,30.75,-0.6165161,-0.6397095,-0.27160645,-0.36999512
2d,1,Left Ankle,4599174,1779734574037,1.39,9.46,0.82,17.9375,-42.875,26.375,-0.6149292,-0.6455078,-0.26501465,-0.36730957
2d,4,Right Wrist,30602102,1779734574039,8.445966,11.918549,-5.3192444,-6.15496,47.111115,34.733727,-138.94902,-39.236435,209.962,0.0
2d,2,Right Ankle,1641179,1779734574042,-8.825381,12.275516,0.7130611,84.34664,-27.35376,-13.582382,52.736187,74.47456,273.96396,0.0
2d,3,Left Wrist,4399204,1779734574057,11.880567,-10.214663,5.515456,-31.524223,118.0697,125.409225,-102.50301,-35.8689,328.8887,0.0
2d,1,Left Ankle,4599197,1779734574073,2.01,9.51,0.36,18.75,-51.5,19.625,-0.6126709,-0.6508179,-0.26031494,-0.3651123
2d,1,Left Ankle,4599213,1779734574073,0.57,9.3,-0.43,20.875,-40.625,26.125,-0.61065674,-0.6565552,-0.2545166,-0.36224365
2d,1,Left Ankle,4599238,1779734574096,1.6,9.47,-0.02,22.1875,-33.75,28.4375,-0.60827637,-0.6621704,-0.24890137,-0.35992432
2d,4,Right Wrist,30602192,1779734574108,7.046164,0.24396776,-4.4578285,-93.30496,-16.658888,-62.426273,-139.0593,-39.298477,210.02689,0.0
2d,3,Left Wrist,4399264,1779734574109,9.963915,-11.667107,5.441279,10.615776,120.7297,95.37923,-102.40905,-35.85739,328.79663,0.0
2d,1,Left Ankle,4599259,1779734574128,1.12,10.12,0.07,26.1875,-31.875,30.875,-0.6048584,-0.66796875,-0.24371338,-0.3585205
2d,2,Right Ankle,1641239,1779734574145,-9.201054,5.6808963,-1.8831514,207.33664,-20.70376,92.74762,53.107918,74.43348,274.25613,0.0
2d,1,Left Ankle,4599277,1779734574155,1.62,9.69,0.24,31.0,-41.4375,32.625,-0.60113525,-0.6746216,-0.23797607,-0.35614014
2d,1,Left Ankle,4599299,1779734574156,1.42,9.58,0.28,32.0,-53.8125,36.0,-0.597229,-0.682251,-0.23095703,-0.35284424
2d,3,Left Wrist,4399324,1779734574176,9.272389,-12.456738,4.362116,-25.434223,100.7797,74.23922,-102.33137,-35.845913,328.71353,0.0
2d,1,Left Ankle,4599323,1779734574186,1.32,9.73,-0.26,30.8125,-58.125,43.5625,-0.59332275,-0.69036865,-0.22229004,-0.3491211
2d,1,Left Ankle,4599333,1779734574187,0.65,10.19,-0.1,24.8125,-58.8125,58.25,-0.5891113,-0.6984863,-0.21154785,-0.34680176
2d,4,Right Wrist,30602251,1779734574188,4.2369905,0.6794611,-4.8263235,8.89504,-55.22889,-87.97627,-139.1779,-39.328278,210.13173,0.0
2d,2,Right Ankle,1641330,1779734574200,-0.8572817,-4.335459,9.894321,-47.18336,-103.44376,-11.902382,52.83469,74.40698,274.00037,0.0
2d,1,Left Ankle,4599358,1779734574228,0.0,9.42,-2.49,18.8125,-49.0625,64.5,-0.58477783,-0.70581055,-0.20007324,-0.34606934
2d,3,Left Wrist,4399384,1779734574229,5.7956176,-12.504594,0.55513483,-21.514223,91.4697,93.55922,-102.255226,-35.786964,328.63364,0.0
2d,1,Left Ankle,4599375,1779734574245,2.51,11.12,-2.54,11.1875,-24.125,76.125,-0.5800171,-0.7112427,-0.18908691,-0.34918213
2d,2,Right Ankle,1641419,1779734574254,-5.8343525,5.113797,15.7998085,-300.16336,26.89624,97.577614,52.727684,74.35184,274.00583,0.0
2d,1,Left Ankle,4599404,1779734574277,2.38,11.03,3.59,8.75,-17.8125,93.0625,-0.5706177,-0.71813965,-0.17053223,-0.35998535
2d,1,Left Ankle,4599419,1779734574280,-0.72,12.54,0.28,-4.3125,-24.0625,94.3125,-0.56829834,-0.72003174,-0.16351318,-0.36309814
2d,4,Right Wrist,30602416,1779734574280,-1.4579272,9.671689,0.9738788,80.08504,-58.518883,-215.79628,-139.34526,-39.39839,210.36736,0.0
2d,3,Left Wrist,4399444,1779734574290,3.0893357,-17.275883,-2.8905299,-67.22423,29.519701,129.53922,-102.25475,-35.672043,328.60367,0.0
2d,1,Left Ankle,4599437,1779734574317,2.06,10.83,-0.7,-3.5,-43.4375,51.1875,-0.5664673,-0.7238159,-0.15209961,-0.36340332
2d,2,Right Ankle,1641479,1779734574327,-17.008835,-7.8935866,-2.0602202,90.15664,-60.25376,-15.682381,52.61521,74.41643,273.8618,0.0
2d,1,Left Ankle,4599465,1779734574336,0.17,10.02,2.14,4.875,-1.25,59.5,-0.56036377,-0.72662354,-0.14178467,-0.3713379
2d,1,Left Ankle,4599479,1779734574337,0.56,10.28,1.22,3.875,46.0625,47.8125,-0.55804443,-0.72595215,-0.14111328,-0.37634277
2d,1,Left Ankle,4599504,1779734574369,-1.12,10.53,4.31,-18.0,53.4375,27.8125,-0.55529785,-0.7211304,-0.14245605,-0.3890381
2d,4,Right Wrist,30602435,1779734574371,-1.835993,7.774181,0.8111669,90.51504,-55.648888,-244.91628,-139.40378,-39.447613,210.48451,0.0
2d,2,Right Ankle,1641540,1779734574375,-10.68939,4.915193,0.69870424,-9.383362,-28.75376,-28.35238,52.79751,74.384254,274.03677,0.0
2d,1,Left Ankle,4599525,1779734574396,0.64,11.88,-4.47,-6.8125,-7.125,-70.6875,-0.5595093,-0.7174072,-0.14819336,-0.3876953
2d,1,Left Ankle,4599541,1779734574397,4.46,9.21,-3.78,-8.25,-46.5625,-63.75,-0.56622314,-0.7188721,-0.1496582,-0.37451172
2d,1,Left Ankle,4599569,1779734574437,5.78,8.07,-3.76,-11.9375,-134.1875,-84.125,-0.5755005,-0.72320557,-0.14727783,-0.35229492
2d,4,Right Wrist,30602492,1779734574438,-2.2762725,0.9618144,0.30388847,38.29504,-35.138885,-267.59628,-139.46346,-39.48494,210.59192,0.0
2d,2,Right Ankle,1641599,1779734574438,-9.287196,1.0196776,0.5168497,-24.083363,-20.63376,-40.46238,52.771976,74.45453,274.01642,0.0
2d,1,Left Ankle,4599583,1779734574458,6.7,6.28,-3.54,-16.625,-150.8125,-73.375,-0.58569336,-0.7283325,-0.14105225,-0.32641602
2d,1,Left Ankle,4599603,1779734574458,5.8,5.97,-4.12,-11.9375,-132.125,-58.1875,-0.59368896,-0.7327881,-0.13427734,-0.30407715
2d,3,Left Wrist,4399504,1779734574475,0.6677993,-15.641585,-6.91765,-77.51423,-23.750301,228.93922,-102.307785,-35.52159,328.61157,0.0
2d,1,Left Ankle,4599623,1779734574486,4.81,5.76,-3.33,-12.1875,-119.1875,-42.875,-0.60040283,-0.7367554,-0.12695312,-0.28381348
2d,4,Right Wrist,30602582,1779734574488,-2.9558344,-8.645369,-0.08374879,37.175037,-48.15889,-200.95627,-139.46025,-39.48763,210.64775,0.0
2d,2,Right Ankle,1641660,1779734574502,-9.31591,1.2039249,0.16989042,24.776638,-12.93376,-46.902378,52.81586,74.52051,274.04675,0.0
2d,1,Left Ankle,4599645,1779734574530,4.65,6.02,-2.7,-1.25,-66.25,-31.3125,-0.6043091,-0.73931885,-0.1227417,-0.27056885
2d,1,Left Ankle,4599672,1779734574546,2.71,6.24,-2.75,10.0,-24.875,-12.4375,-0.60479736,-0.741333,-0.12176514,-0.2642212
2d,1,Left Ankle,4599690,1779734574547,2.07,6.46,-0.44,12.5625,11.5625,-6.75,-0.60339355,-0.7421875,-0.1239624,-0.26391602
2d,2,Right Ankle,1641719,1779734574553,-9.124484,-0.94243693,0.29671,9.726637,-14.123759,-9.312382,52.725266,74.59154,273.9546,0.0
2d,3,Left Wrist,4399667,1779734574567,7.841481,-4.524531,-2.481357,-41.464222,44.009697,178.25923,-102.394875,-35.400524,328.59915,0.0
2d,1,Left Ankle,4599708,1779734574577,2.86,7.26,-0.37,11.125,27.3125,-7.8125,-0.6017456,-0.74212646,-0.12799072,-0.2659912
2d,1,Left Ankle,4599726,1779734574577,1.67,7.26,-0.16,7.25,25.375,-11.6875,-0.60058594,-0.7415161,-0.13238525,-0.26818848
2d,4,Right Wrist,30602641,1779734574578,-1.539283,-9.616854,1.0935199,-17.424961,-24.91889,-120.24628,-139.44911,-39.486813,210.66579,0.0
2d,1,Left Ankle,4599747,1779734574609,1.82,6.99,-0.05,-2.125,4.3125,-23.375,-0.6013794,-0.7406616,-0.13568115,-0.26708984
2d,2,Right Ankle,1641779,1779734574619,-10.052898,0.31858057,1.1006985,-20.373362,-4.8837595,29.677618,52.635513,74.65171,273.87622,0.0
2d,1,Left Ankle,4599771,1779734574643,13.61,11.18,-8.83,2.625,-9.0625,-24.375,-0.60284424,-0.74035645,-0.13787842,-0.2635498
2d,1,Left Ankle,4599786,1779734574644,9.39,13.64,-6.77,34.5625,-9.75,-13.0,-0.59991455,-0.7435303,-0.14147949,-0.2592163
2d,3,Left Wrist,4399744,1779734574648,10.160127,-1.354041,-1.847259,-42.654224,13.489698,89.49922,-102.41916,-35.439384,328.5954,0.0
2d,1,Left Ankle,4599811,1779734574669,-6.27,16.45,1.73,8.625,57.5,28.0625,-0.59539795,-0.7440796,-0.14227295,-0.2677002
2d,4,Right Wrist,30602702,1779734574669,-1.4052852,-8.587941,0.6197411,22.54504,-3.288888,-38.906273,-139.40196,-39.471397,210.64937,0.0
2d,2,Right Ankle,1641839,1779734574672,-9.361373,1.7805952,-0.43549374,-6.303362,0.4362402,34.01762,52.814335,74.6814,274.05273,0.0
2d,1,Left Ankle,4599826,1779734574701,2.86,9.52,-0.69,-14.4375,-4.25,-93.0625,-0.5991211,-0.7406616,-0.1517334,-0.26348877
2d,1,Left Ankle,4599851,1779734574727,1.41,5.33,-4.51,-16.4375,-5.25,-64.5625,-0.60510254,-0.7375488,-0.16003418,-0.25360107
2d,1,Left Ankle,4599868,1779734574729,-3.72,6.82,-4.6,-23.125,-11.0,-7.75,-0.6086426,-0.7350464,-0.16027832,-0.2520752
2d,4,Right Wrist,30602791,1779734574729,-6.482855,-5.8098736,2.6464617,-39.33496,9.941112,128.11372,-139.35814,-39.423462,210.58481,0.0
2d,2,Right Ankle,1641899,1779734574745,-9.20584,1.0818911,0.48095736,-5.393362,8.27624,5.947619,52.87342,74.74299,274.1125,0.0
2d,1,Left Ankle,4599886,1779734574760,1.19,10.6,0.05,-18.75,-8.4375,-7.8125,-0.6121826,-0.73358154,-0.15808105,-0.24908447
2d,3,Left Wrist,4399834,1779734574770,5.7956176,-4.933704,-3.0436704,32.875774,-30.9603,-41.96078,-102.48199,-35.493904,328.64966,0.0
2d,1,Left Ankle,4599912,1779734574791,1.98,11.02,-0.84,-25.4375,17.5625,3.5,-0.6157837,-0.72875977,-0.15881348,-0.2539673
2d,1,Left Ankle,4599931,1779734574791,0.7,9.27,-2.06,-24.25,43.3125,6.375,-0.61657715,-0.72662354,-0.16015625,-0.25732422
2d,4,Right Wrist,30602881,1779734574792,-13.627823,-0.15802667,-1.0552348,-31.63496,39.831112,107.88373,-139.34007,-39.38208,210.53725,0.0
2d,2,Right Ankle,1641959,1779734574793,-9.559978,1.6130977,0.31585258,4.6166377,18.846241,-16.172382,53.00198,74.799065,274.23547,0.0
2d,1,Left Ankle,4599954,1779734574816,2.66,8.99,-1.93,-21.5,32.875,-1.625,-0.618103,-0.7227173,-0.16351318,-0.2625122
2d,3,Left Wrist,4400028,1779734574828,-0.035690907,-7.510773,-3.5509489,13.975777,-22.420301,38.609222,-102.5646,-35.348293,328.73227,0.0
2d,1,Left Ankle,4599973,1779734574846,2.21,9.99,-0.73,-27.6875,-3.125,7.0625,-0.62194824,-0.7180786,-0.16241455,-0.26660156
2d,2,Right Ankle,1642019,1779734574862,-8.521493,0.71100354,-0.2943172,-5.393362,29.62624,-23.872381,53.09119,74.86972,274.32422,0.0
2d,4,Right Wrist,30602942,1779734574884,-11.239785,-0.21545419,-2.2660031,-27.714958,65.24111,-18.046272,-139.3469,-39.372097,210.52765,0.0
2d,1,Left Ankle,4600019,1779734574884,1.71,9.67,-0.05,-19.0,2.1875,-5.625,-0.6279907,-0.7133789,-0.15930176,-0.26715088
2d,1,Left Ankle,4599998,1779734574885,1.72,10.32,0.01,-26.375,-6.75,3.125,-0.6253052,-0.71569824,-0.15985107,-0.26690674
2d,1,Left Ankle,4600035,1779734574906,2.16,9.43,-0.55,-10.5,12.5,-14.5625,-0.62994385,-0.71136475,-0.1607666,-0.26690674
2d,1,Left Ankle,4600053,1779734574906,1.87,9.23,-0.06,-9.0625,15.0625,-23.0625,-0.63171387,-0.70910645,-0.16430664,-0.2666626
2d,2,Right Ankle,1642080,1779734574914,-9.710726,0.3736155,-0.82073814,5.3166375,26.05624,-8.682381,53.187706,74.93732,274.41705,0.0
2d,3,Left Wrist,4400047,1779734574925,1.4598236,-7.228421,-2.5794628,-32.084225,-18.7103,42.73922,-102.60391,-35.26037,328.75107,0.0
2d,1,Left Ankle,4600075,1779734574936,1.46,9.29,-0.17,-10.8125,11.75,-25.9375,-0.63378906,-0.70666504,-0.16827393,-0.26574707
2d,1,Left Ankle,4600092,1779734574966,1.72,10.3,-0.18,-11.25,-13.125,-35.75,-0.6366577,-0.704834,-0.17114258,-0.26190186
2d,2,Right Ankle,1642139,1779734574977,-9.117306,-1.0668637,-1.2394822,3.9866376,13.73624,24.357618,53.246273,75.00175,274.4746,0.0
2d,3,Left Wrist,4400104,1779734574978,3.0510507,-4.79492,-0.26799613,-85.354225,-11.2903,34.47922,-102.57137,-35.231693,328.7161,0.0
2d,1,Left Ankle,4600117,1779734575003,1.75,10.35,-1.37,-12.125,-19.0625,-37.3125,-0.6402588,-0.7032471,-0.1730957,-0.25598145
2d,1,Left Ankle,4600137,1779734575003,0.36,9.03,-0.47,-10.4375,-13.75,-32.4375,-0.6436157,-0.7017212,-0.17480469,-0.25061035
2d,1,Left Ankle,4600155,1779734575026,0.18,9.66,-0.45,-5.375,-3.0625,-23.75,-0.6456299,-0.7005005,-0.17706299,-0.24719238
2d,1,Left Ankle,4600174,1779734575028,0.49,9.96,-0.84,-2.5625,-2.5625,-11.875,-0.6467285,-0.69976807,-0.17840576,-0.24554443
2d,4,Right Wrist,30603001,1779734575028,-5.063911,-4.2736816,-2.3641088,-10.28496,63.77111,-87.90627,-139.34256,-39.362118,210.5294,0.0
2d,2,Right Ankle,1642200,1779734575034,-10.811424,0.35686573,-1.134198,-12.743362,14.43624,43.25762,53.371628,75.05169,274.60336,0.0
2d,3,Left Wrist,4400194,1779734575039,0.30408993,-7.044173,-0.1794617,38.685776,-11.220301,5.7792206,-102.53293,-35.167336,328.70447,0.0
2d,1,Left Ankle,4600198,1779734575057,0.51,10.11,-0.94,-1.375,-6.125,-0.875,-0.64727783,-0.69970703,-0.17816162,-0.24438477
2d,1,Left Ankle,4600218,1779734575087,0.36,10.33,-0.92,0.3125,-13.625,9.4375,-0.6473999,-0.7003784,-0.17590332,-0.24371338
2d,1,Left Ankle,4600236,1779734575087,0.32,9.7,-0.53,2.6875,-13.8125,17.875,-0.64697266,-0.7017212,-0.17236328,-0.24346924
2d,2,Right Ankle,1642259,1779734575102,-9.73944,1.0794982,-0.21296123,12.106638,11.35624,30.587618,53.50789,75.09996,274.73343,0.0
2d,4,Right Wrist,30603195,1779734575127,-5.781758,2.0314064,-5.5130634,4.0650396,-16.308887,35.713726,-139.33789,-39.255234,210.52652,0.0
2d,1,Left Ankle,4600264,1779734575149,0.41,9.89,-0.54,5.25,-10.375,26.8125,-0.64575195,-0.7034302,-0.16833496,-0.2446289
2d,1,Left Ankle,4600278,1779734575150,1.3,10.08,-0.59,7.375,-4.5,33.3125,-0.6437378,-0.70532227,-0.16418457,-0.24731445
2d,2,Right Ankle,1642319,1779734575163,-5.6501055,2.7329385,2.0937197,-34.723362,-26.16376,-15.472382,53.448936,75.03755,274.68546,0.0
2d,1,Left Ankle,4600303,1779734575177,1.24,10.02,-0.58,13.25,-12.6875,31.1875,-0.6400757,-0.7090454,-0.15740967,-0.25061035
2d,1,Left Ankle,4600325,1779734575213,1.55,9.8,-0.71,14.625,-16.375,27.5625,-0.63879395,-0.7105713,-0.1552124,-0.25091553
2d,1,Left Ankle,4600343,1779734575213,1.31,9.79,-0.67,19.3125,-9.3125,13.625,-0.6352539,-0.715271,-0.14935303,-0.25
2d,4,Right Wrist,30603272,1779734575213,-5.0040903,-0.21066871,-5.1756754,8.19504,5.8811116,-8.946272,-139.3687,-39.207756,210.54861,0.0
2d,3,Left Wrist,4400254,1779734575224,-3.6488533,-11.064116,-0.8542377,42.185776,-9.820301,25.309221,-102.50629,-35.095062,328.6988,0.0
2d,1,Left Ankle,4600366,1779734575244,2.88,9.14,-0.77,20.0625,-7.5625,6.3125,-0.6340332,-0.71661377,-0.14898682,-0.24963379
2d,1,Left Ankle,4600383,1779734575244,2.19,9.59,-0.2,21.3125,-3.75,-1.375,-0.62994385,-0.71984863,-0.15161133,-0.24908447
2d,2,Right Ankle,1642379,1779734575244,-5.9133162,-0.73186857,2.6105695,54.666637,-42.403763,-104.93238,53.121193,75.07116,274.3416,0.0
2d,1,Left Ankle,4600405,1779734575267,2.37,9.24,-1.04,20.625,-9.625,-14.625,-0.62908936,-0.72094727,-0.15240479,-0.24743652
2d,1,Left Ankle,4600423,1779734575303,1.13,9.84,-1.21,18.0,-4.4375,-21.3125,-0.62713623,-0.7237549,-0.15582275,-0.2420044
2d,1,Left Ankle,4600438,1779734575303,0.0,10.51,-1.15,16.875,3.9375,-23.625,-0.6265259,-0.7243042,-0.15783691,-0.24084473
2d,2,Right Ankle,1642439,1779734575304,-20.830172,7.867936,-27.017359,-10.573362,45.44624,2.167619,53.39636,75.113396,274.6145,0.0
2d,1,Left Ankle,4600462,1779734575336,0.98,9.71,-1.03,18.9375,34.5,-21.375,-0.6230469,-0.72442627,-0.16821289,-0.24243164
2d,4,Right Wrist,30603332,1779734575336,-3.4607198,-4.611069,-3.9026937,43.75504,16.52111,-15.666271,-139.34216,-39.155067,210.5418,0.0
2d,3,Left Wrist,4400448,1779734575345,2.78784,-6.6278224,1.0408778,0.11577642,26.2297,35.73922,-102.40374,-34.97732,328.63647,0.0
2d,1,Left Ankle,4600483,1779734575357,6.37,9.63,-1.85,18.625,20.5625,-21.3125,-0.62054443,-0.7246704,-0.17480469,-0.2432251
2d,1,Left Ankle,4600502,1779734575357,1.34,12.29,-3.02,27.5625,-9.75,-3.375,-0.618042,-0.7269287,-0.1765747,-0.24157715
2d,2,Right Ankle,1642529,1779734575362,-7.853895,10.102832,-0.033499517,65.65664,-25.32376,4.337619,53.605846,75.05493,274.7932,0.0
2d,1,Left Ankle,4600524,1779734575394,4.47,12.96,-6.25,29.5,-42.125,-15.8125,-0.6164551,-0.7317505,-0.175354,-0.2319336
2d,4,Right Wrist,30603525,1779734575408,-2.6016965,-3.5223348,-2.6943183,89.95504,-45.428886,80.513725,-139.27428,-39.01171,210.50708,0.0
2d,3,Left Wrist,4400597,1779734575408,-3.5435693,-8.520545,-5.4556355,171.33577,65.7797,41.899223,-102.30615,-34.851437,328.57898,0.0
2d,1,Left Ankle,4600542,1779734575425,6.66,15.74,-12.16,46.1875,-102.5,-26.375,-0.61486816,-0.73876953,-0.17120361,-0.2164917
2d,1,Left Ankle,4600563,1779734575425,6.3,14.48,-9.98,47.3125,-169.875,-37.4375,-0.61413574,-0.74823,-0.16149902,-0.1921997
2d,2,Right Ankle,1642589,1779734575426,-8.854095,-0.69358337,1.6462619,-37.59336,2.6062403,3.007619,53.403812,75.10845,274.61096,0.0
2d,1,Left Ankle,4600588,1779734575447,7.57,10.41,-7.34,45.9375,-196.75,-50.5,-0.614563,-0.7575073,-0.14904785,-0.16217041
2d,3,Left Wrist,4400616,1779734575459,-4.364307,-8.855539,-6.463014,155.02577,96.7197,53.02922,-102.26541,-34.7731,328.55634,0.0
2d,1,Left Ankle,4600606,1779734575486,4.79,7.24,-7.32,44.9375,-219.4375,-43.4375,-0.61486816,-0.7662964,-0.13391113,-0.12945557
2d,4,Right Wrist,30603543,1779734575486,-0.8692928,-4.5608206,-2.4358935,60.41504,-50.328888,111.80373,-139.20189,-38.91621,210.46077,0.0
2d,2,Right Ankle,1642649,1779734575486,-9.698761,2.9124002,-0.26081768,37.446636,-3.9737597,-40.88238,53.604748,75.13033,274.7901,0.0
2d,1,Left Ankle,4600629,1779734575505,1.9,4.26,-5.82,54.625,-234.5625,-37.8125,-0.6138916,-0.7752075,-0.11608887,-0.093566895
2d,1,Left Ankle,4600646,1779734575506,0.84,2.9,-4.61,61.125,-243.875,-31.1875,-0.6107788,-0.7838745,-0.09613037,-0.05731201
2d,1,Left Ankle,4600669,1779734575536,-0.5,2.77,-0.45,64.4375,-249.25,-13.0625,-0.60595703,-0.7918091,-0.07348633,-0.02142334
2d,4,Right Wrist,30603602,1779734575539,6.1967125,-3.4074798,-0.7848458,82.32504,-81.33889,226.74373,-139.10492,-38.88295,210.38573,0.0
2d,2,Right Ankle,1642709,1779734575542,-8.476029,-1.4999647,-0.23449661,19.946638,1.5562402,-14.772381,53.544563,75.207146,274.7245,0.0
2d,3,Left Wrist,4400674,1779734575549,-2.9453626,-8.427225,-6.9559355,5.5757766,172.6697,146.61922,-102.26412,-34.671886,328.49942,0.0
2d,1,Left Ankle,4600688,1779734575573,-2.4,3.76,2.54,70.0,-204.5625,11.0,-0.5991211,-0.79901123,-0.05053711,0.008422852
2d,1,Left Ankle,4600716,1779734575604,-5.58,4.37,6.68,71.625,-101.0625,39.875,-0.5904541,-0.8060913,-0.032470703,0.023498535
2d,1,Left Ankle,4600733,1779734575604,-2.95,4.73,7.61,57.75,118.3125,55.4375,-0.5772705,-0.815979,-0.028808594,0.0076904297
2d,4,Right Wrist,30603692,1779734575604,15.638791,-0.67487615,5.125426,81.90504,-150.9189,466.7737,-138.99174,-38.77455,210.26366,0.0
2d,2,Right Ankle,1642769,1779734575605,-8.880416,-0.97354364,1.2945169,35.13664,1.9762402,12.457619,53.398045,75.26512,274.57178,0.0
2d,3,Left Wrist,4400734,1779734575608,-1.8685926,-4.1703935,-3.6251261,71.09577,187.7197,219.83922,-102.23214,-34.546597,328.4293,0.0
2d,1,Left Ankle,4600755,1779734575625,-2.11,7.71,7.17,52.9375,193.0625,69.6875,-0.5684204,-0.821167,-0.040527344,-0.030517578
2d,1,Left Ankle,4600775,1779734575656,-3.13,8.8,5.44,54.6875,314.0625,79.25,-0.55737305,-0.82373047,-0.06213379,-0.08337402
2d,1,Left Ankle,4600793,1779734575657,-1.29,10.48,8.05,25.625,340.75,52.375,-0.54711914,-0.821167,-0.08734131,-0.13677979
2d,4,Right Wrist,30603751,1779734575659,21.946272,11.356236,6.9367924,-19.734959,-200.0589,614.7538,-138.91335,-38.618282,210.11975,0.0
2d,2,Right Ankle,1642830,1779734575668,-9.624584,0.28508106,0.20338993,7.416638,4.42624,38.63762,53.436947,75.32324,274.60925,0.0
2d,3,Left Wrist,4400824,1779734575668,6.077971,-14.440388,1.1557333,-1.1442236,208.4397,183.29922,-102.118935,-34.46819,328.29517,0.0
2d,1,Left Ankle,4600813,1779734575693,-4.48,11.07,10.18,-13.75,233.75,3.625,-0.5427246,-0.8140869,-0.109069824,-0.17559814
2d,1,Left Ankle,4600837,1779734575722,-9.15,11.68,14.19,-51.5,70.6875,-59.3125,-0.54815674,-0.80578613,-0.12365723,-0.18676758
2d,1,Left Ankle,4600857,1779734575722,3.37,21.09,-14.88,-37.125,108.4375,-49.0,-0.5539551,-0.7984619,-0.13720703,-0.19171143
2d,4,Right Wrist,30603812,1779734575722,20.264116,16.524733,4.3764725,-56.97496,-176.1189,511.29373,-138.876,-38.490353,210.0105,0.0
2d,2,Right Ankle,1642889,1779734575723,-9.677226,1.4216719,0.4546363,12.106638,10.23624,41.22762,53.579815,75.36774,274.74628,0.0
2d,1,Left Ankle,4600875,1779734575746,14.61,8.19,-5.12,-29.875,299.3125,-146.1875,-0.55474854,-0.7824707,-0.18023682,-0.21789551
2d,3,Left Wrist,4400884,1779734575757,14.991236,-15.524336,3.6131623,65.91577,165.2497,67.799225,-102.00166,-34.48364,328.1912,0.0
2d,1,Left Ankle,4600901,1779734575777,14.78,18.06,-38.67,45.5,369.5625,-49.3125,-0.5439453,-0.7670288,-0.2220459,-0.2578125
2d,1,Left Ankle,4600920,1779734575778,15.17,15.13,-5.76,-22.125,22.0625,-64.125,-0.5380249,-0.7609253,-0.24298096,-0.26916504
2d,4,Right Wrist,30603872,1779734575779,6.414459,18.455742,-1.1581261,-41.22496,-99.39889,297.93372,-138.88205,-38.41874,209.9618,0.0
2d,2,Right Ankle,1642950,1779734575783,-9.074235,1.2278532,0.043070808,-17.993362,38.796238,37.79762,53.754433,75.41688,274.9261,0.0
2d,1,Left Ankle,4600938,1779734575811,-3.97,-9.15,-1.11,-68.1875,-203.5,-128.6875,-0.55792236,-0.75561523,-0.24151611,-0.24371338
2d,3,Left Wrist,4400944,1779734575818,20.611977,-17.251955,1.8592231,56.325775,68.9297,-70.450775,-101.92931,-34.55928,328.14615,0.0
2d,1,Left Ankle,4600963,1779734575845,-7.29,11.87,3.64,-75.9375,-72.8125,-18.5625,-0.5839844,-0.7520752,-0.22167969,-0.21032715
2d,1,Left Ankle,4600978,1779734575845,-3.42,12.75,-0.13,-60.9375,16.8125,-48.0,-0.5883789,-0.74786377,-0.2244873,-0.21014404
2d,4,Right Wrist,30603932,1779734575846,1.1622137,18.75245,-2.7254252,-16.37496,-19.668888,131.19373,-138.90344,-38.39761,209.94803,0.0
2d,1,Left Ankle,4601003,1779734575868,-1.92,12.09,-3.68,-66.0625,170.8125,-15.125,-0.59375,-0.72766113,-0.24707031,-0.23864746
2d,2,Right Ankle,1643009,1779734575875,-9.244125,2.187375,-1.2299109,-11.063362,42.436237,29.327618,54.016747,75.445854,275.18823,0.0
2d,3,Left Wrist,4401034,1779734575878,16.63032,-17.63002,7.190432,150.26578,-272.8103,-222.84077,-101.8992,-34.635193,328.24884,0.0
2d,1,Left Ankle,4601024,1779734575896,6.98,12.08,-3.88,-82.0625,124.1875,-39.125,-0.6019287,-0.7126465,-0.25842285,-0.2510376
2d,1,Left Ankle,4601038,1779734575896,-0.44,10.07,-2.82,-108.25,41.8125,-10.8125,-0.607666,-0.7059326,-0.25909424,-0.2555542
2d,4,Right Wrist,30603992,1779734575899,0.901396,20.944275,-1.1389836,70.63504,41.861115,-84.61627,-138.92369,-38.442463,209.98586,0.0
2d,1,Left Ankle,4601062,1779734575927,-6.55,10.16,5.32,-105.6875,81.875,53.0,-0.62145996,-0.68774414,-0.25335693,-0.27679443
2d,2,Right Ankle,1643069,1779734575933,-9.835153,-0.17912652,-1.2705889,-26.813362,70.156235,15.957619,54.165592,75.51787,275.3472,0.0
2d,3,Left Wrist,4401094,1779734575946,4.742776,-24.650562,20.305494,84.465775,-523.90027,-126.94078,-101.950714,-34.628773,328.4497,0.0
2d,1,Left Ankle,4601078,1779734575956,-5.71,11.55,7.75,-103.4375,136.8125,54.9375,-0.62316895,-0.6802368,-0.2548828,-0.28979492
2d,1,Left Ankle,4601102,1779734575957,2.03,9.06,9.65,-95.125,264.125,46.25,-0.61932373,-0.6486206,-0.277771,-0.3444214
2d,4,Right Wrist,30604051,1779734575958,8.570393,33.190742,8.267202,299.67505,96.39111,-267.73627,-138.8793,-38.55038,210.06119,0.0
2d,1,Left Ankle,4601123,1779734576000,2.48,8.33,2.25,-99.875,298.3125,63.1875,-0.6138916,-0.6217041,-0.29553223,-0.3862915
2d,2,Right Ankle,1643160,1779734576000,-14.482014,-5.443336,-10.116854,-260.12335,110.196236,-1.822381,54.292164,75.606735,275.56534,0.0
2d,3,Left Wrist,4401154,1779734576008,-3.7469585,-18.060728,27.438496,77.67577,-581.3003,-59.46078,-102.021416,-34.595695,328.67227,0.0
2d,1,Left Ankle,4601141,1779734576016,5.32,5.83,-1.33,-118.6875,239.875,7.75,-0.61376953,-0.6077881,-0.30358887,-0.40216064
2d,1,Left Ankle,4601166,1779734576017,1.86,4.43,-10.98,-73.0,131.5625,-6.5,-0.61346436,-0.5751953,-0.3222046,-0.43475342
2d,4,Right Wrist,30604112,1779734576021,20.879074,41.36223,37.703705,179.20503,143.8511,-456.9463,-138.89,-38.715744,210.17506,0.0
2d,1,Left Ankle,4601183,1779734576048,1.55,6.74,-5.2,-42.75,13.6875,-5.5,-0.61590576,-0.5668335,-0.3234253,-0.4413452
2d,2,Right Ankle,1643219,1779734576054,-7.0857987,-7.0034566,0.997807,-431.41336,135.11624,39.96762,54.160305,75.678085,275.59506,0.0
2d,3,Left Wrist,4401214,1779734576059,-5.405185,-9.980166,25.540989,65.91577,-527.33026,10.25922,-102.08321,-34.545513,328.86807,0.0
2d,1,Left Ankle,4601205,1779734576081,9.5,25.03,5.71,-36.75,-19.125,-12.75,-0.62231445,-0.56378174,-0.31951904,-0.4390869
2d,1,Left Ankle,4601222,1779734576081,-5.51,17.86,-1.02,-37.9375,17.5,-53.9375,-0.62957764,-0.5571289,-0.3206787,-0.43634033
2d,4,Right Wrist,30604171,1779734576082,43.811882,18.924734,78.38887,-223.36496,338.3111,-750.45624,-139.05128,-38.999302,210.32094,0.0
2d,1,Left Ankle,4601244,1779734576107,1.75,-1.3,3.37,-26.625,41.875,-59.6875,-0.63305664,-0.54870605,-0.3283081,-0.43634033
2d,3,Left Wrist,4401274,1779734576123,-4.0245256,-5.132308,22.138395,56.745777,-520.33026,-41.470776,-102.15056,-34.516777,329.06638,0.0
2d,1,Left Ankle,4601262,1779734576139,0.35,12.62,0.82,-15.8125,24.875,2.5625,-0.63342285,-0.5442505,-0.33062744,-0.4395752
2d,1,Left Ankle,4601286,1779734576141,0.53,11.65,2.53,-4.375,14.9375,-11.0625,-0.633728,-0.541626,-0.33288574,-0.44067383
2d,4,Right Wrist,30604232,1779734576141,79.61569,8.54467,66.9775,-93.51496,794.5711,-397.51627,-139.00645,-39.329422,210.21222,0.0
2d,1,Left Ankle,4601306,1779734576167,1.75,8.4,3.13,10.0625,2.1875,-16.0,-0.6341553,-0.5408325,-0.33569336,-0.43896484
2d,2,Right Ankle,1643279,1779734576173,-6.4971647,13.309216,2.5220351,-110.32336,47.826237,67.757614,54.360874,75.60984,275.83347,0.0
2d,3,Left Wrist,4401334,1779734576178,-4.0963106,-9.080466,6.0323057,118.55577,-325.8703,-28.590778,-102.14968,-34.472267,329.18274,0.0
2d,1,Left Ankle,4601325,1779734576205,-0.57,7.67,1.34,11.75,-13.875,-16.25,-0.63464355,-0.54193115,-0.33685303,-0.43597412
2d,1,Left Ankle,4601343,1779734576205,-2.08,9.06,1.43,20.8125,-14.9375,-4.5625,-0.6343994,-0.5444336,-0.3375244,-0.4326172
2d,1,Left Ankle,4601367,1779734576227,0.5,8.58,1.81,24.25,-8.0625,-3.4375,-0.6329346,-0.5475464,-0.33843994,-0.43017578
2d,2,Right Ankle,1643443,1779734576233,-3.3434243,10.6795025,0.26799613,118.01664,-18.393759,10.567619,54.771854,75.476776,276.24036,0.0
2d,3,Left Wrist,4401394,1779734576244,-9.685944,-11.552251,3.4169507,-11.014223,-87.5903,-46.860775,-102.1541,-34.43732,329.21057,0.0
2d,1,Left Ankle,4601385,1779734576257,4.39,13.47,0.14,30.125,-26.5,-4.0,-0.631897,-0.5519409,-0.338562,-0.42596436
2d,4,Right Wrist,30604291,1779734576260,1.1693921,-0.6676976,7.9513497,-402.77496,42.211113,16.323729,-139.11362,-39.35007,210.18018,0.0
2d,1,Left Ankle,4601410,1779734576287,1.75,9.98,2.14,27.6875,-21.3125,-8.3125,-0.63116455,-0.5566406,-0.33850098,-0.42095947
2d,1,Left Ankle,4601428,1779734576287,1.65,7.49,2.17,22.25,-26.75,-31.9375,-0.6326294,-0.5588379,-0.34033203,-0.41430664
2d,3,Left Wrist,4401455,1779734576307,6.233505,-15.079271,5.9485574,26.855776,152.8597,57.509224,-102.05089,-34.41626,329.111,0.0
2d,1,Left Ankle,4601453,1779734576316,-0.25,9.25,3.11,22.375,-39.625,-12.9375,-0.6341553,-0.5654907,-0.3381958,-0.40454102
2d,4,Right Wrist,30604381,1779734576330,4.7490544,0.031006549,0.9044869,36.96504,65.38111,276.3037,-139.0211,-39.346317,210.06172,0.0
2d,1,Left Ankle,4601474,1779734576363,-1.47,9.73,1.14,28.8125,-36.75,-9.8125,-0.633667,-0.5708008,-0.3371582,-0.3986206
2d,1,Left Ankle,4601490,1779734576363,-0.82,9.83,0.74,34.6875,-24.0,5.3125,-0.6323242,-0.5734863,-0.33709717,-0.39709473
2d,3,Left Wrist,4401514,1779734576364,11.095719,-11.829819,6.680761,-92.424225,145.0197,97.82922,-101.99222,-34.40964,329.01285,0.0
2d,1,Left Ankle,4601517,1779734576375,0.41,9.28,0.02,35.4375,-12.5,10.75,-0.6275635,-0.58117676,-0.33685303,-0.39361572
2d,2,Right Ankle,1643462,1779734576390,-3.764561,8.636032,-1.9142581,137.40665,-25.04376,-9.312382,55.02476,75.42993,276.43646,0.0
2d,1,Left Ankle,4601535,1779734576414,0.09,9.98,-0.3,24.9375,-8.125,24.5,-0.62353516,-0.5855713,-0.33624268,-0.39404297
2d,1,Left Ankle,4601552,1779734576414,0.41,9.99,1.21,24.9375,-8.125,24.5,-0.6203613,-0.5901489,-0.3338623,-0.39416504
2d,3,Left Wrist,4401574,1779734576424,9.3226385,-13.210477,8.446664,-100.26423,158.45969,126.38922,-101.93059,-34.38344,328.906,0.0
2d,1,Left Ankle,4601573,1779734576436,1.3,10.35,-0.59,13.875,-41.3125,32.375,-0.6187744,-0.5956421,-0.32806396,-0.3932495
2d,1,Left Ankle,4601590,1779734576466,-0.28,10.07,-0.17,13.25,-36.4375,37.0,-0.6173096,-0.5980835,-0.32562256,-0.3939209
2d,1,Left Ankle,4601613,1779734576467,0.59,9.73,0.16,17.8125,-24.625,38.0,-0.6137085,-0.6065674,-0.31677246,-0.39379883
2d,4,Right Wrist,30604471,1779734576469,9.029814,6.4174495,-0.3086741,-22.25496,2.5911117,100.74372,-139.03384,-39.36359,210.04387,0.0
2d,2,Right Ankle,1643623,1779734576473,-8.916308,1.6968464,-4.7401814,13.646637,-41.77376,-51.17238,55.357193,75.47494,276.7251,0.0
2d,3,Left Wrist,4401634,1779734576478,7.4107733,-15.064915,8.042276,-78.354225,172.2497,170.27922,-101.854965,-34.332443,328.78915,0.0
2d,1,Left Ankle,4601637,1779734576508,0.88,9.76,0.81,14.8125,-33.875,39.3125,-0.6109619,-0.6123657,-0.31054688,-0.39404297
2d,1,Left Ankle,4601653,1779734576526,0.56,9.05,0.98,13.375,-38.375,43.125,-0.60894775,-0.6184082,-0.30316162,-0.39349365
2d,3,Left Wrist,4401694,1779734576548,8.48515,-14.526529,5.659025,-64.424225,152.9997,233.13922,-101.77387,-34.26172,328.67377,0.0
2d,1,Left Ankle,4601677,1779734576556,1.74,10.0,0.22,17.8125,-32.6875,39.3125,-0.6062012,-0.62438965,-0.29656982,-0.39337158
2d,1,Left Ankle,4601704,1779734576601,1.27,10.09,-0.22,19.0,-33.75,39.875,-0.6032715,-0.6305542,-0.29003906,-0.39282227
2d,1,Left Ankle,4601723,1779734576601,1.86,9.51,-0.49,21.0,-34.5625,34.5625,-0.60040283,-0.6366577,-0.28411865,-0.39178467
2d,3,Left Wrist,4401754,1779734576608,7.9778724,-15.8042965,6.3338017,-11.154223,95.6697,219.69922,-101.68887,-34.18653,328.5838,0.0
2d,1,Left Ankle,4601740,1779734576616,1.5,9.3,-0.34,20.8125,-25.75,33.3125,-0.59729004,-0.642334,-0.27886963,-0.3909912
2d,1,Left Ankle,4601766,1779734576617,1.59,9.47,0.19,21.9375,-13.5625,29.3125,-0.59198,-0.64941406,-0.2736206,-0.39111328
2d,4,Right Wrist,30604666,1779734576619,5.995715,-0.16759762,0.7537392,-6.78496,-37.79889,-3.626272,-139.0565,-39.42538,210.03421,0.0
2d,2,Right Ankle,1643669,1779734576631,-6.3009534,5.9776063,-0.95952183,-3.153362,-52.063763,-51.80238,55.510864,75.43936,276.8686,0.0
2d,1,Left Ankle,4601785,1779734576646,1.16,9.03,0.79,22.5625,-7.75,30.0,-0.5880127,-0.6536865,-0.270813,-0.39196777
2d,3,Left Wrist,4401814,1779734576663,7.685948,-13.019052,4.735396,18.735777,76.8397,244.54922,-101.59598,-34.10656,328.49927,0.0
2d,1,Left Ankle,4601823,1779734576680,1.24,9.74,-0.38,22.0625,-11.4375,41.25,-0.57928467,-0.6626587,-0.2637329,-0.39465332
2d,1,Left Ankle,4601802,1779734576680,1.76,9.13,0.33,22.5,-9.75,30.875,-0.5838623,-0.65802,-0.2677002,-0.39300537
2d,4,Right Wrist,30604815,1779734576688,3.5358937,1.7729812,0.9834501,70.63504,30.521112,-158.39627,-139.05371,-39.545856,210.08113,0.0
2d,2,Right Ankle,1643863,1779734576688,-9.579121,0.062548555,-9.2793665,184.51665,-65.85376,-13.372381,55.81486,75.408966,276.97342,0.0
2d,1,Left Ankle,4601840,1779734576715,1.81,10.3,-0.54,22.0625,-14.25,44.875,-0.5769043,-0.66522217,-0.26123047,-0.39556885
2d,3,Left Wrist,4401875,1779734576718,6.405788,-11.77957,3.1393833,-30.614223,66.1297,215.21922,-101.52322,-34.030357,328.42126,0.0
2d,1,Left Ankle,4601863,1779734576748,1.3,9.54,-0.44,19.875,-13.375,54.5625,-0.56884766,-0.67303467,-0.25195312,-0.39990234
2d,1,Left Ankle,4601880,1779734576748,1.69,9.74,-0.87,16.25,-13.8125,66.375,-0.565979,-0.6757202,-0.24804688,-0.40197754
2d,2,Right Ankle,1643910,1779734576748,-9.244125,-10.09259,-8.489735,-34.513363,-56.19376,34.64762,55.79342,75.46321,276.9619,0.0
2d,1,Left Ankle,4601903,1779734576766,1.61,9.83,-1.71,9.5625,-21.9375,82.0625,-0.55700684,-0.6838989,-0.23339844,-0.4093628
2d,4,Right Wrist,30604833,1779734576771,3.2774687,0.71774614,1.6749759,45.925037,39.48111,-175.40628,-139.06145,-39.63173,210.125,0.0
2d,3,Left Wrist,4401934,1779734576777,3.5224366,-9.628421,1.457229,-150.52423,71.0297,158.51923,-101.49779,-33.951614,328.34833,0.0
2d,1,Left Ankle,4601925,1779734576798,1.48,9.44,-1.51,8.75,-25.25,85.6875,-0.5509033,-0.68981934,-0.22149658,-0.41430664
2d,1,Left Ankle,4601942,1779734576800,0.7,10.63,0.35,10.75,-30.5,87.0625,-0.5444336,-0.6959839,-0.20916748,-0.41882324
2d,2,Right Ankle,1643969,1779734576802,-12.0987625,3.1516824,0.7130611,-49.563362,-51.013763,50.32762,55.98667,75.444725,277.16452,0.0
2d,4,Right Wrist,30604892,1779734576842,2.6481566,4.7496533,2.024328,-9.09496,59.291115,-202.14627,-139.11333,-39.720284,210.18672,0.0
2d,3,Left Wrist,4401994,1779734576842,-0.5621119,-8.223835,-2.3258235,35.045776,41.3497,130.79922,-101.48087,-33.835743,328.32645,0.0
2d,1,Left Ankle,4601973,1779734576865,1.05,12.5,1.48,15.0625,-31.75,92.375,-0.53704834,-0.7025757,-0.19689941,-0.42321777
2d,1,Left Ankle,4601983,1779734576865,3.31,14.14,0.01,3.1875,-11.0,85.8125,-0.5315552,-0.70703125,-0.18444824,-0.42834473
2d,2,Right Ankle,1644030,1779734576865,-7.0905848,1.7566669,-0.27996024,-56.073364,-70.54376,12.107618,56.10327,75.44973,277.29178,0.0
2d,1,Left Ankle,4602014,1779734576889,-0.28,11.21,0.46,-0.9375,-40.0625,25.1875,-0.53009033,-0.7106323,-0.17706299,-0.42736816
2d,1,Left Ankle,4602023,1779734576889,2.49,7.74,0.84,-5.375,-14.625,42.1875,-0.5283203,-0.7128906,-0.17034912,-0.42858887
2d,3,Left Wrist,4402054,1779734576898,0.7228338,-5.773585,-4.9268217,-60.084225,62.5597,138.91922,-101.545494,-33.747494,328.32492,0.0
2d,1,Left Ankle,4602049,1779734576916,2.1,8.29,-0.18,-1.625,-5.875,21.5,-0.5276489,-0.71417236,-0.16479492,-0.42938232
2d,4,Right Wrist,30604982,1779734576919,-0.4457631,1.6054841,2.8043883,55.23504,50.26111,-209.91628,-139.12492,-39.793297,210.24026,0.0
2d,2,Right Ankle,1644089,1779734576923,-9.071842,2.4003363,-0.77048886,-11.693362,-30.01376,-12.67238,56.268017,75.46809,277.45242,0.0
2d,1,Left Ankle,4602068,1779734576947,9.02,8.69,-4.07,-14.0,-15.1875,29.5625,-0.52734375,-0.7151489,-0.16021729,-0.42993164
2d,1,Left Ankle,4602086,1779734576949,-6.91,8.69,8.1,-30.125,3.125,-21.0625,-0.5305786,-0.7126465,-0.1560669,-0.43151855
2d,1,Left Ankle,4602104,1779734576976,-2.77,11.17,-1.56,-11.5,0.0,-60.8125,-0.5368042,-0.7102051,-0.16204834,-0.42565918
2d,1,Left Ankle,4602124,1779734576977,4.67,8.21,-1.44,1.75,-30.9375,-106.875,-0.54400635,-0.7086792,-0.171875,-0.41503906
2d,4,Right Wrist,30605041,1779734576978,-1.6996022,-1.0744776,1.9286151,10.78504,57.05111,-180.44627,-139.12541,-39.842113,210.26959,0.0
2d,3,Left Wrist,4402114,1779734576989,1.3880384,-3.3687978,-5.4891353,34.905777,34.2797,109.939224,-101.60005,-33.69411,328.34583,0.0
2d,1,Left Ankle,4602146,1779734577016,7.16,7.36,-2.9,-7.125,-100.125,-115.6875,-0.5548096,-0.71051025,-0.17779541,-0.3945923
2d,2,Right Ankle,1644149,1779734577016,-9.40923,2.7999377,-0.2727818,-22.823362,-27.563759,-27.722382,56.439304,75.47894,277.6226,0.0
2d,1,Left Ankle,4602171,1779734577040,9.33,6.51,-4.06,-13.375,-143.75,-102.3125,-0.5671997,-0.7149048,-0.17712402,-0.3685913
2d,4,Right Wrist,30605131,1779734577040,-2.1877382,-6.0946193,2.1415763,55.23504,15.821112,-133.40628,-139.09091,-39.859795,210.28412,0.0
2d,1,Left Ankle,4602190,1779734577067,9.83,6.23,-3.26,-20.75,-161.75,-77.1875,-0.5791626,-0.7200928,-0.17089844,-0.34173584
2d,1,Left Ankle,4602211,1779734577068,12.66,6.33,-7.8,-6.875,-102.5625,-51.25,-0.58935547,-0.7258911,-0.16369629,-0.31463623
2d,2,Right Ankle,1644209,1779734577083,-9.72269,1.136926,0.32303107,-32.27336,0.8562402,-35.21238,56.467464,75.54998,277.65912,0.0
2d,1,Left Ankle,4602227,1779734577096,11.55,4.8,-7.58,8.625,-73.8125,-16.125,-0.590271,-0.72802734,-0.16125488,-0.30914307
2d,4,Right Wrist,30605192,1779734577105,-2.9606197,-8.513763,2.333002,34.445038,-13.648888,-80.206276,-139.05672,-39.85525,210.28857,0.0
2d,3,Left Wrist,4402174,1779734577115,3.055836,-5.09163,-4.1778684,71.72577,23.3597,90.689224,-101.637596,-33.65125,328.3686,0.0
2d,1,Left Ankle,4602253,1779734577126,3.85,8.33,-5.6,23.125,-33.5,20.1875,-0.5888672,-0.7328491,-0.15466309,-0.3036499
2d,1,Left Ankle,4602273,1779734577126,-0.06,9.17,-3.83,26.25,-5.375,10.8125,-0.5836792,-0.737854,-0.15368652,-0.30218506
2d,2,Right Ankle,1644299,1779734577140,-8.985701,0.08886962,0.19860429,16.936638,-9.15376,3.2876189,56.44947,75.61769,277.63544,0.0
2d,1,Left Ankle,4602287,1779734577157,0.1,10.19,-4.07,25.6875,-22.875,-20.875,-0.5828247,-0.7393799,-0.15466309,-0.2994995
2d,4,Right Wrist,30605251,1779734577159,-2.4988048,-8.544869,1.8807585,-19.80496,-33.178886,-31.136272,-139.03271,-39.833363,210.28088,0.0
2d,3,Left Wrist,4402368,1779734577173,5.482158,-6.204293,-3.4504504,17.475777,-23.8903,24.53922,-101.7423,-33.69188,328.4505,0.0
2d,1,Left Ankle,4602312,1779734577186,1.62,9.85,-3.47,23.1875,-61.3125,-43.8125,-0.58325195,-0.7432251,-0.15557861,-0.28851318
2d,1,Left Ankle,4602329,1779734577187,2.67,7.57,-0.67,14.9375,-84.1875,-51.8125,-0.58551025,-0.7474365,-0.15496826,-0.27282715
2d,2,Right Ankle,1644359,1779734577196,-9.5910845,1.512599,1.3351951,-5.953362,-1.2437598,35.13762,56.311405,75.67143,277.5053,0.0
2d,1,Left Ankle,4602357,1779734577217,0.82,7.57,0.89,8.5,-64.1875,-41.3125,-0.5889282,-0.75109863,-0.15496826,-0.25494385
2d,1,Left Ankle,4602374,1779734577259,-1.24,8.71,3.29,1.125,-16.3125,-34.875,-0.5907593,-0.7514038,-0.15716553,-0.24841309
2d,1,Left Ankle,4602389,1779734577260,-1.09,9.13,3.59,-2.5625,-1.5625,-35.8125,-0.59210205,-0.75109863,-0.15802002,-0.24554443
2d,4,Right Wrist,30605312,1779734577260,-4.604489,-6.489435,0.57906306,-33.45496,-41.15889,-1.316272,-139.01883,-39.793465,210.272,0.0
2d,2,Right Ankle,1644419,1779734577260,-8.9665575,2.498442,0.5766703,-5.8833623,11.14624,37.16762,56.595898,75.65556,277.7855,0.0
2d,3,Left Wrist,4402387,1779734577260,3.500901,-7.424632,-3.266203,4.3157763,-26.2703,13.549221,-101.80303,-33.643574,328.49167,0.0
2d,1,Left Ankle,4602416,1779734577281,5.37,13.21,-2.45,-13.5,35.5625,-39.4375,-0.59521484,-0.74572754,-0.16986084,-0.24645996
2d,1,Left Ankle,4602429,1779734577307,6.13,13.54,-3.07,-18.9375,63.875,-29.9375,-0.5961304,-0.74298096,-0.17456055,-0.24926758
2d,4,Right Wrist,30605372,1779734577309,-8.873285,-5.7691956,0.2321038,-35.69496,-37.23889,55.453728,-139.00635,-39.73999,210.25136,0.0
2d,1,Left Ankle,4602452,1779734577309,-1.52,9.97,-2.65,-35.5,56.375,-31.0625,-0.6018677,-0.7321167,-0.18615723,-0.2590332
2d,2,Right Ankle,1644479,1779734577313,-9.626976,2.1586611,0.6436693,-1.2633619,14.15624,8.537619,56.819893,75.67836,278.0044,0.0
2d,3,Left Wrist,4402444,1779734577323,0.4715876,-6.43161,-4.8287163,-3.4542236,-43.700302,-22.640781,-101.87389,-33.595997,328.544,0.0
2d,1,Left Ankle,4602474,1779734577336,2.18,7.87,-3.65,-31.875,17.0625,-27.0,-0.6065674,-0.7266846,-0.190979,-0.2598877
2d,1,Left Ankle,4602494,1779734577370,-0.01,8.91,-4.01,-38.1875,5.375,-1.375,-0.6109009,-0.7224121,-0.19104004,-0.26159668
2d,4,Right Wrist,30605461,1779734577370,-12.000704,-0.6892331,0.9212367,14.775041,-5.5288887,97.52373,-138.97711,-39.692757,210.2172,0.0
2d,2,Right Ankle,1644540,1779734577380,-9.397266,2.3859792,-0.41156548,13.436638,25.356241,-23.732382,57.050625,75.70956,278.22415,0.0
2d,3,Left Wrist,4402534,1779734577380,-1.9427707,-8.276477,-4.381258,46.805775,-43.420303,-60.650776,-101.90331,-33.543262,328.5853,0.0
2d,1,Left Ankle,4602522,1779734577395,0.05,8.59,-1.25,-36.125,-1.125,1.625,-0.6173706,-0.7168579,-0.18829346,-0.26367188
2d,1,Left Ankle,4602540,1779734577397,0.91,9.48,0.22,-31.625,5.75,7.875,-0.61883545,-0.7150879,-0.18786621,-0.26531982
2d,1,Left Ankle,4602568,1779734577426,1.53,10.95,-0.05,-27.8125,-4.375,13.4375,-0.623291,-0.7110596,-0.18347168,-0.26867676
2d,2,Right Ankle,1644599,1779734577433,-8.990486,1.8619511,-0.18185452,2.4466376,26.82624,-43.61238,57.23595,75.758804,278.40283,0.0
2d,3,Left Wrist,4402594,1779734577438,-0.13858196,-11.312969,-3.0317063,78.37577,-25.990301,-68.700775,-101.8937,-33.490463,328.60663,0.0
2d,1,Left Ankle,4602583,1779734577459,1.36,10.32,0.35,-23.375,-8.75,17.75,-0.62579346,-0.7094116,-0.17932129,-0.27008057
2d,1,Left Ankle,4602613,1779734577487,1.61,10.28,-0.08,-19.0,-8.3125,17.3125,-0.62768555,-0.70825195,-0.17529297,-0.27142334
2d,1,Left Ankle,4602630,1779734577488,1.4,9.72,-0.45,-13.5625,4.0,14.8125,-0.62872314,-0.7070923,-0.1729126,-0.27349854
2d,2,Right Ankle,1644660,1779734577492,-9.710726,0.9215719,-0.7010971,18.126637,26.40624,-52.08238,57.351315,75.83189,278.50803,0.0
2d,3,Left Wrist,4402654,1779734577497,1.0123656,-10.939689,-0.5479564,-15.214224,13.1397,-44.480778,-101.872505,-33.442738,328.59097,0.0
2d,1,Left Ankle,4602654,1779734577521,2.27,9.44,-1.4,-10.3125,12.0625,10.4375,-0.62927246,-0.70581055,-0.171875,-0.27624512
2d,4,Right Wrist,30605522,1779734577521,-9.722736,0.84695935,2.0841484,3.64504,27.441113,27.803728,-138.96182,-39.676083,210.19775,0.0
2d,1,Left Ankle,4602672,1779734577545,2.42,9.19,-1.01,-9.875,-3.25,0.625,-0.63061523,-0.70422363,-0.17102051,-0.277771
2d,1,Left Ankle,4602690,1779734577546,1.77,9.06,-0.69,-9.375,-7.0625,-3.25,-0.6314697,-0.7038574,-0.17041016,-0.2770996
2d,2,Right Ankle,1644719,1779734577560,-7.7246833,0.44300738,-2.8977082,-1.3333621,10.586241,-19.672382,57.514614,75.88565,278.6667,0.0
2d,3,Left Wrist,4402714,1779734577560,1.8737819,-9.116358,0.17467606,-61.904224,48.4197,-40.000782,-101.84576,-33.406403,328.5529,0.0
2d,1,Left Ankle,4602712,1779734577584,0.85,9.32,-0.86,-7.3125,-3.5,-3.1875,-0.6331177,-0.7028198,-0.17004395,-0.27618408
2d,4,Right Wrist,30605715,1779734577584,0.6477568,-1.5961131,-0.36131623,-11.54496,19.601112,-34.00627,-138.87889,-39.67413,210.15308,0.0
2d,1,Left Ankle,4602727,1779734577606,1.11,9.57,-0.62,-3.25,2.75,-4.875,-0.63342285,-0.70251465,-0.17041016,-0.27618408
2d,1,Left Ankle,4602754,1779734577607,2.81,9.9,-0.48,-1.375,3.5,-9.0,-0.63409424,-0.70166016,-0.17218018,-0.27545166
2d,2,Right Ankle,1644780,1779734577613,-8.219997,1.390565,0.6484549,2.376638,-1.9437598,24.98762,57.619606,75.934326,278.7687,0.0
2d,3,Left Wrist,4402774,1779734577627,2.8979099,-9.271891,0.60777694,-77.65423,65.9897,-17.390781,-101.80965,-33.375824,328.5003,0.0
2d,1,Left Ankle,4602772,1779734577640,0.81,10.26,-0.54,-1.875,-1.9375,-6.25,-0.6347046,-0.701416,-0.17272949,-0.2744751
2d,1,Left Ankle,4602790,1779734577668,1.62,9.51,-0.7,1.1875,0.8125,-8.375,-0.63500977,-0.70147705,-0.17272949,-0.27355957
2d,1,Left Ankle,4602816,1779734577669,0.84,9.8,-0.64,6.4375,2.125,0.3125,-0.63409424,-0.70196533,-0.1739502,-0.2736206
2d,4,Right Wrist,30605734,1779734577669,0.39890325,-1.2252251,-0.91645104,-8.67496,6.791112,-27.706272,-138.84439,-39.61636,210.13353,0.0
2d,2,Right Ankle,1644839,1779734577673,-7.734254,-1.0644709,2.2899313,-51.873363,-47.37376,60.75762,57.364845,75.94161,278.53848,0.0
2d,3,Left Wrist,4402834,1779734577678,2.4983087,-10.418053,-0.031106694,-23.264223,47.1597,-1.0107765,-101.76814,-33.324734,328.45963,0.0
2d,1,Left Ankle,4602834,1779734577707,1.16,9.66,-0.51,10.6875,2.25,5.3125,-0.6328125,-0.703125,-0.17382812,-0.27374268
2d,1,Left Ankle,4602854,1779734577727,1.01,9.83,-0.38,13.125,1.625,10.6875,-0.6311035,-0.7044678,-0.1739502,-0.27416992
2d,4,Right Wrist,30605791,1779734577729,-0.933899,1.2441677,-0.0071784677,-24.56496,-16.868889,-5.026272,-138.88162,-39.609074,210.1558,0.0
2d,3,Left Wrist,4402894,1779734577742,2.6681986,-14.414067,0.059820566,5.8557763,-3.3803008,28.389221,-101.72901,-33.25861,328.43854,0.0
2d,1,Left Ankle,4602877,1779734577762,1.1,9.6,-1.14,14.5,5.25,14.0,-0.6287842,-0.70617676,-0.17388916,-0.27520752
2d,1,Left Ankle,4602904,1779734577762,1.08,9.48,-0.96,17.125,9.25,16.625,-0.6258545,-0.7080078,-0.17352295,-0.2774048
2d,2,Right Ankle,1644899,1779734577764,-8.437744,-0.49976477,-4.685147,5.7366376,-15.663759,27.297619,57.52862,75.98226,278.6956,0.0
2d,1,Left Ankle,4602922,1779734577795,1.54,9.89,-0.98,20.375,9.25,20.25,-0.6206665,-0.7112427,-0.1729126,-0.28118896
2d,4,Right Wrist,30605881,1779734577795,-4.4776692,2.6200411,-0.53359944,3.8550396,-10.358889,-44.996273,-138.91093,-39.600372,210.18631,0.0
2d,3,Left Wrist,4402955,1779734577798,3.3692958,-10.958831,-0.13399807,-26.484224,-49.1603,60.30922,-101.70389,-33.18213,328.43018,0.0
2d,1,Left Ankle,4602941,1779734577816,1.43,10.0,-0.61,22.5,10.9375,21.5625,-0.61657715,-0.7138672,-0.17211914,-0.28381348
2d,1,Left Ankle,4602966,1779734577848,2.07,9.56,-0.39,24.625,11.625,22.9375,-0.6121826,-0.71661377,-0.1716919,-0.28674316
2d,1,Left Ankle,4602978,1779734577848,2.39,9.62,-0.42,25.5,8.125,25.8125,-0.6099243,-0.7180786,-0.17114258,-0.288208
2d,4,Right Wrist,30605942,1779734577849,-6.5881395,-1.3568308,-1.2107683,-0.48496008,1.961112,-64.38628,-138.92316,-39.58172,210.2067,0.0
2d,2,Right Ankle,1645063,1779734577852,-9.794475,1.4216719,0.8494521,39.47664,-28.68376,7.347619,57.289696,76.02155,278.47812,0.0
2d,3,Left Wrist,4403014,1779734577864,3.936395,-9.367604,-1.5625132,-67.01423,-75.1303,60.09922,-101.72428,-33.083324,328.44647,0.0
2d,1,Left Ankle,4603003,1779734577885,1.71,10.08,-0.64,29.9375,2.625,34.5625,-0.602417,-0.7233887,-0.16796875,-0.2925415
2d,1,Left Ankle,4603022,1779734577887,2.7,10.44,-1.44,34.25,-0.375,34.6875,-0.5963135,-0.7279053,-0.16522217,-0.29541016
2d,1,Left Ankle,4603043,1779734577907,2.54,11.71,-1.61,33.875,16.75,42.125,-0.5895996,-0.7319336,-0.16271973,-0.30029297
2d,4,Right Wrist,30606001,1779734577917,-8.416256,-2.8475592,-1.0791631,18.27504,14.841112,-52.906273,-138.91777,-39.56397,210.21544,0.0
2d,2,Right Ankle,1645082,1779734577917,-8.279818,-0.17434089,0.9882358,-0.0033621788,-29.313759,11.057619,57.10792,76.07827,278.30014,0.0
2d,3,Left Wrist,4403074,1779734577918,1.6105711,-9.066109,-3.9577286,-22.984224,-89.4803,58.769222,-101.78937,-32.9921,328.4997,0.0
2d,1,Left Ankle,4603065,1779734577946,2.68,11.79,-1.06,24.5625,12.0,46.125,-0.5836792,-0.73516846,-0.15991211,-0.30541992
2d,1,Left Ankle,4603080,1779734577946,2.33,11.38,-0.7,19.375,11.3125,45.6875,-0.5811157,-0.7364502,-0.15814209,-0.3081665
2d,1,Left Ankle,4603103,1779734577968,2.52,10.36,-0.48,6.0625,8.1875,35.375,-0.57592773,-0.73876953,-0.15289307,-0.31488037
2d,2,Right Ankle,1645139,1779734577973,-9.478622,4.1470966,0.4019942,-23.593363,-17.063759,-8.822382,57.32086,76.03661,278.51318,0.0
2d,3,Left Wrist,4403134,1779734577984,-1.4785633,-9.99931,-7.2239313,47.785778,-18.8503,86.69922,-101.82307,-32.89932,328.5273,0.0
2d,1,Left Ankle,4603125,1779734577999,1.41,9.72,-0.49,0.875,-2.6875,21.4375,-0.57440186,-0.739624,-0.14971924,-0.31713867
2d,1,Left Ankle,4603147,1779734578000,-1.21,9.52,-0.49,1.1875,4.4375,10.1875,-0.5739136,-0.7401123,-0.1473999,-0.3180542
2d,1,Left Ankle,4603170,1779734578029,-2.8,9.21,0.51,-0.9375,13.9375,1.3125,-0.5734863,-0.739624,-0.14801025,-0.31958008
2d,4,Right Wrist,30606062,1779734578030,-10.47169,-6.5037923,1.3471591,56.425037,9.5211115,-30.016273,-138.88228,-39.545635,210.2098,0.0
2d,2,Right Ankle,1645200,1779734578033,-9.256089,1.7853808,0.79681,-12.533361,-15.45376,-32.062378,57.42074,76.08615,278.61182,0.0
2d,3,Left Wrist,4403194,1779734578040,1.3353964,-13.205691,-6.9248285,-4.8542233,53.4597,117.429214,-101.852776,-32.800804,328.5201,0.0
2d,1,Left Ankle,4603185,1779734578058,-2.47,7.59,4.36,-10.625,8.25,-2.6875,-0.5740967,-0.7379761,-0.14923096,-0.3217163
2d,1,Left Ankle,4603213,1779734578085,-1.11,7.67,2.79,-30.1875,-52.3125,-31.0625,-0.5797119,-0.7369995,-0.14666748,-0.3151245
2d,1,Left Ankle,4603227,1779734578086,-1.81,7.58,-0.78,-33.1875,-85.75,-60.0625,-0.58862305,-0.73651123,-0.14404297,-0.3005371
2d,4,Right Wrist,30606225,1779734578089,-5.0160546,-8.054341,0.63649076,-0.6949599,16.52111,-10.766272,-138.8255,-39.505684,210.17523,0.0
2d,2,Right Ankle,1645259,1779734578097,-9.059877,1.311602,0.8494521,-4.273362,-8.873759,-34.02238,57.378548,76.162636,278.57013,0.0
2d,3,Left Wrist,4403254,1779734578098,5.4678016,-5.790334,-4.2113676,-67.22423,32.8097,135.06923,-101.93293,-32.77829,328.53326,0.0
2d,1,Left Ankle,4603253,1779734578129,4.35,8.18,-4.19,-9.3125,-50.875,-80.75,-0.59802246,-0.73565674,-0.14971924,-0.28070068
2d,1,Left Ankle,4603272,1779734578147,8.95,5.13,-2.39,1.125,62.5625,-28.0625,-0.5985718,-0.73272705,-0.15881348,-0.28222656
2d,1,Left Ankle,4603293,1779734578147,14.48,4.83,-3.91,1.3125,79.0,5.25,-0.5964966,-0.72888184,-0.16723633,-0.29144287
2d,4,Right Wrist,30606244,1779734578150,-4.4154563,-8.238588,0.14596218,10.99504,12.041112,-10.486272,-138.78418,-39.480076,210.15138,0.0
2d,2,Right Ankle,1645319,1779734578153,-9.717904,-0.76058245,1.0504491,-44.38336,6.3162403,5.737619,57.224216,76.228424,278.436,0.0
2d,3,Left Wrist,4403314,1779734578166,6.7838535,-2.99791,-1.9286151,59.755775,30.4997,80.95922,-101.929085,-32.824028,328.5288,0.0
2d,1,Left Ankle,4603316,1779734578177,4.96,11.29,-9.11,3.1875,53.375,15.125,-0.59472656,-0.7280884,-0.16992188,-0.2954712
2d,1,Left Ankle,4603352,1779734578205,8.84,14.04,-8.99,38.5625,-145.6875,-81.125,-0.6012573,-0.7398071,-0.1663208,-0.25201416
2d,1,Left Ankle,4603330,1779734578205,3.4,14.71,-9.24,14.4375,-54.875,-44.75,-0.5957031,-0.7295532,-0.17022705,-0.28961182
2d,4,Right Wrist,30606301,1779734578209,-4.212066,-8.664511,0.49292147,1.3350401,-8.468889,-7.4762716,-138.74792,-39.450314,210.13165,0.0
2d,1,Left Ankle,4603374,1779734578243,6.62,15.8,-7.22,43.5625,-121.5,-81.3125,-0.6027832,-0.7470703,-0.16503906,-0.22650146
2d,2,Right Ankle,1645379,1779734578243,-8.863667,2.1945534,1.4285151,-16.873362,-8.94376,34.43762,57.22588,76.151024,278.44427,0.0
2d,1,Left Ankle,4603391,1779734578277,5.94,14.12,-6.14,43.75,-114.8125,-85.375,-0.60369873,-0.7532959,-0.16552734,-0.20172119
2d,1,Left Ankle,4603415,1779734578277,4.81,9.23,-9.43,42.125,-147.8125,-79.0,-0.60479736,-0.7597046,-0.16308594,-0.17456055
2d,3,Left Wrist,4403375,1779734578278,8.068799,-4.7159567,-1.6103697,66.26577,53.109703,28.739222,-101.905594,-32.890842,328.5116,0.0
2d,1,Left Ankle,4603435,1779734578300,1.85,7.54,-11.37,54.8125,-188.4375,-62.8125,-0.6048584,-0.7678833,-0.15478516,-0.14324951
2d,4,Right Wrist,30606362,1779734578301,-6.7580295,-6.221439,2.4382863,-33.10496,-41.578888,39.143726,-138.73093,-39.407475,210.11298,0.0
2d,2,Right Ankle,1645439,1779734578303,-9.356588,3.22586,1.9381864,5.9466376,-9.43376,5.387619,57.24383,76.080635,278.4593,0.0
2d,1,Left Ankle,4603458,1779734578330,0.71,5.58,-12.39,79.875,-239.875,-52.9375,-0.6021118,-0.7786865,-0.14056396,-0.10650635
2d,1,Left Ankle,4603475,1779734578330,0.08,4.0,-9.78,90.3125,-301.1875,-40.25,-0.59729004,-0.7908325,-0.11859131,-0.061523438
2d,3,Left Wrist,4403464,1779734578337,8.171691,-6.7857485,-2.0410776,176.86577,64.0997,-175.38077,-101.85518,-33.029255,328.50992,0.0
2d,1,Left Ankle,4603503,1779734578371,0.28,3.31,-5.71,89.75,-329.0,-19.4375,-0.59088135,-0.80163574,-0.08959961,-0.013977051
2d,4,Right Wrist,30606421,1779734578372,-6.1382885,-3.158626,2.6105695,-60.68496,-81.19888,71.55373,-138.73111,-39.350628,210.09958,0.0
2d,2,Right Ankle,1645529,1779734578372,-11.139241,1.390565,2.1152554,72.44664,-22.66376,-54.60238,56.95278,76.11727,278.1481,0.0
2d,1,Left Ankle,4603521,1779734578390,-1.89,2.83,-3.36,88.875,-302.125,-12.875,-0.5777588,-0.8132324,-0.047790527,0.050476074
2d,3,Left Wrist,4403554,1779734578398,3.3310108,-16.577177,-13.182059,185.96577,101.689705,-204.01077,-101.8411,-33.063778,328.52078,0.0
2d,1,Left Ankle,4603541,1779734578420,-4.23,4.36,2.58,88.9375,-228.9375,-12.875,-0.56707764,-0.8192749,-0.02911377,0.08001709
2d,4,Right Wrist,30606511,1779734578420,16.756239,-4.0726843,-3.9050865,120.05504,-77.55888,214.07373,-138.65416,-39.33531,210.04774,0.0
2d,1,Left Ankle,4603565,1779734578448,-4.5,4.44,4.26,79.8125,-110.0,-7.4375,-0.5566406,-0.82543945,-0.021057129,0.09161377
2d,2,Right Ankle,1645589,1779734578461,-8.720097,0.40472224,1.3208381,78.396645,3.5162401,-51.87238,56.745193,76.19002,277.91785,0.0
2d,3,Left Wrist,4403614,1779734578461,-7.771686,-27.222847,-16.543976,-208.62422,142.00969,102.86922,-101.915436,-32.970245,328.4747,0.0
2d,1,Left Ankle,4603583,1779734578461,-4.65,5.43,6.08,71.9375,137.625,38.8125,-0.5466919,-0.83343506,-0.024169922,0.07727051
2d,1,Left Ankle,4603603,1779734578478,-6.18,5.17,6.45,65.125,279.1875,47.125,-0.5360718,-0.8424072,-0.039489746,0.03778076
2d,1,Left Ankle,4603623,1779734578479,-3.2,7.0,5.69,36.9375,368.8125,50.625,-0.5266113,-0.8475342,-0.06378174,-0.016479492
2d,4,Right Wrist,30606572,1779734578480,32.3383,-9.698211,13.883158,204.40504,-395.2189,538.73376,-138.51654,-39.14041,209.96721,0.0
2d,1,Left Ankle,4603638,1779734578506,-1.97,8.5,1.2,26.1875,366.25,35.4375,-0.52246094,-0.8479614,-0.07751465,-0.044128418
2d,2,Right Ankle,1645649,1779734578521,-9.806438,-2.693983,2.4598217,17.496637,20.80624,4.687619,56.56696,76.23867,277.74045,0.0
2d,3,Left Wrist,4403674,1779734578528,-0.42332828,-28.254154,-1.6558332,-185.73422,53.8097,356.6192,-101.93088,-32.787354,328.4108,0.0
2d,1,Left Ankle,4603663,1779734578536,-1.9,8.37,7.49,-8.125,220.0625,6.5625,-0.51330566,-0.84454346,-0.111572266,-0.10430908
2d,1,Left Ankle,4603682,1779734578536,-2.04,8.6,8.53,-45.0,90.25,-35.3125,-0.5163574,-0.83862305,-0.12487793,-0.12030029
2d,4,Right Wrist,30606631,1779734578538,49.391945,6.3337016,15.428921,-354.68497,-690.4089,732.0038,-138.60872,-38.829857,209.92235,0.0
2d,1,Left Ankle,4603706,1779734578569,-1.95,10.65,7.83,-61.8125,44.0,-51.1875,-0.5263672,-0.8308716,-0.13366699,-0.12121582
2d,2,Right Ankle,1645740,1779734578573,-9.531264,2.1131976,-0.076570325,-18.203362,37.67624,54.24762,56.858505,76.25419,278.0349,0.0
2d,3,Left Wrist,4403734,1779734578586,14.036498,-27.174992,13.466805,-138.76422,146.2797,406.3192,-101.87449,-32.656384,328.28738,0.0
2d,1,Left Ankle,4603723,1779734578596,-2.8,14.99,8.89,-34.875,120.6875,-52.3125,-0.532959,-0.8232422,-0.14672852,-0.12915039
2d,1,Left Ankle,4603743,1779734578597,-3.32,20.52,-5.98,-42.9375,270.9375,-27.375,-0.5309448,-0.8105469,-0.18054199,-0.16894531
2d,4,Right Wrist,30606692,1779734578599,70.02047,12.167403,40.127636,-522.68494,-791.6289,466.4937,-138.8297,-38.54856,209.99321,0.0
2d,2,Right Ankle,1645799,1779734578640,-9.698761,0.9885709,1.6271194,-1.8233619,50.62624,41.71762,56.71536,76.29482,277.9019,0.0
2d,3,Left Wrist,4403794,1779734578640,34.24389,-11.013865,12.102897,-101.94423,175.1897,256.23923,-101.82977,-32.62525,328.17816,0.0
2d,1,Left Ankle,4603766,1779734578640,4.86,9.92,-2.82,-34.125,351.125,-103.25,-0.52593994,-0.7930298,-0.2244873,-0.21002197
2d,1,Left Ankle,4603803,1779734578660,31.55,20.56,-10.67,-86.625,-239.5,-149.1875,-0.5281372,-0.7720337,-0.27111816,-0.22717285
2d,1,Left Ankle,4603778,1779734578660,13.48,12.71,-14.55,-44.5,342.25,-79.0625,-0.5236206,-0.78308105,-0.24407959,-0.23016357
2d,4,Right Wrist,30606751,1779734578660,27.452158,3.3187447,33.6383,-564.05493,-288.53888,-135.08627,-139.09138,-38.528816,210.11313,0.0
2d,1,Left Ankle,4603823,1779734578689,9.21,3.86,4.25,-115.0,-274.625,-117.1875,-0.5598755,-0.7664795,-0.2559204,-0.18322754
2d,2,Right Ankle,1645859,1779734578692,-7.0834064,2.778402,-2.6392832,-18.693361,66.376236,26.177618,57.063053,76.31301,278.2518,0.0
2d,3,Left Wrist,4403854,1779734578697,38.811787,-6.7953196,6.8339014,87.33577,76.4197,-106.57077,-101.77006,-32.72094,328.1468,0.0
2d,4,Right Wrist,30606812,1779734578719,3.574179,-3.1394835,28.161129,-44.51496,15.821112,-146.14627,-139.11244,-38.578823,210.14392,0.0
2d,1,Left Ankle,4603840,1779734578719,-26.71,5.53,-10.6,-112.5,-206.1875,-4.125,-0.5715332,-0.7640991,-0.24468994,-0.1720581
2d,1,Left Ankle,4603863,1779734578719,-4.1,10.52,5.37,-71.5625,90.1875,-40.3125,-0.5897217,-0.75061035,-0.2423706,-0.17358398
2d,1,Left Ankle,4603887,1779734578745,-0.81,15.44,-1.64,-49.9375,173.875,-3.0625,-0.5909424,-0.7392578,-0.25701904,-0.1954956
2d,2,Right Ankle,1645919,1779734578758,-10.744426,3.350287,-2.07697,-30.523363,51.39624,7.347619,57.362278,76.33498,278.55682,0.0
2d,1,Left Ankle,4603914,1779734578785,2.69,8.52,-2.62,-65.625,113.5625,-18.125,-0.59332275,-0.72784424,-0.26940918,-0.21356201
2d,4,Right Wrist,30606872,1779734578785,5.8425746,-0.8112673,32.870205,7.70504,178.2211,-133.26628,-139.085,-38.670483,210.12413,0.0
2d,3,Left Wrist,4403915,1779734578787,15.905294,-11.554645,8.233703,90.69577,-188.04031,-165.37077,-101.74302,-32.793327,328.2133,0.0
2d,1,Left Ankle,4603932,1779734578805,1.58,10.87,-4.97,-62.3125,43.4375,13.3125,-0.60040283,-0.71588135,-0.272583,-0.22955322
2d,1,Left Ankle,4603955,1779734578847,-2.19,14.7,-1.11,-58.375,28.0625,41.25,-0.602478,-0.7133179,-0.27038574,-0.23468018
2d,1,Left Ankle,4603972,1779734578847,-4.58,9.89,3.71,-64.875,137.875,27.8125,-0.60406494,-0.7008667,-0.27294922,-0.26342773
2d,4,Right Wrist,30606932,1779734578847,19.108383,-1.5985055,44.949173,160.37505,502.6711,-107.29627,-138.9386,-38.8462,209.99982,0.0
2d,2,Right Ankle,1645979,1779734578848,-10.873637,1.6537756,-5.6279187,-56.353363,57.13624,-4.0623813,57.618534,76.3833,278.8287,0.0
2d,3,Left Wrist,4403974,1779734578858,2.5126655,-17.976978,17.460426,259.11578,-466.9903,-76.47078,-101.71223,-32.77594,328.38443,0.0
2d,1,Left Ankle,4603992,1779734578872,-1.85,5.71,4.75,-64.125,154.375,29.5625,-0.6019287,-0.68829346,-0.2831421,-0.2894287
2d,1,Left Ankle,4604016,1779734578896,-3.48,5.42,5.24,-58.25,211.625,44.5625,-0.5970459,-0.67352295,-0.29663086,-0.3192749
2d,1,Left Ankle,4604033,1779734578897,4.91,7.77,-0.89,-46.375,118.375,-14.5625,-0.59661865,-0.6602173,-0.30828857,-0.3363037
2d,4,Right Wrist,30606992,1779734578898,37.604904,-1.9263223,55.42495,164.78503,665.8411,-220.97627,-138.78406,-39.094814,209.86507,0.0
2d,3,Left Wrist,4404064,1779734578907,-6.515454,-17.024637,24.88057,117.22577,-466.7103,67.659225,-101.73078,-32.70544,328.54678,0.0
2d,1,Left Ankle,4604056,1779734578928,4.69,9.05,-3.9,-40.0625,88.125,-13.875,-0.5979004,-0.6511841,-0.31524658,-0.34503174
2d,1,Left Ankle,4604072,1779734578929,1.68,6.17,-4.68,-35.8125,25.625,-33.1875,-0.60198975,-0.64404297,-0.3196411,-0.3474121
2d,2,Right Ankle,1646040,1779734578932,-9.337445,-1.7033545,-8.327023,-146.51335,71.13624,-6.792381,57.82562,76.45207,279.08435,0.0
2d,1,Left Ankle,4604088,1779734578956,0.05,5.33,-5.82,-30.875,17.875,-27.0,-0.6035156,-0.6408081,-0.3218994,-0.34857178
2d,3,Left Wrist,4404125,1779734578969,-6.1780667,-9.757634,17.089539,35.885777,-375.8503,84.66922,-101.759,-32.635345,328.6719,0.0
2d,1,Left Ankle,4604111,1779734578996,2.02,14.69,-3.92,-12.375,19.9375,3.9375,-0.60443115,-0.6364746,-0.32373047,-0.3531494
2d,1,Left Ankle,4604135,1779734578996,0.98,18.24,0.22,-30.3125,34.875,-17.875,-0.6057129,-0.63049316,-0.328125,-0.35760498
2d,2,Right Ankle,1646129,1779734578996,-7.509329,3.9054217,2.7326033,-327.32336,89.126236,49.06762,57.837017,76.39321,279.21484,0.0
2d,1,Left Ankle,4604153,1779734579018,-0.62,5.04,1.18,-25.5,44.25,-6.875,-0.60723877,-0.6244507,-0.33215332,-0.36193848
2d,3,Left Wrist,4404184,1779734579029,-2.9788628,-10.028023,13.797015,-5.2742233,-382.8503,-1.7107773,-101.80381,-32.594715,328.8054,0.0
2d,1,Left Ankle,4604175,1779734579046,0.9,8.56,1.08,-20.8125,51.0,4.5625,-0.60583496,-0.6199341,-0.33563232,-0.3687744
2d,1,Left Ankle,4604191,1779734579048,2.96,14.73,1.35,-7.8125,40.5625,-2.25,-0.6051636,-0.6166382,-0.33953857,-0.37176514
2d,4,Right Wrist,30607051,1779734579048,59.106804,-13.708582,76.429146,-64.25496,815.2911,-334.93628,-138.70131,-39.40906,209.72122,0.0
2d,2,Right Ankle,1646219,1779734579061,-3.6329558,-11.245932,6.5563345,-134.19336,61.96624,10.427619,57.697258,76.4258,279.12933,0.0
2d,1,Left Ankle,4604217,1779734579081,-0.18,7.26,1.07,6.875,1.3125,-24.875,-0.6060791,-0.6151123,-0.34283447,-0.36987305
2d,3,Left Wrist,4404245,1779734579088,-7.417549,-1.8541409,5.970093,-46.994225,-228.1503,-4.6507797,-101.845665,-32.558094,328.8851,0.0
2d,1,Left Ankle,4604231,1779734579112,0.13,8.71,1.14,18.9375,-5.5625,-17.1875,-0.6043701,-0.6166382,-0.34576416,-0.36730957
2d,1,Left Ankle,4604253,1779734579112,-0.69,10.38,-1.44,30.0,-14.125,-3.0625,-0.60235596,-0.6203003,-0.3466797,-0.36358643
2d,1,Left Ankle,4604273,1779734579137,-0.49,8.65,-0.18,31.3125,-8.5,3.3125,-0.59954834,-0.62420654,-0.34735107,-0.36083984
2d,2,Right Ankle,1646280,1779734579144,2.518991,-7.43895,-1.5744772,-70.77336,44.60624,94.56762,57.727783,76.446945,279.19028,0.0
2d,3,Left Wrist,4404304,1779734579147,-2.249052,-11.482859,2.5339992,69.41577,9.989699,-49.730778,-101.78708,-32.52979,328.86676,0.0
2d,1,Left Ankle,4604293,1779734579166,-0.46,8.06,-1.42,25.9375,-13.6875,12.0625,-0.5960083,-0.6274414,-0.34814453,-0.36035156
2d,4,Right Wrist,30607215,1779734579177,-0.01984072,12.308579,19.113867,600.18506,204.12111,469.36374,-138.06708,-39.648438,209.16765,0.0
2d,1,Left Ankle,4604319,1779734579203,1.08,11.63,-0.76,26.0625,-24.375,20.0,-0.59350586,-0.6324463,-0.34558105,-0.35821533
2d,1,Left Ankle,4604337,1779734579203,-0.77,11.31,-0.37,26.9375,-22.0,27.1875,-0.59002686,-0.63775635,-0.34265137,-0.35736084
2d,2,Right Ankle,1646339,1779734579214,-6.17892,9.619483,0.24646074,-45.083363,-2.0837598,59.14762,57.940193,76.37067,279.41446,0.0
2d,1,Left Ankle,4604355,1779734579226,0.07,8.83,-0.67,29.375,-21.6875,31.3125,-0.5864868,-0.6435547,-0.3390503,-0.3562622
2d,3,Left Wrist,4404364,1779734579238,6.6809626,-14.351852,9.805787,-98.23423,137.31969,93.83922,-101.73574,-32.50455,328.77548,0.0
2d,1,Left Ankle,4604400,1779734579262,0.7,9.36,-0.42,32.25,-23.0,47.75,-0.5767212,-0.65753174,-0.3289795,-0.35620117
2d,2,Right Ankle,1646429,1779734579263,-3.6879907,4.778802,-1.1700902,126.55664,-58.923763,-4.552381,58.171158,76.31776,279.59167,0.0
2d,1,Left Ankle,4604378,1779734579262,-0.09,9.01,-0.73,32.1875,-23.5625,41.75,-0.5819092,-0.6503296,-0.3343506,-0.355896
2d,1,Left Ankle,4604416,1779734579294,0.93,10.13,-0.99,30.75,-22.3125,54.0,-0.57141113,-0.6647339,-0.32281494,-0.3569336
2d,4,Right Wrist,30607366,1779734579294,18.29961,9.839187,-5.1613183,-117.80496,169.12111,38.863728,-137.757,-39.719326,208.90038,0.0
2d,3,Left Wrist,4404424,1779734579296,11.598213,-14.777777,7.893922,-120.91423,77.9597,138.21922,-101.70245,-32.474594,328.70413,0.0
2d,1,Left Ankle,4604439,1779734579315,0.81,10.1,-1.22,31.375,-18.0,58.9375,-0.56500244,-0.6717529,-0.3170166,-0.35925293
2d,1,Left Ankle,4604457,1779734579316,1.02,9.13,-1.5,32.0625,-19.4375,63.125,-0.55859375,-0.6791382,-0.31011963,-0.3612671
2d,1,Left Ankle,4604475,1779734579354,0.98,9.69,-1.01,34.25,-20.8125,72.8125,-0.55145264,-0.68725586,-0.30212402,-0.3637085
2d,2,Right Ankle,1646490,1779734579354,-4.580514,4.520377,-3.7758741,95.47664,-79.36376,-25.342382,58.385033,76.30167,279.76044,0.0
2d,3,Left Wrist,4404514,1779734579357,9.779668,-11.327326,5.0081778,-2.0542235,103.9997,147.45923,-101.62199,-32.448757,328.62173,0.0
2d,1,Left Ankle,4604496,1779734579389,1.2,9.57,-1.12,33.1875,-24.9375,79.5625,-0.5439453,-0.69573975,-0.29284668,-0.36639404
2d,1,Left Ankle,4604521,1779734579389,1.55,9.6,-1.53,30.5,-28.875,88.1875,-0.5322876,-0.7089844,-0.27612305,-0.37121582
2d,1,Left Ankle,4604535,1779734579408,1.33,9.91,-1.32,27.875,-29.0,98.75,-0.527771,-0.71313477,-0.27056885,-0.37384033
2d,2,Right Ankle,1646549,1779734579412,-9.119699,0.0075136456,-10.549955,56.276638,-64.803764,-52.50238,58.505413,76.348785,279.8515,0.0
2d,3,Left Wrist,4404574,1779734579418,8.233905,-14.229819,2.376073,14.745776,126.049706,112.59923,-101.525986,-32.416447,328.52994,0.0
2d,1,Left Ankle,4604579,1779734579436,0.26,11.09,-1.02,15.875,-57.875,104.75,-0.51416016,-0.7317505,-0.2390747,-0.3781128
2d,1,Left Ankle,4604561,1779734579436,2.38,9.75,-0.94,20.3125,-51.8125,103.0625,-0.5203247,-0.7224121,-0.25567627,-0.37677002
2d,4,Right Wrist,30607489,1779734579438,11.276675,2.8832512,-3.3978083,-104.64496,-60.68889,-38.976273,-137.87767,-39.841915,208.93329,0.0
2d,1,Left Ankle,4604596,1779734579467,1.82,11.78,-1.24,13.75,-68.8125,94.625,-0.50878906,-0.74102783,-0.22198486,-0.37780762
2d,2,Right Ankle,1646639,1779734579477,-13.192283,7.516191,5.6446686,-83.23336,-122.413765,-72.80238,58.23588,76.289444,279.60614,0.0
2d,3,Left Wrist,4404634,1779734579490,5.44148,-15.184556,-0.64606214,-39.154224,115.4797,110.07922,-101.46639,-32.33417,328.45087,0.0
2d,1,Left Ankle,4604621,1779734579501,1.73,13.69,1.14,13.5625,-91.1875,84.0,-0.5029907,-0.755249,-0.19604492,-0.37176514
2d,1,Left Ankle,4604635,1779734579501,1.89,12.59,0.12,-2.4375,-68.9375,69.875,-0.5020752,-0.75842285,-0.18859863,-0.37036133
2d,1,Left Ankle,4604656,1779734579526,1.08,6.04,-2.08,-9.25,-39.1875,40.1875,-0.5014038,-0.7618408,-0.17834473,-0.36932373
2d,4,Right Wrist,30607612,1779734579534,4.543272,3.0100703,2.7086754,-43.324963,-132.3689,-96.44627,-138.03136,-39.903427,209.07497,0.0
2d,2,Right Ankle,1646700,1779734579535,-6.8321605,2.1371257,0.0047856453,-31.993362,-46.39376,-17.152382,58.41359,76.27786,279.7856,0.0
2d,3,Left Wrist,4404694,1779734579546,2.5772717,-14.308783,-2.3401804,-15.844223,83.4897,125.409225,-101.43981,-32.22356,328.40222,0.0
2d,1,Left Ankle,4604680,1779734579555,4.63,5.32,-4.2,-11.25,-45.875,19.5625,-0.5029297,-0.76434326,-0.17102051,-0.36553955
2d,1,Left Ankle,4604701,1779734579556,7.24,8.77,-5.98,-0.5625,-49.4375,33.875,-0.50268555,-0.76782227,-0.16278076,-0.36236572
2d,1,Left Ankle,4604725,1779734579585,7.78,6.94,-3.02,-2.0625,-75.6875,38.1875,-0.5028076,-0.7753906,-0.1449585,-0.3534546
2d,4,Right Wrist,30607652,1779734579589,2.942474,1.8902292,3.6011982,-20.574959,-120.88889,-105.82628,-138.07787,-39.923492,209.14293,0.0
2d,2,Right Ankle,1646759,1779734579593,-8.842132,2.8980432,-0.4881358,-3.573362,-29.24376,-35.70238,58.605495,76.281425,279.96964,0.0
2d,3,Left Wrist,4404754,1779734579598,1.7397839,-12.138493,-2.8067808,-35.094223,80.689705,167.33922,-101.43331,-32.096657,328.35907,0.0
2d,1,Left Ankle,4604743,1779734579623,-0.44,9.56,-0.13,-34.625,-82.375,11.375,-0.5064697,-0.77783203,-0.13323975,-0.3474121
2d,1,Left Ankle,4604763,1779734579623,3.03,8.45,-1.49,-43.3125,-109.125,-20.75,-0.51501465,-0.7800293,-0.1239624,-0.33319092
2d,1,Left Ankle,4604781,1779734579646,4.81,7.94,-1.23,-47.25,-128.1875,-37.75,-0.52679443,-0.78240967,-0.1149292,-0.31158447
2d,4,Right Wrist,30607742,1779734579650,-0.7807583,-1.6439695,4.127619,-13.99496,-82.388885,-109.88628,-138.09433,-39.931377,209.18703,0.0
2d,2,Right Ankle,1646820,1779734579653,-9.193876,2.996149,0.3684947,-0.14336205,-18.67376,-31.502382,58.819096,76.26304,280.1745,0.0
2d,3,Left Wrist,4404814,1779734579658,2.4169524,-9.578173,-2.2971096,-44.12422,77.9597,189.24922,-101.43366,-31.962164,328.31738,0.0
2d,1,Left Ankle,4604801,1779734579679,1.43,7.76,0.49,-56.75,-171.3125,-69.875,-0.5406494,-0.784729,-0.10534668,-0.2841797
2d,1,Left Ankle,4604823,1779734579679,4.87,7.59,-3.73,-47.125,-152.5,-89.625,-0.55407715,-0.7857666,-0.099975586,-0.25598145
2d,1,Left Ankle,4604840,1779734579706,2.23,7.44,-1.21,-45.375,-133.4375,-81.25,-0.5599365,-0.7857666,-0.09814453,-0.24371338
2d,4,Right Wrist,30607801,1779734579709,-2.6375885,-2.5628135,3.9290147,16.175041,-66.568886,-107.71628,-138.09668,-39.9332,209.22552,0.0
2d,3,Left Wrist,4404875,1779734579718,4.7523475,-9.298212,-0.9044869,-39.714222,70.7497,198.97923,-101.37091,-31.857182,328.24463,0.0
2d,1,Left Ankle,4604863,1779734579741,9.25,3.17,-12.18,24.9375,69.1875,-83.5625,-0.5656128,-0.78466797,-0.11035156,-0.22845459
2d,2,Right Ankle,1646879,1779734579743,-9.016808,2.266338,-0.06699903,-5.813362,-2.57376,-18.202381,59.032375,76.28091,280.38272,0.0
2d,1,Left Ankle,4604888,1779734579765,2.48,6.07,-2.21,8.625,175.375,26.9375,-0.56152344,-0.7789917,-0.123046875,-0.2503662
2d,1,Left Ankle,4604909,1779734579767,1.07,9.72,-7.01,13.75,145.3125,-7.25,-0.5569458,-0.7730713,-0.13891602,-0.26989746
2d,4,Right Wrist,30607862,1779734579769,-2.9606197,-3.0509489,4.3932223,30.52504,-49.90889,-94.556274,-138.0873,-39.93595,209.25412,0.0
2d,3,Left Wrist,4404934,1779734579778,7.355738,-6.180364,-2.498107,-46.294224,51.429703,190.50923,-101.40367,-31.864254,328.22733,0.0
2d,1,Left Ankle,4604925,1779734579800,5.26,8.07,-6.67,0.375,40.0625,-41.5625,-0.5560913,-0.7695923,-0.14971924,-0.2758789
2d,1,Left Ankle,4604953,1779734579826,2.47,6.16,-2.67,-20.3125,-34.5,-37.8125,-0.5606079,-0.76794434,-0.15228271,-0.26971436
2d,1,Left Ankle,4604969,1779734579826,1.06,8.46,-3.05,-17.9375,-32.9375,-35.1875,-0.5656738,-0.7668457,-0.15252686,-0.26202393
2d,4,Right Wrist,30607921,1779734579830,-3.4463627,-2.5747774,1.3543377,44.66504,-29.958887,-83.28628,-138.07024,-39.92617,209.27515,0.0
2d,2,Right Ankle,1646939,1779734579833,-8.0525,2.716189,-1.1557333,-6.093362,0.9962402,-3.222381,59.28001,76.28747,280.6253,0.0
2d,3,Left Wrist,4404995,1779734579845,7.0877423,-5.7927265,-4.7784667,5.2957764,23.429699,175.87923,-101.45466,-31.845276,328.2381,0.0
2d,1,Left Ankle,4604988,1779734579859,0.22,10.56,-2.13,-14.8125,-5.3125,-27.875,-0.56933594,-0.7652588,-0.1541748,-0.25775146
2d,1,Left Ankle,4605013,1779734579895,3.79,9.55,-1.44,-15.75,2.0,-50.8125,-0.5748291,-0.76104736,-0.16253662,-0.25299072
2d,1,Left Ankle,4605028,1779734579895,2.4,9.86,-1.32,-19.5625,-5.5,-48.1875,-0.57714844,-0.7595215,-0.16497803,-0.25054932
2d,4,Right Wrist,30607982,1779734579896,-5.5448685,0.5382851,1.2179468,42.285038,-12.458889,-89.096275,-138.07457,-39.926495,209.3074,0.0
2d,1,Left Ankle,4605052,1779734579916,0.71,9.29,-4.86,-23.25,-27.0625,-57.625,-0.5860596,-0.755188,-0.17034912,-0.2390747
2d,2,Right Ankle,1647030,1779734579929,-8.729669,2.8477943,0.10528419,-0.49336195,1.8362402,25.407618,59.560364,76.263695,280.89902,0.0
2d,1,Left Ankle,4605073,1779734579949,1.77,7.64,-4.92,-24.3125,-22.9375,-47.625,-0.59124756,-0.75231934,-0.17242432,-0.23376465
2d,1,Left Ankle,4605090,1779734579949,-2.02,10.59,-1.66,-24.4375,2.5625,-14.125,-0.59472656,-0.74920654,-0.17425537,-0.23376465
2d,4,Right Wrist,30608041,1779734579949,-7.492626,3.4599218,-1.0241281,54.605038,1.1211119,-112.19627,-138.09668,-39.933964,209.35597,0.0
2d,3,Left Wrist,4405054,1779734579963,5.3840523,-3.986146,-5.5657053,-132.46423,6.0696993,98.66922,-101.56911,-31.837854,328.2665,0.0
2d,1,Left Ankle,4605116,1779734579976,1.1,11.09,-1.16,-24.125,18.9375,-19.6875,-0.5979614,-0.7453613,-0.17730713,-0.2354126
2d,2,Right Ankle,1647120,1779734579983,-9.641334,3.1923604,0.5240282,-3.363362,20.03624,1.327619,59.837643,76.23352,281.17102,0.0
2d,1,Left Ankle,4605134,1779734580009,1.81,9.51,-1.45,-29.125,4.25,-11.6875,-0.6012573,-0.7414551,-0.1798706,-0.23742676
2d,4,Right Wrist,30608102,1779734580009,-6.3608212,3.0986056,-0.32303107,103.81504,6.0911117,-136.13628,-138.10359,-39.950714,209.40974,0.0
2d,3,Left Wrist,4405144,1779734580022,3.1395845,-5.1370935,-7.085148,-83.04423,-16.1203,75.28922,-101.67521,-31.802792,328.30737,0.0
2d,1,Left Ankle,4605156,1779734580047,2.56,8.13,-0.8,-30.9375,-4.8125,-8.6875,-0.6055908,-0.7384033,-0.17840576,-0.23699951
2d,1,Left Ankle,4605175,1779734580047,0.54,10.99,-1.83,-30.0625,-11.9375,4.4375,-0.6091919,-0.73638916,-0.17529297,-0.23632812
2d,2,Right Ankle,1647209,1779734580047,-9.911722,2.8669367,0.42592245,25.896637,32.63624,-46.76238,60.10906,76.23867,281.42624,0.0
2d,1,Left Ankle,4605193,1779734580074,1.05,9.18,-1.4,-17.5,-22.8125,0.3125,-0.6119995,-0.73553467,-0.17181396,-0.23443604
2d,1,Left Ankle,4605213,1779734580074,0.25,9.65,-1.5,-13.375,-22.1875,5.8125,-0.6143799,-0.73498535,-0.1685791,-0.2322998
2d,1,Left Ankle,4605237,1779734580096,1.1,9.53,-1.49,-17.375,-25.8125,0.8125,-0.61676025,-0.73431396,-0.16546631,-0.23028564
2d,3,Left Wrist,4405234,1779734580108,1.8666035,-0.65294397,-2.6201408,55.835777,-37.3303,13.059223,-101.74253,-31.822569,328.3632,0.0
2d,1,Left Ankle,4605262,1779734580128,1.69,9.51,-1.19,-19.0,-27.125,1.8125,-0.619751,-0.7334595,-0.1616211,-0.22772217
2d,4,Right Wrist,30608162,1779734580130,-5.095018,-2.4503503,-0.77288175,33.605038,12.881111,-144.39627,-138.10927,-39.95176,209.4474,0.0
2d,2,Right Ankle,1647269,1779734580134,-10.923886,1.6107048,0.17228323,61.526638,7.7162404,-64.68238,60.21686,76.311104,281.508,0.0
2d,1,Left Ankle,4605279,1779734580157,0.91,9.19,-1.13,-23.5,-24.5,-2.375,-0.6234131,-0.7319946,-0.15826416,-0.22467041
2d,1,Left Ankle,4605300,1779734580159,2.19,9.09,-1.22,-19.875,-10.5,-5.125,-0.62646484,-0.7301636,-0.1564331,-0.22332764
2d,3,Left Wrist,4405294,1779734580170,4.907881,-4.5867443,-1.835295,101.40577,-48.0403,-44.20078,-101.76057,-31.899391,328.408,0.0
2d,1,Left Ankle,4605316,1779734580190,2.32,9.44,-0.58,-17.4375,-3.6875,-8.0,-0.62908936,-0.7282715,-0.15618896,-0.22241211
2d,1,Left Ankle,4605335,1779734580190,1.35,9.62,-0.27,-16.0625,-10.6875,-15.0625,-0.63201904,-0.72650146,-0.15612793,-0.22003174
2d,2,Right Ankle,1647330,1779734580202,-8.459279,-0.8802236,-1.5242281,41.506638,14.086241,-38.222378,60.292866,76.3909,281.56723,0.0
2d,1,Left Ankle,4605366,1779734580249,1.66,9.31,-1.36,-14.125,-18.8125,-20.875,-0.6364136,-0.7244873,-0.15618896,-0.21398926
2d,1,Left Ankle,4605383,1779734580249,0.0,9.8,-1.3,-10.4375,-19.6875,-20.5625,-0.6387329,-0.72369385,-0.1560669,-0.2097168
2d,2,Right Ankle,1647419,1779734580252,-7.4614725,2.2806952,2.6201408,105.48664,-28.33376,7.977619,60.15962,76.3421,281.40024,0.0
2d,3,Left Wrist,4405384,1779734580258,2.0388865,-6.6948214,3.211168,-37.614223,-52.380302,-4.58078,-101.73325,-31.883703,328.40213,0.0
2d,1,Left Ankle,4605406,1779734580282,0.49,9.91,-1.18,-6.625,-24.6875,-19.9375,-0.6407471,-0.7233887,-0.15557861,-0.20483398
2d,1,Left Ankle,4605422,1779734580282,-0.53,10.19,-1.07,0.625,-24.1875,-12.0625,-0.6418457,-0.7238159,-0.15454102,-0.20056152
2d,4,Right Wrist,30608326,1779734580283,2.3466609,-5.996514,-2.0386848,-35.13496,-13.508888,-34.00627,-138.06837,-39.921432,209.4427,0.0
2d,1,Left Ankle,4605438,1779734580306,-0.19,9.85,-1.52,1.8125,-24.0,-10.5,-0.6422119,-0.7241821,-0.1539917,-0.1986084
2d,2,Right Ankle,1647479,1779734580322,-8.67224,-1.050114,-0.91405827,123.26665,-33.23376,23.797619,60.202286,76.3997,281.3985,0.0
2d,3,Left Wrist,4405474,1779734580322,-4.373878,-8.994324,2.617748,65.285774,-11.500301,-31.040775,-101.68551,-31.84853,328.39417,0.0
2d,1,Left Ankle,4605463,1779734580337,-0.26,9.86,-1.75,5.25,-17.5,-2.6875,-0.6420288,-0.72576904,-0.15197754,-0.19476318
2d,1,Left Ankle,4605481,1779734580347,-0.15,9.92,-1.4,9.625,-7.0625,7.3125,-0.6409912,-0.72717285,-0.15057373,-0.19396973
2d,4,Right Wrist,30608402,1779734580348,-5.5640106,-2.7997026,-5.7379885,-0.06496,-30.868887,99.623726,-138.06914,-39.831413,209.42885,0.0
2d,1,Left Ankle,4605506,1779734580370,0.49,9.8,-0.86,12.1875,-9.0625,11.75,-0.63946533,-0.7290039,-0.14874268,-0.19384766
2d,2,Right Ankle,1647540,1779734580373,-6.547414,-3.074442,-1.9094725,19.386637,-53.11376,-1.1923811,60.149517,76.465454,281.3368,0.0
2d,3,Left Wrist,4405535,1779734580378,-4.8428717,-10.559229,-1.0145568,40.085777,6.979699,-33.42078,-101.6627,-31.797213,328.3895,0.0
2d,1,Left Ankle,4605525,1779734580402,0.3,9.76,-1.06,14.0625,-14.0625,15.25,-0.6376343,-0.7312622,-0.14593506,-0.19348145
2d,1,Left Ankle,4605545,1779734580402,-0.03,10.0,-1.52,16.375,-10.125,15.1875,-0.6356201,-0.7338257,-0.1427002,-0.19274902
2d,1,Left Ankle,4605564,1779734580426,0.53,9.97,-1.78,19.125,3.5,11.625,-0.6329346,-0.736084,-0.1416626,-0.19366455
2d,4,Right Wrist,30608492,1779734580429,-7.655338,3.9911284,-4.7042894,-32.12496,15.121112,31.583729,-138.10512,-39.800133,209.4357,0.0
2d,1,Left Ankle,4605585,1779734580457,1.69,9.51,-1.2,20.0,17.6875,3.1875,-0.6298218,-0.737854,-0.14349365,-0.19573975
2d,2,Right Ankle,1647599,1779734580473,-6.0832067,-3.1342626,-4.4147577,-161.91336,-12.02376,17.07762,60.196842,76.52618,281.43756,0.0
2d,1,Left Ankle,4605614,1779734580486,3.8,8.67,-1.13,20.4375,20.125,-5.6875,-0.62561035,-0.74005127,-0.14813232,-0.1975708
2d,1,Left Ankle,4605628,1779734580486,-0.24,9.96,-1.56,18.25,4.9375,-4.0,-0.6244507,-0.7408447,-0.14892578,-0.19744873
2d,4,Right Wrist,30608551,1779734580489,-4.3125644,-1.3400807,-1.430908,-24.424961,17.711111,-43.316273,-138.1191,-39.774574,209.44466,0.0
2d,3,Left Wrist,4405698,1779734580515,0.72044134,-5.931511,-1.4261222,4.0357766,18.739698,35.73922,-101.63369,-31.651384,328.37213,0.0
2d,1,Left Ankle,4605652,1779734580516,1.02,9.65,-1.81,17.0625,-3.375,-8.0,-0.62194824,-0.7435303,-0.15014648,-0.19439697
2d,2,Right Ankle,1647660,1779734580524,-13.209033,3.351685E-4,5.1014977,-105.49336,-4.9537597,33.94762,59.943584,76.52251,281.22815,0.0
2d,1,Left Ankle,4605673,1779734580549,0.2,9.69,-1.58,18.1875,0.0,-4.6875,-0.619812,-0.7453003,-0.15136719,-0.19342041
2d,1,Left Ankle,4605693,1779734580557,0.51,10.03,-1.44,18.75,2.0625,-3.75,-0.6173706,-0.7472534,-0.15234375,-0.19293213
2d,3,Left Wrist,4405717,1779734580558,-0.13858196,-6.9125676,-2.0602202,4.0357766,13.9096985,39.519222,-101.64167,-31.56447,328.37064,0.0
2d,1,Left Ankle,4605712,1779734580577,0.66,9.16,-1.51,22.875,-3.0,11.0,-0.61431885,-0.7498779,-0.1519165,-0.19293213
2d,2,Right Ankle,1647750,1779734580583,-9.770547,2.9578638,-0.040677983,-0.5633621,-17.20376,21.907618,60.197224,76.50504,281.47467,0.0
2d,1,Left Ankle,4605728,1779734580605,-0.77,10.21,-1.23,24.625,-6.25,19.3125,-0.6125488,-0.7515259,-0.15075684,-0.1932373
2d,1,Left Ankle,4605752,1779734580606,1.69,9.52,-1.36,21.4375,-25.4375,31.25,-0.6074829,-0.7571411,-0.14349365,-0.19268799
2d,1,Left Ankle,4605774,1779734580635,0.84,9.29,-2.98,22.5,-26.4375,37.625,-0.6036377,-0.76135254,-0.13659668,-0.1930542
2d,4,Right Wrist,30608642,1779734580639,-4.441777,-4.8623157,-0.6053842,80.435036,-10.498888,-47.796272,-138.0766,-39.74598,209.44688,0.0
2d,3,Left Wrist,4405774,1779734580649,-3.7278166,-11.643178,-4.007978,-26.274223,2.9896994,73.259224,-101.660965,-31.467573,328.37067,0.0
2d,1,Left Ankle,4605792,1779734580666,0.31,9.82,-2.86,23.375,-4.4375,54.75,-0.5991211,-0.7653198,-0.12982178,-0.1963501
2d,1,Left Ankle,4605813,1779734580667,0.9,8.78,-2.91,19.0625,18.9375,57.5,-0.59417725,-0.76812744,-0.12438965,-0.20361328
2d,2,Right Ankle,1647809,1779734580681,-9.306339,2.3285515,0.64606214,-0.35336208,-32.25376,11.267618,60.420456,76.485405,281.69003,0.0
2d,1,Left Ankle,4605833,1779734580711,1.73,8.88,-3.11,11.0625,30.5625,56.9375,-0.59020996,-0.7698364,-0.119018555,-0.21173096
2d,3,Left Wrist,4405834,1779734580711,-0.64107496,-9.803098,-6.1878395,-15.0742235,34.6297,108.32922,-101.701996,-31.371029,328.37268,0.0
2d,1,Left Ankle,4605863,1779734580726,2.04,8.47,-3.41,1.5,29.5,49.1875,-0.58721924,-0.7701416,-0.115478516,-0.22070312
2d,1,Left Ankle,4605873,1779734580726,2.79,8.36,-3.69,-6.6875,30.375,37.3125,-0.5857544,-0.7692871,-0.112976074,-0.22869873
2d,2,Right Ankle,1647899,1779734580734,-9.83276,0.19654664,1.3998013,-34.02336,-0.61375976,-12.25238,60.205925,76.54729,281.4924,0.0
2d,1,Left Ankle,4605898,1779734580758,3.46,8.01,-3.43,-9.25,30.25,26.75,-0.5857544,-0.7680664,-0.10992432,-0.234375
2d,3,Left Wrist,4405924,1779734580767,5.553943,-5.103594,-3.7710884,-38.87422,32.109703,90.75922,-101.77035,-31.37888,328.38635,0.0
2d,1,Left Ankle,4605913,1779734580785,3.53,8.04,-2.48,0.3125,30.125,20.4375,-0.5847168,-0.7668457,-0.11010742,-0.24066162
2d,1,Left Ankle,4605933,1779734580786,-0.85,11.82,0.86,-1.9375,22.25,19.75,-0.58374023,-0.76641846,-0.10882568,-0.24493408
2d,4,Right Wrist,30608805,1779734580788,-9.454741,-5.340881,-0.5910272,-38.214962,-10.148888,-25.326271,-138.07712,-39.682976,209.4634,0.0
2d,2,Right Ankle,1647959,1779734580794,-8.746418,-0.1886978,0.8327023,-1.6133623,-6.4237595,17.91762,60.07485,76.609535,281.36572,0.0
2d,3,Left Wrist,4405984,1779734580830,5.845867,-5.249556,-2.0865414,-1.2842237,-0.16030073,57.509224,-101.80525,-31.427088,328.40085,0.0
2d,1,Left Ankle,4605965,1779734580857,3.31,10.22,-2.58,0.4375,27.125,-0.3125,-0.5831299,-0.7652588,-0.11065674,-0.24920654
2d,1,Left Ankle,4605982,1779734580858,2.46,9.43,-1.43,10.8125,38.0,-1.3125,-0.5806885,-0.7642212,-0.117248535,-0.25500488
2d,4,Right Wrist,30608985,1779734580858,-6.406285,-6.74786,0.6125626,-21.06496,19.95111,-19.656271,-138.01639,-39.63987,209.42928,0.0
2d,1,Left Ankle,4606006,1779734580882,2.31,9.7,-1.4,11.0625,28.3125,-9.5,-0.5794678,-0.763916,-0.121276855,-0.2567749
2d,1,Left Ankle,4606024,1779734580883,2.8,8.8,-2.45,7.0625,14.6875,-13.8125,-0.57891846,-0.7636719,-0.124938965,-0.256958
2d,2,Right Ankle,1648019,1779734580883,-9.136448,1.8595583,-0.033499517,-7.143362,-4.04376,31.847618,60.295757,76.62716,281.58405,0.0
2d,3,Left Wrist,4406044,1779734580888,3.2951183,-8.743077,-1.9621147,-9.8242235,-25.2903,26.009222,-101.81907,-31.341095,328.41205,0.0
2d,1,Left Ankle,4606043,1779734580916,1.09,9.72,-3.07,4.375,13.0625,-12.25,-0.5786133,-0.7631836,-0.12762451,-0.25769043
2d,4,Right Wrist,30609004,1779734580916,-6.372785,-6.3530445,0.02871387,-28.554958,18.691113,-10.3462715,-137.99829,-39.61418,209.41008,0.0
2d,1,Left Ankle,4606064,1779734580937,3.23,9.22,-2.93,3.5,16.8125,-9.625,-0.5782471,-0.7626343,-0.1307373,-0.258667
2d,1,Left Ankle,4606083,1779734580938,2.71,10.61,-2.13,2.9375,1.875,-11.1875,-0.578125,-0.7624512,-0.13287354,-0.25836182
2d,2,Right Ankle,1648080,1779734580944,-8.763168,2.687475,-0.31824538,1.256638,-1.0337597,31.14762,60.576893,76.61396,281.85837,0.0
2d,3,Left Wrist,4406104,1779734580948,1.0458652,-8.207085,-3.9816568,-12.344223,-29.490301,34.899223,-101.87144,-31.264874,328.44348,0.0
2d,1,Left Ankle,4606103,1779734580968,4.01,10.16,-2.67,4.5625,-20.75,-25.25,-0.57891846,-0.7630005,-0.13439941,-0.25427246
2d,4,Right Wrist,30609062,1779734580969,-8.619646,-3.09402,-0.0957129,-24.49496,-0.4188881,9.463728,-137.99391,-39.58152,209.40002,0.0
2d,1,Left Ankle,4606123,1779734580995,4.47,11.71,-5.1,12.5,-31.75,-30.5625,-0.57958984,-0.7645874,-0.13555908,-0.24731445
2d,1,Left Ankle,4606143,1779734580996,5.58,12.11,-8.58,13.25,-52.3125,-47.8125,-0.5805664,-0.76678467,-0.13739014,-0.23687744
2d,2,Right Ankle,1648169,1779734581004,-8.574135,3.4172857,0.15553348,2.0966382,-5.6537595,12.877619,60.835533,76.571014,282.1093,0.0
2d,3,Left Wrist,4406165,1779734581008,-1.1986024,-6.6637144,-3.708875,26.365776,-27.1803,32.02922,-101.90404,-31.183592,328.47113,0.0
2d,1,Left Ankle,4606168,1779734581033,6.41,11.35,-11.71,16.875,-69.75,-57.125,-0.58221436,-0.7694702,-0.13885498,-0.22277832
2d,4,Right Wrist,30609122,1779734581034,-7.1624165,-3.9506502,-1.8544375,-44.72496,-9.728888,15.413728,-137.99718,-39.535225,209.39081,0.0
2d,1,Left Ankle,4606185,1779734581056,6.01,10.51,-10.75,26.625,-109.5625,-58.5625,-0.583374,-0.7741089,-0.13769531,-0.20367432
2d,2,Right Ankle,1648229,1779734581064,-9.141234,2.6563683,1.119841,-7.353362,3.7962403,-2.802381,60.97469,76.50438,282.2473,0.0
2d,3,Left Wrist,4406224,1779734581067,-1.7800586,-4.18475,-2.9671001,33.925777,12.089699,45.539223,-101.928085,-31.101837,328.48337,0.0
2d,1,Left Ankle,4606211,1779734581085,4.74,7.94,-7.61,30.1875,-151.6875,-57.25,-0.585022,-0.7836914,-0.1281128,-0.16485596
2d,1,Left Ankle,4606227,1779734581086,1.83,7.44,-6.43,38.5625,-167.5,-44.75,-0.58483887,-0.7873535,-0.123291016,-0.15112305
2d,4,Right Wrist,30609182,1779734581089,-4.1019964,-2.0363925,-1.8185452,18.625038,-19.458889,24.653728,-137.98557,-39.47873,209.38614,0.0
2d,1,Left Ankle,4606251,1779734581126,-1.89,6.29,-6.01,52.1875,-185.375,-43.1875,-0.5812988,-0.79974365,-0.10638428,-0.10559082
2d,2,Right Ankle,1648290,1779734581139,-8.5980625,3.199539,-0.32063824,16.306637,3.7962403,-11.272381,61.242153,76.48935,282.50168,0.0
2d,1,Left Ankle,4606272,1779734581145,-3.07,5.37,-4.3,57.8125,-223.0,-49.0625,-0.5797119,-0.8039551,-0.099243164,-0.08758545
2d,1,Left Ankle,4606291,1779734581147,-10.56,4.86,-0.39,50.125,-249.9375,-48.125,-0.57489014,-0.814209,-0.07513428,-0.030273438
2d,4,Right Wrist,30609242,1779734581149,-0.6850455,-1.1007985,-0.77766734,112.42504,-49.55889,67.70373,-137.92459,-39.39039,209.36775,0.0
2d,1,Left Ankle,4606315,1779734581182,-10.87,4.16,1.05,58.3125,-176.9375,-54.75,-0.56866455,-0.81970215,-0.06866455,-0.003540039
2d,2,Right Ankle,1648349,1779734581188,-7.9328585,1.8715223,0.117248304,25.546638,-2.6437597,-34.37238,61.454895,76.513115,282.69836,0.0
2d,1,Left Ankle,4606330,1779734581216,-2.41,4.23,3.26,59.9375,-52.5,-57.75,-0.56481934,-0.8222046,-0.07019043,0.0032348633
2d,4,Right Wrist,30609302,1779734581216,8.252147,-0.7586247,1.0791631,248.01505,-96.458885,181.52373,-137.80684,-39.366478,209.3291,0.0
2d,1,Left Ankle,4606356,1779734581236,0.59,3.4,3.49,50.0,74.625,-40.875,-0.5524292,-0.8286743,-0.089782715,-0.0064086914
2d,1,Left Ankle,4606374,1779734581236,0.04,5.77,4.79,37.75,198.0625,-2.4375,-0.54351807,-0.8319092,-0.10772705,-0.03100586
2d,2,Right Ankle,1648410,1779734581243,-8.801453,0.54829156,-0.10289137,26.036636,10.166241,-24.782381,61.51991,76.58699,282.75253,0.0
2d,1,Left Ankle,4606391,1779734581275,0.03,6.91,5.07,32.1875,227.1875,7.5625,-0.53460693,-0.8327637,-0.12817383,-0.06530762
2d,1,Left Ankle,4606417,1779734581275,-2.42,10.69,4.9,14.5,284.0625,17.6875,-0.52557373,-0.8305664,-0.15063477,-0.10595703
2d,4,Right Wrist,30609362,1779734581275,10.972787,6.773981,8.673983,232.05504,-219.0289,373.95374,-137.68663,-39.252827,209.26926,0.0
2d,3,Left Wrist,4406285,1779734581278,-2.222731,-1.9642107,-3.4672,64.51578,64.0297,71.439224,-101.947914,-31.027111,328.4821,0.0
2d,1,Left Ankle,4606433,1779734581297,-2.19,10.32,5.09,-20.0,221.0625,-29.8125,-0.52056885,-0.8242798,-0.17437744,-0.1385498
2d,2,Right Ankle,1648469,1779734581307,-9.425981,1.7710239,1.0097711,24.426638,26.686241,-7.9123807,61.491844,76.665375,282.71854,0.0
2d,1,Left Ankle,4606453,1779734581331,5.61,18.61,18.96,16.6875,78.0625,-59.0,-0.51831055,-0.81933594,-0.19226074,-0.15179443
2d,4,Right Wrist,30609421,1779734581331,2.131307,18.994125,10.839486,284.06503,-286.3689,485.25372,-137.5509,-39.082706,209.20142,0.0
2d,1,Left Ankle,4606473,1779734581331,6.62,11.04,-4.44,-160.0,179.1875,-157.125,-0.5303345,-0.8036499,-0.21777344,-0.1595459
2d,1,Left Ankle,4606498,1779734581358,4.44,15.71,-12.0,-55.6875,231.6875,-60.8125,-0.53167725,-0.7885742,-0.24694824,-0.18572998
2d,2,Right Ankle,1648530,1779734581367,-9.14602,1.4910636,-0.4953143,-4.623362,42.64624,-4.622381,61.72298,76.71234,282.94788,0.0
2d,1,Left Ankle,4606518,1779734581387,11.45,16.71,-24.69,22.0,305.25,-59.1875,-0.52197266,-0.7749634,-0.28076172,-0.21948242
2d,1,Left Ankle,4606536,1779734581388,14.8,8.73,-7.85,-76.1875,47.625,-60.6875,-0.52246094,-0.7642822,-0.29943848,-0.23065186
2d,4,Right Wrist,30609482,1779734581388,-7.0930247,17.256935,7.9106717,132.79504,-215.73889,406.64374,-137.47319,-38.938324,209.13986,0.0
2d,3,Left Wrist,4406551,1779734581400,18.324438,-19.764418,-1.4763715,26.645777,58.8497,45.32922,-101.820335,-30.867975,328.3474,0.0
2d,1,Left Ankle,4606559,1779734581416,-7.68,-6.04,-1.05,-73.4375,-129.9375,-113.4375,-0.53930664,-0.7541504,-0.303833,-0.21929932
2d,2,Right Ankle,1648589,1779734581423,-8.818203,0.6392188,-0.8566305,-12.253363,53.776237,13.157619,61.92966,76.77037,283.1575,0.0
2d,1,Left Ankle,4606578,1779734581445,-9.37,9.19,-5.23,-99.0625,-147.0,-13.3125,-0.5609741,-0.7496338,-0.28894043,-0.19958496
2d,4,Right Wrist,30609541,1779734581449,-27.956045,12.32533,3.1728828,-48.22496,109.20111,126.78372,-137.45139,-38.922104,209.07013,0.0
2d,3,Left Wrist,4406673,1779734581465,10.207983,-17.807089,13.538591,22.515776,-329.5803,-145.14078,-101.80398,-30.963379,328.45526,0.0
2d,1,Left Ankle,4606603,1779734581480,-4.27,15.66,1.78,-93.0,51.0625,-14.4375,-0.5826416,-0.734375,-0.28771973,-0.19610596
2d,1,Left Ankle,4606622,1779734581481,-2.66,16.26,2.54,-106.75,101.3125,-11.125,-0.5913086,-0.720459,-0.2946167,-0.21087646
2d,1,Left Ankle,4606638,1779734581506,1.19,12.78,0.54,-115.75,116.5,-7.875,-0.59552,-0.7123413,-0.29888916,-0.22045898
2d,4,Right Wrist,30609602,1779734581509,-22.7708,16.084454,2.7876384,211.75504,178.9911,-143.06627,-137.38634,-38.991962,209.07146,0.0
2d,2,Right Ankle,1648650,1779734581513,-10.895172,0.40232936,-0.930808,-2.7333622,64.13624,17.07762,62.12762,76.83501,283.35632,0.0
2d,1,Left Ankle,4606663,1779734581537,-3.05,16.98,2.48,-122.75,129.0625,39.625,-0.60583496,-0.68811035,-0.30737305,-0.25494385
2d,1,Left Ankle,4606678,1779734581538,-5.67,10.83,7.05,-124.5,167.8125,61.375,-0.6072998,-0.6795654,-0.30969238,-0.2709961
2d,3,Left Wrist,4406693,1779734581549,6.6737843,-18.233011,19.580467,33.085777,-409.5903,-137.51077,-101.83567,-30.978643,328.60602,0.0
2d,1,Left Ankle,4606703,1779734581574,-0.67,5.75,7.86,-120.875,264.8125,25.0625,-0.6031494,-0.64398193,-0.33496094,-0.33062744
2d,4,Right Wrist,30609662,1779734581574,-30.585756,27.759037,22.604996,-233.93497,277.4111,-241.13628,-137.46866,-39.119514,209.06909,0.0
2d,2,Right Ankle,1648709,1779734581575,-16.740839,-2.385309,-12.825529,-116.20336,106.696236,21.347618,62.43675,76.89578,283.70514,0.0
2d,1,Left Ankle,4606724,1779734581600,2.14,3.41,1.26,-126.125,294.6875,25.625,-0.59906006,-0.6144409,-0.35473633,-0.3711548
2d,1,Left Ankle,4606741,1779734581601,-1.53,1.15,-10.09,-129.6875,267.0,14.625,-0.5956421,-0.58776855,-0.36987305,-0.4036255
2d,3,Left Wrist,4406764,1779734581616,-4.584446,-14.268105,31.324442,-61.204224,-548.5403,-26.35078,-101.93179,-30.94046,328.80685,0.0
2d,1,Left Ankle,4606764,1779734581627,8.76,7.43,-11.67,-61.1875,56.8125,-15.3125,-0.5975342,-0.5730591,-0.37591553,-0.41625977
2d,4,Right Wrist,30609722,1779734581630,-3.7311091,18.453346,62.36414,-79.02496,359.9411,-361.18628,-137.48994,-39.309284,209.07133,0.0
2d,2,Right Ankle,1648799,1779734581633,-6.446915,-3.0146215,-0.7106683,-408.59338,149.74623,18.267618,62.449192,76.98877,283.86737,0.0
2d,1,Left Ankle,4606785,1779734581661,1.26,9.96,0.38,-40.5,-41.625,-7.375,-0.60424805,-0.56970215,-0.3708496,-0.41571045
2d,1,Left Ankle,4606801,1779734581661,-2.32,16.02,8.43,-40.4375,-3.625,6.5,-0.6095581,-0.56707764,-0.36572266,-0.4159546
2d,3,Left Wrist,4406825,1779734581674,-6.4843483,-6.1492577,26.06741,-246.63423,-523.69025,-36.500782,-102.09152,-30.908253,329.0004,0.0
2d,4,Right Wrist,30609782,1779734581690,73.7772,29.802505,78.398445,-240.23495,801.6411,-214.88628,-137.45311,-39.59418,208.89119,0.0
2d,1,Left Ankle,4606824,1779734581690,0.51,7.3,-1.35,-48.75,87.5625,-1.1875,-0.6096802,-0.5576782,-0.36871338,-0.42590332
2d,2,Right Ankle,1648860,1779734581693,-4.0516996,9.454377,3.414558,-83.37336,54.05624,37.58762,62.558292,76.92682,284.00714,0.0
2d,1,Left Ankle,4606844,1779734581715,0.78,6.85,-0.77,-31.6875,99.5625,16.9375,-0.6051636,-0.5482178,-0.375,-0.4389038
2d,3,Left Wrist,4406884,1779734581727,-5.704287,-9.123536,20.566309,-193.15422,-473.92032,-169.71077,-102.22626,-30.920855,329.1845,0.0
2d,1,Left Ankle,4606867,1779734581749,4.34,8.04,3.42,-21.125,67.6875,13.25,-0.60369873,-0.5444336,-0.37652588,-0.4442749
2d,1,Left Ankle,4606880,1779734581749,2.57,18.32,1.82,-8.75,-4.4375,2.6875,-0.604126,-0.5442505,-0.3758545,-0.44451904
2d,1,Left Ankle,4606905,1779734581786,1.47,7.81,1.25,8.125,10.3125,-30.3125,-0.60498047,-0.54174805,-0.380188,-0.44274902
2d,1,Left Ankle,4606925,1779734581786,-0.43,8.6,1.3,19.875,-11.4375,-18.375,-0.6051636,-0.5429077,-0.38275146,-0.43884277
2d,4,Right Wrist,30609842,1779734581786,66.10102,24.442583,53.132626,-322.62497,-65.44888,-171.48628,-137.60687,-39.648678,208.96333,0.0
2d,2,Right Ankle,1648919,1779734581786,-10.033757,-1.4999647,2.5818558,-152.18336,45.866238,85.047615,62.39977,76.94894,283.9108,0.0
2d,3,Left Wrist,4406944,1779734581788,-21.980268,1.5532386,12.21536,-78.07423,-299.6903,-184.27077,-102.30602,-30.940512,329.31094,0.0
2d,1,Left Ankle,4606943,1779734581806,-1.0,8.2,0.65,26.8125,-30.4375,-17.625,-0.60583496,-0.5460205,-0.38372803,-0.43310547
2d,1,Left Ankle,4606965,1779734581837,0.69,9.46,1.29,35.4375,-38.5,-12.5625,-0.60614014,-0.5512085,-0.383667,-0.42608643
2d,1,Left Ankle,4606980,1779734581837,0.02,11.55,1.23,38.125,-40.125,-11.875,-0.6060791,-0.55426025,-0.38354492,-0.42236328
2d,2,Right Ankle,1648979,1779734581844,-1.0223864,9.423271,-1.0983056,-34.09336,7.5062404,53.33762,62.608376,76.879,284.12808,0.0
2d,3,Left Wrist,4407004,1779734581847,-4.61316,-16.249361,2.888137,131.92577,223.83969,-39.580776,-102.18561,-30.92168,329.20975,0.0
2d,1,Left Ankle,4607006,1779734581879,-0.6,9.29,0.86,41.875,-43.1875,-10.8125,-0.60510254,-0.5631714,-0.38397217,-0.41149902
2d,1,Left Ankle,4607023,1779734581894,0.07,8.64,0.01,43.6875,-57.9375,-8.3125,-0.60498047,-0.57073975,-0.38232422,-0.4025879
2d,1,Left Ankle,4607040,1779734581896,0.55,10.64,0.02,43.25,-65.4375,-7.3125,-0.6044922,-0.57421875,-0.38183594,-0.3988037
2d,3,Left Wrist,4407064,1779734581906,12.897515,-13.397117,4.855037,-156.75423,165.1097,129.46922,-102.15279,-30.916142,329.10822,0.0
2d,1,Left Ankle,4607066,1779734581925,0.02,11.28,0.28,40.875,-67.375,-7.375,-0.60565186,-0.5864258,-0.37670898,-0.38391113
2d,2,Right Ankle,1649070,1779734581934,-4.870045,8.674317,1.820938,80.35664,-30.43376,-30.452383,62.665997,76.82066,284.1536,0.0
2d,1,Left Ankle,4607083,1779734581963,-0.45,8.38,-0.19,35.0625,-61.5,-8.3125,-0.6060791,-0.59313965,-0.3741455,-0.3753662
2d,3,Left Wrist,4407125,1779734581973,11.990636,-12.224634,5.678168,37.845776,111.2797,114.41922,-102.06378,-30.909325,329.02945,0.0
2d,1,Left Ankle,4607110,1779734581986,-1.16,7.2,-1.45,33.875,-67.125,0.9375,-0.60687256,-0.6005249,-0.369812,-0.36645508
2d,1,Left Ankle,4607123,1779734581986,-0.05,9.16,-1.72,38.0625,-73.4375,12.6875,-0.6069946,-0.609375,-0.36364746,-0.3577881
2d,2,Right Ankle,1649160,1779734581993,-7.796468,2.266338,-4.3836513,104.22664,-34.84376,-48.23238,62.878292,76.850845,284.32068,0.0
2d,1,Left Ankle,4607147,1779734582020,0.84,11.4,-1.07,38.0625,-83.25,13.875,-0.60687256,-0.61883545,-0.35638428,-0.34881592
2d,1,Left Ankle,4607163,1779734582021,-0.67,10.87,-0.5,35.25,-75.25,14.8125,-0.6069946,-0.6279907,-0.34887695,-0.3397827
2d,3,Left Wrist,4407184,1779734582027,10.157734,-13.559829,4.1635113,68.08577,123.459694,93.06922,-101.957756,-30.901955,328.94522,0.0
2d,1,Left Ankle,4607186,1779734582049,-0.65,9.52,-0.25,33.375,-56.0,18.5625,-0.60510254,-0.63500977,-0.34436035,-0.33465576
2d,2,Right Ankle,1649219,1779734582059,-8.571742,3.534534,-4.816752,22.186638,-39.60376,-45.92238,63.074326,76.86945,284.4996,0.0
2d,1,Left Ankle,4607203,1779734582076,-0.7,9.97,0.18,31.375,-47.4375,24.75,-0.6030884,-0.642395,-0.33862305,-0.3300171
2d,1,Left Ankle,4607226,1779734582077,-0.13,9.35,-0.61,30.5,-40.375,28.1875,-0.600708,-0.649353,-0.33306885,-0.32641602
2d,3,Left Wrist,4407245,1779734582088,7.6093774,-13.880467,6.407979,-72.33423,142.9197,115.539215,-101.89565,-30.873962,328.8513,0.0
2d,1,Left Ankle,4607244,1779734582110,0.47,9.83,-0.69,31.5625,-43.6875,30.25,-0.5977173,-0.6563721,-0.32763672,-0.32330322
2d,1,Left Ankle,4607268,1779734582138,-0.07,10.48,-0.93,29.0,-44.5,30.0625,-0.5952759,-0.6635132,-0.32128906,-0.3196411
2d,1,Left Ankle,4607284,1779734582138,0.14,9.83,-1.37,29.0,-31.125,33.0625,-0.59210205,-0.6699219,-0.31591797,-0.31756592
2d,2,Right Ankle,1649280,1779734582163,-5.607035,5.8412156,1.7874384,66.35664,-58.50376,-29.542381,63.06579,76.80372,284.46353,0.0
2d,3,Left Wrist,4407304,1779734582164,7.5543427,-10.255341,6.2931237,-86.894226,153.06969,156.20923,-101.837456,-30.842047,328.7513,0.0
2d,1,Left Ankle,4607313,1779734582205,-0.02,9.25,-1.31,32.4375,-19.25,38.5,-0.58514404,-0.6793213,-0.309021,-0.3171997
2d,1,Left Ankle,4607328,1779734582205,0.06,9.25,-0.07,33.625,-18.75,38.75,-0.5826416,-0.6824951,-0.3067627,-0.3171997
2d,4,Right Wrist,30609932,1779734582205,4.445166,3.486243,-9.870394,-302.67496,71.89111,236.26372,-137.74521,-39.613842,208.92421,0.0
2d,2,Right Ankle,1649339,1779734582210,-6.506736,-2.0263855,-1.8281165,280.2766,-32.53376,-95.76238,63.110764,76.89973,284.4063,0.0
2d,3,Left Wrist,4407365,1779734582211,7.2025976,-11.150257,5.7547383,-7.5842237,132.5597,174.96922,-101.75346,-30.798426,328.65726,0.0
2d,1,Left Ankle,4607353,1779734582228,0.03,9.47,0.02,31.5,-15.6875,35.3125,-0.5751953,-0.6912842,-0.30096436,-0.3173828
2d,1,Left Ankle,4607373,1779734582229,-0.25,8.94,-2.17,31.4375,-5.75,36.125,-0.57006836,-0.6965332,-0.2977295,-0.3182373
2d,1,Left Ankle,4607388,1779734582256,-0.28,8.66,-2.42,32.0625,-2.1875,39.9375,-0.5670166,-0.69903564,-0.29632568,-0.31939697
2d,4,Right Wrist,30610406,1779734582268,-4.420242,-2.8427737,-5.869594,24.085041,-110.248886,-103.096275,-137.63873,-39.53009,209.02635,0.0
2d,2,Right Ankle,1649429,1779734582268,-10.954993,-5.7232966,-10.631311,224.83664,-76.42376,-17.922382,63.232258,76.955894,284.4422,0.0
2d,3,Left Wrist,4407424,1779734582268,7.748161,-12.605093,4.8478584,-0.3742236,99.939705,166.77922,-101.672325,-30.753798,328.5761,0.0
2d,1,Left Ankle,4607416,1779734582286,0.62,8.35,-2.32,34.25,-2.6875,46.4375,-0.557251,-0.7077637,-0.29022217,-0.322937
2d,1,Left Ankle,4607432,1779734582286,-0.07,9.21,-1.54,35.8125,-7.875,59.0625,-0.5501709,-0.7142334,-0.28479004,-0.3256836
2d,1,Left Ankle,4607453,1779734582316,3.27,11.92,-2.51,39.3125,0.4375,69.1875,-0.5418701,-0.7210083,-0.2786255,-0.32995605
2d,4,Right Wrist,30610425,1779734582319,-4.446563,-2.684847,-6.491728,-20.784962,-109.89889,-105.33627,-137.71548,-39.462868,209.11143,0.0
2d,2,Right Ankle,1649490,1779734582323,-9.03595,2.42905,0.34695926,-51.38336,-67.39376,56.62762,63.42543,76.9104,284.64514,0.0
2d,3,Left Wrist,4407484,1779734582332,5.032308,-13.550258,1.8041883,5.8557763,44.219696,186.37923,-101.59897,-30.669489,328.51538,0.0
2d,1,Left Ankle,4607475,1779734582353,2.9,12.62,-2.0,40.375,-7.125,76.4375,-0.53289795,-0.7284546,-0.27130127,-0.3343506
2d,1,Left Ankle,4607497,1779734582377,3.09,11.03,-1.9,34.0625,-21.625,78.3125,-0.5247803,-0.73620605,-0.262146,-0.33746338
2d,1,Left Ankle,4607520,1779734582377,2.94,11.46,-2.65,28.75,-9.125,85.5625,-0.51257324,-0.74609375,-0.24731445,-0.34558105
2d,4,Right Wrist,30610472,1779734582379,-5.4802623,-1.0194424,-6.5491557,-58.44496,-114.168884,-121.08627,-137.81754,-39.406258,209.20816,0.0
2d,2,Right Ankle,1649549,1779734582384,-17.109333,-2.8351598,-15.263816,-15.823362,-39.883762,29.677618,63.592457,76.94376,284.81143,0.0
2d,3,Left Wrist,4407544,1779734582388,2.4432735,-15.275482,-0.7585248,55.555775,23.1497,221.72923,-101.53584,-30.533285,328.47296,0.0
2d,1,Left Ankle,4607535,1779734582406,3.56,11.72,-0.25,18.0625,20.5625,96.875,-0.5081177,-0.748291,-0.24261475,-0.350708
2d,1,Left Ankle,4607557,1779734582446,2.9,11.73,0.32,-5.8125,10.25,88.4375,-0.50201416,-0.75109863,-0.23236084,-0.3604126
2d,1,Left Ankle,4607575,1779734582446,-2.97,11.52,1.48,-19.0,27.3125,82.5625,-0.49835205,-0.75164795,-0.22247314,-0.37042236
2d,4,Right Wrist,30610532,1779734582446,-7.035597,-3.4146583,-4.9100723,-15.74496,-111.85889,-102.46628,-137.87196,-39.348732,209.27995,0.0
2d,2,Right Ankle,1649610,1779734582455,-8.600456,6.8509865,-2.251646,2.7266383,-53.25376,15.187618,63.806427,76.89307,285.01572,0.0
2d,3,Left Wrist,4407604,1779734582455,0.82093996,-11.4326105,-4.15394,-13.604223,30.149698,206.81923,-101.55334,-30.393297,328.45807,0.0
2d,1,Left Ankle,4607606,1779734582466,-9.22,11.65,1.77,-17.4375,12.5625,56.625,-0.49554443,-0.75128174,-0.21154785,-0.3812256
2d,1,Left Ankle,4607623,1779734582506,-10.39,10.67,5.97,-24.8125,-25.875,-4.3125,-0.4985962,-0.75079346,-0.20770264,-0.380188
2d,2,Right Ankle,1649669,1779734582507,-8.339638,1.6729182,0.997807,-56.84336,-33.16376,-10.012381,63.487907,76.89083,284.7221,0.0
2d,4,Right Wrist,30610592,1779734582507,-7.368199,-5.103991,-2.696711,-94.98496,-70.90889,-62.91627,-137.9197,-39.30082,209.3146,0.0
2d,1,Left Ankle,4607643,1779734582507,-5.79,10.8,2.53,-30.6875,-35.125,-31.25,-0.506897,-0.74871826,-0.20794678,-0.3731079
2d,3,Left Wrist,4407665,1779734582508,0.895117,-8.869897,-5.6685967,6.2057767,57.7297,170.06923,-101.58723,-30.286835,328.449,0.0
2d,1,Left Ankle,4607665,1779734582534,0.87,8.18,0.42,-40.0,-49.8125,-67.5,-0.5187378,-0.7463989,-0.20892334,-0.3607788
2d,1,Left Ankle,4607682,1779734582556,2.79,7.51,-1.91,-48.4375,-91.0,-77.8125,-0.5322876,-0.744812,-0.20794678,-0.34454346
2d,2,Right Ankle,1649729,1779734582563,-8.846916,1.916986,0.3684947,-4.693362,-16.78376,-38.152378,63.66693,76.9174,284.89554,0.0
2d,1,Left Ankle,4607707,1779734582596,5.43,5.58,-2.18,-57.375,-108.25,-70.125,-0.5469971,-0.743042,-0.20446777,-0.32684326
2d,1,Left Ankle,4607725,1779734582596,6.04,6.59,-3.5,-52.1875,-116.375,-62.1875,-0.56140137,-0.74194336,-0.1987915,-0.30804443
2d,4,Right Wrist,30610652,1779734582596,-7.5739822,-6.221439,1.1820544,1.12504,-53.33889,-45.906273,-137.91438,-39.269463,209.33037,0.0
2d,3,Left Wrist,4407724,1779734582605,3.852646,-6.3478622,-5.852844,-18.224224,64.7297,111.82922,-101.64788,-30.247559,328.4505,0.0
2d,1,Left Ankle,4607746,1779734582621,4.66,6.98,-4.98,-40.1875,-84.375,-46.25,-0.57263184,-0.7409668,-0.19342041,-0.29260254
2d,2,Right Ankle,1649790,1779734582623,-8.801453,1.5915623,-0.5694918,0.62663794,-17.903759,-42.84238,63.817867,76.96,285.0396,0.0
2d,1,Left Ankle,4607771,1779734582646,8.24,6.35,-9.61,-5.4375,4.3125,-52.5625,-0.57769775,-0.7388916,-0.19683838,-0.28552246
2d,1,Left Ankle,4607790,1779734582647,11.83,6.56,-11.8,30.9375,123.0625,-2.875,-0.57281494,-0.7359009,-0.20916748,-0.2942505
2d,3,Left Wrist,4407785,1779734582657,5.7525473,-3.5626163,-4.4913282,11.105777,47.579697,53.379223,-101.69826,-30.275309,328.46057,0.0
2d,1,Left Ankle,4607806,1779734582675,8.59,7.43,-7.2,19.0625,131.5,54.875,-0.5631714,-0.732605,-0.21826172,-0.31384277
2d,1,Left Ankle,4607825,1779734582677,0.92,10.92,-8.14,11.8125,57.5625,40.125,-0.55584717,-0.7314453,-0.22015381,-0.32806396
2d,4,Right Wrist,30610711,1779734582679,-5.7315083,-8.709975,2.2947168,15.40504,-30.16889,-16.646273,-137.88318,-39.24156,209.32283,0.0
2d,2,Right Ankle,1649849,1779734582682,-9.495371,-0.5524069,0.08374879,6.786638,-17.69376,-4.762381,63.752487,77.03242,284.97217,0.0
2d,1,Left Ankle,4607855,1779734582745,1.02,9.3,-9.19,6.8125,-69.125,-18.25,-0.55895996,-0.7364502,-0.21484375,-0.3147583
2d,4,Right Wrist,30610802,1779734582746,-3.2549372,-7.903593,0.82073814,-5.03496,1.8211117,32.703728,-137.83675,-39.20721,209.28546,0.0
2d,1,Left Ankle,4607872,1779734582746,2.71,8.15,-4.02,3.75,-77.0,-28.0625,-0.5632324,-0.7402954,-0.21051025,-0.30078125
2d,2,Right Ankle,1649910,1779734582746,-8.724882,0.92875034,0.3589234,-19.463362,-11.18376,35.55762,63.781796,77.08803,285.00778,0.0
2d,3,Left Wrist,4407875,1779734582756,6.34836,-3.8952186,-2.7589245,30.355776,28.6797,18.799221,-101.72506,-30.335861,328.4698,0.0
2d,1,Left Ankle,4607893,1779734582765,3.58,10.54,1.37,-2.6875,-18.625,-9.25,-0.56500244,-0.7414551,-0.20880127,-0.2956543
2d,1,Left Ankle,4607912,1779734582766,0.91,14.21,-0.34,2.125,34.0625,-19.0625,-0.56463623,-0.7399292,-0.21289062,-0.29730225
2d,1,Left Ankle,4607928,1779734582809,2.07,10.98,-0.2,0.1875,42.625,-37.1875,-0.5647583,-0.7382202,-0.21722412,-0.29815674
2d,4,Right Wrist,30610892,1779734582809,-9.083853,-4.9364934,0.23449661,25.13504,-22.048887,87.09373,-137.79698,-39.15021,209.25243,0.0
2d,2,Right Ankle,1649969,1779734582810,-8.777525,1.972021,0.8494521,-13.373362,-5.7237597,39.687622,64.007164,77.018486,285.23294,0.0
2d,3,Left Wrist,4407934,1779734582810,4.6829553,-5.2591276,-3.3403804,-17.104223,2.2896996,12.429222,-101.796104,-30.360191,328.50125,0.0
2d,1,Left Ankle,4607974,1779734582841,0.4,8.63,-2.04,0.25,40.6875,-21.875,-0.5654297,-0.73046875,-0.23449707,-0.30285645
2d,1,Left Ankle,4607953,1779734582841,0.63,8.42,-1.65,0.1875,39.0625,-26.4375,-0.56585693,-0.7335205,-0.22814941,-0.2994995
2d,1,Left Ankle,4607993,1779734582857,0.72,8.63,-3.29,-9.0,46.25,-4.0,-0.5654297,-0.727417,-0.23822021,-0.30718994
2d,4,Right Wrist,30610952,1779734582859,-13.070295,-1.2276181,-0.059820566,11.27504,5.951112,71.41373,-137.77406,-39.10817,209.22504,0.0
2d,2,Right Ankle,1650030,1779734582871,-9.349409,2.7496884,0.4139583,-9.6633625,2.32624,0.13761902,64.26477,76.98491,285.48743,0.0
2d,1,Left Ankle,4608013,1779734582887,0.96,8.75,-5.21,-12.9375,38.5625,7.6875,-0.5647583,-0.72436523,-0.2409668,-0.31347656
2d,1,Left Ankle,4608032,1779734582887,1.64,9.33,-4.3,-21.9375,16.0,1.6875,-0.5666504,-0.7218628,-0.24041748,-0.31628418
2d,3,Left Wrist,4408024,1779734582899,-2.131804,-10.930118,-8.465807,-16.754223,-62.460304,7.3192215,-101.86576,-30.293358,328.55142,0.0
2d,1,Left Ankle,4608056,1779734582923,2.84,8.78,-2.27,-24.375,11.9375,-1.25,-0.56970215,-0.71868896,-0.24017334,-0.31817627
2d,2,Right Ankle,1650089,1779734582923,-9.430765,2.2567668,0.52163535,9.516638,18.70624,-29.052382,64.5334,76.98787,285.74628,0.0
2d,1,Left Ankle,4608072,1779734582947,1.41,8.61,-2.11,-37.625,3.8125,-8.9375,-0.5743408,-0.7147217,-0.23956299,-0.31921387
2d,1,Left Ankle,4608096,1779734582949,0.53,9.75,-2.39,-40.375,21.0625,-12.4375,-0.57928467,-0.7095337,-0.24005127,-0.3215332
2d,4,Right Wrist,30611012,1779734582949,-11.096216,-1.1606191,-0.8566305,41.37504,60.55111,25.983728,-137.74147,-39.088467,209.19736,0.0
2d,1,Left Ankle,4608113,1779734582978,1.63,9.58,-0.4,-40.4375,42.625,-20.5,-0.58374023,-0.70269775,-0.24365234,-0.32574463
2d,2,Right Ankle,1650150,1779734582983,-8.897166,0.8832868,0.0071784677,-2.243362,25.21624,-39.20238,64.62613,77.06595,285.83786,0.0
2d,1,Left Ankle,4608136,1779734583015,3.77,9.6,0.91,-36.75,51.3125,-35.125,-0.5877075,-0.6951294,-0.25,-0.3300171
2d,1,Left Ankle,4608153,1779734583016,1.17,10.42,-0.32,-37.375,34.6875,-35.4375,-0.59259033,-0.6876221,-0.25585938,-0.33251953
2d,4,Right Wrist,30611072,1779734583016,-6.358428,-5.290631,-1.1246266,-3.49496,53.901115,-1.6662719,-137.71239,-39.064224,209.16876,0.0
2d,3,Left Wrist,4408084,1779734583026,-1.9164498,-8.910575,-8.394022,-68.76423,-39.920303,38.81922,-101.95428,-30.222654,328.5933,0.0
2d,1,Left Ankle,4608178,1779734583038,1.02,8.97,0.26,-35.5625,-6.0625,-52.5625,-0.59924316,-0.6816406,-0.2598877,-0.3297119
2d,2,Right Ankle,1650209,1779734583044,-9.012021,0.1750112,-0.3828516,-1.8233619,25.70624,-18.27238,64.71125,77.142044,285.92267,0.0
2d,1,Left Ankle,4608195,1779734583066,-0.67,9.18,1.25,-30.875,-21.4375,-40.75,-0.6064453,-0.6776123,-0.26086426,-0.32409668
2d,1,Left Ankle,4608215,1779734583068,1.62,10.36,-1.11,-25.5,-8.6875,-47.75,-0.6123657,-0.67370605,-0.2631836,-0.3190918
2d,1,Left Ankle,4608234,1779734583096,0.23,10.71,-1.34,-19.125,-0.8125,-42.3125,-0.6177368,-0.6697998,-0.26641846,-0.3143921
2d,4,Right Wrist,30611162,1779734583099,-3.5468614,-5.326524,-1.9190437,16.59504,52.221115,5.333728,-137.66838,-39.029404,209.1341,0.0
2d,1,Left Ankle,4608263,1779734583129,-0.73,10.17,0.13,-14.875,-6.875,-41.375,-0.62384033,-0.66516113,-0.27105713,-0.30804443
2d,2,Right Ankle,1650269,1779734583133,-9.090984,-0.18630499,-0.47856453,1.1166377,27.596241,22.047619,64.81056,77.208115,286.0218,0.0
2d,1,Left Ankle,4608280,1779734583164,0.54,9.41,-1.17,-11.6875,-11.3125,-35.4375,-0.6256714,-0.6640625,-0.27215576,-0.30578613
2d,1,Left Ankle,4608301,1779734583164,-0.13,9.96,-1.64,-10.625,-19.0,-19.75,-0.63031006,-0.6623535,-0.27172852,-0.30023193
2d,3,Left Wrist,4408278,1779734583167,3.1443708,-4.969596,-1.59362,10.195777,11.3197,26.219221,-102.08126,-30.198366,328.64877,0.0
2d,1,Left Ankle,4608319,1779734583186,-1.03,10.38,-0.53,-8.75,-8.5,-7.9375,-0.63116455,-0.66192627,-0.2715454,-0.2994995
2d,4,Right Wrist,30611222,1779734583189,-3.348257,-3.8118665,-3.211168,11.41504,43.961113,11.773728,-137.64482,-38.978836,209.11137,0.0
2d,2,Right Ankle,1650330,1779734583193,-9.471443,1.8715223,-1.2897314,12.666637,20.73624,10.287619,65.07907,77.232994,286.28113,0.0
2d,1,Left Ankle,4608336,1779734583216,-0.63,9.82,-0.57,-6.5,2.6875,0.5625,-0.63220215,-0.6610718,-0.27142334,-0.29943848
2d,1,Left Ankle,4608359,1779734583217,-0.21,9.74,0.2,-1.5625,6.9375,11.4375,-0.6317749,-0.66082764,-0.27093506,-0.30126953
2d,3,Left Wrist,4408428,1779734583236,-3.2037878,-10.324733,-1.174876,38.615776,-24.240301,46.589222,-102.045876,-30.03805,328.6513,0.0
2d,1,Left Ankle,4608377,1779734583247,0.47,9.79,-0.09,3.125,2.375,21.375,-0.6304321,-0.6616821,-0.26940918,-0.30358887
2d,4,Right Wrist,30611312,1779734583249,-4.434599,0.36360887,-7.015756,33.04504,10.221111,30.743729,-137.67528,-38.922825,209.12975,0.0
2d,2,Right Ankle,1650419,1779734583254,-9.847116,0.34011596,-0.2009971,0.34663773,-3.4137597,-11.622381,65.118065,77.30388,286.31845,0.0
2d,1,Left Ankle,4608402,1779734583276,-0.16,10.22,0.05,10.8125,1.125,37.25,-0.6265869,-0.66516113,-0.2644043,-0.30822754
2d,1,Left Ankle,4608422,1779734583287,0.01,10.31,-0.05,16.9375,5.625,42.25,-0.6224365,-0.668396,-0.2611084,-0.3125
2d,3,Left Wrist,4408447,1779734583289,-2.5649042,-9.384355,-1.0815558,28.955776,-24.8703,53.449223,-102.028435,-29.951374,328.65164,0.0
2d,1,Left Ankle,4608437,1779734583309,0.64,9.86,-0.3,18.5625,5.0625,45.625,-0.62005615,-0.6702881,-0.2592163,-0.31469727
2d,4,Right Wrist,30611402,1779734583309,-3.0252259,0.18414661,-5.9653068,22.47504,-14.698889,-1.526272,-137.7262,-38.866734,209.16966,0.0
2d,2,Right Ankle,1650479,1779734583320,-8.64592,2.955471,1.6510476,48.506638,-30.153759,-12.392382,65.0328,77.24052,286.21625,0.0
2d,1,Left Ankle,4608462,1779734583338,1.22,9.68,-0.6,18.25,-2.875,51.0625,-0.6129761,-0.6763916,-0.25231934,-0.32104492
2d,1,Left Ankle,4608481,1779734583338,0.59,9.78,-0.84,18.125,-3.25,51.25,-0.60858154,-0.6807251,-0.2468872,-0.3244629
2d,1,Left Ankle,4608503,1779734583365,1.86,9.53,-0.89,18.6875,-3.5,43.1875,-0.60424805,-0.6845703,-0.24261475,-0.3277588
2d,4,Right Wrist,30611461,1779734583369,-1.4459629,-3.266303,-4.900501,47.39504,-12.8088875,-10.766272,-137.73149,-38.793167,209.18785,0.0
2d,2,Right Ankle,1650540,1779734583372,-6.8536954,-1.2319684,0.31585258,88.896645,-35.543762,-0.77238107,64.90698,77.30724,286.06073,0.0
2d,1,Left Ankle,4608523,1779734583397,1.15,10.34,-0.63,18.0625,-0.4375,38.5,-0.6000366,-0.68774414,-0.23986816,-0.33081055
2d,1,Left Ankle,4608538,1779734583397,2.75,9.63,-0.62,21.3125,9.4375,22.0,-0.59802246,-0.68896484,-0.23962402,-0.3319702
2d,1,Left Ankle,4608566,1779734583438,3.28,10.09,-0.44,28.125,13.0625,5.125,-0.5922241,-0.69262695,-0.24285889,-0.33251953
2d,3,Left Wrist,4408504,1779734583451,-0.23429509,-7.4150615,0.3589234,27.765776,-17.9403,44.20922,-101.9886,-29.879917,328.63913,0.0
2d,1,Left Ankle,4608578,1779734583459,4.72,11.26,-2.13,34.625,-16.625,-24.1875,-0.5911865,-0.69433594,-0.2444458,-0.32965088
2d,1,Left Ankle,4608602,1779734583472,3.93,12.99,-6.0,47.125,-49.875,-48.6875,-0.59033203,-0.7015381,-0.24816895,-0.31262207
2d,4,Right Wrist,30611522,1779734583472,0.49700895,-4.95085,-4.9579287,20.375038,-4.548888,8.203728,-137.71562,-38.714973,209.18156,0.0
2d,2,Right Ankle,1650599,1779734583472,-8.275032,-4.8235955,-10.535598,-47.95336,-2.4337597,10.49762,65.08722,77.36241,286.25308,0.0
2d,1,Left Ankle,4608624,1779734583487,6.13,14.37,-11.41,56.875,-58.0625,-54.0625,-0.58862305,-0.7090454,-0.25128174,-0.2960205
2d,1,Left Ankle,4608642,1779734583520,6.78,13.58,-10.25,79.75,-155.5,-57.9375,-0.5878296,-0.7210083,-0.24829102,-0.27020264
2d,1,Left Ankle,4608662,1779734583520,7.28,10.35,-7.4,84.25,-239.625,-62.625,-0.58917236,-0.73602295,-0.23809814,-0.23345947
2d,4,Right Wrist,30611582,1779734583520,2.2724833,-4.2306104,-6.1232333,112.84504,-14.5588875,49.92373,-137.69885,-38.63193,209.18832,0.0
2d,2,Right Ankle,1650660,1779734583524,-10.052898,-1.8660666,5.029713,-62.443363,-41.633762,27.64762,64.78922,77.3646,285.9816,0.0
2d,1,Left Ankle,4608686,1779734583557,6.5,9.72,-6.68,86.9375,-298.6875,-62.375,-0.5914917,-0.7523804,-0.22045898,-0.18835449
2d,3,Left Wrist,4408698,1779734583558,-1.3804572,-6.204293,-5.3982077,54.645775,88.8797,24.819221,-101.92546,-29.799088,328.59344,0.0
2d,1,Left Ankle,4608707,1779734583577,-0.14,7.35,-7.05,90.6875,-265.0,-34.4375,-0.5913086,-0.7675781,-0.20056152,-0.14465332
2d,1,Left Ankle,4608722,1779734583578,-1.05,5.7,-5.73,93.25,-280.375,-25.5625,-0.588562,-0.7816162,-0.17901611,-0.1027832
2d,4,Right Wrist,30611671,1779734583579,8.998708,-1.2611177,-3.991228,192.99504,-43.678886,280.22372,-137.61086,-38.614956,209.12697,0.0
2d,2,Right Ankle,1650750,1779734583583,-10.11272,1.2804952,-0.08135597,24.636637,-29.59376,9.727619,64.89749,77.41011,286.07712,0.0
2d,1,Left Ankle,4608747,1779734583607,-3.38,6.43,-1.47,87.1875,-295.375,-23.3125,-0.5852661,-0.7938843,-0.15411377,-0.0592041
2d,3,Left Wrist,4408821,1779734583618,-4.208774,-8.149657,-5.6470613,21.885777,198.9197,181.61923,-101.91829,-29.617363,328.49857,0.0
2d,1,Left Ankle,4608762,1779734583637,-7.9,6.54,1.7,85.125,-253.6875,-27.1875,-0.58044434,-0.80340576,-0.1317749,-0.018066406
2d,4,Right Wrist,30611732,1779734583648,15.141084,-0.8758733,0.031106694,122.22504,-20.018888,455.29373,-137.47475,-38.550285,208.98064,0.0
2d,2,Right Ankle,1650809,1779734583649,-10.1438265,2.7855806,1.1102697,47.24664,-25.74376,-26.042381,64.94176,77.342735,286.1016,0.0
2d,1,Left Ankle,4608786,1779734583666,-6.12,5.07,3.48,79.4375,-149.4375,-31.6875,-0.5731201,-0.81073,-0.11907959,0.010559082
2d,1,Left Ankle,4608809,1779734583667,-2.3,4.11,2.23,72.3125,-31.3125,-24.6875,-0.5640869,-0.81707764,-0.11682129,0.023071289
2d,3,Left Wrist,4408840,1779734583680,-2.2969081,-8.877075,-4.24726,58.705776,207.5997,193.37923,-101.87804,-29.494946,328.41507,0.0
2d,1,Left Ankle,4608825,1779734583697,-0.16,3.51,2.12,66.125,63.0,-5.625,-0.55371094,-0.8234863,-0.12182617,0.01940918
2d,4,Right Wrist,30611791,1779734583706,20.620647,13.540882,-2.562713,83.23504,-25.96889,531.73376,-137.37172,-38.45936,208.83237,0.0
2d,1,Left Ankle,4608848,1779734583728,1.33,5.58,1.92,60.3125,127.1875,22.6875,-0.5426636,-0.82958984,-0.13128662,0.0029296875
2d,1,Left Ankle,4608869,1779734583728,1.61,6.71,1.79,44.875,156.4375,46.875,-0.5321655,-0.83483887,-0.13922119,-0.020996094
2d,2,Right Ankle,1650870,1779734583733,-8.901952,-0.83236706,0.79681,24.986637,-2.0837598,-8.682381,64.79903,77.41331,285.9534,0.0
2d,3,Left Wrist,4408894,1779734583739,4.230712,-12.626628,-0.37328032,17.825777,211.5197,189.59923,-101.77606,-29.400301,328.29324,0.0
2d,1,Left Ankle,4608884,1779734583767,-0.12,7.87,2.98,20.0625,148.25,63.125,-0.5244751,-0.8377075,-0.14477539,-0.04748535
2d,4,Right Wrist,30611852,1779734583767,19.450558,19.510977,-5.7164536,-11.404961,-28.068888,487.07373,-137.32219,-38.373123,208.70631,0.0
2d,1,Left Ankle,4608905,1779734583767,-4.05,8.53,3.6,-5.3125,94.25,47.3125,-0.52111816,-0.83813477,-0.14660645,-0.066589355
2d,1,Left Ankle,4608924,1779734583787,0.72,9.31,5.91,-19.625,65.25,24.0625,-0.52111816,-0.8366699,-0.1482544,-0.080322266
2d,2,Right Ankle,1650929,1779734583793,-9.430765,-0.483015,1.4907286,14.766638,4.07624,17.98762,64.61301,77.46244,285.76764,0.0
2d,3,Left Wrist,4408955,1779734583807,11.708282,-10.793727,1.5625132,30.635777,166.92969,104.05922,-101.69117,-29.422178,328.20062,0.0
2d,1,Left Ankle,4608966,1779734583817,-10.53,14.73,7.4,-43.125,52.1875,-10.4375,-0.5297241,-0.82855225,-0.15301514,-0.097717285
2d,1,Left Ankle,4608945,1779734583817,-2.29,11.36,4.55,-40.625,54.9375,14.9375,-0.5246582,-0.83325195,-0.14953613,-0.08984375
2d,4,Right Wrist,30611912,1779734583819,11.654741,12.449756,-5.1349974,8.19504,-12.248888,411.47372,-137.28484,-38.307476,208.60437,0.0
2d,1,Left Ankle,4608984,1779734583858,-3.58,17.76,-2.02,-21.75,220.25,-70.6875,-0.5299072,-0.8213501,-0.17541504,-0.117248535
2d,2,Right Ankle,1651019,1779734583860,-8.662669,2.2974448,-0.8566305,-1.6133623,23.25624,24.427618,64.924545,77.46502,286.0747,0.0
2d,1,Left Ankle,4609004,1779734583875,8.51,10.46,-2.42,-20.25,295.625,-96.375,-0.5244751,-0.8104248,-0.21429443,-0.14904785
2d,1,Left Ankle,4609024,1779734583876,9.47,10.21,-6.5,-25.5625,318.25,-64.875,-0.51782227,-0.7965088,-0.2508545,-0.18566895
2d,4,Right Wrist,30611972,1779734583878,3.2846472,10.985348,-6.943971,-16.44496,-12.178888,281.8337,-137.29935,-38.25333,208.55531,0.0
2d,3,Left Wrist,4409014,1779734583888,20.812973,-12.516558,0.98584294,37.075775,116.3897,6.6192207,-101.635826,-29.487778,328.14468,0.0
2d,1,Left Ankle,4609049,1779734583916,13.32,18.98,-38.79,20.125,259.625,-51.375,-0.50720215,-0.7843628,-0.28240967,-0.2185669
2d,2,Right Ankle,1651080,1779734583916,-9.5193,1.6537756,-0.62931234,-15.893362,30.67624,23.027618,65.19176,77.493614,286.34384,0.0
2d,1,Left Ankle,4609071,1779734583939,12.58,13.35,-11.17,-34.0,-51.0625,-76.375,-0.5065918,-0.7799072,-0.29577637,-0.21820068
2d,4,Right Wrist,30612032,1779734583939,-5.956434,8.200104,-9.8321085,38.855038,-11.268888,104.66373,-137.32687,-38.204414,208.56175,0.0
2d,1,Left Ankle,4609090,1779734583966,-2.8,3.59,-5.52,-46.0,-142.75,-74.75,-0.52233887,-0.776062,-0.2919922,-0.19903564
2d,1,Left Ankle,4609107,1779734583966,-6.3,2.68,-4.11,-50.25,-125.375,-66.25,-0.5371704,-0.7732544,-0.28637695,-0.17755127
2d,3,Left Wrist,4409075,1779734583986,23.54797,-13.32294,1.1246266,56.955776,15.449699,-82.00078,-101.59776,-29.576933,328.13614,0.0
2d,1,Left Ankle,4609126,1779734583999,-6.46,6.09,-1.92,-55.375,-25.5625,-32.6875,-0.5476074,-0.7678833,-0.28588867,-0.16955566
2d,4,Right Wrist,30612092,1779734583999,-4.4106703,13.976377,-13.634303,95.62504,-8.398888,-124.306274,-137.38641,-38.221497,208.64587,0.0
2d,2,Right Ankle,1651139,1779734584002,-8.547813,0.87132263,0.2536392,-36.82336,39.21624,13.647619,65.28782,77.56255,286.45328,0.0
2d,1,Left Ankle,4609154,1779734584025,-6.72,5.89,-0.48,-69.5,55.0625,-17.5625,-0.55462646,-0.7592163,-0.29125977,-0.17651367
2d,1,Left Ankle,4609171,1779734584026,-1.66,7.42,-1.44,-93.9375,78.4375,0.875,-0.5650635,-0.7426758,-0.30047607,-0.19720459
2d,1,Left Ankle,4609186,1779734584057,1.59,13.04,-5.14,-99.1875,63.8125,15.0625,-0.56933594,-0.7371826,-0.30090332,-0.20446777
2d,4,Right Wrist,30612152,1779734584059,3.8038898,16.737694,-15.876378,118.51504,-28.55889,-308.61627,-137.48795,-38.294083,208.80197,0.0
2d,2,Right Ankle,1651200,1779734584063,-9.653297,0.78518105,-0.41635114,-19.673363,48.03624,13.227619,65.48065,77.6225,286.65204,0.0
2d,3,Left Wrist,4409165,1779734584068,18.068405,-14.897417,5.192425,149.56577,-229.27031,-144.79077,-101.55576,-29.649353,328.2182,0.0
2d,1,Left Ankle,4609212,1779734584088,-2.14,15.82,-1.98,-104.5625,54.1875,43.5625,-0.57818604,-0.7272339,-0.29760742,-0.21972656
2d,1,Left Ankle,4609228,1779734584090,-3.27,16.12,2.92,-101.0625,111.875,60.8125,-0.5835571,-0.7163086,-0.29614258,-0.24212646
2d,1,Left Ankle,4609255,1779734584116,-1.85,8.78,5.55,-103.6875,184.375,61.0625,-0.58428955,-0.6933594,-0.30499268,-0.29119873
2d,4,Right Wrist,30612211,1779734584119,7.6587267,34.85854,-15.914663,298.55505,-77.418884,-491.80627,-137.55373,-38.406006,209.0211,0.0
2d,2,Right Ankle,1651290,1779734584123,-10.332859,2.6898677,-3.275774,-32.55336,68.75624,-20.232382,65.82082,77.65461,286.99948,0.0
2d,3,Left Wrist,4409254,1779734584128,4.77149,-24.509386,21.15016,103.22577,-503.8803,-35.03078,-101.57255,-29.617155,328.39633,0.0
2d,1,Left Ankle,4609274,1779734584151,-2.78,5.55,7.35,-101.25,241.1875,57.0,-0.5803833,-0.6727295,-0.31781006,-0.3310547
2d,1,Left Ankle,4609292,1779734584151,1.69,10.3,1.28,-97.9375,276.375,21.0625,-0.57470703,-0.6481323,-0.33459473,-0.37109375
2d,1,Left Ankle,4609321,1779734584178,4.26,2.08,-11.28,-92.9375,192.125,-18.625,-0.5734253,-0.6237793,-0.35125732,-0.39831543
2d,4,Right Wrist,30612272,1779734584189,13.997314,58.03542,-7.8317084,328.51505,-134.60889,-680.52625,-137.64262,-38.551636,209.31001,0.0
2d,2,Right Ankle,1651349,1779734584190,-2.228369,-2.734661,-17.603996,-159.74336,104.17624,-49.91238,66.17984,77.72687,287.41028,0.0
2d,3,Left Wrist,4409344,1779734584190,-4.309272,-18.575184,26.696722,95.66577,-498.8403,-8.570778,-101.596054,-29.573244,328.57336,0.0
2d,1,Left Ankle,4609331,1779734584216,2.01,5.17,-10.76,-64.375,92.25,6.625,-0.57373047,-0.6091919,-0.35699463,-0.4151001
2d,1,Left Ankle,4609352,1779734584217,1.35,12.85,1.82,-51.875,11.4375,5.4375,-0.57696533,-0.60217285,-0.35565186,-0.42193604
2d,1,Left Ankle,4609372,1779734584239,-1.05,12.25,4.4,-45.75,3.5625,9.3125,-0.5814209,-0.5979614,-0.35131836,-0.425354
2d,4,Right Wrist,30612332,1779734584240,40.007298,68.49923,3.464807,304.29504,-162.1189,-861.47626,-137.77368,-38.740982,209.66179,0.0
2d,3,Left Wrist,4409405,1779734584253,-7.324229,-12.32274,22.738995,2.9157763,-450.1203,-136.67078,-101.65072,-29.575184,328.74313,0.0
2d,1,Left Ankle,4609398,1779734584273,0.96,11.55,5.34,-26.8125,59.375,23.5625,-0.58044434,-0.5928345,-0.35125732,-0.43389893
2d,1,Left Ankle,4609412,1779734584273,3.91,10.24,4.62,-13.0625,65.0625,7.0625,-0.57702637,-0.58691406,-0.3557129,-0.44274902
2d,1,Left Ankle,4609437,1779734584307,4.9,10.34,-2.89,-7.0625,33.4375,-4.6875,-0.5749512,-0.5824585,-0.3597412,-0.44799805
2d,2,Right Ankle,1651410,1779734584307,-8.337246,2.716189,-3.8452659,-243.74336,74.14624,-1.542381,66.48539,77.74884,287.79697,0.0
2d,3,Left Wrist,4409464,1779734584308,-2.7539375,-9.611672,7.5924263,54.295776,-323.7703,-115.67078,-101.65901,-29.568462,328.86,0.0
2d,1,Left Ankle,4609462,1779734584329,4.46,12.79,-4.47,15.0,3.625,-12.875,-0.57440186,-0.581604,-0.36291504,-0.44732666
2d,4,Right Wrist,30612392,1779734584329,79.61569,-87.48409,77.673416,452.97504,664.3711,75.263725,-137.43372,-38.910965,209.41084,0.0
2d,1,Left Ankle,4609479,1779734584357,2.34,10.55,1.34,33.0625,-34.125,-20.5,-0.5742798,-0.5852051,-0.36444092,-0.4414673
2d,1,Left Ankle,4609500,1779734584358,-0.51,9.25,2.33,38.5625,-60.9375,-20.875,-0.574646,-0.59088135,-0.36517334,-0.43273926
2d,3,Left Wrist,4409524,1779734584368,-21.317457,-7.876876,4.5966125,195.34578,-116.6403,-97.61078,-101.605,-29.5551,328.9077,0.0
2d,1,Left Ankle,4609523,1779734584386,-1.68,8.42,0.03,40.1875,-53.8125,-17.4375,-0.57543945,-0.6008911,-0.36431885,-0.41833496
2d,2,Right Ankle,1651573,1779734584393,-2.6016493,8.157468,-3.3978083,59.63664,-7.6837597,20.22762,66.627304,77.6554,287.97754,0.0
2d,1,Left Ankle,4609542,1779734584416,1.05,8.89,-1.48,38.4375,-51.375,-12.5,-0.5749512,-0.60705566,-0.3642578,-0.4100952
2d,1,Left Ankle,4609563,1779734584417,0.71,10.15,-0.96,32.75,-61.625,-10.8125,-0.57592773,-0.61383057,-0.36187744,-0.40075684
2d,4,Right Wrist,30612555,1779734584418,10.0252285,-11.818251,-6.250053,-22.18496,90.721115,-231.47627,-137.18932,-39.088585,209.3071,0.0
2d,3,Left Wrist,4409584,1779734584431,1.1559347,-19.41746,4.814359,78.72577,227.47969,81.86922,-101.4856,-29.507421,328.7897,0.0
2d,1,Left Ankle,4609583,1779734584445,0.64,10.21,-2.86,27.0625,-54.6875,-14.25,-0.57696533,-0.61932373,-0.36016846,-0.3922119
2d,2,Right Ankle,1651592,1779734584457,-3.860274,5.8388224,-4.7018967,69.92664,-16.85376,1.887619,66.94997,77.62541,288.26776,0.0
2d,1,Left Ankle,4609606,1779734584483,0.0,8.89,-1.64,26.9375,-41.3125,-9.6875,-0.5776367,-0.6241455,-0.35876465,-0.38482666
2d,3,Left Wrist,4409644,1779734584488,16.245075,-13.239191,7.743174,-95.22423,176.3097,150.81923,-101.43607,-29.498959,328.68732,0.0
2d,1,Left Ankle,4609628,1779734584507,-1.51,8.01,-0.43,21.375,-39.6875,-5.0625,-0.5779419,-0.6286011,-0.35705566,-0.37860107
2d,1,Left Ankle,4609644,1779734584508,-1.44,7.3,-1.24,14.1875,-33.9375,0.0625,-0.5784302,-0.6322632,-0.3548584,-0.37384033
2d,2,Right Ankle,1651679,1779734584514,-7.533257,3.3143945,-4.6085763,36.81664,-32.32376,-24.152382,67.19606,77.63316,288.49268,0.0
2d,1,Left Ankle,4609673,1779734584538,0.74,9.97,-0.63,12.375,-24.875,10.75,-0.57788086,-0.6373291,-0.35064697,-0.36999512
2d,3,Left Wrist,4409705,1779734584557,15.1371975,-13.878075,8.999406,-8.424224,147.25969,110.07922,-101.361015,-29.496422,328.5984,0.0
2d,1,Left Ankle,4609692,1779734584568,-1.0,10.3,1.25,7.3125,-17.5625,15.5625,-0.5769043,-0.6401367,-0.34796143,-0.3692627
2d,1,Left Ankle,4609713,1779734584569,0.68,10.03,0.09,7.25,-3.0625,16.875,-0.5755615,-0.6421509,-0.3460083,-0.3696289
2d,2,Right Ankle,1651740,1779734584582,-8.042929,2.2639453,-0.52881384,19.386637,-30.57376,-11.342381,67.42415,77.62768,288.70642,0.0
2d,1,Left Ankle,4609733,1779734584596,1.44,10.13,-1.26,9.375,-2.9375,17.375,-0.57354736,-0.64416504,-0.34448242,-0.37072754
2d,3,Left Wrist,4409764,1779734584630,10.093128,-11.906388,7.7383885,-83.534225,132.5597,108.81922,-101.31192,-29.484304,328.51382,0.0
2d,1,Left Ankle,4609762,1779734584630,0.6,8.35,-0.88,13.625,-20.5,18.0625,-0.5720825,-0.64733887,-0.34173584,-0.36993408
2d,4,Right Wrist,30612574,1779734584630,14.057136,-11.964214,-5.314459,-11.19496,80.85111,-234.55627,-137.17076,-39.192806,209.32468,0.0
2d,1,Left Ankle,4609776,1779734584630,0.5,9.86,-0.39,15.125,-27.5,24.3125,-0.5704956,-0.65179443,-0.33764648,-0.36828613
2d,2,Right Ankle,1651799,1779734584633,-7.5571856,1.0555699,-1.6103697,46.40664,-25.393759,1.677619,67.629,77.65597,288.88904,0.0
2d,1,Left Ankle,4609800,1779734584658,-0.24,9.34,-0.85,14.375,-14.625,27.1875,-0.56695557,-0.6577759,-0.3319702,-0.36834717
2d,3,Left Wrist,4409825,1779734584667,5.369695,-11.080865,6.1902323,-51.12422,114.2197,128.20923,-101.251465,-29.447777,328.4336,0.0
2d,1,Left Ankle,4609824,1779734584686,1.07,9.77,-1.49,15.75,0.9375,33.3125,-0.56292725,-0.6612549,-0.3291626,-0.3708496
2d,4,Right Wrist,30612839,1779734584699,9.319345,-7.1235332,-5.8600225,-71.884964,-40.108887,36.90373,-137.14378,-39.29471,209.28105,0.0
2d,2,Right Ankle,1651860,1779734584699,-7.064264,2.24241,-2.5268207,50.95664,-37.923763,2.727619,67.87057,77.65784,289.10513,0.0
2d,1,Left Ankle,4609842,1779734584716,1.2,10.49,-0.77,18.4375,-7.75,40.6875,-0.5587158,-0.66552734,-0.32537842,-0.37286377
2d,1,Left Ankle,4609862,1779734584718,0.93,9.8,-1.0,19.4375,-9.8125,44.5625,-0.5543213,-0.6703491,-0.32080078,-0.3748169
2d,3,Left Wrist,4409884,1779734584733,4.257033,-14.971595,5.599205,-93.19423,95.5997,167.61922,-101.20758,-29.380974,328.35757,0.0
2d,1,Left Ankle,4609878,1779734584753,0.96,9.61,-1.72,21.0,-10.375,47.25,-0.5518799,-0.6729126,-0.31829834,-0.37591553
2d,4,Right Wrist,30612858,1779734584753,9.563414,-5.929515,-6.2811594,-84.90496,-40.528885,37.883728,-137.17015,-39.339928,209.27893,0.0
2d,2,Right Ankle,1651919,1779734584753,-9.911722,0.2779026,-5.2259245,33.526638,-44.293762,-0.28238106,68.04931,77.69009,289.26523,0.0
2d,1,Left Ankle,4609901,1779734584776,1.52,9.49,-1.88,24.5,-12.0,55.5,-0.543396,-0.68182373,-0.30932617,-0.37963867
2d,1,Left Ankle,4609924,1779734584777,1.27,9.62,-1.49,24.3125,-17.0,64.5625,-0.5373535,-0.68865967,-0.30151367,-0.38232422
2d,3,Left Wrist,4409945,1779734584789,4.7954183,-13.992929,4.041477,-117.90423,49.679703,221.86923,-101.17757,-29.293272,328.2947,0.0
2d,1,Left Ankle,4609942,1779734584805,1.17,9.82,-1.77,21.625,-21.125,72.4375,-0.53430176,-0.6921997,-0.29693604,-0.38372803
2d,4,Right Wrist,30612902,1779734584815,8.922137,-5.7285175,-6.788438,-52.144962,-49.55889,31.303728,-137.22023,-39.388405,209.30205,0.0
2d,1,Left Ankle,4609964,1779734584836,1.75,9.86,-2.17,20.375,-16.375,81.375,-0.5239868,-0.70251465,-0.28277588,-0.3897705
2d,2,Right Ankle,1651980,1779734584850,-11.457486,-0.040342808,-4.2664027,-44.52336,-41.14376,24.98762,68.19252,77.72124,289.4182,0.0
2d,3,Left Wrist,4410004,1779734584850,6.6354985,-12.820446,2.7661028,-20.534224,20.909698,222.98923,-101.116585,-29.217297,328.242,0.0
2d,1,Left Ankle,4609984,1779734584868,1.83,9.87,-1.49,18.5,-12.375,91.375,-0.5201416,-0.7059326,-0.2774048,-0.39263916
2d,1,Left Ankle,4610003,1779734584870,2.94,9.98,-1.97,16.125,-38.4375,92.125,-0.51086426,-0.7184448,-0.2565918,-0.39630127
2d,4,Right Wrist,30612961,1779734584871,7.9697943,-6.9847493,-7.470392,-65.58496,-55.36889,34.383728,-137.23203,-39.295242,209.29832,0.0
2d,1,Left Ankle,4610024,1779734584901,1.1,10.59,-0.36,18.4375,-59.8125,75.3125,-0.50561523,-0.7271118,-0.2432251,-0.39562988
2d,1,Left Ankle,4610041,1779734584910,3.26,12.04,-0.63,16.0,-92.875,60.0625,-0.5025635,-0.73657227,-0.2296753,-0.39001465
2d,3,Left Wrist,4410064,1779734584910,5.4678016,-11.073687,-0.79441714,0.8157764,34.069702,208.21922,-101.04398,-29.125542,328.18433,0.0
2d,2,Right Ankle,1652040,1779734584910,-7.7390394,3.3574653,-3.1609187,-6.583362,-55.07376,13.367619,68.409676,77.705864,289.6292,0.0
2d,1,Left Ankle,4610067,1779734584926,1.86,12.46,0.97,12.0625,-70.125,58.6875,-0.5001221,-0.7451782,-0.21661377,-0.38427734
2d,1,Left Ankle,4610086,1779734584956,-1.98,11.08,-0.01,6.8125,-21.6875,48.3125,-0.49658203,-0.7498779,-0.20727539,-0.3848877
2d,4,Right Wrist,30613022,1779734584965,6.117749,-7.1594253,-9.243474,-77.83496,-65.65889,37.183727,-137.29546,-39.206738,209.32593,0.0
2d,3,Left Wrist,4410125,1779734584968,2.3260255,-7.5131664,-2.7158537,-19.694223,30.149698,165.72922,-101.08281,-29.01418,328.18115,0.0
2d,1,Left Ankle,4610113,1779734584986,2.2,7.94,-0.52,-0.125,-31.9375,-0.1875,-0.49676514,-0.7522583,-0.20379639,-0.38189697
2d,1,Left Ankle,4610122,1779734584988,4.53,8.46,-2.62,-9.8125,-44.5625,-9.5,-0.4996338,-0.7539673,-0.2008667,-0.3762207
2d,2,Right Ankle,1652129,1779734584999,-10.907137,2.7831879,0.09810573,-0.913362,-48.91376,-17.642382,68.5982,77.690216,289.80988,0.0
2d,1,Left Ankle,4610147,1779734585025,4.75,8.08,-5.28,-6.5625,-51.9375,-25.625,-0.5038452,-0.75579834,-0.19854736,-0.36816406
2d,4,Right Wrist,30613082,1779734585025,4.05035,-7.2431746,-10.191031,-47.03496,-71.888885,49.643726,-137.34477,-39.108913,209.35002,0.0
2d,3,Left Wrist,4410184,1779734585028,1.423931,-6.8551407,-3.7375891,15.515777,28.329699,108.60922,-101.122444,-28.93091,328.1881,0.0
2d,1,Left Ankle,4610167,1779734585050,6.1,7.59,-3.66,-16.6875,-51.9375,-18.0,-0.5084839,-0.7573242,-0.19604492,-0.3597412
2d,1,Left Ankle,4610181,1779734585050,-0.13,9.05,1.16,-33.75,-29.375,-8.375,-0.5147095,-0.75476074,-0.19488525,-0.3569336
2d,2,Right Ankle,1652190,1779734585054,-8.837345,2.3692296,0.44985065,-32.903362,-17.13376,-21.142382,68.785576,77.64582,290.00238,0.0
2d,1,Left Ankle,4610205,1779734585077,1.87,7.74,1.83,-25.1875,-12.1875,-50.875,-0.52111816,-0.7514038,-0.19927979,-0.35229492
2d,1,Left Ankle,4610224,1779734585077,0.84,7.27,4.11,-46.6875,-22.625,-47.625,-0.52996826,-0.7473755,-0.20031738,-0.34698486
2d,4,Right Wrist,30613172,1779734585078,1.1382854,-6.8627157,-10.7844515,-80.98496,-82.80888,57.83373,-137.40625,-39.00275,209.3746,0.0
2d,3,Left Wrist,4410245,1779734585088,0.0648077,-6.9580317,-3.1609187,6.7657766,16.7797,80.88922,-101.15161,-28.837854,328.19354,0.0
2d,1,Left Ankle,4610253,1779734585105,0.73,8.46,-1.68,-49.8125,-34.5625,-69.8125,-0.54125977,-0.74224854,-0.20318604,-0.33874512
2d,2,Right Ankle,1652280,1779734585117,-9.366159,1.8595583,0.33260235,-4.203362,-4.9537597,-41.09238,68.97779,77.68397,290.19016,0.0
2d,1,Left Ankle,4610271,1779734585136,0.74,7.57,-2.41,-43.1875,-49.75,-70.8125,-0.55792236,-0.7366333,-0.20605469,-0.32183838
2d,3,Left Wrist,4410304,1779734585151,3.2616189,-3.2347996,-4.479364,30.425777,11.8797,69.05922,-101.21006,-28.8306,328.2192,0.0
2d,1,Left Ankle,4610311,1779734585173,1.4,7.0,-0.69,-50.125,-54.0625,-68.25,-0.5812378,-0.7284546,-0.20733643,-0.29760742
2d,2,Right Ankle,1652339,1779734585173,-9.275232,1.0220704,-0.04785645,9.656637,2.1862402,-49.28238,69.06599,77.76046,290.27185,0.0
2d,1,Left Ankle,4610287,1779734585173,0.66,6.74,-0.38,-46.6875,-61.1875,-73.0,-0.56396484,-0.7348633,-0.20617676,-0.31518555
2d,1,Left Ankle,4610334,1779734585198,19.38,10.4,-26.02,43.25,-43.375,-77.0,-0.585022,-0.729187,-0.21264648,-0.28424072
2d,3,Left Wrist,4410365,1779734585209,5.147163,-5.2710915,-3.0149567,25.875776,-2.9603007,52.81922,-101.25775,-28.857973,328.24432,0.0
2d,1,Left Ankle,4610355,1779734585226,12.28,6.72,-16.47,23.8125,-93.3125,-64.125,-0.5874634,-0.73358154,-0.20806885,-0.27105713
2d,1,Left Ankle,4610374,1779734585227,-1.85,9.63,0.85,-2.5,-16.375,5.5625,-0.58758545,-0.7351074,-0.20300293,-0.27056885
2d,4,Right Wrist,30613232,1779734585228,-0.31415787,-6.065905,-9.650253,-50.81496,-88.33889,50.83373,-137.45673,-38.895298,209.40123,0.0
2d,2,Right Ankle,1652400,1779734585233,-8.700954,0.9167863,-0.7130611,-20.163363,19.54624,-15.612381,69.25563,77.814964,290.46503,0.0
2d,1,Left Ankle,4610394,1779734585270,-5.79,11.52,2.44,-8.75,-18.5625,-19.25,-0.5906372,-0.7338867,-0.20391846,-0.26635742
2d,1,Left Ankle,4610417,1779734585288,5.95,12.3,-4.03,-25.1875,-45.5,-87.1875,-0.5979004,-0.7307129,-0.20843506,-0.25512695
2d,4,Right Wrist,30613395,1779734585289,-0.33090764,-6.7095747,-8.025527,-6.43496,-110.03889,17.513727,-137.51646,-38.67346,209.4513,0.0
2d,1,Left Ankle,4610431,1779734585289,5.28,7.23,-4.34,-38.5625,-38.125,-36.125,-0.60687256,-0.7272949,-0.20758057,-0.24420166
2d,2,Right Ankle,1652459,1779734585292,-8.727276,0.7421102,-1.3232309,-0.913362,10.44624,25.05762,69.47872,77.85192,290.6848,0.0
2d,3,Left Wrist,4410424,1779734585298,5.369695,-2.6007016,-2.6536403,72.98577,1.8696995,11.519222,-101.27843,-28.917368,328.26535,0.0
2d,1,Left Ankle,4610454,1779734585330,-2.88,8.75,0.21,-29.0625,-28.9375,-46.1875,-0.6135864,-0.723938,-0.20770264,-0.23724365
2d,1,Left Ankle,4610475,1779734585346,-0.97,10.46,-0.7,-17.5,10.5,-34.0625,-0.6174927,-0.72052,-0.21160889,-0.23406982
2d,2,Right Ankle,1652519,1779734585353,-9.356588,0.62007624,-0.2943172,8.186638,7.2962403,7.207619,69.596,77.913666,290.79736,0.0
2d,3,Left Wrist,4410484,1779734585365,5.5108724,-5.8597255,-2.1391835,99.72577,-7.790301,5.709221,-101.28364,-28.980528,328.2867,0.0
2d,1,Left Ankle,4610500,1779734585385,0.54,10.53,-1.96,-8.5625,30.625,-22.1875,-0.61938477,-0.7160034,-0.21917725,-0.23590088
2d,1,Left Ankle,4610521,1779734585385,1.36,9.1,-1.04,-14.6875,1.3125,-14.1875,-0.6220703,-0.7142334,-0.21911621,-0.23425293
2d,1,Left Ankle,4610535,1779734585407,0.2,9.68,-0.79,-18.6875,-35.0625,-4.0625,-0.62390137,-0.7138672,-0.21716309,-0.2322998
2d,2,Right Ankle,1652580,1779734585413,-9.796867,2.3811936,-0.6580263,23.306637,19.19624,-20.232382,69.89138,77.9261,291.07907,0.0
2d,3,Left Wrist,4410575,1779734585428,-4.5653043,-10.88226,-0.7537392,30.565777,-17.3803,-31.53078,-101.26654,-28.926708,328.29068,0.0
2d,1,Left Ankle,4610562,1779734585440,-0.51,10.25,-0.6,-20.625,-47.6875,2.25,-0.6296997,-0.713501,-0.2084961,-0.2255249
2d,1,Left Ankle,4610580,1779734585440,-0.89,10.23,-0.84,-9.75,-32.8125,8.5,-0.6315918,-0.71447754,-0.20288086,-0.22241211
2d,1,Left Ankle,4610605,1779734585465,0.18,9.51,-1.18,0.1875,-9.1875,18.4375,-0.6314697,-0.71539307,-0.19958496,-0.22277832
2d,4,Right Wrist,30613442,1779734585476,-1.1947167,-7.566205,-9.9756775,-72.58496,-121.79888,14.1537285,-137.57443,-38.564117,209.49123,0.0
2d,2,Right Ankle,1652639,1779734585476,-8.626777,0.71100354,0.5814559,58.796635,20.52624,-68.32238,69.79532,78.02295,290.96472,0.0
2d,3,Left Wrist,4410634,1779734585478,-3.1008968,-12.624235,-1.2753744,-33.414223,21.8197,8.43922,-101.26323,-28.858315,328.27643,0.0
2d,1,Left Ankle,4610623,1779734585501,-0.28,9.84,-1.52,1.0625,-12.9375,22.3125,-0.6310425,-0.71661377,-0.19567871,-0.22357178
2d,1,Left Ankle,4610649,1779734585535,0.17,9.58,-1.32,-0.6875,-14.1875,25.5,-0.63067627,-0.7180786,-0.1907959,-0.22406006
2d,1,Left Ankle,4610669,1779734585535,0.3,9.85,-1.58,-3.0,-17.9375,32.125,-0.6303711,-0.7194214,-0.18518066,-0.22528076
2d,2,Right Ankle,1652700,1779734585543,-9.289589,1.6657397,-0.34456646,57.46664,-2.71376,-45.64238,70.01744,78.06508,291.1611,0.0
2d,3,Left Wrist,4410695,1779734585543,-1.7393805,-7.479667,0.12203395,-69.604225,30.7097,22.159222,-101.259514,-28.792864,328.25235,0.0
2d,1,Left Ankle,4610686,1779734585561,0.49,10.1,-1.05,-3.0625,-17.3125,37.6875,-0.630249,-0.7211914,-0.17755127,-0.22613525
2d,1,Left Ankle,4610703,1779734585561,0.73,9.75,-0.78,-0.875,-14.875,37.5,-0.6295166,-0.7227173,-0.17114258,-0.22821045
2d,1,Left Ankle,4610723,1779734585593,0.98,9.45,-0.72,2.5625,-1.0625,36.375,-0.62805176,-0.7241211,-0.16619873,-0.23138428
2d,3,Left Wrist,4410754,1779734585598,1.0889356,-5.6491575,1.0959128,-26.904224,31.3397,4.6592216,-101.21425,-28.761879,328.21634,0.0
2d,1,Left Ankle,4610743,1779734585618,1.2,9.64,-0.77,7.4375,14.125,34.875,-0.62579346,-0.7255249,-0.16247559,-0.23565674
2d,4,Right Wrist,30613605,1779734585619,1.6120644,-4.4244294,-9.174082,-156.86496,-92.53889,-68.236275,-137.80066,-38.407536,209.6446,0.0
2d,2,Right Ankle,1652759,1779734585622,-8.758382,2.5989404,1.3758731,182.62665,-18.74376,29.677618,69.96088,77.995476,291.04285,0.0
2d,1,Left Ankle,4610772,1779734585646,1.28,9.77,-1.41,12.125,13.5625,26.5,-0.6229248,-0.7269287,-0.16088867,-0.24017334
2d,1,Left Ankle,4610790,1779734585647,2.33,9.31,-1.47,11.1875,7.9375,10.3125,-0.6199341,-0.7288208,-0.16027832,-0.24243164
2d,1,Left Ankle,4610807,1779734585677,2.42,9.49,-1.19,12.1875,3.1875,-3.375,-0.61920166,-0.7293701,-0.16088867,-0.24230957
2d,4,Right Wrist,30613786,1779734585681,3.5000014,-6.022835,-6.656832,34.09504,-27.368887,46.073727,-137.85223,-38.24858,209.70288,0.0
2d,3,Left Wrist,4410814,1779734585695,1.7948183,-5.917154,1.442872,13.485777,39.5297,-16.550777,-101.15022,-28.750767,328.17694,0.0
2d,2,Right Ankle,1652820,1779734585695,-7.657684,-2.492986,-0.17228323,63.766636,-36.243763,70.20762,69.90371,78.04233,290.96442,0.0
2d,1,Left Ankle,4610847,1779734585710,0.73,9.83,-0.61,15.3125,7.3125,-24.125,-0.6170044,-0.73101807,-0.16693115,-0.2388916
2d,1,Left Ankle,4610829,1779734585710,0.97,9.8,-1.1,13.25,2.1875,-14.3125,-0.618042,-0.73028564,-0.16308594,-0.2409668
2d,1,Left Ankle,4610870,1779734585743,0.71,10.11,-0.78,16.75,21.6875,-26.9375,-0.6156616,-0.7312012,-0.17260742,-0.23773193
2d,1,Left Ankle,4610885,1779734585743,1.98,10.03,-0.8,24.125,28.875,-30.0625,-0.61309814,-0.7315674,-0.18023682,-0.23754883
2d,4,Right Wrist,30613832,1779734585743,2.6936202,-7.06132,-6.6975102,39.765038,-11.688889,72.32372,-137.8078,-38.154316,209.67145,0.0
2d,2,Right Ankle,1652910,1779734585744,-11.194276,0.1391189,0.19381864,-82.81336,-17.76376,33.87762,69.843735,78.10335,290.93365,0.0
2d,1,Left Ankle,4610906,1779734585768,1.35,9.28,-0.59,32.0,22.0,-29.5625,-0.6097412,-0.73272705,-0.1876831,-0.23669434
2d,3,Left Wrist,4410875,1779734585779,2.9050884,-7.486845,1.0624132,43.935776,42.609703,-20.050777,-101.07264,-28.74331,328.13538,0.0
2d,1,Left Ankle,4610925,1779734585795,-0.15,10.06,-1.83,28.25,3.9375,-22.125,-0.6069336,-0.73461914,-0.19262695,-0.2341919
2d,4,Right Wrist,30613892,1779734585801,3.4617164,-5.709375,-5.910272,51.45504,-18.478888,145.12372,-137.75342,-38.041374,209.62288,0.0
2d,2,Right Ankle,1652969,1779734585803,-8.968951,6.1163898,-1.3160526,-72.033356,-13.28376,48.92762,70.07856,78.03346,291.18832,0.0
2d,1,Left Ankle,4610954,1779734585828,0.76,11.76,-2.92,34.875,-6.5,-18.75,-0.60357666,-0.73742676,-0.19641113,-0.2310791
2d,1,Left Ankle,4610971,1779734585830,1.31,10.72,-3.29,36.5625,0.0625,-18.5625,-0.5975952,-0.7421875,-0.2020874,-0.22625732
2d,3,Left Wrist,4410964,1779734585842,-0.90907127,-8.621043,-2.0147567,60.105778,50.869698,28.319221,-101.04646,-28.663145,328.11597,0.0
2d,1,Left Ankle,4610988,1779734585857,2.89,11.71,-6.06,38.625,-4.9375,-18.3125,-0.5956421,-0.7438965,-0.20373535,-0.22436523
2d,4,Right Wrist,30613952,1779734585860,7.670691,-1.1366911,-4.658826,-10.42496,-31.498888,273.9937,-137.75697,-38.027588,209.57289,0.0
2d,2,Right Ankle,1653030,1779734585863,-10.959779,0.30183083,0.59581286,28.696636,-26.233759,5.1076193,69.96015,78.10197,291.061,0.0
2d,1,Left Ankle,4611014,1779734585887,4.41,12.07,-7.65,42.5625,-52.5,-24.0,-0.5906372,-0.7508545,-0.20495605,-0.21295166
2d,1,Left Ankle,4611033,1779734585887,4.94,13.62,-9.54,46.8125,-78.6875,-23.5625,-0.58862305,-0.7578125,-0.20098877,-0.19726562
2d,3,Left Wrist,4411054,1779734585902,-5.0941176,-12.279669,-5.1158547,50.515778,109.8097,100.55922,-101.0249,-28.564474,328.07516,0.0
2d,1,Left Ankle,4611052,1779734585925,5.54,12.16,-9.7,47.375,-136.4375,-32.8125,-0.5877075,-0.76538086,-0.19415283,-0.1762085
2d,4,Right Wrist,30614012,1779734585925,10.613863,4.1227336,-3.4743786,70.005035,-56.90889,366.25372,-137.70738,-37.974464,209.49335,0.0
2d,2,Right Ankle,1653089,1779734585926,-9.732262,2.6300473,0.63170516,-13.793362,-1.5937599,-12.67238,70.106705,78.03829,291.2087,0.0
2d,1,Left Ankle,4611073,1779734585952,5.03,9.19,-7.43,46.3125,-160.3125,-31.3125,-0.5880127,-0.77386475,-0.18225098,-0.14880371
2d,1,Left Ankle,4611091,1779734585952,4.28,7.84,-7.19,47.125,-240.375,-29.9375,-0.5894165,-0.7827759,-0.16436768,-0.113220215
2d,3,Left Wrist,4411115,1779734585960,-2.160517,-11.990137,-4.7976093,39.315777,165.3897,193.58922,-100.99839,-28.436878,328.00797,0.0
2d,1,Left Ankle,4611115,1779734585986,0.37,5.19,-5.96,52.4375,-238.375,-22.9375,-0.58929443,-0.79107666,-0.14447021,-0.07800293
2d,4,Right Wrist,30614072,1779734585986,13.322539,5.3598228,-1.8520448,97.37504,-26.248888,414.06372,-137.62036,-37.91627,209.38132,0.0
2d,2,Right Ankle,1653150,1779734585986,-9.952401,0.7421102,0.11964113,26.386639,-14.19376,-29.122381,70.11319,78.11677,291.20435,0.0
2d,1,Left Ankle,4611130,1779734586010,0.71,4.87,-5.59,53.375,-234.625,-14.75,-0.58740234,-0.798645,-0.12298584,-0.044189453
2d,1,Left Ankle,4611154,1779734586037,-1.46,4.96,-2.9,60.4375,-234.125,9.625,-0.5838623,-0.8057251,-0.09906006,-0.01159668
2d,1,Left Ankle,4611172,1779734586038,-5.51,6.12,1.99,64.5,-197.25,16.5625,-0.5782471,-0.81207275,-0.07635498,0.016418457
2d,4,Right Wrist,30614132,1779734586039,16.741882,6.5035915,-0.95473623,-59.70496,23.101112,423.23373,-137.57214,-37.86765,209.24846,0.0
2d,2,Right Ankle,1653209,1779734586043,-8.990486,1.0986408,-1.1964114,47.526638,-18.11376,-19.532381,70.30829,78.15791,291.37735,0.0
2d,1,Left Ankle,4611199,1779734586069,-4.59,6.57,3.01,68.75,-117.6875,12.3125,-0.57055664,-0.8182373,-0.06085205,0.034851074
2d,1,Left Ankle,4611214,1779734586070,-3.05,6.08,4.08,63.875,-5.1875,16.25,-0.5620117,-0.8243408,-0.05517578,0.039001465
2d,3,Left Wrist,4411174,1779734586084,2.0771716,-12.04278,-3.8668015,54.155777,198.00969,207.86923,-100.96393,-28.309225,327.92877,0.0
2d,1,Left Ankle,4611233,1779734586096,-2.13,5.98,4.73,60.125,116.0,27.4375,-0.55267334,-0.8309326,-0.059448242,0.02520752
2d,4,Right Wrist,30614192,1779734586099,17.68944,8.41785,-2.5220351,-70.90496,18.971111,402.93372,-137.54015,-37.822178,209.1281,0.0
2d,2,Right Ankle,1653270,1779734586112,-8.870845,-0.8634738,0.9236295,20.436638,-10.06376,5.1076193,70.14165,78.22028,291.2067,0.0
2d,1,Left Ankle,4611257,1779734586126,0.17,8.41,2.36,51.5,199.8125,40.3125,-0.5430298,-0.83673096,-0.07098389,-0.0036010742
2d,1,Left Ankle,4611273,1779734586127,0.9,9.14,1.67,46.3125,222.6875,37.0625,-0.53326416,-0.8407593,-0.085754395,-0.037597656
2d,1,Left Ankle,4611301,1779734586163,1.61,7.13,4.25,19.625,168.1875,24.6875,-0.5261841,-0.842041,-0.09857178,-0.06640625
2d,4,Right Wrist,30614251,1779734586163,10.601899,7.2740803,-4.505685,-110.52496,-4.7588882,315.7137,-137.56319,-37.787525,209.05518,0.0
2d,2,Right Ankle,1653330,1779734586172,-8.600456,-0.03316435,-0.10049855,5.9466376,4.28624,23.937618,70.18062,78.28578,291.24368,0.0
2d,3,Left Wrist,4411338,1779734586173,11.806389,-14.318354,0.37806597,51.845776,116.6697,96.63922,-100.81319,-28.200136,327.76288,0.0
2d,1,Left Ankle,4611324,1779734586193,0.65,7.31,5.99,-16.1875,57.875,1.9375,-0.52783203,-0.8391113,-0.105163574,-0.07904053
2d,1,Left Ankle,4611335,1779734586194,-7.97,13.24,10.42,-34.5625,-65.875,-8.6875,-0.5308838,-0.8378906,-0.1027832,-0.074401855
2d,2,Right Ankle,1653389,1779734586225,-9.516908,0.677504,0.32542387,23.166637,11.00624,20.997618,70.19508,78.35404,291.25116,0.0
2d,1,Left Ankle,4611360,1779734586225,-12.04,19.0,-6.89,-57.1875,61.0625,-39.75,-0.5393677,-0.82958984,-0.119018555,-0.081726074
2d,4,Right Wrist,30614312,1779734586225,1.5929217,3.605884,-6.946364,-115.84496,-25.618887,191.32373,-137.66022,-37.73207,209.05562,0.0
2d,1,Left Ankle,4611375,1779734586245,-0.05,12.11,-3.1,-33.6875,192.25,-87.9375,-0.54034424,-0.8257446,-0.13366699,-0.0914917
2d,3,Left Wrist,4411357,1779734586260,13.390437,-14.978772,1.89033,0.18577641,98.7497,78.22922,-100.74955,-28.220152,327.69846,0.0
2d,1,Left Ankle,4611402,1779734586284,4.99,8.89,-2.21,-29.6875,258.5625,-82.375,-0.53967285,-0.8166504,-0.16693115,-0.11810303
2d,1,Left Ankle,4611420,1779734586285,4.93,10.0,-3.44,-57.5,284.0625,-53.125,-0.5394287,-0.79626465,-0.21478271,-0.17010498
2d,2,Right Ankle,1653450,1779734586294,-9.593477,1.2541741,0.43310088,-9.6633625,31.44624,20.157618,70.26356,78.422966,291.32413,0.0
2d,4,Right Wrist,30614372,1779734586295,-4.913163,4.8980083,-7.652247,-170.79497,-23.448889,51.953728,-137.77267,-37.685444,209.08167,0.0
2d,1,Left Ankle,4611435,1779734586306,9.02,10.08,-8.13,-68.8125,240.4375,-57.625,-0.54034424,-0.7883911,-0.22857666,-0.18481445
2d,1,Left Ankle,4611461,1779734586342,6.73,13.81,-30.21,-31.5,163.1875,-44.3125,-0.54174805,-0.7756958,-0.25006104,-0.20568848
2d,1,Left Ankle,4611478,1779734586342,5.54,10.75,-8.92,-66.4375,16.625,-41.8125,-0.5466919,-0.7680054,-0.25927734,-0.20996094
2d,4,Right Wrist,30614432,1779734586342,-3.1257243,8.4346,-4.381258,-202.78496,28.421112,-71.666275,-137.90182,-37.705383,209.12672,0.0
2d,2,Right Ankle,1653509,1779734586344,-9.689191,1.7040248,0.076570325,-45.643364,45.72624,13.927618,70.556435,78.45501,291.63004,0.0
2d,3,Left Wrist,4411445,1779734586347,17.515663,-17.007887,-2.885744,27.625776,9.569699,-33.28078,-100.73549,-28.30436,327.69537,0.0
2d,1,Left Ankle,4611505,1779734586368,-4.4,3.34,0.91,-87.875,7.6875,-24.0625,-0.5647583,-0.7526245,-0.26159668,-0.21472168
2d,1,Left Ankle,4611521,1779734586396,-3.67,5.79,-0.73,-100.375,42.875,-20.1875,-0.57702637,-0.7408447,-0.2640381,-0.22021484
2d,1,Left Ankle,4611541,1779734586396,-2.38,11.53,-5.48,-114.875,95.75,-3.6875,-0.58776855,-0.7264404,-0.26818848,-0.23431396
2d,4,Right Wrist,30614492,1779734586398,3.6363924,20.441784,1.5146567,-93.93496,117.74111,-183.87628,-137.97856,-37.797836,209.16954,0.0
2d,2,Right Ankle,1653570,1779734586412,-9.265661,-0.27723226,-0.21774687,-52.853363,55.38624,16.23762,70.65604,78.529015,291.7497,0.0
2d,3,Left Wrist,4411535,1779734586412,13.275582,-18.694826,3.1609187,20.485777,-230.3903,-90.26077,-100.722534,-28.342813,327.7674,0.0
2d,1,Left Ankle,4611566,1779734586427,-3.38,12.99,-2.73,-118.625,138.4375,36.8125,-0.5953369,-0.7105713,-0.27264404,-0.2576294
2d,1,Left Ankle,4611583,1779734586456,-1.06,10.29,6.39,-129.1875,180.625,50.625,-0.5997925,-0.69226074,-0.27844238,-0.28894043
2d,4,Right Wrist,30614552,1779734586458,5.7755756,22.927925,22.703102,-115.634964,228.20111,-223.00627,-138.02428,-37.927654,209.17639,0.0
2d,2,Right Ankle,1653629,1779734586468,-9.818402,0.21808204,-2.120041,-36.82336,70.43624,-4.622381,70.95758,78.58562,292.06238,0.0
2d,3,Left Wrist,4411625,1779734586469,-7.587439,-17.89323,16.25923,-20.814224,-535.3103,61.359222,-100.78841,-28.263235,327.95334,0.0
2d,1,Left Ankle,4611608,1779734586486,1.09,7.59,4.36,-146.75,207.6875,58.375,-0.60406494,-0.670166,-0.28442383,-0.32409668
2d,1,Left Ankle,4611625,1779734586487,2.0,8.1,-1.61,-134.0,278.75,47.75,-0.60388184,-0.6430054,-0.29766846,-0.36499023
2d,1,Left Ankle,4611649,1779734586519,4.76,8.51,-3.14,-88.875,259.3125,60.4375,-0.5963745,-0.6182251,-0.31256104,-0.40551758
2d,4,Right Wrist,30614612,1779734586519,14.576378,24.275085,53.668617,73.71504,388.08112,-315.05627,-137.98259,-38.120174,209.15958,0.0
2d,2,Right Ankle,1653690,1779734586522,-14.036948,0.8091093,-11.282159,-58.803364,97.66624,-43.12238,71.363106,78.6401,292.48544,0.0
2d,3,Left Wrist,4411684,1779734586528,-7.606581,-8.013267,25.828127,-365.9142,-446.3403,212.83922,-100.95572,-28.15149,328.0945,0.0
2d,1,Left Ankle,4611671,1779734586554,5.85,2.65,-5.43,-75.75,105.875,8.625,-0.59783936,-0.5958252,-0.3192749,-0.43084717
2d,1,Left Ankle,4611685,1779734586554,-0.29,8.53,-1.38,-67.5,10.6875,5.9375,-0.60076904,-0.5921631,-0.31707764,-0.43347168
2d,1,Left Ankle,4611715,1779734586576,5.13,16.65,6.65,-43.1875,30.5,13.625,-0.6038208,-0.58258057,-0.3147583,-0.44384766
2d,2,Right Ankle,1653750,1779734586583,-8.980915,-0.92329437,-2.440679,-368.27338,101.02624,44.79762,71.59948,78.6934,292.8508,0.0
2d,3,Left Wrist,4411745,1779734586594,-5.7688932,11.677271,26.318657,-333.99423,-233.2603,173.49922,-101.08401,-28.07893,328.1603,0.0
2d,1,Left Ankle,4611733,1779734586606,-1.48,15.3,-2.12,-53.5625,57.125,3.375,-0.6055908,-0.5720215,-0.31774902,-0.45288086
2d,1,Left Ankle,4611753,1779734586606,-0.73,1.07,1.76,-31.6875,99.125,4.75,-0.604187,-0.56048584,-0.3251953,-0.46374512
2d,4,Right Wrist,30614672,1779734586608,46.04678,-1.5769706,78.398445,-186.96497,666.7511,-457.01627,-137.99826,-38.42126,209.09964,0.0
2d,1,Left Ankle,4611774,1779734586636,-1.18,7.34,6.55,-28.0625,91.25,14.25,-0.60058594,-0.55145264,-0.33007812,-0.47564697
2d,3,Left Wrist,4411804,1779734586653,-4.373878,14.005487,0.6173482,-118.674225,-116.0803,20.689222,-101.15149,-28.070278,328.20645,0.0
2d,1,Left Ankle,4611793,1779734586665,3.2,13.06,3.18,-19.4375,57.125,17.0625,-0.5966797,-0.5441284,-0.3338623,-0.4862671
2d,4,Right Wrist,30614732,1779734586668,79.61808,-1.3568308,78.398445,11.20504,967.3311,106.06372,-137.77301,-38.67405,208.763,0.0
2d,2,Right Ankle,1653810,1779734586677,-7.887395,2.7879734,-1.6677973,-150.92336,68.89624,67.19762,72.0028,78.66553,293.30383,0.0
2d,1,Left Ankle,4611814,1779734586702,4.37,12.47,1.54,-8.625,44.25,4.25,-0.59539795,-0.5405884,-0.3371582,-0.48950195
2d,1,Left Ankle,4611832,1779734586702,1.22,8.6,2.56,7.75,-6.875,-21.875,-0.5964966,-0.54003906,-0.33935547,-0.48718262
2d,3,Left Wrist,4411865,1779734586707,-1.3732786,7.9755745,-6.6855464,-109.08423,-119.5103,-132.61078,-101.26384,-28.117222,328.28546,0.0
2d,1,Left Ankle,4611854,1779734586726,0.55,8.87,0.5,12.0625,-17.5,-21.75,-0.5980835,-0.54211426,-0.3400879,-0.48242188
2d,1,Left Ankle,4611871,1779734586728,2.15,9.94,0.47,18.875,-33.125,-19.8125,-0.59973145,-0.5454712,-0.34014893,-0.47650146
2d,4,Right Wrist,30614822,1779734586728,6.797311,10.107183,16.663616,134.82504,105.77111,318.44373,-137.6344,-38.647434,208.62218,0.0
2d,2,Right Ankle,1653870,1779734586732,-12.218404,0.7875739,5.103891,-178.43336,68.82624,76.85762,71.83859,78.64863,293.21005,0.0
2d,1,Left Ankle,4611897,1779734586767,-0.27,10.41,0.95,18.5,-28.875,-9.5625,-0.6002197,-0.5488281,-0.3400879,-0.47210693
2d,3,Left Wrist,4411924,1779734586767,-2.8568287,-9.968203,5.618347,142.63577,-78.0003,-117.28078,-101.19376,-28.121742,328.30652,0.0
2d,1,Left Ankle,4611911,1779734586798,0.65,8.83,1.11,19.5,-23.6875,-6.25,-0.60046387,-0.5522461,-0.3399048,-0.4678955
2d,1,Left Ankle,4611931,1779734586798,0.53,9.14,1.61,24.0625,-28.375,-1.75,-0.59936523,-0.5560913,-0.3399048,-0.46472168
2d,4,Right Wrist,30614882,1779734586799,-2.3049862,-3.8238306,-0.22253251,75.60504,74.41111,251.66373,-137.50792,-38.572113,208.49533,0.0
2d,2,Right Ankle,1653959,1779734586799,-0.7472118,9.82048,-0.5982057,70.41664,-13.423759,21.137619,71.9748,78.58132,293.31906,0.0
2d,1,Left Ankle,4611951,1779734586822,1.0,9.51,2.2,24.0,-34.8125,0.875,-0.5991211,-0.5611572,-0.338562,-0.45996094
2d,1,Left Ankle,4611997,1779734586846,-0.21,9.36,1.53,22.875,-36.3125,10.8125,-0.59783936,-0.5723877,-0.33319092,-0.4515381
2d,1,Left Ankle,4611975,1779734586846,-0.06,10.26,1.25,23.1875,-38.5625,4.4375,-0.5988159,-0.5666504,-0.3361206,-0.4553833
2d,4,Right Wrist,30614942,1779734586849,2.2533407,9.229016,-0.808774,-148.25496,-0.6988888,92.623726,-137.57741,-38.57061,208.48784,0.0
2d,2,Right Ankle,1654020,1779734586854,-3.6616697,7.5831904,-2.993421,56.20664,-46.25376,-37.87238,72.16073,78.53439,293.4782,0.0
2d,1,Left Ankle,4612016,1779734586882,-0.17,8.96,0.94,16.5,-32.4375,21.125,-0.59661865,-0.5778198,-0.3295288,-0.4489746
2d,3,Left Wrist,4412088,1779734586897,2.7591264,-8.274084,6.640083,92.09577,8.099699,22.649221,-101.051895,-28.092468,328.24698,0.0
2d,1,Left Ankle,4612035,1779734586908,1.22,10.58,0.83,14.125,-42.8125,29.8125,-0.59503174,-0.5835571,-0.32421875,-0.4475708
2d,2,Right Ankle,1654080,1779734586914,-7.789289,4.941514,1.0911272,65.09664,-59.34376,-55.30238,72.107315,78.47558,293.3985,0.0
2d,1,Left Ankle,4612061,1779734586937,0.47,9.34,0.35,19.0,-43.6875,31.75,-0.5936279,-0.5938721,-0.3139038,-0.4432373
2d,1,Left Ankle,4612075,1779734586938,2.61,11.03,-0.23,21.4375,-46.4375,29.0625,-0.59265137,-0.5974121,-0.3109131,-0.44177246
2d,4,Right Wrist,30615001,1779734586940,6.507779,6.642376,-0.09810573,-62.574963,-3.708888,30.743729,-137.62233,-38.597786,208.49673,0.0
2d,3,Left Wrist,4412107,1779734586950,3.0630145,-8.709578,6.5084777,110.715775,1.0996995,19.429222,-100.964134,-28.08199,328.22238,0.0
2d,1,Left Ankle,4612099,1779734586971,1.22,10.36,-0.16,22.75,-50.875,34.0625,-0.59002686,-0.6048584,-0.30480957,-0.43951416
2d,2,Right Ankle,1654139,1779734586982,-6.2172046,3.2234674,3.330809,133.27664,-78.803764,-44.59238,71.841194,78.44083,293.08594,0.0
2d,1,Left Ankle,4612121,1779734587002,3.27,8.6,0.96,22.1875,-50.0,27.875,-0.5869751,-0.6158447,-0.29534912,-0.43463135
2d,1,Left Ankle,4612139,1779734587002,-1.1,9.97,0.53,27.25,-25.5,39.8125,-0.58465576,-0.6190796,-0.29315186,-0.43475342
2d,1,Left Ankle,4612161,1779734587033,1.63,9.75,-0.35,26.4375,-26.125,31.5625,-0.57891846,-0.62854004,-0.286438,-0.43322754
2d,4,Right Wrist,30615062,1779734587033,7.8621173,1.6581261,1.2610176,-49.27496,-20.928888,1.3437278,-137.64598,-38.634953,208.50433,0.0
2d,2,Right Ankle,1654200,1779734587034,-7.483008,1.136926,-0.8063812,209.08664,-78.663765,-44.80238,72.00376,78.47669,293.16754,0.0
2d,3,Left Wrist,4412165,1779734587038,0.8137615,-11.21247,7.037291,54.435776,28.6797,15.019222,-100.89316,-28.061441,328.1884,0.0
2d,1,Left Ankle,4612179,1779734587057,1.92,9.37,0.05,24.5625,-26.1875,34.375,-0.57525635,-0.63446045,-0.28186035,-0.43255615
2d,1,Left Ankle,4612203,1779734587058,0.35,10.62,1.09,19.5,-28.0,39.125,-0.57177734,-0.64019775,-0.2767334,-0.43200684
2d,1,Left Ankle,4612225,1779734587086,1.01,9.82,0.02,14.1875,-28.0625,40.125,-0.56848145,-0.6447754,-0.27087402,-0.43328857
2d,4,Right Wrist,30615152,1779734587090,7.199305,1.3853438,0.6795617,3.08504,-66.638885,-66.97627,-137.67625,-38.678116,208.54967,0.0
2d,2,Right Ankle,1654259,1779734587093,-33.531273,-12.935264,-59.040504,166.17664,22.97624,-42.91238,72.37241,78.5344,293.47263,0.0
2d,3,Left Wrist,4412224,1779734587097,-1.5000983,-12.935303,9.236296,-69.394226,112.399704,67.72922,-100.85166,-28.02435,328.1195,0.0
2d,1,Left Ankle,4612240,1779734587116,0.68,10.85,-0.96,4.3125,-14.9375,47.875,-0.5653076,-0.6485596,-0.26428223,-0.43585205
2d,1,Left Ankle,4612272,1779734587151,3.34,8.71,-1.71,16.3125,12.0625,38.25,-0.5609741,-0.6514282,-0.26062012,-0.4393921
2d,1,Left Ankle,4612281,1779734587152,3.33,8.53,-0.71,22.5625,17.375,49.875,-0.55389404,-0.6538086,-0.25964355,-0.4453125
2d,2,Right Ankle,1654320,1779734587153,-12.342831,11.820879,-2.5100708,-185.92336,-102.32376,11.75762,72.37579,78.45953,293.533,0.0
2d,3,Left Wrist,4412314,1779734587158,-0.31804362,-12.686449,4.4673996,-3.3142233,145.7197,163.41922,-100.77728,-27.945448,328.03046,0.0
2d,1,Left Ankle,4612307,1779734587181,2.01,10.1,3.14,22.5,3.8125,48.75,-0.5474243,-0.6574707,-0.25653076,-0.44970703
2d,1,Left Ankle,4612321,1779734587181,3.47,8.1,2.32,13.4375,-27.375,59.9375,-0.5419922,-0.6627197,-0.2498169,-0.4522705
2d,4,Right Wrist,30615242,1779734587181,5.6822553,1.8064812,0.19860429,-39.75496,-109.12888,-73.626274,-137.73895,-38.711918,208.61505,0.0
2d,1,Left Ankle,4612340,1779734587207,4.03,9.48,1.78,7.0625,-48.8125,61.5625,-0.5391846,-0.67041016,-0.23779297,-0.45080566
2d,2,Right Ankle,1654379,1779734587215,-9.071842,-3.3902946,-0.86859465,108.56664,-40.583763,-24.922382,72.31988,78.53916,293.43787,0.0
2d,3,Left Wrist,4412375,1779734587218,0.15094927,-9.956239,-0.052642096,56.325775,124.6497,208.42923,-100.700066,-27.821638,327.95377,0.0
2d,1,Left Ankle,4612364,1779734587237,1.48,11.66,-0.07,8.25,-76.625,48.4375,-0.5371704,-0.67889404,-0.22540283,-0.44696045
2d,1,Left Ankle,4612384,1779734587242,6.6,10.41,0.51,6.0,-75.9375,13.875,-0.53808594,-0.68640137,-0.215271,-0.43933105
2d,4,Right Wrist,30615302,1779734587243,4.5097723,1.4260218,4.213761,21.985039,-141.2589,-65.85628,-137.76064,-38.719772,208.6726,0.0
2d,1,Left Ankle,4612404,1779734587273,-6.35,10.67,4.92,-15.3125,-53.25,-1.5,-0.54138184,-0.69036865,-0.20825195,-0.43237305
2d,2,Right Ankle,1654440,1779734587274,-9.689191,1.5341344,0.26321048,-26.043362,-29.38376,-21.422382,72.39692,78.59865,293.5199,0.0
2d,3,Left Wrist,4412434,1779734587278,4.1445704,-6.8120694,-3.1322048,-1.0742236,83.4197,155.43922,-100.744995,-27.782312,327.94034,0.0
2d,1,Left Ankle,4612424,1779734587296,-0.95,11.16,-3.35,-10.4375,-69.4375,-106.3125,-0.5496216,-0.6901245,-0.21051025,-0.42108154
2d,1,Left Ankle,4612445,1779734587298,3.64,10.73,-2.04,8.125,-118.75,-115.9375,-0.560791,-0.6937866,-0.2142334,-0.39782715
2d,4,Right Wrist,30615392,1779734587299,-2.5993035,-0.93569386,7.4345,133.49504,-120.818886,-23.016272,-137.72034,-38.696922,208.70334,0.0
2d,1,Left Ankle,4612470,1779734587326,11.5,5.95,-4.1,13.0625,-196.5625,-119.5,-0.5739746,-0.70202637,-0.21258545,-0.36395264
2d,2,Right Ankle,1654500,1779734587333,-9.155591,0.8234662,-1.282553,12.386637,-22.733759,-22.542381,72.568886,78.64491,293.68228,0.0
2d,3,Left Wrist,4412495,1779734587343,-0.24386604,-6.5033956,-2.268396,64.865776,85.7997,140.87923,-100.72656,-27.667194,327.90817,0.0
2d,1,Left Ankle,4612487,1779734587356,8.0,7.31,-4.5,15.375,-147.25,-69.125,-0.5828247,-0.7103882,-0.206604,-0.3361206
2d,4,Right Wrist,30615452,1779734587359,-4.700202,-2.18714,8.760124,187.67503,-108.07889,-28.336273,-137.65862,-38.67441,208.73128,0.0
2d,1,Left Ankle,4612510,1779734587386,1.96,6.79,-3.87,24.5,-76.25,-19.125,-0.5857544,-0.71936035,-0.20025635,-0.3151245
2d,1,Left Ankle,4612528,1779734587393,2.87,7.64,0.02,5.375,-97.8125,-8.8125,-0.5873413,-0.7220459,-0.19604492,-0.30859375
2d,2,Right Ankle,1654560,1779734587394,-9.449908,0.4669356,0.05503492,10.356638,-12.02376,-32.55238,72.55836,78.72707,293.66693,0.0
2d,3,Left Wrist,4412554,1779734587398,3.5774713,-5.4768744,-2.1056838,3.0557766,50.5897,100.06922,-100.774765,-27.661596,327.90994,0.0
2d,1,Left Ankle,4612549,1779734587425,-0.57,8.26,4.87,-26.6875,-190.4375,-25.9375,-0.59594727,-0.7279663,-0.18029785,-0.28704834
2d,4,Right Wrist,30615512,1779734587425,-4.530312,-2.8116667,5.2307105,90.02504,-70.90889,-35.616272,-137.62344,-38.656647,208.74916,0.0
2d,1,Left Ankle,4612570,1779734587447,-5.89,9.18,3.73,-51.8125,-258.875,-47.5625,-0.61120605,-0.7333374,-0.15789795,-0.25231934
2d,1,Left Ankle,4612588,1779734587448,-16.14,14.51,1.09,-20.25,-138.5,-94.6875,-0.6229248,-0.7352295,-0.14752197,-0.22271729
2d,2,Right Ankle,1654620,1779734587453,-9.119699,-1.090792,0.2871387,21.346638,-6.56376,-30.732382,72.454605,78.81028,293.55682,0.0
2d,3,Left Wrist,4412615,1779734587462,3.7521474,-4.29482,-3.227918,71.865776,60.3897,71.299225,-100.80248,-27.667898,327.912,0.0
2d,1,Left Ankle,4612605,1779734587476,-15.11,12.3,1.16,13.8125,81.5,-117.3125,-0.6258545,-0.7318115,-0.16491699,-0.21350098
2d,4,Right Wrist,30615572,1779734587487,-1.2593228,-0.48345047,1.753939,14.42504,-43.04889,-18.886272,-137.609,-38.645878,208.755,0.0
2d,1,Left Ankle,4612628,1779734587512,-4.8,14.05,-4.58,28.625,153.6875,-160.6875,-0.62353516,-0.7246094,-0.19946289,-0.21533203
2d,1,Left Ankle,4612650,1779734587512,1.19,12.84,-8.51,36.4375,64.0,-192.6875,-0.6242676,-0.7161255,-0.24499512,-0.19354248
2d,1,Left Ankle,4612669,1779734587542,12.26,3.55,-6.12,21.9375,-112.5625,-192.5,-0.6282959,-0.71502686,-0.25097656,-0.17608643
2d,1,Left Ankle,4612684,1779734587544,18.56,-6.5,-2.63,-23.4375,-251.0,-137.0,-0.64312744,-0.7130127,-0.24536133,-0.13317871
2d,2,Right Ankle,1654679,1779734587550,-8.866059,0.87132263,-0.86141616,44.86664,4.84624,-22.332382,72.677,78.86165,293.7595,0.0
2d,4,Right Wrist,30615632,1779734587549,2.6696918,-0.04556348,-0.39720857,31.785038,-63.348885,14.293728,-137.61525,-38.678688,208.77461,0.0
2d,1,Left Ankle,4612714,1779734587597,20.26,-14.96,14.05,-57.25,-298.0625,-21.625,-0.664978,-0.7113037,-0.20880127,-0.09057617
2d,1,Left Ankle,4612731,1779734587597,-18.41,16.11,-25.09,47.9375,118.75,150.625,-0.6477051,-0.72143555,-0.21270752,-0.12145996
2d,4,Right Wrist,30615692,1779734587599,0.3462611,-1.8425738,-1.9573289,43.47504,-83.85889,56.573727,-137.60135,-38.56816,208.77945,0.0
2d,2,Right Ankle,1654740,1779734587602,-9.442729,0.34011596,-0.29671,-16.803362,12.05624,-19.18238,72.766594,78.93689,293.85358,0.0
2d,3,Left Wrist,4412674,1779734587608,3.072586,-3.581759,-4.0965123,119.325775,50.799698,62.829224,-100.82133,-27.663542,327.92102,0.0
2d,1,Left Ankle,4612753,1779734587631,36.69,39.89,3.45,52.0,-40.375,-43.4375,-0.6532593,-0.717041,-0.21838379,-0.10662842
2d,1,Left Ankle,4612771,1779734587632,4.12,-15.64,-2.38,-56.75,-95.8125,34.5625,-0.66174316,-0.71313477,-0.20605469,-0.105163574
2d,1,Left Ankle,4612795,1779734587664,-11.37,4.52,0.45,-50.0,-72.125,4.375,-0.6715088,-0.70880127,-0.19421387,-0.09490967
2d,4,Right Wrist,30615751,1779734587664,-2.8409786,-1.7133611,-1.3136597,8.68504,-83.08889,80.02373,-137.591,-38.48066,208.77405,0.0
2d,2,Right Ankle,1654830,1779734587664,-9.674833,-3.0696561,1.9357935,-20.373362,19.12624,-12.392382,72.59216,78.99865,293.69034,0.0
2d,3,Left Wrist,4412838,1779734587668,0.42373103,-7.8481617,-2.6368904,45.96578,61.0197,43.36922,-100.83371,-27.57999,327.91617,0.0
2d,1,Left Ankle,4612819,1779734587689,-1.11,14.65,-0.76,-31.1875,11.8125,29.25,-0.67529297,-0.7056885,-0.1906128,-0.098083496
2d,1,Left Ankle,4612838,1779734587717,0.66,8.95,-0.94,-34.375,6.375,21.5,-0.67858887,-0.7028198,-0.1873169,-0.10241699
2d,1,Left Ankle,4612863,1779734587717,0.02,10.27,0.81,-19.25,-28.75,17.9375,-0.68322754,-0.7001343,-0.17974854,-0.103759766
2d,4,Right Wrist,30615812,1779734587732,-4.891628,1.2585248,-1.5696917,-56.83496,-59.568886,148.62372,-137.60973,-38.40151,208.75432,0.0
2d,2,Right Ankle,1654889,1779734587733,-10.081613,1.4647427,-0.93320084,59.21664,20.106241,-29.822382,72.8834,79.040375,293.95663,0.0
2d,3,Left Wrist,4412884,1779734587733,0.94297355,-6.8168545,-3.5102708,37.425777,67.3197,33.289223,-100.85792,-27.519941,327.91104,0.0
2d,1,Left Ankle,4612878,1779734587756,-1.31,10.39,0.17,-17.1875,-36.125,21.6875,-0.6845703,-0.69976807,-0.1762085,-0.10308838
2d,1,Left Ankle,4612921,1779734587781,-1.0,10.09,-1.2,-3.6875,-4.0,23.8125,-0.6876831,-0.70025635,-0.1619873,-0.1026001
2d,1,Left Ankle,4612903,1779734587781,-1.4,9.73,-0.4,-11.25,-33.625,19.9375,-0.6875,-0.69989014,-0.16564941,-0.10064697
2d,4,Right Wrist,30615872,1779734587781,-8.813464,3.3833506,-5.4723854,-11.75496,40.671112,106.20373,-137.61632,-38.354797,208.72688,0.0
2d,2,Right Ankle,1654950,1779734587783,-9.330267,-1.3228958,0.0119641125,57.81664,7.5062404,-26.462381,72.84958,79.124855,293.90356,0.0
2d,3,Left Wrist,4412945,1779734587790,1.97428,-7.130315,-3.8045878,53.87578,42.8897,25.939222,-100.88837,-27.474981,327.91922,0.0
2d,1,Left Ankle,4612940,1779734587806,-2.35,9.54,-1.22,-6.5,-4.0625,26.0625,-0.6883545,-0.7001343,-0.15789795,-0.105163574
2d,1,Left Ankle,4612966,1779734587837,-1.94,9.78,-0.95,-13.8125,-16.5625,31.875,-0.68969727,-0.69970703,-0.15228271,-0.107421875
2d,1,Left Ankle,4612984,1779734587838,-1.58,9.76,0.1,-19.1875,-35.75,30.75,-0.6920166,-0.6989136,-0.14483643,-0.10809326
2d,4,Right Wrist,30615932,1779734587840,-3.2477586,2.440579,-5.3766727,32.41504,130.97112,22.063728,-137.6365,-38.34856,208.71779,0.0
2d,3,Left Wrist,4413004,1779734587852,3.1347992,-5.321341,-3.4935212,8.655776,-4.080301,9.909222,-100.95311,-27.472927,327.95114,0.0
2d,1,Left Ankle,4613006,1779734587867,-0.22,10.19,-0.06,-13.75,-31.5,30.375,-0.6939697,-0.6984863,-0.13708496,-0.10809326
2d,2,Right Ankle,1655009,1779734587882,-8.404244,-3.4884005,-1.1772687,6.6466374,-16.85376,4.407619,72.83237,79.197296,293.8834,0.0
2d,1,Left Ankle,4613025,1779734587904,-1.04,9.95,0.45,-9.1875,-31.5625,31.125,-0.69537354,-0.6984863,-0.12963867,-0.10839844
2d,1,Left Ankle,4613040,1779734587904,-1.21,9.88,0.31,-7.0625,-31.875,31.5,-0.6963501,-0.6992798,-0.12084961,-0.107421875
2d,4,Right Wrist,30615992,1779734587905,0.095014766,-0.18195465,-3.3403804,96.81504,107.87112,-43.94627,-137.66959,-38.342422,208.74828,0.0
2d,3,Left Wrist,4413064,1779734587908,2.0652077,-5.3428764,-2.292324,-2.9642234,-50.490303,-41.610775,-101.02246,-27.451008,328.00046,0.0
2d,1,Left Ankle,4613064,1779734587933,-0.48,9.63,0.35,-3.25,-37.625,34.25,-0.6968994,-0.7001343,-0.11248779,-0.107177734
2d,2,Right Ankle,1655070,1779734587933,-9.057485,-1.2319684,-1.3208381,-23.173363,-18.25376,15.957619,72.90305,79.25867,293.95996,0.0
2d,1,Left Ankle,4613082,1779734587956,-0.9,10.03,-0.68,-1.875,-35.0,34.5625,-0.6972656,-0.70147705,-0.10290527,-0.105773926
2d,1,Left Ankle,4613101,1779734587957,-0.81,9.98,-0.81,3.0,-4.1875,37.75,-0.69647217,-0.7025757,-0.097229004,-0.10888672
2d,4,Right Wrist,30616052,1779734587959,2.4351952,-2.055535,-3.5006995,72.94504,82.39111,-63.19627,-137.70927,-38.34347,208.78629,0.0
2d,1,Left Ankle,4613122,1779734587988,0.33,9.69,-0.2,6.5,14.5,33.4375,-0.6950073,-0.70355225,-0.09454346,-0.11419678
2d,2,Right Ankle,1655160,1779734587993,-8.770347,2.106019,-0.93320084,-7.4233623,-19.58376,51.027622,73.20016,79.2368,294.25415,0.0
2d,1,Left Ankle,4613145,1779734588018,-0.13,9.66,-0.16,9.9375,23.125,34.625,-0.6929321,-0.7047119,-0.09289551,-0.12054443
2d,1,Left Ankle,4613162,1779734588019,0.4,10.1,-0.12,13.1875,22.9375,30.5625,-0.6904297,-0.7062378,-0.092163086,-0.12677002
2d,4,Right Wrist,30616112,1779734588020,4.4092736,-3.0605204,-3.8907297,3.2950401,76.861115,-82.166275,-137.775,-38.438835,208.83029,0.0
2d,3,Left Wrist,4413125,1779734588035,1.5196441,-9.559031,-3.3188448,-33.204224,-80.8703,-84.730774,-101.08436,-27.407618,328.05322,0.0
2d,1,Left Ankle,4613182,1779734588045,1.48,9.6,-0.19,13.6875,14.25,22.125,-0.6879883,-0.70788574,-0.09136963,-0.13128662
2d,2,Right Ankle,1655219,1779734588054,-7.5715423,-0.61701304,-0.16031912,24.076637,-20.563759,52.00762,73.19499,79.292114,294.24054,0.0
2d,1,Left Ankle,4613206,1779734588085,0.48,10.01,-0.16,16.0,6.125,19.875,-0.6856079,-0.70977783,-0.090148926,-0.13439941
2d,4,Right Wrist,30616172,1779734588085,4.6294136,-2.8020957,-3.6610188,-34.57496,70.77111,-78.526276,-137.83235,-38.54169,208.86139,0.0
2d,1,Left Ankle,4613226,1779734588085,0.92,9.77,0.01,17.1875,-0.5625,14.5625,-0.6831665,-0.7119751,-0.08880615,-0.13598633
2d,3,Left Wrist,4413288,1779734588088,2.424131,-8.948859,-1.457229,41.345776,-110.4803,-62.540775,-101.125946,-27.29254,328.14713,0.0
2d,1,Left Ankle,4613251,1779734588108,-0.28,9.68,-0.6,19.125,1.4375,12.625,-0.6793213,-0.7155762,-0.08691406,-0.1375122
2d,2,Right Ankle,1655280,1779734588113,-8.8947735,-22.829586,-2.9216366,-79.103355,-6.8437595,-45.64238,73.07675,79.36916,294.1502,0.0
2d,1,Left Ankle,4613274,1779734588143,1.26,9.26,-1.09,20.5,10.75,10.875,-0.6763916,-0.71777344,-0.087524414,-0.14013672
2d,3,Left Wrist,4413307,1779734588149,1.962316,-9.07568,-1.0863415,46.035778,-109.850296,-64.64078,-101.10971,-27.238392,328.18436,0.0
2d,4,Right Wrist,30616232,1779734588149,3.8780673,-2.8930228,-4.0701914,-20.99496,58.31111,-57.87627,-137.92184,-38.564194,208.91362,0.0
2d,1,Left Ankle,4613292,1779734588171,1.07,9.35,-2.27,22.875,27.9375,14.6875,-0.6732788,-0.7200928,-0.08782959,-0.14318848
2d,1,Left Ankle,4613311,1779734588171,0.45,9.92,-2.09,20.125,44.9375,15.0,-0.66967773,-0.7217407,-0.09112549,-0.14953613
2d,1,Left Ankle,4613331,1779734588200,0.74,9.46,0.09,19.0,54.0,15.5,-0.66607666,-0.7225342,-0.09643555,-0.15802002
2d,4,Right Wrist,30616291,1779734588201,3.7105696,-2.002893,-4.065406,-3.84496,43.26111,-20.426271,-138.00742,-38.590343,208.96237,0.0
2d,2,Right Ankle,1655339,1779734588203,-8.906737,1.4312431,-0.81834537,-38.013363,-20.70376,34.29762,73.321045,79.37803,294.4027,0.0
2d,3,Left Wrist,4413365,1779734588208,2.7256267,-11.05933,-0.17706887,1.7957764,-102.7803,-75.42078,-101.08736,-27.207966,328.21027,0.0
2d,1,Left Ankle,4613352,1779734588233,1.19,9.04,0.39,18.6875,77.0,14.75,-0.66186523,-0.7227173,-0.10418701,-0.16967773
2d,1,Left Ankle,4613371,1779734588234,-1.42,11.69,0.19,21.875,63.5625,1.4375,-0.6574707,-0.72314453,-0.11212158,-0.17938232
2d,1,Left Ankle,4613390,1779734588256,1.3,10.83,-0.49,16.875,46.4375,-4.3125,-0.6549072,-0.72387695,-0.11633301,-0.18328857
2d,4,Right Wrist,30616352,1779734588259,2.640978,-2.2708886,-3.7974095,-7.06496,25.20111,-11.816272,-138.07239,-38.561386,208.99915,0.0
2d,2,Right Ankle,1655400,1779734588263,-11.069849,5.4727206,2.062613,-36.333363,-27.70376,36.32762,73.23934,79.29658,294.33383,0.0
2d,3,Left Wrist,4413424,1779734588268,2.2662048,-11.301005,-0.31585258,-84.09423,-80.310295,-45.53078,-101.09505,-27.163149,328.22754,0.0
2d,1,Left Ankle,4613420,1779734588286,-0.4,9.82,-0.91,19.0625,31.5625,12.125,-0.65148926,-0.7250366,-0.11956787,-0.18847656
2d,1,Left Ankle,4613430,1779734588286,-0.11,10.36,-0.8,17.9375,24.8125,12.5,-0.6487427,-0.72631836,-0.12109375,-0.19213867
2d,1,Left Ankle,4613457,1779734588317,3.01,10.55,-1.19,10.6875,19.875,9.9375,-0.6467285,-0.7271118,-0.12249756,-0.19519043
2d,2,Right Ankle,1655490,1779734588333,-8.258282,-0.5476212,0.6867401,-52.50336,-23.29376,24.077618,73.03211,79.35329,294.14722,0.0
2d,3,Left Wrist,4413485,1779734588333,1.9575305,-11.157435,-0.99302137,-85.564224,-50.7703,-15.710777,-101.10853,-27.099512,328.23645,0.0
2d,1,Left Ankle,4613473,1779734588346,0.69,8.88,-0.98,10.6875,20.3125,9.6875,-0.6445923,-0.7277832,-0.12371826,-0.19873047
2d,1,Left Ankle,4613495,1779734588347,0.16,9.04,-1.18,14.625,20.5,11.75,-0.64178467,-0.7286377,-0.1262207,-0.20306396
2d,1,Left Ankle,4613515,1779734588377,1.07,9.79,-1.48,12.9375,13.875,10.8125,-0.63934326,-0.72979736,-0.12701416,-0.20599365
2d,4,Right Wrist,30616412,1779734588379,1.1646065,-1.4477578,-3.3547375,-39.12496,16.381111,14.433728,-138.14072,-38.51136,209.02728,0.0
2d,2,Right Ankle,1655549,1779734588389,-9.428372,0.54829156,0.66041905,-13.303362,-15.52376,20.997618,72.84376,79.412285,293.9661,0.0
2d,3,Left Wrist,4413544,1779734588390,3.1204422,-10.827226,-2.1798615,-35.234222,-35.7203,30.349222,-101.12802,-27.011106,328.2488,0.0
2d,1,Left Ankle,4613534,1779734588416,1.01,9.63,-1.8,8.875,14.125,12.5,-0.6376953,-0.7307739,-0.12664795,-0.20806885
2d,1,Left Ankle,4613564,1779734588438,1.82,9.67,-2.3,7.9375,17.5,12.3125,-0.63586426,-0.73132324,-0.12719727,-0.21136475
2d,4,Right Wrist,30616576,1779734588446,-0.18015988,1.6078771,-2.1894326,8.26504,23.801111,-15.316273,-138.31432,-38.477707,209.11261,0.0
2d,1,Left Ankle,4613581,1779734588446,2.22,10.11,-1.62,1.9375,18.625,15.5,-0.6340332,-0.73168945,-0.12658691,-0.21575928
2d,2,Right Ankle,1655610,1779734588446,-9.425981,0.66553986,1.0480564,-25.273363,-13.913759,17.91762,72.561066,79.45193,293.69632,0.0
2d,3,Left Wrist,4413604,1779734588448,3.6899343,-10.056737,-3.2829525,6.2057767,-37.8903,43.99922,-101.17839,-26.94452,328.28156,0.0
2d,1,Left Ankle,4613605,1779734588478,0.06,9.85,0.36,-1.6875,20.375,15.3125,-0.6334839,-0.7307129,-0.12701416,-0.22045898
2d,1,Left Ankle,4613623,1779734588498,-0.44,9.76,1.68,-3.375,51.125,0.5625,-0.6329956,-0.72839355,-0.13116455,-0.22705078
2d,1,Left Ankle,4613643,1779734588498,0.8,8.94,-0.6,-2.75,57.875,8.1875,-0.6326904,-0.727417,-0.13256836,-0.23010254
2d,2,Right Ankle,1655669,1779734588504,-9.3039465,0.62246907,1.174876,3.006638,-5.0937595,11.617619,72.28656,79.48867,293.42532,0.0
2d,3,Left Wrist,4413665,1779734588515,4.001001,-10.686049,-4.26401,41.555775,-28.0203,53.449223,-101.222466,-26.887785,328.31342,0.0
2d,1,Left Ankle,4613665,1779734588527,2.03,8.99,-0.88,-2.4375,46.75,5.25,-0.63049316,-0.7241211,-0.1404419,-0.24169922
2d,4,Right Wrist,30616595,1779734588529,0.044765465,1.3327018,-2.0793629,12.67504,22.331112,-24.276272,-138.39497,-38.478603,209.16644,0.0
2d,1,Left Ankle,4613680,1779734588557,1.24,9.34,-2.07,-3.5625,25.5625,-1.25,-0.63067627,-0.7227783,-0.14202881,-0.2442627
2d,1,Left Ankle,4613702,1779734588557,2.08,9.45,-2.47,1.8125,22.4375,-4.375,-0.630188,-0.72180176,-0.14501953,-0.24664307
2d,2,Right Ankle,1655730,1779734588563,-9.308731,0.6703256,0.9236295,2.6566377,-6.98376,5.807619,72.03112,79.53852,293.1729,0.0
2d,1,Left Ankle,4613725,1779734588587,2.35,9.18,-2.07,2.5,17.4375,-7.1875,-0.6296997,-0.7211304,-0.14788818,-0.24822998
2d,3,Left Wrist,4413724,1779734588602,4.1732845,-10.585551,-4.443472,31.825777,8.7997,59.329224,-101.26585,-26.837318,328.33176,0.0
2d,4,Right Wrist,30616652,1779734588602,0.7889333,-0.18195465,-1.940579,18.835041,9.591112,-39.46627,-138.48378,-38.46844,209.2321,0.0
2d,1,Left Ankle,4613747,1779734588625,2.26,9.12,-1.78,3.9375,10.0,-9.6875,-0.6293335,-0.7207031,-0.1505127,-0.24865723
2d,1,Left Ankle,4613762,1779734588625,1.28,10.38,-1.11,6.0625,10.9375,-13.75,-0.6288452,-0.72058105,-0.15338135,-0.24853516
2d,2,Right Ankle,1655790,1779734588626,-9.1101265,0.25158152,0.95712906,-9.383362,-3.9037595,5.317619,71.792336,79.59283,292.94116,0.0
2d,1,Left Ankle,4613787,1779734588645,1.76,10.75,-1.02,5.0625,1.6875,-22.375,-0.6289673,-0.720459,-0.15661621,-0.2467041
2d,4,Right Wrist,30616742,1779734588655,0.8631108,-2.0507488,-1.6151553,-32.75496,-9.588888,-34.21627,-138.46138,-38.40751,209.2198,0.0
2d,1,Left Ankle,4613802,1779734588678,2.91,10.43,-1.17,7.25,-12.5,-34.125,-0.6296997,-0.7206421,-0.15966797,-0.24212646
2d,1,Left Ankle,4613823,1779734588678,4.06,12.15,-1.85,10.6875,-22.8125,-42.6875,-0.63067627,-0.72143555,-0.16290283,-0.23504639
2d,2,Right Ankle,1655849,1779734588692,-9.358981,0.25158152,0.57906306,-31.223362,3.5162401,11.897619,71.64982,79.65976,292.81213,0.0
2d,3,Left Wrist,4413785,1779734588692,4.5465646,-10.181164,-3.5174494,7.4657764,42.329697,68.56922,-101.311424,-26.789814,328.3364,0.0
2d,4,Right Wrist,30616802,1779734588716,0.9085744,-1.2180467,-1.4811572,-40.31496,-24.358889,-22.386272,-138.49768,-38.336254,209.24261,0.0
2d,1,Left Ankle,4613848,1779734588716,4.5,12.56,-3.33,12.5625,-43.3125,-54.5625,-0.63238525,-0.72283936,-0.1651001,-0.22424316
2d,1,Left Ankle,4613872,1779734588741,5.65,13.93,-6.37,20.625,-59.4375,-63.75,-0.63397217,-0.7251587,-0.1673584,-0.21026611
2d,1,Left Ankle,4613890,1779734588770,6.1,14.85,-7.12,28.125,-81.6875,-70.125,-0.6359253,-0.7307129,-0.16833496,-0.18237305
2d,1,Left Ankle,4613911,1779734588770,5.78,12.67,-8.5,35.625,-130.9375,-75.75,-0.63739014,-0.7357178,-0.16564941,-0.15820312
2d,4,Right Wrist,30616862,1779734588770,1.6120644,-0.67726916,-1.3950156,3.2950401,-54.668884,-0.89627194,-138.58165,-38.369717,209.30553,0.0
2d,2,Right Ankle,1655910,1779734588772,-9.363766,0.74689585,1.3926228,-29.963362,6.5962405,3.2876189,71.3543,79.68647,292.53214,0.0
2d,1,Left Ankle,4613933,1779734588796,2.55,11.15,-8.45,46.5625,-164.75,-69.25,-0.63793945,-0.74224854,-0.1586914,-0.12988281
2d,1,Left Ankle,4613964,1779734588834,1.69,8.49,-7.21,57.25,-195.1875,-67.875,-0.63726807,-0.75006104,-0.14794922,-0.0970459
2d,1,Left Ankle,4613973,1779734588834,-0.16,6.48,-5.39,67.9375,-211.125,-56.4375,-0.63464355,-0.75842285,-0.13421631,-0.062927246
2d,4,Right Wrist,30616922,1779734588835,2.317947,-1.7588246,-1.6989042,-5.03496,-76.01888,35.92373,-138.54987,-38.39043,209.29109,0.0
2d,2,Right Ankle,1655969,1779734588842,-9.012021,0.6320404,0.86141616,13.576637,4.07624,-5.112381,71.114456,79.74282,292.2916,0.0
2d,3,Left Wrist,4413875,1779734588843,4.6039925,-9.374782,-2.1870399,24.125776,62.6997,65.97922,-101.34249,-26.736689,328.331,0.0
2d,1,Left Ankle,4613999,1779734588858,-2.07,5.81,-4.06,74.6875,-228.8125,-40.3125,-0.6303711,-0.7670288,-0.11645508,-0.027526855
2d,1,Left Ankle,4614022,1779734588887,-6.05,4.87,-3.01,87.0625,-208.6875,-39.8125,-0.61846924,-0.78015137,-0.092041016,0.020690918
2d,4,Right Wrist,30616982,1779734588889,5.2539406,-1.59372,-1.8017955,9.59504,-111.64889,96.473724,-138.54689,-38.396626,209.29176,0.0
2d,2,Right Ankle,1656060,1779734588892,-9.457087,1.3092091,0.7896314,44.166637,2.8162403,-12.042381,70.82666,79.78215,291.99313,0.0
2d,3,Left Wrist,4414068,1779734588898,0.43808806,-14.629421,-3.4025939,79.075775,81.1097,117.63922,-101.21994,-26.544003,328.2543,0.0
2d,1,Left Ankle,4614040,1779734588918,-4.18,4.43,-3.25,107.6875,-132.9375,-40.5,-0.6052246,-0.7904663,-0.08483887,0.04046631
2d,1,Left Ankle,4614060,1779734588920,0.76,3.27,-3.46,116.0625,-46.3125,-16.4375,-0.58984375,-0.8019409,-0.081848145,0.047851562
2d,1,Left Ankle,4614075,1779734588945,1.99,2.53,-2.87,119.1875,-7.625,9.9375,-0.58184814,-0.8078613,-0.080322266,0.04864502
2d,4,Right Wrist,30617041,1779734588948,11.25514,-4.182754,2.0315065,16.875038,-151.4789,194.19373,-138.50189,-38.34953,209.2551,0.0
2d,2,Right Ankle,1656120,1779734588954,-10.177326,-0.28441072,0.6628119,57.67664,3.2362404,-11.83238,70.69127,79.85629,291.84,0.0
2d,1,Left Ankle,4614101,1779734588983,2.01,2.9,-0.55,112.1875,17.375,43.875,-0.56622314,-0.81951904,-0.076049805,0.044799805
2d,1,Left Ankle,4614121,1779734588983,1.55,3.56,1.74,76.0,42.4375,90.8125,-0.5476074,-0.83374023,-0.06414795,0.028442383
2d,3,Left Wrist,4414115,1779734588989,-1.9068776,-11.028223,-2.3976083,49.885777,151.8097,191.90923,-101.17266,-26.41551,328.18283,0.0
2d,1,Left Ankle,4614145,1779734589006,0.01,4.91,4.42,42.375,51.1875,103.8125,-0.54022217,-0.83966064,-0.05407715,0.0126953125
2d,4,Right Wrist,30617102,1779734589008,18.730318,-6.845966,3.0795627,-10.14496,-199.7089,304.72372,-138.45291,-38.264774,209.19626,0.0
2d,2,Right Ankle,1656179,1779734589013,-8.351603,0.3233662,0.7369894,27.086636,7.2962403,3.147619,70.494446,79.91737,291.6374,0.0
2d,1,Left Ankle,4614167,1779734589037,-0.73,6.59,4.9,7.0625,69.3125,107.5625,-0.53759766,-0.84198,-0.04473877,-0.0059814453
2d,1,Left Ankle,4614180,1779734589039,-1.66,9.02,5.65,-20.0,92.75,99.1875,-0.53863525,-0.84124756,-0.037963867,-0.027709961
2d,3,Left Wrist,4414174,1779734589058,0.30887598,-8.360227,1.1892328,70.465775,202.1397,293.9692,-101.06308,-26.285395,328.0653,0.0
2d,1,Left Ankle,4614205,1779734589065,-1.03,10.8,3.46,-36.3125,100.6875,77.0625,-0.54211426,-0.83807373,-0.035095215,-0.049926758
2d,4,Right Wrist,30617162,1779734589074,21.829023,0.58614105,2.036292,-250.10497,-246.53888,462.01373,-138.48727,-38.13824,209.11345,0.0
2d,2,Right Ankle,1656240,1779734589074,-8.4544935,-0.2604825,0.60059845,26.036636,12.54624,17.357618,70.36935,79.98177,291.50635,0.0
2d,1,Left Ankle,4614224,1779734589095,-2.2,10.5,4.8,-48.3125,103.75,59.875,-0.54730225,-0.83325195,-0.034851074,-0.07019043
2d,1,Left Ankle,4614269,1779734589132,-8.49,12.28,8.84,-75.4375,169.75,7.0625,-0.56066895,-0.8179321,-0.052490234,-0.11773682
2d,1,Left Ankle,4614245,1779734589132,-3.59,10.88,6.64,-48.3125,122.8125,48.875,-0.5527344,-0.8272095,-0.039978027,-0.09265137
2d,4,Right Wrist,30617222,1779734589132,21.477278,6.692625,3.871587,-152.59496,-260.3289,439.3337,-138.50377,-38.0099,209.04773,0.0
2d,2,Right Ankle,1656299,1779734589133,-8.94263,-0.16716242,1.0648061,15.396637,17.16624,28.837618,70.17736,80.02946,291.31357,0.0
2d,3,Left Wrist,4414264,1779734589137,12.584056,-11.513967,1.39023,-50.494225,149.14969,244.33922,-101.01551,-26.262774,327.97595,0.0
2d,1,Left Ankle,4614289,1779734589155,-24.8,22.9,0.52,-45.8125,290.5625,11.75,-0.5668335,-0.80633545,-0.07470703,-0.1515503
2d,1,Left Ankle,4614312,1779734589185,13.75,10.37,0.13,-3.0,303.4375,-190.125,-0.5582886,-0.79016113,-0.14117432,-0.20977783
2d,1,Left Ankle,4614332,1779734589186,27.05,7.99,-7.91,-40.6875,242.75,-211.75,-0.56311035,-0.7717285,-0.19329834,-0.22357178
2d,4,Right Wrist,30617282,1779734589189,19.338095,9.803295,8.80798,-330.53497,-281.8189,242.28372,-138.62346,-37.915234,209.05171,0.0
2d,2,Right Ankle,1656360,1779734589198,-9.069449,1.2446029,0.16031912,27.716637,39.776237,32.26762,70.48767,80.07059,291.6126,0.0
2d,3,Left Wrist,4414325,1779734589198,10.894724,-19.35764,6.4390855,84.325775,23.009699,60.23922,-100.92847,-26.25246,327.9398,0.0
2d,1,Left Ankle,4614352,1779734589218,12.38,11.59,-16.83,-59.0,193.875,-34.0,-0.56591797,-0.7550049,-0.2211914,-0.24658203
2d,1,Left Ankle,4614372,1779734589247,-3.79,13.74,-22.17,-48.5625,-16.875,-66.5625,-0.57385254,-0.74713135,-0.22814941,-0.24584961
2d,4,Right Wrist,30617342,1779734589249,7.8908305,10.963814,17.058432,-240.30496,-171.2889,0.923728,-138.7335,-37.89155,209.09875,0.0
2d,2,Right Ankle,1656419,1779734589252,-10.277825,-0.94482976,-0.34935212,-11.4133625,52.37624,41.36762,70.612625,80.137054,291.7434,0.0
2d,3,Left Wrist,4414415,1779734589259,9.841881,-15.040986,3.78066,-69.884224,-117.5503,-188.54077,-100.9282,-26.327446,327.97623,0.0
2d,1,Left Ankle,4614403,1779734589277,1.64,9.3,-10.11,-79.8125,-43.0,-77.625,-0.5863037,-0.7384033,-0.23303223,-0.23815918
2d,1,Left Ankle,4614412,1779734589277,-3.45,6.0,0.6,-75.625,-42.0625,-51.375,-0.60040283,-0.72961426,-0.2333374,-0.22961426
2d,1,Left Ankle,4614432,1779734589307,-2.59,11.15,0.1,-76.75,-38.375,-38.125,-0.6121216,-0.72161865,-0.2321167,-0.22515869
2d,4,Right Wrist,30617402,1779734589320,1.1287141,11.650553,27.182467,-149.44496,117.74111,-123.60628,-138.7809,-37.964966,209.10002,0.0
2d,2,Right Ankle,1656480,1779734589320,-11.057885,0.8904652,-1.5481563,-4.693362,74.42624,34.57762,71.03074,80.173004,292.1619,0.0
2d,3,Left Wrist,4414474,1779734589320,7.7984104,-16.421644,9.013763,-23.474224,-252.2303,-222.42076,-100.936745,-26.389235,328.0671,0.0
2d,1,Left Ankle,4614456,1779734589338,-2.23,12.68,-3.23,-82.125,-11.3125,-24.3125,-0.62402344,-0.7126465,-0.23065186,-0.22247314
2d,1,Left Ankle,4614472,1779734589340,-1.92,11.78,-3.4,-72.5625,33.6875,-2.75,-0.6325073,-0.7034912,-0.23114014,-0.22735596
2d,1,Left Ankle,4614512,1779734589374,-3.5,7.76,1.56,-54.0625,142.5625,65.625,-0.63635254,-0.68573,-0.23773193,-0.26141357
2d,4,Right Wrist,30617462,1779734589374,12.733904,6.845765,43.140198,62.16504,386.8211,-177.50627,-138.71027,-38.124805,209.03644,0.0
2d,2,Right Ankle,1656540,1779734589374,-13.127677,1.5748124,-8.60459,-108.853355,78.20624,29.887619,71.50066,80.195244,292.66736,0.0
2d,1,Left Ankle,4614499,1779734589374,-1.98,10.05,-1.3,-62.1875,71.125,23.6875,-0.63690186,-0.6948242,-0.23339844,-0.2388916
2d,3,Left Wrist,4414535,1779734589379,2.000601,-13.523937,17.934206,67.87577,-359.8203,-61.910778,-100.933815,-26.38172,328.19052,0.0
2d,1,Left Ankle,4614535,1779734589397,-1.91,6.01,4.63,-55.3125,141.5,54.9375,-0.6341553,-0.6755371,-0.24401855,-0.28637695
2d,1,Left Ankle,4614572,1779734589428,4.02,10.83,-0.53,-47.3125,125.4375,51.5625,-0.6270752,-0.65478516,-0.25616455,-0.3352661
2d,1,Left Ankle,4614552,1779734589428,0.2,9.35,4.67,-50.375,153.9375,62.1875,-0.63049316,-0.66485596,-0.25079346,-0.3123169
2d,2,Right Ankle,1656600,1779734589443,-8.200854,2.4769065,-8.891729,-203.07336,82.05624,23.657618,71.98361,80.20915,293.2182,0.0
2d,3,Left Wrist,4414594,1779734589443,-1.2105665,-4.8140626,17.26661,-18.084223,-407.4903,138.84923,-100.96849,-26.303932,328.32007,0.0
2d,1,Left Ankle,4614597,1779734589460,7.6,12.84,-2.35,-26.3125,66.375,24.6875,-0.62524414,-0.6478882,-0.25976562,-0.3491211
2d,4,Right Wrist,30617522,1779734589465,34.298023,-3.4170508,62.775703,140.35504,651.1411,-213.97627,-138.56615,-38.365227,208.9036,0.0
2d,1,Left Ankle,4614612,1779734589487,1.16,12.75,0.27,-18.3125,29.3125,10.75,-0.6248169,-0.64434814,-0.26104736,-0.3554077
2d,2,Right Ankle,1656660,1779734589502,-4.968151,0.5506844,-2.4526432,-261.73337,75.47624,20.927618,72.37906,80.233986,293.70255,0.0
2d,3,Left Wrist,4414655,1779734589502,-4.247059,1.680058,17.355143,-38.524223,-396.5003,196.31923,-101.01299,-26.207655,328.444,0.0
2d,1,Left Ankle,4614636,1779734589524,-0.52,7.81,-0.48,-20.0625,27.8125,-5.5625,-0.62597656,-0.64056396,-0.26293945,-0.35876465
2d,1,Left Ankle,4614652,1779734589525,-0.21,8.51,-1.59,-14.5625,50.625,10.875,-0.62542725,-0.63635254,-0.2659912,-0.36499023
2d,4,Right Wrist,30617583,1779734589525,57.422256,-19.944275,78.398445,-1.32496,841.8911,-216.14627,-138.43126,-38.65713,208.71114,0.0
2d,1,Left Ankle,4614672,1779734589551,0.65,8.59,2.1,-3.0,72.125,28.125,-0.62158203,-0.6326904,-0.27008057,-0.37475586
2d,1,Left Ankle,4614692,1779734589551,1.29,9.54,2.08,-1.5625,42.625,17.5,-0.6171875,-0.6295166,-0.27471924,-0.3838501
2d,2,Right Ankle,1656719,1779734589557,-5.7960677,-0.43755138,-0.5312066,94.70664,82.68624,-28.562382,72.65421,80.32078,293.94534,0.0
2d,1,Left Ankle,4614719,1779734589577,5.12,10.66,1.49,5.5625,11.25,6.5,-0.61517334,-0.62908936,-0.2756958,-0.3869629
2d,4,Right Wrist,30617672,1779734589587,79.61808,-34.270103,35.047672,170.66504,907.9711,161.01372,-138.1384,-38.887142,208.3678,0.0
2d,3,Left Wrist,4414714,1779734589588,-1.8207366,-3.5626163,17.290537,-22.284224,-370.5303,71.08922,-101.04594,-26.155474,328.5648,0.0
2d,1,Left Ankle,4614733,1779734589606,2.76,13.5,1.34,14.4375,-16.3125,-2.375,-0.6140747,-0.63079834,-0.276062,-0.3857422
2d,1,Left Ankle,4614759,1779734589637,-0.47,7.23,-0.02,21.25,-23.25,-8.75,-0.61346436,-0.63391113,-0.27575684,-0.38171387
2d,1,Left Ankle,4614777,1779734589639,0.06,6.93,-2.21,22.8125,-19.9375,5.9375,-0.61206055,-0.6376343,-0.27514648,-0.37835693
2d,2,Right Ankle,1656780,1779734589644,-15.5994625,-1.454501,2.562713,-107.52336,59.58624,-26.60238,72.45325,80.38536,293.78708,0.0
2d,1,Left Ankle,4614800,1779734589671,0.05,10.67,-0.51,22.25,-9.8125,23.25,-0.60809326,-0.64123535,-0.27423096,-0.37921143
2d,4,Right Wrist,30617732,1779734589671,-5.056732,-14.211074,34.04269,-85.11496,183.0511,189.36372,-138.06546,-38.894577,208.2318,0.0
2d,1,Left Ankle,4614820,1779734589698,1.63,10.42,-0.98,20.125,-4.875,26.75,-0.602417,-0.64660645,-0.2711792,-0.38128662
2d,1,Left Ankle,4614834,1779734589701,1.33,8.79,-0.32,23.0625,-0.3125,29.5625,-0.5996094,-0.6480713,-0.27130127,-0.3831787
2d,2,Right Ankle,1656839,1779734589715,-6.640734,3.7929592,5.032106,-145.04337,-0.053759813,50.25762,72.23528,80.33253,293.62302,0.0
2d,3,Left Wrist,4414775,1779734589715,-3.215752,-0.26769948,8.147561,-25.294224,-255.9403,48.269222,-101.06621,-26.114033,328.6457,0.0
2d,1,Left Ankle,4614861,1779734589726,1.37,9.22,-0.5,27.75,-16.5,29.375,-0.5953369,-0.65289307,-0.2685547,-0.38360596
2d,1,Left Ankle,4614878,1779734589759,2.73,10.65,0.81,34.8125,-28.75,27.875,-0.5909424,-0.6592407,-0.26483154,-0.38220215
2d,1,Left Ankle,4614899,1779734589768,3.17,11.64,1.68,37.625,-24.6875,24.625,-0.5859375,-0.6654663,-0.26245117,-0.38067627
2d,3,Left Wrist,4414968,1779734589780,11.744175,-10.642979,10.408779,-218.63423,81.9497,105.94922,-101.01673,-26.129911,328.55182,0.0
2d,1,Left Ankle,4614920,1779734589786,1.26,8.88,-0.63,39.5625,-22.9375,24.125,-0.5809326,-0.67181396,-0.25994873,-0.3789673
2d,4,Right Wrist,30617822,1779734589790,3.3277183,-4.434001,-6.905686,130.41504,171.5711,138.47372,-137.99979,-38.846184,208.16005,0.0
2d,2,Right Ankle,1656929,1779734589799,-4.1402345,6.2838874,4.4410787,112.62664,-106.593765,29.467619,71.984245,80.26257,293.33133,0.0
2d,1,Left Ankle,4614938,1779734589820,1.65,9.04,-0.7,42.4375,-24.5,32.875,-0.5755005,-0.678772,-0.25683594,-0.37701416
2d,1,Left Ankle,4614959,1779734589832,1.61,9.81,-1.13,42.875,-36.6875,43.375,-0.5661621,-0.6911011,-0.24816895,-0.37451172
2d,3,Left Wrist,4414987,1779734589832,10.822939,-10.556837,8.530413,-205.19423,65.6397,130.09923,-101.02968,-26.111725,328.49796,0.0
2d,1,Left Ankle,4614977,1779734589848,1.51,9.68,-1.3,41.0625,-47.1875,52.3125,-0.5630493,-0.6956787,-0.24414062,-0.37335205
2d,2,Right Ankle,1656990,1779734589853,-1.1515988,2.6707253,-7.7551384,212.65665,-79.85376,31.917618,72.36696,80.24375,293.63153,0.0
2d,1,Left Ankle,4615000,1779734589899,1.29,9.64,-1.35,40.375,-43.875,62.5625,-0.5563965,-0.70477295,-0.23522949,-0.37194824
2d,1,Left Ankle,4615020,1779734589899,1.11,10.34,-0.13,41.3125,-38.5625,79.125,-0.5441284,-0.71881104,-0.21911621,-0.37316895
2d,3,Left Wrist,4415044,1779734589899,9.403995,-11.573786,4.3525443,-86.19423,52.1297,144.44922,-100.999596,-26.090317,328.44675,0.0
2d,1,Left Ankle,4615035,1779734589910,1.06,9.41,-2.36,33.875,-52.625,85.1875,-0.5402832,-0.72351074,-0.21270752,-0.37329102
2d,2,Right Ankle,1657080,1779734589920,-41.30795,-1.5382499,-23.464018,107.51664,10.02624,-51.38238,72.69865,80.29816,293.9211,0.0
2d,1,Left Ankle,4615059,1779734589943,0.56,10.5,-2.91,30.875,-41.6875,92.8125,-0.5326538,-0.73236084,-0.19946289,-0.3743286
2d,1,Left Ankle,4615074,1779734589943,-1.82,13.54,-2.4,31.875,-11.625,108.0,-0.52246094,-0.7399292,-0.18664551,-0.3803711
2d,3,Left Wrist,4415105,1779734589952,3.878967,-13.294226,2.440679,24.265776,68.439705,100.41922,-100.924225,-26.04094,328.39026,0.0
2d,1,Left Ankle,4615095,1779734589967,-2.07,15.05,-1.8,31.9375,23.4375,86.4375,-0.51153564,-0.744812,-0.1784668,-0.38952637
2d,1,Left Ankle,4615119,1779734589998,0.37,8.95,2.6,27.4375,93.25,71.0625,-0.5005493,-0.74420166,-0.17785645,-0.40490723
2d,1,Left Ankle,4615135,1779734590000,2.32,8.51,2.77,16.0,125.9375,68.9375,-0.48986816,-0.7394409,-0.18084717,-0.42486572
2d,4,Right Wrist,30617912,1779734590001,9.594521,11.995119,-5.642276,-125.36496,44.31111,16.953728,-138.08415,-38.88549,208.17403,0.0
2d,2,Right Ankle,1657140,1779734590012,3.1171968,7.162053,-3.7447674,17.496637,-72.01376,-31.362383,72.784706,80.25735,293.99533,0.0
2d,3,Left Wrist,4415165,1779734590012,4.5609217,-15.014666,-1.2873386,-8.564223,112.0497,80.32922,-100.86653,-25.965296,328.32437,0.0
2d,1,Left Ankle,4615164,1779734590026,6.92,11.55,-6.55,11.875,115.25,38.625,-0.4779663,-0.7307129,-0.18823242,-0.449646
2d,1,Left Ankle,4615180,1779734590064,1.31,7.42,5.68,3.0,60.0,28.1875,-0.47583008,-0.7265625,-0.18865967,-0.458313
2d,1,Left Ankle,4615204,1779734590064,1.13,8.82,-0.9,-20.5,13.6875,-47.125,-0.47869873,-0.7244873,-0.19134521,-0.4576416
2d,2,Right Ankle,1657200,1779734590075,-10.943029,4.0968475,0.0023928226,-88.48336,-49.61376,-20.092382,72.873184,80.19491,294.10983,0.0
2d,3,Left Wrist,4415224,1779734590075,1.383253,-13.277475,-0.4881358,-29.214224,142.0797,77.87922,-100.820404,-25.887484,328.2513,0.0
2d,1,Left Ankle,4615222,1779734590088,1.02,9.82,-0.56,-18.125,-40.125,-70.5625,-0.4869995,-0.72302246,-0.1953125,-0.44940186
2d,1,Left Ankle,4615236,1779734590090,1.86,7.82,0.84,-21.75,-96.5,-106.375,-0.49938965,-0.7241821,-0.19891357,-0.43200684
2d,1,Left Ankle,4615262,1779734590125,5.37,5.96,-1.57,-39.3125,-162.4375,-120.3125,-0.5261841,-0.7288208,-0.19866943,-0.39056396
2d,4,Right Wrist,30618209,1779734590125,-4.24078,-1.8090743,1.672583,99.33504,-94.568886,-133.68628,-138.25557,-38.907585,208.3802,0.0
2d,2,Right Ankle,1657290,1779734590125,-9.256089,2.4888706,0.53599226,-31.363363,-17.76376,-32.76238,72.9109,80.13092,294.15616,0.0
2d,3,Left Wrist,4415285,1779734590128,3.2089767,-11.071294,-1.3639089,-72.61423,131.08969,113.85922,-100.79277,-25.79067,328.18106,0.0
2d,1,Left Ankle,4615276,1779734590146,7.6,4.92,-3.18,-38.0625,-168.3125,-112.6875,-0.53497314,-0.73065186,-0.19683838,-0.37579346
2d,1,Left Ankle,4615301,1779734590175,7.54,3.78,-2.0,-35.5625,-153.9375,-56.3125,-0.5563965,-0.7363281,-0.18621826,-0.3369751
2d,1,Left Ankle,4615321,1779734590177,6.32,7.59,-1.91,-0.875,32.0,-0.375,-0.5609131,-0.7375488,-0.18170166,-0.3291626
2d,4,Right Wrist,30618229,1779734590180,-4.5398827,-3.5677989,1.7946169,65.80504,-87.35889,-135.92627,-138.25182,-38.894676,208.43564,0.0
2d,2,Right Ankle,1657350,1779734590184,-9.043128,2.3979435,-0.66041905,19.736637,-21.47376,-42.28238,73.186226,80.12051,294.4187,0.0
2d,3,Left Wrist,4415344,1779734590189,5.053843,-8.056336,-0.62452674,-75.76423,100.7797,135.48923,-100.75544,-25.79622,328.1142,0.0
2d,1,Left Ankle,4615336,1779734590213,17.62,-2.33,-6.54,20.4375,109.25,-53.8125,-0.55944824,-0.73461914,-0.1907959,-0.33312988
2d,1,Left Ankle,4615380,1779734590239,4.44,10.91,-7.31,21.125,39.25,43.75,-0.54174805,-0.7367554,-0.18481445,-0.35986328
2d,1,Left Ankle,4615364,1779734590239,3.58,12.19,-13.27,26.625,97.8125,122.5625,-0.5458374,-0.73480225,-0.18835449,-0.35583496
2d,4,Right Wrist,30618332,1779734590240,-3.0874393,-5.936693,1.7491533,46.90504,-66.918884,-106.876274,-138.2325,-38.88063,208.46759,0.0
2d,2,Right Ankle,1657410,1779734590242,-8.633955,0.20851074,0.24646074,-1.1933622,-11.8837595,-18.132381,73.08879,80.199936,294.3221,0.0
2d,3,Left Wrist,4415405,1779734590249,6.630713,-4.861919,-0.9284152,-29.774223,72.4997,121.769226,-100.750084,-25.830235,328.07782,0.0
2d,1,Left Ankle,4615402,1779734590271,6.1,7.65,-5.36,-4.6875,-66.75,-0.0625,-0.54644775,-0.7409668,-0.17706299,-0.34783936
2d,1,Left Ankle,4615421,1779734590297,5.15,7.58,-2.57,-17.5,-105.4375,-22.1875,-0.55371094,-0.74523926,-0.16802979,-0.33135986
2d,1,Left Ankle,4615443,1779734590297,0.83,10.87,-0.97,-10.4375,-57.875,-14.9375,-0.55633545,-0.7462158,-0.16558838,-0.32598877
2d,4,Right Wrist,30618392,1779734590298,-3.0754755,-7.2192464,1.7730815,48.37504,-55.928886,-75.096275,-138.20166,-38.86168,208.48419,0.0
2d,3,Left Wrist,4415464,1779734590310,7.803196,-4.0890374,-1.4548361,-7.3742237,57.5197,101.11922,-100.75015,-25.870548,328.05304,0.0
2d,2,Right Ankle,1657469,1779734590311,-8.97613,0.27072412,0.31824538,2.6566377,-6.21376,31.007618,73.01198,80.26308,294.24567,0.0
2d,1,Left Ankle,4615461,1779734590325,0.51,12.08,0.48,20.875,92.5625,-23.3125,-0.5531616,-0.743103,-0.17565918,-0.33312988
2d,1,Left Ankle,4615483,1779734590356,6.51,10.08,0.88,21.3125,110.0,-38.8125,-0.548645,-0.7375488,-0.19268799,-0.3433838
2d,1,Left Ankle,4615503,1779734590356,4.52,11.52,-3.33,11.125,60.625,-33.5,-0.5465088,-0.73309326,-0.20471191,-0.3493042
2d,4,Right Wrist,30618452,1779734590359,-5.3319073,-5.78116,0.82073814,22.47504,-39.68889,-43.80627,-138.18127,-38.832623,208.49242,0.0
2d,2,Right Ankle,1657530,1779734590369,-9.038342,3.1636467,-0.60777694,5.036638,-9.57376,31.98762,73.32391,80.20656,294.55136,0.0
2d,1,Left Ankle,4615526,1779734590391,5.05,10.68,-4.72,11.0,8.125,-45.875,-0.546875,-0.7314453,-0.21252441,-0.34753418
2d,1,Left Ankle,4615544,1779734590423,2.07,10.61,-3.98,6.25,-28.6875,-41.3125,-0.5494385,-0.73187256,-0.21643066,-0.34014893
2d,1,Left Ankle,4615563,1779734590423,1.35,9.27,-2.91,2.0,-29.9375,-37.5,-0.5523071,-0.7324829,-0.21832275,-0.3328247
2d,4,Right Wrist,30618512,1779734590423,-8.121938,-4.173183,-0.5383851,94.57504,-46.26889,9.253728,-138.14072,-38.78477,208.49422,0.0
2d,2,Right Ankle,1657589,1779734590423,-9.406837,2.4218714,0.485743,-2.873362,-1.3837599,5.527619,73.441826,80.131874,294.66855,0.0
2d,1,Left Ankle,4615586,1779734590447,1.19,7.94,-2.5,-4.375,-26.8125,-33.0,-0.555542,-0.7324219,-0.21990967,-0.32641602
2d,1,Left Ankle,4615611,1779734590475,0.82,7.26,-2.53,-10.25,-30.75,-29.9375,-0.5593872,-0.7321167,-0.22045898,-0.32019043
2d,4,Right Wrist,30618572,1779734590479,-10.60808,0.20568274,-0.32542387,-40.31496,-6.088888,58.393726,-138.14519,-38.74381,208.47748,0.0
2d,2,Right Ankle,1657650,1779734590483,-9.478622,2.9243646,0.34695926,9.166637,16.53624,-27.02238,73.62605,80.072464,294.84738,0.0
2d,1,Left Ankle,4615629,1779734590512,0.55,7.26,-2.49,-14.8125,-35.0,-26.5625,-0.5638428,-0.7315674,-0.21990967,-0.3139038
2d,1,Left Ankle,4615650,1779734590512,0.25,6.56,-1.62,-19.0625,-39.4375,-22.875,-0.5715332,-0.73083496,-0.21643066,-0.30395508
2d,1,Left Ankle,4615671,1779734590545,0.09,6.01,-1.19,-23.5,-46.1875,-18.8125,-0.5743408,-0.7305298,-0.21472168,-0.30059814
2d,4,Right Wrist,30618632,1779734590545,-6.466105,0.12671967,-0.6436693,11.41504,34.861115,16.953728,-138.13469,-38.721104,208.46362,0.0
2d,2,Right Ankle,1657709,1779734590545,-8.885201,1.4025291,0.050249275,-0.703362,23.81624,-41.652378,73.927124,80.115105,295.14487,0.0
2d,1,Left Ankle,4615685,1779734590545,-2.34,6.02,0.39,-26.125,-48.0,-14.0,-0.5805664,-0.73028564,-0.20916748,-0.29296875
2d,3,Left Wrist,4415525,1779734590585,5.3577313,-6.144472,-1.3184452,18.945776,29.169699,65.13922,-100.74256,-25.924593,328.03976,0.0
2d,1,Left Ankle,4615715,1779734590596,-3.23,6.11,1.21,-25.125,-25.875,-17.8125,-0.5880127,-0.727417,-0.20703125,-0.28686523
2d,1,Left Ankle,4615727,1779734590597,1.39,8.12,3.37,-24.4375,9.875,-24.375,-0.5899048,-0.7255249,-0.20843506,-0.28668213
2d,2,Right Ankle,1657770,1779734590605,-8.3827095,0.9048222,-0.6867401,-3.853362,24.79624,-24.222382,74.21872,80.16279,295.43454,0.0
2d,1,Left Ankle,4615772,1779734590636,4.05,13.99,0.07,-29.1875,75.5,-38.5,-0.59399414,-0.70843506,-0.22802734,-0.30541992
2d,1,Left Ankle,4615755,1779734590636,3.83,11.09,2.36,-22.5,72.75,-11.625,-0.5923462,-0.7166748,-0.21746826,-0.2970581
2d,3,Left Wrist,4415822,1779734590638,3.6301136,-5.7592278,-3.1082768,48.065777,-25.6403,38.539223,-100.94326,-25.853561,328.15405,0.0
2d,1,Left Ankle,4615788,1779734590656,6.51,12.59,-6.25,-31.0,42.125,-53.625,-0.5963745,-0.70477295,-0.23254395,-0.30584717
2d,2,Right Ankle,1657830,1779734590673,-8.686598,-0.040342808,-0.82313097,14.8366375,28.99624,25.197618,74.45493,80.21785,295.6643,0.0
2d,1,Left Ankle,4615814,1779734590685,1.44,8.91,-6.42,-35.0625,-33.25,-68.25,-0.60943604,-0.697876,-0.23687744,-0.2923584
2d,1,Left Ankle,4615828,1779734590688,-2.87,8.03,0.65,-36.6875,-75.5,-57.1875,-0.61450195,-0.6966553,-0.23547363,-0.28570557
2d,1,Left Ankle,4615854,1779734590716,0.38,11.53,-1.63,-40.0,-45.0,-45.0625,-0.62677,-0.6913452,-0.23370361,-0.2730713
2d,1,Left Ankle,4615873,1779734590746,-0.3,11.44,1.37,-23.6875,19.0,-28.25,-0.63067627,-0.6870117,-0.23699951,-0.27209473
2d,1,Left Ankle,4615888,1779734590747,-0.04,8.93,0.58,-23.4375,22.3125,-27.0,-0.63256836,-0.68499756,-0.23834229,-0.27166748
2d,2,Right Ankle,1657890,1779734590763,-9.349409,2.4553711,-0.86141616,8.466639,21.15624,17.14762,74.84472,80.19412,296.04697,0.0
2d,1,Left Ankle,4615912,1779734590775,0.97,7.3,-1.27,-17.6875,-21.875,1.9375,-0.6381836,-0.68115234,-0.23803711,-0.26843262
2d,4,Right Wrist,30618692,1779734590789,-5.0328045,-5.7955165,0.44745782,32.48504,44.66111,2.0437279,-138.08495,-38.70146,208.43106,0.0
2d,3,Left Wrist,4415855,1779734590789,1.0506506,-7.309776,-2.940779,-3.5942235,-27.320301,64.439224,-100.98836,-25.769308,328.1777,0.0
2d,1,Left Ankle,4615928,1779734590813,-1.34,11.35,-0.14,-13.0625,-21.0625,17.25,-0.63897705,-0.6812744,-0.2355957,-0.26837158
2d,2,Right Ankle,1657980,1779734590814,-12.022193,1.0459987,-1.8831514,0.48663807,17.16624,-17.642382,75.14585,80.23588,296.34427,0.0
2d,3,Left Wrist,4416018,1779734590848,-1.3924211,-9.329319,-0.7106683,-22.774223,-23.6803,143.74922,-100.986374,-25.55193,328.16168,0.0
2d,1,Left Ankle,4615972,1779734590848,0.05,9.65,-0.49,-3.125,1.3125,33.5,-0.6383667,-0.6821289,-0.22711182,-0.2748413
2d,1,Left Ankle,4615955,1779734590848,-0.42,10.5,-0.77,-9.1875,-10.375,18.1875,-0.6394043,-0.6814575,-0.23077393,-0.2711792
2d,1,Left Ankle,4615989,1779734590869,0.58,9.65,-0.76,-2.625,-1.4375,37.625,-0.6369629,-0.6834717,-0.22216797,-0.27893066
2d,1,Left Ankle,4616011,1779734590869,0.55,9.91,-0.83,-4.8125,-10.0625,46.4375,-0.63568115,-0.6851196,-0.2156372,-0.28289795
2d,4,Right Wrist,30618959,1779734590870,-3.5301113,-1.1701906,-7.472785,9.52504,-58.72889,-57.52627,-138.11954,-38.601555,208.49026,0.0
2d,2,Right Ankle,1658040,1779734590873,-10.823389,-0.42798007,-0.9212367,-45.643364,23.04624,-23.592382,75.287865,80.31241,296.50092,0.0
2d,1,Left Ankle,4616033,1779734590897,0.78,9.73,-0.38,-4.3125,-4.5,48.5625,-0.6343384,-0.6868286,-0.20861816,-0.28704834
2d,3,Left Wrist,4416065,1779734590910,1.400003,-8.125729,0.42592245,5.7157764,-1.9103007,114.55922,-100.93716,-25.469341,328.13504,0.0
2d,2,Right Ankle,1658100,1779734590933,-7.435151,3.2904663,0.6891329,56.486637,-34.07376,-27.162382,75.26161,80.246254,296.45328,0.0
2d,1,Left Ankle,4616055,1779734590933,1.13,9.64,-0.25,-1.3125,1.875,48.6875,-0.6321411,-0.6882324,-0.2029419,-0.29241943
2d,4,Right Wrist,30618992,1779734590933,-2.0106692,-2.3163528,-6.2668023,-43.25496,-48.928886,-62.636272,-138.19576,-38.535755,208.54999,0.0
2d,1,Left Ankle,4616077,1779734590957,1.37,9.57,-0.13,2.25,2.75,46.75,-0.6295166,-0.68981934,-0.19781494,-0.29779053
2d,1,Left Ankle,4616099,1779734590958,2.74,10.04,-1.55,10.0625,-26.9375,32.375,-0.6272583,-0.692749,-0.19195557,-0.29962158
2d,3,Left Wrist,4416125,1779734590968,2.924231,-6.7689986,1.1174482,-32.154224,25.4597,73.81922,-100.88748,-25.443079,328.09656,0.0
2d,1,Left Ankle,4616118,1779734590987,1.87,9.33,-0.9,13.4375,-16.3125,29.875,-0.62493896,-0.6959839,-0.18701172,-0.30023193
2d,1,Left Ankle,4616133,1779734590989,2.52,9.49,-1.3,15.5625,-16.75,13.25,-0.62280273,-0.6989136,-0.18414307,-0.29956055
2d,2,Right Ankle,1658160,1779734590993,-5.7314615,0.36643708,-0.8063812,-14.353362,-47.30376,-8.33238,75.416626,80.28582,296.60812,0.0
2d,1,Left Ankle,4616158,1779734591016,2.9,9.44,-0.39,18.3125,-11.625,-1.6875,-0.62091064,-0.7015381,-0.18341064,-0.29785156
2d,4,Right Wrist,30619083,1779734591019,-0.8022937,-4.146862,-3.1992037,-41.92496,-12.318888,-32.116272,-138.19771,-38.47236,208.55086,0.0
2d,1,Left Ankle,4616173,1779734591047,2.72,9.25,-0.04,22.3125,-15.875,-18.125,-0.61950684,-0.7039795,-0.18469238,-0.29400635
2d,2,Right Ankle,1658219,1779734591053,-5.879817,0.65118295,-1.5601203,45.986637,-27.70376,11.127619,75.697296,80.303406,296.86758,0.0
2d,1,Left Ankle,4616199,1779734591076,2.45,9.55,0.14,27.4375,-26.0,-32.6875,-0.61834717,-0.70684814,-0.18762207,-0.2878418
2d,1,Left Ankle,4616219,1779734591077,0.44,9.97,0.45,26.0625,-32.4375,-35.625,-0.6178589,-0.710022,-0.18988037,-0.27947998
2d,4,Right Wrist,30619142,1779734591079,-0.14187472,-4.5584273,-3.1513476,-10.28496,-3.498888,0.15372801,-138.17052,-38.405746,208.53233,0.0
2d,3,Left Wrist,4416184,1779734591090,3.5655074,-5.775977,1.3830514,-33.554222,39.319702,42.59922,-100.84054,-25.447855,328.05664,0.0
2d,1,Left Ankle,4616234,1779734591115,-0.43,9.25,-2.11,27.125,-16.0,-31.8125,-0.6164551,-0.71240234,-0.19396973,-0.27355957
2d,1,Left Ankle,4616256,1779734591137,-0.31,9.71,-2.23,29.0,7.9375,-17.625,-0.61395264,-0.7145386,-0.19824219,-0.27069092
2d,1,Left Ankle,4616274,1779734591139,1.42,10.41,-0.97,26.75,15.5625,-5.0625,-0.61047363,-0.71643066,-0.20196533,-0.27069092
2d,4,Right Wrist,30619232,1779734591139,-3.618646,-4.685247,-3.0484562,-6.85496,-7.698889,23.183727,-138.15283,-38.342724,208.51656,0.0
2d,1,Left Ankle,4616299,1779734591167,1.0,9.77,-1.15,22.0,8.1875,1.1875,-0.6067505,-0.7180176,-0.2055664,-0.2722168
2d,2,Right Ankle,1658280,1779734591182,-16.235952,-2.5264854,-14.344972,-28.353363,33.756237,37.79762,76.10658,80.3297,297.28326,0.0
2d,3,Left Wrist,4416348,1779734591182,0.7611194,-7.4629173,-2.9168508,26.925777,-17.7303,-62.89078,-100.827034,-25.436634,328.05112,0.0
2d,1,Left Ankle,4616315,1779734591197,-1.16,10.47,-1.1,22.9375,8.6875,16.3125,-0.6033325,-0.7202759,-0.20587158,-0.27349854
2d,1,Left Ankle,4616338,1779734591198,-0.28,11.63,-1.69,29.9375,18.0625,36.0,-0.59783936,-0.72351074,-0.20501709,-0.27770996
2d,4,Right Wrist,30619292,1779734591199,-11.266107,-0.8591233,-3.4337006,-116.82496,-6.998888,26.543728,-138.1965,-38.29865,208.51418,0.0
2d,1,Left Ankle,4616361,1779734591233,1.33,9.9,-1.66,26.8125,30.9375,54.8125,-0.59088135,-0.7266846,-0.20306396,-0.28546143
2d,2,Right Ankle,1658443,1779734591234,-9.916509,1.7662383,0.41156548,-14.423363,-34.563763,-1.542381,76.387474,80.16955,297.57208,0.0
2d,1,Left Ankle,4616378,1779734591263,2.4,11.1,-1.09,24.5625,27.0,73.0625,-0.5834961,-0.73010254,-0.19866943,-0.29492188
2d,1,Left Ankle,4616399,1779734591263,2.15,11.22,-1.47,11.75,-15.125,71.25,-0.578125,-0.73413086,-0.19018555,-0.30114746
2d,3,Left Wrist,4416367,1779734591267,-1.5575264,-8.479867,-4.7545385,60.105778,-28.3703,-59.88078,-100.85374,-25.390366,328.08392,0.0
2d,1,Left Ankle,4616419,1779734591286,0.27,11.74,-1.43,2.375,-39.9375,64.5,-0.5753174,-0.73864746,-0.17822266,-0.30267334
2d,4,Right Wrist,30619352,1779734591290,-13.343077,1.1652046,-3.9888353,25.27504,-21.62889,-30.436272,-138.21022,-38.267677,208.53831,0.0
2d,2,Right Ankle,1658462,1779734591293,-8.854095,2.5510843,1.4045868,-27.583363,-25.393759,-31.08238,76.1327,80.12691,297.32867,0.0
2d,1,Left Ankle,4616438,1779734591325,-0.21,10.98,0.81,-5.4375,-29.5,47.1875,-0.5750122,-0.7420654,-0.16638184,-0.30169678
2d,1,Left Ankle,4616459,1779734591326,2.54,9.02,-2.62,-5.0,6.5,30.375,-0.5741577,-0.7423096,-0.16137695,-0.30541992
2d,3,Left Wrist,4416455,1779734591329,-5.0223327,-9.771992,-8.709874,10.685777,-3.4503007,47.63922,-100.89785,-25.312382,328.10263,0.0
2d,1,Left Ankle,4616478,1779734591347,-2.65,10.29,-3.78,-3.25,29.0625,17.75,-0.572937,-0.74139404,-0.16033936,-0.31036377
2d,4,Right Wrist,30619412,1779734591349,-9.851949,-5.8098736,-0.08853444,34.585037,-8.608889,-45.62627,-138.19176,-38.24367,208.54527,0.0
2d,2,Right Ankle,1658520,1779734591352,-9.497765,1.5915623,0.22492532,5.9466376,-11.18376,-34.23238,76.39578,80.15402,297.5847,0.0
2d,1,Left Ankle,4616503,1779734591379,3.25,8.05,-3.75,4.3125,-58.0625,-41.6875,-0.5751953,-0.7420654,-0.1609497,-0.30426025
2d,1,Left Ankle,4616520,1779734591379,3.82,8.2,-3.53,9.875,-100.6875,-68.5,-0.5800171,-0.74591064,-0.15991211,-0.28564453
2d,3,Left Wrist,4416544,1779734591389,3.2975113,-8.231013,-4.208975,40.855778,57.939697,89.70922,-100.93379,-25.26763,328.10077,0.0
2d,1,Left Ankle,4616545,1779734591417,10.27,7.15,-3.82,14.6875,-95.9375,-72.1875,-0.58325195,-0.7498169,-0.16131592,-0.2675171
2d,4,Right Wrist,30619502,1779734591417,-4.700202,-7.642776,1.9669002,53.48504,7.7711115,-31.62627,-138.14253,-38.229347,208.53142,0.0
2d,2,Right Ankle,1658580,1779734591418,-9.1101265,0.81389487,0.1268196,-22.333363,-5.0937595,-20.652382,76.40704,80.23314,297.60287,0.0
2d,1,Left Ankle,4616560,1779734591435,13.23,6.77,-4.08,27.6875,-49.25,-36.25,-0.5834961,-0.7537842,-0.16235352,-0.25506592
2d,1,Left Ankle,4616581,1779734591437,1.03,12.45,-7.18,24.5,-85.5,-9.8125,-0.58270264,-0.7588501,-0.1583252,-0.24401855
2d,3,Left Wrist,4416605,1779734591461,8.291332,-5.249556,-0.47856453,34.345776,70.329704,44.41922,-100.90161,-25.323833,328.0677,0.0
2d,1,Left Ankle,4616607,1779734591471,3.76,12.62,-7.0,40.0625,-160.1875,-62.3125,-0.58380127,-0.7666626,-0.15167236,-0.22015381
2d,2,Right Ankle,1658640,1779734591480,-8.533457,-0.095377736,0.7513463,-33.18336,4.84624,15.187618,76.20808,80.2907,297.41867,0.0
2d,1,Left Ankle,4616626,1779734591506,6.56,12.31,-7.05,58.625,-185.125,-85.125,-0.58410645,-0.7762451,-0.14605713,-0.18695068
2d,1,Left Ankle,4616648,1779734591506,6.43,12.07,-7.57,69.25,-183.6875,-86.5625,-0.5822754,-0.7859497,-0.14141846,-0.15258789
2d,4,Right Wrist,30619562,1779734591506,-1.8718853,-9.693425,-0.55034924,-57.67496,-1.2588882,9.533728,-138.11409,-38.19602,208.49963,0.0
2d,1,Left Ankle,4616665,1779734591533,4.1,11.92,-8.67,81.25,-205.125,-84.125,-0.5782471,-0.7962036,-0.13500977,-0.11608887
2d,2,Right Ankle,1658700,1779734591534,-9.308731,1.838023,0.26799613,13.436638,-19.58376,12.597618,76.42216,80.22644,297.6241,0.0
2d,3,Left Wrist,4416665,1779734591538,10.487943,-3.2730846,0.33260235,143.12578,78.5897,-36.220776,-100.8321,-25.402506,328.0371,0.0
2d,1,Left Ankle,4616683,1779734591565,2.95,8.98,-7.48,88.5625,-237.1875,-85.0625,-0.572876,-0.8064575,-0.12573242,-0.07495117
2d,4,Right Wrist,30619652,1779734591565,4.904588,-5.3648086,-1.2227323,79.10504,-33.80889,136.93373,-138.0052,-38.17109,208.42763,0.0
2d,1,Left Ankle,4616727,1779734591591,-3.04,4.48,-5.03,98.0625,-284.625,-70.625,-0.5578003,-0.8241577,-0.09613037,0.017700195
2d,1,Left Ankle,4616709,1779734591591,-1.17,5.98,-6.73,92.625,-263.5625,-78.625,-0.56225586,-0.82025146,-0.10473633,-0.006286621
2d,2,Right Ankle,1658759,1779734591593,-10.134254,2.1108048,0.08135597,40.176636,-24.83376,-8.822382,76.68401,80.18779,297.8668,0.0
2d,1,Left Ankle,4616748,1779734591616,-2.76,3.22,-2.42,96.875,-267.625,-53.625,-0.5477905,-0.83062744,-0.078125,0.0625
2d,4,Right Wrist,30619712,1779734591619,8.603891,-5.223632,-0.7322037,158.62505,-71.39889,346.37372,-137.85478,-38.108673,208.3114,0.0
2d,3,Left Wrist,4416724,1779734591641,7.1762767,-4.7566347,-0.86620176,185.47577,46.6697,-114.13077,-100.76249,-25.514677,328.02725,0.0
2d,1,Left Ankle,4616770,1779734591646,-4.92,2.47,-0.38,87.0,-239.9375,-35.375,-0.53240967,-0.8366089,-0.051452637,0.11816406
2d,1,Left Ankle,4616788,1779734591646,-4.66,2.15,1.82,80.125,-150.1875,-12.75,-0.5272217,-0.838562,-0.04486084,0.1296997
2d,2,Right Ankle,1658820,1779734591658,-9.105342,0.8880724,1.847259,64.60664,-23.85376,-27.44238,76.33741,80.20417,297.50125,0.0
2d,1,Left Ankle,4616807,1779734591683,-3.51,1.07,2.46,75.4375,-36.4375,13.8125,-0.5170288,-0.8438721,-0.036376953,0.13873291
2d,1,Left Ankle,4616824,1779734591683,-2.4,2.0,3.68,65.25,71.3125,43.6875,-0.5076904,-0.8510742,-0.03363037,0.1296997
2d,4,Right Wrist,30619772,1779734591683,23.269503,-1.4716859,2.3042881,-28.414959,-137.4789,576.95374,-137.76514,-37.982334,208.15782,0.0
2d,1,Left Ankle,4616849,1779734591706,-2.04,2.72,5.22,52.5,171.875,73.5625,-0.4970703,-0.86273193,-0.037841797,0.084350586
2d,2,Right Ankle,1658879,1779734591714,-9.356588,-0.35140973,2.0961127,32.336636,3.86624,-9.17238,76.06411,80.24073,297.22086,0.0
2d,3,Left Wrist,4416815,1779734591718,-8.331607,-15.311375,-10.267602,74.80577,58.289703,38.609222,-100.76219,-25.43759,328.01807,0.0
2d,1,Left Ankle,4616873,1779734591736,-1.14,4.9,2.98,23.375,242.0,86.0625,-0.4951172,-0.86553955,-0.04156494,0.06317139
2d,1,Left Ankle,4616884,1779734591737,-1.2,8.14,4.75,-11.4375,262.25,91.9375,-0.49432373,-0.8676758,-0.049987793,0.016784668
2d,4,Right Wrist,30619833,1779734591739,34.649765,16.850159,12.476177,-63.76496,-315.41888,549.8638,-137.73917,-37.808537,208.07445,0.0
2d,2,Right Ankle,1658940,1779734591782,-9.411623,1.471921,-0.7082755,5.5266376,25.14624,12.24762,76.42994,80.256355,297.58115,0.0
2d,3,Left Wrist,4416905,1779734591784,-4.1465597,-16.077078,-0.79920274,-17.454224,230.2797,284.6592,-100.70708,-25.290173,327.90375,0.0
2d,1,Left Ankle,4616914,1779734591796,-3.62,11.21,6.23,-53.375,204.9375,78.75,-0.5028076,-0.8616333,-0.058288574,-0.037719727
2d,1,Left Ankle,4616932,1779734591805,-14.14,15.3,6.91,-87.875,82.125,16.3125,-0.51416016,-0.8538208,-0.060668945,-0.05456543
2d,4,Right Wrist,30619892,1779734591805,33.037006,19.628223,13.639089,-219.51495,-374.00888,469.85373,-137.7957,-37.63681,208.03549,0.0
2d,1,Left Ankle,4616955,1779734591826,-13.17,16.02,6.73,-80.75,112.25,-10.5,-0.5217285,-0.8463135,-0.07501221,-0.07684326
2d,1,Left Ankle,4616972,1779734591827,0.76,11.02,3.54,-37.0,277.8125,-105.375,-0.52349854,-0.8380127,-0.109069824,-0.10888672
2d,2,Right Ankle,1659000,1779734591842,-9.512121,1.4814924,0.5072784,-3.853362,27.24624,24.217619,76.17702,80.27686,297.33508,0.0
2d,1,Left Ankle,4616988,1779734591863,4.8,12.57,10.97,-45.1875,298.1875,-98.1875,-0.5246582,-0.83203125,-0.12872314,-0.1260376
2d,4,Right Wrist,30619952,1779734591863,18.526928,13.42842,9.8632145,-53.47496,-322.0689,291.00372,-137.82016,-37.51806,208.03922,0.0
2d,1,Left Ankle,4617013,1779734591886,14.67,13.13,-11.51,-64.9375,347.25,-126.4375,-0.52685547,-0.8059082,-0.1986084,-0.18304443
2d,1,Left Ankle,4617028,1779734591887,10.39,16.19,-14.31,-69.3125,308.125,-69.5,-0.5272827,-0.7965698,-0.21588135,-0.20202637
2d,2,Right Ankle,1659060,1779734591893,-9.433158,2.1323402,0.13878371,-8.753363,43.90624,31.217619,76.53101,80.21409,297.68994,0.0
2d,3,Left Wrist,4416995,1779734591898,13.909679,-17.436201,7.5469627,-49.584225,230.1397,169.15923,-100.63553,-25.270048,327.78445,0.0
2d,1,Left Ankle,4617051,1779734591919,9.06,12.28,-25.55,-55.125,150.75,-66.9375,-0.5311279,-0.7734375,-0.25170898,-0.2374878
2d,4,Right Wrist,30620012,1779734591919,7.7472615,17.680466,10.437492,-86.16496,-201.59889,135.88373,-137.86934,-37.457108,208.06042,0.0
2d,1,Left Ankle,4617072,1779734591948,8.98,12.85,-13.51,-39.5625,-12.3125,-60.4375,-0.5350952,-0.76672363,-0.2625122,-0.23846436
2d,2,Right Ankle,1659120,1779734591953,-9.619799,0.8761083,0.23928227,-32.13336,53.706238,40.94762,76.62853,80.27923,297.80075,0.0
2d,1,Left Ankle,4617101,1779734591976,-3.81,-1.72,-2.88,-85.0625,-73.8125,-68.0,-0.5509033,-0.758667,-0.26190186,-0.22869873
2d,1,Left Ankle,4617112,1779734591976,-9.46,6.49,-1.75,-81.3125,-68.0,-22.5625,-0.5667114,-0.7524414,-0.2557373,-0.21740723
2d,4,Right Wrist,30620072,1779734591979,-7.1600237,17.034403,11.71526,-79.44496,-19.318888,-37.856274,-137.91483,-37.468327,208.0826,0.0
2d,3,Left Wrist,4417084,1779734591988,35.916466,-14.895024,11.911471,135.70578,25.3197,-158.30078,-100.56191,-25.371733,327.77457,0.0
2d,1,Left Ankle,4617132,1779734592005,-1.08,13.6,-2.91,-87.25,28.875,-27.5,-0.5783081,-0.74279785,-0.2559204,-0.21966553
2d,2,Right Ankle,1659180,1779734592015,-9.414015,1.9887707,-2.1008983,-42.493362,69.80624,25.127619,77.10262,80.27967,298.28705,0.0
2d,1,Left Ankle,4617157,1779734592042,-1.74,12.4,-1.55,-97.375,79.3125,-3.6875,-0.58758545,-0.7303467,-0.26055908,-0.23120117
2d,1,Left Ankle,4617176,1779734592042,-1.98,10.36,3.71,-112.125,88.9375,-0.5625,-0.5970459,-0.71588135,-0.26513672,-0.24645996
2d,4,Right Wrist,30620132,1779734592042,-4.252744,29.2713,24.516861,-3.21496,201.53111,-193.25627,-137.92241,-37.578197,208.08885,0.0
2d,3,Left Wrist,4417174,1779734592048,12.6390915,-27.950266,24.117258,212.98578,-497.0203,-198.34077,-100.52817,-25.41029,327.95764,0.0
2d,1,Left Ankle,4617195,1779734592079,-4.41,14.9,9.38,-127.875,124.75,64.8125,-0.6044922,-0.7007446,-0.26519775,-0.27069092
2d,1,Left Ankle,4617212,1779734592079,2.52,14.19,8.81,-141.75,268.75,77.9375,-0.6068115,-0.67889404,-0.27227783,-0.31097412
2d,1,Left Ankle,4617235,1779734592096,0.86,8.75,9.01,-137.8125,384.375,68.4375,-0.6017456,-0.6470947,-0.29388428,-0.36444092
2d,4,Right Wrist,30620192,1779734592099,21.508387,29.340693,50.40481,138.67503,413.77112,-344.24628,-137.86195,-37.78682,208.07541,0.0
2d,2,Right Ankle,1659240,1779734592102,-13.800059,1.4527785,-7.570891,-81.76336,81.98624,1.957619,77.58229,80.304565,298.79272,0.0
2d,3,Left Wrist,4417264,1779734592118,-3.428713,-14.189141,30.71188,195.62578,-586.83026,84.94922,-100.51495,-25.336721,328.15842,0.0
2d,1,Left Ankle,4617263,1779734592127,6.49,3.43,-3.95,-149.8125,371.6875,22.125,-0.5951538,-0.60913086,-0.31878662,-0.4161377
2d,1,Left Ankle,4617272,1779734592127,4.05,1.68,-10.59,-117.1875,260.375,-3.9375,-0.59191895,-0.5745239,-0.33880615,-0.45257568
2d,1,Left Ankle,4617292,1779734592156,3.66,5.33,-8.49,-78.75,127.5625,-2.3125,-0.5911255,-0.55322266,-0.3480835,-0.4725952
2d,4,Right Wrist,30620252,1779734592167,53.689453,11.954441,78.398445,105.56504,589.4011,-530.79626,-137.80873,-38.08739,208.06477,0.0
2d,2,Right Ankle,1659299,1779734592168,-15.963172,-5.120305,-4.955536,-334.04337,163.39624,14.137619,77.97179,80.378204,299.30118,0.0
2d,3,Left Wrist,4417325,1779734592169,-1.6053823,-8.221442,27.783064,33.505775,-537.9703,156.90923,-100.549385,-25.245369,328.33606,0.0
2d,1,Left Ankle,4617317,1779734592189,0.31,8.12,1.52,-50.5,28.4375,-2.0625,-0.59399414,-0.54345703,-0.3486328,-0.47991943
2d,1,Left Ankle,4617337,1779734592217,2.9,14.02,5.84,-39.75,45.8125,20.5625,-0.5932617,-0.5360718,-0.34960938,-0.4883423
2d,1,Left Ankle,4617352,1779734592217,3.74,21.85,-0.51,-38.0,61.6875,29.4375,-0.5914917,-0.5291748,-0.3494873,-0.49798584
2d,2,Right Ankle,1659390,1779734592224,-0.95538735,3.7139957,5.5680985,-235.13336,48.666237,12.527618,77.820496,80.34913,299.23593,0.0
2d,3,Left Wrist,4417384,1779734592228,-5.0271187,-2.2417784,22.968704,13.345777,-511.23032,-0.9407768,-100.594955,-25.208204,328.5163,0.0
2d,1,Left Ankle,4617373,1779734592250,0.66,8.35,2.35,-23.9375,83.5,5.9375,-0.58795166,-0.5204468,-0.35369873,-0.5083008
2d,4,Right Wrist,30620312,1779734592250,79.61569,-9.296216,77.42456,-152.17496,1089.1312,-235.74628,-137.68706,-38.45083,207.80356,0.0
2d,1,Left Ankle,4617399,1779734592276,3.77,8.41,4.28,-9.5625,64.9375,15.1875,-0.5835571,-0.51483154,-0.3579712,-0.51605225
2d,1,Left Ankle,4617419,1779734592277,2.03,13.98,1.87,4.75,14.3125,7.1875,-0.5810547,-0.5128174,-0.35986328,-0.5194702
2d,3,Left Wrist,4417445,1779734592292,-6.7499514,-3.8210413,7.166504,114.005775,-330.9103,-62.96078,-100.582016,-25.184813,328.63422,0.0
2d,1,Left Ankle,4617436,1779734592306,1.75,8.4,1.78,15.6875,-2.3125,-15.5625,-0.58117676,-0.5132446,-0.36218262,-0.517334
2d,2,Right Ankle,1659450,1779734592313,-10.084005,-7.374344,5.367101,-175.00336,67.42624,94.63762,77.71672,80.363266,299.19888,0.0
2d,1,Left Ankle,4617464,1779734592340,0.21,7.58,3.13,21.125,-10.5625,-13.0,-0.5812378,-0.5147705,-0.36437988,-0.5142212
2d,1,Left Ankle,4617480,1779734592341,0.73,9.15,0.92,33.0,-38.75,-6.125,-0.5800781,-0.52337646,-0.3649292,-0.50634766
2d,3,Left Wrist,4417504,1779734592352,-12.358727,-13.167405,4.3669014,133.74577,-107.3303,-139.68077,-100.536,-25.179934,328.67596,0.0
2d,1,Left Ankle,4617502,1779734592376,1.77,10.81,1.16,39.9375,-47.3125,-1.4375,-0.57958984,-0.5313721,-0.36376953,-0.49938965
2d,4,Right Wrist,30620476,1779734592376,-13.194721,2.8545372,2.8402805,549.575,147.2111,358.62372,-137.58195,-38.459145,207.81885,0.0
2d,1,Left Ankle,4617522,1779734592401,1.57,9.79,1.38,41.75,-56.4375,-2.6875,-0.5797119,-0.5404053,-0.36169434,-0.4909668
2d,1,Left Ankle,4617536,1779734592401,1.94,10.28,0.8,43.5625,-71.3125,0.9375,-0.5797119,-0.54541016,-0.36010742,-0.4866333
2d,3,Left Wrist,4417565,1779734592409,5.4486585,-18.565615,5.749953,-48.954224,204.7997,-38.74078,-100.46987,-25.194012,328.57913,0.0
2d,1,Left Ankle,4617560,1779734592426,0.95,9.84,0.51,44.875,-78.3125,1.1875,-0.58032227,-0.5615845,-0.35369873,-0.47192383
2d,4,Right Wrist,30620522,1779734592429,5.8353963,-5.369594,-3.9314075,-181.29497,117.95111,289.7437,-137.4977,-38.441406,207.64684,0.0
2d,1,Left Ankle,4617582,1779734592456,0.01,9.32,0.97,39.4375,-82.5,5.25,-0.5810547,-0.57244873,-0.3482666,-0.46191406
2d,1,Left Ankle,4617602,1779734592456,-0.06,9.06,0.3,32.3125,-70.8125,9.9375,-0.5814209,-0.58203125,-0.34277344,-0.45355225
2d,3,Left Wrist,4417625,1779734592476,13.24926,-11.3416815,8.769695,-183.07423,210.11969,86.27922,-100.456184,-25.205254,328.47583,0.0
2d,1,Left Ankle,4617622,1779734592486,0.92,9.89,-0.53,28.1875,-56.3125,18.9375,-0.5805054,-0.5904541,-0.33746338,-0.4477539
2d,4,Right Wrist,30620583,1779734592490,11.013465,10.736496,-4.1228333,-49.554962,7.001112,175.50372,-137.5221,-38.438248,207.61456,0.0
2d,1,Left Ankle,4617642,1779734592520,0.99,9.96,-0.14,23.5625,-46.9375,23.875,-0.5778198,-0.5968628,-0.3340454,-0.44537354
2d,1,Left Ankle,4617670,1779734592551,1.2,9.46,0.26,20.125,-46.6875,24.25,-0.576416,-0.60375977,-0.32855225,-0.44189453
2d,1,Left Ankle,4617688,1779734592551,1.4,9.59,0.5,19.8125,-36.1875,25.375,-0.5742798,-0.6095581,-0.32434082,-0.4397583
2d,1,Left Ankle,4617706,1779734592579,1.09,9.78,0.68,16.3125,-40.125,26.4375,-0.5726929,-0.61553955,-0.31921387,-0.4373169
2d,1,Left Ankle,4617727,1779734592606,1.41,9.56,0.02,17.6875,-40.8125,26.625,-0.57110596,-0.62158203,-0.3137207,-0.43481445
2d,1,Left Ankle,4617751,1779734592608,0.59,9.66,-0.3,17.5,-35.0,34.1875,-0.56781006,-0.63067627,-0.3053589,-0.43200684
2d,4,Right Wrist,30620642,1779734592609,11.743276,0.571784,-3.464807,53.20504,-16.098888,111.59373,-137.5084,-38.462795,207.59805,0.0
2d,2,Right Ankle,1659510,1779734592613,-1.2544901,12.431049,1.6414763,-31.923363,3.1662402,51.027622,77.763214,80.28896,299.25656,0.0
2d,1,Left Ankle,4617773,1779734592638,1.64,9.68,-0.41,18.25,-29.75,35.375,-0.56433105,-0.6362915,-0.30010986,-0.43188477
2d,3,Left Wrist,4417685,1779734592647,16.388643,-14.41646,9.499506,-179.92422,197.0297,139.26923,-100.44198,-25.199486,328.3738,0.0
2d,1,Left Ankle,4617792,1779734592666,0.99,9.54,-0.78,19.5,-11.4375,48.875,-0.55944824,-0.6414795,-0.29516602,-0.434021
2d,1,Left Ankle,4617812,1779734592667,1.47,9.61,-0.69,20.5625,-0.875,56.1875,-0.55340576,-0.6463623,-0.2904663,-0.43780518
2d,2,Right Ankle,1659807,1779734592673,-1.2520974,-4.8905945,-4.998606,103.73664,-25.53376,-49.70238,78.06838,80.22541,299.517,0.0
2d,1,Left Ankle,4617833,1779734592696,2.33,9.36,-0.3,21.4375,-1.75,59.125,-0.5462036,-0.6508179,-0.28637695,-0.44281006
2d,3,Left Wrist,4417848,1779734592709,14.445672,-13.705791,4.546363,-78.07423,30.219698,119.179214,-100.41436,-25.190075,328.25928,0.0
2d,1,Left Ankle,4617855,1779734592735,1.44,9.38,0.21,26.875,-2.3125,64.375,-0.5388794,-0.6563721,-0.28112793,-0.4468994
2d,4,Right Wrist,30620806,1779734592736,6.928916,-2.7566316,0.6221339,-42.484962,-52.498886,11.843728,-137.46973,-38.50825,207.57439,0.0
2d,2,Right Ankle,1659900,1779734592746,-7.911323,-2.5934844,1.2203395,-170.59335,-9.15376,-205.52238,77.72633,80.3561,299.23547,0.0
2d,1,Left Ankle,4617876,1779734592760,2.11,9.76,-0.26,35.75,10.1875,69.25,-0.52960205,-0.6621094,-0.2765503,-0.4524536
2d,1,Left Ankle,4617893,1779734592760,2.84,9.89,0.2,44.0,20.625,74.3125,-0.5187988,-0.6680908,-0.272583,-0.4584961
2d,3,Left Wrist,4417924,1779734592767,11.959529,-10.820047,1.9022939,-71.354225,7.679699,122.81923,-100.401886,-25.197857,328.23395,0.0
2d,1,Left Ankle,4617920,1779734592786,3.52,9.27,-0.74,45.875,25.625,77.0625,-0.5065918,-0.67370605,-0.26965332,-0.46557617
2d,4,Right Wrist,30620928,1779734592789,3.772783,-3.0030923,0.016749758,18.765041,1.751112,-39.606274,-137.41844,-38.57176,207.55724,0.0
2d,2,Right Ankle,1659959,1779734592792,-13.352602,19.063953,8.216953,-90.23336,-36.10376,-93.03239,77.50719,80.32872,299.04727,0.0
2d,1,Left Ankle,4617939,1779734592820,3.47,10.28,1.31,42.8125,6.375,80.625,-0.4942627,-0.6799927,-0.26513672,-0.472229
2d,1,Left Ankle,4617959,1779734592820,2.26,11.89,0.92,32.875,-25.9375,81.25,-0.48443604,-0.6878662,-0.25720215,-0.4753418
2d,3,Left Wrist,4417985,1779734592828,11.291932,-9.54228,1.4333007,8.165776,1.7996993,113.08922,-100.36642,-25.212091,328.21304,0.0
2d,1,Left Ankle,4617978,1779734592846,-0.17,13.02,-1.64,27.8125,-22.3125,73.875,-0.4761963,-0.69573975,-0.24822998,-0.47711182
2d,4,Right Wrist,30620947,1779734592850,3.516751,-2.7973096,-0.31585258,26.18504,14.631111,-43.94627,-137.3678,-38.6147,207.53748,0.0
2d,2,Right Ankle,1660020,1779734592853,-11.627377,-6.9890995,-15.2063875,67.26664,-53.53376,-0.91238093,77.74589,80.37318,299.25638,0.0
2d,1,Left Ankle,4618003,1779734592877,-1.31,11.44,-1.0,30.0625,68.0625,68.75,-0.4605713,-0.6990967,-0.24353027,-0.4897461
2d,1,Left Ankle,4618020,1779734592878,-0.51,11.84,-0.89,35.75,124.1875,52.4375,-0.44702148,-0.6947632,-0.24822998,-0.5058594
2d,3,Left Wrist,4418044,1779734592889,9.004394,-10.970796,0.89013004,9.915776,-20.5303,73.74922,-100.32491,-25.230484,328.19904,0.0
2d,1,Left Ankle,4618043,1779734592915,0.91,10.75,-0.26,38.25,171.1875,40.3125,-0.43206787,-0.68548584,-0.25830078,-0.526062
2d,4,Right Wrist,30621002,1779734592915,6.112964,1.4643068,0.32063824,39.765038,40.391113,-27.496271,-137.36092,-38.676834,207.53989,0.0
2d,2,Right Ankle,1660080,1779734592915,-7.6505055,8.999742,1.0097711,83.576645,-81.81376,-2.592381,77.659966,80.299355,299.1382,0.0
2d,1,Left Ankle,4618064,1779734592936,1.65,11.01,0.61,36.0625,206.375,34.0625,-0.41571045,-0.6716919,-0.27178955,-0.5496826
2d,3,Left Wrist,4418105,1779734592952,7.449058,-12.004495,-2.9359932,30.005777,-57.630302,26.849222,-100.358665,-25.282425,328.23428,0.0
2d,1,Left Ankle,4618084,1779734592975,1.32,11.13,0.97,34.6875,220.3125,23.9375,-0.4074707,-0.66308594,-0.27978516,-0.5621338
2d,1,Left Ankle,4618105,1779734592975,-2.94,11.06,2.3,20.125,248.9375,-19.4375,-0.38531494,-0.6295166,-0.30633545,-0.6011963
2d,4,Right Wrist,30621062,1779734592975,7.8908305,4.2519455,0.9619147,97.37504,53.83111,-19.096272,-137.33592,-38.735695,207.5394,0.0
2d,2,Right Ankle,1660140,1779734592975,-9.320695,4.11599,2.8259234,-45.223362,-33.86376,-10.712381,77.392166,80.25196,298.88773,0.0
2d,1,Left Ankle,4618124,1779734593002,3.19,11.85,-3.9,36.1875,192.5625,-51.25,-0.37506104,-0.6074829,-0.32788086,-0.6187134
2d,1,Left Ankle,4618140,1779734593002,1.84,11.23,-1.0,27.0625,92.3125,-92.25,-0.37451172,-0.5928345,-0.34576416,-0.62353516
2d,3,Left Wrist,4418165,1779734593008,4.783454,-13.05973,-5.0177493,45.615776,-49.4403,43.29922,-100.40648,-25.233627,328.27435,0.0
2d,1,Left Ankle,4618161,1779734593026,-0.43,10.87,-0.13,17.0,22.6875,-120.5625,-0.3821411,-0.5834961,-0.36120605,-0.6188965
2d,2,Right Ankle,1660200,1779734593032,-9.31591,1.2326387,2.4909284,-20.793362,-8.73376,-28.562382,77.05412,80.25737,298.56088,0.0
2d,1,Left Ankle,4618185,1779734593056,-1.14,11.47,-1.55,15.25,8.75,-137.0,-0.39471436,-0.5755615,-0.3756714,-0.6097412
2d,1,Left Ankle,4618203,1779734593057,-1.65,11.57,-1.13,19.9375,12.0,-168.3125,-0.40863037,-0.56555176,-0.39367676,-0.59851074
2d,3,Left Wrist,4418225,1779734593068,5.5276217,-14.21307,-4.8765726,-50.634224,-66.6603,77.87922,-100.48888,-25.172169,328.31818,0.0
2d,1,Left Ankle,4618224,1779734593087,-1.25,11.73,-1.59,24.6875,40.75,-172.1875,-0.42144775,-0.552124,-0.41461182,-0.58795166
2d,4,Right Wrist,30621123,1779734593089,7.0724854,0.533499,0.50488555,110.32504,55.861115,-23.856272,-137.29218,-38.801556,207.5306,0.0
2d,2,Right Ankle,1660259,1779734593100,-9.160376,2.1490898,1.5290138,-1.2633619,-4.6737595,-44.45238,76.77765,80.23684,298.28793,0.0
2d,1,Left Ankle,4618247,1779734593116,-1.38,11.68,-1.06,33.8125,73.5625,-177.3125,-0.43121338,-0.5352783,-0.43841553,-0.5790405
2d,1,Left Ankle,4618267,1779734593127,0.1,10.77,-2.0,43.9375,101.3125,-174.4375,-0.4373169,-0.5157471,-0.46502686,-0.57141113
2d,3,Left Wrist,4418285,1779734593130,5.5826564,-10.042379,-4.1587257,-81.08423,-120.8403,104.61922,-100.59613,-25.14184,328.38324,0.0
2d,1,Left Ankle,4618280,1779734593146,0.3,10.79,-2.19,47.9375,111.75,-172.375,-0.44006348,-0.49456787,-0.49298096,-0.56451416
2d,2,Right Ankle,1660320,1779734593153,-8.973736,1.6226689,0.7130611,-6.6533623,-7.3337593,-42.562378,76.46754,80.22236,297.98358,0.0
2d,1,Left Ankle,4618323,1779734593177,2.65,9.61,-0.61,61.1875,122.75,-161.4375,-0.43969727,-0.45092773,-0.5491333,-0.54937744
2d,1,Left Ankle,4618304,1779734593177,2.01,9.95,-1.52,59.0,126.1875,-167.0625,-0.44036865,-0.47277832,-0.5214844,-0.55737305
2d,3,Left Wrist,4418344,1779734593188,4.965309,-7.300205,-2.6703901,-1.9842235,-136.7303,128.83922,-100.66784,-25.135044,328.4484,0.0
2d,1,Left Ankle,4618353,1779734593205,4.7,8.31,0.59,48.375,106.625,-153.5,-0.4395752,-0.42974854,-0.57385254,-0.54107666
2d,2,Right Ankle,1660379,1779734593226,-9.040735,0.43343607,1.2777673,-24.363363,-6.98376,-15.752382,76.14433,80.26278,297.67282,0.0
2d,1,Left Ankle,4618371,1779734593238,4.45,7.27,1.92,35.625,98.25,-129.375,-0.43933105,-0.4102173,-0.5944214,-0.5342407
2d,1,Left Ankle,4618385,1779734593238,5.04,7.38,2.5,19.25,99.5625,-108.375,-0.43841553,-0.39208984,-0.61120605,-0.5296631
2d,4,Right Wrist,30621286,1779734593239,5.27069,-2.471886,-0.66759753,151.13504,100.94112,-14.126272,-137.15308,-38.948162,207.461,0.0
2d,3,Left Wrist,4418405,1779734593248,3.1036925,-8.479867,-1.6079768,15.375776,-122.3803,155.64922,-100.67841,-24.998167,328.48404,0.0
2d,1,Left Ankle,4618414,1779734593296,4.1,7.36,3.44,5.8125,115.6875,-76.5625,-0.42956543,-0.36486816,-0.63238525,-0.5314331
2d,1,Left Ankle,4618432,1779734593297,3.52,7.67,3.65,-3.5625,176.125,-34.0625,-0.41558838,-0.34558105,-0.64630127,-0.53863525
2d,4,Right Wrist,30621436,1779734593298,7.4744797,-2.4168508,-1.5792629,65.59504,43.401115,15.9037285,-137.00764,-39.073936,207.39098,0.0
2d,2,Right Ankle,1660440,1779734593312,-9.124484,0.8880724,1.5601203,-28.493362,-7.1237593,-4.692381,75.803474,80.27688,297.3462,0.0
2d,3,Left Wrist,4418464,1779734593312,2.2805612,-9.09243,-0.9834501,-3.1742234,-88.4303,173.91922,-100.65964,-24.86794,328.49295,0.0
2d,1,Left Ankle,4618453,1779734593327,4.02,7.35,3.57,-5.9375,195.125,-21.875,-0.39508057,-0.32470703,-0.6604614,-0.5498047
2d,1,Left Ankle,4618471,1779734593328,3.64,7.63,4.37,-18.4375,230.0625,13.0625,-0.3696289,-0.3032837,-0.67315674,-0.56414795
2d,1,Left Ankle,4618495,1779734593363,2.61,7.92,4.69,-30.25,233.4375,30.25,-0.34161377,-0.28216553,-0.68322754,-0.58044434
2d,4,Right Wrist,30621455,1779734593363,7.62762,-2.043571,-1.7036898,58.45504,36.331112,19.333727,-136.9707,-39.133,207.36998,0.0
2d,1,Left Ankle,4618515,1779734593393,1.0,8.67,4.34,-41.375,229.375,41.625,-0.31274414,-0.26159668,-0.6903076,-0.59765625
2d,3,Left Wrist,4418525,1779734593398,2.7591264,-9.116358,-0.70588267,-51.474224,-66.8703,159.63922,-100.64107,-24.757702,328.48907,0.0
2d,1,Left Ankle,4618538,1779734593421,-0.27,9.09,3.96,-50.0,222.0625,45.0625,-0.28405762,-0.24151611,-0.6947632,-0.61505127
2d,1,Left Ankle,4618559,1779734593421,0.94,8.89,3.02,-55.4375,218.0625,44.9375,-0.2557373,-0.22113037,-0.69732666,-0.63201904
2d,2,Right Ankle,1660500,1779734593423,-9.14602,0.83303744,2.0051854,-32.55336,0.9962402,-0.77238107,75.48212,80.28508,297.04065,0.0
2d,1,Left Ankle,4618578,1779734593448,1.54,8.39,2.68,-59.0625,208.0,54.3125,-0.22723389,-0.20196533,-0.697876,-0.64849854
2d,1,Left Ankle,4618594,1779734593448,-1.74,9.4,-0.68,-60.6875,198.25,74.875,-0.19799805,-0.18579102,-0.6960449,-0.66467285
2d,3,Left Wrist,4418584,1779734593458,2.9577305,-8.867503,-0.782453,-52.664223,-59.6603,134.01923,-100.619995,-24.659712,328.4833,0.0
2d,1,Left Ankle,4618619,1779734593476,2.77,11.23,3.9,-53.1875,136.5625,92.3125,-0.1665039,-0.17596436,-0.68743896,-0.6846924
2d,4,Right Wrist,30621512,1779734593479,7.0796638,-2.2134612,-2.143969,53.34504,34.72111,21.363728,-136.93767,-39.19373,207.35023,0.0
2d,2,Right Ankle,1660693,1779734593488,-9.296767,0.56982696,1.0815558,-18.063362,30.81624,-4.412381,74.95483,80.33562,296.53882,0.0
2d,1,Left Ankle,4618636,1779734593515,-1.61,19.07,4.57,-70.875,-4.8125,85.8125,-0.16339111,-0.1807251,-0.68182373,-0.6897583
2d,3,Left Wrist,4418674,1779734593528,1.5435721,-9.530316,-0.8781659,-117.20422,-77.9303,61.98922,-100.646126,-24.56746,328.4978,0.0
2d,1,Left Ankle,4618658,1779734593537,22.21,26.81,3.58,-45.1875,-114.75,-54.375,-0.17462158,-0.18890381,-0.6732788,-0.69317627
2d,1,Left Ankle,4618675,1779734593537,-6.26,8.01,1.7,-57.625,-62.3125,42.0,-0.18560791,-0.19799805,-0.66400146,-0.69677734
2d,4,Right Wrist,30621675,1779734593576,6.8140607,-1.9215368,-1.8113667,101.92504,97.931114,1.833728,-136.84416,-39.347084,207.29445,0.0
2d,1,Left Ankle,4618700,1779734593576,-5.86,5.38,0.4,-18.6875,17.6875,-18.0,-0.18615723,-0.19891357,-0.66064453,-0.6995239
2d,3,Left Wrist,4418735,1779734593578,-0.08833295,-8.183157,-0.67477596,-114.33423,-64.5603,43.089222,-100.67673,-24.480902,328.5115,0.0
2d,1,Left Ankle,4618723,1779734593597,6.95,8.98,-0.33,-16.625,-17.75,-28.5625,-0.19580078,-0.19671631,-0.657959,-0.70007324
2d,1,Left Ankle,4618738,1779734593597,0.58,10.16,0.19,-25.25,-79.125,-24.625,-0.2041626,-0.20153809,-0.65496826,-0.6990967
2d,2,Right Ankle,1660712,1779734593604,-9.677226,0.42865044,1.4596218,-10.713362,35.64624,-2.1023812,74.71677,80.37253,296.30975,0.0
2d,1,Left Ankle,4618761,1779734593626,-1.91,10.47,1.24,-19.25,-23.6875,-40.25,-0.22064209,-0.20355225,-0.6500244,-0.6980591
2d,4,Right Wrist,30621694,1779734593629,7.6443696,-1.9263223,-1.6223338,107.94504,95.27111,2.883728,-136.78235,-39.424973,207.26097,0.0
2d,3,Left Wrist,4418794,1779734593637,3.476973,-7.7093773,0.2512464,-140.09422,-46.500298,26.149221,-100.676285,-24.470259,328.50403,0.0
2d,1,Left Ankle,4618783,1779734593657,-0.5,9.44,2.32,-15.8125,2.3125,-38.5625,-0.22680664,-0.19989014,-0.649292,-0.69781494
2d,1,Left Ankle,4618806,1779734593659,0.55,10.36,1.03,-10.0625,20.5,-38.3125,-0.22998047,-0.19299316,-0.65026855,-0.697876
2d,1,Left Ankle,4618822,1779734593692,1.29,9.98,0.91,-9.5625,4.1875,-45.625,-0.23590088,-0.18774414,-0.6505127,-0.69714355
2d,4,Right Wrist,30621782,1779734593692,9.4413805,-4.240182,-1.8759729,95.76504,57.821114,-61.44627,-136.72583,-39.502445,207.24768,0.0
2d,3,Left Wrist,4418855,1779734593698,0.99083006,-8.118551,1.2418749,-33.204224,-22.2103,3.7492218,-100.64559,-24.432344,328.49326,0.0
2d,1,Left Ankle,4618838,1779734593715,-1.2,10.23,1.53,-9.4375,-13.625,-44.125,-0.2409668,-0.18737793,-0.64990234,-0.6959839
2d,1,Left Ankle,4618865,1779734593751,-1.76,10.21,1.3,-5.0,-3.6875,-38.375,-0.24859619,-0.18151855,-0.6505127,-0.6942749
2d,1,Left Ankle,4618878,1779734593751,-0.97,10.04,0.59,-2.375,4.5,-29.8125,-0.2501831,-0.17956543,-0.65093994,-0.69384766
2d,4,Right Wrist,30621842,1779734593752,11.585349,-4.8216376,-2.28036,46.48504,9.451112,-56.476273,-136.69801,-39.567677,207.24963,0.0
2d,3,Left Wrist,4418915,1779734593759,1.9958155,-6.8264265,1.7515461,58.635777,-16.2603,-17.04078,-100.57652,-24.424152,328.47925,0.0
2d,1,Left Ankle,4618902,1779734593781,-1.04,9.74,1.15,-2.3125,-4.125,-18.9375,-0.25439453,-0.17596436,-0.6514282,-0.692749
2d,1,Left Ankle,4618922,1779734593792,-1.52,9.55,1.19,-1.6875,-2.0625,-10.5625,-0.2562256,-0.17492676,-0.65148926,-0.6923218
2d,2,Right Ankle,1660874,1779734593792,-11.94323,-0.861081,1.8975083,-29.053362,55.94624,75.10762,74.927376,80.449425,296.5273,0.0
2d,1,Left Ankle,4618947,1779734593810,-1.02,9.86,1.11,-0.6875,3.6875,-2.375,-0.25738525,-0.17492676,-0.6513672,-0.6920166
2d,4,Right Wrist,30621902,1779734593810,11.98495,-5.5083776,-3.5700915,13.51504,-21.138887,-66.206276,-136.69101,-39.630337,207.26505,0.0
2d,3,Left Wrist,4418974,1779734593818,2.49113,-8.688043,3.0293133,41.485775,-32.0103,-42.52078,-100.5176,-24.426275,328.47336,0.0
2d,1,Left Ankle,4618965,1779734593840,-0.85,9.83,1.1,0.1875,4.6875,2.875,-0.25665283,-0.17449951,-0.6515503,-0.6921997
2d,1,Left Ankle,4618984,1779734593841,-0.73,9.65,1.04,0.625,6.5,5.5,-0.25616455,-0.1751709,-0.65148926,-0.6923218
2d,2,Right Ankle,1660997,1779734593844,-7.076228,-3.031371,4.1491547,-181.58336,17.02624,48.50762,74.47854,80.464096,296.16782,0.0
2d,1,Left Ankle,4619005,1779734593865,-0.58,10.12,0.79,1.625,11.25,5.625,-0.25439453,-0.17468262,-0.65185547,-0.692688
2d,4,Right Wrist,30621962,1779734593880,10.716754,-5.235596,-4.6875396,-1.3949599,-15.608889,-54.37627,-136.69418,-39.69766,207.28029,0.0
2d,3,Left Wrist,4419035,1779734593891,3.2352977,-7.8840537,3.1250265,-69.604225,-39.430298,-87.11078,-100.49973,-24.453423,328.4733,0.0
2d,1,Left Ankle,4619024,1779734593899,-0.3,9.72,1.24,2.875,9.625,2.5,-0.25280762,-0.1739502,-0.65252686,-0.6928711
2d,2,Right Ankle,1661070,1779734593904,-7.116906,-3.2706535,5.1780677,-193.76335,2.2562404,-37.80238,74.12269,80.49927,295.88312,0.0
2d,1,Left Ankle,4619052,1779734593930,-0.84,9.15,1.18,3.1875,10.0,0.625,-0.25305176,-0.17449951,-0.65289307,-0.69226074
2d,1,Left Ankle,4619070,1779734593930,-0.62,9.71,1.47,5.5625,15.375,-0.0625,-0.25042725,-0.17211914,-0.6548462,-0.6920166
2d,4,Right Wrist,30622022,1779734593931,8.12772,-5.2954164,-4.3501515,-4.75496,-4.198889,-54.30627,-136.67729,-39.76175,207.27982,0.0
2d,3,Left Wrist,4419094,1779734593937,3.1850488,-7.6830564,2.4478576,-168.02423,1.4496994,-128.41078,-100.510025,-24.497074,328.46027,0.0
2d,1,Left Ankle,4619085,1779734593956,-0.45,9.45,1.18,7.4375,16.625,-1.4375,-0.2506714,-0.17236328,-0.6553345,-0.6913452
2d,1,Left Ankle,4619110,1779734593991,-0.84,9.55,0.61,7.5,15.4375,-1.625,-0.24798584,-0.16986084,-0.65753174,-0.69085693
2d,1,Left Ankle,4619129,1779734593991,-0.62,9.81,0.94,8.5,18.25,-3.4375,-0.24645996,-0.16778564,-0.6594238,-0.6901245
2d,4,Right Wrist,30622083,1779734593993,6.0866427,-4.9963136,-4.3070807,-0.20495987,8.331112,-52.836273,-136.62718,-39.809017,207.2565,0.0
2d,2,Right Ankle,1661129,1779734594002,-8.562171,-1.3635737,5.180461,-214.20335,6.24624,-83.93238,73.719185,80.53959,295.55792,0.0
2d,3,Left Wrist,4419155,1779734594003,2.950552,-10.025631,0.72023964,-324.4742,113.3797,-137.93077,-100.55757,-24.526525,328.40555,0.0
2d,1,Left Ankle,4619152,1779734594030,-0.39,9.79,1.09,9.5,20.1875,-7.3125,-0.24487305,-0.16491699,-0.6616211,-0.68927
2d,1,Left Ankle,4619170,1779734594048,-0.25,9.71,0.8,12.6875,18.5625,-14.1875,-0.24389648,-0.16168213,-0.6641846,-0.68792725
2d,1,Left Ankle,4619188,1779734594051,-0.45,9.82,1.13,13.875,16.9375,-16.25,-0.24450684,-0.16082764,-0.6654053,-0.68670654
2d,4,Right Wrist,30622142,1779734594051,4.260919,-3.7185466,-3.0795627,0.84503984,26.18111,-46.746273,-136.5616,-39.84559,207.21896,0.0
2d,3,Left Wrist,4419214,1779734594060,4.5393863,-8.970396,-5.0009995,-355.90424,199.61969,-47.910778,-100.71656,-24.557377,328.36053,0.0
2d,1,Left Ankle,4619209,1779734594083,-0.88,9.47,1.36,16.25,15.5625,-18.875,-0.2442627,-0.15789795,-0.6678467,-0.6851196
2d,1,Left Ankle,4619226,1779734594083,-1.2,9.81,0.95,19.625,18.625,-18.3125,-0.24389648,-0.15447998,-0.67126465,-0.6826782
2d,2,Right Ankle,1661190,1779734594093,-8.818203,-0.66247666,5.4987063,-223.72336,-4.1837597,-117.882385,73.26801,80.58337,295.18774,0.0
2d,1,Left Ankle,4619251,1779734594108,-1.07,9.89,0.8,22.4375,18.3125,-17.375,-0.24334717,-0.15020752,-0.67681885,-0.6783447
2d,4,Right Wrist,30622202,1779734594108,3.9689944,-2.5867414,-3.1800613,24.575039,43.471115,-54.02627,-136.6133,-39.930862,207.26012,0.0
2d,3,Left Wrist,4419275,1779734594118,11.057435,-4.1129656,-9.84168,-54.694225,156.14969,2.7692223,-100.77353,-24.615145,328.32742,0.0
2d,1,Left Ankle,4619273,1779734594145,-0.89,10.6,1.0,23.8125,17.0625,-16.9375,-0.24273682,-0.14709473,-0.6807251,-0.675354
2d,2,Right Ankle,1661280,1779734594146,-10.789888,5.3674364,3.3427732,-343.5634,1.8362402,-110.39238,72.95371,80.56503,294.9944,0.0
2d,1,Left Ankle,4619291,1779734594169,-1.22,10.2,0.59,25.0,25.875,-25.0,-0.24212646,-0.1428833,-0.68499756,-0.67211914
2d,1,Left Ankle,4619314,1779734594171,-0.36,11.21,0.23,26.8125,29.0,-28.125,-0.24176025,-0.14013672,-0.68743896,-0.6703491
2d,4,Right Wrist,30622262,1779734594171,3.2511477,-2.816452,-2.7349963,33.535038,65.73111,-68.096275,-136.5205,-39.954613,207.20921,0.0
2d,3,Left Wrist,4419334,1779734594178,14.481564,-11.346468,-11.949757,60.525776,71.5197,-12.140778,-100.80283,-24.667967,328.3269,0.0
2d,1,Left Ankle,4619326,1779734594199,0.06,13.51,1.45,31.125,30.0,-33.25,-0.2411499,-0.13415527,-0.69281006,-0.66619873
2d,1,Left Ankle,4619350,1779734594230,-1.41,13.5,4.41,26.5625,31.9375,-39.0625,-0.24163818,-0.12414551,-0.7003174,-0.6600952
2d,1,Left Ankle,4619371,1779734594231,-0.9,11.99,4.55,16.1875,90.4375,-45.9375,-0.23724365,-0.110839844,-0.70599365,-0.65802
2d,4,Right Wrist,30622322,1779734594231,3.5813575,-2.553242,-2.4837499,7.6350403,85.05112,-73.69627,-136.49248,-40.05237,207.19157,0.0
2d,3,Left Wrist,4419395,1779734594244,14.242282,-6.8886395,-9.312866,-45.594223,36.5197,-33.21078,-100.867035,-24.739304,328.33768,0.0
2d,1,Left Ankle,4619386,1779734594255,-2.1,13.04,0.91,19.0625,115.9375,-39.0,-0.23260498,-0.1027832,-0.70965576,-0.65704346
2d,1,Left Ankle,4619410,1779734594288,-0.11,12.8,0.19,17.625,140.5625,-48.5,-0.21508789,-0.072387695,-0.72180176,-0.6538086
2d,1,Left Ankle,4619431,1779734594290,-0.43,11.07,0.55,12.875,130.4375,-42.625,-0.20367432,-0.052978516,-0.72857666,-0.65185547
2d,4,Right Wrist,30622382,1779734594291,5.387938,1.0838486,-1.7012969,-46.26496,100.31111,-29.87627,-136.5301,-40.137638,207.19273,0.0
2d,2,Right Ankle,1661473,1779734594294,-11.077028,0.28986672,1.8520448,-97.86336,-51.50376,20.367619,72.42227,80.48519,294.56927,0.0
2d,3,Left Wrist,4419455,1779734594305,14.067607,-6.3765755,-8.252846,48.975777,22.7297,-50.64078,-100.89676,-24.819231,328.35324,0.0
2d,1,Left Ankle,4619451,1779734594321,-1.83,8.78,1.65,4.0625,129.5,-37.0625,-0.19195557,-0.034484863,-0.7338867,-0.6506958
2d,1,Left Ankle,4619471,1779734594352,-2.46,6.7,2.78,-10.4375,144.9375,-22.5625,-0.17755127,-0.015319824,-0.73760986,-0.65130615
2d,4,Right Wrist,30622442,1779734594352,7.807082,3.2732818,-0.62931234,-10.21496,110.111115,-20.566273,-136.5394,-40.216366,207.18019,0.0
2d,3,Left Wrist,4419514,1779734594358,16.005793,-6.5871444,-7.838887,-16.264223,7.7496996,-26.140781,-100.943596,-24.894163,328.3697,0.0
2d,1,Left Ankle,4619495,1779734594381,-2.89,6.92,3.28,-18.625,156.1875,-8.1875,-0.15960693,0.0032348633,-0.7402344,-0.6531372
2d,1,Left Ankle,4619519,1779734594381,-1.21,5.72,4.07,-28.0625,163.25,5.625,-0.13903809,0.02154541,-0.7414551,-0.6560669
2d,1,Left Ankle,4619538,1779734594406,1.72,6.31,2.62,-37.3125,171.125,20.875,-0.11602783,0.038879395,-0.74121094,-0.6600342
2d,4,Right Wrist,30622502,1779734594409,6.392924,0.42103696,0.18185452,55.79504,111.791115,-63.12627,-136.51291,-40.3076,207.16736,0.0
2d,2,Right Ankle,1661595,1779734594414,-9.284803,0.9407145,1.4620147,6.506638,-17.83376,-7.212381,71.81844,80.43681,293.98575,0.0
2d,3,Left Wrist,4419575,1779734594419,14.098713,-4.2015,-6.326623,37.915775,-17.8003,22.929222,-100.970215,-24.951748,328.39066,0.0
2d,1,Left Ankle,4619563,1779734594440,0.99,5.31,2.58,-49.8125,215.0625,49.3125,-0.0715332,0.066345215,-0.73864746,-0.6669922
2d,1,Left Ankle,4619578,1779734594441,0.5,6.44,2.61,-52.5,225.4375,53.3125,-0.054138184,0.076049805,-0.7371826,-0.66918945
2d,1,Left Ankle,4619605,1779734594469,0.94,6.45,1.98,-59.625,236.4375,63.125,0.0018920898,0.10491943,-0.73010254,-0.67523193
2d,4,Right Wrist,30622562,1779734594471,3.8972096,-0.3111673,1.8233309,24.715038,102.13111,-70.75628,-136.48006,-40.385735,207.14664,0.0
2d,3,Left Wrist,4419634,1779734594490,13.3665085,-7.175779,-6.355337,-38.174225,-9.820301,61.009224,-101.02421,-24.996029,328.4072,0.0
2d,1,Left Ankle,4619623,1779734594497,-0.67,8.12,0.81,-69.875,234.1875,66.5625,0.040161133,0.123168945,-0.72283936,-0.678772
2d,1,Left Ankle,4619639,1779734594498,-0.51,7.88,0.65,-72.0625,231.9375,66.125,0.05883789,0.13214111,-0.7184448,-0.6803589
2d,1,Left Ankle,4619664,1779734594543,-0.52,8.85,0.0,-75.0,224.5,66.9375,0.11352539,0.15734863,-0.70306396,-0.68414307
2d,4,Right Wrist,30622623,1779734594543,2.7654047,1.1891327,2.3042881,31.99504,88.34111,-92.806274,-136.4629,-40.46131,207.14447,0.0
2d,2,Right Ankle,1661614,1779734594543,-9.105342,-1.1817192,2.199004,13.576637,-13.56376,-4.622381,71.50165,80.47486,293.66782,0.0
2d,3,Left Wrist,4419695,1779734594543,12.430915,-3.9406824,-6.4773707,-29.634224,3.5496998,85.50922,-101.07497,-25.031233,328.418,0.0
2d,1,Left Ankle,4619682,1779734594557,-0.43,9.93,-1.23,-70.375,211.875,58.4375,0.14758301,0.17346191,-0.6917114,-0.68530273
2d,1,Left Ankle,4619711,1779734594596,-0.13,10.17,-2.21,-59.875,206.6875,52.25,0.1798706,0.18951416,-0.6803589,-0.6847534
2d,1,Left Ankle,4619722,1779734594597,0.69,10.35,-3.32,-47.8125,194.875,46.25,0.2097168,0.20532227,-0.66955566,-0.682312
2d,4,Right Wrist,30622682,1779734594597,2.8802602,-0.07188509,2.3066812,88.41504,93.31111,-99.03628,-136.41443,-40.53854,207.13503,0.0
2d,3,Left Wrist,4419754,1779734594598,14.651455,-5.407482,-7.003792,-43.564224,4.5296993,79.83922,-101.12752,-25.07006,328.42758,0.0
2d,1,Left Ankle,4619750,1779734594624,2.11,10.12,-4.2,-36.5625,169.1875,37.75,0.23583984,0.22003174,-0.659729,-0.678772
2d,2,Right Ankle,1661803,1779734594624,-9.174733,0.0673342,2.062613,-12.673363,-5.02376,28.837618,70.872665,80.51722,293.05322,0.0
2d,1,Left Ankle,4619770,1779734594646,3.88,10.78,-5.2,-27.5,122.5625,32.625,0.26330566,0.23382568,-0.649292,-0.67407227
2d,1,Left Ankle,4619789,1779734594648,7.26,10.93,-7.5,-11.0,65.625,31.75,0.2695923,0.23620605,-0.647583,-0.6724243
2d,4,Right Wrist,30622742,1779734594649,4.0288153,-2.239782,1.8161523,62.23504,110.041115,-48.356274,-136.344,-40.606068,207.09251,0.0
2d,3,Left Wrist,4419815,1779734594658,16.082363,-2.4355967,-6.9870424,-37.824223,-16.4703,61.84922,-101.17719,-25.113617,328.4444,0.0
2d,1,Left Ankle,4619809,1779734594676,9.44,11.76,-5.7,1.625,-3.5625,45.25,0.27575684,0.23345947,-0.6485596,-0.6699829
2d,1,Left Ankle,4619824,1779734594677,5.09,12.03,-1.06,-7.875,-71.9375,66.0,0.2769165,0.22027588,-0.65301514,-0.66955566
2d,2,Right Ankle,1661822,1779734594683,-8.918701,0.44300738,1.9573289,-13.023362,-5.23376,27.297619,70.55003,80.52085,292.7397,0.0
2d,1,Left Ankle,4619849,1779734594718,-0.75,14.99,-0.27,-20.0,-108.0625,45.625,0.27252197,0.20172119,-0.65771484,-0.6726074
2d,4,Right Wrist,30622802,1779734594718,5.2778687,-0.95483637,0.95473623,23.59504,129.4311,-18.326271,-136.29457,-40.684704,207.04549,0.0
2d,3,Left Wrist,4419875,1779734594730,15.926828,-3.823434,-6.8602223,-49.514225,-21.3703,39.65922,-101.232635,-25.165298,328.46478,0.0
2d,1,Left Ankle,4619870,1779734594737,-0.18,13.37,-1.9,-10.25,-89.25,6.4375,0.2635498,0.18847656,-0.66119385,-0.67663574
2d,2,Right Ankle,1661910,1779734594744,-9.224983,0.2659385,2.172683,-6.6533623,-3.4137597,14.137619,70.2251,80.53083,292.42154,0.0
2d,1,Left Ankle,4619889,1779734594776,1.82,9.44,0.51,-6.0,-41.0,0.125,0.25750732,0.18139648,-0.66278076,-0.6793213
2d,4,Right Wrist,30622862,1779734594776,7.8501525,2.1127627,-0.11006984,39.20504,123.41111,-9.786272,-136.27193,-40.765503,207.01895,0.0
2d,1,Left Ankle,4619910,1779734594776,0.89,9.58,1.86,5.375,-2.125,3.875,0.25653076,0.18005371,-0.66363525,-0.6791992
2d,3,Left Wrist,4419935,1779734594778,15.292732,-3.9837532,-6.300302,16.285776,-22.1403,24.889221,-101.26422,-25.222572,328.486,0.0
2d,1,Left Ankle,4619927,1779734594808,0.66,9.38,2.12,8.5625,6.5,-2.9375,0.25689697,0.18115234,-0.66430664,-0.6781616
2d,2,Right Ankle,1661970,1779734594808,-8.878023,0.52436334,1.9525433,-5.743362,-1.0337597,-0.21238112,69.89299,80.54113,292.09586,0.0
2d,1,Left Ankle,4619949,1779734594827,1.18,9.11,1.75,7.5625,4.5625,-10.25,0.25598145,0.18292236,-0.6647339,-0.67755127
2d,1,Left Ankle,4619969,1779734594828,1.38,9.18,1.45,8.25,15.8125,-9.5,0.25604248,0.18585205,-0.6647949,-0.6766968
2d,3,Left Wrist,4419995,1779734594838,14.754345,-4.4431753,-6.0179486,27.625776,-31.5203,12.5692215,-101.29354,-25.283804,328.5116,0.0
2d,1,Left Ankle,4619988,1779734594857,2.02,8.99,1.72,9.25,27.875,-7.875,0.25750732,0.18981934,-0.6645508,-0.67529297
2d,1,Left Ankle,4620014,1779734594886,-1.57,9.14,1.8,8.25,36.25,2.3125,0.26293945,0.19665527,-0.66381836,-0.67193604
2d,1,Left Ankle,4620028,1779734594887,-1.58,9.18,1.85,8.3125,30.0625,-5.8125,0.26409912,0.19891357,-0.6635742,-0.67108154
2d,2,Right Ankle,1662030,1779734594894,-9.191483,0.27311698,2.0673988,-7.773362,2.32624,-1.8923812,69.564926,80.55806,291.77502,0.0
2d,3,Left Wrist,4420054,1779734594906,13.1104765,-8.2190485,-5.5800624,37.075775,-37.1903,-2.1307793,-101.32331,-25.35001,328.5415,0.0
2d,1,Left Ankle,4620051,1779734594924,2.24,9.28,0.86,4.4375,7.0625,-13.0625,0.26391602,0.20422363,-0.66296387,-0.670166
2d,1,Left Ankle,4620073,1779734594953,-0.03,9.82,-0.11,1.5,4.0625,-11.3125,0.26281738,0.20611572,-0.66241455,-0.6705322
2d,1,Left Ankle,4620091,1779734594953,1.0,9.96,-0.38,0.125,2.875,-19.375,0.26116943,0.20874023,-0.6616211,-0.6711426
2d,3,Left Wrist,4420115,1779734594958,12.600805,-3.5051885,-6.8171515,22.725777,-27.9503,28.319221,-101.36407,-25.401855,328.56924,0.0
2d,1,Left Ankle,4620117,1779734594982,-0.64,9.19,0.94,-5.5625,-2.875,-18.75,0.25897217,0.21051025,-0.66052246,-0.6725464
2d,2,Right Ankle,1662089,1779734594984,-9.368552,-0.20305476,2.2947168,-6.513362,9.39624,19.247618,69.27064,80.57508,291.48782,0.0
2d,1,Left Ankle,4620135,1779734595007,0.28,9.17,1.82,-8.5,1.3125,-18.875,0.25708008,0.21221924,-0.65893555,-0.6742554
2d,4,Right Wrist,30622922,1779734595010,8.039186,-1.2587247,-2.603391,-30.65496,93.80112,-42.68627,-136.28865,-40.858776,207.01389,0.0
2d,3,Left Wrist,4420174,1779734595018,13.443079,-2.8064842,-8.190632,13.905777,-31.4503,29.999222,-101.41252,-25.4504,328.59998,0.0
2d,1,Left Ankle,4620163,1779734595036,0.01,10.11,1.48,-7.875,13.0,-12.9375,0.2567749,0.21453857,-0.6571045,-0.67541504
2d,1,Left Ankle,4620180,1779734595036,0.98,9.89,0.88,-6.125,14.75,-14.25,0.25708008,0.2189331,-0.6542969,-0.6766968
2d,1,Left Ankle,4620200,1779734595073,1.09,9.82,0.31,-9.1875,-2.0625,-18.3125,0.25457764,0.2199707,-0.652771,-0.678772
2d,4,Right Wrist,30623189,1779734595074,4.904588,-1.4980068,-3.8955152,12.885039,18.551111,5.123728,-136.36035,-40.99333,207.0419,0.0
2d,3,Left Wrist,4420235,1779734595078,13.510078,-5.967403,-8.10449,26.295776,-45.7303,32.02922,-101.45997,-25.49657,328.63647,0.0
2d,1,Left Ankle,4620222,1779734595096,-0.13,9.86,1.33,-7.8125,-7.0625,-22.875,0.25134277,0.2210083,-0.6513672,-0.68096924
2d,1,Left Ankle,4620242,1779734595107,0.0,9.79,1.45,-5.5,2.25,-24.4375,0.24957275,0.22406006,-0.64953613,-0.68237305
2d,2,Right Ankle,1662180,1779734595133,-10.167755,0.5913624,1.5529418,1.8866382,22.97624,45.07762,69.01667,80.58844,291.23877,0.0
2d,1,Left Ankle,4620267,1779734595133,0.29,10.25,0.96,-4.75,0.125,-28.75,0.2467041,0.22698975,-0.6478882,-0.684021
2d,3,Left Wrist,4420294,1779734595137,12.878373,-4.4120684,-6.5898333,12.995776,-33.7603,57.509224,-101.502464,-25.539103,328.66354,0.0
2d,1,Left Ankle,4620282,1779734595154,0.04,10.46,1.31,-2.625,-1.625,-32.5,0.24084473,0.22808838,-0.6470337,-0.68652344
2d,1,Left Ankle,4620302,1779734595162,0.23,10.07,1.23,1.25,-0.25,-37.1875,0.2366333,0.23199463,-0.6456299,-0.6879883
2d,1,Left Ankle,4620322,1779734595199,-0.48,9.85,1.39,5.0625,-4.3125,-38.25,0.23168945,0.23602295,-0.6447754,-0.68914795
2d,3,Left Wrist,4420355,1779734595199,10.660226,-2.8184483,-7.728817,62.765778,-5.3403006,57.29922,-101.53569,-25.575228,328.68536,0.0
2d,1,Left Ankle,4620344,1779734595223,-1.39,9.23,1.73,7.125,-9.75,-34.125,0.22583008,0.23864746,-0.6445923,-0.6903076
2d,4,Right Wrist,30623222,1779734595223,4.557629,-1.3759733,-4.5918264,-16.09496,-2.5888882,0.43372798,-136.4596,-41.013138,207.10371,0.0
2d,2,Right Ankle,1662374,1779734595224,-4.281411,-5.103555,4.031906,-102.06336,-0.75375986,36.25762,68.62657,80.62141,290.89618,0.0
2d,1,Left Ankle,4620369,1779734595249,-1.99,8.9,1.55,9.25,-5.6875,-25.125,0.2199707,0.24230957,-0.6449585,-0.6906128
2d,1,Left Ankle,4620383,1779734595249,-1.54,9.33,0.81,10.8125,2.9375,-16.0,0.21868896,0.24328613,-0.6453247,-0.6903076
2d,3,Left Wrist,4420415,1779734595258,11.253646,-7.6519504,-8.29113,41.415775,19.3697,26.639221,-101.57589,-25.617245,328.70132,0.0
2d,1,Left Ankle,4620410,1779734595301,-0.67,9.37,0.82,11.5,7.5,-12.375,0.21746826,0.24603271,-0.645874,-0.689209
2d,1,Left Ankle,4620428,1779734595310,0.86,10.78,0.88,9.75,0.25,-14.25,0.2156372,0.24810791,-0.64642334,-0.6885376
2d,4,Right Wrist,30623385,1779734595316,4.732305,0.25593174,-2.8546374,20.16504,-11.408888,5.683728,-136.60413,-41.097187,207.2119,0.0
2d,1,Left Ankle,4620449,1779734595316,-0.59,10.41,0.82,8.375,-7.875,-16.3125,0.2107544,0.24987793,-0.64733887,-0.6885376
2d,2,Right Ankle,1662450,1779734595317,-6.5043435,-3.8497164,3.1633115,-124.603355,-36.243763,-86.94238,68.168,80.68023,290.48288,0.0
2d,3,Left Wrist,4420475,1779734595324,10.301303,-1.4521468,-8.886944,-20.184223,13.9096985,6.4092216,-101.641594,-25.667786,328.72202,0.0
2d,1,Left Ankle,4620470,1779734595335,-0.46,9.69,1.07,9.875,-8.6875,-20.8125,0.2088623,0.2506714,-0.64764404,-0.6885376
2d,1,Left Ankle,4620489,1779734595366,-1.27,9.3,1.08,11.0625,-9.4375,-20.625,0.20452881,0.2518921,-0.64849854,-0.68859863
2d,1,Left Ankle,4620510,1779734595366,-1.53,9.43,0.8,11.8125,-9.1875,-18.75,0.19915771,0.25402832,-0.6497803,-0.6881714
2d,4,Right Wrist,30623432,1779734595369,4.4690943,-1.3281168,-3.481557,40.18504,7.211112,7.013728,-136.66641,-41.143616,207.25945,0.0
2d,2,Right Ankle,1662510,1779734595378,-8.538242,-3.7133255,2.440679,19.946638,-31.34376,-171.64238,67.704384,80.77768,290.01318,0.0
2d,3,Left Wrist,4420535,1779734595378,13.280368,-2.8088772,-9.41815,121.005775,-13.740301,-19.28078,-101.657364,-25.730474,328.75262,0.0
2d,1,Left Ankle,4620525,1779734595395,-1.78,9.63,0.5,11.9375,-2.1875,-14.0,0.19793701,0.2548828,-0.65026855,-0.68774414
2d,1,Left Ankle,4620549,1779734595425,-1.2,9.76,0.4,11.75,7.0625,-12.125,0.19592285,0.25860596,-0.6512451,-0.68603516
2d,1,Left Ankle,4620569,1779734595427,-0.5,9.82,1.33,12.5625,7.4375,-14.75,0.19525146,0.2600708,-0.65148926,-0.6854248
2d,4,Right Wrist,30623522,1779734595428,2.3514466,-0.8854443,-5.223532,6.3050404,-11.618889,-0.336272,-136.75504,-41.115177,207.32135,0.0
2d,3,Left Wrist,4420594,1779734595441,11.820745,0.9358903,-5.113462,279.76578,-32.5003,-116.51077,-101.60315,-25.830742,328.78888,0.0
2d,1,Left Ankle,4620586,1779734595464,-1.15,10.88,0.98,14.625,5.0625,-17.6875,0.19311523,0.26312256,-0.6520996,-0.68426514
2d,2,Right Ankle,1662600,1779734595465,-13.091784,-0.31073177,0.04546363,-62.09336,-18.32376,-185.85239,67.460304,80.90882,289.7887,0.0
2d,1,Left Ankle,4620611,1779734595485,-0.7,10.02,0.92,19.1875,7.5,-28.6875,0.1885376,0.26922607,-0.6531372,-0.68218994
2d,1,Left Ankle,4620630,1779734595486,-1.45,9.78,0.54,20.4375,8.0625,-29.4375,0.18511963,0.27416992,-0.6538696,-0.6804199
2d,4,Right Wrist,30623583,1779734595488,0.5400798,-3.749653,0.11485548,-3.49496,29.611113,17.303728,-136.68805,-41.099403,207.26785,0.0
2d,3,Left Wrist,4420655,1779734595497,21.351358,-2.4308112,-5.2977095,437.75577,-143.80031,-83.82077,-101.49651,-25.915781,328.85852,0.0
2d,1,Left Ankle,4620651,1779734595522,-1.55,9.62,0.56,22.0,7.25,-30.625,0.18139648,0.2789917,-0.6548462,-0.67858887
2d,2,Right Ankle,1662660,1779734595522,-12.129869,5.661754,1.2299109,-153.09335,0.9262402,-129.50238,67.42491,80.88001,289.80386,0.0
2d,1,Left Ankle,4620673,1779734595545,-1.89,9.47,0.91,23.5625,5.6875,-28.1875,0.17779541,0.28338623,-0.6560669,-0.6765137
2d,1,Left Ankle,4620691,1779734595545,-2.06,9.67,-0.21,23.1875,12.1875,-25.0,0.17480469,0.2878418,-0.6572876,-0.67419434
2d,4,Right Wrist,30623642,1779734595549,2.521337,-6.489435,-3.103491,-52.84496,42.84111,39.073727,-136.62576,-41.05479,207.19957,0.0
2d,3,Left Wrist,4420714,1779734595557,18.692932,-6.910175,3.7136607,815.8258,-245.2303,-84.24077,-101.23472,-25.979895,328.94922,0.0
2d,1,Left Ankle,4620711,1779734595575,-1.38,10.33,-0.22,23.4375,22.125,-25.625,0.17297363,0.2935791,-0.6581421,-0.6713867
2d,2,Right Ankle,1662750,1779734595589,-8.169748,9.605125,2.778067,-14.283361,-1.5937599,43.67762,67.50567,80.801765,289.88934,0.0
2d,1,Left Ankle,4620731,1779734595607,-0.23,13.3,1.12,27.0,23.4375,-24.0,0.17163086,0.2998047,-0.65911865,-0.6680298
2d,4,Right Wrist,30623703,1779734595616,0.049551092,-6.1568327,-3.2327034,-61.664963,43.401115,62.593727,-136.58305,-40.99149,207.13757,0.0
2d,1,Left Ankle,4620755,1779734595616,-0.81,11.17,0.25,27.8125,13.0,-38.4375,0.16809082,0.3062744,-0.6600952,-0.664978
2d,3,Left Wrist,4420775,1779734595618,13.947965,-15.940687,11.100305,733.2958,-213.9403,146.82922,-100.96433,-25.934402,328.99997,0.0
2d,1,Left Ankle,4620776,1779734595635,-1.07,12.11,-1.49,28.5625,5.875,-47.875,0.16223145,0.31298828,-0.6605835,-0.6628418
2d,2,Right Ankle,1662810,1779734595662,-24.790295,-32.52291,-7.233503,-91.77336,76.876236,42.41762,67.59251,80.86911,290.01157,0.0
2d,1,Left Ankle,4620802,1779734595669,-1.35,12.34,-1.83,29.5625,7.5625,-59.4375,0.15100098,0.3248291,-0.66070557,-0.65966797
2d,4,Right Wrist,30623762,1779734595669,-0.8238291,-2.201497,-5.843273,-171.35497,16.52111,101.373726,-136.66528,-40.9051,207.12984,0.0
2d,3,Left Wrist,4420834,1779734595678,13.931214,-16.105793,9.442078,-73.73423,-73.6603,194.91922,-100.950455,-25.883951,328.9937,0.0
2d,1,Left Ankle,4620822,1779734595698,-1.21,13.49,-1.65,28.6875,7.8125,-65.1875,0.14233398,0.33398438,-0.6599121,-0.6578369
2d,1,Left Ankle,4620836,1779734595698,-1.05,12.35,-1.46,27.8125,6.375,-82.0,0.13647461,0.3383789,-0.65948486,-0.65722656
2d,2,Right Ankle,1662870,1779734595701,-9.14602,-7.4820213,4.2999024,105.41664,1.5562402,132.99762,67.480034,80.86698,289.86707,0.0
2d,1,Left Ankle,4620862,1779734595725,-3.21,9.7,-1.95,27.125,14.875,-74.0,0.12402344,0.3544922,-0.65704346,-0.6536865
2d,4,Right Wrist,30623822,1779734595728,1.9279169,0.39232293,-1.0480564,-191.37495,-47.94889,103.75372,-136.7784,-40.918514,207.14893,0.0
2d,3,Left Wrist,4420895,1779734595738,12.629519,-7.283455,5.364708,-324.12424,69.6297,109.86922,-101.0149,-25.89045,328.9444,0.0
2d,1,Left Ankle,4620879,1779734595755,-4.55,8.78,-2.8,34.4375,24.75,-74.125,0.11566162,0.3656006,-0.6563721,-0.64971924
2d,1,Left Ankle,4620900,1779734595756,-6.69,8.4,-4.54,49.0625,21.4375,-80.25,0.10668945,0.37774658,-0.65600586,-0.6446533
2d,2,Right Ankle,1662930,1779734595762,-9.691584,-1.1242914,0.5982057,-4.623362,-17.83376,92.187614,67.3355,80.90387,289.72696,0.0
2d,4,Right Wrist,30623882,1779734595792,5.416652,2.2946167,2.792424,-132.43497,-85.888885,46.143726,-136.83052,-40.921295,207.15942,0.0
2d,1,Left Ankle,4620924,1779734595792,-11.29,9.51,-5.44,71.8125,-5.5,-109.875,0.091552734,0.39019775,-0.6564331,-0.6390991
2d,3,Left Wrist,4420955,1779734595797,13.172689,-9.932311,2.1176481,-415.75424,142.2197,84.73923,-101.10454,-25.922173,328.87122,0.0
2d,1,Left Ankle,4620942,1779734595815,-11.43,8.72,-9.12,90.875,0.1875,-123.8125,0.070739746,0.40545654,-0.6586914,-0.6298828
2d,1,Left Ankle,4620967,1779734595833,-8.46,7.53,-7.21,123.5,7.625,-138.9375,0.048706055,0.42297363,-0.66156006,-0.6173096
2d,1,Left Ankle,4620982,1779734595852,-4.72,5.96,-3.32,127.125,2.0625,-141.25,0.023986816,0.4389038,-0.6647339,-0.60406494
2d,4,Right Wrist,30623942,1779734595852,6.818846,0.19611177,3.8093736,-126.48496,-80.28889,-33.93627,-136.883,-40.943256,207.1859,0.0
2d,2,Right Ankle,1662990,1779734595853,-10.536249,-1.2774321,2.1798615,-22.823362,-20.63376,79.587616,67.03549,80.91547,289.43927,0.0
2d,3,Left Wrist,4421015,1779734595858,12.624733,-5.967403,1.6007984,-404.83423,144.7397,183.57922,-101.19676,-25.925238,328.794,0.0
2d,1,Left Ankle,4621000,1779734595875,-2.54,4.87,-1.81,126.5,-22.875,-141.625,-0.001953125,0.45324707,-0.66693115,-0.59143066
2d,1,Left Ankle,4621023,1779734595876,0.02,3.81,-1.63,127.5625,-40.4375,-127.5,-0.028930664,0.4642334,-0.6691284,-0.57958984
2d,1,Left Ankle,4621039,1779734595915,0.99,3.51,-1.41,124.75,-46.4375,-115.3125,-0.056152344,0.46936035,-0.6730957,-0.5687866
2d,4,Right Wrist,30624002,1779734595916,6.6609197,-0.9883359,4.8526444,-87.564964,-11.548889,-85.736275,-136.9118,-40.990704,207.20334,0.0
2d,2,Right Ankle,1663050,1779734595916,-9.899758,0.69425374,1.5960126,17.496637,-15.803761,72.02762,66.71848,80.90478,289.12094,0.0
2d,1,Left Ankle,4621062,1779734595941,5.41,3.11,2.89,104.1875,-87.4375,-87.1875,-0.081604004,0.4711914,-0.67541504,-0.56134033
2d,1,Left Ankle,4621082,1779734595941,2.09,3.98,2.03,89.0625,-101.9375,-62.375,-0.10888672,0.46551514,-0.67889404,-0.557251
2d,3,Left Wrist,4421075,1779734595947,11.98585,1.8140562,-1.1509477,-211.63423,72.4297,222.70923,-101.25968,-25.912312,328.75333,0.0
2d,1,Left Ankle,4621102,1779734595968,0.59,3.88,3.54,72.8125,-97.625,-21.4375,-0.12957764,0.45837402,-0.6815796,-0.55548096
2d,4,Right Wrist,30624062,1779734595969,5.5602217,-2.8714871,5.6638117,-67.12496,21.281113,-82.51627,-136.91704,-41.038628,207.20346,0.0
2d,2,Right Ankle,1663140,1779734595972,-10.038543,1.6681325,1.5433706,20.086637,-31.483759,66.77762,66.446556,80.84859,288.84534,0.0
2d,1,Left Ankle,4621122,1779734595996,-8.11,7.7,-0.47,61.125,-83.5625,8.4375,-0.14440918,0.44830322,-0.68566895,-0.55493164
2d,3,Left Wrist,4421134,1779734596013,13.246868,5.008475,-0.5694918,0.3957764,33.999702,-4.370777,-101.26037,-25.968325,328.74347,0.0
2d,1,Left Ankle,4621142,1779734596032,-22.47,12.55,-1.51,62.0625,-49.5625,15.3125,-0.15441895,0.43902588,-0.6911621,-0.5529175
2d,4,Right Wrist,30624123,1779734596032,6.658527,-3.4960139,7.1162543,-51.44496,29.331112,-69.706276,-136.91237,-41.08511,207.19673,0.0
2d,1,Left Ankle,4621165,1779734596033,-8.85,11.7,2.25,55.75,-71.3125,-65.8125,-0.17010498,0.43695068,-0.6918335,-0.5491333
2d,2,Right Ankle,1663200,1779734596033,-9.77294,0.88089395,2.914458,29.396637,-26.51376,53.40762,66.132355,80.81902,288.52484,0.0
2d,1,Left Ankle,4621186,1779734596057,-3.39,9.74,2.96,48.1875,-66.6875,-90.0,-0.19073486,0.43896484,-0.6873779,-0.54626465
2d,1,Left Ankle,4621203,1779734596058,-6.04,7.71,-2.17,26.75,-37.125,-87.5625,-0.20611572,0.4440918,-0.68237305,-0.5428467
2d,1,Left Ankle,4621226,1779734596088,-10.27,9.69,-5.78,29.625,-13.25,-76.5,-0.21740723,0.4501953,-0.6782837,-0.5385132
2d,4,Right Wrist,30624182,1779734596089,6.0507503,-0.1915262,8.532805,57.61504,139.23111,-38.48627,-136.84995,-41.153427,207.15126,0.0
2d,2,Right Ankle,1663260,1779734596092,-7.839538,1.7662383,1.0073783,-22.053362,-19.30376,36.11762,66.014084,80.74426,288.41556,0.0
2d,3,Left Wrist,4421225,1779734596098,22.313272,-21.865318,-11.5621195,9.985777,-13.390301,87.049225,-101.30388,-25.996258,328.76285,0.0
2d,1,Left Ankle,4621243,1779734596115,-5.61,6.76,-4.47,37.9375,-19.0625,-83.25,-0.23022461,0.45666504,-0.6746216,-0.53234863
2d,1,Left Ankle,4621269,1779734596148,-7.41,7.28,-3.7,34.5,-40.75,-87.875,-0.24456787,0.4619751,-0.6697998,-0.5274658
2d,1,Left Ankle,4621285,1779734596157,-8.28,7.7,-1.44,30.6875,-56.5625,-92.5625,-0.26226807,0.4647827,-0.66400146,-0.5237427
2d,2,Right Ankle,1663320,1779734596157,-11.301953,0.85457283,2.792424,-37.173363,3.7962403,19.247618,65.69562,80.73677,288.11465,0.0
2d,4,Right Wrist,30624242,1779734596157,4.043172,-0.41405836,4.074977,171.92503,167.7211,-33.93627,-136.73952,-41.23097,207.09439,0.0
2d,3,Left Wrist,4421285,1779734596158,10.349159,-13.363618,-5.551348,-34.884224,-5.6903005,271.35922,-101.35959,-25.953661,328.76697,0.0
2d,1,Left Ankle,4621311,1779734596175,-8.79,7.55,-1.79,28.3125,-46.9375,-101.75,-0.27893066,0.4701538,-0.6563721,-0.5199585
2d,1,Left Ankle,4621329,1779734596207,-8.63,6.58,-1.93,31.625,-37.5,-105.0625,-0.29486084,0.47680664,-0.6487427,-0.51464844
2d,1,Left Ankle,4621350,1779734596216,-9.07,6.16,-0.01,33.75,-33.8125,-108.1875,-0.3121338,0.48181152,-0.6427002,-0.5072632
2d,4,Right Wrist,30624302,1779734596216,3.8852458,-1.081656,2.9575288,150.92503,150.3611,-35.96627,-136.63585,-41.305923,207.04056,0.0
2d,2,Right Ankle,1663379,1779734596216,-8.346817,1.3809937,4.3932223,8.256638,-18.60376,7.837619,65.39866,80.710075,287.81796,0.0
2d,3,Left Wrist,4421375,1779734596224,12.229918,-6.3095765,-1.6366907,-185.17422,98.189705,167.82922,-101.405685,-25.972513,328.71823,0.0
2d,1,Left Ankle,4621372,1779734596236,-10.14,3.4,1.21,26.5625,-27.0625,-110.625,-0.3270874,0.48968506,-0.6345215,-0.50061035
2d,1,Left Ankle,4621390,1779734596267,-10.0,2.07,0.59,21.75,-7.625,-108.6875,-0.3456421,0.50305176,-0.62371826,-0.4883423
2d,1,Left Ankle,4621409,1779734596267,-8.72,1.42,-1.21,19.0625,6.0625,-107.25,-0.35516357,0.5136719,-0.61657715,-0.47937012
2d,4,Right Wrist,30624362,1779734596269,3.849353,-1.9837505,2.9671001,14.42504,140.70111,-28.546272,-136.57362,-41.37344,206.98288,0.0
2d,3,Left Wrist,4421435,1779734596277,17.125633,-8.33869,-9.707682,41.975777,9.639699,113.22922,-101.43449,-25.9957,328.7273,0.0
2d,1,Left Ankle,4621425,1779734596296,-9.11,1.2,-1.94,20.1875,9.5625,-102.8125,-0.35968018,0.5187988,-0.6132202,-0.47479248
2d,1,Left Ankle,4621449,1779734596334,-8.58,1.55,-2.69,22.5625,6.875,-99.1875,-0.37426758,0.5317993,-0.60406494,-0.46063232
2d,1,Left Ankle,4621470,1779734596343,-7.93,1.61,-3.09,23.6875,-2.625,-97.0,-0.38427734,0.5396118,-0.59698486,-0.45251465
2d,3,Left Wrist,4421495,1779734596343,10.851652,-12.076279,-0.21296123,112.185776,32.8797,90.82922,-101.35672,-26.02298,328.6946,0.0
2d,4,Right Wrist,30624422,1779734596343,3.7153556,-2.1560335,-1.5481563,-113.884964,108.71111,35.01373,-136.55104,-41.44272,206.91542,0.0
2d,1,Left Ankle,4621488,1779734596355,-8.42,1.68,-3.6,25.8125,-6.4375,-90.75,-0.39007568,0.5419922,-0.5946655,-0.4477539
2d,2,Right Ankle,1663440,1779734596364,-8.370746,2.251981,3.2374892,2.2366376,-9.78376,11.1976185,65.16584,80.66876,287.58716,0.0
2d,1,Left Ankle,4621511,1779734596385,-8.39,1.08,-3.8,29.8125,-14.625,-82.0,-0.4052124,0.5505371,-0.585083,-0.43634033
2d,1,Left Ankle,4621532,1779734596386,-8.87,-0.16,-3.22,29.625,-25.0,-76.3125,-0.41705322,0.5529785,-0.579834,-0.4290161
2d,4,Right Wrist,30624482,1779734596389,2.6744776,10.590534,-3.0460632,124.81503,34.72111,26.123728,-136.54384,-41.465633,206.92828,0.0
2d,3,Left Wrist,4421555,1779734596397,12.6390915,-8.795719,-6.798009,44.145775,37.9897,58.41922,-101.38084,-26.066463,328.69666,0.0
2d,1,Left Ankle,4621558,1779734596416,-9.11,-0.5,-2.59,27.8125,-30.1875,-71.9375,-0.4277954,0.55596924,-0.572937,-0.42382812
2d,2,Right Ankle,1663633,1779734596423,-8.126677,3.1253614,2.847459,17.496637,-12.65376,5.4576187,64.78882,80.57379,287.207,0.0
2d,1,Left Ankle,4621575,1779734596450,-9.57,-1.27,-2.21,25.6875,-26.625,-68.375,-0.43792725,0.5587158,-0.56622314,-0.41888428
2d,1,Left Ankle,4621592,1779734596450,-12.35,-2.55,-1.54,22.9375,-12.625,-89.125,-0.44818115,0.5623169,-0.5600586,-0.411438
2d,4,Right Wrist,30624542,1779734596450,3.428217,0.13629064,1.835295,47.74504,-43.04889,-17.836271,-136.52484,-41.493973,206.93788,0.0
2d,3,Left Wrist,4421615,1779734596458,13.055442,-7.048959,-7.9752774,6.3457766,-28.090302,52.95922,-101.43374,-26.104725,328.72626,0.0
2d,1,Left Ankle,4621618,1779734596478,-9.45,-2.01,0.37,19.0625,2.8125,-80.1875,-0.45666504,0.56921387,-0.55255127,-0.40270996
2d,2,Right Ankle,1663652,1779734596483,-8.5262785,2.943507,3.1226335,19.876637,-13.14376,1.887619,64.60012,80.52527,287.0134,0.0
2d,1,Left Ankle,4621635,1779734596510,-11.26,-3.21,0.46,-6.625,21.375,-55.75,-0.4597168,0.5741577,-0.5500488,-0.39556885
2d,4,Right Wrist,30624602,1779734596510,2.0810575,-1.2276181,3.9242294,65.59504,-46.05889,11.073728,-136.47917,-41.497726,206.929,0.0
2d,3,Left Wrist,4421674,1779734596517,10.437695,-10.226626,-2.184647,87.615776,17.759699,97.33922,-101.39879,-26.145834,328.71283,0.0
2d,1,Left Ankle,4621661,1779734596536,-10.5,-3.25,-0.02,-43.5625,7.625,-35.5625,-0.4570923,0.58599854,-0.54193115,-0.39245605
2d,1,Left Ankle,4621676,1779734596538,-7.87,-2.69,-2.2,-42.8125,3.6875,-26.875,-0.45568848,0.58898926,-0.53930664,-0.39318848
2d,2,Right Ankle,1663709,1779734596549,-7.6241846,2.8262587,3.2590244,22.046637,-20.49376,-7.9823813,64.38673,80.48043,286.79407,0.0
2d,1,Left Ankle,4621699,1779734596566,-7.53,-2.35,-3.47,-20.75,6.5625,-14.25,-0.4533081,0.59350586,-0.5366211,-0.39276123
2d,4,Right Wrist,30624663,1779734596573,2.1480565,0.064505495,0.5599205,4.83504,-10.638887,62.24373,-136.45598,-41.521427,206.90485,0.0
2d,3,Left Wrist,4421735,1779734596578,11.440286,-11.281862,-4.2257247,61.785778,-27.1103,62.969223,-101.409546,-26.19293,328.7315,0.0
2d,1,Left Ankle,4621722,1779734596597,-9.56,-1.3,-2.65,12.0625,19.0,6.0,-0.45220947,0.59375,-0.5390625,-0.39038086
2d,1,Left Ankle,4621739,1779734596598,-10.6,-1.0,-2.26,14.5625,12.5,10.75,-0.45178223,0.5921631,-0.5420532,-0.38916016
2d,2,Right Ankle,1663770,1779734596603,-9.59587,2.7329385,2.562713,-5.8833623,-7.61376,-13.722382,64.189575,80.43551,286.60092,0.0
2d,1,Left Ankle,4621766,1779734596627,-9.63,-0.54,-1.74,14.3125,16.5,16.6875,-0.45080566,0.5904541,-0.54559326,-0.38787842
2d,4,Right Wrist,30624722,1779734596629,1.6599208,1.9668005,0.23928227,-16.72496,-8.188889,49.503727,-136.47801,-41.541653,206.90767,0.0
2d,3,Left Wrist,4421794,1779734596646,13.986251,-14.5145645,-4.1706896,94.895775,-80.8003,48.829224,-101.40535,-26.244566,328.76605,0.0
2d,1,Left Ankle,4621779,1779734596656,-9.78,-0.21,-1.6,15.6875,22.75,14.75,-0.4492798,0.58947754,-0.55010986,-0.3847046
2d,1,Left Ankle,4621805,1779734596657,-10.02,0.46,-1.83,9.4375,35.5625,-2.125,-0.44702148,0.5906372,-0.55371094,-0.3803711
2d,2,Right Ankle,1663830,1779734596663,-7.89218,2.5893693,3.524628,-1.893362,-19.44376,-30.382383,63.929657,80.40218,286.34348,0.0
2d,1,Left Ankle,4621824,1779734596686,-9.25,0.57,-3.33,-8.375,17.0,-23.75,-0.44580078,0.5941162,-0.5533447,-0.37701416
2d,4,Right Wrist,30624782,1779734596689,3.6866417,-4.331109,-1.8448663,-78.04496,6.6511116,61.96373,-136.41525,-41.52523,206.83504,0.0
2d,3,Left Wrist,4421855,1779734596703,21.88735,4.38634,-12.689138,160.83577,-79.6103,-36.080776,-101.4068,-26.310497,328.8182,0.0
2d,1,Left Ankle,4621844,1779734596716,-8.65,-0.11,-5.12,-7.5625,7.125,-22.5,-0.44555664,0.59765625,-0.5510254,-0.37506104
2d,2,Right Ankle,1663890,1779734596725,-7.839538,2.7855806,4.5415773,92.11664,-56.82376,-38.29238,63.621315,80.368546,286.00378,0.0
2d,1,Left Ankle,4621869,1779734596756,-8.77,-3.0,-4.64,-3.5,-12.5,-7.1875,-0.4475708,0.5977783,-0.5482178,-0.37652588
2d,4,Right Wrist,30624842,1779734596756,8.453144,-4.405287,0.22971097,-87.77496,-47.94889,115.30373,-136.393,-41.52223,206.78677,0.0
2d,1,Left Ankle,4621884,1779734596756,-9.11,-0.76,-3.75,2.6875,-27.8125,-6.25,-0.44921875,0.5970459,-0.5469971,-0.37756348
2d,3,Left Wrist,4421915,1779734596759,22.612375,-3.148658,-0.77288175,439.36578,-169.8403,-161.87077,-101.288185,-26.416212,328.89566,0.0
2d,1,Left Ankle,4621908,1779734596778,-9.52,-1.84,-1.93,10.5625,-34.6875,0.5,-0.45336914,0.5944214,-0.5447998,-0.3798828
2d,2,Right Ankle,1663950,1779734596789,-5.5448213,1.8954506,4.3238306,41.016636,-58.36376,-30.592382,63.287243,80.337814,285.65643,0.0
2d,1,Left Ankle,4621928,1779734596807,-9.02,-0.72,-0.91,11.625,-28.75,2.25,-0.45715332,0.5906372,-0.54382324,-0.38256836
2d,1,Left Ankle,4621949,1779734596811,-9.57,-1.3,0.03,9.375,-24.4375,-0.125,-0.461792,0.5869751,-0.5421753,-0.38500977
2d,4,Right Wrist,30624902,1779734596812,3.2750762,0.2511457,0.971486,-195.15497,-72.58889,115.02373,-136.44215,-41.51681,206.76549,0.0
2d,3,Left Wrist,4421975,1779734596829,16.324038,-12.456738,13.371093,319.8058,-280.9303,-174.26077,-101.18953,-26.481041,328.99826,0.0
2d,1,Left Ankle,4621969,1779734596845,-10.39,-1.0,0.39,3.9375,-20.75,0.3125,-0.46295166,0.5861206,-0.5415039,-0.38586426
2d,1,Left Ankle,4621984,1779734596845,-10.65,-0.59,-0.28,-1.25,-8.3125,-1.5,-0.4642334,0.5852661,-0.5406494,-0.3867798
2d,2,Right Ankle,1664010,1779734596845,-8.887594,1.8260589,3.67059,34.99664,-44.993763,-28.002382,62.948486,80.3103,285.30737,0.0
2d,1,Left Ankle,4622013,1779734596868,-10.26,-0.66,-0.76,-3.5625,4.3125,-3.3125,-0.4640503,0.58587646,-0.5402832,-0.38671875
2d,4,Right Wrist,30624962,1779734596870,2.3251255,2.8138592,6.8602223,-149.79497,-23.728888,29.343729,-136.48141,-41.5241,206.75554,0.0
2d,3,Left Wrist,4422035,1779734596882,2.0771716,-16.141684,14.577076,-189.02423,-125.740295,-38.250782,-101.233536,-26.476555,329.02933,0.0
2d,1,Left Ankle,4622025,1779734596903,-9.42,-0.93,-1.41,-5.0,11.3125,-3.8125,-0.46289062,0.58721924,-0.5404053,-0.38586426
2d,1,Left Ankle,4622049,1779734596927,-8.76,-1.12,-3.18,-6.5,12.1875,-8.625,-0.46099854,0.59020996,-0.54016113,-0.3838501
2d,1,Left Ankle,4622070,1779734596928,-8.27,-1.36,-4.23,-3.25,10.625,-5.9375,-0.4605713,0.59124756,-0.53967285,-0.3834839
2d,4,Right Wrist,30625022,1779734596929,3.5574288,-0.90937287,9.123833,-52.144962,35.70111,2.323728,-136.46652,-41.55043,206.72673,0.0
2d,3,Left Wrist,4422095,1779734596938,3.8287177,-3.9622176,3.7902312,-217.65422,-37.8903,42.179222,-101.270744,-26.477226,329.02106,0.0
2d,1,Left Ankle,4622088,1779734596958,-8.99,-0.85,-3.95,-5.875,-11.9375,-3.0625,-0.46118164,0.59088135,-0.5392456,-0.38391113
2d,1,Left Ankle,4622114,1779734596996,-9.13,-0.6,-2.89,1.9375,-20.0,-3.4375,-0.46368408,0.5897217,-0.5368042,-0.38616943
2d,1,Left Ankle,4622128,1779734596996,-9.37,-0.78,-1.9,3.3125,-23.75,-3.3125,-0.46502686,0.5889282,-0.5357666,-0.38702393
2d,4,Right Wrist,30625083,1779734596996,5.4597235,0.14825463,2.833102,160.23505,14.001112,32.773727,-136.38446,-41.581333,206.70067,0.0
2d,3,Left Wrist,4422155,1779734596997,8.906288,-9.6356,-0.7872386,-38.944225,-84.7903,92.299225,-101.27425,-26.503515,329.03693,0.0
2d,1,Left Ankle,4622155,1779734597020,-9.89,-1.42,0.21,3.125,-20.625,-2.6875,-0.46868896,0.58673096,-0.5335083,-0.3892212
2d,1,Left Ankle,4622173,1779734597052,-10.27,-1.49,1.01,-2.5625,-4.25,-4.1875,-0.46948242,0.58673096,-0.53240967,-0.38970947
2d,1,Left Ankle,4622192,1779734597053,-10.38,-1.41,0.55,-7.0,6.1875,-4.4375,-0.46875,0.58795166,-0.53186035,-0.38946533
2d,4,Right Wrist,30625142,1779734597053,7.505586,-0.2034902,0.6221339,167.58504,-32.12889,45.51373,-136.3164,-41.60859,206.69153,0.0
2d,2,Right Ankle,1664070,1779734597053,-7.8586807,1.7327387,4.850251,-3.923362,-21.26376,-14.842382,62.657497,80.28445,285.02036,0.0
2d,3,Left Wrist,4422214,1779734597057,12.725232,-10.74587,2.0889342,-190.91423,-60.1503,71.22922,-101.31594,-26.5236,329.03986,0.0
2d,1,Left Ankle,4622215,1779734597075,-10.29,-0.97,-0.95,-7.9375,9.0625,-3.3125,-0.46728516,0.5894165,-0.5317993,-0.38909912
2d,1,Left Ankle,4622233,1779734597105,-9.46,-0.83,-1.56,-10.625,12.5625,-0.6875,-0.46551514,0.5907593,-0.53240967,-0.38842773
2d,1,Left Ankle,4622250,1779734597105,-8.8,-1.06,-3.41,-10.125,15.375,-2.125,-0.46325684,0.59277344,-0.5327759,-0.3875122
2d,4,Right Wrist,30625203,1779734597108,6.376174,-3.8621156,-0.4761717,13.305039,2.6611118,21.293728,-136.26389,-41.639816,206.65521,0.0
2d,3,Left Wrist,4422275,1779734597118,16.982063,-12.80609,-2.376073,-217.23422,-43.630302,45.32922,-101.39617,-26.57583,329.05243,0.0
2d,1,Left Ankle,4622271,1779734597136,-9.1,-1.11,-3.87,-5.25,8.4375,-1.4375,-0.461792,0.5941162,-0.53308105,-0.3867798
2d,2,Right Ankle,1664337,1779734597142,-8.37553,1.2446029,4.7641096,-12.813362,18.49624,-0.14238095,61.981228,80.225044,284.36142,0.0
2d,1,Left Ankle,4622293,1779734597165,-9.33,-0.73,-3.53,-3.9375,1.9375,-0.625,-0.46148682,0.59436035,-0.53302,-0.38684082
2d,3,Left Wrist,4422334,1779734597178,19.279173,-6.9029965,-5.603991,19.785776,-22.9803,43.15922,-101.41534,-26.629599,329.06848,0.0
2d,1,Left Ankle,4622315,1779734597195,-9.22,-0.79,-2.55,-1.0625,-4.9375,-1.1875,-0.4619751,0.5942383,-0.53222656,-0.3875122
2d,1,Left Ankle,4622332,1779734597196,-9.75,-1.11,-1.13,-1.9375,-3.9375,-3.0,-0.46246338,0.59436035,-0.5314331,-0.38787842
2d,4,Right Wrist,30625262,1779734597198,7.005486,-0.86869484,1.6893327,-52.074963,32.06111,19.963728,-136.2534,-41.683765,206.62662,0.0
2d,2,Right Ankle,1664356,1779734597202,-8.193676,1.2134963,4.536792,-12.253363,17.86624,0.69761896,61.755383,80.205475,284.14398,0.0
2d,1,Left Ankle,4622355,1779734597238,-10.15,-1.09,-0.94,-2.75,-3.5625,-3.0625,-0.46258545,0.59472656,-0.5307007,-0.3881836
2d,1,Left Ankle,4622373,1779734597238,-9.47,-1.08,-1.94,-4.875,1.5625,-3.75,-0.46228027,0.595459,-0.53009033,-0.38824463
2d,3,Left Wrist,4422395,1779734597249,19.796022,-10.674086,-5.9294147,108.26577,-19.1303,66.53922,-101.402245,-26.677042,329.0813,0.0
2d,1,Left Ankle,4622388,1779734597262,-9.22,-1.11,-2.17,-4.125,4.8125,-3.25,-0.46185303,0.59606934,-0.5298462,-0.3881836
2d,4,Right Wrist,30625322,1779734597263,6.75424,-2.0052853,1.8329021,6.79504,14.141111,3.7937279,-136.2202,-41.723404,206.60284,0.0
2d,2,Right Ankle,1664430,1779734597263,-8.430566,0.93114316,4.2664027,-6.933362,14.3662405,1.607619,61.513523,80.18863,283.9088,0.0
2d,1,Left Ankle,4622413,1779734597285,-9.13,-1.15,-2.93,-1.75,7.75,-1.25,-0.46063232,0.5973511,-0.53015137,-0.38726807
2d,3,Left Wrist,4422455,1779734597300,18.444078,-7.293027,-4.429115,52.685776,-15.980301,71.299225,-101.40191,-26.72211,329.0899,0.0
2d,1,Left Ankle,4622438,1779734597318,-9.4,-1.0,-2.99,0.0625,1.25,-0.875,-0.46032715,0.59765625,-0.5303345,-0.38690186
2d,1,Left Ankle,4622456,1779734597319,-9.17,-1.01,-2.44,0.9375,-4.1875,-0.8125,-0.4607544,0.59747314,-0.5300293,-0.38708496
2d,4,Right Wrist,30625413,1779734597320,7.6108704,-2.715954,1.1844472,18.625038,17.151112,11.983728,-136.17844,-41.763542,206.57402,0.0
2d,2,Right Ankle,1664490,1779734597323,-8.416209,1.364244,3.7184463,-3.0133622,7.3662405,0.13761902,61.27304,80.16507,283.6733,0.0
2d,1,Left Ankle,4622473,1779734597351,-9.55,-1.17,-1.75,1.5,-5.75,-1.125,-0.46142578,0.59710693,-0.52960205,-0.38739014
2d,3,Left Wrist,4422515,1779734597358,15.189839,-8.549258,-4.345366,22.095776,-8.4203005,71.439224,-101.41514,-26.76896,329.09747,0.0
2d,1,Left Ankle,4622498,1779734597376,-9.82,-1.14,-1.19,1.8125,-6.75,0.25,-0.4623413,0.59643555,-0.52923584,-0.38781738
2d,1,Left Ankle,4622521,1779734597385,-9.45,-1.25,-1.31,0.9375,-3.375,0.3125,-0.4628296,0.5960083,-0.5289917,-0.38824463
2d,4,Right Wrist,30625472,1779734597385,7.4840508,-2.2326035,0.8566305,-9.234961,23.381111,24.303728,-136.14647,-41.80495,206.54178,0.0
2d,2,Right Ankle,1664550,1779734597386,-8.435351,1.512599,3.881158,-4.133362,3.5862403,0.83761895,61.034573,80.13873,283.43997,0.0
2d,1,Left Ankle,4622538,1779734597404,-9.67,-1.15,-1.42,0.0,1.75,0.25,-0.4631958,0.59552,-0.5296631,-0.38763428
2d,3,Left Wrist,4422575,1779734597417,14.491135,-8.391332,-4.460222,-15.984224,5.7896996,57.29922,-101.442345,-26.821388,329.10193,0.0
2d,1,Left Ankle,4622562,1779734597443,-9.65,-1.09,-1.88,-1.875,3.5,0.5625,-0.4625244,0.5960083,-0.53009033,-0.38708496
2d,1,Left Ankle,4622577,1779734597444,-9.41,-1.09,-2.08,-2.1875,3.4375,0.375,-0.46228027,0.5961914,-0.53015137,-0.38702393
2d,4,Right Wrist,30625532,1779734597444,7.0509496,-1.8306098,1.2945169,-10.42496,21.211113,17.443727,-136.11781,-41.846256,206.51315,0.0
2d,1,Left Ankle,4622599,1779734597467,-9.33,-1.03,-2.53,-1.3125,4.8125,-1.0,-0.46142578,0.59680176,-0.5307007,-0.3862915
2d,2,Right Ankle,1664610,1779734597478,-8.490386,1.2876737,3.641876,-3.643362,1.4162402,0.907619,60.78171,80.11479,283.1922,0.0
2d,3,Left Wrist,4422634,1779734597479,14.644277,-7.7691984,-4.6875396,-29.004223,10.759699,53.02922,-101.47516,-26.875092,329.10562,0.0
2d,1,Left Ankle,4622623,1779734597495,-9.31,-1.02,-2.85,-0.125,1.625,-1.125,-0.4613037,0.59710693,-0.5307007,-0.38598633
2d,1,Left Ankle,4622640,1779734597496,-9.24,-1.03,-2.51,0.9375,-2.4375,-0.4375,-0.46136475,0.597229,-0.53045654,-0.38623047
2d,4,Right Wrist,30625592,1779734597499,7.4936223,-1.6870401,1.605584,-6.92496,16.381111,4.143728,-136.09332,-41.889324,206.49146,0.0
2d,1,Left Ankle,4622670,1779734597530,-9.36,-1.05,-2.26,2.25,-2.6875,-0.625,-0.461792,0.5968628,-0.53027344,-0.3862915
2d,2,Right Ankle,1664669,1779734597532,-8.583707,1.1297475,4.125226,-4.413362,1.3462402,1.957619,60.526398,80.09275,282.94232,0.0
2d,3,Left Wrist,4422695,1779734597542,14.524635,-7.6017013,-4.1922255,-33.554222,16.429699,48.129223,-101.50497,-26.931343,329.1058,0.0
2d,1,Left Ankle,4622679,1779734597555,-9.37,-1.42,-2.11,4.25,-5.0,-0.625,-0.4625244,0.5963745,-0.5302124,-0.38635254
2d,1,Left Ankle,4622705,1779734597556,-9.78,-1.12,-1.4,4.0625,-9.75,1.4375,-0.46374512,0.5952759,-0.5299072,-0.38702393
2d,4,Right Wrist,30625652,1779734597559,7.450551,-1.8353952,1.6534405,0.07503986,10.851111,-3.486272,-136.06795,-41.932236,206.4732,0.0
2d,1,Left Ankle,4622724,1779734597585,-9.72,-1.12,-1.14,3.4375,-4.625,0.5,-0.4645996,0.59454346,-0.5297241,-0.3873291
2d,2,Right Ankle,1664760,1779734597597,-8.531064,1.4910636,3.57727,-9.4533615,4.28624,3.917619,60.29129,80.06506,282.71432,0.0
2d,3,Left Wrist,4422754,1779734597605,15.115662,-8.2190485,-3.4456646,-21.794224,13.1397,45.32922,-101.52341,-26.988647,329.1039,0.0
2d,1,Left Ankle,4622748,1779734597616,-9.78,-1.2,-1.24,0.6875,-2.875,-0.9375,-0.4650879,0.5942993,-0.529541,-0.38739014
2d,4,Right Wrist,30625712,1779734597628,6.818846,-2.2302113,1.5409777,-2.02496,9.171112,-7.8962717,-136.04019,-41.97401,206.45403,0.0
2d,1,Left Ankle,4622765,1779734597647,-9.62,-1.13,-1.35,-1.125,-1.1875,-0.3125,-0.46520996,0.59417725,-0.5293579,-0.38763428
2d,1,Left Ankle,4622788,1779734597648,-9.67,-1.2,-1.51,-2.125,6.6875,-0.75,-0.46472168,0.5946045,-0.529541,-0.38739014
2d,2,Right Ankle,1664820,1779734597661,-8.523886,1.4168861,3.4791641,-3.853362,-0.053759813,2.097619,60.045887,80.0379,282.47394,0.0
2d,3,Left Wrist,4422815,1779734597661,15.11327,-8.302798,-3.4576287,-23.054224,4.6696997,43.43922,-101.54385,-27.046064,329.1054,0.0
2d,1,Left Ankle,4622809,1779734597679,-9.43,-1.1,-1.9,-2.3125,8.4375,-0.375,-0.46325684,0.5957031,-0.53027344,-0.38635254
2d,4,Right Wrist,30625772,1779734597679,6.976773,-2.0316064,1.6773688,-0.62495995,3.7111115,-7.406272,-136.0147,-42.014668,206.43753,0.0
2d,1,Left Ankle,4622827,1779734597715,-9.29,-1.09,-2.34,-2.25,9.9375,-0.5,-0.46270752,0.5961304,-0.5305786,-0.38598633
2d,1,Left Ankle,4622849,1779734597715,-9.22,-1.08,-2.88,-2.125,7.125,-0.625,-0.46154785,0.59716797,-0.53100586,-0.3852539
2d,2,Right Ankle,1664879,1779734597715,-8.576528,1.0675341,4.1371903,1.256638,0.7862402,1.1176189,59.79178,80.01629,282.22333,0.0
2d,3,Left Wrist,4422875,1779734597717,14.811773,-8.546866,-3.8309093,-18.854223,-7.790301,46.79922,-101.56849,-27.101725,329.1131,0.0
2d,1,Left Ankle,4622869,1779734597736,-9.38,-1.15,-2.46,0.3125,-0.8125,-0.5625,-0.46154785,0.59716797,-0.5309448,-0.3852539
2d,4,Right Wrist,30625833,1779734597739,7.074878,-1.8330022,1.6223338,4.90504,2.381112,-9.086272,-135.98982,-42.05638,206.42328,0.0
2d,1,Left Ankle,4622887,1779734597769,-9.57,-1.11,-1.97,2.0,-6.0625,0.0,-0.46270752,0.5960083,-0.5314331,-0.38500977
2d,1,Left Ankle,4622904,1779734597770,-9.63,-1.12,-1.47,1.3125,-4.0625,-0.375,-0.46331787,0.59558105,-0.5311279,-0.38537598
2d,3,Left Wrist,4422935,1779734597780,14.196818,-7.6304145,-3.6275191,1.9357764,-15.140301,44.90922,-101.58723,-27.157223,329.12375,0.0
2d,1,Left Ankle,4622923,1779734597811,-9.69,-1.15,-1.42,-0.5,-0.25,-0.9375,-0.46343994,0.59558105,-0.5309448,-0.385437
2d,4,Right Wrist,30625892,1779734597811,6.751847,-2.1536405,1.3854443,4.6950397,4.6911116,-7.2662716,-135.96109,-42.097607,206.40564,0.0
2d,2,Right Ankle,1664940,1779734597811,-8.624384,1.5221703,3.5006995,-9.313362,2.9562402,3.707619,59.558464,79.987434,281.99704,0.0
2d,1,Left Ankle,4622948,1779734597828,-9.48,-1.15,-1.9,-1.0,1.8125,-1.375,-0.4633789,0.59576416,-0.53100586,-0.38519287
2d,1,Left Ankle,4622968,1779734597830,-9.37,-1.14,-2.15,-0.8125,1.1875,-0.75,-0.4631958,0.5960083,-0.53100586,-0.38500977
2d,3,Left Wrist,4422995,1779734597847,14.811773,-8.309976,-3.0364919,-5.7642236,-8.770301,41.61922,-101.60076,-27.214176,329.1291,0.0
2d,4,Right Wrist,30625953,1779734597871,6.869096,-2.2948172,1.174876,-0.48496008,4.831112,1.9037279,-135.93161,-42.137226,206.38454,0.0
2d,1,Left Ankle,4622992,1779734597871,-9.46,-1.13,-2.16,-0.125,0.9375,-1.125,-0.46325684,0.5961914,-0.5309448,-0.38476562
2d,2,Right Ankle,1665000,1779734597872,-8.466457,1.2733169,3.6131623,-10.293362,2.32624,3.497619,59.31363,79.96194,281.7597,0.0
2d,1,Left Ankle,4623009,1779734597895,-9.36,-1.2,-2.09,0.625,0.6875,-0.8125,-0.46331787,0.5961914,-0.5309448,-0.38464355
2d,1,Left Ankle,4623029,1779734597896,-9.63,-1.16,-1.73,0.25,-1.8125,0.0625,-0.46398926,0.59539795,-0.53063965,-0.38549805
2d,3,Left Wrist,4423055,1779734597898,15.4698,-8.18555,-3.010171,0.7457764,-2.7503006,45.81922,-101.60999,-27.269707,329.1314,0.0
2d,4,Right Wrist,30626012,1779734597922,6.835596,-1.9789643,1.5074784,-7.41496,7.0711117,7.9937277,-135.90445,-42.17559,206.36182,0.0
2d,1,Left Ankle,4623048,1779734597922,-9.61,-1.13,-1.6,-0.1875,-0.9375,-0.1875,-0.4640503,0.5953369,-0.5305786,-0.38555908
2d,1,Left Ankle,4623069,1779734597948,-9.56,-1.17,-1.79,-0.9375,0.4375,-0.625,-0.46398926,0.595459,-0.5305176,-0.38562012
2d,1,Left Ankle,4623091,1779734597948,-9.54,-1.17,-1.94,-0.6875,0.625,-0.4375,-0.4644165,0.59484863,-0.5302124,-0.3864746
2d,2,Right Ankle,1665090,1779734597953,-8.552599,1.3953507,3.5413773,-6.093362,-2.5037599,2.447619,59.067284,79.93399,281.51917,0.0
2d,3,Left Wrist,4423115,1779734597957,15.005592,-7.8290186,-3.6634116,-1.3542236,-3.0303006,46.09922,-101.626465,-27.325544,329.1368,0.0
2d,1,Left Ankle,4623109,1779734597981,-9.37,-1.19,-2.01,-0.4375,1.375,-0.4375,-0.4642334,0.5949707,-0.5303345,-0.3862915
2d,4,Right Wrist,30626072,1779734597981,6.651348,-1.8162527,1.4021941,-5.17496,9.451112,8.903728,-135.87682,-42.214973,206.33868,0.0
2d,1,Left Ankle,4623124,1779734597981,-9.42,-1.13,-2.02,-0.5625,1.25,-0.0625,-0.46447754,0.5946045,-0.5302124,-0.3867798
2d,2,Right Ankle,1665150,1779734598020,-8.5191,1.4288502,3.6394832,-3.7833622,-3.3437595,1.467619,58.823044,79.905525,281.27988,0.0
2d,3,Left Wrist,4423174,1779734598021,14.964914,-7.7668056,-3.481557,6.1357765,-5.270301,41.61922,-101.63945,-27.382698,329.14276,0.0
2d,1,Left Ankle,4623153,1779734598050,-9.54,-1.16,-2.07,-0.5625,0.375,-0.375,-0.46496582,0.59375,-0.5300293,-0.38775635
2d,4,Right Wrist,30626132,1779734598050,6.804489,-1.7109681,1.4596218,-4.89496,7.1411114,5.263728,-135.85152,-42.25498,206.31825,0.0
2d,1,Left Ankle,4623172,1779734598072,-9.54,-1.14,-1.85,-0.5625,-0.875,-0.3125,-0.46606445,0.59228516,-0.52941895,-0.3895874
2d,1,Left Ankle,4623190,1779734598073,-9.46,-1.21,-1.7,-0.75,2.5,0.1875,-0.46594238,0.59228516,-0.5296631,-0.38928223
2d,2,Right Ankle,1665240,1779734598081,-8.53585,1.3355302,3.6610188,-3.923362,-1.1737598,2.517619,58.579765,79.87834,281.0417,0.0
2d,3,Left Wrist,4423235,1779734598082,15.058234,-7.8720894,-3.739982,9.075776,-13.180301,40.079224,-101.6549,-27.439917,329.1528,0.0
2d,1,Left Ankle,4623222,1779734598096,-9.63,-1.21,-1.77,-0.125,3.0625,0.625,-0.4656372,0.59246826,-0.52996826,-0.38897705
2d,1,Left Ankle,4623231,1779734598097,-9.63,-1.18,-1.87,-0.125,2.3125,0.25,-0.46636963,0.59143066,-0.5297241,-0.39001465
2d,4,Right Wrist,30626192,1779734598098,6.792525,-1.7612177,1.4452649,-2.16496,6.161112,0.013727903,-135.82623,-42.295918,206.29962,0.0
2d,1,Left Ankle,4623258,1779734598132,-9.48,-1.14,-1.93,-0.5,2.6875,-0.1875,-0.46673584,0.5907593,-0.52960205,-0.3908081
2d,1,Left Ankle,4623271,1779734598132,-9.51,-1.09,-2.19,-0.875,2.875,-0.4375,-0.46673584,0.59039307,-0.52960205,-0.39135742
2d,2,Right Ankle,1665300,1779734598133,-8.5262785,1.4575641,3.6394832,-4.693362,-1.5937599,3.077619,58.343765,79.848946,280.81097,0.0
2d,3,Left Wrist,4423294,1779734598138,14.795023,-8.09223,-3.5413773,8.165776,-10.730301,40.49922,-101.66873,-27.497335,329.16122,0.0
2d,1,Left Ankle,4623296,1779734598163,-9.45,-1.11,-2.19,-0.875,1.875,-0.625,-0.4666748,0.5901489,-0.52960205,-0.39172363
2d,4,Right Wrist,30626252,1779734598164,6.7231336,-1.9047868,1.3304094,-4.68496,7.211112,0.57372785,-135.8003,-42.336895,206.27965,0.0
2d,1,Left Ankle,4623319,1779734598185,-9.4,-1.21,-2.16,-0.375,1.25,-1.0,-0.4668579,0.5899048,-0.52941895,-0.39208984
2d,2,Right Ankle,1665360,1779734598193,-8.516707,1.3427086,3.7447674,-3.573362,-1.5937599,3.427619,58.10429,79.82102,280.5765,0.0
2d,3,Left Wrist,4423355,1779734598198,14.912272,-7.8529477,-3.4935212,7.5357766,-14.230301,41.75922,-101.68299,-27.553898,329.17075,0.0
2d,1,Left Ankle,4623341,1779734598224,-9.59,-1.12,-1.96,0.3125,-0.8125,-0.5,-0.46722412,0.58935547,-0.5296631,-0.39215088
2d,1,Left Ankle,4623363,1779734598224,-9.53,-1.19,-1.86,0.5,0.4375,-0.625,-0.4677124,0.58880615,-0.52941895,-0.39282227
2d,4,Right Wrist,30626312,1779734598224,6.794918,-1.8688948,1.442872,-2.02496,5.601112,3.163728,-135.77339,-42.37663,206.25948,0.0
2d,1,Left Ankle,4623378,1779734598246,-9.45,-1.16,-1.85,0.0625,1.6875,-0.5625,-0.46765137,0.5888672,-0.52948,-0.39276123
2d,2,Right Ankle,1665419,1779734598254,-8.509529,1.4097077,3.5892339,-5.043362,-0.47375977,3.917619,57.87091,79.79189,280.34866,0.0
2d,3,Left Wrist,4423415,1779734598257,15.323838,-8.235799,-3.2039895,2.6357765,-13.810301,47.63922,-101.69522,-27.60835,329.17804,0.0
2d,1,Left Ankle,4623400,1779734598277,-9.52,-1.17,-2.05,-0.375,1.125,-0.5,-0.4677124,0.58862305,-0.52923584,-0.39318848
2d,1,Left Ankle,4623422,1779734598277,-9.44,-1.11,-2.2,0.0,0.375,-0.5625,-0.46777344,0.588501,-0.52923584,-0.39337158
2d,4,Right Wrist,30626373,1779734598288,6.792525,-1.8042881,1.4452649,-2.30496,5.391112,3.373728,-135.74709,-42.416447,206.2396,0.0
2d,1,Left Ankle,4623445,1779734598313,-9.44,-1.16,-2.16,0.5,-0.125,-0.75,-0.46783447,0.588562,-0.5291748,-0.39331055
2d,3,Left Wrist,4423475,1779734598322,15.13002,-8.211871,-3.227918,1.0257764,-15.350301,50.929222,-101.70867,-27.661676,329.18588,0.0
2d,1,Left Ankle,4623464,1779734598336,-9.47,-1.18,-1.93,0.5625,-1.4375,-0.6875,-0.46826172,0.58807373,-0.5288696,-0.39385986
2d,1,Left Ankle,4623484,1779734598336,-9.56,-1.18,-1.84,0.375,-2.1875,-0.4375,-0.46868896,0.5877075,-0.5286255,-0.39434814
2d,4,Right Wrist,30626432,1779734598346,6.818846,-1.9119653,1.457229,-4.89496,7.701112,2.323728,-135.7205,-42.456745,206.21869,0.0
2d,2,Right Ankle,1665480,1779734598347,-8.550207,1.4144933,3.6466618,-5.743362,-0.47375977,4.197619,57.638763,79.76255,280.12228,0.0
2d,1,Left Ankle,4623503,1779734598366,-9.51,-1.18,-1.79,0.3125,0.375,-0.1875,-0.46868896,0.5877075,-0.52856445,-0.39440918
2d,3,Left Wrist,4423535,1779734598381,14.981664,-7.8864465,-3.0987053,5.5757766,-14.1603,48.899223,-101.71977,-27.715559,329.19318,0.0
2d,1,Left Ankle,4623521,1779734598408,-9.47,-1.16,-2.02,-0.5,1.375,-0.5625,-0.46899414,0.58721924,-0.5284424,-0.3949585
2d,1,Left Ankle,4623543,1779734598408,-9.41,-1.17,-2.07,-0.0625,0.9375,-0.6875,-0.46923828,0.5869751,-0.52838135,-0.39508057
2d,4,Right Wrist,30626493,1779734598408,6.648956,-1.8545377,1.4811572,-4.8249598,8.961112,3.5837278,-135.69322,-42.496838,206.19685,0.0
2d,2,Right Ankle,1665540,1779734598408,-8.516707,1.4767067,3.6897326,-6.233362,-1.2437598,3.987619,57.40999,79.73199,279.89935,0.0
2d,1,Left Ankle,4623567,1779734598426,-9.43,-1.23,-2.16,0.4375,-1.875,-0.0625,-0.46954346,0.5866699,-0.52819824,-0.39544678
2d,3,Left Wrist,4423595,1779734598451,14.873987,-7.9606247,-2.9647074,2.0057764,-8.910301,46.16922,-101.7302,-27.77073,329.19815,0.0
2d,1,Left Ankle,4623584,1779734598456,-9.53,-1.16,-1.94,0.5,-1.1875,0.1875,-0.46990967,0.5862427,-0.5279541,-0.39593506
2d,4,Right Wrist,30626552,1779734598460,6.7350974,-1.6822546,1.5050855,-4.05496,8.751112,4.073728,-135.66719,-42.53735,206.17598,0.0
2d,2,Right Ankle,1665630,1779734598470,-8.521493,1.4814924,3.6466618,-5.393362,0.01624024,3.777619,57.184757,79.70148,279.67972,0.0
2d,1,Left Ankle,4623607,1779734598485,-9.56,-1.17,-1.87,0.0625,-0.5,-0.3125,-0.47027588,0.5858154,-0.52770996,-0.39648438
2d,1,Left Ankle,4623623,1779734598486,-9.48,-1.22,-1.83,-0.5625,0.875,-0.6875,-0.4706421,0.5853882,-0.5274658,-0.39697266
2d,3,Left Wrist,4423655,1779734598499,14.751953,-8.22862,-3.208775,-0.65422356,-7.440301,47.91922,-101.74326,-27.82581,329.20337,0.0
2d,1,Left Ankle,4623651,1779734598518,-9.6,-1.17,-1.85,-0.625,0.875,-0.5,-0.4710083,0.585022,-0.5272217,-0.3973999
2d,4,Right Wrist,30626612,1779734598520,6.77099,-1.7923242,1.5050855,-1.6749599,6.9311113,0.29372787,-135.64073,-42.57806,206.15639,0.0
2d,2,Right Ankle,1665690,1779734598524,-8.490386,1.4743139,3.5700915,-4.063362,-0.123759866,3.217619,56.960205,79.670845,279.4603,0.0
2d,1,Left Ankle,4623670,1779734598548,-9.53,-1.15,-1.94,-0.9375,2.1875,-0.625,-0.47113037,0.58477783,-0.52697754,-0.39788818
2d,1,Left Ankle,4623685,1779734598549,-9.39,-1.2,-2.12,-1.0,2.5625,-0.875,-0.47143555,0.5844116,-0.5274658,-0.39746094
2d,3,Left Wrist,4423714,1779734598557,14.474385,-7.8457685,-2.6368904,5.2257767,-2.1903007,48.269222,-101.74889,-27.880482,329.2045,0.0
2d,1,Left Ankle,4623710,1779734598582,-9.39,-1.2,-2.11,-0.375,2.5625,-0.375,-0.47131348,0.58447266,-0.5276489,-0.39733887
2d,4,Right Wrist,30626672,1779734598582,6.7638116,-1.8521447,1.5553347,-0.83496,6.3011117,-1.0362723,-135.61377,-42.61854,206.137,0.0
2d,2,Right Ankle,1665750,1779734598583,-8.499957,1.5317415,3.5389845,-5.1133623,0.3662402,3.007619,56.740364,79.63933,279.2459,0.0
2d,1,Left Ankle,4623729,1779734598606,-9.53,-1.23,-2.03,0.25,0.1875,-0.3125,-0.47149658,0.5841675,-0.5276489,-0.39752197
2d,1,Left Ankle,4623751,1779734598607,-9.43,-1.21,-1.93,0.0625,-1.25,-0.1875,-0.47180176,0.5838623,-0.5274048,-0.39788818
2d,3,Left Wrist,4423775,1779734598622,15.012772,-8.494225,-3.6323047,-6.8842235,8.729699,50.15922,-101.764366,-27.936169,329.2048,0.0
2d,1,Left Ankle,4623770,1779734598643,-9.47,-1.2,-1.99,-0.1875,-1.125,-0.375,-0.47210693,0.5835571,-0.5272217,-0.3982544
2d,4,Right Wrist,30626732,1779734598654,6.7590256,-1.8234313,1.430908,-6.64496,7.6311116,1.833728,-135.58833,-42.65926,206.11649,0.0
2d,2,Right Ankle,1665810,1779734598654,-8.559778,1.5365273,3.5294135,-5.393362,-0.40375984,3.007619,56.52012,79.60757,279.03116,0.0
2d,1,Left Ankle,4623794,1779734598674,-9.45,-1.15,-2.03,-0.625,-0.0625,-0.375,-0.47229004,0.583313,-0.5270996,-0.39855957
2d,1,Left Ankle,4623809,1779734598674,-9.48,-1.21,-2.15,-0.1875,-0.8125,-0.3125,-0.4724121,0.5831909,-0.5270386,-0.39874268
2d,3,Left Wrist,4423834,1779734598677,14.835701,-7.5729876,-3.682554,-4.2242236,-1.7703009,47.00922,-101.782425,-27.99178,329.21017,0.0
2d,1,Left Ankle,4623832,1779734598695,-9.52,-1.22,-2.09,0.3125,-1.1875,-0.25,-0.4729004,0.58258057,-0.5272217,-0.39874268
2d,4,Right Wrist,30626792,1779734598699,6.632206,-1.9358939,1.4524434,-3.14496,9.661112,4.213728,-135.55927,-42.699203,206.09354,0.0
2d,2,Right Ankle,1665870,1779734598702,-8.528671,1.5724196,3.5485559,-5.8833623,0.4362402,2.447619,56.304157,79.5754,278.8209,0.0
2d,1,Left Ankle,4623871,1779734598735,-9.5,-1.23,-1.9,0.0625,-3.4375,-0.0625,-0.47387695,0.5817261,-0.5265503,-0.39971924
2d,1,Left Ankle,4623849,1779734598735,-9.49,-1.17,-1.92,0.6875,-2.4375,-0.125,-0.47338867,0.5821533,-0.52697754,-0.39916992
2d,3,Left Wrist,4423895,1779734598741,14.457636,-8.099408,-3.57727,2.7057765,-13.390301,43.43922,-101.799644,-28.04816,329.22003,0.0
2d,1,Left Ankle,4623888,1779734598757,-9.51,-1.21,-1.9,0.3125,-3.625,0.0,-0.4744873,0.58117676,-0.5261841,-0.4003296
2d,4,Right Wrist,30626852,1779734598759,6.8834524,-1.8760734,1.3663017,-4.40496,7.5611115,6.313728,-135.53201,-42.739132,206.07149,0.0
2d,2,Right Ankle,1665930,1779734598766,-8.540635,1.5197775,3.5006995,-7.213362,-0.123759866,2.867619,56.085205,79.54353,278.60812,0.0
2d,1,Left Ankle,4623914,1779734598787,-9.66,-1.15,-1.7,0.875,-4.5625,0.4375,-0.47521973,0.5805054,-0.5256958,-0.401062
2d,1,Left Ankle,4623928,1779734598789,-9.52,-1.16,-1.72,0.5,-2.75,0.4375,-0.475708,0.57995605,-0.5253906,-0.40167236
2d,3,Left Wrist,4423955,1779734598798,14.426529,-8.250156,-3.3786654,3.5457764,-11.150301,43.859222,-101.81419,-28.104628,329.22803,0.0
2d,1,Left Ankle,4623951,1779734598827,-9.42,-1.22,-1.84,-0.1875,-0.75,-0.0625,-0.47595215,0.5797119,-0.5251465,-0.40197754
2d,4,Right Wrist,30626913,1779734598827,6.7350974,-1.9765719,1.4333007,-5.38496,6.9311113,7.223728,-135.50357,-42.77781,206.04832,0.0
2d,2,Right Ankle,1665990,1779734598834,-8.502351,1.567634,3.5294135,-6.793362,-1.5237597,2.7976189,55.868702,79.5105,278.39758,0.0
2d,1,Left Ankle,4623973,1779734598846,-9.44,-1.16,-2.09,-0.125,0.0625,-0.1875,-0.47601318,0.57958984,-0.5251465,-0.4020996
2d,1,Left Ankle,4623995,1779734598846,-9.45,-1.15,-2.07,-0.25,0.625,-0.25,-0.47613525,0.57940674,-0.5253296,-0.40197754
2d,3,Left Wrist,4424015,1779734598865,14.500707,-7.7811627,-3.0795627,0.11577642,-8.4203005,43.50922,-101.82702,-28.160973,329.2339,0.0
2d,1,Left Ankle,4624014,1779734598877,-9.49,-1.2,-1.92,-0.3125,1.0625,-0.5625,-0.47607422,0.57940674,-0.5253906,-0.40197754
2d,4,Right Wrist,30626972,1779734598879,6.6274204,-1.8018957,1.605584,-8.184959,5.601112,10.373728,-135.47643,-42.81504,206.02502,0.0
2d,2,Right Ankle,1666050,1779734598890,-8.516707,1.5197775,3.6634116,-5.043362,-1.9437598,2.097619,55.64965,79.47851,278.1839,0.0
2d,1,Left Ankle,4624032,1779734598915,-9.56,-1.18,-1.77,-0.75,1.625,-0.625,-0.4763794,0.5790405,-0.52575684,-0.40167236
2d,3,Left Wrist,4424075,1779734598918,15.089342,-8.479867,-3.2135608,-14.024223,-5.3403006,47.429222,-101.843765,-28.216404,329.2381,0.0
2d,1,Left Ankle,4624058,1779734598937,-9.5,-1.25,-1.84,-0.5625,1.5625,-0.8125,-0.47650146,0.57910156,-0.52563477,-0.40167236
2d,4,Right Wrist,30627032,1779734598939,6.8595243,-1.7516462,1.4356936,-1.11496,1.6111116,4.073728,-135.45056,-42.85409,206.00615,0.0
2d,2,Right Ankle,1666110,1779734598944,-8.478422,1.5437057,3.4983065,-5.043362,-0.89375985,2.377619,55.435623,79.4457,277.97525,0.0
2d,1,Left Ankle,4624076,1779734598967,-9.5,-1.23,-1.91,-0.6875,1.125,-0.5,-0.47650146,0.5790405,-0.5255127,-0.40185547
2d,1,Left Ankle,4624098,1779734598969,-9.51,-1.2,-2.0,-0.1875,1.0625,-0.1875,-0.477417,0.5778198,-0.52685547,-0.40075684
2d,3,Left Wrist,4424135,1779734598984,15.134805,-7.7380915,-3.1489544,2.4957764,-10.3803005,47.77922,-101.85578,-28.270897,329.24432,0.0
2d,1,Left Ankle,4624118,1779734598996,-9.43,-1.21,-2.06,0.0625,1.25,-0.0625,-0.47735596,0.5778198,-0.5269165,-0.40075684
2d,1,Left Ankle,4624132,1779734599005,-9.46,-1.19,-2.03,0.25,0.9375,0.0,-0.4776001,0.5773926,-0.5274658,-0.4003296
2d,2,Right Ankle,1666169,1779734599005,-8.509529,1.5843837,3.4624143,-5.1133623,-1.1037599,2.377619,55.2248,79.41201,277.76978,0.0
2d,4,Right Wrist,30627092,1779734599007,6.924131,-1.9598218,1.4476578,-3.42496,3.081112,0.9937279,-135.42426,-42.893673,205.9867,0.0
2d,1,Left Ankle,4624161,1779734599027,-9.46,-1.19,-2.03,0.3125,0.1875,-0.4375,-0.4776001,0.5773926,-0.5274658,-0.4003296
2d,3,Left Wrist,4424195,1779734599040,14.84288,-7.8098764,-3.1465619,2.4957764,-10.730301,44.90922,-101.86831,-28.32654,329.25107,0.0
2d,1,Left Ankle,4624178,1779734599075,-9.51,-1.22,-1.98,0.8125,-1.875,-0.5,-0.47784424,0.5772095,-0.52734375,-0.4005127
2d,2,Right Ankle,1666230,1779734599076,-8.531064,1.5365273,3.5365918,-5.463362,-1.3837599,2.867619,55.01182,79.37896,277.56232,0.0
2d,4,Right Wrist,30627152,1779734599076,6.782954,-2.0722845,1.3663017,-8.04496,5.601112,5.543728,-135.39671,-42.932484,205.96404,0.0
2d,1,Left Ankle,4624199,1779734599076,-9.46,-1.2,-1.88,1.1875,-1.9375,-0.0625,-0.47839355,0.5767212,-0.52716064,-0.40081787
2d,1,Left Ankle,4624221,1779734599090,-9.5,-1.21,-1.83,0.6875,-0.875,-0.0625,-0.47851562,0.5765991,-0.5270996,-0.40093994
2d,3,Left Wrist,4424254,1779734599101,15.165912,-8.008481,-2.672783,5.8557763,-3.1003008,45.18922,-101.87344,-28.382017,329.25256,0.0
2d,1,Left Ankle,4624240,1779734599126,-9.49,-1.22,-1.83,-0.125,1.1875,-0.5,-0.4786377,0.576416,-0.5270386,-0.40112305
2d,4,Right Wrist,30627212,1779734599126,6.8260245,-1.8665018,1.4548361,-5.8049603,3.5711117,7.6437283,-135.37,-42.970657,205.94241,0.0
2d,2,Right Ankle,1666290,1779734599127,-8.495172,1.5772052,3.4983065,-5.813362,-1.4537598,2.657619,54.80267,79.345024,277.35876,0.0
2d,1,Left Ankle,4624270,1779734599151,-9.49,-1.26,-1.89,-0.375,1.4375,-0.6875,-0.47869873,0.57647705,-0.52697754,-0.401062
2d,1,Left Ankle,4624280,1779734599152,-9.47,-1.24,-1.9,-0.3125,0.8125,-0.4375,-0.47869873,0.576416,-0.52697754,-0.401062
2d,3,Left Wrist,4424315,1779734599162,15.185054,-7.9630165,-3.3499517,-9.124224,-1.7003007,44.769222,-101.88956,-28.438438,329.25638,0.0
