session_name,device_id,body_location,device_ts_ms,wall_clock_ms,accel_x,accel_y,accel_z,gyro_x,gyro_y,gyro_z,quat_w,quat_x,quat_y,quat_z
4a,1,Left Ankle,5330651,1779735305538,-8.84,-1.82,-3.84,0.75,-0.8125,-0.1875,-0.49560547,0.5028076,-0.6676636,-0.23620605
4a,2,Right Ankle,2372720,1779735305539,-8.641134,-0.32987434,3.8763728,-8.613362,-1.1737598,2.237619,-3.1950502,65.87278,229.00256,0.0
4a,4,Right Wrist,31333641,1779735305539,3.9666018,-3.8788657,-6.996613,-3.77496,5.8111115,1.4837279,-150.68,-25.921057,195.13742,0.0
4a,1,Left Ankle,5330670,1779735305538,-8.85,-1.86,-3.88,1.3125,-2.25,-0.0625,-0.49591064,0.5026245,-0.6675415,-0.23620605
4a,3,Left Wrist,5130715,1779735305540,16.450857,-8.5971155,-2.3425734,-20.114223,-3.1003008,51.06922,-95.66439,-57.710815,351.6865,0.0
4a,1,Left Ankle,5330687,1779735305565,-8.88,-1.76,-3.91,1.5625,-2.6875,0.0,-0.4963379,0.5023804,-0.66741943,-0.23626709
4a,4,Right Wrist,31333702,1779735305609,4.0766716,-4.091827,-7.0540414,-5.87496,2.4511118,-0.26627207,-150.629,-25.964619,195.1139,0.0
4a,3,Left Wrist,5130776,1779735305620,18.089941,-9.324533,-3.3571303,-7.0242233,-17.3103,65.909225,-95.76963,-57.720173,351.77542,0.0
4a,1,Left Ankle,5330709,1779735305628,-8.81,-1.79,-3.89,1.4375,-3.0625,0.0,-0.49682617,0.50219727,-0.6671753,-0.23632812
4a,1,Left Ankle,5330729,1779735305629,-8.81,-1.87,-3.83,1.625,-3.1875,-0.875,-0.49731445,0.5019531,-0.66693115,-0.23638916
4a,1,Left Ankle,5330749,1779735305628,-8.85,-1.85,-3.77,1.625,-3.0,-0.125,-0.49780273,0.501709,-0.66674805,-0.2364502
4a,2,Right Ankle,2372781,1779735305630,-8.557385,-0.16716242,3.8213377,-7.493362,-0.6837598,1.2576189,-3.0144792,65.884186,229.16995,0.0
4a,1,Left Ankle,5330777,1779735305647,-8.84,-1.83,-3.69,1.5625,-2.9375,0.3125,-0.49835205,0.50146484,-0.66656494,-0.23651123
4a,1,Left Ankle,5330797,1779735305648,-8.79,-1.81,-3.7,1.4375,-3.125,0.25,-0.49908447,0.5010376,-0.66619873,-0.2366333
4a,4,Right Wrist,31333761,1779735305659,3.7943187,-3.9027936,-6.922436,-9.234961,4.2711115,2.953728,-150.6245,-25.893969,195.10907,0.0
4a,3,Left Wrist,5130835,1779735305663,20.22673,-8.128122,-1.4763715,3.0557766,-13.390301,88.939224,-95.79471,-57.763363,351.79837,0.0
4a,1,Left Ankle,5330818,1779735305679,-8.95,-1.84,-3.64,1.625,-3.4375,0.4375,-0.49969482,0.5007324,-0.6659546,-0.23675537
4a,2,Right Ankle,2372871,1779735305687,-8.5980625,-0.2604825,3.8069808,-5.813362,-1.5937599,-0.9823811,-3.16731,65.91475,229.0322,0.0
4a,1,Left Ankle,5330838,1779735305706,-8.93,-1.9,-3.58,1.625,-3.8125,-0.1875,-0.5003662,0.50042725,-0.6656494,-0.23687744
4a,4,Right Wrist,31333822,1779735305718,3.8804603,-4.010471,-6.9104714,-8.53496,2.0311117,3.5837278,-150.55173,-25.895151,195.07469,0.0
4a,3,Left Wrist,5130896,1779735305720,17.400808,-7.8122697,-1.9836501,6.4857764,3.8996992,89.00922,-95.84333,-57.79881,351.83902,0.0
4a,1,Left Ankle,5330863,1779735305737,-8.89,-1.87,-3.23,0.6875,-3.4375,0.6875,-0.50097656,0.5001221,-0.66534424,-0.23718262
4a,1,Left Ankle,5330878,1779735305737,-9.21,-1.77,-3.39,0.0625,-0.5,0.75,-0.50109863,0.49993896,-0.6652832,-0.23736572
4a,2,Right Ankle,2372931,1779735305744,-8.495172,-0.26766098,3.8572302,-3.853362,-2.2237597,-0.91238093,-3.270252,65.86599,228.93933,0.0
4a,4,Right Wrist,31333881,1779735305770,3.6052854,-3.85733,-6.800402,-7.5549603,1.751112,-0.54627204,-150.54701,-25.824009,195.07137,0.0
4a,1,Left Ankle,5330899,1779735305770,-9.04,-1.8,-3.52,-0.5,0.25,0.3125,-0.50128174,0.49987793,-0.66522217,-0.2374878
4a,3,Left Wrist,5130956,1779735305794,15.450658,-6.9628167,-1.9214365,80.685776,16.919699,60.23922,-95.86711,-57.841675,351.8787,0.0
4a,1,Left Ankle,5330924,1779735305810,-8.8,-1.85,-3.77,-0.3125,1.5625,-0.3125,-0.50115967,0.49987793,-0.66522217,-0.23742676
4a,1,Left Ankle,5330945,1779735305810,-8.86,-1.85,-3.75,-0.875,1.1875,0.9375,-0.50097656,0.49993896,-0.6654053,-0.23742676
4a,2,Right Ankle,2372991,1779735305811,-8.437744,-0.46865803,3.9409788,0.7666378,-0.89375985,1.327619,-3.4069867,65.82725,228.81453,0.0
4a,1,Left Ankle,5330965,1779735305833,-9.0,-1.87,-3.67,-0.8125,1.0,1.25,-0.5007324,0.49987793,-0.66552734,-0.23754883
4a,4,Right Wrist,31333941,1779735305834,3.4018958,-3.4888358,-6.963114,-4.61496,2.7311115,-4.8862715,-150.60487,-25.783209,195.09677,0.0
4a,3,Left Wrist,5131015,1779735305843,16.67339,-9.515959,-2.2995026,188.62578,21.4697,37.839222,-95.88593,-57.855724,351.94565,0.0
4a,1,Left Ankle,5331002,1779735305860,-9.01,-1.82,-3.36,-0.9375,2.9375,1.6875,-0.5003662,0.49969482,-0.6658325,-0.237854
4a,1,Left Ankle,5330984,1779735305861,-8.94,-1.81,-3.49,-0.8125,0.75,1.625,-0.5006714,0.49975586,-0.6656494,-0.23773193
4a,2,Right Ankle,2373050,1779735305864,-8.523886,-0.28441072,3.8955152,-7.0733624,-1.3837599,3.917619,-3.4943795,65.77668,228.73763,0.0
4a,1,Left Ankle,5331026,1779735305891,-8.92,-1.86,-3.48,-1.625,5.875,0.6875,-0.49938965,0.5,-0.6664429,-0.23754883
4a,4,Right Wrist,31334001,1779735305891,3.3731818,-3.8286166,-7.0971117,-6.78496,5.181112,-7.7562714,-150.63084,-25.720558,195.10834,0.0
4a,3,Left Wrist,5131076,1779735305898,16.036898,-13.303797,-0.2009971,191.63577,1.6596994,46.09922,-95.763054,-57.775047,351.89713,0.0
4a,1,Left Ankle,5331049,1779735305916,-8.92,-1.81,-3.73,-1.4375,5.875,1.1875,-0.4985962,0.5001831,-0.6669922,-0.23736572
4a,2,Right Ankle,2373111,1779735305923,-8.811024,-0.25330403,3.6897326,-7.563362,-2.5037599,5.737619,-3.5081475,65.831665,228.72833,0.0
4a,1,Left Ankle,5331069,1779735305946,-8.81,-1.81,-3.92,-1.375,5.25,0.9375,-0.49786377,0.50042725,-0.66741943,-0.23712158
4a,1,Left Ankle,5331089,1779735305947,-8.82,-1.76,-3.84,-1.25,5.25,0.9375,-0.49713135,0.50061035,-0.6679077,-0.23693848
4a,4,Right Wrist,31334061,1779735305949,3.3492534,-3.9913282,-6.941579,-8.39496,9.241112,-9.856272,-150.62146,-25.652605,195.10428,0.0
4a,3,Left Wrist,5131135,1779735305962,13.256439,-11.384753,2.7565317,162.16577,-15.4203005,55.339222,-95.62331,-57.7275,351.82867,0.0
4a,1,Left Ankle,5331105,1779735305976,-8.92,-1.81,-3.85,-1.0625,4.6875,0.9375,-0.496521,0.50079346,-0.66833496,-0.23675537
4a,1,Left Ankle,5331126,1779735305977,-8.84,-1.78,-3.65,-1.1875,6.0625,1.0625,-0.4958496,0.50097656,-0.6687622,-0.23657227
4a,1,Left Ankle,5331150,1779735306008,-8.89,-1.77,-3.64,-1.0,6.5,0.1875,-0.49523926,0.5012207,-0.6691284,-0.23626709
4a,4,Right Wrist,31334122,1779735306009,3.1865416,-3.5965123,-6.7669024,-9.44496,10.501112,-16.436272,-150.65538,-25.595861,195.1204,0.0
4a,2,Right Ankle,2373170,1779735306014,-8.420994,-0.24851838,3.9505503,-4.693362,-3.6237597,7.4176188,-3.5091107,65.77466,228.73,0.0
4a,3,Left Wrist,5131196,1779735306017,9.497314,-12.167207,7.4225354,89.575775,12.2997,84.24922,-95.499374,-57.67551,351.74658,0.0
4a,1,Left Ankle,5331167,1779735306042,-8.79,-1.84,-3.63,-1.8125,6.875,0.3125,-0.49456787,0.5015259,-0.6694336,-0.23596191
4a,1,Left Ankle,5331196,1779735306066,-8.83,-1.82,-3.63,-2.25,8.875,0.875,-0.49365234,0.5018921,-0.6699829,-0.23565674
4a,4,Right Wrist,31334181,1779735306075,3.071686,-3.3979082,-6.9320073,-13.01496,8.331112,-31.206272,-150.70938,-25.550806,195.14903,0.0
4a,2,Right Ankle,2373231,1779735306075,-8.406637,-0.2820179,4.022335,-3.9933622,-4.3237596,10.91762,-3.5228453,65.7178,228.7204,0.0
4a,1,Left Ankle,5331211,1779735306075,-8.88,-1.86,-3.65,-2.8125,9.625,1.1875,-0.4925537,0.50231934,-0.67059326,-0.23522949
4a,3,Left Wrist,5131255,1779735306078,7.8701954,-6.3981113,4.4458647,-0.16422355,36.1697,115.88922,-95.385315,-57.628773,351.64136,0.0
4a,1,Left Ankle,5331227,1779735306102,-8.58,-1.9,-3.64,-3.9375,9.0,4.1875,-0.49139404,0.5025635,-0.6713257,-0.23522949
4a,1,Left Ankle,5331247,1779735306102,-9.1,-1.68,-3.89,-2.375,12.0625,1.875,-0.48986816,0.50286865,-0.67230225,-0.23480225
4a,1,Left Ankle,5331267,1779735306127,-8.52,-1.76,-4.21,-1.875,11.9375,3.1875,-0.48815918,0.50323486,-0.6734619,-0.23425293
4a,4,Right Wrist,31334242,1779735306129,3.0166512,-3.3380876,-7.235895,-24.284962,1.1911116,-39.886272,-150.77328,-25.50765,195.18369,0.0
4a,2,Right Ankle,2373321,1779735306138,-8.811024,-0.07623515,4.0390844,0.97663784,-1.1037599,17.91762,-3.3433263,65.6956,228.88625,0.0
4a,3,Left Wrist,5131316,1779735306140,10.605191,-8.451153,2.5268207,-16.194223,9.429699,115.049225,-95.28828,-57.570805,351.55087,0.0
4a,1,Left Ankle,5331288,1779735306156,-8.41,-1.8,-4.17,-2.6875,9.4375,5.5,-0.4866333,0.5032959,-0.67456055,-0.23406982
4a,1,Left Ankle,5331313,1779735306186,-8.74,-1.7,-4.4,-1.875,8.875,7.0625,-0.48516846,0.5029907,-0.6758423,-0.23413086
4a,1,Left Ankle,5331328,1779735306189,-8.22,-1.82,-4.61,0.0625,5.6875,7.4375,-0.4840088,0.5026245,-0.67700195,-0.23406982
4a,4,Right Wrist,31334301,1779735306190,2.0020945,-3.7472606,-6.9894347,-35.83496,8.891111,-40.02627,-150.79807,-25.443922,195.1986,0.0
4a,3,Left Wrist,5131375,1779735306201,14.373887,-6.757035,-0.72263247,-100.894226,-51.0503,116.37923,-95.35247,-57.603912,351.58282,0.0
4a,1,Left Ankle,5331350,1779735306217,-7.23,-2.15,-4.47,1.875,0.3125,10.1875,-0.4835205,0.50146484,-0.6779785,-0.2345581
4a,2,Right Ankle,2373380,1779735306222,-8.858881,0.10561936,3.7902312,-0.9833622,-2.57376,19.387619,-3.1845665,65.73189,229.0341,0.0
4a,1,Left Ankle,5331375,1779735306247,-7.4,-1.99,-4.57,2.3125,-2.125,20.4375,-0.48321533,0.49920654,-0.67944336,-0.23583984
4a,1,Left Ankle,5331395,1779735306248,-8.27,-1.81,-4.8,4.6875,-5.0,27.3125,-0.48303223,0.49572754,-0.6814575,-0.237854
4a,4,Right Wrist,31334362,1779735306249,2.0236297,-2.2996027,-5.814559,-43.95496,19.881111,-32.886272,-150.87038,-25.406612,195.22903,0.0
4a,3,Left Wrist,5131436,1779735306260,14.668204,-7.8960176,5.2929235,9.845777,-62.320297,54.56922,-95.292076,-57.59581,351.54538,0.0
4a,1,Left Ankle,5331410,1779735306276,-7.98,-2.16,-5.2,9.1875,-15.3125,28.75,-0.48394775,0.49127197,-0.6831665,-0.24017334
4a,2,Right Ankle,2373441,1779735306292,-8.770347,0.2779026,3.8691943,-4.203362,-4.7437596,19.667618,-2.9909751,65.74497,229.21475,0.0
4a,1,Left Ankle,5331435,1779735306306,-8.91,-2.36,-5.0,8.9375,-37.625,35.75,-0.48693848,0.48529053,-0.68377686,-0.24456787
4a,1,Left Ankle,5331450,1779735306306,-9.78,-1.68,-4.88,15.0625,-45.125,37.6875,-0.4915161,0.47808838,-0.6837158,-0.24975586
4a,4,Right Wrist,31334421,1779735306314,2.684049,-0.39491585,-8.839087,-51.09496,51.38111,-17.416271,-150.96704,-25.407393,195.25977,0.0
4a,3,Left Wrist,5131496,1779735306318,16.687748,-12.205492,5.1780677,31.545776,-39.2203,7.1092224,-95.20981,-57.58484,351.4924,0.0
4a,1,Left Ankle,5331475,1779735306336,-9.06,-1.1,-4.13,22.5,-48.125,39.3125,-0.49694824,0.4706421,-0.68304443,-0.2548828
4a,2,Right Ankle,2373531,1779735306343,-8.861274,-0.07623515,4.1611185,1.9566379,-6.4237595,22.39762,-2.870829,65.697845,229.32693,0.0
4a,1,Left Ankle,5331499,1779735306366,-9.35,-1.39,-2.99,25.375,-50.8125,40.6875,-0.5060425,0.45684814,-0.6831665,-0.26171875
4a,1,Left Ankle,5331514,1779735306366,-9.53,-0.88,-2.71,27.625,-48.4375,43.5625,-0.5088501,0.45233154,-0.68322754,-0.26397705
4a,4,Right Wrist,31334482,1779735306368,2.1217356,-2.3737803,-6.233303,-40.734962,63.281113,-21.126272,-151.03436,-25.382208,195.27869,0.0
4a,3,Left Wrist,5131555,1779735306378,13.691932,-18.378973,2.8833513,55.135777,-40.200302,36.789223,-95.15166,-57.51566,351.4665,0.0
4a,1,Left Ankle,5331537,1779735306402,-7.97,-1.32,-1.13,23.1875,-34.5,79.25,-0.51483154,0.4354248,-0.68652344,-0.27209473
4a,2,Right Ankle,2373590,1779735306403,-8.248711,1.1058192,4.2448673,-2.103362,-1.9437598,20.857618,-2.691097,65.67589,229.49438,0.0
4a,1,Left Ankle,5331557,1779735306428,-12.39,-3.05,-1.15,18.5625,-22.6875,68.0,-0.515625,0.42333984,-0.69104004,-0.27825928
4a,4,Right Wrist,31334541,1779735306430,1.2483553,0.45932198,-2.0410776,-99.46496,63.211113,-49.12627,-151.14824,-25.4327,195.31656,0.0
4a,3,Left Wrist,5131616,1779735306437,9.47578,-15.323339,-1.0695918,-265.04422,-102.0103,95.44922,-95.28944,-57.405178,351.52203,0.0
4a,1,Left Ankle,5331586,1779735306456,-7.53,-6.33,-2.29,5.9375,-41.875,55.25,-0.51776123,0.41467285,-0.6923218,-0.28411865
4a,1,Left Ankle,5331601,1779735306456,-7.59,-7.02,-3.01,13.0625,-38.5625,60.375,-0.5205078,0.40490723,-0.69299316,-0.29119873
4a,1,Left Ankle,5331619,1779735306486,-10.09,-2.46,-4.55,30.4375,-17.0625,74.4375,-0.52111816,0.3927002,-0.6976929,-0.29571533
4a,4,Right Wrist,31334601,1779735306489,2.954438,0.535892,-2.4909284,-85.46496,59.711113,-42.406273,-151.22778,-25.506153,195.34058,0.0
4a,3,Left Wrist,5131675,1779735306503,7.185848,-1.6938219,1.4404793,-259.37424,62.6997,82.70922,-95.28415,-57.42836,351.42807,0.0
4a,1,Left Ankle,5331640,1779735306517,-9.0,-0.99,-3.95,29.875,-17.8125,79.0,-0.52130127,0.38000488,-0.7027588,-0.29992676
4a,1,Left Ankle,5331664,1779735306518,-8.61,1.08,-4.07,21.125,-29.4375,83.375,-0.5217285,0.3668213,-0.7067871,-0.3060913
4a,2,Right Ankle,2373651,1779735306524,-8.633955,1.3307445,4.1922255,0.34663773,10.166241,14.347618,-2.5022912,65.66984,229.66833,0.0
4a,1,Left Ankle,5331681,1779735306552,-8.68,3.08,-3.88,14.5625,-40.5,86.3125,-0.5227051,0.35308838,-0.7095337,-0.3140869
4a,4,Right Wrist,31334662,1779735306552,3.7871401,0.3468588,-2.914458,-75.59496,60.971115,7.9937277,-151.28915,-25.57531,195.34422,0.0
4a,3,Left Wrist,5131736,1779735306560,13.708682,-6.5847516,-3.0077782,-116.22423,35.259697,68.98922,-95.398125,-57.440594,351.48215,0.0
4a,1,Left Ankle,5331704,1779735306577,-8.96,3.85,-3.24,8.5,-52.5,86.1875,-0.52471924,0.33935547,-0.7106323,-0.32330322
4a,1,Left Ankle,5331720,1779735306577,-9.33,3.79,-1.52,6.8125,-52.3125,86.625,-0.5266113,0.32556152,-0.7111206,-0.33319092
4a,2,Right Ankle,2373814,1779735306592,-7.8610735,1.3953507,3.2231321,-12.253363,29.83624,-33.53238,-2.1944604,65.6802,229.9474,0.0
4a,1,Left Ankle,5331741,1779735306608,-9.73,2.79,0.32,2.375,-47.3125,85.0625,-0.52770996,0.31207275,-0.7116699,-0.34301758
4a,4,Right Wrist,31334721,1779735306610,4.526522,-1.1510481,-0.97866446,-85.53496,21.561111,24.793728,-151.30556,-25.624813,195.3283,0.0
4a,3,Left Wrist,5131795,1779735306625,18.4704,-8.865111,-2.467,148.86577,16.009699,4.799221,-95.411385,-57.496136,351.53403,0.0
4a,1,Left Ankle,5331761,1779735306638,-10.37,1.94,1.61,-6.0,-34.75,80.75,-0.5272827,0.3005371,-0.71209717,-0.3529663
4a,2,Right Ankle,2373833,1779735306644,-8.715312,0.76843125,2.7517462,-14.983362,20.45624,-36.68238,-2.1331549,65.73677,230.00272,0.0
4a,1,Left Ankle,5331789,1779735306668,-10.24,1.93,1.3,-11.6875,-13.5,82.1875,-0.5241089,0.2904663,-0.7138672,-0.36242676
4a,1,Left Ankle,5331801,1779735306670,-9.87,1.66,0.16,-16.875,6.1875,80.375,-0.51812744,0.28216553,-0.71691895,-0.37139893
4a,4,Right Wrist,31334782,1779735306670,4.835196,-0.2034902,-2.0554345,-62.36496,24.571112,30.113728,-151.3343,-25.679974,195.31927,0.0
4a,3,Left Wrist,5131856,1779735306686,15.247268,-15.234804,-2.3042881,-135.47423,17.8997,75.91922,-95.469505,-57.396572,351.53848,0.0
4a,1,Left Ankle,5331826,1779735306696,-9.19,1.87,-0.98,-22.25,18.5,81.0,-0.505249,0.272583,-0.7225342,-0.3850708
4a,1,Left Ankle,5331846,1779735306697,-8.37,2.4,-2.29,-25.9375,20.3125,81.375,-0.4963379,0.26617432,-0.72613525,-0.39440918
4a,2,Right Ankle,2373891,1779735306702,-9.272839,0.10322655,1.6654046,-10.853362,14.086241,-43.19238,-2.160689,65.799034,229.97476,0.0
4a,1,Left Ankle,5331864,1779735306727,-8.42,2.55,-2.9,-28.0625,13.4375,82.875,-0.49206543,0.26275635,-0.72753906,-0.39935303
4a,4,Right Wrist,31334841,1779735306729,3.77039,0.03818448,-1.0743773,-76.29496,3.081112,39.143726,-151.36488,-25.723398,195.30972,0.0
4a,3,Left Wrist,5131916,1779735306745,13.055442,-14.059929,-4.8646083,-355.48422,28.0497,56.38922,-95.64696,-57.32102,351.57712,0.0
4a,1,Left Ankle,5331886,1779735306757,-8.64,2.29,-2.57,-24.9375,-1.9375,84.875,-0.4819336,0.25,-0.7303467,-0.41455078
4a,1,Left Ankle,5331905,1779735306758,-8.58,2.27,-2.05,-24.375,-12.25,87.4375,-0.47906494,0.24517822,-0.73083496,-0.41986084
4a,1,Left Ankle,5331926,1779735306792,-8.97,4.0,-1.4,-24.875,-12.0625,89.875,-0.46954346,0.2310791,-0.7318115,-0.43652344
4a,4,Right Wrist,31334902,1779735306792,2.428017,0.8732804,-0.15074782,-40.664963,-28.698889,43.55373,-151.3909,-25.746824,195.30716,0.0
4a,2,Right Ankle,2373951,1779735306794,-8.655491,-0.49497914,3.2183464,-14.283361,19.75624,-31.782381,-2.2685328,65.85627,229.87628,0.0
4a,3,Left Wrist,5131976,1779735306799,10.648262,-10.724335,-6.3361945,-74.714226,21.1197,85.78922,-95.75269,-57.254887,351.6386,0.0
4a,1,Left Ankle,5331945,1779735306818,-8.38,5.68,-1.16,-27.6875,-5.4375,90.5,-0.46191406,0.22174072,-0.7329712,-0.44744873
4a,1,Left Ankle,5331963,1779735306827,-8.65,6.59,-0.1,-32.8125,6.0625,94.75,-0.4562378,0.21917725,-0.73321533,-0.4541626
4a,1,Left Ankle,5331987,1779735306846,-8.39,7.22,-0.39,-42.6875,17.875,88.5625,-0.4406128,0.20831299,-0.73516846,-0.4711914
4a,4,Right Wrist,31334961,1779735306849,3.2678976,0.28225276,-0.12921242,-66.21496,10.991112,43.90373,-151.41158,-25.785294,195.29233,0.0
4a,2,Right Ankle,2374011,1779735306858,-8.83256,-0.54044276,2.8689942,-6.583362,12.19624,-23.172382,-2.3466387,65.913795,229.80371,0.0
4a,3,Left Wrist,5132036,1779735306858,9.514064,-4.134501,-1.0073783,156.28577,89.2297,47.77922,-95.69474,-57.3113,351.61807,0.0
4a,1,Left Ankle,5332004,1779735306877,-7.62,9.43,-3.06,-43.3125,21.5625,84.125,-0.43511963,0.20550537,-0.7357178,-0.4765625
4a,1,Left Ankle,5332030,1779735306906,-6.27,10.94,-4.95,-35.125,34.3125,53.9375,-0.4192505,0.20153809,-0.7375488,-0.489563
4a,1,Left Ankle,5332046,1779735306907,-4.99,14.16,-7.39,-27.3125,27.75,45.875,-0.41046143,0.20037842,-0.7388916,-0.49542236
4a,4,Right Wrist,31335021,1779735306909,21.82663,15.64896,8.88455,-133.55496,-22.46889,107.60372,-151.45554,-25.788996,195.26482,0.0
4a,2,Right Ankle,2374101,1779735306913,-7.0953703,-0.27483943,2.9072795,4.8266377,22.06624,-25.69238,-2.4472969,65.9709,229.70647,0.0
4a,3,Left Wrist,5132095,1779735306919,9.851453,-17.694628,2.4933212,14.6757765,86.9197,78.509224,-95.58913,-57.228455,351.51578,0.0
4a,1,Left Ankle,5332066,1779735306936,-5.63,17.41,-7.16,-28.1875,-7.125,26.9375,-0.40759277,0.19940186,-0.73583984,-0.5026245
4a,1,Left Ankle,5332094,1779735306968,-7.81,14.44,-5.78,-26.625,-16.875,69.0,-0.40270996,0.19134521,-0.73461914,-0.51135254
4a,1,Left Ankle,5332106,1779735306981,-6.15,13.7,-5.57,-27.375,-33.125,56.0,-0.40185547,0.18347168,-0.7312622,-0.51971436
4a,2,Right Ankle,2374161,1779735306981,-9.626976,-0.9902933,2.4143581,-14.353362,35.85624,-22.542381,-2.540068,66.03603,229.62288,0.0
4a,3,Left Wrist,5132156,1779735306981,9.260425,-2.258528,-1.7874384,214.10577,82.509705,73.95922,-95.52952,-57.27125,351.51157,0.0
4a,1,Left Ankle,5332130,1779735306996,-5.94,8.84,-5.79,-43.0,-62.5,24.1875,-0.40594482,0.1774292,-0.7246704,-0.527771
4a,4,Right Wrist,31335082,1779735306999,8.835996,2.861715,0.6412765,-1.53496,-74.19888,0.9937279,-151.4724,-25.80365,195.28279,0.0
4a,1,Left Ankle,5332154,1779735307037,-3.87,8.85,-3.58,-38.4375,-53.8125,42.0625,-0.4078369,0.17047119,-0.7183838,-0.5371704
4a,1,Left Ankle,5332174,1779735307038,-5.99,9.84,-4.68,-16.375,-39.6875,-10.4375,-0.41107178,0.16638184,-0.7137451,-0.54211426
4a,2,Right Ankle,2374221,1779735307038,-9.73944,-0.9376513,1.6845471,-10.153362,55.94624,-21.632381,-2.6123235,66.11077,229.55664,0.0
4a,1,Left Ankle,5332189,1779735307062,-1.44,4.43,-4.0,14.0625,-2.875,10.6875,-0.41461182,0.16546631,-0.71295166,-0.54071045
4a,4,Right Wrist,31335141,1779735307063,4.8686957,-4.8264236,2.0937197,-109.89496,-94.28889,7.363728,-151.48602,-25.795938,195.28415,0.0
4a,3,Left Wrist,5132215,1779735307069,11.038293,-9.709777,2.8402805,270.5258,118.2797,39.72922,-95.28117,-57.236816,351.3592,0.0
4a,1,Left Ankle,5332212,1779735307086,-2.29,6.38,-3.68,43.5625,-27.4375,40.4375,-0.4154663,0.15533447,-0.71551514,-0.53967285
4a,1,Left Ankle,5332237,1779735307087,1.52,5.8,-4.08,72.0625,61.75,71.9375,-0.40454102,0.14257812,-0.7305298,-0.53131104
4a,2,Right Ankle,2374281,1779735307103,-9.22259,-1.6004632,1.3351951,-5.043362,59.44624,-28.632381,-2.7202446,66.18333,229.45512,0.0
4a,1,Left Ankle,5332252,1779735307115,0.65,4.33,-3.19,78.5,71.1875,84.75,-0.39727783,0.13781738,-0.7374878,-0.5285034
4a,4,Right Wrist,31335232,1779735307119,4.78734,0.90917236,9.071191,-216.36496,-166.73889,45.37373,-151.5596,-25.75486,195.29575,0.0
4a,3,Left Wrist,5132276,1779735307129,13.608184,-5.5414805,12.3302145,5.9957767,109.6697,43.719223,-95.13957,-57.23718,351.2205,0.0
4a,1,Left Ankle,5332277,1779735307146,2.13,4.0,-3.49,95.6875,78.5625,124.875,-0.3723755,0.11798096,-0.760376,-0.5189209
4a,1,Left Ankle,5332297,1779735307148,0.59,4.3,-2.16,98.625,57.0625,164.875,-0.3517456,0.09753418,-0.7758789,-0.51452637
4a,1,Left Ankle,5332317,1779735307179,2.23,5.37,-2.29,91.8125,19.0625,187.9375,-0.33392334,0.07043457,-0.7880249,-0.5123291
4a,4,Right Wrist,31335291,1779735307179,4.691627,-2.4264224,-0.5838487,135.59503,-177.23889,13.033729,-151.50125,-25.737833,195.31392,0.0
4a,2,Right Ankle,2374340,1779735307184,-8.777525,-1.9426368,0.6029913,-14.493362,57.83624,-33.53238,-2.8397322,66.25539,229.3453,0.0
4a,3,Left Wrist,5132366,1779735307190,21.84428,-12.037993,4.922036,-79.82423,39.4597,54.49922,-95.05466,-57.23637,351.11728,0.0
4a,1,Left Ankle,5332337,1779735307208,1.44,5.85,-2.17,89.0,-0.375,199.5625,-0.3196411,0.03741455,-0.7965698,-0.51171875
4a,1,Left Ankle,5332353,1779735307209,-0.7,6.76,-1.03,82.5625,-72.875,208.1875,-0.3157959,0.018005371,-0.79870605,-0.51190186
4a,1,Left Ankle,5332376,1779735307237,-0.73,8.43,-0.83,69.8125,-186.5625,217.4375,-0.31817627,-0.051330566,-0.7952881,-0.51348877
4a,4,Right Wrist,31335351,1779735307239,9.785947,-9.21486,2.2947168,-10.49496,-208.9489,45.863728,-151.48224,-25.690975,195.32275,0.0
4a,2,Right Ankle,2374401,1779735307253,-9.270446,-3.3807232,0.08135597,11.476637,62.87624,-29.822382,-2.9769897,66.324745,229.21133,0.0
4a,3,Left Wrist,5132425,1779735307253,20.693333,-12.049957,1.2562318,-45.734222,-72.8203,120.57922,-95.01538,-57.217094,351.08252,0.0
4a,1,Left Ankle,5332398,1779735307268,-2.18,10.58,1.04,68.0625,-229.0625,214.6875,-0.33374023,-0.1060791,-0.7836304,-0.51312256
4a,1,Left Ankle,5332416,1779735307269,-6.22,8.84,7.73,51.1875,-359.3125,205.0625,-0.3657837,-0.16784668,-0.76049805,-0.5095825
4a,1,Left Ankle,5332440,1779735307296,-9.22,8.45,13.01,35.9375,-445.875,149.0625,-0.4069214,-0.22827148,-0.7293091,-0.50042725
4a,4,Right Wrist,31335412,1779735307299,12.788939,-1.5602205,10.425528,-255.28496,-108.708885,-50.176273,-151.57574,-25.691328,195.35486,0.0
4a,2,Right Ankle,2374491,1779735307303,-8.990486,-2.7944818,-1.5337993,32.47664,83.73624,-18.552382,-3.0653985,66.40898,229.11674,0.0
4a,3,Left Wrist,5132486,1779735307309,14.57967,-6.7689986,2.3784657,-65.05423,-58.4703,99.57922,-94.98604,-57.215294,351.04813,0.0
4a,1,Left Ankle,5332457,1779735307335,-35.92,18.37,17.87,25.625,-306.75,120.125,-0.43780518,-0.27539062,-0.7012329,-0.49066162
4a,1,Left Ankle,5332486,1779735307355,-39.39,21.95,28.46,75.875,-134.875,176.875,-0.43554688,-0.315979,-0.68426514,-0.49212646
4a,1,Left Ankle,5332501,1779735307358,10.75,-15.69,17.99,-47.6875,-159.75,-143.5625,-0.4611206,-0.3180542,-0.67370605,-0.48205566
4a,4,Right Wrist,31335471,1779735307359,2.329911,0.033399582,15.730416,-0.06496,31.571112,-79.22627,-151.57393,-25.725004,195.37126,0.0
4a,2,Right Ankle,2374551,1779735307363,-9.394874,-1.9761364,-1.3950156,66.70664,93.04624,-18.69238,-3.1209428,66.49866,229.0412,0.0
4a,3,Left Wrist,5132545,1779735307369,-0.6243249,-9.37239,5.678168,-5.0642233,80.759705,95.44922,-94.88472,-57.14861,350.94473,0.0
4a,1,Left Ankle,5332518,1779735307387,28.5,9.82,-1.99,-139.1875,-73.6875,-216.5625,-0.5045166,-0.29052734,-0.6680908,-0.4633789
4a,1,Left Ankle,5332537,1779735307388,-5.94,11.85,-0.33,-62.5625,106.4375,217.6875,-0.47607422,-0.30169678,-0.66064453,-0.4958496
4a,1,Left Ankle,5332562,1779735307416,0.64,33.72,-29.13,-19.875,68.5625,112.6875,-0.4616089,-0.30181885,-0.65930176,-0.51104736
4a,4,Right Wrist,31335532,1779735307419,-3.5995033,-3.4888358,7.958528,76.72504,48.02111,-111.21628,-151.5417,-25.756056,195.39249,0.0
4a,2,Right Ankle,2374611,1779735307423,-12.491185,0.23004614,-0.2416751,103.10664,97.66624,-36.54238,-3.112358,66.59153,229.01027,0.0
4a,3,Left Wrist,5132606,1779735307428,2.2949183,-11.820248,4.0773697,-35.794224,217.6097,121.06923,-94.72227,-57.065815,350.75476,0.0
4a,1,Left Ankle,5332587,1779735307446,5.04,5.77,10.41,-73.75,-81.375,7.375,-0.46673584,-0.30700684,-0.6477661,-0.5180054
4a,1,Left Ankle,5332604,1779735307481,-14.82,7.73,2.84,-66.375,-47.75,26.625,-0.473938,-0.31085205,-0.63500977,-0.5249634
4a,1,Left Ankle,5332625,1779735307482,-1.95,11.21,0.54,-48.875,15.875,27.0625,-0.4744873,-0.30828857,-0.62957764,-0.53240967
4a,2,Right Ankle,2374670,1779735307484,-11.196669,1.6489899,-1.5026926,270.75662,108.93624,-26.18238,-3.0035043,66.688896,229.01901,0.0
4a,3,Left Wrist,5132666,1779735307488,8.020943,-15.990936,8.760124,1.6557764,161.6097,52.399223,-94.56141,-57.019634,350.58887,0.0
4a,1,Left Ankle,5332645,1779735307510,-2.37,9.88,0.87,-33.8125,4.4375,28.9375,-0.47265625,-0.307312,-0.6255493,-0.53930664
4a,4,Right Wrist,31335591,1779735307510,6.335496,-0.3422738,-3.7543387,-201.80496,-189.76889,-27.356272,-151.65334,-25.757883,195.44638,0.0
4a,1,Left Ankle,5332661,1779735307548,-2.57,9.37,2.51,-13.125,-23.375,34.5625,-0.47235107,-0.31103516,-0.6206665,-0.5430298
4a,2,Right Ankle,2374731,1779735307549,-11.388094,5.9345355,5.0201416,438.9666,77.57624,52.777622,-2.6220627,66.71889,229.23535,0.0
4a,3,Left Wrist,5132725,1779735307555,8.056835,-4.065109,3.1633115,-267.35422,209.2797,36.719223,-94.4556,-57.028545,350.38156,0.0
4a,1,Left Ankle,5332690,1779735307567,-3.02,10.49,0.43,1.25,-28.9375,38.0,-0.47210693,-0.31744385,-0.61621094,-0.54467773
4a,1,Left Ankle,5332707,1779735307569,-2.92,9.38,0.44,6.5,-19.4375,41.8125,-0.46954346,-0.3274536,-0.61102295,-0.5467529
4a,4,Right Wrist,31335652,1779735307570,1.5977073,4.4026937,-0.035892338,70.77504,-128.09889,-15.526272,-151.67216,-25.737818,195.48872,0.0
4a,1,Left Ankle,5332728,1779735307596,-2.37,9.72,0.41,5.5,-19.0625,46.0,-0.46710205,-0.33422852,-0.607666,-0.54852295
4a,2,Right Ankle,2374791,1779735307603,-12.998464,2.4386213,3.438486,184.79665,9.18624,162.81761,-2.2901564,66.767365,229.50345,0.0
4a,3,Left Wrist,5132786,1779735307608,9.23889,-9.281462,3.5102708,-44.614223,169.3097,15.369221,-94.29607,-57.000584,350.20236,0.0
4a,1,Left Ankle,5332747,1779735307638,-2.27,10.13,-0.28,2.75,-22.75,47.875,-0.46502686,-0.34161377,-0.60302734,-0.55078125
4a,1,Left Ankle,5332762,1779735307638,-1.88,9.95,0.22,-2.375,-31.6875,49.1875,-0.4644165,-0.34552002,-0.60028076,-0.5518799
4a,4,Right Wrist,31335742,1779735307640,5.1606207,-4.2425747,2.7421746,-124.66496,-95.33889,65.67373,-151.68625,-25.721216,195.47198,0.0
4a,1,Left Ankle,5332785,1779735307657,-2.41,9.56,0.03,-6.25,-42.875,49.8125,-0.46429443,-0.35803223,-0.5900879,-0.5549927
4a,1,Left Ankle,5332807,1779735307658,-2.0,9.17,0.12,-9.6875,-39.9375,49.875,-0.46398926,-0.36553955,-0.58325195,-0.5576172
4a,2,Right Ankle,2374851,1779735307663,-12.216011,0.6751112,1.6845471,124.10664,-7.61376,192.42761,-2.056979,66.82476,229.70448,0.0
4a,3,Left Wrist,5132845,1779735307668,9.217355,-7.8338046,2.3808584,246.58577,29.309698,-28.31078,-94.10716,-56.98868,350.11102,0.0
4a,1,Left Ankle,5332826,1779735307697,-1.61,9.55,0.34,-12.0,-28.9375,45.9375,-0.4631958,-0.37158203,-0.5770874,-0.56066895
4a,4,Right Wrist,31335801,1779735307697,9.053742,0.23439679,1.9070797,-115.42496,-141.3989,53.56373,-151.72675,-25.705399,195.47832,0.0
4a,1,Left Ankle,5332846,1779735307715,-1.19,9.36,1.04,-13.3125,-23.6875,40.9375,-0.4628296,-0.3741455,-0.5742798,-0.5621338
4a,2,Right Ankle,2374911,1779735307723,-10.65589,-0.1647696,-0.16031912,71.81664,16.81624,204.95761,-1.8708574,66.892334,229.88063,0.0
4a,3,Left Wrist,5132906,1779735307728,11.813566,-14.440388,2.7397819,56.325775,53.109703,-0.59077835,-93.99484,-56.939213,350.0233,0.0
4a,1,Left Ankle,5332867,1779735307756,-0.79,9.7,1.38,-10.1875,-21.75,32.875,-0.46228027,-0.3786621,-0.5692749,-0.56469727
4a,1,Left Ankle,5332889,1779735307756,-0.82,9.72,0.79,-5.625,-14.875,26.3125,-0.46124268,-0.38415527,-0.5640869,-0.5670166
4a,4,Right Wrist,31335862,1779735307756,7.5606213,4.2375884,0.57906306,-32.68496,-119.62888,-30.016273,-151.7688,-25.707867,195.51775,0.0
4a,1,Left Ankle,5332905,1779735307778,-0.55,9.86,0.62,-1.875,-9.9375,20.0625,-0.4605713,-0.3866577,-0.5619507,-0.5679321
4a,2,Right Ankle,2374971,1779735307782,-10.486,-1.3803235,3.8452659,112.48664,27.38624,179.33762,-1.8524827,66.93201,229.88583,0.0
4a,3,Left Wrist,5132965,1779735307787,6.860424,-15.6703,3.1082768,-110.69423,70.1197,21.739222,-93.94796,-56.87681,349.938,0.0
4a,1,Left Ankle,5332931,1779735307805,-1.37,9.76,0.81,-1.125,-14.5,13.5,-0.46063232,-0.3892212,-0.55981445,-0.56829834
4a,1,Left Ankle,5332949,1779735307806,-1.29,9.97,0.84,3.625,-17.1875,10.5,-0.46099854,-0.3920288,-0.5579834,-0.56781006
4a,4,Right Wrist,31335921,1779735307809,0.3869391,-3.1011984,-1.1844472,57.89504,-70.76888,-21.546272,-151.70224,-25.67271,195.51419,0.0
4a,1,Left Ankle,5332970,1779735307842,-0.69,9.85,0.96,8.625,-12.625,7.5,-0.46105957,-0.3947754,-0.55700684,-0.5668335
4a,1,Left Ankle,5332986,1779735307842,-1.21,10.01,0.95,12.75,-12.8125,7.375,-0.46069336,-0.397583,-0.55670166,-0.56555176
4a,2,Right Ankle,2375031,1779735307843,-8.155391,-9.034963,6.4127645,115.00664,22.90624,102.477615,-1.8926055,66.91957,229.82587,0.0
4a,3,Left Wrist,5133026,1779735307847,8.509079,-7.7261276,1.8281165,-35.584225,63.469704,46.72922,-93.841736,-56.829174,349.82596,0.0
4a,1,Left Ankle,5333005,1779735307867,-1.04,9.43,0.9,15.125,-14.875,7.0,-0.4607544,-0.40063477,-0.5564575,-0.5635376
4a,4,Right Wrist,31335982,1779735307878,-3.8746781,-4.7570314,2.1296122,-10.3549595,-59.498886,40.19373,-151.67805,-25.630877,195.49988,0.0
4a,1,Left Ankle,5333027,1779735307898,-1.66,9.8,0.27,18.375,-16.5625,13.4375,-0.45996094,-0.40478516,-0.55596924,-0.56170654
4a,3,Left Wrist,5133085,1779735307909,6.159327,-9.310176,1.7108681,-29.494223,61.929703,30.279222,-93.76327,-56.764576,349.73947,0.0
4a,1,Left Ankle,5333050,1779735307930,-0.63,9.63,0.33,19.0625,-16.3125,14.3125,-0.45874023,-0.4091797,-0.555542,-0.5599365
4a,1,Left Ankle,5333069,1779735307937,-0.73,9.62,0.32,18.5625,-19.5625,14.625,-0.45788574,-0.4138794,-0.55474854,-0.55792236
4a,2,Right Ankle,2375090,1779735307938,-6.6335554,-10.09977,5.6207404,24.496637,-10.06376,-15.612381,-2.0613332,66.89705,229.66072,0.0
4a,1,Left Ankle,5333087,1779735307957,-0.86,10.13,0.27,23.875,-26.25,11.9375,-0.4574585,-0.41918945,-0.5539551,-0.55511475
4a,1,Left Ankle,5333107,1779735307959,-0.37,9.82,0.35,25.875,-22.25,7.375,-0.4569702,-0.42419434,-0.55389404,-0.5516968
4a,4,Right Wrist,31336041,1779735307959,1.573779,-0.3542378,-5.493921,-163.93497,-54.598885,25.213728,-151.81445,-25.586855,195.53526,0.0
4a,3,Left Wrist,5133146,1779735307968,8.731611,-13.054944,4.721039,-80.174225,113.6597,50.36922,-93.65923,-56.709232,349.60672,0.0
4a,1,Left Ankle,5333132,1779735307988,-1.14,9.95,0.23,25.25,-15.5625,6.3125,-0.45617676,-0.42834473,-0.5545044,-0.548584
4a,1,Left Ankle,5333150,1779735308027,-1.33,9.87,-0.21,23.0,-5.5,12.1875,-0.45428467,-0.4319458,-0.5552368,-0.5465698
4a,4,Right Wrist,31336101,1779735308027,5.4118667,2.1175475,-0.02871387,-55.50496,-43.818886,13.803728,-151.8502,-25.609056,195.54501,0.0
4a,3,Left Wrist,5133206,1779735308031,10.375482,-9.5183525,4.0797625,-98.30423,113.5897,75.14922,-93.54495,-56.665047,349.45987,0.0
4a,1,Left Ankle,5333175,1779735308049,-0.81,9.65,-0.19,18.0,4.4375,19.375,-0.44836426,-0.43536377,-0.5566406,-0.54730225
4a,1,Left Ankle,5333195,1779735308050,-0.31,9.65,-0.38,12.5625,8.8125,24.1875,-0.444458,-0.43762207,-0.5566406,-0.54870605
4a,1,Left Ankle,5333213,1779735308085,-0.1,9.68,-0.55,8.9375,13.625,23.875,-0.4423828,-0.43847656,-0.55670166,-0.5496826
4a,4,Right Wrist,31336192,1779735308085,5.7205405,-0.22023967,1.3974085,41.09504,-41.29889,-4.956272,-151.83386,-25.632849,195.55167,0.0
4a,3,Left Wrist,5133265,1779735308088,11.406787,-6.8431754,3.8835511,-22.074223,91.4697,53.449223,-93.41389,-56.656944,349.32578,0.0
4a,1,Left Ankle,5333236,1779735308107,-0.76,9.87,-0.2,9.375,21.125,24.25,-0.4352417,-0.44006348,-0.5576172,-0.5531616
4a,1,Left Ankle,5333250,1779735308107,0.21,9.39,0.28,12.0625,20.75,19.625,-0.43292236,-0.4404297,-0.55822754,-0.55407715
4a,1,Left Ankle,5333279,1779735308149,-0.37,10.06,-0.48,14.125,12.5625,19.375,-0.42687988,-0.44281006,-0.5595093,-0.555542
4a,3,Left Wrist,5133326,1779735308159,8.011372,-12.815661,0.0023928226,64.23577,68.2297,24.749222,-93.338745,-56.577755,349.2684,0.0
4a,1,Left Ankle,5333296,1779735308166,-0.33,9.96,-0.5,16.3125,11.1875,15.25,-0.42303467,-0.44415283,-0.5609131,-0.5560303
4a,1,Left Ankle,5333313,1779735308167,0.83,9.52,0.05,17.3125,15.375,8.375,-0.4212036,-0.44439697,-0.5620117,-0.5560913
4a,1,Left Ankle,5333336,1779735308196,0.71,9.78,-0.31,19.75,-0.375,1.0625,-0.4175415,-0.44604492,-0.5650635,-0.55444336
4a,3,Left Wrist,5133385,1779735308214,9.624134,-8.8124695,-1.2634103,-27.954224,68.1597,9.4892235,-93.35637,-56.50744,349.26178,0.0
4a,1,Left Ankle,5333357,1779735308227,-1.2,9.79,-0.16,17.8125,-1.5625,0.6875,-0.41644287,-0.44787598,-0.56640625,-0.5524292
4a,1,Left Ankle,5333378,1779735308228,-0.55,10.04,-0.79,17.375,12.75,-0.25,-0.4142456,-0.4482422,-0.56866455,-0.55145264
4a,4,Right Wrist,31336355,1779735308238,3.7751763,1.3039877,-0.019142581,-50.464962,-47.66889,1.833728,-151.85063,-25.657736,195.56708,0.0
4a,2,Right Ankle,2375151,1779735308238,-9.789688,-17.175346,2.8235307,52.63664,26.96624,-112.842384,-2.3221421,66.90768,229.38832,0.0
4a,1,Left Ankle,5333398,1779735308256,0.02,9.51,-0.89,15.0,13.75,0.125,-0.41168213,-0.447937,-0.571167,-0.5510254
4a,3,Left Wrist,5133446,1779735308268,8.99243,-14.670099,-2.2564318,-29.634224,15.029699,27.199223,-93.3834,-56.42396,349.2725,0.0
4a,1,Left Ankle,5333422,1779735308286,-0.09,9.2,-1.65,12.6875,1.25,0.8125,-0.4100952,-0.44854736,-0.5726929,-0.5501709
4a,4,Right Wrist,31336402,1779735308290,2.664906,-0.8926228,-1.1485548,13.375039,-13.018888,-19.796272,-151.84196,-25.709171,195.57277,0.0
4a,1,Left Ankle,5333445,1779735308326,-0.32,9.2,-2.13,11.625,-3.0625,4.8125,-0.40911865,-0.44989014,-0.5733032,-0.5491333
4a,1,Left Ankle,5333466,1779735308327,-0.93,9.43,-0.63,8.75,1.125,10.5,-0.40686035,-0.4520874,-0.5734863,-0.5488281
4a,3,Left Wrist,5133505,1779735308328,14.7375965,-12.258134,-1.7994026,-8.704224,-29.070301,53.65922,-93.45635,-56.34255,349.3357,0.0
4a,1,Left Ankle,5333487,1779735308347,-0.8,9.03,0.35,3.0,5.75,13.5625,-0.40496826,-0.45318604,-0.5732422,-0.54956055
4a,4,Right Wrist,31336461,1779735308349,2.7989042,-1.2371897,0.3876373,-82.52496,10.011111,-0.54627204,-151.84972,-25.747139,195.56229,0.0
4a,1,Left Ankle,5333501,1779735308384,-1.25,9.92,0.36,1.5625,10.5625,15.125,-0.40368652,-0.4534912,-0.5731201,-0.550354
4a,1,Left Ankle,5333526,1779735308384,-0.13,9.99,-1.35,-0.4375,20.9375,18.3125,-0.39813232,-0.45336914,-0.572937,-0.55462646
4a,3,Left Wrist,5133566,1779735308389,7.9850507,-8.637794,6.5012994,-60.504223,29.9397,53.309223,-93.37912,-56.309025,349.24744,0.0
4a,1,Left Ankle,5333548,1779735308415,0.55,9.31,-1.19,-2.1875,22.375,22.8125,-0.39349365,-0.45318604,-0.57263184,-0.55841064
4a,4,Right Wrist,31336522,1779735308440,2.7510478,1.9955133,-2.012364,-30.86496,76.23112,-11.746272,-151.90515,-25.806992,195.57367,0.0
4a,3,Left Wrist,5133625,1779735308449,8.396616,-7.551451,3.266203,66.26577,18.4597,12.07922,-93.260254,-56.286476,349.16406,0.0
4a,1,Left Ankle,5333564,1779735308475,0.44,9.51,-1.37,-3.25,14.875,23.0,-0.3918457,-0.45355225,-0.5720215,-0.5598755
4a,1,Left Ankle,5333586,1779735308497,0.61,9.92,-1.14,-4.8125,2.375,20.6875,-0.3883667,-0.4555664,-0.569397,-0.5634155
4a,1,Left Ankle,5333610,1779735308499,0.46,10.07,-0.57,-5.0625,1.625,20.3125,-0.3866577,-0.4569702,-0.56744385,-0.5654297
4a,1,Left Ankle,5333630,1779735308500,0.04,9.69,-0.4,-5.875,6.4375,19.6875,-0.3847046,-0.4580078,-0.5656738,-0.567688
4a,4,Right Wrist,31336582,1779735308501,6.010072,-1.4645073,1.536192,30.66504,52.291115,-12.0962715,-151.87854,-25.85956,195.56235,0.0
4a,3,Left Wrist,5133686,1779735308509,9.956737,-10.147664,2.5794628,8.445776,-32.6403,28.03922,-93.19648,-56.238297,349.1195,0.0
4a,1,Left Ankle,5333652,1779735308543,0.42,9.44,-0.53,-5.5625,10.75,19.125,-0.38232422,-0.45855713,-0.56427,-0.57025146
4a,1,Left Ankle,5333669,1779735308543,0.58,9.77,-0.57,-5.125,10.25,18.8125,-0.37982178,-0.45892334,-0.5629883,-0.57281494
4a,4,Right Wrist,31336671,1779735308567,4.213063,-0.48345047,0.62931234,-35.69496,-11.338888,22.833729,-151.88078,-25.89015,195.55324,0.0
4a,1,Left Ankle,5333690,1779735308566,0.6,9.71,-0.69,-5.25,3.625,15.8125,-0.3781128,-0.45965576,-0.5615845,-0.5748291
4a,3,Left Wrist,5133746,1779735308567,10.763118,-12.203098,2.1104696,125.69577,-9.1203,33.009224,-93.09284,-56.17519,349.0713,0.0
4a,1,Left Ankle,5333714,1779735308586,0.92,9.92,-0.65,-5.4375,4.4375,13.125,-0.37670898,-0.46014404,-0.56030273,-0.5765991
4a,1,Left Ankle,5333735,1779735308586,0.62,9.82,-0.61,-6.0625,5.25,10.5,-0.3756714,-0.46032715,-0.55914307,-0.57818604
4a,1,Left Ankle,5333749,1779735308616,0.7,9.78,-0.66,-5.25,9.75,7.375,-0.37469482,-0.4597168,-0.5588989,-0.57958984
4a,4,Right Wrist,31336732,1779735308619,3.3899314,1.7681962,0.13160524,-29.324959,-18.408888,16.323729,-151.90707,-25.917212,195.55846,0.0
4a,3,Left Wrist,5133805,1779735308629,8.700504,-11.569,-2.1367908,-4.9942236,-19.6903,4.0992203,-93.14454,-56.102047,349.11652,0.0
4a,1,Left Ankle,5333795,1779735308650,0.9,9.96,-0.55,-5.4375,17.5625,2.0,-0.3725586,-0.456604,-0.5595703,-0.5827637
4a,1,Left Ankle,5333769,1779735308650,0.83,9.74,-0.63,-6.1875,12.75,3.8125,-0.3737793,-0.4584961,-0.559021,-0.58099365
4a,1,Left Ankle,5333810,1779735308679,0.93,10.85,-0.72,-3.75,15.0625,-3.25,-0.37164307,-0.4545288,-0.56036377,-0.5842285
4a,4,Right Wrist,31336791,1779735308680,4.9955153,-3.3404808,1.2873386,-16.79496,18.341112,5.333728,-151.88402,-25.950996,195.54161,0.0
4a,3,Left Wrist,5133866,1779735308692,11.799211,-19.6376,-2.821138,-40.134224,-84.1603,88.659225,-93.2231,-55.995037,349.1855,0.0
4a,1,Left Ankle,5333835,1779735308710,1.43,10.44,-0.65,-0.75,13.875,-7.625,-0.37091064,-0.45135498,-0.56243896,-0.5852051
4a,1,Left Ankle,5333852,1779735308710,1.38,10.68,-0.99,2.5625,10.5,-13.5,-0.37097168,-0.45025635,-0.5633545,-0.585022
4a,1,Left Ankle,5333878,1779735308736,1.39,10.06,-0.96,6.6875,5.4375,-19.0,-0.37225342,-0.44726562,-0.56695557,-0.5830078
4a,4,Right Wrist,31336851,1779735308749,3.1961129,-2.3785658,7.058827,-139.22496,79.24111,53.35373,-151.90065,-25.981567,195.50111,0.0
4a,3,Left Wrist,5133925,1779735308761,13.553149,-23.19812,9.241081,34.275776,-51.1903,82.91922,-93.16815,-55.92525,349.15894,0.0
4a,1,Left Ankle,5333897,1779735308766,1.52,10.42,-0.49,10.0,-8.6875,-27.5,-0.3746338,-0.44586182,-0.56951904,-0.5800781
4a,1,Left Ankle,5333918,1779735308798,1.04,10.77,-0.11,15.8125,-17.3125,-33.625,-0.37823486,-0.4453125,-0.5722046,-0.5755005
4a,4,Right Wrist,31336912,1779735308799,3.1889346,3.1129625,4.7688956,48.79504,65.38111,-8.036272,-151.88158,-26.022434,195.49277,0.0
4a,1,Left Ankle,5333945,1779735308799,1.89,13.14,-0.69,21.9375,-20.625,-45.5625,-0.38287354,-0.44451904,-0.5760498,-0.56915283
4a,3,Left Wrist,5133986,1779735308809,9.863417,-8.721541,1.9070797,29.165777,-37.0503,7.879223,-93.094185,-55.8907,349.11328,0.0
4a,1,Left Ankle,5333958,1779735308826,3.16,13.67,-1.2,28.1875,-16.0625,-58.375,-0.38781738,-0.44244385,-0.58166504,-0.56170654
4a,1,Left Ankle,5333978,1779735308828,3.93,14.33,-2.7,35.0,-26.375,-73.9375,-0.394104,-0.43988037,-0.588501,-0.552124
4a,1,Left Ankle,5333998,1779735308864,3.8,13.71,-3.89,42.9375,-44.8125,-86.9375,-0.4029541,-0.4378662,-0.59576416,-0.5393677
4a,4,Right Wrist,31336971,1779735308865,1.5043873,-0.6485551,2.3234308,66.22504,70.42111,-28.336273,-151.84099,-26.067095,195.48253,0.0
4a,3,Left Wrist,5134045,1779735308869,5.3864455,-19.92713,12.823136,-78.214226,2.1496992,114.62923,-93.053825,-55.817722,349.05563,0.0
4a,1,Left Ankle,5334023,1779735308887,3.4,11.54,-3.57,52.8125,-67.125,-85.5625,-0.41290283,-0.43792725,-0.60266113,-0.5239868
4a,1,Left Ankle,5334038,1779735308918,0.35,7.08,-2.97,52.6875,-94.0625,-74.9375,-0.42486572,-0.44140625,-0.60687256,-0.50634766
4a,1,Left Ankle,5334060,1779735308920,-0.72,5.58,-2.7,50.5,-129.8125,-46.875,-0.4378662,-0.44970703,-0.6063843,-0.48815918
4a,4,Right Wrist,31337032,1779735308921,4.9476595,-1.1319051,4.3118663,-21.27496,31.151112,-27.496271,-151.83604,-26.1056,195.48009,0.0
4a,3,Left Wrist,5134106,1779735308929,7.2313113,-1.8876404,1.4620147,-82.064224,-39.0803,44.97922,-93.04583,-55.85259,349.03247,0.0
4a,1,Left Ankle,5334086,1779735308949,5.65,3.27,-2.72,43.9375,-178.4375,-21.25,-0.46142578,-0.4727173,-0.5942383,-0.4588623
4a,1,Left Ankle,5334104,1779735308979,11.54,0.97,-0.95,36.5625,-206.625,7.125,-0.4699707,-0.48242188,-0.58721924,-0.4489746
4a,4,Right Wrist,31337091,1779735308980,4.58395,1.0192425,2.8115666,56.21504,26.321112,-27.076271,-151.81586,-26.146793,195.48343,0.0
4a,1,Left Ankle,5334127,1779735308980,7.9,2.63,0.04,31.8125,-208.9375,99.6875,-0.49212646,-0.5196533,-0.55548096,-0.4232788
4a,2,Right Ankle,2375551,1779735308984,-9.7442255,0.062548555,0.24646074,-12.323362,-13.6337595,8.607618,-2.5093267,67.11754,229.22954,0.0
4a,3,Left Wrist,5134166,1779735308988,12.399809,-10.721941,-3.9026937,0.7457764,-43.8403,38.609222,-93.158394,-55.8063,349.134,0.0
4a,1,Left Ankle,5334152,1779735309007,7.42,3.93,-0.15,37.5,-196.125,125.125,-0.49829102,-0.5477295,-0.53063965,-0.41241455
4a,1,Left Ankle,5334176,1779735309036,6.4,7.78,0.29,45.5625,-181.375,164.6875,-0.5,-0.57751465,-0.50341797,-0.40374756
4a,4,Right Wrist,31337152,1779735309039,1.3656036,-1.8473593,3.0005996,53.835037,31.921112,-8.946272,-151.77321,-26.171453,195.47064,0.0
4a,2,Right Ankle,2376192,1779735309043,-9.839937,-0.9783293,0.35653055,-7.353362,-1.1737598,11.82762,-2.6304896,67.517,229.14499,0.0
4a,3,Left Wrist,5134226,1779735309054,11.504893,-12.435202,-2.2540388,34.275776,-88.6403,73.60922,-93.2377,-55.711388,349.226,0.0
4a,1,Left Ankle,5334196,1779735309067,3.84,13.09,2.46,43.3125,-161.375,208.1875,-0.49243164,-0.62420654,-0.45587158,-0.40008545
4a,1,Left Ankle,5334215,1779735309068,-1.94,13.53,7.61,19.8125,-166.375,225.375,-0.4901123,-0.65411377,-0.41748047,-0.39709473
4a,1,Left Ankle,5334238,1779735309103,-8.01,14.17,8.95,-8.625,-252.8125,191.25,-0.49291992,-0.6687012,-0.3959961,-0.39123535
4a,4,Right Wrist,31337211,1779735309103,1.1574279,1.1364906,2.3832514,19.18504,22.541111,-22.73627,-151.76703,-26.199404,195.47382,0.0
4a,3,Left Wrist,5134286,1779735309108,10.753547,-10.183557,-0.023928225,-29.494223,-54.060303,100.55922,-93.24298,-55.604115,349.23138,0.0
4a,1,Left Ankle,5334255,1779735309128,-13.89,15.0,8.29,-25.9375,-269.875,128.25,-0.50354004,-0.69366455,-0.35498047,-0.37322998
4a,1,Left Ankle,5334276,1779735309128,-12.71,12.75,9.44,-31.0,-177.25,83.0,-0.5161743,-0.7131958,-0.3140869,-0.35534668
4a,1,Left Ankle,5334296,1779735309162,-16.09,13.25,4.84,-36.3125,-84.125,34.4375,-0.5238037,-0.7151489,-0.30456543,-0.34838867
4a,4,Right Wrist,31337272,1779735309162,2.0954146,0.8613164,3.7160535,59.43504,12.601111,-36.73627,-151.74492,-26.227833,195.48149,0.0
4a,2,Right Ankle,2376291,1779735309163,-9.201054,0.09126243,0.34935212,12.596638,7.7162404,11.477619,-2.6115398,67.57856,229.15991,0.0
4a,3,Left Wrist,5134345,1779735309168,9.401602,-12.078671,-5.6901326,54.71578,-20.180302,93.69922,-93.31631,-55.523956,349.31052,0.0
4a,1,Left Ankle,5334314,1779735309186,-3.57,10.65,-1.58,-17.3125,-80.125,-65.9375,-0.5286255,-0.7147827,-0.30499268,-0.34143066
4a,1,Left Ankle,5334340,1779735309225,19.32,13.61,-12.95,15.25,-112.1875,-81.9375,-0.53808594,-0.71698,-0.30615234,-0.3204956
4a,1,Left Ankle,5334356,1779735309225,-4.23,15.57,-3.52,-37.25,8.1875,-18.125,-0.5449829,-0.7112427,-0.30889893,-0.31896973
4a,4,Right Wrist,31337332,1779735309226,3.9642088,0.28703883,2.6129622,40.39504,-31.568888,-43.176273,-151.73329,-26.253323,195.49919,0.0
4a,2,Right Ankle,2376455,1779735309235,-9.875831,-0.13127008,-0.014356935,13.436638,30.04624,7.277619,-2.5932238,67.710655,229.16992,0.0
4a,1,Left Ankle,5334377,1779735309246,-2.26,10.01,-4.36,-70.25,-12.125,-38.625,-0.55688477,-0.7034302,-0.30950928,-0.31506348
4a,3,Left Wrist,5134406,1779735309259,7.4394875,-11.411074,0.9882358,-30.404224,-18.360302,142.62923,-93.295204,-55.40872,349.28638,0.0
4a,1,Left Ankle,5334418,1779735309283,0.39,9.42,-0.73,-50.3125,20.0625,-16.1875,-0.5697632,-0.6906738,-0.31103516,-0.31878662
4a,1,Left Ankle,5334396,1779735309283,-6.62,6.29,-4.16,-55.75,-22.8125,-37.1875,-0.5647583,-0.697937,-0.3083496,-0.3143921
4a,4,Right Wrist,31337391,1779735309283,3.9905298,0.47607204,1.5984055,22.895039,-45.98889,-26.936272,-151.7303,-26.276136,195.51566,0.0
4a,1,Left Ankle,5334436,1779735309305,1.6,10.69,3.36,-35.3125,16.5625,-9.0,-0.5734863,-0.6854248,-0.31225586,-0.32208252
4a,1,Left Ankle,5334457,1779735309306,0.8,10.24,0.18,-28.75,-22.125,-16.75,-0.5775757,-0.6815796,-0.31280518,-0.3223877
4a,3,Left Wrist,5134465,1779735309323,10.782261,-11.700606,-3.668197,-40.344223,19.929699,115.32922,-93.37051,-55.316788,349.3315,0.0
4a,1,Left Ankle,5334482,1779735309336,0.35,10.33,-0.83,-29.0,-35.9375,-14.5,-0.58361816,-0.6798096,-0.30969238,-0.31835938
4a,4,Right Wrist,31337452,1779735309338,4.452345,-1.043371,-0.33499515,36.05504,-26.108889,-2.506272,-151.71016,-26.311663,195.51688,0.0
4a,2,Right Ankle,2376474,1779735309351,-10.390287,0.9885709,-0.42831525,13.996637,30.25624,-2.5223808,-2.5571578,67.780106,229.19824,0.0
4a,1,Left Ankle,5334499,1779735309366,-0.07,10.23,-0.76,-29.125,-34.375,-12.375,-0.58947754,-0.6781616,-0.3060913,-0.3145752
4a,3,Left Wrist,5134555,1779735309379,8.446866,-11.583357,3.6993039,-8.354223,2.0796995,62.40922,-93.30158,-55.254414,349.2713,0.0
4a,1,Left Ankle,5334523,1779735309408,-0.43,9.69,-0.51,-25.5625,-20.25,-11.75,-0.5936279,-0.675354,-0.3053589,-0.31347656
4a,1,Left Ankle,5334545,1779735309408,0.0,10.0,-0.93,-20.8125,-15.5625,-7.8125,-0.5974121,-0.673584,-0.30352783,-0.3118286
4a,4,Right Wrist,31337511,1779735309408,5.086443,-2.4934213,-3.696911,68.04504,9.661112,-15.036272,-151.67693,-26.374603,195.51537,0.0
4a,2,Right Ankle,2376634,1779735309408,-11.268453,7.9445066,10.040283,133.41664,-13.28376,34.71762,-2.3399153,67.82054,229.3498,0.0
4a,1,Left Ankle,5334560,1779735309426,-0.02,9.93,-0.52,-18.875,-17.125,-6.3125,-0.60076904,-0.67211914,-0.30169678,-0.31036377
4a,3,Left Wrist,5134616,1779735309438,8.3296175,-16.84039,6.2931237,-99.144226,32.109703,110.70923,-93.25491,-55.17367,349.19687,0.0
4a,1,Left Ankle,5334588,1779735309460,-0.39,9.78,-0.68,-16.0625,-18.75,-3.4375,-0.6046753,-0.6704712,-0.300354,-0.30767822
4a,1,Left Ankle,5334605,1779735309460,-0.77,9.92,-0.94,-14.3125,-8.4375,1.375,-0.6069336,-0.6682129,-0.29937744,-0.309021
4a,4,Right Wrist,31337572,1779735309460,2.1815562,-7.235996,-3.6394832,-210.13496,78.89111,17.373728,-151.68091,-26.384417,195.46803,0.0
4a,2,Right Ankle,2376653,1779735309462,-11.19906,8.272324,5.905486,130.40665,-23.153759,56.97762,-2.0560138,67.80532,229.57814,0.0
4a,1,Left Ankle,5334631,1779735309486,0.21,9.32,-0.75,-12.8125,0.0625,2.5625,-0.60827637,-0.6669922,-0.2984619,-0.30993652
4a,3,Left Wrist,5134675,1779735309499,8.686148,-13.05255,2.928815,14.605777,69.4197,225.57922,-93.1505,-55.04534,349.09903,0.0
4a,1,Left Ankle,5334648,1779735309518,-0.38,10.11,-0.62,-9.6875,-3.3125,5.4375,-0.60931396,-0.6663208,-0.2970581,-0.31072998
4a,1,Left Ankle,5334665,1779735309518,0.59,9.69,-0.28,-8.5625,-3.25,3.5,-0.6102295,-0.66571045,-0.29614258,-0.31103516
4a,4,Right Wrist,31337631,1779735309518,0.6525424,-2.0316064,4.290331,73.78504,-47.528885,89.403725,-151.6248,-26.363836,195.437,0.0
4a,2,Right Ankle,2376710,1779735309523,-10.758781,3.2641451,1.2514462,186.96664,-62.00376,118.99762,-1.7528789,67.8311,229.81444,0.0
4a,1,Left Ankle,5334687,1779735309549,0.66,9.92,-0.35,-7.25,-6.875,-0.5625,-0.6113281,-0.6652832,-0.29516602,-0.31079102
4a,3,Left Wrist,5134736,1779735309559,3.5774713,-11.0234375,0.42113677,25.875776,-41.460304,208.91922,-93.138824,-54.903442,349.10287,0.0
4a,1,Left Ankle,5334709,1779735309585,-0.16,9.83,-0.33,-5.25,-5.3125,-1.5625,-0.6121826,-0.6647339,-0.29473877,-0.3106079
4a,4,Right Wrist,31337692,1779735309586,3.9546378,3.0818555,7.0731835,-140.97496,36.40111,77.78372,-151.65727,-26.38054,195.40273,0.0
4a,2,Right Ankle,2376771,1779735309586,-7.317903,-1.4305727,-0.4833502,128.37665,-48.35376,109.687614,-1.680908,67.8717,229.85422,0.0
4a,1,Left Ankle,5334726,1779735309586,-0.22,9.59,-0.22,-1.3125,-1.3125,-0.125,-0.6125488,-0.6645508,-0.29449463,-0.3104248
4a,1,Left Ankle,5334748,1779735309606,0.07,9.92,-0.5,2.0625,-2.875,2.1875,-0.61242676,-0.664917,-0.29412842,-0.3102417
4a,3,Left Wrist,5134795,1779735309620,1.8713889,-9.996917,1.7060825,-66.45422,-27.3903,178.74922,-93.13775,-54.78144,349.08655,0.0
4a,1,Left Ankle,5334768,1779735309637,0.12,9.91,-0.32,4.75,-1.25,2.6875,-0.6119385,-0.66485596,-0.29510498,-0.31054688
4a,1,Left Ankle,5334788,1779735309637,0.03,9.85,-0.29,8.25,-3.4375,3.5,-0.6116333,-0.6654053,-0.29522705,-0.30981445
4a,4,Right Wrist,31337751,1779735309638,5.502794,6.1685963,3.2039895,-20.784962,108.85111,-13.286272,-151.67175,-26.440475,195.39343,0.0
4a,2,Right Ankle,2376831,1779735309652,-5.037543,-4.2732463,-1.8640088,26.106636,-38.69376,58.16762,-1.7709486,67.90454,229.77014,0.0
4a,1,Left Ankle,5334813,1779735309667,0.04,9.77,-0.37,12.625,-5.4375,1.5625,-0.61035156,-0.6659546,-0.29663086,-0.30981445
4a,3,Left Wrist,5134856,1779735309682,1.7828543,-7.0968146,0.021535404,-165.29422,-20.320301,147.10922,-93.191086,-54.660397,349.0854,0.0
4a,1,Left Ankle,5334828,1779735309696,-0.04,9.93,-0.31,17.3125,-5.6875,1.6875,-0.60943604,-0.6673584,-0.2972412,-0.3079834
4a,4,Right Wrist,31337812,1779735309699,4.4499516,3.0938194,-1.8640088,0.77504015,109.62112,-56.336273,-151.70824,-26.51954,195.40906,0.0
4a,2,Right Ankle,2376891,1779735309702,-7.143227,-3.7922885,-3.6729827,67.966644,29.13624,-32.062378,-1.8750526,67.97145,229.64735,0.0
4a,1,Left Ankle,5334850,1779735309728,1.44,9.78,-0.6,19.0625,-5.9375,-5.3125,-0.60791016,-0.6693115,-0.29803467,-0.30603027
4a,1,Left Ankle,5334872,1779735309729,-0.27,9.86,-0.53,17.8125,-10.625,-3.375,-0.605896,-0.67077637,-0.2999878,-0.3048706
4a,3,Left Wrist,5134916,1779735309738,1.6895342,-7.6160574,-0.31585258,-75.41423,-2.7503006,121.27922,-93.21292,-54.54723,349.08087,0.0
4a,1,Left Ankle,5334896,1779735309759,-0.6,9.46,-0.96,17.875,-11.375,-5.4375,-0.60479736,-0.6729126,-0.30023193,-0.302063
4a,4,Right Wrist,31337872,1779735309759,5.5219364,-0.8351953,-2.8426733,-41.08496,57.541115,-65.29627,-151.73831,-26.603695,195.42555,0.0
4a,2,Right Ankle,2376951,1779735309762,-16.678625,7.329551,2.4095724,42.626637,13.876241,-73.43238,-1.7551916,68.01166,229.73505,0.0
4a,1,Left Ankle,5334915,1779735309786,0.0,9.93,-0.96,16.875,-4.0,-1.125,-0.60253906,-0.67419434,-0.3022461,-0.3017578
4a,1,Left Ankle,5334935,1779735309787,-0.14,10.1,-0.97,15.8125,-2.0625,2.5,-0.59991455,-0.6768799,-0.30285645,-0.30041504
4a,3,Left Wrist,5134976,1779735309801,1.1559347,-7.515559,-0.7010971,-62.954224,20.1397,136.74922,-93.22753,-54.428425,349.06924,0.0
4a,1,Left Ankle,5334951,1779735309816,0.29,9.82,-0.9,14.8125,-4.5,1.3125,-0.5991211,-0.6777954,-0.30291748,-0.2998047
4a,4,Right Wrist,31337931,1779735309819,7.8405814,0.38035893,5.843273,-48.644962,47.111115,-53.18627,-151.75182,-26.653881,195.43166,0.0
4a,2,Right Ankle,2377011,1779735309823,-11.581913,2.036627,-1.3351951,-71.61336,-1.5237597,-54.46238,-1.7718097,68.06907,229.73569,0.0
4a,1,Left Ankle,5334976,1779735309847,-0.21,9.89,-0.92,14.4375,-12.0625,9.0625,-0.59698486,-0.6810913,-0.30187988,-0.29779053
4a,1,Left Ankle,5334996,1779735309847,-0.1,9.77,-0.97,14.8125,-13.875,12.3125,-0.595459,-0.6838989,-0.29968262,-0.2965088
4a,3,Left Wrist,5135036,1779735309859,1.1032927,-3.5339024,-2.3114667,-117.34423,39.8797,127.22922,-93.329666,-54.33062,349.1094,0.0
4a,1,Left Ankle,5335014,1779735309887,0.07,9.18,-1.19,14.9375,-16.4375,20.3125,-0.59375,-0.6848755,-0.29968262,-0.29760742
4a,4,Right Wrist,31337992,1779735309887,2.530908,-3.4433718,3.129812,-25.124962,25.481112,-43.386272,-151.73695,-26.684355,195.42921,0.0
4a,2,Right Ankle,2377071,1779735309887,-10.962172,-0.96397233,-1.1557333,28.556637,-12.02376,-12.602381,-1.803316,68.12389,229.69563,0.0
4a,1,Left Ankle,5335037,1779735309907,0.03,9.37,-1.73,13.0,-18.3125,20.5,-0.5921631,-0.6881714,-0.2962036,-0.29675293
4a,1,Left Ankle,5335053,1779735309908,0.57,9.47,-1.28,11.4375,-12.8125,19.5625,-0.5904541,-0.6911011,-0.29296875,-0.29656982
4a,3,Left Wrist,5135095,1779735309925,1.9694945,-0.95204675,-4.2927237,-38.104225,-10.3803005,61.91922,-93.46727,-54.311657,349.2118,0.0
4a,1,Left Ankle,5335077,1779735309943,0.08,9.38,-1.22,9.6875,-1.25,14.9375,-0.5876465,-0.6939697,-0.29052734,-0.2977295
4a,4,Right Wrist,31338051,1779735309943,0.8056831,-1.6391835,4.2759743,-39.894962,-10.988888,-17.696272,-151.7355,-26.694012,195.42879,0.0
4a,2,Right Ankle,2377131,1779735309943,-9.1508045,-0.07384233,-0.0741775,4.6866384,-21.54376,8.397619,-1.7972488,68.175354,229.70091,0.0
4a,1,Left Ankle,5335096,1779735309966,0.26,9.41,-1.14,10.125,7.8125,10.9375,-0.5856323,-0.69525146,-0.29016113,-0.29907227
4a,1,Left Ankle,5335113,1779735309967,0.24,9.7,-1.19,10.875,12.25,9.9375,-0.58465576,-0.6954956,-0.29089355,-0.29986572
4a,3,Left Wrist,5135156,1779735309978,-0.40897128,-7.7404847,-2.603391,-23.264223,5.439699,85.92922,-93.50875,-54.211617,349.2367,0.0
4a,1,Left Ankle,5335141,1779735309997,0.94,9.59,-0.88,12.75,13.5625,6.875,-0.5809326,-0.6968384,-0.29260254,-0.302063
4a,4,Right Wrist,31338112,1779735309999,-1.4076779,-1.057728,2.7182467,-4.68496,-4.9688883,-14.966272,-151.72287,-26.69217,195.42723,0.0
4a,2,Right Ankle,2377191,1779735310013,-8.921094,0.529149,-0.20338993,3.216638,-19.58376,3.707619,-1.7687883,68.22747,229.72688,0.0
4a,1,Left Ankle,5335158,1779735310026,0.12,9.6,-1.75,12.0625,1.625,1.4375,-0.5790405,-0.6977539,-0.2939453,-0.3024292
4a,1,Left Ankle,5335177,1779735310027,0.31,9.69,-1.63,10.9375,2.5,0.125,-0.57751465,-0.6987915,-0.29467773,-0.30218506
4a,3,Left Wrist,5135215,1779735310039,3.2544403,1.0268177,-3.912265,-96.90423,0.11969948,62.199223,-93.6484,-54.230198,349.32175,0.0
4a,1,Left Ankle,5335197,1779735310056,0.72,9.61,-1.49,9.375,5.4375,0.5,-0.57611084,-0.6995239,-0.2956543,-0.3022461
4a,4,Right Wrist,31338171,1779735310068,-1.2736799,-3.2064826,2.309074,-27.29496,-15.468889,-24.976273,-151.70866,-26.685574,195.42572,0.0
4a,2,Right Ankle,2377250,1779735310068,-9.559978,-0.17434089,0.10289137,-9.523362,-16.36376,4.827619,-1.7753162,68.28045,229.7246,0.0
4a,1,Left Ankle,5335213,1779735310087,0.01,9.64,-1.76,8.6875,8.125,2.1875,-0.5749512,-0.6994629,-0.29693604,-0.3032837
4a,1,Left Ankle,5335236,1779735310088,0.51,9.49,-1.9,7.8125,8.0625,1.4375,-0.5727539,-0.7001343,-0.29858398,-0.30426025
4a,1,Left Ankle,5335258,1779735310115,0.42,9.69,-1.49,5.25,4.375,4.375,-0.5717163,-0.70080566,-0.2984619,-0.30480957
4a,2,Right Ankle,2377311,1779735310130,-9.4881935,0.35447294,0.1363909,-13.233362,-10.90376,3.777619,-1.7595528,68.33529,229.74403,0.0
4a,4,Right Wrist,31338232,1779735310130,-2.1662025,-2.2948172,3.438486,-66.844955,-21.278889,-43.03627,-151.7198,-26.68078,195.43521,0.0
4a,3,Left Wrist,5135276,1779735310130,2.5270221,-2.9907317,-4.692325,115.19577,-39.0803,42.59922,-93.73755,-54.197178,349.43408,0.0
4a,1,Left Ankle,5335276,1779735310146,0.85,9.61,-1.56,5.25,4.375,4.375,-0.5708008,-0.70129395,-0.2984619,-0.30541992
4a,1,Left Ankle,5335297,1779735310147,0.11,9.8,-1.62,0.6875,4.625,7.625,-0.57006836,-0.7015991,-0.29797363,-0.3065796
4a,1,Left Ankle,5335315,1779735310184,0.44,9.67,-1.41,0.25,6.125,7.875,-0.569397,-0.70166016,-0.2975464,-0.30804443
4a,4,Right Wrist,31338291,1779735310184,-1.7833511,-1.9478579,2.931208,-58.44496,-29.188887,-31.48627,-151.72676,-26.671942,195.44214,0.0
4a,2,Right Ankle,2377371,1779735310185,-9.844724,-0.293982,-0.016749758,-6.373362,-6.21376,0.06761885,-1.7744313,68.39173,229.7323,0.0
4a,1,Left Ankle,5335340,1779735310207,0.76,9.53,-1.56,-1.8125,4.0,10.125,-0.5689087,-0.7017822,-0.29675293,-0.30950928
4a,1,Left Ankle,5335359,1779735310236,0.09,9.65,-1.77,-3.5,6.25,9.375,-0.56829834,-0.701355,-0.29693604,-0.31134033
4a,1,Left Ankle,5335381,1779735310237,0.83,9.54,-1.65,-3.4375,8.5,9.0,-0.5678711,-0.70111084,-0.2966919,-0.31304932
4a,4,Right Wrist,31338352,1779735310238,-2.3576286,-1.7588246,4.398008,-119.97496,-28.908888,-8.456272,-151.75531,-26.661331,195.44273,0.0
4a,2,Right Ankle,2377431,1779735310243,-9.402051,0.18936816,0.20338993,-5.463362,-0.123759866,-1.1923811,-1.7678696,68.45027,229.74002,0.0
4a,1,Left Ankle,5335397,1779735310270,0.81,9.83,-1.79,-4.25,8.0625,8.5625,-0.56744385,-0.7006836,-0.2962036,-0.31506348
4a,3,Left Wrist,5135335,1779735310284,0.65344226,-5.618051,-4.8191447,119.67577,-48.670303,26.919222,-93.80855,-54.134113,349.53506,0.0
4a,1,Left Ankle,5335422,1779735310295,0.71,9.47,-1.45,-3.4375,6.75,5.0625,-0.5671997,-0.70025635,-0.2960205,-0.31671143
4a,4,Right Wrist,31338412,1779735310298,-2.7763727,-3.1275196,4.5631127,-15.81496,-39.68889,25.773727,-151.73914,-26.639729,195.43178,0.0
4a,2,Right Ankle,2377491,1779735310310,-9.354196,-0.09059209,0.16749758,-5.6733623,0.7862402,-0.14238095,-1.7741613,68.5091,229.73598,0.0
4a,1,Left Ankle,5335448,1779735310326,1.14,9.54,-1.39,-3.0625,7.3125,4.8125,-0.56695557,-0.6998291,-0.29595947,-0.31811523
4a,1,Left Ankle,5335457,1779735310327,0.63,9.77,-1.57,-3.25,4.875,1.4375,-0.5671387,-0.69940186,-0.29589844,-0.3189087
4a,1,Left Ankle,5335485,1779735310357,1.04,9.48,-1.4,-3.5625,3.375,1.1875,-0.5673828,-0.69885254,-0.2960205,-0.31951904
4a,1,Left Ankle,5335501,1779735310358,0.53,9.44,-1.36,-3.75,2.75,0.5,-0.5680542,-0.6981201,-0.29644775,-0.31951904
4a,4,Right Wrist,31338471,1779735310358,-0.17058863,3.708775,9.801002,-185.28496,35.281113,11.213728,-151.79614,-26.657658,195.42003,0.0
4a,2,Right Ankle,2377551,1779735310362,-9.265661,0.100833714,0.11246266,-7.353362,-0.89375985,2.377619,-1.7695094,68.567474,229.74301,0.0
4a,3,Left Wrist,5135529,1779735310377,4.0105724,-9.104394,-3.1226335,13.695777,-9.820301,-120.92078,-94.03287,-54.11613,349.7083,0.0
4a,1,Left Ankle,5335518,1779735310388,0.58,9.47,-1.65,-3.5,7.6875,1.5,-0.56811523,-0.6975708,-0.2965088,-0.32043457
4a,1,Left Ankle,5335537,1779735310388,0.92,9.54,-1.51,-3.625,7.4375,1.0625,-0.5680542,-0.6968384,-0.29699707,-0.3217163
4a,1,Left Ankle,5335557,1779735310416,0.39,9.43,-1.45,-4.5625,3.1875,1.5625,-0.5683594,-0.69628906,-0.29693604,-0.32250977
4a,4,Right Wrist,31338532,1779735310419,3.980959,0.7799603,10.779666,-105.20496,101.71111,-49.616272,-151.8227,-26.712477,195.41411,0.0
4a,2,Right Ankle,2377611,1779735310423,-9.236947,-0.06666386,0.18424734,-3.853362,2.3962402,1.677619,-1.7724844,68.62684,229.74168,0.0
4a,3,Left Wrist,5135576,1779735310429,7.3437743,-9.331712,-3.2183464,-153.88423,34.5597,-132.12077,-94.14462,-54.107815,349.75018,0.0
4a,1,Left Ankle,5335578,1779735310454,0.77,9.48,-1.41,-3.8125,5.125,0.8125,-0.5686035,-0.6956177,-0.2972412,-0.32312012
4a,1,Left Ankle,5335603,1779735310484,0.92,9.68,-1.3,-3.5625,7.25,0.375,-0.56884766,-0.6948242,-0.29797363,-0.32385254
4a,1,Left Ankle,5335623,1779735310484,1.21,9.85,-1.25,-2.9375,3.8125,-2.625,-0.5692749,-0.69433594,-0.29803467,-0.32403564
4a,4,Right Wrist,31338591,1779735310484,1.6838489,2.3137598,6.666404,86.38504,77.35111,-107.78628,-151.79912,-26.767807,195.43532,0.0
4a,2,Right Ankle,2377670,1779735310485,-9.191483,0.17022558,0.19381864,-3.2233622,6.80624,-1.9623809,-1.7666228,68.687706,229.74791,0.0
4a,1,Left Ankle,5335645,1779735310506,1.16,9.9,-1.2,-2.5,-1.5625,-7.4375,-0.5699463,-0.6937866,-0.29858398,-0.32354736
4a,3,Left Wrist,5135666,1779735310530,13.892931,-16.634605,-1.2490535,87.755775,91.259705,-141.71077,-94.076126,-54.08398,349.70297,0.0
4a,1,Left Ankle,5335660,1779735310538,0.89,9.72,-1.07,-1.9375,-3.8125,-12.0,-0.57092285,-0.69317627,-0.2994995,-0.32226562
4a,1,Left Ankle,5335686,1779735310540,0.44,9.59,-1.56,-0.9375,-0.75,-13.0625,-0.5722046,-0.6921387,-0.3015747,-0.32025146
4a,4,Right Wrist,31338652,1779735310540,1.6407781,-0.45234337,6.0729837,204.12505,-58.518883,-69.14628,-151.73071,-26.774359,195.46423,0.0
4a,2,Right Ankle,2377731,1779735310543,-9.3039465,-0.13844854,-0.0047856453,-5.8833623,11.35624,-2.5223808,-1.7778904,68.75029,229.73897,0.0
4a,1,Left Ankle,5335700,1779735310566,0.74,9.6,-1.47,-0.5,-0.3125,-13.8125,-0.5725708,-0.69177246,-0.30236816,-0.31958008
4a,3,Left Wrist,5135726,1779735310585,9.729419,-6.802499,-3.050849,-120.84423,137.94969,-62.82078,-94.1506,-54.110065,349.7019,0.0
4a,1,Left Ankle,5335725,1779735310597,0.76,9.59,-1.18,-0.625,-4.0625,-14.5625,-0.5736084,-0.6911621,-0.30371094,-0.3178711
4a,1,Left Ankle,5335745,1779735310597,0.42,9.81,-1.23,-0.1875,-4.8125,-13.4375,-0.57470703,-0.6906128,-0.30493164,-0.31585693
4a,2,Right Ankle,2377791,1779735310603,-9.059877,-0.07144951,-0.23449661,-7.563362,8.34624,3.007619,-1.7817258,68.81214,229.7382,0.0
4a,1,Left Ankle,5335764,1779735310626,0.12,9.56,-1.35,-0.4375,-0.6875,-11.6875,-0.57543945,-0.69000244,-0.30639648,-0.3145752
4a,3,Left Wrist,5135816,1779735310640,8.619149,-9.235999,-7.0875406,159.01578,199.0597,-17.74078,-94.09813,-54.095863,349.664,0.0
4a,1,Left Ankle,5335800,1779735310662,0.24,9.35,-1.31,-0.8125,1.3125,-7.5,-0.57629395,-0.68878174,-0.30877686,-0.31323242
4a,1,Left Ankle,5335785,1779735310662,0.14,9.29,-1.36,-0.625,2.0625,-9.5625,-0.57611084,-0.6890259,-0.30828857,-0.31347656
4a,2,Right Ankle,2377851,1779735310663,-9.213019,-0.52369297,-0.3876373,-6.513362,1.6262403,12.037619,-1.7968783,68.87145,229.72769,0.0
4a,1,Left Ankle,5335824,1779735310686,0.3,9.6,-1.32,-0.625,1.25,-5.75,-0.5760498,-0.68774414,-0.3109131,-0.3139038
4a,3,Left Wrist,5135875,1779735310702,8.973287,-14.674884,-9.54497,-116.15423,141.0997,37.769222,-94.15839,-54.042255,349.6506,0.0
4a,1,Left Ankle,5335844,1779735310717,0.32,9.63,-1.25,-0.375,1.9375,-4.6875,-0.57647705,-0.6871338,-0.31201172,-0.31323242
4a,1,Left Ankle,5335863,1779735310718,0.2,9.66,-1.2,-0.625,2.1875,-3.5625,-0.57696533,-0.68652344,-0.31298828,-0.31280518
4a,4,Right Wrist,31338711,1779735310718,-3.242973,-3.9841497,4.465007,275.59503,-136.4989,-42.19627,-151.62947,-26.732183,195.49377,0.0
4a,2,Right Ankle,2377911,1779735310723,-9.122091,0.3520801,-0.29910284,-3.083362,-4.25376,10.707619,-1.7724488,68.92902,229.75284,0.0
4a,1,Left Ankle,5335891,1779735310746,0.2,9.52,-1.57,-0.625,3.8125,-0.9375,-0.5770874,-0.6859131,-0.31445312,-0.31243896
4a,1,Left Ankle,5335905,1779735310778,0.2,9.59,-1.37,0.4375,3.0625,3.1875,-0.5767822,-0.68585205,-0.31481934,-0.31280518
4a,1,Left Ankle,5335926,1779735310778,0.5,9.78,-0.99,2.4375,-0.75,5.375,-0.57629395,-0.68634033,-0.31433105,-0.31311035
4a,2,Right Ankle,2377971,1779735310783,-9.457087,0.2779026,-0.31106696,-3.433362,-5.58376,3.777619,-1.75814,68.98608,229.7678,0.0
4a,3,Left Wrist,5135936,1779735310797,12.404594,-13.8900385,-8.449057,-31.034224,48.1397,76.47922,-94.23585,-53.984455,349.69354,0.0
4a,1,Left Ankle,5335950,1779735310806,0.48,9.9,-1.28,2.875,-0.3125,4.5,-0.5756836,-0.68688965,-0.3139038,-0.31347656
4a,4,Right Wrist,31338875,1779735310809,-3.228616,0.91395843,0.7322037,266.91504,80.291115,102.77373,-151.41664,-26.660471,195.44542,0.0
4a,1,Left Ankle,5335967,1779735310837,0.41,9.89,-1.54,2.5,0.875,5.25,-0.5750122,-0.68725586,-0.3137207,-0.3140869
4a,2,Right Ankle,2378031,1779735310844,-9.445122,-0.08341362,-0.1363909,-6.373362,-2.2937598,-2.172381,-1.7663743,69.04399,229.76195,0.0
4a,3,Left Wrist,5135996,1779735310848,10.90908,-9.011074,-1.8568304,-85.634224,10.759699,57.99922,-94.33797,-53.92644,349.74887,0.0
4a,1,Left Ankle,5335994,1779735310873,0.45,9.42,-1.46,1.375,-0.6875,4.625,-0.57458496,-0.6876831,-0.31323242,-0.3143921
4a,1,Left Ankle,5336008,1779735310873,0.31,9.46,-1.46,1.0,-1.625,5.75,-0.5740967,-0.6879883,-0.3128662,-0.31500244
4a,1,Left Ankle,5336028,1779735310896,0.5,9.74,-1.29,0.875,0.25,6.0,-0.57366943,-0.6884155,-0.31219482,-0.31549072
4a,1,Left Ankle,5336048,1779735310898,0.39,9.72,-1.37,0.75,2.0625,6.375,-0.57336426,-0.68859863,-0.3118286,-0.315979
4a,4,Right Wrist,31338952,1779735310899,-0.3787642,2.63679,-1.6438692,-60.19496,146.7211,-10.626272,-151.47911,-26.700933,195.44505,0.0
4a,2,Right Ankle,2378091,1779735310903,-9.186698,0.11997632,-0.21535404,-9.593362,-0.1937598,-4.762381,-1.768716,69.10269,229.76225,0.0
4a,3,Left Wrist,5136085,1779735310909,11.303896,-10.997117,-4.9507504,3.5457764,24.6897,64.85922,-94.4111,-53.872612,349.8029,0.0
4a,1,Left Ankle,5336068,1779735310930,0.53,9.52,-1.37,0.5,3.375,6.25,-0.572937,-0.6887207,-0.3116455,-0.31671143
4a,1,Left Ankle,5336088,1779735310958,0.49,9.49,-1.39,0.375,2.0,6.25,-0.5725708,-0.6888428,-0.31134033,-0.31744385
4a,1,Left Ankle,5336108,1779735310959,0.64,9.67,-1.24,0.5,1.125,5.3125,-0.57281494,-0.6894531,-0.30981445,-0.31707764
4a,4,Right Wrist,31339041,1779735310960,-0.44337037,-1.699004,-3.5437703,186.97504,82.39111,8.273728,-151.41342,-26.649855,195.43034,0.0
4a,2,Right Ankle,2378151,1779735310964,-9.311124,-0.037949994,-0.25842485,-8.543362,-1.6637598,-3.362381,-1.7768625,69.16095,229.75703,0.0
4a,3,Left Wrist,5136146,1779735310968,12.287346,-9.848561,-5.879165,-52.174225,17.8997,69.89922,-94.51508,-53.836952,349.86737,0.0
4a,1,Left Ankle,5336128,1779735310996,0.74,9.67,-1.31,0.5,0.3125,2.75,-0.57263184,-0.6895752,-0.30944824,-0.31744385
4a,1,Left Ankle,5336148,1779735311019,0.79,9.67,-1.4,0.0,-0.25,1.0,-0.5725708,-0.68963623,-0.30932617,-0.31756592
4a,1,Left Ankle,5336168,1779735311022,0.57,9.59,-1.42,-0.6875,-0.9375,0.5625,-0.5726929,-0.68963623,-0.30932617,-0.31744385
4a,4,Right Wrist,31339131,1779735311022,10.843575,0.35164487,-4.9028935,-245.55496,114.59111,-2.716272,-151.50978,-26.73764,195.41881,0.0
4a,2,Right Ankle,2378210,1779735311024,-9.165162,-0.12169878,-0.23928227,-5.813362,-3.1337595,0.06761885,-1.7848856,69.21861,229.75145,0.0
4a,3,Left Wrist,5136206,1779735311030,13.0363,-6.273684,-3.802195,-18.924223,-9.3303,63.949223,-94.61167,-53.852196,349.94092,0.0
4a,1,Left Ankle,5336193,1779735311048,0.27,9.47,-1.65,-1.875,0.5,0.9375,-0.572876,-0.68951416,-0.3092041,-0.31744385
4a,1,Left Ankle,5336208,1779735311079,0.48,9.63,-1.44,-2.1875,4.4375,1.5625,-0.572876,-0.689209,-0.30926514,-0.31811523
4a,4,Right Wrist,31339192,1779735311081,9.245169,6.1255255,1.2969098,-176.39496,63.84111,-100.64628,-151.59883,-26.806444,195.44928,0.0
4a,2,Right Ankle,2378271,1779735311084,-9.3039465,-0.20784038,-0.10289137,-7.843362,-1.6637598,3.217619,-1.7949009,69.27662,229.74504,0.0
4a,3,Left Wrist,5136266,1779735311096,13.634505,-6.8671045,-2.524428,75.785774,-17.660301,24.609222,-94.66672,-53.895348,350.00995,0.0
4a,1,Left Ankle,5336235,1779735311108,0.71,9.72,-1.29,-2.5,3.9375,1.4375,-0.572876,-0.68878174,-0.3093872,-0.31884766
4a,1,Left Ankle,5336250,1779735311109,0.57,9.65,-1.22,-2.5625,3.125,0.375,-0.57299805,-0.6883545,-0.30950928,-0.31939697
4a,1,Left Ankle,5336271,1779735311140,0.47,9.48,-1.34,-1.4375,4.0,0.8125,-0.57366943,-0.6885376,-0.3085327,-0.31878662
4a,2,Right Ankle,2378331,1779735311143,-9.2536955,-0.11212749,-0.19381864,-7.283362,-0.5437598,4.057619,-1.7993792,69.33518,229.74373,0.0
4a,3,Left Wrist,5136326,1779735311148,10.753547,-11.836996,-5.5800624,51.285778,-12.900301,21.249222,-94.73938,-53.84861,350.0854,0.0
4a,1,Left Ankle,5336298,1779735311172,0.6,9.48,-1.3,-0.6875,3.125,0.875,-0.5736084,-0.6881714,-0.309021,-0.31921387
4a,1,Left Ankle,5336320,1779735311197,0.8,9.67,-1.23,0.0,1.1875,0.0,-0.57354736,-0.6879883,-0.30932617,-0.319458
4a,1,Left Ankle,5336336,1779735311197,0.64,9.62,-1.21,0.375,-0.375,-1.125,-0.5736084,-0.68792725,-0.30944824,-0.31933594
4a,4,Right Wrist,31339355,1779735311198,4.260919,-2.1249266,-10.171888,-36.60496,-8.958889,-44.856274,-151.56401,-26.7755,195.49759,0.0
4a,2,Right Ankle,2378391,1779735311213,-9.083806,0.062548555,-0.26081768,-5.3233624,-1.5237597,2.517619,-1.7962325,69.3935,229.74872,0.0
4a,3,Left Wrist,5136385,1779735311214,11.847067,-10.2457695,-4.3932223,17.895777,-22.7703,42.31922,-94.83326,-53.80964,350.17017,0.0
4a,1,Left Ankle,5336356,1779735311226,0.6,9.55,-1.35,1.125,-0.4375,-1.0625,-0.57373047,-0.6879883,-0.3095703,-0.3189087
4a,1,Left Ankle,5336378,1779735311256,0.62,9.52,-1.36,1.125,-0.625,-1.25,-0.57373047,-0.6879883,-0.3098755,-0.31854248
4a,1,Left Ankle,5336396,1779735311257,0.53,9.66,-1.38,0.625,0.1875,-0.0625,-0.57373047,-0.6879883,-0.3100586,-0.31835938
4a,4,Right Wrist,31339374,1779735311259,3.7751763,2.4381857,-11.3778715,-30.79496,-54.248886,-51.64627,-151.6712,-26.761293,195.56323,0.0
4a,2,Right Ankle,2378451,1779735311263,-9.227375,-0.0810208,-0.15314065,-6.443362,-2.57376,2.237619,-1.8005604,69.45126,229.74706,0.0
4a,3,Left Wrist,5136446,1779735311269,11.469,-6.4244323,-3.5892339,23.075777,-36.420303,59.609222,-94.93355,-53.812542,350.26404,0.0
4a,1,Left Ankle,5336419,1779735311286,0.57,9.64,-1.23,0.5,0.25,0.4375,-0.5739136,-0.68811035,-0.30981445,-0.31793213
4a,1,Left Ankle,5336441,1779735311320,0.59,9.43,-1.31,0.25,-0.5625,0.8125,-0.5739746,-0.68811035,-0.3098755,-0.3178711
4a,1,Left Ankle,5336460,1779735311320,0.3,9.64,-1.51,-0.375,0.5,1.875,-0.57385254,-0.68792725,-0.31030273,-0.3180542
4a,2,Right Ankle,2378511,1779735311323,-9.378123,0.005120814,-0.15553348,-5.6733623,-2.4337597,1.467619,-1.8010938,69.509094,229.74858,0.0
4a,3,Left Wrist,5136505,1779735311329,12.806588,-0.97597504,-2.9503503,271.85577,-150.4503,23.279222,-94.96035,-53.86924,350.39276,0.0
4a,1,Left Ankle,5336478,1779735311346,0.27,9.61,-1.53,-1.125,3.0625,3.625,-0.57366943,-0.6878662,-0.31054688,-0.3182373
4a,1,Left Ankle,5336499,1779735311377,0.67,9.53,-1.31,-1.4375,1.3125,5.375,-0.57354736,-0.6878662,-0.3102417,-0.31878662
4a,1,Left Ankle,5336520,1779735311378,0.58,9.76,-1.26,-1.25,0.625,5.0625,-0.5742798,-0.68865967,-0.30804443,-0.3178711
4a,4,Right Wrist,31339431,1779735311379,1.4756734,-0.7346967,-2.3976083,294.07504,-114.86889,-75.51627,-151.6672,-26.768095,195.64536,0.0
4a,2,Right Ankle,2378571,1779735311383,-9.213019,-0.09777056,-0.02871387,-5.8833623,-1.0337597,0.13761902,-1.8080647,69.5672,229.744,0.0
4a,3,Left Wrist,5136566,1779735311394,11.038293,-21.894032,-0.5910272,42.255775,-85.9803,89.91922,-94.9685,-53.763424,350.4273,0.0
4a,1,Left Ankle,5336537,1779735311407,0.68,9.57,-1.26,0.25,2.625,5.5,-0.5739136,-0.6887207,-0.30773926,-0.31860352
4a,1,Left Ankle,5336557,1779735311407,0.62,9.58,-1.23,1.0625,0.75,6.1875,-0.57354736,-0.6890869,-0.3071289,-0.31915283
4a,1,Left Ankle,5336577,1779735311440,0.94,9.71,-1.18,2.125,-0.6875,5.75,-0.5731201,-0.68951416,-0.30651855,-0.31958008
4a,4,Right Wrist,31339595,1779735311440,-7.4543405,-14.246966,-7.601998,98.56504,-35.41889,80.723724,-151.5383,-26.686148,195.59569,0.0
4a,2,Right Ankle,2378630,1779735311443,-9.28241,-0.26526812,-0.17706887,-6.793362,-3.5537596,0.48761892,-1.8232676,69.6245,229.73207,0.0
4a,3,Left Wrist,5136625,1779735311447,11.464215,-6.6589284,2.682354,-117.20422,-10.730301,79.06922,-94.93286,-53.75859,350.36633,0.0
4a,1,Left Ankle,5336617,1779735311489,0.69,9.62,-1.24,3.6875,-3.3125,5.4375,-0.57214355,-0.6907959,-0.30517578,-0.31982422
4a,1,Left Ankle,5336597,1779735311489,0.61,9.69,-1.24,3.0,-1.75,6.0625,-0.57263184,-0.6901245,-0.3059082,-0.31982422
4a,4,Right Wrist,31339614,1779735311505,-6.9303126,-14.8021,-3.9409788,9.24504,-12.948889,97.31372,-151.48373,-26.633167,195.54788,0.0
4a,2,Right Ankle,2378691,1779735311505,-9.296767,-0.002057645,-0.12921242,-4.763362,-3.6237597,-3.8523812,-1.8287656,69.681725,229.72798,0.0
4a,3,Left Wrist,5136686,1779735311508,7.0446715,-18.733112,-2.4071796,-328.18423,53.7397,120.57922,-95.025894,-53.643963,350.3357,0.0
4a,1,Left Ankle,5336645,1779735311529,0.63,9.65,-1.39,3.625,-4.0,6.1875,-0.57159424,-0.6916504,-0.30438232,-0.31976318
4a,1,Left Ankle,5336665,1779735311529,0.67,9.58,-1.49,2.75,-3.0625,6.3125,-0.571167,-0.6929321,-0.30273438,-0.31933594
4a,1,Left Ankle,5336687,1779735311563,0.67,9.46,-1.41,1.1875,-0.1875,7.1875,-0.57092285,-0.69317627,-0.3024292,-0.31951904
4a,1,Left Ankle,5336704,1779735311563,0.8,9.7,-1.63,0.3125,0.8125,7.625,-0.5704346,-0.6935425,-0.30187988,-0.3201294
4a,2,Right Ankle,2378750,1779735311573,-9.320695,-0.3657667,-0.09092726,-3.573362,-3.4837599,-4.0623813,-1.8524722,69.73874,229.70645,0.0
4a,3,Left Wrist,5136746,1779735311574,7.898909,-6.5967155,-6.5300126,-93.68423,106.6597,210.87923,-95.10149,-53.56299,350.34442,0.0
4a,1,Left Ankle,5336728,1779735311589,0.84,9.53,-1.48,-1.8125,3.25,7.5,-0.56988525,-0.6939087,-0.30078125,-0.32128906
4a,1,Left Ankle,5336746,1779735311619,0.78,9.56,-1.51,-2.6875,3.875,7.8125,-0.5695801,-0.6939087,-0.30023193,-0.3223877
4a,4,Right Wrist,31339671,1779735311621,-4.0349975,-4.010471,-2.6105695,-1.11496,49.84111,98.083725,-151.44322,-26.585346,195.49522,0.0
4a,2,Right Ankle,2378811,1779735311625,-9.251304,-0.34183845,-0.09810573,-8.683362,-4.81376,0.13761902,-1.8729421,69.79532,229.69012,0.0
4a,3,Left Wrist,5136806,1779735311630,17.939192,-5.239985,-10.100104,-83.814224,94.899704,184.34923,-95.175255,-53.536274,350.35724,0.0
4a,1,Left Ankle,5336768,1779735311649,0.8,9.6,-1.36,-3.1875,4.5,8.375,-0.569458,-0.6937866,-0.29992676,-0.32305908
4a,1,Left Ankle,5336787,1779735311651,0.73,9.63,-1.25,-2.625,6.5,10.0,-0.5689697,-0.69348145,-0.29907227,-0.32543945
4a,1,Left Ankle,5336808,1779735311677,1.12,9.46,-1.14,-1.0625,7.625,10.375,-0.56817627,-0.69329834,-0.29870605,-0.32751465
4a,1,Left Ankle,5336828,1779735311679,1.1,9.62,-1.18,-0.375,2.5,10.125,-0.56744385,-0.6936035,-0.2979126,-0.3289795
4a,4,Right Wrist,31339835,1779735311679,10.893824,4.2806597,-6.809973,-91.62496,122.85111,54.683727,-151.42618,-26.73515,195.3912,0.0
4a,2,Right Ankle,2378871,1779735311684,-9.342231,-0.28680354,-0.071784675,-6.933362,-5.1637597,1.957619,-1.8882322,69.85183,229.67828,0.0
4a,3,Left Wrist,5136866,1779735311688,11.610177,-10.118951,6.6711893,25.525776,123.73971,36.29922,-95.02691,-53.52293,350.21884,0.0
4a,1,Left Ankle,5336848,1779735311716,0.93,9.56,-1.21,0.3125,2.9375,11.0625,-0.5667114,-0.69403076,-0.29681396,-0.33032227
4a,1,Left Ankle,5336869,1779735311735,1.15,9.5,-1.42,0.8125,4.0,12.1875,-0.5657959,-0.694397,-0.29595947,-0.33184814
4a,4,Right Wrist,31339855,1779735311738,7.909973,-2.1799617,-8.886944,-40.17496,54.88111,59.37373,-151.47514,-26.799507,195.3825,0.0
4a,2,Right Ankle,2378931,1779735311743,-9.232161,-0.36098108,-0.05503492,-8.753363,-5.3737597,1.467619,-1.908791,69.90813,229.66205,0.0
4a,3,Left Wrist,5136925,1779735311748,11.947564,-10.714764,-11.631511,-3.0342236,0.11969948,61.49922,-95.12837,-53.488285,350.29843,0.0
4a,1,Left Ankle,5336894,1779735311773,1.05,9.46,-1.37,0.5625,0.875,12.4375,-0.56500244,-0.6949463,-0.29473877,-0.33319092
4a,1,Left Ankle,5336910,1779735311773,1.26,9.71,-1.45,0.9375,0.5625,11.3125,-0.56427,-0.69555664,-0.29345703,-0.33416748
4a,1,Left Ankle,5336935,1779735311808,1.23,9.68,-1.34,0.625,3.0625,10.9375,-0.56347656,-0.6959839,-0.29248047,-0.33544922
4a,4,Right Wrist,31339912,1779735311808,10.4032955,-8.776974,-3.9481573,-108.14496,-82.03889,57.90373,-151.47232,-26.799126,195.36055,0.0
4a,2,Right Ankle,2378991,1779735311808,-9.186698,-0.54044276,0.13878371,-4.343362,-3.4137597,-1.402381,-1.9414766,69.96452,229.6326,0.0
4a,3,Left Wrist,5136986,1779735311808,4.838489,1.4886323,-9.549755,-74.57423,-69.8803,65.27922,-95.302795,-53.487976,350.43094,0.0
4a,1,Left Ankle,5336950,1779735311830,1.18,9.41,-1.34,1.1875,4.25,10.25,-0.5626831,-0.69628906,-0.29174805,-0.336792
4a,1,Left Ankle,5336974,1779735311831,1.35,9.42,-1.2,2.5,5.0,9.1875,-0.56170654,-0.6966553,-0.29125977,-0.33813477
4a,1,Left Ankle,5336991,1779735311861,1.35,9.7,-1.38,3.375,2.9375,7.9375,-0.56073,-0.69714355,-0.29077148,-0.33917236
4a,4,Right Wrist,31339971,1779735311861,15.284654,-5.754839,3.2518458,-364.48495,-149.1689,20.663729,-151.59045,-26.784119,195.37296,0.0
4a,2,Right Ankle,2379051,1779735311863,-9.086199,-0.5332643,-0.0119641125,-9.733362,-5.8637595,4.337619,-1.969556,70.02034,229.60995,0.0
4a,3,Left Wrist,5137045,1779735311868,18.439293,-13.547865,2.0434706,4.3157763,-118.670296,-94.950775,-95.27484,-53.521553,350.43607,0.0
4a,1,Left Ankle,5337015,1779735311889,1.64,9.68,-1.12,4.8125,1.8125,5.5625,-0.5597534,-0.6976929,-0.2904663,-0.3399048
4a,1,Left Ankle,5337032,1779735311889,1.4,9.61,-1.27,5.875,0.0625,2.5625,-0.55895996,-0.6983032,-0.29040527,-0.34002686
4a,1,Left Ankle,5337050,1779735311916,1.44,9.79,-1.51,6.8125,0.625,0.75,-0.55810547,-0.6989746,-0.2906494,-0.33984375
4a,2,Right Ankle,2379111,1779735311924,-9.236947,-0.293982,0.076570325,-9.033362,-8.94376,8.677619,-1.9801986,70.07537,229.60397,0.0
4a,3,Left Wrist,5137106,1779735311927,12.954944,-9.178571,-3.0245278,232.79578,-37.5403,-32.860775,-95.30621,-53.535076,350.53497,0.0
4a,1,Left Ankle,5337075,1779735311947,1.84,9.7,-1.39,8.375,-5.0,-3.3125,-0.55700684,-0.7001343,-0.29125977,-0.33868408
4a,1,Left Ankle,5337092,1779735311948,1.42,9.72,-1.49,8.6875,-7.6875,-3.9375,-0.55682373,-0.7006836,-0.29138184,-0.33789062
4a,1,Left Ankle,5337110,1779735311982,1.27,9.48,-1.63,8.875,-7.0,-5.3125,-0.5563965,-0.70166016,-0.29180908,-0.33605957
4a,4,Right Wrist,31340032,1779735311982,6.967201,4.2112675,2.9431717,-204.88496,-165.8989,-42.05627,-151.69167,-26.76972,195.42245,0.0
4a,2,Right Ankle,2379170,1779735311983,-9.356588,-0.33465996,0.08374879,-7.283362,-11.8837595,8.74762,-1.9921672,70.129295,229.59619,0.0
4a,3,Left Wrist,5137166,1779735311989,13.088942,-7.8170547,-3.507878,216.83577,-17.0303,-112.450775,-95.33525,-53.59833,350.62485,0.0
4a,1,Left Ankle,5337135,1779735312007,1.41,9.75,-1.68,9.0,-5.375,-4.5625,-0.5559082,-0.7025757,-0.2923584,-0.33447266
4a,1,Left Ankle,5337152,1779735312008,1.67,9.76,-2.07,9.8125,-7.8125,-3.5625,-0.5553589,-0.7036743,-0.2927246,-0.3328247
4a,1,Left Ankle,5337176,1779735312036,1.6,9.93,-2.06,12.3125,-18.1875,-2.625,-0.5545654,-0.7062378,-0.29223633,-0.32904053
4a,3,Left Wrist,5137226,1779735312049,12.9262295,-11.2387905,-1.2131611,97.27577,-42.7903,-97.68077,-95.34002,-53.55649,350.66675,0.0
4a,2,Right Ankle,2379231,1779735312050,-9.184305,-0.085806444,0.404387,-1.2633619,-11.043759,5.877619,-1.991017,70.18339,229.59842,0.0
4a,1,Left Ankle,5337197,1779735312072,1.55,10.0,-2.12,13.625,-19.5625,-2.6875,-0.5541382,-0.7084961,-0.29138184,-0.3256836
4a,1,Left Ankle,5337212,1779735312072,1.6,10.11,-2.14,14.125,-18.8125,-2.5625,-0.55371094,-0.7097168,-0.29101562,-0.32409668
4a,4,Right Wrist,31340195,1779735312072,-0.5366905,-0.3614163,4.453043,-0.62495995,-32.19889,43.83373,-151.77017,-26.756708,195.41322,0.0
4a,1,Left Ankle,5337237,1779735312097,1.48,9.97,-2.04,14.25,-19.3125,-3.75,-0.55267334,-0.7133179,-0.29003906,-0.31884766
4a,2,Right Ankle,2379291,1779735312102,-9.131663,-0.22698297,0.57906306,3.9866376,-13.423759,3.497619,-1.999593,70.23628,229.58952,0.0
4a,3,Left Wrist,5137286,1779735312114,15.740188,-10.642979,-0.4833502,-7.1642237,-35.0903,-140.52077,-95.3067,-53.658028,350.6479,0.0
4a,1,Left Ankle,5337255,1779735312128,1.17,9.79,-1.71,13.8125,-18.875,-3.9375,-0.55218506,-0.71533203,-0.28955078,-0.31555176
4a,1,Left Ankle,5337275,1779735312129,0.44,9.48,-1.27,11.75,-12.1875,-2.4375,-0.5515747,-0.71710205,-0.2892456,-0.31292725
4a,4,Right Wrist,31340242,1779735312129,-0.4050852,-0.63180566,4.0103707,-33.10496,-6.5088882,62.87373,-151.7583,-26.749983,195.38635,0.0
4a,1,Left Ankle,5337298,1779735312158,-0.86,8.79,-1.7,11.5,-24.625,3.1875,-0.55096436,-0.71936035,-0.28771973,-0.3100586
4a,2,Right Ankle,2379351,1779735312164,-9.232161,0.9694283,-0.11964113,-4.063362,-13.913759,-6.092381,-1.9560745,70.288925,229.63118,0.0
4a,3,Left Wrist,5137346,1779735312168,17.9368,-11.624035,-2.1535404,343.74576,-136.52031,-33.000782,-95.3279,-53.712765,350.7903,0.0
4a,1,Left Ankle,5337314,1779735312187,-0.77,8.89,-2.24,9.875,-20.875,2.5,-0.5509033,-0.7218628,-0.2854004,-0.30651855
4a,1,Left Ankle,5337338,1779735312188,-5.15,11.58,-4.13,12.0,-50.8125,-4.625,-0.5519409,-0.7250366,-0.28204346,-0.3001709
4a,4,Right Wrist,31340301,1779735312188,-0.92193484,0.8565303,2.033899,-23.86496,27.861113,56.99373,-151.75343,-26.750572,195.36064,0.0
4a,1,Left Ankle,5337359,1779735312226,-8.57,12.55,-5.31,14.875,-57.0625,-9.3125,-0.55389404,-0.7286377,-0.27868652,-0.2909546
4a,2,Right Ankle,2379411,1779735312227,-9.00245,-0.14084136,0.6484549,-8.193362,-8.663759,-12.322382,-1.9790546,70.343216,229.61078,0.0
4a,3,Left Wrist,5137406,1779735312228,13.352152,-11.375182,1.9310079,454.48578,-178.66031,8.999222,-95.168686,-53.685623,350.82654,0.0
4a,1,Left Ankle,5337380,1779735312246,-12.93,13.5,0.62,3.8125,-113.875,-38.875,-0.56347656,-0.7327881,-0.27246094,-0.26690674
4a,1,Left Ankle,5337396,1779735312246,-7.99,12.03,3.65,-16.125,-218.25,-147.25,-0.5807495,-0.7345581,-0.26739502,-0.22711182
4a,4,Right Wrist,31340362,1779735312249,1.0736792,1.552842,2.4765713,17.855042,40.74111,43.413727,-151.73866,-26.772436,195.33885,0.0
4a,1,Left Ankle,5337420,1779735312275,-11.67,12.5,3.94,-12.75,-133.0625,-193.4375,-0.59643555,-0.73046875,-0.27337646,-0.18963623
4a,2,Right Ankle,2379471,1779735312291,-9.593477,-1.0237929,1.2083755,-9.943362,-4.6737595,1.2576189,-2.057465,70.39529,229.54039,0.0
4a,3,Left Wrist,5137465,1779735312292,14.46242,-10.662122,2.3401804,287.04578,-100.4003,46.86922,-95.02793,-53.668903,350.81372,0.0
4a,1,Left Ankle,5337438,1779735312307,-6.21,11.98,-0.75,1.8125,51.0625,-180.9375,-0.6018677,-0.7213135,-0.29681396,-0.17144775
4a,1,Left Ankle,5337454,1779735312308,-2.35,9.31,-1.78,11.6875,103.75,-176.5625,-0.6010132,-0.71588135,-0.31292725,-0.16845703
4a,4,Right Wrist,31340421,1779735312309,2.425624,3.0483553,2.2899313,25.13504,52.431114,1.5537279,-151.7357,-26.809982,195.3333,0.0
4a,1,Left Ankle,5337481,1779735312337,5.23,7.39,-2.87,7.125,82.3125,-154.125,-0.5964966,-0.699646,-0.35876465,-0.16107178
4a,2,Right Ankle,2379531,1779735312349,-9.380516,-0.31312457,0.8518449,-4.413362,6.24624,-2.5223808,-2.0823255,70.45443,229.51805,0.0
4a,3,Left Wrist,5137526,1779735312359,15.773688,-12.691235,4.2951164,89.505775,-45.450302,59.18922,-94.93133,-53.641945,350.76938,0.0
4a,1,Left Ankle,5337496,1779735312367,7.12,4.67,-2.1,-15.5,8.0,-123.5,-0.5994873,-0.68969727,-0.37664795,-0.15161133
4a,1,Left Ankle,5337518,1779735312397,7.03,2.32,-0.98,-38.8125,-42.6875,-79.6875,-0.6072998,-0.6802368,-0.38494873,-0.14239502
4a,1,Left Ankle,5337542,1779735312398,5.19,1.9,0.68,-55.625,-68.875,-42.875,-0.6187744,-0.67285156,-0.38311768,-0.1328125
4a,4,Right Wrist,31340482,1779735312399,3.5119653,2.421437,2.1750758,23.735039,48.861115,-35.336273,-151.73615,-26.857649,195.33974,0.0
4a,2,Right Ankle,2379591,1779735312403,-9.368552,-0.293982,0.5407779,-2.8033621,17.096241,-6.3723807,-2.108244,70.517746,229.49374,0.0
4a,3,Left Wrist,5137585,1779735312408,14.333209,-10.305591,2.5316064,-102.36423,27.629698,48.969223,-94.86674,-53.631676,350.682,0.0
4a,1,Left Ankle,5337559,1779735312432,10.3,7.73,-6.02,-19.125,12.875,15.125,-0.6225586,-0.67071533,-0.3807373,-0.13269043
4a,1,Left Ankle,5337585,1779735312457,-2.85,8.74,-6.47,-44.6875,69.5625,79.0,-0.6203613,-0.66845703,-0.3781128,-0.15911865
4a,1,Left Ankle,5337603,1779735312458,-8.37,15.01,-8.61,-24.5,97.4375,71.625,-0.6176758,-0.6680908,-0.3788452,-0.16912842
4a,2,Right Ankle,2379651,1779735312463,-8.968951,-0.66247666,0.4139583,-6.373362,22.55624,4.267619,-2.149818,70.58232,229.45705,0.0
4a,3,Left Wrist,5137646,1779735312475,12.497914,-11.482859,3.1345978,-206.17422,63.049698,74.44922,-94.82358,-53.588665,350.57498,0.0
4a,1,Left Ankle,5337625,1779735312485,1.03,14.65,-7.79,-33.5625,89.4375,52.375,-0.61291504,-0.6661377,-0.3812256,-0.18774414
4a,4,Right Wrist,31340541,1779735312498,3.8924243,0.97138536,2.7182467,33.74504,32.55111,-60.18627,-151.72821,-26.905201,195.3532,0.0
4a,1,Left Ankle,5337645,1779735312524,7.25,8.07,-6.01,-61.8125,-33.375,44.3125,-0.6199341,-0.65979004,-0.37493896,-0.19946289
4a,1,Left Ankle,5337665,1779735312524,-4.67,12.66,-4.38,-57.25,-50.8125,68.375,-0.62701416,-0.65966797,-0.36090088,-0.20361328
4a,2,Right Ankle,2379710,1779735312525,-9.00245,-0.6265844,0.1914258,-11.763362,21.15624,18.547619,-2.1745076,70.64701,229.4397,0.0
4a,3,Left Wrist,5137706,1779735312527,11.193826,-11.528322,1.2634103,-163.33423,49.539696,141.01923,-94.78325,-53.49511,350.48392,0.0
4a,1,Left Ankle,5337686,1779735312547,-3.15,11.57,-1.23,-43.1875,-11.625,41.1875,-0.63220215,-0.65789795,-0.3526001,-0.20776367
4a,4,Right Wrist,31340631,1779735312548,3.77039,-0.6676976,1.457229,-11.54496,21.981112,-67.74628,-151.72878,-26.955538,195.36696,0.0
4a,1,Left Ankle,5337705,1779735312578,-1.41,8.09,4.23,-40.75,-3.875,47.125,-0.6358032,-0.6567993,-0.3446045,-0.21362305
4a,1,Left Ankle,5337726,1779735312578,-1.5,7.75,5.0,-42.75,-22.125,50.1875,-0.64019775,-0.6557007,-0.33520508,-0.21881104
4a,2,Right Ankle,2379771,1779735312582,-9.897366,-0.91372305,0.019142581,-4.553362,13.666241,44.65762,-2.180697,70.709145,229.44044,0.0
4a,3,Left Wrist,5137766,1779735312588,11.320646,-13.011872,-1.1150554,-67.57423,14.0497,196.17923,-94.79343,-53.351727,350.46683,0.0
4a,1,Left Ankle,5337750,1779735312608,-2.19,12.61,0.57,-33.0,5.8125,40.0,-0.64263916,-0.6542969,-0.32891846,-0.22528076
4a,4,Right Wrist,31340721,1779735312611,3.330111,0.22482465,1.5457635,-27.50496,5.181112,-63.826275,-151.74272,-26.999212,195.38567,0.0
4a,1,Left Ankle,5337767,1779735312638,0.25,13.61,-1.36,-31.5,10.1875,40.875,-0.6447754,-0.65338135,-0.3227539,-0.23052979
4a,2,Right Ankle,2379831,1779735312643,-11.794874,-0.66486955,-0.7800602,5.876638,4.70624,73.84762,-2.1316965,70.7701,229.49326,0.0
4a,3,Left Wrist,5137826,1779735312658,10.849259,-13.823039,-1.9094725,-30.894224,-9.680301,248.81923,-94.818726,-53.190426,350.47614,0.0
4a,1,Left Ankle,5337791,1779735312667,1.81,11.5,-2.45,-42.5625,-35.0625,19.625,-0.6496582,-0.6512451,-0.31604004,-0.2322998
4a,1,Left Ankle,5337805,1779735312669,-2.18,10.24,-2.16,-46.1875,-25.5,16.625,-0.65509033,-0.6477051,-0.31072998,-0.23406982
4a,4,Right Wrist,31340782,1779735312669,3.653142,0.9187433,0.63649076,4.41504,-5.458889,-83.916275,-151.76045,-27.048035,195.41823,0.0
4a,1,Left Ankle,5337828,1779735312697,0.24,10.1,1.46,-33.875,-10.125,0.375,-0.6593628,-0.64398193,-0.30828857,-0.23553467
4a,1,Left Ankle,5337847,1779735312707,-1.88,10.02,1.28,-24.5,-16.25,-4.0,-0.66326904,-0.6414795,-0.3057251,-0.23486328
4a,2,Right Ankle,2379891,1779735312708,-17.307938,-5.244732,0.93798643,-1.5433621,-8.73376,118.92762,-2.1652024,70.81311,229.47577,0.0
4a,3,Left Wrist,5137886,1779735312708,7.092528,-15.64637,-1.6654046,-38.314224,-8.070301,291.6592,-94.82956,-53.014137,350.47064,0.0
4a,4,Right Wrist,31340841,1779735312730,3.8302107,1.662911,1.4404793,9.80504,-22.608889,-81.25628,-151.77812,-27.086132,195.45343,0.0
4a,1,Left Ankle,5337876,1779735312757,-1.37,10.55,0.57,-14.75,7.8125,-6.5,-0.66534424,-0.63916016,-0.30584717,-0.23510742
4a,1,Left Ankle,5337893,1779735312758,-0.97,10.35,0.07,-9.25,14.75,-8.8125,-0.6660156,-0.6369629,-0.3079834,-0.23626709
4a,2,Right Ankle,2379951,1779735312763,-11.04592,-4.029178,11.387443,52.216637,-100.64376,78.74762,-2.136281,70.731255,229.49535,0.0
4a,1,Left Ankle,5337912,1779735312785,-0.83,9.95,-0.16,-6.5625,9.5,-11.25,-0.666687,-0.63513184,-0.3100586,-0.23657227
4a,1,Left Ankle,5337937,1779735312786,-1.06,9.87,0.46,-3.5625,0.6875,-14.6875,-0.66796875,-0.63305664,-0.31262207,-0.23522949
4a,4,Right Wrist,31340902,1779735312790,3.8445678,0.4904279,-0.567099,28.49504,-30.448889,-78.03628,-151.79373,-27.134476,195.49092,0.0
4a,3,Left Wrist,5137946,1779735312798,4.108678,-15.342482,-0.32063824,-41.954224,35.119698,311.8192,-94.804375,-52.83667,350.426,0.0
4a,1,Left Ankle,5337957,1779735312825,-1.18,9.65,-0.2,-2.9375,-4.6875,-17.3125,-0.6693115,-0.6323242,-0.31329346,-0.23248291
4a,2,Right Ankle,2380011,1779735312826,-6.726876,-11.793888,6.7812595,-90.02336,-111.983765,-28.842382,-2.3692415,70.66835,229.3023,0.0
4a,1,Left Ankle,5337976,1779735312846,-1.52,10.24,0.12,-3.3125,-8.9375,-18.875,-0.6708374,-0.6312866,-0.31414795,-0.2296753
4a,1,Left Ankle,5337997,1779735312847,-1.33,9.66,-0.07,-3.3125,-5.5,-19.3125,-0.67230225,-0.63012695,-0.31536865,-0.22698975
4a,3,Left Wrist,5138005,1779735312858,3.4841511,-11.286648,3.2398818,-25.434223,81.6697,327.2892,-94.71288,-52.676407,350.32312,0.0
4a,1,Left Ankle,5338015,1779735312877,-1.48,9.42,0.15,-4.1875,-5.75,-19.5625,-0.6739502,-0.6288452,-0.3164673,-0.22418213
4a,2,Right Ankle,2380071,1779735312883,-5.8223886,-8.979928,0.91166544,11.1266365,-105.61376,-151.55238,-2.732409,70.63485,228.939,0.0
4a,1,Left Ankle,5338037,1779735312908,-1.29,9.23,0.14,-7.375,-5.75,-21.75,-0.67596436,-0.6269531,-0.31781006,-0.22131348
4a,1,Left Ankle,5338052,1779735312909,-0.88,9.34,1.46,-9.9375,-11.5,-26.125,-0.6773071,-0.6259155,-0.31835938,-0.21948242
4a,4,Right Wrist,31340961,1779735312909,4.4547377,1.1364906,1.308874,32.20504,-57.958885,-66.06628,-151.80093,-27.161823,195.52596,0.0
4a,3,Left Wrist,5138096,1779735312918,2.6634133,-8.640186,3.438486,-12.274223,159.8597,273.10922,-94.57791,-52.544365,350.17398,0.0
4a,1,Left Ankle,5338076,1779735312944,-1.47,8.94,1.56,-13.25,-17.125,-33.5,-0.68218994,-0.6218872,-0.3201294,-0.2130127
4a,2,Right Ankle,2380131,1779735312944,-8.880416,-6.1133265,-4.1754756,-14.493362,-49.96376,-221.69238,-3.1024013,70.66434,228.56932,0.0
4a,1,Left Ankle,5338113,1779735312968,-2.67,11.09,0.17,-11.125,-1.3125,-35.0625,-0.68652344,-0.6174927,-0.32336426,-0.20684814
4a,1,Left Ankle,5338097,1779735312968,-2.16,10.44,0.86,-13.0625,-11.4375,-32.375,-0.6852417,-0.6189575,-0.32208252,-0.20892334
4a,4,Right Wrist,31341125,1779735312968,-4.1091747,-2.541278,0.715454,26.465038,-95.12888,-13.916271,-151.7943,-27.129673,195.5752,0.0
4a,3,Left Wrist,5138156,1779735312978,4.4221377,-6.0104737,3.117848,34.555775,157.89969,213.74922,-94.41379,-52.451134,350.0163,0.0
4a,1,Left Ankle,5338136,1779735312995,-1.31,12.17,-0.66,-5.75,2.5625,-49.5,-0.68969727,-0.61224365,-0.33044434,-0.20062256
4a,1,Left Ankle,5338157,1779735313031,-1.46,13.71,0.04,1.375,-5.0,-69.25,-0.6920166,-0.60858154,-0.33685303,-0.19311523
4a,3,Left Wrist,5138215,1779735313038,5.360124,-6.3311124,2.1487546,118.83577,170.7797,120.71922,-94.21658,-52.385796,349.8547,0.0
4a,1,Left Ankle,5338184,1779735313055,-1.14,14.86,0.9,10.5,-8.8125,-95.875,-0.694397,-0.60479736,-0.34509277,-0.18133545
4a,1,Left Ankle,5338197,1779735313056,-0.89,17.43,-0.07,18.5625,-0.4375,-125.1875,-0.69641113,-0.59973145,-0.35736084,-0.16625977
4a,4,Right Wrist,31341145,1779735313073,-4.7887363,-3.3356953,0.93559366,24.855042,-101.708885,-11.886271,-151.77583,-27.075792,195.58894,0.0
4a,2,Right Ankle,2380191,1779735313074,-13.170747,6.8246655,-7.786245,-104.30336,47.26624,-178.64238,-3.22199,70.738014,228.46986,0.0
4a,1,Left Ankle,5338217,1779735313098,0.26,21.14,-0.98,30.25,8.125,-164.5,-0.69732666,-0.5932007,-0.37438965,-0.14727783
4a,3,Left Wrist,5138276,1779735313099,7.5902348,-9.09243,-1.0935199,130.52577,104.1397,-6.2607765,-94.14395,-52.316338,349.81125,0.0
4a,1,Left Ankle,5338246,1779735313119,4.53,29.43,0.51,47.0,13.0625,-216.25,-0.6968994,-0.58483887,-0.3968506,-0.1217041
4a,1,Left Ankle,5338265,1779735313119,8.37,38.56,2.51,60.25,64.6875,-269.4375,-0.6880493,-0.56500244,-0.44873047,-0.07739258
4a,2,Right Ankle,2380281,1779735313125,-11.230168,19.817694,8.384451,-91.77336,54.33624,48.57762,-3.0115342,70.74765,228.70403,0.0
4a,1,Left Ankle,5338292,1779735313147,13.61,33.33,-3.81,78.1875,134.75,-297.375,-0.6746826,-0.5484619,-0.49157715,-0.047973633
4a,4,Right Wrist,31341232,1779735313163,-11.299606,-9.021042,1.3328022,-77.064964,-77.83889,-37.43627,-151.79306,-27.031658,195.60623,0.0
4a,1,Left Ankle,5338306,1779735313179,-5.47,23.68,0.44,37.3125,109.1875,-293.9375,-0.6613159,-0.52752686,-0.5328369,-0.022277832
4a,2,Right Ankle,2380371,1779735313185,-3.8650596,1.5772052,3.6849468,70.20664,-87.69376,91.69762,-2.7843308,70.67618,228.90639,0.0
4a,1,Left Ankle,5338331,1779735313218,0.0,27.11,-2.75,47.125,70.125,-230.375,-0.651062,-0.5091553,-0.56292725,0.0017700195
4a,1,Left Ankle,5338349,1779735313218,-10.57,22.9,-4.85,55.0,31.375,-207.0625,-0.640625,-0.49517822,-0.5863037,0.026123047
4a,3,Left Wrist,5138335,1779735313219,8.370296,-10.954045,-2.821138,118.20577,-82.2003,-92.22078,-94.198425,-52.284134,349.9059,0.0
4a,1,Left Ankle,5338370,1779735313234,-0.54,20.58,1.13,43.3125,-70.25,-109.625,-0.640625,-0.4874878,-0.5911865,0.04876709
4a,4,Right Wrist,31341291,1779735313238,-15.857933,-6.2812595,2.2660031,-196.06496,53.20111,-98.056274,-151.85924,-27.038233,195.62425,0.0
4a,2,Right Ankle,2380431,1779735313242,-9.871044,1.6537756,0.91405827,-12.673363,11.21624,61.597622,-2.6193576,70.73348,229.07335,0.0
4a,1,Left Ankle,5338394,1779735313267,-9.98,9.22,3.11,-5.25,-83.375,-63.75,-0.6489258,-0.47869873,-0.5877075,0.06628418
4a,1,Left Ankle,5338410,1779735313267,-8.58,5.62,3.27,-10.4375,-44.3125,-28.75,-0.652771,-0.4755249,-0.5855713,0.069885254
4a,3,Left Wrist,5138500,1779735313279,1.7230338,-20.443981,-9.836893,-121.68423,-96.8303,70.45922,-94.41858,-52.1045,350.12515,0.0
4a,1,Left Ankle,5338428,1779735313305,-7.24,-1.3,1.28,-32.9375,-40.8125,61.3125,-0.6590576,-0.47631836,-0.5783081,0.0657959
4a,1,Left Ankle,5338447,1779735313305,-8.4,-0.34,2.8,-22.6875,16.3125,173.5,-0.6627197,-0.48742676,-0.56658936,0.04675293
4a,4,Right Wrist,31341381,1779735313305,-10.98136,3.0746763,9.138189,-129.98495,220.3611,-138.16628,-151.90508,-27.120434,195.63005,0.0
4a,1,Left Ankle,5338467,1779735313334,-3.42,-1.65,2.39,-26.75,36.5625,219.5,-0.6630249,-0.5046997,-0.5526123,0.018371582
4a,2,Right Ankle,2380491,1779735313335,-9.693975,-0.36098108,1.2873386,26.176636,-30.22376,28.06762,-2.6070106,70.779755,229.07979,0.0
4a,3,Left Wrist,5138519,1779735313338,1.2636118,-11.394325,-2.5603201,-179.71423,-85.9803,94.46922,-94.540085,-51.996464,350.18826,0.0
4a,1,Left Ankle,5338487,1779735313355,-2.32,0.78,2.66,-42.3125,-19.625,299.3125,-0.6668701,-0.52526855,-0.5283203,-0.01550293
4a,1,Left Ankle,5338507,1779735313356,-3.39,6.37,4.04,-56.5625,-68.5,373.25,-0.6743164,-0.55041504,-0.48913574,-0.055603027
4a,4,Right Wrist,31341472,1779735313358,1.2148557,0.26311085,13.186846,0.14504004,229.7411,-17.48627,-151.8777,-27.204344,195.58873,0.0
4a,1,Left Ankle,5338527,1779735313385,-1.73,9.22,6.46,-55.3125,-48.5625,430.375,-0.6786499,-0.57733154,-0.44232178,-0.10205078
4a,2,Right Ankle,2380551,1779735313392,-9.098163,-1.0333642,1.9716859,44.376637,2.2562404,24.287619,-2.6910722,70.827965,228.98854,0.0
4a,3,Left Wrist,5138576,1779735313397,2.7830544,-8.142479,6.4941206,-24.874224,56.9597,38.329224,-94.45835,-51.96106,350.1042,0.0
4a,1,Left Ankle,5338548,1779735313418,2.54,14.05,3.39,-53.25,-12.1875,485.5,-0.6749878,-0.60498047,-0.39172363,-0.15795898
4a,4,Right Wrist,31341532,1779735313419,-1.8814569,-2.4001012,4.5822554,-47.24496,170.87111,3.373728,-151.85938,-27.255009,195.54686,0.0
4a,1,Left Ankle,5338577,1779735313450,4.34,16.72,1.45,-57.0625,-16.875,526.1875,-0.66522217,-0.6309204,-0.33422852,-0.21838379
4a,1,Left Ankle,5338594,1779735313450,12.42,19.08,1.54,-67.5,-44.375,550.5625,-0.65112305,-0.6529541,-0.2687378,-0.27838135
4a,2,Right Ankle,2380641,1779735313452,-8.064464,-3.9454293,3.2829525,21.836637,4.49624,34.01762,-2.8700492,70.81799,228.81612,0.0
4a,3,Left Wrist,5138636,1779735313458,6.860424,-2.6222372,-5.5872407,-110.76423,-15.350301,64.92922,-94.60273,-51.95921,350.18967,0.0
4a,1,Left Ankle,5338611,1779735313476,20.93,13.16,4.65,-91.9375,-128.0,590.1875,-0.6343994,-0.6716919,-0.18823242,-0.33306885
4a,4,Right Wrist,31341591,1779735313480,-1.6349962,-2.8619163,2.6105695,42.84504,94.92111,-18.326271,-151.81334,-27.281012,195.52374,0.0
4a,1,Left Ankle,5338636,1779735313506,28.66,-0.12,3.46,-94.625,-86.125,635.0,-0.5987549,-0.68670654,-0.051330566,-0.40893555
4a,2,Right Ankle,2380701,1779735313513,-9.248911,-1.81821,-0.124426775,-51.663364,-3.69376,88.547615,-2.8952196,70.87144,228.81955,0.0
4a,3,Left Wrist,5138696,1779735313518,1.6584277,-3.297013,2.1511476,-136.10423,-54.7603,152.84923,-94.60214,-51.879932,350.1609,0.0
4a,1,Left Ankle,5338660,1779735313538,22.72,4.97,-11.72,-78.5,99.5,654.0625,-0.5592041,-0.6756592,0.024475098,-0.47973633
4a,1,Left Ankle,5338682,1779735313539,15.93,5.36,-26.86,-73.375,142.1875,653.9375,-0.51190186,-0.64990234,0.09075928,-0.55444336
4a,4,Right Wrist,31341652,1779735313539,-5.4898334,-8.8200445,3.979264,31.785038,55.651115,-20.006271,-151.77129,-27.287428,195.50687,0.0
4a,1,Left Ankle,5338699,1779735313575,10.5,7.72,-26.97,-40.6875,93.3125,680.0625,-0.45367432,-0.62176514,0.15966797,-0.61816406
4a,3,Left Wrist,5138755,1779735313579,4.4795656,-5.5725875,5.8073807,-57.214222,-89.2703,188.26923,-94.58469,-51.803284,350.14734,0.0
4a,1,Left Ankle,5338721,1779735313600,-39.4,40.1,-25.14,186.125,61.0,221.625,-0.39300537,-0.6035156,0.19561768,-0.6655884
4a,1,Left Ankle,5338741,1779735313600,-39.32,40.08,23.8,104.8125,-394.25,523.0625,-0.33184814,-0.6383667,0.23583984,-0.6532593
4a,2,Right Ankle,2380761,1779735313609,-10.892779,5.00612,1.7012969,-22.683363,-2.71376,67.89761,-2.625409,70.90112,229.08972,0.0
4a,1,Left Ankle,5338757,1779735313628,-9.26,14.27,-24.31,35.5,318.75,-53.8125,-0.27850342,-0.6699829,0.2952881,-0.62158203
4a,1,Left Ankle,5338782,1779735313660,8.23,3.29,-5.25,-15.125,101.0625,299.1875,-0.26678467,-0.6142578,0.3098755,-0.67492676
4a,1,Left Ankle,5338800,1779735313661,-39.4,25.56,-8.29,-12.4375,-122.125,20.4375,-0.26397705,-0.62823486,0.31750488,-0.6594238
4a,2,Right Ankle,2380821,1779735313663,-8.688991,3.8025303,0.81834537,53.54664,-46.53376,-3.222381,-2.4147873,70.921486,229.27101,0.0
4a,3,Left Wrist,5138816,1779735313668,-9.374878,-3.2730846,-14.450255,157.47577,-101.0303,44.90922,-94.66389,-51.747803,350.27374,0.0
4a,1,Left Ankle,5338817,1779735313694,-35.56,16.72,2.36,2.3125,-165.625,-188.875,-0.26812744,-0.65008545,0.31219482,-0.6387329
4a,1,Left Ankle,5338837,1779735313694,-28.41,24.06,1.51,11.8125,-184.375,-357.375,-0.29107666,-0.6862793,0.28393555,-0.60302734
4a,4,Right Wrist,31341711,1779735313695,-12.302198,-10.777374,-5.099105,-78.53496,111.651115,-75.236275,-151.77974,-27.293047,195.50235,0.0
4a,1,Left Ankle,5338860,1779735313717,-4.54,26.93,-0.44,24.375,-37.4375,-419.125,-0.32592773,-0.7149048,0.23651123,-0.57159424
4a,3,Left Wrist,5138875,1779735313728,-1.9619126,-4.309177,-4.3166523,-71.284225,81.5297,4.0992203,-94.72854,-51.690834,350.28732,0.0
4a,1,Left Ankle,5338883,1779735313747,0.83,25.95,-4.32,39.5,105.625,-445.3125,-0.36590576,-0.72528076,0.17565918,-0.5560913
4a,4,Right Wrist,31341875,1779735313750,8.23779,10.427821,-6.0801625,19.465038,66.78111,-19.026272,-151.82979,-27.350807,195.52077,0.0
4a,1,Left Ankle,5338905,1779735313777,31.28,11.59,-4.73,60.9375,90.4375,-493.0,-0.40527344,-0.7305908,0.10449219,-0.53948975
4a,1,Left Ankle,5338925,1779735313780,26.26,-6.86,-2.44,35.8125,89.75,-371.1875,-0.44818115,-0.7303467,0.02178955,-0.5150757
4a,2,Right Ankle,2380911,1779735313785,-8.669848,0.46214998,1.9716859,2.0266376,-19.58376,40.527622,-2.2835102,70.96787,229.39914,0.0
4a,3,Left Wrist,5138965,1779735313788,0.9860446,-8.18555,-5.816952,53.805775,-69.6003,68.35922,-94.8146,-51.607624,350.38333,0.0
4a,1,Left Ankle,5338943,1779735313807,6.76,5.24,-4.55,63.8125,41.4375,-216.4375,-0.45361328,-0.7312012,0.0040893555,-0.50946045
4a,4,Right Wrist,31341921,1779735313810,4.8663034,-2.6896331,-2.1367908,12.465039,-73.988884,9.953728,-151.8054,-27.37274,195.51967,0.0
4a,1,Left Ankle,5338960,1779735313847,0.6,13.8,-1.7,89.3125,-91.25,-235.8125,-0.46264648,-0.7416382,-0.026977539,-0.48498535
4a,3,Left Wrist,5139026,1779735313849,-4.1369886,-2.9811604,0.5623133,115.40577,-141.5603,13.969223,-94.82475,-51.557186,350.45325,0.0
4a,1,Left Ankle,5338987,1779735313866,-8.68,32.87,-1.0,41.6875,-156.8125,-260.375,-0.47625732,-0.75634766,-0.052734375,-0.44537354
4a,1,Left Ankle,5339000,1779735313868,-1.92,15.21,0.11,21.25,-111.25,-295.3125,-0.4954834,-0.76312256,-0.08093262,-0.40698242
4a,4,Right Wrist,31341982,1779735313869,-6.2579293,-6.142476,0.7872386,8.12504,-158.26889,44.46373,-151.7837,-27.291155,195.52205,0.0
4a,2,Right Ankle,2381075,1779735313873,-8.887594,1.5484914,2.0171494,-24.433363,16.11624,-23.032381,-1.9542881,71.04711,229.72041,0.0
4a,1,Left Ankle,5339025,1779735313902,-5.09,22.68,0.7,18.25,-23.1875,-310.9375,-0.5211792,-0.76379395,-0.13323975,-0.35668945
4a,1,Left Ankle,5339046,1779735313902,1.57,21.74,0.53,17.375,6.4375,-321.4375,-0.52941895,-0.76049805,-0.15472412,-0.34265137
4a,3,Left Wrist,5139085,1779735313908,-0.36350775,-13.131514,-2.347359,65.42577,-39.640297,-74.02078,-94.83527,-51.510807,350.4893,0.0
4a,1,Left Ankle,5339060,1779735313924,8.19,17.68,-0.17,15.125,18.625,-311.25,-0.5444946,-0.7515869,-0.19763184,-0.31549072
4a,4,Right Wrist,31342041,1779735313928,-5.44437,-4.591927,-0.93559366,-15.88496,-143.4289,33.963726,-151.77374,-27.207184,195.5267,0.0
4a,2,Right Ankle,2381094,1779735313932,-8.863667,0.66793275,2.3832514,-13.863362,10.51624,-27.232382,-1.8329511,71.0936,229.83664,0.0
4a,1,Left Ankle,5339085,1779735313961,9.3,15.1,0.91,-33.625,7.6875,-248.5,-0.5665283,-0.7334595,-0.24926758,-0.28094482
4a,1,Left Ankle,5339103,1779735313961,6.77,15.53,3.61,-46.0,-0.0625,-221.75,-0.5745239,-0.7264404,-0.26184082,-0.27124023
4a,1,Left Ankle,5339123,1779735313986,8.81,19.1,0.98,-59.0625,-23.5625,-198.75,-0.5911255,-0.7125244,-0.28198242,-0.2515869
4a,4,Right Wrist,31342102,1779735313988,-12.780763,-7.5015993,2.6273193,25.90504,-128.8689,57.273727,-151.74857,-27.133707,195.5226,0.0
4a,2,Right Ankle,2381181,1779735313993,-9.105342,1.1871752,1.847259,-21.003363,14.92624,-30.24238,-1.7282023,71.14459,229.93924,0.0
4a,3,Left Wrist,5139146,1779735313998,0.50508714,-9.377175,-1.8376877,-73.104225,48.1397,-87.32077,-94.85994,-51.4703,350.47977,0.0
4a,1,Left Ankle,5339162,1779735314029,4.84,16.59,0.17,-66.8125,-28.75,-141.125,-0.62127686,-0.6843262,-0.31103516,-0.22137451
4a,1,Left Ankle,5339146,1779735314029,5.12,18.63,-1.1,-66.625,-15.625,-153.25,-0.61395264,-0.69091797,-0.30560303,-0.22869873
4a,1,Left Ankle,5339190,1779735314044,3.59,16.21,0.51,-65.5,-32.375,-117.1875,-0.64086914,-0.6659546,-0.32318115,-0.20336914
4a,4,Right Wrist,31342162,1779735314048,-7.777372,-4.5967126,1.0145568,24.855042,-104.36889,78.41373,-151.71846,-27.06222,195.50674,0.0
4a,2,Right Ankle,2381241,1779735314053,-9.069449,-0.40644467,2.3138595,-63.983364,-23.153759,-42.98238,-1.8688298,71.18851,229.82248,0.0
4a,3,Left Wrist,5139206,1779735314058,2.3068829,-8.233406,-2.931208,-154.79422,57.4497,-49.660778,-94.938416,-51.420025,350.48737,0.0
4a,1,Left Ankle,5339207,1779735314075,2.56,16.49,0.94,-52.0,39.6875,-82.25,-0.6484375,-0.65405273,-0.33416748,-0.20007324
4a,1,Left Ankle,5339230,1779735314108,1.65,16.41,1.9,-51.75,54.6875,-68.4375,-0.6533203,-0.6430054,-0.3453369,-0.20129395
4a,1,Left Ankle,5339247,1779735314119,8.56,13.28,-0.8,-50.0,15.875,-52.1875,-0.6593628,-0.6334839,-0.35211182,-0.19995117
4a,4,Right Wrist,31342222,1779735314119,-7.040383,-5.3767724,3.4983065,-18.19496,-108.988884,86.60372,-151.69933,-26.996632,195.48749,0.0
4a,2,Right Ankle,2381301,1779735314120,-8.88281,-1.1099346,2.0386848,-11.833363,16.04624,-26.392382,-2.0536344,71.236275,229.6484,0.0
4a,1,Left Ankle,5339267,1779735314136,8.84,11.2,-1.89,-49.9375,17.875,-34.4375,-0.6644287,-0.62597656,-0.35510254,-0.20147705
4a,1,Left Ankle,5339285,1779735314167,8.86,9.16,-3.07,-43.0,2.125,-4.6875,-0.6685791,-0.621521,-0.35290527,-0.2053833
4a,1,Left Ankle,5339306,1779735314168,10.31,10.2,-0.74,-29.0,-19.1875,73.9375,-0.67041016,-0.62158203,-0.34436035,-0.21362305
4a,4,Right Wrist,31342282,1779735314169,-5.7865434,-3.4170508,3.6729827,-70.27496,-102.75889,95.91373,-151.6995,-26.93418,195.4653,0.0
4a,2,Right Ankle,2381361,1779735314173,-9.363766,0.07211985,2.4598217,-53.833363,10.166241,-28.282381,-2.0619059,71.294495,229.65515,0.0
4a,3,Left Wrist,5139295,1779735314188,6.216755,-6.6230364,-3.345166,-17.804224,21.259699,-47.63078,-95.0231,-51.40801,350.54495,0.0
4a,1,Left Ankle,5339335,1779735314199,26.92,10.34,-0.08,-38.875,-27.125,126.875,-0.6704712,-0.62561035,-0.32818604,-0.22650146
4a,1,Left Ankle,5339352,1779735314227,5.02,21.57,11.06,-54.3125,-3.0625,243.0625,-0.6680908,-0.6320801,-0.30145264,-0.25152588
4a,1,Left Ankle,5339376,1779735314229,27.44,28.35,-15.28,-21.25,-95.25,-85.5,-0.6623535,-0.64123535,-0.28979492,-0.25720215
4a,2,Right Ankle,2381421,1779735314234,-9.737046,-1.5645709,2.775674,-33.743362,6.5262403,-13.3023815,-2.306545,71.3176,229.43306,0.0
4a,1,Left Ankle,5339396,1779735314262,3.13,-20.02,-0.43,-78.0,31.5,101.1875,-0.6748047,-0.62872314,-0.28533936,-0.2607422
4a,3,Left Wrist,5139459,1779735314268,6.302896,-7.8960176,-3.5892339,31.125776,1.4496994,14.529221,-95.13888,-51.31549,350.66055,0.0
4a,1,Left Ankle,5339412,1779735314286,-17.45,11.42,0.0,-31.9375,96.25,104.0625,-0.67181396,-0.62719727,-0.28460693,-0.27252197
4a,2,Right Ankle,2381481,1779735314293,-13.441136,3.2330387,3.1657043,40.666637,41.38624,-38.50238,-2.1224916,71.36018,229.58948,0.0
4a,1,Left Ankle,5339440,1779735314317,0.99,9.24,1.47,-3.5625,-1.875,-16.625,-0.6737671,-0.62420654,-0.2869873,-0.2720337
4a,1,Left Ankle,5339456,1779735314317,0.24,15.22,1.09,-18.875,-9.625,46.8125,-0.6734619,-0.6240845,-0.2821045,-0.2781372
4a,3,Left Wrist,5139479,1779735314330,5.606585,-8.281263,-3.182454,17.475777,3.3396997,11.029221,-95.19795,-51.25717,350.71048,0.0
4a,1,Left Ankle,5339477,1779735314356,1.43,8.34,0.79,1.9375,-35.5625,5.125,-0.6751709,-0.6259155,-0.2763672,-0.27575684
4a,1,Left Ankle,5339497,1779735314356,-1.21,10.54,0.01,15.4375,-15.625,16.3125,-0.6738281,-0.62872314,-0.27374268,-0.27520752
4a,1,Left Ankle,5339516,1779735314378,0.38,11.48,0.21,7.8125,-32.375,7.6875,-0.67370605,-0.63165283,-0.2699585,-0.2723999
4a,2,Right Ankle,2381541,1779735314384,-10.9526005,7.5951543,1.3232309,46.196636,-6.0737596,-10.222382,-1.8918082,71.38142,229.79166,0.0
4a,3,Left Wrist,5139566,1779735314397,4.800204,-5.618051,-4.0295134,-27.464224,25.8797,-46.720776,-95.28884,-51.24757,350.7692,0.0
4a,1,Left Ankle,5339535,1779735314407,-0.77,9.0,-0.18,1.0625,-44.1875,11.6875,-0.6748657,-0.6343384,-0.26397705,-0.26922607
4a,1,Left Ankle,5339556,1779735314408,-1.34,9.54,0.6,1.9375,-36.3125,8.5625,-0.67529297,-0.63635254,-0.25994873,-0.2672119
4a,1,Left Ankle,5339575,1779735314448,-1.14,10.66,0.7,10.5,9.5625,7.9375,-0.6737671,-0.6376953,-0.2597046,-0.2682495
4a,2,Right Ankle,2381601,1779735314448,-13.536849,15.991569,1.2610176,316.95663,-27.35376,132.29762,-1.4145542,71.389435,230.15393,0.0
4a,3,Left Wrist,5139625,1779735314448,6.135399,-12.274882,-5.3814583,-156.33423,34.9097,-127.08078,-95.39863,-51.23411,350.8072,0.0
4a,4,Right Wrist,31342341,1779735314448,-4.649953,-1.3568308,5.9413786,-49.76496,-96.668884,118.45373,-151.69351,-26.87886,195.43652,0.0
4a,1,Left Ankle,5339597,1779735314466,1.87,9.69,0.73,11.0625,17.125,5.625,-0.6715698,-0.63830566,-0.2617798,-0.27038574
4a,1,Left Ankle,5339614,1779735314466,1.82,9.19,1.1,9.4375,25.625,4.0625,-0.6690674,-0.63830566,-0.26501465,-0.27331543
4a,2,Right Ankle,2381691,1779735314519,-2.386295,-5.086806,0.43310088,49.06664,109.56624,149.86761,-1.4677683,71.4322,230.10365,0.0
4a,3,Left Wrist,5139686,1779735314519,6.446466,-10.449161,-10.188639,-213.10423,66.3397,-161.10077,-95.54554,-51.26104,350.85266,0.0
4a,1,Left Ankle,5339645,1779735314529,0.02,11.47,0.37,18.5,37.4375,-4.75,-0.6655884,-0.63842773,-0.2703247,-0.27642822
4a,1,Left Ankle,5339656,1779735314529,1.98,12.1,0.53,20.25,37.5625,-30.875,-0.66278076,-0.63775635,-0.2781372,-0.27697754
4a,1,Left Ankle,5339676,1779735314558,2.0,13.33,2.25,27.3125,55.625,-62.0,-0.66033936,-0.6355591,-0.29052734,-0.27496338
4a,1,Left Ankle,5339698,1779735314559,3.7,16.76,1.0,49.25,52.125,-97.25,-0.65649414,-0.6335449,-0.30841064,-0.26922607
4a,4,Right Wrist,31342639,1779735314559,7.5773706,0.598105,-2.318645,271.39505,-31.288889,46.42373,-151.48375,-26.80334,195.34433,0.0
4a,2,Right Ankle,2381751,1779735314563,-2.6758268,-18.567968,6.661618,30.866638,-5.58376,-134.33238,-1.7728835,71.41072,229.7893,0.0
4a,3,Left Wrist,5139746,1779735314568,7.7816606,-8.26212,-13.184453,-168.44423,44.079697,-93.060776,-95.69348,-51.28135,350.9146,0.0
4a,1,Left Ankle,5339724,1779735314589,0.59,20.74,-2.16,58.4375,30.25,-115.3125,-0.6536865,-0.6322632,-0.3269043,-0.25708008
4a,1,Left Ankle,5339746,1779735314617,-0.05,20.09,-5.91,67.375,26.875,-123.875,-0.6479492,-0.6314087,-0.35510254,-0.23547363
4a,1,Left Ankle,5339765,1779735314619,4.44,8.79,-4.08,70.5625,-0.0625,-87.0625,-0.6425781,-0.6331177,-0.3701172,-0.22192383
4a,2,Right Ankle,2381811,1779735314624,-16.408236,-7.304952,4.4051867,-125.79336,9.18624,-59.08238,-2.114206,71.42186,229.50082,0.0
4a,3,Left Wrist,5139806,1779735314629,8.662219,-2.366205,-10.492527,-32.644222,-27.9503,-35.800777,-95.82518,-51.31082,351.01538,0.0
4a,1,Left Ankle,5339791,1779735314655,3.03,-1.01,-0.04,29.0,-88.625,-31.0625,-0.64416504,-0.63616943,-0.37017822,-0.20819092
4a,4,Right Wrist,31342702,1779735314655,2.7175484,-2.3689947,-3.8476589,202.37505,-8.958889,-20.846272,-151.37962,-26.857414,195.33626,0.0
4a,1,Left Ankle,5339808,1779735314677,13.08,-1.21,1.43,18.4375,-184.25,61.3125,-0.6505127,-0.6466675,-0.34857178,-0.1928711
4a,2,Right Ankle,2381871,1779735314682,-8.607635,-0.63376284,1.9980069,-38.29336,-28.12376,-5.322381,-2.2377586,71.46164,229.39587,0.0
4a,3,Left Wrist,5139866,1779735314687,11.839889,-8.6019,-12.9547415,33.155777,-26.410301,-85.29077,-95.931175,-51.33782,351.11478,0.0
4a,1,Left Ankle,5339834,1779735314705,3.82,1.95,2.19,9.375,-212.0,126.875,-0.6571045,-0.66033936,-0.31427002,-0.1828003
4a,1,Left Ankle,5339852,1779735314706,2.93,5.88,-1.31,28.0625,-221.4375,143.375,-0.66204834,-0.67614746,-0.27416992,-0.17132568
4a,4,Right Wrist,31342791,1779735314708,0.9803591,-3.723332,-4.0103707,61.60504,13.791112,46.983727,-151.29678,-26.800434,195.29367,0.0
4a,1,Left Ankle,5339875,1779735314737,-0.93,6.44,-0.99,37.0,-165.4375,185.25,-0.65997314,-0.6932373,-0.23498535,-0.16925049
4a,2,Right Ankle,2381931,1779735314743,-9.00245,3.4890707,1.0791631,8.0466385,-13.35376,-44.52238,-2.0804,71.49178,229.5375,0.0
4a,1,Left Ankle,5339895,1779735314767,0.66,7.67,1.41,31.8125,-147.125,188.0625,-0.65423584,-0.7147217,-0.17755127,-0.17224121
4a,1,Left Ankle,5339909,1779735314767,-4.26,11.57,5.34,22.0625,-174.0,193.0625,-0.65252686,-0.7211914,-0.15655518,-0.17199707
4a,4,Right Wrist,31342881,1779735314777,6.713562,0.28943187,-3.964907,71.82504,0.0011119843,131.33372,-151.28018,-26.831882,195.26158,0.0
4a,3,Left Wrist,5139926,1779735314779,12.552949,-6.249756,-8.898908,11.3857765,-8.070301,-49.730778,-96.03108,-51.371677,351.19876,0.0
4a,1,Left Ankle,5339934,1779735314797,-8.84,12.21,7.04,7.5,-259.3125,155.375,-0.65148926,-0.73321533,-0.11022949,-0.16070557
4a,1,Left Ankle,5339949,1779735314798,-30.29,18.99,2.52,-23.0625,-269.4375,123.125,-0.65405273,-0.7404785,-0.06323242,-0.14129639
4a,2,Right Ankle,2381991,1779735314810,-11.445522,-1.5741422,1.6630117,3.0766377,16.60624,-46.83238,-2.2466116,71.54627,229.37363,0.0
4a,1,Left Ankle,5339973,1779735314826,-31.54,16.54,1.4,45.5625,-102.6875,6.0,-0.6506958,-0.7477417,-0.039978027,-0.12597656
4a,4,Right Wrist,31342942,1779735314829,5.8018966,-2.567599,-4.5894337,35.49504,-20.508888,118.59373,-151.25,-26.866684,195.22421,0.0
4a,3,Left Wrist,5139986,1779735314839,14.024534,-5.6156588,-6.108876,-19.624224,-5.620301,-53.650776,-96.13011,-51.428646,351.2733,0.0
4a,1,Left Ankle,5339997,1779735314858,3.85,4.33,6.68,1.8125,29.8125,5.8125,-0.64971924,-0.7481079,-0.04071045,-0.12854004
4a,2,Right Ankle,2382051,1779735314869,-8.959379,-2.2752392,0.85902333,25.056637,13.876241,-17.43238,-2.4162135,71.59432,229.20242,0.0
4a,1,Left Ankle,5340015,1779735314887,39.04,21.18,-6.92,-12.6875,-25.25,-48.8125,-0.6542969,-0.7503662,-0.02960205,-0.08929443
4a,4,Right Wrist,31343001,1779735314889,5.031408,-4.974778,-3.6394832,-49.62496,-22.25889,108.723724,-151.20457,-26.873672,195.16948,0.0
4a,1,Left Ankle,5340038,1779735314917,-18.98,14.65,-2.51,-28.5625,163.0625,133.4375,-0.654541,-0.74780273,-0.029968262,-0.107055664
4a,1,Left Ankle,5340055,1779735314917,-1.02,-2.96,0.21,-33.125,-117.125,-136.5,-0.66674805,-0.7406006,-0.031188965,-0.07714844
4a,2,Right Ankle,2382111,1779735314923,-10.203647,0.21808204,1.9070797,-9.943362,32.21624,-0.21238112,-2.3841531,71.661385,229.23601,0.0
4a,1,Left Ankle,5340076,1779735314957,2.97,7.96,-0.58,-6.8125,-38.625,-3.3125,-0.6688843,-0.7397461,-0.029174805,-0.06719971
4a,1,Left Ankle,5340095,1779735314957,-7.34,16.71,-3.14,-9.0,8.125,-5.25,-0.66967773,-0.7390137,-0.028381348,-0.06774902
4a,4,Right Wrist,31343062,1779735314957,4.9093738,-4.106184,-3.6131623,-94.634964,-20.71889,120.20373,-151.1798,-26.887476,195.11363,0.0
4a,3,Left Wrist,5140076,1779735314959,14.639491,-3.3352983,-4.3262234,54.435776,-13.0403,23.559221,-96.179825,-51.482468,351.32928,0.0
4a,1,Left Ankle,5340111,1779735314986,2.69,9.67,-1.58,-16.0625,6.0,-52.6875,-0.6709595,-0.73791504,-0.031921387,-0.06518555
4a,2,Right Ankle,2382171,1779735314987,-9.224983,-0.28441072,-0.79441714,47.806637,45.096237,-7.4923806,-2.3936093,71.735565,229.21014,0.0
4a,1,Left Ankle,5340136,1779735315006,0.68,8.27,-0.36,-17.125,-29.6875,-19.125,-0.67541504,-0.7345581,-0.036315918,-0.053710938
4a,1,Left Ankle,5340154,1779735315006,-2.56,11.1,-0.28,-12.125,-25.5,-1.125,-0.67626953,-0.7340088,-0.034851074,-0.052124023
4a,4,Right Wrist,31343122,1779735315009,5.107978,-3.0557349,-5.8456655,-103.87496,-7.3488884,108.09373,-151.2066,-26.933844,195.08098,0.0
4a,3,Left Wrist,5140240,1779735315017,17.879372,4.498803,0.79920274,-11.644223,-25.4303,151.37923,-96.231926,-51.555447,351.3678,0.0
4a,1,Left Ankle,5340176,1779735315037,-0.99,9.96,-0.65,-8.0,-21.0625,-11.625,-0.6781006,-0.73272705,-0.032958984,-0.047424316
4a,2,Right Ankle,2382231,1779735315047,-9.263268,-1.3755379,0.53599226,-5.813362,26.12624,-6.6523814,-2.5011172,71.79711,229.10909,0.0
4a,1,Left Ankle,5340195,1779735315071,0.12,10.18,-2.33,-0.625,-14.375,19.875,-0.6781616,-0.7327881,-0.02947998,-0.047424316
4a,1,Left Ankle,5340219,1779735315071,1.56,9.14,-1.14,-10.3125,1.125,22.4375,-0.6793213,-0.7315674,-0.02709961,-0.050720215
4a,1,Left Ankle,5340236,1779735315096,-0.52,10.0,-0.55,-13.6875,0.125,22.3125,-0.68078613,-0.7301636,-0.024353027,-0.05279541
4a,2,Right Ankle,2382291,1779735315104,-9.102949,-1.8852091,0.37088752,-9.803362,21.15624,8.187618,-2.6207383,71.854454,228.99948,0.0
4a,3,Left Wrist,5140259,1779735315107,4.4508514,-6.9245315,-12.933207,-4.5042233,-1.6303005,129.18922,-96.3354,-51.489964,351.4449,0.0
4a,1,Left Ankle,5340257,1779735315126,0.49,9.42,-0.06,-14.0625,-3.75,11.3125,-0.6824341,-0.72857666,-0.022094727,-0.05444336
4a,1,Left Ankle,5340285,1779735315156,0.69,10.09,-0.14,-14.0625,5.625,8.4375,-0.684021,-0.72698975,-0.021240234,-0.055847168
4a,1,Left Ankle,5340299,1779735315157,0.7,10.12,-0.66,-13.6875,16.25,7.8125,-0.68566895,-0.72528076,-0.02178955,-0.05847168
4a,4,Right Wrist,31343182,1779735315160,5.8665032,-3.5079784,-5.828916,-43.324963,3.7111115,32.633728,-151.20767,-26.991835,195.06516,0.0
4a,2,Right Ankle,2382351,1779735315163,-7.9567866,1.6561685,-2.775674,4.4766383,15.48624,13.647619,-2.5477245,71.92073,229.06879,0.0
4a,1,Left Ankle,5340324,1779735315187,0.66,9.74,0.48,-9.3125,13.75,6.5,-0.6868286,-0.72387695,-0.022644043,-0.06109619
4a,3,Left Wrist,5140316,1779735315199,7.927623,0.3496487,-11.009377,58.565777,-43.560303,72.20922,-96.43962,-51.48952,351.5501,0.0
4a,1,Left Ankle,5340345,1779735315227,0.32,9.09,-1.14,-5.0,2.25,5.625,-0.6875,-0.72314453,-0.02178955,-0.062683105
4a,2,Right Ankle,2382411,1779735315227,-9.787295,0.9431073,-1.5314064,-24.083363,-4.04376,16.447618,-2.5013704,71.97887,229.12265,0.0
4a,1,Left Ankle,5340367,1779735315246,0.15,9.74,-1.17,2.1875,-7.625,5.9375,-0.6873779,-0.72351074,-0.018981934,-0.061035156
4a,1,Left Ankle,5340386,1779735315248,0.48,10.0,-1.56,-1.5625,3.75,2.125,-0.6873779,-0.7234497,-0.018859863,-0.061584473
4a,4,Right Wrist,31343375,1779735315249,5.900003,-4.850352,-4.0773697,-46.824963,31.151112,-63.05627,-151.19247,-27.1366,195.07489,0.0
4a,1,Left Ankle,5340405,1779735315276,-0.59,10.39,-1.37,-1.75,9.125,8.75,-0.68756104,-0.72320557,-0.017944336,-0.062561035
4a,2,Right Ankle,2382471,1779735315291,-10.167755,3.0846834,-2.1535404,8.256638,-43.10376,15.187618,-2.377019,72.02065,229.23997,0.0
4a,3,Left Wrist,5140509,1779735315291,12.744375,-3.7707918,-11.107483,-20.254223,-119.4403,147.38922,-96.65559,-51.50027,351.753,0.0
4a,1,Left Ankle,5340431,1779735315307,0.34,9.81,-0.27,-4.25,11.375,10.875,-0.6878662,-0.7227173,-0.018005371,-0.06518555
4a,1,Left Ankle,5340446,1779735315308,-0.54,9.54,0.01,-12.6875,12.9375,7.6875,-0.6890869,-0.7213135,-0.018310547,-0.06762695
4a,4,Right Wrist,31343395,1779735315308,6.3474603,-3.7041895,-3.6083765,-67.54496,28.28111,-53.32627,-151.19742,-27.203426,195.07668,0.0
4a,1,Left Ankle,5340467,1779735315336,0.13,9.81,-0.13,0.5,26.6875,11.9375,-0.6893921,-0.7208252,-0.017333984,-0.06982422
4a,2,Right Ankle,2382531,1779735315345,-10.495571,3.7953517,-0.83988076,26.736637,-12.373759,39.61762,-2.1773632,72.06731,229.42538,0.0
4a,3,Left Wrist,5140528,1779735315354,7.580664,-4.8834543,-18.879372,20.345776,-179.3603,117.70923,-96.83416,-51.448944,351.934,0.0
4a,1,Left Ankle,5340511,1779735315368,0.54,9.86,-0.47,11.5625,22.9375,11.75,-0.6869507,-0.72210693,-0.02142334,-0.07861328
4a,1,Left Ankle,5340493,1779735315368,1.17,9.41,-0.32,7.1875,30.25,8.0,-0.68847656,-0.7211914,-0.019836426,-0.074523926
4a,4,Right Wrist,31343482,1779735315369,7.9721866,-1.1677976,-3.6346974,-47.94496,8.191112,-51.50627,-151.22987,-27.269152,195.09668,0.0
4a,1,Left Ankle,5340536,1779735315396,0.89,10.09,-0.58,16.9375,13.875,7.3125,-0.6838989,-0.7244873,-0.022705078,-0.08276367
4a,2,Right Ankle,2382591,1779735315403,-9.636548,6.3126016,-4.3262234,94.076645,-6.35376,96.17762,-1.8918153,72.12038,229.67622,0.0
4a,3,Left Wrist,5140585,1779735315408,3.5128653,-2.8878403,-10.748559,237.34578,-223.8103,61.219223,-96.95956,-51.411034,352.14355,0.0
4a,1,Left Ankle,5340556,1779735315431,0.77,9.68,0.03,17.5625,15.0,4.8125,-0.6828003,-0.72540283,-0.0234375,-0.08392334
4a,1,Left Ankle,5340576,1779735315431,0.71,9.55,-0.25,23.4375,12.25,3.25,-0.678833,-0.729187,-0.022277832,-0.08337402
4a,4,Right Wrist,31343541,1779735315431,4.0647073,-3.5701914,-4.996214,-6.64496,38.081112,-61.86627,-151.19357,-27.336485,195.0901,0.0
4a,1,Left Ankle,5340595,1779735315462,0.75,9.85,-0.54,30.4375,9.0,3.375,-0.67523193,-0.73236084,-0.023376465,-0.08465576
4a,2,Right Ankle,2382651,1779735315472,-7.6481123,2.1299472,-3.6251261,27.506638,11.35624,100.937614,-1.7043663,72.18671,229.85626,0.0
4a,1,Left Ankle,5340616,1779735315486,1.25,10.1,-0.78,33.375,7.5,3.25,-0.6709595,-0.736145,-0.024169922,-0.08538818
4a,4,Right Wrist,31343602,1779735315489,5.115156,-2.591527,-4.8071804,54.32504,60.83111,-59.906273,-151.18039,-27.428936,195.09995,0.0
4a,3,Left Wrist,5140646,1779735315498,14.065212,-14.287247,-3.7160535,67.80577,-158.71031,-86.97078,-97.071495,-51.38159,352.2861,0.0
4a,1,Left Ankle,5340639,1779735315517,0.55,9.77,-0.78,35.5,0.125,0.6875,-0.6663208,-0.7402954,-0.024353027,-0.08557129
4a,1,Left Ankle,5340651,1779735315519,0.52,9.42,-1.25,39.0,0.625,6.5625,-0.6638794,-0.7424927,-0.024230957,-0.0859375
4a,2,Right Ankle,2382711,1779735315523,-4.9753294,-1.5837134,-3.0532417,-94.99336,10.02624,66.70762,-1.7421032,72.25232,229.85901,0.0
4a,1,Left Ankle,5340676,1779735315548,1.21,10.02,-1.51,42.3125,8.5,13.6875,-0.65582275,-0.74938965,-0.024047852,-0.0881958
4a,4,Right Wrist,31343662,1779735315550,9.9941225,-0.4164514,-3.5653057,146.09503,12.601111,-60.116272,-151.14853,-27.494505,195.1232,0.0
4a,3,Left Wrist,5140736,1779735315559,22.748768,-5.3428764,4.2257247,-195.81422,45.4797,185.25923,-97.07,-51.37333,352.21674,0.0
4a,1,Left Ankle,5340699,1779735315582,1.3,9.83,-1.17,43.3125,6.3125,14.375,-0.6500244,-0.7542114,-0.023254395,-0.090148926
4a,1,Left Ankle,5340716,1779735315582,-0.07,9.87,-1.73,46.75,-1.0625,33.875,-0.6436157,-0.75946045,-0.018798828,-0.09289551
4a,2,Right Ankle,2382771,1779735315583,-2.9773226,-3.4740434,0.86141616,-175.49336,16.256239,-29.962381,-2.0755823,72.25712,229.59647,0.0
4a,1,Left Ankle,5340737,1779735315607,0.13,9.86,-2.1,47.625,0.3125,38.625,-0.6366577,-0.76483154,-0.014526367,-0.09753418
4a,1,Left Ankle,5340751,1779735315608,1.07,10.05,-1.85,50.4375,8.875,48.1875,-0.6329956,-0.7675171,-0.012268066,-0.10064697
4a,4,Right Wrist,31343722,1779735315608,9.448558,-3.1131625,-4.546363,89.67504,-40.388885,-59.066273,-151.12462,-27.546358,195.14867,0.0
4a,3,Left Wrist,5140795,1779735315625,22.07399,-7.2021003,0.8327023,-146.53423,37.219696,279.0592,-97.06808,-51.344566,352.1597,0.0
4a,1,Left Ankle,5340776,1779735315636,1.52,10.93,-2.33,49.1875,8.25,64.3125,-0.6218262,-0.77526855,-0.0017089844,-0.110839844
4a,2,Right Ankle,2382831,1779735315643,-10.68939,-1.2439326,7.6689963,-95.41336,-37.993763,-41.30238,-2.1918359,72.19207,229.51326,0.0
4a,1,Left Ankle,5340795,1779735315667,1.8,11.76,-2.62,48.3125,15.625,75.0,-0.61395264,-0.7799072,0.0052490234,-0.12133789
4a,1,Left Ankle,5340811,1779735315668,2.8,13.41,-1.92,45.3125,36.375,80.75,-0.6102295,-0.78186035,0.008422852,-0.12774658
4a,4,Right Wrist,31343782,1779735315669,6.861917,-4.0200424,-5.058427,-52.074963,-47.248886,-64.94627,-151.13634,-27.597038,195.17035,0.0
4a,1,Left Ankle,5340839,1779735315698,3.42,12.7,-1.12,39.5,45.0,91.6875,-0.5996704,-0.78552246,0.01727295,-0.15197754
4a,2,Right Ankle,2382891,1779735315704,-11.981515,1.8834865,0.34935212,116.54664,-21.54376,-91.35239,-2.1506991,72.237465,229.50404,0.0
4a,3,Left Wrist,5140856,1779735315713,15.666012,-6.7426777,4.072584,106.51577,65.2197,257.35922,-96.92845,-51.296486,352.05872,0.0
4a,1,Left Ankle,5340851,1779735315728,-1.68,10.08,1.26,23.4375,75.3125,95.0,-0.59698486,-0.78552246,0.01940918,-0.16186523
4a,1,Left Ankle,5340878,1779735315756,-7.14,11.14,3.03,-1.5625,123.4375,87.25,-0.5940552,-0.7798462,0.020812988,-0.19628906
4a,1,Left Ankle,5340895,1779735315758,-12.09,10.21,2.21,-23.3125,139.125,34.6875,-0.5950928,-0.77319336,0.013549805,-0.21862793
4a,4,Right Wrist,31343841,1779735315759,2.4328024,-1.8545377,-3.641876,-126.34496,-13.998888,-26.446272,-151.22385,-27.663353,195.19977,0.0
4a,2,Right Ankle,2382951,1779735315765,-11.5460205,-1.2774321,2.2205393,-112.49336,-43.73376,-15.822382,-2.3401935,72.26884,229.35945,0.0
4a,3,Left Wrist,5140946,1779735315768,2.395417,-13.894824,-13.607982,181.97577,-3.1003008,102.02922,-96.94829,-51.212254,352.12173,0.0
4a,1,Left Ankle,5340911,1779735315787,-7.07,14.16,2.5,-28.5,138.5625,31.8125,-0.597229,-0.769104,0.011657715,-0.22735596
4a,1,Left Ankle,5340936,1779735315787,-3.95,11.24,1.05,-21.125,103.5,-28.1875,-0.6026001,-0.75787354,-0.0061035156,-0.2498169
4a,1,Left Ankle,5340954,1779735315816,-5.05,10.12,0.75,-11.3125,128.0625,-35.5,-0.6050415,-0.75079346,-0.026184082,-0.2637329
4a,4,Right Wrist,31343902,1779735315819,1.2627121,1.0335995,-2.3665016,-81.96496,43.821114,35.433727,-151.32181,-27.683994,195.21585,0.0
4a,2,Right Ankle,2383011,1779735315832,-8.775132,1.5365273,1.3758731,-6.373362,0.9262402,-36.26238,-2.2175207,72.31328,229.47455,0.0
4a,3,Left Wrist,5141005,1779735315832,-1.7800586,-10.085451,-21.765116,-3.0342236,-139.46031,86.06922,-97.110405,-51.140762,352.2752,0.0
4a,1,Left Ankle,5340976,1779735315846,-3.18,10.14,0.13,4.6875,191.3125,-73.0,-0.60650635,-0.7414551,-0.057434082,-0.28118896
4a,1,Left Ankle,5340995,1779735315847,-1.44,10.57,-2.07,17.25,257.4375,-101.5,-0.6062012,-0.7293701,-0.09588623,-0.3022461
4a,1,Left Ankle,5341021,1779735315876,-0.28,11.46,-2.92,27.8125,238.9375,-114.875,-0.604187,-0.71673584,-0.1362915,-0.32037354
4a,2,Right Ankle,2383071,1779735315884,-9.356588,1.8117018,1.0863415,-30.173363,-0.6837598,-28.632381,-2.1059444,72.35971,229.58788,0.0
4a,3,Left Wrist,5141066,1779735315888,-2.7874365,-6.9317107,-19.58286,-23.964224,-190.4203,136.81923,-97.30134,-51.052017,352.45496,0.0
4a,1,Left Ankle,5341036,1779735315907,0.2,11.89,-3.15,36.5,170.3125,-130.9375,-0.60198975,-0.70654297,-0.17266846,-0.32965088
4a,4,Right Wrist,31343992,1779735315909,-0.07966127,-1.7277181,-2.833102,54.95504,86.94112,76.38373,-151.27454,-27.622921,195.1692,0.0
4a,1,Left Ankle,5341060,1779735315936,1.28,11.39,-3.12,35.625,83.5625,-149.875,-0.602478,-0.69976807,-0.20275879,-0.3260498
4a,1,Left Ankle,5341076,1779735315936,2.39,11.74,-2.81,30.3125,10.25,-158.4375,-0.6062012,-0.69592285,-0.22558594,-0.31201172
4a,2,Right Ankle,2383131,1779735315949,-9.122091,0.32575902,1.4213367,-27.093363,3.3762403,-31.712381,-2.1016111,72.41603,229.59767,0.0
4a,3,Left Wrist,5141125,1779735315951,0.07677169,-5.3524475,-7.3459654,-83.32423,-192.52031,207.09923,-97.496605,-50.92786,352.62018,0.0
4a,1,Left Ankle,5341097,1779735315967,2.32,11.25,-3.05,26.4375,-23.0625,-163.625,-0.6119995,-0.69311523,-0.24438477,-0.2921753
4a,4,Right Wrist,31344051,1779735315970,0.9061816,0.21286066,-4.469793,54.74504,108.291115,75.05373,-151.3126,-27.6146,195.15926,0.0
4a,1,Left Ankle,5341119,1779735315997,0.96,10.89,-2.75,26.75,-40.25,-167.5625,-0.6179199,-0.6901245,-0.26226807,-0.27044678
4a,1,Left Ankle,5341140,1779735315998,2.49,10.76,-2.35,26.5625,-39.375,-167.8125,-0.6240845,-0.6870117,-0.27874756,-0.24664307
4a,2,Right Ankle,2383191,1779735316003,-8.990486,0.81389487,0.8566305,-17.293362,0.5762402,-28.562382,-2.0596244,72.47057,229.64044,0.0
4a,3,Left Wrist,5141186,1779735316008,2.0652077,-4.1249294,-1.8017955,-67.924225,-121.0503,233.20923,-97.617744,-50.780056,352.71542,0.0
4a,1,Left Ankle,5341158,1779735316026,3.55,9.62,-1.39,28.375,-29.1875,-156.0,-0.62872314,-0.6835327,-0.29492188,-0.22467041
4a,1,Left Ankle,5341186,1779735316064,3.82,8.44,-0.56,22.0,-22.0,-139.0625,-0.63238525,-0.67962646,-0.30981445,-0.20544434
4a,1,Left Ankle,5341202,1779735316064,5.77,7.91,-0.45,20.25,-22.125,-121.75,-0.635376,-0.6758423,-0.3225708,-0.18841553
4a,2,Right Ankle,2383251,1779735316065,-8.772739,0.33293754,1.3950156,-21.143362,-4.9537597,-16.802382,-2.0321622,72.5239,229.67189,0.0
4a,1,Left Ankle,5341226,1779735316086,6.82,6.49,-0.46,9.25,-15.5,-84.75,-0.6390991,-0.6704712,-0.33709717,-0.16851807
4a,3,Left Wrist,5141246,1779735316098,3.189834,-2.1460652,-1.0025927,-135.61423,-43.560303,195.75923,-97.76024,-50.731133,352.79294,0.0
4a,1,Left Ankle,5341247,1779735316117,7.46,6.42,-0.41,3.75,-25.25,-56.25,-0.6415405,-0.6680908,-0.34191895,-0.1586914
4a,4,Right Wrist,31344142,1779735316120,2.3011973,-0.20827568,-4.8191447,60.06504,68.74111,3.443728,-151.36996,-27.636225,195.18443,0.0
4a,2,Right Ankle,2383311,1779735316123,-9.306339,0.062548555,1.0552348,-15.683363,-2.15376,-10.50238,-2.0386775,72.57967,229.66985,0.0
4a,1,Left Ankle,5341276,1779735316146,6.91,6.39,-0.23,-0.5625,-30.25,-25.5625,-0.64398193,-0.6669922,-0.3425293,-0.1519165
4a,1,Left Ankle,5341292,1779735316149,6.66,6.15,-0.3,-4.875,-37.875,3.375,-0.6466675,-0.6671753,-0.33892822,-0.14764404
4a,1,Left Ankle,5341308,1779735316176,5.88,6.71,-1.02,-4.25,-35.5,35.0,-0.6485596,-0.6691284,-0.33172607,-0.14672852
4a,4,Right Wrist,31344305,1779735316180,5.375974,-2.1344981,-4.8263235,23.035042,-23.588888,-18.746271,-151.4173,-27.753902,195.23259,0.0
4a,3,Left Wrist,5141306,1779735316188,2.3643105,0.5003965,-3.0293133,-59.944225,-35.8603,153.96922,-97.89225,-50.70993,352.8822,0.0
4a,1,Left Ankle,5341352,1779735316208,4.42,10.44,-0.56,-10.25,1.9375,116.4375,-0.64923096,-0.677124,-0.30755615,-0.15948486
4a,1,Left Ankle,5341336,1779735316208,5.54,7.1,0.55,-9.25,-30.0,64.75,-0.6502075,-0.6746216,-0.31420898,-0.15270996
4a,1,Left Ankle,5341375,1779735316237,-1.41,13.04,-0.82,-17.125,20.3125,137.0,-0.6435547,-0.6836548,-0.28875732,-0.18743896
4a,4,Right Wrist,31344352,1779735316240,5.230012,-2.986343,-4.5320063,5.46504,-24.14889,-22.666271,-151.40686,-27.809174,195.23833,0.0
4a,2,Right Ankle,2383371,1779735316243,-9.428372,-0.4088375,1.4237295,-13.723362,3.0262403,1.7476189,-2.0872083,72.63586,229.62827,0.0
4a,3,Left Wrist,5141396,1779735316258,0.8137615,0.19172245,-3.6370904,-66.314224,-11.220301,94.88922,-98.03286,-50.682213,352.97266,0.0
4a,1,Left Ankle,5341396,1779735316270,-10.92,18.06,3.37,-17.625,47.625,78.0625,-0.6405029,-0.68499756,-0.28082275,-0.2041626
4a,1,Left Ankle,5341416,1779735316271,11.07,13.13,-1.25,-25.125,-11.5,38.5,-0.6414795,-0.6843262,-0.2758789,-0.20996094
4a,1,Left Ankle,5341436,1779735316295,10.5,14.12,-4.63,-17.6875,13.5625,47.4375,-0.64190674,-0.68408203,-0.270813,-0.21588135
4a,4,Right Wrist,31344412,1779735316298,4.445166,-3.0174494,-4.3908296,-23.02496,-10.008888,-18.186272,-151.3947,-27.865707,195.23532,0.0
4a,3,Left Wrist,5141486,1779735316307,1.6679987,-0.7749779,-4.35733,-13.464224,-26.1303,70.31922,-98.15781,-50.656452,353.0692,0.0
4a,1,Left Ankle,5341456,1779735316325,-5.41,16.11,-2.28,-20.5625,39.6875,48.3125,-0.640625,-0.6837158,-0.26611328,-0.2265625
4a,2,Right Ankle,2383535,1779735316340,-9.504943,-0.49737194,1.0671989,-9.733362,7.7162404,10.217619,-2.111714,72.75367,229.6132,0.0
4a,1,Left Ankle,5341483,1779735316362,2.19,8.03,-2.32,-39.125,-29.875,-45.6875,-0.64660645,-0.67907715,-0.26641846,-0.22314453
4a,1,Left Ankle,5341500,1779735316362,-0.76,8.09,-0.32,-32.125,-4.0,-6.25,-0.65216064,-0.6748657,-0.26574707,-0.22052002
4a,3,Left Wrist,5141545,1779735316372,1.4837515,-1.0118673,-3.184847,-35.584225,-16.8903,38.04922,-98.28472,-50.63816,353.16025,0.0
4a,1,Left Ankle,5341521,1779735316387,-3.66,10.1,-0.1,-26.4375,17.25,-15.3125,-0.65423584,-0.6706543,-0.2682495,-0.22418213
4a,1,Left Ankle,5341536,1779735316387,0.69,7.84,0.5,-25.5625,8.5,-30.0625,-0.6578369,-0.6659546,-0.2720337,-0.22296143
4a,4,Right Wrist,31344472,1779735316389,5.151049,-1.7253251,-3.9553359,-13.50496,-0.9788885,-10.136271,-151.41154,-27.92872,195.24388,0.0
4a,2,Right Ankle,2383554,1779735316393,-9.665262,0.15586863,0.6867401,-9.523362,9.67624,8.047619,-2.090628,72.81408,229.63731,0.0
4a,1,Left Ankle,5341556,1779735316424,-1.45,7.62,0.45,-24.125,0.8125,-11.4375,-0.6611328,-0.6624756,-0.27294922,-0.22259521
4a,3,Left Wrist,5141606,1779735316428,3.1922271,0.3161492,-2.6775687,94.19577,15.239698,-11.860779,-98.34084,-50.686817,353.2261,0.0
4a,1,Left Ankle,5341579,1779735316447,-2.47,8.0,-0.67,-18.5,-13.5625,-8.8125,-0.6641846,-0.6600952,-0.27209473,-0.22143555
4a,4,Right Wrist,31344532,1779735316449,5.66072,-2.8475592,-3.682554,-3.63496,-2.5188885,-2.2262719,-151.39734,-27.98303,195.23761,0.0
4a,1,Left Ankle,5341600,1779735316477,-1.49,9.14,-0.55,-16.6875,-8.9375,-0.625,-0.666687,-0.6585083,-0.2705078,-0.22058105
4a,1,Left Ankle,5341622,1779735316477,0.6,10.91,-0.52,-16.625,-10.75,-2.6875,-0.66851807,-0.65625,-0.27069092,-0.22167969
4a,2,Right Ankle,2383641,1779735316484,-9.29916,-0.6217987,1.0480564,9.306639,11.00624,-11.272381,-2.163305,72.87238,229.56352,0.0
4a,3,Left Wrist,5141666,1779735316488,5.16152,-0.9017975,-0.13160524,198.21577,73.1997,-43.85078,-98.2433,-50.775944,353.18954,0.0
4a,1,Left Ankle,5341645,1779735316509,-0.23,11.06,-0.78,-18.375,-16.4375,-2.5625,-0.6712036,-0.6547241,-0.26861572,-0.22070312
4a,4,Right Wrist,31344622,1779735316511,5.947859,-2.3091743,-4.0534415,-64.53496,-3.5688887,-12.796272,-151.4204,-28.043089,195.24185,0.0
4a,1,Left Ankle,5341663,1779735316540,-1.74,8.73,-0.18,-22.75,-27.25,-4.8125,-0.6749878,-0.65289307,-0.26550293,-0.21826172
4a,2,Right Ankle,2383731,1779735316544,-9.808831,0.15586863,0.0741775,-3.083362,-0.9637598,22.81762,-2.127417,72.92992,229.6012,0.0
4a,3,Left Wrist,5141726,1779735316551,6.2047906,-2.1293156,0.89013004,229.50577,89.8597,-85.57077,-98.08797,-50.863674,353.1143,0.0
4a,1,Left Ankle,5341687,1779735316569,-1.06,9.47,0.31,-18.75,-26.9375,-3.75,-0.67858887,-0.6514282,-0.2619629,-0.21582031
4a,1,Left Ankle,5341703,1779735316570,-0.01,11.24,0.66,-13.6875,-22.25,-6.5,-0.6813965,-0.6503296,-0.25933838,-0.2131958
4a,4,Right Wrist,31344682,1779735316572,6.658527,-1.5338994,-4.0127635,-69.01496,-26.178888,11.143728,-151.45474,-28.091415,195.24753,0.0
4a,1,Left Ankle,5341724,1779735316599,-0.94,10.88,0.22,-11.9375,-23.625,-14.5625,-0.6856079,-0.6486206,-0.25708008,-0.20776367
4a,1,Left Ankle,5341744,1779735316601,-0.77,9.32,0.49,-9.625,-24.0,-17.25,-0.68811035,-0.6477051,-0.2557373,-0.20385742
4a,2,Right Ankle,2383791,1779735316603,-11.665661,-0.46865803,0.70348984,-17.573362,-33.93376,-4.902381,-2.1688821,72.974495,229.56705,0.0
4a,1,Left Ankle,5341759,1779735316626,-1.64,9.61,0.3,-7.3125,-20.75,-9.0625,-0.68927,-0.647583,-0.2545166,-0.20196533
4a,4,Right Wrist,31344742,1779735316629,5.5530434,-2.3546379,-4.948357,-58.234962,-31.358889,46.633728,-151.47948,-28.137741,195.24161,0.0
4a,1,Left Ankle,5341784,1779735316658,-1.08,10.36,-0.32,-4.9375,-12.8125,-2.0,-0.6914673,-0.6472168,-0.2520752,-0.19854736
4a,1,Left Ankle,5341804,1779735316660,-1.17,10.55,0.29,-5.4375,-8.9375,-1.25,-0.6925049,-0.6468506,-0.25097656,-0.1975708
4a,2,Right Ankle,2383851,1779735316664,-8.057285,5.6138973,0.5575277,69.99664,19.686241,4.967619,-1.8964317,73.00684,229.80463,0.0
4a,3,Left Wrist,5141786,1779735316668,4.88156,-8.398511,0.4977071,205.98578,75.1597,-194.63077,-97.94875,-50.875805,353.05173,0.0
4a,1,Left Ankle,5341826,1779735316691,-0.94,9.73,0.53,-7.75,-5.4375,-3.625,-0.69311523,-0.64642334,-0.25073242,-0.19726562
4a,4,Right Wrist,31344801,1779735316691,4.6605206,-2.739882,-5.682954,-21.83496,-19.598888,64.34373,-151.4989,-28.188593,195.23265,0.0
4a,1,Left Ankle,5341845,1779735316717,-0.86,9.69,0.22,-7.375,-3.1875,-4.0,-0.6950073,-0.64489746,-0.25030518,-0.19616699
4a,1,Left Ankle,5341859,1779735316718,-1.23,9.81,0.46,-6.0,-2.9375,-3.875,-0.69555664,-0.6445923,-0.24993896,-0.19555664
4a,2,Right Ankle,2383911,1779735316733,-9.291982,7.9588637,1.820938,80.076645,9.536241,42.277622,-1.5673679,73.021675,230.09683,0.0
4a,3,Left Wrist,5141950,1779735316734,11.0837555,-21.393932,-2.1224337,165.94577,58.079704,-114.480774,-97.77899,-50.85841,352.9755,0.0
4a,1,Left Ankle,5341883,1779735316746,-1.22,9.44,0.76,-3.0,-3.625,-2.875,-0.696228,-0.644104,-0.24975586,-0.19500732
4a,4,Right Wrist,31344862,1779735316750,4.8591247,-2.237389,-5.692525,15.055039,-11.968889,75.82372,-151.52045,-28.235815,195.22658,0.0
4a,1,Left Ankle,5341900,1779735316776,-1.14,9.75,0.29,1.0,-4.375,-0.9375,-0.69647217,-0.6442261,-0.24938965,-0.19433594
4a,2,Right Ankle,2383971,1779735316783,-7.2700467,1.9289502,1.2801601,67.19664,13.456241,66.77762,-1.2433544,73.05848,230.39117,0.0
4a,1,Left Ankle,5341927,1779735316806,-0.77,9.95,0.24,3.0,-6.25,-2.75,-0.69647217,-0.6445923,-0.24902344,-0.19335938
4a,1,Left Ankle,5341945,1779735316817,-0.67,9.62,0.33,3.0,-12.375,-6.0625,-0.69677734,-0.6454468,-0.24822998,-0.1906128
4a,4,Right Wrist,31344921,1779735316817,4.045565,-1.7348967,-5.4484572,26.25504,-6.9288883,70.293724,-151.56567,-28.27064,195.23433,0.0
4a,3,Left Wrist,5141969,1779735316818,11.107684,-22.06153,-1.3830514,110.92577,52.4097,-88.65077,-97.70502,-50.81979,352.93936,0.0
4a,1,Left Ankle,5341960,1779735316836,-1.68,9.42,0.57,2.875,-11.3125,-3.0,-0.6968994,-0.6456909,-0.2477417,-0.1897583
4a,1,Left Ankle,5341985,1779735316838,-0.77,9.82,0.2,4.375,-8.8125,-1.5,-0.6970215,-0.6467285,-0.246521,-0.18737793
4a,2,Right Ankle,2384031,1779735316851,-7.210226,0.38797247,1.1389836,-3.0133622,-0.47375977,37.30762,-1.1262089,73.11259,230.50801,0.0
4a,1,Left Ankle,5342000,1779735316866,-1.41,10.21,0.32,4.9375,-5.8125,0.625,-0.6968384,-0.6470947,-0.24621582,-0.18701172
4a,1,Left Ankle,5342025,1779735316897,-0.68,9.82,0.09,6.125,-5.3125,-3.0,-0.69647217,-0.64782715,-0.24621582,-0.18603516
4a,1,Left Ankle,5342045,1779735316898,-0.88,9.99,0.19,7.875,-11.0625,-5.25,-0.6959839,-0.649292,-0.24560547,-0.18341064
4a,4,Right Wrist,31344982,1779735316899,3.8900313,-2.081856,-5.0560346,29.47504,-6.578888,31.863728,-151.59785,-28.324535,195.2468,0.0
4a,2,Right Ankle,2384091,1779735316903,-7.3298674,-1.9211016,1.5457635,23.446638,7.8562403,9.237619,-1.3496569,73.13807,230.28728,0.0
4a,3,Left Wrist,5142026,1779735316908,10.040485,-17.651556,-2.1296122,-24.034224,31.269701,-22.78078,-97.69736,-50.7542,352.92078,0.0
4a,1,Left Ankle,5342066,1779735316927,-1.08,9.63,0.42,7.875,-10.0625,-7.875,-0.6958008,-0.65026855,-0.2454834,-0.18096924
4a,1,Left Ankle,5342088,1779735316959,-1.79,9.22,0.76,8.6875,-5.8125,-6.5,-0.6951904,-0.6512451,-0.24584961,-0.17944336
4a,4,Right Wrist,31345041,1779735316971,3.6196425,-3.0341995,-5.005785,12.25504,-0.90888786,-5.9362717,-151.5539,-28.376549,195.2297,0.0
4a,2,Right Ankle,2384151,1779735316972,-7.5619707,-4.4790287,-0.33020952,-70.073364,30.39624,-37.80238,-1.6421729,73.18291,230.02681,0.0
4a,3,Left Wrist,5142116,1779735316972,9.8753805,-11.8633175,-3.8955152,-95.924225,34.9797,38.95922,-97.774475,-50.687172,352.9457,0.0
4a,1,Left Ankle,5342107,1779735316986,-1.42,9.32,0.61,10.3125,-0.6875,-4.4375,-0.69470215,-0.6517334,-0.24621582,-0.17895508
4a,1,Left Ankle,5342130,1779735316987,-1.25,10.08,0.06,11.5,2.4375,-1.1875,-0.6923828,-0.6531372,-0.24853516,-0.17956543
4a,1,Left Ankle,5342146,1779735317018,-0.89,10.07,-0.04,12.625,2.375,1.4375,-0.69085693,-0.65460205,-0.24902344,-0.17944336
4a,4,Right Wrist,31345131,1779735317021,4.4140596,-3.6635115,-4.776074,-4.47496,10.781112,-44.086273,-151.51701,-28.43126,195.22176,0.0
4a,2,Right Ankle,2384211,1779735317024,-13.539242,7.815294,2.7613175,-7.283362,9.1162405,-51.10238,-1.4471858,73.19946,230.21068,0.0
4a,3,Left Wrist,5142206,1779735317028,10.246268,-9.994524,-2.8043883,-89.69423,22.239698,57.719223,-97.86153,-50.623703,352.9822,0.0
4a,1,Left Ankle,5342172,1779735317048,-1.33,9.57,-0.19,12.75,1.6875,3.9375,-0.68927,-0.65618896,-0.24926758,-0.17944336
4a,1,Left Ankle,5342188,1779735317049,-1.48,9.42,0.04,12.6875,1.875,8.9375,-0.68756104,-0.65789795,-0.24902344,-0.17999268
4a,4,Right Wrist,31345192,1779735317085,6.845167,-1.9215368,-5.07757,2.87504,6.721112,-27.636272,-151.53471,-28.498968,195.23714,0.0
4a,2,Right Ankle,2384271,1779735317085,-10.517107,2.5869765,-2.8426733,-48.163364,3.7262402,-24.222382,-1.4048822,73.25885,230.26488,0.0
4a,1,Left Ankle,5342209,1779735317085,-1.51,9.23,0.11,12.125,4.75,15.125,-0.6855469,-0.659729,-0.24853516,-0.18170166
4a,3,Left Wrist,5142266,1779735317089,11.7489605,-11.746069,-3.2231321,-100.894226,5.719699,14.59922,-97.958084,-50.57022,353.02792,0.0
4a,1,Left Ankle,5342233,1779735317109,-1.08,9.64,0.01,12.3125,6.0625,19.625,-0.6833496,-0.66174316,-0.24749756,-0.184021
4a,1,Left Ankle,5342247,1779735317109,-1.08,9.71,0.16,13.1875,7.5,22.8125,-0.6809082,-0.6639404,-0.24621582,-0.18682861
4a,1,Left Ankle,5342270,1779735317137,-1.02,9.5,-0.2,13.0625,6.5625,25.0625,-0.6784668,-0.6664429,-0.24420166,-0.18939209
4a,4,Right Wrist,31345251,1779735317139,7.6371913,-2.1512475,-4.9387856,32.765038,-16.168888,-2.9262722,-151.53275,-28.553728,195.24481,0.0
4a,2,Right Ankle,2384332,1779735317143,-10.002649,0.043405976,-0.2321038,-5.183362,-8.73376,-13.862381,-1.420137,73.313416,230.2506,0.0
4a,3,Left Wrist,5142326,1779735317148,12.866409,-9.951452,-3.5413773,-82.20422,-18.990301,22.649221,-98.08123,-50.566147,353.10437,0.0
4a,1,Left Ankle,5342296,1779735317166,-0.6,9.65,-0.32,13.1875,5.5,25.8125,-0.6759033,-0.66882324,-0.2423706,-0.19244385
4a,1,Left Ankle,5342313,1779735317167,-0.7,9.83,-0.39,12.5,3.375,26.3125,-0.6722412,-0.67230225,-0.23944092,-0.19696045
4a,1,Left Ankle,5342338,1779735317203,-0.42,9.74,-0.26,12.3125,2.1875,23.25,-0.6699829,-0.67456055,-0.23736572,-0.19934082
4a,4,Right Wrist,31345312,1779735317203,6.591528,-4.3335023,-5.130212,11.06504,-30.588888,13.103728,-151.49983,-28.592657,195.23184,0.0
4a,2,Right Ankle,2384391,1779735317204,-8.720097,0.3496873,-0.17706887,2.3066382,-13.07376,-10.572382,-1.4053887,73.36636,230.26291,0.0
4a,3,Left Wrist,5142386,1779735317210,12.048063,-9.0685005,-4.1515474,6.1357765,-17.1003,32.86922,-98.17345,-50.55925,353.17996,0.0
4a,1,Left Ankle,5342357,1779735317236,-0.49,9.8,-0.31,12.75,1.8125,21.0,-0.6676636,-0.6766968,-0.23583984,-0.20172119
4a,1,Left Ankle,5342377,1779735317236,-0.15,9.66,-0.31,12.625,0.375,16.375,-0.66552734,-0.678833,-0.23431396,-0.20324707
4a,1,Left Ankle,5342398,1779735317261,-0.29,9.76,-0.53,11.75,-0.1875,13.625,-0.66363525,-0.68078613,-0.23309326,-0.20440674
4a,4,Right Wrist,31345372,1779735317261,4.971587,-4.0702915,-4.941179,-45.49496,-25.268888,25.283728,-151.46954,-28.623919,195.20662,0.0
4a,2,Right Ankle,2384451,1779735317263,-9.157984,-0.33226717,0.2512464,0.4166379,-12.02376,-4.272381,-1.4372932,73.41899,230.23183,0.0
4a,3,Left Wrist,5142446,1779735317269,11.366109,-8.793326,-3.0173495,41.485775,-7.020301,46.16922,-98.246735,-50.548298,353.24783,0.0
4a,1,Left Ankle,5342422,1779735317293,-0.37,9.75,-0.53,10.9375,2.4375,11.1875,-0.66186523,-0.6824951,-0.2322998,-0.2053833
4a,1,Left Ankle,5342446,1779735317315,-0.36,9.69,-0.57,9.8125,4.875,10.1875,-0.65930176,-0.6845703,-0.23187256,-0.20727539
4a,4,Right Wrist,31345432,1779735317331,4.00728,-2.3689947,-4.9674997,-49.34496,-10.428888,28.293728,-151.50826,-28.683346,195.21085,0.0
4a,2,Right Ankle,2384511,1779735317331,-9.155591,-0.18630499,0.086141616,-10.223362,-13.70376,-4.202381,-1.460074,73.4714,230.213,0.0
4a,3,Left Wrist,5142506,1779735317331,11.344574,-9.709777,-2.993421,33.015778,7.889699,40.289223,-98.31247,-50.516483,353.30444,0.0
4a,1,Left Ankle,5342463,1779735317331,-0.16,9.69,-0.65,9.0,5.625,9.1875,-0.65838623,-0.6851196,-0.23199463,-0.20800781
4a,1,Left Ankle,5342482,1779735317346,-0.22,9.85,-0.66,8.8125,6.3125,8.375,-0.6567993,-0.6862793,-0.23205566,-0.20922852
4a,1,Left Ankle,5342504,1779735317377,0.21,9.92,-0.91,8.6875,5.1875,6.125,-0.654541,-0.6879883,-0.2322998,-0.21057129
4a,1,Left Ankle,5342524,1779735317378,0.06,10.13,-0.84,8.6875,1.75,4.625,-0.6532593,-0.6890259,-0.23223877,-0.21099854
4a,4,Right Wrist,31345492,1779735317379,4.0647073,-1.3664018,-4.9459643,-2.6549602,-3.708888,23.603727,-151.56526,-28.730999,195.23198,0.0
4a,2,Right Ankle,2384571,1779735317384,-9.47623,-0.61222744,0.42592245,-7.913362,-14.05376,-1.822381,-1.5166874,73.52234,230.16121,0.0
4a,3,Left Wrist,5142566,1779735317388,12.430915,-10.437196,-3.0963125,12.225777,21.749699,40.49922,-98.38066,-50.48941,353.35428,0.0
4a,1,Left Ankle,5342542,1779735317416,0.21,10.01,-0.89,9.0625,1.0,2.4375,-0.6526489,-0.6895752,-0.23236084,-0.21099854
4a,1,Left Ankle,5342560,1779735317442,-0.23,9.95,-0.98,8.875,-1.0625,3.25,-0.6513672,-0.69085693,-0.23223877,-0.21087646
4a,4,Right Wrist,31345551,1779735317442,3.5287151,-1.9406793,-4.941179,-0.20495987,-4.0588884,16.603727,-151.62802,-28.77655,195.25826,0.0
4a,2,Right Ankle,2384631,1779735317443,-9.306339,-0.71511877,0.65324056,-10.153362,-15.38376,-0.42238092,-1.5880861,73.571846,230.09615,0.0
4a,3,Left Wrist,5142625,1779735317448,13.108084,-10.829618,-4.072584,4.0357766,17.6197,71.71922,-98.453926,-50.456898,353.4057,0.0
4a,1,Left Ankle,5342588,1779735317466,0.4,9.9,-1.11,9.1875,-7.1875,0.1875,-0.6500244,-0.6925049,-0.23187256,-0.21002197
4a,1,Left Ankle,5342600,1779735317477,0.36,10.26,-1.59,12.3125,-12.4375,-0.9375,-0.6491699,-0.6940918,-0.23114014,-0.20825195
4a,1,Left Ankle,5342625,1779735317498,0.48,10.98,-2.3,13.3125,-17.75,-7.25,-0.6485596,-0.6972656,-0.2286377,-0.20220947
4a,1,Left Ankle,5342646,1779735317499,0.45,10.91,-2.36,13.25,-16.8125,-9.5,-0.6482544,-0.6981201,-0.22851562,-0.20043945
4a,2,Right Ankle,2384691,1779735317511,-9.387694,-0.43515855,0.3086741,-8.543362,-13.913759,4.687619,-1.6214625,73.62351,230.06744,0.0
4a,3,Left Wrist,5142686,1779735317511,13.093728,-10.028023,-3.8165522,37.005775,2.9196997,88.799225,-98.52217,-50.432564,353.46472,0.0
4a,1,Left Ankle,5342660,1779735317529,0.77,10.45,-1.72,13.0,-21.0,-15.375,-0.6479492,-0.699646,-0.22845459,-0.19604492
4a,4,Right Wrist,31345612,1779735317530,3.356432,-1.3951159,-5.051249,-28.554958,-8.538889,6.523728,-151.71709,-28.801495,195.29584,0.0
4a,1,Left Ankle,5342686,1779735317557,0.28,9.85,-1.17,11.8125,-22.25,-17.4375,-0.64819336,-0.7017212,-0.22821045,-0.18792725
4a,1,Left Ankle,5342702,1779735317557,-0.63,8.52,-0.48,12.125,-24.9375,-18.0,-0.6482544,-0.7024536,-0.22808838,-0.1852417
4a,2,Right Ankle,2384751,1779735317563,-9.224983,0.100833714,0.63888365,-8.193362,-12.583759,5.527619,-1.605276,73.67596,230.08635,0.0
4a,3,Left Wrist,5142746,1779735317570,11.803995,-10.396518,-3.4576287,73.33577,-12.970301,95.30922,-98.5777,-50.37676,353.52695,0.0
4a,1,Left Ankle,5342725,1779735317594,-1.34,7.63,0.21,7.5,-28.1875,-10.1875,-0.6491089,-0.70458984,-0.22595215,-0.1765747
4a,4,Right Wrist,31345671,1779735317594,3.217648,-1.4166514,-4.6492543,-21.97496,-13.578888,-6.2162714,-151.80267,-28.834639,195.33704,0.0
4a,1,Left Ankle,5342747,1779735317626,-3.37,7.63,0.77,7.625,-17.0625,-3.5625,-0.64868164,-0.7056885,-0.22515869,-0.17474365
4a,1,Left Ankle,5342765,1779735317626,-1.76,7.86,1.5,3.5,4.4375,6.4375,-0.6478882,-0.7062378,-0.22515869,-0.17553711
4a,2,Right Ankle,2384811,1779735317626,-9.148412,-0.023593057,0.72502524,-10.013362,-10.55376,3.147619,-1.6050078,73.728905,230.0903,0.0
4a,3,Left Wrist,5142806,1779735317636,10.538192,-10.396518,-2.9192436,71.65577,-24.0303,89.98923,-98.62188,-50.296906,353.58255,0.0
4a,1,Left Ankle,5342793,1779735317646,-1.55,8.17,1.0,-0.6875,10.0,14.6875,-0.6470947,-0.70648193,-0.22454834,-0.17803955
4a,1,Left Ankle,5342809,1779735317678,-1.11,9.13,0.33,-2.9375,15.0,16.375,-0.6465454,-0.70654297,-0.22369385,-0.18096924
4a,2,Right Ankle,2384871,1779735317683,-9.421194,-0.11930596,0.84466636,-4.273362,-6.4237595,-0.352381,-1.6172864,73.783035,230.0799,0.0
4a,3,Left Wrist,5142866,1779735317697,9.248461,-10.748262,-2.6153553,58.425777,-23.8903,88.86922,-98.64532,-50.198322,353.61853,0.0
4a,1,Left Ankle,5342837,1779735317706,-1.08,10.17,-0.54,-2.5,27.4375,22.875,-0.6444702,-0.7060547,-0.22393799,-0.18963623
4a,1,Left Ankle,5342852,1779735317707,0.5,9.88,-2.07,-2.3125,31.6875,23.5625,-0.6436157,-0.7058716,-0.22418213,-0.1928711
4a,4,Right Wrist,31345762,1779735317710,2.5572293,-2.2469606,-5.142176,-22.95496,-9.168888,-15.5962715,-151.86731,-28.786957,195.36984,0.0
4a,1,Left Ankle,5342875,1779735317737,0.78,10.09,-2.97,-3.0,9.75,23.625,-0.64178467,-0.7059326,-0.22283936,-0.20025635
4a,2,Right Ankle,2384931,1779735317743,-9.495371,-0.36337388,0.9475578,-6.933362,-1.6637598,-1.332381,-1.6601284,73.83817,230.04097,0.0
4a,3,Left Wrist,5142926,1779735317748,8.901502,-11.123936,-2.5028925,54.785778,-8.0003,96.00922,-98.65271,-50.09373,353.63745,0.0
4a,1,Left Ankle,5342897,1779735317769,0.67,9.67,-3.14,-4.3125,0.3125,22.6875,-0.6416626,-0.7064209,-0.21960449,-0.20239258
4a,1,Left Ankle,5342912,1779735317769,0.58,10.22,-2.24,-4.125,-13.75,21.375,-0.64178467,-0.7067871,-0.21765137,-0.2029419
4a,4,Right Wrist,31345925,1779735317776,3.258326,-0.46909344,-4.610969,17.50504,-1.748888,-8.876272,-152.0352,-28.82361,195.45538,0.0
4a,1,Left Ankle,5342935,1779735317797,0.12,10.25,-0.3,-6.375,-15.375,17.1875,-0.64276123,-0.7078247,-0.21124268,-0.20306396
4a,2,Right Ankle,2384991,1779735317803,-9.090984,-0.2293758,0.7848458,-6.233362,-0.053759813,-0.28238106,-1.6862828,73.894325,230.01788,0.0
4a,3,Left Wrist,5142986,1779735317808,9.358531,-13.045373,-1.1365907,-30.754223,19.3697,97.89922,-98.62593,-49.988815,353.6011,0.0
4a,1,Left Ankle,5342955,1779735317836,-0.56,10.11,0.24,-7.1875,-0.4375,14.3125,-0.64367676,-0.7081909,-0.20709229,-0.20306396
4a,4,Right Wrist,31345944,1779735317836,3.1171498,-0.6461621,-4.706682,28.215038,1.0511112,-13.426271,-152.1089,-28.851395,195.49916,0.0
4a,1,Left Ankle,5342981,1779735317857,0.01,9.74,-0.65,-6.375,15.4375,13.5625,-0.6436157,-0.70751953,-0.20654297,-0.20611572
4a,1,Left Ankle,5342995,1779735317857,0.6,10.02,-1.41,-6.3125,14.8125,9.375,-0.6434326,-0.70666504,-0.20684814,-0.20947266
4a,2,Right Ankle,2385051,1779735317863,-9.234554,-0.28441072,0.8350951,-8.753363,0.2962402,-0.352381,-1.7198273,73.95043,229.98856,0.0
4a,3,Left Wrist,5143045,1779735317869,9.731812,-11.1359,-1.5816557,-97.534225,23.6397,100.62923,-98.6387,-49.8798,353.57617,0.0
4a,1,Left Ankle,5343021,1779735317897,0.57,10.2,-1.23,-7.3125,7.6875,7.5625,-0.6437988,-0.70599365,-0.20611572,-0.21118164
4a,4,Right Wrist,31346001,1779735317897,3.516751,-1.6655046,-4.816752,25.765041,14.841112,-27.636272,-152.16956,-28.908745,195.53815,0.0
4a,1,Left Ankle,5343044,1779735317920,0.76,10.1,-0.89,-5.75,3.625,1.9375,-0.6442871,-0.70526123,-0.20593262,-0.21234131
4a,1,Left Ankle,5343059,1779735317921,0.61,10.09,-0.66,-4.6875,2.9375,-0.5625,-0.6448364,-0.7047119,-0.20587158,-0.21264648
4a,2,Right Ankle,2385111,1779735317924,-8.945023,-0.6816193,0.9284152,-3.7833622,4.42624,-2.1023812,-1.805416,74.00558,229.90732,0.0
4a,3,Left Wrist,5143106,1779735317928,9.710276,-10.370197,-1.8185452,-50.704224,2.3596992,95.44922,-98.66482,-49.77316,353.57883,0.0
4a,1,Left Ankle,5343078,1779735317952,0.27,9.54,-0.78,-3.8125,3.75,-4.0625,-0.6452637,-0.7040405,-0.20648193,-0.21289062
4a,1,Left Ankle,5343097,1779735317952,0.37,9.62,-0.73,-2.9375,4.625,-5.75,-0.6456909,-0.70336914,-0.20751953,-0.21289062
4a,4,Right Wrist,31346062,1779735317952,4.260919,-1.9263223,-4.644469,-5.94496,24.43111,-36.176273,-152.20213,-28.987541,195.55919,0.0
4a,1,Left Ankle,5343118,1779735317977,0.0,9.68,-0.89,-2.6875,4.0,-5.4375,-0.64630127,-0.70288086,-0.2078247,-0.21228027
4a,2,Right Ankle,2385171,1779735317983,-9.062271,-0.24851838,0.7657032,-9.6633625,3.9362402,-0.07238102,-1.8351794,74.06307,229.88193,0.0
4a,3,Left Wrist,5143166,1779735317995,9.231711,-10.899011,-1.672583,-16.614223,-25.2203,82.28922,-98.67631,-49.66784,353.586,0.0
4a,1,Left Ankle,5343143,1779735318006,0.09,9.57,-0.94,-2.9375,4.0,-5.75,-0.6467285,-0.7022705,-0.20880127,-0.2121582
4a,1,Left Ankle,5343158,1779735318008,0.28,9.87,-0.95,-2.0625,2.9375,-6.0,-0.6468506,-0.701416,-0.21051025,-0.21270752
4a,4,Right Wrist,31346122,1779735318009,4.5767713,-2.4192438,-4.476971,-52.35496,20.02111,-61.86627,-152.22675,-29.067308,195.57614,0.0
4a,1,Left Ankle,5343183,1779735318038,0.59,10.15,-1.16,-1.75,-2.3125,-7.0,-0.6472168,-0.7011719,-0.2111206,-0.21191406
4a,2,Right Ankle,2385231,1779735318045,-9.208233,-0.5069432,0.7393822,-9.033362,3.5862403,2.027619,-1.8901455,74.11963,229.83226,0.0
4a,3,Left Wrist,5143226,1779735318049,9.124034,-11.791533,-2.251646,-1.2142235,-43.000298,75.98922,-98.70527,-49.56506,353.61475,0.0
4a,1,Left Ankle,5343198,1779735318067,0.05,10.42,-0.64,-2.0,-4.125,-9.5,-0.64801025,-0.7007446,-0.21166992,-0.21038818
4a,4,Right Wrist,31346182,1779735318076,3.7679977,-0.0072784666,-3.184847,-181.43497,10.641111,-88.32628,-152.35114,-29.138075,195.6282,0.0
4a,1,Left Ankle,5343227,1779735318100,0.67,10.39,-0.87,-0.75,-0.125,-16.5,-0.64904785,-0.69976807,-0.2142334,-0.20770264
4a,2,Right Ankle,2385291,1779735318112,-9.224983,-0.2389471,0.5742774,-6.023362,2.2562404,4.827619,-1.9095532,74.176865,229.81609,0.0
4a,3,Left Wrist,5143286,1779735318112,8.293725,-11.049759,-2.6201408,7.7457767,-56.1603,76.12922,-98.75136,-49.465206,353.6618,0.0
4a,1,Left Ankle,5343247,1779735318127,0.83,10.56,-1.73,-0.3125,-3.6875,-21.0625,-0.6499634,-0.6991577,-0.2163086,-0.20489502
4a,1,Left Ankle,5343264,1779735318129,-0.04,10.52,-0.79,4.375,-8.0625,-26.1875,-0.65057373,-0.6987915,-0.21862793,-0.20153809
4a,4,Right Wrist,31346242,1779735318130,1.0138587,2.2826526,-1.134198,-263.26495,16.731112,-104.42628,-152.5115,-29.176317,195.68741,0.0
4a,1,Left Ankle,5343289,1779735318158,1.53,11.87,-1.49,8.0625,-19.4375,-36.375,-0.6515503,-0.6989136,-0.22106934,-0.19537354
4a,1,Left Ankle,5343308,1779735318159,1.25,13.31,-2.3,10.125,-20.0625,-51.3125,-0.6524658,-0.69873047,-0.22521973,-0.18804932
4a,2,Right Ankle,2385351,1779735318163,-9.076628,-0.672048,0.52642095,-5.6733623,-4.3937597,13.437618,-1.9626356,74.23035,229.76817,0.0
4a,3,Left Wrist,5143346,1779735318168,7.7170544,-9.767205,-2.2420747,29.305777,-60.780304,59.539223,-98.792465,-49.371033,353.71237,0.0
4a,1,Left Ankle,5343326,1779735318187,3.2,16.15,-1.77,13.1875,-13.875,-67.375,-0.6536255,-0.6980591,-0.23150635,-0.17858887
4a,1,Left Ankle,5343348,1779735318217,2.47,14.25,-3.38,14.4375,-36.25,-81.625,-0.6552124,-0.69781494,-0.23742676,-0.16540527
4a,1,Left Ankle,5343366,1779735318218,-0.28,6.12,-2.81,11.5,-45.0,-81.375,-0.6576538,-0.6967163,-0.24310303,-0.15130615
4a,4,Right Wrist,31346302,1779735318219,-0.84297174,-0.5217355,0.4881358,-251.15497,49.56111,-112.54627,-152.59544,-29.194479,195.70905,0.0
4a,2,Right Ankle,2385411,1779735318223,-9.521692,0.043405976,0.7585248,-16.453362,-12.163759,14.767618,-1.9417859,74.28279,229.79523,0.0
4a,3,Left Wrist,5143406,1779735318228,6.9465656,-9.9179535,-1.5768701,30.005777,-52.9403,43.36922,-98.80214,-49.27764,353.73804,0.0
4a,1,Left Ankle,5343386,1779735318248,-0.46,1.77,-3.41,9.875,-77.875,-39.0625,-0.6604614,-0.6976929,-0.24151611,-0.13665771
4a,1,Left Ankle,5343408,1779735318278,3.26,-1.73,-2.91,-3.4375,-72.8125,8.6875,-0.6635132,-0.6987915,-0.23443604,-0.12823486
4a,1,Left Ankle,5343426,1779735318279,11.89,-2.25,-1.56,16.625,-83.25,57.0625,-0.6646118,-0.7032471,-0.22058105,-0.122802734
4a,2,Right Ankle,2385471,1779735318284,-8.856488,0.7708241,0.34695926,-13.583363,-8.52376,6.157619,-1.861749,74.33524,229.87746,0.0
4a,3,Left Wrist,5143466,1779735318288,5.7046905,-9.259927,-0.9427721,23.425777,-36.700302,33.98922,-98.7901,-49.19056,353.74222,0.0
4a,1,Left Ankle,5343446,1779735318314,4.67,2.22,-1.93,31.0625,-29.0625,148.75,-0.6602173,-0.7116089,-0.20123291,-0.13140869
4a,1,Left Ankle,5343466,1779735318337,2.57,9.95,-1.33,45.25,-16.625,144.0,-0.6520996,-0.7217407,-0.1817627,-0.14422607
4a,1,Left Ankle,5343486,1779735318338,-3.68,15.38,-0.68,48.8125,28.375,175.625,-0.64160156,-0.73114014,-0.16491699,-0.16290283
4a,2,Right Ankle,2385531,1779735318343,-9.490586,-0.67922646,1.4021941,-3.433362,-1.1737598,17.357618,-1.9435039,74.386795,229.8015,0.0
4a,3,Left Wrist,5143526,1779735318348,4.28814,-9.018251,-2.457429,23.985777,-14.860301,22.019222,-98.81402,-49.109184,353.7692,0.0
4a,1,Left Ankle,5343506,1779735318370,-28.58,10.94,9.32,-4.25,-18.4375,159.125,-0.6356201,-0.7373047,-0.14263916,-0.17895508
4a,1,Left Ankle,5343526,1779735318396,-35.49,29.78,13.75,-42.3125,-68.8125,139.375,-0.63757324,-0.73876953,-0.11663818,-0.18469238
4a,2,Right Ankle,2385591,1779735318407,-8.916308,0.19893946,0.9523434,5.386638,1.2762402,30.377619,-1.8712399,74.44352,229.87212,0.0
4a,3,Left Wrist,5143585,1779735318407,4.326425,-10.884653,-2.7565317,4.1057763,14.9597,36.789223,-98.825676,-49.022984,353.77444,0.0
4a,1,Left Ankle,5343550,1779735318425,39.04,11.42,-9.57,13.4375,-243.0,-131.875,-0.6385498,-0.7451172,-0.10430908,-0.16168213
4a,4,Right Wrist,31346465,1779735318428,-1.0942181,-2.038785,1.8759729,64.96504,14.071112,26.053728,-152.56209,-29.214058,195.68205,0.0
4a,1,Left Ankle,5343573,1779735318456,5.02,6.81,-8.01,-33.6875,100.625,17.875,-0.6425171,-0.7414551,-0.11682129,-0.15441895
4a,1,Left Ankle,5343586,1779735318457,-6.79,9.65,-3.96,-17.9375,133.5,34.5625,-0.63897705,-0.7348633,-0.12872314,-0.18725586
4a,2,Right Ankle,2385651,1779735318463,-10.313717,0.4166863,1.3663017,5.8066382,7.3662405,31.217619,-1.7655956,74.50123,229.97484,0.0
4a,3,Left Wrist,5143646,1779735318467,4.699705,-12.167207,-4.1754756,-34.464222,33.859703,72.83922,-98.85735,-48.928963,353.77902,0.0
4a,1,Left Ankle,5343608,1779735318487,8.61,4.4,-0.03,-36.0625,-50.3125,-90.3125,-0.6470947,-0.72991943,-0.1350708,-0.17401123
4a,1,Left Ankle,5343633,1779735318488,-2.55,11.94,0.72,-28.5,-14.9375,5.5625,-0.65301514,-0.7260132,-0.13116455,-0.17089844
4a,4,Right Wrist,31346587,1779735318490,-2.6375885,0.598105,3.629912,26.74504,-21.978888,-14.266272,-152.50284,-29.199482,195.66637,0.0
4a,1,Left Ankle,5343648,1779735318516,-5.28,13.34,-0.49,-17.625,6.125,2.3125,-0.65405273,-0.7249756,-0.13110352,-0.17163086
4a,2,Right Ankle,2385711,1779735318529,-9.095771,1.2781024,0.019142581,7.416638,13.52624,3.077619,-1.6533897,74.560135,230.0807,0.0
4a,3,Left Wrist,5143706,1779735318529,8.2171545,-13.823039,-1.3351951,-57.354225,23.009699,68.35922,-98.846344,-48.833694,353.74802,0.0
4a,1,Left Ankle,5343673,1779735318552,3.23,7.94,-0.35,-8.1875,22.375,-40.75,-0.65649414,-0.7215576,-0.13964844,-0.17004395
4a,1,Left Ankle,5343693,1779735318553,1.37,9.93,-0.62,-3.0625,9.875,-1.3125,-0.6565552,-0.7211914,-0.14019775,-0.17059326
4a,4,Right Wrist,31346662,1779735318553,-2.8553357,0.99531454,1.7443677,-39.61496,-15.958889,-39.53627,-152.52557,-29.190681,195.68364,0.0
4a,1,Left Ankle,5343708,1779735318577,1.0,9.81,-0.78,-5.75,-31.0,-12.5625,-0.65808105,-0.72106934,-0.1383667,-0.16674805
4a,2,Right Ankle,2385771,1779735318583,-9.016808,0.6870753,0.9738788,8.676638,18.14624,-7.632381,-1.5633813,74.61987,230.16385,0.0
4a,3,Left Wrist,5143766,1779735318595,8.186048,-11.456538,-0.7322037,-32.504223,-1.0703006,53.65922,-98.82133,-48.746693,353.719,0.0
4a,1,Left Ankle,5343729,1779735318607,-0.36,10.24,-0.62,-1.5625,-26.5,-9.75,-0.65948486,-0.7213135,-0.1362915,-0.16186523
4a,1,Left Ankle,5343750,1779735318607,-0.1,9.21,-0.77,1.125,-7.625,-12.5625,-0.65997314,-0.72143555,-0.13635254,-0.15924072
4a,4,Right Wrist,31346722,1779735318609,-2.5011978,0.7488532,1.3184452,-34.92496,12.111112,-85.94627,-152.55208,-29.196348,195.71217,0.0
4a,1,Left Ankle,5343776,1779735318637,0.45,9.3,-1.23,1.5625,-4.3125,-9.0625,-0.6602783,-0.7214966,-0.13726807,-0.15673828
4a,2,Right Ankle,2385832,1779735318643,-9.294374,0.5004351,0.2512464,-9.873362,16.81624,-7.002381,-1.5279176,74.68204,230.20065,0.0
4a,3,Left Wrist,5143826,1779735318648,7.279168,-8.094623,-1.6151553,-6.3242235,6.4896994,23.419222,-98.84662,-48.6684,353.73404,0.0
4a,1,Left Ankle,5343795,1779735318671,0.35,9.68,-1.13,-1.5,-9.25,-4.875,-0.66070557,-0.7215576,-0.13696289,-0.15515137
4a,1,Left Ankle,5343814,1779735318671,0.12,9.53,-0.99,-2.125,-9.375,-3.5,-0.6612549,-0.7214966,-0.13635254,-0.15362549
4a,4,Right Wrist,31346782,1779735318671,-2.685445,-1.1342981,1.1006985,-35.76496,39.62111,-96.166275,-152.56265,-29.205725,195.73169,0.0
4a,1,Left Ankle,5343840,1779735318700,0.01,9.91,-0.95,-2.3125,-4.5,-0.0625,-0.6616211,-0.72143555,-0.13586426,-0.152771
4a,2,Right Ankle,2385891,1779735318704,-9.229768,0.6751112,-0.0023928226,-6.233362,12.126241,-9.942381,-1.484386,74.7426,230.24384,0.0
4a,3,Left Wrist,5143886,1779735318709,7.3007035,-9.171393,-1.2753744,-16.054224,37.9897,-12.770779,-98.83009,-48.59951,353.70923,0.0
4a,1,Left Ankle,5343857,1779735318726,0.28,10.14,-0.99,-2.3125,-2.625,-0.25,-0.6619873,-0.7211914,-0.13568115,-0.15258789
4a,1,Left Ankle,5343875,1779735318728,0.18,9.79,-0.88,-2.625,1.4375,0.0625,-0.6623535,-0.7208252,-0.13574219,-0.15270996
4a,4,Right Wrist,31346842,1779735318730,-2.7715867,-2.2828531,1.6390836,8.75504,44.80111,-69.14628,-152.5455,-29.215366,195.73723,0.0
4a,1,Left Ankle,5343897,1779735318757,0.16,9.58,-0.57,-2.25,1.5,-1.0625,-0.66259766,-0.720459,-0.13598633,-0.1529541
4a,2,Right Ankle,2385951,1779735318765,-9.167555,0.1630471,-0.33978084,0.836638,6.9462404,-13.372381,-1.4891562,74.80242,230.23766,0.0
4a,3,Left Wrist,5143946,1779735318767,8.600006,-13.705791,-2.065006,-40.134224,60.5297,-9.620777,-98.819496,-48.530586,353.6773,0.0
4a,1,Left Ankle,5343914,1779735318789,0.12,9.66,-0.79,-1.0625,2.9375,1.0,-0.6626587,-0.72021484,-0.13635254,-0.15350342
4a,4,Right Wrist,31346902,1779735318790,-2.388735,-2.6800616,2.0578275,15.89504,29.961111,-25.466272,-152.51703,-29.217134,195.72871,0.0
4a,1,Left Ankle,5343944,1779735318818,0.07,9.87,-1.0,-0.9375,4.3125,0.6875,-0.66259766,-0.7200928,-0.13690186,-0.15393066
4a,1,Left Ankle,5343954,1779735318821,0.26,9.68,-0.8,-1.6875,3.9375,1.0625,-0.66259766,-0.71990967,-0.1373291,-0.15454102
4a,2,Right Ankle,2386011,1779735318824,-9.124484,0.0075136456,-0.11485548,-3.923362,3.65624,-8.682381,-1.5014411,74.860886,230.22632,0.0
4a,3,Left Wrist,5144006,1779735318830,9.011572,-13.617257,-3.1058836,-20.394224,36.1697,45.399223,-98.83388,-48.44404,353.67285,0.0
4a,1,Left Ankle,5343978,1779735318855,0.12,9.6,-0.86,-2.125,2.0,1.75,-0.6627197,-0.7196655,-0.13745117,-0.15496826
4a,1,Left Ankle,5343997,1779735318855,0.25,9.62,-0.87,-2.0625,2.1875,2.5625,-0.66278076,-0.7194824,-0.13745117,-0.15539551
4a,4,Right Wrist,31346961,1779735318855,-3.0730824,-2.6369905,1.6486548,-9.234961,12.671112,9.183728,-152.4948,-29.203184,195.71202,0.0
4a,1,Left Ankle,5344017,1779735318876,0.25,9.76,-0.78,-1.4375,2.75,3.6875,-0.66278076,-0.71936035,-0.13745117,-0.15612793
4a,2,Right Ankle,2386071,1779735318890,-9.20584,-0.092984915,-0.040677983,-11.483362,1.3462402,-2.3123813,-1.5169466,74.918434,230.21498,0.0
4a,3,Left Wrist,5144066,1779735318890,8.51865,-10.894224,-3.0221348,30.215776,-1.9103007,56.45922,-98.86604,-48.36132,353.70325,0.0
4a,1,Left Ankle,5344038,1779735318906,0.44,9.58,-0.77,-1.25,1.375,3.3125,-0.66278076,-0.7192383,-0.13726807,-0.15673828
4a,1,Left Ankle,5344057,1779735318908,0.17,9.72,-0.76,-0.625,0.625,5.125,-0.6630249,-0.71954346,-0.13537598,-0.15588379
4a,4,Right Wrist,31347022,1779735318909,-3.671288,-1.3424737,2.443072,-22.464958,13.931111,15.693728,-152.48448,-29.191887,195.69696,0.0
4a,1,Left Ankle,5344082,1779735318947,0.23,9.78,-0.8,-0.4375,1.75,5.6875,-0.66290283,-0.7196045,-0.13494873,-0.15655518
4a,2,Right Ankle,2386131,1779735318947,-9.244125,-0.11212749,-0.16749758,-8.053362,-0.89375985,1.677619,-1.527594,74.975395,230.2076,0.0
4a,3,Left Wrist,5144125,1779735318959,8.810575,-10.633408,-2.7062824,6.2057767,-14.230301,52.539223,-98.90921,-48.27856,353.7385,0.0
4a,1,Left Ankle,5344097,1779735318971,0.41,9.55,-0.83,0.0625,3.75,5.5,-0.66259766,-0.71972656,-0.13464355,-0.15753174
4a,1,Left Ankle,5344120,1779735318997,0.37,9.68,-0.86,0.5,4.0625,5.4375,-0.6623535,-0.7197876,-0.13446045,-0.1585083
4a,1,Left Ankle,5344137,1779735318998,0.37,9.59,-0.79,0.375,3.0,4.5,-0.6621094,-0.71984863,-0.13427734,-0.1593628
4a,4,Right Wrist,31347082,1779735318999,-3.9775698,-1.2635107,2.2061825,15.33504,6.5111117,15.413728,-152.46277,-29.176437,195.6839,0.0
4a,2,Right Ankle,2386191,1779735319004,-9.208233,0.14629734,-0.18424734,-7.563362,-1.1737598,-0.842381,-1.5190767,75.03228,230.21828,0.0
4a,3,Left Wrist,5144186,1779735319008,9.01875,-10.099808,-2.7589245,-7.8642235,-18.2903,43.99922,-98.970894,-48.20718,353.78506,0.0
4a,1,Left Ankle,5344158,1779735319032,0.24,9.72,-0.82,0.25,3.875,5.3125,-0.6619873,-0.72003174,-0.13354492,-0.159729
4a,1,Left Ankle,5344184,1779735319057,0.45,9.88,-0.93,0.25,4.8125,5.3125,-0.6616821,-0.7200928,-0.13348389,-0.16070557
4a,1,Left Ankle,5344202,1779735319058,0.45,9.7,-0.7,0.5625,5.625,5.0,-0.66137695,-0.7200928,-0.13348389,-0.16192627
4a,2,Right Ankle,2386251,1779735319063,-9.203447,0.052977264,-0.22492532,-7.283362,-3.0637598,0.34761906,-1.5170276,75.08852,230.22272,0.0
4a,3,Left Wrist,5144246,1779735319068,8.932609,-11.107185,-3.2997024,21.605776,-15.0003,38.11922,-99.018326,-48.134476,353.8281,0.0
4a,1,Left Ankle,5344218,1779735319086,0.49,9.74,-0.71,1.6875,4.1875,4.9375,-0.66082764,-0.7201538,-0.13409424,-0.16357422
4a,4,Right Wrist,31347142,1779735319098,-4.025426,-1.3735803,1.995614,13.305039,2.171112,20.453728,-152.44093,-29.157536,195.66968,0.0
4a,1,Left Ankle,5344244,1779735319116,0.42,9.65,-0.76,2.3125,4.3125,5.125,-0.6600342,-0.72052,-0.1340332,-0.16503906
4a,1,Left Ankle,5344258,1779735319117,0.57,9.63,-0.87,3.25,3.875,4.9375,-0.6600342,-0.72106934,-0.13238525,-0.1640625
4a,2,Right Ankle,2386311,1779735319129,-9.244125,-0.2509112,-0.0741775,-8.473362,-3.9037595,2.657619,-1.5393286,75.144104,230.20428,0.0
4a,3,Left Wrist,5144306,1779735319129,8.544971,-11.504394,-3.3954153,6.2757764,-9.1203,44.559223,-99.06314,-48.055744,353.86353,0.0
4a,1,Left Ankle,5344281,1779735319147,0.5,9.71,-0.85,3.5,2.9375,5.5,-0.6593628,-0.7214966,-0.13220215,-0.16491699
4a,4,Right Wrist,31347232,1779735319149,-4.094818,-1.2898318,1.3591233,-1.81496,5.601112,14.293728,-152.42625,-29.13702,195.65758,0.0
4a,1,Left Ankle,5344303,1779735319177,0.32,9.81,-0.84,3.0625,1.4375,6.1875,-0.65875244,-0.7219238,-0.13183594,-0.16564941
4a,1,Left Ankle,5344319,1779735319178,0.47,9.84,-0.96,3.0,2.8125,6.8125,-0.6581421,-0.72247314,-0.13134766,-0.16638184
4a,2,Right Ankle,2386371,1779735319183,-9.220197,0.20133227,-0.08374879,-8.963362,-3.9737597,1.187619,-1.5225979,75.199875,230.22359,0.0
4a,3,Left Wrist,5144366,1779735319188,8.501901,-10.698013,-3.144169,-2.6842237,-5.2003007,44.20922,-99.11325,-47.980408,353.89966,0.0
4a,1,Left Ankle,5344343,1779735319207,0.58,9.76,-0.91,2.125,4.5625,6.375,-0.6572876,-0.7229004,-0.13104248,-0.16796875
4a,1,Left Ankle,5344359,1779735319208,0.72,9.65,-0.82,1.3125,4.5,5.6875,-0.65704346,-0.7229614,-0.13104248,-0.16864014
4a,4,Right Wrist,31347322,1779735319209,-4.1163535,-1.4597218,1.5816557,-9.37496,6.371112,16.393728,-152.41267,-29.11752,195.64403,0.0
4a,1,Left Ankle,5344384,1779735319238,0.65,9.54,-0.81,1.3125,3.3125,4.8125,-0.6564331,-0.7232666,-0.13079834,-0.16992188
4a,2,Right Ankle,2386431,1779735319243,-9.289589,-0.002057645,-0.078963146,-6.443362,-4.5337596,-1.4723811,-1.5270172,75.255424,230.2214,0.0
4a,3,Left Wrist,5144426,1779735319248,8.382259,-10.6142645,-2.8905299,-0.44422364,-4.1503005,40.63922,-99.15656,-47.9028,353.93115,0.0
4a,1,Left Ankle,5344399,1779735319267,0.67,9.6,-0.95,1.75,1.9375,4.8125,-0.65625,-0.7233887,-0.13061523,-0.17028809
4a,1,Left Ankle,5344424,1779735319307,0.59,9.58,-0.89,2.0,1.5,5.1875,-0.6555786,-0.723938,-0.12988281,-0.17126465
4a,4,Right Wrist,31347381,1779735319307,-3.793322,-1.3041887,1.6223338,7.3550396,6.371112,18.913727,-152.39291,-29.098639,195.62965,0.0
4a,2,Right Ankle,2386491,1779735319307,-9.23934,-0.15041265,0.023928225,-4.623362,-3.8337598,-0.42238092,-1.5435227,75.310936,230.20692,0.0
4a,3,Left Wrist,5144486,1779735319310,8.48515,-10.741084,-3.2303107,-6.8142233,-3.3803008,40.49922,-99.20856,-47.82959,353.96722,0.0
4a,1,Left Ankle,5344447,1779735319333,0.61,9.75,-0.93,1.875,0.9375,6.8125,-0.6553345,-0.72406006,-0.12963867,-0.17163086
4a,1,Left Ankle,5344465,1779735319334,0.72,9.71,-1.05,1.5625,2.6875,6.875,-0.65460205,-0.7246094,-0.12884521,-0.17285156
4a,1,Left Ankle,5344485,1779735319366,0.68,9.58,-1.0,1.625,4.0625,6.75,-0.6542969,-0.72473145,-0.12872314,-0.17340088
4a,1,Left Ankle,5344501,1779735319366,0.9,9.55,-0.89,2.0625,3.75,5.5,-0.65374756,-0.7250366,-0.12860107,-0.17443848
4a,2,Right Ankle,2386551,1779735319366,-9.29916,-0.1551983,-0.026321048,-5.393362,-2.92376,-0.21238112,-1.5603386,75.36685,230.19247,0.0
4a,3,Left Wrist,5144546,1779735319368,8.6167555,-10.815262,-3.117848,2.2157764,-2.0503006,43.579224,-99.25436,-47.754017,354.00058,0.0
4a,1,Left Ankle,5344528,1779735319386,0.66,9.69,-0.78,1.9375,1.4375,5.8125,-0.6530762,-0.72546387,-0.12780762,-0.17559814
4a,4,Right Wrist,31347442,1779735319390,-3.6976097,-1.2300112,1.7563318,23.035042,6.721112,14.223728,-152.36859,-29.081709,195.61694,0.0
4a,1,Left Ankle,5344546,1779735319417,0.8,9.72,-0.95,1.9375,-0.0625,5.9375,-0.6526489,-0.7258301,-0.12713623,-0.17614746
4a,1,Left Ankle,5344565,1779735319418,0.58,9.56,-0.93,2.0,0.75,6.5,-0.65216064,-0.7262573,-0.12640381,-0.17675781
4a,2,Right Ankle,2386611,1779735319423,-9.270446,-0.08341362,-0.031106694,-6.723362,-1.2437598,-3.2923808,-1.5750948,75.42335,230.18016,0.0
4a,3,Left Wrist,5144606,1779735319429,8.8823595,-11.056936,-3.2231321,1.0957764,-3.3803008,47.289223,-99.302055,-47.6781,354.03513,0.0
4a,1,Left Ankle,5344586,1779735319457,0.76,9.64,-0.95,2.1875,1.625,6.75,-0.6516113,-0.72662354,-0.12591553,-0.1776123
4a,4,Right Wrist,31347532,1779735319457,-3.5444684,-1.0888345,1.8759729,0.91504,6.6511116,9.883728,-152.35313,-29.06667,195.60597,0.0
4a,1,Left Ankle,5344601,1779735319477,0.83,9.73,-1.0,1.9375,1.3125,6.8125,-0.6513672,-0.72680664,-0.12561035,-0.17803955
4a,1,Left Ankle,5344623,1779735319478,0.77,9.72,-0.95,1.6875,2.375,6.8125,-0.65093994,-0.72717285,-0.124816895,-0.17871094
4a,2,Right Ankle,2386671,1779735319483,-9.227375,-0.12648442,0.014356935,-6.8633623,-0.26375985,-5.322381,-1.5970751,75.4801,230.16075,0.0
4a,3,Left Wrist,5144666,1779735319489,8.935001,-10.6142645,-3.3236306,2.4257765,-5.1303005,47.49922,-99.35775,-47.608707,354.0763,0.0
4a,1,Left Ankle,5344645,1779735319516,0.96,9.53,-0.98,0.8125,1.5,5.8125,-0.6503906,-0.727478,-0.12414551,-0.17993164
4a,1,Left Ankle,5344661,1779735319539,0.94,9.49,-0.87,0.9375,0.25,5.5,-0.65063477,-0.7279053,-0.12213135,-0.1786499
4a,1,Left Ankle,5344686,1779735319539,0.72,9.64,-1.07,1.0,-0.6875,6.125,-0.6502075,-0.7283325,-0.12097168,-0.17932129
4a,4,Right Wrist,31347622,1779735319539,-3.4487557,-1.0888345,1.2873386,-4.19496,7.3511114,10.933728,-152.33952,-29.048197,195.59467,0.0
4a,2,Right Ankle,2386731,1779735319542,-9.215411,-0.3873021,-0.009571291,-7.773362,-0.61375976,-5.182381,-1.6447111,75.5363,230.1168,0.0
4a,3,Left Wrist,5144726,1779735319548,9.121641,-10.554444,-3.4073796,3.6857762,-6.4603004,43.089222,-99.417366,-47.54457,354.12112,0.0
4a,1,Left Ankle,5344706,1779735319574,1.01,9.59,-1.0,0.875,0.625,5.3125,-0.64990234,-0.7286377,-0.12005615,-0.17962646
4a,1,Left Ankle,5344727,1779735319596,0.82,9.64,-1.1,0.875,1.0625,5.875,-0.64959717,-0.72888184,-0.119628906,-0.18023682
4a,4,Right Wrist,31347682,1779735319599,-3.345864,-1.1701906,1.4213367,0.2150402,7.4211116,11.633728,-152.32332,-29.030699,195.58263,0.0
4a,2,Right Ankle,2386791,1779735319603,-9.169948,-0.33944565,-0.16749758,-7.563362,-0.61375976,-2.242381,-1.6825091,75.592735,230.0825,0.0
4a,3,Left Wrist,5144786,1779735319612,9.14557,-10.698013,-3.4719856,3.7557764,-9.680301,44.90922,-99.4774,-47.47894,354.16687,0.0
4a,1,Left Ankle,5344748,1779735319627,0.89,9.62,-1.02,0.375,0.6875,5.3125,-0.649353,-0.7290039,-0.119140625,-0.1807251
4a,1,Left Ankle,5344765,1779735319628,1.12,9.57,-0.87,0.25,0.625,3.8125,-0.64959717,-0.7293091,-0.117248535,-0.17999268
4a,1,Left Ankle,5344786,1779735319658,0.97,9.55,-0.93,1.0,1.3125,3.0625,-0.649353,-0.72943115,-0.117004395,-0.18048096
4a,1,Left Ankle,5344808,1779735319658,1.0,9.65,-1.07,1.0625,1.9375,2.375,-0.6491699,-0.7295532,-0.11682129,-0.1807251
4a,4,Right Wrist,31347772,1779735319660,-3.1664026,-0.9452649,1.3112668,-3.14496,6.371112,12.613729,-152.3094,-29.012657,195.57103,0.0
4a,2,Right Ankle,2386851,1779735319663,-9.256089,-0.46865803,-0.069391854,-5.603362,-2.15376,0.69761896,-1.7287837,75.64832,230.03964,0.0
4a,3,Left Wrist,5144846,1779735319668,9.176677,-10.946866,-3.3523445,3.6857762,-11.2903,43.22922,-99.53322,-47.409275,354.2099,0.0
4a,1,Left Ankle,5344833,1779735319688,1.07,9.65,-1.0,0.375,1.8125,1.875,-0.6489868,-0.7296753,-0.11682129,-0.18115234
4a,1,Left Ankle,5344851,1779735319718,0.99,9.62,-1.02,0.3125,2.5,1.1875,-0.64886475,-0.72961426,-0.11694336,-0.18151855
4a,4,Right Wrist,31347832,1779735319720,-3.3626142,-0.65573364,1.3280165,-6.22496,8.751112,6.313728,-152.29993,-28.99638,195.56242,0.0
4a,2,Right Ankle,2386911,1779735319724,-9.215411,-0.4088375,-0.038285162,-5.813362,-1.8037597,1.677619,-1.7689853,75.70409,230.00279,0.0
4a,3,Left Wrist,5144906,1779735319728,8.966108,-10.793727,-3.2039895,-1.0742236,-13.0403,49.039223,-99.58822,-47.335304,354.2512,0.0
4a,1,Left Ankle,5344876,1779735319753,1.1,9.46,-0.89,0.75,3.0,0.3125,-0.64868164,-0.72961426,-0.1171875,-0.18188477
4a,1,Left Ankle,5344898,1779735319779,1.04,9.59,-0.92,0.625,1.5,-0.3125,-0.64849854,-0.7296753,-0.117492676,-0.1821289
4a,1,Left Ankle,5344917,1779735319779,0.9,9.69,-1.01,0.4375,0.375,-0.125,-0.6486206,-0.7297363,-0.1171875,-0.18182373
4a,4,Right Wrist,31347892,1779735319779,-3.3004005,-0.6700906,1.4524434,-12.59496,12.881111,-2.506272,-152.29341,-28.983799,195.55598,0.0
4a,2,Right Ankle,2386971,1779735319783,-9.186698,-0.5141217,-0.071784675,-6.443362,-1.6637598,3.847619,-1.8166009,75.759705,229.95917,0.0
4a,3,Left Wrist,5144966,1779735319790,8.86561,-10.800904,-3.0388846,10.335776,-12.900301,47.149223,-99.63451,-47.25852,354.289,0.0
4a,1,Left Ankle,5344936,1779735319820,1.22,9.72,-0.99,0.1875,1.6875,-0.625,-0.6485596,-0.7296753,-0.117492676,-0.1819458
4a,1,Left Ankle,5344952,1779735319820,1.03,9.61,-0.9,0.4375,2.1875,-0.625,-0.6485596,-0.7296753,-0.11767578,-0.18206787
4a,1,Left Ankle,5344978,1779735319838,1.07,9.51,-1.05,0.6875,-0.125,-1.9375,-0.6485596,-0.7297363,-0.11773682,-0.18157959
4a,4,Right Wrist,31347952,1779735319840,-3.3530426,-1.1677976,1.485943,-15.88496,13.441112,-5.7262716,-152.28523,-28.971365,195.54898,0.0
4a,2,Right Ankle,2387031,1779735319844,-9.29916,-0.35619542,0.040677983,-6.303362,-2.5037599,4.967619,-1.8483235,75.815254,229.93098,0.0
4a,3,Left Wrist,5145026,1779735319850,8.678969,-11.004294,-3.0269206,3.2657766,-8.910301,45.88922,-99.6771,-47.179066,354.32138,0.0
4a,1,Left Ankle,5344995,1779735319874,1.06,9.6,-0.97,0.25,1.0625,-1.0,-0.64849854,-0.72979736,-0.11791992,-0.18151855
4a,1,Left Ankle,5345015,1779735319874,0.97,9.59,-0.97,0.1875,0.5,-1.0,-0.6486206,-0.7298584,-0.11767578,-0.18103027
4a,1,Left Ankle,5345035,1779735319897,0.97,9.66,-1.02,-0.1875,-0.0625,-0.875,-0.6486206,-0.7298584,-0.11779785,-0.18084717
4a,4,Right Wrist,31348012,1779735319899,-3.3243287,-1.1749761,1.3160526,-5.73496,8.541112,1.3437278,-152.27275,-28.955173,195.54039,0.0
4a,2,Right Ankle,2387091,1779735319903,-9.236947,-0.4112303,-0.04785645,-5.183362,-1.5937599,3.5676188,-1.8865896,75.87108,229.89595,0.0
4a,3,Left Wrist,5145085,1779735319915,8.889538,-10.733905,-2.969493,-4.2942233,-3.7303007,45.609222,-99.724525,-47.1032,354.3541,0.0
4a,1,Left Ankle,5345055,1779735319927,0.94,9.61,-0.94,-0.125,1.5,0.3125,-0.6485596,-0.7298584,-0.11791992,-0.18084717
4a,1,Left Ankle,5345078,1779735319928,1.05,9.58,-0.98,0.0,1.125,-0.125,-0.6485596,-0.7298584,-0.11810303,-0.18103027
4a,1,Left Ankle,5345101,1779735319968,0.95,9.63,-1.01,-0.125,0.8125,0.125,-0.64849854,-0.7298584,-0.1182251,-0.18109131
4a,4,Right Wrist,31348072,1779735319968,-3.1281176,-1.1151556,1.5050855,7.21504,6.791112,6.173728,-152.2548,-28.939543,195.53029,0.0
4a,2,Right Ankle,2387151,1779735319968,-9.260875,-0.33226717,0.009571291,-4.973362,-1.6637598,3.917619,-1.9171752,75.92696,229.86832,0.0
4a,3,Left Wrist,5145146,1779735319969,8.92543,-11.109579,-3.0005996,5.4357767,-3.5903006,44.41922,-99.76422,-47.024765,354.3836,0.0
4a,1,Left Ankle,5345117,1779735319988,1.08,9.56,-0.95,0.0625,1.0625,-0.5625,-0.6485596,-0.72991943,-0.11791992,-0.18078613
4a,1,Left Ankle,5345137,1779735319989,0.89,9.52,-1.01,0.125,0.375,-0.8125,-0.6485596,-0.72991943,-0.11810303,-0.1807251
4a,1,Left Ankle,5345162,1779735320018,0.86,9.72,-0.98,0.375,0.3125,0.0625,-0.6485596,-0.72991943,-0.11810303,-0.18060303
4a,4,Right Wrist,31348131,1779735320019,-3.104189,-0.91655135,1.4261222,6.5150404,7.1411114,6.2437277,-152.23845,-28.923748,195.52077,0.0
4a,2,Right Ankle,2387211,1779735320024,-9.220197,-0.35140973,0.0,-5.8833623,-2.4337597,4.127619,-1.9500071,75.982506,229.83878,0.0
4a,3,Left Wrist,5145206,1779735320028,8.872788,-10.72912,-3.0436704,6.4157767,-3.2403007,47.359222,-99.80927,-46.949623,354.41702,0.0
4a,1,Left Ankle,5345185,1779735320045,0.88,9.6,-1.04,0.0625,0.0,-0.125,-0.6485596,-0.72998047,-0.11816406,-0.18054199
4a,1,Left Ankle,5345203,1779735320077,0.97,9.67,-0.98,0.375,1.8125,1.3125,-0.6484375,-0.72998047,-0.1182251,-0.18078613
4a,1,Left Ankle,5345221,1779735320077,1.03,9.59,-0.98,0.75,0.5,0.8125,-0.6483154,-0.7300415,-0.11834717,-0.1809082
4a,4,Right Wrist,31348192,1779735320078,-3.185545,-1.031407,1.2442678,-3.00496,8.611112,3.7937279,-152.2253,-28.907143,195.51164,0.0
4a,2,Right Ankle,2387271,1779735320092,-9.258482,-0.28919637,-0.0071784677,-5.393362,-2.9937596,4.547619,-1.9756122,76.03801,229.81613,0.0
4a,3,Left Wrist,5145266,1779735320092,8.68854,-10.477874,-3.0029924,11.315777,-5.3403006,46.09922,-99.854355,-46.875565,354.45224,0.0
4a,1,Left Ankle,5345244,1779735320107,0.9,9.62,-1.02,0.625,-0.375,1.9375,-0.6481323,-0.7302246,-0.11804199,-0.18109131
4a,1,Left Ankle,5345259,1779735320137,0.89,9.74,-0.9,1.1875,-0.9375,2.125,-0.6480713,-0.73028564,-0.11791992,-0.18109131
4a,4,Right Wrist,31348251,1779735320141,-3.0324044,-1.043371,1.1270194,-2.16496,4.6911116,5.683728,-152.21147,-28.888483,195.5024,0.0
4a,2,Right Ankle,2387332,1779735320143,-9.3039465,-0.11930596,0.021535404,-4.973362,-3.6237597,3.147619,-1.9853413,76.09352,229.80867,0.0
4a,3,Left Wrist,5145326,1779735320148,8.659827,-11.446967,-2.8761728,12.855777,-4.4303007,40.079224,-99.88169,-46.793015,354.47485,0.0
4a,1,Left Ankle,5345288,1779735320167,1.0,9.65,-0.94,2.125,0.0625,2.5,-0.6477661,-0.7305908,-0.11767578,-0.18127441
4a,1,Left Ankle,5345305,1779735320167,1.13,9.58,-0.97,2.875,-1.0625,1.6875,-0.6472168,-0.7310791,-0.11743164,-0.18139648
4a,1,Left Ankle,5345325,1779735320197,0.98,9.59,-1.02,2.75,-2.3125,2.0,-0.64678955,-0.73150635,-0.117004395,-0.18115234
4a,1,Left Ankle,5345345,1779735320198,0.82,9.66,-1.08,2.875,-0.8125,3.1875,-0.6463623,-0.7319336,-0.11669922,-0.18115234
4a,4,Right Wrist,31348312,1779735320199,-3.0515468,-0.6270196,1.253839,-2.93496,0.56111145,6.1037283,-152.2013,-28.869963,195.49525,0.0
4a,2,Right Ankle,2387391,1779735320203,-9.248911,-0.21262605,0.09092726,-5.043362,-2.71376,1.1176189,-2.0086007,76.14904,229.78787,0.0
4a,3,Left Wrist,5145386,1779735320208,8.78186,-11.226827,-2.8091736,-3.4542236,-3.6603007,44.48922,-99.91588,-46.710045,354.4979,0.0
4a,1,Left Ankle,5345361,1779735320240,1.31,9.6,-1.09,2.9375,-0.375,2.625,-0.6464844,-0.73236084,-0.11517334,-0.18005371
4a,1,Left Ankle,5345386,1779735320258,0.8,9.63,-1.03,2.6875,-0.6875,3.375,-0.645813,-0.7329712,-0.11468506,-0.18023682
4a,1,Left Ankle,5345404,1779735320258,1.05,9.52,-1.16,3.0625,-1.75,3.875,-0.6453247,-0.7335205,-0.11407471,-0.18011475
4a,4,Right Wrist,31348372,1779735320259,-2.9486558,-0.68444765,1.1533406,2.87504,0.07111168,0.7837279,-152.18953,-28.85158,195.48984,0.0
4a,2,Right Ankle,2387451,1779735320263,-9.213019,-0.31312457,0.06460621,-4.693362,-3.2737598,1.467619,-2.0424008,76.20423,229.75679,0.0
4a,3,Left Wrist,5145446,1779735320268,9.047463,-10.858333,-2.443072,-2.4042234,-2.2603006,41.199223,-99.94363,-46.626324,354.5163,0.0
4a,1,Left Ankle,5345428,1779735320291,1.13,9.66,-1.1,3.0625,0.125,4.9375,-0.6447754,-0.7340088,-0.113586426,-0.18060303
4a,1,Left Ankle,5345447,1779735320315,1.07,9.54,-1.13,3.5625,-0.75,5.25,-0.644104,-0.7345581,-0.112976074,-0.18103027
4a,1,Left Ankle,5345465,1779735320316,0.75,9.85,-1.06,3.6875,-0.0625,7.9375,-0.64367676,-0.7352295,-0.111572266,-0.1807251
4a,4,Right Wrist,31348432,1779735320319,-3.2477586,-1.3089743,1.1222339,-4.68496,-1.0488882,2.0437279,-152.17647,-28.830894,195.48235,0.0
4a,2,Right Ankle,2387511,1779735320323,-9.23934,-0.29876766,0.040677983,-2.8033621,-3.4837599,1.397619,-2.0739543,76.25932,229.72717,0.0
4a,3,Left Wrist,5145506,1779735320334,9.923237,-10.903796,-3.0364919,-2.6142235,-6.600301,36.36922,-100.00252,-46.564106,354.5585,0.0
4a,1,Left Ankle,5345490,1779735320345,1.14,9.55,-1.11,3.1875,2.1875,7.5,-0.64294434,-0.7357178,-0.111083984,-0.18164062
4a,1,Left Ankle,5345506,1779735320379,1.12,9.66,-1.22,3.5,5.1875,9.9375,-0.6422119,-0.736145,-0.11047363,-0.18286133
4a,4,Right Wrist,31348492,1779735320383,-3.4439697,-0.7681962,1.2801601,-10.77496,0.7011118,4.283728,-152.16913,-28.811703,195.47574,0.0
4a,3,Left Wrist,5145566,1779735320397,10.224733,-10.82244,-2.6895325,5.9257765,-12.410301,33.219223,-100.057625,-46.50047,354.60153,0.0
4a,2,Right Ankle,2387571,1779735320408,-9.179519,-0.2820179,0.086141616,-5.1133623,-4.25376,0.69761896,-2.106303,76.31415,229.69757,0.0
4a,1,Left Ankle,5345535,1779735320409,1.41,9.61,-1.02,3.9375,5.875,8.25,-0.6413574,-0.73651123,-0.11016846,-0.18450928
4a,1,Left Ankle,5345546,1779735320410,1.13,9.33,-1.07,3.0,2.1875,8.0,-0.640625,-0.7369385,-0.10961914,-0.18572998
4a,1,Left Ankle,5345567,1779735320436,1.0,9.71,-1.26,3.25,2.125,11.625,-0.6397705,-0.7374878,-0.10882568,-0.18707275
4a,4,Right Wrist,31348552,1779735320440,-3.671288,-0.9189438,1.1988041,-9.654961,8.191112,0.85372806,-152.16089,-28.794138,195.46873,0.0
4a,2,Right Ankle,2387631,1779735320443,-9.191483,-0.56197816,0.22971097,-6.023362,-6.56376,0.20761895,-2.1747432,76.36694,229.6331,0.0
4a,3,Left Wrist,5145625,1779735320448,9.827524,-11.028223,-2.5004997,22.655777,-20.4603,32.72922,-100.090706,-46.422417,354.6347,0.0
4a,1,Left Ankle,5345593,1779735320475,1.39,9.57,-1.06,2.8125,6.1875,10.9375,-0.63848877,-0.7379761,-0.107910156,-0.18988037
4a,1,Left Ankle,5345610,1779735320476,1.31,9.57,-1.1,2.6875,8.375,11.9375,-0.63830566,-0.7382202,-0.10662842,-0.19018555
4a,1,Left Ankle,5345638,1779735320496,1.73,9.69,-1.17,3.3125,5.25,11.25,-0.6374512,-0.7385864,-0.10595703,-0.1921997
4a,1,Left Ankle,5345647,1779735320498,1.0,9.63,-0.9,1.9375,4.5625,10.4375,-0.6367798,-0.7388916,-0.10522461,-0.19372559
4a,4,Right Wrist,31348612,1779735320508,-3.8555357,-0.9285154,1.1006985,-4.47496,16.52111,-0.6862719,-152.15085,-28.778381,195.46097,0.0
4a,2,Right Ankle,2387691,1779735320509,-9.251304,-0.6050489,0.23688945,-8.053362,-6.6337595,-1.122381,-2.2510736,76.41951,229.56158,0.0
4a,3,Left Wrist,5145686,1779735320517,9.279568,-11.114365,-2.333002,21.045776,-21.7203,35.73922,-100.10891,-46.336548,354.65686,0.0
4a,1,Left Ankle,5345671,1779735320527,1.75,9.26,-1.4,3.3125,8.0,10.25,-0.6362915,-0.7393799,-0.10345459,-0.19445801
4a,1,Left Ankle,5345693,1779735320558,1.41,9.75,-1.27,2.5,7.375,10.8125,-0.63549805,-0.739563,-0.10308838,-0.1963501
4a,4,Right Wrist,31348671,1779735320560,-3.6114674,-1.031407,1.174876,4.83504,20.651112,-1.2462718,-152.13594,-28.76482,195.452,0.0
4a,2,Right Ankle,2387751,1779735320563,-9.2536955,-0.047521282,0.22492532,-9.313362,-5.9337597,-2.5223808,-2.2624288,76.473854,229.5535,0.0
4a,3,Left Wrist,5145746,1779735320568,9.250854,-10.863118,-2.2875385,-9.894223,-24.170301,35.59922,-100.140564,-46.251247,354.6815,0.0
4a,1,Left Ankle,5345712,1779735320592,1.37,9.43,-1.22,4.4375,2.0,11.9375,-0.63482666,-0.7402344,-0.10089111,-0.19702148
4a,1,Left Ankle,5345733,1779735320592,1.83,9.71,-1.35,4.625,-0.5,10.75,-0.6333008,-0.74139404,-0.09906006,-0.19866943
4a,1,Left Ankle,5345748,1779735320625,1.5,9.86,-1.23,4.625,1.625,12.3125,-0.6328125,-0.7416992,-0.09844971,-0.19934082
4a,4,Right Wrist,31348732,1779735320625,-3.3315072,-1.1558336,1.3447663,1.4050398,20.441113,-4.326272,-152.121,-28.753338,195.44328,0.0
4a,2,Right Ankle,2387811,1779735320626,-9.196269,-0.40165904,0.30149564,-8.193362,-6.1437597,-1.1923811,-2.317075,76.52724,229.50308,0.0
4a,3,Left Wrist,5145806,1779735320635,9.5786705,-10.480266,-2.4526432,-3.3842235,-26.830301,34.05922,-100.19272,-46.17748,354.72318,0.0
4a,1,Left Ankle,5345772,1779735320646,1.61,9.41,-1.27,3.9375,1.75,9.375,-0.631897,-0.7423096,-0.097473145,-0.20050049
4a,1,Left Ankle,5345797,1779735320677,1.56,9.3,-1.14,3.8125,3.0,9.1875,-0.63067627,-0.74298096,-0.09637451,-0.20233154
4a,1,Left Ankle,5345807,1779735320677,1.59,9.1,-1.41,3.0625,2.125,8.625,-0.6308594,-0.74346924,-0.09387207,-0.20111084
4a,4,Right Wrist,31348791,1779735320678,-3.0467613,-1.1414766,1.485943,5.04504,14.491112,0.43372798,-152.10371,-28.741009,195.43362,0.0
4a,2,Right Ankle,2387872,1779735320683,-9.435552,-0.1886978,0.45942193,-7.353362,-5.5137596,-1.1923811,-2.3445644,76.58125,229.47878,0.0
4a,3,Left Wrist,5145866,1779735320689,9.4686,-11.111972,-2.6464617,-3.2442236,-22.2803,36.36922,-100.23555,-46.098072,354.757,0.0
4a,1,Left Ankle,5345827,1779735320706,1.56,9.17,-1.17,3.125,1.75,9.375,-0.63012695,-0.7438965,-0.09301758,-0.20227051
4a,1,Left Ankle,5345851,1779735320707,1.8,9.5,-1.16,3.0,0.9375,8.0,-0.62945557,-0.74432373,-0.092163086,-0.20318604
4a,1,Left Ankle,5345874,1779735320736,2.0,9.72,-1.31,3.8125,2.75,8.0625,-0.6286011,-0.74468994,-0.091918945,-0.20471191
4a,4,Right Wrist,31348852,1779735320739,-2.7428732,-1.1893331,1.4739788,11.695041,8.261112,3.7937279,-152.08282,-28.727045,195.42334,0.0
4a,2,Right Ankle,2387931,1779735320751,-9.114913,-0.56676376,0.5024928,-4.553362,-4.6737595,-1.542381,-2.4279482,76.63381,229.3991,0.0
4a,3,Left Wrist,5145926,1779735320751,9.683955,-11.255541,-2.5292134,-10.034224,-11.080301,42.38922,-100.27046,-46.014584,354.78043,0.0
4a,1,Left Ankle,5345894,1779735320767,2.06,9.76,-1.39,4.0625,-1.1875,4.9375,-0.62750244,-0.7454834,-0.09106445,-0.2055664
4a,1,Left Ankle,5345915,1779735320767,2.11,9.57,-1.51,2.25,-2.875,1.875,-0.62713623,-0.74591064,-0.0904541,-0.2053833
4a,1,Left Ankle,5345938,1779735320796,2.04,9.88,-1.3,2.9375,-5.8125,0.4375,-0.62677,-0.7463989,-0.089904785,-0.20477295
4a,4,Right Wrist,31348912,1779735320809,-2.9677982,-1.4884359,1.509871,-1.2549601,9.5211115,5.473728,-152.06474,-28.712421,195.41159,0.0
4a,2,Right Ankle,2387991,1779735320810,-9.191483,-0.6696552,0.5694918,-6.373362,-5.7237597,3.847619,-2.520923,76.68516,229.3111,0.0
4a,3,Left Wrist,5145986,1779735320810,10.452051,-10.827226,-2.1822543,-4.7142234,-1.0703006,37.06922,-100.30059,-45.934666,354.79956,0.0
4a,1,Left Ankle,5345960,1779735320826,1.49,10.2,-1.42,3.375,-7.6875,-0.375,-0.6265259,-0.7470093,-0.08911133,-0.20367432
4a,1,Left Ankle,5345985,1779735320868,3.61,11.61,-2.13,10.0,-31.0625,-1.6875,-0.6259155,-0.7484131,-0.087524414,-0.20111084
4a,1,Left Ankle,5346002,1779735320868,-1.24,10.18,0.0,10.0,-23.375,1.875,-0.6251221,-0.75061035,-0.084106445,-0.19665527
4a,4,Right Wrist,31348972,1779735320869,-3.3291147,-1.2036902,1.1485548,-14.34496,7.211112,12.613729,-152.05348,-28.692608,195.39934,0.0
4a,3,Left Wrist,5146046,1779735320869,11.799211,-10.341483,-1.9764715,10.965776,-9.260301,28.109222,-100.314255,-45.999226,354.81314,0.0
4a,2,Right Ankle,2388051,1779735320869,-9.102949,-0.49976477,0.6436693,-4.273362,-5.8637595,1.2576189,-2.5968983,76.73727,229.23874,0.0
4a,1,Left Ankle,5346025,1779735320885,-0.23,10.78,0.11,5.5,-27.6875,-37.0,-0.62579346,-0.7526245,-0.08502197,-0.1862793
4a,1,Left Ankle,5346047,1779735320919,-6.87,12.47,1.07,1.5625,-4.6875,-40.875,-0.6272583,-0.75164795,-0.09161377,-0.1821289
4a,4,Right Wrist,31349032,1779735320919,-4.4298134,-1.5075784,0.9523434,-20.50496,12.041112,18.773727,-152.04404,-28.66994,195.38455,0.0
4a,1,Left Ankle,5346063,1779735320919,-15.69,13.62,1.92,-11.0625,55.8125,-84.75,-0.6303711,-0.74731445,-0.107788086,-0.18029785
4a,2,Right Ankle,2388111,1779735320922,-9.3039465,-0.059485395,0.4019942,-8.473362,-0.89375985,-5.8123813,-2.6142516,76.79295,229.2242,0.0
4a,3,Left Wrist,5146106,1779735320929,11.588642,-9.343676,-2.9024937,31.755777,-25.010302,1.1592216,-100.38186,-46.040863,354.87567,0.0
4a,1,Left Ankle,5346085,1779735320948,-16.26,18.5,3.81,-15.8125,21.3125,-166.625,-0.6357422,-0.74194336,-0.12921143,-0.1694336
4a,1,Left Ankle,5346105,1779735320978,-12.65,16.21,2.21,-17.8125,-16.8125,-259.25,-0.6442871,-0.73480225,-0.15600586,-0.14367676
4a,4,Right Wrist,31349092,1779735320980,-4.468098,-0.7993027,0.8781659,-6.01496,28.141111,9.183728,-152.03418,-28.654024,195.37228,0.0
4a,2,Right Ankle,2388171,1779735320983,-9.619799,-1.5119287,0.9260224,2.9366384,7.8562403,-1.8923812,-2.8364644,76.83756,229.00671,0.0
4a,3,Left Wrist,5146166,1779735320987,11.055041,-10.520944,-4.4339004,19.505777,-26.830301,-8.360779,-100.46514,-46.03411,354.94727,0.0
4a,1,Left Ankle,5346134,1779735321006,-8.83,12.85,-0.09,-10.6875,44.625,-273.5,-0.6514282,-0.7252197,-0.19006348,-0.11657715
4a,1,Left Ankle,5346149,1779735321006,0.92,7.16,-2.92,-5.375,78.625,-263.125,-0.65441895,-0.713562,-0.23065186,-0.09649658
4a,1,Left Ankle,5346173,1779735321041,5.4,4.3,-2.93,-12.5625,49.0,-236.0625,-0.65667725,-0.701416,-0.2662964,-0.07702637
4a,2,Right Ankle,2388231,1779735321042,-9.684404,-0.9400441,0.31345975,7.136638,10.23624,15.187618,-2.9274762,76.89398,228.91681,0.0
4a,3,Left Wrist,5146226,1779735321047,8.937394,-12.6816635,-7.9896345,17.475777,-23.0503,11.93922,-100.54135,-45.99275,355.01144,0.0
4a,1,Left Ankle,5346196,1779735321070,11.22,-0.96,-1.5,-32.9375,-9.5625,-194.6875,-0.6664429,-0.6819458,-0.29797363,-0.04534912
4a,4,Right Wrist,31349152,1779735321070,-2.7500517,-0.567199,2.2181466,30.31504,17.011112,6.383728,-152.00954,-28.647774,195.36137,0.0
4a,1,Left Ankle,5346217,1779735321104,11.1,-6.19,0.45,-70.875,-74.625,-129.8125,-0.67285156,-0.6748657,-0.30090332,-0.03552246
4a,1,Left Ankle,5346235,1779735321104,29.81,-8.69,-7.24,-53.5625,-22.625,61.625,-0.684021,-0.6670532,-0.29345703,-0.032043457
4a,2,Right Ankle,2388291,1779735321104,-10.864067,-1.3563954,0.6699903,2.0266376,10.23624,40.03762,-3.0307171,76.9469,228.81863,0.0
4a,3,Left Wrist,5146286,1779735321109,4.950952,-14.902203,-10.2317095,-17.594223,-18.6403,90.89922,-100.61488,-45.90682,355.06033,0.0
4a,1,Left Ankle,5346257,1779735321136,-31.41,30.47,-5.31,-43.0625,103.9375,281.5625,-0.68603516,-0.6710205,-0.2723999,-0.06964111
4a,4,Right Wrist,31349211,1779735321136,-0.2351948,-0.12452713,3.3762727,44.52504,-43.608887,5.963728,-151.98495,-28.640736,195.3617,0.0
4a,1,Left Ankle,5346282,1779735321158,3.15,35.63,-1.75,-45.75,8.8125,128.625,-0.6845093,-0.6751709,-0.25653076,-0.09906006
4a,1,Left Ankle,5346296,1779735321158,15.17,-4.07,-0.52,-78.0625,-90.5625,115.9375,-0.69470215,-0.6706543,-0.23803711,-0.10467529
4a,2,Right Ankle,2388351,1779735321165,-11.668055,-4.1727476,1.1892328,21.066637,0.4362402,116.89761,-3.161772,76.970985,228.693,0.0
4a,3,Left Wrist,5146346,1779735321168,1.385646,-15.648763,-10.102498,-71.634224,-42.6503,194.14923,-100.69839,-45.77383,355.10376,0.0
4a,1,Left Ankle,5346318,1779735321200,-18.92,30.1,1.28,-48.75,-99.0,149.75,-0.7010498,-0.6732788,-0.20440674,-0.11602783
4a,4,Right Wrist,31349302,1779735321200,-1.5799611,-3.0700915,1.442872,-5.52496,-121.30889,16.813728,-151.96397,-28.588814,195.36365,0.0
4a,1,Left Ankle,5346336,1779735321221,0.37,20.19,8.81,-44.4375,-82.25,106.25,-0.70721436,-0.6727295,-0.18109131,-0.12042236
4a,1,Left Ankle,5346361,1779735321230,3.65,17.11,-3.24,-36.9375,-38.3125,68.125,-0.7111206,-0.6717529,-0.16552734,-0.12524414
4a,2,Right Ankle,2388412,1779735321230,-18.384708,-8.331473,8.348557,70.69664,-40.09376,190.81761,-3.0975332,76.92878,228.74666,0.0
4a,3,Left Wrist,5146406,1779735321230,0.6390853,-16.04597,-6.3840504,-126.37423,-18.7803,305.16922,-100.75802,-45.595306,355.1055,0.0
4a,1,Left Ankle,5346378,1779735321245,0.42,12.22,-7.36,-59.625,-14.75,51.625,-0.71643066,-0.6672363,-0.15570068,-0.13146973
4a,4,Right Wrist,31349362,1779735321248,-1.5368903,-1.7157542,1.6630117,-9.72496,-146.71889,31.653728,-151.95166,-28.529083,195.36871,0.0
4a,1,Left Ankle,5346396,1779735321278,0.15,10.67,-0.2,-72.5625,-15.625,27.3125,-0.7241821,-0.659729,-0.1482544,-0.13543701
4a,1,Left Ankle,5346424,1779735321279,1.31,8.8,6.42,-46.75,8.375,-3.875,-0.7300415,-0.6530762,-0.14697266,-0.1375122
4a,2,Right Ankle,2388471,1779735321282,-3.2572827,-19.271458,11.8899355,-194.25336,-110.163765,-11.762381,-3.366022,76.86221,228.55078,0.0
4a,3,Left Wrist,5146466,1779735321288,1.4047885,-16.641785,-0.5455636,-142.54422,15.7297,353.32922,-100.756676,-45.41001,355.0491,0.0
4a,1,Left Ankle,5346442,1779735321309,0.28,9.71,5.57,-12.25,25.25,-25.5625,-0.73223877,-0.64953613,-0.15124512,-0.13793945
4a,4,Right Wrist,31349421,1779735321309,-4.0278187,2.562613,3.182454,-51.44496,-154.34889,65.043724,-151.97597,-28.46433,195.37639,0.0
4a,1,Left Ankle,5346460,1779735321343,0.92,11.31,-0.24,1.25,22.5625,-46.5,-0.73254395,-0.64782715,-0.15899658,-0.13574219
4a,1,Left Ankle,5346484,1779735321343,-0.41,12.4,-0.79,3.375,-1.1875,-67.3125,-0.7342529,-0.6454468,-0.16955566,-0.12475586
4a,2,Right Ankle,2388532,1779735321343,-2.7906823,-7.793088,1.1270194,-106.19336,-51.923763,-212.31238,-4.0001736,76.831406,227.9528,0.0
4a,3,Left Wrist,5146526,1779735321348,4.247462,-13.308583,0.8829515,-113.214226,22.589699,326.8692,-100.72415,-45.24366,354.97742,0.0
4a,1,Left Ankle,5346504,1779735321366,-0.18,13.34,0.46,4.1875,-2.0,-74.875,-0.73480225,-0.6445923,-0.17358398,-0.11993408
4a,4,Right Wrist,31349482,1779735321376,-4.9346986,2.7947161,1.6677973,-9.30496,-106.39889,53.35373,-151.98814,-28.409615,195.38153,0.0
4a,1,Left Ankle,5346526,1779735321396,-0.53,14.1,0.66,5.875,-7.4375,-97.0625,-0.736145,-0.64263916,-0.18286133,-0.10784912
4a,1,Left Ankle,5346545,1779735321398,0.69,16.29,0.92,5.25,5.5,-153.0,-0.7383423,-0.6373291,-0.20446777,-0.08282471
4a,2,Right Ankle,2388591,1779735321407,-10.864067,14.711409,-0.46181476,-82.81336,31.936241,-243.88239,-4.0827928,76.85565,227.88097,0.0
4a,3,Left Wrist,5146586,1779735321408,9.296317,-13.011872,0.62452674,-10.804223,40.369698,244.26923,-100.633545,-45.125683,354.88953,0.0
4a,1,Left Ankle,5346567,1779735321427,2.58,22.5,-0.18,10.9375,17.25,-207.0625,-0.7392578,-0.63116455,-0.22705078,-0.060180664
4a,4,Right Wrist,31349541,1779735321429,-7.571589,-1.2443682,2.713461,73.29504,-24.428888,4.633728,-151.95515,-28.382427,195.38028,0.0
4a,1,Left Ankle,5346589,1779735321457,6.12,36.26,1.55,24.9375,42.1875,-268.5,-0.73742676,-0.6234131,-0.2579956,-0.031188965
4a,2,Right Ankle,2388651,1779735321464,-13.505742,30.116402,12.047861,-170.87335,-46.043762,7.837619,-3.866484,76.8272,228.1506,0.0
4a,3,Left Wrist,5146646,1779735321468,18.424936,-11.286648,2.9359932,80.47577,78.3797,81.30922,-100.521225,-45.143505,354.80716,0.0
4a,1,Left Ankle,5346612,1779735321494,19.27,40.09,2.59,30.125,110.5625,-342.5625,-0.73065186,-0.61157227,-0.30352783,8.544922E-4
4a,1,Left Ankle,5346632,1779735321494,6.87,37.89,-9.43,61.75,202.5625,-316.25,-0.7147217,-0.59954834,-0.3591919,0.026672363
4a,4,Right Wrist,31349602,1779735321495,-8.753644,-5.553842,0.65324056,15.125039,56.001114,-37.296272,-151.93225,-28.378181,195.37393,0.0
4a,1,Left Ankle,5346648,1779735321514,5.31,38.4,-3.56,26.125,148.625,-276.1875,-0.697937,-0.5859375,-0.4093628,0.04510498
4a,2,Right Ankle,2388711,1779735321522,5.4334493,15.62786,26.112873,88.54664,-104.49376,84.977615,-3.6011639,76.75952,228.3861,0.0
4a,3,Left Wrist,5146706,1779735321527,16.450857,-11.485252,1.4548361,199.40578,47.579697,-71.36078,-100.385574,-45.21187,354.752,0.0
4a,1,Left Ankle,5346673,1779735321546,1.56,31.23,-4.14,49.875,34.4375,-246.625,-0.68395996,-0.5675049,-0.4501953,0.08673096
4a,1,Left Ankle,5346694,1779735321546,-4.71,21.28,3.99,46.5,-89.8125,-177.875,-0.6832886,-0.56121826,-0.4527588,0.11480713
4a,1,Left Ankle,5346708,1779735321586,-2.91,11.2,6.16,26.1875,-89.5,-79.75,-0.68463135,-0.5588379,-0.4510498,0.124694824
4a,4,Right Wrist,31349662,1779735321587,-10.493225,-0.50977147,4.125226,-144.61496,130.2711,-47.93627,-151.97296,-28.408813,195.36345,0.0
4a,2,Right Ankle,2388771,1779735321587,-5.5711427,3.7594595,3.48395,-5.743362,83.17624,90.577614,-3.234162,76.764015,228.75217,0.0
4a,1,Left Ankle,5346734,1779735321606,-12.72,4.81,3.95,-13.625,-20.875,9.6875,-0.6888428,-0.557251,-0.44641113,0.12542725
4a,1,Left Ankle,5346748,1779735321606,-6.91,2.05,3.3,-11.0625,24.75,82.3125,-0.68927,-0.5599365,-0.4440918,0.11907959
4a,3,Left Wrist,5146766,1779735321625,7.40838,-14.315961,-8.1020975,219.28577,-116.6403,-113.01077,-100.42176,-45.193756,354.8652,0.0
4a,1,Left Ankle,5346775,1779735321635,-3.59,-2.12,0.31,-27.6875,-20.3125,159.0625,-0.6942749,-0.5675049,-0.43084717,0.101501465
4a,4,Right Wrist,31349722,1779735321638,-7.619446,7.848358,5.9150577,-91.064964,219.5211,-74.32628,-152.00667,-28.484013,195.35283,0.0
4a,1,Left Ankle,5346794,1779735321666,-6.5,2.78,-0.77,-18.875,-0.1875,272.5625,-0.7029419,-0.5905762,-0.39276123,0.053222656
4a,1,Left Ankle,5346808,1779735321667,-3.1,3.43,-2.13,-19.4375,29.625,312.125,-0.70410156,-0.5996704,-0.37890625,0.03253174
4a,3,Left Wrist,5146826,1779735321679,-3.5411763,-13.768004,-5.345566,83.55577,-298.0103,11.309223,-100.5163,-45.100346,355.02454,0.0
4a,1,Left Ankle,5346829,1779735321696,-0.4,3.92,-0.32,-10.3125,36.5,400.875,-0.7039795,-0.62109375,-0.34399414,-0.016479492
4a,4,Right Wrist,31349812,1779735321699,-3.0443683,-0.22502573,5.625526,-40.24496,224.3511,-45.69627,-151.99771,-28.559511,195.32191,0.0
4a,2,Right Ankle,2388832,1779735321703,-9.842331,1.7973449,0.40917268,-56.983364,56.99624,35.76762,-3.0091224,76.832596,228.99323,0.0
4a,1,Left Ankle,5346852,1779735321728,4.43,9.19,1.21,-2.0,61.875,466.25,-0.69799805,-0.6447754,-0.3022461,-0.07562256
4a,1,Left Ankle,5346873,1779735321730,8.17,10.64,0.59,-9.0625,96.3125,540.8125,-0.68463135,-0.6669922,-0.25445557,-0.1472168
4a,3,Left Wrist,5146916,1779735321739,-0.4998983,-0.1839508,-5.1517467,-143.80423,-83.3203,166.70923,-100.68864,-45.02092,355.12366,0.0
4a,1,Left Ankle,5346897,1779735321763,15.59,16.37,-2.33,-37.4375,73.8125,581.9375,-0.666687,-0.68304443,-0.19763184,-0.2234497
4a,4,Right Wrist,31349872,1779735321776,-1.2066808,-2.5652058,4.2185464,-73.91496,232.26111,-44.296272,-151.98814,-28.639063,195.28354,0.0
4a,2,Right Ankle,2388995,1779735321778,-10.54582,-0.2915892,3.0580275,23.306637,-44.153763,94.70762,-2.9606488,76.821724,229.03758,0.0
4a,1,Left Ankle,5346915,1779735321787,18.75,14.26,-0.97,-76.0,-18.625,644.0,-0.633728,-0.69433594,-0.083740234,-0.33050537
4a,3,Left Wrist,5146976,1779735321800,8.8416815,-1.3923262,-1.6917256,-122.034225,33.0897,22.649221,-100.74642,-45.08646,355.12534,0.0
4a,1,Left Ankle,5346938,1779735321829,24.53,4.89,-2.36,-76.125,-25.125,642.375,-0.602478,-0.69189453,-0.001953125,-0.39782715
4a,1,Left Ankle,5346954,1779735321829,22.9,4.02,-8.52,-66.625,95.0,671.1875,-0.56188965,-0.67541504,0.07324219,-0.47192383
4a,4,Right Wrist,31349932,1779735321829,0.779362,-3.3165522,4.0606203,34.515038,175.9111,-32.46627,-151.93924,-28.706585,195.24931,0.0
4a,1,Left Ankle,5346975,1779735321853,10.84,7.77,-20.86,-57.3125,112.8125,672.875,-0.51208496,-0.64819336,0.14263916,-0.54522705
4a,1,Left Ankle,5346996,1779735321853,3.69,7.06,-19.46,-43.75,112.8125,674.0625,-0.45074463,-0.6123047,0.21148682,-0.61413574
4a,2,Right Ankle,2389014,1779735321854,-9.495371,-1.1051488,1.9549361,11.546637,-47.793762,90.507614,-3.136227,76.82168,228.87007,0.0
4a,4,Right Wrist,31349992,1779735321879,-0.718545,-11.339686,2.091327,63.98504,96.88111,-43.66627,-151.87398,-28.735958,195.22653,0.0
4a,1,Left Ankle,5347035,1779735321908,-30.79,40.07,-0.24,75.0,-434.0625,-108.875,-0.3723755,-0.63275146,0.25512695,-0.6291504
4a,1,Left Ankle,5347010,1779735321908,-39.4,40.1,-20.62,52.25,140.0,630.25,-0.41723633,-0.59484863,0.23565674,-0.64538574
4a,2,Right Ankle,2389101,1779735321913,-10.457286,1.4551712,3.87398,-17.643362,-16.643759,61.66762,-2.8377693,76.77889,229.1716,0.0
4a,1,Left Ankle,5347050,1779735321937,39.04,-38.34,-12.33,8.875,-508.8125,449.5625,-0.33648682,-0.649353,0.29418945,-0.6152954
4a,1,Left Ankle,5347075,1779735321938,-20.16,28.86,-3.32,65.4375,-81.4375,175.0,-0.33441162,-0.63623047,0.27667236,-0.6378174
4a,4,Right Wrist,31350052,1779735321938,-9.452348,-9.190931,-0.91405827,-9.09496,124.60111,-54.93627,-151.84985,-28.752249,195.21025,0.0
4a,3,Left Wrist,5147036,1779735321957,12.1485615,-12.633806,-0.41156548,-75.83423,-82.2703,-23.970776,-100.72839,-45.082123,355.11487,0.0
4a,1,Left Ankle,5347096,1779735321966,-8.98,-2.91,-5.37,38.375,-70.375,-32.3125,-0.3324585,-0.6418457,0.2748413,-0.6340332
4a,1,Left Ankle,5347110,1779735321967,-39.4,18.49,1.73,56.5625,-26.9375,-71.5625,-0.32543945,-0.65167236,0.2685547,-0.6303711
4a,2,Right Ankle,2389162,1779735321976,-3.9775221,2.4218714,-1.2179468,-3.7833622,-47.02376,19.80762,-2.576574,76.81181,229.42897,0.0
4a,1,Left Ankle,5347134,1779735321997,-36.7,15.18,4.11,32.3125,-190.1875,-307.875,-0.34716797,-0.68829346,0.2355957,-0.5917969
4a,3,Left Wrist,5147200,1779735322012,-8.156931,-5.92194,0.34695926,103.855774,-15.0003,-16.83078,-100.78352,-45.00826,355.20746,0.0
4a,1,Left Ankle,5347150,1779735322026,-27.29,19.13,2.86,39.4375,-126.5625,-359.0,-0.36010742,-0.70251465,0.21636963,-0.57440186
4a,1,Left Ankle,5347175,1779735322027,-9.97,17.32,0.68,22.6875,7.875,-357.8125,-0.4074707,-0.7211914,0.14556885,-0.5410156
4a,1,Left Ankle,5347194,1779735322057,-3.02,16.51,-1.59,28.625,99.0,-377.4375,-0.43945312,-0.7214966,0.08795166,-0.52783203
4a,4,Right Wrist,31350112,1779735322060,-4.7767725,-7.5709906,1.1222339,-40.734962,120.19112,-58.57627,-151.83102,-28.777708,195.1928,0.0
4a,2,Right Ankle,2389221,1779735322063,-2.3288677,3.9724207,7.515856,8.746637,4.14624,-0.14238095,-2.4647522,76.77488,229.5348,0.0
4a,3,Left Wrist,5147246,1779735322068,-8.161716,-8.709578,1.7084754,-45.664223,44.8497,-12.840778,-100.766785,-44.970585,355.17407,0.0
4a,1,Left Ankle,5347237,1779735322087,5.8,15.73,-2.03,66.4375,22.625,-381.1875,-0.4915161,-0.7224121,-0.027893066,-0.48547363
4a,1,Left Ankle,5347211,1779735322087,1.71,17.95,-0.73,55.375,116.75,-390.6875,-0.45410156,-0.72076416,0.05731201,-0.52056885
4a,1,Left Ankle,5347254,1779735322118,3.36,17.48,-1.1,48.625,-53.4375,-375.375,-0.51483154,-0.7264404,-0.07537842,-0.44885254
4a,2,Right Ankle,2389311,1779735322123,-18.999662,-1.5143216,3.0604203,-33.18336,19.61624,-40.74238,-2.7393,76.82434,229.27551,0.0
4a,3,Left Wrist,5147306,1779735322128,-1.8733786,-8.216656,-2.0817556,42.255775,52.759697,60.86922,-100.7369,-44.88359,355.1478,0.0
4a,1,Left Ankle,5347276,1779735322147,2.23,18.87,2.71,33.8125,-78.375,-370.5,-0.53948975,-0.72888184,-0.11456299,-0.4055786
4a,1,Left Ankle,5347294,1779735322147,2.08,18.15,1.93,1.375,-70.4375,-345.0625,-0.5635376,-0.72650146,-0.15039062,-0.36328125
4a,4,Right Wrist,31350276,1779735322148,-2.0609186,1.0264205,-1.4404793,32.55504,-60.54889,-25.396273,-151.88754,-28.749548,195.22609,0.0
4a,1,Left Ankle,5347316,1779735322176,4.33,20.75,1.37,-16.875,-15.4375,-306.8125,-0.58428955,-0.7182617,-0.18560791,-0.32910156
4a,2,Right Ankle,2389372,1779735322190,1.494863,3.5632482,4.790431,-11.343363,0.3662402,-42.14238,-2.6986039,76.79247,229.31563,0.0
4a,3,Left Wrist,5147366,1779735322190,2.9026954,-12.061921,-2.5507488,3.6857762,98.7497,47.289223,-100.70301,-44.79905,355.0986,0.0
4a,1,Left Ankle,5347335,1779735322206,5.52,17.78,-0.55,-22.625,34.75,-271.3125,-0.6012573,-0.7050171,-0.22021484,-0.30474854
4a,4,Right Wrist,31350322,1779735322209,0.31036878,-0.23220424,-2.5962124,55.16504,-127.18888,-20.286272,-151.94766,-28.664696,195.28804,0.0
4a,1,Left Ankle,5347358,1779735322248,6.4,17.96,-3.07,-12.4375,51.6875,-259.375,-0.61273193,-0.69158936,-0.25457764,-0.2854004
4a,1,Left Ankle,5347377,1779735322248,5.53,16.87,-0.93,-11.5625,-0.9375,-195.9375,-0.6227417,-0.680603,-0.27972412,-0.2659912
4a,1,Left Ankle,5347394,1779735322273,6.11,21.52,0.2,-16.25,-26.1875,-162.125,-0.63287354,-0.67211914,-0.2954712,-0.24572754
4a,2,Right Ankle,2389431,1779735322273,-10.28261,-0.21741168,2.0386848,-41.09336,6.5962405,-32.34238,-2.8402724,76.846825,229.18906,0.0
4a,4,Right Wrist,31350382,1779735322273,-7.870692,-8.300802,2.7158537,15.75504,-194.3889,46.983727,-151.92561,-28.576782,195.29544,0.0
4a,1,Left Ankle,5347413,1779735322273,3.33,21.09,0.54,-16.6875,-16.375,-155.0,-0.6413574,-0.6630249,-0.31072998,-0.22912598
4a,3,Left Wrist,5147426,1779735322280,8.087942,-8.209478,-4.3094735,-137.43423,109.0397,21.529222,-100.79179,-44.788174,355.09985,0.0
4a,1,Left Ankle,5347438,1779735322298,2.48,19.06,-1.77,-13.5625,8.8125,-119.375,-0.647522,-0.6543579,-0.32495117,-0.21679688
4a,1,Left Ankle,5347453,1779735322329,1.98,19.3,-1.54,-11.6875,9.9375,-109.75,-0.6522827,-0.6468506,-0.33685303,-0.20648193
4a,1,Left Ankle,5347476,1779735322330,3.12,16.37,0.46,-14.5,-31.4375,-87.875,-0.6582031,-0.64068604,-0.34399414,-0.19464111
4a,1,Left Ankle,5347498,1779735322357,2.52,16.73,0.55,-16.25,-68.0625,-68.4375,-0.66571045,-0.63653564,-0.3447876,-0.18109131
4a,4,Right Wrist,31350442,1779735322359,-8.248758,-4.235396,0.8997013,-118.78496,-169.60889,73.793724,-151.95374,-28.485697,195.29353,0.0
4a,2,Right Ankle,2389595,1779735322363,-9.67962,0.80671644,2.7661028,-11.063362,-3.3437595,-21.702381,-2.5017495,76.86825,229.52863,0.0
4a,1,Left Ankle,5347515,1779735322398,7.88,14.6,0.26,-19.75,-103.5625,-47.0,-0.67474365,-0.6341553,-0.33917236,-0.16595459
4a,3,Left Wrist,5147589,1779735322400,7.2456684,-7.9965167,-4.3669014,18.175777,19.8597,-0.17078018,-100.90414,-44.775314,355.1625,0.0
4a,1,Left Ankle,5347544,1779735322417,7.4,14.01,-0.51,-17.125,-114.375,-17.4375,-0.68377686,-0.633667,-0.3283081,-0.1519165
4a,1,Left Ankle,5347560,1779735322417,7.29,13.43,-0.7,-10.875,-94.0,13.3125,-0.69055176,-0.63494873,-0.31573486,-0.14245605
4a,4,Right Wrist,31350532,1779735322421,-6.820243,-1.6655046,4.8071804,-69.22496,-151.26889,109.91373,-151.96104,-28.408762,195.27753,0.0
4a,2,Right Ankle,2389614,1779735322434,-9.023985,0.1845825,3.211168,-13.093363,6.7362404,-26.532381,-2.4775782,76.818726,229.5545,0.0
4a,1,Left Ankle,5347585,1779735322447,7.28,13.38,-1.62,2.25,-61.1875,45.5625,-0.6934204,-0.63842773,-0.3034668,-0.1394043
4a,3,Left Wrist,5147608,1779735322459,6.908281,-7.8888397,-3.9601216,-2.8242235,12.2997,-1.08078,-100.976234,-44.752403,355.20966,0.0
4a,1,Left Ankle,5347602,1779735322476,6.7,15.5,-0.17,8.875,-43.9375,74.75,-0.69317627,-0.64398193,-0.2909546,-0.14196777
4a,1,Left Ankle,5347623,1779735322477,14.47,18.22,-3.08,-0.4375,-65.5625,131.3125,-0.6939087,-0.6508789,-0.27038574,-0.1473999
4a,4,Right Wrist,31350592,1779735322480,-6.564211,0.14825463,7.2933235,31.36504,-149.5889,149.53372,-151.93007,-28.332094,195.24908,0.0
4a,2,Right Ankle,2389671,1779735322483,-8.729669,-1.9474225,1.9142581,-17.573362,9.04624,-26.252382,-2.8551185,76.82306,229.19073,0.0
4a,1,Left Ankle,5347647,1779735322505,9.55,15.13,-0.56,-29.5625,14.0625,173.25,-0.6897583,-0.6578369,-0.24230957,-0.18103027
4a,3,Left Wrist,5147696,1779735322520,5.757333,-9.087644,-6.3218374,-84.51423,-19.5503,16.279222,-101.08578,-44.709522,355.27,0.0
4a,1,Left Ankle,5347665,1779735322548,-5.71,18.46,5.71,-16.8125,98.1875,164.25,-0.68292236,-0.65997314,-0.23101807,-0.21142578
4a,1,Left Ankle,5347685,1779735322548,-9.88,30.65,3.27,22.75,-26.25,2.75,-0.67767334,-0.66308594,-0.2286377,-0.22076416
4a,4,Right Wrist,31350652,1779735322548,-5.2314086,1.9644074,6.489335,80.22504,-118.15888,143.02373,-151.88503,-28.26852,195.21931,0.0
4a,2,Right Ankle,2389731,1779735322548,-9.4475155,-0.8586882,3.0460632,1.046638,13.94624,-28.142382,-3.0658898,76.78104,228.98291,0.0
4a,1,Left Ankle,5347700,1779735322566,23.51,4.38,-4.44,-7.625,-91.0625,-84.6875,-0.6813965,-0.6627197,-0.22802734,-0.21099854
4a,3,Left Wrist,5147756,1779735322588,4.486744,-7.118351,-7.496713,-76.04423,-35.7903,76.759224,-101.202866,-44.653603,355.33868,0.0
4a,1,Left Ankle,5347724,1779735322594,-10.23,3.76,-2.31,-46.6875,-0.9375,91.8125,-0.6878662,-0.66033936,-0.21087646,-0.21539307
4a,4,Right Wrist,31350712,1779735322598,-3.8507502,-0.009671499,4.9674997,88.41504,-67.61889,108.653725,-151.83295,-28.225245,195.18962,0.0
4a,2,Right Ankle,2389791,1779735322603,-11.742232,1.2924594,0.37328032,19.386637,16.18624,-27.02238,-2.9720752,76.83956,229.06548,0.0
4a,1,Left Ankle,5347747,1779735322624,-0.86,8.29,2.48,-33.0625,-45.3125,-1.4375,-0.6904907,-0.6591797,-0.20770264,-0.2133789
4a,1,Left Ankle,5347765,1779735322625,5.71,10.02,2.51,-9.1875,-14.4375,18.75,-0.69311523,-0.657959,-0.20196533,-0.21429443
4a,1,Left Ankle,5347788,1779735322665,-2.9,11.03,0.91,-3.75,-9.75,14.875,-0.6932373,-0.6585083,-0.19976807,-0.21417236
4a,1,Left Ankle,5347804,1779735322665,0.67,9.89,0.32,3.5625,-2.4375,-1.9375,-0.69262695,-0.6586914,-0.20056152,-0.21478271
4a,4,Right Wrist,31350772,1779735322666,-1.6684957,-1.119941,3.2614174,81.06504,-33.66889,83.10372,-151.77742,-28.199099,195.15912,0.0
4a,2,Right Ankle,2389851,1779735322666,-8.497565,1.4312431,1.9214365,28.136639,13.17624,-26.042381,-2.6711595,76.85023,229.34674,0.0
4a,3,Left Wrist,5147816,1779735322668,3.582257,-8.783755,-5.125426,-66.52423,-74.2903,114.55922,-101.30423,-44.554432,355.40613,0.0
4a,1,Left Ankle,5347825,1779735322687,-0.31,10.77,-0.23,2.5,-3.1875,4.0625,-0.69207764,-0.65911865,-0.20043945,-0.2154541
4a,1,Left Ankle,5347844,1779735322716,0.6,10.76,0.19,0.4375,-10.5,2.25,-0.69244385,-0.65966797,-0.19866943,-0.2142334
4a,1,Left Ankle,5347868,1779735322718,-0.46,9.58,0.77,2.9375,-22.5625,4.5,-0.6928711,-0.6607666,-0.19580078,-0.2121582
4a,2,Right Ankle,2389912,1779735322724,-14.247518,13.215896,4.476971,192.21664,-26.79376,53.33762,-2.2125406,76.83877,229.73236,0.0
4a,3,Left Wrist,5147876,1779735322729,2.5700932,-13.066908,-3.9194436,26.925777,-99.0003,175.52922,-101.333694,-44.41307,355.44894,0.0
4a,1,Left Ankle,5347885,1779735322747,-1.74,10.1,0.62,9.375,-12.9375,12.6875,-0.69207764,-0.6626587,-0.19299316,-0.21136475
4a,1,Left Ankle,5347905,1779735322777,-1.48,10.28,0.24,11.4375,1.75,17.4375,-0.6911011,-0.6635742,-0.19232178,-0.21228027
4a,1,Left Ankle,5347928,1779735322777,-0.71,9.78,0.0,10.9375,18.875,20.3125,-0.6871338,-0.66589355,-0.19213867,-0.21795654
4a,2,Right Ankle,2389971,1779735322783,-8.947415,3.0942547,-3.6251261,123.05664,34.94624,128.02762,-1.8458172,76.91072,230.05779,0.0
4a,3,Left Wrist,5147966,1779735322795,2.4145594,-13.076479,-3.4672,18.665777,-82.7603,207.93922,-101.3521,-44.261467,355.47644,0.0
4a,1,Left Ankle,5347945,1779735322807,0.55,9.76,0.34,10.0625,13.8125,15.9375,-0.6847534,-0.66711426,-0.19244385,-0.22149658
4a,4,Right Wrist,31350935,1779735322809,3.703391,1.519342,1.4620147,71.47504,14.561111,7.5737276,-151.70541,-28.222692,195.12894,0.0
4a,1,Left Ankle,5347962,1779735322845,0.9,9.67,0.8,9.125,6.1875,10.5,-0.684021,-0.6677246,-0.1921997,-0.22216797
4a,1,Left Ankle,5347988,1779735322845,-0.51,9.5,0.48,13.0,-3.1875,3.25,-0.68200684,-0.67004395,-0.19165039,-0.22174072
4a,2,Right Ankle,2390032,1779735322845,-6.944623,0.3305447,-0.21056838,10.986637,38.58624,99.60762,-1.6480484,76.98183,230.2544,0.0
4a,3,Left Wrist,5148026,1779735322848,1.9120669,-9.123536,-4.103691,35.675777,-57.9103,163.27922,-101.3876,-44.13228,355.51602,0.0
4a,1,Left Ankle,5348005,1779735322867,-0.11,9.62,0.43,15.875,3.125,0.5625,-0.6796875,-0.6713867,-0.19372559,-0.22302246
4a,1,Left Ankle,5348026,1779735322908,-0.18,10.15,0.16,15.875,8.1875,1.4375,-0.6777344,-0.67285156,-0.19519043,-0.22338867
4a,2,Right Ankle,2390091,1779735322910,-5.446716,-1.5334641,1.1270194,78.466644,58.256237,44.79762,-1.8912423,77.00682,229.99416,0.0
4a,1,Left Ankle,5348044,1779735322910,0.73,9.83,0.09,14.5,0.375,-10.5625,-0.67633057,-0.67407227,-0.19702148,-0.22229004
4a,4,Right Wrist,31350982,1779735322909,3.6866417,0.28943187,0.5312066,63.77504,12.671112,-7.126272,-151.68323,-28.26639,195.12904,0.0
4a,1,Left Ankle,5348066,1779735322938,0.04,9.99,0.5,17.125,-8.25,-18.3125,-0.675354,-0.67559814,-0.19873047,-0.21905518
4a,1,Left Ankle,5348090,1779735322955,-0.85,9.97,-0.12,22.375,-6.75,-24.0,-0.67407227,-0.67749023,-0.20123291,-0.21484375
4a,4,Right Wrist,31351041,1779735322959,2.9257238,-1.7205396,-0.91166544,52.29504,23.801111,-26.096272,-151.63882,-28.319748,195.12024,0.0
4a,2,Right Ankle,2390151,1779735322962,-6.719697,-6.1659684,2.4143581,32.196636,50.346237,-22.612381,-2.2226715,77.012146,229.65833,0.0
4a,1,Left Ankle,5348111,1779735322991,0.01,10.27,0.14,27.3125,3.0625,-22.75,-0.6717529,-0.6795654,-0.2052002,-0.21179199
4a,1,Left Ankle,5348130,1779735322991,-0.7,9.77,-0.09,31.625,-5.375,-26.125,-0.66918945,-0.68218994,-0.20904541,-0.20751953
4a,1,Left Ankle,5348147,1779735323016,-3.03,10.25,-1.01,31.5,-11.3125,-14.375,-0.66638184,-0.68573,-0.21087646,-0.20324707
4a,4,Right Wrist,31351132,1779735323019,2.4160526,-2.2302113,-0.8470592,40.32504,25.20111,-15.736271,-151.5827,-28.36047,195.10086,0.0
4a,2,Right Ankle,2390211,1779735323023,-16.731268,-2.5504136,5.316852,-151.97336,23.11624,-56.14238,-2.6082695,76.98342,229.3299,0.0
4a,1,Left Ankle,5348173,1779735323047,0.51,10.35,-1.42,30.625,5.125,-12.625,-0.6609497,-0.6897583,-0.2163086,-0.20135498
4a,1,Left Ankle,5348192,1779735323048,-0.32,11.59,-1.39,34.125,14.875,-4.125,-0.6588135,-0.6913452,-0.21795654,-0.20135498
4a,3,Left Wrist,5148086,1779735323058,2.108278,-6.833605,-5.3551373,24.825777,-27.0403,136.04922,-101.44806,-44.034256,355.56403,0.0
4a,1,Left Ankle,5348209,1779735323076,0.29,9.97,-0.89,30.625,-7.0625,-12.5,-0.6550293,-0.69403076,-0.22155762,-0.20043945
4a,4,Right Wrist,31351192,1779735323079,2.4926229,0.08364859,-1.4596218,44.80504,18.971111,2.3937278,-151.59425,-28.41967,195.11037,0.0
4a,2,Right Ankle,2390271,1779735323083,-10.921494,-1.7823178,5.958128,68.66664,-2.92376,-60.55238,-2.7712412,76.93215,229.143,0.0
4a,1,Left Ankle,5348234,1779735323109,-0.2,10.08,-1.41,34.3125,-34.75,-9.3125,-0.651001,-0.7003784,-0.22070312,-0.19226074
4a,1,Left Ankle,5348253,1779735323109,0.03,10.47,-2.18,32.1875,-44.0,-11.8125,-0.6489868,-0.70458984,-0.21923828,-0.18511963
4a,1,Left Ankle,5348275,1779735323138,0.19,10.84,-4.1,37.8125,-56.0625,-15.75,-0.64801025,-0.70721436,-0.2177124,-0.18023682
4a,4,Right Wrist,31351251,1779735323139,3.3420753,2.8066812,-1.0791631,101.71504,-3.918888,17.233728,-151.59233,-28.448862,195.12228,0.0
4a,2,Right Ankle,2390332,1779735323142,-10.170148,1.9385214,-6.0849476,-42.63336,-34.98376,-5.252381,-2.736351,76.982735,229.19118,0.0
4a,3,Left Wrist,5148353,1779735323149,0.016951134,-2.098209,-4.766503,-35.654224,-25.920301,72.34922,-101.70701,-43.82077,355.7177,0.0
4a,1,Left Ankle,5348294,1779735323175,0.68,11.26,-3.1,38.4375,-57.5,-14.25,-0.6449585,-0.7155762,-0.21234131,-0.16394043
4a,1,Left Ankle,5348318,1779735323175,0.4,10.48,-0.41,38.9375,-63.25,-23.3125,-0.64294434,-0.7207031,-0.20935059,-0.15283203
4a,1,Left Ankle,5348339,1779735323200,0.17,10.76,0.48,38.0625,-60.25,-21.5,-0.64105225,-0.72558594,-0.2062378,-0.14160156
4a,4,Right Wrist,31351312,1779735323201,2.1887348,0.1338976,-1.8281165,98.84504,-24.848886,0.85372806,-151.60832,-28.492296,195.14973,0.0
4a,2,Right Ankle,2390391,1779735323203,-8.897166,0.31858057,2.723032,15.606638,-28.05376,1.327619,-2.579619,76.92599,229.33878,0.0
4a,1,Left Ankle,5348360,1779735323231,-1.29,11.23,1.25,31.875,-42.5625,-23.9375,-0.63879395,-0.72924805,-0.20593262,-0.13287354
4a,3,Left Wrist,5148372,1779735323238,-0.45204177,-2.4978104,-4.969893,-25.014223,-31.590302,68.14922,-101.80936,-43.75561,355.7868,0.0
4a,1,Left Ankle,5348385,1779735323265,-1.53,10.87,0.2,21.4375,-14.875,-31.375,-0.63653564,-0.73168945,-0.20996094,-0.12402344
4a,1,Left Ankle,5348400,1779735323265,-0.31,10.57,-1.6,16.4375,7.875,-33.5,-0.63568115,-0.73187256,-0.21264648,-0.12243652
4a,4,Right Wrist,31351372,1779735323265,0.41326013,-2.163212,-1.8783658,19.04504,-37.58889,11.493728,-151.54645,-28.433628,195.12581,0.0
4a,2,Right Ankle,2390452,1779735323265,-10.119898,0.47411403,0.61016977,-17.363361,-18.60376,-4.972381,-2.520377,76.974655,229.40208,0.0
4a,1,Left Ankle,5348424,1779735323287,-1.25,6.78,-2.77,14.6875,-20.125,-13.3125,-0.63378906,-0.7340698,-0.215271,-0.11450195
4a,3,Left Wrist,5148446,1779735323309,2.9673014,-3.5075815,-4.1874394,107.63577,-29.910301,49.879223,-101.86405,-43.72129,355.8554,0.0
4a,1,Left Ankle,5348445,1779735323325,0.67,4.96,-3.79,15.5625,-57.75,0.0625,-0.633728,-0.7364502,-0.21099854,-0.107421875
4a,4,Right Wrist,31351432,1779735323325,-2.57059,-1.3616163,-3.9625144,-113.25496,-43.678886,3.093728,-151.60156,-28.354193,195.13873,0.0
4a,1,Left Ankle,5348461,1779735323325,1.28,4.37,-3.12,9.0,-66.3125,18.6875,-0.6341553,-0.737854,-0.20635986,-0.10418701
4a,2,Right Ankle,2390511,1779735323325,-9.526479,0.38797247,0.96430755,4.6866384,-2.2937598,-9.66238,-2.448253,77.02796,229.46999,0.0
4a,1,Left Ankle,5348485,1779735323348,0.87,4.61,-2.11,9.875,-70.1875,65.125,-0.6348877,-0.74346924,-0.18548584,-0.09863281
4a,3,Left Wrist,5148536,1779735323358,6.2598257,-3.7731848,-2.617748,95.45577,32.8097,-81.93077,-101.896706,-43.79758,355.89716,0.0
4a,1,Left Ankle,5348506,1779735323383,2.99,3.29,-1.04,4.9375,-65.3125,73.0,-0.63464355,-0.7474365,-0.16888428,-0.09991455
4a,1,Left Ankle,5348524,1779735323383,2.57,4.84,-1.55,18.6875,-25.125,102.3125,-0.63183594,-0.7524414,-0.15252686,-0.10668945
4a,4,Right Wrist,31351492,1779735323383,-8.610074,4.1059833,-2.1966112,-163.09496,-36.25889,-79.64628,-151.69382,-28.329268,195.18231,0.0
4a,2,Right Ankle,2390571,1779735323383,-9.236947,0.1845825,1.174876,0.34663773,6.9462404,-11.132381,-2.4042442,77.08493,229.5119,0.0
4a,1,Left Ankle,5348546,1779735323407,2.59,6.9,-1.06,34.875,-4.625,104.625,-0.62609863,-0.7584839,-0.13897705,-0.11553955
4a,3,Left Wrist,5148596,1779735323426,6.063614,-4.983953,-1.8879371,96.99577,72.5697,-176.08078,-101.9196,-43.906914,355.9277,0.0
4a,1,Left Ankle,5348563,1779735323436,0.22,8.96,-0.15,30.5625,3.3125,107.5,-0.6206665,-0.763916,-0.12451172,-0.12524414
4a,4,Right Wrist,31351552,1779735323439,-8.760822,7.3985076,-1.8855442,-39.75496,-25.478888,-207.60628,-151.76842,-28.336262,195.27104,0.0
4a,2,Right Ankle,2390631,1779735323443,-8.88281,0.70143217,0.4139583,2.0966382,18.63624,-7.9823813,-2.308558,77.14534,229.60378,0.0
4a,3,Left Wrist,5148656,1779735323480,7.2193475,-7.9462676,-5.7954164,42.115776,94.2697,-197.22078,-101.9678,-43.9664,355.95837,0.0
4a,1,Left Ankle,5348590,1779735323480,-2.22,9.86,1.51,6.375,-27.0625,97.6875,-0.6173706,-0.767334,-0.11022949,-0.13366699
4a,1,Left Ankle,5348603,1779735323480,-5.57,9.45,2.08,-4.375,-66.25,83.5,-0.61846924,-0.76953125,-0.09124756,-0.13043213
4a,1,Left Ankle,5348627,1779735323495,-11.1,10.89,5.27,-10.1875,-130.0625,51.375,-0.6213989,-0.7711792,-0.07006836,-0.11920166
4a,1,Left Ankle,5348645,1779735323496,1.68,20.34,-3.43,44.875,-58.625,-16.5625,-0.61816406,-0.77630615,-0.06237793,-0.10626221
4a,4,Right Wrist,31351612,1779735323498,-6.674281,5.579962,5.343173,21.985039,21.141111,-322.26627,-151.81859,-28.390547,195.38274,0.0
4a,1,Left Ankle,5348675,1779735323525,11.73,10.65,-6.12,-5.5,62.8125,-60.5625,-0.6166382,-0.7767334,-0.072387695,-0.1060791
4a,2,Right Ankle,2390691,1779735323540,-8.720097,-0.078627974,0.3062813,-5.393362,17.58624,9.097619,-2.307819,77.20767,229.60695,0.0
4a,3,Left Wrist,5148716,1779735323540,5.869796,-18.888645,-8.353344,114.215775,38.899696,-116.30078,-101.964096,-43.9411,355.97998,0.0
4a,1,Left Ankle,5348694,1779735323556,2.41,6.69,-3.29,-38.1875,42.625,-45.125,-0.6243286,-0.76849365,-0.08642578,-0.11029053
4a,4,Right Wrist,31351672,1779735323567,-3.31715,-3.0868413,6.151947,48.445038,101.151115,-354.5363,-151.83272,-28.477087,195.47885,0.0
4a,1,Left Ankle,5348710,1779735323588,-6.18,8.41,-3.54,-40.6875,-3.75,-34.6875,-0.62731934,-0.7661133,-0.088134766,-0.10852051
4a,1,Left Ankle,5348734,1779735323590,-2.17,6.71,-2.64,-43.625,-14.5625,-37.25,-0.6376343,-0.7588501,-0.09033203,-0.09692383
4a,2,Right Ankle,2390751,1779735323593,-10.66307,-0.61462027,0.5766703,-5.1133623,13.38624,31.287619,-2.3439867,77.2669,229.57578,0.0
4a,3,Left Wrist,5148776,1779735323599,2.0795646,-20.085056,-7.664211,-29.984224,-30.260302,31.679222,-102.00789,-43.854774,356.00888,0.0
4a,1,Left Ankle,5348759,1779735323625,-3.25,7.71,-0.08,-36.8125,42.3125,-16.5625,-0.642395,-0.7537842,-0.09613037,-0.09979248
4a,4,Right Wrist,31351732,1779735323625,-0.9291133,-12.126925,3.9816568,-9.16496,160.7211,-248.69627,-151.82475,-28.562555,195.51755,0.0
4a,1,Left Ankle,5348775,1779735323648,-0.71,9.27,-1.13,-30.6875,45.5625,-14.4375,-0.64575195,-0.7493286,-0.10266113,-0.10467529
4a,2,Right Ankle,2390841,1779735323654,-9.548014,0.73971736,0.77048886,-7.983362,15.06624,2.167619,-2.2112582,77.324585,229.7081,0.0
4a,3,Left Wrist,5148836,1779735323658,2.938588,-7.5658083,-6.6448684,-69.25423,-62.180298,88.30922,-102.12016,-43.777096,356.08057,0.0
4a,1,Left Ankle,5348798,1779735323678,1.76,10.98,-3.01,-27.5625,30.1875,-12.3125,-0.6489258,-0.7453613,-0.107666016,-0.10809326
4a,1,Left Ankle,5348815,1779735323678,1.48,11.1,-2.29,-31.9375,7.875,-7.5,-0.65270996,-0.74157715,-0.10961914,-0.109436035
4a,4,Right Wrist,31351791,1779735323679,1.1741778,-13.804294,-2.7278178,-81.61496,93.17111,-42.05627,-151.79976,-28.584543,195.48984,0.0
4a,1,Left Ankle,5348843,1779735323708,-0.63,9.48,0.49,-31.4375,-16.875,-10.5,-0.6571045,-0.7380371,-0.10900879,-0.107543945
4a,1,Left Ankle,5348858,1779735323709,-0.8,9.86,-1.21,-24.625,-17.4375,-8.3125,-0.6608887,-0.7352905,-0.10760498,-0.10479736
4a,2,Right Ankle,2390901,1779735323713,-9.667654,0.7708241,-0.31345975,-7.283362,26.33624,-7.7723813,-2.1483128,77.38963,229.77132,0.0
4a,3,Left Wrist,5148896,1779735323719,3.948359,-4.730314,-4.9866424,27.415777,-78.0003,86.41922,-102.21391,-43.725094,356.16663,0.0
4a,1,Left Ankle,5348883,1779735323738,-1.19,9.76,-0.85,-20.3125,-5.6875,-5.0625,-0.664978,-0.7319336,-0.10699463,-0.103149414
4a,1,Left Ankle,5348900,1779735323767,-0.08,9.49,-0.31,-16.5,-1.5,-3.9375,-0.66607666,-0.73095703,-0.107055664,-0.10296631
4a,4,Right Wrist,31351852,1779735323770,0.11176446,-8.41805,-1.8879371,-105.48496,-48.928886,126.57372,-151.76848,-28.530624,195.43015,0.0
4a,2,Right Ankle,2390961,1779735323784,-9.574334,0.56264853,-0.7345966,-17.223362,31.58624,-12.952381,-2.1267521,77.457535,229.7971,0.0
4a,3,Left Wrist,5148956,1779735323784,5.6233344,-6.8312116,-2.0386848,38.96578,-70.8603,31.049221,-102.27001,-43.65448,356.2306,0.0
4a,1,Left Ankle,5348945,1779735323796,-0.18,10.45,-0.78,-8.8125,-12.5625,5.4375,-0.66967773,-0.7286377,-0.10253906,-0.10058594
4a,1,Left Ankle,5348925,1779735323796,-0.67,9.63,-0.98,-9.5625,-12.1875,3.25,-0.66845703,-0.7293091,-0.10473633,-0.10144043
4a,1,Left Ankle,5348960,1779735323825,-0.2,10.26,-0.45,-7.6875,-12.5,5.0625,-0.67022705,-0.72839355,-0.101257324,-0.10003662
4a,2,Right Ankle,2391021,1779735323832,-8.425779,0.18697535,-0.97866446,-3.573362,14.3662405,-5.322381,-2.1227782,77.520355,229.80179,0.0
4a,3,Left Wrist,5149016,1779735323837,7.659627,-14.904595,-0.6699903,-21.654224,-46.0803,3.6092224,-102.24799,-43.590973,356.22137,0.0
4a,1,Left Ankle,5348984,1779735323856,-0.58,9.99,-0.72,-5.875,-11.0,4.375,-0.6715088,-0.72772217,-0.09857178,-0.09899902
4a,1,Left Ankle,5349000,1779735323858,-0.43,9.62,-0.7,-4.3125,-5.0625,3.25,-0.6717529,-0.72753906,-0.09802246,-0.09887695
4a,1,Left Ankle,5349024,1779735323888,-0.12,9.6,-0.9,-4.5625,-3.5,2.1875,-0.6725464,-0.7269287,-0.0970459,-0.09899902
4a,4,Right Wrist,31351912,1779735323891,-2.6543386,-0.8232313,0.32303107,-57.95496,-87.568886,165.07373,-151.75812,-28.450432,195.38362,0.0
4a,2,Right Ankle,2391082,1779735323894,-8.574135,1.7351315,-0.634098,37.516636,5.1962404,-5.9523807,-1.954315,77.57463,229.95303,0.0
4a,3,Left Wrist,5149076,1779735323898,6.896316,-12.327525,0.3684947,42.185776,-6.1103005,9.699223,-102.17788,-43.5422,356.18417,0.0
4a,1,Left Ankle,5349044,1779735323918,-0.21,9.84,-0.77,-5.0,-3.6875,1.5625,-0.6732788,-0.7263794,-0.09643555,-0.09869385
4a,1,Left Ankle,5349060,1779735323921,-0.44,9.68,-0.67,-5.875,-4.625,-1.875,-0.67370605,-0.7260742,-0.09637451,-0.098083496
4a,1,Left Ankle,5349084,1779735323959,-0.62,9.7,-0.69,-5.125,-1.875,-2.6875,-0.67492676,-0.72509766,-0.09643555,-0.09686279
4a,4,Right Wrist,31352106,1779735323959,-4.3843493,3.4766707,-1.9046868,13.7250395,22.331112,86.74372,-151.78687,-28.35787,195.32932,0.0
4a,2,Right Ankle,2391141,1779735323959,-9.009629,2.2089105,-0.15074782,61.806637,13.10624,5.737619,-1.7011526,77.626015,230.17961,0.0
4a,3,Left Wrist,5149136,1779735323959,6.479965,-13.105192,0.52163535,53.315777,23.009699,-1.08078,-102.098526,-43.496346,356.13675,0.0
4a,1,Left Ankle,5349100,1779735323980,0.09,9.5,-0.38,-4.5625,-1.1875,-4.6875,-0.67523193,-0.7248535,-0.09661865,-0.09655762
4a,1,Left Ankle,5349123,1779735323981,-0.21,10.06,-0.44,-0.9375,-3.375,-4.125,-0.6758423,-0.72436523,-0.0970459,-0.09509277
4a,1,Left Ankle,5349145,1779735324007,-0.72,9.8,-0.63,-0.125,-1.875,-3.6875,-0.6760254,-0.7243042,-0.097229004,-0.09442139
4a,4,Right Wrist,31352125,1779735324009,-3.9392843,2.6990042,-1.8161523,26.675041,24.36111,70.083725,-151.79132,-28.326626,195.31334,0.0
4a,2,Right Ankle,2391202,1779735324013,-9.162769,3.2856805,-1.1676974,46.686638,-5.79376,35.62762,-1.3992214,77.672226,230.46135,0.0
4a,3,Left Wrist,5149196,1779735324018,6.168898,-13.983358,-0.33738798,-62.184223,36.2397,9.699223,-102.065475,-43.436745,356.08957,0.0
4a,1,Left Ankle,5349165,1779735324036,-0.32,9.94,-0.59,1.4375,-0.25,-0.375,-0.6759033,-0.7244873,-0.09710693,-0.09399414
4a,1,Left Ankle,5349189,1779735324078,-0.18,9.81,-0.42,2.375,-1.875,-1.375,-0.6755371,-0.72491455,-0.0970459,-0.09350586
4a,1,Left Ankle,5349207,1779735324078,-0.81,9.83,-0.72,8.5,-1.6875,3.1875,-0.67456055,-0.7258911,-0.09655762,-0.093322754
4a,2,Right Ankle,2391261,1779735324078,-8.741632,1.1464972,-1.672583,-28.493362,-28.47376,55.71762,-1.2339282,77.720276,230.63673,0.0
4a,3,Left Wrist,5149256,1779735324079,5.798011,-11.884853,-1.119841,-57.704224,27.419699,16.279222,-102.04326,-43.36639,356.0528,0.0
4a,1,Left Ankle,5349226,1779735324097,-0.51,9.92,-0.56,10.625,2.125,6.0,-0.6732788,-0.7271118,-0.09625244,-0.09387207
4a,1,Left Ankle,5349247,1779735324098,-0.36,9.67,-0.83,12.8125,1.25,8.4375,-0.67181396,-0.72839355,-0.09637451,-0.094055176
4a,4,Right Wrist,31352182,1779735324099,-3.1281176,0.43778586,-1.2873386,25.765041,21.071112,28.293728,-151.78914,-28.290585,195.30586,0.0
4a,1,Left Ankle,5349265,1779735324126,-0.34,9.6,-0.88,14.0625,1.8125,10.0625,-0.67004395,-0.72998047,-0.09631348,-0.09466553
4a,2,Right Ankle,2391321,1779735324134,-6.8584814,-2.0527067,-1.0671989,-57.893364,-30.08376,28.627619,-1.4064869,77.759964,230.48997,0.0
4a,3,Left Wrist,5149316,1779735324138,6.0468645,-11.164614,-1.5122639,4.7357764,4.8796997,29.36922,-102.01304,-43.285805,356.03043,0.0
4a,1,Left Ankle,5349287,1779735324158,-0.4,9.84,-0.8,15.75,2.625,11.25,-0.6679077,-0.7318115,-0.095458984,-0.095947266
4a,4,Right Wrist,31352272,1779735324159,-1.8120648,-0.39013037,-0.6412765,0.49503994,10.641111,-10.556272,-151.78882,-28.254744,195.3071,0.0
4a,1,Left Ankle,5349311,1779735324186,-0.36,9.64,-0.84,17.4375,2.5,12.125,-0.6655884,-0.7337036,-0.095581055,-0.09765625
4a,1,Left Ankle,5349332,1779735324188,-0.19,9.85,-0.85,19.25,2.3125,15.125,-0.663208,-0.7357788,-0.0949707,-0.09857178
4a,2,Right Ankle,2391381,1779735324193,-8.97613,-1.602856,-3.5413773,-9.593362,-7.61376,-17.642382,-1.52718,77.81644,230.37405,0.0
4a,1,Left Ankle,5349347,1779735324226,0.0,9.8,-0.9,20.3125,2.125,16.4375,-0.66052246,-0.7381592,-0.093688965,-0.10015869
4a,3,Left Wrist,5149376,1779735324228,6.2789683,-11.702998,-1.3471591,-12.834224,-10.730301,43.649223,-101.98771,-43.20164,356.01038,0.0
4a,1,Left Ankle,5349375,1779735324247,-0.5,9.69,-1.17,21.9375,2.3125,21.5,-0.6574707,-0.7408447,-0.09173584,-0.10223389
4a,1,Left Ankle,5349391,1779735324248,-0.14,9.63,-1.32,23.0,5.0625,26.4375,-0.65411377,-0.7437134,-0.08947754,-0.10522461
4a,2,Right Ankle,2391441,1779735324260,-10.667854,-1.3444312,-0.57906306,16.166637,-0.5437598,-7.842381,-1.6591755,77.86983,230.23889,0.0
4a,1,Left Ankle,5349407,1779735324276,-0.25,9.96,-1.42,23.75,8.1875,33.5,-0.6503906,-0.74664307,-0.08691406,-0.109436035
4a,1,Left Ankle,5349427,1779735324277,0.06,9.76,-1.45,23.0,8.5,39.6875,-0.64660645,-0.74957275,-0.08343506,-0.11437988
4a,4,Right Wrist,31352332,1779735324279,-1.8503501,-1.5721844,-0.6269195,10.57504,-1.6788883,-31.69627,-151.769,-28.220425,195.3083,0.0
4a,3,Left Wrist,5149436,1779735324288,6.4010024,-10.195521,-1.5170496,-14.794224,-22.070301,55.759224,-101.97017,-43.109814,355.99738,0.0
4a,1,Left Ankle,5349447,1779735324310,-0.09,9.57,-1.43,23.5625,9.4375,45.0625,-0.64282227,-0.7524414,-0.080322266,-0.118896484
4a,2,Right Ankle,2391501,1779735324313,-11.404844,1.7805952,-2.3377876,-23.173363,-37.013763,-0.28238106,-1.5668057,77.91427,230.33717,0.0
4a,4,Right Wrist,31352496,1779735324341,-4.4226346,-1.1797616,0.16510476,-34.99496,-26.318888,21.223728,-151.75822,-28.144964,195.29959,0.0
4a,1,Left Ankle,5349469,1779735324341,0.36,9.77,-1.81,25.8125,7.875,51.125,-0.63861084,-0.75567627,-0.07495117,-0.12451172
4a,3,Left Wrist,5149526,1779735324349,7.054243,-11.121543,-2.333002,28.465776,-35.7203,47.149223,-101.96747,-43.015514,356.00873,0.0
4a,1,Left Ankle,5349493,1779735324367,0.6,9.44,-1.52,22.375,6.75,51.6875,-0.6323242,-0.7601929,-0.06665039,-0.13360596
4a,1,Left Ankle,5349508,1779735324369,1.35,9.26,-1.46,27.125,-4.5625,53.375,-0.63031006,-0.762146,-0.061340332,-0.13433838
4a,1,Left Ankle,5349533,1779735324397,-0.4,10.2,-3.0,29.3125,-23.3125,53.1875,-0.6253662,-0.7664795,-0.052612305,-0.13659668
4a,4,Right Wrist,31352515,1779735324399,-4.951448,-1.3017957,0.031106694,-35.27496,-26.388887,23.883728,-151.76059,-28.10347,195.29227,0.0
4a,2,Right Ankle,2391561,1779735324403,-10.261075,1.4958493,0.44267216,-16.523361,-33.93376,-1.332381,-1.3740027,77.950775,230.53134,0.0
4a,3,Left Wrist,5149586,1779735324408,6.0061865,-11.588143,-3.8787653,70.74577,-18.500301,54.70922,-101.97845,-42.927,356.0348,0.0
4a,1,Left Ankle,5349550,1779735324428,-3.14,10.89,-2.35,32.625,-32.4375,55.5,-0.62005615,-0.7710571,-0.043029785,-0.13830566
4a,1,Left Ankle,5349574,1779735324428,0.3,12.04,-1.46,9.8125,-27.75,69.875,-0.6141968,-0.776062,-0.025268555,-0.14086914
4a,1,Left Ankle,5349596,1779735324459,3.69,10.76,0.44,-12.6875,-9.25,62.75,-0.6140747,-0.77557373,-0.015319824,-0.14538574
4a,4,Right Wrist,31352572,1779735324459,-6.0425754,-1.6774691,0.1363909,-40.10496,-12.948889,15.973728,-151.76416,-28.067873,195.2849,0.0
4a,2,Right Ankle,2391622,1779735324463,-9.172341,0.92396474,1.1030912,-20.163363,-29.80376,-10.572382,-1.164233,77.98397,230.74265,0.0
4a,3,Left Wrist,5149646,1779735324468,5.6711917,-12.729519,-5.343173,38.825775,17.9697,80.67922,-101.998055,-42.836967,356.04855,0.0
4a,1,Left Ankle,5349610,1779735324492,-2.14,10.33,-0.66,-1.4375,6.375,58.4375,-0.6137085,-0.7755127,-0.010314941,-0.14764404
4a,1,Left Ankle,5349638,1779735324516,-0.02,8.29,-1.2,7.875,6.6875,18.3125,-0.611084,-0.77648926,-0.008117676,-0.15362549
4a,1,Left Ankle,5349654,1779735324517,2.05,10.32,-0.41,19.625,40.3125,4.25,-0.6087036,-0.7774658,-0.012207031,-0.15789795
4a,4,Right Wrist,31352632,1779735324518,-7.5835533,-2.029214,0.5575277,-45.77496,3.5011115,-7.406272,-151.77185,-28.042807,195.28249,0.0
4a,2,Right Ankle,2391711,1779735324522,-9.5193,0.85457283,0.8518449,-21.143362,-21.19376,-11.902382,-1.0125594,78.02573,230.89734,0.0
4a,3,Left Wrist,5149707,1779735324534,5.721441,-11.353647,-5.563313,-20.394224,40.0897,94.67922,-102.041664,-42.752758,356.0583,0.0
4a,1,Left Ankle,5349675,1779735324547,-6.74,11.0,1.52,-4.5625,33.4375,-11.6875,-0.6084595,-0.7769165,-0.017456055,-0.16088867
4a,1,Left Ankle,5349696,1779735324578,-11.18,11.58,3.61,-18.4375,39.875,-11.875,-0.6119995,-0.7735596,-0.023803711,-0.16278076
4a,1,Left Ankle,5349715,1779735324579,-10.56,12.25,1.27,-16.25,8.5,-87.3125,-0.616333,-0.7710571,-0.03491211,-0.15637207
4a,4,Right Wrist,31352692,1779735324580,-8.07169,-3.3572302,0.4642076,-39.964962,14.981112,-27.146273,-151.77567,-28.02361,195.28291,0.0
4a,2,Right Ankle,2391771,1779735324590,-9.141234,0.17261839,1.68694,-6.793362,-9.923759,-21.072382,-0.8636261,78.069435,231.0439,0.0
4a,3,Left Wrist,5149766,1779735324590,7.788839,-8.120944,-4.914858,-36.144222,43.939697,64.509224,-102.1144,-42.72712,356.08466,0.0
4a,1,Left Ankle,5349737,1779735324610,-10.12,12.48,2.29,-14.625,20.875,-123.625,-0.6210327,-0.7681885,-0.051086426,-0.14709473
4a,1,Left Ankle,5349759,1779735324636,-7.8,12.65,1.57,-15.5625,37.5,-156.3125,-0.6259155,-0.7640991,-0.07501221,-0.13702393
4a,1,Left Ankle,5349784,1779735324637,-6.79,12.45,0.76,-16.6875,65.875,-185.6875,-0.63342285,-0.75531006,-0.11785889,-0.12017822
4a,2,Right Ankle,2391832,1779735324643,-9.509728,0.3640442,1.5026926,-1.473362,-1.5937599,-21.492382,-0.7193112,78.116844,231.18405,0.0
4a,3,Left Wrist,5149826,1779735324648,10.432908,-5.6156588,-4.1754756,11.595777,35.469696,-17.250778,-102.164635,-42.789925,356.1135,0.0
4a,1,Left Ankle,5349799,1779735324667,-3.73,11.61,-0.18,-16.6875,68.1875,-193.5625,-0.63568115,-0.75164795,-0.13366699,-0.11431885
4a,4,Right Wrist,31352752,1779735324669,-8.722537,-4.5727844,1.038485,-53.19496,29.891111,-27.006271,-151.77963,-28.010702,195.27902,0.0
4a,1,Left Ankle,5349824,1779735324707,-2.65,10.8,-1.28,-16.6875,48.1875,-196.75,-0.64172363,-0.739563,-0.17999268,-0.094055176
4a,1,Left Ankle,5349844,1779735324707,0.44,9.82,-2.33,-18.4375,16.375,-187.75,-0.645874,-0.7310791,-0.20605469,-0.0769043
4a,2,Right Ankle,2391891,1779735324707,-9.337445,0.43822175,1.0671989,0.62663794,11.35624,-29.962381,-0.6396719,78.1726,231.25961,0.0
4a,3,Left Wrist,5149886,1779735324708,10.681762,-9.166607,-4.656433,65.075775,3.6896992,-84.310776,-102.22319,-42.842216,356.17236,0.0
4a,1,Left Ankle,5349867,1779735324727,0.64,8.42,-1.93,-23.0,-11.1875,-175.5625,-0.6508179,-0.72210693,-0.22729492,-0.057739258
4a,4,Right Wrist,31352812,1779735324729,-7.4663053,-2.1009984,1.3112668,-19.24496,31.711111,-31.976273,-151.7783,-28.001314,195.2793,0.0
4a,1,Left Ankle,5349907,1779735324765,1.59,6.02,-1.45,-35.125,-32.375,-138.4375,-0.6625366,-0.70336914,-0.25683594,-0.018920898
4a,2,Right Ankle,2391952,1779735324765,-9.016808,0.43822175,0.76331043,-0.0033621788,15.836241,-26.952381,-0.57931876,78.23141,231.31674,0.0
4a,1,Left Ankle,5349890,1779735324765,0.57,7.45,-1.34,-27.875,-32.0625,-157.0625,-0.6563721,-0.7130127,-0.24365234,-0.037475586
4a,3,Left Wrist,5149946,1779735324768,8.475579,-15.521944,-4.733003,55.065777,-13.810301,-23.760777,-102.23694,-42.77852,356.19952,0.0
4a,1,Left Ankle,5349928,1779735324786,2.5,4.86,-1.45,-41.375,-17.0,-120.25,-0.66833496,-0.6934204,-0.26916504,-0.0041503906
4a,1,Left Ankle,5349947,1779735324816,7.02,3.04,-2.41,-48.25,-12.8125,-96.875,-0.6743164,-0.6833496,-0.27972412,0.0067749023
4a,4,Right Wrist,31352902,1779735324827,-7.2677,-2.7877386,1.7563318,36.68504,27.301111,-43.52627,-151.75668,-27.99397,195.28302,0.0
4a,2,Right Ankle,2392011,1779735324828,-9.660477,-0.01641458,0.81834537,-5.6733623,14.786241,-9.732382,-0.5998313,78.29189,231.29791,0.0
4a,3,Left Wrist,5150006,1779735324828,4.47478,-13.133906,-5.130212,30.145777,-31.170301,51.20922,-102.26705,-42.68896,356.23215,0.0
4a,1,Left Ankle,5349973,1779735324849,7.49,1.84,-2.8,-48.625,1.5,-56.1875,-0.6799927,-0.6744995,-0.28723145,0.012634277
4a,1,Left Ankle,5349997,1779735324878,9.05,3.81,0.0,-79.6875,25.9375,0.5625,-0.68933105,-0.6643677,-0.28881836,0.002746582
4a,1,Left Ankle,5350015,1779735324879,15.89,7.08,-4.79,-60.0,118.375,138.75,-0.69018555,-0.6636963,-0.28759766,-0.02130127
4a,4,Right Wrist,31352962,1779735324879,-6.583353,-3.8716872,0.3828516,3.08504,31.361113,-64.03628,-151.74565,-27.9859,195.29117,0.0
4a,2,Right Ankle,2392071,1779735324883,-9.330267,-0.3657667,1.1796615,-18.343363,-4.81376,-6.1623807,-0.7400935,78.341965,231.16637,0.0
4a,1,Left Ankle,5350035,1779735324907,-5.64,14.27,-2.04,-56.875,97.6875,199.0625,-0.69018555,-0.66571045,-0.2770996,-0.060913086
4a,1,Left Ankle,5350055,1779735324908,-7.14,26.14,-3.87,-44.875,58.5,166.25,-0.6904907,-0.66760254,-0.26464844,-0.08666992
4a,3,Left Wrist,5150066,1779735324925,2.7256267,-13.167405,-6.539584,-65.33423,-16.820301,132.82922,-102.32889,-42.57509,356.25552,0.0
4a,1,Left Ankle,5350074,1779735324936,9.13,22.77,-7.75,-33.5,-49.5625,58.0,-0.69415283,-0.6677246,-0.25170898,-0.09454346
4a,4,Right Wrist,31353052,1779735324940,-5.8631134,-5.0704913,-0.22731815,6.58504,4.621112,-68.51627,-151.7308,-27.968407,195.30322,0.0
4a,2,Right Ankle,2392131,1779735324943,-9.670048,-2.0407426,0.61016977,0.55663776,14.15624,5.807619,-1.0171994,78.38456,230.89514,0.0
4a,1,Left Ankle,5350095,1779735324974,7.95,13.83,-0.59,-41.0625,-104.75,42.3125,-0.70214844,-0.6661377,-0.23504639,-0.089660645
4a,1,Left Ankle,5350110,1779735324974,-2.62,11.62,0.39,-36.5625,-77.625,26.5,-0.7055054,-0.66503906,-0.2286377,-0.08758545
4a,3,Left Wrist,5150126,1779735324978,4.649456,-10.202699,-5.4029937,-116.08423,-28.650301,211.50923,-102.42014,-42.445927,356.28537,0.0
4a,1,Left Ankle,5350134,1779735324997,-5.49,3.65,1.16,-48.0625,-10.6875,12.625,-0.7149048,-0.65893555,-0.21887207,-0.08227539
4a,2,Right Ankle,2392191,1779735325004,-11.261275,-3.4788291,0.42113677,16.726637,7.3662405,48.64762,-1.2466148,78.42027,230.66805,0.0
4a,1,Left Ankle,5350155,1779735325031,-3.85,8.61,3.23,-41.1875,3.1875,27.3125,-0.7192383,-0.654541,-0.21588135,-0.0871582
4a,4,Right Wrist,31353112,1779735325031,-5.69083,-6.128119,1.6438692,-4.33496,-9.448889,-37.086273,-151.7128,-27.950073,195.30553,0.0
4a,1,Left Ankle,5350174,1779735325032,-2.03,9.45,2.08,-28.875,-14.125,28.625,-0.7227173,-0.65185547,-0.21099854,-0.09063721
4a,3,Left Wrist,5150216,1779735325040,4.517851,-10.32234,-4.2664027,-73.174225,-40.3403,193.93922,-102.48669,-42.311848,356.3124,0.0
4a,1,Left Ankle,5350195,1779735325059,-1.85,11.45,1.35,-22.8125,-12.0,29.3125,-0.7248535,-0.65063477,-0.20605469,-0.093444824
4a,2,Right Ankle,2392251,1779735325063,-15.30036,-2.143634,0.3948157,83.15664,19.82624,114.937614,-1.2178853,78.4766,230.67583,0.0
4a,1,Left Ankle,5350213,1779735325095,-1.31,10.2,0.05,-12.4375,-19.75,23.6875,-0.7265625,-0.6500244,-0.20147705,-0.09503174
4a,1,Left Ankle,5350239,1779735325096,-1.55,10.5,-0.29,-17.375,-28.8125,17.5625,-0.7289429,-0.6491699,-0.1954956,-0.09454346
4a,4,Right Wrist,31353172,1779735325096,-3.4966118,-3.8429732,0.3589234,-5.03496,-20.858889,19.823729,-151.686,-27.914751,195.28981,0.0
4a,1,Left Ankle,5350254,1779735325116,-0.95,10.32,0.68,-24.4375,-12.4375,17.0625,-0.73150635,-0.6467285,-0.19274902,-0.09729004
4a,2,Right Ankle,2392311,1779735325124,-10.411823,-6.9867067,11.770294,-101.36336,-70.75376,93.657616,-1.236345,78.41098,230.69904,0.0
4a,3,Left Wrist,5150276,1779735325128,1.5292151,-9.24557,-4.362116,-99.284225,-11.010301,185.53923,-102.55002,-42.17827,356.32407,0.0
4a,1,Left Ankle,5350275,1779735325147,-2.51,10.74,0.12,-26.0,5.5625,15.625,-0.7340698,-0.64398193,-0.1907959,-0.10028076
4a,4,Right Wrist,31353262,1779735325149,-2.9414773,-1.2970103,0.971486,22.335041,-21.838888,83.10372,-151.65138,-27.873415,195.25789,0.0
4a,1,Left Ankle,5350298,1779735325176,-0.96,10.13,1.29,-27.6875,11.1875,16.0,-0.7364502,-0.6409302,-0.18988037,-0.10430908
4a,1,Left Ankle,5350315,1779735325177,-2.1,9.46,1.69,-20.125,2.8125,12.4375,-0.73828125,-0.6381836,-0.1895752,-0.1083374
4a,3,Left Wrist,5150336,1779735325195,-1.234495,-8.857932,-5.127819,-80.52423,15.939699,203.10922,-102.59807,-42.040466,356.32196,0.0
4a,1,Left Ankle,5350338,1779735325207,-1.38,9.67,1.51,-12.0,4.4375,12.25,-0.7394409,-0.6367798,-0.18841553,-0.1105957
4a,4,Right Wrist,31353322,1779735325209,-3.0563328,1.1771686,1.5768701,17.22504,-53.47889,129.65373,-151.63118,-27.82351,195.22388,0.0
4a,2,Right Ankle,2392372,1779735325213,-5.5567856,-11.446929,8.1738825,-109.20336,-60.60376,-18.972382,-1.5302372,78.3607,230.44728,0.0
4a,1,Left Ankle,5350360,1779735325238,-1.65,9.87,1.28,-9.6875,0.4375,12.625,-0.73999023,-0.6356201,-0.18817139,-0.11401367
4a,1,Left Ankle,5350380,1779735325238,-1.72,9.56,0.99,-16.1875,5.125,11.5625,-0.74121094,-0.6341553,-0.18695068,-0.1161499
4a,3,Left Wrist,5150426,1779735325248,-0.24625908,-7.216456,-4.871787,-28.934223,38.0597,232.64923,-102.63046,-41.898605,356.3141,0.0
4a,1,Left Ankle,5350398,1779735325271,-1.0,9.4,1.62,-20.125,11.4375,7.9375,-0.74279785,-0.6317749,-0.18695068,-0.119140625
4a,4,Right Wrist,31353382,1779735325281,-4.1929235,1.9787644,2.8402805,41.23504,-95.19888,133.43373,-151.6054,-27.763071,195.19627,0.0
4a,2,Right Ankle,2392431,1779735325281,-4.8915806,-7.3552017,4.8885365,-46.20336,-48.91376,-137.13239,-2.02304,78.31425,229.97089,0.0
4a,1,Left Ankle,5350422,1779735325297,-0.88,9.83,1.68,-21.5,7.0625,-4.9375,-0.744812,-0.6288452,-0.18774414,-0.12054443
4a,1,Left Ankle,5350439,1779735325298,-0.32,9.98,1.93,-18.125,3.5625,-21.0625,-0.7470703,-0.62579346,-0.18969727,-0.119506836
4a,3,Left Wrist,5150486,1779735325312,3.0199435,-5.4577317,-4.9794636,-21.304224,26.2297,218.36923,-102.691216,-41.79469,356.3306,0.0
4a,1,Left Ankle,5350458,1779735325326,-0.74,10.62,2.19,-13.4375,-5.25,-37.375,-0.7491455,-0.6225586,-0.19378662,-0.117004395
4a,4,Right Wrist,31353442,1779735325329,-6.999705,0.7847452,2.2899313,0.70504,-116.26888,92.27373,-151.59882,-27.694098,195.18532,0.0
4a,2,Right Ankle,2392521,1779735325333,-9.715511,4.685482,-0.20817557,-100.59336,-20.42376,-183.47238,-2.0387406,78.337975,229.97697,0.0
4a,1,Left Ankle,5350483,1779735325359,-1.34,11.45,2.15,-13.0,-8.5625,-54.625,-0.7529297,-0.6177368,-0.2006836,-0.10614014
4a,1,Left Ankle,5350501,1779735325359,-1.55,13.07,0.96,-9.5625,3.5,-71.875,-0.7539673,-0.6158447,-0.20458984,-0.10192871
4a,1,Left Ankle,5350520,1779735325386,-1.24,14.57,-1.02,-9.1875,15.6875,-94.8125,-0.7559204,-0.6113281,-0.21533203,-0.09240723
4a,4,Right Wrist,31353502,1779735325389,-7.964012,-2.3881373,1.8711873,25.485039,-137.0589,34.873726,-151.58487,-27.623228,195.19366,0.0
4a,3,Left Wrist,5150546,1779735325398,5.106485,-5.4146614,-4.9244294,15.795776,-3.5903006,180.42923,-102.75538,-41.725723,356.3676,0.0
4a,1,Left Ankle,5350539,1779735325424,-1.38,18.21,0.38,-10.75,7.3125,-127.0625,-0.7583008,-0.6053467,-0.22869873,-0.07873535
4a,1,Left Ankle,5350557,1779735325424,-0.84,23.83,1.69,-6.125,15.5625,-170.0,-0.760437,-0.59765625,-0.24682617,-0.060668945
4a,2,Right Ankle,2392582,1779735325424,-14.328873,21.05239,1.8496519,-97.44336,50.06624,-21.35238,-1.7622756,78.36109,230.27942,0.0
4a,1,Left Ankle,5350586,1779735325446,4.44,40.1,-0.2,16.875,95.625,-221.75,-0.7583008,-0.5889282,-0.27667236,-0.04034424
4a,4,Right Wrist,31353562,1779735325450,-13.776178,-10.504592,2.3856442,-6.5749598,-108.708885,-34.426273,-151.58054,-27.570557,195.21597,0.0
4a,3,Left Wrist,5150606,1779735325459,9.325031,-6.5033956,-0.51445687,48.905777,0.049699306,65.83922,-102.70507,-41.764294,356.34167,0.0
4a,1,Left Ankle,5350603,1779735325491,24.0,40.1,-2.41,52.0625,159.8125,-334.4375,-0.7401123,-0.57196045,-0.35357666,0.0060424805
4a,1,Left Ankle,5350622,1779735325491,-10.61,31.67,-2.77,81.9375,151.125,-383.6875,-0.7243042,-0.5582886,-0.4029541,0.03741455
4a,2,Right Ankle,2392641,1779735325491,-7.1384416,8.786779,-10.959127,-59.853363,25.00624,32.47762,-1.5216551,78.43131,230.53781,0.0
4a,1,Left Ankle,5350640,1779735325509,-6.61,40.1,-1.39,12.875,40.125,-300.875,-0.7211304,-0.5487671,-0.41937256,0.05432129
4a,1,Left Ankle,5350663,1779735325546,-6.22,26.94,-4.0,67.5625,-7.0625,-339.9375,-0.70526123,-0.5261841,-0.45996094,0.11895752
4a,4,Right Wrist,31353622,1779735325546,-16.434603,-9.468499,4.2520456,-214.47496,39.13111,-43.87627,-151.64114,-27.566942,195.21553,0.0
4a,2,Right Ankle,2392731,1779735325546,-12.046121,-2.92848,-0.81595254,36.606636,25.21624,17.217619,-1.704077,78.4877,230.34775,0.0
4a,3,Left Wrist,5150696,1779735325550,23.715466,-1.2918276,12.538391,469.88577,10.269699,-354.0908,-102.52739,-41.924137,356.35013,0.0
4a,1,Left Ankle,5350690,1779735325568,-5.53,21.2,3.3,74.1875,25.0625,-196.4375,-0.69384766,-0.5210571,-0.47564697,0.14428711
4a,1,Left Ankle,5350706,1779735325569,-10.63,8.16,4.34,28.3125,24.3125,-60.5,-0.68743896,-0.5187378,-0.48364258,0.15612793
4a,1,Left Ankle,5350729,1779735325596,-3.37,0.79,5.11,21.5625,46.1875,7.25,-0.6814575,-0.5217285,-0.48919678,0.15515137
4a,4,Right Wrist,31353682,1779735325599,-9.349457,3.2589247,7.412965,-167.99496,148.4711,-13.006271,-151.6877,-27.606377,195.19164,0.0
4a,2,Right Ankle,2392791,1779735325615,-10.928673,0.0027280003,2.0865414,-8.613362,22.346241,15.887619,-1.558083,78.54723,230.4948,0.0
4a,3,Left Wrist,5150756,1779735325617,13.569898,-22.183563,1.2849457,236.78577,-300.0403,-397.3508,-102.50115,-42.004784,356.48633,0.0
4a,1,Left Ankle,5350751,1779735325627,-3.78,-4.64,3.47,7.375,-2.5625,93.5625,-0.68115234,-0.5289917,-0.484375,0.14691162
4a,1,Left Ankle,5350768,1779735325627,-6.86,-1.67,4.35,7.5,-41.625,194.9375,-0.68725586,-0.54248047,-0.46502686,0.13085938
4a,1,Left Ankle,5350797,1779735325657,-5.58,-2.18,6.38,7.8125,-5.125,270.6875,-0.69299316,-0.5626221,-0.43878174,0.103393555
4a,1,Left Ankle,5350807,1779735325657,2.8,1.95,5.56,9.0,42.4375,352.75,-0.694458,-0.5876465,-0.41052246,0.062683105
4a,4,Right Wrist,31353772,1779735325659,-3.118546,2.1773686,8.106883,-76.50496,182.7711,45.44373,-151.68622,-27.657408,195.13936,0.0
4a,2,Right Ankle,2392851,1779735325663,-8.263068,-0.61701304,-0.32063824,28.90664,8.20624,29.117619,-1.5879313,78.60546,230.45766,0.0
4a,3,Left Wrist,5150846,1779735325669,-16.931412,-39.12714,-2.1774685,45.195778,-213.3103,216.33922,-102.52286,-41.85571,356.55328,0.0
4a,1,Left Ankle,5350836,1779735325715,5.22,5.93,4.09,-4.375,76.1875,466.0625,-0.69226074,-0.61712646,-0.37408447,0.0037841797
4a,1,Left Ankle,5350849,1779735325716,10.37,12.82,1.5,-20.8125,84.4375,551.625,-0.68621826,-0.6461792,-0.32696533,-0.067871094
4a,4,Right Wrist,31353832,1779735325719,-0.43619186,-5.1494546,4.237689,-65.30496,224.98111,84.293724,-151.6459,-27.713455,195.05406,0.0
4a,2,Right Ankle,2392912,1779735325722,-9.555192,0.009906459,2.0578275,47.736637,23.67624,79.30762,-1.3039507,78.56405,230.72504,0.0
4a,3,Left Wrist,5150906,1779735325727,-0.97846276,-7.46531,-1.4763715,-0.93422365,-46.2203,336.66922,-102.51165,-41.66767,356.53833,0.0
4a,1,Left Ankle,5350876,1779735325749,15.14,16.74,-0.45,-45.75,61.75,613.9375,-0.67022705,-0.68011475,-0.23175049,-0.18585205
4a,1,Left Ankle,5350895,1779735325749,20.25,14.79,3.21,-90.8125,-55.5625,688.0,-0.65563965,-0.6936035,-0.14587402,-0.26031494
4a,1,Left Ankle,5350917,1779735325775,20.77,3.55,-7.27,-74.5,-73.5,689.3125,-0.6322632,-0.6999512,-0.05230713,-0.32800293
4a,4,Right Wrist,31353892,1779735325786,0.21465588,-2.6393836,5.9820566,81.55504,187.7411,74.98373,-151.56865,-27.765827,194.98338,0.0
4a,2,Right Ankle,2392971,1779735325786,-8.34921,-1.6339628,3.668197,-6.933362,5.5462403,94.28761,-1.3217483,78.52182,230.71652,0.0
4a,3,Left Wrist,5150966,1779735325788,11.437894,-2.90459,2.723032,-277.15424,70.4697,180.98923,-102.54407,-41.660637,356.46738,0.0
4a,1,Left Ankle,5350941,1779735325806,11.13,3.53,-16.36,-66.0625,31.25,691.0625,-0.5975342,-0.6940918,0.03277588,-0.40014648
4a,1,Left Ankle,5350958,1779735325806,-2.3,8.85,-32.38,-45.3125,128.6875,669.625,-0.5548096,-0.6732178,0.10510254,-0.477417
4a,1,Left Ankle,5350984,1779735325835,-13.76,12.56,-30.6,0.0,186.0,631.4375,-0.5040283,-0.6425171,0.1605835,-0.55444336
4a,4,Right Wrist,31353952,1779735325839,1.0042874,-5.754839,6.7142606,125.655045,129.08112,18.003727,-151.48367,-27.809246,194.94032,0.0
4a,2,Right Ankle,2393032,1779735325842,-9.368552,0.30183083,0.6843473,-54.743362,-12.09376,84.69762,-1.1212481,78.57288,230.93768,0.0
4a,3,Left Wrist,5151026,1779735325847,20.061626,-0.51894593,10.351351,-98.16423,-46.500298,-50.360775,-102.56261,-41.71353,356.47162,0.0
4a,1,Left Ankle,5350998,1779735325868,-39.31,39.36,27.82,100.9375,313.3125,443.25,-0.453125,-0.6016846,0.19366455,-0.6286011
4a,1,Left Ankle,5351022,1779735325906,38.3,26.61,-19.2,40.875,-637.0,663.5,-0.359375,-0.6564331,0.30303955,-0.59002686
4a,1,Left Ankle,5351044,1779735325906,-34.54,9.02,-9.66,-38.8125,143.625,-429.9375,-0.38635254,-0.6586304,0.27661133,-0.5834961
4a,4,Right Wrist,31354012,1779735325906,-10.560224,-10.81805,0.50488555,-8.46496,149.59111,-34.426273,-151.4529,-27.833529,194.91187,0.0
4a,2,Right Ankle,2393091,1779735325906,-11.366559,2.8310444,0.79441714,36.676636,-2.4337597,28.347618,-0.73928773,78.60587,231.30148,0.0
4a,3,Left Wrist,5151086,1779735325907,2.5222366,-9.113965,3.2398818,214.31577,-276.8703,-83.75078,-102.522316,-41.69249,356.56982,0.0
4a,1,Left Ankle,5351060,1779735325927,18.42,24.41,-4.13,62.0,95.3125,259.875,-0.36627197,-0.62939453,0.28601074,-0.62280273
4a,1,Left Ankle,5351083,1779735325956,-10.91,-7.81,-2.28,27.1875,6.5,245.8125,-0.34973145,-0.64819336,0.2984619,-0.6069946
4a,1,Left Ankle,5351106,1779735325957,-30.42,27.71,0.54,-3.5,-92.9375,-24.75,-0.3328247,-0.6468506,0.31396484,-0.6101074
4a,4,Right Wrist,31354072,1779735325958,-9.3016,-8.008878,-2.2372892,16.31504,215.1111,-78.526276,-151.41861,-27.876425,194.88806,0.0
4a,2,Right Ankle,2393151,1779735325963,-11.014813,1.9361287,2.8091736,-10.013362,-48.77376,18.827618,-0.3621065,78.56947,231.67603,0.0
4a,3,Left Wrist,5151146,1779735325969,-9.846263,-9.078073,7.125826,216.41577,-151.6403,88.939224,-102.45658,-41.61982,356.61,0.0
4a,1,Left Ankle,5351128,1779735325986,-39.06,13.9,1.82,-17.375,12.625,-114.25,-0.3423462,-0.65234375,0.30737305,-0.6022949
4a,1,Left Ankle,5351145,1779735326021,-12.08,12.34,-4.93,11.8125,57.6875,-271.1875,-0.3685913,-0.6567383,0.27746582,-0.5964966
4a,1,Left Ankle,5351165,1779735326021,-3.56,11.59,-5.67,34.1875,74.5,-307.3125,-0.39849854,-0.6658325,0.23675537,-0.58465576
4a,4,Right Wrist,31354132,1779735326021,-2.3408787,4.704189,7.9896345,-49.97496,84.28111,7.7837276,-151.42812,-27.90596,194.8698,0.0
4a,3,Left Wrist,5151207,1779735326032,-6.259423,-2.8782687,6.1232333,-0.93422365,94.689705,-37.970776,-102.39996,-41.62011,356.55014,0.0
4a,2,Right Ankle,2393211,1779735326032,-9.911722,1.4121004,2.5052855,-25.623363,-3.7637596,-24.082382,-0.07499306,78.545204,231.96448,0.0
4a,1,Left Ankle,5351193,1779735326047,2.77,13.82,-2.58,63.3125,139.4375,-303.0,-0.42694092,-0.66845703,0.1876831,-0.5793457
4a,1,Left Ankle,5351209,1779735326077,7.48,12.91,-3.4,78.9375,99.3125,-294.6875,-0.4501953,-0.67108154,0.13830566,-0.5725708
4a,4,Right Wrist,31354192,1779735326080,-0.6850455,5.2784667,6.37448,83.865036,64.82111,-15.946272,-151.40039,-27.936895,194.86526,0.0
4a,2,Right Ankle,2393271,1779735326082,-8.818203,1.4216719,1.9740787,-14.563362,12.40624,-36.54238,0.22811055,78.53994,232.26399,0.0
4a,3,Left Wrist,5151266,1779735326100,-1.1890315,-15.189342,5.5800624,90.83577,111.3497,77.03922,-102.285385,-41.56449,356.46243,0.0
4a,1,Left Ankle,5351235,1779735326106,5.33,18.51,0.41,88.25,50.9375,-275.3125,-0.46868896,-0.67700195,0.09301758,-0.5597534
4a,1,Left Ankle,5351249,1779735326108,3.38,17.89,3.6,71.4375,-22.8125,-256.5,-0.48364258,-0.68688965,0.05645752,-0.5395508
4a,1,Left Ankle,5351274,1779735326137,-1.02,18.99,2.88,49.1875,-56.9375,-272.0,-0.50878906,-0.7041626,0.00982666,-0.49523926
4a,4,Right Wrist,31354252,1779735326139,-0.33808616,0.41385788,-3.2518458,71.82504,-16.168888,-12.586271,-151.44458,-27.887287,194.9035,0.0
4a,2,Right Ankle,2393332,1779735326143,-8.83256,0.85218,1.7850457,-9.873362,12.826241,-38.01238,0.539948,78.54444,232.57037,0.0
4a,3,Left Wrist,5151326,1779735326157,-0.5549334,-9.831812,2.8522444,-175.79422,178.5497,36.22922,-102.24789,-41.52371,356.34924,0.0
4a,1,Left Ankle,5351295,1779735326174,1.21,20.6,2.23,49.4375,-0.125,-272.25,-0.5252075,-0.7094116,-0.02557373,-0.46929932
4a,1,Left Ankle,5351309,1779735326174,4.08,21.72,0.75,51.5,35.25,-258.1875,-0.5321655,-0.7095947,-0.0446167,-0.4597168
4a,1,Left Ankle,5351335,1779735326198,2.88,22.5,1.97,49.375,20.3125,-248.4375,-0.55096436,-0.7084961,-0.099853516,-0.42944336
4a,1,Left Ankle,5351349,1779735326199,4.0,21.45,2.99,44.0625,-7.1875,-250.1875,-0.55737305,-0.7085571,-0.11602783,-0.41693115
4a,4,Right Wrist,31354312,1779735326199,5.0792646,1.4954139,-11.126626,152.46504,-126.90888,-56.406273,-151.49707,-27.860626,194.98694,0.0
4a,1,Left Ankle,5351374,1779735326231,3.39,22.55,1.0,22.375,-61.3125,-245.625,-0.57940674,-0.7091675,-0.15509033,-0.37060547
4a,2,Right Ankle,2393391,1779735326232,-8.87563,0.09604807,1.8185452,-2.5233622,14.71624,-32.48238,0.8411114,78.53095,232.8642,0.0
4a,1,Left Ankle,5351394,1779735326255,5.9,22.14,0.6,8.1875,-86.0,-242.375,-0.5946045,-0.708313,-0.17687988,-0.33691406
4a,4,Right Wrist,31354372,1779735326258,-11.09861,-13.677475,0.18903299,31.99504,-153.29889,15.203728,-151.4679,-27.783937,194.99701,0.0
4a,1,Left Ankle,5351412,1779735326287,7.81,20.75,1.78,-3.5625,-114.125,-233.5625,-0.60302734,-0.70770264,-0.18499756,-0.31829834
4a,1,Left Ankle,5351438,1779735326323,3.93,21.16,2.49,-21.9375,-113.75,-214.875,-0.6279297,-0.7022095,-0.20574951,-0.26513672
4a,1,Left Ankle,5351455,1779735326323,5.49,20.15,2.46,-40.3125,-82.75,-190.625,-0.64367676,-0.6953125,-0.21801758,-0.23376465
4a,2,Right Ankle,2393481,1779735326323,-8.94263,-0.22219734,1.8305094,-9.943362,3.5862403,-20.44238,0.4237727,78.52814,232.45714,0.0
4a,1,Left Ankle,5351476,1779735326351,9.79,20.04,-0.12,-43.5,-120.6875,-176.8125,-0.6593628,-0.68792725,-0.22546387,-0.20288086
4a,4,Right Wrist,31354432,1779735326352,-6.3608212,-7.24796,-0.41874397,-80.21496,-101.42889,42.92373,-151.47005,-27.716051,194.98827,0.0
4a,3,Left Wrist,5151386,1779735326359,6.917852,-9.570994,0.11246266,-105.37423,149.28969,42.949223,-102.17024,-41.496647,356.23285,0.0
4a,1,Left Ankle,5351497,1779735326377,11.74,18.33,-1.59,-45.125,-128.75,-166.625,-0.67456055,-0.68078613,-0.22796631,-0.171875
4a,1,Left Ankle,5351515,1779735326377,14.44,13.97,-4.73,-37.5,-119.125,-109.125,-0.6870117,-0.6748657,-0.22662354,-0.14556885
4a,2,Right Ankle,2393572,1779735326391,-9.430765,-0.66008383,1.3974085,-17.153362,0.15624017,-12.322382,0.13085428,78.568245,232.1751,0.0
4a,1,Left Ankle,5351545,1779735326407,16.27,10.6,-6.11,-24.5,-90.125,-62.125,-0.6956787,-0.6710205,-0.22277832,-0.12695312
4a,1,Left Ankle,5351555,1779735326407,17.88,8.32,-5.52,-11.9375,-61.1875,-15.4375,-0.7003784,-0.66967773,-0.21765137,-0.11651611
4a,3,Left Wrist,5151653,1779735326418,6.781461,-9.1809635,-3.0053852,23.845776,-6.600301,29.439222,-102.26285,-41.403645,356.2328,0.0
4a,1,Left Ankle,5351581,1779735326438,39.04,6.74,-6.45,23.0,-35.5625,83.125,-0.6998291,-0.6738281,-0.20617676,-0.11694336
4a,4,Right Wrist,31354492,1779735326439,-6.6838517,-5.2523456,1.457229,-37.09496,-125.71888,69.31372,-151.46083,-27.642067,194.97769,0.0
4a,2,Right Ankle,2393631,1779735326443,-9.658083,-0.4303729,1.8089738,-29.123363,6.45624,-17.43238,-0.25920522,78.59276,231.80145,0.0
4a,1,Left Ankle,5351596,1779735326468,15.4,21.42,15.71,-75.4375,64.75,272.3125,-0.69921875,-0.67492676,-0.18310547,-0.14849854
4a,1,Left Ankle,5351622,1779735326498,8.49,3.8,-15.87,-5.4375,-86.9375,10.6875,-0.68707275,-0.6852417,-0.18292236,-0.15777588
4a,1,Left Ankle,5351644,1779735326499,5.25,-6.23,-2.08,-85.625,40.75,-6.4375,-0.7000122,-0.6719971,-0.1854248,-0.15490723
4a,4,Right Wrist,31354582,1779735326500,-6.346464,-2.3498523,4.941179,-58.02496,-178.0089,133.78372,-151.46082,-27.553255,194.95824,0.0
4a,2,Right Ankle,2393691,1779735326503,-10.493178,0.90960777,1.1629118,4.336638,11.496241,-25.902382,-0.07804071,78.642166,231.97585,0.0
4a,3,Left Wrist,5151672,1779735326509,6.8101745,-9.27907,-2.538785,-11.924224,-12.270301,31.049221,-102.30366,-41.327938,356.25842,0.0
4a,1,Left Ankle,5351660,1779735326528,-14.82,10.88,7.94,-47.0625,81.375,29.0625,-0.70202637,-0.6641846,-0.19030762,-0.17248535
4a,1,Left Ankle,5351685,1779735326557,3.16,9.79,-0.09,-4.3125,-41.0,46.875,-0.70477295,-0.6635132,-0.18066406,-0.1741333
4a,1,Left Ankle,5351705,1779735326558,5.0,14.16,-0.34,-0.625,-2.5,43.25,-0.7036743,-0.66516113,-0.17462158,-0.17858887
4a,4,Right Wrist,31354672,1779735326559,-6.1167526,2.643969,6.235696,-83.92496,-191.7289,143.72372,-151.48203,-27.46488,194.94374,0.0
4a,3,Left Wrist,5151716,1779735326580,5.168699,-9.037395,-3.1106694,-55.184223,-24.240301,32.519222,-102.36754,-41.251373,356.29224,0.0
4a,2,Right Ankle,2393751,1779735326583,-7.6026487,1.1512829,-0.13399807,54.036636,13.10624,-50.33238,0.035795886,78.69742,232.0655,0.0
4a,1,Left Ankle,5351727,1779735326587,-2.71,14.31,2.27,4.0625,-12.0625,33.75,-0.7024536,-0.66741943,-0.16918945,-0.18023682
4a,1,Left Ankle,5351745,1779735326631,0.94,9.2,0.28,12.1875,4.1875,27.125,-0.7005005,-0.66955566,-0.1663208,-0.18267822
4a,1,Left Ankle,5351764,1779735326631,-0.1,10.1,0.48,11.8125,-11.875,15.9375,-0.6984863,-0.6716919,-0.1640625,-0.18450928
4a,4,Right Wrist,31354732,1779735326631,-6.3751783,3.0387845,3.505485,22.055038,-133.1389,99.903725,-151.47337,-27.396465,194.93579,0.0
4a,2,Right Ankle,2393811,1779735326632,-12.235154,4.127954,1.5146567,234.00664,9.326241,-11.342381,0.47410724,78.71658,232.41444,0.0
4a,3,Left Wrist,5151806,1779735326632,4.393424,-9.740885,-2.8785658,-25.434223,-54.8303,41.54922,-102.41088,-41.160053,356.32666,0.0
4a,1,Left Ankle,5351787,1779735326646,-0.18,10.08,0.1,9.75,-24.5625,14.1875,-0.6977539,-0.67401123,-0.15942383,-0.1828003
4a,1,Left Ankle,5351803,1779735326676,-0.54,10.0,0.73,10.0,-32.0,15.1875,-0.69677734,-0.6765137,-0.15466309,-0.18139648
4a,1,Left Ankle,5351826,1779735326678,-0.82,9.4,0.4,13.625,2.625,18.8125,-0.6947632,-0.67858887,-0.15270996,-0.18286133
4a,4,Right Wrist,31354792,1779735326678,-5.69083,1.629412,1.6582261,53.34504,-36.608887,74.14372,-151.4492,-27.355633,194.91847,0.0
4a,2,Right Ankle,2393872,1779735326683,-12.390687,8.796351,-3.9098723,18.966637,-7.40376,101.84762,0.9676122,78.755424,232.8989,0.0
4a,1,Left Ankle,5351847,1779735326707,-0.66,9.77,0.37,15.3125,21.1875,26.375,-0.6918335,-0.68048096,-0.15240479,-0.18743896
4a,3,Left Wrist,5151866,1779735326718,3.0917287,-14.282462,-2.0315065,-20.674223,-57.070297,29.299221,-102.41875,-41.074368,356.3401,0.0
4a,1,Left Ankle,5351864,1779735326736,0.05,9.97,0.35,13.25,16.0625,21.25,-0.68896484,-0.68200684,-0.15252686,-0.19207764
4a,1,Left Ankle,5351887,1779735326737,0.07,9.5,0.28,11.6875,0.375,15.625,-0.68688965,-0.68377686,-0.15142822,-0.19415283
4a,4,Right Wrist,31354852,1779735326746,-1.931706,1.9189433,2.3665016,114.73504,56.77111,31.303728,-151.40309,-27.36574,194.89874,0.0
4a,2,Right Ankle,2393931,1779735326747,-9.737046,4.893657,-3.5557344,43.186638,27.66624,147.62761,1.4874934,78.81429,233.40413,0.0
4a,1,Left Ankle,5351910,1779735326765,-0.04,9.53,0.37,11.375,-10.875,11.6875,-0.6852417,-0.68548584,-0.15008545,-0.19506836
4a,3,Left Wrist,5151926,1779735326780,3.342975,-14.904595,-3.2135608,28.045776,-67.0803,44.20922,-102.42509,-40.979637,356.36542,0.0
4a,4,Right Wrist,31354912,1779735326799,-0.3787642,0.38753685,3.385844,123.06504,78.401115,-8.246272,-151.34593,-27.397873,194.88283,0.0
4a,1,Left Ankle,5351934,1779735326798,-0.31,9.66,0.38,14.75,-8.5625,11.0,-0.6828003,-0.6887207,-0.14697266,-0.19458008
4a,2,Right Ankle,2393992,1779735326803,-6.6359487,-0.021200227,-1.253839,10.146637,56.71624,122.42762,1.7125248,78.891205,233.62985,0.0
4a,1,Left Ankle,5351950,1779735326832,-0.43,9.72,0.16,17.375,-3.5,11.8125,-0.6816406,-0.6899414,-0.1463623,-0.19482422
4a,3,Left Wrist,5152016,1779735326839,1.7661048,-10.851154,-4.314259,-7.514223,-66.3103,69.19922,-102.471634,-40.878834,356.4073,0.0
4a,1,Left Ankle,5351977,1779735326856,-0.27,9.91,-0.14,18.375,6.5,14.0625,-0.67749023,-0.6933594,-0.14593506,-0.1975708
4a,1,Left Ankle,5351994,1779735326857,0.18,9.88,-0.14,15.75,8.0,9.875,-0.6749878,-0.6951904,-0.14611816,-0.19934082
4a,4,Right Wrist,31354972,1779735326858,0.8200399,-1.9382863,2.0602202,94.99504,60.76111,-25.466272,-151.28368,-27.431154,194.86732,0.0
4a,2,Right Ankle,2394051,1779735326863,-6.1071343,-1.995279,2.2755742,-14.283361,53.56624,55.71762,1.5055587,78.88088,233.43547,0.0
4a,1,Left Ankle,5352010,1779735326886,0.49,9.71,0.06,15.6875,8.5,6.875,-0.673584,-0.6958618,-0.14733887,-0.2008667
4a,3,Left Wrist,5152076,1779735326905,0.33998248,-8.838791,-3.67059,-48.114223,-54.4103,78.08922,-102.526566,-40.77534,356.4418,0.0
4a,1,Left Ankle,5352038,1779735326917,0.28,9.37,0.1,15.8125,5.25,0.625,-0.6704712,-0.6984253,-0.14880371,-0.20141602
4a,1,Left Ankle,5352056,1779735326917,0.19,10.18,-0.17,20.125,1.4375,0.8125,-0.6679077,-0.7005615,-0.14996338,-0.20159912
4a,4,Right Wrist,31355032,1779735326919,1.2196414,-2.6633115,0.5192425,42.77504,50.26111,-28.476273,-151.22691,-27.461445,194.8483,0.0
4a,2,Right Ankle,2394112,1779735326929,-6.355988,-2.844731,3.5820553,-40.25336,26.33624,-17.43238,1.2192605,78.85474,233.16719,0.0
4a,1,Left Ankle,5352076,1779735326947,0.72,9.76,-0.08,18.5625,-2.9375,0.6875,-0.66552734,-0.7030029,-0.15014648,-0.2006836
4a,1,Left Ankle,5352095,1779735326949,0.51,9.8,-0.24,25.875,-10.1875,-2.375,-0.66308594,-0.7059326,-0.1505127,-0.19830322
4a,3,Left Wrist,5152136,1779735326957,1.8809599,-9.377175,-3.3762727,-53.224224,-55.0403,117.149216,-102.57786,-40.658005,356.4706,0.0
4a,1,Left Ankle,5352117,1779735326977,-0.17,9.73,-0.5,22.0625,-16.4375,-3.375,-0.66064453,-0.70825195,-0.15228271,-0.19689941
4a,4,Right Wrist,31355092,1779735326979,1.7221342,-1.7229327,0.13399807,3.5050402,44.73111,-25.816273,-151.18889,-27.504463,194.83165,0.0
4a,2,Right Ankle,2394171,1779735326990,-8.90913,-6.6158195,3.129812,-72.80336,53.49624,-66.29238,0.72797346,78.86131,232.70573,0.0
4a,1,Left Ankle,5352146,1779735327009,-0.19,10.2,-0.34,18.9375,-14.3125,-0.5625,-0.6593628,-0.7103882,-0.15252686,-0.1930542
4a,1,Left Ankle,5352163,1779735327040,-0.86,9.8,-0.09,26.5,-10.5,7.125,-0.65441895,-0.7156372,-0.15112305,-0.19165039
4a,1,Left Ankle,5352182,1779735327041,-0.05,9.99,-0.6,37.75,-15.0625,14.625,-0.64959717,-0.72088623,-0.14849854,-0.19036865
4a,4,Right Wrist,31355152,1779735327041,2.1528423,-0.031206455,0.32542387,18.765041,27.861113,-10.276272,-151.17761,-27.553202,194.8281,0.0
4a,2,Right Ankle,2394231,1779735327043,-11.833159,-6.563177,5.9126644,-46.483364,10.02624,-69.44238,0.30219176,78.836075,232.29921,0.0
4a,3,Left Wrist,5152196,1779735327049,1.7421763,-10.164413,-1.2155539,12.155777,-46.990303,169.64922,-102.558586,-40.527042,356.4632,0.0
4a,1,Left Ankle,5352198,1779735327075,-0.17,9.65,-0.8,40.0625,-19.375,21.3125,-0.6470337,-0.72369385,-0.14678955,-0.18988037
4a,1,Left Ankle,5352224,1779735327098,-0.83,10.08,-1.5,40.875,-15.5625,27.4375,-0.6386719,-0.7319946,-0.14154053,-0.19036865
4a,1,Left Ankle,5352243,1779735327098,0.35,10.34,-2.34,42.3125,-0.875,36.6875,-0.63238525,-0.73742676,-0.13812256,-0.19281006
4a,4,Right Wrist,31355212,1779735327108,1.6599208,1.2704887,-0.6197411,43.96504,10.431111,-7.9662714,-151.19937,-27.592442,194.84589,0.0
4a,2,Right Ankle,2394291,1779735327108,-11.983908,-2.9045515,0.0,79.51664,-41.21376,-27.51238,0.006316836,78.864296,231.97989,0.0
4a,3,Left Wrist,5152256,1779735327108,0.41416007,-7.958232,-0.552742,-12.204224,-20.3903,182.59923,-102.53561,-40.397644,356.44028,0.0
4a,1,Left Ankle,5352265,1779735327125,1.86,10.61,-2.64,36.875,-5.375,32.9375,-0.6269531,-0.7421875,-0.1348877,-0.19458008
4a,1,Left Ankle,5352285,1779735327154,1.54,12.41,-4.09,36.375,-15.6875,28.3125,-0.6220093,-0.7470703,-0.13079834,-0.19470215
4a,4,Right Wrist,31355272,1779735327164,0.87268215,1.0407774,0.071784675,52.925037,-28.768888,-9.506271,-151.2106,-27.612059,194.86652,0.0
4a,2,Right Ankle,2394351,1779735327164,-11.897765,1.2469958,-5.2785664,-48.513363,-53.32376,-8.822382,0.026380518,78.90639,232.01553,0.0
4a,3,Left Wrist,5152346,1779735327167,-0.2677946,-5.3500547,-3.182454,-22.634224,-0.37030077,156.20923,-102.57654,-40.276367,356.45273,0.0
4a,1,Left Ankle,5352307,1779735327186,1.03,12.03,-4.28,34.125,-15.625,28.8125,-0.61950684,-0.7494507,-0.12872314,-0.19488525
4a,1,Left Ankle,5352324,1779735327187,1.59,11.64,-3.56,29.8125,-16.5,28.5,-0.61291504,-0.7559204,-0.122802734,-0.19439697
4a,1,Left Ankle,5352346,1779735327224,3.52,11.65,-5.06,28.5625,-33.625,37.9375,-0.6083374,-0.7607422,-0.11645508,-0.19396973
4a,1,Left Ankle,5352364,1779735327224,-1.25,10.07,-2.72,27.25,-82.1875,24.0625,-0.60491943,-0.76690674,-0.10559082,-0.1864624
4a,4,Right Wrist,31355332,1779735327224,-1.8527428,-0.40687984,0.15074782,4.3450403,-53.68889,-10.416272,-151.20763,-27.570265,194.87666,0.0
4a,2,Right Ankle,2394412,1779735327235,-8.241532,0.18218969,3.0317063,5.176638,-48.00376,0.6276189,0.06426717,78.83761,232.05101,0.0
4a,3,Left Wrist,5152406,1779735327235,1.0745792,-3.2922273,-4.9387856,-51.12422,-10.100301,129.39922,-102.67165,-40.20147,356.49774,0.0
4a,1,Left Ankle,5352396,1779735327276,-4.19,8.97,1.2,25.375,-67.4375,14.6875,-0.6022949,-0.7719116,-0.097351074,-0.17871094
4a,1,Left Ankle,5352405,1779735327276,-4.05,8.17,1.7,24.25,-56.75,10.625,-0.59973145,-0.7762451,-0.09057617,-0.17181396
4a,4,Right Wrist,31355392,1779735327278,-5.4802623,-0.18674013,0.6699903,-40.94496,-42.138885,-21.266272,-151.22612,-27.536358,194.89066,0.0
4a,2,Right Ankle,2394471,1779735327283,-9.741833,0.75885993,1.4907286,-19.603363,-27.42376,-7.352381,0.35689563,78.86156,232.34431,0.0
4a,3,Left Wrist,5152466,1779735327287,-0.4472563,-3.9358966,-4.45065,-28.164223,10.4096985,107.909225,-102.74059,-40.113102,356.52686,0.0
4a,1,Left Ankle,5352431,1779735327305,-4.73,8.17,1.64,12.4375,-29.5625,15.8125,-0.5975342,-0.7792969,-0.08532715,-0.16833496
4a,1,Left Ankle,5352447,1779735327306,-7.32,8.9,2.9,3.5,-18.6875,2.75,-0.59716797,-0.7803345,-0.08258057,-0.1661377
4a,1,Left Ankle,5352467,1779735327336,-6.13,8.98,2.91,1.125,-11.0,-28.9375,-0.5977173,-0.78063965,-0.083984375,-0.16223145
4a,4,Right Wrist,31355452,1779735327340,-6.9135633,-0.8040888,1.0025927,-0.34495997,-17.638887,-66.346275,-151.23277,-27.517511,194.91432,0.0
4a,2,Right Ankle,2394532,1779735327344,-11.151205,-1.8038532,-0.035892338,0.90663767,-13.77376,-13.092381,0.12501013,78.90569,232.11563,0.0
4a,3,Left Wrist,5152526,1779735327359,2.2877398,-4.3785686,-6.039484,65.84577,-10.520301,116.23923,-102.79548,-40.04891,356.57288,0.0
4a,1,Left Ankle,5352489,1779735327372,-1.32,6.64,-0.06,6.8125,18.5,-27.875,-0.5975952,-0.7805786,-0.08911133,-0.16021729
4a,1,Left Ankle,5352509,1779735327373,1.39,4.3,-1.43,10.9375,34.125,-33.25,-0.5965576,-0.78015137,-0.09686279,-0.16156006
4a,1,Left Ankle,5352527,1779735327396,6.16,2.96,-3.4,3.125,5.6875,-19.0625,-0.59606934,-0.78009033,-0.10168457,-0.16064453
4a,1,Left Ankle,5352544,1779735327397,5.03,3.19,-0.51,-12.3125,-30.75,9.25,-0.59747314,-0.7798462,-0.09899902,-0.1583252
4a,4,Right Wrist,31355512,1779735327405,-6.1574306,-1.119941,1.7970098,5.32504,-8.398888,-94.69627,-151.23798,-27.509836,194.94455,0.0
4a,2,Right Ankle,2394591,1779735327405,-9.421194,1.2063178,0.768096,18.756638,2.4662402,-18.972382,0.35426867,78.94956,232.33289,0.0
4a,3,Left Wrist,5152586,1779735327408,3.555936,-2.8112698,-4.706682,14.8857765,-2.8203006,55.05922,-102.873245,-40.034676,356.62375,0.0
4a,1,Left Ankle,5352572,1779735327427,7.2,5.69,-1.89,5.875,-111.25,39.0625,-0.59954834,-0.78125,-0.08660889,-0.15039062
4a,1,Left Ankle,5352595,1779735327457,4.83,7.44,-12.46,13.375,-1.5,77.9375,-0.5886841,-0.78808594,-0.06958008,-0.16583252
4a,4,Right Wrist,31355572,1779735327459,-4.8389854,-4.0535417,0.3924229,-14.62496,-16.728888,-110.44627,-151.23924,-27.495943,194.97527,0.0
4a,2,Right Ankle,2394651,1779735327463,-8.246318,1.9026291,0.8350951,-16.173363,-14.19376,-16.452381,0.6741904,78.971306,232.65134,0.0
4a,1,Left Ankle,5352612,1779735327489,-9.15,40.1,-4.14,45.125,63.625,97.5,-0.58392334,-0.789978,-0.06689453,-0.17462158
4a,1,Left Ankle,5352633,1779735327489,12.09,4.19,-0.82,-63.75,-26.25,-103.0625,-0.5969238,-0.7819824,-0.08099365,-0.16015625
4a,3,Left Wrist,5152646,1779735327501,5.312268,-3.1319082,-4.132405,114.42577,6.2796993,34.759224,-102.909035,-40.051033,356.66873,0.0
4a,1,Left Ankle,5352648,1779735327528,-4.7,-8.29,-0.28,-23.9375,14.0625,10.5,-0.5982666,-0.78063965,-0.08068848,-0.16174316
4a,4,Right Wrist,31355632,1779735327528,-4.468098,-6.0467634,0.2321038,-49.414963,-27.228888,-80.486275,-151.24141,-27.475252,194.9942,0.0
4a,2,Right Ankle,2394711,1779735327528,-9.196269,0.033834685,1.536192,-10.713362,7.8562403,5.317619,0.6980474,79.02815,232.67876,0.0
4a,1,Left Ankle,5352673,1779735327548,-0.77,14.8,-2.77,-14.3125,-22.8125,-5.125,-0.5991821,-0.7797241,-0.076049805,-0.16491699
4a,3,Left Wrist,5152707,1779735327560,4.283354,-4.4934244,-2.4095724,134.93578,-5.480301,-3.7407799,-102.93915,-40.05676,356.72006,0.0
4a,1,Left Ankle,5352696,1779735327577,2.39,11.99,-0.72,-28.9375,-40.125,-11.8125,-0.60491943,-0.77734375,-0.07183838,-0.15698242
4a,1,Left Ankle,5352714,1779735327577,0.63,12.33,0.06,1.25,22.0625,-21.375,-0.6051636,-0.77648926,-0.07525635,-0.15863037
4a,4,Right Wrist,31355692,1779735327579,-5.5233326,-5.9678,0.16031912,-112.41496,-33.108887,-1.876272,-151.25697,-27.437744,194.98872,0.0
4a,2,Right Ankle,2394771,1779735327584,-9.789688,0.062548555,0.33738798,-3.2933621,-1.8037597,-2.942381,0.7027703,79.08319,232.68433,0.0
4a,1,Left Ankle,5352740,1779735327611,0.14,8.17,-3.6,2.4375,26.1875,1.6875,-0.6045532,-0.77593994,-0.07891846,-0.16192627
4a,1,Left Ankle,5352758,1779735327611,0.66,8.9,-2.9,-0.375,10.8125,0.5625,-0.604187,-0.77563477,-0.08026123,-0.1640625
4a,1,Left Ankle,5352784,1779735327638,0.55,9.22,-2.02,-2.5625,-13.875,3.3125,-0.6047363,-0.77545166,-0.07922363,-0.16320801
4a,4,Right Wrist,31355752,1779735327640,-6.044968,-0.04556348,1.7443677,-82.314964,-28.838888,60.56373,-151.27438,-27.398783,194.97133,0.0
4a,2,Right Ankle,2394832,1779735327644,-9.224983,0.38079396,0.7537392,-4.133362,15.416241,6.857619,0.8189922,79.14182,232.80038,0.0
4a,3,Left Wrist,5152796,1779735327649,-1.1722815,-6.7737846,-5.233103,58.425777,-35.4403,-72.90077,-102.984886,-40.01419,356.77618,0.0
4a,1,Left Ankle,5352799,1779735327678,0.14,9.5,-2.34,-3.625,-20.8125,4.5,-0.60510254,-0.77557373,-0.077819824,-0.16210938
4a,1,Left Ankle,5352824,1779735327699,0.44,10.68,-1.76,-7.0625,6.8125,10.6875,-0.60614014,-0.7750244,-0.07501221,-0.16223145
4a,1,Left Ankle,5352846,1779735327710,0.73,9.54,-1.45,-5.875,12.375,5.6875,-0.6063843,-0.77459717,-0.07519531,-0.16339111
4a,4,Right Wrist,31355812,1779735327710,-5.013662,0.9402795,1.5170496,16.66504,6.6511116,49.71373,-151.26064,-27.374525,194.95317,0.0
4a,2,Right Ankle,2394891,1779735327711,-9.490586,0.3281519,0.2847459,-13.723362,9.60624,-0.63238096,0.8766024,79.2001,232.86156,0.0
4a,3,Left Wrist,5152856,1779735327720,-4.402592,-9.0685005,-5.7667027,43.165775,-11.9203005,-56.59078,-103.00934,-39.963978,356.8081,0.0
4a,1,Left Ankle,5352864,1779735327726,0.88,8.9,-1.98,-3.1875,13.125,5.625,-0.60632324,-0.7735596,-0.0769043,-0.16748047
4a,1,Left Ankle,5352885,1779735327757,0.94,9.35,-2.1,-2.25,2.875,5.5625,-0.6063843,-0.7733154,-0.07659912,-0.16864014
4a,1,Left Ankle,5352900,1779735327759,1.29,10.11,-1.93,-3.25,0.5,5.8125,-0.60650635,-0.77319336,-0.076171875,-0.16894531
4a,4,Right Wrist,31355872,1779735327760,-5.348657,-1.2467606,2.07697,63.63504,26.741112,15.553728,-151.22298,-27.361156,194.93785,0.0
4a,2,Right Ankle,2394952,1779735327763,-9.047914,0.72296757,0.25842485,-5.5333624,4.91624,-0.0023810863,1.0161878,79.25428,233.00063,0.0
4a,3,Left Wrist,5152946,1779735327768,-0.85882163,-8.874682,-3.7256248,-22.214224,14.189699,36.579224,-103.033615,-39.879715,356.81284,0.0
4a,1,Left Ankle,5352926,1779735327800,1.04,9.93,-1.57,-4.375,-3.375,5.75,-0.60717773,-0.7727051,-0.074523926,-0.16937256
4a,1,Left Ankle,5352963,1779735327819,0.73,9.54,-1.76,2.9375,8.3125,5.8125,-0.60650635,-0.77264404,-0.07446289,-0.17199707
4a,4,Right Wrist,31355932,1779735327820,-4.702595,-3.5438704,1.5720845,21.285042,26.041111,3.233728,-151.1914,-27.347338,194.922,0.0
4a,1,Left Ankle,5352943,1779735327820,0.52,9.25,-1.81,0.0625,5.9375,5.5,-0.6071167,-0.772583,-0.07421875,-0.17028809
4a,2,Right Ankle,2395011,1779735327823,-9.339838,0.029049039,0.10767702,-13.023362,2.32624,3.847619,1.0238029,79.31097,233.01285,0.0
4a,3,Left Wrist,5153006,1779735327829,1.344968,-6.7426777,-2.2420747,-19.414223,7.189699,58.27922,-103.05285,-39.786167,356.8154,0.0
4a,1,Left Ankle,5352984,1779735327846,1.2,9.87,-1.7,4.875,3.5,5.1875,-0.60565186,-0.7730713,-0.07434082,-0.17321777
4a,1,Left Ankle,5353006,1779735327878,1.67,9.79,-1.69,4.875,0.8125,3.375,-0.60491943,-0.7736206,-0.07421875,-0.17346191
4a,1,Left Ankle,5353024,1779735327879,0.89,9.22,-2.11,5.4375,-5.5,-1.3125,-0.60424805,-0.774292,-0.07397461,-0.17272949
4a,4,Right Wrist,31355992,1779735327879,-3.9105709,-2.644169,1.9286151,-31.49496,24.921112,10.653728,-151.17873,-27.335356,194.9045,0.0
4a,2,Right Ankle,2395072,1779735327883,-8.949808,0.40232936,0.18424734,-7.283362,-2.2937598,1.957619,1.1051651,79.36477,233.09538,0.0
4a,1,Left Ankle,5353048,1779735327906,0.48,9.29,-2.31,5.6875,-5.5,0.8125,-0.60357666,-0.77508545,-0.07348633,-0.171875
4a,1,Left Ankle,5353067,1779735327937,0.72,9.18,-2.36,4.5625,-0.6875,1.1875,-0.6029053,-0.77563477,-0.07336426,-0.17175293
4a,1,Left Ankle,5353087,1779735327939,1.17,9.57,-1.99,2.1875,-3.3125,1.125,-0.602478,-0.776001,-0.07305908,-0.17156982
4a,4,Right Wrist,31356052,1779735327939,-3.74068,-0.91415834,2.1750758,-18.61496,21.561111,8.903728,-151.17023,-27.32555,194.89197,0.0
4a,2,Right Ankle,2395131,1779735327944,-9.093377,0.38557965,0.33020952,-7.4233623,-4.9537597,3.2876189,1.1919822,79.4174,233.18347,0.0
4a,3,Left Wrist,5153066,1779735327948,1.7397839,-7.216456,-1.8544375,-1.7042235,-5.1303005,59.11922,-103.05606,-39.690388,356.81482,0.0
4a,1,Left Ankle,5353109,1779735327969,0.87,9.68,-2.05,1.5,-2.6875,1.0625,-0.6022949,-0.77630615,-0.0725708,-0.17126465
4a,1,Left Ankle,5353134,1779735327997,0.93,9.45,-1.92,2.375,3.8125,0.8125,-0.6018677,-0.7765503,-0.07281494,-0.17156982
4a,4,Right Wrist,31356112,1779735328000,-3.4870408,-0.7945172,2.0027926,18.695042,15.261112,4.633728,-151.15028,-27.314453,194.88226,0.0
4a,2,Right Ankle,2395191,1779735328009,-9.227375,0.17979687,0.33978084,-6.793362,-5.79376,5.737619,1.2386522,79.47058,233.23201,0.0
4a,3,Left Wrist,5153230,1779735328009,1.2827543,-8.274084,-3.2183464,-35.654224,-7.6503005,26.639221,-103.10356,-39.51769,356.83807,0.0
4a,1,Left Ankle,5353150,1779735328036,1.06,9.04,-1.87,2.6875,3.1875,0.0,-0.60162354,-0.77667236,-0.07299805,-0.17175293
4a,1,Left Ankle,5353178,1779735328060,0.97,9.49,-2.25,3.4375,-0.6875,1.5625,-0.6008301,-0.77716064,-0.07330322,-0.17211914
4a,1,Left Ankle,5353196,1779735328071,1.1,9.56,-2.12,2.75,-0.25,1.9375,-0.60046387,-0.7774658,-0.07318115,-0.17230225
4a,4,Right Wrist,31356172,1779735328071,-3.4774692,-0.52652097,0.74416786,26.74504,5.601112,-2.856272,-151.13362,-27.293674,194.87885,0.0
4a,2,Right Ankle,2395251,1779735328071,-9.160376,0.38079396,0.43310088,-7.983362,-7.2637596,8.117619,1.339989,79.52202,233.33485,0.0
4a,3,Left Wrist,5153249,1779735328071,1.0769717,-7.984553,-4.0558343,-24.804224,-7.6503005,30.489222,-103.152374,-39.438797,356.86374,0.0
4a,1,Left Ankle,5353210,1779735328085,1.07,9.49,-2.0,2.5,1.0625,0.6875,-0.60028076,-0.7775879,-0.07312012,-0.17230225
4a,1,Left Ankle,5353235,1779735328087,0.53,9.4,-2.12,3.3125,2.0625,2.375,-0.59954834,-0.77801514,-0.07312012,-0.17285156
4a,1,Left Ankle,5353250,1779735328117,0.96,8.91,-2.21,3.75,2.625,2.75,-0.59924316,-0.77819824,-0.07312012,-0.17315674
4a,4,Right Wrist,31356232,1779735328119,-4.6690955,-0.74666065,-0.05742774,28.075039,-11.268888,-13.006271,-151.12201,-27.26267,194.88326,0.0
4a,2,Right Ankle,2395311,1779735328123,-9.418801,0.7516815,0.55513483,-10.013362,-4.1137595,2.7976189,1.5195999,79.570724,233.51515,0.0
4a,3,Left Wrist,5153306,1779735328128,0.2586264,-9.212071,-6.0825553,-41.954224,-12.970301,52.539223,-103.21683,-39.355976,356.8955,0.0
4a,1,Left Ankle,5353273,1779735328146,1.03,9.3,-2.17,3.0,0.0,3.625,-0.5983887,-0.7786865,-0.07287598,-0.17388916
4a,1,Left Ankle,5353296,1779735328147,1.03,9.49,-2.13,2.3125,-0.1875,4.9375,-0.5979614,-0.7789917,-0.07232666,-0.17425537
4a,1,Left Ankle,5353314,1779735328186,0.92,9.7,-2.23,1.625,4.625,6.4375,-0.5974121,-0.77911377,-0.072387695,-0.17572021
4a,4,Right Wrist,31356292,1779735328187,-5.2170515,-2.199104,0.42113677,11.13504,-14.068888,-8.176271,-151.10713,-27.231813,194.88255,0.0
4a,3,Left Wrist,5153366,1779735328189,0.39262453,-6.170793,-5.4317074,-95.22423,-18.500301,61.91922,-103.31424,-39.279354,356.9372,0.0
4a,1,Left Ankle,5353340,1779735328207,1.73,9.4,-1.96,1.375,4.6875,3.75,-0.59698486,-0.7791748,-0.07232666,-0.17681885
4a,1,Left Ankle,5353354,1779735328208,1.48,9.31,-1.84,1.1875,2.5625,1.8125,-0.5963135,-0.77905273,-0.074035645,-0.17877197
4a,2,Right Ankle,2395372,1779735328213,-9.201054,0.4454002,0.5240282,-9.6633625,-0.1937598,0.06761885,1.6283032,79.62375,233.62534,0.0
4a,1,Left Ankle,5353376,1779735328237,1.22,9.54,-2.43,-0.625,-1.5,-1.0,-0.5963745,-0.77905273,-0.074035645,-0.1786499
4a,4,Right Wrist,31356352,1779735328240,-5.506583,-2.7805603,1.4356936,7.9850397,-1.1188879,7.713728,-151.08682,-27.207148,194.8726,0.0
4a,3,Left Wrist,5153426,1779735328248,1.4550375,-5.2926273,-3.5940197,-26.974224,-8.770301,48.68922,-103.38177,-39.208843,356.97324,0.0
4a,1,Left Ankle,5353395,1779735328268,1.08,9.74,-1.85,-4.125,-1.6875,-2.5625,-0.5970459,-0.7786865,-0.074035645,-0.17810059
4a,1,Left Ankle,5353417,1779735328268,1.45,9.54,-1.81,0.0,-2.5,-4.1875,-0.5974121,-0.7786865,-0.07366943,-0.17706299
4a,2,Right Ankle,2395431,1779735328274,-9.155591,-0.11930596,0.2440679,-6.933362,-6.21376,11.057619,1.6189893,79.67713,233.61926,0.0
4a,1,Left Ankle,5353437,1779735328303,0.73,9.59,-1.95,3.5625,-5.75,-3.9375,-0.59729004,-0.7789917,-0.073791504,-0.17596436
4a,4,Right Wrist,31356412,1779735328303,-5.3917274,-2.2948172,1.1389836,19.535042,15.961111,-6.286272,-151.06523,-27.188877,194.86517,0.0
4a,3,Left Wrist,5153486,1779735328310,2.2638118,-7.9151607,-2.9910283,17.125776,17.4797,51.13922,-103.39556,-39.121445,356.97794,0.0
4a,1,Left Ankle,5353457,1779735328335,1.06,9.41,-2.05,4.8125,-3.5625,-2.625,-0.597229,-0.7793579,-0.074523926,-0.1743164
4a,2,Right Ankle,2395521,1779735328336,-8.9665575,0.8019308,0.74656063,-5.813362,-14.47376,16.72762,1.8840947,79.71761,233.88312,0.0
4a,1,Left Ankle,5353479,1779735328357,0.77,9.79,-2.26,5.4375,0.4375,1.5625,-0.59643555,-0.77996826,-0.074523926,-0.17419434
4a,1,Left Ankle,5353501,1779735328359,0.36,10.06,-2.24,5.9375,5.5625,9.5625,-0.595459,-0.7805176,-0.074157715,-0.17547607
4a,4,Right Wrist,31356472,1779735328359,-5.6046886,-1.9358939,0.021535404,31.015038,21.421112,-24.836271,-151.04575,-27.169441,194.86476,0.0
4a,3,Left Wrist,5153546,1779735328371,3.9507515,-7.6830564,-1.916651,15.025777,52.4797,37.34922,-103.37765,-39.037575,356.9538,0.0
4a,1,Left Ankle,5353518,1779735328389,1.36,10.3,-1.98,5.6875,7.375,14.75,-0.5941162,-0.78100586,-0.07342529,-0.17779541
4a,2,Right Ankle,2395582,1779735328395,-9.358981,1.0914624,0.86620176,-11.693362,-13.56376,9.4476185,2.1968799,79.75186,234.19543,0.0
4a,1,Left Ankle,5353542,1779735328429,0.88,9.65,-2.05,4.875,5.3125,19.5,-0.59210205,-0.7819824,-0.07067871,-0.18157959
4a,1,Left Ankle,5353557,1779735328429,1.52,10.08,-2.42,8.5,1.3125,21.1875,-0.5909424,-0.78240967,-0.070617676,-0.18353271
4a,4,Right Wrist,31356532,1779735328429,-7.6888375,-2.529314,-0.21535404,-19.45496,20.86111,-32.046272,-151.0459,-27.150087,194.8673,0.0
4a,3,Left Wrist,5153606,1779735328429,4.6829553,-7.1374927,-3.0005996,43.865776,25.5297,-13.960777,-103.414764,-39.002293,356.98093,0.0
4a,1,Left Ankle,5353586,1779735328447,1.51,10.09,-2.36,9.375,-2.8125,20.875,-0.5890503,-0.7836304,-0.06793213,-0.18530273
4a,2,Right Ankle,2395641,1779735328454,-9.540835,0.66314703,1.1174482,-12.253363,-4.8837595,-10.362381,2.4336743,79.79307,234.43205,0.0
4a,1,Left Ankle,5353603,1779735328477,1.59,11.41,-2.59,11.875,-16.8125,22.5625,-0.5859375,-0.7866211,-0.061401367,-0.18475342
4a,1,Left Ankle,5353626,1779735328479,-2.59,8.89,-2.38,5.3125,-28.75,24.5,-0.58532715,-0.7874756,-0.05847168,-0.184021
4a,4,Right Wrist,31356592,1779735328479,-8.370792,-1.9502509,-0.04785645,-66.28496,38.15111,-43.176273,-151.06532,-27.139006,194.8716,0.0
4a,1,Left Ankle,5353644,1779735328512,-3.97,10.58,-0.48,1.6875,-28.8125,6.0625,-0.5852661,-0.78900146,-0.052856445,-0.17944336
4a,1,Left Ankle,5353659,1779735328512,-2.31,10.43,0.2,-10.125,-33.875,-9.5625,-0.58618164,-0.7889404,-0.051757812,-0.17687988
4a,3,Left Wrist,5153666,1779735328526,5.1639132,-7.5753803,-3.9720855,81.45577,1.9396992,-79.83078,-103.4579,-38.99981,357.0305,0.0
4a,1,Left Ankle,5353683,1779735328536,-19.67,16.52,5.24,-42.5,-3.25,-91.25,-0.5960083,-0.78186035,-0.06060791,-0.17260742
4a,4,Right Wrist,31356652,1779735328539,-9.50499,-2.9719858,0.552742,-64.32496,60.83111,-87.90627,-151.086,-27.144056,194.88554,0.0
4a,2,Right Ankle,2395702,1779735328553,-9.162769,-0.15759112,1.2466606,-11.483362,-2.6437597,-18.342382,2.241546,79.84383,234.24568,0.0
4a,1,Left Ankle,5353699,1779735328567,-10.59,13.76,5.22,-41.3125,-41.1875,-130.0625,-0.6008301,-0.7796631,-0.066467285,-0.16351318
4a,3,Left Wrist,5153726,1779735328586,6.7838535,-6.874283,-4.1347976,111.97577,3.5496998,-134.78078,-103.501854,-39.05688,357.0903,0.0
4a,1,Left Ankle,5353724,1779735328596,-11.74,15.08,4.34,-36.5625,-31.25,-180.0625,-0.61505127,-0.77142334,-0.09655762,-0.1315918
4a,4,Right Wrist,31356712,1779735328600,-8.835,-4.570391,1.9549361,-40.94496,43.891113,-136.48628,-151.10133,-27.156425,194.91656,0.0
4a,2,Right Ankle,2395761,1779735328603,-9.495371,0.03862033,0.8566305,-0.0033621788,1.4162402,-19.60238,2.2051828,79.899506,234.20874,0.0
4a,1,Left Ankle,5353761,1779735328637,-4.53,11.15,1.54,-33.8125,140.4375,-216.5,-0.62493896,-0.7565918,-0.15252686,-0.11694336
4a,1,Left Ankle,5353746,1779735328637,-8.46,14.03,2.64,-31.375,46.1875,-218.25,-0.62231445,-0.76239014,-0.1315918,-0.11895752
4a,3,Left Wrist,5153816,1779735328639,7.0686,-12.672092,-5.4963136,55.62578,6.979699,-176.99077,-103.54419,-39.065323,357.13858,0.0
4a,1,Left Ankle,5353783,1779735328657,-1.52,9.54,0.4,-34.8125,118.6875,-215.75,-0.63134766,-0.7371216,-0.21435547,-0.10992432
4a,1,Left Ankle,5353807,1779735328659,2.77,7.22,-1.87,-38.4375,89.5,-213.125,-0.6373291,-0.72314453,-0.24743652,-0.0982666
4a,4,Right Wrist,31356772,1779735328666,-4.135496,-5.3863435,2.821138,-77.69496,34.65111,-122.556274,-151.11758,-27.172857,194.93973,0.0
4a,2,Right Ankle,2395851,1779735328668,-9.504943,0.3520801,0.58624154,-2.5233622,26.12624,-10.222382,2.280315,79.9623,234.28294,0.0
4a,1,Left Ankle,5353825,1779735328687,5.55,4.51,-1.89,-61.0,15.0625,-173.75,-0.6459961,-0.7085571,-0.27130127,-0.08392334
4a,1,Left Ankle,5353847,1779735328717,9.4,-0.89,-1.68,-73.125,-22.25,-133.9375,-0.6567993,-0.69421387,-0.2861328,-0.06976318
4a,1,Left Ankle,5353863,1779735328718,11.41,-1.74,-2.53,-86.3125,26.3125,-51.6875,-0.66607666,-0.6801758,-0.29797363,-0.06994629
4a,4,Right Wrist,31356833,1779735328720,2.8204398,-6.2836523,4.725825,-7.27496,7.4911118,-12.516272,-151.0899,-27.188105,194.9282,0.0
4a,2,Right Ankle,2395912,1779735328723,-10.742032,-1.2223972,1.0935199,1.8866382,36.416237,4.617619,1.9627922,80.013016,233.96999,0.0
4a,3,Left Wrist,5153876,1779735328729,6.862817,-17.481667,-8.7577305,-40.484222,-3.5903006,-72.480774,-103.613625,-39.031525,357.17896,0.0
4a,1,Left Ankle,5353885,1779735328746,34.04,-6.8,-11.75,-76.25,76.625,48.5625,-0.6709595,-0.6719971,-0.30218506,-0.08337402
4a,1,Left Ankle,5353908,1779735328777,-39.4,39.77,-5.73,-31.8125,220.8125,331.875,-0.666626,-0.6750488,-0.28588867,-0.13482666
4a,4,Right Wrist,31356892,1779735328779,7.6659055,-9.080862,2.2899313,-39.68496,-72.58889,190.41373,-151.0437,-27.154276,194.8599,0.0
4a,2,Right Ankle,2395971,1779735328783,-11.263668,-1.9163159,-0.69870424,-5.043362,17.37624,48.99762,1.8506645,80.07009,233.8643,0.0
4a,3,Left Wrist,5153936,1779735328788,-0.6243249,-18.508186,-15.069998,64.23577,-72.8203,120.08922,-103.659706,-38.924763,357.2336,0.0
4a,1,Left Ankle,5353930,1779735328807,7.36,33.18,-7.19,-59.75,13.5625,101.8125,-0.66534424,-0.6759033,-0.2727661,-0.16131592
4a,1,Left Ankle,5353946,1779735328809,20.82,27.08,5.08,-52.5625,-202.125,28.0625,-0.67578125,-0.6767578,-0.2477417,-0.15466309
4a,1,Left Ankle,5353970,1779735328847,-21.96,8.6,-2.04,-54.25,-103.3125,-26.125,-0.6876221,-0.673584,-0.23181152,-0.140625
4a,4,Right Wrist,31356952,1779735328847,7.2447686,-3.213661,0.11246266,57.265038,-207.12889,381.0237,-150.961,-27.064291,194.7589,0.0
4a,2,Right Ankle,2396032,1779735328847,-21.97155,-9.104355,-0.23449661,67.826645,-56.96376,171.07762,1.823594,80.07994,233.82446,0.0
4a,3,Left Wrist,5154026,1779735328849,-1.5694904,-19.881666,-8.176275,-153.18423,-38.8703,404.63922,-103.71785,-38.711014,357.22076,0.0
4a,1,Left Ankle,5353987,1779735328868,1.68,3.22,3.7,-53.25,73.5,25.375,-0.6929321,-0.6672363,-0.2310791,-0.14569092
4a,1,Left Ankle,5354010,1779735328869,-2.13,12.39,5.21,-25.125,77.9375,37.8125,-0.69262695,-0.6630249,-0.23504639,-0.15948486
4a,1,Left Ankle,5354033,1779735328897,-0.74,9.54,0.21,-8.0,-22.875,17.5,-0.69384766,-0.661438,-0.23303223,-0.16369629
4a,4,Right Wrist,31357012,1779735328899,9.884052,5.0966125,2.7014968,141.54504,-353.3589,592.35376,-150.86049,-26.888424,194.62807,0.0
4a,2,Right Ankle,2396091,1779735328903,-9.390087,-7.7978735,14.85225,25.196638,-70.68376,112.06762,1.9019167,80.01428,233.8995,0.0
4a,3,Left Wrist,5154086,1779735328908,0.62472826,-16.921745,-0.54317075,-164.10423,-29.1403,419.82922,-103.72757,-38.504845,357.17157,0.0
4a,1,Left Ankle,5354055,1779735328928,-1.83,9.05,0.51,-3.9375,-39.125,16.875,-0.6949463,-0.6621704,-0.22790527,-0.16314697
4a,1,Left Ankle,5354076,1779735328928,-2.92,10.13,-2.22,-10.75,-21.8125,24.4375,-0.6963501,-0.66278076,-0.22192383,-0.16290283
4a,4,Right Wrist,31357072,1779735328969,15.2870455,28.2711,6.338587,175.14503,-195.2289,389.63373,-150.7786,-26.783401,194.54236,0.0
4a,1,Left Ankle,5354097,1779735328969,-2.36,10.53,-0.43,-14.75,-4.6875,25.125,-0.69732666,-0.66192627,-0.21875,-0.16638184
4a,2,Right Ankle,2396152,1779735328969,-0.651499,-13.2535095,1.9549361,-118.16336,-80.06376,-97.022385,1.3432306,79.98125,233.38391,0.0
4a,3,Left Wrist,5154146,1779735328970,3.5655074,-11.131115,1.2969098,-108.59423,-30.8903,355.91922,-103.69833,-38.342297,357.1149,0.0
4a,1,Left Ankle,5354115,1779735328987,-1.32,9.73,1.39,-11.6875,2.75,22.5625,-0.69781494,-0.6610718,-0.21673584,-0.17059326
4a,1,Left Ankle,5354134,1779735328989,-0.71,9.63,1.14,-11.9375,-0.5625,14.3125,-0.6986084,-0.66033936,-0.21453857,-0.17297363
4a,1,Left Ankle,5354150,1779735329020,-1.14,10.99,0.21,-11.5,-0.3125,12.625,-0.69903564,-0.6598511,-0.21362305,-0.1739502
4a,4,Right Wrist,31357132,1779735329031,5.5147576,12.509578,3.5437703,-36.74496,-45.568886,100.18372,-150.80115,-26.771116,194.52641,0.0
4a,2,Right Ankle,2396211,1779735329031,-3.470244,-3.8616807,-4.0606203,-64.54336,-22.80376,-223.09238,0.6093168,80.03197,232.66975,0.0
4a,1,Left Ankle,5354176,1779735329052,0.09,10.0,0.88,-11.5,-8.625,1.4375,-0.7007446,-0.65789795,-0.21295166,-0.17541504
4a,1,Left Ankle,5354194,1779735329052,-1.27,10.62,0.52,-1.0,-5.5625,-16.3125,-0.70184326,-0.6571045,-0.21350098,-0.17327881
4a,3,Left Wrist,5154207,1779735329058,7.0829563,-4.366605,2.5674987,28.185776,17.1997,257.35922,-103.62131,-38.289963,357.052,0.0
4a,1,Left Ankle,5354222,1779735329077,-0.76,13.62,-0.03,5.4375,0.6875,-36.125,-0.70196533,-0.6559448,-0.21850586,-0.17114258
4a,4,Right Wrist,31357192,1779735329079,-4.3747783,1.6174481,0.023928225,-132.43497,-23.098886,7.013728,-150.85849,-26.73989,194.53299,0.0
4a,2,Right Ankle,2396271,1779735329083,-17.642933,15.678109,1.6079768,-193.97336,47.47624,-162.54239,0.6450413,80.05523,232.76181,0.0
4a,1,Left Ankle,5354246,1779735329107,1.84,14.56,-0.48,11.5,17.1875,-75.0,-0.70196533,-0.65319824,-0.23443604,-0.15991211
4a,3,Left Wrist,5154296,1779735329118,17.896122,0.30418506,4.893322,123.035774,129.8297,-103.42078,-103.53058,-38.384747,356.99442,0.0
4a,1,Left Ankle,5354264,1779735329136,2.3,24.74,0.69,28.125,20.8125,-166.5625,-0.7017822,-0.64941406,-0.2546997,-0.14434814
4a,1,Left Ankle,5354284,1779735329137,5.75,31.14,3.08,38.6875,49.75,-238.5,-0.70080566,-0.64276123,-0.2845459,-0.121398926
4a,4,Right Wrist,31357252,1779735329138,-10.385548,-3.5295134,-1.0815558,38.43504,0.6311121,-86.57628,-150.84908,-26.721014,194.55829,0.0
4a,2,Right Ankle,2396332,1779735329143,-15.0467205,35.330364,9.954143,-154.77336,42.15624,152.94762,1.2432376,80.05584,233.41348,0.0
4a,1,Left Ankle,5354300,1779735329168,15.51,40.1,0.28,51.6875,63.5625,-281.375,-0.6991577,-0.6381836,-0.3040161,-0.106933594
4a,3,Left Wrist,5154356,1779735329179,28.620754,1.4144547,7.0277205,157.68578,133.7497,-440.6808,-103.4507,-38.595577,356.97153,0.0
4a,1,Left Ankle,5354326,1779735329196,19.93,33.84,-4.84,64.3125,97.0625,-324.6875,-0.68725586,-0.6201172,-0.37329102,-0.062072754
4a,1,Left Ankle,5354344,1779735329197,-13.83,32.35,2.06,35.3125,59.875,-271.75,-0.6798706,-0.60528564,-0.41235352,-0.03741455
4a,4,Right Wrist,31357312,1779735329199,-13.249757,-6.432008,2.4335005,-134.18497,90.791115,-111.35628,-150.88963,-26.742413,194.572,0.0
4a,2,Right Ankle,2396391,1779735329204,-4.6594768,10.854178,9.131011,-22.683363,-76.49376,89.38762,1.6361796,79.997185,233.8137,0.0
4a,1,Left Ankle,5354373,1779735329229,-0.49,37.56,-3.29,36.8125,8.625,-293.875,-0.6755371,-0.5889282,-0.44360352,-0.004272461
4a,3,Left Wrist,5154416,1779735329239,37.84987,0.9909251,12.722638,366.00577,-3.8003006,-671.6808,-103.344925,-38.86989,357.02875,0.0
4a,1,Left Ankle,5354384,1779735329258,-6.21,24.55,-2.11,30.1875,-24.9375,-206.25,-0.67419434,-0.5743408,-0.46350098,0.02746582
4a,1,Left Ankle,5354403,1779735329259,-4.97,18.57,0.7,31.3125,-9.25,-174.25,-0.67059326,-0.56500244,-0.47833252,0.047180176
4a,4,Right Wrist,31357373,1779735329259,-1.6349962,7.1281185,18.317057,-220.21497,174.7211,-80.13628,-150.96077,-26.817038,194.56477,0.0
4a,1,Left Ankle,5354426,1779735329292,-5.28,8.34,0.64,5.875,54.0625,-53.8125,-0.66589355,-0.5600586,-0.49017334,0.051574707
4a,2,Right Ankle,2396452,1779735329294,-8.84931,0.24918872,-0.009571291,12.106638,-17.13376,23.517618,1.7381154,80.04633,233.91135,0.0
4a,3,Left Wrist,5154476,1779735329299,20.877579,-47.63841,1.7012969,-70.51423,-254.05031,-338.9008,-103.40734,-38.922768,357.14096,0.0
4a,1,Left Ankle,5354444,1779735329320,-2.22,6.44,-0.06,-12.8125,2.75,-6.25,-0.66516113,-0.5578003,-0.4935913,0.052978516
4a,4,Right Wrist,31357432,1779735329320,14.504593,14.79233,26.591436,27.445042,339.8511,-127.87628,-150.94179,-26.96077,194.54393,0.0
4a,1,Left Ankle,5354469,1779735329358,-2.62,-1.2,0.68,-41.8125,-49.375,77.6875,-0.67163086,-0.55822754,-0.48486328,0.046325684
4a,1,Left Ankle,5354490,1779735329358,-1.87,0.02,3.07,-37.8125,-37.25,182.0,-0.680603,-0.56555176,-0.4647827,0.030456543
4a,3,Left Wrist,5154537,1779735329358,6.3100753,-35.894436,-3.5341992,707.9558,-353.2403,173.35922,-103.22177,-38.76861,357.2623,0.0
4a,1,Left Ankle,5354505,1779735329375,2.53,-0.66,3.42,-34.125,60.5,250.375,-0.6820679,-0.5796509,-0.44580078,-0.0025634766
4a,1,Left Ankle,5354525,1779735329376,11.44,2.18,2.6,-47.875,100.5,359.1875,-0.6777954,-0.59832764,-0.42401123,-0.052612305
4a,1,Left Ankle,5354545,1779735329412,12.99,7.97,1.17,-74.0,91.75,476.1875,-0.67163086,-0.62023926,-0.38757324,-0.11846924
4a,4,Right Wrist,31357492,1779735329412,11.274283,10.102397,11.102696,-0.6949599,410.55112,-220.13628,-150.94609,-27.146353,194.54361,0.0
4a,2,Right Ankle,2396541,1779735329412,-9.040735,-1.5932848,1.4644074,-17.573362,15.48624,38.21762,1.3731035,80.05883,233.56015,0.0
4a,3,Left Wrist,5154596,1779735329417,-6.8432713,-31.745281,-8.63809,66.40577,-60.3603,370.6892,-103.19537,-38.56693,357.25323,0.0
4a,1,Left Ankle,5354569,1779735329437,14.92,17.48,-1.49,-99.75,47.0,554.0,-0.6636963,-0.6409302,-0.3348999,-0.19104004
4a,1,Left Ankle,5354593,1779735329466,15.04,21.73,-1.94,-112.875,-27.75,611.875,-0.65338135,-0.6593628,-0.26379395,-0.26220703
4a,1,Left Ankle,5354612,1779735329467,17.27,22.5,-0.31,-107.0,-83.1875,653.9375,-0.6359863,-0.6750488,-0.17828369,-0.32873535
4a,4,Right Wrist,31357552,1779735329470,6.804489,-0.504986,0.45224345,41.93504,303.3811,-234.20627,-150.93683,-27.319212,194.56389,0.0
4a,2,Right Ankle,2396705,1779735329478,-7.3107247,2.027056,0.46899322,-4.063362,-19.86376,80.28761,1.616796,80.0654,233.81087,0.0
4a,1,Left Ankle,5354639,1779735329497,17.18,15.5,-0.63,-81.5,-84.9375,686.625,-0.5872803,-0.6883545,-0.040771484,-0.42388916
4a,1,Left Ankle,5354654,1779735329527,13.82,7.85,-16.41,-54.0625,93.6875,696.5625,-0.5395508,-0.67840576,0.038024902,-0.49725342
4a,4,Right Wrist,31357642,1779735329530,2.2030914,-6.879465,3.345166,-3.77496,231.0711,-123.32628,-150.90099,-27.418139,194.54543,0.0
4a,1,Left Ankle,5354674,1779735329531,-1.78,14.84,-24.06,-39.6875,102.75,685.3125,-0.48376465,-0.6563721,0.110839844,-0.56817627
4a,1,Left Ankle,5354695,1779735329557,-36.92,23.63,12.53,-15.4375,121.3125,642.3125,-0.4222412,-0.62768555,0.1749878,-0.63012695
4a,2,Right Ankle,2396724,1779735329563,-9.911722,2.890865,-0.5240282,-16.873362,-21.33376,74.19762,2.0795782,80.09774,234.27698,0.0
4a,3,Left Wrist,5154656,1779735329568,4.0895357,-8.161621,-1.1365907,-68.41423,98.0497,333.0992,-103.13835,-38.39524,357.15604,0.0
4a,1,Left Ankle,5354720,1779735329588,-13.14,36.14,37.22,48.0,-288.75,-82.5625,-0.40161133,-0.6345825,0.18572998,-0.63360596
4a,4,Right Wrist,31357702,1779735329589,-0.81904346,-19.276678,0.32063824,-181.22496,231.14111,-44.71627,-150.90593,-27.484718,194.49583,0.0
4a,1,Left Ankle,5354744,1779735329616,39.04,-20.96,-9.99,-106.125,-387.25,-528.3125,-0.37121582,-0.65093994,0.22216797,-0.6237793
4a,1,Left Ankle,5354759,1779735329617,-30.54,13.45,-5.52,36.4375,134.875,344.5625,-0.38232422,-0.64849854,0.20397949,-0.6258545
4a,2,Right Ankle,2396782,1779735329623,-10.186897,3.1277542,1.5050855,15.466637,-6.4237595,35.277622,2.594147,80.09857,234.78069,0.0
4a,3,Left Wrist,5154820,1779735329629,-0.5357909,3.1516442,1.7946169,175.18578,-170.54031,-168.31078,-103.16309,-38.439583,357.18423,0.0
4a,1,Left Ankle,5354778,1779735329655,13.92,-21.27,-1.75,49.625,-95.75,-13.5625,-0.3591919,-0.6555176,0.21807861,-0.6274414
4a,1,Left Ankle,5354795,1779735329655,-2.65,1.87,-1.27,54.875,-69.75,145.75,-0.34039307,-0.66119385,0.22888184,-0.6281738
4a,1,Left Ankle,5354815,1779735329676,-2.1,12.58,3.33,81.9375,-62.6875,216.1875,-0.30340576,-0.66101074,0.24938965,-0.6394043
4a,4,Right Wrist,31357762,1779735329686,-4.3077793,-10.6936245,1.7204396,-169.11496,134.5411,39.21373,-150.91083,-27.501757,194.43994,0.0
4a,2,Right Ankle,2396872,1779735329687,-8.236747,1.1871752,7.4249287,-2.243362,-30.153759,8.047619,2.6461153,80.04027,234.8331,0.0
4a,3,Left Wrist,5154867,1779735329688,-3.1272178,-14.5696,3.1585257,568.5858,-180.0603,-109.30078,-102.985214,-38.416332,357.2519,0.0
4a,1,Left Ankle,5354839,1779735329706,-30.3,19.88,-1.08,44.4375,-30.375,182.6875,-0.27661133,-0.66278076,0.26586914,-0.6430054
4a,1,Left Ankle,5354860,1779735329736,-39.31,22.44,-3.46,45.5,112.5625,80.75,-0.2617798,-0.65057373,0.27124023,-0.65930176
4a,1,Left Ankle,5354875,1779735329737,-29.98,21.43,0.95,18.875,-19.375,-108.625,-0.26782227,-0.6508179,0.25958252,-0.6612549
4a,4,Right Wrist,31357852,1779735329739,-2.0322046,-0.20827568,10.13839,-3.7049599,-80.568886,109.35372,-150.8903,-27.4631,194.4124,0.0
4a,2,Right Ankle,2396931,1779735329743,-9.648513,1.8164874,2.5148566,-36.473362,-1.3837599,-21.77238,2.936629,80.00848,235.1304,0.0
4a,3,Left Wrist,5154926,1779735329748,1.1248282,-20.357838,14.141582,1.2357764,-85.9803,-70.310776,-102.96322,-38.413643,357.26575,0.0
4a,1,Left Ankle,5354897,1779735329766,-20.35,21.73,-1.14,17.375,-227.1875,-291.375,-0.28485107,-0.682312,0.23852539,-0.62957764
4a,1,Left Ankle,5354920,1779735329798,-8.31,25.43,3.96,-0.6875,-244.125,-398.5,-0.31323242,-0.7229004,0.20587158,-0.58044434
4a,1,Left Ankle,5354938,1779735329798,1.15,25.43,2.54,-27.625,-140.6875,-432.0,-0.3508911,-0.7508545,0.16400146,-0.5350342
4a,4,Right Wrist,31357912,1779735329799,0.035194136,3.1201406,6.996613,8.19504,-98.55888,31.863728,-150.88899,-27.437347,194.41934,0.0
4a,2,Right Ankle,2396992,1779735329803,-8.308532,1.4455999,2.3042881,-7.213362,17.86624,-14.492382,3.2179787,79.97829,235.40918,0.0
4a,3,Left Wrist,5154986,1779735329808,0.43090954,-8.764612,5.022535,-295.56424,139.97969,-76.68077,-102.98438,-38.426815,357.18216,0.0
4a,1,Left Ankle,5354957,1779735329830,2.35,27.66,0.53,-28.875,-34.4375,-404.75,-0.3894043,-0.7640991,0.117370605,-0.50079346
4a,1,Left Ankle,5354982,1779735329857,8.7,26.58,-0.16,-23.75,12.25,-403.8125,-0.4260254,-0.76794434,0.06707764,-0.47351074
4a,1,Left Ankle,5354996,1779735329858,12.84,26.18,-3.18,-25.0,28.4375,-394.75,-0.46051025,-0.76672363,0.015625,-0.44696045
4a,4,Right Wrist,31357972,1779735329858,-2.3911278,-0.28245327,0.93559366,30.805038,-111.78889,-7.3362722,-150.88124,-27.386194,194.43959,0.0
4a,2,Right Ankle,2397051,1779735329871,-9.157984,1.2757095,1.4069797,-12.603362,23.88624,-5.252381,3.635417,79.995094,235.82433,0.0
4a,3,Left Wrist,5155046,1779735329872,2.359525,-10.4706955,-3.7902312,37.775776,63.8897,29.78922,-102.9769,-38.349,357.16684,0.0
4a,1,Left Ankle,5355025,1779735329886,13.28,24.46,-3.84,-17.0,15.25,-356.5625,-0.5027466,-0.7614746,-0.053100586,-0.4055786
4a,1,Left Ankle,5355044,1779735329916,13.15,23.23,0.69,-28.625,-26.125,-322.75,-0.5283203,-0.756958,-0.08758545,-0.37445068
4a,1,Left Ankle,5355063,1779735329917,8.91,23.79,-3.01,-43.125,-52.625,-281.6875,-0.5510864,-0.75164795,-0.11566162,-0.34344482
4a,4,Right Wrist,31358032,1779735329920,-3.661717,6.931907,-9.753145,-83.43496,-167.71889,-38.206272,-150.99051,-27.314018,194.51204,0.0
4a,2,Right Ankle,2397112,1779735329923,-9.179519,1.0555699,0.33499515,-7.493362,17.23624,-9.17238,3.848933,80.047874,236.03673,0.0
4a,3,Left Wrist,5155106,1779735329928,9.497314,-7.333705,1.9094725,-50.354225,100.3597,-61.910778,-102.92262,-38.41358,357.09924,0.0
4a,1,Left Ankle,5355086,1779735329952,11.1,24.53,-5.77,-43.125,-79.5625,-278.625,-0.5730591,-0.74542236,-0.14196777,-0.30950928
4a,1,Left Ankle,5355123,1779735329982,12.55,21.53,-2.55,-76.0,-151.5,-212.25,-0.6188965,-0.73223877,-0.16625977,-0.23052979
4a,1,Left Ankle,5355102,1779735329982,13.42,22.21,-3.13,-53.6875,-110.25,-264.375,-0.58447266,-0.7423096,-0.15185547,-0.29034424
4a,4,Right Wrist,31358092,1779735329983,-8.282257,-3.3979082,5.3192444,-31.144958,-190.7489,-11.606272,-151.0048,-27.243282,194.54546,0.0
4a,1,Left Ankle,5355145,1779735330008,16.63,16.6,-6.12,-76.5,-128.9375,-179.5,-0.63897705,-0.72351074,-0.17266846,-0.19610596
4a,2,Right Ankle,2397171,1779735330013,-9.026379,1.4767067,0.98584294,-6.793362,15.55624,-7.142381,4.228805,80.07704,236.41289,0.0
4a,3,Left Wrist,5155166,1779735330018,7.032707,-10.465909,1.0025927,-120.144226,83.9797,-21.03078,-102.87917,-38.416862,357.02505,0.0
4a,1,Left Ankle,5355165,1779735330044,14.78,16.18,-7.42,-68.875,-111.5,-130.625,-0.6553345,-0.7151489,-0.17504883,-0.16882324
4a,4,Right Wrist,31358152,1779735330049,-7.3012,-0.93569386,7.8341017,54.81504,-128.65889,28.083729,-150.98167,-27.191828,194.55539,0.0
4a,1,Left Ankle,5355186,1779735330068,18.98,10.67,-9.84,-49.25,-105.9375,-92.75,-0.6679077,-0.70874023,-0.17407227,-0.14587402
4a,1,Left Ankle,5355203,1779735330069,16.63,7.84,-6.56,-34.6875,-93.1875,-18.0625,-0.6760254,-0.7055054,-0.16705322,-0.1315918
4a,1,Left Ankle,5355233,1779735330098,37.24,15.8,15.36,-5.0625,-58.5625,108.875,-0.6758423,-0.7095947,-0.15026855,-0.13085938
4a,1,Left Ankle,5355244,1779735330099,38.53,39.03,1.97,194.375,238.375,389.875,-0.6567993,-0.7229614,-0.1262207,-0.17315674
4a,4,Right Wrist,31358212,1779735330099,-5.9325056,-2.8571303,7.1042905,63.91504,-115.498886,96.82372,-150.93845,-27.132881,194.53696,0.0
4a,1,Left Ankle,5355273,1779735330125,-5.27,-0.67,-5.43,-187.4375,-139.9375,-194.625,-0.67022705,-0.71343994,-0.12261963,-0.16363525
4a,2,Right Ankle,2397231,1779735330138,-9.351802,0.65118295,0.9499506,-1.1933622,18.63624,-3.362381,4.4647727,80.12839,236.64565,0.0
4a,3,Left Wrist,5155226,1779735330138,8.186048,-5.7185497,-1.4979069,-186.64423,101.4797,21.249222,-102.92197,-38.491005,356.98282,0.0
4a,1,Left Ankle,5355284,1779735330162,-5.77,-14.75,1.85,-51.125,85.375,98.125,-0.6767578,-0.70513916,-0.121520996,-0.17321777
4a,1,Left Ankle,5355303,1779735330162,3.1,4.89,4.52,-2.4375,26.75,-0.3125,-0.6777954,-0.7011719,-0.124572754,-0.1828003
4a,4,Right Wrist,31358272,1779735330162,-4.386742,-1.043371,6.513263,1.89504,-129.4289,162.90372,-150.91101,-27.061497,194.50003,0.0
4a,1,Left Ankle,5355323,1779735330186,8.12,14.8,-3.34,13.25,-22.375,77.125,-0.6744385,-0.7044678,-0.11834717,-0.18670654
4a,3,Left Wrist,5155419,1779735330206,11.272789,-12.827625,-1.1844472,102.38577,19.929699,39.519222,-102.82687,-38.57296,356.89297,0.0
4a,1,Left Ankle,5355348,1779735330217,-1.39,11.8,0.46,-32.9375,-37.3125,43.5,-0.6756592,-0.7036743,-0.10522461,-0.1930542
4a,1,Left Ankle,5355364,1779735330217,0.42,3.83,1.07,-10.375,-0.75,9.4375,-0.6779785,-0.70233154,-0.10205078,-0.19140625
4a,4,Right Wrist,31358333,1779735330219,-2.5849464,1.548056,5.718846,-45.42496,-113.818886,173.40372,-150.90459,-26.99831,194.45998,0.0
4a,2,Right Ankle,2397425,1779735330223,-9.760975,4.381593,-0.5072784,53.336636,17.936241,-53.76238,5.15889,80.13757,237.32555,0.0
4a,1,Left Ankle,5355385,1779735330246,1.25,9.98,0.05,10.25,57.5625,42.875,-0.67541504,-0.70184326,-0.10333252,-0.20135498
4a,3,Left Wrist,5155439,1779735330262,10.523835,-14.95963,-0.18664016,139.34578,3.8996992,34.969223,-102.709366,-38.546707,356.84692,0.0
4a,1,Left Ankle,5355408,1779735330276,2.27,13.91,-0.79,11.9375,9.0625,42.75,-0.6717529,-0.7034302,-0.10144043,-0.2088623
4a,4,Right Wrist,31358392,1779735330279,-0.9171492,2.9358933,4.584648,21.355042,-70.55888,124.05373,-150.88539,-26.96202,194.4316,0.0
4a,2,Right Ankle,2397444,1779735330283,-11.56277,3.3957505,2.0099711,75.73664,26.266241,-70.632385,5.486078,80.14192,237.6178,0.0
4a,1,Left Ankle,5355430,1779735330308,0.76,8.04,0.57,-4.8125,-36.9375,21.625,-0.67163086,-0.7047119,-0.09472656,-0.20831299
4a,1,Left Ankle,5355449,1779735330308,0.3,9.61,0.0,7.125,-14.0,20.75,-0.67077637,-0.7062378,-0.089782715,-0.20788574
4a,3,Left Wrist,5155497,1779735330319,11.428322,-18.30001,1.5577275,103.435776,-32.2903,28.739222,-102.61697,-38.51681,356.81876,0.0
4a,1,Left Ankle,5355472,1779735330336,1.14,9.88,-0.29,13.6875,11.9375,18.6875,-0.66845703,-0.70770264,-0.08874512,-0.21087646
4a,4,Right Wrist,31358452,1779735330339,1.7340982,0.38035893,4.0701914,68.46504,-18.268888,65.25372,-150.84358,-26.961748,194.4085,0.0
4a,2,Right Ankle,2397532,1779735330342,-11.859481,11.136532,2.0458634,173.03664,-9.083759,33.52762,6.0310073,80.13048,238.0971,0.0
4a,1,Left Ankle,5355495,1779735330375,1.82,10.4,-0.32,10.625,1.0625,16.0,-0.66638184,-0.7090454,-0.08782959,-0.2131958
4a,1,Left Ankle,5355506,1779735330375,1.05,8.95,-0.43,7.1875,-26.25,11.375,-0.66516113,-0.7109375,-0.08428955,-0.21228027
4a,3,Left Wrist,5155556,1779735330379,10.985651,-14.758634,1.4835501,45.895775,-41.810303,62.61922,-102.54417,-38.49041,356.7908,0.0
4a,1,Left Ankle,5355529,1779735330399,1.37,9.58,-0.19,5.75,-19.6875,7.1875,-0.66448975,-0.71240234,-0.08105469,-0.21044922
4a,1,Left Ankle,5355547,1779735330399,1.01,9.64,-0.2,4.3125,-15.6875,1.4375,-0.6640625,-0.71362305,-0.07904053,-0.20861816
4a,4,Right Wrist,31358512,1779735330399,3.5191438,-0.1221341,2.2157538,85.615036,-7.908888,9.043728,-150.8034,-26.986406,194.40257,0.0
4a,2,Right Ankle,2397591,1779735330403,-9.880615,6.061355,-2.2157538,94.91664,-4.8837595,131.80762,6.7064652,80.15685,238.7378,0.0
4a,1,Left Ankle,5355572,1779735330425,1.74,9.77,-0.51,11.6875,-19.1875,0.6875,-0.663208,-0.7150879,-0.07745361,-0.20684814
4a,3,Left Wrist,5155617,1779735330442,10.497514,-13.062121,1.7204396,35.885777,-37.9603,42.31922,-102.47621,-38.478703,356.76395,0.0
4a,1,Left Ankle,5355595,1779735330456,1.14,9.04,-0.28,10.0,-25.375,-5.0625,-0.6621704,-0.71746826,-0.07519531,-0.20275879
4a,4,Right Wrist,31358572,1779735330460,4.272883,-0.29920274,2.656033,70.21504,-9.518888,-20.98627,-150.77252,-27.015732,194.40683,0.0
4a,2,Right Ankle,2397652,1779735330463,-7.1216917,0.33533034,-0.13878371,59.21664,8.83624,124.24762,7.063867,80.20913,239.07706,0.0
4a,1,Left Ankle,5355613,1779735330486,1.33,10.17,-0.07,2.875,-18.3125,-8.4375,-0.6618042,-0.7192383,-0.07336426,-0.19830322
4a,1,Left Ankle,5355632,1779735330487,0.98,9.65,-0.17,4.5625,-17.3125,-8.125,-0.661499,-0.72039795,-0.07269287,-0.19537354
4a,1,Left Ankle,5355648,1779735330518,1.74,9.38,-0.47,11.5625,-18.5625,-9.0625,-0.6610718,-0.7213135,-0.072387695,-0.19366455
4a,4,Right Wrist,31358632,1779735330520,4.2226334,-2.0914268,0.6029913,89.74504,1.3311119,-31.62627,-150.72305,-27.055601,194.40697,0.0
4a,2,Right Ankle,2397711,1779735330524,-5.6883907,-3.206047,1.0983056,40.946636,9.67624,66.42762,6.785137,80.215645,238.79224,0.0
4a,3,Left Wrist,5155676,1779735330530,10.294125,-12.516558,1.4476578,31.545776,-23.750301,39.16922,-102.40627,-38.471325,356.73132,0.0
4a,1,Left Ankle,5355673,1779735330549,1.21,9.08,0.24,7.3125,-20.875,-13.25,-0.66064453,-0.72283936,-0.07183838,-0.18951416
4a,1,Left Ankle,5355693,1779735330551,0.58,10.32,-0.12,9.4375,-23.5,-9.0,-0.65979004,-0.72546387,-0.06982422,-0.1829834
4a,1,Left Ankle,5355708,1779735330576,1.16,9.91,-0.21,15.6875,-46.375,-10.5625,-0.6592407,-0.72698975,-0.068237305,-0.1795044
4a,4,Right Wrist,31358692,1779735330579,4.282454,-3.347659,1.134198,60.55504,8.681111,-17.696272,-150.6738,-27.0884,194.39766,0.0
4a,2,Right Ankle,2397771,1779735330583,-5.803246,-7.637554,0.09810573,-44.803364,18.356241,-37.10238,6.285098,80.23952,238.31274,0.0
4a,3,Left Wrist,5155736,1779735330588,9.076178,-10.638193,1.4189439,31.755777,-6.8803005,49.179222,-102.332,-38.46503,356.69095,0.0
4a,1,Left Ankle,5355736,1779735330607,0.84,9.58,-0.58,16.6875,-58.6875,-10.5625,-0.6575928,-0.7321167,-0.061340332,-0.16674805
4a,1,Left Ankle,5355754,1779735330607,-0.25,10.28,-1.02,20.0,-50.375,-7.3125,-0.6560669,-0.73565674,-0.056762695,-0.1586914
4a,1,Left Ankle,5355778,1779735330644,1.08,10.06,-0.87,24.3125,-37.3125,-3.0625,-0.6536255,-0.7392578,-0.05340576,-0.15301514
4a,2,Right Ankle,2397832,1779735330644,-9.203447,-2.0239928,0.8494521,-19.113361,74.35624,-99.61238,5.6912956,80.29919,237.72878,0.0
4a,4,Right Wrist,31358752,1779735330644,4.268098,-3.0844483,0.86859465,28.77504,2.8011117,-4.536272,-150.63487,-27.119013,194.3853,0.0
4a,3,Left Wrist,5155827,1779735330649,7.6763763,-8.7406845,2.2947168,97.69577,-6.1103005,27.199223,-102.23769,-38.46679,356.65356,0.0
4a,1,Left Ankle,5355795,1779735330667,0.53,9.73,-0.68,21.6875,-34.3125,0.5,-0.65112305,-0.7426758,-0.0501709,-0.14831543
4a,1,Left Ankle,5355817,1779735330668,0.66,9.62,-1.43,25.8125,-35.3125,3.0625,-0.64819336,-0.7462158,-0.046691895,-0.14422607
4a,1,Left Ankle,5355841,1779735330696,0.03,9.71,-1.15,24.0625,-26.5625,11.0,-0.64508057,-0.74975586,-0.042907715,-0.14111328
4a,2,Right Ankle,2397891,1779735330708,-14.429372,7.8942575,7.3196445,-4.763362,5.6162405,-47.11238,5.879037,80.265526,237.91269,0.0
4a,3,Left Wrist,5155886,1779735330708,7.341381,-10.79612,2.5124636,64.79578,-23.8903,30.20922,-102.15747,-38.449715,356.62238,0.0
4a,1,Left Ankle,5355857,1779735330727,0.52,10.1,-1.12,25.0625,-10.3125,22.5625,-0.64160156,-0.75286865,-0.03942871,-0.14135742
4a,1,Left Ankle,5355882,1779735330758,0.69,9.53,-1.39,28.1875,-16.375,28.8125,-0.635376,-0.75823975,-0.032287598,-0.14263916
4a,4,Right Wrist,31358812,1779735330759,5.072086,-0.8040888,0.95952183,12.885039,-7.838888,-6.076272,-150.62167,-27.154709,194.38417,0.0
4a,1,Left Ankle,5355897,1779735330759,0.61,9.29,-1.66,29.375,-25.8125,33.75,-0.6331177,-0.7601929,-0.02911377,-0.14276123
4a,2,Right Ankle,2397952,1779735330764,-9.837545,-1.9258871,-3.2949166,61.24664,-18.25376,-30.872381,5.7236595,80.319984,237.73659,0.0
4a,3,Left Wrist,5155947,1779735330768,7.7864466,-12.033209,4.668397,43.865776,-24.5203,51.629223,-102.085815,-38.426266,356.59094,0.0
4a,1,Left Ankle,5355922,1779735330787,0.8,10.09,-2.54,29.8125,-16.5625,42.0,-0.62872314,-0.7640991,-0.021118164,-0.1428833
4a,1,Left Ankle,5355943,1779735330822,1.13,9.36,-2.4,31.5,-6.25,53.3125,-0.62060547,-0.7694702,-0.011169434,-0.1505127
4a,1,Left Ankle,5355961,1779735330822,-0.17,10.7,-2.57,40.375,31.8125,71.5,-0.6171875,-0.77124023,-0.007873535,-0.15563965
4a,4,Right Wrist,31358902,1779735330822,5.2395835,0.45453593,0.13399807,8.47504,-41.788887,-18.956272,-150.62852,-27.18655,194.40016,0.0
4a,2,Right Ankle,2398011,1779735330823,-12.627576,-5.105948,0.45224345,-89.39336,-77.40376,18.967619,5.3039536,80.321594,237.35422,0.0
4a,3,Left Wrist,5156006,1779735330828,8.39183,-12.624235,5.4628143,66.40577,-6.6703005,65.909225,-102.001236,-38.40099,356.55078,0.0
4a,1,Left Ankle,5355988,1779735330851,1.34,10.39,-2.32,42.125,61.75,77.5625,-0.6051636,-0.77575684,-0.003967285,-0.17883301
4a,1,Left Ankle,5356004,1779735330875,3.32,7.32,-2.17,38.25,52.6875,73.3125,-0.59851074,-0.7780762,0.0012207031,-0.1907959
4a,1,Left Ankle,5356025,1779735330876,7.29,11.62,-3.65,36.4375,31.6875,73.625,-0.5914917,-0.78045654,0.0060424805,-0.20239258
4a,4,Right Wrist,31358992,1779735330878,1.5283155,0.83738726,0.3948157,-6.85496,-60.68889,-12.236272,-150.64969,-27.2027,194.4213,0.0
4a,2,Right Ankle,2398072,1779735330882,-7.0714426,3.3143945,1.0695918,26.736637,-36.94376,-11.762381,5.7270203,80.305046,237.76118,0.0
4a,3,Left Wrist,5156066,1779735330886,10.380266,-12.987945,4.3334017,84.95577,24.4797,64.299225,-101.90083,-38.386246,356.49667,0.0
4a,1,Left Ankle,5356045,1779735330904,7.57,9.18,-1.48,24.5625,31.25,87.75,-0.58477783,-0.7822876,0.012939453,-0.21417236
4a,1,Left Ankle,5356062,1779735330936,-3.64,14.4,-0.55,19.1875,43.3125,101.3125,-0.57940674,-0.78204346,0.020751953,-0.22845459
4a,1,Left Ankle,5356084,1779735330937,0.62,9.41,-0.66,15.4375,54.125,28.0625,-0.57611084,-0.7813721,0.019897461,-0.2390747
4a,2,Right Ankle,2398131,1779735330943,-10.122291,0.85218,0.39960137,-49.073364,-41.77376,-17.992382,5.856729,80.34016,237.90463,0.0
4a,3,Left Wrist,5156126,1779735330961,9.906487,-12.69602,2.457429,21.395777,48.3497,73.259224,-101.81354,-38.368225,356.43002,0.0
4a,1,Left Ankle,5356105,1779735330966,-3.94,10.09,2.13,8.4375,87.6875,24.5,-0.57373047,-0.77905273,0.015014648,-0.25231934
4a,1,Left Ankle,5356125,1779735330998,-6.77,11.75,3.37,-11.8125,121.0,2.6875,-0.5742798,-0.7736206,0.005126953,-0.2677002
4a,2,Right Ankle,2398192,1779735331003,-9.904545,-0.24373274,1.5290138,-14.493362,-14.47376,-5.672381,5.445598,80.365746,237.50388,0.0
4a,3,Left Wrist,5156186,1779735331011,9.959129,-13.595721,1.3567305,-95.22423,33.789696,65.06922,-101.76961,-38.344955,356.3694,0.0
4a,1,Left Ankle,5356149,1779735331027,-4.5,13.38,2.36,-22.25,42.125,-26.5625,-0.5779419,-0.7685547,-0.0028686523,-0.27441406
4a,1,Left Ankle,5356165,1779735331028,-3.53,11.77,0.27,-32.25,-11.25,-67.375,-0.5845337,-0.76556396,-0.008239746,-0.26867676
4a,4,Right Wrist,31359052,1779735331029,-1.0176479,-0.502593,0.93798643,-48.22496,-40.388885,-26.726273,-150.65785,-27.184519,194.43071,0.0
4a,1,Left Ankle,5356207,1779735331068,0.91,12.0,-1.48,-16.875,58.25,-125.4375,-0.600647,-0.7574463,-0.03967285,-0.25274658
4a,2,Right Ankle,2398251,1779735331068,-9.545621,1.0914624,1.1892328,-14.773361,-15.52376,-1.052381,5.839051,80.38278,237.8967,0.0
4a,3,Left Wrist,5156247,1779735331068,10.033307,-14.021644,0.12203395,-189.51422,12.439699,72.20922,-101.76278,-38.310238,356.31674,0.0
4a,1,Left Ankle,5356189,1779735331068,-2.73,12.65,-1.38,-30.6875,8.625,-111.8125,-0.5932617,-0.76220703,-0.019836426,-0.2581787
4a,1,Left Ankle,5356231,1779735331087,3.53,8.88,-0.92,-13.75,55.0625,-150.3125,-0.60821533,-0.75231934,-0.06347656,-0.24511719
4a,4,Right Wrist,31359215,1779735331089,-3.2597225,2.0864415,2.8354948,-45.35496,35.071114,-13.216272,-150.69296,-27.171589,194.43239,0.0
4a,1,Left Ankle,5356248,1779735331117,5.77,9.08,-2.39,-11.4375,32.3125,-158.1875,-0.6156616,-0.7474365,-0.08679199,-0.23406982
4a,2,Right Ankle,2398311,1779735331123,-9.323088,1.1153907,0.5096712,-16.243362,-2.2237597,-7.0723815,6.100406,80.424126,238.15956,0.0
4a,1,Left Ankle,5356272,1779735331150,6.2,5.88,-2.95,-28.5,20.8125,-139.6875,-0.6281128,-0.73876953,-0.11450195,-0.21600342
4a,1,Left Ankle,5356291,1779735331150,8.12,4.48,-3.77,-34.75,-44.1875,-119.125,-0.6328125,-0.73651123,-0.11895752,-0.20721436
4a,4,Right Wrist,31359262,1779735331150,-3.9081776,4.2926235,4.436293,-12.73496,58.031113,-37.366272,-150.7036,-27.19334,194.43651,0.0
4a,1,Left Ankle,5356308,1779735331183,5.87,3.62,-4.32,-42.8125,-121.5625,-90.6875,-0.6432495,-0.7334595,-0.11895752,-0.18481445
4a,2,Right Ankle,2398372,1779735331183,-9.201054,0.62725466,0.77048886,-3.7133622,-2.36376,3.497619,6.3220196,80.47003,238.37967,0.0
4a,1,Left Ankle,5356333,1779735331207,6.29,1.65,-5.53,-33.25,-135.625,-78.625,-0.652771,-0.7318115,-0.112854004,-0.16003418
4a,1,Left Ankle,5356349,1779735331209,4.17,1.11,-3.12,-1.75,-119.5625,-66.625,-0.65808105,-0.732605,-0.10784912,-0.13635254
4a,4,Right Wrist,31359322,1779735331211,-2.8912277,1.2896307,2.3162522,53.20504,84.91111,-121.78628,-150.69656,-27.232119,194.46188,0.0
4a,1,Left Ankle,5356374,1779735331235,19.05,2.58,-6.13,19.0625,-83.9375,-27.0625,-0.65930176,-0.7366333,-0.09674072,-0.115600586
4a,2,Right Ankle,2398431,1779735331243,-8.880416,0.97660685,0.59342,-3.7833622,-3.69376,12.9476185,6.6352468,80.50914,238.69055,0.0
4a,1,Left Ankle,5356393,1779735331268,0.03,8.59,8.86,-18.6875,121.6875,128.6875,-0.65997314,-0.73461914,-0.08758545,-0.13104248
4a,1,Left Ankle,5356412,1779735331268,-23.65,38.58,1.21,28.5625,188.0,196.5,-0.6498413,-0.73931885,-0.084472656,-0.15484619
4a,4,Right Wrist,31359382,1779735331269,-2.4413772,-3.2160535,1.6247265,34.585037,91.98112,-155.10628,-150.67326,-27.271456,194.48477,0.0
4a,3,Left Wrist,5156306,1779735331278,10.117056,-13.588543,-1.7324035,-215.83423,1.1696992,95.86922,-101.76698,-38.25232,356.26694,0.0
4a,1,Left Ankle,5356442,1779735331296,10.9,11.31,-9.61,5.8125,-28.625,-47.6875,-0.64904785,-0.74139404,-0.08856201,-0.14581299
4a,2,Right Ankle,2398492,1779735331310,-9.143627,0.61529064,0.7369894,-1.3333621,-11.463759,23.097618,6.8914413,80.55124,238.9449,0.0
4a,1,Left Ankle,5356452,1779735331327,0.5,10.44,-6.68,4.4375,-0.5625,-8.4375,-0.6489258,-0.74121094,-0.088378906,-0.14709473
4a,4,Right Wrist,31359442,1779735331329,-2.9965124,-3.3548377,1.9357935,3.9250402,70.35111,-129.48628,-150.6605,-27.29955,194.50389,0.0
4a,3,Left Wrist,5156574,1779735331343,3.3932238,-13.490437,-2.8307092,-44.684223,-23.1203,150.04922,-101.98542,-37.992367,356.3452,0.0
4a,1,Left Ankle,5356477,1779735331357,-3.84,5.41,0.07,1.5625,-49.3125,-27.25,-0.6502075,-0.7414551,-0.08642578,-0.14135742
4a,1,Left Ankle,5356495,1779735331357,-2.18,8.91,-1.56,5.8125,-48.0625,-9.8125,-0.651001,-0.74298096,-0.08276367,-0.13189697
4a,2,Right Ankle,2398551,1779735331363,-8.775132,2.0773053,1.3256238,-0.703362,-2.36376,9.517619,7.370158,80.545494,239.41786,0.0
4a,1,Left Ankle,5356519,1779735331392,-1.73,11.14,-2.1,7.4375,-10.5625,16.75,-0.65008545,-0.7444458,-0.078186035,-0.13049316
4a,1,Left Ankle,5356535,1779735331392,0.92,10.35,-0.55,8.25,14.3125,13.0625,-0.64868164,-0.7453613,-0.07757568,-0.1328125
4a,3,Left Wrist,5156593,1779735331399,4.0775714,-12.145671,-2.0817556,-69.884224,-20.6703,147.87923,-101.99654,-37.866444,356.33414,0.0
4a,2,Right Ankle,2398612,1779735331425,-9.794475,1.163247,0.8925229,2.5166383,-0.5437598,-16.872381,7.6890497,80.57871,239.73067,0.0
4a,1,Left Ankle,5356560,1779735331425,1.58,10.2,-0.69,7.9375,11.25,13.25,-0.64715576,-0.74609375,-0.07775879,-0.13604736
4a,4,Right Wrist,31359502,1779735331425,-5.1333027,-1.4262223,2.6273193,-34.99496,27.37111,-91.89628,-150.67247,-27.307081,194.52448,0.0
4a,1,Left Ankle,5356579,1779735331447,0.37,9.99,-1.1,7.75,3.875,14.8125,-0.64575195,-0.74694824,-0.07696533,-0.13842773
4a,1,Left Ankle,5356595,1779735331447,0.27,9.62,-1.0,8.875,-6.4375,13.8125,-0.6444092,-0.74816895,-0.0748291,-0.13934326
4a,3,Left Wrist,5156636,1779735331467,5.714262,-8.80529,-4.319045,18.875776,-63.8603,124.00922,-102.06604,-37.790504,356.3909,0.0
4a,1,Left Ankle,5356625,1779735331478,0.07,9.41,-0.86,12.3125,-4.875,12.9375,-0.6425781,-0.74975586,-0.07293701,-0.13995361
4a,2,Right Ankle,2398671,1779735331484,-8.901952,0.9143935,0.8853443,-4.343362,8.62624,-15.332382,8.00332,80.61599,240.04149,0.0
4a,1,Left Ankle,5356643,1779735331508,0.41,9.27,-1.08,15.1875,0.8125,12.375,-0.63934326,-0.7523804,-0.07110596,-0.14172363
4a,4,Right Wrist,31359562,1779735331511,-2.9965124,2.9311073,-1.7515461,6.65504,-14.418888,-77.056274,-150.7167,-27.292503,194.56888,0.0
4a,3,Left Wrist,5156696,1779735331519,5.185448,-7.537094,1.2370893,34.555775,-33.200302,80.95922,-101.995415,-37.75577,356.35934,0.0
4a,1,Left Ankle,5356663,1779735331538,0.19,9.26,-1.19,14.0625,-0.5,12.5625,-0.63830566,-0.75323486,-0.070495605,-0.14233398
4a,2,Right Ankle,2398732,1779735331550,-8.90913,1.2900666,0.62931234,-10.363362,3.7262402,-16.172382,8.326164,80.650185,240.36264,0.0
4a,1,Left Ankle,5356687,1779735331568,0.46,9.59,-1.3,13.625,-2.3125,12.75,-0.635376,-0.75567627,-0.06829834,-0.14349365
4a,1,Left Ankle,5356700,1779735331570,0.91,9.53,-1.43,10.6875,-8.5625,8.625,-0.63464355,-0.7564087,-0.06738281,-0.14331055
4a,4,Right Wrist,31359652,1779735331570,-2.673481,-4.065506,-1.3998013,-27.29496,19.251112,-61.72627,-150.7024,-27.270857,194.57173,0.0
4a,3,Left Wrist,5156756,1779735331584,3.6348991,-7.3815613,-0.6580263,0.4657764,10.339699,13.549221,-101.9506,-37.69225,356.32846,0.0
4a,1,Left Ankle,5356725,1779735331597,0.16,9.59,-1.48,10.25,-12.4375,7.4375,-0.6326904,-0.75860596,-0.06378174,-0.14178467
4a,2,Right Ankle,2398791,1779735331604,-9.148412,0.7660385,0.60777694,-7.143362,0.71624017,-17.782381,8.525156,80.69638,240.56046,0.0
4a,1,Left Ankle,5356743,1779735331636,0.42,9.79,-1.56,10.25,-12.1875,6.3125,-0.6314087,-0.7600708,-0.06201172,-0.14068604
4a,1,Left Ankle,5356761,1779735331636,0.39,9.5,-1.52,9.0625,-13.0625,4.3125,-0.6310425,-0.7608032,-0.060180664,-0.13922119
4a,4,Right Wrist,31359742,1779735331636,-3.4080777,-3.4601219,-0.0957129,-21.694962,16.661112,30.463728,-150.67792,-27.241037,194.54626,0.0
4a,3,Left Wrist,5156816,1779735331638,2.885946,-8.721541,-2.5818558,62.205776,13.699699,9.909222,-101.945175,-37.616577,356.33414,0.0
4a,1,Left Ankle,5356785,1779735331656,2.03,10.15,-1.87,8.8125,-14.625,1.8125,-0.62945557,-0.7626343,-0.0579834,-0.13708496
4a,1,Left Ankle,5356801,1779735331656,0.94,10.67,-1.96,7.5625,-2.1875,4.6875,-0.62890625,-0.76312256,-0.057678223,-0.137146
4a,2,Right Ankle,2398851,1779735331665,-9.234554,0.18218969,0.70588267,-5.603362,-5.44376,-8.75238,8.535903,80.74955,240.57254,0.0
4a,1,Left Ankle,5356825,1779735331685,0.98,10.64,-0.71,6.8125,-9.0,2.875,-0.6278076,-0.76416016,-0.056884766,-0.13677979
4a,4,Right Wrist,31359802,1779735331689,-6.0641108,-3.7855456,0.86141616,-36.394962,-6.4388885,29.903728,-150.66782,-27.207619,194.52872,0.0
4a,3,Left Wrist,5156876,1779735331697,2.1106713,-10.516159,-2.7038896,28.605776,-7.1603007,24.259222,-101.94471,-37.532608,356.3405,0.0
4a,1,Left Ankle,5356843,1779735331716,1.49,12.04,-0.28,12.375,-25.0,8.625,-0.626709,-0.7654419,-0.05407715,-0.13562012
4a,2,Right Ankle,2398912,1779735331723,-9.071842,0.53154176,0.9667004,-7.703362,-11.8837595,-1.542381,8.768513,80.78973,240.80457,0.0
4a,1,Left Ankle,5356861,1779735331723,-4.15,10.1,-1.15,-7.125,2.4375,0.75,-0.62719727,-0.76501465,-0.05407715,-0.13580322
4a,1,Left Ankle,5356887,1779735331745,0.69,9.53,-2.86,-14.6875,35.25,-27.3125,-0.6300049,-0.76226807,-0.060791016,-0.13549805
4a,4,Right Wrist,31359862,1779735331748,-7.174381,-4.235396,0.7393822,-44.72496,-4.548888,11.773728,-150.66422,-27.176756,194.51743,0.0
4a,3,Left Wrist,5156936,1779735331757,4.1661057,-8.958432,-3.4672,40.71578,-5.2003007,21.949223,-101.97639,-37.466373,356.3686,0.0
4a,1,Left Ankle,5356901,1779735331776,1.23,9.72,-2.82,-20.3125,48.75,-25.4375,-0.63134766,-0.76049805,-0.0647583,-0.13739014
4a,1,Left Ankle,5356925,1779735331777,-9.48,10.44,3.0,-30.25,62.375,-32.9375,-0.6367798,-0.75323486,-0.07867432,-0.14471436
4a,2,Right Ankle,2398971,1779735331782,-9.083806,0.98139244,0.42113677,-1.9633622,-3.3437595,-13.512381,9.009812,80.832,241.04266,0.0
4a,1,Left Ankle,5356946,1779735331807,-13.32,11.49,3.28,-19.75,64.0,-52.4375,-0.6392212,-0.74920654,-0.09350586,-0.14624023
4a,4,Right Wrist,31359922,1779735331809,-6.6503525,-2.9337008,1.8161523,-32.82496,1.8911114,15.413728,-150.65807,-27.151993,194.50491,0.0
4a,3,Left Wrist,5156997,1779735331819,3.948359,-9.927525,-3.1010983,40.225777,-12.900301,6.1992226,-101.99264,-37.39289,356.39014,0.0
4a,1,Left Ankle,5356964,1779735331837,-11.93,12.96,0.94,-5.375,91.375,-90.1875,-0.63983154,-0.74694824,-0.10437012,-0.14746094
4a,1,Left Ankle,5356987,1779735331838,-10.2,10.85,-0.44,-8.0,117.875,-118.75,-0.6415405,-0.7376709,-0.14404297,-0.15332031
4a,1,Left Ankle,5357004,1779735331870,-5.6,9.06,-1.32,-12.125,63.9375,-129.8125,-0.6437988,-0.730896,-0.16931152,-0.15045166
4a,4,Right Wrist,31359982,1779735331870,-4.46092,-1.105584,2.9647074,12.045039,-4.4788885,43.343727,-150.63539,-27.129673,194.48543,0.0
4a,2,Right Ankle,2399032,1779735331873,-9.555192,0.47889975,1.6749759,-5.743362,9.536241,-0.77238107,9.322092,80.79109,241.35289,0.0
4a,1,Left Ankle,5357025,1779735331901,0.16,5.2,-1.91,-17.5625,29.0,-127.9375,-0.6488037,-0.7246704,-0.18560791,-0.13922119
4a,1,Left Ankle,5357043,1779735331901,4.45,1.91,-2.53,-25.75,-24.25,-106.5625,-0.6555786,-0.7192383,-0.19274902,-0.12548828
4a,3,Left Wrist,5157056,1779735331910,3.4554374,-9.786348,-3.897908,43.025776,2.0096993,-19.000782,-102.01848,-37.335365,356.4155,0.0
4a,1,Left Ankle,5357061,1779735331935,14.9,-4.47,-1.97,-36.0625,-73.1875,-51.9375,-0.65948486,-0.71710205,-0.19158936,-0.118774414
4a,4,Right Wrist,31360042,1779735331936,-1.3071793,-2.2996027,3.6370904,49.07504,-37.30889,76.59373,-150.58742,-27.103973,194.45631,0.0
4a,2,Right Ankle,2399091,1779735331936,-10.567356,-0.37055233,1.0480564,10.776638,32.706238,-3.922381,9.093225,80.853546,241.12334,0.0
4a,1,Left Ankle,5357087,1779735331955,17.55,-2.96,1.38,-36.0625,-30.0,153.375,-0.66589355,-0.7166748,-0.16900635,-0.11993408
4a,1,Left Ankle,5357102,1779735331956,-13.4,8.4,6.62,-29.875,81.6875,266.25,-0.6574707,-0.7208252,-0.15722656,-0.1529541
4a,3,Left Wrist,5157117,1779735331976,0.8305109,-8.671292,-9.186047,-20.954224,40.579697,4.0292206,-102.08555,-37.29283,356.44046,0.0
4a,1,Left Ankle,5357126,1779735331986,39.04,28.95,-5.31,-112.3125,-211.0,-85.375,-0.66656494,-0.71850586,-0.14697266,-0.13366699
4a,4,Right Wrist,31360102,1779735331990,-0.96261287,-3.0581274,2.9982069,66.08504,-95.96889,92.763725,-150.5311,-27.056793,194.43073,0.0
4a,2,Right Ankle,2399181,1779735331999,-12.905144,-2.0287786,-0.09092726,19.246637,6.3162403,69.99762,8.98954,80.90322,241.0182,0.0
4a,1,Left Ankle,5357146,1779735332015,-3.01,-19.6,2.59,-66.0625,-37.75,72.25,-0.6748047,-0.71417236,-0.13317871,-0.12988281
4a,1,Left Ankle,5357165,1779735332018,2.08,10.61,4.01,-36.5625,-11.1875,35.5,-0.68011475,-0.7102051,-0.12628174,-0.1307373
4a,1,Left Ankle,5357185,1779735332048,-0.22,10.81,-1.7,-34.375,8.4375,44.5625,-0.68310547,-0.70684814,-0.12182617,-0.1375122
4a,4,Right Wrist,31360163,1779735332050,-2.4126635,-3.0533419,2.9886353,-12.45496,-161.34889,142.60373,-150.50327,-26.974606,194.40218,0.0
4a,2,Right Ankle,2399242,1779735332052,-20.023792,-6.414822,0.9834501,33.526638,-17.76376,171.98761,8.94046,80.92082,240.96742,0.0
4a,1,Left Ankle,5357205,1779735332088,2.07,10.59,0.41,-25.9375,12.875,35.375,-0.6852417,-0.7038574,-0.11883545,-0.14447021
4a,1,Left Ankle,5357225,1779735332088,-1.38,11.21,-0.96,-24.5,7.75,44.25,-0.68688965,-0.7015381,-0.11462402,-0.15130615
4a,3,Left Wrist,5157207,1779735332089,-7.0993037,-12.535701,-10.66481,-120.84423,3.969699,204.08922,-102.15975,-37.15801,356.44687,0.0
4a,1,Left Ankle,5357247,1779735332107,-0.89,9.86,0.26,-22.1875,0.5,47.625,-0.68847656,-0.69976807,-0.1083374,-0.15679932
4a,4,Right Wrist,31360222,1779735332115,-2.1614168,4.8884363,4.220939,-86.86496,-178.21889,130.56372,-150.53708,-26.900726,194.39568,0.0
4a,2,Right Ankle,2399301,1779735332115,-2.6088276,-9.539848,10.997413,-17.503363,-53.043762,1.397619,8.698731,80.87452,240.73438,0.0
4a,1,Left Ankle,5357272,1779735332137,0.39,9.86,-0.24,-18.625,24.9375,44.75,-0.68951416,-0.6967163,-0.10333252,-0.16864014
4a,3,Left Wrist,5157370,1779735332148,4.6470633,-10.150057,-0.15792629,-163.82423,-13.9503,260.1592,-102.187935,-36.859066,356.37125,0.0
4a,1,Left Ankle,5357294,1779735332166,1.69,9.56,1.18,-18.875,28.75,37.9375,-0.69000244,-0.6945801,-0.10168457,-0.17651367
4a,1,Left Ankle,5357311,1779735332168,-0.16,9.78,1.04,-10.875,17.0625,31.3125,-0.68963623,-0.6937866,-0.101989746,-0.1807251
4a,4,Right Wrist,31360282,1779735332169,-3.1424744,6.1733823,6.415158,26.25504,-117.388885,56.573727,-150.53523,-26.85787,194.40163,0.0
4a,2,Right Ankle,2399362,1779735332173,-1.2520974,-5.97215,2.440679,-136.85336,-66.413765,-157.57239,7.964495,80.848526,240.04742,0.0
4a,1,Left Ankle,5357339,1779735332198,1.07,9.18,0.71,-8.1875,2.375,8.25,-0.6902466,-0.69244385,-0.099609375,-0.18481445
4a,3,Left Wrist,5157389,1779735332209,5.7310114,-6.6206436,-0.08374879,-140.16423,-20.5303,244.05922,-102.17022,-36.798874,356.32245,0.0
4a,1,Left Ankle,5357351,1779735332238,1.95,8.91,0.83,-7.5,-0.625,-4.4375,-0.69073486,-0.69195557,-0.099731445,-0.18457031
4a,1,Left Ankle,5357373,1779735332238,2.77,9.83,1.55,-1.1875,0.6875,-48.0625,-0.69317627,-0.6903076,-0.105163574,-0.1786499
4a,4,Right Wrist,31360342,1779735332238,-3.6545384,-0.48823595,2.0793629,18.765041,-79.238884,9.113728,-150.5247,-26.817348,194.40952,0.0
4a,2,Right Ankle,2399421,1779735332238,-7.037943,10.389972,-0.052642096,-186.97336,-1.0337597,-158.48238,8.01098,80.85402,240.14905,0.0
4a,1,Left Ankle,5357396,1779735332255,-0.33,13.14,-0.31,6.8125,5.0,-74.75,-0.6946411,-0.6894531,-0.11376953,-0.1706543
4a,3,Left Wrist,5157447,1779735332268,8.16212,-6.1372933,2.8235307,64.72578,16.5697,160.26923,-102.0864,-36.776752,356.27182,0.0
4a,1,Left Ankle,5357415,1779735332287,-0.82,14.09,-1.54,5.625,12.375,-97.9375,-0.69628906,-0.68811035,-0.12567139,-0.16088867
4a,4,Right Wrist,31360402,1779735332288,-4.032604,-4.8192453,-0.43788654,71.54504,-45.91889,-47.93627,-150.48273,-26.780848,194.4219,0.0
4a,2,Right Ankle,2399482,1779735332292,-8.973736,17.613903,6.7669024,-56.00336,14.92624,-45.152378,8.240398,80.83618,240.39244,0.0
4a,1,Left Ankle,5357438,1779735332326,1.86,16.57,-1.03,11.5,42.75,-128.3125,-0.69744873,-0.68573,-0.1439209,-0.15057373
4a,1,Left Ankle,5357456,1779735332326,2.14,24.91,-6.06,37.0,39.9375,-194.125,-0.69714355,-0.6832886,-0.17022705,-0.13470459
4a,3,Left Wrist,5157506,1779735332328,15.505692,-6.326326,7.1617184,95.52577,107.6397,-30.270779,-101.98774,-36.83134,356.20502,0.0
4a,1,Left Ankle,5357476,1779735332363,12.4,40.1,-3.76,40.125,2.375,-300.5625,-0.6977539,-0.67926025,-0.20379639,-0.10101318
4a,1,Left Ankle,5357497,1779735332364,19.45,36.84,-7.99,33.6875,58.75,-320.4375,-0.69659424,-0.6709595,-0.24560547,-0.06536865
4a,4,Right Wrist,31360462,1779735332364,-11.610673,-12.055141,0.17228323,-62.50496,54.531113,-71.736275,-150.48473,-26.78117,194.42406,0.0
4a,2,Right Ankle,2399541,1779735332364,-21.122097,1.4623498,-2.3545375,-69.44336,36.90624,78.257614,8.509191,80.89955,240.68643,0.0
4a,1,Left Ankle,5357512,1779735332375,-4.51,31.35,-0.93,20.5,98.25,-283.25,-0.6939697,-0.6589966,-0.2868042,-0.042419434
4a,1,Left Ankle,5357536,1779735332406,-1.81,31.19,2.79,20.375,-52.6875,-266.25,-0.69470215,-0.64764404,-0.31292725,-0.0064086914
4a,1,Left Ankle,5357554,1779735332406,-4.63,23.4,-1.45,13.875,26.875,-204.375,-0.69281006,-0.637146,-0.3371582,0.01940918
4a,4,Right Wrist,31360522,1779735332409,-15.42244,-5.76441,6.5635123,-257.38495,184.2411,-56.476273,-150.55325,-26.827969,194.40147,0.0
4a,2,Right Ankle,2399601,1779735332413,-7.9232874,-5.1298766,-1.9621147,42.766636,-17.20376,9.4476185,8.174543,80.939995,240.34161,0.0
4a,1,Left Ankle,5357578,1779735332442,2.59,16.23,0.56,-3.375,36.375,-155.5625,-0.6893921,-0.62750244,-0.3600464,0.036132812
4a,3,Left Wrist,5157566,1779735332448,22.870798,6.9155545,14.486148,308.04578,109.3197,-300.61078,-101.84398,-36.97894,356.17075,0.0
4a,1,Left Ankle,5357599,1779735332466,0.19,10.46,1.25,-17.875,46.5,-64.0625,-0.6878662,-0.6209717,-0.3737793,0.040039062
4a,4,Right Wrist,31360583,1779735332468,-4.07089,11.423234,18.343378,-106.67496,230.23111,-60.326275,-150.5808,-26.914227,194.3782,0.0
4a,1,Left Ankle,5357617,1779735332468,3.31,6.07,0.4,-29.5625,19.0625,-2.5625,-0.6888428,-0.61572266,-0.38079834,0.036743164
4a,2,Right Ankle,2399662,1779735332473,-7.940037,0.16783276,2.309074,0.4166379,9.81624,28.627619,8.1879635,80.8901,240.3563,0.0
4a,1,Left Ankle,5357641,1779735332498,1.42,2.43,0.77,-43.0,-3.5,97.0,-0.6932373,-0.61572266,-0.37371826,0.02520752
4a,4,Right Wrist,31360642,1779735332538,-1.3765712,3.0698915,13.69891,-48.36496,300.3711,-79.57628,-150.57713,-27.026373,194.34453,0.0
4a,1,Left Ankle,5357656,1779735332538,0.35,2.81,1.54,-37.1875,-2.75,188.625,-0.69818115,-0.6213379,-0.35559082,0.0040893555
4a,2,Right Ankle,2399721,1779735332538,-8.181712,-1.0237929,0.80159557,-19.043362,-1.1737598,53.26762,7.899301,80.9234,240.08073,0.0
4a,3,Left Wrist,5157730,1779735332540,-1.5527403,-42.632626,-22.892134,75.92577,-106.560295,155.50922,-101.817245,-36.916843,356.2961,0.0
4a,1,Left Ankle,5357683,1779735332558,3.96,3.54,3.19,-30.3125,59.375,267.0625,-0.69854736,-0.631897,-0.33416748,-0.03161621
4a,1,Left Ankle,5357698,1779735332559,10.74,3.91,1.31,-23.25,105.375,362.1875,-0.692749,-0.6463623,-0.309021,-0.08276367
4a,1,Left Ankle,5357723,1779735332589,12.62,9.99,-1.37,-34.0625,107.9375,467.5,-0.67523193,-0.66986084,-0.24859619,-0.18310547
4a,4,Right Wrist,31360703,1779735332590,3.8589246,-1.6726831,10.992627,-44.65496,316.8911,-85.666275,-150.5634,-27.151777,194.30597,0.0
4a,3,Left Wrist,5157749,1779735332605,-1.203388,-27.756449,-14.019547,-55.044224,-57.280304,206.95923,-101.87673,-36.77247,356.32407,0.0
4a,1,Left Ankle,5357764,1779735332630,16.19,17.73,-1.91,-59.8125,-45.1875,608.6875,-0.6374512,-0.69311523,-0.11401367,-0.31658936
4a,1,Left Ankle,5357745,1779735332629,13.89,15.65,-2.43,-47.4375,69.0625,539.0625,-0.6586914,-0.6828613,-0.18927002,-0.25299072
4a,2,Right Ankle,2399782,1779735332630,-7.865859,0.7660385,1.5840486,4.2666383,7.01624,47.17762,8.341497,80.8826,240.5186,0.0
4a,1,Left Ankle,5357784,1779735332648,18.2,9.77,-4.18,-39.9375,-67.0,635.3125,-0.6069946,-0.69976807,-0.029968262,-0.37554932
4a,4,Right Wrist,31360762,1779735332651,-3.0587254,-4.905387,-1.4500505,160.37505,182.3511,1.9037279,-150.45811,-27.1707,194.25511,0.0
4a,3,Left Wrist,5157836,1779735332661,7.805589,-6.8312116,5.797809,-161.16423,-8.0003,149.41922,-101.87586,-36.73801,356.28342,0.0
4a,1,Left Ankle,5357807,1779735332681,16.82,1.85,-12.14,0.0625,46.8125,645.3125,-0.5638428,-0.69696045,0.04547119,-0.44067383
4a,1,Left Ankle,5357824,1779735332682,12.2,-2.13,-23.32,12.0,117.4375,652.1875,-0.51208496,-0.6803589,0.11029053,-0.51257324
4a,2,Right Ankle,2399841,1779735332683,-7.4662576,-1.4377513,2.658426,24.286638,9.81624,60.26762,8.1702585,80.84966,240.34448,0.0
4a,1,Left Ankle,5357844,1779735332707,3.29,7.84,-23.77,41.6875,91.4375,640.3125,-0.4510498,-0.65856934,0.17224121,-0.5772705
4a,4,Right Wrist,31360822,1779735332709,-3.4942193,-3.0222354,3.723232,158.27504,103.81111,10.4437275,-150.37103,-27.190765,194.22185,0.0
4a,1,Left Ankle,5357885,1779735332749,-38.76,40.07,-20.23,25.125,-408.375,688.125,-0.3317871,-0.62042236,0.2703247,-0.65722656
4a,2,Right Ankle,2399931,1779735332749,-9.471443,2.5582623,1.6510476,-9.523362,-11.60376,38.91762,8.706343,80.828514,240.87909,0.0
4a,3,Left Wrist,5157896,1779735332749,15.417158,-2.1460652,9.138189,-56.584225,-92.0703,63.109222,-101.88145,-36.745586,356.29654,0.0
4a,1,Left Ankle,5357867,1779735332749,-35.38,29.52,-1.02,30.4375,164.125,585.0,-0.38891602,-0.62841797,0.22491455,-0.63500977
4a,1,Left Ankle,5357910,1779735332766,38.32,-2.15,0.37,-49.0,-267.125,-1029.4375,-0.35186768,-0.69000244,0.24633789,-0.58258057
4a,4,Right Wrist,31360882,1779735332777,-17.425232,-16.240189,-1.0695918,15.4750395,119.21111,21.713728,-150.32738,-27.192047,194.18019,0.0
4a,1,Left Ankle,5357927,1779735332797,-13.43,12.15,-4.51,77.9375,76.1875,349.3125,-0.34661865,-0.67736816,0.24163818,-0.60217285
4a,1,Left Ankle,5357946,1779735332798,10.13,-31.19,-7.97,75.6875,-225.5625,-58.25,-0.32702637,-0.6916504,0.2468872,-0.5947876
4a,2,Right Ankle,2399992,1779735332803,-7.9591794,1.6729182,-0.17706887,12.316637,6.1762404,-4.272381,9.039931,80.86862,241.20406,0.0
4a,3,Left Wrist,5157957,1779735332808,4.395817,-0.92572576,9.530613,-99.354225,-294.23032,-82.49077,-101.955864,-36.766506,356.4056,0.0
4a,1,Left Ankle,5357971,1779735332826,-7.33,5.01,1.31,89.9375,-46.5625,273.8125,-0.29266357,-0.6984253,0.26696777,-0.59606934
4a,4,Right Wrist,31360942,1779735332829,-18.71975,-7.470493,3.225525,-319.47498,274.05112,-28.476273,-150.40552,-27.254765,194.13048,0.0
4a,1,Left Ankle,5357995,1779735332857,-25.66,9.57,5.01,5.0,-151.875,28.875,-0.27142334,-0.7076416,0.2835083,-0.5875244
4a,2,Right Ankle,2400051,1779735332864,-7.456687,6.118783,1.7180467,15.256638,-8.45376,-11.132381,9.451557,80.84876,241.60445,0.0
4a,1,Left Ankle,5358031,1779735332896,-21.28,11.21,-0.56,-32.5,-146.625,-209.0625,-0.29022217,-0.723999,0.2748413,-0.5621948
4a,1,Left Ankle,5358012,1779735332896,-22.35,5.16,7.55,-38.1875,13.125,-6.0,-0.2816162,-0.7128296,0.28240967,-0.5769043
4a,3,Left Wrist,5158046,1779735332896,-7.489333,-14.878274,10.736595,195.20578,-113.0003,57.089222,-101.875984,-36.70927,356.42627,0.0
4a,1,Left Ankle,5358047,1779735332924,-0.66,5.46,-0.62,-14.875,-68.875,-183.375,-0.30578613,-0.7411499,0.25671387,-0.5397339
4a,4,Right Wrist,31361002,1779735332924,-0.7376875,3.711168,9.772288,-163.65497,207.48111,101.443726,-150.42477,-27.308384,194.05392,0.0
4a,2,Right Ankle,2400112,1779735332924,-9.380516,1.4671353,2.940779,-11.273362,5.3362403,-17.01238,9.600332,80.80162,241.75433,0.0
4a,1,Left Ankle,5358072,1779735332953,-0.26,6.81,3.03,-14.5625,58.9375,-148.0,-0.331604,-0.7423706,0.2265625,-0.5362549
4a,1,Left Ankle,5358093,1779735332953,1.31,16.01,0.5,-4.4375,85.75,-125.625,-0.33917236,-0.74072266,0.21643066,-0.53796387
4a,3,Left Wrist,5158106,1779735332960,-3.8378854,-12.006887,1.0911272,-0.2342236,53.319702,70.52922,-101.83459,-36.634403,356.38284,0.0
4a,1,Left Ankle,5358109,1779735332976,0.82,20.68,-0.25,1.5,109.1875,-145.0625,-0.3554077,-0.7357788,0.19293213,-0.5432739
4a,2,Right Ankle,2400171,1779735332983,-8.784703,2.4146934,1.0217353,-33.25336,6.1762404,-5.882381,10.050709,80.80429,242.21019,0.0
4a,1,Left Ankle,5358134,1779735333007,-0.74,22.34,-1.1,2.0625,77.1875,-240.8125,-0.3875122,-0.732605,0.14630127,-0.5401001
4a,1,Left Ankle,5358149,1779735333007,0.9,23.81,-1.9,9.0,57.0,-273.0,-0.4000244,-0.7335205,0.1270752,-0.53466797
4a,4,Right Wrist,31361062,1779735333009,6.452744,5.869494,9.559327,119.42504,139.65111,78.693726,-150.35904,-27.357296,194.00024,0.0
4a,3,Left Wrist,5158197,1779735333019,2.395417,-9.082858,0.23928227,19.995777,37.289696,109.16922,-101.770905,-36.546497,356.33255,0.0
4a,1,Left Ankle,5358173,1779735333043,5.68,25.44,-0.34,-6.75,-57.6875,-341.1875,-0.44122314,-0.7439575,0.068603516,-0.4970703
4a,2,Right Ankle,2400232,1779735333046,-8.904345,0.92396474,2.143969,-22.053362,-1.9437598,-14.772381,10.2157345,80.75414,242.37988,0.0
4a,1,Left Ankle,5358194,1779735333067,8.16,26.08,-1.59,-19.625,-88.25,-352.6875,-0.47125244,-0.7525635,0.032165527,-0.4588623
4a,1,Left Ankle,5358209,1779735333068,9.47,26.05,-2.02,-21.6875,-83.125,-353.9375,-0.48590088,-0.7555542,0.013793945,-0.43920898
4a,4,Right Wrist,31361152,1779735333069,8.86471,1.421237,-0.76331043,-9.654961,-105.418884,-90.706276,-150.3961,-27.384338,194.05635,0.0
4a,1,Left Ankle,5358234,1779735333097,10.44,24.81,-1.47,-25.3125,-65.1875,-354.75,-0.5274048,-0.7578125,-0.043395996,-0.38171387
4a,1,Left Ankle,5358249,1779735333098,9.66,25.34,-2.42,-15.6875,-22.375,-337.4375,-0.5391846,-0.7562866,-0.06347656,-0.3651123
4a,3,Left Wrist,5158256,1779735333113,-0.61714643,-5.6371937,-2.0482562,-145.48422,87.899704,15.929222,-101.81794,-36.47402,356.30524,0.0
4a,1,Left Ankle,5358274,1779735333135,14.43,22.55,-2.64,-11.6875,-1.9375,-311.875,-0.569458,-0.7471924,-0.12438965,-0.31933594
4a,2,Right Ankle,2400291,1779735333135,-9.004843,1.3355302,1.6295122,-20.933363,-2.92376,-0.352381,10.638581,80.72769,242.8043,0.0
4a,1,Left Ankle,5358296,1779735333155,15.45,23.03,-0.85,-12.0625,-8.1875,-288.9375,-0.5866089,-0.73950195,-0.15765381,-0.2901001
4a,4,Right Wrist,31361242,1779735333159,-4.1570315,-7.827023,-3.440879,40.46504,-81.05888,-24.416271,-150.35844,-27.322733,194.06456,0.0
4a,3,Left Wrist,5158316,1779735333168,2.828518,-5.945868,-3.438486,-105.09423,101.689705,20.549221,-101.891304,-36.43617,356.2979,0.0
4a,1,Left Ankle,5358314,1779735333193,18.65,18.6,-1.25,-45.75,-36.125,-242.9375,-0.6044922,-0.7296753,-0.18395996,-0.26135254
4a,1,Left Ankle,5358337,1779735333194,15.31,16.89,-3.0,-50.6875,-38.3125,-215.125,-0.6204834,-0.7196655,-0.20251465,-0.2368164
4a,2,Right Ankle,2400351,1779735333194,-8.988093,0.73971736,1.8041883,-15.543362,-0.053759813,-7.9823813,10.881964,80.68053,243.04951,0.0
4a,1,Left Ankle,5358353,1779735333217,16.8,16.84,-3.4,-47.9375,-58.125,-175.4375,-0.6278076,-0.71520996,-0.20910645,-0.22491455
4a,1,Left Ankle,5358393,1779735333246,12.47,12.53,-4.59,-40.0,-47.8125,-79.375,-0.65893555,-0.69641113,-0.22106934,-0.17858887
4a,1,Left Ankle,5358375,1779735333246,15.2,12.83,-4.08,-55.875,-76.1875,-133.75,-0.6488037,-0.7029419,-0.21844482,-0.19299316
4a,4,Right Wrist,31361302,1779735333249,-6.030611,-6.4176507,-3.708875,-38.074963,-112.278885,12.543728,-150.3566,-27.240852,194.07146,0.0
4a,2,Right Ankle,2400442,1779735333252,-9.4881935,0.9407145,1.2586247,-14.843363,11.35624,-8.75238,11.295733,80.69914,243.4626,0.0
4a,3,Left Wrist,5158407,1779735333258,0.58883566,-9.736098,-3.0460632,13.695777,32.7397,40.429222,-101.89232,-36.35035,356.29004,0.0
4a,1,Left Ankle,5358412,1779735333275,14.27,9.75,-6.22,-26.0,-26.6875,-40.625,-0.66503906,-0.6921387,-0.22290039,-0.17022705
4a,1,Left Ankle,5358437,1779735333316,13.73,7.81,-5.89,-15.5,-21.9375,11.1875,-0.6680908,-0.6906738,-0.22003174,-0.16796875
4a,4,Right Wrist,31361392,1779735333317,-6.803493,-5.819445,-1.9836501,-118.92496,-145.2489,31.723728,-150.38455,-27.152994,194.07896,0.0
4a,1,Left Ankle,5358456,1779735333328,12.78,6.85,-4.64,-11.0625,-17.375,35.5625,-0.66833496,-0.6917114,-0.21276855,-0.17199707
4a,2,Right Ankle,2400501,1779735333328,-9.1508045,0.6607542,1.6917256,-26.113363,15.48624,-16.872381,11.564366,80.66047,243.73587,0.0
4a,1,Left Ankle,5358477,1779735333338,13.5,5.82,-3.16,-20.6875,-33.0,108.625,-0.66778564,-0.69415283,-0.19909668,-0.18048096
4a,3,Left Wrist,5158497,1779735333350,1.7756758,-8.932111,-3.67059,-155.14423,15.6596985,97.549225,-101.97273,-36.249767,356.29556,0.0
4a,1,Left Ankle,5358495,1779735333368,3.08,22.91,6.69,-35.875,10.75,220.125,-0.664978,-0.69854736,-0.17358398,-0.19934082
4a,2,Right Ankle,2400562,1779735333381,-9.167555,0.27550977,1.2514462,-28.773363,6.45624,-15.822382,11.552583,80.7179,243.73341,0.0
4a,1,Left Ankle,5358518,1779735333398,-8.04,40.1,-2.77,149.625,20.0625,159.25,-0.6405029,-0.715271,-0.15905762,-0.2298584
4a,1,Left Ankle,5358536,1779735333399,4.99,-2.97,0.08,-143.0,-7.0,-86.4375,-0.66223145,-0.6976929,-0.15991211,-0.22143555
4a,4,Right Wrist,31361482,1779735333399,-4.5542397,-3.8453662,4.8215375,-115.84496,-142.37889,89.82372,-150.40288,-27.084553,194.06644,0.0
4a,3,Left Wrist,5158556,1779735333410,2.6323068,-4.9791675,-4.4315076,-116.854225,-11.080301,74.58922,-102.08555,-36.200195,356.33682,0.0
4a,1,Left Ankle,5358556,1779735333427,-15.11,6.51,0.7,-25.1875,156.25,106.5625,-0.664978,-0.6876221,-0.16223145,-0.24224854
4a,2,Right Ankle,2400622,1779735333433,-9.380516,2.3285515,2.940779,-27.513363,13.80624,-18.27238,11.777414,80.67802,243.96385,0.0
4a,1,Left Ankle,5358600,1779735333458,2.55,17.48,1.74,-10.25,44.25,105.9375,-0.6630249,-0.6849365,-0.16119385,-0.2555542
4a,1,Left Ankle,5358578,1779735333458,9.54,9.38,1.71,-7.9375,-9.5625,-30.1875,-0.6646118,-0.68463135,-0.16760254,-0.24786377
4a,4,Right Wrist,31361542,1779735333459,-2.5251257,0.0046855276,6.8602223,-59.074963,-138.5289,107.25372,-150.40822,-27.025309,194.05176,0.0
4a,1,Left Ankle,5358623,1779735333486,-1.07,12.81,1.27,-16.75,-52.625,-1.3125,-0.66278076,-0.6856079,-0.1531372,-0.2592163
4a,2,Right Ankle,2400681,1779735333493,-9.440336,-0.1551983,0.20817557,3.006638,18.56624,-24.502382,11.684909,80.742775,243.87044,0.0
4a,1,Left Ankle,5358645,1779735333524,-0.28,4.96,0.42,-9.6875,-2.8125,16.5,-0.6638794,-0.68518066,-0.14984131,-0.25952148
4a,1,Left Ankle,5358663,1779735333524,2.12,9.79,0.06,11.0625,13.0,13.375,-0.6616821,-0.68585205,-0.1505127,-0.26287842
4a,3,Left Wrist,5158646,1779735333528,4.6781697,-8.209478,-3.3954153,-3.6642237,-32.1503,97.61922,-102.14773,-36.12391,356.37585,0.0
4a,1,Left Ankle,5358692,1779735333546,2.47,12.03,-0.08,1.9375,-32.25,1.0625,-0.66137695,-0.68743896,-0.14794922,-0.2611084
4a,4,Right Wrist,31361632,1779735333549,-0.015055092,4.127518,7.5589266,49.285038,-91.55888,97.80373,-150.38351,-26.990227,194.03596,0.0
4a,2,Right Ankle,2400742,1779735333553,-8.540635,0.5817911,0.6484549,29.046638,8.48624,-29.892382,11.839174,80.79455,244.01117,0.0
4a,1,Left Ankle,5358707,1779735333576,-0.05,8.92,-0.13,-2.9375,-62.8125,-17.3125,-0.6636963,-0.689209,-0.14300537,-0.25305176
4a,3,Left Wrist,5158810,1779735333595,0.35673195,-8.776576,-1.253839,-12.624224,-52.240303,87.88922,-102.18944,-35.918243,356.41022,0.0
4a,1,Left Ankle,5358732,1779735333608,-0.71,9.54,-0.57,3.25,-38.9375,-14.3125,-0.6654053,-0.69158936,-0.13946533,-0.24383545
4a,4,Right Wrist,31361692,1779735333608,0.42043865,5.3837504,5.2785664,45.785038,-52.638885,54.683727,-150.37065,-26.975763,194.03069,0.0
4a,1,Left Ankle,5358751,1779735333609,0.91,10.11,0.28,8.4375,2.4375,-13.25,-0.66516113,-0.69189453,-0.14056396,-0.24316406
4a,2,Right Ankle,2400801,1779735333614,-9.50255,2.7377243,1.5194423,55.506638,-8.3837595,-25.622381,12.260222,80.77768,244.40619,0.0
4a,1,Left Ankle,5358772,1779735333637,1.18,9.9,0.26,11.4375,-2.4375,-14.4375,-0.6641846,-0.69348145,-0.14318848,-0.2397461
4a,3,Left Wrist,5158829,1779735333649,-1.4929192,-10.698013,1.0719845,-22.424223,-42.1603,79.06922,-102.17314,-35.834534,356.40298,0.0
4a,1,Left Ankle,5358794,1779735333666,0.8,9.93,-0.37,11.6875,-23.875,-14.3125,-0.6640625,-0.694397,-0.14294434,-0.23736572
4a,1,Left Ankle,5358811,1779735333667,0.27,9.66,-0.11,10.0625,-28.25,-15.8125,-0.66412354,-0.6963501,-0.14190674,-0.23205566
4a,4,Right Wrist,31361782,1779735333669,-0.7568302,4.5534406,2.7828526,81.90504,-31.21889,-65.36627,-150.3677,-26.983963,194.06483,0.0
4a,2,Right Ankle,2400862,1779735333682,-10.6965685,8.863351,-3.7328033,193.05664,8.48624,58.51762,12.891689,80.801125,244.96622,0.0
4a,1,Left Ankle,5358832,1779735333695,0.15,9.84,-0.5,9.125,-21.375,-17.1875,-0.6641846,-0.697937,-0.14172363,-0.22723389
4a,3,Left Wrist,5158886,1779735333708,1.3665035,-8.140086,-0.44267216,93.285774,-53.430298,97.75922,-102.12057,-35.733456,356.40027,0.0
4a,1,Left Ankle,5358849,1779735333735,0.49,10.13,-0.11,7.875,-7.875,-13.0625,-0.66400146,-0.6989746,-0.14245605,-0.22406006
4a,1,Left Ankle,5358873,1779735333735,0.25,9.9,-0.07,8.5625,-10.1875,-11.5625,-0.6635132,-0.7003174,-0.1439209,-0.22027588
4a,4,Right Wrist,31361842,1779735333735,-1.6349962,0.46889293,2.6656044,96.74504,-34.36889,-131.93628,-150.35051,-26.994308,194.11334,0.0
4a,2,Right Ankle,2400921,1779735333735,-8.945023,3.548891,-5.0416775,41.086636,22.41624,94.77762,13.382416,80.851685,245.44202,0.0
4a,1,Left Ankle,5358894,1779735333756,0.56,9.64,-0.4,10.0,-14.0625,-10.5,-0.6633301,-0.7015381,-0.14459229,-0.2166748
4a,3,Left Wrist,5158947,1779735333772,1.3569319,-9.403496,0.09810573,-2.8942237,-31.5203,60.79922,-102.09162,-35.652817,356.3879,0.0
4a,1,Left Ankle,5358911,1779735333787,0.06,9.71,-0.01,11.3125,-11.5,-9.0625,-0.66278076,-0.70214844,-0.14520264,-0.21588135
4a,1,Left Ankle,5358939,1779735333788,0.24,9.44,-0.2,17.125,-10.75,-11.3125,-0.661438,-0.7046509,-0.14691162,-0.2107544
4a,4,Right Wrist,31361902,1779735333789,-4.0134616,-2.1033916,-0.33978084,42.14504,-10.428888,-178.97627,-150.34952,-26.98871,194.16959,0.0
4a,2,Right Ankle,2400982,1779735333794,-7.492579,2.134733,-1.6701902,23.656637,40.47624,81.757614,13.878788,80.90206,245.92892,0.0
4a,1,Left Ankle,5358955,1779735333825,0.01,10.05,-0.44,18.75,-6.25,-9.25,-0.65966797,-0.7067261,-0.14807129,-0.20855713
4a,1,Left Ankle,5358976,1779735333859,0.66,9.78,-0.33,18.6875,-2.4375,-10.875,-0.6578369,-0.70861816,-0.1496582,-0.20654297
4a,1,Left Ankle,5358996,1779735333859,0.09,9.73,-0.34,19.75,-3.5625,-10.9375,-0.6558838,-0.71087646,-0.15100098,-0.20422363
4a,4,Right Wrist,31361962,1779735333859,-3.831607,-1.9837505,1.3064811,-9.654961,31.991112,-190.80627,-150.36269,-27.01014,194.22072,0.0
4a,2,Right Ankle,2401041,1779735333860,-6.3392386,-0.34183845,0.8039884,49.416637,55.666237,36.53762,13.601448,80.955284,245.64066,0.0
4a,1,Left Ankle,5359015,1779735333876,0.12,9.54,-0.68,24.75,-13.6875,-8.25,-0.65356445,-0.7137451,-0.15142822,-0.20117188
4a,3,Left Wrist,5159006,1779735333889,0.20119886,-7.123136,0.6939185,90.76577,-22.070301,49.179222,-102.02642,-35.58252,356.3716,0.0
4a,1,Left Ankle,5359036,1779735333919,-0.15,9.51,-0.84,26.3125,-16.0,-7.0625,-0.65093994,-0.7171631,-0.15124512,-0.19769287
4a,1,Left Ankle,5359052,1779735333919,-0.1,9.88,-0.75,28.375,-22.1875,-4.875,-0.6480713,-0.72094727,-0.15014648,-0.19421387
4a,4,Right Wrist,31362022,1779735333919,-3.1257243,-4.0559344,1.1222339,39.62504,65.52111,-153.63628,-150.33824,-27.036245,194.24738,0.0
4a,2,Right Ankle,2401102,1779735333919,-6.616806,-0.6289772,2.3784657,9.936638,24.37624,-9.102381,13.341103,80.926254,245.37994,0.0
4a,1,Left Ankle,5359076,1779735333939,-0.09,9.61,-1.01,33.75,-7.125,0.5,-0.6442261,-0.7247925,-0.15032959,-0.19250488
4a,3,Left Wrist,5159169,1779735333951,1.5196441,-6.9245315,1.2275181,22.235777,2.0096993,-38.180775,-101.91546,-35.490734,356.3411,0.0
4a,1,Left Ankle,5359098,1779735333977,-0.14,9.92,-1.06,37.0,-2.4375,6.0625,-0.6397705,-0.7289429,-0.15057373,-0.19158936
4a,4,Right Wrist,31362083,1779735333977,-2.9271202,-4.8240304,0.3804588,26.95504,71.96111,-97.49628,-150.30493,-27.051414,194.25177,0.0
4a,1,Left Ankle,5359115,1779735333977,-0.15,9.91,-0.95,40.9375,0.5,9.5625,-0.6345215,-0.7334595,-0.15075684,-0.19152832
4a,2,Right Ankle,2401162,1779735333987,-7.325082,-4.2684603,2.723032,-94.36336,15.34624,-46.20238,12.803711,80.928185,244.87955,0.0
4a,1,Left Ankle,5359141,1779735333998,-0.09,9.7,-1.32,44.6875,-1.375,15.4375,-0.6291504,-0.7381592,-0.15136719,-0.19073486
4a,3,Left Wrist,5159189,1779735334008,1.6799632,-7.4892383,0.77288175,4.3157763,10.829699,-52.60078,-101.86836,-35.46436,356.3147,0.0
4a,1,Left Ankle,5359155,1779735334028,-0.14,9.89,-1.19,47.3125,-2.8125,21.1875,-0.6239624,-0.74279785,-0.15216064,-0.18908691
4a,1,Left Ankle,5359176,1779735334029,-0.36,10.12,-1.57,48.5,-6.6875,31.6875,-0.6185913,-0.7477417,-0.15161133,-0.18780518
4a,4,Right Wrist,31362142,1779735334029,-2.9390843,-3.2423751,-0.2656033,9.73504,58.24111,-49.266273,-150.27696,-27.04663,194.24495,0.0
4a,2,Right Ankle,2401221,1779735334034,-11.675234,-4.2732463,6.745367,-115.29336,18.42624,-42.63238,12.38851,80.90699,244.50714,0.0
4a,1,Left Ankle,5359195,1779735334058,-0.22,10.21,-2.13,51.0,-5.0625,41.5,-0.611145,-0.75408936,-0.14758301,-0.1897583
4a,3,Left Wrist,5159247,1779735334069,1.926424,-8.4846525,0.94037926,-65.19423,15.7297,-81.51077,-101.84528,-35.44907,356.2885,0.0
4a,1,Left Ankle,5359216,1779735334091,0.43,10.21,-2.43,57.625,6.875,49.9375,-0.60253906,-0.7609863,-0.1430664,-0.19335938
4a,1,Left Ankle,5359235,1779735334091,2.28,10.67,-2.92,57.6875,-4.75,49.375,-0.5932617,-0.76812744,-0.1385498,-0.19708252
4a,1,Left Ankle,5359259,1779735334125,0.15,10.2,-4.34,44.625,-7.4375,46.125,-0.58599854,-0.77423096,-0.1326294,-0.19891357
4a,4,Right Wrist,31362203,1779735334126,-4.4441695,-1.4046868,0.33499515,12.67504,14.071112,-9.436272,-150.26222,-27.024473,194.24063,0.0
4a,3,Left Wrist,5159306,1779735334138,0.6414783,-10.86551,-1.7324035,20.975777,17.829699,-92.50078,-101.83028,-35.409958,356.2845,0.0
4a,1,Left Ankle,5359277,1779735334147,2.42,10.89,-4.73,41.5,-12.625,40.5625,-0.57910156,-0.7796631,-0.1274414,-0.20123291
4a,1,Left Ankle,5359299,1779735334176,-0.05,11.37,-5.36,33.0625,-38.0,39.3125,-0.5736084,-0.7854614,-0.11981201,-0.19915771
4a,1,Left Ankle,5359321,1779735334178,-0.86,10.38,-2.35,8.125,-21.125,34.75,-0.57110596,-0.78881836,-0.11126709,-0.19793701
4a,4,Right Wrist,31362262,1779735334178,-7.294022,-3.7951171,1.2921243,-6.01496,-30.798887,16.323729,-150.24805,-26.98678,194.23358,0.0
4a,2,Right Ankle,2401385,1779735334183,-10.864067,-0.42080164,-0.069391854,27.436638,-16.85376,-24.082382,12.3674,81.00281,244.46739,0.0
4a,3,Left Wrist,5159367,1779735334202,-0.8827502,-14.284855,-4.7976093,103.29578,38.829697,-28.590778,-101.80329,-35.348694,356.2806,0.0
4a,1,Left Ankle,5359337,1779735334207,-1.3,9.83,-2.2,-3.8125,-37.625,34.125,-0.5708618,-0.79016113,-0.104003906,-0.19726562
4a,1,Left Ankle,5359355,1779735334208,-7.93,10.03,1.64,-20.0625,-86.125,35.0,-0.5730591,-0.7918701,-0.09082031,-0.19042969
4a,1,Left Ankle,5359381,1779735334242,-8.93,11.91,5.31,-44.625,-120.9375,5.3125,-0.57958984,-0.791626,-0.0769043,-0.17736816
4a,4,Right Wrist,31362352,1779735334242,-8.150652,-7.944271,0.040677983,8.68504,-37.93889,-22.806273,-150.22676,-26.950006,194.23734,0.0
4a,2,Right Ankle,2401404,1779735334244,-11.287596,-2.0646708,1.4883357,12.596638,-31.483759,-22.052382,11.8489275,81.01684,243.94936,0.0
4a,3,Left Wrist,5159426,1779735334249,-0.7726801,-13.880467,-9.683753,47.155777,58.569702,63.039223,-101.82117,-35.270107,356.2805,0.0
4a,1,Left Ankle,5359395,1779735334276,-9.98,10.35,3.59,-39.125,-120.0,-16.9375,-0.5869751,-0.79089355,-0.06506348,-0.16033936
4a,1,Left Ankle,5359420,1779735334297,-8.4,7.5,1.11,-29.125,-31.6875,-48.4375,-0.5932007,-0.78900146,-0.062072754,-0.14758301
4a,1,Left Ankle,5359435,1779735334298,-4.92,7.48,-0.27,-11.8125,98.9375,-78.875,-0.59643555,-0.784729,-0.07836914,-0.14923096
4a,4,Right Wrist,31362413,1779735334299,-7.0786676,-7.7289176,-0.2727818,-0.83496,-18.618889,3.3037279,-150.2013,-26.91403,194.22766,0.0
4a,2,Right Ankle,2401492,1779735334303,-9.2536955,0.024263395,0.715454,-5.8833623,-5.5137596,-6.792381,11.770366,81.071365,243.87341,0.0
4a,3,Left Wrist,5159487,1779735334309,2.2877398,-10.023238,-7.1234326,-57.634224,12.6497,109.16922,-101.89408,-35.18641,356.301,0.0
4a,1,Left Ankle,5359458,1779735334326,1.3,6.48,-2.62,5.75,134.75,-99.875,-0.5963745,-0.78009033,-0.10449219,-0.15765381
4a,1,Left Ankle,5359483,1779735334357,3.98,5.3,-2.05,-18.625,72.8125,-95.0625,-0.59851074,-0.7717285,-0.13916016,-0.16381836
4a,1,Left Ankle,5359498,1779735334358,9.0,1.44,0.1,-31.6875,9.9375,-85.1875,-0.60162354,-0.76898193,-0.14477539,-0.16052246
4a,4,Right Wrist,31362472,1779735334358,-8.160223,-7.6930246,0.9427721,-2.09496,-31.498888,38.933727,-150.1742,-26.87117,194.20943,0.0
4a,2,Right Ankle,2401551,1779735334363,-9.284803,1.567634,0.16989042,-13.443362,-0.053759813,-11.83238,12.091137,81.10677,244.1943,0.0
4a,3,Left Wrist,5159546,1779735334369,4.9007025,-7.419846,-3.6323047,-19.554224,-3.1003008,95.02922,-101.96458,-35.137035,356.33295,0.0
4a,1,Left Ankle,5359522,1779735334387,10.48,0.49,4.78,-58.0,-127.875,-49.8125,-0.6125488,-0.76690674,-0.1348877,-0.13562012
4a,1,Left Ankle,5359543,1779735334418,28.81,2.25,-14.69,30.9375,62.25,39.1875,-0.60668945,-0.7689209,-0.13513184,-0.14978027
4a,1,Left Ankle,5359558,1779735334418,0.35,15.39,-17.52,43.875,134.75,196.0625,-0.59973145,-0.7714844,-0.12982178,-0.16809082
4a,2,Right Ankle,2401612,1779735334424,-9.179519,0.20851074,0.53599226,-13.023362,1.4862401,-2.6623812,12.11948,81.16219,244.2267,0.0
4a,3,Left Wrist,5159606,1779735334428,5.111271,-7.4533463,-2.9503503,1.7257764,12.089699,58.629223,-102.0247,-35.10292,356.36105,0.0
4a,4,Right Wrist,31362532,1779735334450,-8.890034,-6.8722873,2.4047868,3.2950401,-48.928886,41.94373,-150.14919,-26.825937,194.19489,0.0
4a,1,Left Ankle,5359586,1779735334450,17.79,20.93,-4.4,-6.375,82.0625,-28.0625,-0.5892334,-0.7720947,-0.1359253,-0.1954956
4a,1,Left Ankle,5359603,1779735334484,11.11,-5.04,3.81,-92.75,-28.75,-136.5625,-0.6066284,-0.76104736,-0.14575195,-0.17755127
4a,1,Left Ankle,5359622,1779735334484,-9.19,6.21,-4.17,-15.5625,-27.3125,96.375,-0.6068115,-0.7624512,-0.13232422,-0.18157959
4a,2,Right Ankle,2401671,1779735334494,-9.665262,0.4908638,1.1916257,-14.9133625,6.80624,7.977619,12.404578,81.20529,244.51402,0.0
4a,3,Left Wrist,5159666,1779735334494,5.4941225,-8.573188,-1.7754744,17.335777,28.1197,24.329222,-102.00219,-35.021324,356.34232,0.0
4a,1,Left Ankle,5359646,1779735334509,-0.86,11.67,-0.21,-4.125,-58.3125,-0.875,-0.60772705,-0.76312256,-0.12927246,-0.17785645
4a,4,Right Wrist,31362623,1779735334511,-9.600702,-6.4391856,1.8185452,-8.53496,-24.638887,9.673728,-150.1331,-26.791533,194.1875,0.0
4a,1,Left Ankle,5359663,1779735334538,2.47,12.97,-0.24,2.625,-31.0625,26.6875,-0.6099243,-0.76452637,-0.1204834,-0.17034912
4a,1,Left Ankle,5359686,1779735334539,-1.47,9.08,-3.55,15.5,-24.0,27.5,-0.6080322,-0.76623535,-0.117370605,-0.17144775
4a,2,Right Ankle,2401732,1779735334543,-9.682012,1.0603557,-0.27038896,2.6566377,0.71624017,-8.192381,12.612043,81.253334,244.71774,0.0
4a,3,Left Wrist,5159726,1779735334557,5.632906,-10.420446,-1.8329021,-10.804223,-2.7503006,2.5592232,-101.98396,-34.948433,356.33032,0.0
4a,1,Left Ankle,5359698,1779735334577,0.59,10.1,-2.57,5.75,39.125,7.375,-0.60717773,-0.76605225,-0.11895752,-0.1743164
4a,1,Left Ankle,5359724,1779735334597,1.73,10.83,-1.02,-0.25,28.375,6.8125,-0.60595703,-0.7651367,-0.12121582,-0.18066406
4a,4,Right Wrist,31362682,1779735334604,-9.916554,-4.740282,0.17228323,-42.69496,12.531112,22.833729,-150.12898,-26.761082,194.17079,0.0
4a,2,Right Ankle,2401791,1779735334605,-9.057485,0.12715475,0.89491564,1.7466378,12.26624,-7.9823813,12.546952,81.31366,244.65248,0.0
4a,3,Left Wrist,5159787,1779735334617,4.489137,-10.762619,-2.2707887,21.885777,-30.4703,-5.6307793,-101.98339,-34.87253,356.34323,0.0
4a,1,Left Ankle,5359746,1779735334627,0.32,13.57,-0.47,-8.3125,0.5625,16.5625,-0.60717773,-0.76434326,-0.118652344,-0.1819458
4a,1,Left Ankle,5359764,1779735334627,-5.1,9.48,-1.84,-17.9375,7.75,-5.5625,-0.6101074,-0.7625122,-0.11694336,-0.18078613
4a,1,Left Ankle,5359786,1779735334659,-2.97,8.45,-2.14,-15.5,35.875,-18.25,-0.6125488,-0.75860596,-0.124694824,-0.18389893
4a,1,Left Ankle,5359801,1779735334660,-4.82,11.96,3.41,-21.625,75.0,-50.3125,-0.6138916,-0.7557373,-0.13146973,-0.1862793
4a,4,Right Wrist,31362743,1779735334660,-9.002497,-3.7831526,0.3086741,-19.94496,41.511112,34.733727,-150.11397,-26.737906,194.14507,0.0
4a,2,Right Ankle,2401852,1779735334663,-9.301553,0.3425088,0.41156548,-20.373362,9.1162405,-14.492382,12.604822,81.3711,244.71613,0.0
4a,3,Left Wrist,5159846,1779735334668,5.005986,-8.934503,-3.0699914,41.065777,-34.0403,-9.480778,-102.02967,-34.826626,356.38797,0.0
4a,1,Left Ankle,5359822,1779735334687,-14.26,12.78,7.16,-32.875,112.5,-81.8125,-0.6191406,-0.7426758,-0.16046143,-0.19830322
4a,1,Left Ankle,5359846,1779735334716,-8.93,11.46,-1.03,-25.9375,40.8125,-159.875,-0.6255493,-0.7338867,-0.18365479,-0.1907959
4a,1,Left Ankle,5359863,1779735334717,-1.4,5.21,-1.23,-32.0625,12.6875,-152.75,-0.63323975,-0.7247925,-0.20452881,-0.1784668
4a,4,Right Wrist,31362833,1779735334719,-5.7051873,-3.5725844,2.737389,23.805038,41.861115,19.823729,-150.07991,-26.728716,194.12163,0.0
4a,2,Right Ankle,2401912,1779735334723,-10.007436,-1.0596852,0.4977071,-15.823362,19.05624,-17.222382,12.262723,81.42867,244.38257,0.0
4a,3,Left Wrist,5159907,1779735334737,3.3692958,-9.671493,-4.8598228,78.23577,-18.7103,-29.010777,-102.06169,-34.783638,356.4288,0.0
4a,1,Left Ankle,5359883,1779735334746,10.36,-3.64,-3.59,-34.6875,-58.5,-123.5,-0.64276123,-0.7173462,-0.2156372,-0.16040039
4a,1,Left Ankle,5359903,1779735334777,30.33,-14.23,-7.35,-24.0625,-89.375,-14.5625,-0.6505127,-0.7142334,-0.21252441,-0.14648438
4a,1,Left Ankle,5359928,1779735334779,-28.43,18.55,-7.61,-15.0625,51.25,261.0625,-0.6479492,-0.7183838,-0.1897583,-0.16772461
4a,4,Right Wrist,31362892,1779735334779,0.18354915,-4.079863,3.8787653,18.765041,-38.288887,78.34373,-150.03575,-26.707079,194.0895,0.0
4a,2,Right Ankle,2401971,1779735334784,-10.883208,-0.8826164,0.117248304,-8.893362,41.03624,1.2576189,12.086687,81.497856,244.21207,0.0
4a,3,Left Wrist,5159966,1779735334788,-0.78943014,-13.105192,-9.824929,-44.194225,5.229699,31.259222,-102.12844,-34.71417,356.4547,0.0
4a,1,Left Ankle,5359949,1779735334806,39.04,7.73,-22.11,45.875,-94.5625,-95.3125,-0.63757324,-0.72595215,-0.19152832,-0.17285156
4a,1,Left Ankle,5359975,1779735334841,-5.3,-15.77,6.17,-63.875,-138.375,-95.4375,-0.6555786,-0.72076416,-0.16577148,-0.15240479
4a,4,Right Wrist,31362953,1779735334841,0.18833478,-3.5223348,3.1322048,-17.354961,-99.888885,105.57372,-150.00473,-26.661867,194.05986,0.0
4a,2,Right Ankle,2402032,1779735334843,-9.871044,-5.498371,1.3112668,53.54664,6.9462404,72.23762,11.7864275,81.51166,243.90025,0.0
4a,3,Left Wrist,5160027,1779735334856,-5.59661,-13.988145,-9.573683,-90.604225,6.0696993,177.13922,-102.18879,-34.586243,356.45862,0.0
4a,1,Left Ankle,5359993,1779735334875,-12.77,24.55,5.21,-18.1875,18.625,37.1875,-0.6592407,-0.7163696,-0.15734863,-0.16577148
4a,1,Left Ankle,5360018,1779735334897,6.88,6.01,-2.59,-19.1875,27.5,29.9375,-0.66119385,-0.7140503,-0.15472412,-0.17034912
4a,1,Left Ankle,5360037,1779735334898,-2.59,11.67,0.39,-17.125,37.0,82.0625,-0.6602783,-0.71240234,-0.14959717,-0.18475342
4a,4,Right Wrist,31363012,1779735334898,-3.714359,1.7323031,5.910272,-78.95496,-161.0689,154.92372,-150.01813,-26.584234,194.03674,0.0
4a,2,Right Ankle,2402091,1779735334904,-12.82618,-6.7258887,15.450456,151.40665,-81.60376,118.507614,11.86529,81.43877,243.93108,0.0
4a,1,Left Ankle,5360052,1779735334928,1.37,11.8,-1.23,-17.125,-3.125,56.75,-0.66070557,-0.71221924,-0.14154053,-0.19024658
4a,3,Left Wrist,5160086,1779735334945,-5.570289,-14.952452,-2.0817556,-96.20422,28.6797,258.0592,-102.19578,-34.43491,356.4198,0.0
4a,1,Left Ankle,5360078,1779735334957,-1.22,10.23,-0.69,-27.1875,5.6875,76.125,-0.66137695,-0.71099854,-0.13220215,-0.19897461
4a,1,Left Ankle,5360097,1779735334957,0.15,9.58,0.33,-21.375,49.125,74.0625,-0.66082764,-0.7085571,-0.12652588,-0.21258545
4a,4,Right Wrist,31363072,1779735334958,-4.874878,9.430014,6.0921264,-6.01496,-140.2089,90.38373,-150.02982,-26.526245,194.03845,0.0
4a,2,Right Ankle,2402152,1779735334962,-1.3286676,-14.265673,2.9766715,-141.54337,-128.22375,-63.63238,11.24833,81.39995,243.36533,0.0
4a,1,Left Ankle,5360113,1779735334989,1.42,9.06,0.39,-13.375,56.9375,62.25,-0.6594238,-0.70648193,-0.122924805,-0.22570801
4a,3,Left Wrist,5160176,1779735335012,2.6753771,-11.485252,4.4315076,-75.134224,71.7997,256.72922,-102.140656,-34.32976,356.33798,0.0
4a,1,Left Ankle,5360141,1779735335022,3.84,8.03,0.14,-10.625,23.1875,41.5,-0.65844727,-0.70495605,-0.12042236,-0.2345581
4a,1,Left Ankle,5360158,1779735335022,2.5,9.03,1.06,-5.0,12.0,12.8125,-0.657959,-0.70410156,-0.11920166,-0.23895264
4a,4,Right Wrist,31363132,1779735335022,-4.2599225,0.29182371,2.6464617,47.81504,-82.80888,17.933727,-150.01193,-26.485115,194.046,0.0
4a,2,Right Ankle,2402211,1779735335023,-4.903545,3.9915633,-5.5393844,-89.673355,-49.61376,-161.49239,11.155514,81.44614,243.29575,0.0
4a,1,Left Ankle,5360183,1779735335046,4.09,8.92,0.69,1.3125,7.625,-29.375,-0.65856934,-0.7034302,-0.12231445,-0.237854
4a,3,Left Wrist,5160237,1779735335061,10.899508,-10.513766,7.470392,-60.574223,113.1697,207.86923,-102.07487,-34.284866,356.24448,0.0
4a,1,Left Ankle,5360200,1779735335078,4.6,11.08,0.29,13.625,1.5625,-86.9375,-0.65997314,-0.70288086,-0.1315918,-0.23034668
4a,1,Left Ankle,5360223,1779735335081,9.67,13.84,-0.89,12.875,-19.375,-161.5,-0.6640625,-0.7015381,-0.14758301,-0.21240234
4a,4,Right Wrist,31363192,1779735335081,-5.7626147,-6.5875406,0.34456646,54.25504,-55.29889,-11.816272,-149.97206,-26.443233,194.04852,0.0
4a,2,Right Ankle,2402272,1779735335084,-13.584705,15.888678,5.615955,-137.76335,-9.57376,-74.90238,11.331818,81.42126,243.51369,0.0
4a,1,Left Ankle,5360242,1779735335107,5.02,29.77,-5.81,18.0,8.125,-194.375,-0.66967773,-0.69659424,-0.18426514,-0.1798706
4a,1,Left Ankle,5360257,1779735335108,7.67,40.07,-6.09,41.1875,29.375,-242.25,-0.6703491,-0.69451904,-0.20074463,-0.1671753
4a,4,Right Wrist,31363252,1779735335141,-10.273086,-12.634204,-3.8356946,19.535042,59.501114,-72.08627,-149.94287,-26.436258,194.04877,0.0
4a,2,Right Ankle,2402332,1779735335144,-18.016214,-2.1747406,-12.253645,-71.68336,-9.923759,68.17762,11.465813,81.47712,243.67438,0.0
4a,1,Left Ankle,5360287,1779735335172,30.81,32.67,-9.3,47.8125,-36.3125,-353.5,-0.67407227,-0.6842041,-0.25775146,-0.105407715
4a,1,Left Ankle,5360299,1779735335172,-4.47,22.52,3.03,47.125,31.375,-311.75,-0.67315674,-0.6795654,-0.27783203,-0.08843994
4a,1,Left Ankle,5360323,1779735335197,-10.79,33.84,3.11,31.6875,-127.6875,-278.75,-0.6793213,-0.66119385,-0.31658936,-0.033935547
4a,1,Left Ankle,5360345,1779735335198,-8.73,19.45,2.65,18.125,-108.875,-221.875,-0.6826172,-0.6519165,-0.33026123,0.0
4a,4,Right Wrist,31363312,1779735335198,-8.612467,-11.26551,3.0317063,-147.97496,146.5811,-71.17628,-149.96382,-26.472395,194.0314,0.0
4a,2,Right Ankle,2402392,1779735335203,-13.955592,8.080897,3.3547375,97.576645,-13.77376,42.76762,12.035636,81.443634,244.20618,0.0
4a,3,Left Wrist,5160296,1779735335209,23.41397,-1.8421769,14.720645,232.65578,132.4197,-103.00078,-101.93635,-34.36493,356.18097,0.0
4a,1,Left Ankle,5360359,1779735335227,-8.97,18.74,2.04,8.875,0.75,-189.25,-0.68200684,-0.6470337,-0.3406372,0.011108398
4a,1,Left Ankle,5360384,1779735335257,-5.41,11.53,2.11,-8.6875,41.5,-160.1875,-0.6793823,-0.63165283,-0.37213135,0.03137207
4a,1,Left Ankle,5360400,1779735335259,-2.03,8.7,1.25,-27.125,25.625,-81.5625,-0.6798096,-0.6275635,-0.37805176,0.033813477
4a,4,Right Wrist,31363373,1779735335260,-11.732707,-5.130312,6.367301,-149.16496,95.27111,30.253729,-149.98749,-26.479116,193.99564,0.0
4a,2,Right Ankle,2402452,1779735335263,-8.368352,-0.7701537,3.2949166,4.126638,-16.78376,44.72762,11.904548,81.392914,244.07726,0.0
4a,3,Left Wrist,5160460,1779735335275,5.5898356,-45.1738,8.630911,434.53577,-380.5403,-73.88078,-101.73476,-34.529972,356.36984,0.0
4a,1,Left Ankle,5360427,1779735335287,-0.63,2.06,2.92,-45.0,60.6875,23.9375,-0.68237305,-0.6213989,-0.38446045,0.020874023
4a,1,Left Ankle,5360444,1779735335322,4.34,-0.72,3.83,-53.75,-26.375,92.0,-0.6893921,-0.619812,-0.37469482,0.011657715
4a,2,Right Ankle,2402511,1779735335324,-8.906737,1.0220704,2.184647,1.046638,5.4062405,44.23762,12.197432,81.339745,244.36876,0.0
4a,3,Left Wrist,5160506,1779735335328,-7.9535403,-32.12335,8.408379,215.01578,-207.2203,195.61923,-101.66457,-34.40363,356.41962,0.0
4a,1,Left Ankle,5360472,1779735335348,6.41,1.83,1.76,-50.4375,43.375,178.6875,-0.6936035,-0.62371826,-0.36016846,-0.012634277
4a,1,Left Ankle,5360489,1779735335350,16.46,-0.72,-2.59,-48.6875,95.3125,233.375,-0.6920166,-0.6307373,-0.34747314,-0.050842285
4a,4,Right Wrist,31363432,1779735335387,-6.509176,12.7177515,20.37967,76.30504,73.361115,26.823729,-149.95117,-26.50075,193.97258,0.0
4a,1,Left Ankle,5360507,1779735335387,15.53,6.09,-3.26,-55.25,69.875,381.0625,-0.68878174,-0.6428833,-0.3190918,-0.10211182
4a,2,Right Ankle,2402572,1779735335387,-8.243926,-0.24133992,1.9860427,17.986637,45.37624,43.39762,12.049111,81.312485,244.2187,0.0
4a,3,Left Wrist,5160567,1779735335389,-4.7232304,-12.633806,-1.741975,-93.19423,64.7997,269.88922,-101.66291,-34.25028,356.36627,0.0
4a,1,Left Ankle,5360531,1779735335407,16.46,9.47,-3.03,-65.5,20.5,458.125,-0.68444824,-0.6567383,-0.27319336,-0.15985107
4a,1,Left Ankle,5360547,1779735335418,14.1,16.24,-2.25,-64.25,-25.125,517.5625,-0.6760254,-0.6705322,-0.21307373,-0.21905518
4a,1,Left Ankle,5360564,1779735335445,15.76,16.64,-1.98,-59.0,-58.9375,561.875,-0.66137695,-0.68237305,-0.14172363,-0.27722168
4a,2,Right Ankle,2402631,1779735335453,-7.7127185,1.9074148,1.6486548,-1.9633622,17.516241,57.11762,12.595952,81.28012,244.76309,0.0
4a,3,Left Wrist,5160626,1779735335453,6.5756783,-5.7233353,-2.2827528,-433.88422,129.6897,269.7492,-101.81336,-34.232574,356.31332,0.0
4a,1,Left Ankle,5360593,1779735335467,19.85,8.66,-0.7,-55.0625,-85.3125,596.0625,-0.63879395,-0.69036865,-0.061706543,-0.3338623
4a,1,Left Ankle,5360609,1779735335469,18.07,3.09,-10.28,-22.5625,-18.1875,619.0,-0.60546875,-0.69195557,0.016540527,-0.3928833
4a,4,Right Wrist,31363596,1779735335469,3.033401,-1.2850456,0.31824538,68.95504,228.1311,-94.416275,-149.90004,-26.70635,193.93896,0.0
4a,1,Left Ankle,5360633,1779735335501,17.77,0.48,-17.09,-1.8125,109.0625,634.6875,-0.56103516,-0.6800537,0.08203125,-0.46472168
4a,3,Left Wrist,5160686,1779735335510,12.155741,-0.66012245,4.900501,-284.36423,47.859703,211.71922,-101.86588,-34.20719,356.26096,0.0
4a,1,Left Ankle,5360650,1779735335527,8.08,7.41,-22.28,4.125,111.8125,647.125,-0.5084839,-0.65789795,0.14398193,-0.53656006
4a,1,Left Ankle,5360671,1779735335529,-28.2,14.95,6.89,24.125,61.625,630.9375,-0.4475708,-0.6338501,0.20581055,-0.5963135
4a,2,Right Ankle,2402692,1779735335533,-7.803646,0.36165136,2.5842485,-22.193361,-25.46376,65.16762,12.66845,81.215126,244.84546,0.0
4a,1,Left Ankle,5360693,1779735335557,-31.05,36.62,26.85,68.625,-113.5625,1.3125,-0.41448975,-0.6204834,0.22668457,-0.62597656
4a,1,Left Ankle,5360707,1779735335558,39.04,-8.36,-5.13,-105.75,-576.6875,-386.0,-0.3786621,-0.6485596,0.26898193,-0.60302734
4a,4,Right Wrist,31363615,1779735335559,3.2296124,-3.129912,-0.5982057,94.78504,197.3311,-84.75628,-149.82286,-26.80935,193.91109,0.0
4a,3,Left Wrist,5160747,1779735335569,16.867208,2.586938,0.13160524,-86.33423,-89.7603,-30.480778,-101.92027,-34.269436,356.3018,0.0
4a,1,Left Ankle,5360733,1779735335587,-3.93,34.02,-1.38,11.25,71.0625,114.5,-0.4000244,-0.6647339,0.23614502,-0.585083
4a,2,Right Ankle,2402751,1779735335594,-9.193876,4.1734176,1.5218352,16.236637,-7.82376,34.36762,13.215126,81.19086,245.38185,0.0
4a,1,Left Ankle,5360749,1779735335626,10.12,-21.81,-13.32,63.3125,4.625,178.1875,-0.3876953,-0.6630249,0.24285889,-0.5925293
4a,4,Right Wrist,31363703,1779735335626,-10.603295,-23.265514,-2.428715,7.8450403,84.42111,-45.48627,-149.78247,-26.815334,193.89314,0.0
4a,1,Left Ankle,5360774,1779735335646,-5.47,13.01,5.57,139.8125,-51.125,359.4375,-0.33270264,-0.6721802,0.27178955,-0.6029663
4a,1,Left Ankle,5360794,1779735335647,-17.19,40.1,2.73,52.75,-229.0625,61.625,-0.29870605,-0.6856079,0.29174805,-0.5963135
4a,3,Left Wrist,5160806,1779735335659,8.219547,-13.727326,-3.0364919,275.00577,-178.10031,-190.08078,-101.88581,-34.2478,356.398,0.0
4a,1,Left Ankle,5360809,1779735335689,-31.87,-0.74,1.34,7.875,-112.125,54.1875,-0.2927246,-0.6900635,0.29730225,-0.5913696
4a,4,Right Wrist,31363792,1779735335690,-3.898606,-6.2429743,2.8426733,-288.39496,23.381111,117.403725,-149.83368,-26.78714,193.8355,0.0
4a,2,Right Ankle,2402841,1779735335690,-7.183905,6.9873776,0.7130611,17.216637,-14.05376,-4.412381,13.673319,81.17354,245.82828,0.0
4a,1,Left Ankle,5360833,1779735335707,-39.4,20.28,5.35,-24.375,108.25,-36.375,-0.30065918,-0.68536377,0.29541016,-0.5938721
4a,1,Left Ankle,5360853,1779735335707,-18.99,20.12,-0.25,10.8125,-237.5,-224.3125,-0.30523682,-0.70288086,0.28778076,-0.5744629
4a,3,Left Wrist,5160896,1779735335719,-0.29411563,-17.048565,7.822137,262.75577,-33.8303,-95.16078,-101.761154,-34.248547,356.3947,0.0
4a,1,Left Ankle,5360876,1779735335737,-17.32,16.24,3.22,5.125,-167.1875,-315.0625,-0.33551025,-0.74542236,0.24383545,-0.5218506
4a,4,Right Wrist,31363852,1779735335739,-1.4579272,3.4001007,9.7196455,-73.00496,-75.248886,144.77373,-149.83946,-26.745487,193.79936,0.0
4a,2,Right Ankle,2402902,1779735335752,-8.700954,2.9315426,1.8305094,-17.293362,-20.77376,-30.522383,14.016515,81.13878,246.17157,0.0
4a,1,Left Ankle,5360893,1779735335767,4.76,17.65,0.02,-16.5,-35.0625,-351.0,-0.36590576,-0.7618408,0.20245361,-0.49468994
4a,1,Left Ankle,5360917,1779735335768,12.67,17.01,-1.36,-21.25,-22.5,-287.9375,-0.3928833,-0.77246094,0.1661377,-0.47045898
4a,3,Left Wrist,5160957,1779735335786,-2.390228,-15.079271,-0.33738798,154.53577,0.7496991,15.229221,-101.68631,-34.181164,356.3819,0.0
4a,1,Left Ankle,5360937,1779735335797,8.01,24.63,0.41,-27.3125,15.0,-212.625,-0.41394043,-0.77612305,0.13763428,-0.4553833
4a,4,Right Wrist,31363913,1779735335800,0.25533384,2.1582255,6.101698,90.72504,-53.19889,82.123726,-149.79564,-26.72501,193.7801,0.0
4a,2,Right Ankle,2402992,1779735335804,-8.696169,2.117983,2.7996025,-18.203362,4.42624,-10.92238,14.224417,81.09216,246.38278,0.0
4a,1,Left Ankle,5360953,1779735335829,0.9,25.0,2.01,-32.8125,19.75,-210.25,-0.4243164,-0.77648926,0.12445068,-0.44891357
4a,1,Left Ankle,5360973,1779735335831,3.96,30.18,-1.72,-25.25,5.5,-310.75,-0.460083,-0.779541,0.07293701,-0.4187622
4a,3,Left Wrist,5161016,1779735335838,0.4165525,-11.200506,2.5483563,-83.32423,95.5297,-10.880779,-101.650955,-34.150524,356.3193,0.0
4a,1,Left Ankle,5360993,1779735335858,7.34,29.17,-4.01,-23.4375,-5.75,-341.9375,-0.48608398,-0.7803955,0.030090332,-0.39215088
4a,4,Right Wrist,31363972,1779735335861,0.16679938,1.7442671,0.485743,-12.3149605,-56.83889,42.71373,-149.81984,-26.711412,193.78645,0.0
4a,2,Right Ankle,2403051,1779735335864,-8.854095,1.189568,2.333002,-34.583363,-0.61375976,-11.41238,14.357699,81.040245,246.52577,0.0
4a,1,Left Ankle,5361033,1779735335899,15.64,24.94,-2.9,-51.8125,-116.6875,-344.9375,-0.5380249,-0.78149414,-0.041381836,-0.31323242
4a,1,Left Ankle,5361012,1779735335898,12.35,29.24,-2.61,-36.8125,-63.4375,-336.375,-0.5119629,-0.78125,-0.008422852,-0.35699463
4a,3,Left Wrist,5161077,1779735335899,5.252447,-11.123936,2.7206395,-46.364223,127.1697,-10.74078,-101.58078,-34.148994,356.23544,0.0
4a,1,Left Ankle,5361057,1779735335915,10.42,27.69,-1.87,-71.6875,-113.5,-311.5,-0.5640869,-0.77801514,-0.06976318,-0.2677002
4a,4,Right Wrist,31364033,1779735335933,-1.5057836,-15.390736,-7.810173,-130.61496,-82.458885,9.253728,-149.82231,-26.648201,193.7775,0.0
4a,2,Right Ankle,2403112,1779735335933,-8.846916,1.2637454,1.9645073,-9.243362,0.8562402,-6.582381,14.6203375,80.992805,246.78804,0.0
4a,1,Left Ankle,5361080,1779735335953,18.6,21.9,-4.71,-69.125,-82.125,-306.0,-0.5869751,-0.7706909,-0.09777832,-0.22790527
4a,3,Left Wrist,5161136,1779735335962,6.999208,-9.346069,1.2777673,-71.70422,101.4097,26.079222,-101.52262,-34.159462,356.1585,0.0
4a,1,Left Ankle,5361101,1779735335987,15.63,21.25,-4.57,-69.4375,-45.625,-265.3125,-0.6071167,-0.76031494,-0.1260376,-0.19342041
4a,1,Left Ankle,5361124,1779735335988,19.36,18.89,-3.37,-62.1875,1.75,-213.75,-0.62908936,-0.7429199,-0.1642456,-0.15930176
4a,1,Left Ankle,5361147,1779735336006,22.25,14.67,-5.53,-64.6875,0.375,-191.5,-0.64172363,-0.73083496,-0.18395996,-0.14239502
4a,4,Right Wrist,31364092,1779735336018,-4.1953163,2.701396,4.342973,-95.33496,-151.8989,-39.46627,-149.87552,-26.60436,193.82089,0.0
4a,2,Right Ankle,2403171,1779735336018,-9.141234,0.8019308,2.7086754,-10.993362,2.53624,-7.7023807,14.62468,80.940994,246.79582,0.0
4a,1,Left Ankle,5361165,1779735336037,17.23,13.91,-5.3,-67.6875,-20.0,-93.6875,-0.6529541,-0.72039795,-0.19396973,-0.13085938
4a,1,Left Ankle,5361187,1779735336038,14.83,14.12,-5.52,-67.1875,-43.25,-51.375,-0.66363525,-0.7116089,-0.19573975,-0.12188721
4a,1,Left Ankle,5361202,1779735336066,8.99,13.93,-6.45,-64.5,-50.3125,-32.5625,-0.67315674,-0.7047119,-0.19226074,-0.114990234
4a,2,Right Ankle,2403232,1779735336077,-8.906737,1.041213,2.682354,-25.763363,13.036241,-14.352381,14.671469,80.89288,246.85027,0.0
4a,1,Left Ankle,5361223,1779735336097,6.7,13.54,-6.09,-43.875,-27.375,-11.0,-0.6801758,-0.6994629,-0.18927002,-0.110839844
4a,1,Left Ankle,5361246,1779735336099,4.67,10.87,-4.56,-38.0,-12.9375,-2.375,-0.68530273,-0.6951904,-0.18725586,-0.10992432
4a,4,Right Wrist,31364152,1779735336099,-4.578168,-1.4645073,7.891529,56.98504,-129.7089,10.653728,-149.85165,-26.5601,193.8366,0.0
4a,3,Left Wrist,5161197,1779735336108,8.406188,-7.7548413,-0.23928227,-173.62422,66.899704,5.5692215,-101.53407,-34.218105,356.11166,0.0
4a,1,Left Ankle,5361263,1779735336128,6.06,9.07,-4.04,-37.75,-13.625,11.5625,-0.6899414,-0.6912842,-0.1842041,-0.11035156
4a,2,Right Ankle,2403322,1779735336133,-8.674633,0.34729448,2.3306093,-23.733362,24.02624,-30.31238,14.526395,80.85293,246.71394,0.0
4a,1,Left Ankle,5361283,1779735336157,5.4,6.66,-3.84,-40.0625,-5.0625,33.125,-0.69433594,-0.6876221,-0.17919922,-0.11383057
4a,1,Left Ankle,5361306,1779735336158,5.34,5.93,-6.12,-28.5,16.1875,52.0625,-0.6968384,-0.68499756,-0.17437744,-0.1217041
4a,1,Left Ankle,5361328,1779735336187,3.34,4.3,-5.23,-20.4375,14.125,65.125,-0.69750977,-0.68395996,-0.168396,-0.13140869
4a,4,Right Wrist,31364243,1779735336189,-2.551447,-2.201497,5.197211,41.445038,-100.79889,100.18372,-149.8126,-26.509295,193.81436,0.0
4a,2,Right Ankle,2403381,1779735336193,-9.2536955,0.021870581,1.7802601,-19.883362,34.666237,-38.71238,14.117527,80.83777,246.31552,0.0
4a,1,Left Ankle,5361344,1779735336217,-7.88,9.38,14.25,-39.4375,35.4375,101.4375,-0.6967163,-0.6837158,-0.16021729,-0.14642334
4a,1,Left Ankle,5361364,1779735336218,-7.33,39.79,-2.09,-12.875,162.9375,156.75,-0.694458,-0.6779175,-0.15985107,-0.18060303
4a,3,Left Wrist,5161360,1779735336229,12.531413,-11.911175,-1.18684,44.425777,25.1097,-4.0207787,-101.50483,-34.35092,356.05273,0.0
4a,1,Left Ankle,5361386,1779735336256,11.79,-0.51,-3.26,-31.6875,-113.25,-3.0,-0.69317627,-0.6831665,-0.14562988,-0.17785645
4a,4,Right Wrist,31364333,1779735336256,-0.122732066,2.2491527,6.5778694,23.52504,-67.82889,135.18373,-149.78543,-26.473848,193.78004,0.0
4a,2,Right Ankle,2403442,1779735336256,-8.8947735,0.529149,0.28953153,-24.433363,8.55624,-30.872381,14.189161,80.89424,246.39317,0.0
4a,1,Left Ankle,5361408,1779735336276,-7.53,0.73,2.47,-46.6875,55.375,2.25,-0.6999512,-0.6746216,-0.15240479,-0.17797852
4a,1,Left Ankle,5361433,1779735336308,-1.35,11.33,4.19,-19.625,90.875,45.75,-0.69903564,-0.6703491,-0.15582275,-0.1940918
4a,1,Left Ankle,5361449,1779735336309,3.42,9.35,2.02,-10.1875,0.9375,-25.8125,-0.70007324,-0.66778564,-0.16064453,-0.1953125
4a,4,Right Wrist,31364422,1779735336309,0.8176472,1.1125627,4.26401,61.67504,-50.328888,123.35372,-149.74345,-26.449446,193.74554,0.0
4a,2,Right Ankle,2403501,1779735336321,-11.3210945,1.2039249,1.7611175,69.716644,20.24624,-39.13238,14.6045685,80.88568,246.7775,0.0
4a,1,Left Ankle,5361473,1779735336337,-1.95,11.56,-2.31,-0.125,-31.375,-3.875,-0.7001343,-0.66955566,-0.15698242,-0.19189453
4a,3,Left Wrist,5161510,1779735336348,8.659827,-8.881861,-0.60777694,112.04578,3.4796991,54.429222,-101.41758,-34.451878,356.02267,0.0
4a,1,Left Ankle,5361493,1779735336366,0.04,8.8,0.0,-9.375,-19.875,-10.6875,-0.7019043,-0.6685791,-0.15667725,-0.18914795
4a,1,Left Ankle,5361511,1779735336367,-0.98,10.21,0.92,-4.9375,3.75,-11.375,-0.70233154,-0.6680908,-0.15740967,-0.18878174
4a,2,Right Ankle,2403562,1779735336373,-11.632162,1.687275,-0.2416751,131.52664,15.90624,-5.252381,14.921441,80.933365,247.04503,0.0
4a,1,Left Ankle,5361537,1779735336396,-0.83,10.22,0.36,-0.0625,10.25,-10.75,-0.70269775,-0.6670532,-0.16070557,-0.18817139
4a,3,Left Wrist,5161632,1779735336408,8.5138645,-17.199312,1.8233309,0.4657764,-12.830301,71.019226,-101.264694,-34.41636,355.95096,0.0
4a,1,Left Ankle,5361555,1779735336428,-0.1,9.76,0.87,-0.75,-8.1875,-9.75,-0.7033081,-0.6668091,-0.16125488,-0.18634033
4a,4,Right Wrist,31364585,1779735336429,1.1622137,2.402294,1.9525433,5.32504,-34.22889,-88.46628,-149.74614,-26.460762,193.76772,0.0
4a,1,Left Ankle,5361576,1779735336429,-0.55,9.58,0.52,0.25,-12.25,-11.625,-0.7039795,-0.66693115,-0.16119385,-0.18334961
4a,2,Right Ankle,2403622,1779735336433,-10.954993,6.2336383,-2.0937197,165.19664,-1.5937599,67.407616,15.559808,80.94874,247.62207,0.0
4a,1,Left Ankle,5361595,1779735336457,-0.63,10.5,-0.12,5.6875,0.9375,-12.4375,-0.70391846,-0.66729736,-0.16241455,-0.18127441
4a,3,Left Wrist,5161651,1779735336468,7.7170544,-18.161226,0.2656033,-20.324223,-18.360302,103.07922,-101.219475,-34.33855,355.9208,0.0
4a,1,Left Ankle,5361613,1779735336485,0.36,10.2,0.8,5.5625,7.25,-15.875,-0.7036743,-0.6671753,-0.16552734,-0.17974854
4a,4,Right Wrist,31364605,1779735336488,0.5927219,1.9285154,1.5050855,-17.63496,-22.678888,-114.22627,-149.78111,-26.48871,193.81499,0.0
4a,2,Right Ankle,2403682,1779735336492,-8.930665,4.025063,-4.8430734,13.646637,10.23624,108.14761,16.107798,80.987724,248.16446,0.0
4a,1,Left Ankle,5361637,1779735336517,-0.88,9.43,0.69,5.1875,1.75,-23.0625,-0.70373535,-0.6672363,-0.16815186,-0.17681885
4a,1,Left Ankle,5361654,1779735336518,-0.09,9.64,0.5,7.3125,-8.5,-22.5625,-0.7036743,-0.6676636,-0.17041016,-0.17327881
4a,3,Left Wrist,5161707,1779735336537,6.95853,-17.371595,1.6486548,-104.18423,-29.9803,166.70923,-101.20094,-34.246376,355.88895,0.0
4a,1,Left Ankle,5361674,1779735336546,-1.68,10.04,0.67,9.5,-12.25,-22.375,-0.70355225,-0.66851807,-0.17175293,-0.16912842
4a,1,Left Ankle,5361693,1779735336548,-1.05,9.81,0.19,10.5625,-5.4375,-22.625,-0.70318604,-0.6693115,-0.17364502,-0.16540527
4a,4,Right Wrist,31364663,1779735336549,0.334297,0.8134593,1.3591233,-30.09496,17.641111,-182.05627,-149.81778,-26.539639,193.87308,0.0
4a,2,Right Ankle,2403742,1779735336552,-6.8441243,1.1464972,-2.5124636,20.576637,47.546238,87.77762,16.525269,81.0477,248.57506,0.0
4a,1,Left Ankle,5361722,1779735336580,-0.89,9.53,0.48,13.25,-0.8125,-20.625,-0.70233154,-0.6702881,-0.17633057,-0.16235352
4a,1,Left Ankle,5361733,1779735336608,-1.36,9.41,0.43,14.5,-5.3125,-18.75,-0.701416,-0.67144775,-0.1784668,-0.15911865
4a,1,Left Ankle,5361753,1779735336608,-0.96,10.25,0.29,15.4375,-5.0,-16.1875,-0.7003174,-0.6727905,-0.18029785,-0.15618896
4a,4,Right Wrist,31364722,1779735336610,0.30319035,-1.0625135,1.6103697,-29.81496,52.221115,-207.11627,-149.8305,-26.600033,193.92186,0.0
4a,2,Right Ankle,2403801,1779735336613,-6.528271,-1.291789,0.33978084,-6.443362,54.12624,31.287619,16.252419,81.10806,248.31015,0.0
4a,3,Left Wrist,5161766,1779735336618,6.3603244,-12.650557,-0.0047856453,-137.78423,-53.500298,194.49922,-101.19594,-34.143158,355.8633,0.0
4a,1,Left Ankle,5361778,1779735336637,-0.73,10.55,0.16,17.75,-6.0,-16.75,-0.6989136,-0.6744995,-0.1819458,-0.1531372
4a,1,Left Ankle,5361793,1779735336666,-0.42,10.01,0.13,18.125,-13.3125,-21.875,-0.6977539,-0.67626953,-0.18347168,-0.14880371
4a,1,Left Ankle,5361813,1779735336667,-2.3,8.52,0.07,18.6875,-13.4375,-15.25,-0.69641113,-0.6782837,-0.18414307,-0.14501953
4a,4,Right Wrist,31364783,1779735336670,0.011265929,-0.581556,1.9334008,-57.60496,88.13111,-177.15628,-149.85167,-26.66459,193.95634,0.0
4a,2,Right Ankle,2403862,1779735336673,-7.731861,-1.3563954,1.3328022,-26.813362,46.21624,-15.822382,15.763909,81.138,247.83653,0.0
4a,3,Left Wrist,5161857,1779735336678,6.5326076,-11.229219,0.51206404,-73.73423,-53.990303,175.45923,-101.16513,-34.065807,355.83704,0.0
4a,1,Left Ankle,5361840,1779735336716,-1.36,8.78,0.05,22.0625,-9.4375,-11.0,-0.6945801,-0.6807251,-0.18481445,-0.14172363
4a,1,Left Ankle,5361874,1779735336726,-0.67,10.74,-0.48,25.125,-14.5625,-7.125,-0.6900635,-0.68670654,-0.18426514,-0.1352539
4a,1,Left Ankle,5361854,1779735336725,-1.2,10.9,-0.34,25.0625,-11.375,-5.8125,-0.6923828,-0.6837158,-0.18444824,-0.13830566
4a,4,Right Wrist,31364842,1779735336729,0.30797598,0.574177,2.6464617,15.82504,112.49111,-147.96628,-149.85152,-26.735603,193.98105,0.0
4a,2,Right Ankle,2403921,1779735336733,-9.387694,-2.6437337,1.8831514,-72.52336,37.53624,-42.21238,15.200807,81.1629,247.30354,0.0
4a,1,Left Ankle,5361898,1779735336755,-2.62,8.37,0.53,24.6875,-9.5,-4.4375,-0.6876221,-0.68969727,-0.1842041,-0.13250732
4a,3,Left Wrist,5161916,1779735336776,6.5182505,-10.32234,1.4524434,-58.054222,-26.2703,140.17921,-101.12496,-34.014317,355.8028,0.0
4a,1,Left Ankle,5361918,1779735336789,-2.1,7.9,0.22,25.125,-5.125,1.0,-0.6848755,-0.692749,-0.184021,-0.13122559
4a,1,Left Ankle,5361934,1779735336789,-1.5,10.24,-0.46,29.5,5.6875,8.0625,-0.68133545,-0.696167,-0.18414307,-0.13128662
4a,4,Right Wrist,31364902,1779735336790,0.051943906,-1.9047868,2.4311078,36.82504,103.95111,-109.46628,-149.82018,-26.790733,193.98596,0.0
4a,2,Right Ankle,2403982,1779735336795,-10.177326,-2.653305,1.3495519,-98.213356,39.49624,-67.90238,14.57339,81.20556,246.71442,0.0
4a,3,Left Wrist,5161976,1779735336830,4.9677014,-8.314762,1.416551,-19.344223,0.8196993,108.60922,-101.06698,-33.972298,355.7603,0.0
4a,1,Left Ankle,5361955,1779735336830,-1.32,10.34,-0.53,29.5625,4.9375,10.4375,-0.6773071,-0.6994629,-0.18530273,-0.13305664
4a,1,Left Ankle,5361979,1779735336848,-1.56,8.92,-0.14,30.3125,4.25,14.375,-0.67333984,-0.70318604,-0.18481445,-0.13421631
4a,1,Left Ankle,5361995,1779735336849,-1.41,9.38,-0.69,34.0625,2.5625,18.375,-0.6688843,-0.70739746,-0.18383789,-0.13549805
4a,4,Right Wrist,31364962,1779735336849,-0.79511535,-3.0174494,1.0528419,15.75504,70.35111,-72.99628,-149.78394,-26.814827,193.98074,0.0
4a,1,Left Ankle,5362016,1779735336877,-1.26,10.42,-0.85,35.5,1.5625,23.125,-0.6640625,-0.7119751,-0.18249512,-0.13726807
4a,2,Right Ankle,2404041,1779735336883,-11.493378,5.467935,7.4416785,-15.403362,-21.82376,-10.432381,14.692987,81.15078,246.8371,0.0
4a,3,Left Wrist,5162067,1779735336888,2.7351978,-8.408082,-1.146162,31.195776,9.149699,69.689224,-101.033646,-33.877083,355.7413,0.0
4a,1,Left Ankle,5362044,1779735336917,-1.42,10.02,-0.81,36.5625,-3.375,31.9375,-0.6590576,-0.71698,-0.1795044,-0.13922119
4a,1,Left Ankle,5362055,1779735336918,-1.01,9.43,-1.85,37.6875,-16.5625,37.6875,-0.6541748,-0.7227173,-0.17370605,-0.13989258
4a,4,Right Wrist,31365022,1779735336918,-2.4940193,-2.0196424,1.5696917,-12.80496,21.141111,-39.46627,-149.7708,-26.81228,193.98012,0.0
4a,1,Left Ankle,5362083,1779735336936,-0.64,10.06,-2.1,36.6875,-31.5,42.5625,-0.64959717,-0.72869873,-0.16625977,-0.13928223
4a,3,Left Wrist,5162126,1779735336953,1.3018968,-10.195521,-2.251646,64.09577,-32.8503,50.649223,-101.021484,-33.782516,355.75357,0.0
4a,1,Left Ankle,5362098,1779735336966,-1.06,9.94,-2.81,36.5,-20.625,46.1875,-0.64453125,-0.7344971,-0.15893555,-0.14068604
4a,4,Right Wrist,31365083,1779735336969,-5.2338014,-2.4144583,2.4789643,-32.82496,-23.798887,-17.696272,-149.77104,-26.78995,193.98357,0.0
4a,2,Right Ankle,2404131,1779735336973,-13.235353,-3.2132256,-3.3236306,-28.983362,-34.703762,4.687619,14.523805,81.199265,246.67964,0.0
4a,1,Left Ankle,5362123,1779735336996,-0.45,10.23,-3.2,37.5625,-12.5625,47.4375,-0.6392212,-0.74017334,-0.15234375,-0.14282227
4a,3,Left Wrist,5162186,1779735337008,-0.0476549,-12.035601,-3.8452659,76.34577,-74.7103,59.399223,-101.02794,-33.683266,355.78995,0.0
4a,1,Left Ankle,5362146,1779735337025,0.25,11.32,-3.44,35.9375,-4.0,47.6875,-0.63079834,-0.74786377,-0.14385986,-0.14849854
4a,1,Left Ankle,5362165,1779735337026,0.04,11.84,-3.07,26.8125,-3.0625,57.0625,-0.6258545,-0.7522583,-0.1373291,-0.15362549
4a,4,Right Wrist,31365142,1779735337037,-6.791529,-3.4050868,2.672783,-2.16496,-55.15889,-2.2262719,-149.76031,-26.753536,193.98766,0.0
4a,2,Right Ankle,2404192,1779735337038,-8.215212,3.7594595,-0.7848458,10.566637,-28.893759,-14.352381,14.935956,81.21011,247.0822,0.0
4a,1,Left Ankle,5362187,1779735337057,0.03,11.1,-2.03,30.375,-67.9375,46.375,-0.6217041,-0.7579956,-0.12634277,-0.15148926
4a,1,Left Ankle,5362200,1779735337057,-4.86,10.01,-1.27,19.8125,-66.8125,47.3125,-0.62054443,-0.760376,-0.12005615,-0.1494751
4a,3,Left Wrist,5162247,1779735337068,-0.5692904,-10.537694,-6.039484,55.415775,-22.6303,98.80922,-101.0539,-33.58299,355.816,0.0
4a,1,Left Ankle,5362223,1779735337086,-5.55,9.66,0.8,-3.125,-72.25,42.9375,-0.61968994,-0.76556396,-0.09887695,-0.1418457
4a,4,Right Wrist,31365203,1779735337089,-7.430413,-5.340881,0.9690932,-10.49496,-45.00889,14.853728,-149.74515,-26.710451,193.98225,0.0
4a,1,Left Ankle,5362245,1779735337122,-10.61,8.55,3.93,-12.9375,-65.5625,29.5625,-0.62268066,-0.7651367,-0.08984375,-0.13690186
4a,1,Left Ankle,5362263,1779735337122,-10.97,11.2,3.64,-10.875,4.0,-29.4375,-0.6251221,-0.76361084,-0.09039307,-0.13415527
4a,3,Left Wrist,5162306,1779735337128,2.1106713,-9.630815,-4.0366917,-19.554224,64.8697,122.46922,-101.08189,-33.481873,355.80234,0.0
4a,1,Left Ankle,5362291,1779735337154,-5.57,5.32,0.12,1.5625,58.3125,-57.8125,-0.6258545,-0.7616577,-0.101989746,-0.13330078
4a,4,Right Wrist,31365262,1779735337154,-8.961819,-6.580363,1.7994026,-52.42496,-16.728888,26.403728,-149.73993,-26.67571,193.9672,0.0
4a,2,Right Ankle,2404282,1779735337161,-9.201054,0.1391189,0.45942193,-15.263363,-14.47376,-27.44238,14.868235,81.26345,247.01892,0.0
4a,1,Left Ankle,5362308,1779735337180,-0.17,6.22,-2.01,21.125,98.25,-81.625,-0.62335205,-0.76000977,-0.121520996,-0.13793945
4a,3,Left Wrist,5162367,1779735337189,3.7138622,-5.0078807,-2.7349963,-49.37422,52.829697,103.21922,-101.152374,-33.453323,355.81085,0.0
4a,1,Left Ankle,5362333,1779735337208,4.06,3.07,-3.37,24.5625,104.25,-61.8125,-0.61779785,-0.7579956,-0.14996338,-0.14611816
4a,1,Left Ankle,5362350,1779735337208,7.93,1.04,-3.48,9.1875,49.375,-35.8125,-0.6170044,-0.75738525,-0.15496826,-0.14727783
4a,2,Right Ankle,2404445,1779735337213,-9.320695,0.2874739,0.7322037,-7.563362,-0.47375977,0.06761885,14.993649,81.36528,247.1547,0.0
4a,1,Left Ankle,5362377,1779735337242,8.64,-0.53,3.5,-22.4375,-39.6875,1.375,-0.619812,-0.75823975,-0.14654541,-0.13952637
4a,4,Right Wrist,31365323,1779735337242,-7.7821574,-5.4605217,1.9908284,-36.53496,-2.168888,13.033729,-149.73048,-26.649075,193.95404,0.0
4a,3,Left Wrist,5162426,1779735337248,4.77149,-4.3713903,-3.0532417,-35.934223,18.8097,48.969223,-101.22582,-33.471554,355.8363,0.0
4a,1,Left Ankle,5362394,1779735337275,9.97,7.92,-6.25,4.9375,-32.4375,110.1875,-0.6161499,-0.76416016,-0.12902832,-0.14056396
4a,2,Right Ankle,2404464,1779735337275,-9.083806,-0.26287532,0.13399807,-7.703362,-1.2437598,4.127619,14.914371,81.42167,247.07913,0.0
4a,1,Left Ankle,5362417,1779735337298,-23.5,32.0,-5.91,99.375,58.125,121.5625,-0.5994873,-0.7739258,-0.11730957,-0.16705322
4a,1,Left Ankle,5362439,1779735337301,9.18,-8.72,2.21,-95.5625,-70.5625,-155.4375,-0.61065674,-0.76727295,-0.12445068,-0.15112305
4a,4,Right Wrist,31365382,1779735337301,-7.2198443,-5.321738,2.3688943,36.96504,-7.9788876,6.0337276,-149.69627,-26.623665,193.94412,0.0
4a,3,Left Wrist,5162487,1779735337311,4.5872426,-5.7448707,-4.476971,-34.394222,6.349699,7.66922,-101.30869,-33.47374,355.87314,0.0
4a,1,Left Ankle,5362459,1779735337326,-2.55,-5.42,-0.09,5.0625,72.25,50.9375,-0.61279297,-0.76416016,-0.13061523,-0.1531372
4a,2,Right Ankle,2404522,1779735337333,-9.954794,-0.61701304,1.4285151,-14.493362,1.9062402,11.82762,14.448449,81.44177,246.62395,0.0
4a,1,Left Ankle,5362481,1779735337358,-4.81,11.79,-2.37,9.8125,11.4375,19.6875,-0.61016846,-0.7652588,-0.1270752,-0.16107178
4a,1,Left Ankle,5362496,1779735337358,-0.4,10.19,-3.54,-13.4375,-24.375,2.1875,-0.6112671,-0.7648926,-0.12548828,-0.159729
4a,4,Right Wrist,31365472,1779735337358,-7.559625,-4.9771714,3.2709887,7.9850397,-32.54889,15.483728,-149.67433,-26.591541,193.93651,0.0
4a,3,Left Wrist,5162546,1779735337369,2.1633132,-9.798312,-3.6610188,1.9357764,14.3997,-10.530777,-101.339905,-33.410828,355.8872,0.0
4a,1,Left Ankle,5362520,1779735337385,-0.89,9.08,-0.58,-10.8125,-2.875,20.4375,-0.61291504,-0.7644043,-0.12023926,-0.16003418
4a,1,Left Ankle,5362542,1779735337417,1.53,9.94,-0.92,1.8125,13.25,12.0625,-0.61242676,-0.7644043,-0.119506836,-0.16223145
4a,1,Left Ankle,5362556,1779735337418,0.2,10.55,-2.88,2.0625,22.5,19.3125,-0.61120605,-0.7645874,-0.11907959,-0.16644287
4a,4,Right Wrist,31365533,1779735337419,-7.303593,-3.6682975,1.4093724,-60.54496,-14.5588875,41.80373,-149.67436,-26.554468,193.91808,0.0
4a,2,Right Ankle,2404582,1779735337423,-9.241732,0.5793983,-0.23928227,-8.753363,0.01624024,-9.312382,14.572614,81.494255,246.74937,0.0
4a,1,Left Ankle,5362581,1779735337446,0.46,10.44,-2.16,-5.875,23.375,8.4375,-0.6109619,-0.7636719,-0.11993408,-0.1706543
4a,1,Left Ankle,5362596,1779735337448,1.4,10.2,-1.23,-4.3125,5.75,7.125,-0.61120605,-0.7630005,-0.12005615,-0.17285156
4a,3,Left Wrist,5162607,1779735337458,3.015158,-8.410475,-3.818945,16.985777,1.5896993,8.159222,-101.38548,-33.357277,355.91464,0.0
4a,1,Left Ankle,5362624,1779735337482,0.67,15.45,-0.73,11.1875,-28.0625,15.5625,-0.6105957,-0.7642212,-0.11529541,-0.17279053
4a,2,Right Ankle,2404642,1779735337483,-9.265661,-0.5260858,0.81595254,-7.353362,5.9662404,-6.512381,14.228962,81.54539,246.41165,0.0
4a,1,Left Ankle,5362643,1779735337512,-4.76,7.84,0.71,-10.875,11.3125,13.25,-0.61169434,-0.7626953,-0.11584473,-0.17523193
4a,3,Left Wrist,5162666,1779735337518,5.015558,-8.001303,-3.156133,43.585777,-1.6303005,-22.500782,-101.43673,-33.34811,355.95294,0.0
4a,1,Left Ankle,5362661,1779735337537,-3.85,8.17,1.83,-11.5,19.8125,-21.375,-0.6143799,-0.76000977,-0.12005615,-0.17468262
4a,1,Left Ankle,5362686,1779735337538,-19.09,14.69,11.04,-89.625,72.625,-53.1875,-0.62371826,-0.75,-0.12908936,-0.17828369
4a,2,Right Ankle,2404732,1779735337543,-8.889988,0.18936816,0.4235296,-10.853362,0.5062402,-8.542381,14.240937,81.601364,246.42693,0.0
4a,1,Left Ankle,5362705,1779735337566,-22.35,16.37,9.92,-56.3125,57.5,-150.875,-0.63378906,-0.7384033,-0.1496582,-0.1751709
4a,4,Right Wrist,31365592,1779735337569,-7.820443,-2.225425,2.0554345,-26.52496,13.231112,40.96373,-149.66504,-26.528416,193.89664,0.0
4a,3,Left Wrist,5162756,1779735337578,12.954944,-4.538888,-1.1078769,250.36577,-103.060295,-188.68077,-101.382996,-33.473877,356.01178,0.0
4a,1,Left Ankle,5362723,1779735337602,-14.65,16.71,4.17,-45.375,79.4375,-207.25,-0.64349365,-0.72576904,-0.18005371,-0.16351318
4a,2,Right Ankle,2404791,1779735337603,-9.837545,-0.8586882,0.7513463,-8.753363,8.97624,-3.992381,13.876473,81.651695,246.06921,0.0
4a,1,Left Ankle,5362747,1779735337626,-11.51,15.11,0.65,-35.625,137.1875,-218.75,-0.64971924,-0.7110596,-0.21911621,-0.15570068
4a,1,Left Ankle,5362768,1779735337627,2.05,5.67,-5.34,-34.8125,106.125,-220.625,-0.6549072,-0.6951294,-0.25756836,-0.14672852
4a,3,Left Wrist,5162817,1779735337641,12.29213,-11.705391,-0.43310088,163.63577,-166.6203,-270.30078,-101.34311,-33.611286,356.08438,0.0
4a,1,Left Ankle,5362791,1779735337656,22.43,-11.83,-6.35,-57.875,-6.625,-158.375,-0.6636963,-0.68078613,-0.27996826,-0.13275146
4a,4,Right Wrist,31365756,1779735337659,-1.3287148,-3.6802616,4.2281175,10.64504,-5.038888,65.32372,-149.59111,-26.49007,193.83188,0.0
4a,2,Right Ankle,2404852,1779735337662,-9.751404,-1.0237929,-0.26081768,-8.543362,22.06624,6.997619,13.71067,81.71506,245.90866,0.0
4a,1,Left Ankle,5362809,1779735337686,32.49,-20.34,-2.07,-62.5,-120.6875,-34.5625,-0.677063,-0.67163086,-0.2772827,-0.116882324
4a,1,Left Ankle,5362837,1779735337686,3.58,-0.04,-0.42,-64.0,-43.1875,189.625,-0.67626953,-0.677124,-0.24847412,-0.14971924
4a,3,Left Wrist,5162876,1779735337698,8.544971,-23.612078,3.3427732,107.49577,-136.7303,-179.72078,-101.29107,-33.633266,356.1256,0.0
4a,1,Left Ankle,5362849,1779735337717,-39.4,40.1,-1.22,1.0625,-1.8125,121.3125,-0.6746826,-0.67974854,-0.24145508,-0.15649414
4a,4,Right Wrist,31365802,1779735337719,2.4878373,-4.4100723,5.9509497,-22.11496,-68.668884,111.80373,-149.56265,-26.461388,193.79646,0.0
4a,2,Right Ankle,2404912,1779735337723,-9.46905,0.7923595,-0.3924229,37.586636,13.80624,38.49762,14.014775,81.76627,246.19872,0.0
4a,1,Left Ankle,5362873,1779735337758,20.64,15.03,7.72,-45.75,3.8125,128.9375,-0.6776123,-0.68066406,-0.22351074,-0.16607666
4a,1,Left Ankle,5362894,1779735337758,23.27,33.7,-9.72,-44.6875,-10.75,63.5,-0.6793823,-0.68096924,-0.21124268,-0.17346191
4a,3,Left Wrist,5162936,1779735337760,-3.0913248,-29.321354,3.7710884,-57.914223,12.509699,86.27922,-101.27204,-33.552685,356.0954,0.0
4a,1,Left Ankle,5362909,1779735337779,-12.65,-1.05,-3.8,-58.5,-65.8125,-19.8125,-0.68426514,-0.6782837,-0.2074585,-0.16925049
4a,4,Right Wrist,31365892,1779735337780,1.2052845,1.8782653,5.855237,21.00504,-165.54889,130.14372,-149.54526,-26.401325,193.78313,0.0
4a,2,Right Ankle,2404972,1779735337784,-18.832165,-5.9888997,3.3690941,72.02664,-42.68376,133.97762,13.822238,81.75018,245.98923,0.0
4a,1,Left Ankle,5362934,1779735337812,5.68,0.4,7.44,-32.8125,2.3125,29.5625,-0.68743896,-0.6739502,-0.2019043,-0.18017578
4a,1,Left Ankle,5362950,1779735337822,-6.41,16.61,1.0,-5.75,63.25,102.375,-0.6851196,-0.6743164,-0.199646,-0.1897583
4a,1,Left Ankle,5362973,1779735337836,-0.79,8.7,0.67,-5.1875,7.25,43.75,-0.68188477,-0.67437744,-0.19677734,-0.20379639
4a,4,Right Wrist,31365953,1779735337839,-1.0726827,6.5801616,8.329415,-15.46496,-138.5289,119.50372,-149.54825,-26.345984,193.77179,0.0
4a,2,Right Ankle,2405032,1779735337843,-9.268053,-10.652511,8.087741,-25.833363,-89.093765,59.28762,13.5369215,81.698204,245.71764,0.0
4a,3,Left Wrist,5162997,1779735337848,0.7419763,-24.511778,4.0271206,-188.74423,46.179703,323.29922,-101.27319,-33.398766,356.02805,0.0
4a,1,Left Ankle,5362995,1779735337873,-1.94,10.71,-2.56,-11.6875,-23.1875,70.5,-0.68115234,-0.67596436,-0.18713379,-0.20983887
4a,1,Left Ankle,5363010,1779735337873,-1.95,10.99,-1.48,-15.75,-34.875,61.375,-0.6813965,-0.6765747,-0.18164062,-0.21191406
4a,1,Left Ankle,5363037,1779735337897,-2.15,10.14,1.54,-9.0625,-6.375,69.625,-0.68078613,-0.6782837,-0.1665039,-0.22070312
4a,4,Right Wrist,31366012,1779735337899,-1.6086749,5.1372905,4.371687,-2.37496,-27.998888,31.51373,-149.55489,-26.336487,193.77031,0.0
4a,2,Right Ankle,2405091,1779735337902,-3.5850992,-7.9892993,-1.6151553,-77.00336,-70.19376,-81.412384,12.843993,81.713806,245.05368,0.0
4a,1,Left Ankle,5363053,1779735337926,-1.09,9.73,0.73,-8.5,5.5,64.9375,-0.6791992,-0.67871094,-0.15997314,-0.2290039
4a,3,Left Wrist,5163160,1779735337940,7.3437743,-7.8361974,2.5890338,-215.41423,85.1697,392.10922,-101.236,-33.114964,355.83218,0.0
4a,1,Left Ankle,5363076,1779735337957,0.75,9.1,0.04,-10.625,9.0,49.125,-0.678772,-0.67822266,-0.15533447,-0.23498535
4a,1,Left Ankle,5363094,1779735337958,5.9,8.82,0.65,-19.1875,-7.3125,8.3125,-0.6804199,-0.6766968,-0.15234375,-0.2364502
4a,4,Right Wrist,31366073,1779735337959,-1.2688943,0.21286066,2.210968,57.68504,-22.25889,-28.826271,-149.53235,-26.332876,193.78055,0.0
4a,1,Left Ankle,5363115,1779735337991,0.52,10.38,1.14,-14.0625,-1.8125,-9.625,-0.68237305,-0.67474365,-0.15222168,-0.2364502
4a,1,Left Ankle,5363137,1779735337991,2.01,9.27,0.92,-7.375,-16.0,-40.1875,-0.6851196,-0.6732788,-0.15423584,-0.23120117
4a,3,Left Wrist,5163179,1779735337999,8.121442,-7.974982,3.129812,-201.06422,73.5497,359.9092,-101.2241,-33.022514,355.74573,0.0
4a,1,Left Ankle,5363151,1779735338022,0.22,10.31,0.13,-3.1875,-20.0,-47.9375,-0.68652344,-0.67285156,-0.15570068,-0.22735596
4a,4,Right Wrist,31366132,1779735338022,-2.2738798,-4.778567,-0.19860429,72.38504,-37.72889,-63.19627,-149.48369,-26.30703,193.79323,0.0
4a,2,Right Ankle,2405152,1779735338033,-6.2818108,-2.4523082,-2.7828526,1.256638,-1.4537598,-157.08238,12.286688,81.78723,244.494,0.0
4a,1,Left Ankle,5363175,1779735338046,0.63,10.7,0.01,5.375,-4.875,-75.5625,-0.69018555,-0.6713867,-0.16503906,-0.21368408
4a,1,Left Ankle,5363192,1779735338048,-0.1,10.69,-0.17,19.625,8.0,-102.125,-0.6916504,-0.67022705,-0.17687988,-0.20281982
4a,3,Left Wrist,5163237,1779735338058,7.824732,-8.085051,2.3976083,-53.154224,52.2697,238.17923,-101.1701,-32.971336,355.67758,0.0
4a,1,Left Ankle,5363215,1779735338076,5.39,13.91,1.48,28.875,22.6875,-153.25,-0.6923218,-0.66845703,-0.19610596,-0.18811035
4a,2,Right Ankle,2405315,1779735338083,-9.083806,-2.0574925,-3.7758741,-67.83336,0.01624024,25.967619,12.37072,81.847725,244.64618,0.0
4a,1,Left Ankle,5363236,1779735338117,2.1,31.78,3.12,39.9375,58.5625,-190.0,-0.69189453,-0.6647339,-0.22357178,-0.17150879
4a,1,Left Ankle,5363251,1779735338117,3.64,40.1,0.0,41.4375,52.875,-225.3125,-0.6916504,-0.66204834,-0.23986816,-0.16052246
4a,4,Right Wrist,31366192,1779735338117,-4.379564,-6.1376905,0.7752746,-62.36496,-18.828888,-72.78628,-149.48775,-26.29039,193.808,0.0
4a,3,Left Wrist,5163296,1779735338119,14.06282,-9.369997,3.8356946,179.24577,90.2797,2.6992226,-101.048454,-33.01845,355.61932,0.0
4a,1,Left Ankle,5363278,1779735338137,23.05,39.08,-6.2,53.6875,61.5625,-341.6875,-0.6935425,-0.645813,-0.30200195,-0.103393555
4a,2,Right Ankle,2405333,1779735338142,-53.391705,-14.210638,-15.577275,-13.443362,-97.983765,85.117615,12.342819,81.86822,244.62633,0.0
4a,1,Left Ankle,5363293,1779735338167,9.13,38.76,-9.88,84.5625,95.75,-318.3125,-0.68548584,-0.6355591,-0.34851074,-0.068481445
4a,1,Left Ankle,5363313,1779735338167,-2.49,22.63,2.51,1.8125,-8.875,-344.75,-0.6843872,-0.6170044,-0.38708496,-0.031677246
4a,4,Right Wrist,31366252,1779735338169,-8.550254,-8.62144,-0.069391854,-152.52496,40.321114,-71.596275,-149.52264,-26.28545,193.81276,0.0
4a,3,Left Wrist,5163357,1779735338179,20.999613,3.2066789,7.037291,297.54578,96.8597,-355.42078,-100.92101,-33.19284,355.59845,0.0
4a,1,Left Ankle,5363333,1779735338201,-3.83,31.44,-0.97,37.75,-128.125,-263.0,-0.6890869,-0.60150146,-0.4038086,0.016296387
4a,1,Left Ankle,5363353,1779735338226,-5.71,18.66,-0.28,37.8125,-30.875,-153.5625,-0.68847656,-0.5923462,-0.4161377,0.0446167
4a,1,Left Ankle,5363373,1779735338227,-5.5,10.09,1.42,8.625,-13.5,-99.875,-0.68640137,-0.58709717,-0.42486572,0.06060791
4a,4,Right Wrist,31366342,1779735338229,-7.5572324,-3.8716872,14.531611,-194.45496,120.89111,13.173728,-149.5625,-26.316793,193.77759,0.0
4a,2,Right Ankle,2405392,1779735338242,-16.10674,-0.20544757,2.210968,33.45664,-1.9437598,12.877619,11.867201,81.88601,244.14442,0.0
4a,3,Left Wrist,5163416,1779735338242,26.517462,-25.863724,-3.8620157,300.8358,-307.8103,-529.3008,-100.89648,-33.424343,355.76007,0.0
4a,1,Left Ankle,5363394,1779735338258,-3.14,7.69,3.09,-0.75,6.4375,-5.25,-0.685791,-0.58483887,-0.42852783,0.06359863
4a,1,Left Ankle,5363415,1779735338288,-2.68,3.81,3.76,-26.0,-9.75,81.0,-0.68847656,-0.5863037,-0.42333984,0.05505371
4a,4,Right Wrist,31366403,1779735338299,-2.2379873,3.5580268,21.875185,-40.24496,121.03111,22.623728,-149.55428,-26.355873,193.7424,0.0
4a,1,Left Ankle,5363434,1779735338299,-1.94,1.09,4.0,-42.5,-3.5625,174.6875,-0.6942749,-0.59228516,-0.40734863,0.03515625
4a,3,Left Wrist,5163476,1779735338301,-7.9104705,-49.79913,2.7661028,278.78577,-332.73032,-13.2607765,-100.849594,-33.349068,355.88388,0.0
4a,1,Left Ankle,5363456,1779735338324,-1.29,0.72,4.42,-43.75,3.375,230.125,-0.69921875,-0.60180664,-0.38580322,0.006164551
4a,2,Right Ankle,2405452,1779735338324,-12.548614,0.47889975,1.8520448,0.62663794,22.62624,34.08762,12.219881,81.84023,244.49525,0.0
4a,1,Left Ankle,5363479,1779735338359,4.5,1.97,6.1,-41.25,53.625,311.625,-0.7003784,-0.61505127,-0.36053467,-0.0345459
4a,1,Left Ankle,5363496,1779735338359,11.6,1.92,4.73,-50.6875,64.75,408.1875,-0.697937,-0.63049316,-0.3277588,-0.08880615
4a,3,Left Wrist,5163537,1779735338360,-10.834499,-27.15585,-7.5421767,-115.034225,4.8796997,438.79922,-100.87757,-33.129055,355.85162,0.0
4a,1,Left Ankle,5363518,1779735338377,13.75,12.09,-0.33,-55.875,72.3125,539.375,-0.68933105,-0.64886475,-0.28009033,-0.15911865
4a,4,Right Wrist,31366462,1779735338379,-3.2932222,2.4908278,14.840286,4.4850397,208.1111,0.08372784,-149.5264,-26.422918,193.69768,0.0
4a,2,Right Ankle,2405541,1779735338388,-8.141034,-1.5143216,0.3876373,-5.5333624,-4.1837597,30.657618,11.867419,81.878174,244.14966,0.0
4a,1,Left Ankle,5363541,1779735338406,15.89,18.09,-2.94,-69.0,32.8125,592.75,-0.67523193,-0.66448975,-0.21832275,-0.2341919
4a,1,Left Ankle,5363556,1779735338407,23.07,18.68,-4.62,-77.25,-55.5,646.0625,-0.6557007,-0.67663574,-0.13977051,-0.3045044
4a,3,Left Wrist,5163596,1779735338418,4.1948195,10.325327,-4.4745784,-189.86423,11.4597,359.0692,-100.95708,-33.042095,355.8357,0.0
4a,1,Left Ankle,5363581,1779735338442,25.25,10.03,-5.17,-63.6875,-115.4375,691.625,-0.60614014,-0.6882324,0.0015869141,-0.3986206
4a,4,Right Wrist,31366552,1779735338442,-1.7115664,-2.8355951,6.6113687,36.47504,364.2811,-44.156273,-149.46848,-26.541471,193.63164,0.0
4a,2,Right Ankle,2405631,1779735338442,-8.033357,0.2659385,1.2155539,-18.133362,-14.26376,77.977615,12.07987,81.81303,244.36987,0.0
4a,1,Left Ankle,5363596,1779735338468,14.78,6.03,-17.45,-13.25,-26.3125,708.6875,-0.5819702,-0.6871338,0.04449463,-0.4326172
4a,1,Left Ankle,5363620,1779735338496,11.44,5.19,-24.06,12.8125,92.125,708.9375,-0.52612305,-0.6724243,0.11853027,-0.506958
4a,1,Left Ankle,5363638,1779735338498,-15.58,11.53,-3.86,33.4375,92.25,680.875,-0.46221924,-0.64819336,0.18499756,-0.5761719
4a,4,Right Wrist,31366613,1779735338499,-1.2186449,-7.5087776,3.0053852,1.47504,354.1311,-89.79627,-149.414,-26.65733,193.57542,0.0
4a,2,Right Ankle,2405692,1779735338503,-9.246518,0.73732454,1.9764715,-7.0733624,-44.43376,69.92762,12.371663,81.739365,244.66403,0.0
4a,3,Left Wrist,5163657,1779735338517,6.7048907,-7.7691984,3.385844,-92.70422,60.039703,346.5392,-100.90841,-32.943954,355.75497,0.0
4a,1,Left Ankle,5363656,1779735338526,-39.4,40.1,25.76,122.625,155.0625,222.8125,-0.41601562,-0.6173706,0.21282959,-0.63287354
4a,1,Left Ankle,5363700,1779735338556,28.23,-11.39,11.91,90.5625,-216.625,-474.625,-0.4257202,-0.68743896,0.19036865,-0.5567627
4a,1,Left Ankle,5363679,1779735338556,39.04,-2.8,-3.25,-40.875,-13.75,501.5625,-0.35009766,-0.62628174,0.2722168,-0.6411743
4a,2,Right Ankle,2405751,1779735338569,-9.763368,2.9530783,1.5026926,22.956638,-27.28376,18.89762,12.911475,81.70926,245.191,0.0
4a,3,Left Wrist,5163716,1779735338569,11.490536,-4.596316,3.2997024,50.235775,-57.490303,89.21922,-100.86935,-32.956367,355.75488,0.0
4a,1,Left Ankle,5363720,1779735338586,-11.27,16.83,-2.63,34.4375,108.125,484.875,-0.38031006,-0.66467285,0.23486328,-0.59869385
4a,1,Left Ankle,5363738,1779735338617,19.01,-25.63,0.4,41.375,-135.5625,-40.0625,-0.36712646,-0.66290283,0.24597168,-0.60443115
4a,1,Left Ankle,5363761,1779735338617,-4.79,16.03,-8.1,75.375,85.6875,310.0,-0.3192749,-0.6600952,0.27026367,-0.6239624
4a,4,Right Wrist,31366672,1779735338619,-0.2351948,-11.88525,-0.29910284,18.90504,200.8311,-37.086273,-149.34889,-26.71184,193.52722,0.0
4a,2,Right Ankle,2405812,1779735338623,-8.480815,1.1680326,5.166104,4.2666383,-48.493763,14.6976185,12.91989,81.6418,245.198,0.0
4a,3,Left Wrist,5163806,1779735338631,-2.6319034,-19.281067,-2.931208,104.62577,-114.0503,-162.78078,-100.86015,-32.934208,355.81155,0.0
4a,1,Left Ankle,5363780,1779735338646,6.57,21.34,-1.85,76.125,-196.5625,132.3125,-0.30352783,-0.6693115,0.27886963,-0.61816406
4a,1,Left Ankle,5363800,1779735338676,-21.35,21.34,0.4,13.4375,-61.8125,188.6875,-0.2763672,-0.6737671,0.3013916,-0.6154785
4a,1,Left Ankle,5363822,1779735338677,-24.67,17.96,0.0,-25.375,100.4375,-133.0625,-0.29327393,-0.66522217,0.28967285,-0.6225586
4a,4,Right Wrist,31366835,1779735338679,-5.214659,2.4118648,3.4624143,36.47504,-71.67889,-42.68627,-149.3329,-26.71533,193.55453,0.0
4a,2,Right Ankle,2405872,1779735338693,-8.40903,2.8023305,1.8544375,-22.613363,-14.96376,-36.61238,13.252898,81.607124,245.53334,0.0
4a,3,Left Wrist,5163867,1779735338693,-8.336392,-11.820248,4.278367,102.24577,-102.0103,-66.600784,-100.82409,-32.906937,355.84442,0.0
4a,1,Left Ankle,5363841,1779735338706,-38.7,22.5,-3.54,5.25,-51.25,-64.3125,-0.29510498,-0.6696167,0.28704834,-0.61816406
4a,1,Left Ankle,5363861,1779735338737,-14.46,23.07,-0.83,22.625,-86.25,-342.0,-0.33648682,-0.7076416,0.2321167,-0.57629395
4a,1,Left Ankle,5363878,1779735338737,-5.6,32.84,-1.37,22.375,-105.25,-456.75,-0.3550415,-0.72180176,0.20654297,-0.5570679
4a,4,Right Wrist,31366855,1779735338739,-5.449156,1.0240275,0.3876373,44.52504,-75.248886,-45.906273,-149.3351,-26.676962,193.58682,0.0
4a,2,Right Ankle,2405932,1779735338744,-9.021593,0.92396474,3.4456646,6.506638,5.1962404,-40.18238,13.1834755,81.55999,245.4605,0.0
4a,3,Left Wrist,5163926,1779735338748,-6.8671994,-10.212271,-10.631311,-67.01423,14.749699,34.969223,-100.89363,-32.834194,355.86328,0.0
4a,1,Left Ankle,5363899,1779735338776,2.41,32.68,-0.88,5.375,-60.625,-459.375,-0.39398193,-0.7428589,0.15264893,-0.5192261
4a,1,Left Ankle,5363924,1779735338798,12.75,29.63,-1.49,-4.9375,-55.4375,-459.6875,-0.4492798,-0.7619629,0.072509766,-0.4607544
4a,1,Left Ankle,5363945,1779735338809,16.97,27.32,-2.74,-11.5625,-62.25,-441.5625,-0.4827881,-0.7687378,0.022338867,-0.41882324
4a,4,Right Wrist,31366913,1779735338809,-10.136695,-1.8306098,-3.091527,100.59504,-65.79889,-86.85628,-149.31895,-26.632898,193.62914,0.0
4a,2,Right Ankle,2405992,1779735338809,-9.3039465,1.3929579,1.9597218,-1.5433621,16.256239,-29.19238,13.457526,81.52273,245.73088,0.0
4a,3,Left Wrist,5163987,1779735338821,-6.0560327,-6.6254296,-4.8765726,-106.77423,122.8997,117.56923,-100.92887,-32.736736,355.82022,0.0
4a,1,Left Ankle,5363963,1779735338835,10.0,24.55,-0.22,-22.875,-35.875,-402.125,-0.49816895,-0.7694092,-0.0014648438,-0.3998413
4a,1,Left Ankle,5363987,1779735338858,7.75,23.49,2.37,-33.125,26.0,-367.8125,-0.5404053,-0.76116943,-0.07318115,-0.35107422
4a,1,Left Ankle,5364000,1779735338858,7.49,25.21,-0.88,-27.6875,33.4375,-359.1875,-0.55236816,-0.75634766,-0.09692383,-0.33685303
4a,4,Right Wrist,31366972,1779735338859,-5.5687966,-9.801102,-3.5006995,300.37503,-120.25889,-85.666275,-149.20406,-26.573267,193.66687,0.0
4a,3,Left Wrist,5164046,1779735338869,2.0197442,-0.40169755,-7.243074,-106.424225,23.1497,147.38922,-101.04298,-32.69559,355.84692,0.0
4a,1,Left Ankle,5364023,1779735338886,10.42,23.77,-1.7,-25.75,34.3125,-315.0,-0.5828247,-0.7387085,-0.1630249,-0.29675293
4a,2,Right Ankle,2406051,1779735338900,-8.952201,0.25158152,1.9334008,2.0266376,4.42624,-40.88238,13.25162,81.47718,245.5245,0.0
4a,1,Left Ankle,5364045,1779735338917,13.65,19.86,-2.11,-28.3125,23.4375,-293.125,-0.5994873,-0.7262573,-0.19812012,-0.27197266
4a,1,Left Ankle,5364061,1779735338918,9.06,19.08,-0.72,-34.625,5.375,-244.5,-0.6069946,-0.7200928,-0.21252441,-0.260437
4a,4,Right Wrist,31367033,1779735338919,-7.3777704,-14.931313,0.2847459,193.41504,-135.09889,17.373728,-149.11067,-26.505495,193.6723,0.0
4a,1,Left Ankle,5364087,1779735338945,6.28,19.81,-1.61,-32.0625,0.375,-194.875,-0.6262207,-0.70251465,-0.24841309,-0.22937012
4a,3,Left Wrist,5164107,1779735338960,-3.2013948,-8.271691,0.34935212,-114.54423,64.3097,47.359222,-101.048,-32.625793,355.80682,0.0
4a,1,Left Ankle,5364105,1779735338977,5.73,19.64,-2.39,-30.0,0.25,-180.6875,-0.63635254,-0.6916504,-0.2678833,-0.21179199
4a,1,Left Ankle,5364125,1779735338978,6.27,19.35,-2.05,-30.125,-4.1875,-149.8125,-0.64538574,-0.6812744,-0.28448486,-0.19598389
4a,4,Right Wrist,31367092,1779735338978,-5.8655066,-9.633604,2.2492533,83.37504,-98.55888,98.71372,-149.0441,-26.43849,193.64497,0.0
4a,1,Left Ankle,5364145,1779735339007,7.69,16.26,-0.5,-31.75,-8.375,-139.5,-0.65393066,-0.6715698,-0.29730225,-0.18151855
4a,3,Left Wrist,5164166,1779735339033,3.0749786,-9.33889,0.8542377,-278.9742,125.209694,127.789215,-101.06162,-32.55344,355.71826,0.0
4a,1,Left Ankle,5364162,1779735339036,10.54,14.53,-1.94,-30.625,-24.8125,-111.8125,-0.657959,-0.66741943,-0.30181885,-0.17474365
4a,1,Left Ankle,5364182,1779735339036,10.47,12.53,-3.02,-37.0625,-37.0,-58.4375,-0.6694336,-0.65704346,-0.3078003,-0.1593628
4a,1,Left Ankle,5364205,1779735339076,8.85,12.32,-2.8,-37.0625,-43.375,-20.1875,-0.6765747,-0.6524048,-0.30517578,-0.15319824
4a,2,Right Ankle,2406112,1779735339077,-8.904345,-0.44472983,2.7589245,-25.063362,-10.97376,-41.652378,12.902961,81.43535,245.18623,0.0
4a,3,Left Wrist,5164256,1779735339079,6.2646112,-4.526924,-9.162118,128.42578,-20.3903,206.81923,-101.09168,-32.497223,355.75278,0.0
4a,1,Left Ankle,5364226,1779735339097,6.58,12.67,-1.5,-36.0625,-35.75,6.4375,-0.6824951,-0.64923096,-0.29986572,-0.15100098
4a,1,Left Ankle,5364246,1779735339099,6.07,12.71,-0.77,-31.0625,-22.625,31.75,-0.68670654,-0.6473999,-0.29315186,-0.15270996
4a,4,Right Wrist,31367153,1779735339100,-5.214659,-7.3197446,4.4171505,47.95504,-79.58889,159.26372,-148.98335,-26.372623,193.59549,0.0
4a,1,Left Ankle,5364264,1779735339127,5.85,12.23,-0.95,-23.25,3.625,48.75,-0.6885376,-0.64678955,-0.28710938,-0.15875244
4a,2,Right Ankle,2406305,1779735339136,-8.930665,-1.3133245,2.979064,-17.363361,0.4362402,-20.44238,12.1591015,81.37147,244.45947,0.0
4a,3,Left Wrist,5164317,1779735339138,7.726626,-4.4527464,-9.413364,-1.2142235,-60.430298,153.89922,-101.1761,-32.465336,355.8066,0.0
4a,1,Left Ankle,5364286,1779735339158,5.97,11.23,-1.29,-17.125,33.25,62.25,-0.6876221,-0.6467285,-0.28320312,-0.16937256
4a,1,Left Ankle,5364305,1779735339160,10.99,9.13,-0.78,-16.5,40.75,68.25,-0.6865845,-0.64678955,-0.28155518,-0.17596436
4a,4,Right Wrist,31367316,1779735339160,-5.870292,-1.5602205,8.944371,-59.074963,-128.8689,207.07373,-148.92009,-26.213839,193.48782,0.0
4a,1,Left Ankle,5364325,1779735339194,20.05,7.63,-4.21,-20.3125,47.9375,145.375,-0.6801758,-0.65045166,-0.26971436,-0.20385742
4a,2,Right Ankle,2406381,1779735339206,-9.361373,-1.9713507,1.6989042,-13.023362,4.42624,-12.882381,11.638156,81.37912,243.94827,0.0
4a,1,Left Ankle,5364343,1779735339218,3.81,11.55,-1.87,-9.6875,108.0,204.0,-0.67211914,-0.65319824,-0.25689697,-0.23590088
4a,4,Right Wrist,31367334,1779735339218,-5.820043,-0.47148648,8.01117,-42.34496,-116.40889,187.68373,-148.90648,-26.140118,193.44374,0.0
4a,1,Left Ankle,5364368,1779735339219,-35.14,40.1,-5.74,5.1875,-82.4375,34.0,-0.6658325,-0.66033936,-0.24749756,-0.24359131
4a,3,Left Wrist,5164376,1779735339229,6.135399,-6.1492577,-4.465007,-127.284225,-57.280304,75.14922,-101.29855,-32.462517,355.86075,0.0
4a,1,Left Ankle,5364388,1779735339247,26.54,1.95,-5.51,-119.625,-113.8125,-89.0625,-0.68255615,-0.65185547,-0.23760986,-0.22961426
4a,2,Right Ankle,2406442,1779735339253,-11.29956,-3.11512,0.70348984,-10.853362,-23.153759,13.50762,11.207173,81.40422,243.52635,0.0
4a,1,Left Ankle,5364405,1779735339289,-18.32,13.85,1.51,-15.25,-31.1875,59.875,-0.6870117,-0.6515503,-0.22583008,-0.22918701
4a,4,Right Wrist,31367392,1779735339289,-7.588339,-2.3259237,5.563313,-6.22496,-57.04889,113.693726,-148.88342,-26.089367,193.41135,0.0
4a,3,Left Wrist,5164437,1779735339289,5.223733,-1.232007,-3.6323047,-54.62422,-35.0903,28.179222,-101.38656,-32.50406,355.90628,0.0
4a,1,Left Ankle,5364432,1779735339305,-5.12,10.88,3.99,-16.0,44.4375,30.0,-0.68688965,-0.6487427,-0.22424316,-0.23876953
4a,1,Left Ankle,5364450,1779735339305,3.47,9.13,-0.39,-5.6875,-15.5,-15.0625,-0.6878052,-0.6484375,-0.22406006,-0.23718262
4a,2,Right Ankle,2406501,1779735339315,-13.5727415,0.74689585,-4.113262,-25.763363,26.96624,51.86762,11.429351,81.46708,243.75786,0.0
4a,1,Left Ankle,5364473,1779735339336,-2.96,11.66,-0.52,-4.5625,8.4375,37.125,-0.6865845,-0.64904785,-0.22094727,-0.24194336
4a,4,Right Wrist,31367453,1779735339338,-6.3488564,-0.15563363,5.352744,-18.824959,-0.48888874,48.663727,-148.87398,-26.070114,193.39131,0.0
4a,3,Left Wrist,5164527,1779735339349,5.175877,-4.215857,-2.012364,131.64577,-44.4003,-65.90077,-101.39781,-32.587208,355.95367,0.0
4a,1,Left Ankle,5364510,1779735339373,-0.26,10.31,1.21,-8.3125,-6.0625,9.5,-0.6881714,-0.6479492,-0.21691895,-0.24401855
4a,1,Left Ankle,5364492,1779735339373,0.79,9.38,0.41,-10.875,-1.375,7.6875,-0.6876221,-0.64801025,-0.21832275,-0.24407959
4a,2,Right Ankle,2406562,1779735339373,-8.399459,11.95727,6.6089764,-63.84336,-32.18376,18.33762,11.750146,81.420685,244.09775,0.0
4a,1,Left Ankle,5364531,1779735339402,-0.22,10.21,1.03,-1.5,-13.5,6.4375,-0.6887207,-0.6483154,-0.21447754,-0.24359131
4a,4,Right Wrist,31367512,1779735339402,-5.109375,-0.20827568,4.1371903,11.90504,61.461113,-8.176271,-148.85648,-26.079092,193.37767,0.0
4a,1,Left Ankle,5364546,1779735339402,-1.37,9.97,0.56,6.625,-12.5625,6.625,-0.6884155,-0.6496582,-0.21252441,-0.24261475
4a,3,Left Wrist,5164586,1779735339412,3.2209406,-8.094623,0.79681,242.94577,-31.590302,-77.590775,-101.268486,-32.58296,355.94336,0.0
4a,1,Left Ankle,5364571,1779735339427,-0.07,9.46,0.2,7.8125,3.4375,8.5,-0.68725586,-0.65093994,-0.21173096,-0.24316406
4a,2,Right Ankle,2406622,1779735339435,-7.538043,15.697251,1.6989042,170.02664,-3.7637596,132.57762,12.538136,81.39342,244.82494,0.0
4a,1,Left Ankle,5364591,1779735339458,-0.66,9.96,0.26,8.1875,10.75,13.1875,-0.68548584,-0.65185547,-0.2119751,-0.24542236
4a,4,Right Wrist,31367573,1779735339459,-3.4176488,1.421237,4.759324,7.1450396,112.07111,-12.236272,-148.84091,-26.111404,193.35703,0.0
4a,3,Left Wrist,5164647,1779735339468,-0.4903268,-11.808282,-0.7130611,206.19577,-25.2903,-116.86078,-101.18846,-32.555466,355.95306,0.0
4a,1,Left Ankle,5364609,1779735339486,0.0,10.1,0.5,8.5625,2.375,11.9375,-0.6838379,-0.65301514,-0.21173096,-0.24731445
4a,1,Left Ankle,5364637,1779735339488,0.15,9.76,0.57,9.0625,-4.5625,9.3125,-0.68182373,-0.6553955,-0.21008301,-0.24786377
4a,2,Right Ankle,2406682,1779735339495,-3.4893866,3.351685E-4,2.0578275,105.83664,56.576237,144.82762,12.831904,81.35419,245.08685,0.0
4a,1,Left Ankle,5364654,1779735339516,-0.83,9.66,0.38,12.375,-2.9375,10.8125,-0.67993164,-0.65734863,-0.20922852,-0.24865723
4a,4,Right Wrist,31367632,1779735339528,-0.40987083,1.2680957,4.0271206,28.985039,143.01111,-2.5762722,-148.81306,-26.161634,193.32669,0.0
4a,1,Left Ankle,5364674,1779735339546,-0.83,9.74,0.05,15.375,4.5,12.5,-0.67736816,-0.6593628,-0.20904541,-0.25042725
4a,1,Left Ankle,5364695,1779735339547,-0.55,10.04,0.0,16.25,19.25,16.625,-0.6741333,-0.6610718,-0.20983887,-0.25390625
4a,3,Left Wrist,5164707,1779735339558,1.4693946,-12.514165,-1.7587247,57.235775,-40.9003,-155.71077,-101.17332,-32.53394,355.97638,0.0
4a,1,Left Ankle,5364709,1779735339577,0.49,9.69,0.31,17.0,19.25,13.0,-0.6725464,-0.66186523,-0.21057129,-0.25543213
4a,4,Right Wrist,31367692,1779735339579,-0.07966127,-1.7636107,3.0460632,30.24504,147.28111,-6.566272,-148.76726,-26.211344,193.28899,0.0
4a,2,Right Ankle,2406742,1779735339583,-2.7284691,-6.400465,3.1465619,-26.463362,32.21624,56.83762,12.607633,81.35128,244.87758,0.0
4a,1,Left Ankle,5364734,1779735339610,0.13,9.95,0.25,21.6875,16.0,4.0,-0.66778564,-0.6645508,-0.21356201,-0.25854492
4a,1,Left Ankle,5364749,1779735339610,-0.06,9.89,0.4,23.25,17.1875,0.625,-0.6661377,-0.66552734,-0.21502686,-0.25909424
4a,3,Left Wrist,5164766,1779735339618,2.6251283,-10.217056,-2.2995026,53.245777,-42.7203,-159.70078,-101.17817,-32.510357,356.0104,0.0
4a,1,Left Ankle,5364771,1779735339636,0.12,10.03,0.27,26.5,19.625,-4.0,-0.66290283,-0.66729736,-0.21875,-0.25964355
4a,4,Right Wrist,31367752,1779735339638,-0.38115695,-2.7422752,2.696711,16.805038,123.69112,14.923728,-148.7198,-26.245903,193.2465,0.0
4a,2,Right Ankle,2406802,1779735339642,-7.0020504,-6.6158195,3.6753755,-44.173363,41.24624,-57.33238,12.07832,81.36037,244.36699,0.0
4a,1,Left Ankle,5364794,1779735339666,-0.06,10.12,-0.14,28.6875,17.625,-4.875,-0.6574707,-0.6705322,-0.22454834,-0.26013184
4a,1,Left Ankle,5364809,1779735339667,-0.43,10.82,-0.55,29.25,16.9375,2.1875,-0.65527344,-0.67163086,-0.22650146,-0.26116943
4a,3,Left Wrist,5164857,1779735339686,3.6253278,-12.949659,-0.0957129,60.945778,-64.5603,-123.44078,-101.13562,-32.4946,356.0247,0.0
4a,1,Left Ankle,5364835,1779735339695,-0.52,11.1,-0.84,37.5625,17.25,11.125,-0.64727783,-0.67718506,-0.2298584,-0.26385498
4a,4,Right Wrist,31367812,1779735339699,-0.22323066,-1.4788643,2.0386848,30.175037,86.24111,29.133728,-148.67224,-26.268576,193.2083,0.0
4a,2,Right Ankle,2406892,1779735339712,-19.504549,1.1393187,-4.709075,24.076637,15.06624,-69.58238,12.045662,81.42673,244.32303,0.0
4a,1,Left Ankle,5364851,1779735339726,0.31,10.69,-1.36,39.25,16.375,16.75,-0.64160156,-0.68115234,-0.23168945,-0.26593018
4a,1,Left Ankle,5364875,1779735339735,0.43,9.89,-1.87,37.6875,-24.0625,11.6875,-0.63739014,-0.68603516,-0.23065186,-0.2644043
4a,3,Left Wrist,5164916,1779735339738,3.0917287,-14.918952,-0.7537392,59.545776,-55.390297,-79.340775,-101.1004,-32.455173,356.03745,0.0
4a,1,Left Ankle,5364897,1779735339757,0.56,11.05,-4.43,31.8125,-33.25,6.0625,-0.6345215,-0.6916504,-0.22753906,-0.25927734
4a,4,Right Wrist,31367873,1779735339760,-1.5225333,1.2680957,2.6153553,57.82504,49.91111,36.55373,-148.64018,-26.276281,193.18515,0.0
4a,2,Right Ankle,2406952,1779735339763,-5.6405344,2.9363284,-0.2440679,-52.643364,-26.58376,-35.98238,12.4287195,81.432,244.7179,0.0
4a,1,Left Ankle,5364913,1779735339797,-0.05,12.08,-4.94,27.625,-31.25,10.3125,-0.63342285,-0.6940918,-0.2255249,-0.25720215
4a,3,Left Wrist,5164976,1779735339797,3.0486577,-17.74009,-3.385844,86.98577,-5.270301,-18.510777,-101.07081,-32.386303,356.04047,0.0
4a,1,Left Ankle,5364944,1779735339818,1.54,9.35,-3.35,20.0625,-55.0,-1.0625,-0.6322632,-0.7007446,-0.21917725,-0.24737549
4a,1,Left Ankle,5364952,1779735339826,1.05,8.38,-1.15,13.0625,-60.8125,9.375,-0.63256836,-0.70513916,-0.2121582,-0.24017334
4a,4,Right Wrist,31367932,1779735339826,-3.1544385,-0.5983061,2.2157538,60.62504,14.491112,29.063728,-148.60193,-26.262121,193.16745,0.0
4a,2,Right Ankle,2407012,1779735339826,-10.239539,0.4238648,-0.60059845,-17.713362,-6.0737596,-29.752382,12.450529,81.48637,244.74397,0.0
4a,1,Left Ankle,5364977,1779735339847,-1.8,8.18,0.3,11.3125,-58.375,12.1875,-0.6328125,-0.7091675,-0.20495605,-0.23376465
4a,1,Left Ankle,5364996,1779735339848,-3.42,7.47,1.09,6.3125,-51.5625,16.375,-0.6331787,-0.71240234,-0.19781494,-0.2290039
4a,3,Left Wrist,5165037,1779735339861,5.5515504,-15.734905,-6.723831,-110.76423,60.9497,67.519226,-101.144226,-32.31592,356.0376,0.0
4a,1,Left Ankle,5365016,1779735339876,-3.19,6.61,2.01,7.5,-49.875,18.6875,-0.6331787,-0.7140503,-0.19415283,-0.22692871
4a,4,Right Wrist,31367993,1779735339880,-2.9390843,-0.22502573,-0.86620176,-56.83496,-54.738884,14.083728,-148.62833,-26.204723,193.1755,0.0
4a,2,Right Ankle,2407072,1779735339883,-9.732262,-0.7677609,1.7491533,-3.573362,7.0862403,-18.972382,11.926685,81.484406,244.22618,0.0
4a,1,Left Ankle,5365035,1779735339912,0.86,2.75,-1.01,28.6875,-28.8125,21.0625,-0.63049316,-0.72039795,-0.1852417,-0.22167969
4a,1,Left Ankle,5365051,1779735339912,2.86,1.14,1.69,35.125,-11.6875,15.6875,-0.62823486,-0.7227173,-0.18432617,-0.22125244
4a,3,Left Wrist,5165096,1779735339919,8.403794,-10.231413,-3.3020952,-121.26423,15.449699,80.25922,-101.23348,-32.339584,356.05365,0.0
4a,1,Left Ankle,5365077,1779735339937,3.55,10.89,3.97,8.0,30.9375,96.4375,-0.6212158,-0.7261963,-0.1762085,-0.23602295
4a,4,Right Wrist,31368052,1779735339939,-4.5207405,-1.0960131,1.9453648,-4.33496,-62.928886,-2.506272,-148.62442,-26.167637,193.18405,0.0
4a,2,Right Ankle,2407131,1779735339946,-9.414015,-0.672048,0.64606214,-21.633362,-3.0637598,-4.762381,11.6091585,81.53378,243.91939,0.0
4a,1,Left Ankle,5365093,1779735339971,-1.76,14.18,2.34,18.4375,4.0625,75.8125,-0.6156006,-0.7300415,-0.16705322,-0.24523926
4a,1,Left Ankle,5365114,1779735339971,5.3,13.46,-6.56,15.375,33.8125,39.25,-0.61083984,-0.7321167,-0.16418457,-0.25274658
4a,3,Left Wrist,5165157,1779735339979,8.793824,-8.436796,-2.7278178,-70.65423,8.099699,55.47922,-101.28557,-32.391388,356.06284,0.0
4a,1,Left Ankle,5365143,1779735339997,5.5,10.66,-5.11,4.4375,41.1875,28.875,-0.6074219,-0.7319336,-0.16571045,-0.26049805
4a,4,Right Wrist,31368113,1779735339999,-4.6379886,-3.0006998,1.4955142,12.18504,-36.04889,-6.776272,-148.60489,-26.13567,193.18501,0.0
4a,2,Right Ankle,2407192,1779735340003,-9.234554,-1.1195058,0.971486,4.0566382,-1.1037599,2.937619,11.162359,81.565926,243.47612,0.0
4a,1,Left Ankle,5365158,1779735340026,2.16,11.72,-3.18,-2.625,-6.0,30.5625,-0.6057739,-0.7322998,-0.16210938,-0.2654419
4a,3,Left Wrist,5165216,1779735340040,9.368102,-8.867503,-2.1942184,33.225777,25.9497,26.849222,-101.27932,-32.45846,356.05664,0.0
4a,1,Left Ankle,5365182,1779735340056,1.75,10.37,-1.73,-5.75,-42.9375,6.8125,-0.6078491,-0.73461914,-0.15374756,-0.25933838
4a,1,Left Ankle,5365202,1779735340057,0.46,9.91,-0.95,-5.125,-27.5,4.75,-0.6087036,-0.73498535,-0.15118408,-0.25769043
4a,4,Right Wrist,31368172,1779735340058,-4.913163,-2.8762734,2.1272192,-28.764961,-26.248888,-2.506272,-148.59921,-26.108452,193.18304,0.0
4a,2,Right Ankle,2407251,1779735340071,-9.557586,-0.77493936,0.9738788,-6.793362,2.8862402,-1.052381,10.741288,81.6056,243.06189,0.0
4a,1,Left Ankle,5365223,1779735340087,1.48,10.73,-0.28,-1.25,13.6875,-0.0625,-0.60839844,-0.7341919,-0.15301514,-0.25964355
4a,3,Left Wrist,5165277,1779735340104,13.797216,-7.979767,-0.33260235,76.62577,16.989698,-27.330776,-101.23714,-32.534195,356.045,0.0
4a,1,Left Ankle,5365245,1779735340116,2.2,11.81,-0.08,1.4375,11.375,-1.625,-0.6080322,-0.73431396,-0.15356445,-0.25976562
4a,1,Left Ankle,5365264,1779735340117,-1.65,11.33,-0.86,-0.875,-22.5,-4.625,-0.6086426,-0.7355957,-0.15161133,-0.2559204
4a,4,Right Wrist,31368232,1779735340119,-5.14766,-2.148855,1.8735802,-83.57496,-3.7788887,11.213728,-148.61215,-26.08422,193.17351,0.0
4a,2,Right Ankle,2407312,1779735340123,-9.22259,0.19415379,0.46660042,1.8166375,15.55624,-10.08238,10.770797,81.666145,243.09013,0.0
4a,1,Left Ankle,5365284,1779735340155,-6.01,9.76,0.8,-15.375,-17.6875,3.1875,-0.6100464,-0.73547363,-0.14898682,-0.25439453
4a,1,Left Ankle,5365304,1779735340176,-9.74,9.91,3.75,-27.125,-16.6875,-10.125,-0.6140747,-0.7334595,-0.14666748,-0.25183105
4a,1,Left Ankle,5365324,1779735340177,-21.16,14.65,8.56,-45.75,11.8125,-35.1875,-0.6201782,-0.7282715,-0.14849854,-0.2508545
4a,4,Right Wrist,31368292,1779735340179,-4.3843493,-0.66291213,2.1008983,-86.16496,33.74111,26.123728,-148.6258,-26.072285,193.15376,0.0
4a,2,Right Ankle,2407372,1779735340183,-8.844523,-0.89218765,0.8327023,-14.843363,10.8662405,-14.212381,10.308638,81.70852,242.63725,0.0
4a,1,Left Ankle,5365344,1779735340206,-14.67,13.37,6.19,-35.3125,18.1875,-127.3125,-0.6289673,-0.7211304,-0.16088867,-0.24194336
4a,3,Left Wrist,5165336,1779735340219,16.857637,-5.945868,0.86380893,118.69577,-51.680298,-119.66078,-101.19914,-32.632874,356.0686,0.0
4a,1,Left Ankle,5365368,1779735340240,-11.7,12.89,3.88,-28.3125,64.8125,-180.125,-0.6376953,-0.71099854,-0.18554688,-0.2310791
4a,4,Right Wrist,31368352,1779735340241,-2.9031923,2.1390836,3.0317063,-17.914959,56.91111,38.023727,-148.62273,-26.077694,193.13019,0.0
4a,2,Right Ankle,2407432,1779735340244,-9.347016,-1.9593867,0.41635114,-9.523362,10.376241,-6.302381,9.866591,81.75171,242.2028,0.0
4a,1,Left Ankle,5365389,1779735340269,-6.54,11.1,0.09,-21.8125,126.0625,-210.5625,-0.6444702,-0.6972656,-0.22088623,-0.22283936
4a,1,Left Ankle,5365405,1779735340280,-2.73,9.36,-1.57,-23.9375,176.6875,-211.8125,-0.6483154,-0.6798096,-0.26312256,-0.21984863
4a,3,Left Wrist,5165500,1779735340281,5.266804,-14.856739,-1.416551,20.905777,-38.450302,67.16922,-101.12204,-32.62814,356.09308,0.0
4a,1,Left Ankle,5365447,1779735340300,6.4,4.05,-4.88,-25.9375,79.25,-175.25,-0.65515137,-0.64611816,-0.3320923,-0.20751953
4a,1,Left Ankle,5365429,1779735340300,3.0,6.74,-3.81,-20.8125,139.25,-201.8125,-0.65093994,-0.6619873,-0.30236816,-0.21594238
4a,4,Right Wrist,31368413,1779735340300,-0.9506487,1.0359926,4.6707897,60.695038,28.561111,32.633728,-148.58693,-26.08508,193.11035,0.0
4a,2,Right Ankle,2407492,1779735340302,-8.856488,-0.94482976,0.0,-5.183362,18.14624,-4.552381,9.617574,81.811554,241.95807,0.0
4a,1,Left Ankle,5365473,1779735340325,10.31,0.31,-6.08,-24.9375,29.875,-135.125,-0.6633911,-0.62854004,-0.35772705,-0.1920166
4a,1,Left Ankle,5365496,1779735340356,11.67,-2.1,-4.8,-23.375,-10.625,-89.25,-0.66638184,-0.6246948,-0.36151123,-0.18713379
4a,4,Right Wrist,31368472,1779735340359,-1.029612,-2.4192438,3.6275191,45.015038,-18.338888,18.073729,-148.54674,-26.07569,193.09776,0.0
4a,2,Right Ankle,2407551,1779735340363,-8.94263,-1.1338627,-0.28235307,-6.373362,10.09624,19.73762,9.431077,81.86786,241.77669,0.0
4a,1,Left Ankle,5365513,1779735340397,29.64,-0.65,-7.33,-19.5625,19.0,70.25,-0.67108154,-0.62176514,-0.35681152,-0.18908691
4a,3,Left Wrist,5165520,1779735340398,4.3144608,-14.533708,-2.2205393,-17.314224,-29.000301,96.77922,-101.11759,-32.519726,356.0903,0.0
4a,1,Left Ankle,5365537,1779735340418,18.21,4.4,-0.12,-61.875,-16.4375,134.9375,-0.66833496,-0.62683105,-0.33703613,-0.2163086
4a,1,Left Ankle,5365553,1779735340418,-33.58,40.1,8.41,-59.4375,21.4375,217.5625,-0.65686035,-0.63397217,-0.3171997,-0.256958
4a,2,Right Ankle,2407612,1779735340423,-9.019199,-2.4307728,-0.071784675,5.8066382,-16.22376,99.187614,9.251512,81.89918,241.60161,0.0
4a,1,Left Ankle,5365575,1779735340447,14.24,21.99,11.56,-54.5625,-143.375,79.6875,-0.66955566,-0.63897705,-0.28979492,-0.24383545
4a,1,Left Ankle,5365592,1779735340448,5.84,28.7,-8.69,-15.6875,35.9375,85.0,-0.6687622,-0.6421509,-0.28063965,-0.24816895
4a,3,Left Wrist,5165680,1779735340463,1.7086767,-18.357439,-0.64606214,-26.344223,-21.3703,343.5292,-101.16655,-32.21348,356.0765,0.0
4a,1,Left Ankle,5365612,1779735340475,-14.54,11.36,-9.27,-63.75,-47.75,-54.875,-0.67749023,-0.63616943,-0.2779541,-0.24304199
4a,4,Right Wrist,31368533,1779735340480,-1.7833511,-2.567599,3.2518458,15.40504,-53.05889,12.963728,-148.52061,-26.052221,193.09386,0.0
4a,2,Right Ankle,2407671,1779735340482,-25.230572,-2.2297754,0.6628119,26.666637,-41.07376,158.19762,9.366478,81.928246,241.7136,0.0
4a,1,Left Ankle,5365637,1779735340507,2.16,9.51,5.6,-37.375,-6.5,-31.5,-0.6846924,-0.6295166,-0.27868652,-0.23931885
4a,1,Left Ankle,5365655,1779735340508,-6.21,12.01,5.72,-25.9375,10.4375,-3.625,-0.6873779,-0.6258545,-0.27929688,-0.24035645
4a,3,Left Wrist,5165699,1779735340519,1.0697931,-20.515764,0.41635114,-18.504223,-15.9103,354.16922,-101.13061,-32.03276,356.0383,0.0
4a,1,Left Ankle,5365676,1779735340549,-3.77,4.3,2.38,-10.1875,2.1875,-7.375,-0.6899414,-0.62335205,-0.27996826,-0.23895264
4a,4,Right Wrist,31368696,1779735340549,0.67886347,3.2086744,0.25603202,-41.08496,-76.998886,97.66373,-148.51976,-25.998192,193.08842,0.0
4a,2,Right Ankle,2407732,1779735340549,-5.4897866,-3.184512,8.252846,14.8366375,-67.04376,90.367615,9.3845,81.861824,241.73009,0.0
4a,1,Left Ankle,5365695,1779735340567,-1.78,11.91,-0.1,13.5,12.4375,26.9375,-0.68756104,-0.6246948,-0.27990723,-0.24224854
4a,1,Left Ankle,5365711,1779735340568,-0.08,13.14,-0.33,15.1875,2.375,34.25,-0.68481445,-0.62786865,-0.2769165,-0.24517822
4a,3,Left Wrist,5165756,1779735340578,2.5078795,-22.288847,3.6370904,-13.674224,66.1997,386.22922,-101.06164,-31.862255,355.95798,0.0
4a,1,Left Ankle,5365734,1779735340598,-1.58,10.5,-1.43,7.25,-11.8125,32.3125,-0.68310547,-0.6308594,-0.27264404,-0.24713135
4a,2,Right Ankle,2407791,1779735340614,-2.6542914,-8.7908945,4.2520456,-65.87336,-59.62376,-60.83238,8.831782,81.83158,241.20233,0.0
4a,1,Left Ankle,5365753,1779735340626,-1.7,10.32,-0.91,3.5625,-8.4375,34.0625,-0.6815796,-0.6329346,-0.26843262,-0.2506714
4a,4,Right Wrist,31368715,1779735340629,-0.010269465,4.0198426,-0.39960137,-14.06496,-48.15889,74.14372,-148.55177,-25.97665,193.08835,0.0
4a,3,Left Wrist,5165817,1779735340638,4.946166,-14.75624,1.8807585,-122.52423,97.2097,341.4292,-101.01708,-31.72065,355.86417,0.0
4a,1,Left Ankle,5365777,1779735340663,-0.94,9.66,0.51,-0.25,9.5,39.8125,-0.6795044,-0.6343384,-0.26513672,-0.25604248
4a,1,Left Ankle,5365795,1779735340663,-0.32,9.85,0.52,-1.5,6.125,37.25,-0.6776123,-0.6355591,-0.2617798,-0.26135254
4a,2,Right Ankle,2407852,1779735340664,-4.0158076,-1.3851091,0.6149554,-5.183362,-30.78376,-151.34238,7.9342227,81.83699,240.30789,0.0
4a,1,Left Ankle,5365818,1779735340695,-0.52,9.86,0.05,0.5625,-8.5625,27.8125,-0.6765137,-0.637146,-0.25793457,-0.26434326
4a,1,Left Ankle,5365833,1779735340696,-0.74,9.97,0.42,1.6875,-2.1875,17.4375,-0.67559814,-0.63830566,-0.25543213,-0.26623535
4a,4,Right Wrist,31368772,1779735340696,1.0856433,6.2619166,4.1371903,69.44504,-16.79889,44.67373,-148.53381,-25.976109,193.0819,0.0
4a,3,Left Wrist,5165876,1779735340708,6.314861,-4.8714905,-1.0935199,-22.424223,99.5197,241.25923,-100.99836,-31.717817,355.80753,0.0
4a,1,Left Ankle,5365855,1779735340718,0.41,9.37,0.96,0.5,-3.5625,3.9375,-0.675354,-0.638855,-0.2543335,-0.26660156
4a,2,Right Ankle,2407912,1779735340725,-7.4734364,0.5147921,0.25842485,-37.873363,-25.18376,-179.83238,7.6974816,81.88548,240.07767,0.0
4a,1,Left Ankle,5365886,1779735340748,0.17,10.14,1.27,2.5625,-19.625,-14.0625,-0.6762085,-0.6392822,-0.2536621,-0.26391602
4a,1,Left Ankle,5365895,1779735340750,0.26,9.73,0.84,5.5,-20.5,-45.5,-0.6782837,-0.6392212,-0.25531006,-0.2571411
4a,4,Right Wrist,31368863,1779735340750,-1.2665013,-0.9691934,-0.20338993,38.855038,-28.62889,-48.706272,-148.50992,-25.940722,193.09511,0.0
4a,1,Left Ankle,5365917,1779735340776,1.16,11.16,-0.79,4.6875,-6.625,-79.0625,-0.68096924,-0.63726807,-0.262146,-0.24804688
4a,2,Right Ankle,2407972,1779735340791,-14.67344,22.153088,1.416551,-38.713364,11.706241,-79.662384,7.9863296,81.88589,240.3732,0.0
4a,3,Left Wrist,5165937,1779735340791,8.714862,-3.3472624,-0.6939185,71.72577,149.14969,122.95923,-100.93721,-31.753765,355.73807,0.0
4a,1,Left Ankle,5365942,1779735340806,0.0,15.69,-0.17,-3.625,-5.9375,-108.5,-0.68548584,-0.63275146,-0.27233887,-0.23571777
4a,4,Right Wrist,31368922,1779735340809,-3.281258,-2.8475592,-1.7491533,81.06504,-31.428888,-92.24628,-148.4794,-25.901876,193.12402,0.0
4a,1,Left Ankle,5365960,1779735340837,0.78,23.09,1.03,-6.0,-3.5625,-148.5625,-0.6917114,-0.6257324,-0.28607178,-0.21942139
4a,1,Left Ankle,5365981,1779735340839,7.28,35.63,-4.29,6.5,10.9375,-197.875,-0.69940186,-0.6116333,-0.32019043,-0.18493652
4a,2,Right Ankle,2408032,1779735340844,-4.42498,9.404128,-3.4767714,-142.73335,-21.19376,57.81762,8.578041,81.89538,241.01105,0.0
4a,3,Left Wrist,5165997,1779735340857,11.275182,-2.751449,0.10528419,113.44577,155.44969,-42.03078,-100.86058,-31.841553,355.67557,0.0
4a,1,Left Ankle,5365999,1779735340867,20.99,40.09,-2.02,43.875,30.8125,-275.0,-0.70043945,-0.6060791,-0.336792,-0.16906738
4a,4,Right Wrist,31368982,1779735340869,-6.726923,-4.8359947,-3.546163,37.59504,21.071112,-126.96628,-148.46869,-25.883993,193.15561,0.0
4a,1,Left Ankle,5366022,1779735340905,13.76,37.65,-9.22,70.0625,-1.875,-350.6875,-0.70025635,-0.58654785,-0.39300537,-0.105651855
4a,1,Left Ankle,5366043,1779735340906,0.66,32.49,1.5,2.75,14.625,-329.8125,-0.7010498,-0.56591797,-0.42834473,-0.06933594
4a,1,Left Ankle,5366066,1779735340927,1.06,30.71,-3.6,20.3125,-36.125,-311.375,-0.7062988,-0.54663086,-0.44909668,-0.025939941
4a,2,Right Ankle,2408091,1779735340933,5.6751237,14.508019,-7.5661054,-79.59336,-16.08376,48.29762,9.054776,81.90287,241.5127,0.0
4a,3,Left Wrist,5166086,1779735340947,23.488148,-3.9765747,4.0965123,311.61578,-110.060295,-403.4408,-100.77504,-32.027042,355.74237,0.0
4a,1,Left Ankle,5366083,1779735340956,-4.32,18.41,1.17,18.0,-61.0,-192.375,-0.71069336,-0.5319214,-0.4602661,0.0095825195
4a,4,Right Wrist,31369042,1779735340960,-14.484452,-9.927921,1.9357935,-190.11496,109.41111,-86.92628,-148.51814,-25.905024,193.15352,0.0
4a,1,Left Ankle,5366108,1779735340987,-2.88,12.99,-0.38,15.6875,-45.0,-79.1875,-0.7121582,-0.5258789,-0.46417236,0.029174805
4a,1,Left Ankle,5366126,1779735340989,-4.71,7.43,2.14,7.125,-57.625,-54.8125,-0.7137451,-0.5223999,-0.46496582,0.03845215
4a,2,Right Ankle,2408152,1779735340994,-15.680819,-5.740046,2.3353949,7.206638,-14.82376,26.80762,8.592954,81.906075,241.0542,0.0
4a,3,Left Wrist,5166147,1779735340999,23.839893,-29.531921,5.4556355,116.87577,-323.14032,-420.5908,-100.76747,-32.17263,355.87726,0.0
4a,1,Left Ankle,5366147,1779735341016,-1.83,3.4,2.75,18.1875,-59.6875,28.0625,-0.71673584,-0.5249634,-0.45690918,0.044067383
4a,1,Left Ankle,5366170,1779735341054,-7.17,-0.23,6.57,27.125,-53.625,105.8125,-0.7196655,-0.5336304,-0.4423828,0.040527344
4a,4,Right Wrist,31369102,1779735341054,-9.603096,-5.2332034,10.545169,-373.93497,183.9611,5.543728,-148.61438,-25.949652,193.10687,0.0
4a,2,Right Ankle,2408242,1779735341054,-8.193676,-1.9067445,1.6654046,7.2766376,26.33624,14.6976185,8.135126,81.90769,240.59932,0.0
4a,1,Left Ankle,5366193,1779735341055,-6.53,0.0,7.4,41.625,-26.5625,174.0625,-0.71954346,-0.5496826,-0.42352295,0.02709961
4a,1,Left Ankle,5366209,1779735341075,-2.13,-1.98,7.35,40.125,14.375,234.3125,-0.71569824,-0.57025146,-0.40319824,0.0028076172
4a,1,Left Ankle,5366231,1779735341105,1.5,0.34,5.68,37.9375,26.375,312.625,-0.7057495,-0.60705566,-0.3612671,-0.053344727
4a,1,Left Ankle,5366246,1779735341106,4.4,3.83,5.19,36.25,30.0,385.875,-0.7008667,-0.62054443,-0.34326172,-0.07672119
4a,4,Right Wrist,31369193,1779735341108,-2.1997023,2.9670005,19.927427,-150.07497,248.92111,-6.1462717,-148.63672,-26.031282,193.05466,0.0
4a,1,Left Ankle,5366272,1779735341137,7.83,5.67,6.07,32.6875,30.75,457.75,-0.6798706,-0.6608887,-0.2753296,-0.15881348
4a,2,Right Ankle,2408302,1779735341143,-8.4856,-1.4568938,1.6917256,35.06664,35.366238,38.14762,7.754757,81.90694,240.21265,0.0
4a,1,Left Ankle,5366295,1779735341167,13.36,13.38,1.78,1.9375,1.375,542.875,-0.661499,-0.68359375,-0.21636963,-0.21966553
4a,1,Left Ankle,5366316,1779735341169,19.72,13.09,-1.7,-8.1875,-21.1875,571.0,-0.63952637,-0.7017822,-0.1427002,-0.27947998
4a,4,Right Wrist,31369283,1779735341170,2.1887348,-1.2228327,4.249653,20.16504,268.8711,-25.186272,-148.59161,-26.132143,193.00075,0.0
4a,3,Left Wrist,5166237,1779735341181,6.4081807,-33.94668,5.881558,117.365776,-133.16031,132.89922,-100.70284,-32.07985,355.89606,0.0
4a,1,Left Ankle,5366336,1779735341198,23.52,8.83,1.12,-27.625,-108.6875,622.6875,-0.6116333,-0.7155762,-0.0546875,-0.3330078
4a,2,Right Ankle,2408362,1779735341215,-8.416209,-2.4068444,2.6919255,-1.9633622,17.44624,77.41762,7.530865,81.884964,239.99556,0.0
4a,1,Left Ankle,5366354,1779735341230,18.69,-2.02,-16.52,10.8125,14.0625,629.6875,-0.5727539,-0.7191162,0.023986816,-0.3927002
4a,4,Right Wrist,31369342,1779735341230,2.8539393,-5.525128,4.199404,95.06504,173.53111,-44.086273,-148.51772,-26.203684,192.96622,0.0
4a,3,Left Wrist,5166400,1779735341240,13.045871,14.362019,2.3018954,-370.88422,-56.4403,157.39922,-100.84299,-31.902462,355.87213,0.0
4a,1,Left Ankle,5366382,1779735341264,17.34,-4.04,-22.14,-1.4375,124.5625,647.0625,-0.52697754,-0.7050781,0.09118652,-0.4656372
4a,1,Left Ankle,5366398,1779735341264,4.99,6.3,-25.86,22.3125,106.125,648.5,-0.4729004,-0.6831665,0.15679932,-0.53393555
4a,2,Right Ankle,2408452,1779735341264,-10.340038,0.8952509,2.172683,-34.583363,-16.85376,66.21762,7.9327936,81.82769,240.40862,0.0
4a,1,Left Ankle,5366421,1779735341286,-35.11,40.1,5.43,34.875,500.8125,669.625,-0.41558838,-0.63531494,0.20422363,-0.618042
4a,4,Right Wrist,31369403,1779735341290,1.049751,-6.1975107,-2.225325,123.62504,59.501114,-72.01627,-148.4239,-26.218422,192.95335,0.0
4a,3,Left Wrist,5166477,1779735341309,14.964914,-3.0936232,2.5172493,12.995776,-103.8303,-80.39078,-100.84657,-31.977942,355.91113,0.0
4a,1,Left Ankle,5366442,1779735341317,39.04,7.52,8.31,68.1875,-229.6875,811.0,-0.34851074,-0.64453125,0.24066162,-0.63653564
4a,1,Left Ankle,5366461,1779735341318,27.38,9.43,27.81,121.5,-417.25,-908.6875,-0.3796997,-0.6930542,0.21472168,-0.5739136
4a,1,Left Ankle,5366483,1779735341347,8.44,-6.87,-2.13,-29.5625,4.375,206.4375,-0.37145996,-0.6880493,0.22808838,-0.58013916
4a,4,Right Wrist,31369462,1779735341349,-11.383355,-14.845172,0.6795617,-151.12495,-96.248886,18.423727,-148.45323,-26.159245,192.95386,0.0
4a,2,Right Ankle,2408512,1779735341353,-9.356588,3.780995,-1.0839486,20.296637,-2.92376,-11.83238,8.363396,81.857895,240.82724,0.0
4a,3,Left Wrist,5166537,1779735341360,5.352946,-15.593728,-4.752146,388.82578,-279.11032,-63.38078,-100.8065,-31.91532,356.04648,0.0
4a,1,Left Ankle,5366500,1779735341377,25.36,-31.37,-2.66,2.125,-1.125,141.75,-0.35980225,-0.6837158,0.23937988,-0.5880127
4a,1,Left Ankle,5366521,1779735341378,-25.32,25.17,0.9,68.5,12.8125,410.0625,-0.32318115,-0.6769409,0.26867676,-0.60424805
4a,1,Left Ankle,5366544,1779735341409,3.97,27.24,-2.46,10.875,-350.75,103.375,-0.27301025,-0.70751953,0.31848145,-0.5687256
4a,4,Right Wrist,31369522,1779735341410,-8.119546,2.9047863,10.353744,-36.394962,-119.208885,111.03372,-148.45515,-26.099094,192.939,0.0
4a,3,Left Wrist,5166596,1779735341418,-5.275972,-23.810682,3.4289148,12.015777,-13.180301,-5.910778,-100.7762,-31.864302,356.03687,0.0
4a,1,Left Ankle,5366561,1779735341437,-28.65,24.4,8.36,-80.125,-244.25,116.1875,-0.26934814,-0.71795654,0.3381958,-0.5455322
4a,1,Left Ankle,5366584,1779735341439,-39.4,26.74,7.2,-59.25,195.625,-186.4375,-0.30273438,-0.7057495,0.30792236,-0.5616455
4a,2,Right Ankle,2408572,1779735341443,-10.904745,-2.476236,5.1230335,16.236637,-15.87376,-1.6823812,8.083466,81.8141,240.54433,0.0
4a,4,Right Wrist,31369583,1779735341473,-1.3717856,5.6158547,10.363315,158.13504,-56.348885,120.27373,-148.38618,-26.067324,192.91006,0.0
4a,1,Left Ankle,5366598,1779735341473,-16.69,23.7,1.11,8.5625,38.0,-128.75,-0.30932617,-0.7074585,0.29882812,-0.56085205
4a,3,Left Wrist,5166657,1779735341482,-5.575075,-18.716362,-10.480563,18.385777,154.25969,84.52922,-100.76927,-31.776222,355.98697,0.0
4a,1,Left Ankle,5366622,1779735341497,-4.83,26.87,-5.78,19.3125,93.0625,-332.0,-0.355896,-0.7183838,0.23321533,-0.55029297
4a,2,Right Ankle,2408662,1779735341503,-8.9665575,0.7301461,1.1676974,24.706638,-6.8437595,-55.93238,8.478808,81.818375,240.92435,0.0
4a,1,Left Ankle,5366646,1779735341527,2.81,29.16,-5.77,23.5,28.0625,-389.4375,-0.38861084,-0.7316284,0.1828003,-0.52941895
4a,1,Left Ankle,5366663,1779735341527,14.87,29.05,-3.31,8.6875,-136.75,-403.375,-0.4182129,-0.7515259,0.13885498,-0.4909668
4a,3,Left Wrist,5166716,1779735341539,-3.6368895,-10.226626,2.213361,-115.80423,243.0197,140.17921,-100.723816,-31.695171,355.86313,0.0
4a,4,Right Wrist,31369642,1779735341568,1.049751,-2.435994,3.6753755,112.63504,-31.21889,37.81373,-148.31937,-26.060883,192.89302,0.0
4a,1,Left Ankle,5366703,1779735341568,11.01,25.39,-3.37,-32.9375,-174.0625,-365.0,-0.47460938,-0.7908325,0.06964111,-0.38006592
4a,1,Left Ankle,5366687,1779735341567,13.78,25.83,-3.0,-5.25,-184.75,-407.625,-0.4475708,-0.77459717,0.10223389,-0.4350586
4a,2,Right Ankle,2408751,1779735341568,-8.916308,-0.4614796,2.0195422,10.776638,-13.213759,-21.842382,8.109785,81.77634,240.5542,0.0
4a,1,Left Ankle,5366724,1779735341585,14.39,22.06,-3.56,-34.25,-139.625,-356.0625,-0.49969482,-0.79888916,0.03527832,-0.33294678
4a,3,Left Wrist,5166777,1779735341610,3.4961154,-9.006288,1.8448663,-160.04422,278.0897,142.97922,-100.66008,-31.644041,355.71118,0.0
4a,1,Left Ankle,5366762,1779735341619,8.25,21.06,-1.29,-43.4375,-22.3125,-295.1875,-0.5409546,-0.79901123,-0.03161621,-0.26055908
4a,4,Right Wrist,31369703,1779735341619,-0.6635101,-3.2782671,1.4117653,111.02504,-99.748886,-31.416271,-148.25893,-26.029625,192.90834,0.0
4a,1,Left Ankle,5366743,1779735341619,8.2,21.55,-3.49,-39.4375,-86.125,-303.8125,-0.5219116,-0.8015137,0.0030517578,-0.29193115
4a,2,Right Ankle,2408812,1779735341622,-8.791882,-1.5693566,2.318645,-5.5333624,-20.563759,-24.362381,7.6279564,81.74497,240.07791,0.0
4a,1,Left Ankle,5366782,1779735341647,9.25,18.86,-2.11,-51.25,25.875,-259.1875,-0.559021,-0.79138184,-0.06732178,-0.23803711
4a,3,Left Wrist,5166836,1779735341668,10.906688,-9.9897375,6.156733,18.175777,185.5497,93.06922,-100.56335,-31.648201,355.60443,0.0
4a,1,Left Ankle,5366802,1779735341678,6.42,20.28,-2.98,-47.1875,45.875,-240.375,-0.57336426,-0.7815552,-0.10192871,-0.22363281
4a,1,Left Ankle,5366828,1779735341678,5.73,18.86,-1.62,-48.4375,70.375,-213.125,-0.58599854,-0.77001953,-0.13574219,-0.21270752
4a,4,Right Wrist,31369792,1779735341680,-6.0760746,-8.217053,6.786045,49.14504,-240.51889,-42.82627,-148.24368,-25.955446,192.96034,0.0
4a,2,Right Ankle,2408872,1779735341684,-8.397066,-2.169955,2.684747,4.4066377,1.9762402,-31.712381,7.1557264,81.720634,239.60745,0.0
4a,1,Left Ankle,5366847,1779735341718,4.79,19.04,-1.61,-55.5,38.0625,-190.125,-0.5985718,-0.7579956,-0.16394043,-0.20080566
4a,1,Left Ankle,5366864,1779735341739,2.73,17.63,-0.76,-68.1875,2.8125,-177.3125,-0.6123657,-0.74572754,-0.18554688,-0.18560791
4a,1,Left Ankle,5366884,1779735341751,2.37,17.35,-0.3,-71.625,-1.875,-169.0,-0.6265259,-0.732666,-0.20465088,-0.16967773
4a,4,Right Wrist,31369852,1779735341751,-6.9422765,-3.78076,7.207182,101.505035,-191.65889,-13.636272,-148.20993,-25.891148,192.99641,0.0
4a,2,Right Ankle,2408932,1779735341751,-8.602849,-1.5382499,1.9238294,1.9566379,-9.923759,-35.63238,6.6073303,81.70102,239.06226,0.0
4a,3,Left Wrist,5166897,1779735341751,9.341781,-7.984553,-2.0817556,-13.744224,164.2697,74.58922,-100.54442,-31.707315,355.53992,0.0
4a,1,Left Ankle,5366909,1779735341767,2.78,16.44,0.02,-71.125,13.0625,-158.4375,-0.6394043,-0.71899414,-0.22338867,-0.1560669
4a,1,Left Ankle,5366927,1779735341797,4.36,16.37,-0.29,-71.1875,29.0,-145.9375,-0.65075684,-0.7047119,-0.2423706,-0.14562988
4a,2,Right Ankle,2408992,1779735341811,-9.215411,-1.3157173,2.2995026,-24.293362,4.07624,-25.412382,6.141788,81.67456,238.60875,0.0
4a,4,Right Wrist,31369913,1779735341810,-5.7195444,-5.2954164,7.0205417,110.255035,-178.9189,30.953728,-148.1615,-25.8235,193.01346,0.0
4a,3,Left Wrist,5166957,1779735341811,10.105092,-10.587943,-1.3854443,10.825776,173.08969,98.52922,-100.48438,-31.753462,355.45444,0.0
4a,1,Left Ankle,5366949,1779735341827,5.25,15.12,-0.94,-73.1875,33.25,-130.125,-0.66101074,-0.6902466,-0.2600708,-0.13793945
4a,1,Left Ankle,5366970,1779735341828,6.38,15.05,-2.16,-79.75,21.1875,-118.0,-0.6716919,-0.675354,-0.27508545,-0.1307373
4a,1,Left Ankle,5366991,1779735341857,7.14,13.63,-3.13,-81.875,13.9375,-105.4375,-0.68255615,-0.6605835,-0.2871704,-0.1237793
4a,4,Right Wrist,31369972,1779735341860,-3.4343987,-3.306981,8.463413,-69.71496,-192.98889,77.71372,-148.17326,-25.750261,193.01923,0.0
4a,2,Right Ankle,2409052,1779735341862,-8.660276,-2.3326669,2.2325034,-22.613363,0.5762402,-28.562382,5.61386,81.657646,238.09273,0.0
4a,3,Left Wrist,5167046,1779735341879,11.126827,-10.150057,-3.3403804,-62.884224,107.5697,141.01923,-100.50863,-31.782526,355.41663,0.0
4a,1,Left Ankle,5367011,1779735341886,8.15,10.84,-6.88,-73.125,46.4375,-80.3125,-0.69140625,-0.6463623,-0.2993164,-0.12084961
4a,1,Left Ankle,5367036,1779735341888,14.75,0.96,-8.4,-61.75,130.0,-57.8125,-0.6972656,-0.6263428,-0.32348633,-0.13006592
4a,1,Left Ankle,5367050,1779735341917,19.13,5.69,-8.94,-39.25,67.875,-65.25,-0.69818115,-0.62145996,-0.33050537,-0.13092041
4a,4,Right Wrist,31370033,1779735341920,-2.8625143,-1.2108687,7.8747797,-75.03496,-236.73889,120.20373,-148.18875,-25.657986,193.0217,0.0
4a,1,Left Ankle,5367076,1779735341947,25.65,2.49,-6.89,-50.6875,17.375,92.25,-0.69470215,-0.6191406,-0.33148193,-0.15551758
4a,2,Right Ankle,2409112,1779735341953,-8.437744,-4.8666663,-0.93320084,-30.943363,-4.5337596,-16.52238,5.107702,81.69246,237.60173,0.0
4a,3,Left Wrist,5167107,1779735341966,10.992828,-10.35584,-4.362116,14.255776,47.789696,162.36922,-100.534584,-31.789774,355.4102,0.0
4a,1,Left Ankle,5367092,1779735341979,31.35,5.69,-3.7,-96.125,-92.0,148.1875,-0.70373535,-0.6207886,-0.29815674,-0.17462158
4a,1,Left Ankle,5367114,1779735341980,-35.11,38.24,2.32,-22.375,-11.625,317.75,-0.69628906,-0.63360596,-0.2623291,-0.21203613
4a,4,Right Wrist,31370092,1779735341980,-2.4581268,-0.86869484,11.815759,-69.15496,-235.6189,119.78372,-148.20322,-25.569363,193.02455,0.0
4a,1,Left Ankle,5367136,1779735342014,39.04,17.14,-6.42,-62.5,-448.875,60.3125,-0.7095947,-0.6478882,-0.206604,-0.18463135
4a,1,Left Ankle,5367155,1779735342014,17.55,-14.83,-6.47,-30.125,-13.5625,-68.8125,-0.7112427,-0.6431885,-0.21014404,-0.19049072
4a,3,Left Wrist,5167166,1779735342018,9.784453,-9.616457,-4.890929,28.465776,-5.7603006,184.48923,-100.57703,-31.772757,355.42944,0.0
4a,1,Left Ankle,5367172,1779735342037,-17.63,10.57,2.43,-40.0625,2.25,32.9375,-0.71325684,-0.6392212,-0.2064209,-0.20013428
4a,4,Right Wrist,31370153,1779735342039,-6.0832534,2.9909284,7.063612,-113.25496,-160.5089,52.163727,-148.24655,-25.507156,193.03883,0.0
4a,2,Right Ankle,2409171,1779735342044,-8.878023,-4.3234954,1.1365907,-8.263362,-18.25376,-22.612381,4.534441,81.69556,237.03615,0.0
4a,1,Left Ankle,5367194,1779735342080,6.62,4.4,2.28,-31.6875,-14.9375,46.1875,-0.71398926,-0.63916016,-0.1975708,-0.20654297
4a,1,Left Ankle,5367211,1779735342080,-3.08,13.15,2.16,-8.875,-31.125,72.9375,-0.7136841,-0.6415405,-0.18585205,-0.21118164
4a,1,Left Ankle,5367233,1779735342100,-1.18,10.4,2.53,0.75,-1.0,76.5,-0.71136475,-0.644104,-0.17663574,-0.21887207
4a,4,Right Wrist,31370212,1779735342100,-2.0561328,6.3456655,8.894121,104.44504,-48.29889,96.89372,-148.20212,-25.480453,193.01746,0.0
4a,2,Right Ankle,2409262,1779735342103,-13.81681,0.50282794,-2.914458,-60.483364,60.986237,58.79762,4.727107,81.77248,237.25087,0.0
4a,3,Left Wrist,5167256,1779735342109,11.622141,-9.396318,-4.4051867,1.0257764,-131.13031,129.74922,-100.64243,-31.784306,355.49527,0.0
4a,1,Left Ankle,5367250,1779735342127,-0.69,10.38,-0.64,-2.125,6.5,75.6875,-0.70996094,-0.6449585,-0.17285156,-0.22381592
4a,1,Left Ankle,5367273,1779735342128,1.24,10.01,1.48,-4.75,18.9375,64.8125,-0.7060547,-0.6459961,-0.16430664,-0.23913574
4a,1,Left Ankle,5367295,1779735342157,1.2,9.76,1.81,-2.875,13.9375,59.0625,-0.7036133,-0.6467285,-0.159729,-0.24731445
4a,4,Right Wrist,31370272,1779735342159,-1.742673,0.8421733,7.2861447,280.84503,77.07111,75.96372,-148.077,-25.492828,192.97267,0.0
4a,2,Right Ankle,2409352,1779735342163,-10.280217,14.67791,7.8556366,-17.853363,-31.97376,96.10762,5.301834,81.730644,237.83043,0.0
4a,1,Left Ankle,5367312,1779735342187,0.3,8.83,1.55,2.75,18.625,48.875,-0.70184326,-0.6469116,-0.15917969,-0.25219727
4a,1,Left Ankle,5367332,1779735342189,0.4,9.65,0.98,7.5,34.0,44.0625,-0.69659424,-0.64801025,-0.15753174,-0.26464844
4a,1,Left Ankle,5367352,1779735342217,1.04,10.01,0.8,6.0,29.875,37.9375,-0.6937256,-0.64837646,-0.15716553,-0.2715454
4a,4,Right Wrist,31370333,1779735342219,0.482652,-1.3041887,6.4271216,250.46504,116.20111,-1.4562719,-147.96283,-25.535799,192.94215,0.0
4a,2,Right Ankle,2409412,1779735342223,-7.416009,6.3389225,4.4482574,119.69664,-2.36376,180.10762,6.1151876,81.690475,238.60294,0.0
4a,3,Left Wrist,5167317,1779735342234,8.054442,-12.655342,-7.987242,112.605774,-200.5003,55.339222,-100.71288,-31.747194,355.60846,0.0
4a,1,Left Ankle,5367372,1779735342247,1.43,9.32,0.65,4.1875,10.875,25.3125,-0.6917114,-0.6489258,-0.15582275,-0.2758789
4a,1,Left Ankle,5367394,1779735342248,-1.7,9.81,1.17,4.0625,5.0,13.3125,-0.6903076,-0.64971924,-0.15472412,-0.2783203
4a,1,Left Ankle,5367416,1779735342284,2.0,9.23,0.76,3.75,11.0,10.75,-0.6885376,-0.6494751,-0.15655518,-0.28204346
4a,4,Right Wrist,31370392,1779735342284,1.8824532,-2.6896331,5.419743,155.12505,117.95111,-66.69627,-147.88554,-25.594912,192.93027,0.0
4a,2,Right Ankle,2409472,1779735342285,-4.6379414,-2.9548008,3.0460632,112.48664,-1.2437598,153.36761,6.1873555,81.65479,238.6432,0.0
4a,3,Left Wrist,5167510,1779735342289,-0.12661797,-11.844175,-1.5218352,-89.48423,-126.2303,113.22922,-100.844986,-31.547487,355.76416,0.0
4a,1,Left Ankle,5367434,1779735342306,1.06,9.6,0.94,4.0625,12.875,1.125,-0.6876221,-0.649353,-0.15795898,-0.2838745
4a,1,Left Ankle,5367456,1779735342336,1.47,10.04,0.69,4.6875,11.625,-1.6875,-0.6871338,-0.64941406,-0.15924072,-0.28411865
4a,1,Left Ankle,5367476,1779735342337,1.66,10.29,1.22,7.3125,10.25,-8.375,-0.68652344,-0.64941406,-0.16156006,-0.2843628
4a,4,Right Wrist,31370453,1779735342339,2.480659,-1.7468606,5.07757,41.79504,92.471115,-89.93628,-147.85632,-25.654202,192.93245,0.0
4a,2,Right Ankle,2409532,1779735342343,-2.3815098,-8.171154,1.5984055,73.286644,-3.0637598,44.58762,5.9088287,81.64946,238.34456,0.0
4a,3,Left Wrist,5167529,1779735342359,0.46201664,-11.930316,0.2847459,-126.65423,-108.100296,122.539215,-100.87667,-31.439932,355.7823,0.0
4a,1,Left Ankle,5367492,1779735342371,0.76,9.63,1.4,11.875,10.4375,-13.125,-0.6856079,-0.6499634,-0.16448975,-0.2836914
4a,1,Left Ankle,5367512,1779735342371,0.87,9.86,0.74,15.8125,27.5,-14.375,-0.6832886,-0.6496582,-0.17108154,-0.28588867
4a,1,Left Ankle,5367541,1779735342396,3.14,10.58,0.47,17.75,28.8125,-33.125,-0.68182373,-0.64941406,-0.17834473,-0.28564453
4a,4,Right Wrist,31370512,1779735342412,2.5165513,-0.11495558,4.388437,-23.164959,96.32111,-98.61627,-147.85722,-25.71904,192.93948,0.0
4a,2,Right Ankle,2409592,1779735342412,-7.0546923,-8.90575,0.8111669,27.926636,15.97624,-88.90238,5.230457,81.666504,237.65935,0.0
4a,3,Left Wrist,5167586,1779735342412,1.6464638,-9.470495,2.675176,-272.60422,-41.250298,152.49922,-100.92557,-31.354895,355.76163,0.0
4a,1,Left Ankle,5367557,1779735342433,2.2,11.77,1.06,26.6875,15.4375,-44.4375,-0.6799927,-0.64953613,-0.18780518,-0.2835083
4a,1,Left Ankle,5367582,1779735342458,4.13,12.81,0.09,36.8125,-13.4375,-66.875,-0.67974854,-0.65270996,-0.19909668,-0.2689209
4a,1,Left Ankle,5367600,1779735342460,0.32,17.72,-2.17,36.375,-7.3125,-66.875,-0.6793823,-0.6538086,-0.20318604,-0.2640381
4a,4,Right Wrist,31370573,1779735342460,2.8395822,1.1652046,3.3786654,-30.65496,105.77111,-97.14628,-147.86742,-25.79043,192.94745,0.0
4a,2,Right Ankle,2409652,1779735342463,-19.9879,-11.516319,8.386844,-16.873362,35.366238,-131.60239,4.5091944,81.66127,236.94502,0.0
4a,3,Left Wrist,5167647,1779735342468,1.6368922,-3.0361953,1.1724831,-183.00423,-8.560301,143.04922,-100.93078,-31.304253,355.7255,0.0
4a,1,Left Ankle,5367626,1779735342487,-0.93,19.54,-5.02,37.5625,-8.125,-83.75,-0.678772,-0.65618896,-0.21820068,-0.24707031
4a,1,Left Ankle,5367643,1779735342527,4.46,17.62,-7.96,32.75,-9.875,-82.375,-0.678772,-0.6571655,-0.22808838,-0.23529053
4a,1,Left Ankle,5367663,1779735342527,4.29,9.56,-6.45,28.1875,-87.6875,-89.875,-0.68115234,-0.65930176,-0.23248291,-0.21746826
4a,2,Right Ankle,2409711,1779735342528,-19.293982,-4.1248913,-7.987242,-48.79336,-14.61376,-28.212381,4.289875,81.71691,236.74335,0.0
4a,1,Left Ankle,5367698,1779735342552,-4.06,2.01,-2.43,53.3125,-174.375,-33.5,-0.6852417,-0.6711426,-0.2163086,-0.18231201
4a,1,Left Ankle,5367683,1779735342552,0.58,4.47,-4.33,31.75,-126.8125,-64.1875,-0.68444824,-0.66589355,-0.22369385,-0.19506836
4a,4,Right Wrist,31370632,1779735342552,3.58375,1.4379858,2.28036,-13.15496,103.32111,-94.76627,-147.87633,-25.866585,192.95729,0.0
4a,3,Left Wrist,5167707,1779735342568,2.2255268,-1.6459653,-3.328416,-91.72423,6.0696993,139.33922,-101.03419,-31.273504,355.7529,0.0
4a,1,Left Ankle,5367723,1779735342577,-6.01,4.17,-3.16,75.25,-123.6875,-8.8125,-0.6814575,-0.6888428,-0.19598389,-0.15063477
4a,1,Left Ankle,5367744,1779735342612,-6.42,4.08,-1.34,86.9375,-91.625,17.4375,-0.671875,-0.70147705,-0.1885376,-0.14471436
4a,4,Right Wrist,31370693,1779735342613,2.78694,-0.05513561,2.7278178,-19.52496,54.321114,-66.76627,-147.87651,-25.918911,192.96309,0.0
4a,2,Right Ankle,2409772,1779735342614,-6.760375,-1.6937833,3.871587,-7.843362,-29.24376,-3.992381,4.058731,81.66407,236.51695,0.0
4a,3,Left Wrist,5167767,1779735342622,1.395217,-0.45433965,-4.7880383,-101.52423,-15.070301,73.88922,-101.156296,-31.254929,355.79807,0.0
4a,1,Left Ankle,5367760,1779735342642,-4.23,4.57,-0.92,96.6875,49.375,42.25,-0.6647949,-0.70703125,-0.19000244,-0.14849854
4a,1,Left Ankle,5367782,1779735342642,-0.62,2.53,-0.49,99.75,72.75,33.125,-0.6414795,-0.72283936,-0.19866943,-0.1630249
4a,1,Left Ankle,5367805,1779735342668,-0.77,4.09,0.22,106.0625,78.5625,65.125,-0.6243286,-0.7338867,-0.20178223,-0.17596436
4a,4,Right Wrist,31370783,1779735342669,-1.5895324,-1.2491537,2.3042881,-34.71496,13.0211115,-37.156273,-147.87332,-25.923016,192.96411,0.0
4a,2,Right Ankle,2409832,1779735342673,-9.347016,-0.35380256,2.0410776,-22.963362,-17.483759,2.097619,3.8097925,81.61272,236.27869,0.0
4a,3,Left Wrist,5167857,1779735342678,5.422337,-3.2850487,-5.3551373,20.275776,-32.430298,86.69922,-101.22485,-31.25556,355.8418,0.0
4a,1,Left Ankle,5367822,1779735342697,0.15,4.38,3.23,49.5625,-7.375,68.75,-0.61395264,-0.7420654,-0.19732666,-0.1829834
4a,1,Left Ankle,5367846,1779735342698,-0.66,5.26,7.83,13.375,-150.5,59.0,-0.6131592,-0.7496338,-0.17810059,-0.17437744
4a,1,Left Ankle,5367864,1779735342728,-3.07,6.39,6.54,9.875,-193.375,48.625,-0.616333,-0.75720215,-0.15185547,-0.15405273
4a,4,Right Wrist,31370842,1779735342730,-3.3027937,-1.8353952,2.9647074,-32.05496,-2.3088884,-16.436272,-147.86925,-25.913607,192.96219,0.0
4a,2,Right Ankle,2409921,1779735342733,-9.363766,0.10801218,0.96430755,1.8166375,6.66624,-7.0723815,3.8347125,81.66916,236.30238,0.0
4a,3,Left Wrist,5167916,1779735342738,3.651649,-3.7348998,-3.0675986,47.785778,-29.7703,42.879223,-101.2822,-31.2626,355.88644,0.0
4a,1,Left Ankle,5367885,1779735342764,-10.86,10.68,6.91,-4.25,-105.375,74.8125,-0.6195679,-0.76086426,-0.12896729,-0.14349365
4a,1,Left Ankle,5367901,1779735342765,-1.92,13.05,1.25,28.75,-32.9375,72.5625,-0.6148071,-0.7635498,-0.12445068,-0.15332031
4a,1,Left Ankle,5367927,1779735342796,5.61,9.64,5.61,6.875,139.375,71.625,-0.60894775,-0.76239014,-0.12945557,-0.17663574
4a,4,Right Wrist,31370903,1779735342796,-3.8674996,-2.792524,3.4887354,-40.24496,-1.958888,-22.456272,-147.86661,-25.905039,192.9612,0.0
4a,3,Left Wrist,5167977,1779735342799,4.632706,-2.5767734,-1.7467606,178.61577,-6.250301,11.869221,-101.25953,-31.326014,355.90814,0.0
4a,1,Left Ankle,5367944,1779735342827,4.94,17.04,0.24,-14.625,155.0625,101.9375,-0.60357666,-0.7581177,-0.13415527,-0.20721436
4a,2,Right Ankle,2409982,1779735342827,-8.97613,-0.63854843,0.86380893,-1.893362,7.3662405,4.687619,3.4588182,81.71078,235.93134,0.0
4a,1,Left Ankle,5367970,1779735342853,-1.76,15.88,-7.54,-3.75,32.625,69.4375,-0.5997925,-0.7567749,-0.12982178,-0.22515869
4a,1,Left Ankle,5367985,1779735342853,9.34,14.41,-12.71,0.5,-55.0,28.0625,-0.59936523,-0.7593384,-0.121520996,-0.222229
4a,4,Right Wrist,31370962,1779735342853,-5.0232334,-4.1636114,1.9118654,-44.164963,-6.8588886,-28.826271,-147.86417,-25.886955,192.9622,0.0
4a,3,Left Wrist,5168037,1779735342863,4.7355976,-3.6056871,-1.0815558,196.67577,-11.220301,-54.42078,-101.21014,-31.417648,355.9246,0.0
4a,1,Left Ankle,5368005,1779735342878,5.36,12.76,-3.54,-35.8125,-15.3125,67.4375,-0.60113525,-0.7584839,-0.11053467,-0.22613525
4a,2,Right Ankle,2410072,1779735342884,-9.354196,0.59375525,1.0025927,13.0866375,14.29624,3.637619,3.8716898,81.74992,236.3356,0.0
4a,1,Left Ankle,5368030,1779735342909,-2.3,8.86,1.25,-34.375,-48.0625,44.5,-0.60479736,-0.75738525,-0.09820557,-0.22570801
4a,1,Left Ankle,5368045,1779735342910,-2.38,8.28,-0.67,-15.375,-4.875,16.4375,-0.6066284,-0.7562866,-0.0927124,-0.2267456
4a,3,Left Wrist,5168096,1779735342919,2.2853475,-8.381762,-1.1006985,112.605774,-37.1203,-119.52077,-101.16488,-31.385122,355.93927,0.0
4a,1,Left Ankle,5368071,1779735342946,2.04,9.96,-1.36,-2.375,46.75,11.1875,-0.6065674,-0.7546387,-0.094055176,-0.23187256
4a,2,Right Ankle,2410131,1779735342946,-9.428372,0.3927581,0.2321038,9.166637,21.08624,-17.502382,3.9638278,81.81082,236.42288,0.0
4a,4,Right Wrist,31371022,1779735342946,-6.332107,-3.630012,2.6488547,-64.74496,-24.07889,-6.076272,-147.87157,-25.860588,192.9612,0.0
4a,3,Left Wrist,5168157,1779735342979,1.6297137,-14.598314,-2.4622147,71.65577,-74.2203,-126.17078,-101.15494,-31.349644,355.9761,0.0
4a,1,Left Ankle,5368093,1779735342997,2.67,10.8,-1.19,0.3125,38.5625,-0.5,-0.60565186,-0.7529297,-0.098083496,-0.23797607
4a,1,Left Ankle,5368109,1779735342998,3.68,10.05,-0.9,-5.4375,-4.3125,-18.5,-0.60650635,-0.75201416,-0.10076904,-0.2376709
4a,2,Right Ankle,2410192,1779735343010,-9.203447,-0.46865803,0.6173482,-22.123362,16.676239,-18.76238,3.6664512,81.86709,236.13525,0.0
4a,1,Left Ankle,5368136,1779735343026,1.99,9.71,-2.09,-9.125,-36.375,-33.625,-0.61047363,-0.7529907,-0.09844971,-0.22491455
4a,1,Left Ankle,5368172,1779735343027,-4.74,9.81,1.14,-28.1875,3.8125,-66.9375,-0.61938477,-0.7463379,-0.113586426,-0.2154541
4a,4,Right Wrist,31371083,1779735343029,-5.8846493,-0.8160528,1.8041883,-56.27496,-19.808887,33.543728,-147.88007,-25.827131,192.95071,0.0
4a,3,Left Wrist,5168216,1779735343043,0.5601222,-16.163221,-3.7471604,17.335777,-57.560303,-52.81078,-101.16895,-31.28911,356.0064,0.0
4a,1,Left Ankle,5368193,1779735343059,-0.83,11.72,3.74,-21.1875,98.1875,-81.625,-0.6236572,-0.73950195,-0.13128662,-0.21673584
4a,2,Right Ankle,2410251,1779735343063,-8.990486,-0.65769106,-0.37328032,-19.183363,21.57624,-17.992382,3.4720345,81.929756,235.94855,0.0
4a,1,Left Ankle,5368210,1779735343087,-10.69,10.55,1.57,-17.0,103.8125,-92.375,-0.62524414,-0.73565674,-0.14208984,-0.21838379
4a,4,Right Wrist,31371172,1779735343089,-4.6978087,-0.3303098,1.9046868,88.13504,53.901115,10.513728,-147.83554,-25.822582,192.93292,0.0
4a,3,Left Wrist,5168277,1779735343098,0.6199428,-8.99911,-5.998806,57.725777,-19.0603,-40.77078,-101.20978,-31.248566,356.04602,0.0
4a,1,Left Ankle,5368237,1779735343116,-4.82,9.77,-0.73,-21.1875,93.0,-117.9375,-0.63201904,-0.7227173,-0.1762085,-0.21716309
4a,1,Left Ankle,5368250,1779735343117,-0.99,5.45,-2.52,-27.4375,42.625,-111.5,-0.6350708,-0.71875,-0.18481445,-0.2142334
4a,2,Right Ankle,2410312,1779735343131,-9.406837,-0.8132245,-0.0741775,-15.543362,25.07624,-22.822382,3.2024217,81.99139,235.68584,0.0
4a,1,Left Ankle,5368276,1779735343146,10.85,-3.34,-6.09,-40.875,-76.1875,-73.3125,-0.6479492,-0.710022,-0.19543457,-0.19451904
4a,1,Left Ankle,5368292,1779735343147,31.91,-12.07,-7.46,-23.5625,-109.5,30.375,-0.6561279,-0.7093506,-0.18225098,-0.1817627
4a,3,Left Wrist,5168336,1779735343159,1.5698931,-14.282462,-6.4534426,-3.3142233,23.429699,-4.58078,-101.24692,-31.187347,356.05807,0.0
4a,1,Left Ankle,5368317,1779735343177,4.41,16.46,-6.85,86.625,215.3125,234.125,-0.6392212,-0.71655273,-0.17449951,-0.21789551
4a,4,Right Wrist,31371262,1779735343179,-0.4672985,-2.4982069,6.7429743,114.73504,20.721111,49.01373,-147.76686,-25.824205,192.90395,0.0
4a,2,Right Ankle,2410372,1779735343182,-9.672441,-1.7320684,0.17467606,-7.563362,32.84624,-7.9123807,2.7810874,82.043465,235.27081,0.0
4a,1,Left Ankle,5368335,1779735343207,20.42,13.91,-12.3,-125.625,-119.6875,-200.25,-0.6577759,-0.7060547,-0.1763916,-0.1942749
4a,1,Left Ankle,5368352,1779735343208,9.15,-24.18,2.75,-41.875,116.125,102.5,-0.66033936,-0.70111084,-0.17315674,-0.20599365
4a,3,Left Wrist,5168397,1779735343218,-2.1006968,-8.733506,-9.013763,-79.61423,37.9197,92.22922,-101.32439,-31.10579,356.0673,0.0
4a,1,Left Ankle,5368372,1779735343237,-14.54,21.85,4.76,-22.375,5.0,16.625,-0.65930176,-0.69836426,-0.17102051,-0.21984863
4a,4,Right Wrist,31371352,1779735343239,0.92053854,-5.661519,2.8019955,135.45503,-95.82889,137.35373,-147.67216,-25.773127,192.86288,0.0
4a,2,Right Ankle,2410432,1779735343243,-10.591285,-8.934464,3.2853453,36.466637,-0.5437598,97.99762,2.5567753,82.03166,235.04085,0.0
4a,1,Left Ankle,5368396,1779735343267,8.71,9.9,0.09,-11.8125,-22.0625,-8.625,-0.6639404,-0.69696045,-0.16937256,-0.21166992
4a,1,Left Ankle,5368414,1779735343268,-4.23,12.52,-1.45,7.5,31.5625,55.0,-0.66015625,-0.6980591,-0.1665039,-0.22192383
4a,3,Left Wrist,5168457,1779735343279,-5.7712865,-17.364416,-6.6305113,-119.93423,2.9196997,210.03923,-101.37501,-30.962019,356.05856,0.0
4a,1,Left Ankle,5368443,1779735343304,1.55,10.0,-2.25,-8.5,-13.75,23.875,-0.65966797,-0.69866943,-0.16259766,-0.22424316
4a,4,Right Wrist,31371413,1779735343304,1.1693921,4.1945176,-2.8953156,-61.52496,-114.58889,154.64372,-147.7379,-25.719975,192.86028,0.0
4a,2,Right Ankle,2410492,1779735343305,-15.9201,-3.7827175,11.581263,158.68665,-64.17376,116.26762,2.7400398,81.962364,235.1729,0.0
4a,1,Left Ankle,5368458,1779735343327,-1.1,11.08,-1.77,-14.0,-3.4375,55.1875,-0.65979004,-0.69866943,-0.15557861,-0.2288208
4a,3,Left Wrist,5168517,1779735343342,-3.5196402,-15.454945,0.25603202,-119.93423,24.829699,295.92923,-101.37827,-30.802546,356.01392,0.0
4a,1,Left Ankle,5368482,1779735343358,-0.59,10.48,-0.5,-14.25,18.0625,39.0,-0.6593628,-0.6970825,-0.14874268,-0.23913574
4a,1,Left Ankle,5368498,1779735343360,1.23,8.9,0.78,-10.0,20.8125,41.3125,-0.6588745,-0.69659424,-0.14727783,-0.24279785
4a,4,Right Wrist,31371472,1779735343360,-2.7763727,10.131111,1.3854443,-298.40497,-60.268883,-70.26627,-147.88078,-25.716173,192.90587,0.0
4a,2,Right Ankle,2410552,1779735343363,-5.2959676,-10.791295,3.103491,17.916637,-109.25376,7.067619,2.3237948,81.913956,234.75464,0.0
4a,1,Left Ankle,5368526,1779735343388,1.13,9.58,0.18,-7.8125,17.9375,37.3125,-0.65740967,-0.69555664,-0.14294434,-0.25219727
4a,3,Left Wrist,5168577,1779735343399,1.1104712,-8.649757,0.4642076,-127.21423,14.5397,281.0892,-101.36963,-30.656,355.96585,0.0
4a,1,Left Ankle,5368544,1779735343422,1.31,9.66,-0.49,-13.125,3.0625,21.9375,-0.6576538,-0.6945801,-0.14007568,-0.25579834
4a,1,Left Ankle,5368564,1779735343422,1.55,9.15,0.48,-13.6875,1.4375,16.6875,-0.6578369,-0.69384766,-0.13952637,-0.2576294
4a,2,Right Ankle,2410612,1779735343432,-4.8772235,-3.50515,-1.5672989,-40.25336,-66.553764,-86.592384,1.6547662,81.93365,234.10178,0.0
4a,4,Right Wrist,31371533,1779735343432,0.62382853,2.2060826,0.14117654,-95.12496,-25.618887,-83.28628,-147.95552,-25.739458,192.95038,0.0
4a,1,Left Ankle,5368582,1779735343446,1.82,8.77,1.46,-9.9375,-22.25,-12.8125,-0.6604614,-0.6923218,-0.13739014,-0.25610352
4a,3,Left Wrist,5168636,1779735343478,4.950952,-6.776178,0.7369894,-30.054224,25.669699,251.96922,-101.31073,-30.5928,355.908,0.0
4a,1,Left Ankle,5368605,1779735343478,0.9,9.88,0.93,-4.375,-9.75,-26.625,-0.6621704,-0.6916504,-0.13842773,-0.25305176
4a,2,Right Ankle,2410671,1779735343483,-6.568949,1.4073148,-0.21056838,-57.263363,-33.23376,-114.03239,1.7320423,81.96444,234.19255,0.0
4a,1,Left Ankle,5368626,1779735343531,2.39,8.97,0.64,-2.375,-17.875,-49.375,-0.6647949,-0.69091797,-0.14172363,-0.24615479
4a,1,Left Ankle,5368646,1779735343532,2.23,10.42,-0.91,3.25,-29.125,-80.1875,-0.6682129,-0.6904297,-0.14709473,-0.23480225
4a,4,Right Wrist,31371592,1779735343532,0.68364906,-7.3580294,-0.5168497,122.57504,-56.068886,-2.3662722,-147.8696,-25.714,192.94165,0.0
4a,1,Left Ankle,5368670,1779735343543,1.41,12.26,-2.09,4.5,-24.6875,-108.5,-0.67211914,-0.6894531,-0.15612793,-0.22027588
4a,1,Left Ankle,5368693,1779735343573,2.1,18.36,-2.06,0.125,10.75,-133.0,-0.6765137,-0.68603516,-0.17114258,-0.20593262
4a,1,Left Ankle,5368709,1779735343573,1.24,26.55,-4.03,1.125,14.0625,-195.75,-0.682251,-0.67974854,-0.1932373,-0.18743896
4a,4,Right Wrist,31371653,1779735343573,-0.9697914,-10.279666,-0.7010971,64.19504,-61.948883,89.82372,-147.7946,-25.66179,192.9053,0.0
4a,2,Right Ankle,2410732,1779735343574,-11.256489,13.727959,-1.0049856,-176.96336,5.1262403,-30.452383,2.116948,81.97772,234.63338,0.0
4a,3,Left Wrist,5168697,1779735343579,9.930416,-1.2774707,2.0051854,-24.874224,47.649696,131.21922,-101.2878,-30.603548,355.87012,0.0
4a,1,Left Ankle,5368732,1779735343605,15.33,37.36,-4.82,19.25,-12.5625,-304.0,-0.69281006,-0.6677246,-0.23583984,-0.1362915
4a,1,Left Ankle,5368749,1779735343605,17.79,40.1,-9.78,32.0,7.875,-331.0625,-0.694397,-0.6626587,-0.25524902,-0.11669922
4a,4,Right Wrist,31371743,1779735343630,-6.8896346,-4.699604,3.1513476,-121.30496,-2.0288887,93.46372,-147.8037,-25.624037,192.86633,0.0
4a,2,Right Ankle,2410791,1779735343633,-24.967361,7.5688334,-5.3216376,-152.18336,-31.06376,100.44762,2.6315446,82.01387,235.20035,0.0
4a,3,Left Wrist,5168860,1779735343644,33.961533,-11.372789,-7.6809607,30.705776,-88.5003,-679.2408,-101.2748,-31.002754,355.95035,0.0
4a,1,Left Ankle,5368776,1779735343658,12.14,28.64,-6.98,60.5,80.6875,-308.875,-0.69000244,-0.64624023,-0.31884766,-0.06781006
4a,1,Left Ankle,5368794,1779735343658,-4.59,23.45,3.97,-29.3125,-36.5,-289.75,-0.6994629,-0.62872314,-0.3388672,-0.02532959
4a,1,Left Ankle,5368832,1779735343693,-7.58,20.12,0.75,29.5625,0.8125,-132.5,-0.7044678,-0.6080322,-0.3640747,0.038635254
4a,4,Right Wrist,31371802,1779735343693,-6.2316084,8.300601,12.411571,-100.37496,91.91111,22.623728,-147.82794,-25.64811,192.84021,0.0
4a,1,Left Ankle,5368809,1779735343693,-11.45,23.32,0.65,5.5,-156.5625,-267.0625,-0.7039795,-0.621521,-0.34368896,-0.0010986328
4a,2,Right Ankle,2410882,1779735343695,-11.995872,-0.47822937,3.4767714,-25.903362,-12.86376,51.86762,2.6190157,81.95846,235.19934,0.0
4a,3,Left Wrist,5168879,1779735343699,34.64588,-18.855145,-7.5804625,-107.68423,-141.07031,-633.88074,-101.384254,-31.282587,356.06607,0.0
4a,1,Left Ankle,5368852,1779735343716,-9.28,14.54,1.93,-9.625,68.875,-98.4375,-0.69989014,-0.602478,-0.3814087,0.040893555
4a,1,Left Ankle,5368872,1779735343748,-4.59,5.39,1.44,-5.1875,71.8125,-0.125,-0.6963501,-0.6002197,-0.39160156,0.038146973
4a,1,Left Ankle,5368894,1779735343749,-6.85,4.43,1.45,-15.875,83.125,67.375,-0.69226074,-0.60266113,-0.39630127,0.021972656
4a,4,Right Wrist,31371863,1779735343750,1.3297112,7.800502,15.603597,44.59504,164.01111,-65.08627,-147.80464,-25.71931,192.8267,0.0
4a,2,Right Ankle,2410942,1779735343753,-10.009829,0.014692104,2.818745,-3.363362,19.96624,41.01762,2.6904206,81.91272,235.2733,0.0
4a,3,Left Wrist,5168937,1779735343759,30.487156,-35.85615,-4.386044,561.9358,-385.5803,-366.6908,-101.256226,-31.443954,356.23575,0.0
4a,1,Left Ankle,5368917,1779735343783,-1.46,-1.97,2.9,-15.375,48.75,79.25,-0.69207764,-0.6067505,-0.39093018,0.0071411133
4a,2,Right Ankle,2411001,1779735343818,-9.914116,0.38079396,1.3663017,-8.613362,21.856241,31.777618,3.3016586,81.9254,235.88312,0.0
4a,3,Left Wrist,5168997,1779735343819,9.387244,-36.66971,1.5433706,55.275776,-252.5803,25.589222,-101.243996,-31.371374,356.31174,0.0
4a,1,Left Ankle,5368935,1779735343848,-0.69,1.94,3.61,-21.9375,27.625,182.375,-0.69311523,-0.6148071,-0.3760376,-0.014282227
4a,1,Left Ankle,5368958,1779735343849,7.27,-1.54,1.4,-21.8125,101.375,227.875,-0.68859863,-0.6257324,-0.36291504,-0.05090332
4a,4,Right Wrist,31371922,1779735343849,-0.8094722,3.7781672,7.4991064,27.375038,186.6911,-70.40627,-147.78615,-25.794807,192.81026,0.0
4a,1,Left Ankle,5368980,1779735343867,12.13,0.83,-1.18,-16.5,106.875,336.5625,-0.680542,-0.6401367,-0.3427124,-0.097961426
4a,1,Left Ankle,5368995,1779735343868,12.74,5.94,-2.08,-19.5625,94.1875,436.4375,-0.6682129,-0.6586914,-0.30804443,-0.15716553
4a,1,Left Ankle,5369020,1779735343869,12.75,8.9,-1.33,-24.25,52.1875,507.125,-0.6520386,-0.6777954,-0.25878906,-0.22015381
4a,2,Right Ankle,2411062,1779735343873,-7.5189,-0.3250887,1.5720845,8.816637,10.376241,36.39762,3.1240115,81.884026,235.70598,0.0
4a,3,Left Wrist,5169057,1779735343879,3.7641115,-16.802105,1.1844472,-163.47423,-3.7303007,77.38922,-101.25393,-31.299473,356.28378,0.0
4a,1,Left Ankle,5369043,1779735343898,16.06,12.2,-2.03,-29.25,11.375,553.125,-0.6312256,-0.6947632,-0.19714355,-0.28277588
4a,4,Right Wrist,31371983,1779735343900,-2.4988048,0.47846392,3.787838,45.785038,250.1111,-86.78628,-147.75159,-25.881382,192.78333,0.0
4a,1,Left Ankle,5369061,1779735343925,19.48,11.07,-0.82,-37.0,-46.375,596.625,-0.5897827,-0.71398926,-0.082092285,-0.36828613
4a,2,Right Ankle,2411122,1779735343932,-6.3081317,-0.5811207,2.210968,10.146637,1.4862401,73.42762,3.1221468,81.836006,235.70424,0.0
4a,1,Left Ankle,5369086,1779735343960,24.44,-6.38,-6.54,-5.5,29.375,638.125,-0.54937744,-0.7174072,-0.0048828125,-0.42834473
4a,1,Left Ankle,5369100,1779735343960,15.93,-4.86,-14.4,-0.0625,84.9375,631.1875,-0.52575684,-0.713562,0.02935791,-0.4621582
4a,3,Left Wrist,5169117,1779735343969,11.906886,-8.716757,3.2015967,-167.39423,60.249702,98.94922,-101.25692,-31.311203,356.23157,0.0
4a,1,Left Ankle,5369123,1779735343987,11.0,-2.89,-21.27,10.8125,113.25,605.875,-0.4473877,-0.6869507,0.12371826,-0.55914307
4a,2,Right Ankle,2411182,1779735343992,-9.198662,1.4432073,2.696711,-13.093363,-43.313763,70.69762,3.5610144,81.77508,236.14655,0.0
4a,1,Left Ankle,5369145,1779735344017,4.04,4.22,-23.92,36.125,107.6875,577.75,-0.38812256,-0.66552734,0.175354,-0.61291504
4a,1,Left Ankle,5369163,1779735344018,-39.35,26.62,7.82,-22.9375,366.1875,344.9375,-0.3480835,-0.61968994,0.20721436,-0.6721802
4a,4,Right Wrist,31372176,1779735344019,-10.789935,-11.081263,2.0841484,-141.53496,223.37111,-58.57627,-147.65358,-26.016916,192.6883,0.0
4a,3,Left Wrist,5169176,1779735344039,18.767109,-4.6944213,12.629318,-8.844223,-20.8803,148.64922,-101.22397,-31.291672,356.2103,0.0
4a,1,Left Ankle,5369193,1779735344047,22.98,40.09,-3.93,64.125,-560.0625,68.25,-0.27911377,-0.6621094,0.2541504,-0.6473999
4a,2,Right Ankle,2411242,1779735344054,-9.263268,2.9913633,1.9740787,17.286638,-12.72376,29.957619,4.117612,81.75012,236.69292,0.0
4a,1,Left Ankle,5369202,1779735344093,22.9,-36.89,10.98,-11.125,268.9375,-197.5625,-0.34381104,-0.67614746,0.19152832,-0.62286377
4a,1,Left Ankle,5369228,1779735344093,1.53,0.22,-7.24,104.4375,-144.9375,347.9375,-0.28442383,-0.6826782,0.22991943,-0.6326294
4a,4,Right Wrist,31372195,1779735344093,-10.655937,-6.3219376,1.3806587,-162.25496,236.3211,-43.80627,-147.67715,-26.067036,192.64572,0.0
4a,3,Left Wrist,5169267,1779735344093,-1.6221324,-7.9869456,-2.6799612,365.44577,-24.9403,144.51923,-101.11173,-31.167284,356.2173,0.0
4a,1,Left Ankle,5369247,1779735344107,0.56,-32.85,-0.13,131.0625,-131.375,41.8125,-0.26464844,-0.7067871,0.22583008,-0.6159668
4a,2,Right Ankle,2411302,1779735344113,-9.741833,-3.0911918,2.1152554,-13.933362,-33.30376,30.23762,3.688394,81.72737,236.27443,0.0
4a,1,Left Ankle,5369266,1779735344136,-27.31,34.49,0.35,54.6875,59.25,145.0,-0.23858643,-0.69750977,0.23999023,-0.6315918
4a,1,Left Ankle,5369288,1779735344149,-37.13,11.32,-0.81,-1.375,37.1875,-19.0625,-0.23754883,-0.69091797,0.23846436,-0.6397705
4a,3,Left Wrist,5169327,1779735344149,4.797811,-14.710777,-19.137794,248.47577,-35.8603,73.32922,-101.104385,-31.11856,356.26462,0.0
4a,1,Left Ankle,5369302,1779735344165,-36.91,12.88,1.78,-13.375,-111.6875,-149.8125,-0.25091553,-0.7188721,0.22338867,-0.6085205
4a,2,Right Ankle,2411362,1779735344182,-10.165362,1.8093091,0.9762716,-24.013363,-5.7237597,-4.202381,4.1733575,81.741104,236.76245,0.0
4a,1,Left Ankle,5369331,1779735344198,-26.36,22.3,2.04,23.25,-308.625,-346.8125,-0.2675171,-0.762146,0.19567871,-0.55615234
4a,4,Right Wrist,31372356,1779735344198,4.203491,5.5656047,2.8091736,-14.41496,60.971115,-5.376272,-147.67978,-26.140846,192.60489,0.0
4a,3,Left Wrist,5169386,1779735344218,13.59622,-21.83421,5.288138,104.13577,-35.7903,-4.790779,-101.01947,-31.12337,356.25034,0.0
4a,1,Left Ankle,5369349,1779735344228,-10.65,23.92,2.81,-12.9375,-93.625,-423.625,-0.3012085,-0.78778076,0.14880371,-0.5162964
4a,1,Left Ankle,5369375,1779735344229,-0.62,25.64,1.56,-26.6875,71.4375,-411.4375,-0.36010742,-0.79022217,0.06439209,-0.49163818
4a,1,Left Ankle,5369394,1779735344258,13.54,22.7,-0.73,-24.1875,63.375,-391.5,-0.39660645,-0.78582764,0.008544922,-0.47442627
4a,4,Right Wrist,31372375,1779735344260,5.17737,5.3861437,1.2849457,31.15504,30.381111,-20.426271,-147.68764,-26.181183,192.61346,0.0
4a,2,Right Ankle,2411421,1779735344271,-9.337445,1.3522799,2.3832514,-22.333363,4.63624,-14.772381,4.444113,81.70029,237.0373,0.0
4a,3,Left Wrist,5169447,1779735344272,5.893724,-17.618055,2.955136,-89.064224,18.3197,59.04922,-100.99117,-31.078146,356.21088,0.0
4a,1,Left Ankle,5369412,1779735344287,15.36,20.69,-0.78,-25.375,50.75,-310.0625,-0.42578125,-0.77893066,-0.036865234,-0.45892334
4a,1,Left Ankle,5369443,1779735344317,3.42,23.23,0.28,-31.4375,20.8125,-278.4375,-0.4510498,-0.77178955,-0.07342529,-0.4421997
4a,1,Left Ankle,5369452,1779735344318,2.62,24.75,-0.59,-16.0,1.375,-294.125,-0.47479248,-0.765625,-0.10961914,-0.41992188
4a,4,Right Wrist,31372432,1779735344319,3.9618163,-1.2563322,-2.091327,30.24504,-62.29889,-55.496273,-147.69229,-26.230267,192.64531,0.0
4a,2,Right Ankle,2411482,1779735344323,-9.626976,1.9145933,1.6223338,-6.093362,31.65624,-6.512381,4.936302,81.696594,237.5263,0.0
4a,1,Left Ankle,5369492,1779735344348,7.0,25.68,-5.07,-12.6875,12.375,-295.5625,-0.5183716,-0.7468262,-0.18762207,-0.37194824
4a,1,Left Ankle,5369479,1779735344348,2.98,27.37,-4.68,-13.5,9.1875,-312.1875,-0.49743652,-0.7574463,-0.14892578,-0.395813
4a,3,Left Wrist,5169506,1779735344358,4.606385,-13.437795,-1.7491533,-161.02423,56.679703,20.61922,-101.01216,-31.005013,356.17487,0.0
4a,1,Left Ankle,5369512,1779735344376,5.72,25.41,-3.11,-15.0,-23.3125,-283.625,-0.5377197,-0.7364502,-0.22131348,-0.34570312
4a,2,Right Ankle,2411572,1779735344390,-9.028771,1.5149919,2.2755742,-24.223362,18.356241,-19.952381,5.2263513,81.66321,237.82082,0.0
4a,1,Left Ankle,5369536,1779735344407,11.11,22.74,-3.83,-28.6875,-73.25,-274.0625,-0.55895996,-0.7264404,-0.2487793,-0.31298828
4a,3,Left Wrist,5169567,1779735344418,9.868202,-10.786548,3.4504504,-252.02423,60.249702,67.30922,-101.035645,-31.011965,356.1201,0.0
4a,1,Left Ankle,5369557,1779735344438,7.82,24.18,-4.62,-30.4375,-94.3125,-233.4375,-0.57855225,-0.7174072,-0.26812744,-0.28045654
4a,1,Left Ankle,5369576,1779735344438,13.53,20.81,-3.3,-46.3125,-134.625,-209.375,-0.59906006,-0.70874023,-0.28015137,-0.24578857
4a,4,Right Wrist,31372493,1779735344439,-0.9985052,-2.8690948,-4.3094735,-3.35496,-60.61889,-56.96627,-147.70415,-26.14947,192.67525,0.0
4a,2,Right Ankle,2411632,1779735344443,-8.834952,0.85218,1.8855442,-39.903362,7.99624,-8.122381,5.5062337,81.62229,238.1111,0.0
4a,1,Left Ankle,5369593,1779735344474,13.09,17.81,-3.67,-58.25,-141.0,-161.3125,-0.61938477,-0.7001343,-0.28381348,-0.21356201
4a,1,Left Ankle,5369615,1779735344474,12.68,15.2,-4.49,-56.25,-113.8125,-132.25,-0.63653564,-0.69158936,-0.2852173,-0.1875
4a,3,Left Wrist,5169657,1779735344478,11.031114,-6.539287,-1.5194423,-33.064224,51.009697,42.66922,-101.03831,-31.072191,356.09808,0.0
4a,1,Left Ankle,5369634,1779735344513,14.3,12.9,-4.93,-52.5,-78.0,-94.5,-0.6501465,-0.68322754,-0.28649902,-0.16845703
4a,1,Left Ankle,5369655,1779735344525,15.78,9.85,-6.55,-38.6875,-55.0625,-45.0625,-0.65948486,-0.67736816,-0.28533936,-0.15734863
4a,2,Right Ankle,2411692,1779735344532,-9.548014,0.9383217,1.6151553,-19.323362,20.24624,-18.69238,5.926862,81.6045,238.53311,0.0
4a,3,Left Wrist,5169716,1779735344544,10.253447,-5.433803,-1.5672989,-48.884224,50.2397,12.9892235,-101.05152,-31.142664,356.08063,0.0
4a,1,Left Ankle,5369680,1779735344556,16.55,8.29,-6.2,-36.5,-61.5,4.375,-0.66656494,-0.6744995,-0.27874756,-0.15167236
4a,1,Left Ankle,5369696,1779735344557,14.0,7.98,-4.74,-37.8125,-65.0625,61.5625,-0.67303467,-0.67388916,-0.2647705,-0.15093994
4a,1,Left Ankle,5369723,1779735344586,27.72,15.02,-13.36,-3.25,-85.875,131.0625,-0.6744995,-0.6802368,-0.23278809,-0.16772461
4a,2,Right Ankle,2411751,1779735344593,-9.478622,0.9191791,1.942972,-16.033361,29.69624,-32.62238,6.1842217,81.573425,238.79172,0.0
4a,3,Left Wrist,5169777,1779735344603,11.179469,-5.027024,-0.567099,58.425777,31.3397,-4.2307777,-101.02021,-31.213242,356.066,0.0
4a,1,Left Ankle,5369741,1779735344616,5.21,18.7,12.34,-89.1875,46.3125,194.5625,-0.66864014,-0.67840576,-0.21899414,-0.21154785
4a,1,Left Ankle,5369756,1779735344617,-28.11,40.1,-6.8,51.625,117.125,199.875,-0.65979004,-0.68273926,-0.21502686,-0.22857666
4a,1,Left Ankle,5369785,1779735344646,18.84,4.49,-12.2,-65.8125,39.5625,-28.125,-0.66186523,-0.67871094,-0.21539307,-0.23425293
4a,4,Right Wrist,31372583,1779735344650,-5.989933,-2.6250265,-5.063213,-3.49496,-92.32889,27.803728,-147.71368,-26.0606,192.687,0.0
4a,3,Left Wrist,5169836,1779735344658,10.873187,-6.7450705,-0.24885355,117.99577,29.379698,13.549221,-100.95874,-31.275639,356.04608,0.0
4a,1,Left Ankle,5369801,1779735344678,-0.94,-2.52,-2.7,-82.375,45.5625,35.875,-0.6711426,-0.6647949,-0.21258545,-0.24993896
4a,1,Left Ankle,5369822,1779735344679,-8.64,7.89,5.1,-21.4375,-21.9375,59.0,-0.67163086,-0.6643677,-0.2029419,-0.25756836
4a,2,Right Ankle,2411842,1779735344682,-9.399659,1.1034265,-0.16271193,-39.903362,9.67624,-28.422382,6.361317,81.6253,238.97939,0.0
4a,1,Left Ankle,5369843,1779735344706,3.6,10.28,5.0,-9.5625,-50.6875,26.125,-0.6713257,-0.66656494,-0.1963501,-0.2578125
4a,3,Left Wrist,5169897,1779735344717,12.847266,-7.8649116,1.4644074,95.31577,31.3397,48.68922,-100.89035,-31.316069,356.0159,0.0
4a,1,Left Ankle,5369861,1779735344737,-2.63,12.09,-2.78,22.6875,27.1875,53.1875,-0.66619873,-0.66955566,-0.19543457,-0.26391602
4a,4,Right Wrist,31372879,1779735344739,-1.1827526,2.8306093,3.2973096,-31.424961,-71.53889,72.60372,-147.7705,-25.926,192.65753,0.0
4a,2,Right Ankle,2411902,1779735344743,-6.525879,2.8980432,1.2705889,21.696638,-1.1037599,-81.48238,6.6640515,81.61185,239.2672,0.0
4a,1,Left Ankle,5369887,1779735344766,2.76,10.33,-1.98,15.6875,4.125,5.8125,-0.66448975,-0.6708374,-0.1951294,-0.2652588
4a,1,Left Ankle,5369904,1779735344767,2.61,11.05,-0.48,-4.625,-35.125,10.375,-0.66485596,-0.67211914,-0.19042969,-0.26452637
4a,3,Left Wrist,5169957,1779735344778,11.535999,-14.067107,1.7324035,100.63577,23.2197,75.42922,-100.79604,-31.320307,355.9741,0.0
4a,1,Left Ankle,5369922,1779735344797,-1.13,9.99,0.28,-2.0625,-40.0,3.0625,-0.6658325,-0.67370605,-0.18603516,-0.26104736
4a,1,Left Ankle,5369945,1779735344799,0.0,9.09,0.62,0.5,-14.75,1.5,-0.66589355,-0.67407227,-0.18560791,-0.2602539
4a,4,Right Wrist,31372898,1779735344799,-0.96022,4.725725,4.046263,-24.214958,-64.18889,61.543728,-147.78328,-25.90181,192.65381,0.0
4a,2,Right Ankle,2411992,1779735344803,-13.847917,15.7259655,-0.72263247,185.84663,11.42624,51.79762,7.3608384,81.61747,239.89505,0.0
4a,1,Left Ankle,5369966,1779735344834,-0.35,10.27,0.0,6.25,11.0625,-0.625,-0.66467285,-0.6744995,-0.18688965,-0.26141357
4a,3,Left Wrist,5170017,1779735344837,10.073985,-17.780767,1.7443677,68.505775,22.7297,136.11922,-100.70313,-31.272049,355.92398,0.0
4a,1,Left Ankle,5369988,1779735344857,0.74,10.91,-0.61,6.5625,4.25,3.0625,-0.6639404,-0.6749878,-0.18737793,-0.26171875
4a,1,Left Ankle,5370000,1779735344857,0.91,9.33,0.47,4.75,-1.875,-4.9375,-0.6637573,-0.67523193,-0.18762207,-0.26123047
4a,4,Right Wrist,31372972,1779735344859,-0.19451676,6.2834525,2.7397819,31.99504,-26.80889,-9.716271,-147.79175,-25.904192,192.66948,0.0
4a,2,Right Ankle,2412052,1779735344864,-10.361573,3.5608552,-5.0560346,71.536644,5.68624,132.64761,7.9575,81.66669,240.4675,0.0
4a,1,Left Ankle,5370023,1779735344886,-0.58,9.38,0.0,12.75,-9.9375,-8.8125,-0.66290283,-0.67718506,-0.18811035,-0.2581787
4a,3,Left Wrist,5170077,1779735344898,10.717654,-13.715363,-0.0071784677,39.805775,6.559699,197.64923,-100.630554,-31.24068,355.88068,0.0
4a,1,Left Ankle,5370045,1779735344917,0.16,9.87,-0.26,14.375,-9.8125,-9.9375,-0.66192627,-0.678772,-0.18890381,-0.25567627
4a,1,Left Ankle,5370063,1779735344918,1.17,10.3,-0.17,11.0625,-9.1875,-11.9375,-0.6612549,-0.68011475,-0.18981934,-0.25323486
4a,4,Right Wrist,31373033,1779735344919,0.63339984,2.2539387,-0.05742774,105.63504,-44.30889,-70.61627,-147.7997,-25.91953,192.71526,0.0
4a,1,Left Ankle,5370093,1779735344949,-0.01,9.99,-0.2,12.6875,-18.1875,-14.875,-0.66101074,-0.68170166,-0.19030762,-0.24932861
4a,2,Right Ankle,2412112,1779735344953,-7.1599765,0.8976437,-1.8065811,40.596638,31.936241,114.02762,8.415147,81.7268,240.91228,0.0
4a,3,Left Wrist,5170136,1779735344958,6.8484597,-13.870896,2.5579274,35.885777,-4.9903007,198.13922,-100.5542,-31.162981,355.83813,0.0
4a,1,Left Ankle,5370102,1779735344976,-0.86,9.68,-0.39,13.375,-15.0625,-13.75,-0.6604004,-0.6833496,-0.19091797,-0.24591064
4a,1,Left Ankle,5370128,1779735345007,-0.7,9.85,-0.26,17.125,-7.5625,-8.75,-0.6592407,-0.68518066,-0.1918335,-0.24310303
4a,4,Right Wrist,31373092,1779735345008,-0.7879368,-0.34945232,2.4047868,62.725037,-32.47889,-75.58627,-147.77692,-25.924835,192.7404,0.0
4a,1,Left Ankle,5370146,1779735345008,0.73,9.78,-0.46,17.9375,-9.5625,-8.75,-0.6577759,-0.6873169,-0.19256592,-0.24066162
4a,2,Right Ankle,2412172,1779735345013,-6.808232,-2.9069443,1.18684,20.086637,40.05624,40.45762,8.023232,81.74398,240.51968,0.0
4a,3,Left Wrist,5170197,1779735345024,6.972887,-12.33949,3.2973096,-49.514225,30.219698,206.81923,-100.50092,-31.093884,355.78146,0.0
4a,1,Left Ankle,5370172,1779735345037,-0.66,9.66,-0.36,19.75,-12.875,-11.3125,-0.6563721,-0.68951416,-0.19329834,-0.23742676
4a,1,Left Ankle,5370182,1779735345038,-0.86,9.65,-0.51,21.9375,-17.375,-9.0625,-0.65478516,-0.69226074,-0.19342041,-0.23364258
4a,1,Left Ankle,5370207,1779735345070,-0.18,9.45,-0.51,24.4375,-14.6875,-6.0625,-0.65252686,-0.6950073,-0.19433594,-0.2310791
4a,4,Right Wrist,31373153,1779735345071,-0.37397859,-0.9452649,3.414558,52.50504,-7.488888,-94.13628,-147.75487,-25.944513,192.76505,0.0
4a,2,Right Ankle,2412262,1779735345073,-7.100156,-2.7585895,1.7611175,-62.373363,27.94624,-32.13238,7.4503455,81.747215,239.97287,0.0
4a,3,Left Wrist,5170256,1779735345078,7.5328074,-10.410875,2.8929224,-64.77423,48.3497,186.09923,-100.45213,-31.04713,355.72025,0.0
4a,1,Left Ankle,5370223,1779735345096,-0.32,10.25,-0.93,26.0625,-12.5,-2.0625,-0.6500244,-0.6983032,-0.19421387,-0.22833252
4a,1,Left Ankle,5370243,1779735345106,-0.05,9.73,-0.49,27.625,-10.8125,-4.6875,-0.64733887,-0.7015381,-0.19451904,-0.22570801
4a,1,Left Ankle,5370264,1779735345128,-0.55,9.79,-0.95,33.1875,-14.4375,-1.0,-0.64404297,-0.70544434,-0.19464111,-0.22283936
4a,4,Right Wrist,31373243,1779735345139,-0.23998043,-2.3307092,1.8041883,55.09504,7.4211116,-108.97627,-147.71948,-25.966127,192.78569,0.0
4a,2,Right Ankle,2412322,1779735345140,-8.602849,-4.086606,3.5724843,-74.83336,43.97624,-67.48238,6.8727703,81.742645,239.42404,0.0
4a,3,Left Wrist,5170317,1779735345140,5.4390874,-10.418053,2.1487546,3.5457764,47.859703,155.15923,-100.37803,-30.991667,355.6602,0.0
4a,1,Left Ankle,5370286,1779735345159,-0.39,10.09,-0.82,37.5,-15.4375,3.9375,-0.6400757,-0.710083,-0.19403076,-0.22009277
4a,1,Left Ankle,5370308,1779735345161,-0.15,9.88,-0.83,41.75,-18.375,4.9375,-0.6355591,-0.715271,-0.1930542,-0.21722412
4a,1,Left Ankle,5370326,1779735345187,-0.4,9.49,-1.19,43.5,-21.9375,7.5625,-0.6307373,-0.72088623,-0.19152832,-0.21398926
4a,4,Right Wrist,31373302,1779735345201,-1.7881368,-2.8619163,-0.89730847,-46.894962,9.591112,-105.82628,-147.7184,-25.95026,192.80453,0.0
4a,2,Right Ankle,2412382,1779735345201,-9.617405,-0.6026561,4.85743,43.81664,22.41624,-46.55238,6.6661677,81.70464,239.2023,0.0
4a,3,Left Wrist,5170376,1779735345201,4.793025,-8.367404,1.8759729,-27.744223,64.5897,103.98923,-100.31365,-30.960627,355.5974,0.0
4a,1,Left Ankle,5370348,1779735345217,-0.74,9.85,-1.58,43.6875,-19.8125,11.8125,-0.6256714,-0.72662354,-0.1895752,-0.21105957
4a,1,Left Ankle,5370366,1779735345219,-0.56,10.1,-1.66,44.3125,-11.0625,19.5,-0.62005615,-0.7322998,-0.18762207,-0.20996094
4a,1,Left Ankle,5370390,1779735345246,0.63,10.26,-1.67,45.1875,-6.875,24.0625,-0.61383057,-0.7379761,-0.18560791,-0.21002197
4a,4,Right Wrist,31373363,1779735345257,-2.4437702,-1.5051854,1.416551,-42.27496,22.471111,-86.01627,-147.7244,-25.95581,192.81976,0.0
4a,2,Right Ankle,2412442,1779735345257,-11.423987,-2.2321684,-2.2348964,81.68664,-28.12376,-36.402378,6.4107738,81.75305,238.91937,0.0
4a,3,Left Wrist,5170437,1779735345258,3.5463648,-7.5251303,1.9286151,-27.254223,63.119698,45.88922,-100.252426,-30.940046,355.53998,0.0
4a,1,Left Ankle,5370405,1779735345277,0.57,10.23,-1.98,43.5625,-12.375,29.8125,-0.607666,-0.7437134,-0.18255615,-0.21032715
4a,1,Left Ankle,5370431,1779735345317,-0.13,10.22,-3.15,48.25,-18.0,33.5625,-0.5975342,-0.7536011,-0.17614746,-0.2097168
4a,2,Right Ankle,2412501,1779735345318,-14.304945,-2.074242,-2.036292,-55.583363,-35.68376,-14.982382,6.1762624,81.79757,238.70549,0.0
4a,1,Left Ankle,5370447,1779735345317,1.54,11.04,-3.5,51.0,-27.375,33.625,-0.5941162,-0.7571411,-0.17352295,-0.20892334
4a,3,Left Wrist,5170497,1779735345318,3.029515,-10.310376,0.0047856453,51.845776,32.3897,-11.720779,-100.18592,-30.894566,355.50616,0.0
4a,1,Left Ankle,5370471,1779735345337,0.31,11.01,-3.22,42.0,-31.625,43.9375,-0.5853882,-0.7671509,-0.16168213,-0.206604
4a,4,Right Wrist,31373422,1779735345340,-3.9727838,-1.5195425,2.2325034,52.71504,2.3111115,-36.80627,-147.69614,-25.946556,192.82484,0.0
4a,1,Left Ankle,5370493,1779735345372,0.24,10.36,-2.81,31.9375,-25.9375,49.125,-0.5803833,-0.77227783,-0.15356445,-0.20788574
4a,1,Left Ankle,5370507,1779735345373,0.86,8.58,-2.35,23.8125,-19.6875,59.5625,-0.5783081,-0.7747803,-0.14801025,-0.20837402
4a,2,Right Ankle,2412562,1779735345373,-8.17214,1.364244,1.3639089,-2.1733623,-41.77376,-2.382381,6.658133,81.76372,239.18272,0.0
4a,3,Left Wrist,5170557,1779735345378,1.4789661,-15.742084,-5.046463,6.2057767,12.859699,30.20922,-100.20559,-30.813019,355.512,0.0
4a,1,Left Ankle,5370535,1779735345395,0.46,10.24,-3.67,27.25,-53.1875,67.4375,-0.57366943,-0.7802124,-0.13641357,-0.20874023
4a,4,Right Wrist,31373483,1779735345398,-6.7819576,-4.6804614,2.467,86.17504,-52.91889,6.0337276,-147.64964,-25.908012,192.82495,0.0
4a,1,Left Ankle,5370551,1779735345433,-4.87,11.42,-0.84,8.5625,-48.0625,63.0625,-0.5703125,-0.7861328,-0.11730957,-0.20733643
4a,1,Left Ankle,5370570,1779735345433,-4.77,11.33,0.23,-0.6875,-47.625,47.125,-0.5700073,-0.7873535,-0.11187744,-0.20648193
4a,2,Right Ankle,2412622,1779735345433,-10.227575,2.067734,-1.4739788,-6.303362,-22.38376,-28.492382,6.8609676,81.80523,239.38428,0.0
4a,1,Left Ankle,5370591,1779735345465,-11.44,11.31,6.32,-26.5625,-34.6875,30.5625,-0.5715332,-0.7878418,-0.10266113,-0.20513916
4a,1,Left Ankle,5370607,1779735345466,-13.72,12.75,5.65,-45.875,-95.0625,-6.875,-0.5794678,-0.78637695,-0.092041016,-0.19335938
4a,4,Right Wrist,31373573,1779735345466,-8.2056875,-5.74766,1.0863415,-12.66496,-39.47889,-5.0962715,-147.63826,-25.869621,192.82605,0.0
4a,3,Left Wrist,5170617,1779735345474,1.9599235,-11.408681,-6.3457656,11.945777,21.8897,116.799225,-100.24686,-30.723019,355.52258,0.0
4a,1,Left Ankle,5370633,1779735345485,-8.5,11.18,3.08,-39.6875,-89.6875,-69.375,-0.5921631,-0.78302,-0.09039307,-0.16766357
4a,2,Right Ankle,2412682,1779735345492,-9.571942,-0.2293758,1.1916257,-17.783361,-13.70376,-7.7023807,6.404161,81.83661,238.93771,0.0
4a,1,Left Ankle,5370650,1779735345526,-6.19,10.78,0.25,-28.5,-36.875,-110.75,-0.59588623,-0.78118896,-0.095458984,-0.15985107
4a,4,Right Wrist,31373632,1779735345526,-8.389935,-5.7668033,1.4883357,-20.924961,-23.30889,2.463728,-147.62735,-25.835802,192.82137,0.0
4a,3,Left Wrist,5170676,1779735345527,3.9938223,-10.379768,-3.8500516,15.095777,20.2097,128.34923,-100.28378,-30.63195,355.5313,0.0
4a,1,Left Ankle,5370675,1779735345547,-2.25,8.17,-2.31,-21.4375,64.625,-138.8125,-0.6039429,-0.77178955,-0.13012695,-0.15063477
4a,1,Left Ankle,5370695,1779735345556,0.96,7.5,-2.59,-19.3125,82.5625,-135.8125,-0.60809326,-0.7645874,-0.15454102,-0.1472168
4a,2,Right Ankle,2412742,1779735345556,-9.428372,0.6487902,0.25842485,-11.763362,-1.1737598,-10.012381,6.588117,81.88591,239.12343,0.0
4a,1,Left Ankle,5370709,1779735345577,5.96,5.67,-3.6,-21.875,33.0,-128.875,-0.6104126,-0.76104736,-0.16558838,-0.14404297
4a,4,Right Wrist,31373693,1779735345579,-7.4040914,-5.620841,1.7635103,-20.15496,-6.998888,3.863728,-147.613,-25.808151,192.81221,0.0
4a,3,Left Wrist,5170767,1779735345588,5.460623,-6.6421795,-2.5316064,1.0257764,33.439697,78.85922,-100.331276,-30.650139,355.54156,0.0
4a,1,Left Ankle,5370732,1779735345610,10.24,1.88,-3.51,-48.625,-89.6875,-96.0,-0.6236572,-0.7519531,-0.17767334,-0.11853027
4a,1,Left Ankle,5370752,1779735345610,10.81,-1.31,-0.6,-64.8125,-145.625,-39.1875,-0.63616943,-0.74627686,-0.1696167,-0.09790039
4a,2,Right Ankle,2412802,1779735345614,-9.490586,-0.030771516,0.37328032,-3.573362,6.24624,-12.462381,6.528387,81.9438,239.06494,0.0
4a,1,Left Ankle,5370778,1779735345639,15.02,1.39,-11.12,48.0625,-49.5625,53.875,-0.6368408,-0.7498169,-0.15527344,-0.089660645
4a,4,Right Wrist,31373752,1779735345649,-7.6314096,-5.1087766,1.916651,0.42504025,-0.7688885,-0.19627213,-147.59315,-25.783382,192.8038,0.0
4a,3,Left Wrist,5170827,1779735345650,5.4247303,-6.6900353,-2.9742787,2.4957764,29.9397,43.15922,-100.38537,-30.66965,355.55844,0.0
4a,1,Left Ankle,5370796,1779735345669,6.64,5.0,-3.72,-31.625,130.8125,164.25,-0.6348877,-0.7495117,-0.14929199,-0.113220215
4a,1,Left Ankle,5370813,1779735345671,-7.48,26.38,-2.7,15.4375,210.125,136.0625,-0.62335205,-0.75006104,-0.15264893,-0.159729
4a,2,Right Ankle,2412862,1779735345673,-9.184305,-0.06666386,0.31585258,-7.633362,3.0262403,-2.032381,6.4802604,82.00019,239.01976,0.0
4a,1,Left Ankle,5370841,1779735345696,20.44,11.79,-6.46,-18.375,60.0,15.0,-0.6208496,-0.74609375,-0.16082764,-0.17889404
4a,4,Right Wrist,31373812,1779735345700,-7.471091,-4.371787,2.7493532,2.45504,-3.078888,-0.6162722,-147.57422,-25.76094,192.79663,0.0
4a,3,Left Wrist,5170886,1779735345717,4.218748,-8.037195,-3.4313078,28.255777,8.449699,18.099222,-100.436455,-30.6436,355.58603,0.0
4a,1,Left Ankle,5370858,1779735345736,0.64,13.21,-8.7,-10.1875,-58.4375,69.5,-0.6230469,-0.7472534,-0.14978027,-0.17614746
4a,4,Right Wrist,31373873,1779735345767,-7.4160557,-3.1945186,1.0552348,16.24504,-0.20888805,7.153728,-147.55348,-25.732208,192.78824,0.0
4a,2,Right Ankle,2412921,1779735345767,-9.294374,0.017084936,0.2512464,-5.953362,8.69624,-1.7523808,6.471933,82.058586,239.01358,0.0
4a,1,Left Ankle,5370883,1779735345767,-2.31,21.25,-1.71,-15.6875,-81.9375,11.875,-0.6241455,-0.75213623,-0.12451172,-0.17095947
4a,1,Left Ankle,5370901,1779735345767,-1.7,6.52,1.15,-21.5625,-42.625,-9.625,-0.6273804,-0.7510376,-0.12121582,-0.1661377
4a,3,Left Wrist,5170947,1779735345768,3.8622174,-10.6549425,-3.78066,36.585777,-28.7903,11.09922,-100.47605,-30.58444,355.62064,0.0
4a,1,Left Ankle,5370924,1779735345785,-0.73,6.27,-0.17,-6.5625,9.4375,0.375,-0.62768555,-0.7505493,-0.12164307,-0.16680908
4a,1,Left Ankle,5370943,1779735345826,-0.93,10.55,0.46,-5.375,37.375,8.0625,-0.6273804,-0.74835205,-0.12548828,-0.1749878
4a,4,Right Wrist,31373932,1779735345826,-7.3610206,-4.8862443,0.6963114,-33.10496,5.1111116,31.583729,-147.54094,-25.698948,192.76852,0.0
4a,2,Right Ankle,2412982,1779735345826,-8.885201,0.6966466,0.43310088,-8.123362,8.27624,-15.122381,6.7245865,82.10678,239.26591,0.0
4a,1,Left Ankle,5370961,1779735345826,-3.98,10.03,1.0,-14.4375,43.4375,7.0,-0.62835693,-0.7451782,-0.13024902,-0.18139648
4a,3,Left Wrist,5171006,1779735345828,5.0729856,-9.6619215,-1.672583,9.705776,-49.7903,8.43922,-100.46699,-30.504452,355.632,0.0
4a,1,Left Ankle,5370982,1779735345846,-1.24,8.42,-4.08,-9.4375,43.0625,-20.75,-0.6293335,-0.7423096,-0.13677979,-0.18487549
4a,1,Left Ankle,5371001,1779735345886,-0.44,8.91,-3.43,-15.5625,45.5,-19.125,-0.63134766,-0.73876953,-0.14251709,-0.18792725
4a,1,Left Ankle,5371026,1779735345886,-2.69,11.29,0.78,-18.625,5.375,-49.75,-0.6347046,-0.73516846,-0.14849854,-0.18621826
4a,4,Right Wrist,31373993,1779735345886,-5.437191,-3.7735815,0.97866446,-79.93496,34.441113,36.483727,-147.54048,-25.675787,192.7407,0.0
4a,2,Right Ankle,2413072,1779735345887,-9.038342,-0.75101113,-0.11006984,-9.803362,20.52624,-14.982382,6.487223,82.168396,239.03352,0.0
4a,3,Left Wrist,5171067,1779735345888,6.439287,-5.539088,-1.3208381,73.895775,-42.5103,-38.74078,-100.460686,-30.589188,355.6566,0.0
4a,1,Left Ankle,5371045,1779735345906,0.37,9.3,0.69,-20.0625,14.375,-65.9375,-0.63916016,-0.73101807,-0.15667725,-0.18017578
4a,1,Left Ankle,5371062,1779735345937,5.66,3.82,-2.18,-15.3125,32.125,-50.875,-0.6419678,-0.72680664,-0.1665039,-0.17852783
4a,1,Left Ankle,5371083,1779735345937,18.96,1.54,-5.62,-20.6875,22.125,13.375,-0.6434326,-0.7241211,-0.16937256,-0.18151855
4a,4,Right Wrist,31374052,1779735345939,-0.3691928,-4.9006014,2.940779,-36.11496,-8.888887,93.32372,-147.50702,-25.653553,192.69746,0.0
4a,2,Right Ankle,2413132,1779735345943,-9.693975,-1.4353584,-0.55034924,-12.183362,22.27624,-1.052381,6.2237697,82.22871,238.77673,0.0
4a,3,Left Wrist,5171126,1779735345948,6.929816,-8.32194,-2.4239292,48.275776,-54.4803,-115.39078,-100.50004,-30.688683,355.70758,0.0
4a,1,Left Ankle,5371107,1779735345971,-8.02,15.91,-4.75,-31.625,1.0,50.0625,-0.6451416,-0.72180176,-0.1640625,-0.18945312
4a,1,Left Ankle,5371124,1779735346001,5.14,4.95,0.23,-58.75,-79.5625,-35.6875,-0.6538696,-0.7177124,-0.15704346,-0.18078613
4a,1,Left Ankle,5371147,1779735346001,-4.68,12.09,3.29,-32.625,-15.25,36.625,-0.65948486,-0.71429443,-0.15032959,-0.1795044
4a,4,Right Wrist,31374113,1779735346001,4.849553,-2.1703901,6.163911,-9.16496,-135.4489,180.75372,-147.47844,-25.599482,192.65863,0.0
4a,2,Right Ankle,2413192,1779735346003,-11.048314,-3.0385497,0.2871387,4.8266377,26.47624,41.64762,5.8481917,82.26937,238.40497,0.0
4a,3,Left Wrist,5171187,1779735346008,-2.7898295,-19.711777,-8.877372,-121.40423,-13.4603,-38.110775,-100.578636,-30.63049,355.7321,0.0
4a,1,Left Ankle,5371166,1779735346027,1.19,9.34,1.18,-16.8125,-37.1875,12.5625,-0.6618042,-0.713501,-0.1439209,-0.17926025
4a,1,Left Ankle,5371189,1779735346057,-0.22,10.42,-0.24,-3.4375,-28.375,24.0,-0.6627197,-0.71429443,-0.13781738,-0.17773438
4a,1,Left Ankle,5371205,1779735346057,-0.66,10.81,-1.86,-9.3125,-32.5625,26.375,-0.6635742,-0.7149048,-0.13110352,-0.17736816
4a,4,Right Wrist,31374172,1779735346059,0.9085744,5.5081778,7.2047887,73.99504,-186.3389,160.31372,-147.44882,-25.525892,192.646,0.0
4a,2,Right Ankle,2413251,1779735346063,-18.619204,-8.766967,5.029713,113.25664,-47.16376,141.74762,5.73627,82.236534,238.26132,0.0
4a,3,Left Wrist,5171247,1779735346068,-9.22413,-23.856146,-8.688339,-78.214226,-18.2203,222.49922,-100.61786,-30.48139,355.73123,0.0
4a,1,Left Ankle,5371228,1779735346086,0.0,10.08,-1.78,-19.8125,-33.125,35.5625,-0.66534424,-0.7147827,-0.12261963,-0.17718506
4a,1,Left Ankle,5371248,1779735346118,-1.0,10.01,-0.32,-26.5625,-12.875,40.9375,-0.66748047,-0.71343994,-0.114990234,-0.17962646
4a,4,Right Wrist,31374233,1779735346120,-3.4870408,7.872286,5.517849,8.26504,-115.498886,82.263725,-147.45398,-25.47798,192.64719,0.0
4a,2,Right Ankle,2413312,1779735346135,-10.356788,-9.188104,11.674582,78.04664,-124.58376,102.477615,5.716469,82.15627,238.21892,0.0
4a,3,Left Wrist,5171307,1779735346135,-3.9479556,-17.429022,-3.3044882,-86.33423,20.349699,341.7792,-100.63127,-30.29426,355.69775,0.0
4a,1,Left Ankle,5371272,1779735346148,-0.51,10.08,0.57,-29.6875,19.5625,47.125,-0.6694946,-0.7105713,-0.10961914,-0.18664551
4a,1,Left Ankle,5371292,1779735346151,0.43,9.86,-0.16,-29.25,17.875,49.1875,-0.6716919,-0.7062378,-0.10253906,-0.19891357
4a,1,Left Ankle,5371307,1779735346177,1.14,9.56,-0.62,-23.625,9.375,45.125,-0.6724243,-0.7052002,-0.09942627,-0.20166016
4a,4,Right Wrist,31374292,1779735346179,-2.6782665,3.4575288,3.5389845,32.695038,-85.53889,5.613728,-147.4539,-25.450405,192.66508,0.0
4a,2,Right Ankle,2413372,1779735346183,-2.3551886,-11.006649,-0.3900301,-76.37336,-98.47376,-81.97238,5.0016475,82.13455,237.5328,0.0
4a,3,Left Wrist,5171367,1779735346188,0.93100953,-12.973587,2.8689942,-174.60423,11.4597,312.0992,-100.634514,-30.149029,355.6479,0.0
4a,1,Left Ankle,5371332,1779735346207,1.5,9.65,0.06,-23.125,17.8125,33.3125,-0.6741333,-0.701416,-0.094055176,-0.21142578
4a,1,Left Ankle,5371351,1779735346217,0.15,9.64,0.62,-21.8125,14.375,28.1875,-0.6757202,-0.69903564,-0.09124756,-0.2154541
4a,1,Left Ankle,5371374,1779735346237,2.36,8.61,0.71,-19.0,5.0625,12.3125,-0.6774292,-0.6968994,-0.090148926,-0.21740723
4a,4,Right Wrist,31374352,1779735346239,-1.9173492,-3.1538405,-0.5407779,87.57504,-91.348885,-6.2162714,-147.39963,-25.391531,192.67207,0.0
4a,2,Right Ankle,2413432,1779735346243,-6.980515,-0.035557162,-5.17089,-41.86336,-39.883762,-158.13239,4.6093683,82.18905,237.15106,0.0
4a,3,Left Wrist,5171427,1779735346248,5.6448708,-8.738292,2.969493,-90.04423,16.919699,310.2092,-100.59711,-30.052307,355.591,0.0
4a,1,Left Ankle,5371392,1779735346266,2.06,9.42,0.73,-13.625,9.1875,-2.375,-0.6789551,-0.69506836,-0.09161377,-0.21795654
4a,1,Left Ankle,5371414,1779735346267,1.92,9.7,0.12,-6.1875,0.875,-32.375,-0.6807251,-0.6936035,-0.09503174,-0.21557617
4a,1,Left Ankle,5371439,1779735346305,0.69,9.6,0.37,-2.4375,-8.1875,-53.6875,-0.6829834,-0.692688,-0.09979248,-0.20922852
4a,4,Right Wrist,31374413,1779735346305,-0.58454686,-4.1253266,-0.45224345,35.77504,-99.18889,25.283728,-147.34764,-25.336979,192.66531,0.0
4a,2,Right Ankle,2413492,1779735346305,-10.268253,5.6713247,2.5292134,-171.57336,-1.2437598,-147.91238,4.6690264,82.17343,237.26244,0.0
4a,3,Left Wrist,5171487,1779735346308,10.973685,2.0676954,-2.3138595,64.44578,-6.1803007,186.30922,-100.58727,-30.049685,355.58884,0.0
4a,1,Left Ankle,5371454,1779735346326,1.55,10.36,0.26,7.5,-2.1875,-78.5625,-0.68499756,-0.69207764,-0.107910156,-0.20031738
4a,1,Left Ankle,5371483,1779735346356,3.81,9.74,1.32,9.4375,2.125,-113.5,-0.68725586,-0.6911621,-0.1204834,-0.18829346
4a,1,Left Ankle,5371497,1779735346357,-0.44,14.44,-1.17,16.0625,23.25,-134.5625,-0.689209,-0.68927,-0.1383667,-0.17523193
4a,4,Right Wrist,31374472,1779735346370,-4.8007007,-3.1155555,1.5768701,-59.144962,-41.01889,10.093728,-147.35101,-25.300194,192.66222,0.0
4a,2,Right Ankle,2413552,1779735346371,-11.5460205,20.097654,5.4652066,-160.93336,25.98624,-5.042381,5.049657,82.16561,237.69508,0.0
4a,3,Left Wrist,5171546,1779735346371,5.2069836,-6.249756,2.481357,13.695777,45.549698,26.639221,-100.52208,-30.063618,355.54355,0.0
4a,1,Left Ankle,5371524,1779735346387,0.77,25.6,-2.45,12.5,39.5,-163.3125,-0.69122314,-0.68585205,-0.16149902,-0.16027832
4a,1,Left Ankle,5371542,1779735346417,-1.79,33.4,-2.67,10.625,-20.0,-256.5,-0.6954956,-0.67645264,-0.20324707,-0.13165283
4a,1,Left Ankle,5371557,1779735346418,14.31,32.17,-6.08,7.1875,-6.4375,-298.25,-0.6983032,-0.67163086,-0.2199707,-0.113586426
4a,4,Right Wrist,31374533,1779735346418,-16.456139,-0.6174486,1.5457635,-88.19496,103.041115,-111.49628,-147.3854,-25.324951,192.67584,0.0
4a,3,Left Wrist,5171607,1779735346427,7.898909,6.439382,-5.3623157,22.235777,70.8197,-7.3107796,-100.53969,-30.120697,355.53564,0.0
4a,1,Left Ankle,5371587,1779735346447,9.53,40.1,-8.55,31.625,45.5625,-284.8125,-0.6975708,-0.6572876,-0.2774048,-0.06665039
4a,2,Right Ankle,2413612,1779735346453,-31.762978,-15.481227,-6.798009,6.996638,-20.00376,96.24762,4.8838053,82.201904,237.53279,0.0
4a,1,Left Ankle,5371603,1779735346478,10.65,32.04,-1.04,27.6875,114.75,-303.125,-0.692688,-0.6444702,-0.321167,-0.04095459
4a,1,Left Ankle,5371625,1779735346478,2.45,24.32,0.44,5.3125,-30.25,-321.875,-0.6990967,-0.6255493,-0.3463745,0.003112793
4a,4,Right Wrist,31374592,1779735346478,-17.35584,-0.19391865,11.66501,-74.40496,220.4311,-284.5363,-147.42325,-25.430145,192.7191,0.0
4a,1,Left Ankle,5371644,1779735346509,-14.91,19.7,1.48,2.5,-103.25,-228.3125,-0.70599365,-0.609375,-0.35791016,0.046813965
4a,2,Right Ankle,2413672,1779735346514,-17.18351,2.0964477,2.7445676,40.526638,2.8162403,31.847618,5.4962277,82.18039,238.12701,0.0
4a,3,Left Wrist,5171666,1779735346518,-1.1770669,-2.567202,-4.9866424,-79.82423,-3.8003006,17.329222,-100.64125,-30.075079,355.57275,0.0
4a,1,Left Ankle,5371661,1779735346537,2.53,20.57,0.34,-5.5,-14.0,-155.5,-0.7053833,-0.6015625,-0.37042236,0.058166504
4a,1,Left Ankle,5371687,1779735346538,-5.53,13.02,0.61,-51.0625,78.0625,9.4375,-0.7064209,-0.59594727,-0.37841797,0.05126953
4a,4,Right Wrist,31374653,1779735346538,-11.491032,8.183353,18.345772,-132.29495,329.8411,-384.77628,-147.49092,-25.597866,192.77467,0.0
4a,1,Left Ankle,5371701,1779735346566,-1.29,6.3,2.64,-44.5,58.8125,-10.5625,-0.7080078,-0.5906372,-0.3843994,0.04547119
4a,2,Right Ankle,2413762,1779735346574,-9.196269,-0.94722253,1.1485548,1.3966379,6.8762403,39.40762,5.052327,82.19586,237.6886,0.0
4a,3,Left Wrist,5171727,1779735346579,2.7543402,-3.8449693,-11.523834,-72.47423,-11.7803,49.73922,-100.74974,-30.05334,355.61514,0.0
4a,1,Left Ankle,5371722,1779735346598,-3.43,4.82,1.41,-48.5,17.0,124.0,-0.7123413,-0.5911865,-0.37695312,0.030212402
4a,1,Left Ankle,5371745,1779735346600,0.05,3.69,0.76,-44.1875,33.8125,179.9375,-0.71569824,-0.5965576,-0.36315918,0.0034179688
4a,1,Left Ankle,5371761,1779735346633,-1.18,5.07,0.39,-37.375,37.0625,183.8125,-0.71588135,-0.6048584,-0.3475952,-0.028137207
4a,4,Right Wrist,31374712,1779735346633,-1.768994,0.3348948,9.38465,-157.42496,296.7311,-394.29626,-147.56348,-25.763403,192.83687,0.0
4a,2,Right Ankle,2413822,1779735346633,-9.890187,0.72296757,1.1126626,-13.373362,7.99624,22.81762,5.6165023,82.21777,238.25345,0.0
4a,3,Left Wrist,5171817,1779735346638,4.7643113,2.948254,-5.1326046,14.185777,-61.9003,45.74922,-100.815445,-30.080976,355.66635,0.0
4a,1,Left Ankle,5371785,1779735346656,4.19,2.97,-1.91,-22.0625,56.8125,293.8125,-0.71295166,-0.6170044,-0.32611084,-0.068359375
4a,1,Left Ankle,5371802,1779735346657,7.88,4.84,-1.02,-6.5,49.9375,375.4375,-0.70562744,-0.63378906,-0.2942505,-0.1171875
4a,1,Left Ankle,5371822,1779735346687,9.74,7.86,-1.21,1.375,55.875,457.4375,-0.6923218,-0.65270996,-0.25305176,-0.17504883
4a,2,Right Ankle,2413882,1779735346693,-8.720097,-1.9282799,1.4955142,-6.443362,11.00624,29.677618,5.1509776,82.21646,237.79584,0.0
4a,3,Left Wrist,5171876,1779735346698,1.9910301,-0.9233329,-6.391229,-16.894224,-68.4103,47.429222,-100.91794,-30.068207,355.73236,0.0
4a,1,Left Ankle,5371847,1779735346715,18.66,11.01,-2.5,5.375,35.9375,524.25,-0.6723633,-0.67126465,-0.20159912,-0.23803711
4a,1,Left Ankle,5371863,1779735346717,27.78,7.91,-1.36,-10.5,-40.9375,587.3125,-0.64746094,-0.6878662,-0.13360596,-0.29962158
4a,4,Right Wrist,31374773,1779735346729,-4.7719865,-1.0888345,5.56092,-236.94496,254.3811,-278.02628,-147.64964,-25.882793,192.86932,0.0
4a,1,Left Ankle,5371883,1779735346752,29.01,0.56,-6.47,-9.3125,-59.8125,651.4375,-0.61450195,-0.6999512,-0.051330566,-0.36029053
4a,3,Left Wrist,5171937,1779735346759,2.0484576,1.1464587,-4.0965123,7.7457767,-20.110302,31.609222,-100.996635,-30.08727,355.7773,0.0
4a,1,Left Ankle,5371906,1779735346785,16.34,-3.89,-19.75,13.75,27.3125,672.25,-0.5687866,-0.7017822,0.027404785,-0.4281006
4a,1,Left Ankle,5371928,1779735346807,8.27,0.11,-26.31,30.6875,91.75,673.1875,-0.513916,-0.6906738,0.097351074,-0.49938965
4a,1,Left Ankle,5371946,1779735346807,-5.3,21.22,-19.39,81.875,83.0,650.5625,-0.44909668,-0.673645,0.15991211,-0.5647583
4a,4,Right Wrist,31374863,1779735346809,1.6144571,-6.604291,-0.04785645,-14.69496,38.29111,-70.47627,-147.61345,-25.906427,192.86354,0.0
4a,2,Right Ankle,2413942,1779735346813,-6.592878,-0.52130014,-0.34695926,-25.693363,-35.05376,83.78761,5.1920714,82.256836,237.84923,0.0
4a,3,Left Wrist,5171997,1779735346817,7.824732,-14.289639,0.8853443,-22.074223,-54.2703,-49.24078,-100.95844,-30.098038,355.77325,0.0
4a,1,Left Ankle,5371969,1779735346837,-39.4,40.1,33.68,44.4375,351.875,536.25,-0.38952637,-0.63708496,0.20275879,-0.6334839
4a,1,Left Ankle,5371992,1779735346874,39.04,10.8,-35.95,217.875,-334.5625,578.8125,-0.33892822,-0.68707275,0.24047852,-0.5960083
4a,1,Left Ankle,5372010,1779735346874,-11.34,16.43,-17.5,-53.5,85.5,-699.875,-0.3782959,-0.69421387,0.19976807,-0.5787964
4a,4,Right Wrist,31374953,1779735346874,-0.04616174,-11.612469,-0.22253251,-78.39496,-46.968887,101.653725,-147.58437,-25.861357,192.81981,0.0
4a,2,Right Ankle,2414106,1779735346874,-11.4024515,-3.9885,6.005985,-8.193362,-29.733759,52.42762,5.24401,82.14267,237.91556,0.0
4a,3,Left Wrist,5172057,1779735346878,6.659427,-19.876883,3.117848,-88.15423,-32.0103,-257.9808,-100.95224,-30.159246,355.779,0.0
4a,1,Left Ankle,5372037,1779735346896,2.4,-13.31,-4.76,36.75,-73.6875,162.875,-0.32336426,-0.6890259,0.24902344,-0.598938
4a,1,Left Ankle,5372076,1779735346936,-15.85,30.79,3.35,8.625,2.3125,150.625,-0.27252197,-0.68273926,0.2876587,-0.6138916
4a,2,Right Ankle,2414125,1779735346936,-7.382509,5.436828,2.6201408,-4.763362,-27.28376,30.657618,5.759577,82.1075,238.42935,0.0
4a,1,Left Ankle,5372055,1779735346936,-9.8,14.18,5.01,42.6875,0.5625,286.875,-0.29797363,-0.6918335,0.2649536,-0.60198975
4a,3,Left Wrist,5172117,1779735346939,5.5084796,-16.897816,1.8975083,5.1557765,-128.1903,-352.20078,-100.937325,-30.241287,355.83063,0.0
4a,1,Left Ankle,5372096,1779735346962,-39.4,18.07,0.95,-34.5,-2.5625,-75.5625,-0.2763672,-0.6831665,0.28961182,-0.6107788
4a,4,Right Wrist,31375042,1779735346962,-15.604294,-3.2160535,-0.21774687,-92.18496,-52.498886,102.00372,-147.60074,-25.7957,192.79468,0.0
4a,1,Left Ankle,5372110,1779735346993,-39.38,13.88,4.81,-7.6875,-171.3125,-115.8125,-0.27856445,-0.69451904,0.28723145,-0.5979004
4a,1,Left Ankle,5372136,1779735346994,-25.88,32.72,2.93,-13.8125,-144.3125,-467.625,-0.31359863,-0.7425537,0.24060059,-0.54071045
4a,2,Right Ankle,2414182,1779735346995,-10.785104,-0.51651454,3.3355947,-19.743362,-10.76376,-16.172382,5.5416474,82.05624,238.21947,0.0
4a,3,Left Wrist,5172177,1779735346998,-11.042674,-15.084058,1.5146567,253.23578,-239.07031,-321.9608,-100.8932,-30.282492,355.94217,0.0
4a,1,Left Ankle,5372150,1779735347017,-19.5,40.1,3.37,-29.4375,-80.6875,-524.5,-0.33740234,-0.7553711,0.21099854,-0.5206299
4a,4,Right Wrist,31375103,1779735347026,-18.21008,-2.8810587,4.1611185,-37.304962,-13.578888,23.183727,-147.60382,-25.763762,192.78648,0.0
4a,1,Left Ankle,5372173,1779735347048,3.04,40.1,-6.76,-28.4375,14.0625,-534.0,-0.4105835,-0.7739868,0.11047363,-0.46917725
4a,1,Left Ankle,5372192,1779735347050,10.65,40.1,-9.62,-31.9375,-50.125,-509.5,-0.45336914,-0.7815552,0.04699707,-0.42596436
4a,2,Right Ankle,2414242,1779735347053,-7.626577,1.4647427,2.8402805,-17.713362,13.17624,35.97762,5.8427696,82.011925,238.52563,0.0
4a,1,Left Ankle,5372217,1779735347077,13.88,33.92,-5.45,-37.8125,-66.25,-484.0,-0.49084473,-0.7839966,-0.0064697266,-0.3798828
4a,4,Right Wrist,31375193,1779735347080,-4.07089,-6.6688967,-9.21476,6.86504,42.001114,12.333728,-147.58965,-25.704243,192.77103,0.0
4a,3,Left Wrist,5172237,1779735347088,-26.251453,-11.257934,-4.895715,-130.15422,1.0296993,-133.24077,-100.949066,-30.277555,355.9547,0.0
4a,1,Left Ankle,5372233,1779735347107,16.41,24.91,-2.68,-82.4375,-32.8125,-391.1875,-0.52612305,-0.77838135,-0.051696777,-0.33862305
4a,1,Left Ankle,5372257,1779735347107,10.02,23.56,-2.41,-75.375,52.375,-337.0625,-0.5550537,-0.7649536,-0.09539795,-0.31243896
4a,2,Right Ankle,2414302,1779735347113,-7.961572,4.5395193,-0.37806597,-11.903362,15.06624,-6.4423814,6.3574533,82.03354,239.03925,0.0
4a,1,Left Ankle,5372275,1779735347138,9.53,26.0,-4.19,-59.375,89.4375,-340.0,-0.5784912,-0.7480469,-0.14379883,-0.291687
4a,3,Left Wrist,5172327,1779735347148,-1.0287124,-10.008881,-1.4117653,-6.1142235,156.9897,115.399216,-100.908356,-30.177689,355.88004,0.0
4a,1,Left Ankle,5372298,1779735347173,10.79,21.64,-3.71,-50.125,76.75,-297.4375,-0.5975952,-0.7300415,-0.18835449,-0.2727661
4a,4,Right Wrist,31375252,1779735347173,-8.421041,-10.030813,1.4117653,14.705041,7.1411114,4.283728,-147.55539,-25.67995,192.75606,0.0
4a,1,Left Ankle,5372322,1779735347196,12.99,22.33,-4.8,-36.9375,13.125,-239.5,-0.6192627,-0.70806885,-0.23852539,-0.24127197
4a,1,Left Ankle,5372344,1779735347198,14.13,18.89,-3.98,-44.375,-9.6875,-214.8125,-0.6264038,-0.7015381,-0.24993896,-0.23028564
4a,1,Left Ankle,5372361,1779735347226,12.4,16.9,-5.08,-49.5,-45.375,-158.6875,-0.64642334,-0.6854248,-0.2687378,-0.20025635
4a,4,Right Wrist,31375313,1779735347238,-8.763215,-11.906786,-3.9433718,11.695041,-64.18889,7.433728,-147.52725,-25.620024,192.75452,0.0
4a,3,Left Wrist,5172387,1779735347239,6.767104,-8.886646,0.77766734,15.235777,120.5897,128.48923,-100.82257,-30.169533,355.7965,0.0
4a,1,Left Ankle,5372383,1779735347261,11.73,15.83,-6.15,-41.4375,-53.8125,-119.3125,-0.6571045,-0.6779785,-0.27386475,-0.18328857
4a,1,Left Ankle,5372405,1779735347261,13.56,11.69,-8.52,-21.5625,-60.5625,-56.5,-0.66485596,-0.67388916,-0.2738037,-0.16986084
4a,2,Right Ankle,2414362,1779735347263,-9.090984,1.6681325,1.6582261,3.0766377,21.016241,-37.73238,6.7570386,82.01667,239.43219,0.0
4a,1,Left Ankle,5372426,1779735347287,13.82,10.23,-8.21,-13.625,-51.75,-33.5625,-0.66882324,-0.67315674,-0.27056885,-0.16217041
4a,3,Left Wrist,5172447,1779735347308,9.81556,-10.044773,-0.8997013,85.58577,96.7197,74.09922,-100.74878,-30.214985,355.74155,0.0
4a,1,Left Ankle,5372443,1779735347317,16.81,5.6,-1.74,-1.875,-116.75,68.5,-0.67211914,-0.67736816,-0.25543213,-0.15557861
4a,1,Left Ankle,5372463,1779735347318,35.22,11.35,16.54,-106.75,-295.5,306.6875,-0.6816406,-0.6843872,-0.20257568,-0.16101074
4a,4,Right Wrist,31375403,1779735347319,-6.882456,-10.868301,-1.7324035,16.875038,-126.83889,34.733727,-147.49571,-25.543198,192.75566,0.0
4a,2,Right Ankle,2414526,1779735347323,-8.918701,-0.6816193,1.9381864,-57.473362,25.77624,-16.592382,6.778347,81.98999,239.48062,0.0
4a,1,Left Ankle,5372490,1779735347355,-2.77,40.1,4.65,182.0625,74.75,191.75,-0.6664429,-0.7044678,-0.16973877,-0.17529297
4a,3,Left Wrist,5172537,1779735347366,12.131813,-9.60928,-0.93559366,86.075775,54.2297,55.339222,-100.69366,-30.267328,355.70972,0.0
4a,1,Left Ankle,5372505,1779735347376,-4.36,5.5,-23.34,-100.0625,2.4375,-49.625,-0.6693115,-0.70196533,-0.16436768,-0.17956543
4a,4,Right Wrist,31375462,1779735347379,-7.9735837,-10.786944,1.2227323,-24.63496,-153.2289,85.27373,-147.47641,-25.456684,192.74693,0.0
4a,2,Right Ankle,2414572,1779735347382,-9.524085,2.251981,-0.9284152,-36.68336,-2.2937598,-10.152382,7.0996737,82.03153,239.81105,0.0
4a,1,Left Ankle,5372529,1779735347406,-3.85,-18.61,7.23,-102.0625,36.6875,82.4375,-0.68237305,-0.6854248,-0.16467285,-0.19354248
4a,1,Left Ankle,5372545,1779735347406,2.7,6.23,3.49,-19.6875,54.1875,66.75,-0.6824341,-0.6820679,-0.16009521,-0.20837402
4a,1,Left Ankle,5372573,1779735347448,8.13,17.77,-2.15,31.875,-49.0,34.3125,-0.67633057,-0.6895752,-0.14648438,-0.21362305
4a,2,Right Ankle,2414632,1779735347458,-6.786696,1.9887707,4.8239303,0.27663803,37.186237,-81.69238,7.0264106,82.00026,239.7347,0.0
4a,1,Left Ankle,5372592,1779735347467,-7.78,22.71,0.28,-16.1875,-52.0,57.3125,-0.6777344,-0.6906738,-0.13671875,-0.21209717
4a,1,Left Ankle,5372606,1779735347468,0.44,6.78,1.09,8.9375,-19.625,10.6875,-0.6772461,-0.6916504,-0.13513184,-0.21142578
4a,1,Left Ankle,5372634,1779735347497,-0.29,7.28,-1.28,22.625,30.9375,32.875,-0.67352295,-0.6935425,-0.13562012,-0.21679688
4a,4,Right Wrist,31375552,1779735347500,-7.3514495,-6.6425757,4.5535417,-38.49496,-142.23889,132.31372,-147.46083,-25.372961,192.7234,0.0
4a,3,Left Wrist,5172597,1779735347508,9.894524,-9.961023,-0.23688945,109.59577,19.929699,32.30922,-100.620056,-30.315248,355.68417,0.0
4a,1,Left Ankle,5372651,1779735347526,1.37,12.28,-0.78,20.25,21.25,41.5,-0.66760254,-0.6968994,-0.1326294,-0.22583008
4a,1,Left Ankle,5372672,1779735347527,0.27,10.28,-0.68,3.375,-45.8125,24.4375,-0.6672363,-0.69903564,-0.12567139,-0.22436523
4a,2,Right Ankle,2414692,1779735347533,-9.564763,2.4529784,-5.5680985,140.90665,47.826237,-43.33238,7.1831403,82.0763,239.83939,0.0
4a,1,Left Ankle,5372693,1779735347562,-1.17,9.54,-0.81,8.6875,-50.75,20.125,-0.6668701,-0.7006836,-0.12176514,-0.22241211
4a,1,Left Ankle,5372707,1779735347562,-0.88,9.4,0.03,8.625,-16.4375,24.5,-0.6655884,-0.703125,-0.11627197,-0.22149658
4a,4,Right Wrist,31375643,1779735347562,-7.305986,2.0625124,6.9248285,59.22504,-83.71889,113.763725,-147.42693,-25.319017,192.70169,0.0
4a,3,Left Wrist,5172760,1779735347569,3.8071823,-15.39991,1.6151553,-70.37423,-8.0003,58.27922,-100.52978,-30.256577,355.64105,0.0
4a,1,Left Ankle,5372729,1779735347587,0.37,9.75,0.17,11.125,15.9375,24.875,-0.663147,-0.7044678,-0.11480713,-0.2253418
4a,2,Right Ankle,2414752,1779735347593,-10.426179,5.9177856,0.069391854,106.95664,0.71624017,23.447618,7.8252215,82.08317,240.43948,0.0
4a,1,Left Ankle,5372749,1779735347616,1.02,9.95,-0.56,9.8125,14.0625,21.75,-0.6607666,-0.70544434,-0.11437988,-0.22961426
4a,3,Left Wrist,5172807,1779735347629,3.823932,-12.67927,0.552742,-66.45422,-7.1603007,63.87922,-100.50435,-30.192019,355.61517,0.0
4a,1,Left Ankle,5372774,1779735347657,0.88,9.48,-0.27,0.1875,-4.5,20.375,-0.6589966,-0.706604,-0.110961914,-0.23260498
4a,1,Left Ankle,5372792,1779735347657,0.17,9.76,-0.46,4.1875,-5.375,22.0,-0.6575928,-0.70788574,-0.10797119,-0.23406982
4a,2,Right Ankle,2414842,1779735347657,-8.432959,1.916986,-0.33499515,52.426636,5.4062405,77.06762,8.450787,82.11678,241.04474,0.0
4a,1,Left Ankle,5372815,1779735347676,1.23,9.77,-0.1,8.375,-10.4375,16.125,-0.6569824,-0.70910645,-0.1071167,-0.23248291
4a,3,Left Wrist,5172867,1779735347688,4.16132,-11.47568,0.15553348,-115.45422,4.2496996,69.689224,-100.49114,-30.128546,355.58316,0.0
4a,1,Left Ankle,5372838,1779735347707,0.28,9.85,-0.18,13.125,-10.9375,14.375,-0.65631104,-0.71051025,-0.1071167,-0.23010254
4a,1,Left Ankle,5372852,1779735347708,0.52,9.67,-0.16,12.3125,-0.9375,9.625,-0.65448,-0.71221924,-0.10583496,-0.23046875
4a,4,Right Wrist,31375733,1779735347708,-4.4250274,0.40907297,5.9246287,37.87504,0.0011119843,58.67373,-147.39632,-25.302795,192.67865,0.0
4a,2,Right Ankle,2414902,1779735347721,-8.715312,0.3281519,-0.28953153,45.356636,13.31624,65.37762,8.737783,82.17205,241.31656,0.0
4a,1,Left Ankle,5372878,1779735347737,1.2,9.45,-0.22,8.25,10.5625,1.9375,-0.6529541,-0.71307373,-0.10662842,-0.23187256
4a,1,Left Ankle,5372895,1779735347766,2.4,9.13,0.23,8.4375,1.875,-6.8125,-0.65216064,-0.71362305,-0.1081543,-0.23187256
4a,2,Right Ankle,2414962,1779735347774,-7.9855003,-0.38251647,-0.17228323,12.386637,12.75624,51.65762,8.766423,82.22974,241.34311,0.0
4a,3,Left Wrist,5172927,1779735347778,4.434102,-9.894025,-1.442872,-147.79422,7.8196993,70.03922,-100.51265,-30.035753,355.56186,0.0
4a,1,Left Ankle,5372918,1779735347797,1.33,9.63,0.28,12.25,-11.5625,-8.0625,-0.6503296,-0.7147217,-0.111206055,-0.2321167
4a,1,Left Ankle,5372937,1779735347798,0.66,9.6,-0.23,21.75,-21.8125,-12.1875,-0.64886475,-0.71728516,-0.11102295,-0.22821045
4a,4,Right Wrist,31375896,1779735347798,-1.675674,-2.6680975,3.7830527,14.00504,-22.608889,39.633728,-147.33066,-25.25904,192.63951,0.0
4a,1,Left Ankle,5372955,1779735347827,0.61,11.13,-1.32,20.5,-24.1875,-16.5625,-0.6468506,-0.7201538,-0.11242676,-0.22424316
4a,2,Right Ankle,2415022,1779735347834,-7.7581825,-1.6698551,-2.8666015,-30.663363,11.00624,43.95762,8.738725,82.29176,241.32843,0.0
4a,3,Left Wrist,5172987,1779735347848,6.3794665,-9.1402855,-1.0241281,-36.564224,-14.720301,54.00922,-100.48496,-30.066753,355.543,0.0
4a,1,Left Ankle,5372981,1779735347860,0.39,9.25,-0.95,1.5,-21.9375,-15.0625,-0.6472168,-0.7213745,-0.11206055,-0.21948242
4a,1,Left Ankle,5372995,1779735347861,0.37,7.84,-0.43,-1.25,-23.125,-23.8125,-0.6488037,-0.72143555,-0.11206055,-0.21459961
4a,1,Left Ankle,5373024,1779735347888,-1.18,11.01,-1.53,11.75,-15.375,-7.125,-0.6481323,-0.7229004,-0.11273193,-0.21136475
4a,4,Right Wrist,31375943,1779735347890,-1.027219,-3.3524446,3.8404803,11.27504,-8.328888,30.603727,-147.29684,-25.249252,192.62004,0.0
4a,2,Right Ankle,2415082,1779735347894,-6.963765,-3.3615808,-2.1631117,-59.993362,13.10624,3.847619,8.390179,82.350044,241.00395,0.0
4a,3,Left Wrist,5173077,1779735347898,4.809775,-10.293626,-0.09092726,95.80577,-40.3403,57.99922,-100.400635,-30.019007,355.52637,0.0
4a,1,Left Ankle,5373042,1779735347926,-0.04,10.21,-1.38,16.0,-10.25,-0.0625,-0.6460571,-0.7255249,-0.11218262,-0.20904541
4a,1,Left Ankle,5373068,1779735347926,0.01,10.06,-1.01,21.375,-11.375,5.0,-0.6432495,-0.72802734,-0.11236572,-0.2086792
4a,1,Left Ankle,5373092,1779735347948,0.4,9.57,-0.94,25.3125,-8.4375,3.875,-0.6403198,-0.73101807,-0.111694336,-0.2076416
4a,4,Right Wrist,31376033,1779735347951,0.28404775,-1.7229327,4.625326,0.14504004,-25.478888,6.733728,-147.27803,-25.247486,192.6146,0.0
4a,2,Right Ankle,2415142,1779735347954,-9.009629,-2.0694566,-0.72741807,-18.903362,32.91624,-42.35238,7.9481153,82.414154,240.57057,0.0
4a,1,Left Ankle,5373102,1779735347980,-0.16,9.82,-1.07,30.0,-6.8125,8.5625,-0.63568115,-0.7345581,-0.11242676,-0.20898438
4a,3,Left Wrist,5173137,1779735347991,2.8572319,-11.870497,-0.93320084,98.88577,-39.0803,55.199223,-100.344925,-29.931873,355.5244,0.0
4a,1,Left Ankle,5373126,1779735348006,0.13,9.82,-1.37,37.375,-13.5,17.6875,-0.63079834,-0.73913574,-0.1104126,-0.2086792
4a,1,Left Ankle,5373147,1779735348007,0.24,10.05,-1.35,40.9375,-22.25,26.625,-0.6253052,-0.74450684,-0.10668945,-0.20806885
4a,4,Right Wrist,31376123,1779735348009,0.4587238,0.8110662,5.666204,26.395039,-36.538887,-19.306273,-147.26508,-25.250076,192.62437,0.0
4a,2,Right Ankle,2415202,1779735348022,-7.181512,-2.9739435,3.103491,-53.623363,-4.60376,-26.532381,7.454514,82.38666,240.09854,0.0
4a,1,Left Ankle,5373162,1779735348038,0.13,9.72,-1.39,41.6875,-20.625,32.6875,-0.6187744,-0.74993896,-0.10394287,-0.20953369
4a,1,Left Ankle,5373182,1779735348039,0.42,9.2,-1.57,44.75,-23.6875,41.1875,-0.61224365,-0.7558594,-0.09814453,-0.21008301
4a,3,Left Wrist,5173197,1779735348056,0.09352175,-14.375782,-1.591227,59.335777,-45.240303,84.59922,-100.318504,-29.82948,355.53043,0.0
4a,1,Left Ankle,5373202,1779735348066,-0.17,9.43,-1.96,45.75,-23.8125,44.1875,-0.6051636,-0.76208496,-0.091674805,-0.21130371
4a,4,Right Wrist,31376182,1779735348070,-0.84057885,-0.14366964,4.465007,64.19504,-21.278889,-19.796272,-147.23431,-25.251303,192.62971,0.0
4a,1,Left Ankle,5373223,1779735348097,0.27,9.68,-1.9,41.5,-15.125,62.125,-0.5979004,-0.76782227,-0.08404541,-0.21435547
4a,1,Left Ankle,5373243,1779735348098,0.13,10.15,-2.22,40.3125,-10.9375,71.4375,-0.5901489,-0.7732544,-0.07525635,-0.21923828
4a,2,Right Ankle,2415262,1779735348103,-10.981315,7.674118,-0.071784675,40.31664,-28.05376,9.237619,8.050812,82.38153,240.67598,0.0
4a,3,Left Wrist,5173287,1779735348108,-0.5692904,-13.385153,0.019142581,-59.524223,4.179699,212.41922,-100.30647,-29.695005,355.50134,0.0
4a,1,Left Ankle,5373265,1779735348132,-0.01,11.18,-1.78,32.125,-10.375,81.9375,-0.5828247,-0.77801514,-0.06512451,-0.22528076
4a,4,Right Wrist,31376243,1779735348132,-2.3719854,-0.78733873,4.4195433,81.90504,-11.478888,-16.226273,-147.1945,-25.247816,192.63121,0.0
4a,1,Left Ankle,5373286,1779735348165,0.53,12.03,-1.05,23.375,-12.75,91.6875,-0.57629395,-0.78167725,-0.053344727,-0.23242188
4a,1,Left Ankle,5373306,1779735348165,0.02,12.23,0.82,29.5,-13.25,109.25,-0.567749,-0.78564453,-0.039733887,-0.24255371
4a,2,Right Ankle,2415322,1779735348165,-11.313917,0.6870753,-3.5198421,-10.223362,-45.063763,-45.85238,8.0168915,82.425735,240.64351,0.0
4a,3,Left Wrist,5173347,1779735348167,1.5627146,-12.578773,1.4021941,-109.50423,32.7397,232.71922,-100.2886,-29.570953,355.45117,0.0
4a,1,Left Ankle,5373322,1779735348187,-1.16,13.51,-1.02,30.625,4.125,101.9375,-0.55914307,-0.7890625,-0.02722168,-0.2529297
4a,4,Right Wrist,31376302,1779735348199,-3.702395,-1.543471,4.709075,48.86504,-14.908888,-13.496271,-147.1649,-25.238533,192.632,0.0
4a,1,Left Ankle,5373347,1779735348215,0.81,8.04,0.37,32.25,24.9375,73.5625,-0.5512085,-0.79156494,-0.019714355,-0.26306152
4a,1,Left Ankle,5373368,1779735348216,1.83,6.9,0.77,28.375,45.0,43.875,-0.545105,-0.79241943,-0.017456055,-0.2730713
4a,2,Right Ankle,2415412,1779735348230,-12.785502,-0.1982691,-1.2801601,-18.273361,-58.71376,-11.272381,7.956853,82.46277,240.58943,0.0
4a,3,Left Wrist,5173407,1779735348231,2.7615187,-6.7043924,-1.387837,-91.44423,25.4597,220.32922,-100.322296,-29.423489,355.43246,0.0
4a,1,Left Ankle,5373386,1779735348245,7.41,12.19,-6.18,28.6875,14.25,0.625,-0.5402832,-0.7943115,-0.020202637,-0.27697754
4a,4,Right Wrist,31376363,1779735348249,-5.2338014,-2.108177,5.1900325,-4.61496,-29.118887,-14.616272,-147.15547,-25.222368,192.63615,0.0
4a,1,Left Ankle,5373405,1779735348276,9.94,10.63,0.16,-43.625,10.5625,9.125,-0.54315186,-0.791687,-0.01940918,-0.27893066
4a,1,Left Ankle,5373423,1779735348277,-9.4,12.79,2.7,-32.125,-23.6875,-57.25,-0.54907227,-0.78948975,-0.02178955,-0.2734375
4a,2,Right Ankle,2415472,1779735348282,-8.763168,1.2230675,1.5074784,-18.973362,-32.46376,-23.52238,8.359349,82.42073,240.99365,0.0
4a,3,Left Wrist,5173466,1779735348297,3.319047,-5.79512,-6.0011992,24.895777,16.499699,174.96922,-100.37686,-29.358759,355.44904,0.0
4a,1,Left Ankle,5373443,1779735348306,-5.77,12.37,-0.9,-28.125,19.75,-73.5,-0.55596924,-0.78601074,-0.030517578,-0.26867676
4a,4,Right Wrist,31376422,1779735348309,-5.7985077,-3.9027936,4.630112,-50.11496,-43.538887,-14.266272,-147.15912,-25.198473,192.64151,0.0
4a,1,Left Ankle,5373472,1779735348337,-4.89,11.52,-0.1,-24.6875,-10.0625,-111.9375,-0.56378174,-0.782959,-0.04345703,-0.2593994
4a,1,Left Ankle,5373482,1779735348339,-2.92,11.4,0.33,-36.8125,-36.3125,-131.875,-0.57385254,-0.78009033,-0.055908203,-0.24304199
4a,2,Right Ankle,2415532,1779735348343,-9.894973,0.47172123,0.485743,-2.103362,-9.01376,-33.60238,8.465611,82.4692,241.09819,0.0
4a,3,Left Wrist,5173527,1779735348349,5.226126,-6.3382907,-7.063612,-43.354225,24.6897,133.52922,-100.45542,-29.324045,355.46542,0.0
4a,1,Left Ankle,5373505,1779735348374,-2.05,10.36,-0.75,-43.5,-29.3125,-137.9375,-0.5847168,-0.77557373,-0.070617676,-0.22723389
4a,4,Right Wrist,31376483,1779735348374,-6.490033,-3.6802616,4.677968,-54.10496,-41.43889,-9.296272,-147.16476,-25.173271,192.64543,0.0
4a,1,Left Ankle,5373526,1779735348407,-2.09,10.26,-2.05,-42.625,-8.625,-146.3125,-0.5958252,-0.7699585,-0.08648682,-0.21136475
4a,1,Left Ankle,5373547,1779735348407,-1.22,9.41,-3.27,-38.125,23.3125,-145.5,-0.6057129,-0.7630615,-0.105651855,-0.19927979
4a,3,Left Wrist,5173586,1779735348408,2.0963142,-4.3163557,-4.558327,-98.58423,6.8396997,50.859222,-100.559135,-29.295784,355.49448,0.0
4a,1,Left Ankle,5373566,1779735348430,0.41,9.37,-2.15,-35.25,36.375,-144.0625,-0.61376953,-0.7550049,-0.12896729,-0.19128418
4a,4,Right Wrist,31376542,1779735348430,-5.9468627,-3.5965123,4.426722,-31.56496,-9.868889,-1.6662719,-147.15811,-25.156178,192.64005,0.0
4a,2,Right Ankle,2415592,1779735348433,-9.382909,0.54589874,-0.16271193,17.426638,3.30624,-25.342382,8.577916,82.52347,241.20241,0.0
4a,1,Left Ankle,5373592,1779735348455,0.21,8.14,-1.44,-35.5,44.375,-135.8125,-0.62158203,-0.7467041,-0.14990234,-0.18328857
4a,1,Left Ankle,5373602,1779735348456,0.67,6.84,-2.69,-35.0625,44.9375,-132.125,-0.6277466,-0.7374878,-0.17346191,-0.17895508
4a,3,Left Wrist,5173647,1779735348467,2.8093753,-2.7059858,-6.108876,-25.994223,13.839699,80.74922,-100.641846,-29.276484,355.52188,0.0
4a,1,Left Ankle,5373627,1779735348485,1.08,6.65,-3.29,-28.5,52.0625,-117.4375,-0.6333618,-0.729126,-0.19293213,-0.17327881
4a,4,Right Wrist,31376603,1779735348498,-4.293422,-3.1921256,5.2570314,2.80504,14.071112,3.3037279,-147.13577,-25.150858,192.62769,0.0
4a,2,Right Ankle,2415652,1779735348498,-8.5669565,-0.38012365,0.9523434,-2.593362,-3.4137597,-18.902382,8.009879,82.55337,240.6391,0.0
4a,1,Left Ankle,5373645,1779735348526,1.53,6.66,-2.56,-27.5625,43.3125,-110.0,-0.6383667,-0.7210083,-0.21081543,-0.16784668
4a,1,Left Ankle,5373663,1779735348527,2.88,5.8,-1.6,-33.1875,24.125,-88.75,-0.6437378,-0.71325684,-0.22467041,-0.16229248
4a,3,Left Wrist,5173707,1779735348531,4.1278205,-2.406883,-3.7447674,-26.414223,20.349699,46.93922,-100.71388,-29.300508,355.54388,0.0
4a,1,Left Ankle,5373689,1779735348549,1.93,5.02,-0.34,-41.0,-0.4375,-62.8125,-0.6501465,-0.70617676,-0.23248291,-0.15686035
4a,4,Right Wrist,31376663,1779735348550,-3.386542,-3.618048,6.163911,6.5150404,13.301111,-2.2262719,-147.11154,-25.150093,192.61665,0.0
4a,2,Right Ankle,2415742,1779735348553,-8.94263,-0.1647696,0.6221339,-13.653362,-8.03376,0.767619,7.8212166,82.60429,240.45674,0.0
4a,1,Left Ankle,5373704,1779735348586,2.38,5.8,-0.5,-47.9375,-8.625,-35.25,-0.6569824,-0.699646,-0.2354126,-0.1531372
4a,1,Left Ankle,5373728,1779735348586,1.73,6.27,-0.91,-50.3125,0.5625,-12.0,-0.66345215,-0.6933594,-0.23583984,-0.1529541
4a,1,Left Ankle,5373746,1779735348605,2.59,6.57,-1.58,-42.375,12.0,5.75,-0.66833496,-0.68811035,-0.2355957,-0.15576172
4a,4,Right Wrist,31376722,1779735348609,-3.8459642,-2.4383862,6.0634127,9.59504,9.941112,-18.256271,-147.09204,-25.150816,192.61293,0.0
4a,1,Left Ankle,5373785,1779735348642,17.09,9.97,-7.16,-2.9375,70.875,93.9375,-0.6668091,-0.6851196,-0.23138428,-0.18005371
4a,1,Left Ankle,5373763,1779735348642,3.74,7.61,-0.73,-34.25,33.0625,41.1875,-0.67059326,-0.6845703,-0.23406982,-0.16394043
4a,2,Right Ankle,2415802,1779735348655,-9.504943,0.30183083,0.29671,-6.093362,-0.75375986,5.527619,7.9539285,82.65669,240.59076,0.0
4a,3,Left Wrist,5173767,1779735348655,4.2737827,-2.21785,-3.8237307,109.31577,16.5697,39.379223,-100.73911,-29.32907,355.56772,0.0
4a,1,Left Ankle,5373804,1779735348666,0.23,14.02,-8.97,-7.75,77.9375,166.875,-0.6600952,-0.6871948,-0.22241211,-0.20648193
4a,4,Right Wrist,31376783,1779735348669,-4.551847,-3.1658046,5.051249,31.29504,-3.0088882,-27.146273,-147.06572,-25.145172,192.61412,0.0
4a,1,Left Ankle,5373824,1779735348709,-15.96,40.1,-9.61,43.375,-43.125,87.6875,-0.65093994,-0.6958008,-0.21063232,-0.21850586
4a,1,Left Ankle,5373846,1779735348709,21.5,3.52,-4.64,-55.3125,-146.625,-60.875,-0.65893555,-0.6951904,-0.20098877,-0.20513916
4a,2,Right Ankle,2415862,1779735348709,-9.083806,-0.15759112,0.9475578,-7.003362,5.5462403,10.427619,7.5849676,82.70195,240.22763,0.0
4a,3,Left Wrist,5173930,1779735348709,4.3671026,-7.9606247,-1.5625132,47.575775,-29.7703,-103.42078,-100.749886,-29.352425,355.6287,0.0
4a,1,Left Ankle,5373871,1779735348730,-8.52,6.5,3.03,-14.125,-147.0625,5.6875,-0.6713867,-0.6954346,-0.18084717,-0.18139648
4a,4,Right Wrist,31376842,1779735348730,-5.599903,-3.9027936,4.1850467,-2.09496,-11.548889,-11.186272,-147.04889,-25.129213,192.61162,0.0
4a,1,Left Ankle,5373896,1779735348757,-6.07,10.1,0.64,-14.8125,-10.0625,7.9375,-0.67248535,-0.6940918,-0.17962646,-0.18359375
4a,1,Left Ankle,5373906,1779735348758,-4.92,8.22,1.99,-17.5625,44.5,14.6875,-0.6723633,-0.6923828,-0.1819458,-0.18823242
4a,2,Right Ankle,2415952,1779735348777,-9.6317625,0.49325663,0.9738788,-4.973362,20.24624,1.817619,8.048665,82.740585,240.68954,0.0
4a,1,Left Ankle,5373927,1779735348786,-1.0,6.09,-0.21,-17.875,79.0,11.125,-0.6720581,-0.68811035,-0.18829346,-0.19836426
4a,4,Right Wrist,31376903,1779735348789,-5.650152,-2.0914268,5.8863435,-39.964962,-12.388887,33.053726,-147.0442,-25.109577,192.59706,0.0
4a,1,Left Ankle,5373948,1779735348817,0.98,13.24,-3.5,-7.3125,57.8125,35.375,-0.66986084,-0.68585205,-0.19213867,-0.20983887
4a,2,Right Ankle,2416012,1779735348834,-8.401852,-0.82997423,0.7178468,-5.953362,19.05624,-13.3023815,7.4999294,82.780556,240.14667,0.0
4a,3,Left Wrist,5173949,1779735348834,4.4269233,-9.030215,-2.4454646,63.185776,-34.4603,-137.44078,-100.78981,-29.353716,355.6772,0.0
4a,1,Left Ankle,5373972,1779735348853,0.44,11.74,-1.84,-25.8125,20.5,24.6875,-0.6693115,-0.68273926,-0.19403076,-0.21972656
4a,1,Left Ankle,5373991,1779735348853,-0.08,7.62,1.9,-31.5625,-9.375,12.75,-0.6724243,-0.67962646,-0.19091797,-0.22253418
4a,4,Right Wrist,31376962,1779735348853,-4.609275,-1.8042881,4.4051867,-12.38496,33.461113,50.62373,-147.0231,-25.098906,192.56706,0.0
4a,1,Left Ankle,5374007,1779735348877,-0.72,9.24,0.6,-20.8125,-21.4375,17.875,-0.67492676,-0.6779175,-0.18695068,-0.2234497
4a,2,Right Ankle,2416072,1779735348883,-9.92608,-0.71033317,-0.5814559,-6.8633623,17.16624,10.91762,7.386082,82.842064,240.03676,0.0
4a,3,Left Wrist,5174111,1779735348888,-2.5625112,-18.242582,-4.3118663,80.825775,-81.4303,-60.09078,-100.82667,-29.334898,355.78284,0.0
4a,1,Left Ankle,5374032,1779735348907,-0.57,11.06,0.34,-11.625,4.625,22.75,-0.6758423,-0.6767578,-0.18261719,-0.22784424
4a,1,Left Ankle,5374051,1779735348908,0.01,10.64,-1.57,-8.5,-2.1875,16.875,-0.6760254,-0.6765747,-0.18139648,-0.2288208
4a,4,Right Wrist,31377023,1779735348909,-2.309772,-0.16999066,5.733203,43.82504,53.20111,53.143726,-146.98341,-25.10407,192.53346,0.0
4a,1,Left Ankle,5374073,1779735348942,-1.06,9.12,-0.53,-21.8125,-11.125,19.375,-0.6783447,-0.6741333,-0.17681885,-0.23272705
4a,2,Right Ankle,2416132,1779735348944,-12.754396,-1.8253886,0.86859465,25.826637,-28.68376,50.67762,6.9976997,82.86257,239.64441,0.0
4a,3,Left Wrist,5174130,1779735348948,-4.354736,-18.560827,-5.6063833,23.705776,-64.5603,-20.190777,-100.84432,-29.264423,355.816,0.0
4a,1,Left Ankle,5374093,1779735348974,-0.52,9.09,0.53,-26.625,-20.25,21.375,-0.68078613,-0.6726074,-0.17126465,-0.23406982
4a,1,Left Ankle,5374110,1779735348974,-1.15,10.25,0.12,-17.5625,-5.125,21.9375,-0.68096924,-0.6716919,-0.17071533,-0.2366333
4a,4,Right Wrist,31377083,1779735348974,-1.335893,-0.25613225,4.8430734,80.99504,31.641111,10.093728,-146.9377,-25.11331,192.51794,0.0
4a,1,Left Ankle,5374137,1779735348995,-0.11,9.94,0.11,-15.1875,13.75,19.625,-0.68182373,-0.6692505,-0.168396,-0.24273682
4a,2,Right Ankle,2416192,1779735349002,-12.108334,-2.8734448,3.6323047,30.096638,-17.483759,94.49762,6.8214684,82.82356,239.46307,0.0
4a,3,Left Wrist,5174187,1779735349013,-7.3338,-15.280269,-5.9892354,-41.744225,-10.9403,141.01923,-100.872894,-29.14455,355.818,0.0
4a,1,Left Ankle,5374173,1779735349025,0.23,9.72,0.61,-11.0625,-2.75,12.3125,-0.6833496,-0.6668091,-0.16436768,-0.24768066
4a,1,Left Ankle,5374155,1779735349025,-0.4,9.99,0.57,-14.9375,-0.9375,16.25,-0.68237305,-0.6677246,-0.16687012,-0.24633789
4a,4,Right Wrist,31377143,1779735349029,-1.998705,-1.1677976,2.2995026,39.20504,29.401112,-36.59627,-146.9084,-25.119684,192.51595,0.0
4a,1,Left Ankle,5374195,1779735349058,0.41,9.76,0.63,-7.6875,11.5,7.5,-0.6837158,-0.6657715,-0.16400146,-0.2498169
4a,2,Right Ankle,2416252,1779735349074,-10.610428,-5.685011,5.379065,-1.9633622,-67.39376,62.437622,6.5577483,82.77037,239.20448,0.0
4a,3,Left Wrist,5174247,1779735349074,-4.4576273,-13.614864,-2.818745,-91.02423,56.189697,268.3492,-100.88564,-28.985907,355.77646,0.0
4a,1,Left Ankle,5374215,1779735349088,0.26,9.88,0.15,-7.9375,14.75,6.25,-0.6832886,-0.6647339,-0.16571045,-0.25256348
4a,1,Left Ankle,5374233,1779735349092,0.4,10.0,0.5,-9.375,1.0,0.8125,-0.68444824,-0.6627197,-0.16583252,-0.25457764
4a,4,Right Wrist,31377203,1779735349092,-0.83818614,0.031006549,2.4646075,4.41504,2.6611118,-55.00627,-146.90242,-25.131966,192.52817,0.0
4a,1,Left Ankle,5374258,1779735349119,1.2,9.88,0.78,-8.9375,-1.1875,-0.25,-0.6846924,-0.6611328,-0.16760254,-0.25701904
4a,2,Right Ankle,2416312,1779735349124,-6.834553,-6.8909936,1.4620147,-42.84336,-67.25376,-4.412381,5.963957,82.748825,238.62971,0.0
4a,3,Left Wrist,5174307,1779735349128,-0.6434674,-11.927923,0.8925229,-203.72423,82.9297,291.16922,-100.89891,-28.837149,355.7067,0.0
4a,1,Left Ankle,5374280,1779735349150,-0.06,10.13,0.51,-6.25,4.0625,1.5625,-0.6852417,-0.6602783,-0.1675415,-0.25775146
4a,1,Left Ankle,5374295,1779735349150,-1.41,10.54,-0.29,-5.75,4.6875,4.1875,-0.68566895,-0.6593628,-0.16760254,-0.2588501
4a,4,Right Wrist,31377262,1779735349157,1.8082758,0.13629064,1.6199409,11.13504,-30.028887,-11.746272,-146.89342,-25.150232,192.5343,0.0
4a,1,Left Ankle,5374319,1779735349175,0.23,9.54,0.01,-6.4375,-3.0,0.3125,-0.68634033,-0.65875244,-0.16693115,-0.25897217
4a,2,Right Ankle,2416372,1779735349183,-5.307932,-4.749418,0.8303095,-35.98336,-24.903759,-74.55238,5.1802635,82.74715,237.86131,0.0
4a,3,Left Wrist,5174367,1779735349187,1.883353,-4.4503536,1.617548,-112.16423,58.009697,231.31923,-100.86553,-28.755663,355.64093,0.0
4a,1,Left Ankle,5374337,1779735349210,0.22,9.73,0.76,-7.625,0.1875,2.9375,-0.68707275,-0.65802,-0.1663208,-0.2593994
4a,4,Right Wrist,31377323,1779735349210,0.0016946751,-0.6270196,1.8424734,9.73504,-63.558884,50.133728,-146.8693,-25.127975,192.5232,0.0
4a,1,Left Ankle,5374359,1779735349240,-0.43,10.01,1.28,-7.375,-6.3125,2.1875,-0.6875,-0.6571045,-0.1663208,-0.26055908
4a,1,Left Ankle,5374377,1779735349240,0.35,9.81,1.01,-3.0,-4.25,-3.6875,-0.6882324,-0.65686035,-0.16564941,-0.25964355
4a,2,Right Ankle,2416432,1779735349243,-5.1595774,-1.3898947,1.1294123,-103.603355,-11.253759,-118.58238,4.282839,82.73067,237.00171,0.0
4a,3,Left Wrist,5174427,1779735349249,4.17807,-4.46471,1.509871,9.215776,98.6097,153.05922,-100.791954,-28.739128,355.5686,0.0
4a,1,Left Ankle,5374396,1779735349271,1.76,9.54,0.8,-1.5,1.375,-14.5625,-0.6888428,-0.65631104,-0.16699219,-0.25854492
4a,4,Right Wrist,31377382,1779735349271,-1.1971095,-0.03838555,4.213761,76.09504,-112.138885,68.96372,-146.83093,-25.08395,192.51932,0.0
4a,1,Left Ankle,5374421,1779735349297,0.96,9.69,1.53,-5.25,-0.75,-31.5625,-0.69036865,-0.65496826,-0.17016602,-0.2559204
4a,1,Left Ankle,5374442,1779735349298,0.8,10.19,2.03,-0.8125,1.4375,-53.8125,-0.69384766,-0.65234375,-0.17938232,-0.24664307
4a,2,Right Ankle,2416492,1779735349303,-8.923488,7.891865,4.302295,-129.15337,12.96624,-112.632385,4.3719387,82.71078,237.12988,0.0
4a,1,Left Ankle,5374466,1779735349326,0.92,11.63,0.12,6.875,2.875,-81.125,-0.69647217,-0.6502075,-0.19024658,-0.23669434
4a,4,Right Wrist,31377443,1779735349329,-4.7576294,-4.67089,3.0604203,55.23504,-121.79888,50.69373,-146.79144,-25.02178,192.51843,0.0
4a,3,Left Wrist,5174487,1779735349338,9.234104,-3.1534436,0.4833502,35.325775,148.3097,32.72922,-100.739365,-28.798496,355.50275,0.0
4a,1,Left Ankle,5374484,1779735349357,1.57,14.3,-1.58,6.125,-1.1875,-115.9375,-0.70092773,-0.6466675,-0.20367432,-0.22143555
4a,1,Left Ankle,5374504,1779735349358,1.85,21.61,-3.66,1.75,-12.125,-155.5625,-0.7070923,-0.64123535,-0.22094727,-0.2000122
4a,1,Left Ankle,5374526,1779735349392,3.63,27.75,-1.0,0.4375,-13.125,-212.0625,-0.71447754,-0.6324463,-0.24487305,-0.1720581
4a,4,Right Wrist,31377502,1779735349393,-12.122738,-6.877073,0.22253251,-32.96496,-55.29889,19.473728,-146.78886,-24.970348,192.5169,0.0
4a,2,Right Ankle,2416552,1779735349393,-8.717704,13.696853,0.026321048,34.506638,64.556244,-4.622381,4.9408994,82.73324,237.68234,0.0
4a,1,Left Ankle,5374543,1779735349424,12.12,36.19,-4.29,14.8125,10.6875,-286.0,-0.7191162,-0.6213989,-0.2796631,-0.13586426
4a,1,Left Ankle,5374566,1779735349424,15.91,35.2,-6.97,37.3125,44.0,-329.5,-0.71868896,-0.6081543,-0.32183838,-0.10003662
4a,3,Left Wrist,5174577,1779735349428,19.75056,-0.40648326,4.4817567,264.0858,56.469696,-286.1908,-100.63184,-28.951014,355.4946,0.0
4a,1,Left Ankle,5374586,1779735349447,-9.62,30.57,5.88,26.8125,57.8125,-323.6875,-0.72003174,-0.5911865,-0.35772705,-0.06347656
4a,4,Right Wrist,31377563,1779735349449,-15.609079,-3.4505503,0.60059845,-70.62496,107.38111,-29.456272,-146.80078,-24.977436,192.5007,0.0
4a,2,Right Ankle,2416612,1779735349452,-18.176533,-20.599476,-5.350352,46.966637,-65.57376,76.577614,4.6103535,82.73966,237.3412,0.0
4a,1,Left Ankle,5374600,1779735349476,2.6,34.54,-2.8,25.5625,-61.4375,-323.1875,-0.72210693,-0.58306885,-0.3701172,-0.039978027
4a,1,Left Ankle,5374623,1779735349476,-2.97,25.62,-2.72,33.875,-78.8125,-280.5,-0.72558594,-0.5593872,-0.39941406,0.03314209
4a,3,Left Wrist,5174666,1779735349488,19.269602,-21.427431,1.660619,148.16577,-260.2803,-360.67078,-100.60124,-29.102135,355.6033,0.0
4a,1,Left Ankle,5374645,1779735349509,-5.68,17.17,2.18,9.8125,-9.75,-158.6875,-0.7246704,-0.5477905,-0.41363525,0.06060791
4a,4,Right Wrist,31377623,1779735349510,-10.593724,1.7729812,9.982857,-67.61496,232.6111,-54.796272,-146.80435,-25.047182,192.46643,0.0
4a,2,Right Ankle,2416702,1779735349513,-10.337645,0.9143935,0.9906286,-22.333363,10.44624,48.01762,5.2821693,82.762474,238.01761,0.0
4a,1,Left Ankle,5374669,1779735349543,-4.56,11.22,2.87,-7.75,-22.8125,-130.25,-0.723938,-0.53704834,-0.42651367,0.07470703
4a,3,Left Wrist,5174727,1779735349547,9.712668,-45.58776,11.356336,461.06577,-307.7403,65.97922,-100.4469,-29.032492,355.69522,0.0
4a,1,Left Ankle,5374690,1779735349566,-2.9,5.4,3.07,-15.5625,-15.875,-40.75,-0.72576904,-0.53045654,-0.4300537,0.08306885
4a,1,Left Ankle,5374705,1779735349567,-1.13,0.96,2.67,-26.4375,-52.0,2.3125,-0.73065186,-0.5263672,-0.4262085,0.08618164
4a,4,Right Wrist,31377683,1779735349569,-10.36162,7.6330037,16.2688,-131.38496,342.9311,-80.90627,-146.82773,-25.160988,192.41893,0.0
4a,2,Right Ankle,2416762,1779735349573,-8.868452,0.5530773,1.5218352,-10.643362,20.87624,30.30762,5.7037034,82.72308,238.44089,0.0
4a,1,Left Ankle,5374732,1779735349596,-1.95,0.31,3.37,-20.3125,-39.125,94.375,-0.7371216,-0.5279541,-0.41418457,0.079833984
4a,1,Left Ankle,5374750,1779735349626,1.5,-0.61,4.49,-9.625,22.4375,174.6875,-0.739563,-0.5372925,-0.40118408,0.058776855
4a,1,Left Ankle,5374771,1779735349627,11.0,-0.25,2.18,-0.4375,51.3125,266.75,-0.7369995,-0.56359863,-0.37298584,0.0018310547
4a,2,Right Ankle,2416822,1779735349642,-9.3350525,-1.6267842,0.52881384,-19.323362,14.22624,37.23762,5.2810574,82.7588,238.03,0.0
4a,1,Left Ankle,5374806,1779735349659,13.11,10.08,2.06,25.5625,20.3125,476.375,-0.72698975,-0.60461426,-0.3151245,-0.08111572
4a,1,Left Ankle,5374791,1779735349659,10.4,3.65,0.09,11.875,42.625,383.5625,-0.7347412,-0.5761719,-0.35723877,-0.02368164
4a,3,Left Wrist,5174787,1779735349667,-9.271986,-39.50042,-7.3459654,68.785774,105.189705,396.79922,-100.38928,-28.831585,355.62546,0.0
4a,4,Right Wrist,31377743,1779735349694,-10.459726,1.0814556,16.890936,-304.07495,486.2211,-163.01628,-146.90273,-25.330875,192.36478,0.0
4a,2,Right Ankle,2416882,1779735349694,-8.22239,-2.3542025,2.0458634,3.7066379,18.56624,58.51762,4.9362054,82.743744,237.68932,0.0
4a,1,Left Ankle,5374831,1779735349694,12.54,15.64,2.34,30.375,4.375,555.625,-0.71313477,-0.6342163,-0.26055908,-0.14605713
4a,1,Left Ankle,5374848,1779735349716,16.59,21.31,-0.97,31.5625,-6.8125,619.6875,-0.6912842,-0.66137695,-0.19488525,-0.21600342
4a,3,Left Wrist,5174951,1779735349738,24.703703,-5.881262,2.5148566,-51.474224,62.9797,-24.60078,-100.48156,-28.873013,355.53214,0.0
4a,1,Left Ankle,5374872,1779735349749,21.25,18.74,-1.95,31.0625,-36.6875,689.3125,-0.64178467,-0.6916504,-0.07623291,-0.32226562
4a,1,Left Ankle,5374893,1779735349750,18.33,-3.57,-13.87,20.4375,35.1875,683.6875,-0.597229,-0.6975708,0.0020141602,-0.39587402
4a,4,Right Wrist,31377906,1779735349751,10.764611,-11.523933,10.109675,67.06504,55.51111,-199.62628,-146.84863,-25.560204,192.35414,0.0
4a,2,Right Ankle,2416942,1779735349754,-7.104942,3.7714236,0.15792629,-24.433363,-26.51376,87.35762,5.7548676,82.73947,238.51357,0.0
4a,1,Left Ankle,5374910,1779735349777,14.98,-4.63,-18.77,11.1875,76.125,667.6875,-0.5733032,-0.69433594,0.037109375,-0.4333496
4a,3,Left Wrist,5174970,1779735349789,25.416763,-8.857932,2.8139594,-35.514225,-81.5003,-76.40077,-100.49627,-28.952002,355.562,0.0
4a,1,Left Ankle,5374933,1779735349805,-1.85,4.05,-32.8,52.4375,109.0625,622.1875,-0.49157715,-0.67211914,0.13256836,-0.5376587
4a,1,Left Ankle,5374953,1779735349806,-6.08,10.78,-33.2,32.1875,315.3125,595.125,-0.43218994,-0.6401367,0.1762085,-0.6102295
4a,4,Right Wrist,31377925,1779735349818,9.61127,-11.88525,5.5393844,27.79504,-15.328888,-164.48628,-146.82939,-25.605707,192.39604,0.0
4a,2,Right Ankle,2417002,1779735349819,-11.952801,1.7638454,1.2777673,7.346638,-40.09376,56.76762,6.4958324,82.72638,239.2484,0.0
4a,1,Left Ankle,5374978,1779735349837,16.25,40.02,19.07,236.375,-179.25,629.0625,-0.36016846,-0.62506104,0.21612549,-0.65789795
4a,3,Left Wrist,5175027,1779735349848,13.895323,-20.42723,17.517855,-9.334224,-518.7903,-150.18077,-100.55541,-28.97846,355.75336,0.0
4a,1,Left Ankle,5375013,1779735349868,-17.27,34.43,-11.26,79.875,31.375,456.125,-0.35681152,-0.66625977,0.21221924,-0.61950684
4a,1,Left Ankle,5374996,1779735349868,-17.89,-25.3,8.98,19.375,-197.125,-807.875,-0.3805542,-0.671875,0.20056152,-0.6029053
4a,2,Right Ankle,2417062,1779735349875,-10.03615,3.0272558,0.4139583,73.216644,3.7962403,2.027619,7.1107826,82.74017,239.8332,0.0
4a,1,Left Ankle,5375037,1779735349902,23.11,-17.15,10.06,104.375,-233.875,-194.3125,-0.34326172,-0.6890259,0.21002197,-0.60272217
4a,4,Right Wrist,31377983,1779735349903,-7.4040914,-8.023234,0.60777694,-120.60496,-268.5189,41.663727,-146.86375,-25.490953,192.42795,0.0
4a,3,Left Wrist,5175086,1779735349907,-11.392027,-13.911574,8.106883,83.27577,-380.6803,-111.89078,-100.57431,-28.955084,355.8972,0.0
4a,1,Left Ankle,5375058,1779735349925,-5.01,6.62,2.85,77.875,-54.5625,334.4375,-0.3062744,-0.6989136,0.23583984,-0.6017456
4a,2,Right Ankle,2417122,1779735349932,-7.844324,6.3508863,6.108876,-14.073362,-34.98376,18.547619,7.4392824,82.68799,240.16464,0.0
4a,1,Left Ankle,5375097,1779735349961,-38.77,14.87,5.37,-25.375,40.5625,-21.0625,-0.26135254,-0.70251465,0.26885986,-0.6048584
4a,1,Left Ankle,5375081,1779735349961,-17.27,33.0,-3.18,71.6875,-123.75,249.0625,-0.25787354,-0.7046509,0.26971436,-0.6035156
4a,4,Right Wrist,31378042,1779735349970,-25.936502,1.4116648,1.2729815,-86.44496,-79.30888,209.38373,-146.87265,-25.400991,192.37717,0.0
4a,1,Left Ankle,5375124,1779735349988,-38.1,15.58,-0.17,23.875,-207.3125,-114.5,-0.2703247,-0.72979736,0.2548828,-0.5739136
4a,2,Right Ankle,2417182,1779735350002,-10.352002,1.8164874,2.1870399,-36.96336,2.0462403,-24.712381,7.7874026,82.65113,240.52151,0.0
4a,3,Left Wrist,5175147,1779735350003,-18.17568,-14.5241375,4.2687955,205.21577,44.8497,-129.60077,-100.48272,-28.956665,355.88135,0.0
4a,1,Left Ankle,5375143,1779735350017,-24.61,24.71,4.1,-19.1875,-183.25,-373.3125,-0.29370117,-0.75787354,0.22644043,-0.53674316
4a,1,Left Ankle,5375161,1779735350018,-14.08,28.3,0.84,-30.8125,-131.875,-413.25,-0.33068848,-0.77838135,0.18048096,-0.50219727
4a,1,Left Ankle,5375183,1779735350047,-1.66,35.19,-1.37,-31.3125,6.75,-413.5,-0.35021973,-0.78302,0.15435791,-0.4902954
4a,4,Right Wrist,31378132,1779735350050,-5.171588,-2.567599,3.8069808,34.30504,127.12112,83.24372,-146.82036,-25.407913,192.31596,0.0
4a,2,Right Ankle,2417242,1779735350053,-8.889988,0.50282794,2.2205393,-13.723362,4.0062404,-7.2823806,7.83733,82.60023,240.57559,0.0
4a,3,Left Wrist,5175207,1779735350058,-6.539383,-15.026629,0.67477596,-75.76423,163.9197,114.55922,-100.4564,-28.8694,355.8002,0.0
4a,1,Left Ankle,5375200,1779735350081,3.97,33.7,-5.42,-31.875,35.9375,-444.3125,-0.39068604,-0.78759766,0.09649658,-0.4666748
4a,1,Left Ankle,5375224,1779735350081,7.29,33.3,-2.99,-28.1875,10.0,-415.875,-0.44488525,-0.788208,0.011474609,-0.42504883
4a,1,Left Ankle,5375246,1779735350107,11.9,32.07,-3.76,-27.0625,-28.875,-416.875,-0.47698975,-0.7878418,-0.038513184,-0.38763428
4a,4,Right Wrist,31378193,1779735350119,1.3632107,-6.3004026,0.22731815,173.11504,109.761116,0.923728,-146.70303,-25.43848,192.27234,0.0
4a,2,Right Ankle,2417302,1779735350119,-9.023985,1.041213,1.5792629,-13.513362,-1.3137599,-16.52238,8.232515,82.56318,240.9715,0.0
4a,3,Left Wrist,5175296,1779735350119,2.7399833,-7.8601255,3.505485,-128.26422,208.9997,101.049225,-100.40639,-28.838364,355.68597,0.0
4a,1,Left Ankle,5375265,1779735350137,13.65,25.74,-2.54,-36.0625,-88.875,-387.1875,-0.5067749,-0.7859497,-0.08215332,-0.3446045
4a,1,Left Ankle,5375284,1779735350138,8.24,25.95,-0.81,-55.4375,-80.9375,-329.3125,-0.53356934,-0.7805786,-0.117370605,-0.30358887
4a,4,Right Wrist,31378283,1779735350178,-4.9825554,-8.860723,-2.9048867,156.87505,3.7811117,-6.706272,-146.61583,-25.401705,192.25955,0.0
4a,1,Left Ankle,5375307,1779735350178,3.38,24.01,-2.12,-58.3125,-22.8125,-301.3125,-0.5571289,-0.77001953,-0.15093994,-0.27178955
4a,2,Right Ankle,2417362,1779735350179,-9.148412,1.5795981,1.3758731,-10.293362,-4.46376,-12.812382,8.743142,82.541565,241.48083,0.0
4a,1,Left Ankle,5375324,1779735350196,7.68,25.96,-2.04,-40.1875,39.6875,-288.4375,-0.57489014,-0.75634766,-0.18908691,-0.24822998
4a,1,Left Ankle,5375346,1779735350197,10.75,22.44,1.2,-55.375,50.4375,-265.25,-0.59033203,-0.73986816,-0.22644043,-0.2298584
4a,3,Left Wrist,5175357,1779735350209,6.5302143,-6.386147,0.2321038,-31.174225,184.9897,51.90922,-100.34866,-28.886803,355.59433,0.0
4a,1,Left Ankle,5375371,1779735350226,9.32,22.05,3.11,-68.0625,53.1875,-233.9375,-0.61242676,-0.7114868,-0.27435303,-0.20837402
4a,4,Right Wrist,31378342,1779735350229,-7.6505523,-17.879272,-6.783652,253.33505,-161.62889,0.85372806,-146.5054,-25.314363,192.27805,0.0
4a,2,Right Ankle,2417422,1779735350233,-8.988093,0.83543026,2.5483563,-9.593362,2.11624,-10.432381,8.833357,82.49073,241.57315,0.0
4a,1,Left Ankle,5375395,1779735350258,9.22,18.64,2.8,-82.9375,67.5,-208.5,-0.62615967,-0.6903076,-0.30212402,-0.20019531
4a,3,Left Wrist,5175416,1779735350281,10.401801,-9.554244,-1.8137596,-34.884224,122.3397,-1.9207802,-100.33896,-28.968407,355.54706,0.0
4a,1,Left Ankle,5375406,1779735350294,7.15,18.72,2.72,-101.125,74.6875,-164.5625,-0.63287354,-0.6793823,-0.3139038,-0.19836426
4a,1,Left Ankle,5375427,1779735350294,9.62,17.93,0.71,-104.4375,89.9375,-130.3125,-0.64471436,-0.65771484,-0.3348999,-0.19897461
4a,4,Right Wrist,31378403,1779735350294,-8.251151,-17.72613,-2.603391,20.585041,-160.6489,76.45373,-146.46605,-25.221935,192.27219,0.0
4a,2,Right Ankle,2417482,1779735350295,-9.394874,0.9574643,1.9118654,-15.263363,11.286241,-10.50238,9.104683,82.44729,241.84697,0.0
4a,1,Left Ankle,5375446,1779735350318,10.27,15.33,0.58,-106.4375,129.625,-116.5,-0.6535034,-0.6348877,-0.3577881,-0.20471191
4a,3,Left Wrist,5175507,1779735350329,13.344974,-8.788541,-3.7998023,-205.19423,79.9197,-52.81078,-100.422165,-29.063757,355.53162,0.0
4a,1,Left Ankle,5375471,1779735350357,12.77,13.56,0.24,-103.875,163.9375,-72.0625,-0.6583252,-0.60180664,-0.39050293,-0.22784424
4a,1,Left Ankle,5375496,1779735350357,15.62,11.58,-1.31,-101.3125,175.8125,-37.1875,-0.6583252,-0.5914917,-0.40020752,-0.23803711
4a,4,Right Wrist,31378462,1779735350357,-8.167401,-12.294423,-0.404387,-91.62496,-196.4189,186.63373,-146.45903,-25.099266,192.24069,0.0
4a,2,Right Ankle,2417542,1779735350357,-8.921094,0.6128978,2.3018954,-22.613363,20.31624,-16.10238,9.145415,82.4024,241.89462,0.0
4a,1,Left Ankle,5375508,1779735350378,16.18,10.02,-2.97,-98.4375,148.5,6.125,-0.65740967,-0.57354736,-0.41400146,-0.25964355
4a,3,Left Wrist,5175567,1779735350389,14.768703,-5.316555,-4.3740797,-227.87422,74.2497,-100.90077,-100.51808,-29.17349,355.52292,0.0
4a,1,Left Ankle,5375532,1779735350408,15.4,10.64,-5.92,-79.3125,108.9375,73.25,-0.65356445,-0.55578613,-0.42071533,-0.29492188
4a,1,Left Ankle,5375548,1779735350422,26.92,12.38,-8.87,-68.1875,93.4375,121.1875,-0.6503296,-0.5539551,-0.418396,-0.30841064
4a,4,Right Wrist,31378523,1779735350422,-6.3129644,-7.9538426,2.2731814,-141.53496,-253.32889,256.28372,-146.46829,-24.954134,192.20035,0.0
4a,2,Right Ankle,2417602,1779735350422,-9.105342,0.81150204,1.1964114,-28.633362,22.346241,-19.462381,9.659505,82.3992,242.41338,0.0
4a,1,Left Ankle,5375573,1779735350445,-15.96,23.08,2.18,-51.375,62.875,184.9375,-0.63671875,-0.55841064,-0.4033203,-0.34655762
4a,1,Left Ankle,5375592,1779735350470,27.48,15.53,-6.63,-64.1875,-127.0,-1.6875,-0.64678955,-0.5612793,-0.38757324,-0.34124756
4a,1,Left Ankle,5375612,1779735350479,4.54,-0.54,0.19,-5.5625,-3.0625,25.875,-0.6502075,-0.5617676,-0.38000488,-0.34246826
4a,2,Right Ankle,2417662,1779735350479,-9.241732,0.6487902,0.8327023,-20.583363,19.54624,-16.172382,10.03788,82.439896,242.79506,0.0
4a,4,Right Wrist,31378583,1779735350479,-3.2525442,-2.3331022,2.634498,-11.684959,-289.2389,286.2437,-146.43922,-24.800724,192.16144,0.0
4a,1,Left Ankle,5375641,1779735350496,-8.64,5.14,1.21,-28.6875,17.8125,18.4375,-0.6506958,-0.5597534,-0.3786621,-0.34625244
4a,3,Left Wrist,5175626,1779735350514,16.264217,-3.9933245,-6.376872,-152.20422,73.829704,-127.64078,-100.598236,-29.289566,355.52115,0.0
4a,1,Left Ankle,5375658,1779735350524,-2.41,10.02,2.84,-25.875,16.875,38.9375,-0.6498413,-0.5578613,-0.37579346,-0.35388184
4a,4,Right Wrist,31378643,1779735350528,-1.4052852,-1.1725831,5.8193445,121.31504,-247.0289,334.19373,-146.35771,-24.665976,192.1001,0.0
4a,2,Right Ankle,2417722,1779735350533,-9.224983,-0.83236706,0.9954142,-8.543362,25.91624,-7.142381,9.49483,82.47595,242.25952,0.0
4a,1,Left Ankle,5375683,1779735350556,1.52,11.69,0.11,-9.9375,1.75,34.3125,-0.6477661,-0.5588379,-0.36987305,-0.36242676
4a,1,Left Ankle,5375702,1779735350557,0.66,10.1,0.69,-7.1875,4.6875,28.5,-0.6463623,-0.55944824,-0.36761475,-0.36621094
4a,3,Left Wrist,5175791,1779735350569,16.938993,-2.8112698,-12.157931,86.075775,-50.070297,-91.450775,-100.6972,-29.478294,355.5838,0.0
4a,1,Left Ankle,5375726,1779735350586,-1.72,10.06,-0.38,-5.0625,2.875,19.8125,-0.6456299,-0.5598755,-0.3656006,-0.36871338
4a,4,Right Wrist,31378703,1779735350589,1.0066801,4.0964127,3.7591243,254.38504,-116.61889,374.86374,-146.23526,-24.5724,192.00761,0.0
4a,2,Right Ankle,2417782,1779735350594,-14.946221,3.1349328,1.2035898,25.896637,21.08624,34.43762,10.171028,82.487465,242.92264,0.0
4a,1,Left Ankle,5375743,1779735350616,-0.64,10.62,0.38,-10.375,-3.5,17.5625,-0.6456909,-0.5601196,-0.36297607,-0.37097168
4a,1,Left Ankle,5375763,1779735350617,-0.93,11.37,0.2,-9.5625,-3.125,16.8125,-0.6456909,-0.5604248,-0.3604126,-0.37298584
4a,3,Left Wrist,5175810,1779735350629,16.867208,-3.0146601,-12.449856,132.20578,-77.7203,-90.75078,-100.7298,-29.558712,355.6509,0.0
4a,1,Left Ankle,5375784,1779735350655,-0.01,8.81,-0.01,-11.1875,-4.625,12.3125,-0.6467285,-0.5599365,-0.3583374,-0.3739624
4a,4,Right Wrist,31378762,1779735350655,8.156434,-1.1151556,-1.0671989,246.89503,-4.7588882,284.00372,-146.10925,-24.562181,191.91695,0.0
4a,2,Right Ankle,2417842,1779735350655,-14.103948,-6.2473245,-0.2847459,-66.71336,10.93624,101.91762,9.907704,82.520004,242.68927,0.0
4a,1,Left Ankle,5375799,1779735350655,-1.43,10.4,-0.08,-6.5,2.0,3.0625,-0.6468506,-0.55963135,-0.35809326,-0.37438965
4a,1,Left Ankle,5375823,1779735350684,0.36,10.33,0.47,-5.6875,6.125,-20.3125,-0.6480713,-0.5566406,-0.36065674,-0.3743286
4a,3,Left Wrist,5175867,1779735350689,13.328224,-7.438989,-12.949957,190.37578,-112.8603,-54.21078,-100.75755,-29.606565,355.73413,0.0
4a,1,Left Ankle,5375845,1779735350707,-1.15,10.42,0.57,-4.5625,1.625,-26.5625,-0.65026855,-0.5543213,-0.36315918,-0.371521
4a,1,Left Ankle,5375859,1779735350707,-2.77,9.17,1.59,-3.9375,1.5625,-30.375,-0.6513672,-0.5531006,-0.36450195,-0.37005615
4a,4,Right Wrist,31378823,1779735350709,13.143077,2.3448658,-0.35174492,161.49504,12.531112,172.98372,-146.03676,-24.573898,191.86241,0.0
4a,2,Right Ankle,2417902,1779735350721,-9.813617,-9.357994,3.3834512,-137.55336,-12.09376,64.81762,9.520403,82.50894,242.35573,0.0
4a,1,Left Ankle,5375886,1779735350737,-2.92,8.91,1.83,4.75,13.9375,-20.1875,-0.6522217,-0.55023193,-0.3696289,-0.36773682
4a,3,Left Wrist,5175927,1779735350749,8.013764,-9.403496,-9.583255,144.17577,-114.9603,16.769222,-100.801056,-29.605732,355.81378,0.0
4a,1,Left Ankle,5375901,1779735350766,-1.42,9.47,0.74,8.375,10.5625,-19.0,-0.65167236,-0.5494385,-0.37316895,-0.366333
4a,4,Right Wrist,31378882,1779735350770,9.807483,-1.8545377,-2.0458634,-13.43496,-1.1888885,67.00372,-146.02997,-24.609138,191.8402,0.0
4a,2,Right Ankle,2417962,1779735350773,-6.918302,-8.242938,-0.68195444,-118.51336,10.93624,-13.512381,8.91687,82.53825,241.79779,0.0
4a,1,Left Ankle,5375927,1779735350796,-1.6,10.21,-0.5,11.5625,0.125,-18.875,-0.65148926,-0.5494995,-0.37573242,-0.3638916
4a,1,Left Ankle,5375943,1779735350797,-1.64,10.01,-0.09,9.75,-3.0,-22.75,-0.65216064,-0.5494385,-0.3781128,-0.3604126
4a,3,Left Wrist,5175987,1779735350808,7.62852,-9.843776,-6.350551,41.905777,-110.4803,56.179222,-100.87356,-29.596193,355.88654,0.0
4a,1,Left Ankle,5375962,1779735350828,-2.29,9.95,-0.03,8.3125,0.6875,-29.5625,-0.65283203,-0.5484619,-0.38134766,-0.3571167
4a,4,Right Wrist,31378943,1779735350830,8.675677,-1.2994027,-1.3663017,-90.78496,-16.238888,13.173728,-146.05908,-24.64908,191.83855,0.0
4a,2,Right Ankle,2418022,1779735350833,-7.4877934,-8.745431,-0.31345975,-124.39336,36.55624,-99.96239,8.084336,82.57672,241.01103,0.0
4a,1,Left Ankle,5375990,1779735350857,-2.46,9.2,0.8,8.3125,0.6875,-31.8125,-0.6539917,-0.5472412,-0.3848877,-0.35308838
4a,1,Left Ankle,5376005,1779735350858,-2.24,9.01,0.69,8.6875,6.0625,-26.3125,-0.654541,-0.5461426,-0.38842773,-0.3499756
4a,3,Left Wrist,5176046,1779735350871,7.776875,-9.302998,-5.972485,-49.164223,-68.3403,61.77922,-100.968315,-29.594357,355.9417,0.0
4a,1,Left Ankle,5376028,1779735350888,-2.08,8.78,0.83,7.375,-2.5625,-27.75,-0.6553955,-0.545166,-0.3914795,-0.3463745
4a,4,Right Wrist,31379002,1779735350890,7.9602227,-0.31834581,-1.660619,-102.89496,-24.358889,-8.176271,-146.10367,-24.692043,191.84863,0.0
4a,2,Right Ankle,2418083,1779735350895,-10.304146,-4.5125284,0.5814559,-182.56335,60.986237,-148.61238,7.0830913,82.62602,240.07497,0.0
4a,1,Left Ankle,5376047,1779735350919,-2.98,8.96,0.79,0.6875,-3.5625,-18.6875,-0.65667725,-0.5443115,-0.3930664,-0.3435669
4a,1,Left Ankle,5376072,1779735350948,-2.64,9.05,0.73,5.3125,3.6875,-17.375,-0.6565552,-0.5427246,-0.39611816,-0.34265137
4a,1,Left Ankle,5376094,1779735350949,-2.49,9.45,0.54,9.4375,11.4375,-12.9375,-0.6553345,-0.5419922,-0.40063477,-0.34094238
4a,4,Right Wrist,31379063,1779735350949,5.600899,-0.028814591,-1.7587247,-74.05496,-17.778889,-53.39627,-146.1502,-24.747992,191.8745,0.0
4a,2,Right Ankle,2418142,1779735350953,-11.39288,-1.0716493,0.8303095,-186.62335,78.836235,-152.81238,6.1690917,82.69819,239.22672,0.0
4a,1,Left Ankle,5376110,1779735350978,-2.03,10.03,0.29,12.375,14.0625,-14.125,-0.654541,-0.54156494,-0.40270996,-0.34075928
4a,1,Left Ankle,5376130,1779735351007,-2.4,10.05,0.33,13.25,14.1875,-16.0625,-0.65319824,-0.5411377,-0.40649414,-0.3394165
4a,1,Left Ankle,5376151,1779735351008,-2.28,10.27,0.02,14.125,14.25,-22.125,-0.6522217,-0.5404663,-0.41070557,-0.33746338
4a,4,Right Wrist,31379123,1779735351010,4.715555,1.519342,0.39720857,-29.25496,-9.238888,-77.54627,-146.18071,-24.798214,191.90506,0.0
4a,1,Left Ankle,5376171,1779735351036,-2.22,10.79,-0.32,15.75,16.5625,-29.0,-0.65075684,-0.5385132,-0.4187622,-0.33337402
4a,1,Left Ankle,5376193,1779735351073,-2.87,10.37,0.06,15.3125,21.8125,-40.9375,-0.65008545,-0.5362549,-0.42547607,-0.32989502
4a,1,Left Ankle,5376209,1779735351073,-2.46,10.09,0.1,15.625,23.25,-45.5625,-0.64959717,-0.53460693,-0.4295044,-0.32818604
4a,4,Right Wrist,31379183,1779735351073,4.0958138,0.2032897,0.95712906,-2.23496,-6.8588886,-94.206276,-146.1912,-24.850971,191.93517,0.0
4a,2,Right Ankle,2418202,1779735351085,-11.924087,-1.2535038,5.1996036,-240.24336,91.71624,-133.91238,5.5614357,82.688446,238.70163,0.0
4a,3,Left Wrist,5176107,1779735351085,8.506686,-5.7281203,-4.2927237,-13.954224,-30.400301,35.59922,-101.02839,-29.6395,355.97598,0.0
4a,1,Left Ankle,5376236,1779735351097,-2.26,10.17,-0.25,19.0625,23.4375,-54.9375,-0.6488037,-0.5300293,-0.4421997,-0.32025146
4a,1,Left Ankle,5376250,1779735351130,-2.26,11.57,0.66,28.25,18.0625,-58.125,-0.6484375,-0.52893066,-0.44659424,-0.31677246
4a,4,Right Wrist,31379243,1779735351130,3.6005,-0.15563363,2.199004,2.80504,29.471111,-99.876274,-146.19028,-24.907606,191.9563,0.0
4a,3,Left Wrist,5176374,1779735351138,43.1739,2.0557313,-16.596619,-30.754223,-127.490295,65.48922,-101.13489,-29.811901,356.04672,0.0
4a,1,Left Ankle,5376277,1779735351156,-2.55,12.29,-0.11,34.25,8.75,-63.75,-0.64678955,-0.5252075,-0.46081543,-0.30578613
4a,1,Left Ankle,5376295,1779735351158,-3.57,13.04,-1.1,35.625,21.1875,-61.0625,-0.6446533,-0.5229492,-0.4708252,-0.29888916
4a,2,Right Ankle,2418366,1779735351163,-15.451107,7.891865,3.0053852,-6.723362,-126.54376,90.64761,6.169316,82.58553,239.37341,0.0
4a,1,Left Ankle,5376313,1779735351201,-3.57,12.03,-1.86,31.375,43.25,-54.875,-0.64282227,-0.52124023,-0.47650146,-0.29675293
4a,1,Left Ankle,5376338,1779735351201,-4.51,9.06,-1.14,24.375,67.8125,-30.5625,-0.6348877,-0.51568604,-0.4937744,-0.2952881
4a,3,Left Wrist,5176393,1779735351201,15.508085,-1.6076801,-6.5036917,9.495776,-72.4003,83.269226,-101.18086,-29.844368,356.0879,0.0
4a,4,Right Wrist,31379302,1779735351201,5.7205405,-0.58873457,3.991228,58.52504,57.751114,-85.03628,-146.16354,-24.96803,191.96582,0.0
4a,1,Left Ankle,5376353,1779735351217,-2.36,6.95,0.28,26.4375,62.4375,-24.9375,-0.6286621,-0.5135498,-0.50354004,-0.2958374
4a,1,Left Ankle,5376373,1779735351247,-4.32,6.2,1.48,28.1875,60.9375,-7.5,-0.62109375,-0.5135498,-0.5114136,-0.29815674
4a,3,Left Wrist,5176437,1779735351265,2.7375908,-16.51975,-13.615161,72.145775,-15.140301,21.669222,-101.222084,-29.797451,356.12415,0.0
4a,1,Left Ankle,5376397,1779735351277,-4.44,6.02,1.05,35.4375,36.1875,4.625,-0.61499023,-0.5162964,-0.5161133,-0.29803467
4a,1,Left Ankle,5376414,1779735351278,-5.12,7.01,1.21,40.8125,24.0625,11.6875,-0.60858154,-0.5206909,-0.51916504,-0.29821777
4a,4,Right Wrist,31379363,1779735351279,6.385745,-1.8186452,3.9314075,81.06504,98.56111,-51.926273,-146.1166,-25.034323,191.95422,0.0
4a,1,Left Ankle,5376432,1779735351307,-5.45,8.87,2.18,36.4375,23.4375,24.5,-0.60198975,-0.52563477,-0.52130127,-0.29937744
4a,1,Left Ankle,5376451,1779735351308,-6.09,9.85,3.22,33.875,24.9375,27.4375,-0.59521484,-0.52960205,-0.5233154,-0.3022461
4a,3,Left Wrist,5176497,1779735351318,11.89253,-3.9191468,-6.364908,-3.8042235,-36.2103,6.4092216,-101.2804,-29.854614,356.16287,0.0
4a,1,Left Ankle,5376478,1779735351336,-6.14,9.2,7.64,3.6875,49.6875,21.5,-0.58898926,-0.5303955,-0.52630615,-0.30773926
4a,4,Right Wrist,31379422,1779735351339,8.989136,-1.4286153,4.381258,72.94504,106.12112,-1.5962722,-146.06854,-25.095968,191.92635,0.0
4a,2,Right Ankle,2418385,1779735351343,-5.86546,-4.316317,3.8141594,12.8766365,-104.49376,70.69762,5.948166,82.51964,239.15234,0.0
4a,1,Left Ankle,5376493,1779735351366,-6.16,9.44,7.37,-15.25,88.5,37.0,-0.581604,-0.5283203,-0.53009033,-0.3187256
4a,1,Left Ankle,5376514,1779735351367,-4.99,7.84,5.02,-22.0,167.5625,26.4375,-0.5684204,-0.52038574,-0.5410156,-0.33666992
4a,3,Left Wrist,5176557,1779735351381,10.576477,-6.2952194,-4.6085763,54.155777,-29.5603,21.179222,-101.310135,-29.910393,356.1946,0.0
4a,1,Left Ankle,5376543,1779735351410,-6.99,8.6,2.78,-24.875,241.8125,7.5,-0.54888916,-0.5059204,-0.55981445,-0.35968018
4a,4,Right Wrist,31379512,1779735351437,12.111771,-3.2328036,1.3663017,47.81504,126.28111,-19.586271,-146.02922,-25.174934,191.89957,0.0
4a,1,Left Ankle,5376561,1779735351457,-5.48,9.06,1.84,-21.5625,270.0,-11.3125,-0.513916,-0.47601318,-0.5946045,-0.39471436
4a,1,Left Ankle,5376582,1779735351458,-2.81,8.88,1.46,-34.75,221.5,-23.375,-0.49420166,-0.4552002,-0.61395264,-0.4142456
4a,1,Left Ankle,5376605,1779735351459,-4.18,9.0,1.04,-45.6875,159.0,-43.375,-0.48138428,-0.43463135,-0.628479,-0.42944336
4a,2,Right Ankle,2418576,1779735351463,-9.435552,-1.8852091,-0.34695926,-35.07336,-28.19376,-3.012381,5.8306003,82.58765,239.0567,0.0
4a,3,Left Wrist,5176617,1779735351467,7.659627,-8.149657,-3.9433718,108.19577,-4.290301,45.04922,-101.32744,-29.943205,356.22067,0.0
4a,1,Left Ankle,5376627,1779735351488,-3.68,9.23,0.44,-50.25,139.4375,-60.75,-0.47406006,-0.41418457,-0.6403198,-0.4401245
4a,4,Right Wrist,31379573,1779735351489,10.400902,-3.1155555,0.6221339,85.33504,149.87111,-58.156273,-145.97906,-25.269382,191.87965,0.0
4a,1,Left Ankle,5376645,1779735351516,-3.0,8.43,-0.99,-50.875,141.4375,-68.625,-0.4671631,-0.39215088,-0.6522827,-0.44995117
4a,1,Left Ankle,5376667,1779735351518,-2.02,8.99,-1.06,-49.8125,151.1875,-67.0,-0.4590454,-0.36938477,-0.6644287,-0.45977783
4a,1,Left Ankle,5376687,1779735351554,-1.81,9.8,-0.77,-49.125,153.9375,-64.4375,-0.4498291,-0.3461914,-0.67626953,-0.4696045
4a,4,Right Wrist,31379663,1779735351554,7.953044,-0.7586247,-1.2394822,-57.60496,35.63111,29.693727,-145.99234,-25.321228,191.86267,0.0
4a,3,Left Wrist,5176677,1779735351558,9.181462,-10.50898,-3.778267,60.945778,34.069702,49.45922,-101.34352,-29.98795,356.2263,0.0
4a,1,Left Ankle,5376701,1779735351576,-2.23,9.32,-0.48,-50.0,158.875,-60.75,-0.4387207,-0.3225708,-0.68774414,-0.48010254
4a,1,Left Ankle,5376726,1779735351577,-1.33,8.62,-1.47,-50.1875,172.875,-59.5,-0.42608643,-0.29797363,-0.6991577,-0.4907837
4a,1,Left Ankle,5376746,1779735351607,-0.4,8.84,-1.91,-48.75,181.4375,-60.1875,-0.41210938,-0.27227783,-0.7106323,-0.5010376
4a,3,Left Wrist,5176767,1779735351618,12.167705,-8.240585,-5.5680985,60.805775,9.779699,76.05922,-101.364006,-30.025242,356.23972,0.0
4a,1,Left Ankle,5376764,1779735351638,0.11,9.54,-1.78,-48.125,175.625,-60.1875,-0.39788818,-0.24645996,-0.7213745,-0.51049805
4a,2,Right Ankle,2418755,1779735351646,-8.521493,-2.885409,0.57906306,20.016638,-17.83376,-14.002382,4.9191985,82.64851,238.14346,0.0
4a,4,Right Wrist,31379723,1779735351646,8.541678,-1.7683961,-0.6963114,-8.04496,-14.138887,33.893726,-145.98425,-25.355307,191.85162,0.0
4a,1,Left Ankle,5376791,1779735351666,0.36,8.86,-2.09,-50.6875,157.8125,-53.4375,-0.38476562,-0.222229,-0.72991943,-0.51934814
4a,1,Left Ankle,5376804,1779735351666,0.79,8.86,-2.23,-52.1875,147.8125,-42.0625,-0.37225342,-0.20037842,-0.7364502,-0.5281372
4a,3,Left Wrist,5176857,1779735351693,17.709482,-9.413068,-4.3525443,39.735775,3.8996992,70.66922,-101.36612,-30.07358,356.24234,0.0
4a,1,Left Ankle,5376833,1779735351698,1.64,9.31,-3.49,-50.6875,138.6875,-36.375,-0.35961914,-0.1798706,-0.74176025,-0.53674316
4a,4,Right Wrist,31379783,1779735351699,6.282854,0.57657003,1.3495519,-4.40496,13.721111,14.1537285,-145.98079,-25.39347,191.84335,0.0
4a,1,Left Ankle,5376850,1779735351726,1.85,9.25,-4.03,-50.5625,127.375,-30.75,-0.34783936,-0.16088867,-0.74572754,-0.5449829
4a,1,Left Ankle,5376868,1779735351728,1.76,9.22,-4.33,-47.0,123.4375,-22.25,-0.3357544,-0.1437378,-0.7490845,-0.55267334
4a,3,Left Wrist,5176916,1779735351745,17.084955,-7.211671,-3.8093736,18.385777,-8.7003,41.68922,-101.377335,-30.130098,356.25128,0.0
4a,1,Left Ankle,5376893,1779735351756,1.41,9.21,-4.55,-43.6875,126.0625,-11.6875,-0.31500244,-0.12005615,-0.7538452,-0.56396484
4a,4,Right Wrist,31379873,1779735351760,6.0603213,-2.132105,1.3351951,-66.07496,-0.4188881,-2.1562722,-145.98631,-25.42872,191.83646,0.0
4a,1,Left Ankle,5376911,1779735351787,2.52,9.73,-5.13,-32.6875,126.25,-4.8125,-0.30792236,-0.113464355,-0.7555542,-0.56695557
4a,1,Left Ankle,5376928,1779735351788,2.75,9.57,-4.67,-30.9375,129.625,5.9375,-0.29180908,-0.09991455,-0.7590332,-0.57336426
4a,3,Left Wrist,5176977,1779735351808,16.481964,-6.6110725,-3.2327034,48.905777,-16.5403,-11.58078,-101.378365,-30.203907,356.26596,0.0
4a,1,Left Ankle,5376949,1779735351819,3.54,8.88,-4.09,-29.75,127.4375,13.125,-0.27441406,-0.087524414,-0.76208496,-0.579895
4a,4,Right Wrist,31379933,1779735351821,6.7231336,-0.3733803,0.42113677,-47.87496,-16.868889,12.053728,-145.99887,-25.462597,191.83452,0.0
4a,2,Right Ankle,2418877,1779735351824,-9.141234,-2.3015602,0.7537392,-6.023362,-15.10376,9.4476185,3.7760453,82.676216,237.00632,0.0
4a,1,Left Ankle,5376968,1779735351848,4.09,9.31,-3.29,-31.125,108.625,14.125,-0.2590332,-0.07678223,-0.7640381,-0.5859375
4a,1,Left Ankle,5376992,1779735351848,3.08,9.09,-2.63,-37.3125,96.4375,26.9375,-0.2368164,-0.06506348,-0.7642212,-0.5963745
4a,3,Left Wrist,5177037,1779735351858,16.21636,-6.9317107,-2.4909284,56.115776,-30.750301,-61.56078,-101.37583,-30.29331,356.2873,0.0
4a,1,Left Ankle,5377008,1779735351877,4.44,7.73,-1.71,-39.4375,91.375,38.6875,-0.22961426,-0.06274414,-0.7637329,-0.6000366
4a,2,Right Ankle,2419055,1779735351884,-9.370945,-1.9163159,0.634098,-17.223362,3.7262402,-6.2323813,2.636602,82.71757,235.88962,0.0
4a,1,Left Ankle,5377031,1779735351908,4.21,7.87,-1.8,-41.0,91.9375,46.25,-0.21386719,-0.057373047,-0.7626343,-0.60772705
4a,1,Left Ankle,5377048,1779735351909,3.9,8.7,-1.74,-36.3125,98.3125,56.125,-0.19604492,-0.053100586,-0.7616577,-0.61535645
4a,4,Right Wrist,31379993,1779735351910,5.600899,-1.6918256,0.8279166,2.45504,-12.038889,38.37373,-145.97824,-25.488953,191.8181,0.0
4a,3,Left Wrist,5177097,1779735351919,17.039492,-8.257334,-1.6917256,53.525776,-51.890297,-103.00078,-101.37192,-30.394041,356.31622,0.0
4a,1,Left Ankle,5377072,1779735351942,2.34,9.31,-0.69,-34.25,129.5,81.1875,-0.16131592,-0.046875,-0.76068115,-0.62701416
4a,2,Right Ankle,2419132,1779735351944,-9.11252,-3.060085,0.42831525,-26.253363,4.5662403,-1.332381,2.0499043,82.73929,235.31665,0.0
4a,1,Left Ankle,5377095,1779735351977,1.88,9.86,-0.93,-32.1875,154.3125,86.3125,-0.13317871,-0.041137695,-0.760376,-0.6343994
4a,1,Left Ankle,5377111,1779735351977,-0.63,9.91,-1.14,-27.75,159.0625,83.125,-0.104003906,-0.034118652,-0.76000977,-0.640625
4a,1,Left Ankle,5377135,1779735351995,-6.36,11.33,-1.7,-26.9375,147.6875,36.75,-0.0791626,-0.023132324,-0.7592163,-0.6456299
4a,3,Left Wrist,5177157,1779735352010,18.71686,-9.212071,-2.333002,28.605776,-81.2903,-92.57077,-101.38542,-30.490244,356.3576,0.0
4a,1,Left Ankle,5377156,1779735352026,-13.71,12.95,-1.64,-23.5,123.3125,6.0,-0.063964844,-0.009094238,-0.7584839,-0.6484375
4a,1,Left Ankle,5377176,1779735352027,-8.19,11.22,-3.79,-11.5625,131.5,-21.0625,-0.049682617,0.008972168,-0.7585449,-0.6496582
4a,4,Right Wrist,31380052,1779735352029,7.5773706,-2.0986054,2.900101,129.78503,28.771112,84.153725,-145.9024,-25.512861,191.7779,0.0
4a,1,Left Ankle,5377195,1779735352066,9.12,7.88,-6.2,-12.3125,99.6875,-34.1875,-0.03845215,0.024658203,-0.7581177,-0.6505127
4a,2,Right Ankle,2419192,1779735352066,-9.179519,-2.4451296,0.47138605,-31.923363,4.9862404,1.5376189,1.4767263,82.763214,234.75911,0.0
4a,1,Left Ankle,5377211,1779735352087,16.41,6.78,-8.21,-19.75,71.8125,-28.0625,-0.03100586,0.032287598,-0.7562256,-0.652771
4a,3,Left Wrist,5177217,1779735352099,18.489542,-9.102001,-3.1776686,82.365776,-128.8203,-82.560776,-101.395905,-30.581093,356.42044,0.0
4a,1,Left Ankle,5377238,1779735352117,-2.31,14.39,-8.96,-37.0,-61.9375,5.875,-0.030578613,0.026672363,-0.75323486,-0.65649414
4a,1,Left Ankle,5377255,1779735352117,5.88,15.0,-0.79,-59.375,-118.8125,-57.0625,-0.052856445,0.022766113,-0.7453613,-0.6641846
4a,4,Right Wrist,31380247,1779735352119,9.233205,-0.57437754,1.2107683,133.35504,219.17111,-75.376274,-145.72021,-25.672224,191.70071,0.0
4a,1,Left Ankle,5377272,1779735352146,3.15,7.5,3.25,-40.3125,-21.75,-26.5,-0.06311035,0.022949219,-0.7398071,-0.6694336
4a,1,Left Ankle,5377295,1779735352148,-6.2,10.34,-1.69,-43.75,50.5625,-43.6875,-0.06335449,0.032165527,-0.7351074,-0.67419434
4a,2,Right Ankle,2419356,1779735352153,-9.701155,-1.3492168,-0.27996024,7.346638,32.49624,-3.5023808,0.58682203,82.84966,233.88266,0.0
4a,3,Left Wrist,5177307,1779735352158,12.533807,-11.176578,-4.673183,39.175777,-114.4703,-21.590778,-101.44507,-30.647291,356.48743,0.0
4a,1,Left Ankle,5377311,1779735352176,-1.34,7.9,-2.17,-43.375,67.125,-30.5,-0.062805176,0.035949707,-0.7330322,-0.67633057
4a,4,Right Wrist,31380266,1779735352179,10.278868,-0.92612237,3.0317063,148.05504,224.84111,-98.40627,-145.6513,-25.791616,191.67892,0.0
4a,1,Left Ankle,5377341,1779735352206,1.71,10.76,0.29,-41.4375,-8.8125,-14.8125,-0.060791016,0.043823242,-0.7260132,-0.68359375
4a,1,Left Ankle,5377351,1779735352209,0.65,11.04,-0.07,-43.0625,-27.0,-8.0625,-0.064941406,0.041870117,-0.7206421,-0.68896484
4a,2,Right Ankle,2419375,1779735352213,-9.770547,-1.9067445,0.6269195,27.99664,36.90624,-5.7423806,0.01168717,82.88484,233.30203,0.0
4a,3,Left Wrist,5177397,1779735352218,10.291732,-10.255341,-6.407979,-167.88423,-70.7203,10.25922,-101.580315,-30.677986,356.54672,0.0
4a,1,Left Ankle,5377377,1779735352237,-2.63,9.44,0.12,-36.375,-13.5625,-11.75,-0.068481445,0.041381836,-0.7159424,-0.6936035
4a,4,Right Wrist,31380353,1779735352248,9.419845,-2.0770705,0.08853444,149.94504,243.0411,-115.486275,-145.5815,-25.926554,191.65813,0.0
4a,1,Left Ankle,5377393,1779735352267,-1.29,8.94,0.07,-33.1875,6.75,-5.9375,-0.068725586,0.04296875,-0.71191406,-0.6975708
4a,1,Left Ankle,5377417,1779735352268,0.04,10.77,0.08,-32.6875,13.1875,-5.8125,-0.0680542,0.045043945,-0.7081909,-0.70129395
4a,3,Left Wrist,5177457,1779735352278,10.545371,-5.8932257,-8.109276,-222.83423,-54.5503,19.079222,-101.73423,-30.711905,356.60052,0.0
4a,1,Left Ankle,5377437,1779735352296,-2.03,11.3,-0.63,-30.25,5.0625,-13.3125,-0.068115234,0.047424316,-0.7047119,-0.7046509
4a,4,Right Wrist,31380413,1779735352299,12.0208435,-0.49541447,-0.32542387,151.41504,214.90111,-149.50627,-145.52786,-26.06179,191.65833,0.0
4a,1,Left Ankle,5377456,1779735352326,-0.03,8.74,0.35,-26.375,5.6875,-17.1875,-0.06921387,0.05041504,-0.70129395,-0.70770264
4a,1,Left Ankle,5377473,1779735352328,-0.45,9.48,0.17,-23.5,1.0625,-18.9375,-0.07092285,0.05303955,-0.6983032,-0.71032715
4a,2,Right Ankle,2419462,1779735352333,-9.650906,-4.613027,2.6703901,-57.053364,15.97624,13.787619,-0.48966977,82.8697,232.8248,0.0
4a,3,Left Wrist,5177517,1779735352339,11.926029,-1.866105,-7.9011006,-58.614223,-26.410301,22.579222,-101.816696,-30.759466,356.6386,0.0
4a,1,Left Ankle,5377493,1779735352358,-1.04,9.91,0.64,-21.75,1.5625,-20.875,-0.07312012,0.055847168,-0.6954346,-0.7126465
4a,4,Right Wrist,31380473,1779735352360,9.592128,-2.7733817,0.35653055,106.40504,174.7211,-167.56627,-145.48341,-26.185905,191.66739,0.0
4a,1,Left Ankle,5377519,1779735352388,-0.75,9.78,0.48,-17.875,7.0625,-19.5625,-0.075805664,0.05810547,-0.69311523,-0.71447754
4a,3,Left Wrist,5177577,1779735352400,11.134006,-5.529516,-8.054241,-32.644222,-28.3003,51.97922,-101.895424,-30.788013,356.67816,0.0
4a,1,Left Ankle,5377538,1779735352417,-1.51,10.09,0.25,-13.4375,7.625,-18.5,-0.07702637,0.061401367,-0.6912842,-0.7158203
4a,1,Left Ankle,5377552,1779735352420,-1.11,9.87,0.57,-9.625,8.8125,-18.875,-0.07824707,0.064697266,-0.6899414,-0.71673584
4a,4,Right Wrist,31380533,1779735352421,7.8956165,-3.6682975,-2.2468605,90.865036,118.931114,-154.19627,-145.44461,-26.298233,191.68294,0.0
4a,1,Left Ankle,5377583,1779735352449,-1.53,9.86,0.23,-9.0,13.125,-19.375,-0.07867432,0.0680542,-0.6888428,-0.7174072
4a,1,Left Ankle,5377596,1779735352449,-0.85,9.99,-0.54,-10.625,16.375,-23.3125,-0.07940674,0.072753906,-0.68756104,-0.71813965
4a,2,Right Ankle,2419625,1779735352453,-9.818402,-3.9645722,5.994021,-287.84338,-78.663765,31.497618,-1.3341193,82.79394,232.16603,0.0
4a,3,Left Wrist,5177637,1779735352457,10.779867,-2.5073814,-7.853244,-29.424223,-14.300301,83.89922,-101.96701,-30.811615,356.70856,0.0
4a,1,Left Ankle,5377621,1779735352478,-1.41,10.21,-0.02,-9.9375,14.8125,-24.9375,-0.08123779,0.080078125,-0.6855469,-0.71899414
4a,4,Right Wrist,31380592,1779735352479,7.385945,-3.9721859,-1.9238294,129.92503,106.401115,-112.126274,-145.38254,-26.395897,191.68552,0.0
4a,1,Left Ankle,5377641,1779735352507,-1.23,9.84,0.25,-6.875,15.125,-28.75,-0.08203125,0.08270264,-0.6850586,-0.7191162
4a,1,Left Ankle,5377658,1779735352508,-1.59,10.04,0.57,-3.75,15.3125,-30.3125,-0.083740234,0.0881958,-0.6843262,-0.71899414
4a,2,Right Ankle,2419749,1779735352512,-9.933258,-5.2734456,-2.440679,-20.933363,-64.94376,-108.22238,-2.468644,82.74655,231.11575,0.0
4a,3,Left Wrist,5177697,1779735352525,11.75614,-3.6272225,-8.69791,-34.53422,-4.290301,101.189224,-102.03878,-30.828217,356.73413,0.0
4a,1,Left Ankle,5377683,1779735352537,-1.37,9.66,0.47,-2.5625,13.75,-33.125,-0.08734131,0.09643555,-0.6833496,-0.7183838
4a,4,Right Wrist,31380653,1779735352540,7.9697943,-4.5727844,-2.2325034,84.84504,105.28111,-70.89628,-145.32869,-26.484625,191.67426,0.0
4a,1,Left Ankle,5377699,1779735352567,-1.64,9.38,0.7,-0.75,11.5,-33.875,-0.08874512,0.099121094,-0.68310547,-0.7180786
4a,2,Right Ankle,2419768,1779735352573,-9.813617,-4.5244927,-2.3617158,-41.443363,-59.34376,-117.25238,-3.25179,82.76521,230.34808,0.0
4a,3,Left Wrist,5177757,1779735352579,13.490936,-1.3492554,-8.271988,15.025777,-27.1803,82.84922,-102.08949,-30.857464,356.76562,0.0
4a,1,Left Ankle,5377724,1779735352600,-1.94,9.85,1.03,2.5625,13.8125,-36.4375,-0.09259033,0.10772705,-0.68273926,-0.7166748
4a,1,Left Ankle,5377742,1779735352600,-1.64,10.2,1.29,2.875,15.625,-34.6875,-0.0947876,0.11376953,-0.68273926,-0.71551514
4a,4,Right Wrist,31380712,1779735352609,7.764011,-3.251946,-2.0961127,21.84504,116.55112,-39.53627,-145.30023,-26.574184,191.65439,0.0
4a,1,Left Ankle,5377760,1779735352627,-2.01,9.7,0.22,2.9375,19.625,-37.75,-0.09588623,0.1171875,-0.6826782,-0.71484375
4a,2,Right Ankle,2419822,1779735352633,-9.94283,-2.8925877,-2.3808584,-80.713356,-37.223763,-144.90239,-4.0174375,82.79786,229.61018,0.0
4a,3,Left Wrist,5177817,1779735352638,12.856837,-2.3231342,-8.525627,21.955776,-25.2203,78.019226,-102.14162,-30.885828,356.7988,0.0
4a,4,Right Wrist,31380773,1779735352659,8.357431,-2.2613177,-2.210968,73.08504,114.17111,-30.576271,-145.26216,-26.66348,191.63629,0.0
4a,1,Left Ankle,5377782,1779735352659,-2.44,8.63,-0.1,2.9375,12.4375,-33.5,-0.100097656,0.12524414,-0.68237305,-0.7131958
4a,1,Left Ankle,5377805,1779735352660,-2.46,8.96,0.0,-0.8125,-1.125,-28.375,-0.10498047,0.1272583,-0.68200684,-0.7125244
4a,1,Left Ankle,5377822,1779735352687,-2.28,9.49,0.65,1.75,-0.875,-25.25,-0.1083374,0.13000488,-0.68151855,-0.7119751
4a,2,Right Ankle,2419882,1779735352693,-10.667854,-0.12648442,-0.9523434,-105.213356,-8.31376,-141.54239,-4.483669,82.847336,229.17789,0.0
4a,3,Left Wrist,5177876,1779735352698,14.266211,-0.37537652,-7.269395,48.555775,-30.6803,43.99922,-102.174736,-30.931461,356.83072,0.0
4a,1,Left Ankle,5377843,1779735352717,-2.92,9.47,1.29,1.8125,10.6875,-25.0,-0.11053467,0.13378906,-0.68133545,-0.7111206
4a,4,Right Wrist,31380833,1779735352719,7.5749784,-3.5845485,-3.7663028,15.26504,97.37112,-54.23627,-145.24391,-26.756983,191.62708,0.0
4a,1,Left Ankle,5377862,1779735352719,-2.84,10.09,1.43,-1.125,23.0625,-29.1875,-0.111450195,0.13934326,-0.6810303,-0.7102051
4a,1,Left Ankle,5377883,1779735352746,-2.23,11.22,1.3,-1.625,34.875,-39.125,-0.11212158,0.14746094,-0.680542,-0.70892334
4a,2,Right Ankle,2419942,1779735352753,-9.847116,3.3263586,1.1270194,-167.86336,1.1362402,-92.75238,-4.199581,82.853065,229.51376,0.0
4a,3,Left Wrist,5177937,1779735352757,12.593627,-12.174385,-7.893922,-32.924225,-38.5903,-8.08078,-102.25734,-30.97144,356.8791,0.0
4a,1,Left Ankle,5377907,1779735352776,-2.5,10.58,1.2,-2.0625,38.8125,-55.6875,-0.11419678,0.15771484,-0.67974854,-0.7070923
4a,4,Right Wrist,31380893,1779735352780,3.1434708,-0.45712945,-10.858629,177.10504,33.74111,-31.206272,-145.26495,-26.756214,191.66638,0.0
4a,1,Left Ankle,5377937,1779735352808,-3.53,9.95,1.97,-4.6875,45.875,-63.4375,-0.1171875,0.17706299,-0.6776123,-0.70410156
4a,1,Left Ankle,5377953,1779735352808,-3.49,11.31,-0.14,5.375,68.9375,-69.375,-0.11846924,0.19207764,-0.677063,-0.7005005
4a,2,Right Ankle,2420002,1779735352813,-8.57892,11.098248,4.4841495,-150.36336,3.0262403,37.37762,-3.668155,82.84133,230.09482,0.0
4a,3,Left Wrist,5177997,1779735352821,13.048264,-1.1099731,-7.970492,-11.294224,7.469699,-6.820778,-102.31389,-31.033894,356.90445,0.0
4a,1,Left Ankle,5377975,1779735352837,-2.58,15.1,1.22,10.625,68.125,-76.0625,-0.120910645,0.20910645,-0.6766968,-0.6954956
4a,4,Right Wrist,31380953,1779735352839,-0.9721841,-5.290631,-7.259824,-4.68496,15.051111,-50.66627,-145.26881,-26.696087,191.67769,0.0
4a,1,Left Ankle,5377995,1779735352868,-3.63,8.14,2.25,5.25,61.6875,-85.75,-0.12322998,0.22589111,-0.67559814,-0.69091797
4a,1,Left Ankle,5378009,1779735352869,-5.46,7.73,0.89,3.625,84.125,-68.6875,-0.12249756,0.23468018,-0.675354,-0.6883545
4a,2,Right Ankle,2420062,1779735352876,-14.139841,-1.0214001,-4.388437,-156.38336,-92.52376,63.62762,-3.6296756,82.86856,230.1902,0.0
4a,3,Left Wrist,5178057,1779735352879,12.861624,-4.280463,-8.279166,128.63577,19.2997,-8.220779,-102.32417,-31.093931,356.92776,0.0
4a,1,Left Ankle,5378032,1779735352900,-3.81,11.77,0.65,3.3125,118.6875,-48.6875,-0.111328125,0.26397705,-0.6762085,-0.67871094
4a,4,Right Wrist,31381013,1779735352900,0.65972084,-3.103591,-2.2205393,-51.234962,83.30112,-68.026276,-145.23145,-26.6931,191.65549,0.0
4a,1,Left Ankle,5378054,1779735352939,-2.9,13.95,1.76,4.0625,100.75,-45.4375,-0.10498047,0.28100586,-0.6762085,-0.6729126
4a,1,Left Ankle,5378075,1779735352939,-3.15,7.3,4.9,-2.8125,94.8125,-56.6875,-0.10003662,0.29919434,-0.67437744,-0.66760254
4a,2,Right Ankle,2420123,1779735352939,-8.492779,0.23243895,-1.1653047,2.5166383,-61.793762,95.617615,-3.3173044,82.90597,230.50356,0.0
4a,3,Left Wrist,5178117,1779735352939,13.787646,-3.8425765,-7.1210403,102.38577,23.7797,-2.3407784,-102.3331,-31.159166,356.94406,0.0
4a,1,Left Ankle,5378096,1779735352962,-6.18,9.13,4.07,-16.5625,128.0625,-56.75,-0.08911133,0.32165527,-0.67126465,-0.6618042
4a,4,Right Wrist,31381073,1779735352962,6.392924,2.600898,-2.7708886,-82.73496,84.42111,-39.886272,-145.29175,-26.76913,191.66484,0.0
4a,1,Left Ankle,5378114,1779735352990,-9.12,5.8,2.28,-35.875,198.1875,-55.625,-0.071777344,0.34936523,-0.66674805,-0.6543579
4a,2,Right Ankle,2420182,1779735352994,-8.741632,-3.7444324,2.4550362,6.5766377,-43.10376,62.85762,-3.6273777,82.865265,230.19637,0.0
4a,3,Left Wrist,5178177,1779735352999,14.531813,-4.4072824,-6.1902323,18.315777,15.239698,9.209221,-102.36478,-31.223593,356.95874,0.0
4a,1,Left Ankle,5378136,1779735353022,-10.21,6.68,-0.4,-29.5,204.0625,-65.8125,-0.05596924,0.37939453,-0.66156006,-0.6444092
4a,1,Left Ankle,5378149,1779735353023,-7.84,6.58,-4.8,-18.8125,154.875,-88.5625,-0.051513672,0.39282227,-0.65838623,-0.6399536
4a,4,Right Wrist,31381132,1779735353023,8.745069,3.5293128,-3.7950165,37.175037,-5.458889,-41.77627,-145.31949,-26.819817,191.69487,0.0
4a,1,Left Ankle,5378172,1779735353047,-6.11,5.25,-8.18,-21.6875,45.25,-92.5625,-0.05053711,0.42077637,-0.64642334,-0.63446045
4a,1,Left Ankle,5378194,1779735353047,-4.73,4.52,-10.11,-13.875,22.6875,-97.125,-0.05883789,0.43328857,-0.6385498,-0.6333008
4a,2,Right Ankle,2420242,1779735353059,-9.923687,-1.81821,0.5694918,5.876638,-30.22376,52.21762,-4.0363016,82.87748,229.79094,0.0
4a,3,Left Wrist,5178237,1779735353059,18.807787,6.831805,-9.827322,334.92578,-49.0903,-95.51077,-102.30306,-31.310612,357.00775,0.0
4a,1,Left Ankle,5378209,1779735353077,-2.04,3.98,-11.33,17.625,3.6875,-101.75,-0.0647583,0.43878174,-0.6358032,-0.63165283
4a,4,Right Wrist,31381193,1779735353079,8.852745,-2.6537406,0.4833502,3.08504,-52.848885,-28.96627,-145.31296,-26.85058,191.7092,0.0
4a,1,Left Ankle,5378232,1779735353106,0.33,3.61,-10.27,56.4375,0.0625,-106.5,-0.08691406,0.4547119,-0.6326904,-0.6207886
4a,1,Left Ankle,5378252,1779735353107,6.34,1.96,-8.04,72.75,24.0,-60.0,-0.098083496,0.46350098,-0.63446045,-0.6107788
4a,2,Right Ankle,2420302,1779735353114,-5.7171044,-1.1195058,3.359523,3.1466374,-14.82376,42.97762,-4.0391083,82.82523,229.78894,0.0
4a,3,Left Wrist,5178297,1779735353118,25.017162,-2.2226355,12.050255,431.31577,-99.490295,-73.74078,-102.14977,-31.368488,357.04,0.0
4a,1,Left Ankle,5378275,1779735353145,9.36,2.3,-6.12,67.8125,-13.3125,-30.9375,-0.10662842,0.4658203,-0.63934326,-0.602417
4a,4,Right Wrist,31381252,1779735353145,2.2198412,-4.036792,-5.1326046,-5.52496,-25.548887,-18.536272,-145.28777,-26.777044,191.70624,0.0
4a,2,Right Ankle,2420362,1779735353175,-14.19966,-3.100763,2.9072795,-10.013362,-41.77376,67.547615,-4.3495893,82.78346,229.4874,0.0
4a,1,Left Ankle,5378295,1779735353175,-12.94,8.73,0.01,52.625,-81.125,58.4375,-0.1149292,0.45458984,-0.64611816,-0.6022339
4a,3,Left Wrist,5178357,1779735353178,15.371694,-9.015859,13.897514,1236.8757,-240.4003,-9.270779,-101.72682,-31.377186,357.11536,0.0
4a,1,Left Ankle,5378323,1779735353199,-25.5,20.43,-0.24,48.125,-242.1875,-63.4375,-0.14129639,0.4343872,-0.6461792,-0.61138916
4a,1,Left Ankle,5378342,1779735353199,4.11,12.09,0.32,66.875,-136.8125,-78.3125,-0.19116211,0.41693115,-0.64068604,-0.6157837
4a,4,Right Wrist,31381313,1779735353200,-2.2499516,-7.8748794,1.8329021,-69.43496,90.931114,60.073727,-145.25644,-26.776175,191.64967,0.0
4a,1,Left Ankle,5378363,1779735353226,-3.59,11.88,2.37,83.5625,-146.75,-87.0,-0.22137451,0.40759277,-0.63830566,-0.61431885
4a,2,Right Ankle,2420422,1779735353235,-10.825781,-1.8995662,1.5577275,27.296638,-23.43376,73.98762,-4.7143955,82.76367,229.11932,0.0
4a,3,Left Wrist,5178416,1779735353238,10.863617,-14.600707,31.920254,929.6458,56.609703,217.94922,-101.338715,-31.311985,357.0528,0.0
4a,1,Left Ankle,5378387,1779735353256,-4.79,13.59,4.19,65.9375,-117.5625,-129.75,-0.25177002,0.40496826,-0.63256836,-0.6102905
4a,1,Left Ankle,5378405,1779735353259,-6.13,7.44,7.2,34.5,-82.4375,-124.625,-0.27819824,0.40570068,-0.62493896,-0.60614014
4a,4,Right Wrist,31381373,1779735353259,-5.997112,-2.3163528,-19.09951,-14.06496,-2.168888,124.61372,-145.2906,-26.689848,191.63129,0.0
4a,1,Left Ankle,5378436,1779735353293,-9.64,5.59,5.17,7.25,-36.375,-132.9375,-0.30517578,0.42010498,-0.6098633,-0.59869385
4a,2,Right Ankle,2420482,1779735353296,-10.000257,0.074512675,1.861616,25.546638,-30.43376,47.66762,-4.412368,82.70416,229.41241,0.0
4a,3,Left Wrist,5178477,1779735353299,17.331415,-2.7394853,17.37907,-496.18423,199.2697,126.31923,-101.43017,-31.308378,356.94455,0.0
4a,1,Left Ankle,5378448,1779735353322,-8.75,3.22,1.5,2.375,8.8125,-130.375,-0.31140137,0.42718506,-0.6055298,-0.59484863
4a,4,Right Wrist,31381433,1779735353322,0.35583237,-1.8497523,-2.2851455,-365.04495,-178.1489,87.16373,-145.40508,-26.54771,191.63463,0.0
4a,1,Left Ankle,5378476,1779735353345,-8.7,2.97,1.07,4.5,40.5625,-124.3125,-0.32489014,0.4512329,-0.5958252,-0.5795288
4a,2,Right Ankle,2420542,1779735353353,-8.581313,1.1321403,1.9549361,-25.693363,-73.76376,53.40762,-3.8339226,82.6471,229.99767,0.0
4a,3,Left Wrist,5178537,1779735353357,12.911873,-9.831812,7.0277205,-414.28424,285.6497,172.72922,-101.46425,-31.297668,356.7933,0.0
4a,1,Left Ankle,5378493,1779735353374,-8.23,3.54,-0.82,4.6875,54.25,-118.6875,-0.33135986,0.46783447,-0.5901489,-0.5683594
4a,1,Left Ankle,5378511,1779735353384,-8.23,4.83,-3.69,10.9375,46.875,-114.1875,-0.33917236,0.4822998,-0.58483887,-0.5570679
4a,4,Right Wrist,31381493,1779735353384,-3.0635114,4.1777687,2.955136,-249.47496,-222.5289,-56.12627,-145.53008,-26.492434,191.70541,0.0
4a,1,Left Ankle,5378533,1779735353406,-7.25,5.66,-7.55,23.5,26.9375,-112.0,-0.34960938,0.49353027,-0.57940674,-0.5463257
4a,1,Left Ankle,5378550,1779735353406,-7.36,4.15,-7.92,35.0,-3.5,-105.8125,-0.3560791,0.49749756,-0.57647705,-0.541626
4a,3,Left Wrist,5178597,1779735353420,8.4731865,-6.7283206,6.6855464,-342.11423,242.3897,167.47922,-101.48143,-31.279066,356.65933,0.0
4a,2,Right Ankle,2420602,1779735353420,-9.148412,-0.89218765,3.2853453,-10.853362,-78.31376,21.48762,-3.8883994,82.56993,229.9486,0.0
4a,1,Left Ankle,5378573,1779735353435,-8.15,3.09,-5.69,44.3125,-56.6875,-99.0,-0.38171387,0.50183105,-0.5663452,-0.53082275
4a,4,Right Wrist,31381553,1779735353438,-0.060518768,2.6966112,13.04567,80.57504,50.751114,-106.666275,-145.50313,-26.536732,191.72444,0.0
4a,1,Left Ankle,5378595,1779735353466,-9.21,1.53,0.02,45.0,-70.5,-94.75,-0.4006958,0.5018921,-0.5576172,-0.52593994
4a,1,Left Ankle,5378610,1779735353467,-9.26,0.87,1.35,42.1875,-69.5,-92.25,-0.4100952,0.5014038,-0.5534668,-0.5235596
4a,2,Right Ankle,2420663,1779735353472,-7.894573,0.8234662,4.1491547,1.8166375,-45.55376,30.097618,-3.6671858,82.50737,230.1689,0.0
4a,3,Left Wrist,5178657,1779735353481,10.507086,-0.39691192,-1.268196,-255.94421,169.0297,100.27922,-101.54158,-31.321192,356.58878,0.0
4a,1,Left Ankle,5378637,1779735353497,-10.08,0.41,2.87,32.6875,-50.375,-86.1875,-0.4326172,0.50335693,-0.54138184,-0.5161133
4a,4,Right Wrist,31381613,1779735353499,5.3640103,-0.9883359,11.949757,-103.73496,312.9711,-38.41627,-145.49873,-26.65041,191.6608,0.0
4a,1,Left Ankle,5378655,1779735353529,-11.09,1.36,3.98,18.8125,-11.5,-82.375,-0.44378662,0.5071411,-0.53533936,-0.5091553
4a,1,Left Ankle,5378672,1779735353530,-10.11,2.75,3.66,15.125,0.0625,-82.0,-0.45147705,0.513916,-0.52996826,-0.50128174
4a,2,Right Ankle,2420722,1779735353533,-7.0953703,1.0555699,5.1996036,1.1166377,-38.133762,24.497618,-3.4785357,82.44836,230.35675,0.0
4a,3,Left Wrist,5178717,1779735353539,13.725432,-9.43221,-10.305887,57.585777,25.8797,67.939224,-101.57987,-31.34032,356.6075,0.0
4a,1,Left Ankle,5378693,1779735353560,-9.03,2.41,0.64,8.9375,16.0,-76.4375,-0.45739746,0.5214844,-0.5252075,-0.49298096
4a,4,Right Wrist,31381672,1779735353560,14.320346,1.1604186,0.5455636,-112.97496,322.77112,46.35373,-145.50162,-26.77591,191.57541,0.0
4a,1,Left Ankle,5378732,1779735353592,-9.51,0.19,-3.12,12.8125,0.75,-71.5,-0.47070312,0.5326538,-0.5151367,-0.47888184
4a,1,Left Ankle,5378710,1779735353593,-9.34,0.97,-1.57,9.25,13.0,-73.6875,-0.46038818,0.5247803,-0.52301025,-0.48901367
4a,2,Right Ankle,2420782,1779735353604,-7.059478,1.0675341,5.5369916,1.1166377,-18.95376,23.797619,-3.3041067,82.39615,230.53044,0.0
4a,3,Left Wrist,5178777,1779735353604,17.075384,-8.893826,6.41755,224.32578,58.7097,49.66922,-101.45155,-31.36775,356.56137,0.0
4a,1,Left Ankle,5378753,1779735353616,-9.39,-0.28,-3.46,18.6875,-24.25,-66.375,-0.4796753,0.5352173,-0.5091553,-0.47351074
4a,4,Right Wrist,31381733,1779735353623,6.323532,-1.2922242,-3.3116665,69.09504,6.6511116,28.433727,-145.48557,-26.83009,191.57056,0.0
4a,1,Left Ankle,5378772,1779735353647,-9.62,-1.88,-1.87,19.1875,-30.625,-60.625,-0.48876953,0.5361328,-0.5027466,-0.4699707
4a,1,Left Ankle,5378793,1779735353648,-9.82,-2.24,0.11,16.0,-30.8125,-52.875,-0.49731445,0.53674316,-0.496521,-0.46697998
4a,2,Right Ankle,2420842,1779735353653,-7.1097274,1.3211732,5.721239,1.6066375,-4.1837597,14.83762,-3.1428645,82.34934,230.6904,0.0
4a,3,Left Wrist,5178837,1779735353658,16.077576,-10.255341,-4.400401,87.47577,93.9897,27.549221,-101.42424,-31.43728,356.53394,0.0
4a,1,Left Ankle,5378815,1779735353694,-9.33,-2.94,0.91,14.0,-25.25,-50.875,-0.5040283,0.5385132,-0.49121094,-0.46331787
4a,4,Right Wrist,31381792,1779735353694,-3.4511483,-1.6463621,6.0849476,114.24504,-44.16889,18.213728,-145.43065,-26.809917,191.56691,0.0
4a,1,Left Ankle,5378833,1779735353706,-11.76,0.19,2.86,8.6875,22.1875,-51.8125,-0.5073242,0.54351807,-0.48876953,-0.4564209
4a,1,Left Ankle,5378857,1779735353707,-12.13,1.45,3.7,-11.75,41.4375,-35.75,-0.50683594,0.5499878,-0.48797607,-0.45007324
4a,2,Right Ankle,2420902,1779735353713,-8.11232,1.7734166,4.412365,-5.813362,-0.40375984,-3.782381,-2.9463344,82.305016,230.88708,0.0
4a,3,Left Wrist,5178897,1779735353718,12.282559,-13.720148,0.6053842,139.55577,127.37971,15.929222,-101.30305,-31.481531,356.45798,0.0
4a,1,Left Ankle,5378877,1779735353736,-7.37,-2.82,-3.31,-47.75,17.5,-31.8125,-0.50341797,0.55822754,-0.48394775,-0.44805908
4a,4,Right Wrist,31381853,1779735353739,-1.6230319,6.2379885,0.0957129,-100.16496,-50.18889,88.07372,-145.48466,-26.778887,191.56175,0.0
4a,1,Left Ankle,5378896,1779735353765,-7.19,-4.44,-7.0,-29.4375,-9.0625,-7.875,-0.5014038,0.5621948,-0.47930908,-0.45037842
4a,2,Right Ankle,2420962,1779735353773,-4.0660567,2.161054,5.144569,-24.853363,-3.5537596,-34.09238,-2.8754568,82.26196,230.96423,0.0
4a,3,Left Wrist,5178957,1779735353778,10.638691,-11.547465,1.8185452,121.285774,-95.7803,14.529221,-101.232315,-31.503756,356.47028,0.0
4a,1,Left Ankle,5378942,1779735353801,-10.52,-0.46,-1.4,21.1875,-55.0625,19.875,-0.5102539,0.54919434,-0.47601318,-0.45983887
4a,1,Left Ankle,5378920,1779735353801,-8.28,-1.76,-5.13,10.25,-30.25,7.0625,-0.50305176,0.5600586,-0.47790527,-0.45263672
4a,4,Right Wrist,31381913,1779735353801,1.0042874,0.3779659,0.038285162,142.24504,-97.01888,-18.676271,-145.45987,-26.793356,191.5949,0.0
4a,1,Left Ankle,5378956,1779735353827,-10.77,1.25,1.78,22.375,-53.0,11.875,-0.51220703,0.54644775,-0.4743042,-0.46270752
4a,2,Right Ankle,2421022,1779735353845,-9.251304,0.86414415,5.166104,-23.453363,12.68624,-37.24238,-2.8761458,82.21777,230.96999,0.0
4a,3,Left Wrist,5179017,1779735353846,19.523241,-5.6252294,-17.422142,323.72577,-855.14026,-53.09078,-101.37055,-31.507868,356.85422,0.0
4a,1,Left Ankle,5378983,1779735353857,-11.27,1.5,3.17,18.25,-32.9375,0.8125,-0.5186157,0.5401001,-0.4720459,-0.46533203
4a,1,Left Ankle,5379000,1779735353858,-10.51,0.53,3.4,6.8125,-15.4375,-10.125,-0.5199585,0.5396118,-0.4711914,-0.465271
4a,4,Right Wrist,31381973,1779735353867,3.7751763,3.2780666,2.036292,-33.52496,0.7711115,80.09373,-145.4693,-26.804796,191.57317,0.0
4a,1,Left Ankle,5379027,1779735353887,-9.51,-0.28,2.94,-7.3125,1.5625,-14.625,-0.5206299,0.54211426,-0.4689331,-0.4638672
4a,3,Left Wrist,5179077,1779735353899,10.593227,-8.8124695,-0.971486,151.31577,-155.91031,-85.36078,-101.34002,-31.593832,356.91638,0.0
4a,1,Left Ankle,5379045,1779735353917,-10.43,0.25,1.01,-17.375,31.4375,-13.125,-0.51794434,0.54663086,-0.46868896,-0.461792
4a,1,Left Ankle,5379060,1779735353919,-10.78,0.44,0.41,-14.5,39.8125,-17.0,-0.51605225,0.5498047,-0.46868896,-0.46014404
4a,4,Right Wrist,31382033,1779735353920,2.545265,-0.1412766,3.3020952,-14.62496,3.5711117,79.60372,-145.4489,-26.811174,191.54057,0.0
4a,2,Right Ankle,2421083,1779735353924,-8.212818,-0.41601595,5.517849,-4.273362,2.2562404,-32.20238,-2.9709625,82.16935,230.87604,0.0
4a,1,Left Ankle,5379083,1779735353955,-10.34,-0.35,-1.27,-6.125,30.8125,-25.0,-0.51312256,0.5579834,-0.46929932,-0.45288086
4a,3,Left Wrist,5179137,1779735353958,9.77249,-16.57957,9.7196455,144.94577,-326.2903,-20.190777,-101.30669,-31.581182,357.0218,0.0
4a,1,Left Ankle,5379102,1779735353977,-8.4,-1.7,-2.34,-5.0625,22.125,-21.75,-0.5128174,0.5598755,-0.46905518,-0.45111084
4a,1,Left Ankle,5379125,1779735353978,-8.14,-2.0,-2.51,-3.5,6.1875,-7.25,-0.5125122,0.56311035,-0.46801758,-0.4486084
4a,4,Right Wrist,31382092,1779735353979,1.0665007,-1.0457635,2.4741786,24.43504,-8.048889,66.723724,-145.40953,-26.809507,191.51097,0.0
4a,2,Right Ankle,2421142,1779735353983,-6.760375,-0.2796251,5.1996036,-0.14336205,-10.413759,-28.492382,-3.0422885,82.11723,230.80414,0.0
4a,1,Left Ankle,5379145,1779735354013,-8.86,-1.24,-2.33,-2.8125,2.9375,-3.625,-0.51239014,0.5635376,-0.46759033,-0.44854736
4a,3,Left Wrist,5179197,1779735354020,-0.21754502,-23.1383,22.46382,-773.6642,-109.920296,120.36922,-101.55024,-31.518438,357.03275,0.0
4a,1,Left Ankle,5379163,1779735354041,-9.65,-0.57,-1.39,-0.1875,-12.625,5.1875,-0.5128174,0.5626831,-0.46679688,-0.4500122
4a,4,Right Wrist,31382153,1779735354042,1.4278169,2.3544378,1.9549361,96.39504,-8.958889,69.24372,-145.37358,-26.812561,191.49376,0.0
4a,2,Right Ankle,2421232,1779735354043,-9.193876,-0.73904705,5.1014977,-10.433362,5.26624,-4.972381,-3.1029532,82.06949,230.74744,0.0
4a,1,Left Ankle,5379187,1779735354065,-10.75,0.08,-0.12,1.1875,-14.875,7.1875,-0.51348877,0.5609131,-0.46624756,-0.45202637
4a,1,Left Ankle,5379205,1779735354066,-10.63,0.02,0.55,2.125,-11.625,-0.375,-0.5144043,0.5596924,-0.46539307,-0.4533081
4a,3,Left Wrist,5179257,1779735354078,6.25504,24.533907,-2.498107,-704.08417,51.149696,-13.33078,-101.79962,-31.55437,357.0205,0.0
4a,1,Left Ankle,5379237,1779735354097,-10.04,-0.47,1.31,0.125,-3.75,-5.8125,-0.51556396,0.55999756,-0.4640503,-0.45306396
4a,4,Right Wrist,31382212,1779735354100,3.6722846,-0.45234337,-0.43788654,74.55504,0.84111214,35.643726,-145.34013,-26.852465,191.48111,0.0
4a,2,Right Ankle,2421292,1779735354103,-7.14562,-0.0044504767,4.9316072,-11.273362,19.54624,10.567619,-3.0596457,82.02807,230.79471,0.0
4a,1,Left Ankle,5379253,1779735354130,-9.71,-0.65,1.18,-3.6875,11.5625,-8.875,-0.5152588,0.5616455,-0.46380615,-0.45159912
4a,1,Left Ankle,5379273,1779735354130,-10.3,-0.37,0.54,-7.5625,19.5,-7.125,-0.5137329,0.5640869,-0.46417236,-0.44989014
4a,3,Left Wrist,5179317,1779735354146,5.3912315,-12.102599,1.8329021,564.1058,-71.490295,27.61922,-101.559715,-31.523857,357.01727,0.0
4a,1,Left Ankle,5379294,1779735354156,-9.98,-0.49,-0.25,-7.9375,22.875,-9.4375,-0.5118408,0.56744385,-0.46466064,-0.4473877
4a,4,Right Wrist,31382273,1779735354159,4.5935216,-0.37816638,-0.61016977,24.855042,11.831112,16.253727,-145.32838,-26.899786,191.47346,0.0
4a,2,Right Ankle,2421352,1779735354163,-8.473637,0.11279784,4.505685,0.34663773,27.52624,17.637619,-2.9810967,81.98832,230.8731,0.0
4a,1,Left Ankle,5379312,1779735354187,-9.76,-0.53,-0.57,-11.0,21.9375,-13.0625,-0.5097656,0.5713501,-0.46429443,-0.44506836
4a,3,Left Wrist,5179377,1779735354198,19.726631,-22.202707,-4.2041893,101.54578,-17.7303,-1.5707779,-101.52239,-31.596066,357.0215,0.0
4a,1,Left Ankle,5379342,1779735354216,-10.66,-0.48,-0.74,-12.5625,10.875,-6.625,-0.50805664,0.57403564,-0.46374512,-0.44415283
4a,1,Left Ankle,5379352,1779735354217,-9.72,-0.97,-1.5,-8.25,8.75,-5.8125,-0.506958,0.57598877,-0.46331787,-0.44335938
4a,4,Right Wrist,31382333,1779735354219,5.1414776,-0.30398878,-0.65084773,15.26504,27.091112,-5.9362717,-145.32266,-26.955687,191.47,0.0
4a,2,Right Ankle,2421413,1779735354222,-8.502351,-0.19109064,4.668397,-7.633362,24.096241,19.73762,-2.932825,81.94738,230.92442,0.0
4a,1,Left Ankle,5379372,1779735354246,-9.13,-0.91,-1.96,-4.0,6.0625,-3.3125,-0.5062256,0.5772705,-0.46313477,-0.442688
4a,3,Left Wrist,5179437,1779735354261,21.770102,-24.200712,-3.5365918,-298.08423,38.899696,54.149223,-101.59709,-31.647747,356.99164,0.0
4a,4,Right Wrist,31382393,1779735354283,5.545865,-1.3496523,-1.3974085,15.89504,20.371113,-4.746272,-145.31139,-27.012812,191.46501,0.0
4a,1,Left Ankle,5379419,1779735354283,-9.67,-0.64,-2.11,5.0625,-7.375,-6.4375,-0.50738525,0.5774536,-0.46258545,-0.44171143
4a,1,Left Ankle,5379397,1779735354283,-9.85,-0.52,-2.21,0.75,2.625,-2.625,-0.5061035,0.5778198,-0.46313477,-0.4421997
4a,2,Right Ankle,2421472,1779735354283,-8.540635,0.34729448,4.1180477,-10.013362,12.6162405,13.857618,-2.8352466,81.90257,231.02525,0.0
4a,1,Left Ankle,5379433,1779735354305,-9.74,-0.66,-1.39,5.375,-15.875,-6.0625,-0.50946045,0.576416,-0.46124268,-0.44207764
4a,1,Left Ankle,5379456,1779735354306,-9.56,-1.04,-0.23,4.5625,-18.125,-5.25,-0.5117798,0.5751343,-0.45947266,-0.44293213
4a,3,Left Wrist,5179497,1779735354317,18.812572,-10.599907,-5.65424,265.41577,-16.8903,167.82922,-101.52939,-31.660536,356.99957,0.0
4a,1,Left Ankle,5379476,1779735354345,-9.86,-0.85,0.48,4.125,-15.9375,0.375,-0.51361084,0.57354736,-0.45825195,-0.44415283
4a,4,Right Wrist,31382453,1779735354345,5.2898326,-2.2326035,-0.8063812,5.6750402,3.7111115,14.573729,-145.289,-27.055359,191.45134,0.0
4a,1,Left Ankle,5379497,1779735354366,-10.39,-0.61,0.81,1.0625,-7.9375,1.5,-0.51446533,0.57250977,-0.4576416,-0.4451294
4a,1,Left Ankle,5379515,1779735354366,-10.01,-0.49,0.07,0.375,0.625,-2.375,-0.5147095,0.5723877,-0.45751953,-0.44506836
4a,2,Right Ankle,2421532,1779735354376,-8.356388,0.52675617,4.156333,-1.7533622,6.03624,5.597619,-2.7357635,81.85562,231.12454,0.0
4a,3,Left Wrist,5179557,1779735354378,17.142384,-18.666113,-4.85743,73.12577,42.539696,219.06923,-101.505356,-31.662289,356.97498,0.0
4a,1,Left Ankle,5379543,1779735354397,-9.89,-0.58,-0.98,1.25,5.25,-2.4375,-0.5147095,0.572876,-0.45770264,-0.44433594
4a,4,Right Wrist,31382513,1779735354399,4.9476595,-0.7370897,-0.06699903,-3.56496,8.331112,19.893728,-145.27985,-27.097351,191.44005,0.0
4a,1,Left Ankle,5379558,1779735354426,-9.74,-0.96,-1.09,2.1875,0.6875,-2.25,-0.5150757,0.572876,-0.4580078,-0.44354248
4a,2,Right Ankle,2421592,1779735354433,-8.401852,0.84260875,3.67059,3.006638,0.5762402,3.007619,-2.584801,81.80789,231.27313,0.0
4a,3,Left Wrist,5179617,1779735354438,10.68894,-12.294025,-5.2785664,119.395775,39.319702,275.8392,-101.503296,-31.612226,356.968,0.0
4a,1,Left Ankle,5379582,1779735354457,-9.4,-1.1,-1.11,0.625,-4.8125,-0.25,-0.515625,0.57250977,-0.45758057,-0.44378662
4a,1,Left Ankle,5379602,1779735354458,-9.7,-0.88,-0.93,0.5625,-8.9375,2.5,-0.5157471,0.57214355,-0.456604,-0.4451294
4a,4,Right Wrist,31382573,1779735354459,4.7299123,-0.3925228,-0.808774,1.2650399,8.051111,9.883728,-145.2791,-27.14602,191.43596,0.0
4a,1,Left Ankle,5379627,1779735354487,-9.97,-0.66,-0.75,3.1875,-8.4375,0.75,-0.51660156,0.571167,-0.45617676,-0.44586182
4a,2,Right Ankle,2421682,1779735354493,-8.339638,-0.03316435,4.7832527,14.976637,4.5662403,-7.002381,-2.5791354,81.75997,231.27325,0.0
4a,3,Left Wrist,5179677,1779735354499,11.265611,4.5873375,-4.575077,-298.71423,32.179703,173.91922,-101.62561,-31.61332,356.95773,0.0
4a,1,Left Ankle,5379645,1779735354516,-10.01,-0.59,-0.22,3.4375,-6.1875,-0.125,-0.51745605,0.57037354,-0.45581055,-0.44628906
4a,4,Right Wrist,31382632,1779735354520,5.0792646,-0.3350953,-0.5742774,-4.61496,7.3511114,-5.5862722,-145.28142,-27.195885,191.43642,0.0
4a,1,Left Ankle,5379673,1779735354547,-10.07,-0.65,0.12,2.8125,-4.5,-1.625,-0.5181885,0.5698242,-0.45550537,-0.44641113
4a,1,Left Ankle,5379691,1779735354549,-10.01,-0.74,-0.19,0.9375,-1.625,-3.1875,-0.51904297,0.56970215,-0.45495605,-0.446167
4a,3,Left Wrist,5179737,1779735354559,9.51885,1.2517428,-1.0360922,125.90577,-22.6303,-25.860775,-101.59807,-31.681765,356.97446,0.0
4a,1,Left Ankle,5379706,1779735354577,-9.23,-1.05,-0.48,4.0,-3.25,-3.5,-0.51934814,0.5696411,-0.45465088,-0.44610596
4a,4,Right Wrist,31382693,1779735354580,4.978766,-1.6678976,-0.8063812,-11.75496,3.4311118,-4.2562723,-145.27293,-27.244041,191.43114,0.0
4a,2,Right Ankle,2421742,1779735354584,-8.157784,0.48368537,3.5676987,15.816637,3.9362402,-5.672381,-2.493101,81.711815,231.35265,0.0
4a,1,Left Ankle,5379731,1779735354617,-10.2,-0.58,-0.96,1.875,-4.875,2.625,-0.5199585,0.5689087,-0.45440674,-0.44665527
4a,1,Left Ankle,5379748,1779735354617,-9.78,-0.81,-0.73,4.0,-5.625,-0.125,-0.5206909,0.5682373,-0.4543457,-0.44677734
4a,3,Left Wrist,5179797,1779735354620,11.961922,-1.4832534,0.04785645,-100.61423,21.4697,-127.78078,-101.63155,-31.788754,356.975,0.0
4a,1,Left Ankle,5379773,1779735354639,-9.94,-0.68,-0.17,2.375,-8.375,0.5625,-0.5219116,0.5670166,-0.45355225,-0.44763184
4a,4,Right Wrist,31382752,1779735354641,4.756233,-1.1558336,-0.31345975,-10.28496,-9.868889,3.3037279,-145.26689,-27.285042,191.42763,0.0
4a,2,Right Ankle,2421802,1779735354642,-8.026178,1.0053207,3.321238,-15.753363,-0.89375985,4.547619,-2.309859,81.66476,231.53963,0.0
4a,1,Left Ankle,5379794,1779735354677,-10.03,-0.77,0.15,0.875,-6.3125,-0.4375,-0.52246094,0.56658936,-0.45306396,-0.44812012
4a,1,Left Ankle,5379810,1779735354677,-9.94,-0.77,0.41,-0.125,-2.8125,-1.0,-0.522583,0.5664673,-0.45288086,-0.44818115
4a,3,Left Wrist,5179857,1779735354679,15.074984,-12.885054,-5.8863435,-23.684223,47.369698,-146.82077,-101.67948,-31.906536,356.99097,0.0
4a,1,Left Ankle,5379833,1779735354705,-9.9,-0.89,0.26,0.125,4.25,-1.875,-0.522583,0.56689453,-0.45281982,-0.4477539
4a,4,Right Wrist,31382813,1779735354705,5.7372904,-0.69401866,-0.8327023,11.90504,-24.07889,11.773728,-145.26236,-27.323431,191.42871,0.0
4a,2,Right Ankle,2421892,1779735354706,-8.8947735,0.21090356,3.818945,-10.223362,-6.4937596,-9.312382,-2.283931,81.61203,231.56845,0.0
4a,1,Left Ankle,5379855,1779735354726,-9.92,-0.81,0.3,-0.5625,5.0,0.625,-0.5220947,0.56591797,-0.45361328,-0.44873047
4a,1,Left Ankle,5379872,1779735354726,-10.05,-0.78,0.21,-0.9375,6.5625,-0.4375,-0.5211792,0.5640869,-0.45489502,-0.45080566
4a,3,Left Wrist,5179917,1779735354738,15.443479,-7.123136,-5.797809,-62.464222,50.0297,-92.92078,-101.73339,-32.009975,356.99902,0.0
4a,1,Left Ankle,5379893,1779735354758,-9.94,-0.63,0.01,-3.1875,10.5,-0.4375,-0.51989746,0.5639038,-0.45599365,-0.45141602
4a,4,Right Wrist,31382873,1779735354760,4.8854456,-1.6391835,-1.59362,9.94504,-19.87889,28.153728,-145.24902,-27.36388,191.4205,0.0
4a,1,Left Ankle,5379910,1779735354789,-10.16,-0.58,-0.21,-3.1875,12.0625,-1.6875,-0.51934814,0.5645752,-0.45629883,-0.4508667
4a,1,Left Ankle,5379932,1779735354790,-9.96,-0.76,-0.5,-2.9375,12.5625,-2.6875,-0.5177002,0.56677246,-0.4572754,-0.44903564
4a,2,Right Ankle,2421953,1779735354793,-8.44253,0.21568923,3.952943,-14.213362,-15.173759,-9.17238,-2.26124,81.556496,231.59538,0.0
4a,3,Left Wrist,5179977,1779735354806,15.589441,-18.055943,-4.017549,58.635777,9.009699,-38.88078,-101.71949,-32.098812,357.00223,0.0
4a,1,Left Ankle,5379950,1779735354816,-9.88,-0.84,-0.41,-2.6875,10.875,-2.5,-0.51727295,0.56744385,-0.45751953,-0.44848633
4a,4,Right Wrist,31382933,1779735354819,4.5648074,-0.9428724,-1.591227,21.00504,-11.338888,42.363728,-145.23906,-27.405807,191.4105,0.0
4a,1,Left Ankle,5379973,1779735354847,-9.72,-0.85,-0.41,-3.625,10.375,-1.5,-0.51605225,0.56781006,-0.45959473,-0.44726562
4a,1,Left Ankle,5379994,1779735354848,-9.86,-0.78,-0.6,-3.0625,13.5625,-2.125,-0.51397705,0.5680542,-0.46136475,-0.4475708
4a,3,Left Wrist,5180037,1779735354864,13.167905,-7.5945225,-3.9601216,10.895777,10.5497,-15.500778,-101.74316,-32.1762,357.0147,0.0
4a,1,Left Ankle,5380010,1779735354876,-9.71,-0.92,-0.71,-2.9375,13.75,-2.3125,-0.5130005,0.5683594,-0.46221924,-0.44744873
4a,4,Right Wrist,31382993,1779735354880,4.732305,-0.5839491,-1.7922242,12.32504,-0.90888786,40.47373,-145.23865,-27.451698,191.40215,0.0
4a,2,Right Ankle,2422012,1779735354884,-8.29896,0.32575902,4.101298,-17.573362,-19.30376,-9.17238,-2.2288747,81.49987,231.63303,0.0
4a,1,Left Ankle,5380037,1779735354906,-9.87,-0.81,-0.78,-2.0,11.1875,-0.875,-0.5102539,0.56884766,-0.46466064,-0.44744873
4a,1,Left Ankle,5380050,1779735354907,-9.98,-0.68,-0.95,-1.9375,9.0,-0.0625,-0.5092163,0.5687866,-0.46557617,-0.44769287
4a,3,Left Wrist,5180097,1779735354918,15.05345,-8.824433,-4.1754756,31.195776,-4.9903007,8.57922,-101.75837,-32.245033,357.02957,0.0
4a,1,Left Ankle,5380073,1779735354937,-9.47,-1.02,-0.92,0.3125,6.8125,-1.25,-0.5092163,0.5689087,-0.46765137,-0.44537354
4a,4,Right Wrist,31383053,1779735354939,4.7346983,-0.95483637,-1.7395821,14.56504,4.1311116,39.913727,-145.23102,-27.499115,191.39009,0.0
4a,1,Left Ankle,5380094,1779735354967,-9.66,-0.99,-0.64,1.375,4.875,0.25,-0.50891113,0.56903076,-0.46820068,-0.44500732
4a,1,Left Ankle,5380110,1779735354968,-9.9,-0.74,-0.57,-0.25,4.0,2.0625,-0.50909424,0.56866455,-0.46899414,-0.44439697
4a,2,Right Ankle,2422102,1779735354973,-8.212818,-0.1336629,4.587041,-9.6633625,-14.89376,-1.822381,-2.2305973,81.4448,231.63457,0.0
4a,3,Left Wrist,5180157,1779735354984,15.627726,-8.714363,-3.3188448,49.535778,-12.830301,15.439222,-101.75841,-32.311523,357.04156,0.0
4a,1,Left Ankle,5380136,1779735354997,-10.08,-0.63,-0.89,-2.125,7.25,0.375,-0.5079956,0.5695801,-0.46972656,-0.44366455
4a,4,Right Wrist,31383113,1779735354999,5.1414776,-0.6653046,-1.6965113,13.23504,5.0411115,21.503729,-145.22939,-27.5493,191.3851,0.0
4a,1,Left Ankle,5380155,1779735355027,-9.92,-0.77,-1.06,-3.1875,5.6875,-0.9375,-0.5079956,0.5695801,-0.47088623,-0.44244385
4a,1,Left Ankle,5380172,1779735355028,-9.57,-0.93,-1.28,-2.375,6.125,-0.875,-0.5072632,0.57037354,-0.47113037,-0.4420166
4a,2,Right Ankle,2422192,1779735355033,-8.289389,-0.095377736,4.7952166,-4.623362,-3.8337598,7.697619,-2.2054877,81.39394,231.6614,0.0
4a,3,Left Wrist,5180217,1779735355038,16.95335,-8.405689,-4.1204405,72.145775,-25.7103,26.849222,-101.75848,-32.372684,357.06088,0.0
4a,1,Left Ankle,5380195,1779735355060,-9.93,-0.72,-0.97,-1.5625,4.625,0.3125,-0.50671387,0.57092285,-0.47143555,-0.4416504
4a,4,Right Wrist,31383172,1779735355060,5.7205405,-1.1151556,-1.7276179,4.41504,4.0611115,10.093728,-145.2269,-27.600735,191.38138,0.0
4a,1,Left Ankle,5380212,1779735355096,-10.01,-0.76,-0.64,-1.8125,2.875,-0.875,-0.50720215,0.5704346,-0.4727173,-0.44036865
4a,2,Right Ankle,2422282,1779735355096,-8.200854,0.014692104,4.56072,-6.8633623,0.01624024,11.127619,-2.1631494,81.344376,231.70625,0.0
4a,3,Left Wrist,5180277,1779735355099,16.577677,-8.04198,-3.8141594,44.285778,-38.380302,39.09922,-101.76873,-32.42878,357.08337,0.0
4a,1,Left Ankle,5380239,1779735355117,-9.89,-0.82,-0.72,-2.3125,4.25,-1.375,-0.50671387,0.5709839,-0.47277832,-0.44006348
4a,1,Left Ankle,5380257,1779735355118,-9.7,-0.87,-0.95,-1.3125,5.5,-0.6875,-0.5062866,0.5715332,-0.4730835,-0.43951416
4a,4,Right Wrist,31383233,1779735355119,6.098607,-1.7636107,-2.0267208,5.74504,6.2311115,4.983728,-145.21931,-27.654152,191.37642,0.0
4a,1,Left Ankle,5380297,1779735355148,-9.86,-0.76,-0.89,0.5,3.4375,0.0,-0.50567627,0.57214355,-0.47387695,-0.4385376
4a,1,Left Ankle,5380280,1779735355148,-9.72,-0.85,-1.21,0.8125,5.0625,-0.375,-0.5059204,0.5718994,-0.47351074,-0.43896484
4a,2,Right Ankle,2422342,1779735355154,-8.377923,0.23722461,4.5080776,-7.773362,-0.9637598,9.027618,-2.1031957,81.29459,231.76875,0.0
4a,3,Left Wrist,5180337,1779735355158,15.756938,-8.101801,-2.8139594,1.7257764,-16.680302,44.20922,-101.7805,-32.484474,357.0922,0.0
4a,1,Left Ankle,5380322,1779735355178,-9.94,-0.73,-0.8,-1.125,3.25,-0.9375,-0.50598145,0.5708618,-0.4761963,-0.43743896
4a,4,Right Wrist,31383292,1779735355179,6.337889,-1.8641087,-2.2037897,3.1550398,16.941113,10.863728,-145.21098,-27.709927,191.36731,0.0
4a,1,Left Ankle,5380343,1779735355214,-9.9,-0.82,-0.77,-1.0,2.9375,-1.3125,-0.5057373,0.57128906,-0.4761963,-0.4371338
4a,2,Right Ankle,2422402,1779735355214,-8.133856,0.17261839,4.6899323,-4.9033623,-1.8037597,7.837619,-2.05399,81.24447,231.81943,0.0
4a,3,Left Wrist,5180397,1779735355218,15.778474,-7.084851,-3.1345978,-3.2442236,-3.0303006,38.74922,-101.79548,-32.542805,357.09818,0.0
4a,4,Right Wrist,31383353,1779735355241,6.069893,-1.5338994,-2.0291135,-0.27496004,16.171112,9.533728,-145.20648,-27.765696,191.3599,0.0
4a,2,Right Ankle,2422462,1779735355273,-8.217605,0.0075136456,4.718646,-4.133362,-0.123759866,6.507619,-2.0239227,81.194916,231.851,0.0
4a,3,Left Wrist,5180457,1779735355277,15.398016,-7.089637,-3.4337006,-3.5942235,-1.0703006,28.45922,-101.81412,-32.605015,357.1061,0.0
4a,4,Right Wrist,31383413,1779735355302,6.1081777,-1.567399,-1.9238294,-2.09496,9.731112,2.113728,-145.20323,-27.82047,191.35579,0.0
4a,2,Right Ankle,2422522,1779735355334,-8.198462,0.23722461,4.634897,-6.233362,1.6962402,5.6676188,-1.9746013,81.14606,231.90219,0.0
4a,3,Left Wrist,5180517,1779735355347,16.027327,-8.44876,-3.1106694,-10.174224,-4.9903007,33.63922,-101.83021,-32.665512,357.1123,0.0
4a,4,Right Wrist,31383473,1779735355361,6.3259244,-1.9095728,-2.1128623,-4.54496,7.4211116,-1.106272,-145.19917,-27.875395,191.35213,0.0
4a,2,Right Ankle,2422583,1779735355397,-8.291781,0.27550977,4.5678983,-5.253362,1.8362402,3.987619,-1.9246613,81.09715,231.95358,0.0
4a,3,Left Wrist,5180577,1779735355399,15.347766,-7.3767753,-3.010171,-8.494224,-5.060301,46.309223,-101.84627,-32.72136,357.11804,0.0
4a,4,Right Wrist,31383533,1779735355425,6.2780685,-1.9239298,-1.847259,-2.58496,6.5111117,3.163728,-145.19186,-27.927837,191.34633,0.0
4a,2,Right Ankle,2422642,1779735355457,-8.200854,0.22526051,4.5535417,-3.9933622,0.71624017,1.957619,-1.8842554,81.04777,231.995,0.0
4a,3,Left Wrist,5180637,1779735355459,15.362123,-7.479667,-3.1274192,-16.404224,-4.5003004,49.179222,-101.86591,-32.776394,357.1239,0.0
4a,4,Right Wrist,31383592,1779735355481,6.2206407,-1.7947172,-2.0841484,0.14504004,5.951112,6.593728,-145.18616,-27.981,191.34096,0.0
4a,2,Right Ankle,2422703,1779735355515,-8.337246,0.100833714,4.570291,-5.393362,0.3662402,1.1176189,-1.8587811,80.998024,232.0221,0.0
4a,3,Left Wrist,5180697,1779735355520,15.508085,-7.4940243,-3.2518458,-16.474224,-4.5703006,50.29922,-101.88654,-32.83106,357.13025,0.0
4a,4,Right Wrist,31383653,1779735355541,6.3067822,-1.7803602,-2.349752,-0.27496004,3.6411119,7.083728,-145.18303,-28.034689,191.337,0.0
4a,2,Right Ankle,2422762,1779735355574,-8.430566,0.07211985,4.4913282,-10.783361,-1.8737599,0.6276189,-1.8387787,80.947334,232.04561,0.0
4a,3,Left Wrist,5180757,1779735355580,15.520049,-6.8910327,-2.8689942,-5.6942234,-5.1303005,45.04922,-101.90063,-32.8869,357.13556,0.0
4a,4,Right Wrist,31383712,1779735355604,6.3689957,-1.8976083,-2.4095724,-0.76496005,5.7411118,7.293728,-145.17888,-28.088982,191.33209,0.0
4a,2,Right Ankle,2422822,1779735355634,-8.176927,0.37840113,4.4554358,-10.643362,-2.92376,-0.77238107,-1.7912626,80.89679,232.0962,0.0
4a,3,Left Wrist,5180817,1779735355644,16.18047,-7.5083814,-2.9599216,-8.284224,-5.620301,46.16922,-101.91505,-32.94248,357.14066,0.0
4a,4,Right Wrist,31383773,1779735355659,6.16082,-2.225425,-2.333002,-6.71496,8.121112,9.253728,-145.17136,-28.142693,191.32367,0.0
4a,3,Left Wrist,5180877,1779735355700,16.26661,-7.166207,-3.0436704,7.9557767,-9.820301,44.41922,-101.92586,-32.998226,357.14816,0.0
4a,4,Right Wrist,31383833,1779735355735,5.86411,-1.9765719,-1.9932213,-5.73496,5.391112,7.293728,-145.16423,-28.195105,191.31656,0.0
4a,2,Right Ankle,2422882,1779735355754,-8.141034,0.39993653,4.5272202,-5.3233624,-2.0837598,-0.842381,-1.7416396,80.84659,232.14702,0.0
4a,3,Left Wrist,5180937,1779735355758,15.790439,-6.5368943,-2.6871397,8.445776,-10.4503,41.54922,-101.93474,-33.054394,357.1551,0.0
4a,4,Right Wrist,31383893,1779735355779,6.2996035,-1.6272196,-2.1655045,-2.16496,2.0311117,2.743728,-145.16295,-28.248537,191.31456,0.0
4a,2,Right Ankle,2423045,1779735355815,-8.4138155,-0.56676376,4.7880383,-0.2833619,0.8562402,1.957619,-1.7676742,80.74696,232.12245,0.0
4a,3,Left Wrist,5180997,1779735355820,16.132612,-7.194921,-2.9216366,-1.9142236,-11.010301,47.219223,-101.948166,-33.109066,357.16235,0.0
4a,4,Right Wrist,31383953,1779735355842,6.163213,-2.026821,-2.3641088,-5.03496,0.91111183,1.5537279,-145.15955,-28.302422,191.31155,0.0
4a,2,Right Ankle,2423064,1779735355881,-8.435351,-0.2724466,4.790431,-5.953362,-1.5937599,2.3076189,-1.7761182,80.69642,232.11629,0.0
4a,3,Left Wrist,5181057,1779735355881,15.7712965,-6.7881417,-3.0005996,5.2257767,-11.640301,45.74922,-101.96095,-33.164204,357.1709,0.0
4a,4,Right Wrist,31384013,1779735355912,6.151249,-1.8234313,-2.3952155,-1.32496,4.1311116,3.3037279,-145.15706,-28.357464,191.3086,0.0
4a,3,Left Wrist,5181117,1779735355940,15.713868,-7.283455,-3.0077782,-1.6342236,-9.5403,46.93922,-101.975235,-33.21937,357.17828,0.0
4a,4,Right Wrist,31384073,1779735355965,6.2230334,-1.8760734,-2.3617158,-5.94496,8.051111,5.8937283,-145.15445,-28.412746,191.30347,0.0
4a,3,Left Wrist,5181177,1779735356017,15.637299,-6.950853,-3.144169,-4.3642235,-8.910301,45.88922,-101.99218,-33.274902,357.1865,0.0
4a,4,Right Wrist,31384132,1779735356019,6.230212,-1.8904303,-2.199004,-3.21496,7.4911118,6.593728,-145.14938,-28.46686,191.29755,0.0
4a,2,Right Ankle,2423123,1779735356023,-8.272639,0.024263395,4.5894337,-7.213362,-2.0837598,2.517619,-1.7570977,80.645775,232.13774,0.0
