session_name,device_id,body_location,device_ts_ms,wall_clock_ms,accel_x,accel_y,accel_z,gyro_x,gyro_y,gyro_z,quat_w,quat_x,quat_y,quat_z
4b,1,Left Ankle,2730548,1779739140996,1.39,9.3,2.67,0.25,-0.5625,0.875,0.79711914,0.5991211,-0.03894043,0.06414795
4b,1,Left Ankle,2730566,1779739140997,1.41,9.29,2.64,0.25,0.125,0.5625,0.79711914,0.5991211,-0.039001465,0.064208984
4b,2,Right Ankle,2458955,1779739141020,-1.3922826,-4.4746,1.308874,0.18717945,-0.52065754,-0.5268202,-52.16029,21.933537,174.24849,0.0
4b,3,Left Wrist,8966289,1779739141020,7.906088,6.6116652,5.3359947,1.1657764,-10.9403,46.93922,76.05738,-45.75503,354.52985,0.0
4b,4,Right Wrist,35169210,1779739141020,-1.5081766,-6.0276203,-7.5589266,-9.79496,10.711112,9.603728,-145.5592,9.88468,130.2252,0.0
4b,1,Left Ankle,2730616,1779739141062,1.4,9.32,2.62,0.1875,0.125,0.5,0.79711914,0.5991211,-0.0390625,0.06427002
4b,1,Left Ankle,2730586,1779739141063,1.38,9.33,2.67,0.375,0.25,0.625,0.79711914,0.5991211,-0.0390625,0.06427002
4b,2,Right Ankle,2459014,1779739141071,-1.3898896,-4.4937425,1.361516,0.04717946,-0.38065767,-0.3868202,-52.227203,21.920465,174.22351,0.0
4b,3,Left Wrist,8966348,1779739141071,7.6787696,6.8461623,5.4843493,3.1957765,-6.5303006,47.359222,75.98468,-45.766838,354.58395,0.0
4b,4,Right Wrist,35169270,1779739141069,-1.6493529,-1.9909283,-8.841479,-17.70496,0.91111183,-5.166272,-145.64009,9.887346,130.21365,0.0
4b,1,Left Ankle,2730632,1779739141081,1.38,9.3,2.64,0.3125,-0.0625,0.125,0.79711914,0.5991211,-0.0390625,0.06427002
4b,1,Left Ankle,2730652,1779739141081,1.38,9.34,2.63,0.4375,-0.3125,0.0625,0.79711914,0.5991211,-0.0390625,0.06427002
4b,4,Right Wrist,35169331,1779739141123,-1.6924237,-5.041777,-8.250452,20.16504,0.7011118,-14.966272,-145.7005,9.885434,130.20619,0.0
4b,1,Left Ankle,2730674,1779739141124,1.35,9.31,2.63,0.125,-0.5625,0.25,0.79711914,0.5991211,-0.0390625,0.06427002
4b,3,Left Wrist,8966409,1779739141127,7.5471644,6.719342,5.3407803,2.6357765,-5.060301,47.00922,75.91116,-45.77845,354.6389,0.0
4b,2,Right Ankle,2459075,1779739141127,-1.4018542,-4.465029,1.3926228,-0.44282055,-0.24065757,0.17317979,-52.29418,21.907717,174.19867,0.0
4b,1,Left Ankle,2730693,1779739141141,1.37,9.33,2.66,0.1875,-0.625,0.3125,0.79711914,0.5991211,-0.039123535,0.064208984
4b,1,Left Ankle,2730719,1779739141155,1.37,9.28,2.68,0.5,-0.75,0.375,0.79711914,0.5991821,-0.03918457,0.06414795
4b,1,Left Ankle,2730739,1779739141181,1.42,9.31,2.65,0.5,-0.875,0.3125,0.7970581,0.59924316,-0.039367676,0.06402588
4b,4,Right Wrist,35169390,1779739141188,-1.4938195,-6.3362947,-6.9128647,2.66504,4.2711115,0.08372784,-145.63641,9.878537,130.21617,0.0
4b,2,Right Ankle,2459134,1779739141189,-1.3611761,-4.465029,1.3184452,0.04717946,-0.1006577,0.17317979,-52.361057,21.894629,174.17378,0.0
4b,3,Left Wrist,8966468,1779739141191,7.511272,6.9155545,5.4676,-0.79422355,-4.080301,46.239223,75.83671,-45.78724,354.69382,0.0
4b,1,Left Ankle,2730757,1779739141208,1.45,9.32,2.65,0.6875,-2.3125,-0.375,0.79693604,0.59936523,-0.039611816,0.06384277
4b,1,Left Ankle,2730780,1779739141208,1.39,9.28,2.63,0.75,-1.9375,-0.625,0.796875,0.5994873,-0.039855957,0.06359863
4b,1,Left Ankle,2730793,1779739141232,1.48,9.28,2.68,0.9375,-1.625,-0.875,0.79681396,0.59954834,-0.039916992,0.06341553
4b,4,Right Wrist,35169451,1779739141238,-1.3933209,-6.0611205,-7.353144,-29.95496,8.261112,17.933727,-145.58453,9.8609295,130.22017,0.0
4b,2,Right Ankle,2459194,1779739141239,-1.3970681,-4.4793854,1.2873386,1.0271795,-0.1006577,0.3131798,-52.42762,21.88311,174.14891,0.0
4b,1,Left Ankle,2730837,1779739141264,1.34,9.29,2.67,-0.125,-1.875,-1.75,0.79681396,0.5996094,-0.040100098,0.0625
4b,1,Left Ankle,2730814,1779739141265,1.45,9.31,2.61,0.3125,-1.6875,-1.25,0.79681396,0.59954834,-0.040100098,0.062927246
4b,3,Left Wrist,8966528,1779739141274,7.5758777,6.8389835,5.5704913,0.7457764,-6.250301,47.989223,75.76321,-45.798,354.74808,0.0
4b,1,Left Ankle,2730852,1779739141293,1.37,9.29,2.63,0.0,-1.375,-1.875,0.796875,0.5996094,-0.040100098,0.06225586
4b,4,Right Wrist,35169510,1779739141298,-1.7737797,-3.9865427,-8.059027,-19.31496,7.8411117,13.453728,-145.66228,9.87348,130.20264,0.0
4b,2,Right Ankle,2459254,1779739141299,-1.4018542,-4.4530644,1.3830514,0.88717943,-0.1006577,0.45317978,-52.49403,21.870615,174.12418,0.0
4b,1,Left Ankle,2730896,1779739141325,1.36,9.31,2.65,-0.0625,-0.9375,-1.1875,0.796875,0.5996704,-0.040100098,0.061462402
4b,1,Left Ankle,2730879,1779739141326,1.29,9.3,2.61,0.0,-1.3125,-1.625,0.796875,0.5996704,-0.040100098,0.061706543
4b,3,Left Wrist,8966588,1779739141332,7.7457685,6.688236,5.5680985,1.9357764,-6.1103005,48.54922,75.68938,-45.81185,354.80295,0.0
4b,4,Right Wrist,35169571,1779739141355,-1.9532415,-4.7283173,-8.16431,2.5950398,5.601112,1.4837279,-145.7271,9.900752,130.18987,0.0
4b,2,Right Ankle,2459314,1779739141358,-1.3827116,-4.462636,1.3710873,1.0271795,0.31934237,0.52317977,-52.560406,21.857641,174.09933,0.0
4b,1,Left Ankle,2730918,1779739141380,1.37,9.3,2.66,-0.0625,-0.8125,-1.0625,0.796875,0.5996704,-0.040100098,0.061279297
4b,1,Left Ankle,2730937,1779739141381,1.36,9.29,2.59,-0.0625,-0.5,-0.625,0.796875,0.5996704,-0.039978027,0.061157227
4b,1,Left Ankle,2730959,1779739141382,1.37,9.31,2.64,0.125,-0.625,-0.4375,0.796875,0.5996704,-0.040039062,0.061157227
4b,3,Left Wrist,8966678,1779739141398,7.7936254,6.669093,5.517849,-0.79422355,-6.9503007,47.149223,75.614815,-45.825943,354.85745,0.0
4b,1,Left Ankle,2730979,1779739141415,1.39,9.29,2.61,0.0,-0.75,-0.5625,0.796875,0.59973145,-0.040100098,0.061035156
4b,4,Right Wrist,35169630,1779739141415,-1.7666013,-5.302595,-7.6618185,3.78504,5.6711116,0.71372795,-145.69466,9.962678,130.19394,0.0
4b,2,Right Ankle,2459375,1779739141419,-1.3874972,-4.4411006,1.3304094,0.11717945,0.039342403,0.8731798,-52.627068,21.845575,174.07468,0.0
4b,1,Left Ankle,2731015,1779739141441,1.36,9.31,2.64,0.0625,-0.625,-0.8125,0.796875,0.59973145,-0.040161133,0.060668945
4b,1,Left Ankle,2730996,1779739141441,1.37,9.29,2.64,0.0,-0.875,-0.75,0.796875,0.59973145,-0.040161133,0.060913086
4b,3,Left Wrist,8966738,1779739141453,7.8008037,6.7336993,5.460421,2.4257765,-6.9503007,46.93922,75.54127,-45.839375,354.912,0.0
4b,1,Left Ankle,2731040,1779739141478,1.4,9.3,2.62,0.0,-0.5625,-0.875,0.796875,0.59973145,-0.040100098,0.06048584
4b,4,Right Wrist,35169690,1779739141478,-1.637389,-4.924529,-7.6570325,-7.83496,5.951112,4.843728,-145.7654,9.9721775,130.17963,0.0
4b,2,Right Ankle,2459434,1779739141480,-1.4042467,-4.4530644,1.3304094,-1.5628206,0.039342403,1.5031798,-52.694237,21.834167,174.05017,0.0
4b,1,Left Ankle,2731056,1779739141502,1.3,9.3,2.65,-0.125,-0.375,-0.9375,0.796875,0.59973145,-0.040039062,0.06036377
4b,1,Left Ankle,2731076,1779739141502,1.32,9.31,2.6,0.0,0.0625,-0.875,0.79693604,0.59973145,-0.039916992,0.0602417
4b,3,Left Wrist,8966798,1779739141516,7.630913,6.7959137,5.5872407,-0.5142236,-8.980301,46.65922,75.46803,-45.850437,354.96512,0.0
4b,1,Left Ankle,2731101,1779739141530,1.36,9.3,2.62,0.25,0.125,-0.6875,0.79693604,0.59973145,-0.039855957,0.06011963
4b,4,Right Wrist,35169750,1779739141535,-1.6589241,-4.76421,-7.7503524,-6.15496,6.9311113,5.193728,-145.83615,9.980755,130.16492,0.0
4b,2,Right Ankle,2459495,1779739141540,-1.4401392,-4.4387074,1.3543377,-3.7328205,0.039342403,2.13318,-52.762043,21.823946,174.02585,0.0
4b,1,Left Ankle,2731123,1779739141560,1.35,9.3,2.6,0.1875,0.3125,-0.5,0.79693604,0.59973145,-0.039855957,0.06011963
4b,1,Left Ankle,2731141,1779739141563,1.34,9.29,2.61,-0.0625,-0.3125,-0.4375,0.79693604,0.59973145,-0.039855957,0.06011963
4b,3,Left Wrist,8966858,1779739141574,7.5686994,6.8150554,5.6279187,-1.2842237,-8.910301,47.429222,75.39463,-45.86088,355.01828,0.0
4b,1,Left Ankle,2731165,1779739141590,1.34,9.3,2.61,0.0,-0.0625,-0.0625,0.79693604,0.59973145,-0.039855957,0.06011963
4b,4,Right Wrist,35169810,1779739141598,-1.7259232,-4.9556355,-7.759924,-4.61496,7.701112,4.143728,-145.90334,10.005407,130.15088,0.0
4b,2,Right Ankle,2459554,1779739141599,-1.4090327,-4.414779,1.253839,-4.5028205,0.039342403,2.2731798,-52.830204,21.814169,174.00154,0.0
4b,1,Left Ankle,2731187,1779739141621,1.37,9.32,2.66,-0.0625,-0.25,0.0625,0.79693604,0.59973145,-0.039855957,0.06011963
4b,3,Left Wrist,8966918,1779739141633,7.5902348,6.7935205,5.4723854,1.3057764,-8.2103,47.77922,75.32152,-45.871803,355.07208,0.0
4b,1,Left Ankle,2731211,1779739141656,1.34,9.32,2.64,0.0,-0.3125,0.0625,0.79693604,0.59973145,-0.039855957,0.06011963
4b,4,Right Wrist,35169871,1779739141656,-1.675674,-4.9891353,-7.908279,-2.02496,7.001112,3.373728,-145.97237,10.009893,130.1367,0.0
4b,1,Left Ankle,2731226,1779739141656,1.33,9.31,2.63,0.0625,-0.125,0.125,0.79693604,0.59973145,-0.039855957,0.06011963
4b,2,Right Ankle,2459615,1779739141658,-1.3898896,-4.3836727,1.3112668,-0.51282054,0.17934227,0.8031798,-52.896996,21.802763,173.9769,0.0
4b,1,Left Ankle,2731246,1779739141683,1.34,9.31,2.64,0.1875,0.125,0.3125,0.79693604,0.59973145,-0.039855957,0.06011963
4b,3,Left Wrist,8966978,1779739141699,7.657234,6.7432704,5.4771714,0.7457764,-7.6503005,46.65922,75.24784,-45.883358,355.12622,0.0
4b,1,Left Ankle,2731276,1779739141714,1.36,9.3,2.62,0.3125,0.1875,0.375,0.79693604,0.59973145,-0.039855957,0.06011963
4b,1,Left Ankle,2731286,1779739141715,1.38,9.3,2.66,0.375,0.125,0.25,0.79693604,0.59973145,-0.039855957,0.06011963
4b,4,Right Wrist,35169930,1779739141716,-1.716352,-5.0345993,-7.6809607,-3.35496,6.9311113,3.093728,-146.03201,10.051259,130.1243,0.0
4b,2,Right Ankle,2459674,1779739141725,-1.3851042,-4.3788867,1.3064811,0.8171795,0.10934234,0.17317979,-52.96333,21.791069,173.95218,0.0
4b,1,Left Ankle,2731316,1779739141743,1.4,9.3,2.63,0.3125,0.25,-0.0625,0.79693604,0.59973145,-0.039855957,0.06011963
4b,3,Left Wrist,8967039,1779739141756,7.659627,6.637986,5.3599224,-2.1942234,-7.020301,46.309223,75.17257,-45.895885,355.18094,0.0
4b,1,Left Ankle,2731339,1779739141779,1.4,9.3,2.6,0.4375,0.125,-0.375,0.79693604,0.59973145,-0.039855957,0.06011963
4b,4,Right Wrist,35169991,1779739141779,-1.7115664,-4.8790655,-7.6594253,-4.68496,7.701112,3.443728,-146.09882,10.077253,130.11046,0.0
4b,2,Right Ankle,2459734,1779739141787,-1.4138182,-4.4195647,1.3256238,2.2171793,0.24934244,-0.6668202,-53.029232,21.779617,173.92723,0.0
4b,1,Left Ankle,2731358,1779739141803,1.35,9.29,2.62,0.25,-0.625,-0.5,0.79693604,0.5997925,-0.039916992,0.06011963
4b,1,Left Ankle,2731374,1779739141805,1.33,9.3,2.63,0.125,-0.75,-0.5,0.79693604,0.5997925,-0.039978027,0.060058594
4b,4,Right Wrist,35170050,1779739141836,-1.7187448,-4.931708,-7.7503524,-3.7049599,8.121112,2.673728,-146.16618,10.099439,130.09656,0.0
4b,2,Right Ankle,2459794,1779739141841,-1.4018542,-4.39803,1.3184452,2.2871795,0.039342403,-0.4568202,-53.095024,21.767984,173.90244,0.0
4b,3,Left Wrist,8967098,1779739141852,7.5686994,6.745663,5.5800624,-4.3642235,-7.020301,46.79922,75.09713,-45.90626,355.2353,0.0
4b,1,Left Ankle,2731396,1779739141861,1.36,9.32,2.62,0.1875,-0.5,-0.5625,0.79693604,0.5997925,-0.040039062,0.05999756
4b,1,Left Ankle,2731420,1779739141864,1.37,9.3,2.59,0.25,-0.625,-0.4375,0.79693604,0.5997925,-0.040100098,0.05999756
4b,1,Left Ankle,2731435,1779739141866,1.38,9.3,2.6,0.125,-0.75,-0.6875,0.79693604,0.5997925,-0.040100098,0.05987549
4b,1,Left Ankle,2731455,1779739141891,1.33,9.3,2.61,0.0625,-0.625,-0.5625,0.79693604,0.5997925,-0.040161133,0.059753418
4b,4,Right Wrist,35170111,1779739141900,-1.6684957,-4.9819574,-7.7407813,-3.42496,7.701112,2.0437279,-146.23526,10.108693,130.08258,0.0
4b,2,Right Ankle,2459854,1779739141900,-1.4162112,-4.417172,1.3447663,1.5171795,0.10934234,-0.24682021,-53.16102,21.75641,173.87769,0.0
4b,3,Left Wrist,8967159,1779739141902,7.5950203,6.7791634,5.517849,-1.4242235,-7.3003006,47.429222,75.02264,-45.91676,355.2897,0.0
4b,1,Left Ankle,2731479,1779739141926,1.36,9.31,2.6,0.0,-0.6875,-0.5625,0.79693604,0.5997925,-0.040222168,0.059753418
4b,2,Right Ankle,2459915,1779739141962,-1.4090327,-4.39803,1.3686945,0.8171795,0.17934227,0.1031798,-53.227154,21.74445,173.85304,0.0
4b,4,Right Wrist,35170170,1779739141962,-1.6349962,-4.946065,-7.7934237,-3.21496,8.471111,2.183728,-146.30424,10.103614,130.06844,0.0
4b,1,Left Ankle,2731515,1779739141962,1.38,9.27,2.64,0.25,0.375,-0.125,0.79693604,0.5997925,-0.040222168,0.059753418
4b,1,Left Ankle,2731500,1779739141962,1.33,9.31,2.62,0.125,-0.0625,-0.25,0.79693604,0.5997925,-0.040222168,0.059753418
4b,3,Left Wrist,8967249,1779739141964,7.685948,6.5949163,5.556134,-5.8342233,-7.3003006,46.65922,74.94619,-45.929546,355.34436,0.0
4b,1,Left Ankle,2731540,1779739141983,1.34,9.32,2.61,0.3125,-0.125,-0.3125,0.79693604,0.5997925,-0.040222168,0.059753418
4b,1,Left Ankle,2731560,1779739141984,1.37,9.3,2.6,0.125,-0.125,-0.375,0.79693604,0.5997925,-0.040222168,0.059753418
4b,1,Left Ankle,2731582,1779739142011,1.37,9.31,2.6,-0.0625,0.1875,-0.4375,0.79693604,0.5997925,-0.040222168,0.059753418
4b,4,Right Wrist,35170230,1779739142015,-1.8694927,-4.5608206,-7.496713,-6.50496,9.311111,-0.26627207,-146.36365,10.147272,130.05669,0.0
4b,2,Right Ankle,2459974,1779739142020,-1.4066397,-4.4028153,1.3064811,0.18717945,0.17934227,0.52317977,-53.293545,21.733362,173.82849,0.0
4b,3,Left Wrist,8967308,1779739142023,7.709876,6.5805593,5.4484572,-7.0942235,-5.060301,46.519222,74.868256,-45.942524,355.40033,0.0
4b,1,Left Ankle,2731598,1779739142042,1.31,9.3,2.59,-0.375,0.0625,-0.4375,0.79693604,0.5997925,-0.040222168,0.059753418
4b,1,Left Ankle,2731623,1779739142072,1.36,9.31,2.59,-0.125,0.375,-0.25,0.79693604,0.5997925,-0.040222168,0.059753418
4b,1,Left Ankle,2731638,1779739142073,1.35,9.3,2.62,-0.25,0.1875,-0.125,0.79693604,0.5997925,-0.040222168,0.059753418
4b,4,Right Wrist,35170291,1779739142075,-1.6517459,-5.2714887,-7.8699937,-2.23496,10.571112,-1.3862722,-146.32198,10.082752,130.06255,0.0
4b,2,Right Ankle,2460035,1779739142078,-1.3970681,-4.3860655,1.337588,-0.23282054,0.039342403,0.52317977,-53.359978,21.721548,173.80402,0.0
4b,3,Left Wrist,8967369,1779739142083,7.5017004,6.6116652,5.7571316,-7.4442234,-3.2403007,46.79922,74.79042,-45.95269,355.4566,0.0
4b,1,Left Ankle,2731669,1779739142101,1.34,9.31,2.61,-0.375,0.25,-0.125,0.79693604,0.5997925,-0.040161133,0.059753418
4b,4,Right Wrist,35170350,1779739142140,-1.6493529,-5.005885,-7.733603,-2.44496,11.2711115,0.22372794,-146.39084,10.085581,130.04842,0.0
4b,2,Right Ankle,2460094,1779739142141,-1.4305676,-4.3788867,1.3280165,-0.092820525,0.45934236,0.52317977,-53.426388,21.711233,173.77945,0.0
4b,3,Left Wrist,8967428,1779739142142,7.4729867,6.68345,5.7284174,-3.9442234,-3.8003006,47.56922,74.71406,-45.962162,355.51266,0.0
4b,1,Left Ankle,2731685,1779739142162,1.43,9.3,2.58,-0.1875,0.875,-0.625,0.79693604,0.5997925,-0.039978027,0.059814453
4b,1,Left Ankle,2731706,1779739142163,1.33,9.3,2.64,-0.125,0.375,-0.8125,0.79693604,0.5997925,-0.039916992,0.059753418
4b,1,Left Ankle,2731724,1779739142164,1.32,9.38,2.59,-0.125,0.6875,-0.6875,0.79693604,0.5997925,-0.039733887,0.059753418
4b,1,Left Ankle,2731743,1779739142165,1.31,9.31,2.6,0.0,1.5,-0.4375,0.79693604,0.5997925,-0.039611816,0.059814453
4b,1,Left Ankle,2731767,1779739142192,1.28,9.37,2.64,-0.0625,1.6875,-0.25,0.79693604,0.59973145,-0.03930664,0.060058594
4b,4,Right Wrist,35170411,1779739142201,-1.5632113,-5.0800624,-7.9011006,-8.11496,5.951112,4.423728,-146.44891,10.044678,130.03638,0.0
4b,2,Right Ankle,2460155,1779739142201,-1.4473177,-4.3717084,1.2849457,-3.4528205,0.10934234,1.7831798,-53.493847,21.702438,173.75525,0.0
4b,3,Left Wrist,8967488,1779739142204,7.427523,6.530309,5.9964137,-5.4842234,-5.060301,47.84922,74.63775,-45.972584,355.56802,0.0
4b,1,Left Ankle,2731789,1779739142222,1.4,9.29,2.63,0.25,2.9375,-0.125,0.7969971,0.59973145,-0.038879395,0.06036377
4b,4,Right Wrist,35170470,1779739142258,-1.6996022,-4.740282,-7.664211,-2.30496,6.3011117,4.983728,-146.5163,10.067187,130.02213,0.0
4b,1,Left Ankle,2731829,1779739142258,1.26,9.39,2.57,0.25,1.3125,-0.4375,0.7969971,0.5996704,-0.038513184,0.06060791
4b,1,Left Ankle,2731806,1779739142257,1.34,9.34,2.63,0.125,1.5625,-0.5,0.7969971,0.59973145,-0.03869629,0.060546875
4b,2,Right Ankle,2460214,1779739142259,-1.4162112,-4.3358164,1.308874,-1.8428206,-0.030657768,1.0831797,-53.560707,21.692194,173.73099,0.0
4b,3,Left Wrist,8967548,1779739142268,7.4059877,6.6164513,6.094519,-1.4242235,-7.790301,48.339222,74.56399,-45.98232,355.62198,0.0
4b,1,Left Ankle,2731843,1779739142281,1.31,9.35,2.59,0.25,0.875,-0.25,0.7969971,0.5996704,-0.03845215,0.060668945
4b,1,Left Ankle,2731866,1779739142312,1.29,9.35,2.63,0.375,0.4375,-0.125,0.7969971,0.5996704,-0.038391113,0.060791016
4b,1,Left Ankle,2731886,1779739142314,1.26,9.35,2.61,0.25,0.375,0.0625,0.7969971,0.5996704,-0.038391113,0.060791016
4b,4,Right Wrist,35170531,1779739142315,-1.6996022,-4.965207,-7.6091757,-6.15496,4.971112,4.4937277,-146.5608,10.128565,130.01247,0.0
4b,3,Left Wrist,8967608,1779739142326,7.5710926,6.477667,5.903094,5.0157766,-7.3003006,49.52922,74.491356,-45.99512,355.67697,0.0
4b,2,Right Ankle,2460274,1779739142326,-1.3898896,-4.3788867,1.2634103,-0.16282052,0.039342403,0.1031798,-53.62712,21.681005,173.70647,0.0
4b,1,Left Ankle,2731904,1779739142341,1.29,9.37,2.64,0.25,0.5,0.125,0.7969971,0.5996704,-0.038330078,0.060791016
4b,1,Left Ankle,2731931,1779739142372,1.33,9.35,2.61,0.3125,0.25,0.125,0.7969971,0.5996704,-0.038330078,0.060791016
4b,1,Left Ankle,2731949,1779739142372,1.35,9.32,2.63,0.3125,-0.6875,-0.25,0.7969971,0.5996704,-0.038391113,0.060791016
4b,4,Right Wrist,35170590,1779739142375,-1.6517459,-4.67089,-7.611569,-5.17496,8.751112,1.3437278,-146.63089,10.1389675,129.9984,0.0
4b,2,Right Ankle,2460334,1779739142384,-1.3946757,-4.3693156,1.3112668,0.88717943,0.039342403,0.03317979,-53.693077,21.66934,173.68199,0.0
4b,3,Left Wrist,8967668,1779739142384,7.4945226,6.341277,6.034699,-1.9142236,-8.0003,48.40922,74.416756,-46.007885,355.7314,0.0
4b,1,Left Ankle,2731965,1779739142401,1.29,9.34,2.6,0.125,-0.5625,0.0625,0.7969971,0.5996704,-0.038391113,0.06072998
4b,1,Left Ankle,2731990,1779739142432,1.29,9.36,2.63,0.125,-0.3125,0.125,0.7969971,0.5996704,-0.038391113,0.06072998
4b,1,Left Ankle,2732007,1779739142433,1.32,9.34,2.62,0.3125,-0.6875,0.375,0.7969971,0.5996704,-0.03845215,0.060668945
4b,4,Right Wrist,35170651,1779739142435,-1.6804597,-4.8048882,-7.7312098,-2.30496,8.751112,-0.05627203,-146.69957,10.1509285,129.98482,0.0
4b,2,Right Ankle,2460394,1779739142439,-1.4233892,-4.366923,1.3519448,0.88717943,0.10934234,0.17317979,-53.758938,21.658213,173.65758,0.0
4b,3,Left Wrist,8967728,1779739142443,7.4993076,6.434597,5.898308,-0.5142236,-8.350301,48.199223,74.34267,-46.01991,355.7858,0.0
4b,1,Left Ankle,2732025,1779739142461,1.32,9.37,2.58,0.3125,-0.3125,0.25,0.7969971,0.5996704,-0.03845215,0.060668945
4b,1,Left Ankle,2732044,1779739142491,1.33,9.33,2.63,0.25,-0.375,0.3125,0.7969971,0.5996704,-0.038513184,0.060668945
4b,1,Left Ankle,2732070,1779739142492,1.3,9.34,2.64,0.4375,-0.5,0.125,0.7969971,0.5996704,-0.03857422,0.06060791
4b,4,Right Wrist,35170710,1779739142497,-1.55364,-5.0776696,-7.6977105,-6.50496,6.6511116,2.6037278,-146.6883,10.075162,129.9852,0.0
4b,2,Right Ankle,2460455,1779739142500,-1.4233892,-4.3214593,1.3184452,0.88717943,0.17934227,0.45317978,-53.82477,21.648006,173.63321,0.0
4b,3,Left Wrist,8967789,1779739142503,7.504093,6.358026,5.919843,-1.4242235,-8.6303005,47.56922,74.26829,-46.03237,355.8401,0.0
4b,1,Left Ankle,2732090,1779739142522,1.37,9.35,2.56,0.25,-0.25,0.1875,0.7969971,0.5996704,-0.03857422,0.06060791
4b,1,Left Ankle,2732108,1779739142551,1.38,9.33,2.58,0.3125,-1.125,0.1875,0.7969971,0.59973145,-0.03869629,0.060546875
4b,1,Left Ankle,2732125,1779739142552,1.35,9.37,2.55,0.125,-1.125,-0.1875,0.7969971,0.59973145,-0.03881836,0.060424805
4b,4,Right Wrist,35170770,1779739142555,-1.5632113,-4.8814583,-7.6953177,-1.8849599,7.001112,2.463728,-146.75229,10.050387,129.97209,0.0
4b,2,Right Ankle,2460514,1779739142559,-1.4281752,-4.354959,1.3136597,-0.022820532,-0.030657768,0.8031798,-53.89087,21.637812,173.609,0.0
4b,3,Left Wrist,8967848,1779739142567,7.504093,6.4322042,5.91745,-0.3742236,-8.490301,47.429222,74.19427,-46.044003,355.89438,0.0
4b,1,Left Ankle,2732146,1779739142581,1.33,9.32,2.63,0.1875,-1.125,-0.0625,0.7969971,0.59973145,-0.039001465,0.060302734
4b,4,Right Wrist,35170831,1779739142617,-1.6493529,-4.7713885,-7.692925,-1.81496,6.581112,3.653728,-146.82106,10.062272,129.9579,0.0
4b,2,Right Ankle,2460575,1779739142622,-1.3970681,-4.3453875,1.3351951,0.39717942,-0.030657768,0.7331798,-53.956753,21.626146,173.58481,0.0
4b,3,Left Wrist,8967909,1779739142625,7.5615215,6.48006,5.852844,-0.5842236,-8.980301,45.95922,74.120316,-46.055244,355.94843,0.0
4b,1,Left Ankle,2732169,1779739142644,1.32,9.34,2.61,0.1875,-1.25,-0.1875,0.79693604,0.59973145,-0.03918457,0.060180664
4b,1,Left Ankle,2732205,1779739142644,1.4,9.33,2.6,0.25,-1.0625,-0.625,0.79693604,0.5997925,-0.039367676,0.059936523
4b,1,Left Ankle,2732188,1779739142644,1.32,9.31,2.61,0.3125,-0.875,-0.1875,0.79693604,0.59973145,-0.03930664,0.060058594
4b,1,Left Ankle,2732244,1779739142678,1.32,9.33,2.59,0.125,-1.0,-0.4375,0.79693604,0.5997925,-0.039611816,0.059631348
4b,4,Right Wrist,35170890,1779739142678,-1.6637099,-4.972386,-7.6833534,-2.86496,5.8811116,4.213728,-146.87685,10.109975,129.946,0.0
4b,1,Left Ankle,2732225,1779739142678,1.31,9.31,2.61,0.1875,-1.25,-0.625,0.79693604,0.5997925,-0.03955078,0.059753418
4b,2,Right Ankle,2460634,1779739142680,-1.4066397,-4.3286376,1.3280165,0.18717945,-0.1006577,1.0131798,-54.02265,21.615131,173.56071,0.0
4b,3,Left Wrist,8967968,1779739142684,7.6141634,6.460918,5.8743796,-0.30422366,-9.890301,45.679222,74.04664,-46.067,356.0021,0.0
4b,1,Left Ankle,2732271,1779739142704,1.31,9.34,2.59,0.0625,-1.0,-0.3125,0.79693604,0.5997925,-0.039733887,0.059509277
4b,1,Left Ankle,2732312,1779739142736,1.33,9.34,2.62,0.25,-0.375,-0.4375,0.79693604,0.5997925,-0.039794922,0.059509277
4b,1,Left Ankle,2732285,1779739142735,1.31,9.31,2.59,0.0,-0.25,-0.25,0.79693604,0.5997925,-0.039794922,0.059509277
4b,4,Right Wrist,35170951,1779739142736,-1.704388,-4.833602,-7.8053875,-3.56496,5.391112,4.9137278,-146.94527,10.129536,129.93178,0.0
4b,2,Right Ankle,2460694,1779739142740,-1.4042467,-4.3358164,1.2969098,-0.23282054,-0.1006577,1.1531798,-54.0887,21.604439,173.53667,0.0
4b,3,Left Wrist,8968028,1779739142744,7.5615215,6.5542383,5.9844494,0.4657764,-9.680301,46.09922,73.97349,-46.077366,356.05576,0.0
4b,1,Left Ankle,2732328,1779739142770,1.33,9.31,2.59,0.1875,-0.75,-0.6875,0.79693604,0.5997925,-0.039794922,0.059387207
4b,1,Left Ankle,2732350,1779739142794,1.3,9.33,2.6,0.25,-0.875,-0.625,0.79693604,0.5997925,-0.039855957,0.0592041
4b,1,Left Ankle,2732365,1779739142795,1.33,9.36,2.61,0.125,-0.5,-0.75,0.79693604,0.5998535,-0.039794922,0.05908203
4b,4,Right Wrist,35171010,1779739142798,-1.6613172,-4.931708,-7.6881394,-1.60496,5.601112,5.613728,-147.00998,10.159291,129.91782,0.0
4b,2,Right Ankle,2460754,1779739142802,-1.3970681,-4.3573513,1.3328022,0.8171795,-0.030657768,0.66317976,-54.154354,21.592625,173.51253,0.0
4b,3,Left Wrist,8968088,1779739142805,7.630913,6.477667,5.9413786,0.3257764,-8.980301,46.72922,73.89959,-46.08911,356.11008,0.0
4b,1,Left Ankle,2732388,1779739142829,1.31,9.31,2.59,0.375,-0.5,-0.8125,0.79693604,0.5998535,-0.039733887,0.05895996
4b,1,Left Ankle,2732406,1779739142852,1.29,9.36,2.62,0.375,-0.4375,-0.5,0.79693604,0.5998535,-0.03967285,0.05895996
4b,4,Right Wrist,35171071,1779739142857,-1.7498515,-5.0609202,-7.6761746,-3.84496,2.8011117,6.383728,-146.97333,10.217986,129.92216,0.0
4b,2,Right Ankle,2460814,1779739142860,-1.4066397,-4.3142805,1.2969098,1.3771794,0.039342403,0.17317979,-54.219864,21.581911,173.48828,0.0
4b,3,Left Wrist,8968148,1779739142864,7.5471644,6.451346,5.898308,0.3257764,-10.1703005,46.72922,73.82615,-46.100452,356.16385,0.0
4b,1,Left Ankle,2732438,1779739142885,1.32,9.3,2.6,0.1875,-0.25,-0.375,0.79693604,0.5998535,-0.03967285,0.05895996
4b,1,Left Ankle,2732446,1779739142885,1.33,9.35,2.61,0.3125,-0.3125,-0.5,0.79693604,0.5998535,-0.03967285,0.05895996
4b,1,Left Ankle,2732470,1779739142914,1.3,9.33,2.58,0.25,-0.5,-0.5625,0.79693604,0.5998535,-0.039733887,0.058898926
4b,1,Left Ankle,2732488,1779739142917,1.34,9.35,2.6,0.625,-0.4375,-0.5,0.79693604,0.59991455,-0.039733887,0.058898926
4b,4,Right Wrist,35171130,1779739142918,-1.716352,-4.9604216,-7.618747,-1.1849599,5.5311117,5.613728,-146.96788,10.2913685,129.92055,0.0
4b,2,Right Ankle,2460875,1779739142921,-1.4305676,-4.2903523,1.3447663,0.6771795,-0.24065757,0.45317978,-54.285458,21.57164,173.46422,0.0
4b,3,Left Wrist,8968208,1779739142923,7.5543427,6.446561,5.84088,2.0057764,-10.0303,46.16922,73.75316,-46.11167,356.21774,0.0
4b,1,Left Ankle,2732514,1779739142946,1.32,9.33,2.59,0.375,-0.75,-0.875,0.79693604,0.59991455,-0.039794922,0.05859375
4b,1,Left Ankle,2732535,1779739142977,1.32,9.31,2.59,0.5,-0.5,-0.6875,0.79693604,0.59991455,-0.039733887,0.05859375
4b,3,Left Wrist,8968268,1779739142988,7.461023,6.358026,5.9126644,3.8957763,-10.4503,46.09922,73.681145,-46.122746,356.27133,0.0
4b,2,Right Ankle,2460934,1779739142988,-1.3970681,-4.3310304,1.3016955,1.0971794,-0.030657768,0.2431798,-54.350986,21.560305,173.44005,0.0
4b,1,Left Ankle,2732554,1779739143003,1.3,9.32,2.59,0.6875,-0.875,-0.875,0.796875,0.6000366,-0.039794922,0.058288574
4b,1,Left Ankle,2732574,1779739143011,1.25,9.35,2.57,0.75,-0.4375,-0.375,0.79681396,0.60009766,-0.039794922,0.058288574
4b,4,Right Wrist,35171191,1779739143011,-1.7331017,-4.8001027,-7.6809607,-5.31496,6.4411116,4.563728,-147.03323,10.323617,129.90666,0.0
4b,1,Left Ankle,2732593,1779739143032,1.33,9.34,2.6,0.875,-0.0625,-0.3125,0.7967529,0.6001587,-0.039794922,0.058288574
4b,2,Right Ankle,2460995,1779739143041,-1.4209967,-4.2712097,1.3519448,0.46717948,-0.030657768,0.5931798,-54.416584,21.549746,173.416,0.0
4b,3,Left Wrist,8968329,1779739143045,7.5591283,6.48006,5.898308,-0.5142236,-9.400301,46.519222,73.60706,-46.13352,356.3256,0.0
4b,1,Left Ankle,2732615,1779739143061,1.3,9.34,2.56,0.5625,-0.3125,-0.375,0.7966919,0.6002197,-0.039733887,0.058288574
4b,1,Left Ankle,2732635,1779739143066,1.34,9.32,2.53,0.625,-0.3125,-0.5,0.7966919,0.60028076,-0.039733887,0.05822754
4b,4,Right Wrist,35171250,1779739143068,-1.6948167,-5.0728846,-7.7312098,-3.84496,7.9811115,3.653728,-146.96947,10.335434,129.9158,0.0
4b,1,Left Ankle,2732656,1779739143093,1.3,9.34,2.59,0.4375,-0.4375,-0.5625,0.7966919,0.60028076,-0.039733887,0.05822754
4b,2,Right Ankle,2461054,1779739143100,-1.4281752,-4.3047094,1.3232309,0.2571795,-0.030657768,0.52317977,-54.482273,21.539568,173.39195,0.0
4b,3,Left Wrist,8968388,1779739143105,7.5280213,6.6044874,5.9748783,-0.2342236,-9.5403,46.02922,73.53351,-46.14252,356.3795,0.0
4b,1,Left Ankle,2732697,1779739143124,1.29,9.35,2.58,0.5,0.375,-0.375,0.7966919,0.60028076,-0.039733887,0.05822754
4b,1,Left Ankle,2732675,1779739143126,1.28,9.34,2.56,0.3125,-0.3125,-0.5625,0.7966919,0.60028076,-0.039733887,0.05822754
4b,4,Right Wrist,35171340,1779739143128,-1.7929223,-4.8934226,-7.652247,-4.19496,5.4611115,5.193728,-147.00621,10.401829,129.90694,0.0
4b,1,Left Ankle,2732720,1779739143152,1.32,9.32,2.58,0.4375,0.375,-0.25,0.7966919,0.60028076,-0.039733887,0.05822754
4b,2,Right Ankle,2461115,1779739143160,-1.4186037,-4.283174,1.3423735,0.18717945,0.039342403,0.8031798,-54.547905,21.528973,173.36798,0.0
4b,3,Left Wrist,8968449,1779739143163,7.5423784,6.429811,5.8097734,0.5357764,-9.470301,45.25922,73.459694,-46.153114,356.43375,0.0
4b,1,Left Ankle,2732738,1779739143194,1.32,9.34,2.57,0.25,-0.1875,-0.8125,0.7966919,0.60028076,-0.03967285,0.058166504
4b,4,Right Wrist,35171401,1779739143194,-1.8144578,-4.7594247,-7.618747,-2.79496,6.8611116,3.653728,-147.0594,10.453386,129.89514,0.0
4b,1,Left Ankle,2732760,1779739143194,1.29,9.33,2.59,0.3125,-0.0625,-0.9375,0.7966919,0.60028076,-0.03955078,0.058044434
4b,2,Right Ankle,2461174,1779739143220,-1.3922826,-4.3358164,1.3304094,-0.022820532,0.17934227,1.2931798,-54.613598,21.51722,173.34407,0.0
4b,3,Left Wrist,8968508,1779739143224,7.5328074,6.5039883,5.905486,2.4957764,-9.610301,45.32922,73.386856,-46.16277,356.48782,0.0
4b,1,Left Ankle,2732775,1779739143242,1.31,9.35,2.56,0.4375,-0.5,-0.9375,0.7966919,0.60028076,-0.039489746,0.057922363
4b,1,Left Ankle,2732802,1779739143243,1.27,9.32,2.57,0.375,-0.25,-0.8125,0.7966919,0.60028076,-0.039367676,0.057800293
4b,1,Left Ankle,2732815,1779739143245,1.27,9.36,2.58,0.4375,-0.0625,-0.6875,0.7966919,0.60028076,-0.03930664,0.057678223
4b,4,Right Wrist,35171460,1779739143246,-1.7259232,-5.0944195,-7.6402826,-3.91496,7.211112,3.163728,-146.9966,10.4683,129.90454,0.0
4b,1,Left Ankle,2732840,1779739143271,1.27,9.34,2.57,0.4375,-0.1875,-0.625,0.7966919,0.60028076,-0.039245605,0.057617188
4b,2,Right Ankle,2461234,1779739143279,-1.4568887,-4.2377105,1.3064811,0.88717943,0.45934236,1.5031798,-54.678925,21.509394,173.32018,0.0
4b,3,Left Wrist,8968568,1779739143287,7.5710926,6.4322042,5.9294147,-0.09422362,-8.4203005,46.239223,73.31237,-46.173504,356.5428,0.0
4b,1,Left Ankle,2732860,1779739143302,1.26,9.35,2.56,0.4375,0.0625,-0.5625,0.7966919,0.60028076,-0.039245605,0.057617188
4b,4,Right Wrist,35171520,1779739143305,-1.6972095,-4.8599234,-7.786245,-2.23496,7.6311116,4.423728,-147.06587,10.467528,129.8894,0.0
4b,1,Left Ankle,2732880,1779739143332,1.29,9.33,2.54,0.375,0.8125,-0.75,0.7967529,0.60028076,-0.039123535,0.057617188
4b,1,Left Ankle,2732898,1779739143333,1.29,9.37,2.56,0.25,0.25,-0.75,0.7967529,0.6003418,-0.0390625,0.057495117
4b,2,Right Ankle,2461294,1779739143340,-1.4377462,-4.249675,1.308874,0.18717945,0.31934237,1.5731797,-54.74447,21.500597,173.29633,0.0
4b,3,Left Wrist,8968628,1779739143344,7.530414,6.532702,5.953343,-2.2642236,-7.230301,47.00922,73.236885,-46.18296,356.59827,0.0
4b,1,Left Ankle,2732916,1779739143362,1.27,9.36,2.54,0.4375,0.25,-0.8125,0.7967529,0.6003418,-0.039001465,0.057373047
4b,1,Left Ankle,2732937,1779739143362,1.26,9.34,2.58,0.5,0.375,-0.6875,0.7967529,0.6003418,-0.038879395,0.057250977
4b,4,Right Wrist,35171581,1779739143365,-1.6972095,-5.0345993,-7.6067834,-9.30496,6.791112,5.263728,-147.00322,10.475071,129.89859,0.0
4b,1,Left Ankle,2732964,1779739143396,1.33,9.34,2.54,0.75,0.9375,-1.0,0.7966919,0.60040283,-0.03869629,0.057250977
4b,2,Right Ankle,2461354,1779739143400,-1.3324621,-4.5368133,1.3304094,-1.7028205,-0.7306576,1.2231798,-54.8105,21.484869,173.27278,0.0
4b,3,Left Wrist,8968688,1779739143403,7.4753795,6.511167,5.8313084,1.6557764,-6.7403007,47.359222,73.16248,-46.192204,356.6541,0.0
4b,1,Left Ankle,2732979,1779739143422,1.31,9.34,2.59,0.5625,0.875,-1.1875,0.7966919,0.60040283,-0.03845215,0.05718994
4b,4,Right Wrist,35171640,1779739143427,-1.8479574,-4.8671017,-7.685746,-2.30496,8.961112,2.113728,-147.04523,10.536047,129.8888,0.0
4b,1,Left Ankle,2733001,1779739143454,1.32,9.38,2.54,0.8125,1.625,-1.4375,0.79663086,0.6005249,-0.038085938,0.05718994
4b,1,Left Ankle,2733027,1779739143454,1.25,9.35,2.55,0.375,-0.125,-1.875,0.7966919,0.6005249,-0.037841797,0.0569458
4b,2,Right Ankle,2461415,1779739143460,-1.4951743,-3.9936423,1.2586247,-0.6528205,-0.80065775,-1.5068202,-54.87608,21.480936,173.24878,0.0
4b,3,Left Wrist,8968749,1779739143463,7.422737,6.46331,6.053841,1.9357764,-8.490301,45.539223,73.08928,-46.200737,356.70865,0.0
4b,1,Left Ankle,2733043,1779739143487,1.25,9.35,2.58,0.75,0.875,-1.875,0.79663086,0.600647,-0.037597656,0.056762695
4b,1,Left Ankle,2733066,1779739143513,1.23,9.37,2.55,1.0,1.5,-1.875,0.7965088,0.6008301,-0.036987305,0.05657959
4b,4,Right Wrist,35171701,1779739143515,-1.7331017,-5.0489564,-7.7001033,-4.8249598,9.171112,1.4837279,-146.98549,10.55926,129.8979,0.0
4b,2,Right Ankle,2461474,1779739143519,-1.5334593,-4.0726056,1.3184452,0.3271795,-0.52065754,-2.2068202,-54.94131,21.476795,173.22458,0.0
4b,3,Left Wrist,8968808,1779739143523,7.496915,6.413061,6.0969124,0.3957764,-9.820301,44.13922,73.015884,-46.20991,356.76257,0.0
4b,1,Left Ankle,2733107,1779739143548,1.19,9.41,2.53,0.4375,0.875,-0.9375,0.7965088,0.6008911,-0.036621094,0.05633545
4b,1,Left Ankle,2733090,1779739143548,1.17,9.39,2.48,0.6875,0.3125,-1.5,0.7965088,0.6008911,-0.036865234,0.056396484
4b,1,Left Ankle,2733130,1779739143572,1.17,9.39,2.5,0.125,1.1875,-0.5,0.7965088,0.6008301,-0.036499023,0.05645752
4b,1,Left Ankle,2733148,1779739143573,1.18,9.41,2.48,-0.0625,0.375,0.25,0.79644775,0.60095215,-0.036499023,0.056396484
4b,4,Right Wrist,35171760,1779739143576,-1.6708884,-4.673283,-7.6689963,-4.47496,7.3511114,3.023728,-147.05566,10.557034,129.88309,0.0
4b,2,Right Ankle,2461535,1779739143580,-1.4257822,-4.1707115,1.3040884,0.2571795,-0.31065774,-1.3668201,-55.006836,21.467262,173.20038,0.0
4b,3,Left Wrist,8968869,1779739143584,7.484951,6.530309,5.7954164,-0.3742236,-9.820301,43.719223,72.94208,-46.217888,356.81656,0.0
4b,1,Left Ankle,2733165,1779739143605,1.21,9.39,2.51,-0.125,0.5625,0.5,0.7963867,0.6010742,-0.036499023,0.056396484
4b,1,Left Ankle,2733188,1779739143636,1.21,9.39,2.5,-0.8125,-0.0625,0.8125,0.7963257,0.6010742,-0.03656006,0.05645752
4b,1,Left Ankle,2733205,1779739143636,1.25,9.4,2.55,-0.6875,-0.0625,1.0625,0.7963257,0.6010742,-0.03668213,0.056640625
4b,4,Right Wrist,35171850,1779739143636,-1.6948167,-4.632605,-7.2670026,-3.07496,11.131112,0.7837279,-147.10204,10.613715,129.87247,0.0
4b,2,Right Ankle,2461594,1779739143640,-1.4281752,-4.3214593,1.3112668,0.3271795,0.10934234,-0.17682022,-55.072334,21.456713,173.17632,0.0
4b,3,Left Wrist,8968928,1779739143644,7.3629165,6.499203,5.876773,1.5157764,-11.2903,44.13922,72.86978,-46.225227,356.8697,0.0
4b,1,Left Ankle,2733226,1779739143661,1.24,9.38,2.53,-0.875,0.125,0.9375,0.7963867,0.6010132,-0.0368042,0.056762695
4b,1,Left Ankle,2733248,1779739143691,1.28,9.38,2.57,-0.875,-0.5,0.625,0.79644775,0.60095215,-0.036865234,0.05682373
4b,1,Left Ankle,2733265,1779739143692,1.24,9.37,2.57,-0.6875,-0.1875,0.4375,0.79644775,0.6008911,-0.03692627,0.05682373
4b,4,Right Wrist,35171911,1779739143695,-1.539283,-5.056134,-7.8699937,-4.89496,11.761112,0.5037279,-147.11456,10.537045,129.86813,0.0
4b,3,Left Wrist,8968989,1779739143706,7.449058,6.425025,5.9294147,4.455776,-11.850301,45.32922,72.79817,-46.234356,356.923,0.0
4b,2,Right Ankle,2461655,1779739143706,-1.4473177,-4.2903523,1.361516,-0.16282052,0.24934244,0.2431798,-55.13785,21.44659,173.15234,0.0
4b,1,Left Ankle,2733289,1779739143752,1.22,9.37,2.57,-0.4375,0.125,0.125,0.79644775,0.6008911,-0.03692627,0.056762695
4b,1,Left Ankle,2733310,1779739143753,1.23,9.37,2.58,-0.4375,0.5,0.125,0.79644775,0.6008911,-0.03692627,0.056762695
4b,1,Left Ankle,2733330,1779739143754,1.24,9.39,2.56,-0.4375,0.875,0.0625,0.79644775,0.60095215,-0.0368042,0.056884766
4b,4,Right Wrist,35171970,1779739143756,-1.6684957,-4.7426744,-7.707282,-3.42496,12.461112,0.5037279,-147.18391,10.528811,129.85321,0.0
4b,2,Right Ankle,2461714,1779739143759,-1.4090327,-4.1970325,1.3160526,-0.16282052,0.17934227,-0.17682022,-55.203403,21.436277,173.12833,0.0
4b,3,Left Wrist,8969048,1779739143764,7.4035945,6.348455,6.113662,1.7957764,-12.1303005,45.88922,72.72589,-46.243786,356.97614,0.0
4b,1,Left Ankle,2733345,1779739143782,1.28,9.38,2.54,-0.625,0.4375,-0.3125,0.79644775,0.60095215,-0.0368042,0.056884766
4b,1,Left Ankle,2733368,1779739143812,1.24,9.39,2.56,-0.5,0.375,-0.4375,0.7963867,0.60095215,-0.0368042,0.056884766
4b,1,Left Ankle,2733389,1779739143812,1.23,9.4,2.51,-0.4375,0.3125,-0.4375,0.7963867,0.6010132,-0.03668213,0.056884766
4b,4,Right Wrist,35172031,1779739143815,-1.7354945,-4.6493545,-7.6833534,-4.54496,11.551111,-0.6162722,-147.25351,10.542381,129.8388,0.0
4b,2,Right Ankle,2461774,1779739143820,-1.4233892,-4.2712097,1.3136597,-0.022820532,0.31934237,-0.59682024,-55.268955,21.425798,173.10419,0.0
4b,3,Left Wrist,8969108,1779739143823,7.382059,6.408276,5.82413,-0.30422366,-11.7103,45.609222,72.65251,-46.252476,357.02963,0.0
4b,1,Left Ankle,2733411,1779739143871,1.21,9.39,2.54,-0.5625,0.5,-0.4375,0.7963257,0.6010742,-0.03668213,0.056884766
4b,1,Left Ankle,2733428,1779739143874,1.2,9.4,2.56,-0.5625,0.875,-0.1875,0.79626465,0.60113525,-0.03656006,0.0569458
4b,4,Right Wrist,35172090,1779739143878,-1.5560328,-4.7450676,-7.82453,-3.42496,9.101111,0.43372798,-147.31372,10.505393,129.82622,0.0
4b,2,Right Ankle,2461834,1779739143879,-1.4233892,-4.2903523,1.3519448,-0.23282054,0.45934236,-0.3868202,-55.334496,21.414608,173.0801,0.0
4b,3,Left Wrist,8969168,1779739143883,7.3437743,6.436989,5.8719864,2.2857764,-11.9203005,46.02922,72.58027,-46.260574,357.08298,0.0
4b,1,Left Ankle,2733446,1779739143901,1.26,9.38,2.59,-0.5,1.0625,-0.125,0.79626465,0.60113525,-0.03643799,0.05706787
4b,1,Left Ankle,2733476,1779739143902,1.27,9.38,2.56,-0.5,0.75,0.0,0.7962036,0.6011963,-0.036315918,0.057128906
4b,1,Left Ankle,2733486,1779739143931,1.22,9.41,2.57,-0.625,0.0625,-0.25,0.79626465,0.6011963,-0.036315918,0.057128906
4b,4,Right Wrist,35172151,1779739143936,-1.4363917,-4.931708,-7.7982087,-1.9549599,5.2511115,2.953728,-147.33112,10.4326935,129.82135,0.0
4b,2,Right Ankle,2461894,1779739143940,-1.4305676,-4.292745,1.3040884,-0.022820532,0.24934244,-0.036820203,-55.39996,21.404484,173.05612,0.0
4b,3,Left Wrist,8969228,1779739143943,7.382059,6.350848,5.74756,1.0957764,-10.520301,45.88922,72.50662,-46.26969,357.13736,0.0
4b,1,Left Ankle,2733517,1779739143961,1.24,9.37,2.58,-0.3125,0.1875,-0.375,0.7962036,0.6011963,-0.036315918,0.057128906
4b,1,Left Ankle,2733526,1779739143961,1.2,9.37,2.55,-0.4375,-0.0625,-0.25,0.7962036,0.6012573,-0.036315918,0.057128906
4b,1,Left Ankle,2733546,1779739143995,1.22,9.4,2.59,-0.4375,-0.0625,-0.125,0.7961426,0.60131836,-0.036315918,0.05706787
4b,4,Right Wrist,35172210,1779739143996,-1.5297118,-4.8958154,-7.692925,-4.19496,0.42111206,8.973728,-147.34859,10.36247,129.8158,0.0
4b,2,Right Ankle,2461955,1779739144007,-1.4281752,-4.2401032,1.3016955,0.6771795,0.3893423,-0.106820196,-55.465137,21.394775,173.03212,0.0
4b,3,Left Wrist,8969289,1779739144007,7.33181,6.451346,5.881558,-0.024223626,-8.4203005,46.65922,72.432304,-46.277184,357.1925,0.0
4b,1,Left Ankle,2733577,1779739144022,1.21,9.37,2.56,-0.5625,-0.5,0.0,0.7961426,0.60131836,-0.036315918,0.05706787
4b,1,Left Ankle,2733586,1779739144022,1.2,9.37,2.59,-0.75,-0.6875,0.375,0.7961426,0.6012573,-0.036376953,0.057006836
4b,1,Left Ankle,2733610,1779739144050,1.22,9.41,2.59,-0.8125,-0.6875,0.625,0.7962036,0.6011963,-0.036499023,0.057006836
4b,1,Left Ankle,2733627,1779739144054,1.27,9.36,2.57,-0.4375,-0.75,0.5625,0.7962036,0.6012573,-0.036621094,0.056884766
4b,4,Right Wrist,35172271,1779739144056,-1.6828524,-4.697211,-7.563712,-2.23496,4.3411117,7.6437283,-147.41496,10.390063,129.80096,0.0
4b,2,Right Ankle,2462014,1779739144059,-1.4257822,-4.354959,1.3040884,0.60717946,0.31934237,0.38317978,-55.53033,21.38398,173.00826,0.0
4b,3,Left Wrist,8969348,1779739144063,7.291132,6.408276,5.936593,1.7957764,-8.0003,47.359222,72.35844,-46.284798,357.24792,0.0
4b,1,Left Ankle,2733650,1779739144082,1.26,9.4,2.6,-0.5,-1.3125,0.4375,0.7962036,0.6012573,-0.036743164,0.056762695
4b,1,Left Ankle,2733667,1779739144113,1.22,9.38,2.59,-0.625,-1.5625,0.25,0.7962036,0.6012573,-0.036987305,0.056640625
4b,1,Left Ankle,2733687,1779739144113,1.2,9.38,2.61,-0.5,-1.5,0.25,0.7962036,0.6012573,-0.03717041,0.05645752
4b,4,Right Wrist,35172331,1779739144116,-1.771387,-4.735496,-7.7240314,-4.96496,7.7711115,3.723728,-147.47824,10.42691,129.78734,0.0
4b,2,Right Ankle,2462075,1779739144120,-1.4186037,-4.1563544,1.3160526,-0.44282055,-0.1006577,0.03317979,-55.595715,21.37437,172.98451,0.0
4b,3,Left Wrist,8969409,1779739144123,7.420345,6.365205,5.8839507,3.2657766,-7.8603005,46.16922,72.28461,-46.293545,357.3037,0.0
4b,1,Left Ankle,2733714,1779739144141,1.21,9.36,2.57,0.0,-1.5625,0.5,0.7961426,0.60131836,-0.037353516,0.05633545
4b,1,Left Ankle,2733728,1779739144173,1.2,9.36,2.59,0.125,-1.6875,0.6875,0.7961426,0.60131836,-0.03765869,0.05621338
4b,4,Right Wrist,35172390,1779739144176,-1.6421744,-5.1374903,-7.719246,-7.34496,5.951112,5.053728,-147.41563,10.403802,129.79655,0.0
4b,2,Right Ankle,2462134,1779739144179,-1.4138182,-4.249675,1.2993027,1.4471793,0.039342403,-0.4568202,-55.660545,21.363762,172.96062,0.0
4b,3,Left Wrist,8969468,1779739144184,7.372488,6.405883,5.852844,0.11577642,-5.830301,43.43922,72.20943,-46.30026,357.35995,0.0
4b,1,Left Ankle,2733773,1779739144205,1.27,9.33,2.59,0.375,-2.1875,0.875,0.7959595,0.60150146,-0.038330078,0.056152344
4b,1,Left Ankle,2733752,1779739144204,1.25,9.37,2.56,0.6875,-1.4375,1.1875,0.7960205,0.6014404,-0.037963867,0.05621338
4b,1,Left Ankle,2733790,1779739144240,1.28,9.35,2.59,-0.4375,-2.25,0.625,0.79589844,0.6015625,-0.038757324,0.056030273
4b,4,Right Wrist,35172451,1779739144239,-1.46032,-5.673483,-7.702496,-38.214962,-6.5088882,14.923728,-147.36674,10.380435,129.80467,0.0
4b,2,Right Ankle,2462195,1779739144241,-1.3827116,-4.4769926,1.3447663,-0.092820525,0.31934237,0.8031798,-55.72576,21.349653,172.93694,0.0
4b,3,Left Wrist,8969529,1779739144243,7.2863464,6.5039883,5.895915,0.3957764,-5.4103007,43.649223,72.13472,-46.30511,357.41605,0.0
4b,1,Left Ankle,2733815,1779739144262,1.22,9.37,2.62,-0.375,-1.4375,0.5625,0.79589844,0.60162354,-0.03894043,0.055847168
4b,4,Right Wrist,35172510,1779739144297,-1.2473588,-4.6086764,-6.9726853,-76.994965,-19.738888,30.113728,-147.36414,10.3229265,129.80492,0.0
4b,2,Right Ankle,2462254,1779739144306,-1.4233892,-4.2807813,1.2562318,-1.3528205,0.039342403,0.5931798,-55.791485,21.34008,172.91328,0.0
4b,3,Left Wrist,8969588,1779739144307,7.293525,6.42024,5.953343,0.7457764,-4.0103006,44.699223,72.05931,-46.31093,357.4731,0.0
4b,1,Left Ankle,2733840,1779739144323,1.32,9.34,2.58,-0.0625,-0.9375,0.5625,0.7958374,0.60162354,-0.039245605,0.055725098
4b,1,Left Ankle,2733859,1779739144324,1.31,9.3,2.61,-0.0625,-0.875,-0.4375,0.79559326,0.60180664,-0.03704834,0.05871582
4b,1,Left Ankle,2733875,1779739144325,1.36,9.34,2.59,0.0,-1.3125,-1.125,0.79559326,0.6018677,-0.037109375,0.05847168
4b,1,Left Ankle,2733919,1779739144353,1.24,9.34,2.59,0.8125,0.1875,-1.6875,0.7955322,0.60198975,-0.036987305,0.057861328
4b,4,Right Wrist,35172571,1779739144356,-1.5321045,-3.6228335,-6.369694,-104.78496,-23.938887,27.243729,-147.46577,10.367397,129.78978,0.0
4b,2,Right Ankle,2462314,1779739144359,-1.4209967,-4.285567,1.3399806,0.60717946,0.6693424,-0.106820196,-55.85651,21.328964,172.88934,0.0
4b,3,Left Wrist,8969648,1779739144362,7.305489,6.5279174,5.8193445,-3.1742234,-4.5703006,45.469223,71.98273,-46.316067,357.53006,0.0
4b,1,Left Ankle,2733938,1779739144383,1.39,9.35,2.53,1.1875,0.625,-2.6875,0.7954712,0.60217285,-0.036621094,0.057617188
4b,4,Right Wrist,35172630,1779739144415,-2.0968108,-2.4240294,-5.812166,-62.574963,-11.268888,24.793728,-147.54614,10.424859,129.77412,0.0
4b,2,Right Ankle,2462375,1779739144420,-1.4066397,-4.323852,1.3136597,1.3071795,0.8093424,1.3631797,-55.921204,21.317743,172.86569,0.0
4b,3,Left Wrist,8969708,1779739144423,7.477772,6.458525,5.692525,0.2557764,-5.1303005,45.74922,71.90654,-46.32368,357.58743,0.0
4b,1,Left Ankle,2733969,1779739144444,1.33,9.26,2.68,0.9375,0.3125,-4.25,0.7952881,0.602417,-0.0357666,0.05731201
4b,1,Left Ankle,2733986,1779739144444,1.32,9.33,2.61,0.5,-0.4375,-5.25,0.7952881,0.60253906,-0.03527832,0.056640625
4b,1,Left Ankle,2734002,1779739144445,1.14,9.38,2.55,0.5,-0.0625,-5.125,0.7953491,0.60253906,-0.03540039,0.055786133
4b,1,Left Ankle,2734028,1779739144472,1.14,9.37,2.54,0.6875,1.625,-4.3125,0.7953491,0.60266113,-0.034484863,0.05493164
4b,1,Left Ankle,2734045,1779739144472,1.23,9.31,2.63,0.75,0.4375,-4.0,0.7952881,0.6027832,-0.03338623,0.055236816
4b,4,Right Wrist,35172691,1779739144476,-1.7522442,-4.058327,-5.9294147,-115.70496,-23.098886,26.823729,-147.55247,10.496355,129.77676,0.0
4b,2,Right Ankle,2462434,1779739144481,-1.3396406,-4.498528,1.3686945,-1.3528205,1.0893424,3.8831797,-55.986416,21.302267,172.84258,0.0
4b,3,Left Wrist,8969768,1779739144483,7.5615215,6.1618147,5.4293146,-0.09422362,-4.1503005,42.039223,71.828964,-46.334373,357.64572,0.0
4b,1,Left Ankle,2734075,1779739144532,1.04,9.42,2.49,1.1875,0.3125,-3.625,0.79522705,0.6029663,-0.032958984,0.0546875
4b,4,Right Wrist,35172750,1779739144538,-0.90279233,-3.3931227,-4.462614,-238.55496,-73.778885,57.55373,-147.57152,10.511205,129.78537,0.0
4b,2,Right Ankle,2462495,1779739144541,-1.4114251,-4.2377105,1.2729815,0.88717943,1.2993424,3.8131797,-56.051086,21.29346,172.81932,0.0
4b,3,Left Wrist,8969829,1779739144549,7.470594,5.9512467,5.2546387,-0.65422356,0.6796994,37.97922,71.74948,-46.344933,357.7061,0.0
4b,1,Left Ankle,2734089,1779739144568,1.04,9.42,2.49,1.9375,2.125,-2.625,0.79504395,0.6032715,-0.032409668,0.054504395
4b,1,Left Ankle,2734108,1779739144568,1.0,9.43,2.43,2.5,3.0625,-1.4375,0.79473877,0.6036377,-0.03137207,0.054992676
4b,1,Left Ankle,2734134,1779739144569,1.16,9.59,2.27,1.5625,1.8125,-0.4375,0.79437256,0.604126,-0.030883789,0.05517578
4b,4,Right Wrist,35172811,1779739144598,-0.7879368,-0.7945172,-0.16031912,-266.41495,-90.85889,65.67373,-147.63507,10.584101,129.78842,0.0
4b,2,Right Ankle,2462554,1779739144600,-1.8947756,-4.1324263,1.1724831,-0.6528205,1.0893424,3.2531798,-56.11374,21.30695,172.79694,0.0
4b,3,Left Wrist,8969888,1779739144604,7.240883,5.039581,5.237889,-9.474223,10.829699,28.179222,71.66417,-46.358368,357.77002,0.0
4b,1,Left Ankle,2734152,1779739144623,1.44,9.56,2.13,-2.4375,-9.0,-0.25,0.7942505,0.6043091,-0.031677246,0.05456543
4b,1,Left Ankle,2734179,1779739144623,0.87,9.45,2.44,-3.0,-10.75,-0.1875,0.79437256,0.604187,-0.034179688,0.052490234
4b,1,Left Ankle,2734195,1779739144624,1.05,9.54,2.64,-0.375,-3.875,-0.125,0.79437256,0.604126,-0.034301758,0.05267334
4b,1,Left Ankle,2734220,1779739144652,1.02,9.53,2.92,1.5625,-3.75,-0.0625,0.7942505,0.6043091,-0.034729004,0.05230713
4b,4,Right Wrist,35172871,1779739144656,-1.027219,1.9237294,2.914458,-126.41496,-44.93889,52.51373,-147.68095,10.616843,129.78111,0.0
4b,3,Left Wrist,8969949,1779739144665,5.8339033,4.3552337,6.798009,-50.424225,12.859699,7.5292206,71.570816,-46.35452,357.82834,0.0
4b,2,Right Ankle,2462615,1779739144665,-2.4546962,-3.9386077,1.672583,-20.672821,3.4693422,15.01318,-56.16888,21.354637,172.7813,0.0
4b,1,Left Ankle,2734239,1779739144681,1.33,9.43,2.59,3.25,-1.6875,-0.625,0.7939453,0.6047363,-0.034973145,0.05206299
4b,1,Left Ankle,2734259,1779739144682,0.97,9.5,2.76,4.4375,-0.8125,-0.5625,0.79345703,0.6054077,-0.03491211,0.05206299
4b,1,Left Ankle,2734279,1779739144711,1.08,9.39,2.65,7.375,0.9375,0.4375,0.79278564,0.6062622,-0.03466797,0.05218506
4b,4,Right Wrist,35172930,1779739144716,0.06869367,0.65553313,2.0937197,-1.7449601,-15.258888,45.163727,-147.67824,10.632752,129.77141,0.0
4b,2,Right Ankle,2462674,1779739144719,-1.5645664,-5.7882595,3.1800613,-53.642822,-0.52065754,41.753178,-56.22605,21.303919,172.77501,0.0
4b,3,Left Wrist,8970008,1779739144723,5.329017,4.7715855,6.5300126,-50.704224,12.3696995,-18.860775,71.48213,-46.335815,357.8811,0.0
4b,1,Left Ankle,2734316,1779739144750,0.94,9.54,2.53,9.8125,6.75,2.625,0.7910156,0.6085205,-0.03375244,0.053466797
4b,1,Left Ankle,2734298,1779739144750,1.07,9.39,2.58,8.3125,2.0625,1.3125,0.79193115,0.60736084,-0.034362793,0.052612305
4b,1,Left Ankle,2734338,1779739144772,1.15,9.45,2.56,12.1875,15.3125,3.5625,0.78985596,0.60998535,-0.032165527,0.05529785
4b,4,Right Wrist,35172991,1779739144775,1.009073,-1.4764719,2.050649,1.0550399,-2.868888,57.133728,-147.65974,10.637004,129.75871,0.0
4b,2,Right Ankle,2462735,1779739144779,-0.17912148,-5.4556575,4.067798,-99.63282,-23.900658,34.26318,-56.2443,21.239998,172.79369,0.0
4b,3,Left Wrist,8970069,1779739144783,5.8339033,4.7763705,6.6257257,-62.674225,18.0397,-9.970779,71.38497,-46.322643,357.9389,0.0
4b,1,Left Ankle,2734358,1779739144802,1.31,9.31,2.59,12.625,17.6875,3.25,0.78863525,0.6114502,-0.029968262,0.057617188
4b,1,Left Ankle,2734376,1779739144802,1.34,9.63,2.2,12.8125,21.5,2.375,0.7873535,0.61291504,-0.027282715,0.0602417
4b,1,Left Ankle,2734396,1779739144831,1.42,9.5,2.16,11.3125,20.5,0.9375,0.7861328,0.61431885,-0.023925781,0.06335449
4b,4,Right Wrist,35173050,1779739144836,1.2890333,-1.3496523,2.5818558,-11.89496,8.681111,78.41373,-147.64996,10.641867,129.73694,0.0
4b,2,Right Ankle,2462794,1779739144840,-0.7821131,-3.3092952,3.089134,-72.962814,-33.35066,7.0331798,-56.224197,21.188627,172.82048,0.0
4b,3,Left Wrist,8970128,1779739144850,5.352946,5.271685,6.51087,-55.814224,14.9597,7.5992203,71.291534,-46.308628,357.99637,0.0
4b,1,Left Ankle,2734416,1779739144862,1.16,9.56,2.2,9.3125,17.0625,0.0,0.7852173,0.6154175,-0.02142334,0.06530762
4b,1,Left Ankle,2734436,1779739144863,1.03,9.52,2.23,8.6875,17.0,0.8125,0.78430176,0.61639404,-0.019165039,0.06707764
4b,1,Left Ankle,2734460,1779739144891,0.88,9.52,2.31,9.75,21.8125,2.4375,0.78338623,0.61743164,-0.016540527,0.06951904
4b,4,Right Wrist,35173111,1779739144896,0.5352941,-1.2970103,1.4715859,-44.304962,3.2911115,83.17372,-147.64656,10.651207,129.71571,0.0
4b,2,Right Ankle,2462854,1779739144900,-1.303748,-2.7661245,0.7345966,-26.48282,-36.360657,-8.78682,-56.29196,21.19378,172.80757,0.0
4b,3,Left Wrist,8970188,1779739144903,5.3888383,4.620837,8.334202,-30.894224,8.729699,19.009222,71.208046,-46.303917,358.0524,0.0
4b,1,Left Ankle,2734481,1779739144924,1.21,9.51,2.1,9.5,24.0625,2.875,0.78234863,0.61846924,-0.01361084,0.072387695
4b,1,Left Ankle,2734496,1779739144924,1.11,9.63,2.12,9.25,23.1875,2.8125,0.78131104,0.6194458,-0.010375977,0.075683594
4b,1,Left Ankle,2734526,1779739144952,1.21,9.44,2.43,9.0,19.1875,2.25,0.7803345,0.6203613,-0.007873535,0.078186035
4b,4,Right Wrist,35173170,1779739144956,1.4302098,-1.1223341,2.1487546,-27.29496,14.141111,76.52373,-147.64305,10.651497,129.69334,0.0
4b,3,Left Wrist,8970249,1779739144966,4.1326065,4.9965105,6.5443697,-28.444223,11.599699,29.649221,71.126495,-46.292213,358.10913,0.0
4b,2,Right Ankle,2462915,1779739144965,-1.294177,-2.5938413,0.3278167,-21.65282,-29.990658,-11.16682,-56.359013,21.202608,172.79216,0.0
4b,1,Left Ankle,2734543,1779739144982,1.22,9.44,2.29,9.625,17.6875,2.5625,0.77941895,0.6213379,-0.00579834,0.080444336
4b,1,Left Ankle,2734565,1779739145018,1.17,9.56,2.32,12.0,23.1875,4.4375,0.7775879,0.6230469,-0.0020751953,0.08453369
4b,4,Right Wrist,35173231,1779739145019,1.9470594,-0.80648124,2.2755742,-50.95496,15.191112,68.89372,-147.65071,10.64761,129.67244,0.0
4b,2,Right Ankle,2462974,1779739145021,-1.5095313,-1.2825744,0.17228323,0.46717948,-12.840657,-13.82682,-56.395493,21.256184,172.77988,0.0
4b,3,Left Wrist,8970308,1779739145022,4.395817,4.6016946,7.786245,-32.574223,23.7797,37.06922,71.03718,-46.286903,358.1738,0.0
4b,1,Left Ankle,2734590,1779739145043,1.19,9.52,2.13,12.1875,22.875,4.25,0.7762451,0.6243286,5.493164E-4,0.08746338
4b,1,Left Ankle,2734608,1779739145043,1.16,9.32,2.1,12.0625,20.3125,2.5625,0.77490234,0.62561035,0.0032958984,0.09020996
4b,1,Left Ankle,2734630,1779739145073,1.0,9.44,2.28,11.25,15.8125,2.0,0.7736206,0.62683105,0.005493164,0.09234619
4b,1,Left Ankle,2734645,1779739145074,0.97,9.34,2.36,10.375,11.1875,2.875,0.772522,0.6279297,0.007080078,0.09399414
4b,2,Right Ankle,2463035,1779739145080,-1.3874972,-5.111091,0.3589234,-14.30282,-4.0206575,-8.15682,-56.467274,21.245111,172.7553,0.0
4b,3,Left Wrist,8970369,1779739145083,5.5706925,4.5059814,6.881758,-24.524223,36.869698,47.91922,70.940575,-46.290424,358.2496,0.0
4b,1,Left Ankle,2734675,1779739145101,0.97,9.82,2.21,11.5,8.8125,5.625,0.77142334,0.62908936,0.008056641,0.095581055
4b,4,Right Wrist,35173291,1779739145106,2.3969102,-1.2898318,3.668197,-75.03496,10.431111,55.24373,-147.66496,10.645386,129.65672,0.0
4b,1,Left Ankle,2734689,1779739145133,1.07,9.8,2.17,13.0625,8.9375,7.25,0.76989746,0.63061523,0.008605957,0.097351074
4b,1,Left Ankle,2734707,1779739145133,1.27,9.31,1.51,14.0625,14.9375,6.125,0.76831055,0.63220215,0.0099487305,0.09967041
4b,2,Right Ankle,2463094,1779739145141,-2.9117246,-2.0650275,3.2997024,2.5671794,-1.7806578,-9.06682,-56.41488,21.285128,172.77283,0.0
4b,3,Left Wrist,8970428,1779739145145,5.910474,4.6136584,5.0081778,12.715776,38.969696,31.819221,70.854485,-46.292515,358.32645,0.0
4b,1,Left Ankle,2734732,1779739145165,1.39,9.41,1.39,12.6875,16.625,1.8125,0.76678467,0.633667,0.012023926,0.10180664
4b,4,Right Wrist,35173351,1779739145171,2.073879,-2.026821,4.197011,-19.59496,28.631111,46.003727,-147.65732,10.638438,129.6408,0.0
4b,1,Left Ankle,2734747,1779739145192,1.52,9.57,1.74,11.4375,13.8125,-4.625,0.76556396,0.6348877,0.014404297,0.10296631
4b,1,Left Ankle,2734769,1779739145194,1.66,9.34,2.32,10.5,9.875,-10.5625,0.76452637,0.6361084,0.016967773,0.10296631
4b,2,Right Ankle,2463155,1779739145200,-1.7918847,-4.283174,2.1822543,-10.662821,-5.2106576,5.56318,-56.48121,21.278872,172.75252,0.0
4b,3,Left Wrist,8970489,1779739145207,5.4295163,3.0128603,6.388837,26.575777,56.609703,28.249222,70.76995,-46.297054,358.40942,0.0
4b,1,Left Ankle,2734788,1779739145223,1.21,9.29,1.95,9.75,3.4375,-14.9375,0.7636719,0.63726807,0.019348145,0.10168457
4b,4,Right Wrist,35173441,1779739145225,2.0786648,-1.7707887,3.7998023,40.39504,34.16111,39.49373,-147.62903,10.627789,129.62567,0.0
4b,1,Left Ankle,2734818,1779739145251,0.51,9.56,1.12,8.75,-4.125,-17.3125,0.7626343,0.6390381,0.02154541,0.09765625
4b,2,Right Ankle,2463214,1779739145259,-0.6911855,-3.2973313,1.442872,7.537179,-5.3506575,9.62318,-56.529907,21.229563,172.73708,0.0
4b,3,Left Wrist,8970548,1779739145264,4.0081797,3.6302087,4.9028935,96.365776,56.679703,29.299221,70.71171,-46.288025,358.4911,0.0
4b,1,Left Ankle,2734837,1779739145286,-0.1,9.89,2.24,11.625,0.125,-15.5625,0.76171875,0.6404419,0.02331543,0.095336914
4b,1,Left Ankle,2734856,1779739145286,0.44,9.49,1.95,16.1875,8.25,-12.25,0.7601929,0.64227295,0.026000977,0.09454346
4b,4,Right Wrist,35173500,1779739145286,1.5833504,-3.1418765,2.4717858,104.935036,41.861115,21.153728,-147.56908,10.609915,129.61615,0.0
4b,1,Left Ankle,2734886,1779739145316,1.11,9.59,1.68,17.25,3.5,-10.5625,0.7584839,0.6442871,0.028198242,0.093566895
4b,2,Right Ankle,2463274,1779739145320,-0.8969681,-4.17789,2.775674,-1.2128205,-8.710658,15.15318,-56.52731,21.15903,172.74326,0.0
4b,3,Left Wrist,8970608,1779739145325,2.7710903,1.426419,4.8430734,28.745777,36.4497,20.969221,70.639275,-46.28826,358.56067,0.0
4b,1,Left Ankle,2734902,1779739145343,0.05,9.77,1.32,15.125,-5.9375,-11.0,0.756897,0.6463623,0.02923584,0.09185791
4b,4,Right Wrist,35173561,1779739145345,4.9069815,-3.9339008,1.8400806,-29.464958,-23.098886,22.973728,-147.55861,10.597168,129.61755,0.0
4b,1,Left Ankle,2734920,1779739145375,0.38,9.39,1.42,15.6875,-5.0,-8.375,0.75549316,0.6483154,0.029663086,0.089904785
4b,1,Left Ankle,2734943,1779739145375,1.4,10.17,0.84,16.4375,2.375,-8.1875,0.7537842,0.6503906,0.030944824,0.08886719
4b,2,Right Ankle,2463334,1779739145380,-2.5839083,-4.354959,2.2971096,5.4371796,-6.540658,19.283178,-56.564735,21.214434,172.73428,0.0
4b,3,Left Wrist,8970668,1779739145384,0.44526657,1.4910251,5.328816,-16.404224,22.4497,21.809221,70.5658,-46.275463,358.6165,0.0
4b,1,Left Ankle,2734969,1779739145401,1.53,9.9,1.24,15.875,-3.5,-10.9375,0.75213623,0.6524048,0.032104492,0.087402344
4b,4,Right Wrist,35173621,1779739145406,5.325725,-2.3091743,3.2470603,119.28504,26.321112,8.833728,-147.50334,10.571219,129.61264,0.0
4b,1,Left Ankle,2734980,1779739145433,0.01,9.66,1.58,11.6875,-10.75,-13.4375,0.75097656,0.65405273,0.032592773,0.08459473
4b,1,Left Ankle,2734999,1779739145434,-0.47,9.35,2.02,11.875,-6.0,-11.3125,0.7498779,0.6555786,0.0335083,0.08258057
4b,2,Right Ankle,2463394,1779739145441,-1.174536,-3.77111,2.7565317,10.057179,-2.6206574,19.703178,-56.53411,21.156614,172.74832,0.0
4b,3,Left Wrist,8970728,1779739145450,-2.4620132,4.3552337,4.034299,4.3157763,43.2397,39.02922,70.51996,-46.23734,358.66367,0.0
4b,1,Left Ankle,2735023,1779739145463,0.25,9.76,1.23,13.375,4.6875,-6.5625,0.74853516,0.6571045,0.034851074,0.08178711
4b,4,Right Wrist,35173680,1779739145466,5.3305106,-0.57198507,3.7375891,34.515038,-12.388887,1.4837279,-147.48143,10.557457,129.6163,0.0
4b,1,Left Ankle,2735043,1779739145493,1.09,9.97,1.33,14.3125,5.0,-4.8125,0.74694824,0.6588135,0.036315918,0.081726074
4b,1,Left Ankle,2735064,1779739145495,0.19,9.59,0.69,10.4375,0.0,-5.4375,0.74572754,0.6602173,0.037231445,0.08105469
4b,2,Right Ankle,2463455,1779739145501,-0.78450555,-3.3739014,2.333002,1.5871794,-3.1106577,22.293179,-56.52279,21.091276,172.75705,0.0
4b,3,Left Wrist,8970789,1779739145510,-3.337786,2.462511,6.9655066,115.05577,55.9097,35.45922,70.49414,-46.21352,358.72693,0.0
4b,1,Left Ankle,2735081,1779739145524,0.68,9.97,0.69,9.0,2.125,-5.3125,0.744812,0.6613159,0.038085938,0.080444336
4b,1,Left Ankle,2735099,1779739145525,0.41,10.03,1.23,6.75,1.625,-4.875,0.7439575,0.6621704,0.03955078,0.080566406
4b,4,Right Wrist,35173741,1779739145525,6.337889,0.8326023,4.5296135,-54.664963,-35.41889,10.093728,-147.49448,10.553212,129.62103,0.0
4b,1,Left Ankle,2735128,1779739145551,0.44,10.1,1.07,7.125,4.375,-3.4375,0.7432251,0.66296387,0.04046631,0.080444336
4b,2,Right Ankle,2463514,1779739145560,-1.2893916,-2.8450875,2.9862425,4.2471795,-3.6006575,15.2931795,-56.461826,21.080729,172.78218,0.0
4b,3,Left Wrist,8970848,1779739145563,-4.50309,-2.457132,2.3114667,222.36577,74.3897,5.499222,70.51716,-46.19353,358.78378,0.0
4b,1,Left Ankle,2735141,1779739145584,1.37,10.14,1.67,8.9375,8.0625,-4.25,0.74224854,0.6639404,0.041992188,0.08074951
4b,4,Right Wrist,35173800,1779739145596,7.725726,-0.20109716,2.9024937,-40.664963,-22.118887,19.403728,-147.50317,10.53972,129.62051,0.0
4b,1,Left Ankle,2735166,1779739145616,-0.11,9.72,1.43,6.875,4.75,-4.9375,0.7408447,0.66503906,0.04534912,0.082214355
4b,1,Left Ankle,2735187,1779739145616,0.18,9.21,1.07,7.6875,5.3125,-4.0625,0.74005127,0.66589355,0.04650879,0.08227539
4b,2,Right Ankle,2463575,1779739145623,-1.6794214,-3.5222564,3.129812,-5.5528207,-0.52065754,13.89318,-56.402863,21.075317,172.80672,0.0
4b,3,Left Wrist,8970909,1779739145624,-3.8713856,0.3089707,1.3782659,-73.87423,-14.720301,20.689222,70.4768,-46.170147,358.7926,0.0
4b,1,Left Ankle,2735204,1779739145644,-0.01,9.52,0.76,6.0,3.1875,-3.0,0.7397461,0.66619873,0.046936035,0.082214355
4b,4,Right Wrist,35173861,1779739145651,8.529715,0.53110594,2.3569303,26.25504,8.611112,11.073728,-147.49225,10.513879,129.61603,0.0
4b,1,Left Ankle,2735228,1779739145673,-0.16,9.58,0.65,5.625,1.25,-1.0,0.7387085,0.66729736,0.047546387,0.082214355
4b,1,Left Ankle,2735245,1779739145674,0.4,9.44,0.87,6.0625,2.0,0.125,0.73809814,0.66796875,0.047607422,0.08215332
4b,2,Right Ankle,2463634,1779739145685,-1.1482149,-2.5124853,2.603391,-9.752821,2.9093423,13.89318,-56.347412,21.066023,172.82959,0.0
4b,3,Left Wrist,8970968,1779739145685,-2.8903286,2.1753726,2.8235307,-58.684223,-31.3803,-17.67078,70.4423,-46.12787,358.79413,0.0
4b,1,Left Ankle,2735269,1779739145702,0.52,9.91,1.16,3.8125,-1.1875,-0.75,0.73760986,0.66851807,0.047546387,0.081970215
4b,4,Right Wrist,35173920,1779739145707,7.6012993,1.59352,2.7517462,1.0550399,4.5511117,15.553728,-147.49246,10.493139,129.61057,0.0
4b,1,Left Ankle,2735305,1779739145737,0.49,9.9,0.93,3.5625,2.1875,-2.0625,0.7369995,0.6694336,0.04724121,0.08050537
4b,1,Left Ankle,2735286,1779739145737,0.81,10.39,1.12,4.125,1.5625,-1.5,0.7371826,0.66900635,0.047851562,0.081848145
4b,2,Right Ankle,2463695,1779739145741,-1.0740373,-2.208597,2.2731814,-15.282821,2.6993423,12.98318,-56.292736,21.061079,172.85278,0.0
4b,3,Left Wrist,8971029,1779739145744,-2.124625,2.3261201,2.792424,46.525776,-10.8703,-54.14078,70.439125,-46.06989,358.80124,0.0
4b,1,Left Ankle,2735331,1779739145763,0.2,9.65,1.08,2.0625,3.125,-2.3125,0.7367554,0.66967773,0.047912598,0.08050537
4b,4,Right Wrist,35173981,1779739145767,9.080064,-0.5911276,2.0315065,-24.074959,-13.228888,29.693727,-147.49687,10.475032,129.60515,0.0
4b,1,Left Ankle,2735347,1779739145795,0.05,9.61,0.99,1.8125,3.8125,-2.0625,0.73657227,0.6697998,0.04864502,0.08074951
4b,2,Right Ankle,2463754,1779739145800,-1.1960715,-2.208597,2.2779672,-6.952821,-0.31065774,6.33318,-56.233776,21.062986,172.87607,0.0
4b,3,Left Wrist,8971088,1779739145810,-1.8685926,2.5749738,2.8450663,29.095776,-7.790301,-69.54077,70.43033,-46.00511,358.8075,0.0
4b,1,Left Ankle,2735375,1779739145825,0.09,9.64,0.8,1.0,3.3125,-0.1875,0.73638916,0.66986084,0.0491333,0.08111572
4b,4,Right Wrist,35174041,1779739145826,7.5103717,0.42103696,3.3164523,35.285038,15.891111,33.47373,-147.4823,10.45485,129.59293,0.0
4b,1,Left Ankle,2735391,1779739145828,0.3,9.74,0.9,0.125,1.8125,1.0,0.73638916,0.66986084,0.04937744,0.0814209
4b,1,Left Ankle,2735410,1779739145853,0.05,9.64,0.95,-1.1875,1.25,2.375,0.73638916,0.6697998,0.049560547,0.081848145
4b,1,Left Ankle,2735426,1779739145854,0.2,9.62,0.66,-1.8125,3.3125,4.3125,0.7363281,0.66973877,0.049621582,0.08251953
4b,3,Left Wrist,8971148,1779739145864,-2.5337973,3.0631096,2.4143581,-0.3742236,-8.980301,-62.120777,70.42126,-45.937744,358.8068,0.0
4b,1,Left Ankle,2735449,1779739145882,0.54,9.88,0.8,-3.125,1.6875,4.75,0.73657227,0.6694946,0.04888916,0.08294678
4b,4,Right Wrist,35174101,1779739145886,7.579764,-0.088634565,2.9599216,10.64504,9.5211115,18.423727,-147.47427,10.432239,129.5866,0.0
4b,1,Left Ankle,2735470,1779739145911,0.55,9.83,1.01,-3.625,-0.375,4.125,0.7369385,0.6690674,0.04840088,0.083496094
4b,1,Left Ankle,2735487,1779739145912,0.46,9.81,1.11,-3.125,1.0625,3.75,0.73724365,0.66864014,0.047973633,0.08404541
4b,2,Right Ankle,2463814,1779739145919,-1.6794214,-2.622555,2.6871397,-7.8628206,1.4393423,1.7831798,-56.175602,21.081856,172.8979,0.0
4b,3,Left Wrist,8971208,1779739145924,-1.7178456,2.3380845,2.0985055,-10.454224,-2.7503006,-34.750782,70.39851,-45.880234,358.81708,0.0
4b,1,Left Ankle,2735511,1779739145943,0.54,9.81,0.99,-2.9375,1.75,2.875,0.7375488,0.66833496,0.04748535,0.084350586
4b,4,Right Wrist,35174161,1779739145952,6.608278,0.6459622,1.5337993,20.16504,1.8911114,9.883728,-147.46664,10.407343,129.5835,0.0
4b,1,Left Ankle,2735527,1779739145972,0.55,9.79,1.01,-3.125,0.6875,1.875,0.737854,0.6679077,0.047302246,0.08477783
4b,1,Left Ankle,2735548,1779739145974,0.32,9.64,1.11,-3.5625,-1.125,0.875,0.7382202,0.6675415,0.047058105,0.0848999
4b,2,Right Ankle,2463978,1779739145984,-1.2965695,-2.4048083,2.6368904,-0.8628205,-0.24065757,-4.93682,-56.059258,21.070456,172.9392,0.0
4b,3,Left Wrist,8971268,1779739145984,-1.7537376,2.4864392,1.3806587,3.2657766,1.3796992,-11.160778,70.389534,-45.82327,358.82373,0.0
4b,1,Left Ankle,2735568,1779739146001,0.45,9.64,1.08,-3.75,-1.25,0.625,0.7387085,0.6670532,0.04675293,0.08483887
4b,4,Right Wrist,35174220,1779739146005,7.988937,-4.790531,-0.19621146,149.94504,58.73111,2.463728,-147.39973,10.355638,129.57454,0.0
4b,1,Left Ankle,2735592,1779739146033,0.57,9.95,0.97,-4.0,-1.125,0.6875,0.73913574,0.66656494,0.046447754,0.08483887
4b,2,Right Ankle,2463997,1779739146040,-1.0692519,-2.4742002,2.5483563,2.0771794,-0.5906577,-5.2168202,-56.001884,21.050556,172.95877,0.0
4b,3,Left Wrist,8971329,1779739146043,-1.323029,1.4335972,1.4907286,-2.2642236,2.5696993,16.699223,70.360085,-45.784653,358.84625,0.0
4b,1,Left Ankle,2735614,1779739146061,0.47,9.75,1.02,-4.875,-2.375,-0.125,0.73968506,0.6660156,0.046020508,0.08459473
4b,1,Left Ankle,2735638,1779739146061,0.42,9.61,1.13,-5.3125,-2.875,-0.6875,0.7406616,0.66503906,0.04547119,0.08404541
4b,4,Right Wrist,35174281,1779739146066,6.4024954,0.12193361,0.27038896,43.61504,37.941113,-20.216272,-147.38449,10.30876,129.57336,0.0
4b,1,Left Ankle,2735651,1779739146096,0.19,9.26,1.13,-6.4375,-3.125,-1.1875,0.74102783,0.66467285,0.045288086,0.083862305
4b,2,Right Ankle,2464054,1779739146100,-1.8134196,-2.8953369,2.536392,5.2271795,0.45934236,-3.8168204,-55.942783,21.085176,172.97855,0.0
4b,3,Left Wrist,8971388,1779739146103,-1.1076754,1.2373857,0.94037926,-1.9842235,-0.6503005,46.449223,70.3363,-45.75173,358.86646,0.0
4b,1,Left Ankle,2735696,1779739146126,0.98,10.32,1.29,-9.4375,0.1875,-1.6875,0.7435303,0.66204834,0.0446167,0.08276367
4b,1,Left Ankle,2735676,1779739146126,-0.06,9.31,1.1,-8.5625,-1.25,-1.125,0.74243164,0.663208,0.044921875,0.08325195
4b,4,Right Wrist,35174340,1779739146126,5.900003,-2.096213,-0.41874397,24.855042,18.341112,-6.4262714,-147.36652,10.264985,129.57347,0.0
4b,1,Left Ankle,2735716,1779739146151,0.79,10.45,1.25,-10.375,-0.75,-2.5,0.7441406,0.66137695,0.0446167,0.0826416
4b,2,Right Ankle,2464115,1779739146161,-0.8754332,-2.5507705,2.507678,2.2871795,0.10934234,-2.7668202,-55.891342,21.051577,172.99622,0.0
4b,3,Left Wrist,8971449,1779739146163,-0.5860399,0.5410745,1.2394822,17.755777,-5.3403006,68.84922,70.29472,-45.743633,358.90506,0.0
4b,1,Left Ankle,2735736,1779739146181,0.31,10.05,1.57,-9.8125,3.875,-4.625,0.7459717,0.6593628,0.045288086,0.082092285
4b,1,Left Ankle,2735760,1779739146181,0.63,9.69,1.14,-8.5625,8.6875,-4.8125,0.7470093,0.6581421,0.046203613,0.081848145
4b,4,Right Wrist,35174401,1779739146186,8.450751,-2.108177,-0.21056838,-10.77496,-5.878889,19.473728,-147.36406,10.234752,129.57004,0.0
4b,1,Left Ankle,2735776,1779739146210,0.81,9.77,1.19,-9.8125,3.625,-7.8125,0.7481079,0.65686035,0.04748535,0.08166504
4b,2,Right Ankle,2464174,1779739146219,-1.4329607,-3.285367,2.5890338,-12.34282,2.9093423,-5.84682,-55.84179,21.023151,173.0137,0.0
4b,3,Left Wrist,8971508,1779739146225,-1.9068776,0.3233277,1.820938,29.725777,-9.190301,77.17922,70.26568,-45.741383,358.93756,0.0
4b,1,Left Ankle,2735797,1779739146242,0.49,9.92,1.5,-10.9375,1.1875,-9.6875,0.7494507,0.65527344,0.048706055,0.08062744
4b,4,Right Wrist,35174460,1779739146246,11.748061,-1.7061826,0.66041905,-11.75496,-14.068888,8.343728,-147.363,10.207689,129.57115,0.0
4b,1,Left Ankle,2735820,1779739146271,0.44,9.98,2.37,-11.4375,5.1875,-11.875,0.75079346,0.6536865,0.050964355,0.08001709
4b,1,Left Ankle,2735839,1779739146273,0.42,9.64,1.35,-11.125,14.5,-14.6875,0.7520752,0.6519165,0.054260254,0.079956055
4b,2,Right Ankle,2464235,1779739146279,-1.8110266,-3.1298337,2.9072795,-12.4828205,5.8493423,-5.14682,-55.785507,21.038403,173.03294,0.0
4b,3,Left Wrist,8971569,1779739146284,-2.6151533,0.30657795,2.4478576,43.025776,-9.400301,82.91922,70.240524,-45.74202,358.971,0.0
4b,1,Left Ankle,2735859,1779739146302,0.68,9.82,0.85,-10.125,12.0625,-15.5625,0.7532959,0.6503906,0.057128906,0.07904053
4b,1,Left Ankle,2735881,1779739146303,0.33,9.64,1.72,-9.8125,-4.6875,-19.0,0.7546387,0.64904785,0.058776855,0.07647705
4b,4,Right Wrist,35174521,1779739146307,13.681462,-1.9933214,0.22492532,1.12504,-3.7788887,-3.3462722,-147.35776,10.1742115,129.57368,0.0
4b,1,Left Ankle,2735897,1779739146338,-0.22,9.37,1.72,-9.25,-7.25,-17.75,0.75598145,0.6477051,0.059631348,0.07336426
4b,2,Right Ankle,2464294,1779739146340,-0.9687533,-2.773303,2.1104696,-20.95282,7.8793426,-10.88682,-55.76151,20.979568,173.04005,0.0
4b,3,Left Wrist,8971628,1779739146343,-2.4332993,2.1921222,3.4672,110.575775,-23.8903,90.269226,70.24262,-45.73712,358.9991,0.0
4b,1,Left Ankle,2735919,1779739146363,-0.25,9.48,1.61,-8.125,-12.3125,-15.25,0.75720215,0.64660645,0.059936523,0.070251465
4b,1,Left Ankle,2735939,1779739146365,-0.49,9.41,1.8,-8.0625,-22.4375,-11.8125,0.75842285,0.64575195,0.058654785,0.066467285
4b,4,Right Wrist,35174581,1779739146366,14.997515,-1.4525434,1.2801601,-19.734959,-10.988888,-4.6762714,-147.35983,10.144898,129.57793,0.0
4b,1,Left Ankle,2735954,1779739146392,-0.77,9.54,1.64,-7.875,-24.5,-8.625,0.75897217,0.6453247,0.057678223,0.064819336
4b,2,Right Ankle,2464354,1779739146401,-2.0096307,-2.2349179,1.7012969,-10.10282,1.2993424,-34.89682,-55.75417,21.044306,173.03719,0.0
4b,3,Left Wrist,8971688,1779739146404,-1.0909253,1.4766684,5.0177493,252.04578,-33.9703,88.519226,70.28211,-45.74604,359.0334,0.0
4b,1,Left Ankle,2735981,1779739146429,-0.46,9.56,1.54,-5.4375,-25.5625,-1.125,0.760376,0.64453125,0.052856445,0.06048584
4b,1,Left Ankle,2735997,1779739146430,-1.02,9.46,1.37,-6.625,-26.5,5.9375,0.76123047,0.64398193,0.048583984,0.058776855
4b,4,Right Wrist,35174640,1779739146430,12.571192,-0.7969103,1.5194423,-3.49496,-33.66889,-6.566272,-147.35582,10.123117,129.58698,0.0
4b,1,Left Ankle,2736020,1779739146453,-0.77,9.52,1.65,-5.8125,-22.375,14.4375,0.7618408,0.6436157,0.043945312,0.058532715
4b,3,Left Wrist,8971749,1779739146467,-0.7798586,0.521932,3.0125637,308.67578,-85.9103,88.23923,70.3588,-45.764107,359.0432,0.0
4b,1,Left Ankle,2736038,1779739146482,0.27,10.36,1.42,-6.3125,-19.5625,21.75,0.76239014,0.6431885,0.039001465,0.05908203
4b,4,Right Wrist,35174701,1779739146487,8.228219,-0.8423738,1.942972,8.33504,-71.60889,17.163727,-147.34515,10.119833,129.59665,0.0
4b,2,Right Ankle,2464415,1779739146489,-2.6006584,-2.3976297,0.8111669,31.897179,-14.870657,-69.82682,-55.77684,21.085585,173.01625,0.0
4b,1,Left Ankle,2736069,1779739146512,1.27,10.96,0.97,-5.875,-17.4375,20.3125,0.7630005,0.6427002,0.034362793,0.059936523
4b,1,Left Ankle,2736078,1779739146513,1.04,10.78,1.61,-5.5,-22.8125,14.75,0.7635498,0.64227295,0.029846191,0.059753418
4b,3,Left Wrist,8971808,1779739146524,-0.81575114,-0.20787893,2.914458,239.44577,-129.1703,80.32922,70.42624,-45.791634,359.03174,0.0
4b,1,Left Ankle,2736102,1779739146546,0.72,10.57,1.81,-2.6875,-23.875,9.3125,0.7640381,0.64208984,0.024963379,0.057800293
4b,4,Right Wrist,35174760,1779739146547,4.720341,-2.7877386,2.0458634,-19.45496,-106.67889,47.753727,-147.33311,10.136863,129.60594,0.0
4b,1,Left Ankle,2736118,1779739146546,0.66,10.03,1.81,2.75,-20.375,6.6875,0.763855,0.6425171,0.021484375,0.05645752
4b,2,Right Ankle,2464474,1779739146550,-2.6293724,1.167676,0.98584294,96.64719,2.9793425,-96.986824,-55.716896,21.113998,173.00711,0.0
4b,1,Left Ankle,2736143,1779739146572,0.09,9.81,1.5,3.9375,-27.1875,4.25,0.76348877,0.64331055,0.01776123,0.05432129
4b,3,Left Wrist,8971869,1779739146584,-0.1840455,0.13908027,3.0747771,165.45578,-119.0903,47.07922,70.4637,-45.808132,359.02283,0.0
4b,1,Left Ankle,2736167,1779739146601,0.55,9.82,1.73,2.1875,-30.5625,2.875,0.7632446,0.6439209,0.013549805,0.051452637
4b,4,Right Wrist,35174821,1779739146606,4.2010984,-2.158426,2.3449662,-11.61496,-93.79889,59.163727,-147.3207,10.154661,129.60913,0.0
4b,2,Right Ankle,2464564,1779739146610,-4.512523,6.230889,4.7306104,249.80719,49.599342,79.27318,-55.583675,21.175777,173.02495,0.0
4b,1,Left Ankle,2736188,1779739146633,0.35,9.57,1.58,-2.0625,-33.125,1.375,0.7635498,0.64404297,0.0068969727,0.046447754
4b,1,Left Ankle,2736205,1779739146633,0.23,9.62,1.97,-3.75,-32.5,2.6875,0.76397705,0.6437988,0.002380371,0.043273926
4b,3,Left Wrist,8971928,1779739146643,0.80179745,0.10797361,2.629712,97.76577,-73.9403,0.87922287,70.46047,-45.814495,359.0327,0.0
4b,1,Left Ankle,2736227,1779739146662,0.21,9.52,1.99,-2.9375,-30.9375,3.5,0.7642212,0.64367676,-0.001953125,0.040527344
4b,4,Right Wrist,35174880,1779739146665,5.110371,-2.8092742,1.8041883,24.015041,-73.918884,65.11372,-147.29626,10.163508,129.60683,0.0
4b,2,Right Ankle,2464625,1779739146669,-2.5575871,-3.2638319,1.3423735,265.55716,72.20934,101.95318,-55.529995,21.27511,173.01027,0.0
4b,1,Left Ankle,2736244,1779739146693,0.33,9.48,2.22,-0.9375,-25.875,5.9375,0.7642212,0.6437378,-0.003967285,0.03955078
4b,1,Left Ankle,2736266,1779739146693,0.27,9.08,2.03,-1.0625,-23.9375,9.1875,0.7642212,0.6437988,-0.0099487305,0.03729248
4b,3,Left Wrist,8971989,1779739146703,-1.1052824,2.6180446,3.4959137,112.395775,-24.3803,-31.040775,70.4723,-45.76876,359.04428,0.0
4b,1,Left Ankle,2736290,1779739146721,0.11,9.42,1.76,1.0625,-21.375,18.4375,0.7640991,0.64385986,-0.014587402,0.036743164
4b,4,Right Wrist,35174941,1779739146726,4.9859443,-3.7735815,1.8137596,-21.97496,-83.15889,85.20373,-147.28503,10.179657,129.60095,0.0
4b,2,Right Ankle,2464684,1779739146735,0.3185855,-3.740003,0.2321038,151.52718,63.529343,88.02318,-55.538246,21.269934,172.98726,0.0
4b,1,Left Ankle,2736307,1779739146754,0.4,9.46,1.81,1.625,-19.0625,21.25,0.7637329,0.64416504,-0.019348145,0.03741455
4b,3,Left Wrist,8972048,1779739146772,-2.330408,5.0204387,4.0438704,140.74577,9.569699,-12.980778,70.49476,-45.714428,359.06454,0.0
4b,1,Left Ankle,2736332,1779739146783,0.98,10.24,1.43,2.1875,-20.3125,28.375,0.76330566,0.6444092,-0.024780273,0.03881836
4b,1,Left Ankle,2736350,1779739146783,1.12,10.08,1.49,4.0,-21.6875,29.6875,0.76257324,0.64489746,-0.030761719,0.040283203
4b,4,Right Wrist,35175000,1779739146785,4.6557345,-3.9434717,1.1964114,-67.40496,-90.01888,101.30373,-147.28873,10.198935,129.5919,0.0
4b,2,Right Ankle,2464745,1779739146789,2.1084166,-4.6923466,2.7613175,145.85718,32.029343,28.873178,-55.49611,21.212645,172.98077,0.0
4b,1,Left Ankle,2736369,1779739146811,1.27,9.98,1.56,4.8125,-25.1875,30.875,0.76171875,0.6455078,-0.037109375,0.04168701
4b,1,Left Ankle,2736387,1779739146812,0.88,9.45,1.86,4.875,-30.4375,34.4375,0.7607422,0.64611816,-0.044555664,0.042785645
4b,3,Left Wrist,8972109,1779739146824,-1.2009956,3.4459615,1.5457635,110.01577,7.7496996,45.25922,70.51783,-45.669403,359.081,0.0
4b,1,Left Ankle,2736411,1779739146841,1.01,9.49,1.77,7.6875,-30.9375,39.25,0.7595215,0.6468506,-0.052978516,0.043945312
4b,2,Right Ankle,2464804,1779739146850,0.52915365,-5.7284384,4.1491547,180.85718,9.629343,-60.79682,-55.43436,21.125973,172.96643,0.0
4b,1,Left Ankle,2736438,1779739146874,1.44,9.54,1.51,10.375,-32.6875,42.5,0.75775146,0.64801025,-0.061523438,0.045959473
4b,1,Left Ankle,2736447,1779739146875,2.04,9.56,1.54,9.5625,-39.9375,45.0,0.7559204,0.64904785,-0.07122803,0.047546387
4b,4,Right Wrist,35175061,1779739146875,5.014658,-4.515356,0.94037926,-98.27496,-74.68889,114.25372,-147.3035,10.214899,129.57619,0.0
4b,3,Left Wrist,8972168,1779739146887,0.1653063,4.754835,2.1870399,100.77577,-14.930301,91.66922,70.53538,-45.63901,359.09766,0.0
4b,1,Left Ankle,2736472,1779739146903,1.95,9.64,1.25,6.0625,-53.1875,45.125,0.7541504,0.6497803,-0.08251953,0.047912598
4b,2,Right Ankle,2464865,1779739146911,-1.6076363,-5.280981,5.656633,221.94719,-14.660658,-117.07682,-55.31437,21.055153,172.96397,0.0
4b,1,Left Ankle,2736487,1779739146931,1.78,9.65,0.92,4.8125,-64.1875,47.625,0.7522583,0.6502075,-0.09539795,0.04724121
4b,4,Right Wrist,35175151,1779739146935,6.6034923,-4.8934226,-0.66759753,-145.45496,-49.69889,116.84373,-147.33925,10.215358,129.55429,0.0
4b,3,Left Wrist,8972228,1779739146943,1.4789661,4.269092,1.5290138,123.45577,-11.7103,94.67922,70.5703,-45.602165,359.10852,0.0
4b,1,Left Ankle,2736513,1779739146961,1.54,9.91,0.73,3.8125,-71.8125,54.5625,0.75024414,0.6502075,-0.11090088,0.045288086
4b,1,Left Ankle,2736529,1779739146962,2.17,9.74,0.7,1.3125,-79.0625,60.25,0.74798584,0.64990234,-0.12713623,0.044433594
4b,2,Right Ankle,2464924,1779739146970,-2.5575871,-2.651269,5.386244,239.02718,-28.310658,-113.22682,-55.176716,21.026602,172.96999,0.0
4b,1,Left Ankle,2736549,1779739146993,2.8,9.62,0.99,-0.75,-93.0625,58.4375,0.74560547,0.64904785,-0.1453247,0.04168701
4b,1,Left Ankle,2736568,1779739146994,3.44,9.39,1.53,1.125,-104.9375,51.5,0.7424927,0.64837646,-0.1640625,0.037231445
4b,3,Left Wrist,8972289,1779739147003,2.4600236,3.154037,1.3351951,112.535774,-18.9203,71.22922,70.58114,-45.564453,359.13028,0.0
4b,1,Left Ankle,2736592,1779739147021,4.27,9.58,1.62,6.1875,-111.3125,43.0625,0.73846436,0.6483154,-0.18273926,0.030944824
4b,4,Right Wrist,35175210,1779739147025,7.792725,-3.5342994,-2.3952155,-95.47496,-24.98889,103.82372,-147.36813,10.197747,129.52966,0.0
4b,2,Right Ankle,2464985,1779739147029,-0.72229254,-0.708297,2.696711,181.41719,-42.450657,-51.41682,-55.05524,21.000795,172.99261,0.0
4b,1,Left Ankle,2736608,1779739147052,6.5,8.51,4.47,11.1875,-125.375,38.75,0.73321533,0.6489258,-0.20196533,0.023010254
4b,1,Left Ankle,2736629,1779739147053,4.35,9.2,4.33,3.625,-168.875,25.5,0.7268677,0.64886475,-0.22479248,0.009460449
4b,3,Left Wrist,8972348,1779739147063,1.5531436,1.9408758,0.485743,53.315777,-30.260302,39.449223,70.65692,-45.516144,359.08572,0.0
4b,1,Left Ankle,2736648,1779739147082,2.46,11.85,2.5,13.625,-164.25,2.0,0.7190552,0.6497803,-0.24639893,-0.007873535
4b,4,Right Wrist,35175271,1779739147086,8.352646,-1.4022944,-3.0532417,-11.404961,-16.308887,55.593727,-147.37695,10.167307,129.51576,0.0
4b,2,Right Ankle,2465044,1779739147094,0.28508595,-0.8805802,0.17467606,17.12718,-32.090656,18.58318,-55.08804,20.936314,172.99077,0.0
4b,1,Left Ankle,2736672,1779739147112,2.54,12.99,2.9,34.5625,-115.9375,-22.75,0.7102051,0.6536865,-0.2602539,-0.022766113
4b,1,Left Ankle,2736691,1779739147113,2.89,12.63,4.11,46.0,-83.125,-47.375,0.7011719,0.66033936,-0.26654053,-0.03564453
4b,3,Left Wrist,8972409,1779739147130,-0.3730787,0.33529183,-0.1914258,-14.094223,-23.330301,23.20922,70.70838,-45.47197,359.042,0.0
4b,1,Left Ankle,2736716,1779739147141,3.42,11.91,4.12,43.1875,-95.75,-75.5,0.6860962,0.6712036,-0.2732544,-0.063964844
4b,4,Right Wrist,35175361,1779739147146,7.373981,-4.2042894,-4.886144,4.41504,-33.66889,-17.976273,-147.36736,10.119406,129.52861,0.0
4b,1,Left Ankle,2736738,1779739147172,4.12,13.67,3.28,22.75,-194.8125,-93.375,0.6721802,0.67419434,-0.2886963,-0.101623535
4b,2,Right Ankle,2465104,1779739147181,-8.195078,-12.313487,1.105484,-140.16281,-69.05066,71.083176,-55.180733,20.975853,173.0068,0.0
4b,3,Left Wrist,8972468,1779739147184,-4.9242277,-0.97597504,0.8566305,-73.174225,12.2297,16.139221,70.66371,-45.45147,359.05972,0.0
4b,1,Left Ankle,2736755,1779739147204,1.78,14.92,9.95,-26.3125,-346.6875,-131.8125,0.6547241,0.6688843,-0.31262207,-0.16186523
4b,1,Left Ankle,2736774,1779739147205,-0.9,12.76,11.99,-74.75,-407.625,-175.875,0.6453247,0.6633301,-0.3239746,-0.19647217
4b,4,Right Wrist,35175420,1779739147206,8.766603,0.04775661,-5.797809,-52.42496,-66.498886,-10.066272,-147.39995,10.086791,129.54135,0.0
4b,1,Left Ankle,2736793,1779739147235,-0.36,11.64,10.56,-90.6875,-386.75,-187.9375,0.6255493,0.64886475,-0.3423462,-0.26531982
4b,3,Left Wrist,8972529,1779739147249,-4.235095,-1.1434726,0.8350951,-95.854225,58.499702,20.059221,70.59312,-45.429382,359.10132,0.0
4b,2,Right Ankle,2465165,1779739147249,-1.4664602,-1.0241495,2.4885356,5.297179,-45.53066,22.08318,-55.113697,20.994026,173.04645,0.0
4b,1,Left Ankle,2736820,1779739147264,0.33,9.09,10.63,-91.625,-331.1875,-177.75,0.59716797,0.62475586,-0.35760498,-0.3538208
4b,1,Left Ankle,2736840,1779739147293,0.24,8.43,10.21,-85.625,-252.5,-152.9375,0.58258057,0.6107178,-0.36010742,-0.39746094
4b,1,Left Ankle,2736857,1779739147294,0.02,7.74,7.87,-74.25,-165.0,-123.0,0.57299805,0.600708,-0.35754395,-0.42785645
4b,4,Right Wrist,35175481,1779739147296,5.332904,-0.77058923,-4.398008,-29.11496,-92.53889,-49.266273,-147.42078,10.049006,129.5709,0.0
4b,2,Right Ankle,2465254,1779739147305,-1.6052444,-2.206204,2.9024937,37.287178,-26.700657,-16.976822,-55.03803,20.996824,173.07288,0.0
4b,3,Left Wrist,8972588,1779739147306,-3.1750739,0.4668971,-1.7994026,-70.65423,9.429699,3.2592201,70.61021,-45.393047,359.07404,0.0
4b,1,Left Ankle,2736881,1779739147321,0.52,7.62,5.87,-60.5625,-92.6875,-93.5,0.5675049,0.59436035,-0.352417,-0.44781494
4b,1,Left Ankle,2736898,1779739147322,2.77,7.39,3.58,-49.375,-60.375,-66.6875,0.56414795,0.5883789,-0.34832764,-0.46289062
4b,1,Left Ankle,2736920,1779739147353,3.6,6.78,2.5,-55.1875,-84.125,-46.75,0.56085205,0.5776367,-0.34869385,-0.47973633
4b,2,Right Ankle,2465315,1779739147363,-0.712721,-2.9336221,3.3092737,31.40718,-19.770658,-10.60682,-54.978172,20.952126,173.09367,0.0
4b,3,Left Wrist,8972648,1779739147363,-0.4352923,0.61764485,-2.4382863,87.615776,-33.2703,-36.360775,70.76364,-45.38048,358.97592,0.0
4b,1,Left Ankle,2736937,1779739147382,2.82,6.12,1.67,-74.6875,-160.8125,-12.625,0.55737305,0.5597534,-0.35491943,-0.5
4b,1,Left Ankle,2736969,1779739147413,2.92,5.83,1.69,-84.0,-201.5,17.0,0.5540161,0.5349121,-0.36676025,-0.5219116
4b,1,Left Ankle,2736977,1779739147415,2.3,6.25,1.7,-86.9375,-221.0625,46.875,0.55145264,0.50476074,-0.38269043,-0.54278564
4b,4,Right Wrist,35175644,1779739147416,6.464709,3.4359927,-7.9633136,-82.80496,-129.0089,-205.64627,-147.51875,9.961226,129.68707,0.0
4b,3,Left Wrist,8972708,1779739147430,0.7300123,-1.1339014,0.052642096,129.75577,-36.630302,-61.77078,70.804,-45.415466,358.96594,0.0
4b,1,Left Ankle,2737002,1779739147445,1.23,6.82,1.9,-81.9375,-220.5,78.5,0.55023193,0.47155762,-0.40142822,-0.5601196
4b,1,Left Ankle,2737021,1779739147446,0.7,7.85,1.98,-69.0,-194.6875,110.4375,0.5515747,0.4383545,-0.42114258,-0.571167
4b,2,Right Ankle,2465375,1779739147451,-0.8610762,-4.3023167,3.4313078,29.44718,-13.610658,8.43318,-54.945164,20.886345,173.107,0.0
4b,1,Left Ankle,2737039,1779739147472,0.36,8.84,2.52,-58.5,-165.875,139.0625,0.5562134,0.40625,-0.44085693,-0.5755615
4b,3,Left Wrist,8972768,1779739147484,1.0841502,-0.26052105,-0.63170516,82.08577,-33.9703,-82.560776,70.89947,-45.460285,358.90384,0.0
4b,1,Left Ankle,2737063,1779739147503,-0.01,9.69,3.37,-56.375,-137.8125,162.4375,0.5640869,0.37487793,-0.45947266,-0.57458496
4b,2,Right Ankle,2465434,1779739147513,-1.4927813,-3.5174706,3.5940197,10.89718,-5.6306577,39.37318,-54.881283,20.87541,173.13728,0.0
4b,1,Left Ankle,2737084,1779739147535,-0.87,9.93,3.43,-62.8125,-97.0,184.0,0.5765381,0.34454346,-0.47485352,-0.5687256
4b,1,Left Ankle,2737099,1779739147536,-1.17,10.61,2.39,-73.9375,-58.0,199.125,0.59375,0.31518555,-0.4855957,-0.5588989
4b,3,Left Wrist,8972829,1779739147545,0.5553367,1.345063,-1.9836501,93.98577,-29.7703,-78.43077,71.05145,-45.436108,358.80576,0.0
4b,1,Left Ankle,2737120,1779739147563,-1.1,14.29,-1.0,-78.6875,-38.375,201.375,0.61309814,0.28656006,-0.49279785,-0.5469971
4b,2,Right Ankle,2465525,1779739147571,-1.6483144,-3.0580487,4.106084,43.37718,6.129342,53.933178,-54.803123,20.885311,173.16823,0.0
4b,1,Left Ankle,2737164,1779739147598,-4.28,15.58,-2.8,-55.25,-52.625,163.625,0.6446533,0.23406982,-0.5060425,-0.5230713
4b,4,Right Wrist,35175794,1779739147598,0.927717,0.82063836,-3.787838,-153.36496,-128.79889,-284.88626,-147.6647,9.870348,129.87912,0.0
4b,1,Left Ankle,2737144,1779739147598,-1.7,15.66,-2.86,-70.4375,-38.3125,189.4375,0.6310425,0.25927734,-0.49890137,-0.5344238
4b,3,Left Wrist,8972888,1779739147604,-0.34436464,2.3117633,-2.6943183,138.78577,-30.8903,-49.10078,71.21577,-45.39829,358.71216,0.0
4b,1,Left Ankle,2737190,1779739147621,-5.29,15.37,-2.05,-48.5,-74.5,124.625,0.6524658,0.21105957,-0.5142212,-0.51501465
4b,2,Right Ankle,2465584,1779739147631,-1.6937785,0.24883214,4.194618,40.36718,-3.6706576,58.20318,-54.727898,20.912838,173.20197,0.0
4b,1,Left Ankle,2737207,1779739147658,-8.69,14.01,-1.26,-47.5,-97.5,72.0,0.6520996,0.18206787,-0.5272827,-0.51342773
4b,1,Left Ankle,2737227,1779739147658,-9.67,14.26,-2.05,-22.125,-79.0625,-6.8125,0.6459961,0.17132568,-0.5342407,-0.51763916
4b,3,Left Wrist,8972949,1779739147663,-1.4115636,2.0365887,-1.7922242,140.11577,-0.44030046,10.119221,71.344765,-45.354313,358.65585,0.0
4b,1,Left Ankle,2737242,1779739147682,-12.93,18.03,-0.51,-12.625,-74.875,-33.1875,0.6412964,0.16888428,-0.53723145,-0.52111816
4b,2,Right Ankle,2465644,1779739147689,-3.20365,-1.761139,2.6081767,67.107185,0.3893423,62.26318,-54.66167,20.992601,173.22891,0.0
4b,1,Left Ankle,2737289,1779739147714,5.23,23.4,-4.15,13.875,-43.625,-109.375,0.60028076,0.18267822,-0.543396,-0.5576782
4b,1,Left Ankle,2737266,1779739147714,17.98,15.22,0.9,2.5625,-57.375,-130.75,0.6165161,0.17419434,-0.5419922,-0.54382324
4b,3,Left Wrist,8973008,1779739147732,-2.7515445,1.8188419,-0.77048886,111.76577,26.859701,85.85922,71.39808,-45.326992,358.65872,0.0
4b,1,Left Ankle,2737302,1779739147742,1.86,10.16,1.33,1.0,-24.5625,-196.0625,0.5897217,0.19042969,-0.541626,-0.56799316
4b,2,Right Ankle,2465705,1779739147755,-6.398068,-2.5483775,2.4311078,55.83718,18.939342,93.55318,-54.628304,21.098158,173.2465,0.0
4b,1,Left Ankle,2737327,1779739147772,6.4,-2.22,4.11,9.1875,-15.4375,-133.875,0.5631714,0.21533203,-0.5362549,-0.59069824
4b,1,Left Ankle,2737342,1779739147773,-5.43,10.53,5.38,0.0625,-30.25,-117.375,0.5559082,0.21911621,-0.53552246,-0.59680176
4b,3,Left Wrist,8973069,1779739147791,-4.287737,3.1444657,-1.3758731,56.325775,23.1497,145.70923,71.43026,-45.31871,358.6666,0.0
4b,1,Left Ankle,2737366,1779739147801,-1.94,13.86,2.08,9.1875,-38.625,-99.3125,0.53552246,0.22851562,-0.53582764,-0.6114502
4b,2,Right Ankle,2465764,1779739147811,-11.554601,-5.5059066,6.1734824,174.34718,22.719343,121.27318,-54.54206,21.210306,173.27255,0.0
4b,4,Right Wrist,35175840,1779739147811,-0.60368955,-5.6902323,-2.0051854,-175.83496,-84.69888,-252.89627,-147.6603,9.845227,129.9795,0.0
4b,1,Left Ankle,2737388,1779739147834,0.84,9.78,0.49,18.0625,16.25,-73.75,0.5298462,0.23876953,-0.5331421,-0.61486816
4b,1,Left Ankle,2737402,1779739147835,1.89,12.7,-1.56,16.9375,26.3125,-61.75,0.5272217,0.24346924,-0.53167725,-0.6165161
4b,3,Left Wrist,8973128,1779739147846,-4.9218345,3.7474568,3.3786654,18.385777,40.299698,191.41922,71.38286,-45.333176,358.72922,0.0
4b,1,Left Ankle,2737430,1779739147864,2.54,8.6,1.97,-2.5625,-3.5625,-64.8125,0.520874,0.24975586,-0.52874756,-0.6218872
4b,4,Right Wrist,35176138,1779739147872,-5.7721863,-6.290831,2.519642,-20.574959,31.011112,-1.7362721,-147.67159,9.870178,130.00595,0.0
4b,1,Left Ankle,2737447,1779739147892,0.0,9.94,3.59,6.4375,16.4375,-54.3125,0.5112915,0.25738525,-0.5250244,-0.6298828
4b,3,Left Wrist,8973188,1779739147906,-3.299501,2.9937177,4.2664027,127.44577,53.319702,231.52922,71.351524,-45.365395,358.81372,0.0
4b,1,Left Ankle,2737470,1779739147925,0.82,9.07,3.1,15.4375,36.5625,-48.75,0.50897217,0.2672119,-0.5213623,-0.63061523
4b,1,Left Ankle,2737488,1779739147925,1.96,9.03,2.33,15.1875,18.5625,-43.5,0.5058594,0.27514648,-0.51898193,-0.63171387
4b,1,Left Ankle,2737508,1779739147951,1.8,9.68,1.92,13.1875,8.375,-44.25,0.503479,0.27807617,-0.51831055,-0.63287354
4b,2,Right Ankle,2465825,1779739147960,-9.891588,-8.930036,5.4652066,16.91718,19.219343,200.51318,-54.53298,21.344318,173.30646,0.0
4b,3,Left Wrist,8973249,1779739147964,-5.539183,0.49321812,1.4237295,143.47577,6.2796993,222.70923,71.36185,-45.404976,358.86096,0.0
4b,1,Left Ankle,2737530,1779739147991,1.28,9.44,2.17,19.0625,5.875,-42.0625,0.4961548,0.28692627,-0.51745605,-0.635437
4b,1,Left Ankle,2737548,1779739147991,1.36,9.41,2.04,21.5,-2.0,-41.25,0.49066162,0.29229736,-0.51763916,-0.63708496
4b,1,Left Ankle,2737570,1779739148011,0.4,9.81,1.96,21.875,-3.9375,-42.375,0.4845581,0.29736328,-0.5183716,-0.63879395
4b,1,Left Ankle,2737587,1779739148012,0.49,10.18,1.89,19.8125,3.875,-44.625,0.4790039,0.30303955,-0.5181885,-0.6404419
4b,2,Right Ankle,2466018,1779739148021,-0.8562907,-2.4861643,1.3950156,4.2471795,-24.740658,-281.78683,-54.629765,21.142206,173.20564,0.0
4b,3,Left Wrist,8973308,1779739148022,-3.6009963,0.75882137,1.8113667,-6.1842237,-27.1803,207.30922,71.3245,-45.442387,358.89597,0.0
4b,1,Left Ankle,2737604,1779739148042,0.87,9.94,1.9,18.125,3.75,-46.5625,0.47595215,0.30584717,-0.5178833,-0.64160156
4b,4,Right Wrist,35176260,1779739148047,-6.277072,-5.2978096,0.52881384,16.31504,17.711111,-10.136271,-147.63533,9.913879,130.01291,0.0
4b,1,Left Ankle,2737630,1779739148071,0.3,9.99,1.88,15.25,3.8125,-51.0625,0.46704102,0.31518555,-0.51586914,-0.6453247
4b,1,Left Ankle,2737648,1779739148072,0.4,10.08,1.76,14.875,13.25,-55.8125,0.46417236,0.3189087,-0.51464844,-0.6464844
4b,2,Right Ankle,2466037,1779739148079,-1.6722435,-1.9214581,0.3589234,51.357178,-16.410658,-315.80682,-54.681305,21.097801,173.12546,0.0
4b,3,Left Wrist,8973369,1779739148092,-2.313658,0.12233064,2.5292134,-29.004223,9.849699,193.44922,71.25277,-45.480618,358.95734,0.0
4b,1,Left Ankle,2737670,1779739148102,1.07,9.85,2.34,15.25,11.4375,-62.375,0.4539795,0.33050537,-0.5107422,-0.651001
4b,4,Right Wrist,35176280,1779739148105,-6.466105,-6.2166533,0.49052867,-1.1849599,17.991112,-0.6862719,-147.60855,9.937538,130.01448,0.0
4b,1,Left Ankle,2737688,1779739148142,-0.88,10.36,2.5,17.625,4.3125,-67.625,0.44592285,0.33789062,-0.5084839,-0.654541
4b,1,Left Ankle,2737709,1779739148142,-0.98,10.52,2.14,24.6875,16.3125,-63.5625,0.43914795,0.3470459,-0.50598145,-0.65625
4b,3,Left Wrist,8973428,1779739148144,-1.1339965,0.02183204,0.078963146,-2.2642236,25.179699,164.18922,71.220955,-45.499535,358.99823,0.0
4b,1,Left Ankle,2737731,1779739148168,-0.89,10.92,1.72,28.5625,19.6875,-61.0625,0.43237305,0.35668945,-0.5042114,-0.6569824
4b,2,Right Ankle,2466094,1779739148170,-6.0846076,-7.247881,-2.1487546,-15.9828205,-47.35066,-334.21683,-54.765545,21.029358,173.04688,0.0
4b,1,Left Ankle,2737748,1779739148190,-0.34,11.4,1.64,32.8125,19.625,-58.125,0.42559814,0.36627197,-0.5027466,-0.65722656
4b,3,Left Wrist,8973489,1779739148206,-1.2368875,-0.5117674,-0.76331043,-8.914224,21.3997,118.61922,71.22812,-45.522827,359.00522,0.0
4b,1,Left Ankle,2737770,1779739148224,-0.7,11.52,1.86,34.0,21.0,-58.625,0.4187622,0.37628174,-0.50128174,-0.65704346
4b,1,Left Ankle,2737788,1779739148225,0.27,11.21,1.12,40.75,28.6875,-67.1875,0.41131592,0.38757324,-0.49957275,-0.65649414
4b,1,Left Ankle,2737812,1779739148258,-0.08,12.22,1.16,41.3125,24.75,-77.75,0.40179443,0.39886475,-0.49786377,-0.6569824
4b,4,Right Wrist,35176484,1779739148258,-2.9151564,-2.550849,-1.5074784,69.44504,-27.71889,34.593727,-147.53264,10.025714,130.01231,0.0
4b,3,Left Wrist,8973548,1779739148265,-0.693717,-0.8778693,-0.91645104,-18.994223,24.8997,63.87922,71.24458,-45.5559,358.9995,0.0
4b,1,Left Ankle,2737837,1779739148282,-0.31,12.89,1.76,42.8125,27.0625,-90.125,0.39135742,0.41186523,-0.49487305,-0.6574707
4b,1,Left Ankle,2737851,1779739148284,-0.7,12.8,2.07,44.8125,38.25,-101.0625,0.37982178,0.4265747,-0.4907837,-0.657959
4b,1,Left Ankle,2737877,1779739148312,-0.73,12.34,1.4,47.875,52.375,-110.25,0.3684082,0.4439087,-0.48498535,-0.6572876
4b,1,Left Ankle,2737891,1779739148313,0.69,14.37,0.33,52.25,61.375,-118.5,0.3564453,0.46325684,-0.47802734,-0.65563965
4b,3,Left Wrist,8973609,1779739148323,-1.1794599,-1.287042,-0.3828516,-46.924225,50.799698,3.8192215,71.20863,-45.55504,359.02554,0.0
4b,1,Left Ankle,2737916,1779739148341,1.89,15.8,2.12,56.25,62.25,-138.1875,0.33483887,0.49353027,-0.46661377,-0.65319824
4b,4,Right Wrist,35176502,1779739148346,-3.8866422,-3.1227334,-2.481357,53.13504,-47.80889,50.273727,-147.49416,10.099463,130.01004,0.0
4b,2,Right Ankle,2466258,1779739148349,-3.7444274,11.935378,2.4861426,34.697178,-2.0606575,16.623178,-54.7925,21.03474,173.03423,0.0
4b,1,Left Ankle,2737940,1779739148373,3.17,19.04,2.93,56.75,91.9375,-158.625,0.319458,0.5175781,-0.4552002,-0.65026855
4b,1,Left Ankle,2737957,1779739148408,2.85,20.69,3.07,54.9375,128.3125,-186.0,0.3043213,0.5469971,-0.43884277,-0.6446533
4b,2,Right Ankle,2466380,1779739148417,-7.9294744,-3.878787,-7.1282187,70.607185,-13.120658,153.68318,-54.770725,21.177357,173.08841,0.0
4b,1,Left Ankle,2737988,1779739148431,5.52,19.92,6.97,39.8125,116.1875,-215.4375,0.28601074,0.57788086,-0.4182129,-0.6397705
4b,1,Left Ankle,2737997,1779739148432,3.87,16.29,7.04,-7.4375,16.125,-217.125,0.26507568,0.59820557,-0.3945923,-0.64508057
4b,4,Right Wrist,35176590,1779739148435,-9.533704,-7.743274,-1.940579,147.07504,-40.80889,99.48373,-147.42146,10.167961,129.99252,0.0
4b,1,Left Ankle,2738023,1779739148470,2.76,9.6,7.52,-32.0625,-27.375,-177.125,0.2453003,0.6065674,-0.37335205,-0.65771484
4b,1,Left Ankle,2738039,1779739148470,0.01,3.23,7.46,-36.1875,28.3125,-92.6875,0.23651123,0.6134033,-0.35668945,-0.6637573
4b,3,Left Wrist,8973668,1779739148473,-1.3062797,-1.6196443,0.5886344,-103.76423,68.509705,-60.160778,71.12897,-45.528214,359.06766,0.0
4b,1,Left Ankle,2738065,1779739148490,3.71,2.13,4.91,-48.25,86.25,-17.5,0.2487793,0.6268921,-0.340271,-0.6552124
4b,1,Left Ankle,2738079,1779739148525,3.48,1.28,3.29,-64.625,131.375,37.125,0.2579956,0.63171387,-0.33587646,-0.649292
4b,1,Left Ankle,2738099,1779739148526,3.33,1.28,2.2,-89.375,132.625,75.0625,0.28131104,0.63879395,-0.328125,-0.63653564
4b,2,Right Ankle,2466424,1779739148529,-2.4164112,-2.3473804,-0.25842485,77.607185,-19.280657,102.513176,-54.783134,21.25042,173.09851,0.0
4b,1,Left Ankle,2738123,1779739148557,2.78,2.92,0.19,-111.125,126.875,110.9375,0.31066895,0.6415405,-0.3215332,-0.62335205
4b,3,Left Wrist,8973833,1779739148563,-8.865207,4.4413753,4.0199423,24.405777,14.329699,-211.64076,71.01804,-45.331463,359.09937,0.0
4b,1,Left Ankle,2738140,1779739148581,2.78,3.41,0.15,-131.9375,121.25,142.375,0.34503174,0.64001465,-0.31622314,-0.609375
4b,2,Right Ankle,2466588,1779739148592,-1.5286733,-3.4576502,2.8570302,30.70718,9.139342,17.463179,-54.67348,21.30768,173.14452,0.0
4b,1,Left Ankle,2738165,1779739148611,3.64,4.73,-0.8,-157.25,109.0,167.1875,0.383667,0.633728,-0.31121826,-0.5952759
4b,1,Left Ankle,2738189,1779739148612,3.78,7.56,-1.79,-177.125,86.0625,197.625,0.42559814,0.62109375,-0.30786133,-0.5817261
4b,4,Right Wrist,35176785,1779739148616,-5.915756,-2.4934213,6.1854463,-16.30496,23.381111,115.23373,-147.36661,10.257308,129.9287,0.0
4b,3,Left Wrist,8973909,1779739148624,-3.244466,3.7235286,1.1988041,-59.524223,-68.4803,-56.24078,71.02776,-45.265087,359.05728,0.0
4b,1,Left Ankle,2738205,1779739148643,2.38,9.49,-1.76,-187.5625,69.8125,229.0625,0.47003174,0.60266113,-0.30725098,-0.56695557
4b,2,Right Ankle,2466607,1779739148650,-1.0213953,-3.3188665,2.6105695,23.567179,8.929342,19.91318,-54.640007,21.251778,173.15504,0.0
4b,1,Left Ankle,2738227,1779739148673,1.49,11.31,-4.08,-182.9375,84.8125,254.0625,0.5161743,0.5817261,-0.30804443,-0.5479126
4b,1,Left Ankle,2738241,1779739148675,1.95,14.14,-5.4,-169.125,90.5625,257.9375,0.5609131,0.56066895,-0.30908203,-0.52490234
4b,3,Left Wrist,8973968,1779739148683,1.0745792,3.4076762,1.3926228,-67.15423,-58.820297,-16.340778,71.01517,-45.200108,359.0346,0.0
4b,1,Left Ankle,2738268,1779739148701,1.56,14.96,-5.98,-148.25,106.375,263.8125,0.60321045,0.54071045,-0.31011963,-0.4975586
4b,2,Right Ankle,2466665,1779739148710,-0.674436,-2.383273,1.7252252,23.28718,15.369343,27.893179,-54.626465,21.190407,173.15817,0.0
4b,1,Left Ankle,2738286,1779739148736,0.84,15.0,-4.57,-126.0625,140.4375,258.375,0.66223145,0.51397705,-0.3086548,-0.4494629
4b,1,Left Ankle,2738306,1779739148736,0.8,14.26,-5.14,-120.1875,155.125,254.4375,0.6989746,0.49890137,-0.30322266,-0.41308594
4b,3,Left Wrist,8974029,1779739148745,3.1371922,1.8284131,-0.2416751,-38.87422,-37.4703,17.679222,71.06864,-45.260483,358.9797,0.0
4b,1,Left Ankle,2738330,1779739148764,2.39,15.83,-7.16,-114.0625,162.4375,243.1875,0.73236084,0.48382568,-0.29656982,-0.3764038
4b,2,Right Ankle,2466724,1779739148771,2.9124055,-1.9884571,3.2303107,-11.152821,24.049343,40.28318,-54.6073,21.150312,173.16771,0.0
4b,1,Left Ankle,2738348,1779739148793,0.46,18.61,-9.49,-87.4375,128.625,233.875,0.76086426,0.46844482,-0.29260254,-0.3406372
4b,3,Left Wrist,8974088,1779739148803,2.8955169,2.8333986,-3.5341992,-56.444225,-35.930298,75.56922,71.143166,-45.303703,358.91043,0.0
4b,1,Left Ankle,2738366,1779739148822,-0.19,17.87,-9.77,-63.3125,127.25,231.625,0.7836304,0.45770264,-0.29077148,-0.3031006
4b,1,Left Ankle,2738389,1779739148822,-2.09,16.7,-8.66,-5.625,134.4375,192.75,0.80078125,0.4529419,-0.28771973,-0.26605225
4b,2,Right Ankle,2466785,1779739148835,-3.9597816,-4.225746,0.53599226,-7.5128207,27.689342,68.56318,-54.65378,21.225468,173.15744,0.0
4b,1,Left Ankle,2738406,1779739148853,-3.42,14.62,-5.14,-4.5625,128.8125,171.125,0.8140869,0.4501953,-0.2824707,-0.23413086
4b,1,Left Ankle,2738433,1779739148855,-5.22,16.72,-8.08,25.3125,123.6875,112.625,0.8233032,0.45166016,-0.27496338,-0.20635986
4b,1,Left Ankle,2738445,1779739148884,-4.92,16.34,-9.5,35.5,94.75,83.125,0.8255615,0.4537964,-0.27215576,-0.19610596
4b,2,Right Ankle,2466844,1779739148890,-3.256292,-0.82075965,0.37567315,-4.0828204,43.999344,75.98318,-54.65914,21.331442,173.15863,0.0
4b,3,Left Wrist,8974149,1779739148895,-0.28693712,1.4862396,-2.6871397,-60.854225,-18.6403,92.78922,71.22189,-45.322235,358.84238,0.0
4b,1,Left Ankle,2738475,1779739148918,-5.83,14.57,-5.12,56.75,7.5,-9.375,0.8227539,0.46429443,-0.27056885,-0.18518066
4b,1,Left Ankle,2738491,1779739148943,-5.32,13.67,-4.91,61.5,-3.25,-30.8125,0.8161011,0.47479248,-0.27044678,-0.18817139
4b,1,Left Ankle,2738511,1779739148943,-1.02,10.45,-3.48,70.75,-39.8125,-61.75,0.80700684,0.48620605,-0.27215576,-0.19561768
4b,3,Left Wrist,8974208,1779739148954,0.8903315,2.220836,-3.1944184,-83.814224,2.0796995,117.49922,71.27844,-45.358223,358.79114,0.0
4b,1,Left Ankle,2738532,1779739148978,26.72,-1.1,39.21,-49.9375,-74.6875,-90.6875,0.8012085,0.48754883,-0.27496338,-0.21154785
4b,1,Left Ankle,2738545,1779739148979,-18.99,40.0,-15.8,-24.9375,42.0625,4.0625,0.8032837,0.48651123,-0.2718506,-0.21014404
4b,2,Right Ankle,2466905,1779739148980,-4.646521,-3.0580487,0.5766703,-14.02282,48.12934,85.153175,-54.690918,21.432219,173.15208,0.0
4b,1,Left Ankle,2738568,1779739149001,-1.94,9.44,0.45,55.8125,-17.8125,-119.75,0.789917,0.49523926,-0.2748413,-0.23504639
4b,4,Right Wrist,35176934,1779739149008,-0.21844503,3.0818555,4.4339004,63.84504,156.03111,54.96373,-147.34554,10.2415905,129.83963,0.0
4b,1,Left Ankle,2738608,1779739149034,3.81,11.38,-0.81,24.0,3.625,-110.375,0.77679443,0.51446533,-0.25689697,-0.2567749
4b,1,Left Ankle,2738590,1779739149034,-0.73,8.69,-2.27,50.4375,13.75,-103.5625,0.78308105,0.5055542,-0.26672363,-0.24505615
4b,3,Left Wrist,8974298,1779739149051,0.7467624,2.5271173,-2.9192436,-51.404224,-28.160301,112.24922,71.3563,-45.38849,358.72525,0.0
4b,1,Left Ankle,2738638,1779739149062,-3.45,7.76,5.91,15.5,-11.375,-102.0625,0.7702637,0.5194092,-0.25073242,-0.27209473
4b,2,Right Ankle,2466964,1779739149070,-13.50475,-9.454063,6.723831,41.767178,73.469345,161.03319,-54.671547,21.568197,173.16461,0.0
4b,1,Left Ankle,2738651,1779739149091,-1.4,9.03,2.78,43.6875,45.3125,-64.25,0.7649536,0.52893066,-0.24151611,-0.27703857
4b,4,Right Wrist,35177291,1779739149096,2.1767704,-3.0365918,-5.4915276,100.59504,63.211113,68.61372,-147.37035,9.939437,129.69383,0.0
4b,3,Left Wrist,8974359,1779739149109,-2.4165492,3.233,-3.8237307,-17.804224,-40.060303,68.21922,71.44502,-45.37499,358.65372,0.0
4b,1,Left Ankle,2738695,1779739149123,-0.81,9.62,1.69,26.8125,-5.0625,-41.6875,0.7550049,0.54467773,-0.23132324,-0.28240967
4b,1,Left Ankle,2738676,1779739149123,0.77,10.16,1.73,45.6875,33.0625,-48.4375,0.7573242,0.54229736,-0.2322998,-0.2800293
4b,1,Left Ankle,2738720,1779739149151,-0.79,9.54,2.69,31.3125,3.875,-28.75,0.74890137,0.55267334,-0.2286377,-0.28533936
4b,4,Right Wrist,35177340,1779739149157,1.3895317,-4.9771714,-6.0921264,130.90504,83.23112,52.793728,-147.30733,9.857664,129.66605,0.0
4b,3,Left Wrist,8974449,1779739149164,-8.310072,-0.9783678,3.9026937,-107.19423,38.0597,113.159225,71.35841,-45.383095,358.7064,0.0
4b,1,Left Ankle,2738737,1779739149181,-0.92,9.35,2.02,40.4375,33.0625,-8.3125,0.7457886,0.5595093,-0.22576904,-0.2824707
4b,1,Left Ankle,2738756,1779739149181,-0.65,8.78,2.42,40.75,37.375,-4.625,0.74346924,0.5665283,-0.222229,-0.27746582
4b,1,Left Ankle,2738777,1779739149212,1.4,10.78,1.52,34.6875,36.9375,-1.375,0.7415161,0.57244873,-0.2189331,-0.27294922
4b,4,Right Wrist,35177431,1779739149218,4.5672007,-6.5660057,-5.0560346,7.28504,78.82111,51.393726,-147.2844,9.791597,129.64,0.0
4b,2,Right Ankle,2467054,1779739149222,5.68808,-4.6397047,6.900901,-192.59282,34.26934,170.55319,-54.706825,21.566545,173.19933,0.0
4b,3,Left Wrist,8974508,1779739149223,-7.0179477,1.2995994,1.4356936,-160.81422,70.329704,201.28923,71.24773,-45.40478,358.77734,0.0
4b,1,Left Ankle,2738794,1779739149244,1.07,11.63,0.99,28.75,33.1875,-5.125,0.7406006,0.57507324,-0.21728516,-0.2711792
4b,1,Left Ankle,2738817,1779739149244,0.77,10.19,2.5,24.0,23.875,-14.8125,0.73779297,0.5824585,-0.21166992,-0.26745605
4b,3,Left Wrist,8974569,1779739149288,-4.720837,4.2738776,-0.2847459,-74.714226,-2.0503006,259.2492,71.21431,-45.43436,358.80252,0.0
4b,1,Left Ankle,2738840,1779739149300,1.19,10.1,2.51,24.125,26.5625,-21.0625,0.73547363,0.5872803,-0.2076416,-0.26654053
4b,1,Left Ankle,2738857,1779739149301,-0.26,9.28,1.73,23.0,27.6875,-26.9375,0.73321533,0.59259033,-0.2020874,-0.26538086
4b,2,Right Ankle,2467249,1779739149310,-0.5882944,-0.8399023,3.6466618,-100.682816,21.529343,-285.07684,-54.76851,21.393578,173.10811,0.0
4b,1,Left Ankle,2738888,1779739149336,-0.49,9.42,1.35,19.125,24.125,-29.0625,0.7307739,0.59710693,-0.19696045,-0.26574707
4b,1,Left Ankle,2738897,1779739149336,-0.36,9.73,2.4,17.4375,23.25,-31.4375,0.7283325,0.6013794,-0.19171143,-0.26654053
4b,3,Left Wrist,8974628,1779739149344,-3.7589223,3.2258215,-0.043070808,70.81577,45.3397,257.2892,71.21217,-45.458927,358.8525,0.0
4b,1,Left Ankle,2738926,1779739149362,-0.39,10.27,1.48,16.625,29.6875,-32.3125,0.7260742,0.6057129,-0.18585205,-0.2672119
4b,1,Left Ankle,2738944,1779739149392,-1.2,9.84,2.09,19.0625,36.25,-32.0625,0.7238159,0.61053467,-0.17901611,-0.26696777
4b,1,Left Ankle,2738966,1779739149393,-1.45,9.14,1.23,22.5,35.875,-30.8125,0.72039795,0.61901855,-0.16760254,-0.26409912
4b,4,Right Wrist,35177594,1779739149396,4.8710885,-2.2924242,-5.4388857,5.74504,100.52111,-33.93627,-147.34627,9.62088,129.59874,0.0
4b,3,Left Wrist,8974689,1779739149409,-1.7298095,2.3093703,-1.9573289,69.69577,109.6697,220.74922,71.25238,-45.470688,358.884,0.0
4b,1,Left Ankle,2738986,1779739149422,0.29,10.47,1.44,28.5,28.0625,-29.25,0.71868896,0.62176514,-0.16503906,-0.26397705
4b,1,Left Ankle,2739004,1779739149451,0.58,13.22,2.56,35.0,7.875,-32.0,0.71417236,0.62719727,-0.16168213,-0.26538086
4b,1,Left Ankle,2739026,1779739149452,-1.79,9.32,2.28,43.0,1.3125,-35.3125,0.70825195,0.6331787,-0.15960693,-0.26831055
4b,1,Left Ankle,2739043,1779739149483,-1.57,10.74,0.29,44.375,7.4375,-32.125,0.7020874,0.6397095,-0.15734863,-0.27038574
4b,4,Right Wrist,35177716,1779739149485,4.126921,-2.3713872,-6.37448,42.84504,76.721115,-92.38628,-147.34978,9.410128,129.60124,0.0
4b,3,Left Wrist,8974749,1779739149496,-0.22233109,5.422433,-2.5268207,22.655777,146.4197,183.78923,71.27416,-45.468872,358.92252,0.0
4b,1,Left Ankle,2739065,1779739149511,-0.58,11.49,0.28,43.875,19.875,-31.1875,0.6966553,0.64660645,-0.15332031,-0.2703247
4b,1,Left Ankle,2739081,1779739149512,-1.43,10.16,0.79,46.625,24.375,-34.625,0.6906738,0.65393066,-0.14892578,-0.2705078
4b,1,Left Ankle,2739100,1779739149542,-1.0,10.07,1.09,50.1875,27.8125,-38.5,0.68414307,0.6618042,-0.14385986,-0.27069092
4b,4,Right Wrist,35177735,1779739149552,4.1460633,-2.4407792,-6.393622,47.81504,72.31111,-98.68628,-147.34882,9.303224,129.61386,0.0
4b,3,Left Wrist,8974808,1779739149553,1.895317,7.355833,-2.065006,49.46578,179.3897,157.60922,71.29593,-45.45836,358.97327,0.0
4b,1,Left Ankle,2739125,1779739149572,-0.33,12.37,1.09,48.0,32.4375,-43.3125,0.67749023,0.6697998,-0.13769531,-0.270813
4b,1,Left Ankle,2739145,1779739149572,-0.13,13.9,0.95,45.9375,38.8125,-51.4375,0.67077637,0.6779785,-0.12994385,-0.27111816
4b,1,Left Ankle,2739163,1779739149601,-0.31,14.27,1.72,39.375,46.75,-61.625,0.6646118,0.6861572,-0.11907959,-0.27087402
4b,3,Left Wrist,8974899,1779739149618,7.659627,8.781957,-0.6891329,50.515778,163.7797,164.39922,71.32362,-45.487633,359.01697,0.0
4b,1,Left Ankle,2739181,1779739149632,0.02,14.75,0.5,32.0625,63.125,-67.4375,0.65875244,0.69384766,-0.10632324,-0.270813
4b,1,Left Ankle,2739204,1779739149633,-0.62,12.96,0.63,28.125,75.6875,-64.0625,0.6538086,0.7015381,-0.09124756,-0.26849365
4b,4,Right Wrist,35177821,1779739149635,5.4525447,-1.4262223,-4.634897,42.63504,27.37111,-113.24628,-147.34177,9.215943,129.64037,0.0
4b,1,Left Ankle,2739225,1779739149662,-1.43,10.95,0.43,23.75,80.125,-51.6875,0.6494751,0.70861816,-0.07702637,-0.26483154
4b,1,Left Ankle,2739270,1779739149696,-3.14,4.15,3.27,-28.75,49.125,-19.3125,0.6494751,0.7168579,-0.045837402,-0.24932861
4b,1,Left Ankle,2739244,1779739149695,-3.25,6.91,2.93,14.5625,83.8125,-34.8125,0.64660645,0.7147217,-0.063964844,-0.2588501
4b,4,Right Wrist,35177880,1779739149697,6.861917,0.36360887,-2.2181466,-16.30496,-18.96889,-94.346275,-147.35149,9.16176,129.67064,0.0
4b,3,Left Wrist,8974958,1779739149703,12.861624,7.1691937,-2.818745,59.895775,107.5697,156.62923,71.35545,-45.571533,359.04636,0.0
4b,1,Left Ankle,2739289,1779739149723,-4.46,3.2,1.18,-26.875,74.9375,0.0625,0.6530762,0.7167969,-0.036376953,-0.24169922
4b,1,Left Ankle,2739308,1779739149752,-1.35,2.24,1.68,-27.6875,80.8125,13.4375,0.65771484,0.7173462,-0.028015137,-0.22827148
4b,1,Left Ankle,2739331,1779739149762,0.95,2.92,-0.21,-16.8125,119.75,71.8125,0.6624756,0.7194824,-0.022338867,-0.20721436
4b,4,Right Wrist,35177970,1779739149763,7.996115,2.2347968,-3.0843484,17.645039,-47.66889,-53.816273,-147.35857,9.126669,129.69302,0.0
4b,3,Left Wrist,8975048,1779739149765,13.490936,7.1859426,-6.836294,200.80577,43.939697,220.95923,71.46064,-45.67643,359.04865,0.0
4b,1,Left Ankle,2739345,1779739149782,1.16,4.35,0.1,-14.5,138.3125,88.1875,0.6651001,0.72088623,-0.019714355,-0.19390869
4b,1,Left Ankle,2739369,1779739149812,2.03,5.74,-1.61,2.5625,227.5,138.625,0.6713867,0.7283325,-0.007873535,-0.13684082
4b,1,Left Ankle,2739389,1779739149813,3.4,6.17,-2.85,16.875,284.5,168.9375,0.67285156,0.7348633,0.0025634766,-0.08477783
4b,3,Left Wrist,8975109,1779739149827,13.124834,0.23000762,-5.4963136,25.455776,54.1597,214.51923,71.474976,-45.806816,359.07388,0.0
4b,1,Left Ankle,2739404,1779739149842,5.55,9.05,-7.31,19.6875,296.875,177.4375,0.6725464,0.737854,0.008239746,-0.056274414
4b,1,Left Ankle,2739431,1779739149871,7.48,11.93,-9.57,15.25,203.5625,177.125,0.6688843,0.7428589,0.016967773,0.021362305
4b,1,Left Ankle,2739449,1779739149872,4.7,12.84,-7.58,8.125,137.25,169.9375,0.6677246,0.7432251,0.014099121,0.03955078
4b,4,Right Wrist,35178031,1779739149875,4.112564,1.0934196,-3.3092737,-68.59496,-70.068886,-62.006275,-147.40617,9.089445,129.7203,0.0
4b,2,Right Ankle,2467501,1779739149882,-1.5023522,8.872565,9.45165,-51.75282,-26.770658,84.52318,-54.873276,21.410227,173.08311,0.0
4b,1,Left Ankle,2739468,1779739149903,1.94,12.38,-2.73,-31.625,6.25,116.1875,0.66864014,0.7402954,-0.005554199,0.06994629
4b,3,Left Wrist,8975168,1779739149914,12.136598,-0.07866657,-5.9485574,51.915775,3.5496998,170.90923,71.52458,-45.926834,359.06528,0.0
4b,1,Left Ankle,2739504,1779739149932,0.52,13.93,-4.46,-30.1875,-4.875,73.625,0.67352295,0.7340698,-0.023254395,0.083862305
4b,1,Left Ankle,2739488,1779739149932,0.29,14.78,-3.42,-38.3125,0.75,100.625,0.6720581,0.7359009,-0.017578125,0.080566406
4b,4,Right Wrist,35178194,1779739149935,-2.9438698,-6.2046895,-3.8285162,-93.30496,-12.668888,-39.676273,-147.4372,9.049021,129.76407,0.0
4b,1,Left Ankle,2739531,1779739149962,1.22,11.83,-1.73,-18.6875,-30.4375,47.5625,0.67578125,0.73101807,-0.03741455,0.08673096
4b,3,Left Wrist,8975258,1779739149977,9.779668,-3.1103728,-2.5842485,4.8757763,-78.9803,87.25922,71.55982,-46.038567,359.0297,0.0
4b,1,Left Ankle,2739548,1779739149996,-0.24,11.08,0.81,-10.25,-18.5,18.25,0.6766968,0.72991943,-0.04321289,0.085998535
4b,1,Left Ankle,2739574,1779739150024,-0.23,10.23,1.29,-3.6875,27.6875,13.1875,0.6773071,0.7290039,-0.043273926,0.089416504
4b,1,Left Ankle,2739588,1779739150025,1.33,9.11,1.02,4.4375,72.8125,15.125,0.67718506,0.7281494,-0.037841797,0.09875488
4b,3,Left Wrist,8975319,1779739150034,2.8572319,-8.183157,4.194618,23.845776,-256.5003,-146.47078,71.630775,-46.047913,358.91437,0.0
4b,1,Left Ankle,2739612,1779739150052,1.8,8.97,1.03,7.3125,91.875,14.875,0.6765747,0.7272949,-0.029418945,0.111572266
4b,1,Left Ankle,2739631,1779739150082,0.48,8.93,1.5,0.1875,90.5,9.875,0.6763916,0.725708,-0.020263672,0.12408447
4b,1,Left Ankle,2739654,1779739150082,0.57,8.54,1.42,-2.3125,102.0625,6.1875,0.6767578,0.7232666,-0.00982666,0.13702393
4b,4,Right Wrist,35178213,1779739150086,-4.795915,-5.718946,-3.694518,-108.77496,-0.9788885,-36.246273,-147.44083,9.085305,129.7802,0.0
4b,3,Left Wrist,8975378,1779739150096,-19.972689,-16.811676,19.602003,-293.88422,-496.67032,-406.45078,71.708115,-45.96042,358.6395,0.0
4b,1,Left Ankle,2739672,1779739150112,1.68,8.73,1.74,-5.0,102.1875,2.0,0.6772461,0.7202759,0.0015258789,0.15002441
4b,1,Left Ankle,2739695,1779739150143,0.63,8.35,2.64,-14.9375,85.9375,-7.3125,0.678772,0.7164917,0.012145996,0.16046143
4b,4,Right Wrist,35178375,1779739150145,-13.7953205,2.675075,8.520842,0.35504007,105.56111,-34.28627,-147.42816,9.088853,129.77219,0.0
4b,3,Left Wrist,8975439,1779739150154,-38.490746,1.7757711,17.730816,-73.80423,-553.2303,-581.7308,71.91537,-45.798164,358.30035,0.0
4b,1,Left Ankle,2739720,1779739150172,-0.96,7.97,2.24,-19.9375,94.75,-11.8125,0.6810303,0.71173096,0.023742676,0.17059326
4b,1,Left Ankle,2739737,1779739150174,-1.51,7.71,1.69,-11.3125,131.4375,-16.5625,0.6832886,0.7034912,0.04663086,0.18969727
4b,1,Left Ankle,2739755,1779739150202,-2.57,9.37,-0.24,-6.6875,146.8125,-18.625,0.6831665,0.70062256,0.05670166,0.19793701
4b,1,Left Ankle,2739777,1779739150203,-4.08,8.11,-1.88,0.3125,168.375,-46.875,0.6820679,0.69085693,0.092041016,0.22149658
4b,4,Right Wrist,35178420,1779739150207,-11.931312,24.392332,8.391629,-124.17496,104.09111,-194.37628,-147.4806,9.03558,129.80794,0.0
4b,3,Left Wrist,8975499,1779739150220,-44.269405,8.358426,1.3758731,-131.55423,-460.3403,-267.99078,72.05803,-45.72047,358.0384,0.0
4b,1,Left Ankle,2739792,1779739150262,-0.78,9.56,-2.16,5.0625,164.0625,-57.5625,0.6814575,0.68756104,0.10491943,0.22766113
4b,1,Left Ankle,2739817,1779739150264,8.01,5.02,-2.25,5.4375,127.75,-64.4375,0.6802368,0.67871094,0.13745117,0.24035645
4b,1,Left Ankle,2739839,1779739150265,2.05,5.34,-6.48,-41.8125,12.25,-14.5625,0.6843872,0.67266846,0.14312744,0.24206543
4b,3,Left Wrist,8975558,1779739150274,-19.326626,27.187548,-10.652846,-404.34424,-42.7203,35.879223,71.98021,-45.677963,357.98578,0.0
4b,1,Left Ankle,2739861,1779739150297,-3.0,23.83,-4.3,-46.375,-30.875,-3.0,0.6880493,0.66986084,0.14202881,0.2401123
4b,1,Left Ankle,2739878,1779739150329,-8.76,-6.92,-0.9,-106.0625,-151.6875,-139.25,0.7022095,0.66363525,0.14196777,0.215271
4b,4,Right Wrist,35178481,1779739150329,-2.3935208,16.82623,4.601398,-61.24496,149.8011,-361.88626,-147.50725,8.930069,129.88463,0.0
4b,3,Left Wrist,8975619,1779739150335,3.4027953,15.199507,-18.130417,-236.83423,107.8497,162.71922,71.94314,-45.70771,357.99045,0.0
4b,1,Left Ankle,2739901,1779739150352,-4.04,8.21,1.6,-64.75,-27.6875,-78.0625,0.7155762,0.65356445,0.14147949,0.20196533
4b,1,Left Ankle,2739923,1779739150353,2.38,18.46,-0.37,-46.1875,51.0625,-21.4375,0.7208252,0.6456299,0.1494751,0.20300293
4b,1,Left Ankle,2739941,1779739150381,-1.15,7.38,2.45,-59.25,58.375,-15.9375,0.7253418,0.6365967,0.15710449,0.20953369
4b,1,Left Ankle,2739958,1779739150382,-1.76,10.23,2.96,-58.6875,41.5,-1.4375,0.7307739,0.62719727,0.16137695,0.2156372
4b,4,Right Wrist,35178644,1779739150386,0.08065781,1.7729812,-12.641282,-209.15497,39.691113,-162.87628,-147.68959,8.750228,129.99678,0.0
4b,2,Right Ankle,2467935,1779739150390,-1.8229905,-2.0075998,0.5886344,19.01718,-1.8506575,-8.43682,-54.820797,21.628832,173.13168,0.0
4b,3,Left Wrist,8975678,1779739150394,11.84946,16.503595,-16.187445,-381.31424,225.5197,281.50922,71.79591,-45.77869,358.0742,0.0
4b,1,Left Ankle,2739982,1779739150412,-1.52,11.12,2.3,-47.25,45.6875,11.5625,0.7344971,0.6196289,0.16412354,0.22277832
4b,1,Left Ankle,2740003,1779739150441,-0.64,10.14,4.12,-37.125,26.1875,24.0,0.73706055,0.61413574,0.1640625,0.22955322
4b,4,Right Wrist,35178663,1779739150446,-2.3002007,2.718146,-12.409178,-109.82496,43.751114,-143.83627,-147.79698,8.7178955,130.02019,0.0
4b,1,Left Ankle,2740026,1779739150479,0.79,9.59,3.76,-19.4375,24.1875,29.5625,0.7376709,0.6109619,0.16326904,0.23632812
4b,1,Left Ankle,2740045,1779739150479,0.35,8.99,3.87,-7.0625,18.875,30.125,0.7369385,0.60980225,0.16229248,0.24243164
4b,3,Left Wrist,8975739,1779739150483,0.24426937,31.477877,-12.0741825,-161.72423,92.7997,609.03925,71.72027,-45.9213,358.15576,0.0
4b,1,Left Ankle,2740066,1779739150502,0.67,10.01,1.96,1.625,19.25,28.5625,0.7352295,0.6097412,0.16168213,0.24804688
4b,4,Right Wrist,35178721,1779739150507,-10.474083,-3.9362931,-9.688539,18.97504,35.49111,-102.88628,-147.79987,8.750713,130.04227,0.0
4b,1,Left Ankle,2740089,1779739150537,0.24,9.88,2.2,4.625,23.0625,25.9375,0.73187256,0.61016846,0.16235352,0.25628662
4b,3,Left Wrist,8975798,1779739150545,-8.788636,18.511173,6.680761,119.325775,-74.6403,688.90924,71.70714,-46.098774,358.23044,0.0
4b,1,Left Ankle,2740108,1779739150562,0.52,10.58,1.38,5.5625,42.6875,20.75,0.72961426,0.60998535,0.16430664,0.26184082
4b,1,Left Ankle,2740133,1779739150562,2.83,10.25,2.24,4.9375,61.125,15.25,0.7266846,0.60858154,0.16986084,0.26965332
4b,4,Right Wrist,35178781,1779739150566,-12.895619,-9.119147,1.3686945,34.23504,80.011116,-93.15627,-147.76363,8.741577,130.05844,0.0
4b,2,Right Ankle,2468472,1779739150570,-13.382716,-0.32783815,8.049456,-46.78282,66.18935,106.153175,-54.815914,22.179008,173.12738,0.0
4b,3,Left Wrist,8975888,1779739150603,0.7084774,9.236593,4.180261,123.17577,-160.18031,491.0892,71.7353,-46.217216,358.2416,0.0
4b,1,Left Ankle,2740151,1779739150622,4.99,10.28,3.54,2.25,66.0625,-0.5,0.7241821,0.6060791,0.1776123,0.2769165
4b,4,Right Wrist,35178840,1779739150629,-10.627223,-14.773387,3.3547375,-55.22496,143.92111,-109.39628,-147.75104,8.699574,130.06873,0.0
4b,1,Left Ankle,2740176,1779739150653,4.1,7.7,6.28,-2.8125,64.0625,-22.75,0.72320557,0.5998535,0.19238281,0.28302002
4b,1,Left Ankle,2740191,1779739150655,-2.3,8.26,4.86,-5.0625,66.4375,-28.4375,0.7230835,0.59747314,0.1977539,0.28466797
4b,1,Left Ankle,2740215,1779739150656,0.96,10.1,-0.05,12.4375,62.625,-31.1875,0.72125244,0.5941162,0.2097168,0.28790283
4b,3,Left Wrist,8975949,1779739150672,1.9168525,3.201893,-0.17467606,116.035774,-110.4803,325.4692,71.85713,-46.297802,358.18213,0.0
4b,4,Right Wrist,35178901,1779739150686,-3.2740796,-10.681661,2.120041,-28.20496,174.4411,-122.69627,-147.72397,8.634532,130.07799,0.0
4b,2,Right Ankle,2468598,1779739150694,3.1684372,14.794801,1.1509477,-264.41284,-2.9706578,-272.89682,-54.868427,22.128403,173.10284,0.0
4b,1,Left Ankle,2740241,1779739150712,0.51,10.07,1.8,18.25,12.375,-42.375,0.72076416,0.5939331,0.22009277,0.28155518
4b,1,Left Ankle,2740259,1779739150712,-1.26,8.13,3.5,21.6875,9.0,-48.375,0.72088623,0.5944824,0.2263794,0.27520752
4b,1,Left Ankle,2740280,1779739150713,-0.43,6.44,4.97,21.625,28.1875,-44.625,0.7192383,0.59368896,0.23608398,0.27294922
4b,3,Left Wrist,8976008,1779739150727,5.3792667,7.10698,-1.0695918,126.395775,-95.4303,200.37923,71.997894,-46.357475,358.10535,0.0
4b,1,Left Ankle,2740296,1779739150742,-1.9,6.24,2.66,16.625,54.0,-34.125,0.7167969,0.59143066,0.24694824,0.27459717
4b,4,Right Wrist,35178960,1779739150745,0.12133579,-8.331908,0.38524443,-34.92496,128.5211,-142.01628,-147.69304,8.566018,130.1022,0.0
4b,2,Right Ankle,2468749,1779739150750,21.327568,-26.28518,-2.3569303,-85.42281,-37.130657,-377.75684,-55.015793,21.864506,172.94992,0.0
4b,1,Left Ankle,2740320,1779739150772,-1.3,10.16,-0.73,4.5,38.125,-19.5625,0.71533203,0.5892334,0.25463867,0.276062
4b,1,Left Ankle,2740341,1779739150774,2.44,12.94,0.43,3.8125,7.4375,-18.875,0.7151489,0.58825684,0.25842285,0.27514648
4b,3,Left Wrist,8976069,1779739150783,-0.52621937,-1.2032931,-5.2402816,-34.254223,29.519701,34.899223,72.07159,-46.3903,358.05273,0.0
4b,1,Left Ankle,2740359,1779739150802,-2.17,8.97,2.71,2.75,-9.875,-21.0625,0.71624756,0.5880127,0.25964355,0.27172852
4b,4,Right Wrist,35179021,1779739150806,2.2581265,-6.5325055,-4.0797625,-18.54496,101.71111,-119.54627,-147.65608,8.474035,130.12477,0.0
4b,2,Right Ankle,2468768,1779739150809,28.16147,-31.56853,2.3545375,-127.56282,-85.15066,-416.39682,-55.11641,21.660387,172.87447,0.0
4b,1,Left Ankle,2740388,1779739150831,-3.92,8.88,2.91,3.875,-2.3125,-8.75,0.71673584,0.58807373,0.260437,0.2694702
4b,3,Left Wrist,8976128,1779739150844,2.7998037,4.4724817,-7.3220377,-22.774223,142.56969,-67.86078,72.122,-46.356464,358.0381,0.0
4b,2,Right Ankle,2468825,1779739150870,0.902434,-17.723658,-6.6759753,-3.1028206,-110.490654,-605.1168,-55.223373,21.4448,172.75273,0.0
4b,1,Left Ankle,2740399,1779739150896,-2.0,9.9,1.14,6.8125,24.875,12.9375,0.7147827,0.5883789,0.26239014,0.2720337
4b,1,Left Ankle,2740439,1779739150896,4.06,9.49,3.11,-4.5,1.5625,22.0,0.70965576,0.5890503,0.26361084,0.2826538
4b,1,Left Ankle,2740419,1779739150896,-1.49,8.85,-2.07,5.5,34.625,27.625,0.7116699,0.588562,0.2642212,0.27807617
4b,3,Left Wrist,8976189,1779739150903,9.774882,3.6684937,-3.78066,-54.764225,137.5997,-137.86078,72.13636,-46.344643,358.03522,0.0
4b,1,Left Ankle,2740468,1779739150922,5.56,15.09,5.94,-31.5,-60.875,-11.125,0.7145996,0.58813477,0.25653076,0.27850342
4b,1,Left Ankle,2740491,1779739150922,-4.63,6.91,3.91,-23.125,-25.25,-20.0625,0.72125244,0.5848999,0.25219727,0.27227783
4b,4,Right Wrist,35179081,1779739150928,3.3133612,-8.037591,-10.097712,46.41504,39.34111,4.423728,-147.62277,8.395503,130.11871,0.0
4b,1,Left Ankle,2740508,1779739150951,-2.07,9.47,3.63,-5.5,-13.4375,-6.1875,0.722229,0.585022,0.25073242,0.27069092
4b,3,Left Wrist,8976249,1779739150963,15.086948,-6.302398,0.15314065,-84.02423,197.0997,-156.20078,72.04178,-46.340652,358.1161,0.0
4b,1,Left Ankle,2740531,1779739150981,-0.24,11.97,0.8,7.4375,-10.75,3.4375,0.7215576,0.58691406,0.24938965,0.2695923
4b,1,Left Ankle,2740548,1779739150982,1.03,10.0,2.32,23.3125,-23.125,-0.0625,0.7202759,0.59039307,0.24780273,0.2668457
4b,4,Right Wrist,35179245,1779739150986,-1.9795625,-12.804095,0.3684947,-153.01495,-246.1189,184.95372,-147.57762,8.508798,130.09196,0.0
4b,2,Right Ankle,2468884,1779739150994,-20.606646,0.8135382,7.4225354,-70.58282,2.4193423,-81.44682,-55.228306,21.488739,172.74419,0.0
4b,1,Left Ankle,2740569,1779739151041,-1.65,10.58,1.36,29.125,-35.6875,-2.3125,0.71899414,0.5951538,0.2453003,0.26208496
4b,1,Left Ankle,2740588,1779739151043,-2.35,10.45,1.23,31.0625,-29.0,5.5,0.717041,0.60040283,0.24255371,0.25793457
4b,4,Right Wrist,35179264,1779739151046,-6.557032,-5.182954,3.562913,-120.60496,-257.8789,194.26372,-147.59872,8.644161,130.08615,0.0
4b,1,Left Ankle,2740604,1779739151046,-2.15,11.07,0.52,29.9375,-14.4375,19.8125,0.7151489,0.60272217,0.24182129,0.25842285
4b,1,Left Ankle,2740630,1779739151072,-0.59,10.61,0.51,26.3125,-7.625,23.875,0.71032715,0.60943604,0.23809814,0.25952148
4b,1,Left Ankle,2740645,1779739151073,-0.52,10.38,1.97,14.125,-15.3125,27.5625,0.70928955,0.611145,0.23608398,0.26013184
4b,2,Right Ankle,2469048,1779739151084,0.1821943,-1.545785,0.6149554,7.6071796,60.869343,252.10318,-55.214226,21.554316,172.7975,0.0
4b,3,Left Wrist,8976308,1779739151086,12.885551,8.341677,5.812166,-92.70422,248.4097,-268.9708,71.88005,-46.256294,358.24655,0.0
4b,4,Right Wrist,35179321,1779739151140,-6.236394,-5.2451677,-1.59362,-58.37496,-231.8389,180.82373,-147.59538,8.7850685,130.07991,0.0
4b,1,Left Ankle,2740672,1779739151140,-1.17,10.15,2.14,5.3125,-30.5625,30.9375,0.70758057,0.6156006,0.22735596,0.262146
4b,1,Left Ankle,2740688,1779739151141,0.2,10.67,0.49,9.25,2.5625,40.5,0.7052002,0.61834717,0.22302246,0.26574707
4b,1,Left Ankle,2740708,1779739151194,0.29,10.64,1.3,6.6875,0.875,41.0625,0.70251465,0.6206665,0.21923828,0.2705078
4b,1,Left Ankle,2740751,1779739151195,1.6,10.69,2.2,11.0625,-6.0,36.1875,0.697937,0.62579346,0.21038818,0.27752686
4b,1,Left Ankle,2740734,1779739151193,0.2,10.27,1.51,6.0,-7.125,37.625,0.70043945,0.62298584,0.21453857,0.274292
4b,4,Right Wrist,35179380,1779739151197,-5.403692,-4.618248,6.0921264,-54.94496,-229.2489,190.27373,-147.59607,8.904578,130.06967,0.0
4b,3,Left Wrist,8976472,1779739151205,10.186448,16.64238,-0.13399807,32.455776,76.3497,-163.34077,71.94307,-45.986786,358.20288,0.0
4b,1,Left Ankle,2740779,1779739151223,0.68,9.86,2.04,8.75,-20.125,32.4375,0.69592285,0.62890625,0.20532227,0.2793579
4b,1,Left Ankle,2740793,1779739151223,0.1,10.63,0.14,8.0625,-16.3125,31.3125,0.69421387,0.63183594,0.20013428,0.28076172
4b,4,Right Wrist,35179471,1779739151256,-6.578568,-5.520342,5.682954,-49.554962,-195.15889,194.12372,-147.5951,9.017221,130.05205,0.0
4b,1,Left Ankle,2740819,1779739151256,1.54,10.45,0.9,4.6875,-10.375,29.6875,0.692688,0.63409424,0.19555664,0.2826538
4b,2,Right Ankle,2469198,1779739151261,-10.5232935,1.67974,1.3399806,93.84718,106.649345,323.22318,-55.064205,21.90054,172.87726,0.0
4b,1,Left Ankle,2740838,1779739151282,1.06,10.05,1.37,1.125,-23.5,20.5,0.6917114,0.63690186,0.18847656,0.28356934
4b,3,Left Wrist,8976594,1779739151294,6.0995064,12.91436,0.404387,113.37577,-33.060303,-16.620777,72.153336,-45.835453,358.0885,0.0
4b,1,Left Ankle,2740864,1779739151315,1.29,10.42,1.02,0.5,-25.4375,14.5,0.6914673,0.63848877,0.18432617,0.28326416
4b,1,Left Ankle,2740882,1779739151315,1.06,10.44,1.81,1.875,-25.25,9.8125,0.69158936,0.6402588,0.18017578,0.2816162
4b,4,Right Wrist,35179531,1779739151347,-5.793722,-1.067299,5.723632,-62.85496,-93.238884,262.44373,-147.61455,9.112995,129.99323,0.0
4b,1,Left Ankle,2740900,1779739151373,0.34,9.52,1.94,4.0625,-22.75,11.0,0.6917114,0.64227295,0.17584229,0.27954102
4b,1,Left Ankle,2740923,1779739151374,1.93,10.08,1.93,4.9375,-30.5,7.5625,0.69158936,0.64434814,0.17199707,0.2774048
4b,1,Left Ankle,2740940,1779739151375,0.04,9.98,2.85,12.125,-28.5625,7.6875,0.6911621,0.6470947,0.16796875,0.27453613
4b,1,Left Ankle,2740970,1779739151401,0.47,9.88,1.72,21.4375,-18.0625,13.4375,0.6876831,0.65270996,0.16369629,0.27252197
4b,4,Right Wrist,35179590,1779739151406,-5.1548386,6.0082774,4.084548,106.47504,-19.178888,189.92372,-147.59396,9.171386,129.93883,0.0
4b,3,Left Wrist,8976613,1779739151413,5.953544,11.1077795,0.5838487,159.92577,-30.260302,16.349222,72.28293,-45.78712,358.02982,0.0
4b,4,Right Wrist,35179681,1779739151498,1.1071787,3.3115668,3.1130621,-39.75496,26.041111,144.35373,-147.62083,9.188895,129.88992,0.0
4b,1,Left Ankle,2740988,1779739151521,1.24,10.34,1.71,24.125,-19.9375,16.25,0.68481445,0.6567383,0.16088867,0.27166748
4b,1,Left Ankle,2741009,1779739151522,1.08,10.4,1.71,24.5,-20.4375,15.8125,0.6820679,0.66101074,0.15753174,0.2703247
4b,3,Left Wrist,8976802,1779739151534,9.497314,3.2928205,-0.9762716,5.2257767,-53.640297,29.229221,72.46533,-45.90985,357.92996,0.0
4b,1,Left Ankle,2741029,1779739151553,1.14,10.68,0.86,24.1875,-16.0625,13.625,0.6790161,0.66503906,0.15509033,0.26940918
4b,1,Left Ankle,2741049,1779739151554,0.48,12.2,0.82,18.6875,-9.75,8.25,0.6765747,0.6680908,0.15368652,0.2687378
4b,1,Left Ankle,2741114,1779739151555,1.64,8.12,0.8,13.875,-4.3125,11.4375,0.6706543,0.67437744,0.15179443,0.269104
4b,4,Right Wrist,35179741,1779739151557,4.009672,8.255138,2.5316064,117.60504,41.511112,47.683727,-147.59877,9.17766,129.86534,0.0
4b,1,Left Ankle,2741140,1779739151582,5.93,8.74,-2.39,18.3125,-7.75,17.375,0.66815186,0.67700195,0.15002441,0.26965332
4b,1,Left Ankle,2741149,1779739151585,3.72,8.54,-1.82,22.6875,-15.8125,26.4375,0.664978,0.68066406,0.14660645,0.27008057
4b,2,Right Ankle,2469245,1779739151591,-11.652707,-0.16273353,-2.1248264,111.48718,129.11934,288.01318,-55.03011,22.083399,172.89465,0.0
4b,3,Left Wrist,8976924,1779739151593,6.3387885,7.8607197,-10.77488,327.78577,-152.55031,36.579224,72.808304,-46.01462,357.73196,0.0
4b,1,Left Ankle,2741171,1779739151614,1.81,8.92,0.16,26.8125,-19.0,33.0625,0.6608887,0.68518066,0.14215088,0.27105713
4b,1,Left Ankle,2741189,1779739151615,2.37,8.79,0.64,24.3125,-39.0,27.0,0.65740967,0.6902466,0.13623047,0.26983643
4b,4,Right Wrist,35179831,1779739151617,2.830011,2.4190438,0.89730847,316.05505,-26.528887,32.983727,-147.50021,9.174381,129.85873,0.0
4b,1,Left Ankle,2741214,1779739151642,3.56,9.63,1.34,20.625,-59.5,19.4375,0.65496826,0.69555664,0.12896729,0.26568604
4b,3,Left Wrist,8976943,1779739151657,4.2235336,6.159422,-11.593226,381.96576,-105.5803,39.09922,73.07414,-46.04464,357.6149,0.0
4b,1,Left Ankle,2741236,1779739151671,4.32,9.89,1.89,6.625,-102.25,8.4375,0.65515137,0.70092773,0.11816406,0.25604248
4b,4,Right Wrist,35179891,1779739151681,1.2220342,-1.0888345,0.72023964,101.99504,-97.78889,116.49372,-147.4453,9.205151,129.84607,0.0
4b,1,Left Ankle,2741254,1779739151702,3.4,9.49,0.62,-6.5625,-151.5,-2.875,0.6581421,0.7064209,0.10235596,0.23937988
4b,1,Left Ankle,2741279,1779739151703,2.59,9.48,-0.08,-15.25,-188.4375,-18.6875,0.66516113,0.7140503,0.07421875,0.20544434
4b,3,Left Wrist,8976999,1779739151714,0.94297355,-1.8062844,-12.30868,137.94577,12.929699,21.319221,73.216736,-46.078312,357.5514,0.0
4b,1,Left Ankle,2741297,1779739151731,2.68,9.15,0.64,-20.375,-197.1875,-24.8125,0.67108154,0.71759033,0.05419922,0.17834473
4b,4,Right Wrist,35179951,1779739151737,-4.582954,0.9809575,0.30149564,-15.74496,-91.418884,126.083725,-147.45909,9.290583,129.82506,0.0
4b,1,Left Ankle,2741319,1779739151763,1.02,9.39,0.19,-31.5625,-196.125,-42.1875,0.6774292,0.7192993,0.035339355,0.14978027
4b,3,Left Wrist,8977058,1779739151773,-0.4903268,6.212064,-12.818352,-15.354223,55.1397,5.9892235,73.297775,-46.06448,357.50235,0.0
4b,1,Left Ankle,2741340,1779739151793,1.53,9.33,-0.12,-31.75,-186.0625,-44.3125,0.6831665,0.7196045,0.019226074,0.122558594
4b,1,Left Ankle,2741355,1779739151793,1.22,8.82,-0.71,-32.125,-173.25,-50.3125,0.68585205,0.71936035,0.011962891,0.109191895
4b,1,Left Ankle,2741381,1779739151823,1.68,9.14,-2.11,-25.4375,-157.9375,-50.75,0.6916504,0.7186279,-0.0072021484,0.071899414
4b,1,Left Ankle,2741396,1779739151823,0.9,8.98,-3.17,-10.625,-136.1875,-39.3125,0.6925659,0.7192993,-0.018188477,0.051452637
4b,4,Right Wrist,35180011,1779739151834,-4.338886,1.7777673,-1.2490535,79.38504,-11.828888,74.98373,-147.45454,9.3468075,129.80171,0.0
4b,1,Left Ankle,2741421,1779739151858,1.35,8.81,-1.09,-2.4375,-126.125,-27.6875,0.69244385,0.7201538,-0.02935791,0.03265381
4b,3,Left Wrist,8977119,1779739151866,2.9194455,0.8138563,-8.640483,-126.02423,90.0697,32.449223,73.318054,-46.092506,357.47922,0.0
4b,1,Left Ankle,2741443,1779739151881,1.26,8.28,0.17,-13.3125,-137.75,-27.125,0.69299316,0.7196655,-0.04168701,0.013244629
4b,1,Left Ankle,2741460,1779739151883,-0.66,9.19,1.86,-24.6875,-153.5,-33.75,0.694397,0.7173462,-0.055480957,-0.009033203
4b,1,Left Ankle,2741485,1779739151917,-1.36,10.29,1.28,-20.1875,-111.5625,-36.4375,0.69573975,0.71466064,-0.065979004,-0.028930664
4b,3,Left Wrist,8977178,1779739151924,5.396016,1.9600183,-7.3292155,-127.77423,72.9197,32.16922,73.33411,-46.127846,357.45468,0.0
4b,1,Left Ankle,2741500,1779739151942,0.33,10.73,-0.98,5.6875,-9.0,-24.1875,0.6953125,0.7145996,-0.06689453,-0.036621094
4b,4,Right Wrist,35180071,1779739151946,-2.283451,-1.502793,-3.2159536,57.96504,1.2611113,37.253727,-147.45517,9.421487,129.78728,0.0
4b,1,Left Ankle,2741530,1779739151973,0.61,11.7,-1.37,5.5625,31.625,-19.125,0.6946411,0.7158203,-0.061706543,-0.035705566
4b,1,Left Ankle,2741540,1779739151975,1.44,10.38,-2.16,-3.0625,13.375,-28.0625,0.6948242,0.7161255,-0.05609131,-0.036254883
4b,3,Left Wrist,8977269,1779739151992,3.7617188,1.127316,-2.8115666,-167.60423,18.8097,-8.0107765,73.346886,-46.165882,357.4071,0.0
4b,1,Left Ankle,2741569,1779739152002,0.13,9.58,-1.75,-12.5625,-6.9375,-25.875,0.69592285,0.71520996,-0.051574707,-0.038391113
4b,4,Right Wrist,35180264,1779739152006,3.69382,-1.1917256,-2.993421,-41.01496,-135.8689,108.583725,-147.51128,9.400289,129.77077,0.0
4b,1,Left Ankle,2741587,1779739152033,-1.37,10.02,-1.15,-21.3125,-0.6875,-20.1875,0.69921875,0.71191406,-0.048461914,-0.043701172
4b,1,Left Ankle,2741602,1779739152033,-0.54,9.58,-0.78,-21.5,6.625,-18.125,0.7005005,0.7107544,-0.04663086,-0.044128418
4b,3,Left Wrist,8977329,1779739152048,2.866803,2.8405771,-1.6773688,-190.91423,10.5497,-10.460777,73.36474,-46.170506,357.3479,0.0
4b,1,Left Ankle,2741629,1779739152062,-0.29,9.87,-0.09,-18.375,14.5625,-13.3125,0.7039795,0.7076416,-0.041503906,-0.044433594
4b,1,Left Ankle,2741646,1779739152091,-0.14,9.46,0.5,-20.5625,9.3125,-12.0625,0.7052002,0.70648193,-0.040161133,-0.044677734
4b,1,Left Ankle,2741667,1779739152094,-0.31,9.56,-0.51,-24.125,-2.375,-9.125,0.7093506,0.7023926,-0.03729248,-0.04559326
4b,4,Right Wrist,35180283,1779739152096,3.6435704,-1.0768706,-2.7062824,-45.144962,-128.23889,114.39372,-147.5363,9.40326,129.75974,0.0
4b,3,Left Wrist,8977388,1779739152103,4.4221377,1.9049835,-0.52881384,-157.03423,-9.680301,-0.030776978,73.36215,-46.231068,357.30798,0.0
4b,1,Left Ankle,2741690,1779739152124,0.14,9.73,0.0,-24.4375,-11.4375,-5.8125,0.7107544,0.7008667,-0.03753662,-0.046691895
4b,1,Left Ankle,2741707,1779739152152,-0.19,9.5,1.1,-26.9375,-23.0,-2.625,0.71533203,0.69573975,-0.040649414,-0.05114746
4b,4,Right Wrist,35180340,1779739152156,3.1626134,-0.9309084,-2.969493,-47.664963,-76.57889,116.35372,-147.56976,9.388079,129.73734,0.0
4b,3,Left Wrist,8977449,1779739152164,2.383453,4.2403784,-0.77048886,-33.904224,-21.650301,-0.38077927,73.44143,-46.19972,357.23715,0.0
4b,1,Left Ankle,2741731,1779739152186,-0.49,10.24,0.96,-28.0625,-23.875,-0.0625,0.7168579,0.6939697,-0.041931152,-0.052612305
4b,1,Left Ankle,2741747,1779739152186,-0.05,10.6,0.19,-26.625,-9.875,1.125,0.7214966,0.6889038,-0.043640137,-0.054626465
4b,1,Left Ankle,2741768,1779739152213,0.47,9.77,0.08,-29.0,-0.75,1.4375,0.7249756,0.68518066,-0.043701172,-0.05480957
4b,1,Left Ankle,2741790,1779739152215,0.79,9.77,0.62,-33.875,-16.4375,-0.125,0.7288208,0.6809082,-0.04498291,-0.05645752
4b,4,Right Wrist,35180431,1779739152216,3.3492534,0.15304069,-4.261617,4.5550404,19.11111,91.013725,-147.60788,9.3444805,129.70088,0.0
4b,3,Left Wrist,8977508,1779739152223,-1.2679946,4.4796605,-1.5146567,-2.5442238,-19.900301,-5.910778,73.51259,-46.139637,357.18015,0.0
4b,1,Left Ankle,2741807,1779739152242,0.45,9.75,1.46,-32.9375,-23.625,-1.25,0.7322998,0.67663574,-0.047607422,-0.05987549
4b,1,Left Ankle,2741828,1779739152277,0.0,10.54,1.36,-30.9375,-28.3125,-2.5,0.73547363,0.6727295,-0.050231934,-0.06341553
4b,1,Left Ankle,2741844,1779739152277,-0.38,10.69,0.49,-25.5625,-16.5,-2.4375,0.7368164,0.6710205,-0.050964355,-0.064575195
4b,4,Right Wrist,35180491,1779739152285,3.0645075,-0.7131612,-6.0035925,7.21504,8.471111,66.443726,-147.64934,9.294643,129.67287,0.0
4b,3,Left Wrist,8977569,1779739152286,-1.8327006,15.063115,8.882157,7.5357766,-47.6903,31.399221,73.50415,-46.10092,357.17923,0.0
4b,1,Left Ankle,2741871,1779739152303,0.09,10.55,0.41,-21.0,-5.3125,-1.75,0.74035645,0.66693115,-0.051452637,-0.06616211
4b,1,Left Ankle,2741904,1779739152333,-0.78,10.11,0.64,-17.5,-11.1875,7.8125,0.74346924,0.663208,-0.053710938,-0.06732178
4b,1,Left Ankle,2741889,1779739152333,-0.68,10.05,0.8,-19.25,-9.875,3.9375,0.7424927,0.6643677,-0.052612305,-0.0670166
4b,4,Right Wrist,35180550,1779739152339,1.6623137,-3.3117666,-4.2448673,-45.214962,-12.528889,18.563728,-147.6511,9.233481,129.67203,0.0
4b,3,Left Wrist,8977628,1779739152344,-21.537594,10.782355,-16.2688,-49.164223,-6.9503007,110.21922,73.54062,-46.094193,357.14655,0.0
4b,1,Left Ankle,2741932,1779739152362,-0.29,10.31,1.11,-14.625,-6.5,13.5625,0.74609375,0.6600952,-0.0569458,-0.066101074
4b,2,Right Ankle,2469645,1779739152374,-4.6345572,-8.312688,1.0791631,-15.9828205,-35.380657,-24.81682,-55.03326,22.094114,172.91406,0.0
4b,1,Left Ankle,2741944,1779739152392,-0.21,10.15,0.82,-13.1875,1.8125,16.25,0.74694824,0.6591797,-0.057678223,-0.06506348
4b,4,Right Wrist,35180611,1779739152398,-0.41704935,-4.737889,-3.76391,-94.14496,23.661112,-29.246273,-147.62541,9.206512,129.68556,0.0
4b,3,Left Wrist,8977689,1779739152408,9.152748,10.004688,-3.5676987,19.645777,-27.250301,69.759224,73.635994,-46.121754,357.0812,0.0
4b,1,Left Ankle,2741971,1779739152422,0.34,10.26,0.93,-11.0,8.0625,17.3125,0.74920654,0.65686035,-0.05895996,-0.06085205
4b,1,Left Ankle,2741989,1779739152422,0.68,10.35,1.12,-10.375,5.125,13.5,0.75061035,0.65545654,-0.059692383,-0.058410645
4b,4,Right Wrist,35180670,1779739152458,2.4543378,-0.9237299,-4.634897,-18.75496,89.60111,-53.816273,-147.66687,9.106901,129.67915,0.0
4b,1,Left Ankle,2742009,1779739152457,0.64,10.25,1.43,-9.3125,4.3125,11.9375,0.751709,0.6542969,-0.060424805,-0.056640625
4b,1,Left Ankle,2742050,1779739152483,0.6,10.28,1.61,-1.625,-5.625,4.625,0.75268555,0.6531372,-0.061950684,-0.05505371
4b,1,Left Ankle,2742031,1779739152483,0.59,10.17,1.81,-6.4375,1.75,8.875,0.7524414,0.6535034,-0.061157227,-0.055603027
4b,3,Left Wrist,8977749,1779739152493,6.539786,14.883655,4.0534415,-3.3842235,8.029699,53.379223,73.63134,-46.066944,357.0892,0.0
4b,1,Left Ankle,2742088,1779739152517,-0.4,10.67,1.46,-0.375,-16.625,3.375,0.7525635,0.65270996,-0.066101074,-0.05718994
4b,1,Left Ankle,2742067,1779739152517,0.49,10.17,1.38,-1.1875,-13.6875,2.75,0.75268555,0.65289307,-0.0637207,-0.055847168
4b,1,Left Ankle,2742109,1779739152542,0.42,10.06,1.35,4.4375,-10.3125,5.625,0.75213623,0.65289307,-0.06842041,-0.058044434
4b,3,Left Wrist,8977808,1779739152555,1.8163539,4.125523,2.723032,86.77577,-24.170301,61.63922,73.61871,-46.043785,357.1187,0.0
4b,1,Left Ankle,2742132,1779739152572,1.27,9.88,1.49,10.0,-9.375,4.75,0.75109863,0.6538696,-0.07019043,-0.058166504
4b,1,Left Ankle,2742153,1779739152608,-0.18,10.36,1.23,10.0,-19.125,4.0,0.7498169,0.6549072,-0.07299805,-0.059570312
4b,4,Right Wrist,35180731,1779739152609,8.508179,-0.6509481,-3.7256248,72.80504,79.52111,-63.33627,-147.64848,9.024712,129.68181,0.0
4b,1,Left Ankle,2742171,1779739152609,0.67,10.36,1.23,10.625,-21.0625,5.5625,0.7484131,0.65600586,-0.076293945,-0.06097412
4b,3,Left Wrist,8977899,1779739152613,-0.23190205,3.4124618,-0.15314065,133.81577,-100.1903,123.939224,73.73117,-46.027306,357.05658,0.0
4b,1,Left Ankle,2742217,1779739152668,0.53,9.85,0.59,14.0,-0.625,5.5625,0.744812,0.6595459,-0.080566406,-0.06121826
4b,1,Left Ankle,2742233,1779739152668,0.47,9.32,0.66,19.875,0.5625,7.375,0.7437134,0.6607666,-0.08111572,-0.06060791
4b,1,Left Ankle,2742191,1779739152668,0.0,10.49,0.48,9.5625,-14.5,3.6875,0.74713135,0.65704346,-0.07897949,-0.06225586
4b,3,Left Wrist,8977958,1779739152673,0.6797633,3.4603179,-1.2299109,109.31577,-117.6903,130.02922,73.87972,-46.03767,356.95856,0.0
4b,1,Left Ankle,2742251,1779739152691,0.78,9.87,0.95,19.9375,-0.3125,4.5625,0.74157715,0.663208,-0.081848145,-0.059631348
4b,4,Right Wrist,35180894,1779739152700,6.782954,-2.1416767,-4.362116,4.3450403,1.3311119,-33.30627,-147.66112,8.903076,129.706,0.0
4b,2,Right Ankle,2470450,1779739152700,-2.9476178,-4.555956,-1.7252252,117.50719,39.51934,89.35318,-55.185272,22.432524,172.79027,0.0
4b,1,Left Ankle,2742276,1779739152725,0.9,9.72,1.15,20.0625,-0.375,1.9375,0.73931885,0.6656494,-0.082336426,-0.059020996
4b,1,Left Ankle,2742291,1779739152726,0.43,9.58,1.06,19.0625,-2.3125,0.625,0.7371216,0.6680298,-0.08288574,-0.058898926
4b,3,Left Wrist,8978019,1779739152735,2.1322067,4.52991,-0.8877372,-22.494223,-123.5003,99.85922,73.98609,-46.0436,356.8543,0.0
4b,4,Right Wrist,35180941,1779739152758,6.1009994,-1.4764719,-4.9028935,17.43504,0.6311121,-30.576271,-147.6653,8.8402405,129.7132,0.0
4b,1,Left Ankle,2742312,1779739152782,0.49,9.82,0.87,18.3125,-0.8125,1.25,0.7350464,0.6703491,-0.08331299,-0.058654785
4b,1,Left Ankle,2742337,1779739152784,0.32,10.24,0.57,12.5,-10.5,1.625,0.73254395,0.6727295,-0.08532715,-0.059387207
4b,1,Left Ankle,2742351,1779739152792,0.35,9.8,0.47,15.375,-5.125,4.25,0.7316284,0.673645,-0.085876465,-0.059265137
4b,3,Left Wrist,8978079,1779739152792,3.445866,12.198907,-4.883751,-27.324223,-72.1903,101.67922,74.07779,-46.046886,356.77142,0.0
4b,1,Left Ankle,2742378,1779739152813,0.52,9.74,0.75,20.0,-1.5,7.375,0.7294922,0.6758423,-0.0871582,-0.058410645
4b,1,Left Ankle,2742392,1779739152814,0.77,9.82,0.79,23.5,-2.1875,10.5,0.72698975,0.6784668,-0.08874512,-0.05706787
4b,4,Right Wrist,35181031,1779739152816,2.3801603,0.9977064,-4.855037,-20.22496,-31.98889,-76.00628,-147.72112,8.791204,129.7338,0.0
4b,2,Right Ankle,2470786,1779739152860,0.97421914,-5.793045,1.9716859,-68.20282,-25.720657,-27.26682,-55.40164,22.347628,172.70547,0.0
4b,3,Left Wrist,8978138,1779739152860,6.582856,11.77777,-2.0195422,-105.86423,-27.0403,132.82922,74.1192,-46.05893,356.71756,0.0
4b,1,Left Ankle,2742420,1779739152872,0.54,9.9,0.88,25.875,-4.0,12.8125,0.7225952,0.6828613,-0.092163086,-0.054870605
4b,1,Left Ankle,2742439,1779739152875,0.29,10.07,0.43,27.75,-5.625,16.625,0.7194824,0.6859741,-0.09503174,-0.052856445
4b,1,Left Ankle,2742460,1779739152901,0.16,10.09,0.05,30.0,-0.5,22.1875,0.7161865,0.689209,-0.09790039,-0.049316406
4b,3,Left Wrist,8978199,1779739152915,11.7896385,15.412468,-2.9742787,-116.43423,-13.1103,215.77922,74.14716,-46.116642,356.6794,0.0
4b,1,Left Ankle,2742483,1779739152932,-0.08,9.86,0.13,30.0625,6.1875,29.375,0.71307373,0.6923828,-0.10076904,-0.043945312
4b,1,Left Ankle,2742495,1779739152933,-0.49,10.62,-0.79,31.125,18.5625,38.6875,0.71154785,0.69403076,-0.10205078,-0.040283203
4b,1,Left Ankle,2742519,1779739152961,-0.78,10.32,-0.11,40.0625,45.0,50.6875,0.70648193,0.6995239,-0.10437012,-0.024658203
4b,3,Left Wrist,8978258,1779739152973,12.349559,21.442379,-5.237889,18.315777,-65.6103,304.6792,74.23154,-46.19656,356.62802,0.0
4b,1,Left Ankle,2742542,1779739152992,0.24,10.73,0.32,38.875,57.875,53.625,0.7029419,0.7034302,-0.10437012,-0.011352539
4b,1,Left Ankle,2742559,1779739152992,-0.41,12.18,1.11,33.5625,68.9375,52.5,0.7000122,0.706604,-0.10333252,0.0028686523
4b,1,Left Ankle,2742582,1779739153029,-1.48,10.25,0.38,36.25,123.0625,50.625,0.6975708,0.7095947,-0.09674072,0.022216797
4b,3,Left Wrist,8978319,1779739153034,12.335202,12.474081,-6.2285175,123.66577,-83.4603,388.5392,74.35223,-46.3419,356.57803,0.0
4b,1,Left Ankle,2742603,1779739153050,-1.37,8.69,-0.25,50.5625,187.125,57.0,0.6942749,0.71313477,-0.08300781,0.050048828
4b,1,Left Ankle,2742620,1779739153051,2.83,9.5,0.09,63.6875,236.0,53.125,0.6890869,0.717041,-0.0625,0.084350586
4b,4,Right Wrist,35181090,1779739153059,1.5426724,-0.5983061,-4.3166523,4.6950397,-25.12889,-94.83627,-147.76309,8.724002,129.75945,0.0
4b,1,Left Ankle,2742640,1779739153081,1.39,9.45,-1.24,68.3125,253.3125,48.5,0.6821289,0.72003174,-0.038269043,0.121398926
4b,3,Left Wrist,8978378,1779739153093,10.148163,3.0248246,-3.0221348,143.96577,-67.9903,391.0592,74.444565,-46.537167,356.5571,0.0
4b,4,Right Wrist,35181358,1779739153115,-1.7235305,-2.0483565,-0.33499515,-15.39496,-66.638885,33.123726,-147.78806,8.638977,129.81105,0.0
4b,1,Left Ankle,2742667,1779739153142,2.64,7.88,-2.87,62.375,201.0625,27.4375,0.6713867,0.72314453,-0.0075683594,0.16217041
4b,1,Left Ankle,2742688,1779739153143,2.78,6.12,-1.91,34.8125,92.625,7.75,0.66918945,0.7238159,-0.002319336,0.16827393
4b,1,Left Ankle,2742706,1779739153144,8.89,4.02,0.36,4.3125,-10.125,7.1875,0.6673584,0.7247925,-7.324219E-4,0.17114258
4b,3,Left Wrist,8978439,1779739153154,9.92563,-2.7921274,-0.8805587,92.37577,-80.4503,268.41922,74.4801,-46.7081,356.55334,0.0
4b,1,Left Ankle,2742729,1779739153171,15.85,5.47,2.4,-20.625,-69.25,34.1875,0.66851807,0.7246704,-0.011047363,0.16668701
4b,1,Left Ankle,2742747,1779739153172,2.2,13.16,-2.48,-15.625,-23.875,69.125,0.6687622,0.7229004,-0.028137207,0.17156982
4b,1,Left Ankle,2742768,1779739153202,-1.63,12.34,2.37,-8.5,14.125,30.6875,0.66882324,0.72210693,-0.029296875,0.1741333
4b,4,Right Wrist,35181391,1779739153210,-2.912763,-2.1775684,-0.18424734,-4.19496,-58.79889,44.393726,-147.76657,8.699983,129.81236,0.0
4b,1,Left Ankle,2742788,1779739153231,2.2,10.02,1.6,8.4375,71.1875,9.3125,0.6679077,0.7201538,-0.022033691,0.18670654
4b,1,Left Ankle,2742802,1779739153233,5.35,8.62,-1.04,10.6875,69.5625,12.5625,0.66760254,0.71954346,-0.020385742,0.19012451
4b,3,Left Wrist,8978499,1779739153243,8.891931,-2.8878403,-1.2394822,64.09577,-94.0303,146.05922,74.527054,-46.839226,356.52307,0.0
4b,1,Left Ankle,2742825,1779739153262,5.49,9.16,0.16,7.375,47.875,3.4375,0.6665039,0.71868896,-0.014770508,0.19744873
4b,4,Right Wrist,35181451,1779739153267,-5.4276204,-2.4503503,0.2727818,-11.96496,-48.43889,59.163727,-147.75648,8.761389,129.80615,0.0
4b,1,Left Ankle,2742847,1779739153291,4.64,9.38,0.36,3.25,21.625,-8.25,0.66607666,0.7182007,-0.008361816,0.20111084
4b,1,Left Ankle,2742867,1779739153292,4.7,9.87,-1.59,-1.3125,-7.8125,-17.125,0.6668701,0.7185669,-0.0078125,0.19708252
4b,3,Left Wrist,8978559,1779739153304,6.992029,-2.177172,-5.407779,1.4457765,-121.7503,23.629221,74.62777,-46.9223,356.42343,0.0
4b,1,Left Ankle,2742891,1779739153322,4.78,10.1,0.14,-0.5625,-36.3125,-27.0625,0.66729736,0.71917725,-0.008178711,0.19335938
4b,1,Left Ankle,2742908,1779739153351,6.77,9.71,-1.51,-2.5,-22.8125,-26.25,0.66882324,0.72052,-0.0078125,0.18292236
4b,3,Left Wrist,8978649,1779739153369,-7.577868,-16.890638,7.9393854,-120.07423,-385.7903,-395.6008,74.73145,-46.834034,356.20337,0.0
4b,1,Left Ankle,2742930,1779739153382,2.74,11.2,-3.05,-4.0,-8.0,-31.875,0.66955566,0.720459,-0.0063476562,0.18060303
4b,1,Left Ankle,2742947,1779739153384,3.97,11.55,-3.93,1.75,19.125,-35.6875,0.6706543,0.72003174,-4.8828125E-4,0.17822266
4b,4,Right Wrist,35181541,1779739153386,-7.6912303,-1.8066812,-0.808774,3.64504,28.001112,17.373728,-147.75047,8.798327,129.79666,0.0
4b,1,Left Ankle,2742970,1779739153411,5.17,10.9,-3.38,-5.875,10.625,-43.1875,0.67370605,0.71850586,0.008544922,0.17248535
4b,1,Left Ankle,2742989,1779739153412,3.94,10.84,-2.27,-26.4375,-31.5,-54.0625,0.67803955,0.7164917,0.0115356445,0.16363525
4b,3,Left Wrist,8978708,1779739153427,-32.52783,-10.88944,19.240686,-192.24423,-443.5403,-582.9208,74.851746,-46.66171,355.92786,0.0
4b,1,Left Ankle,2743008,1779739153441,1.81,9.45,-1.21,-36.375,-47.1875,-63.1875,0.68395996,0.713562,0.012634277,0.15100098
4b,4,Right Wrist,35181705,1779739153446,-5.6525455,-7.1331043,-0.52642095,-84.134964,107.73112,-4.4662714,-147.761,8.813831,129.77481,0.0
4b,1,Left Ankle,2743031,1779739153473,-0.19,5.44,0.14,-34.875,-45.5,-61.6875,0.6898804,0.7103882,0.014038086,0.13842773
4b,3,Left Wrist,8978769,1779739153487,-48.50231,14.539086,14.29233,24.195776,-493.5903,-550.16077,75.07689,-46.48343,355.62183,0.0
4b,1,Left Ankle,2743054,1779739153501,3.42,2.21,2.53,-35.875,-62.5,-41.75,0.69537354,0.7074585,0.012329102,0.12591553
4b,1,Left Ankle,2743074,1779739153501,5.08,0.84,7.98,-39.0,-52.4375,4.5,0.7001343,0.7041626,0.005554199,0.11791992
4b,4,Right Wrist,35181724,1779739153506,-6.4014993,-6.9081793,-0.4977071,-107.65496,95.55112,22.343729,-147.77235,8.820075,129.75471,0.0
4b,1,Left Ankle,2743093,1779739153533,3.45,3.25,6.85,-26.125,53.5,36.1875,0.70336914,0.6999512,0.0037841797,0.12384033
4b,3,Left Wrist,8978829,1779739153544,-39.694332,14.161021,1.7898313,-82.27423,-481.3403,-303.4108,75.25058,-46.381634,355.34448,0.0
4b,1,Left Ankle,2743118,1779739153561,-1.31,8.38,1.73,38.0625,309.6875,87.0625,0.697937,0.6939087,0.030212402,0.17437744
4b,4,Right Wrist,35181781,1779739153565,-16.67628,0.18893267,8.035098,-103.80496,62.09111,10.653728,-147.80455,8.830434,129.7408,0.0
4b,1,Left Ankle,2743140,1779739153594,-5.14,8.59,-0.36,56.3125,389.9375,95.125,0.6918335,0.6913452,0.04840088,0.20257568
4b,3,Left Wrist,8978889,1779739153612,-20.144972,14.503195,-5.245067,-246.77423,-227.80031,1.3692207,75.27431,-46.348988,355.21194,0.0
4b,1,Left Ankle,2743154,1779739153623,-6.3,12.77,-2.2,40.125,365.1875,53.6875,0.6789551,0.6826172,0.087524414,0.2555542
4b,1,Left Ankle,2743178,1779739153627,-12.23,10.74,-4.03,-27.5,106.5625,-49.125,0.6831665,0.66955566,0.11376953,0.26843262
4b,1,Left Ankle,2743194,1779739153627,6.58,0.52,-12.59,-49.75,-54.25,-115.75,0.6890869,0.66674805,0.11608887,0.25915527
4b,4,Right Wrist,35181841,1779739153627,-10.131908,7.991927,23.148167,-127.744965,101.011116,-61.79627,-147.84476,8.799973,129.74097,0.0
4b,1,Left Ankle,2743218,1779739153653,30.25,8.65,39.21,-11.4375,-7.25,-30.9375,0.696228,0.6607666,0.12371826,0.25183105
4b,2,Right Ankle,2470938,1779739153659,-3.7994626,-1.572106,-0.8757731,-29.56282,-40.14066,-10.46682,-55.43521,22.457132,172.69986,0.0
4b,3,Left Wrist,8978949,1779739153672,-0.7343951,14.048558,-16.244873,-441.23422,2.0096993,171.60922,75.20364,-46.380447,355.16263,0.0
4b,1,Left Ankle,2743256,1779739153685,-8.52,-11.55,3.42,-8.25,37.125,-86.3125,0.70532227,0.65283203,0.13983154,0.23822021
4b,4,Right Wrist,35181901,1779739153685,-0.97936267,32.499218,21.65983,-122.35496,244.09111,-271.4463,-147.89157,8.681088,129.77487,0.0
4b,1,Left Ankle,2743238,1779739153685,-13.1,7.42,-13.64,-70.6875,-44.0625,-143.125,0.70336914,0.65496826,0.13348389,0.24169922
4b,1,Left Ankle,2743279,1779739153711,1.7,16.88,0.98,-53.375,-56.25,-77.1875,0.71765137,0.6451416,0.14172363,0.22070312
4b,3,Left Wrist,8979008,1779739153723,7.982658,34.638794,-19.31965,-352.33423,-5.5503006,431.6592,75.13239,-46.492313,355.15048,0.0
4b,1,Left Ankle,2743299,1779739153743,-5.09,9.63,2.48,-47.1875,0.625,-58.9375,0.7258911,0.63757324,0.1463623,0.21246338
4b,1,Left Ankle,2743328,1779739153771,1.26,13.98,1.35,-49.125,25.875,-13.5625,0.7305908,0.63049316,0.15106201,0.2142334
4b,1,Left Ankle,2743339,1779739153772,1.2,12.45,2.96,-53.5625,21.1875,-3.375,0.736084,0.62280273,0.15246582,0.21691895
4b,4,Right Wrist,35181960,1779739153776,11.259926,15.713567,-2.8043883,-252.90497,64.82111,-298.2563,-147.99377,8.589207,129.84819,0.0
4b,3,Left Wrist,8979069,1779739153783,-29.634905,46.121952,-14.658431,-286.88422,29.519701,841.15924,74.98799,-46.712284,355.2415,0.0
4b,1,Left Ankle,2743362,1779739153802,-1.37,10.01,4.33,-44.75,23.5,18.0,0.74017334,0.61639404,0.15167236,0.2218628
4b,2,Right Ankle,2471681,1779739153809,-8.728677,-9.540205,5.5680985,-142.05281,111.12934,43.36318,-55.339283,22.807465,172.74094,0.0
4b,1,Left Ankle,2743387,1779739153831,0.15,8.3,4.6,-18.625,44.3125,37.125,0.7402954,0.6126709,0.15246582,0.23095703
4b,1,Left Ankle,2743404,1779739153832,1.05,8.69,4.2,0.5,30.875,43.125,0.73828125,0.61169434,0.15240479,0.2399292
4b,4,Right Wrist,35182021,1779739153835,2.6888347,15.392928,-17.06561,-77.83496,129.08112,-279.49628,-148.0689,8.490135,129.8993,0.0
4b,3,Left Wrist,8979128,1779739153844,-34.360733,38.19214,4.5008993,306.57578,-181.3903,883.15924,75.08424,-46.970367,355.26202,0.0
4b,1,Left Ankle,2743422,1779739153861,1.49,9.36,3.39,26.5625,9.5,47.6875,0.7337036,0.61505127,0.15002441,0.2467041
4b,1,Left Ankle,2743465,1779739153894,2.64,9.58,2.69,30.1875,3.9375,27.0625,0.72351074,0.6246948,0.1459961,0.2548828
4b,1,Left Ankle,2743444,1779739153894,1.85,9.9,3.08,36.0,3.75,40.6875,0.7281494,0.62023926,0.14758301,0.25164795
4b,3,Left Wrist,8979189,1779739153904,-17.771294,13.019646,17.816957,298.73578,-200.7803,641.86926,75.16937,-47.168453,355.2691,0.0
4b,1,Left Ankle,2743490,1779739153930,2.96,9.29,2.69,24.0,-4.875,11.8125,0.7200928,0.62841797,0.14520264,0.2559204
4b,2,Right Ankle,2471838,1779739153930,-10.808041,-3.27101,2.143969,20.487179,28.319342,36.71318,-55.35078,23.038824,172.76033,0.0
4b,1,Left Ankle,2743507,1779739153952,3.73,10.26,1.94,18.0625,-18.625,-9.4375,0.71875,0.6326294,0.1439209,0.24987793
4b,1,Left Ankle,2743526,1779739153952,2.05,10.86,1.09,11.8125,-40.75,-34.25,0.7192993,0.63378906,0.14349365,0.2454834
4b,4,Right Wrist,35182111,1779739153956,-10.703794,-2.4838498,-1.6558332,11.76504,121.45111,-267.0363,-148.05103,8.448159,129.95744,0.0
4b,3,Left Wrist,8979249,1779739153965,-2.392621,-12.337097,23.308487,209.55577,-336.7203,261.2792,75.290245,-47.290325,355.17264,0.0
4b,1,Left Ankle,2743542,1779739153981,2.53,10.62,1.67,11.5625,-43.8125,-54.375,0.7211914,0.6358032,0.14379883,0.234375
4b,2,Right Ankle,2471915,1779739153997,1.2398224,17.264193,4.5631127,-183.84282,-38.880657,-259.17682,-55.392258,22.965818,172.73216,0.0
4b,1,Left Ankle,2743568,1779739154010,1.65,10.02,0.82,9.4375,-35.3125,-69.6875,0.7250366,0.63690186,0.14898682,0.21557617
4b,3,Left Wrist,8979309,1779739154027,-9.695517,-6.266506,9.425328,-48.044224,-303.6803,20.829222,75.34686,-47.31544,355.05035,0.0
4b,1,Left Ankle,2743588,1779739154042,0.76,8.81,0.87,3.3125,-22.1875,-78.625,0.7280884,0.6356201,0.15563965,0.20397949
4b,1,Left Ankle,2743611,1779739154043,-0.15,10.43,1.16,-6.25,13.1875,-82.375,0.73132324,0.63256836,0.16503906,0.19458008
4b,2,Right Ankle,2472004,1779739154053,6.0374312,14.986227,5.6087766,-220.66281,39.029343,-318.95682,-55.462154,22.87644,172.66643,0.0
4b,1,Left Ankle,2743631,1779739154070,-0.5,9.81,1.46,-9.75,30.75,-82.8125,0.73413086,0.6281738,0.17694092,0.1875
4b,1,Left Ankle,2743650,1779739154072,0.59,9.34,0.0,-17.4375,31.25,-89.75,0.73742676,0.62268066,0.1897583,0.17999268
4b,4,Right Wrist,35182201,1779739154076,6.488637,-8.200303,1.39023,-45.63496,45.571114,-310.01627,-148.02701,8.35288,130.04584,0.0
4b,3,Left Wrist,8979369,1779739154084,0.1533423,14.275877,-2.8450663,-213.52423,3.6896992,77.17922,75.325584,-47.278328,355.01666,0.0
4b,1,Left Ankle,2743670,1779739154104,-2.15,10.09,1.26,-29.875,32.875,-78.25,0.7418823,0.6156006,0.20123291,0.17370605
4b,4,Right Wrist,35182394,1779739154139,-8.866106,-9.016256,4.5511484,52.785038,186.1311,125.24372,-147.96443,8.281221,130.03188,0.0
4b,2,Right Ankle,2472065,1779739154140,11.536139,-3.445686,-0.2512464,-140.79282,35.03934,-352.55682,-55.557465,22.719002,172.57503,0.0
4b,3,Left Wrist,8979428,1779739154144,5.305089,6.348455,-10.143174,-169.84422,177.28969,86.55922,75.2929,-47.297653,355.04294,0.0
4b,4,Right Wrist,35182413,1779739154197,-5.5783677,-12.8639145,3.1322048,-18.05496,181.65111,242.28372,-147.95186,8.285595,129.93031,0.0
4b,2,Right Ankle,2472125,1779739154200,38.905243,-26.129644,-6.6376896,-45.17282,-103.84066,-389.86682,-55.62632,22.520885,172.5112,0.0
4b,3,Left Wrist,8979489,1779739154203,10.779867,6.393919,-1.1964114,-46.364223,251.5597,94.11922,75.23903,-47.35336,355.13388,0.0
4b,1,Left Ankle,2743690,1779739154222,-1.56,8.95,2.26,-22.625,60.375,-48.875,0.74438477,0.6087036,0.21307373,0.1730957
4b,1,Left Ankle,2743715,1779739154222,-2.84,9.5,1.22,-14.375,44.5,-27.1875,0.74487305,0.604126,0.22247314,0.17510986
4b,2,Right Ankle,2472214,1779739154261,-27.237158,-80.90136,21.798615,637.88715,259.17932,184.20319,-55.485783,22.61376,172.44444,0.0
4b,3,Left Wrist,8979548,1779739154265,17.051455,10.9642105,-16.73301,381.47577,93.9197,71.71922,75.4214,-47.391468,355.1234,0.0
4b,1,Left Ankle,2743735,1779739154289,-2.46,11.04,2.51,-14.0625,6.1875,-15.1875,0.7463989,0.6011963,0.22564697,0.17474365
4b,1,Left Ankle,2743837,1779739154289,-5.09,8.48,3.58,2.8125,-8.0,9.75,0.7479248,0.59954834,0.22229004,0.17791748
4b,1,Left Ankle,2743752,1779739154289,-3.01,10.86,2.82,-7.875,7.5625,0.5,0.7472534,0.5994873,0.2267456,0.17559814
4b,1,Left Ankle,2743818,1779739154290,-7.49,12.55,1.99,-8.5625,-24.4375,-8.8125,0.7481079,0.59906006,0.2232666,0.17779541
4b,1,Left Ankle,2743878,1779739154311,-1.41,11.47,1.89,14.3125,-21.0625,47.3125,0.7432251,0.60839844,0.20794678,0.18499756
4b,4,Right Wrist,35182471,1779739154320,-1.8240291,-16.300009,-7.24786,82.255035,36.681114,438.14374,-147.89128,8.354321,129.79985,0.0
4b,2,Right Ankle,2472275,1779739154320,7.2769136,22.028303,-8.7577305,-13.88282,-19.490658,-230.19681,-55.491707,22.54955,172.40717,0.0
4b,3,Left Wrist,8979609,1779739154324,33.320255,-17.613272,-4.3238306,106.51577,651.3997,478.8392,75.17152,-47.565323,355.51245,0.0
4b,1,Left Ankle,2743899,1779739154343,-0.63,11.34,1.21,15.5,-28.375,56.875,0.7409668,0.6131592,0.19866943,0.18865967
4b,1,Left Ankle,2743919,1779739154344,-1.32,10.26,1.07,11.625,-28.8125,61.5625,0.73864746,0.61743164,0.18908691,0.19342041
4b,1,Left Ankle,2743942,1779739154378,-1.3,10.85,1.33,7.9375,-23.75,68.5,0.73620605,0.6213379,0.17919922,0.199646
4b,3,Left Wrist,8979668,1779739154383,10.830116,6.9275184,0.3804588,103.15577,-473.7803,-11.9307785,75.43473,-47.65897,355.23605,0.0
4b,1,Left Ankle,2743959,1779739154402,-1.44,10.61,0.92,12.0625,3.4375,80.75,0.73291016,0.6253662,0.16967773,0.20739746
4b,2,Right Ankle,2472334,1779739154410,-18.194683,22.380049,-6.6999035,114.427185,19.009342,62.40318,-55.43146,22.628206,172.42133,0.0
4b,1,Left Ankle,2743983,1779739154432,1.63,10.51,2.67,14.4375,10.375,86.5,0.72839355,0.62908936,0.16137695,0.21820068
4b,1,Left Ankle,2743999,1779739154433,0.76,10.22,2.74,1.375,-36.25,71.75,0.72662354,0.63287354,0.14813232,0.22253418
4b,4,Right Wrist,35182634,1779739154436,-8.260722,9.0016985,12.000006,224.77504,-236.73889,294.50372,-147.86047,8.637172,129.64723,0.0
4b,1,Left Ankle,2744019,1779739154461,-0.66,10.41,0.81,2.125,-35.625,67.0,0.72436523,0.63604736,0.13775635,0.22747803
4b,1,Left Ankle,2744040,1779739154462,1.96,9.2,0.56,10.8125,9.8125,69.25,0.720459,0.6387329,0.13153076,0.23608398
4b,1,Left Ankle,2744055,1779739154497,3.5,9.96,2.0,7.0625,2.3125,67.625,0.7189331,0.64001465,0.1274414,0.23937988
4b,3,Left Wrist,8979729,1779739154504,1.2779689,1.9456615,-3.629912,68.365776,-71.7703,9.34922,75.58809,-47.670826,355.12454,0.0
4b,1,Left Ankle,2744081,1779739154521,4.15,9.06,2.23,-4.25,-41.3125,48.375,0.71777344,0.6431885,0.111816406,0.24212646
4b,1,Left Ankle,2744099,1779739154522,1.45,9.71,2.1,-5.6875,-64.625,34.5,0.71832275,0.64556885,0.099487305,0.23937988
4b,4,Right Wrist,35182756,1779739154529,-0.35483593,6.56102,0.2536392,114.52504,-32.75889,96.193726,-147.78491,8.7882185,129.5694,0.0
4b,3,Left Wrist,8979892,1779739154564,7.803196,1.4551327,-3.8668015,-63.654224,42.819702,-167.96077,75.69881,-47.692596,355.0071,0.0
4b,1,Left Ankle,2744131,1779739154582,2.52,11.65,1.42,3.875,-43.0625,35.625,0.71746826,0.6483154,0.08984375,0.23840332
4b,1,Left Ankle,2744139,1779739154584,1.74,9.68,1.38,5.9375,-31.0625,33.5625,0.71588135,0.6508789,0.082336426,0.23883057
4b,4,Right Wrist,35182775,1779739154586,1.238784,3.586741,0.50009996,-18.05496,-66.708885,81.91373,-147.81335,8.816889,129.55437,0.0
4b,1,Left Ankle,2744166,1779739154612,2.73,9.9,1.63,3.3125,-29.25,29.0,0.7145386,0.6529541,0.0758667,0.23944092
4b,1,Left Ankle,2744185,1779739154613,2.24,9.64,1.72,6.0625,-23.0,23.0625,0.71325684,0.6549072,0.070251465,0.23962402
4b,3,Left Wrist,8979911,1779739154629,8.231511,2.680258,-2.926422,-109.644226,30.7097,-192.88077,75.732376,-47.67667,354.9498,0.0
4b,1,Left Ankle,2744201,1779739154642,4.73,8.52,2.42,13.5,-10.3125,10.4375,0.7116699,0.6569824,0.06732178,0.23937988
4b,4,Right Wrist,35182861,1779739154645,1.2363911,1.4116648,0.485743,-5.8049603,8.401112,38.933727,-147.83029,8.807455,129.53917,0.0
4b,1,Left Ankle,2744240,1779739154672,1.06,10.67,2.59,12.5,-59.125,-16.5625,0.7093506,0.6633911,0.06188965,0.22998047
4b,1,Left Ankle,2744225,1779739154672,4.5,9.78,2.89,17.8125,-23.0625,-2.625,0.7098999,0.65979004,0.06585693,0.23736572
4b,3,Left Wrist,8979968,1779739154689,7.788839,9.459125,-2.3018954,-36.424225,22.4497,-215.98079,75.819435,-47.587204,354.86868,0.0
4b,1,Left Ankle,2744267,1779739154707,1.22,8.71,2.25,17.0625,-55.3125,-20.875,0.70910645,0.6671753,0.057800293,0.22064209
4b,4,Right Wrist,35182920,1779739154708,2.8682964,-0.8830519,-0.15074782,24.15504,6.791112,55.523727,-147.8161,8.77898,129.52258,0.0
4b,1,Left Ankle,2744306,1779739154739,-1.92,10.41,1.85,44.5,-28.3125,15.6875,0.7027588,0.67767334,0.049926758,0.21069336
4b,1,Left Ankle,2744288,1779739154740,-0.71,11.22,0.53,25.25,-46.3125,-5.375,0.7053833,0.6744385,0.051879883,0.21173096
4b,3,Left Wrist,8980029,1779739154745,8.205191,4.2858415,-1.8400806,-85.354225,-62.390297,-232.71077,75.901886,-47.55867,354.75818,0.0
4b,1,Left Ankle,2744322,1779739154761,-2.28,13.08,1.07,53.0,8.4375,44.5,0.6956177,0.68408203,0.04724121,0.21429443
4b,1,Left Ankle,2744341,1779739154763,-0.39,11.36,-0.64,59.6875,55.375,65.875,0.6860962,0.68981934,0.04736328,0.22613525
4b,4,Right Wrist,35182981,1779739154770,8.252147,0.9474574,-0.7298109,41.65504,-0.48888874,62.31373,-147.80951,8.755907,129.50325,0.0
4b,2,Right Ankle,2472395,1779739154804,-13.741641,10.863393,-1.8735802,285.92715,164.18933,311.9532,-55.306564,22.812618,172.44463,0.0
4b,3,Left Wrist,8980088,1779739154804,3.1156566,9.114559,-2.4095724,-68.69423,-117.4803,-190.85077,76.018974,-47.456627,354.61636,0.0
4b,1,Left Ankle,2744371,1779739154823,1.67,11.06,-0.45,58.625,78.3125,75.6875,0.6756592,0.6942749,0.049621582,0.24298096
4b,1,Left Ankle,2744389,1779739154826,2.46,11.29,0.14,43.8125,50.375,59.875,0.6618042,0.69940186,0.051574707,0.26489258
4b,1,Left Ankle,2744409,1779739154854,5.57,9.71,0.22,30.1875,2.3125,35.3125,0.65563965,0.70288086,0.050231934,0.2713623
4b,1,Left Ankle,2744429,1779739154856,6.14,8.59,1.8,-0.125,-47.9375,16.125,0.6539917,0.70562744,0.044067383,0.269104
4b,4,Right Wrist,35183041,1779739154857,7.7185473,1.2824527,0.35413775,80.92504,-47.458885,59.233727,-147.7863,8.750348,129.4939,0.0
4b,3,Left Wrist,8980149,1779739154862,-1.1316034,6.6714864,-4.074977,7.4657764,-191.6103,-204.64078,76.19521,-47.353878,354.43295,0.0
4b,1,Left Ankle,2744447,1779739154882,1.39,11.96,1.01,-19.4375,-80.375,-8.875,0.65563965,0.70635986,0.03967285,0.26385498
4b,1,Left Ankle,2744471,1779739154915,1.19,11.12,-0.59,-36.0,-162.0,-52.0,0.6651001,0.7091675,0.021118164,0.23291016
4b,1,Left Ankle,2744490,1779739154916,0.5,9.52,-0.61,-33.75,-182.1875,-78.75,0.67248535,0.7116699,0.008178711,0.20306396
4b,4,Right Wrist,35183101,1779739154919,8.711569,5.3263226,1.6941184,123.20504,-64.67889,97.03372,-147.75578,8.765756,129.47557,0.0
4b,3,Left Wrist,8980208,1779739154926,-6.6422744,4.8122625,-6.4414787,86.42577,-179.5003,-151.16078,76.378265,-47.27167,354.27084,0.0
4b,1,Left Ankle,2744506,1779739154943,1.22,8.92,-0.74,-29.8125,-172.25,-84.875,0.6757202,0.71276855,0.0029907227,0.18786621
4b,1,Left Ankle,2744529,1779739154971,2.39,7.63,-2.9,-10.9375,-100.8125,-79.0625,0.68237305,0.71520996,-0.0045166016,0.15106201
4b,4,Right Wrist,35183191,1779739154978,4.5672007,1.2704887,2.993421,15.195041,-67.33889,132.94373,-147.75235,8.793151,129.44885,0.0
4b,3,Left Wrist,8980269,1779739154984,-12.990432,0.55303866,-4.1611185,30.285776,-85.7703,10.049221,76.44321,-47.249317,354.21173,0.0
4b,1,Left Ankle,2744552,1779739155004,3.76,7.26,-3.4,-0.375,-71.6875,-69.8125,0.6843262,0.7168579,-0.0048217773,0.13336182
4b,1,Left Ankle,2744569,1779739155005,5.15,7.29,-4.45,5.5,-70.25,-61.0,0.6851196,0.7188721,-0.005004883,0.11773682
4b,1,Left Ankle,2744591,1779739155033,5.2,6.69,-2.89,-1.4375,-111.375,-59.0,0.6859131,0.72088623,-0.009216309,0.09875488
4b,1,Left Ankle,2744610,1779739155034,3.95,6.67,-1.77,-11.4375,-137.1875,-49.5625,0.6875,0.7219238,-0.0178833,0.0769043
4b,3,Left Wrist,8980329,1779739155044,-1.2488521,1.5197392,-6.388837,-54.764225,49.469696,125.19922,76.505394,-47.278236,354.17035,0.0
4b,1,Left Ankle,2744630,1779739155063,2.87,6.39,-1.5,-13.4375,-120.6875,-33.875,0.6890869,0.7219238,-0.028137207,0.056884766
4b,4,Right Wrist,35183250,1779739155068,2.4471593,2.1654046,2.2612174,96.74504,-23.23889,122.723724,-147.72714,8.811653,129.416,0.0
4b,1,Left Ankle,2744653,1779739155094,2.89,7.2,-1.79,-5.5,-87.4375,-13.875,0.68969727,0.7219238,-0.03668213,0.04321289
4b,3,Left Wrist,8980389,1779739155105,-3.182253,3.7689922,-9.47797,73.755775,76.4897,139.40923,76.59658,-47.296356,354.14758,0.0
4b,1,Left Ankle,2744675,1779739155124,2.99,8.06,-1.23,8.75,-54.0625,4.125,0.68865967,0.7229004,-0.044006348,0.035583496
4b,1,Left Ankle,2744692,1779739155124,2.97,7.83,-1.07,19.0,-23.25,17.5,0.6862793,0.72491455,-0.0491333,0.03363037
4b,1,Left Ankle,2744716,1779739155158,2.37,8.06,0.31,20.75,-12.6875,28.75,0.6833496,0.7272339,-0.05340576,0.035705566
4b,3,Left Wrist,8980449,1779739155165,0.385446,-5.6874423,-9.765109,274.44577,146.5597,66.88922,76.7141,-47.347687,354.16907,0.0
4b,1,Left Ankle,2744737,1779739155183,1.97,9.42,1.21,11.4375,-11.0,35.125,0.68133545,0.72857666,-0.05871582,0.038269043
4b,1,Left Ankle,2744753,1779739155184,3.1,13.45,0.41,2.75,-9.5625,35.0,0.6804199,0.7288208,-0.064453125,0.041137695
4b,1,Left Ankle,2744779,1779739155214,0.88,12.75,-0.03,-0.875,-8.875,12.3125,0.6802368,0.7286377,-0.06768799,0.042236328
4b,4,Right Wrist,35183341,1779739155219,2.4758735,3.2948167,1.1581261,71.96504,18.691113,85.833725,-147.71979,8.809831,129.38478,0.0
4b,3,Left Wrist,8980508,1779739155233,-1.1962094,-2.7418783,-8.999406,-35.934223,121.2897,34.05922,76.75357,-47.371735,354.16055,0.0
4b,1,Left Ankle,2744793,1779739155244,1.21,13.39,-1.54,-2.6875,-7.6875,-9.3125,0.68066406,0.7283325,-0.06842041,0.039978027
4b,1,Left Ankle,2744818,1779739155246,2.99,8.75,-0.25,-9.6875,5.9375,-35.9375,0.6826172,0.7272949,-0.061462402,0.035583496
4b,1,Left Ankle,2744836,1779739155273,2.28,7.54,0.86,-7.9375,14.75,-31.0625,0.6832886,0.72698975,-0.05871582,0.03466797
4b,4,Right Wrist,35183504,1779739155282,5.368796,-2.1919255,-1.2753744,-11.82496,-32.968887,14.1537285,-147.69676,8.749897,129.37349,0.0
4b,3,Left Wrist,8980569,1779739155283,-1.1603174,1.3642055,-6.350551,-128.82423,121.149704,33.079224,76.772026,-47.365276,354.14355,0.0
4b,2,Right Ankle,2472795,1779739155283,-11.702955,-16.706709,-8.740981,-52.17282,-65.97066,-28.386822,-55.271553,23.193342,172.44539,0.0
4b,1,Left Ankle,2744853,1779739155303,-2.38,10.27,-1.06,-7.625,18.0625,-17.0,0.68444824,0.7262573,-0.053527832,0.035217285
4b,1,Left Ankle,2744880,1779739155332,-0.85,9.84,-1.61,-8.4375,25.75,-17.6875,0.685791,0.72528076,-0.04864502,0.036071777
4b,1,Left Ankle,2744897,1779739155332,1.78,9.48,-0.89,-2.1875,35.0625,-11.1875,0.6865845,0.72473145,-0.043273926,0.038635254
4b,3,Left Wrist,8980628,1779739155344,-0.11465397,3.1301086,-3.629912,-98.23423,111.3497,72.20922,76.79161,-47.35336,354.13345,0.0
4b,1,Left Ankle,2744918,1779739155364,1.69,9.8,-0.94,-10.4375,23.0,-8.75,0.68878174,0.72283936,-0.037597656,0.041137695
4b,1,Left Ankle,2744941,1779739155391,1.72,10.03,-1.06,-18.1875,10.0625,-11.25,0.6912842,0.72058105,-0.03540039,0.04058838
4b,1,Left Ankle,2744956,1779739155393,1.89,9.47,-1.02,-22.1875,1.375,-14.0,0.69262695,0.71936035,-0.033813477,0.040527344
4b,3,Left Wrist,8980689,1779739155402,-0.34436464,1.6585227,-3.0652056,-72.33423,51.359703,82.49922,76.847084,-47.35779,354.09036,0.0
4b,1,Left Ankle,2744981,1779739155422,1.09,9.38,0.63,-26.5,-15.5,-15.875,0.69744873,0.7149658,-0.03387451,0.03479004
4b,1,Left Ankle,2744997,1779739155423,1.46,9.66,0.19,-31.4375,-35.8125,-15.5,0.6992798,0.71325684,-0.035095215,0.03161621
4b,1,Left Ankle,2745020,1779739155452,0.52,9.82,0.07,-27.75,-35.625,-13.3125,0.70440674,0.708374,-0.039245605,0.022216797
4b,4,Right Wrist,35183551,1779739155456,5.5674,-2.591527,-1.4955142,-37.72496,-36.748886,12.053728,-147.6991,8.719645,129.3784,0.0
4b,3,Left Wrist,8980749,1779739155462,3.043872,1.9456615,-1.3136597,-17.524223,30.4997,74.86922,76.90407,-47.40901,354.055,0.0
4b,1,Left Ankle,2745041,1779739155482,0.76,10.28,0.07,-21.625,-20.8125,-10.5,0.70703125,0.7057495,-0.04095459,0.01776123
4b,1,Left Ankle,2745063,1779739155513,0.65,9.9,-0.08,-21.0625,-15.375,-8.5,0.70947266,0.70336914,-0.04156494,0.015014648
4b,1,Left Ankle,2745083,1779739155514,1.03,9.95,-0.1,-22.6875,-22.5625,-12.4375,0.7119751,0.70080566,-0.042785645,0.011108398
4b,1,Left Ankle,2745102,1779739155542,1.17,9.96,-0.18,-22.3125,-19.4375,-14.4375,0.7145386,0.69818115,-0.043640137,0.0067749023
4b,1,Left Ankle,2745119,1779739155544,0.83,9.96,0.24,-20.6875,-15.375,-15.6875,0.71698,0.69573975,-0.044006348,0.002746582
4b,4,Right Wrist,35183714,1779739155546,8.402895,-4.0846486,-5.7403817,16.805038,12.671112,-14.476273,-147.71005,8.6086855,129.37762,0.0
4b,3,Left Wrist,8980809,1779739155554,1.5459652,0.57218117,-1.9764715,16.565777,-12.410301,56.24922,77.00208,-47.45846,353.9872,0.0
4b,1,Left Ankle,2745140,1779739155575,0.84,9.93,0.82,-14.875,-4.1875,-15.0625,0.71881104,0.6939087,-0.04284668,1.2207031E-4
4b,1,Left Ankle,2745160,1779739155604,0.78,9.95,0.64,-11.875,-2.1875,-14.125,0.7202759,0.69244385,-0.041748047,-0.002319336
4b,1,Left Ankle,2745182,1779739155604,0.1,10.03,0.29,-8.4375,7.875,-11.25,0.7213745,0.69140625,-0.039794922,-0.0032348633
4b,4,Right Wrist,35183791,1779739155606,7.9386873,-5.498807,-5.328816,11.27504,-11.968889,-6.2162714,-147.69463,8.557465,129.38336,0.0
4b,1,Left Ankle,2745205,1779739155633,0.8,10.04,0.29,-7.1875,14.8125,-10.125,0.72229004,0.69055176,-0.036987305,-0.003112793
4b,1,Left Ankle,2745221,1779739155662,1.15,9.78,0.24,-6.125,8.375,-11.875,0.7230835,0.6898804,-0.034362793,-0.0032958984
4b,3,Left Wrist,8980972,1779739155675,-0.5860399,0.36879122,-6.719046,69.90577,-11.430301,13.269222,77.24841,-47.466515,353.80664,0.0
4b,1,Left Ankle,2745243,1779739155691,0.74,9.89,0.54,-4.3125,2.0625,-12.875,0.72369385,0.68933105,-0.032470703,-0.0044555664
4b,4,Right Wrist,35183880,1779739155695,6.412066,-5.5299134,-5.4723854,-5.94496,-29.118887,-6.2162714,-147.68228,8.508671,129.39268,0.0
4b,1,Left Ankle,2745270,1779739155724,0.57,9.97,0.49,-0.6875,2.25,-14.3125,0.72387695,0.68927,-0.029174805,-0.0043945312
4b,1,Left Ankle,2745289,1779739155733,0.6,9.98,0.5,3.375,6.375,-14.3125,0.7234497,0.6898804,-0.02557373,-0.006225586
4b,3,Left Wrist,8980991,1779739155734,-1.4522418,-0.18873642,-7.4488573,55.275776,-12.480301,9.979221,77.38146,-47.474567,353.72046,0.0
4b,1,Left Ankle,2745308,1779739155757,-0.38,10.24,0.33,3.9375,7.25,-11.5625,0.7229614,0.6904907,-0.022277832,-0.0051879883
4b,1,Left Ankle,2745330,1779739155757,-0.34,9.81,0.23,5.5625,15.625,-0.625,0.7223511,0.69122314,-0.020263672,-0.0037231445
4b,1,Left Ankle,2745345,1779739155781,0.3,9.36,0.2,4.5,15.5,1.0,0.72210693,0.6914673,-0.01940918,-0.002746582
4b,4,Right Wrist,35183941,1779739155790,6.112964,-4.168397,-5.735596,-8.95496,-23.728888,-5.5162716,-147.68059,8.454349,129.39938,0.0
4b,1,Left Ankle,2745369,1779739155813,1.73,9.89,0.73,-3.1875,-6.9375,-6.75,0.7220459,0.69158936,-0.01776123,-0.0022583008
4b,1,Left Ankle,2745390,1779739155815,0.67,9.75,0.81,0.375,-10.125,-11.4375,0.72216797,0.6915283,-0.01763916,-0.0045776367
4b,3,Left Wrist,8981079,1779739155824,1.9718876,-2.0623164,-23.057238,133.88577,503.3497,209.82922,77.33092,-47.529076,353.91888,0.0
4b,1,Left Ankle,2745408,1779739155844,0.24,9.86,0.87,3.5,-10.5625,-11.625,0.7214966,0.6921387,-0.0178833,-0.007446289
4b,4,Right Wrist,35184031,1779739155847,1.8010973,-7.511171,-3.4911284,-82.87496,-2.868888,-40.93627,-147.6625,8.419576,129.41878,0.0
4b,1,Left Ankle,2745429,1779739155874,0.5,10.01,0.37,10.0,-3.8125,-9.1875,0.72039795,0.69329834,-0.017456055,-0.009277344
4b,3,Left Wrist,8981139,1779739155891,-7.396013,-4.526924,-7.8077803,-83.464226,-129.80031,39.09922,77.40193,-47.549633,353.81714,0.0
4b,1,Left Ankle,2745452,1779739155904,0.08,9.8,0.24,12.4375,6.0,-5.875,0.71899414,0.6947632,-0.01586914,-0.009338379
4b,1,Left Ankle,2745475,1779739155904,0.12,9.6,-0.06,15.5625,7.5625,-0.5,0.7173462,0.6965332,-0.014709473,-0.008605957
4b,1,Left Ankle,2745490,1779739155932,-0.25,9.81,0.56,12.3125,-0.125,4.8125,0.7157593,0.69818115,-0.014892578,-0.0079956055
4b,1,Left Ankle,2745510,1779739155933,-1.04,10.27,-0.26,10.0625,-1.0625,13.375,0.7145386,0.69940186,-0.016235352,-0.006713867
4b,3,Left Wrist,8981229,1779739155950,1.400003,1.412062,-3.2135608,221.66577,-47.200302,44.13922,77.59548,-47.57708,353.72278,0.0
4b,4,Right Wrist,35184121,1779739155966,8.209077,-2.8188453,-4.2424746,57.61504,90.23112,-56.96627,-147.64172,8.331137,129.41881,0.0
4b,1,Left Ankle,2745540,1779739155992,-0.49,10.0,-0.08,12.25,8.1875,21.625,0.7131958,0.7007446,-0.0178833,-0.0036010742
4b,1,Left Ankle,2745557,1779739155992,0.42,9.7,-0.1,10.5625,7.0,26.0625,0.711853,0.70202637,-0.019958496,4.272461E-4
4b,3,Left Wrist,8981289,1779739156010,-1.7393805,2.7831492,-5.142176,-5.0642233,-77.7903,106.64922,77.717255,-47.589893,353.61908,0.0
4b,1,Left Ankle,2745578,1779739156021,0.34,9.7,-0.16,6.625,2.0,26.25,0.7105713,0.70318604,-0.024414062,0.005493164
4b,1,Left Ankle,2745593,1779739156022,0.6,9.83,0.08,6.625,4.8125,25.5625,0.7102051,0.7034912,-0.025634766,0.0073242188
4b,1,Left Ankle,2745618,1779739156052,0.92,9.78,0.21,7.8125,8.25,23.625,0.70928955,0.70428467,-0.028015137,0.0107421875
4b,4,Right Wrist,35184285,1779739156056,7.38116,-1.4764719,-1.2993027,-33.31496,-9.588888,33.123726,-147.65506,8.257758,129.42252,0.0
4b,3,Left Wrist,8981349,1779739156094,0.7515479,1.3785625,-5.2139606,23.075777,-37.0503,123.16922,77.83822,-47.63911,353.53333,0.0
4b,1,Left Ankle,2745640,1779739156112,1.08,9.66,-0.26,7.25,7.4375,20.25,0.7080078,0.7053833,-0.030395508,0.015686035
4b,1,Left Ankle,2745656,1779739156113,1.09,9.88,-0.25,5.75,3.5625,16.875,0.7076416,0.7056885,-0.03112793,0.016967773
4b,1,Left Ankle,2745681,1779739156114,1.42,10.03,-0.01,4.25,2.0625,13.1875,0.7067261,0.7064209,-0.033325195,0.019897461
4b,1,Left Ankle,2745697,1779739156141,1.1,9.77,-0.25,4.0,2.4375,11.9375,0.70648193,0.706604,-0.03387451,0.020751953
4b,1,Left Ankle,2745720,1779739156141,1.09,9.76,0.0,3.6875,0.875,9.25,0.7056885,0.7072754,-0.035583496,0.023010254
4b,4,Right Wrist,35184408,1779739156150,5.959823,-2.146462,-2.0051854,13.865041,67.83111,38.023727,-147.65012,8.161188,129.3889,0.0
4b,3,Left Wrist,8981439,1779739156153,3.8167539,0.80667776,-4.831109,-47.974224,-80.4503,120.85922,77.93333,-47.720676,353.43814,0.0
4b,1,Left Ankle,2745740,1779739156172,0.9,9.85,-0.25,3.75,1.625,9.3125,0.70513916,0.70770264,-0.036621094,0.024353027
4b,1,Left Ankle,2745761,1779739156202,1.18,9.88,-0.32,4.0,2.625,10.375,0.7044678,0.708313,-0.03765869,0.025939941
4b,4,Right Wrist,35184427,1779739156206,5.9023952,-2.4862428,-2.0051854,21.285042,68.74111,36.55373,-147.63844,8.101862,129.3661,0.0
4b,3,Left Wrist,8981499,1779739156213,3.0462644,2.6347945,-5.5657053,-4.8542233,-118.600296,78.92922,78.0702,-47.767456,353.31223,0.0
4b,1,Left Ankle,2745788,1779739156232,1.2,9.88,-0.33,4.4375,2.125,11.5625,0.70373535,0.7088623,-0.038879395,0.027648926
4b,1,Left Ankle,2745804,1779739156232,0.96,9.59,-0.24,4.875,3.3125,13.5625,0.70306396,0.7094116,-0.040039062,0.02960205
4b,4,Right Wrist,35184481,1779739156270,6.256533,-2.8523448,-2.388037,6.7250404,53.27111,36.55373,-147.63101,8.045921,129.34627,0.0
4b,1,Left Ankle,2745828,1779739156270,0.98,9.71,-0.2,4.875,4.625,16.125,0.7024536,0.70983887,-0.041381836,0.031982422
4b,3,Left Wrist,8981559,1779739156273,2.1896343,3.2138574,-3.9625144,-36.844223,-121.5403,37.629223,78.19973,-47.785263,353.1807,0.0
4b,1,Left Ankle,2745843,1779739156292,1.33,9.92,-0.26,4.6875,4.5,16.9375,0.7017822,0.7102661,-0.04284668,0.034606934
4b,1,Left Ankle,2745868,1779739156293,1.29,9.76,-0.24,4.4375,4.5,16.4375,0.70092773,0.7108154,-0.045166016,0.038208008
4b,1,Left Ankle,2745885,1779739156322,1.35,9.77,-0.11,4.625,6.1875,16.1875,0.7005615,0.71099854,-0.045715332,0.03955078
4b,4,Right Wrist,35184541,1779739156328,7.1705914,-3.103591,-2.6775687,-2.30496,27.091112,44.953728,-147.62704,7.9994254,129.3288,0.0
4b,3,Left Wrist,8981619,1779739156334,1.5316081,4.9199395,-6.422336,-91.79423,-125.9503,16.909222,78.316765,-47.785088,353.04218,0.0
4b,1,Left Ankle,2745903,1779739156351,1.61,9.76,-0.02,5.625,5.9375,15.375,0.69989014,0.7114868,-0.046813965,0.042419434
4b,1,Left Ankle,2745928,1779739156352,1.63,9.71,-0.16,5.1875,2.8125,14.0625,0.6987915,0.71221924,-0.048828125,0.045532227
4b,1,Left Ankle,2745943,1779739156380,1.5,9.53,-0.19,5.1875,-0.25,13.25,0.6984253,0.7124634,-0.049560547,0.046325684
4b,1,Left Ankle,2745968,1779739156413,1.37,9.68,-0.23,5.25,-1.3125,13.6875,0.69732666,0.7131958,-0.05340576,0.047546387
4b,1,Left Ankle,2745985,1779739156414,1.43,9.62,-0.36,5.25,-0.8125,14.125,0.69696045,0.71343994,-0.054260254,0.048339844
4b,4,Right Wrist,35184601,1779739156416,8.311968,-3.5247278,-2.723032,-38.49496,3.081112,55.663727,-147.63495,7.963403,129.31274,0.0
4b,3,Left Wrist,8981679,1779739156426,-0.2606161,7.111766,-6.628119,-19.344223,-84.1603,33.70922,78.43587,-47.766895,352.93127,0.0
4b,1,Left Ankle,2746003,1779739156441,1.46,9.64,-0.54,5.0,-1.1875,15.25,0.696228,0.7138672,-0.057006836,0.0491333
4b,1,Left Ankle,2746028,1779739156472,1.32,9.58,-0.26,4.75,-2.0625,17.0625,0.6950073,0.7145996,-0.060302734,0.051757812
4b,1,Left Ankle,2746043,1779739156473,1.65,9.65,-0.45,5.75,-1.125,18.1875,0.69451904,0.7149048,-0.061462402,0.05279541
4b,3,Left Wrist,8981739,1779739156483,-0.67936,9.877869,-8.051848,-76.744225,-52.9403,107.06922,78.5138,-47.766434,352.8466,0.0
4b,4,Right Wrist,35184764,1779739156506,9.72134,-3.067699,-2.2181466,-37.51496,-11.968889,26.823729,-147.65714,7.8946733,129.29276,0.0
4b,1,Left Ankle,2746073,1779739156532,1.93,9.6,-0.4,6.125,-0.625,18.25,0.69311523,0.71569824,-0.064575195,0.05621338
4b,1,Left Ankle,2746090,1779739156533,1.96,9.54,-0.35,4.875,-3.0625,17.9375,0.6923218,0.7161255,-0.0670166,0.058044434
4b,1,Left Ankle,2746110,1779739156534,1.92,9.74,-0.43,4.75,-2.5,17.5625,0.6914673,0.71655273,-0.0692749,0.060058594
4b,3,Left Wrist,8981829,1779739156543,-1.1316034,9.021238,-8.733803,86.56577,12.019699,179.02922,78.622086,-47.789207,352.7999,0.0
4b,1,Left Ankle,2746129,1779739156561,2.0,9.69,-0.44,4.3125,-2.0625,17.125,0.6906738,0.71691895,-0.07165527,0.06188965
4b,1,Left Ankle,2746149,1779739156591,2.05,9.56,-0.45,3.75,-2.25,16.0,0.6898804,0.7173462,-0.07269287,0.0647583
4b,4,Right Wrist,35184783,1779739156602,9.675877,-3.0772698,-2.0434706,-39.19496,-15.048889,22.133728,-147.66498,7.861223,129.28987,0.0
4b,3,Left Wrist,8981889,1779739156604,-1.7393805,12.59133,-8.042276,-5.5542235,85.5897,246.64923,78.65341,-47.817833,352.80637,0.0
4b,1,Left Ankle,2746173,1779739156627,2.13,9.44,-0.51,3.25,-2.0625,15.0,0.689209,0.71759033,-0.0748291,0.06640625
4b,1,Left Ankle,2746190,1779739156627,2.21,9.43,-0.52,2.9375,-2.4375,14.3125,0.68859863,0.7178345,-0.07696533,0.067993164
4b,1,Left Ankle,2746209,1779739156651,2.14,9.45,-0.46,3.0,-3.125,13.75,0.68811035,0.71795654,-0.079956055,0.068481445
4b,1,Left Ankle,2746234,1779739156685,2.32,9.54,-0.45,3.5,-3.0625,12.625,0.68743896,0.7182007,-0.081970215,0.06970215
4b,1,Left Ankle,2746249,1779739156685,2.43,9.5,-0.54,3.625,-2.6875,11.375,0.68688965,0.7183838,-0.0847168,0.069885254
4b,4,Right Wrist,35184841,1779739156692,9.233205,-3.6539404,-1.2945169,-51.72496,-24.778887,16.533728,-147.67305,7.8319473,129.29099,0.0
4b,3,Left Wrist,8981949,1779739156693,0.82093996,11.280063,-4.709075,84.74577,132.97969,309.85922,78.6873,-47.861423,352.848,0.0
4b,1,Left Ankle,2746270,1779739156716,2.55,9.3,-0.56,1.75,-4.9375,7.0,0.68640137,0.7186279,-0.08648682,0.07055664
4b,1,Left Ankle,2746293,1779739156742,2.49,9.4,-0.61,2.125,-7.25,6.1875,0.6859131,0.7188721,-0.08831787,0.070739746
4b,1,Left Ankle,2746314,1779739156743,2.38,9.35,-0.63,2.375,-7.4375,5.8125,0.68536377,0.7191162,-0.09057617,0.07006836
4b,3,Left Wrist,8982008,1779739156753,4.257033,4.398305,-1.7036898,58.915775,146.9097,322.8792,78.716064,-47.959656,352.89044,0.0
4b,1,Left Ankle,2746331,1779739156772,2.57,9.26,-0.62,2.9375,-6.625,4.6875,0.6847534,0.71954346,-0.092163086,0.07006836
4b,4,Right Wrist,35184931,1779739156776,8.42443,-3.661119,-0.79681,-53.54496,-28.068888,22.623728,-147.68015,7.8063307,129.29115,0.0
4b,1,Left Ankle,2746352,1779739156802,2.28,9.33,-0.57,2.3125,-7.125,3.9375,0.6842041,0.71990967,-0.09338379,0.07006836
4b,1,Left Ankle,2746377,1779739156803,2.47,9.27,-0.77,2.8125,-5.625,3.5625,0.6836548,0.7202759,-0.09460449,0.069885254
4b,3,Left Wrist,8982099,1779739156818,8.22194,0.7947138,-0.32063824,121.215775,93.7097,256.5892,78.71383,-48.11626,352.95676,0.0
4b,1,Left Ankle,2746392,1779739156831,2.44,9.29,-0.76,2.375,-6.4375,2.8125,0.6829834,0.72076416,-0.095825195,0.06976318
4b,4,Right Wrist,35185021,1779739156835,8.45793,-3.184947,-1.1844472,-11.89496,-6.998888,24.163729,-147.67566,7.773184,129.28654,0.0
4b,1,Left Ankle,2746412,1779739156864,2.33,9.4,-0.7,1.6875,-7.0625,2.1875,0.68255615,0.7210083,-0.09765625,0.068603516
4b,1,Left Ankle,2746433,1779739156865,2.37,9.42,-0.7,1.0,-5.4375,1.75,0.68218994,0.72125244,-0.09857178,0.06817627
4b,1,Left Ankle,2746454,1779739156892,2.68,9.57,-0.73,1.875,-1.6875,0.0625,0.68188477,0.7215576,-0.09893799,0.068237305
4b,3,Left Wrist,8982159,1779739156911,11.801602,-0.66969377,-1.0360922,9.005776,22.589699,160.89922,78.707664,-48.244453,352.9762,0.0
4b,1,Left Ankle,2746477,1779739156922,2.73,9.52,-0.81,2.125,0.9375,-4.1875,0.6816406,0.7218628,-0.09844971,0.06793213
4b,1,Left Ankle,2746494,1779739156923,2.9,9.66,-0.38,5.125,12.5625,-7.1875,0.68133545,0.7223511,-0.09661865,0.06842041
4b,4,Right Wrist,35185111,1779739156925,7.8908305,-1.4334009,-2.4454646,34.02504,1.3311119,4.143728,-147.6645,7.7289104,129.28499,0.0
4b,1,Left Ankle,2746519,1779739156952,3.04,10.11,-0.84,4.25,21.25,-10.125,0.6810913,0.7230835,-0.09033203,0.07122803
4b,3,Left Wrist,8982218,1779739156964,10.234303,-3.4525464,-1.5314064,117.29578,-108.8703,13.339222,78.798874,-48.328827,352.91443,0.0
4b,1,Left Ankle,2746540,1779739156982,3.43,9.98,-0.73,3.0625,25.5,-13.6875,0.6813965,0.7232666,-0.085632324,0.072631836
4b,1,Left Ankle,2746554,1779739156986,3.37,9.95,-0.87,-1.0625,21.875,-17.25,0.68170166,0.72320557,-0.08294678,0.07324219
4b,4,Right Wrist,35185170,1779739156988,7.3907304,-0.024028527,-2.632105,51.38504,1.751112,-33.796272,-147.65335,7.6780334,129.29362,0.0
4b,1,Left Ankle,2746582,1779739157011,2.91,10.04,-1.32,-4.6875,21.6875,-20.4375,0.6826782,0.7227783,-0.078125,0.07348633
4b,3,Left Wrist,8982309,1779739157025,-5.122832,-16.483858,5.1349974,37.985775,-497.4403,-473.93082,79.01345,-48.21624,352.6295,0.0
4b,1,Left Ankle,2746598,1779739157045,3.01,9.93,1.06,-9.875,29.5,-22.375,0.6856079,0.7208252,-0.06854248,0.07531738
4b,1,Left Ankle,2746620,1779739157045,1.65,10.6,-0.05,-16.0625,61.5625,-23.6875,0.6885376,0.7184448,-0.059387207,0.07928467
4b,4,Right Wrist,35185261,1779739157046,3.744069,0.026220484,-2.2707887,6.37504,16.031113,-75.44627,-147.66415,7.609549,129.31097,0.0
4b,1,Left Ankle,2746643,1779739157078,2.9,10.24,-1.35,-15.25,59.8125,-27.6875,0.6912842,0.71606445,-0.048950195,0.08380127
4b,3,Left Wrist,8982369,1779739157086,-35.365715,-12.478273,18.422342,-82.27423,-449.14032,-557.3008,79.17218,-48.040646,352.36252,0.0
4b,1,Left Ankle,2746668,1779739157102,1.86,8.67,-0.75,-18.4375,38.4375,-38.8125,0.69421387,0.71362305,-0.03955078,0.0848999
4b,1,Left Ankle,2746689,1779739157131,-0.79,9.77,2.34,-20.1875,22.0,-45.625,0.69744873,0.71118164,-0.031799316,0.082336426
4b,1,Left Ankle,2746707,1779739157132,-3.41,8.33,4.99,-24.125,37.375,-43.6875,0.7007446,0.708313,-0.021484375,0.08227539
4b,4,Right Wrist,35185321,1779739157137,2.89701,-0.85194474,-1.4285151,31.15504,35.071114,-89.79627,-147.65137,7.5318904,129.331,0.0
4b,3,Left Wrist,8982429,1779739157144,-49.083767,-1.744071,23.272593,-12.554223,-503.1803,-557.44073,79.37628,-47.85887,352.06784,0.0
4b,1,Left Ankle,2746730,1779739157163,-3.35,7.35,10.22,-13.75,107.75,-44.8125,0.7034302,0.70532227,-0.0063476562,0.087768555
4b,1,Left Ankle,2746747,1779739157191,-3.12,10.42,8.45,-29.3125,183.8125,-60.5625,0.7073364,0.6994629,0.01965332,0.10046387
4b,1,Left Ankle,2746768,1779739157193,-3.01,8.67,5.67,-16.5,263.3125,-73.0625,0.7085571,0.68811035,0.07928467,0.13470459
4b,3,Left Wrist,8982489,1779739157204,-35.69832,24.665512,8.451449,-350.37424,-262.1003,-105.80078,79.3548,-47.793545,351.9281,0.0
4b,1,Left Ankle,2746788,1779739157229,-1.83,7.57,2.07,12.5625,348.5,-60.8125,0.7058716,0.6842041,0.103759766,0.15118408
4b,1,Left Ankle,2746808,1779739157250,3.98,2.64,-4.15,20.25,350.625,-62.4375,0.6975708,0.6750488,0.1538086,0.18444824
4b,3,Left Wrist,8982548,1779739157263,-5.7353945,21.937695,-10.212566,-213.73422,-91.7203,87.88922,79.37656,-47.769886,351.83936,0.0
4b,1,Left Ankle,2746834,1779739157283,7.51,-3.24,-5.65,-28.875,165.4375,-39.0625,0.6912842,0.65911865,0.20343018,0.21514893
4b,1,Left Ankle,2746850,1779739157284,21.91,-12.22,-9.9,-56.75,57.75,37.75,0.69140625,0.64953613,0.21447754,0.23254395
4b,4,Right Wrist,35185381,1779739157285,-1.742673,-0.8663018,4.402794,-149.44496,-4.2688885,-54.866272,-147.6872,7.5326786,129.34998,0.0
4b,2,Right Ankle,2473392,1779739157294,-2.210628,-2.8235524,0.9475578,28.67718,19.149342,-14.87682,-55.604366,23.234968,172.3184,0.0
4b,1,Left Ankle,2746873,1779739157311,-29.86,36.43,3.41,-104.9375,-53.8125,-3.3125,0.7050171,0.6407471,0.20721436,0.22229004
4b,1,Left Ankle,2746891,1779739157313,-10.62,-3.91,-2.22,-124.5,-163.25,-61.5,0.7246094,0.63287354,0.18939209,0.1963501
4b,3,Left Wrist,8982609,1779739157329,9.597814,26.99612,-19.788643,-450.75424,148.0297,299.5692,79.236496,-47.835808,351.87375,0.0
4b,1,Left Ankle,2746915,1779739157342,-22.45,3.43,7.69,-32.375,105.0625,1.9375,0.73010254,0.6239624,0.19354248,0.20037842
4b,1,Left Ankle,2746939,1779739157372,5.0,4.66,2.94,-31.1875,136.0,29.5,0.7268677,0.61657715,0.20758057,0.21990967
4b,3,Left Wrist,8982668,1779739157386,-1.7178456,51.10142,-13.493127,-402.6642,-73.100296,684.28925,79.13384,-48.01117,351.85886,0.0
4b,4,Right Wrist,35185575,1779739157406,29.265915,24.002304,14.5411825,-137.54497,374.1511,-486.9763,-147.77887,7.2362237,129.44154,0.0
4b,1,Left Ankle,2746958,1779739157437,-0.74,14.65,4.28,-65.875,-1.8125,19.125,0.73443604,0.6055908,0.20349121,0.22888184
4b,1,Left Ankle,2746978,1779739157437,-4.09,8.18,6.23,-48.625,-12.5,19.3125,0.7368164,0.6031494,0.20074463,0.23028564
4b,1,Left Ankle,2746993,1779739157438,-0.48,10.52,5.1,-7.3125,23.5,35.625,0.7366333,0.6014404,0.19891357,0.23669434
4b,1,Left Ankle,2747018,1779739157463,1.48,10.85,2.03,12.3125,-1.5,34.8125,0.7340088,0.6034546,0.19665527,0.24169922
4b,3,Left Wrist,8982729,1779739157475,-30.642284,33.045177,6.422336,254.70578,-303.1903,844.79926,79.27701,-48.267853,351.78598,0.0
4b,1,Left Ankle,2747042,1779739157492,-0.37,10.89,1.66,17.5,-36.8125,31.1875,0.73095703,0.6102295,0.18676758,0.24163818
4b,1,Left Ankle,2747060,1779739157493,0.88,11.07,1.74,22.6875,-14.9375,25.875,0.72821045,0.6147461,0.18218994,0.2421875
4b,4,Right Wrist,35185725,1779739157497,-6.473284,-2.6944187,-2.6608188,-3.63496,122.85111,-369.65628,-147.77385,6.9737415,129.59364,0.0
4b,2,Right Ankle,2475381,1779739157501,-33.97535,-3.6801827,12.382856,-232.42282,207.58936,290.81317,-56.408848,24.100426,171.97852,0.0
4b,1,Left Ankle,2747081,1779739157521,2.11,10.07,1.64,22.75,7.8125,11.4375,0.72509766,0.6179199,0.1817627,0.24365234
4b,3,Left Wrist,8982819,1779739157533,-4.0556326,-0.6409798,11.040483,125.97577,-198.7503,369.07922,79.323,-48.39651,351.75504,0.0
4b,1,Left Ankle,2747106,1779739157552,1.37,10.63,2.05,22.125,18.25,-4.75,0.722229,0.6199341,0.18499756,0.24468994
4b,1,Left Ankle,2747125,1779739157553,0.19,10.94,1.68,17.4375,2.125,-14.6875,0.72058105,0.621521,0.18786621,0.2432251
4b,4,Right Wrist,35185771,1779739157556,7.9171515,-17.398314,4.2664027,-151.68497,77.91111,-371.96628,-147.78317,6.8654375,129.69363,0.0
4b,2,Right Ankle,2475529,1779739157559,2.0007396,21.248243,4.5822554,-301.72284,-58.62066,-292.21683,-56.571133,24.087257,172.03482,0.0
4b,1,Left Ankle,2747161,1779739157583,1.96,10.97,1.93,16.625,27.375,-35.875,0.71875,0.62280273,0.19750977,0.2376709
4b,1,Left Ankle,2747141,1779739157582,0.25,10.66,1.27,15.375,1.875,-24.6875,0.71984863,0.6227417,0.19085693,0.24005127
4b,1,Left Ankle,2747181,1779739157611,2.24,9.36,1.08,13.0,38.6875,-51.125,0.71777344,0.62145996,0.20770264,0.2354126
4b,4,Right Wrist,35185831,1779739157616,3.545465,-8.796117,4.517649,-51.44496,138.0411,-372.0363,-147.76183,6.7446637,129.78195,0.0
4b,2,Right Ankle,2475575,1779739157621,0.1821943,17.900686,2.28036,-233.33281,26.149342,-373.20682,-56.652084,23.998583,171.96259,0.0
4b,3,Left Wrist,8982878,1779739157623,-11.698309,-6.5273232,2.847459,13.345777,-112.9303,140.24922,79.34482,-48.44287,351.72247,0.0
4b,1,Left Ankle,2747201,1779739157647,-1.46,11.08,1.67,-0.25,22.9375,-64.625,0.7189331,0.6185913,0.21746826,0.23059082
4b,1,Left Ankle,2747228,1779739157675,0.21,10.65,1.99,-1.8125,48.6875,-65.125,0.7200928,0.61431885,0.22924805,0.22686768
4b,1,Left Ankle,2747247,1779739157675,-0.13,12.05,2.18,-5.625,57.125,-63.25,0.7207031,0.6090088,0.24273682,0.22528076
4b,4,Right Wrist,35185891,1779739157675,0.16201375,-10.468699,-0.014356935,-204.11496,85.331116,-148.87628,-147.78854,6.6879363,129.81508,0.0
4b,2,Right Ankle,2475635,1779739157680,5.3052278,-3.1130838,-0.91645104,-141.35281,40.779343,-430.67682,-56.773987,23.816038,171.84688,0.0
4b,3,Left Wrist,8982969,1779739157684,-1.234495,12.660721,-9.944571,-175.09422,177.14969,37.699223,79.30412,-48.40042,351.7491,0.0
4b,1,Left Ankle,2747270,1779739157703,-2.71,9.8,0.84,-4.0625,55.125,-39.375,0.72094727,0.6016846,0.25982666,0.22509766
4b,4,Right Wrist,35185951,1779739157737,-5.6286173,-14.230216,-8.370093,6.37504,84.49111,68.61372,-147.74258,6.7001643,129.78441,0.0
4b,2,Right Ankle,2475695,1779739157741,46.53117,-18.774107,2.6201408,-95.432816,-83.61066,-433.2668,-56.84432,23.60982,171.77856,0.0
4b,1,Left Ankle,2747290,1779739157764,-3.42,8.99,0.48,-7.375,43.5,-30.6875,0.72076416,0.5977173,0.26849365,0.22613525
4b,1,Left Ankle,2747307,1779739157766,-4.25,10.24,-0.42,-10.875,37.5625,-26.375,0.72094727,0.59576416,0.27191162,0.22668457
4b,1,Left Ankle,2747330,1779739157768,-2.54,12.04,1.16,-17.8125,38.875,2.1875,0.7216797,0.5900879,0.27838135,0.2312622
4b,1,Left Ankle,2747354,1779739157796,-3.1,9.92,-2.4,-10.0,66.625,8.5,0.7194214,0.58636475,0.28485107,0.23962402
4b,4,Right Wrist,35186011,1779739157800,2.9687948,-9.241181,2.5052855,-182.34496,-121.72889,358.8337,-147.78276,6.7911153,129.70439,0.0
4b,2,Right Ankle,2475754,1779739157801,18.65957,60.92124,-21.90629,-83.042816,-847.3806,-286.2668,-56.77376,23.371922,171.99524,0.0
4b,3,Left Wrist,8983029,1779739157803,3.4554374,11.158029,-2.6919255,6.2757764,250.57968,-40.70078,79.28452,-48.314217,351.8207,0.0
4b,1,Left Ankle,2747370,1779739157851,8.6,11.73,6.3,-33.625,0.3125,-13.0,0.72125244,0.5819702,0.2871704,0.24212646
4b,1,Left Ankle,2747394,1779739157851,-10.85,10.36,2.03,-14.8125,27.125,18.6875,0.7227783,0.5789795,0.2869873,0.24505615
4b,1,Left Ankle,2747410,1779739157852,-1.94,11.45,1.8,-5.5,40.125,54.4375,0.71850586,0.57806396,0.28881836,0.25726318
4b,4,Right Wrist,35186071,1779739157855,0.9803591,-8.262517,-2.8283165,54.81504,-155.3989,376.40372,-147.72623,6.8919425,129.62718,0.0
4b,1,Left Ankle,2747441,1779739157883,-4.14,11.4,1.43,-8.4375,18.3125,69.875,0.71551514,0.57928467,0.2843628,0.26763916
4b,1,Left Ankle,2747450,1779739157884,-4.08,11.1,0.87,3.8125,63.25,85.1875,0.7093506,0.5810547,0.28222656,0.28204346
4b,2,Right Ankle,2475815,1779739157890,-21.001465,-20.884577,6.6759753,124.857185,107.83934,-106.29682,-56.78776,23.421501,171.92485,0.0
4b,3,Left Wrist,8983192,1779739157893,18.719254,6.441775,-1.4811572,-108.87423,183.58969,-70.03078,79.160225,-48.276527,352.02243,0.0
4b,4,Right Wrist,35186131,1779739157916,-4.963413,-4.378966,4.465007,74.27504,-329.1389,308.15372,-147.68233,7.0645733,129.59999,0.0
4b,1,Left Ankle,2747471,1779739157941,0.87,11.29,0.55,6.8125,93.5,87.5625,0.70007324,0.58166504,0.28448486,0.30096436
4b,1,Left Ankle,2747494,1779739157943,2.57,8.96,3.72,-0.3125,57.875,75.25,0.6921997,0.58203125,0.2854004,0.31726074
4b,1,Left Ankle,2747518,1779739157946,1.17,8.81,4.28,-11.125,-11.6875,54.875,0.68951416,0.58361816,0.27972412,0.3251953
4b,2,Right Ankle,2475875,1779739157949,-9.7958765,7.731189,-7.6977105,6.837179,-36.71066,-233.06682,-56.81258,23.415428,171.88298,0.0
4b,3,Left Wrist,8983210,1779739157953,25.191837,15.682857,-1.9214365,-108.52423,56.609703,-58.760777,79.16781,-48.300594,351.99887,0.0
4b,1,Left Ankle,2747538,1779739157973,0.2,10.86,1.98,-12.5625,-47.25,46.375,0.6901245,0.5866089,0.26940918,0.32720947
4b,4,Right Wrist,35186191,1779739157976,-15.130515,-3.9793644,8.934799,-18.75496,-342.9989,214.14372,-147.67607,7.2300816,129.6024,0.0
4b,1,Left Ankle,2747557,1779739158006,-1.46,10.74,0.84,-8.1875,-36.75,50.0,0.6898804,0.58984375,0.25976562,0.3297119
4b,2,Right Ankle,2475964,1779739158010,-15.548221,6.3122444,2.591427,181.90718,127.29934,334.42316,-56.712646,23.601162,171.92212,0.0
4b,1,Left Ankle,2747601,1779739158036,0.69,9.78,2.79,-11.1875,-31.5625,45.1875,0.68951416,0.5961304,0.23669434,0.33642578
4b,4,Right Wrist,35186250,1779739158036,-8.03819,8.3364935,13.430914,220.50504,-112.69888,105.223724,-147.60014,7.2952647,129.59238,0.0
4b,1,Left Ankle,2747582,1779739158036,0.41,9.93,2.09,-12.875,-34.625,47.125,0.6894531,0.5938721,0.24578857,0.33398438
4b,1,Left Ankle,2747619,1779739158060,-0.21,9.96,2.0,-6.5,-21.875,41.8125,0.68878174,0.59832764,0.22906494,0.33929443
4b,3,Left Wrist,8983298,1779739158073,8.224333,0.6798583,-1.0097711,132.13577,14.189699,69.19922,79.22771,-48.397198,351.99478,0.0
4b,1,Left Ankle,2747641,1779739158092,2.49,9.94,1.83,-8.125,-25.8125,35.8125,0.6882324,0.60028076,0.22216797,0.3414917
4b,1,Left Ankle,2747659,1779739158093,1.49,10.07,1.98,-10.625,-31.6875,33.0625,0.6887207,0.6020508,0.2144165,0.3423462
4b,4,Right Wrist,35186311,1779739158096,-4.197709,1.2034897,8.750552,-122.98496,-107.098885,79.25372,-147.63547,7.3529744,129.59003,0.0
4b,2,Right Ankle,2476025,1779739158103,-16.44553,-4.8550587,5.0081778,80.61718,145.49933,404.84317,-56.658955,23.821941,171.9646,0.0
4b,1,Left Ankle,2747683,1779739158121,1.13,9.76,1.98,-9.625,-22.0,33.0,0.6888428,0.6035156,0.20751953,0.34387207
4b,1,Left Ankle,2747721,1779739158153,2.5,10.13,1.58,-7.875,-2.0625,30.0,0.6876831,0.60479736,0.19720459,0.34985352
4b,1,Left Ankle,2747703,1779739158153,-0.38,10.35,2.25,-9.9375,-18.0,34.8125,0.6884155,0.6044922,0.20147705,0.34649658
4b,2,Right Ankle,2476084,1779739158163,-20.44633,-5.9198647,5.0081778,22.16718,126.31934,391.68317,-56.62927,24.03583,172.00856,0.0
4b,3,Left Wrist,8983462,1779739158163,13.187048,4.422233,-2.6225336,-172.15422,-34.3203,-78.99078,79.296326,-48.49352,351.88516,0.0
4b,1,Left Ankle,2747741,1779739158182,0.31,9.85,2.05,-8.8125,-1.125,31.375,0.6867676,0.60491943,0.19342041,0.3536377
4b,1,Left Ankle,2747761,1779739158184,2.46,10.01,2.42,-6.0625,-1.875,30.0,0.68585205,0.60528564,0.18939209,0.35687256
4b,4,Right Wrist,35186371,1779739158187,-3.0874393,-1.658326,4.65404,24.22504,-24.288889,43.62373,-147.61221,7.3822494,129.58366,0.0
4b,1,Left Ankle,2747781,1779739158212,2.85,9.37,2.47,-7.5625,-11.4375,22.125,0.6854248,0.6057739,0.1854248,0.3590088
4b,3,Left Wrist,8983509,1779739158224,9.47578,7.1404796,-2.5722845,-10.104223,65.079704,-88.51077,79.35709,-48.478683,351.848,0.0
4b,1,Left Ankle,2747805,1779739158243,2.07,9.46,2.23,-6.75,-12.75,13.4375,0.685791,0.60632324,0.18157959,0.359375
4b,4,Right Wrist,35186431,1779739158247,-1.3933209,-0.77058923,4.453043,-9.72496,-11.758888,49.01373,-147.6033,7.403118,129.57309,0.0
4b,2,Right Ankle,2476175,1779739158251,-17.64912,-4.9579496,4.381258,104.97718,89.499344,276.25317,-56.5748,24.208918,172.04051,0.0
4b,1,Left Ankle,2747823,1779739158273,2.51,9.24,2.04,-7.625,-14.25,7.0625,0.68634033,0.60650635,0.17883301,0.35925293
4b,1,Left Ankle,2747846,1779739158280,0.36,10.21,3.18,-13.6875,-37.9375,6.125,0.6881714,0.60717773,0.17382812,0.3571167
4b,1,Left Ankle,2747870,1779739158302,-0.22,10.13,2.71,-11.875,-43.25,11.9375,0.69018555,0.60858154,0.16687012,0.35424805
4b,3,Left Wrist,8983569,1779739158316,7.429916,7.363012,-1.0504491,-92.00423,26.579699,-119.450775,79.409294,-48.42772,351.78583,0.0
4b,1,Left Ankle,2747889,1779739158332,3.1,9.37,1.83,-10.0625,-43.75,14.625,0.6925049,0.6112671,0.15570068,0.35003662
4b,1,Left Ankle,2747904,1779739158333,2.48,9.63,2.36,-17.8125,-64.3125,9.375,0.6939697,0.61224365,0.15093994,0.34747314
4b,4,Right Wrist,35186521,1779739158336,-0.8908282,-3.3093736,4.421936,7.4250402,-15.748888,75.89372,-147.58052,7.4269233,129.55641,0.0
4b,1,Left Ankle,2747929,1779739158361,1.78,10.4,2.67,-20.0625,-73.0625,3.4375,0.6990967,0.6152954,0.13616943,0.3378296
4b,2,Right Ankle,2476265,1779739158374,-6.2018557,-11.337214,6.0777693,104.34718,20.339342,104.82318,-56.591995,24.26218,172.0315,0.0
4b,3,Left Wrist,8983659,1779739158377,5.4965153,7.458725,0.20578274,14.115776,-29.420301,-132.05078,79.49288,-48.32286,351.7147,0.0
4b,1,Left Ankle,2747948,1779739158391,0.23,10.21,2.98,-5.625,-54.625,3.5,0.69989014,0.61657715,0.13256836,0.3352661
4b,4,Right Wrist,35186581,1779739158395,1.9877374,-1.4525434,4.7425747,27.93504,-25.96889,85.623726,-147.55785,7.4442487,129.53787,0.0
4b,1,Left Ankle,2747969,1779739158422,5.71,7.59,1.98,19.6875,-4.875,6.125,0.69873047,0.6192627,0.13043213,0.33355713
4b,1,Left Ankle,2747989,1779739158423,3.25,7.72,2.56,22.25,2.1875,11.625,0.69451904,0.62353516,0.13031006,0.33447266
4b,3,Left Wrist,8983719,1779739158438,2.005387,11.531309,-1.4979069,34.835777,-155.1403,-139.89078,79.626686,-48.21741,351.58258,0.0
4b,1,Left Ankle,2748009,1779739158453,1.56,10.38,1.68,12.1875,-35.4375,10.625,0.6935425,0.62750244,0.12487793,0.33111572
4b,1,Left Ankle,2748028,1779739158454,1.54,9.9,2.32,12.0,-49.1875,14.5625,0.6930542,0.6296997,0.12158203,0.32922363
4b,4,Right Wrist,35186671,1779739158456,4.8591247,4.376373,5.197211,125.655045,-0.83888817,41.453728,-147.518,7.441656,129.52539,0.0
4b,1,Left Ankle,2748048,1779739158482,1.71,10.23,2.14,21.6875,-32.8125,19.0,0.69073486,0.6343994,0.11627197,0.32696533
4b,1,Left Ankle,2748070,1779739158513,2.89,9.88,1.79,28.625,-16.9375,13.0,0.68573,0.64123535,0.11328125,0.3251953
4b,4,Right Wrist,35186731,1779739158517,2.8012972,1.677268,2.818745,177.80504,17.291111,1.5537279,-147.45586,7.424612,129.52173,0.0
4b,3,Left Wrist,8983779,1779739158530,4.0943213,5.5516453,-1.7491533,162.58577,-144.9203,-65.41078,79.83086,-48.180187,351.43683,0.0
4b,1,Left Ankle,2748092,1779739158542,4.1,9.68,1.34,27.0,-21.6875,-7.75,0.6832886,0.6455078,0.11291504,0.32202148
4b,1,Left Ankle,2748109,1779739158575,3.68,9.95,0.82,25.3125,-24.0625,-11.5,0.6815796,0.64953613,0.11273193,0.31756592
4b,1,Left Ankle,2748133,1779739158577,3.33,9.51,0.03,24.25,-24.125,-3.9375,0.6796875,0.6535034,0.11212158,0.31378174
4b,1,Left Ankle,2748149,1779739158577,3.2,9.67,-0.26,24.625,-28.25,2.375,0.6769409,0.657959,0.10998535,0.31103516
4b,4,Right Wrist,35186791,1779739158578,4.88066,-1.031407,1.5625132,185.01505,-27.088888,35.99373,-147.38231,7.412819,129.5174,0.0
4b,1,Left Ankle,2748173,1779739158602,2.56,9.08,0.86,12.6875,-82.0,3.1875,0.6760864,0.66345215,0.10247803,0.3036499
4b,3,Left Wrist,8983869,1779739158614,1.5794647,6.8724837,-1.1030912,342.06577,-99.490295,-2.7607765,80.04646,-48.120556,351.3423,0.0
4b,1,Left Ankle,2748192,1779739158631,2.96,9.3,2.4,-6.75,-148.125,-11.125,0.67871094,0.66973877,0.0881958,0.28808594
4b,1,Left Ankle,2748219,1779739158661,3.27,9.85,0.25,-14.875,-183.0625,-20.3125,0.6836548,0.67614746,0.0690918,0.26586914
4b,4,Right Wrist,35186851,1779739158672,2.5285156,-2.7255251,0.7322037,-6.5749598,-104.92889,97.38373,-147.36038,7.437541,129.51172,0.0
4b,3,Left Wrist,8983929,1779739158673,-1.4019927,2.1921222,-3.7591243,252.53577,-96.3403,6.129223,80.271965,-48.094334,351.2182,0.0
4b,1,Left Ankle,2748240,1779739158691,4.7,9.08,-0.37,-0.875,-168.3125,-25.25,0.68707275,0.6828613,0.0513916,0.24298096
4b,1,Left Ankle,2748258,1779739158692,4.28,9.02,0.29,13.375,-110.5625,-12.1875,0.6875,0.68896484,0.03894043,0.22625732
4b,4,Right Wrist,35186911,1779739158727,1.3273184,3.7614172,2.443072,18.555038,-134.1189,107.53372,-147.36392,7.4933743,129.5041,0.0
4b,3,Left Wrist,8984019,1779739158739,-2.9142566,1.2828497,-4.9770713,8.025776,-80.100296,36.509224,80.39976,-48.083004,351.1082,0.0
4b,1,Left Ankle,2748279,1779739158755,4.07,9.41,0.24,17.4375,-64.8125,0.0,0.68518066,0.6956787,0.028076172,0.21398926
4b,1,Left Ankle,2748297,1779739158755,3.55,9.48,-0.7,12.625,-62.6875,3.75,0.6845093,0.69750977,0.024475098,0.21051025
4b,1,Left Ankle,2748317,1779739158755,0.73,9.65,-2.36,3.9375,-114.125,-9.5625,0.6843872,0.7015991,0.013427734,0.19799805
4b,1,Left Ankle,2748339,1779739158782,0.83,8.06,0.04,-1.875,-167.5625,-29.375,0.68530273,0.70654297,-0.0015869141,0.17669678
4b,1,Left Ankle,2748355,1779739158783,2.82,7.15,0.26,-13.625,-189.5,-29.125,0.68707275,0.71051025,-0.020141602,0.15045166
4b,3,Left Wrist,8984079,1779739158795,-5.4195423,-0.037988517,-3.4097722,-49.934223,-44.0503,19.219221,80.44457,-48.062744,351.05246,0.0
4b,1,Left Ankle,2748379,1779739158813,0.76,6.53,-0.18,-18.375,-195.375,-28.375,0.68951416,0.71417236,-0.049316406,0.11035156
4b,4,Right Wrist,35187001,1779739158822,2.0427723,0.8972084,1.509871,111.23504,-95.89889,126.013725,-147.32704,7.529606,129.48502,0.0
4b,2,Right Ankle,2476355,1779739158822,-6.343033,-9.958948,12.545569,278.92715,-29.500658,-131.77681,-56.441547,24.212856,172.03798,0.0
4b,1,Left Ankle,2748398,1779739158842,0.81,6.83,0.69,-11.8125,-189.625,-29.1875,0.6895752,0.715271,-0.05871582,0.09716797
4b,3,Left Wrist,8984139,1779739158853,-2.4452631,-0.571588,-1.9788643,-146.81422,-48.880302,54.359222,80.46258,-48.065434,350.99182,0.0
4b,1,Left Ankle,2748419,1779739158872,0.17,6.85,1.33,-3.3125,-157.6875,-20.1875,0.68865967,0.7173462,-0.07543945,0.074157715
4b,1,Left Ankle,2748440,1779739158874,0.35,6.42,2.91,1.75,-111.125,-9.375,0.68621826,0.71954346,-0.09307861,0.052490234
4b,4,Right Wrist,35187061,1779739158876,2.777369,1.689232,-0.1914258,58.45504,-68.458885,133.99373,-147.32558,7.5483537,129.45627,0.0
4b,1,Left Ankle,2748460,1779739158908,1.99,6.65,4.06,0.3125,-64.25,4.125,0.68566895,0.7196655,-0.097595215,0.048339844
4b,3,Left Wrist,8984199,1779739158914,-2.007377,-0.16959377,0.2536392,-170.26422,-28.3003,98.59922,80.39943,-48.076527,350.99185,0.0
4b,1,Left Ankle,2748483,1779739158931,4.44,12.87,0.79,1.5625,-26.9375,20.0625,0.68408203,0.7201538,-0.10546875,0.047180176
4b,1,Left Ankle,2748501,1779739158932,4.19,18.53,-3.32,21.0625,37.1875,-8.0,0.68188477,0.7224121,-0.10217285,0.051940918
4b,1,Left Ankle,2748521,1779739158966,5.96,9.38,-1.55,-8.6875,2.5625,-31.25,0.6826782,0.72247314,-0.097351074,0.049743652
4b,1,Left Ankle,2748541,1779739158966,0.18,8.29,-1.72,-12.125,-13.0,-26.3125,0.6842041,0.7216797,-0.09503174,0.04534912
4b,3,Left Wrist,8984258,1779739158974,-0.14336802,1.089031,0.3062813,-52.314224,-73.8703,102.44922,80.39107,-48.055145,350.97147,0.0
4b,1,Left Ankle,2748565,1779739158992,0.72,9.68,-2.24,-18.375,-34.0,-20.3125,0.6859741,0.7202759,-0.095581055,0.0390625
4b,1,Left Ankle,2748581,1779739159025,1.15,10.35,-0.38,-12.1875,-18.4375,-15.75,0.68743896,0.7190552,-0.09649658,0.033996582
4b,2,Right Ankle,2476859,1779739159034,-1.5549942,-2.636912,1.7587247,3.6171794,4.3093424,8.36318,-56.360233,24.270723,172.1166,0.0
4b,3,Left Wrist,8984319,1779739159034,-2.3758712,1.9839466,0.49052867,56.045776,-85.2803,57.509224,80.43596,-48.03112,350.93524,0.0
4b,4,Right Wrist,35187151,1779739159059,1.9111671,2.1103694,0.11964113,15.055039,-39.40889,59.44373,-147.33968,7.553069,129.44377,0.0
4b,1,Left Ankle,2748605,1779739159082,0.84,10.3,0.14,-2.5625,15.75,-7.5625,0.68811035,0.71875,-0.09277344,0.03515625
4b,1,Left Ankle,2748621,1779739159092,2.0,8.98,-0.45,-0.6875,31.375,-4.25,0.68865967,0.7186279,-0.08880615,0.038269043
4b,1,Left Ankle,2748642,1779739159092,2.1,9.26,-0.8,-7.25,13.4375,-4.1875,0.6895752,0.71795654,-0.086120605,0.040100098
4b,3,Left Wrist,8984378,1779739159094,-1.4115636,2.8238273,0.5455636,123.73577,-66.9403,34.969223,80.500565,-47.988483,350.9053,0.0
4b,1,Left Ankle,2748682,1779739159114,1.72,9.65,-0.43,-15.25,-9.6875,-7.3125,0.6928711,0.7149658,-0.08618164,0.036621094
4b,1,Left Ankle,2748662,1779739159114,1.67,9.67,-0.61,-15.0,-10.875,-6.125,0.6911011,0.71661377,-0.08569336,0.0390625
4b,4,Right Wrist,35187315,1779739159116,3.6866417,-0.9883359,-2.4550362,-28.13496,-21.208889,9.043728,-147.35703,7.483896,129.43843,0.0
4b,1,Left Ankle,2748706,1779739159142,1.7,9.73,-0.07,-12.375,0.4375,-7.5625,0.694458,0.713562,-0.08581543,0.03515625
4b,3,Left Wrist,8984439,1779739159158,-1.6891315,1.601095,1.1413764,117.29578,-43.280304,62.689224,80.53179,-47.970272,350.905,0.0
4b,1,Left Ankle,2748722,1779739159174,1.77,9.5,-0.13,-10.125,6.0625,-7.625,0.6958618,0.71240234,-0.084350586,0.034729004
4b,1,Left Ankle,2748743,1779739159175,1.8,9.48,-0.1,-8.375,6.5,-8.125,0.6970825,0.7114258,-0.08270264,0.034423828
4b,1,Left Ankle,2748769,1779739159206,1.67,9.55,-0.19,-7.3125,5.9375,-8.0,0.6981201,0.7105713,-0.08087158,0.034423828
4b,3,Left Wrist,8984499,1779739159213,-1.4929192,2.8214345,-0.2871387,30.005777,-50.350304,78.159225,80.57976,-47.936783,350.86853,0.0
4b,1,Left Ankle,2748789,1779739159235,1.87,9.65,-0.11,-6.0625,6.25,-7.6875,0.69903564,0.70983887,-0.0793457,0.034240723
4b,1,Left Ankle,2748808,1779739159235,1.76,9.89,-0.41,-6.3125,5.25,-8.875,0.69989014,0.7091675,-0.07775879,0.034362793
4b,1,Left Ankle,2748835,1779739159265,1.41,9.64,-0.31,-7.0,1.8125,-8.8125,0.70111084,0.70825195,-0.07598877,0.03326416
4b,4,Right Wrist,35187391,1779739159267,4.1699915,-1.8569309,-3.8691943,-63.414963,23.661112,-16.576271,-147.38597,7.4129972,129.43799,0.0
4b,3,Left Wrist,8984559,1779739159273,-0.4496493,3.9269183,-0.3828516,4.5257764,-28.650301,88.16922,80.62034,-47.899597,350.83636,0.0
4b,1,Left Ankle,2748851,1779739159293,1.51,9.64,-0.26,-4.6875,4.3125,-5.6875,0.7017822,0.70770264,-0.07434082,0.03338623
4b,1,Left Ankle,2748873,1779739159323,1.37,9.71,-0.17,-4.0625,5.0625,-4.5625,0.7022705,0.7073364,-0.07318115,0.0335083
4b,1,Left Ankle,2748891,1779739159324,1.46,9.56,-0.16,-1.9375,6.625,-2.0,0.7026367,0.7070923,-0.072143555,0.033935547
4b,3,Left Wrist,8984619,1779739159334,-0.081154436,4.2092714,-0.6053842,32.525776,-6.810301,83.96922,80.67203,-47.859993,350.80807,0.0
4b,1,Left Ankle,2748911,1779739159353,1.48,9.63,-0.06,-1.625,7.0,-0.8125,0.7029419,0.70684814,-0.07116699,0.03466797
4b,1,Left Ankle,2748935,1779739159381,1.35,9.59,-0.16,-1.3125,6.125,0.75,0.70318604,0.70666504,-0.07043457,0.035461426
4b,1,Left Ankle,2748955,1779739159383,1.32,9.62,-0.13,-0.875,6.125,3.3125,0.7033081,0.70648193,-0.070007324,0.036499023
4b,3,Left Wrist,8984679,1779739159394,-0.17447452,4.068095,-0.086141616,7.4657764,9.849699,78.159225,80.69123,-47.81616,350.80103,0.0
4b,1,Left Ankle,2748971,1779739159412,1.42,9.63,-0.22,0.3125,6.1875,6.0625,0.7033081,0.7064209,-0.069885254,0.03778076
4b,1,Left Ankle,2748991,1779739159413,1.59,9.59,-0.24,0.9375,7.8125,8.0625,0.7032471,0.7064209,-0.069885254,0.039611816
4b,4,Right Wrist,35187554,1779739159417,6.6417775,-2.3689947,-4.709075,14.07504,47.81111,-18.606272,-147.40105,7.2566423,129.43123,0.0
4b,1,Left Ankle,2749017,1779739159441,1.67,9.58,-0.1,1.3125,5.875,8.6875,0.70306396,0.70648193,-0.06945801,0.042114258
4b,3,Left Wrist,8984739,1779739159453,0.60558575,3.924526,-0.19860429,-0.5842236,18.669699,70.03922,80.7156,-47.768173,350.7898,0.0
4b,1,Left Ankle,2749034,1779739159473,1.67,9.51,-0.1,1.4375,4.25,9.5,0.70288086,0.70648193,-0.06994629,0.043823242
4b,1,Left Ankle,2749057,1779739159500,1.59,9.6,-0.09,2.1875,3.3125,10.75,0.7026367,0.706604,-0.07067871,0.04559326
4b,3,Left Wrist,8984798,1779739159513,0.35673195,5.099402,-0.076570325,2.3557763,23.2897,69.89922,80.73063,-47.719643,350.78732,0.0
4b,1,Left Ankle,2749082,1779739159530,1.87,9.67,-0.09,4.5625,6.125,12.5,0.7019043,0.7069702,-0.071899414,0.048706055
4b,1,Left Ankle,2749101,1779739159531,1.9,9.59,-0.11,5.0,6.5625,12.375,0.701355,0.7072754,-0.07354736,0.0501709
4b,4,Right Wrist,35187705,1779739159536,5.6870418,-1.4190438,-3.735196,6.0950403,12.881111,-18.186272,-147.4049,7.126093,129.43076,0.0
4b,2,Right Ankle,2477058,1779739159539,-1.4544963,-4.1970325,2.2851455,-46.36282,-4.3706574,0.9431798,-56.44487,24.279078,172.08533,0.0
4b,1,Left Ankle,2749120,1779739159568,1.83,9.52,-0.2,5.5625,7.0625,12.0625,0.7005615,0.7077637,-0.074157715,0.05255127
4b,3,Left Wrist,8984859,1779739159573,0.46919456,5.522931,-0.43788654,24.545776,31.969698,83.75922,80.75964,-47.67625,350.78278,0.0
4b,1,Left Ankle,2749144,1779739159593,1.93,9.48,-0.18,6.375,6.6875,11.5625,0.69976807,0.708313,-0.07470703,0.054870605
4b,1,Left Ankle,2749162,1779739159593,1.99,9.44,-0.16,6.8125,6.625,10.6875,0.6989136,0.70892334,-0.07519531,0.05706787
4b,1,Left Ankle,2749180,1779739159621,2.05,9.46,-0.17,7.0625,6.0625,10.25,0.69799805,0.7095947,-0.07574463,0.05908203
4b,3,Left Wrist,8984918,1779739159633,1.2755759,6.57338,-2.0219352,42.395775,53.249702,99.36922,80.81848,-47.65012,350.7663,0.0
4b,1,Left Ankle,2749202,1779739159653,2.04,9.46,-0.19,6.875,2.1875,9.3125,0.69714355,0.7102051,-0.0769043,0.060424805
4b,1,Left Ankle,2749222,1779739159653,2.12,9.47,-0.26,6.875,2.1875,9.3125,0.696228,0.71087646,-0.077819824,0.061950684
4b,1,Left Ankle,2749241,1779739159682,2.23,9.47,-0.36,4.9375,-2.4375,7.375,0.69537354,0.71154785,-0.07910156,0.06298828
4b,3,Left Wrist,8984979,1779739159694,1.3282179,6.185743,-3.7016966,-10.944223,72.8497,108.88922,80.86839,-47.64298,350.7476,0.0
4b,1,Left Ankle,2749265,1779739159711,2.3,9.45,-0.45,3.6875,-5.375,7.0,0.69470215,0.71191406,-0.08135986,0.062805176
4b,1,Left Ankle,2749284,1779739159712,1.98,9.35,-0.44,4.5625,-3.9375,8.1875,0.6939697,0.71240234,-0.08282471,0.06323242
4b,1,Left Ankle,2749300,1779739159743,1.98,9.38,-0.46,5.125,-1.5,9.5625,0.6932373,0.71295166,-0.083984375,0.06427002
4b,3,Left Wrist,8985039,1779739159755,0.17487785,11.047959,-3.6873398,-18.994223,96.509705,143.32922,80.88201,-47.625656,350.7604,0.0
4b,4,Right Wrist,35187855,1779739159775,5.0792646,-2.4886358,-2.5842485,-19.38496,-4.828888,-3.066272,-147.40474,7.016463,129.43736,0.0
4b,1,Left Ankle,2749344,1779739159775,2.03,9.53,-0.44,6.0,1.875,12.0,0.6915283,0.71398926,-0.086364746,0.06713867
4b,1,Left Ankle,2749325,1779739159775,1.98,9.47,-0.44,5.5,0.0,10.9375,0.6923828,0.71343994,-0.08520508,0.06555176
4b,1,Left Ankle,2749360,1779739159803,2.25,9.47,-0.41,5.9375,2.6875,12.125,0.6906128,0.7145996,-0.08685303,0.06964111
4b,3,Left Wrist,8985099,1779739159815,2.7591264,6.8820543,-2.931208,-5.4142237,112.6097,163.20923,80.91176,-47.635616,350.76926,0.0
4b,4,Right Wrist,35188081,1779739159836,4.765805,-1.61047,-2.467,-11.404961,0.3511114,6.873728,-147.41342,6.868624,129.43813,0.0
4b,1,Left Ankle,2749390,1779739159835,2.36,9.39,-0.49,5.4375,1.5625,12.1875,0.68981934,0.71502686,-0.088012695,0.0713501
4b,1,Left Ankle,2749400,1779739159836,2.33,9.35,-0.46,5.25,0.4375,12.0625,0.6890869,0.71539307,-0.08984375,0.072387695
4b,1,Left Ankle,2749422,1779739159864,2.58,9.43,-0.59,4.0625,-1.5625,10.8125,0.6883545,0.7158203,-0.09136963,0.07373047
4b,3,Left Wrist,8985159,1779739159874,5.082557,8.77717,-3.6466618,-46.504223,75.439705,184.41922,80.94246,-47.66513,350.75894,0.0
4b,1,Left Ankle,2749444,1779739159893,2.62,9.45,-0.65,2.75,-3.125,9.5625,0.6876221,0.7161865,-0.09307861,0.07476807
4b,1,Left Ankle,2749465,1779739159895,2.35,9.34,-0.55,2.6875,-3.3125,9.3125,0.6869507,0.71655273,-0.09375,0.07635498
4b,4,Right Wrist,35188111,1779739159896,4.6700916,-1.8066812,-2.5268207,-16.44496,1.541112,11.983728,-147.41792,6.8182254,129.4345,0.0
4b,1,Left Ankle,2749483,1779739159948,2.53,9.35,-0.57,3.125,-2.6875,8.5,0.68634033,0.7168579,-0.09515381,0.07714844
4b,3,Left Wrist,8985219,1779739159948,6.1928267,8.234,-2.8546374,47.995777,61.719704,196.24922,81.01059,-47.708,350.74252,0.0
4b,1,Left Ankle,2749508,1779739159952,2.49,9.33,-0.51,3.1875,-1.75,8.0,0.68573,0.7172241,-0.096069336,0.078308105
4b,1,Left Ankle,2749529,1779739159963,2.63,9.2,-0.62,3.9375,-0.5,7.6875,0.6850586,0.71759033,-0.0970459,0.0793457
4b,1,Left Ankle,2749543,1779739159982,2.44,9.39,-0.52,3.625,-1.875,7.375,0.68444824,0.71795654,-0.09814453,0.08013916
4b,1,Left Ankle,2749564,1779739160016,2.51,9.36,-0.56,3.5625,-1.9375,6.875,0.6838989,0.71832275,-0.099365234,0.08062744
4b,3,Left Wrist,8985279,1779739160023,8.169298,6.21685,-2.538785,35.46578,43.939697,191.20923,81.07722,-47.79136,350.71957,0.0
4b,1,Left Ankle,2749593,1779739160041,2.52,9.34,-0.71,3.5625,-0.1875,7.125,0.6829834,0.71881104,-0.10070801,0.081848145
4b,1,Left Ankle,2749613,1779739160042,2.73,9.24,-0.62,2.6875,-0.3125,5.25,0.6824341,0.7191162,-0.101379395,0.08276367
4b,1,Left Ankle,2749632,1779739160072,2.9,9.34,-0.72,1.0625,-5.3125,3.3125,0.68218994,0.7192383,-0.10229492,0.08276367
4b,1,Left Ankle,2749650,1779739160073,2.57,9.45,-0.41,1.0,-6.4375,1.25,0.6819458,0.7194214,-0.10345459,0.08203125
4b,4,Right Wrist,35188171,1779739160076,4.8304105,-1.8497523,-2.388037,-21.13496,0.91111183,19.823729,-147.42331,6.770784,129.42877,0.0
4b,3,Left Wrist,8985369,1779739160083,9.657634,5.9775677,-2.617748,46.245777,15.239698,170.90923,81.15311,-47.88436,350.685,0.0
4b,1,Left Ankle,2749671,1779739160103,3.02,9.11,-0.68,1.5,-8.0625,0.4375,0.68151855,0.7196655,-0.10461426,0.08148193
4b,1,Left Ankle,2749692,1779739160130,2.76,9.48,-0.58,1.5,-10.25,-0.75,0.68115234,0.72003174,-0.105651855,0.08026123
4b,3,Left Wrist,8985429,1779739160143,10.933007,5.30997,-3.6179476,50.725777,-11.990301,149.55922,81.23933,-47.979305,350.63672,0.0
4b,1,Left Ankle,2749715,1779739160168,2.54,9.3,-0.52,1.375,-11.25,-1.75,0.68084717,0.7203369,-0.10675049,0.07873535
4b,1,Left Ankle,2749739,1779739160169,2.8,9.45,-0.5,2.1875,-8.75,-2.4375,0.6804199,0.7207031,-0.10748291,0.07739258
4b,4,Right Wrist,35188334,1779739160169,5.80429,-1.1989042,-2.3114667,-16.514961,-3.5688887,27.033728,-147.43843,6.6838055,129.41397,0.0
4b,1,Left Ankle,2749752,1779739160191,2.69,9.43,-0.64,1.875,-8.9375,-3.1875,0.68011475,0.72106934,-0.10870361,0.07556152
4b,3,Left Wrist,8985489,1779739160204,11.854244,2.098802,-4.0127635,50.235775,-21.4403,100.55922,81.3167,-48.07655,350.59085,0.0
4b,1,Left Ankle,2749780,1779739160222,2.54,9.38,-0.9,1.125,-9.875,-4.0,0.6798096,0.7213745,-0.109436035,0.07397461
4b,1,Left Ankle,2749798,1779739160222,2.6,9.45,-0.96,0.9375,-10.75,-4.375,0.6795654,0.7217407,-0.11010742,0.072265625
4b,4,Right Wrist,35188411,1779739160226,5.7253265,-1.3352953,-2.3042881,-30.164959,-13.648888,27.103727,-147.45053,6.644968,129.40842,0.0
4b,1,Left Ankle,2749819,1779739160252,2.7,9.5,-0.81,0.6875,-11.5625,-5.1875,0.67944336,0.7218628,-0.1116333,0.06945801
4b,3,Left Wrist,8985549,1779739160269,11.201004,0.6511444,-4.601398,46.245777,-70.5103,-6.4007797,81.41847,-48.140766,350.51062,0.0
4b,1,Left Ankle,2749841,1779739160281,2.59,9.58,-0.68,0.5625,-11.25,-6.125,0.6791382,0.7223511,-0.11248779,0.06640625
4b,1,Left Ankle,2749859,1779739160282,2.75,9.5,-0.79,2.0625,-11.375,-7.9375,0.67858887,0.7229614,-0.11254883,0.06463623
4b,2,Right Ankle,2477519,1779739160291,-1.5549942,-2.3354166,1.2442678,-1.6328206,-5.280658,3.2531798,-56.61694,24.543886,172.01312,0.0
4b,1,Left Ankle,2749881,1779739160311,3.22,9.65,-1.06,2.75,-12.4375,-14.625,0.6781006,0.72369385,-0.11224365,0.061706543
4b,3,Left Wrist,8985609,1779739160326,8.894323,-1.313363,-5.7044888,130.66577,-122.4503,-90.82077,81.58235,-48.17638,350.39114,0.0
4b,1,Left Ankle,2749900,1779739160342,3.29,9.47,-1.15,1.6875,-13.1875,-17.375,0.67767334,0.7246704,-0.10986328,0.059631348
4b,1,Left Ankle,2749921,1779739160344,3.04,9.79,-1.33,0.75,-13.75,-20.875,0.67749023,0.72528076,-0.108947754,0.055541992
4b,1,Left Ankle,2749945,1779739160371,2.11,10.02,-1.11,2.25,-6.5625,-20.0,0.6773071,0.72595215,-0.10748291,0.05218506
4b,4,Right Wrist,35188501,1779739160376,6.6393843,-0.9189438,-2.498107,-14.90496,-9.448889,21.363728,-147.46014,6.605246,129.40344,0.0
4b,3,Left Wrist,8985668,1779739160418,3.9698944,-4.3019986,-4.381258,165.66577,-197.8403,-197.57077,81.782234,-48.179703,350.233,0.0
4b,1,Left Ankle,2749962,1779739160432,2.1,9.96,-1.04,2.1875,2.5625,-18.5625,0.67718506,0.72662354,-0.10479736,0.05029297
4b,1,Left Ankle,2749990,1779739160434,2.93,9.78,-0.73,2.875,9.4375,-17.5,0.677124,0.72717285,-0.101623535,0.049438477
4b,1,Left Ankle,2750007,1779739160434,2.13,10.25,-0.99,-3.4375,3.0625,-16.5,0.67755127,0.72717285,-0.09918213,0.047851562
4b,1,Left Ankle,2750025,1779739160462,2.27,10.5,-1.5,-4.0,11.375,-17.125,0.6783447,0.7269287,-0.0960083,0.046936035
4b,3,Left Wrist,8985729,1779739160474,-5.275972,-9.4776745,-2.4239292,-63.444225,-347.9903,-313.70078,81.91814,-48.103752,350.0246,0.0
4b,1,Left Ankle,2750047,1779739160495,2.68,10.44,-1.43,-3.8125,19.4375,-18.3125,0.6791992,0.7266846,-0.091796875,0.04699707
4b,1,Left Ankle,2750066,1779739160495,3.08,10.52,-0.96,-4.8125,21.3125,-20.375,0.6802368,0.7262573,-0.0869751,0.04724121
4b,1,Left Ankle,2750090,1779739160521,3.14,10.55,-1.05,-7.125,20.0625,-24.8125,0.682312,0.7253418,-0.07873535,0.046813965
4b,4,Right Wrist,35188665,1779739160526,6.0914283,-1.3400807,-3.1274192,8.19504,-4.828888,22.343729,-147.4726,6.5193915,129.39285,0.0
4b,3,Left Wrist,8985819,1779739160534,-15.768498,-3.459725,-0.6173482,64.72578,-183.5603,-390.14078,82.03294,-47.95725,349.90088,0.0
4b,1,Left Ankle,2750104,1779739160552,2.45,11.32,-0.72,-8.8125,33.625,-26.9375,0.6831665,0.7248535,-0.07495117,0.04748535
4b,1,Left Ankle,2750133,1779739160582,2.58,10.16,-0.54,-11.125,52.375,-26.1875,0.68518066,0.7235718,-0.066223145,0.0501709
4b,1,Left Ankle,2750149,1779739160582,2.47,9.56,-0.01,-18.625,57.9375,-26.8125,0.6879883,0.7214966,-0.056396484,0.054138184
4b,1,Left Ankle,2750171,1779739160611,0.09,8.9,0.52,-28.5625,41.6875,-28.0625,0.6918335,0.7182617,-0.047424316,0.05682373
4b,4,Right Wrist,35188815,1779739160615,3.6052854,0.82542324,-3.708875,14.215039,0.84111214,43.55373,-147.51105,6.430882,129.36162,0.0
4b,3,Left Wrist,8985878,1779739160623,-15.672787,-7.3145623,6.6376896,-37.964222,-175.6503,-313.14078,82.08249,-47.846558,349.80344,0.0
4b,1,Left Ankle,2750191,1779739160642,-1.29,7.84,1.46,-32.4375,47.5,-28.1875,0.6984863,0.71221924,-0.034240723,0.060668945
4b,1,Left Ankle,2750206,1779739160643,-3.2,6.88,2.79,-26.5625,77.375,-17.4375,0.7003784,0.71032715,-0.028747559,0.06427002
4b,1,Left Ankle,2750231,1779739160676,0.25,6.07,4.38,-6.625,160.9375,11.625,0.7029419,0.70581055,-0.0064697266,0.08746338
4b,1,Left Ankle,2750250,1779739160677,1.67,5.9,4.09,2.9375,233.1875,14.9375,0.7023926,0.7022095,0.01751709,0.1149292
4b,4,Right Wrist,35188861,1779739160677,1.5857433,0.10039865,-3.3619156,24.645039,18.131111,35.433727,-147.55515,6.3814588,129.34196,0.0
4b,2,Right Ankle,2478339,1779739160680,-1.344426,-2.8642304,1.8687946,15.587179,7.3893423,-7.66682,-56.37615,24.76264,172.11548,0.0
4b,3,Left Wrist,8985939,1779739160684,-12.456834,-5.68505,7.037291,18.945776,-200.71031,-241.53078,82.153206,-47.761883,349.70154,0.0
4b,1,Left Ankle,2750277,1779739160701,2.9,6.08,2.74,9.625,284.8125,23.0,0.69958496,0.69714355,0.04748535,0.14953613
4b,1,Left Ankle,2750291,1779739160731,3.65,5.94,0.75,15.625,314.0625,35.1875,0.6936035,0.69036865,0.08050537,0.18920898
4b,1,Left Ankle,2750317,1779739160761,3.19,6.77,0.39,10.5625,313.0625,38.9375,0.6855469,0.68133545,0.113220215,0.23028564
4b,1,Left Ankle,2750331,1779739160770,1.07,7.99,-0.99,-12.5,248.875,23.0625,0.67926025,0.6699829,0.14074707,0.2644043
4b,3,Left Wrist,8986029,1779739160774,-5.2927217,-5.4840527,3.859623,-29.214224,-235.1503,-59.60078,82.20918,-47.752724,349.59595,0.0
4b,1,Left Ankle,2750352,1779739160795,-2.31,9.67,-0.22,-37.4375,151.625,-6.0625,0.67822266,0.6581421,0.15948486,0.28533936
4b,1,Left Ankle,2750372,1779739160795,-3.81,10.46,0.04,-43.0,112.25,-30.625,0.68084717,0.6467285,0.17364502,0.29675293
4b,1,Left Ankle,2750392,1779739160820,3.7,6.78,-2.76,-35.3125,114.125,-46.8125,0.68377686,0.635376,0.18920898,0.30493164
4b,4,Right Wrist,35188951,1779739160826,-2.5203404,0.27507484,-1.0145568,46.765038,42.84111,-27.496271,-147.55376,6.4101257,129.3404,0.0
4b,3,Left Wrist,8986088,1779739160833,-2.5290124,4.8098702,-3.1010983,-98.09423,-134.8403,62.199223,82.2889,-47.722076,349.4822,0.0
4b,1,Left Ankle,2750412,1779739160852,16.99,10.02,-2.05,3.0,106.125,-14.375,0.68273926,0.6277466,0.20422363,0.31323242
4b,1,Left Ankle,2750432,1779739160853,7.77,35.53,-0.79,-16.5,4.5625,-41.75,0.6845703,0.6235962,0.21026611,0.31347656
4b,2,Right Ankle,2478736,1779739160860,-1.7918847,-2.7613387,1.6151553,-15.492821,24.329342,8.22318,-56.329853,24.839962,172.11795,0.0
4b,1,Left Ankle,2750453,1779739160883,2.82,4.35,-3.79,-53.125,-144.5625,-101.3125,0.6977539,0.6213379,0.20465088,0.29187012
4b,4,Right Wrist,35189115,1779739160885,-3.0467613,10.353643,16.47219,-33.17496,128.45111,-205.08627,-147.55124,6.3314486,129.39131,0.0
4b,3,Left Wrist,8986179,1779739160893,2.1585276,9.569195,-11.392229,-360.45422,-28.580301,246.71922,82.261375,-47.785004,349.41064,0.0
4b,1,Left Ankle,2750473,1779739160912,-6.4,8.09,5.85,-35.8125,-87.3125,-77.75,0.70965576,0.61865234,0.1987915,0.27227783
4b,1,Left Ankle,2750493,1779739160914,-3.32,9.38,6.11,-36.5625,-20.5,-57.875,0.7175293,0.61364746,0.19970703,0.26208496
4b,1,Left Ankle,2750518,1779739160941,-3.04,11.48,0.5,-22.4375,15.875,-23.5625,0.7213745,0.6090088,0.20263672,0.26000977
4b,3,Left Wrist,8986239,1779739160984,-3.9838476,27.627825,-13.646267,-420.79422,-27.1803,471.6292,82.1706,-47.89034,349.3777,0.0
4b,1,Left Ankle,2750537,1779739161002,0.34,11.46,3.21,-8.5,5.5625,-8.875,0.72265625,0.60668945,0.20495605,0.2602539
4b,1,Left Ankle,2750558,1779739161006,-1.26,10.18,1.85,-7.0625,-18.25,-3.125,0.723938,0.60632324,0.20367432,0.25854492
4b,4,Right Wrist,35189161,1779739161007,6.4072804,15.732709,17.261822,-209.43497,191.59111,-276.62628,-147.62294,6.2197742,129.43689,0.0
4b,1,Left Ankle,2750574,1779739161007,-0.6,11.86,1.42,-5.4375,-12.8125,6.625,0.7249756,0.6063843,0.2010498,0.25756836
4b,1,Left Ankle,2750596,1779739161033,0.43,11.16,1.67,-4.0625,0.1875,15.5625,0.72491455,0.6064453,0.19903564,0.25915527
4b,3,Left Wrist,8986329,1779739161046,-32.702503,45.131325,2.656033,80.54578,-244.3903,803.28925,82.25584,-48.12241,349.30414,0.0
4b,1,Left Ankle,2750619,1779739161064,-0.15,11.48,2.82,-0.625,5.0,19.9375,0.7230835,0.6068115,0.19763184,0.26434326
4b,4,Right Wrist,35189325,1779739161067,12.492229,16.117952,-7.0061846,-168.41496,125.44112,-463.59628,-147.75821,5.897172,129.61288,0.0
4b,1,Left Ankle,2750633,1779739161068,0.79,10.52,1.95,5.1875,9.3125,20.75,0.72216797,0.60723877,0.19726562,0.26605225
4b,1,Left Ankle,2750653,1779739161095,1.38,10.5,1.45,5.8125,20.125,17.0,0.7201538,0.6078491,0.1977539,0.2697754
4b,3,Left Wrist,8986389,1779739161104,-27.615362,9.023632,11.002198,357.25577,-153.88031,712.5692,82.38455,-48.34309,349.28784,0.0
4b,1,Left Ankle,2750680,1779739161129,1.36,10.57,1.9,1.0,19.1875,8.75,0.71875,0.60754395,0.19921875,0.27313232
4b,4,Right Wrist,35189344,1779739161129,10.55165,5.4746776,-3.9960139,-217.97496,106.471115,-442.17627,-147.84505,5.7492676,129.72209,0.0
4b,1,Left Ankle,2750697,1779739161130,0.55,10.85,2.67,-1.5625,8.5,0.4375,0.71832275,0.6069946,0.20037842,0.2746582
4b,1,Left Ankle,2750713,1779739161154,-0.57,11.11,3.14,6.625,8.125,-4.375,0.7180176,0.60705566,0.20153809,0.2744751
4b,3,Left Wrist,8986449,1779739161164,-16.134602,-7.3193483,16.654045,416.40576,-94.9403,403.72922,82.511444,-48.478096,349.2922,0.0
4b,1,Left Ankle,2750740,1779739161184,1.32,10.87,2.45,18.5625,23.1875,-8.8125,0.71484375,0.60821533,0.20819092,0.27520752
4b,1,Left Ankle,2750753,1779739161185,2.22,10.49,1.54,17.8125,22.3125,-21.625,0.71398926,0.6083374,0.21118164,0.2748413
4b,4,Right Wrist,35189401,1779739161185,6.0459647,-3.3620162,0.22253251,-230.99496,174.7211,-403.32626,-147.90077,5.5888276,129.811,0.0
4b,2,Right Ankle,2478962,1779739161195,-16.129677,-6.525249,9.54497,-164.73282,144.93933,244.68318,-56.418987,25.166088,172.09651,0.0
4b,3,Left Wrist,8986509,1779739161230,-0.13140345,-1.7536424,2.091327,-90.04423,-273.4403,207.65923,82.53396,-48.574783,349.19525,0.0
4b,1,Left Ankle,2750773,1779739161242,2.58,10.41,2.3,10.5,3.875,-34.5625,0.7139282,0.60827637,0.21594238,0.27142334
4b,1,Left Ankle,2750793,1779739161243,0.4,11.63,3.17,12.5,10.5625,-38.8125,0.7142334,0.60791016,0.22125244,0.26715088
4b,4,Right Wrist,35189461,1779739161245,9.55145,-11.172189,-1.7276179,-135.09496,86.38111,-349.77628,-147.91162,5.465153,129.9016,0.0
4b,1,Left Ankle,2750824,1779739161272,1.41,13.63,4.21,18.4375,43.75,-42.5,0.71295166,0.6068115,0.23059082,0.26513672
4b,2,Right Ankle,2479202,1779739161280,0.95029056,16.01514,-1.6917256,-154.02281,-2.1306577,-265.05682,-56.56059,25.132746,172.08876,0.0
4b,1,Left Ankle,2750853,1779739161301,1.83,12.54,22.18,-33.6875,172.875,-79.75,0.7098999,0.5908203,0.2692871,0.2727661
4b,1,Left Ankle,2750833,1779739161301,1.8,13.68,9.38,10.4375,82.75,-56.0,0.7110596,0.6031494,0.24505615,0.265625
4b,1,Left Ankle,2750878,1779739161303,2.48,7.15,7.06,-37.8125,276.1875,-87.5625,0.7057495,0.5699463,0.30621338,0.28863525
4b,4,Right Wrist,35189521,1779739161305,2.1671991,-12.598311,-7.0277205,-105.41496,41.37111,-140.68628,-147.89609,5.4031305,129.94037,0.0
4b,3,Left Wrist,8986569,1779739161313,-1.8255215,0.12711626,-6.0825553,-130.78423,20.0697,74.799225,82.58673,-48.5912,349.1283,0.0
4b,1,Left Ankle,2750893,1779739161333,-1.15,2.82,0.28,-40.9375,298.75,-64.375,0.6963501,0.5463867,0.34625244,0.3109131
4b,2,Right Ankle,2479265,1779739161339,9.466346,-0.7226539,-1.1844472,-26.97282,5.919342,-350.03683,-56.612274,24.975952,172.00832,0.0
4b,1,Left Ankle,2750920,1779739161361,-6.06,0.39,-10.86,-35.3125,262.25,-28.5625,0.6793213,0.5163574,0.3922119,0.3435669
4b,1,Left Ankle,2750939,1779739161362,-1.54,7.09,-16.87,-11.5,182.25,-0.5,0.67370605,0.510376,0.4022827,0.35186768
4b,4,Right Wrist,35189582,1779739161366,-1.7354945,-14.19911,-2.4765713,4.90504,31.011112,100.74372,-147.85268,5.4161024,129.9089,0.0
4b,3,Left Wrist,8986628,1779739161373,4.436495,5.1496506,-7.7407813,-227.24423,148.6597,-12.000778,82.551,-48.579193,349.1293,0.0
4b,1,Left Ankle,2750953,1779739161399,-2.13,8.83,-12.87,-7.8125,36.875,1.75,0.6680298,0.50427246,0.41156006,0.3605957
4b,2,Right Ankle,2479355,1779739161400,27.63505,-25.15816,-1.2897314,-142.33281,-55.610657,-404.56683,-56.722897,24.780891,171.927,0.0
4b,1,Left Ankle,2750980,1779739161420,-5.97,14.45,13.11,-35.9375,-53.4375,10.6875,0.6726074,0.5040283,0.40490723,0.35998535
4b,4,Right Wrist,35189641,1779739161429,-4.6427746,-7.6332045,5.895915,-77.83496,-29.188887,305.56372,-147.86209,5.4941483,129.82602,0.0
4b,1,Left Ankle,2750997,1779739161428,7.42,31.19,2.67,-26.75,13.6875,10.125,0.6754761,0.50183105,0.40039062,0.36279297
4b,3,Left Wrist,8986719,1779739161433,7.7338047,6.6403794,2.3784657,-31.244225,65.079704,-63.940777,82.43943,-48.552223,349.21774,0.0
4b,2,Right Ankle,2479415,1779739161463,4.989375,-16.685173,-10.360922,107.427185,-20.190659,-586.63684,-56.80723,24.576006,171.77945,0.0
4b,4,Right Wrist,35189701,1779739161485,-1.0535401,-18.348265,0.2871387,104.02504,-43.11889,423.44373,-147.79623,5.585993,129.7122,0.0
4b,3,Left Wrist,8986779,1779739161495,9.310675,4.1662006,1.3854443,119.535774,125.34971,-128.13077,82.40913,-48.571625,349.29657,0.0
4b,2,Right Ankle,2479475,1779739161519,-29.376345,-3.2781885,-20.829521,498.93716,341.00934,-81.86682,-56.729607,24.680014,171.63457,0.0
4b,4,Right Wrist,35189761,1779739161546,-11.986346,5.1899323,2.4047868,128.45503,-307.78888,259.64374,-147.76045,5.753676,129.69203,0.0
4b,3,Left Wrist,8986839,1779739161553,12.509878,8.6671,3.696911,-92.84423,159.22969,-131.14078,82.24748,-48.547226,349.42593,0.0
4b,1,Left Ankle,2751013,1779739161571,-2.1,6.05,-1.35,-9.375,58.75,-7.125,0.6726074,0.49658203,0.4069214,0.36798096
4b,1,Left Ankle,2751038,1779739161573,-2.19,4.08,1.88,-28.625,-20.3125,-14.5625,0.6750488,0.49334717,0.40649414,0.3684082
4b,1,Left Ankle,2751057,1779739161575,-5.4,15.68,2.28,-51.625,-21.875,-24.4375,0.68304443,0.48791504,0.40167236,0.36608887
4b,1,Left Ankle,2751081,1779739161575,-5.93,7.91,2.69,-16.25,15.875,36.0,0.6824341,0.48345947,0.40063477,0.37426758
4b,1,Left Ankle,2751143,1779739161603,-2.03,9.85,2.85,6.0625,-33.8125,39.875,0.6793213,0.494812,0.38305664,0.38336182
4b,1,Left Ankle,2751170,1779739161604,-0.71,9.76,2.91,18.5625,-38.25,37.5,0.6776123,0.50531006,0.37298584,0.38269043
4b,2,Right Ankle,2479535,1779739161609,10.327764,5.084727,-1.6271194,220.75719,-10.460658,-138.70682,-56.65544,24.601284,171.61191,0.0
4b,1,Left Ankle,2751191,1779739161632,-0.71,9.95,1.46,14.0625,-48.125,34.0,0.6769409,0.512146,0.36572266,0.38171387
4b,1,Left Ankle,2751206,1779739161632,-0.17,9.78,3.7,19.5,-37.75,36.1875,0.6763916,0.5158081,0.36224365,0.38110352
4b,4,Right Wrist,35189821,1779739161637,-6.068897,-3.7065825,6.3864436,22.47504,-249.4089,238.50372,-147.73746,5.888867,129.66971,0.0
4b,3,Left Wrist,8986899,1779739161644,14.000607,24.411873,1.861616,-84.37423,-6.810301,-48.400776,82.2412,-48.45644,349.40546,0.0
4b,1,Left Ankle,2751235,1779739161664,-2.04,8.5,3.56,36.125,-22.75,40.1875,0.670105,0.5275879,0.35620117,0.3817749
4b,1,Left Ankle,2751249,1779739161697,-1.9,9.57,0.77,32.3125,-26.125,46.3125,0.6679077,0.53167725,0.35369873,0.38226318
4b,1,Left Ankle,2751271,1779739161698,-1.08,9.83,-0.47,13.3125,-33.125,47.125,0.66430664,0.5413208,0.34313965,0.38464355
4b,2,Right Ankle,2479595,1779739161699,-14.3207035,20.417934,-0.42113677,-160.46281,104.969345,311.81317,-56.669464,24.760714,171.65596,0.0
4b,3,Left Wrist,8986958,1779739161703,17.561127,6.6092734,-2.3952155,42.045776,-128.8203,16.979221,82.35149,-48.53363,349.30487,0.0
4b,1,Left Ankle,2751295,1779739161729,-0.63,10.7,1.03,0.375,-26.25,49.625,0.6622925,0.54559326,0.3361206,0.3881836
4b,1,Left Ankle,2751311,1779739161752,0.59,10.71,2.49,3.1875,-2.9375,50.0625,0.6599121,0.54974365,0.32983398,0.39178467
4b,3,Left Wrist,8987049,1779739161763,8.489936,7.9301105,-1.6965113,51.285778,-39.0803,-6.6807785,82.470726,-48.531044,349.2198,0.0
4b,1,Left Ankle,2751337,1779739161781,1.07,10.39,2.19,9.375,9.3125,48.4375,0.6555786,0.5529175,0.3265381,0.3973999
4b,1,Left Ankle,2751350,1779739161781,-0.15,9.21,1.92,9.875,9.0,46.625,0.65216064,0.55633545,0.32244873,0.4015503
4b,1,Left Ankle,2751371,1779739161810,-0.36,10.35,1.37,-6.5,-17.75,42.875,0.6505127,0.55926514,0.31622314,0.40496826
4b,3,Left Wrist,8987109,1779739161829,4.6949196,3.221036,0.8063812,39.665775,21.749699,-1.9907799,82.42357,-48.58801,349.27042,0.0
4b,1,Left Ankle,2751393,1779739161846,0.18,9.96,1.29,-6.3125,-6.5625,39.75,0.64886475,0.5612793,0.3109131,0.40893555
4b,4,Right Wrist,35189985,1779739161847,-6.882456,4.565406,7.7790666,134.33504,-135.1689,162.48372,-147.65382,6.0844474,129.65999,0.0
4b,1,Left Ankle,2751410,1779739161846,1.93,9.64,2.4,-5.75,-7.6875,34.3125,0.64837646,0.5623169,0.3083496,0.4102173
4b,2,Right Ankle,2479685,1779739161882,-19.139849,-8.776895,4.7952166,185.68718,185.32935,462.4532,-56.593613,25.006124,171.69218,0.0
4b,3,Left Wrist,8987168,1779739161884,4.4460664,6.57338,0.39720857,62.065777,86.009705,-42.31078,82.44021,-48.495846,349.2926,0.0
4b,1,Left Ankle,2751432,1779739161902,-1.14,9.7,2.21,-9.8125,-20.4375,26.4375,0.6487427,0.56518555,0.29968262,0.41210938
4b,1,Left Ankle,2751456,1779739161903,-0.52,9.17,1.03,-2.0,17.0625,33.75,0.64642334,0.56591797,0.29718018,0.41662598
4b,4,Right Wrist,35190108,1779739161906,0.30079746,-4.1803613,3.2159536,57.335037,-41.788887,182.64372,-147.55714,6.1963944,129.5806,0.0
4b,1,Left Ankle,2751484,1779739161933,2.06,9.88,3.39,-7.4375,-1.1875,28.1875,0.6444092,0.5663452,0.29467773,0.42089844
4b,1,Left Ankle,2751492,1779739161935,0.49,10.0,3.06,-5.625,-5.75,21.0,0.64398193,0.56726074,0.29107666,0.42285156
4b,1,Left Ankle,2751512,1779739161936,2.01,9.78,1.36,2.125,10.375,15.625,0.6421509,0.56762695,0.29052734,0.4255371
4b,3,Left Wrist,8987229,1779739161944,6.1138635,7.0040884,0.04785645,110.435776,75.3697,-71.50078,82.5158,-48.412685,349.28,0.0
4b,1,Left Ankle,2751532,1779739161963,0.71,9.73,2.35,-4.125,-10.875,6.0,0.6420288,0.56811523,0.28894043,0.4260254
4b,4,Right Wrist,35190181,1779739161967,2.6218355,-2.9360938,2.160719,107.24504,-33.178886,124.473724,-147.49957,6.2129974,129.55247,0.0
4b,1,Left Ankle,2751556,1779739161993,0.62,9.41,2.89,-1.5625,-7.75,2.375,0.64263916,0.5686035,0.28735352,0.4255371
4b,3,Left Wrist,8987289,1779739162003,7.477772,0.8808554,-1.9716859,-0.8642236,-71.490295,-116.79077,82.596306,-48.443176,349.1996,0.0
4b,1,Left Ankle,2751574,1779739162022,1.03,10.27,2.63,4.25,-7.8125,2.6875,0.6425171,0.56951904,0.2866211,0.42510986
4b,1,Left Ankle,2751593,1779739162030,0.8,10.46,1.62,6.75,-7.8125,1.9375,0.6422119,0.57092285,0.2859497,0.4241333
4b,4,Right Wrist,35190241,1779739162031,4.856732,0.3037877,4.1874394,-38.84496,-77.55888,100.81372,-147.50749,6.2386255,129.53802,0.0
4b,1,Left Ankle,2751613,1779739162054,1.45,9.72,1.32,7.3125,-0.75,0.875,0.64056396,0.5713501,0.28735352,0.4249878
4b,1,Left Ankle,2751633,1779739162055,0.66,9.53,2.52,1.8125,-14.25,0.5625,0.6407471,0.57244873,0.28637695,0.42388916
4b,3,Left Wrist,8987349,1779739162063,-1.5312054,12.182157,-2.7206395,130.31577,-196.8603,-85.43077,82.76735,-48.354324,349.05795,0.0
4b,1,Left Ankle,2751658,1779739162081,0.27,10.0,2.62,0.6875,-20.25,3.5625,0.6413574,0.5739136,0.28424072,0.42248535
4b,4,Right Wrist,35190301,1779739162086,9.202097,0.05732757,3.2805598,9.94504,-44.65889,72.11372,-147.5005,6.240148,129.52562,0.0
4b,1,Left Ankle,2751673,1779739162114,0.82,10.71,2.29,6.0625,-9.8125,9.1875,0.6409302,0.5756836,0.28240967,0.421875
4b,3,Left Wrist,8987409,1779739162123,-3.8115644,6.209672,-4.5080776,-64.84423,-208.8303,20.61922,82.89228,-48.31333,348.90024,0.0
4b,1,Left Ankle,2751698,1779739162144,0.32,9.61,0.76,9.8125,-0.5625,10.5625,0.6394043,0.5773926,0.28179932,0.42230225
4b,1,Left Ankle,2751713,1779739162144,2.92,10.66,1.06,13.75,19.9375,9.8125,0.6370239,0.5783081,0.28295898,0.4239502
4b,4,Right Wrist,35190361,1779739162145,7.9051876,-0.57677054,2.5986054,-41.714962,-63.208885,41.94373,-147.50867,6.240451,129.52582,0.0
4b,1,Left Ankle,2751733,1779739162171,2.81,10.68,2.25,16.5625,18.4375,-4.5,0.63446045,0.5784912,0.28637695,0.4251709
4b,3,Left Wrist,8987469,1779739162184,-2.0719829,5.8674974,-4.0965123,13.065777,-106.7003,-1.08078,83.01375,-48.261456,348.78836,0.0
4b,1,Left Ankle,2751756,1779739162206,3.53,12.45,1.59,20.625,7.3125,-25.875,0.63360596,0.5790405,0.2906494,0.42285156
4b,4,Right Wrist,35190421,1779739162207,8.618249,-3.091627,1.6965113,-9.09496,-31.91889,45.093727,-147.50024,6.2282376,129.51984,0.0
4b,1,Left Ankle,2751773,1779739162207,4.66,12.87,0.34,23.5625,-2.4375,-50.5625,0.6345215,0.57922363,0.29663086,0.4169922
4b,1,Left Ankle,2751793,1779739162232,0.4,18.88,-6.54,40.0625,-24.1875,-65.3125,0.63635254,0.58081055,0.30340576,0.40698242
4b,3,Left Wrist,8987529,1779739162243,0.22034137,4.857727,-2.696711,3.2657766,-39.0103,26.429222,83.108734,-48.21994,348.7101,0.0
4b,1,Left Ankle,2751821,1779739162261,9.3,13.66,0.7,36.875,-57.5625,-102.9375,0.64086914,0.58392334,0.30993652,0.39019775
4b,1,Left Ankle,2751838,1779739162262,1.42,13.91,-4.08,1.3125,-153.3125,-100.8125,0.65338135,0.58795166,0.3060913,0.36572266
4b,1,Left Ankle,2751853,1779739162292,-2.04,11.04,-4.5,30.75,-163.625,-107.8125,0.66571045,0.5944214,0.3005371,0.33642578
4b,4,Right Wrist,35190481,1779739162296,7.8142605,-3.213661,1.2299109,-3.35496,-16.098888,48.593727,-147.48921,6.211028,129.50993,0.0
4b,3,Left Wrist,8987589,1779739162303,2.5246296,4.9103684,-2.2037897,-77.93423,-35.3003,65.13922,83.177444,-48.208008,348.63226,0.0
4b,1,Left Ankle,2751879,1779739162323,-1.11,5.56,-6.18,41.4375,-208.6875,-101.1875,0.6768799,0.6043701,0.2909546,0.30316162
4b,1,Left Ankle,2751893,1779739162323,2.61,2.03,-3.69,39.3125,-328.4375,-100.125,0.6913452,0.61816406,0.2694702,0.2593994
4b,1,Left Ankle,2751913,1779739162358,5.21,1.98,4.4,-2.4375,-518.6875,-106.6875,0.71429443,0.6329346,0.22491455,0.19641113
4b,4,Right Wrist,35190541,1779739162358,9.884052,-4.331109,1.6582261,40.88504,-5.8088875,54.47373,-147.4624,6.1922417,129.49641,0.0
4b,3,Left Wrist,8987649,1779739162364,1.5890356,5.487039,-2.912065,7.6757765,-42.7903,71.92922,83.27786,-48.19103,348.5515,0.0
4b,1,Left Ankle,2751940,1779739162381,-0.7,3.78,7.58,-9.0,-545.125,-101.1875,0.73638916,0.64331055,0.16815186,0.124816895
4b,1,Left Ankle,2751958,1779739162381,-2.73,4.59,4.3,18.5625,-410.25,-80.125,0.7477417,0.64971924,0.120910645,0.06439209
4b,3,Left Wrist,8987708,1779739162423,1.1559347,5.8507476,-3.0245278,48.415775,-62.460304,81.86922,83.39675,-48.17331,348.46332,0.0
4b,1,Left Ankle,2751984,1779739162441,-2.55,1.5,7.12,81.0625,-164.375,-22.125,0.7435913,0.66308594,0.08465576,0.015930176
4b,1,Left Ankle,2752000,1779739162442,11.46,-0.11,10.26,78.375,-162.625,4.625,0.7380371,0.6719971,0.061157227,-0.0018310547
4b,1,Left Ankle,2752022,1779739162443,-4.31,22.09,16.37,-8.25,-150.75,26.4375,0.73876953,0.6727295,0.036743164,-0.016296387
4b,4,Right Wrist,35190631,1779739162445,13.1167555,-5.4868426,3.9696927,-90.01496,-122.07888,84.71372,-147.47978,6.216798,129.49593,0.0
4b,1,Left Ankle,2752043,1779739162501,6.28,18.49,3.41,-15.3125,-106.6875,15.625,0.74053955,0.6712036,0.026428223,-0.020202637
4b,1,Left Ankle,2752058,1779739162502,-3.53,12.58,-6.42,1.0625,59.8125,43.4375,0.74035645,0.6715088,0.026672363,-0.015258789
4b,3,Left Wrist,8987769,1779739162513,0.1653063,5.235793,-1.7754744,70.115776,-71.350296,89.56922,83.5069,-48.14394,348.3854,0.0
4b,1,Left Ankle,2752082,1779739162532,4.92,12.68,-5.62,7.1875,13.0625,20.5,0.7374878,0.67456055,0.032409668,7.324219E-4
4b,4,Right Wrist,35190691,1779739162538,11.853346,-1.5075784,4.2544384,-2.6549602,-113.60889,53.21373,-147.47209,6.234556,129.50249,0.0
4b,1,Left Ankle,2752123,1779739162566,-2.14,10.74,0.92,-18.5,-71.3125,16.5,0.74176025,0.67041016,0.01373291,-0.010498047
4b,1,Left Ankle,2752101,1779739162565,2.73,7.74,2.18,-18.5625,-67.6875,7.9375,0.7392578,0.67297363,0.024719238,-0.0038452148
4b,3,Left Wrist,8987859,1779739162573,0.359125,1.2038863,2.6895325,47.015778,-111.810295,75.70922,83.50524,-48.161217,348.37497,0.0
4b,1,Left Ankle,2752145,1779739162593,-2.57,11.7,0.23,-3.8125,-21.625,19.75,0.7427368,0.6694336,0.0072021484,-0.012023926
4b,1,Left Ankle,2752164,1779739162594,-0.21,10.03,1.73,1.875,7.0,22.125,0.7426758,0.66955566,0.005004883,-0.009033203
4b,4,Right Wrist,35190781,1779739162595,10.640184,-2.711168,2.6368904,14.49504,-121.238884,-24.276272,-147.45355,6.236972,129.53369,0.0
4b,1,Left Ankle,2752184,1779739162624,1.02,10.01,0.37,-1.1875,3.9375,20.0625,0.7426758,0.6696167,0.003479004,-0.0056762695
4b,3,Left Wrist,8987918,1779739162639,-1.3278152,0.70139366,6.352944,-62.044224,-161.16031,43.99922,83.49375,-48.1724,348.33124,0.0
4b,1,Left Ankle,2752208,1779739162654,0.47,10.36,0.65,-6.1875,-13.75,16.4375,0.74328613,0.6689453,3.0517578E-4,-0.0045776367
4b,1,Left Ankle,2752229,1779739162656,0.28,9.25,1.5,-10.4375,-27.1875,13.125,0.7442627,0.6678467,-0.004211426,-0.005493164
4b,1,Left Ankle,2752243,1779739162686,-0.84,9.52,1.52,-14.1875,-29.1875,13.3125,0.74591064,0.6659546,-0.009643555,-0.007446289
4b,4,Right Wrist,35190872,1779739162686,4.0240293,-1.6655046,-0.36610186,-30.234959,-42.97889,-44.226273,-147.45052,6.2028985,129.55614,0.0
4b,1,Left Ankle,2752289,1779739162714,0.31,9.8,1.05,-0.3125,-6.1875,13.25,0.7470703,0.66448975,-0.016357422,-0.0072021484
4b,1,Left Ankle,2752271,1779739162715,0.12,9.9,0.96,-6.8125,-16.25,14.0,0.74694824,0.66467285,-0.013916016,-0.008117676
4b,3,Left Wrist,8987979,1779739162723,-2.8568287,4.486839,6.6161547,122.19577,-78.9803,1.0192223,83.52277,-48.147743,348.32312,0.0
4b,1,Left Ankle,2752306,1779739162742,0.98,9.61,1.11,2.1875,-7.8125,10.5625,0.7468872,0.66467285,-0.018493652,-0.0065307617
4b,4,Right Wrist,35190961,1779739162745,3.3229325,-1.8856443,-3.0221348,0.6350398,43.751114,-42.266273,-147.45045,6.1214194,129.56032,0.0
4b,1,Left Ankle,2752324,1779739162773,0.59,9.77,0.85,0.3125,-17.375,6.1875,0.74676514,0.6647339,-0.0211792,-0.0072631836
4b,1,Left Ankle,2752347,1779739162774,0.7,9.72,1.06,0.375,-18.125,2.8125,0.7467041,0.66467285,-0.023925781,-0.008972168
4b,3,Left Wrist,8988069,1779739162784,-0.91624975,10.382753,0.8039884,-64.494225,-6.600301,63.66922,83.50454,-48.102585,348.3201,0.0
4b,1,Left Ankle,2752363,1779739162801,0.43,10.02,1.08,1.3125,-19.0,-0.6875,0.74645996,0.6647949,-0.026611328,-0.0107421875
4b,4,Right Wrist,35191021,1779739162806,4.7897325,-1.7995027,-3.6993039,96.185036,88.34111,-65.57628,-147.42188,6.025228,129.56245,0.0
4b,1,Left Ankle,2752388,1779739162831,0.53,9.66,1.3,2.125,-19.25,-2.4375,0.7461548,0.66503906,-0.028808594,-0.013244629
4b,1,Left Ankle,2752403,1779739162831,0.36,9.94,1.18,5.0625,-13.625,-3.0625,0.74554443,0.66552734,-0.030456543,-0.015380859
4b,3,Left Wrist,8988129,1779739162842,1.447859,12.055338,-2.6632116,27.765776,28.9597,94.74922,83.55101,-48.067165,348.30194,0.0
4b,1,Left Ankle,2752423,1779739162863,1.19,9.5,1.57,9.0,-5.6875,-3.6875,0.744751,0.6664429,-0.031311035,-0.016418457
4b,4,Right Wrist,35191082,1779739162866,6.2732825,-2.1679976,-3.6777685,56.00504,78.82111,-84.54627,-147.40251,5.93263,129.57243,0.0
4b,1,Left Ankle,2752443,1779739162891,0.65,9.48,1.58,10.1875,-4.9375,-3.4375,0.7435913,0.6676636,-0.03149414,-0.017333984
4b,1,Left Ankle,2752463,1779739162891,0.49,9.79,1.12,13.3125,-5.5,-1.75,0.74212646,0.6692505,-0.031982422,-0.018188477
4b,3,Left Wrist,8988189,1779739162904,3.017551,9.138487,-3.964907,45.825775,114.8497,143.95923,83.59616,-48.065292,348.31064,0.0
4b,1,Left Ankle,2752487,1779739162922,0.82,9.9,1.05,15.9375,-6.0625,-0.125,0.74035645,0.6711426,-0.032714844,-0.018798828
4b,1,Left Ankle,2752503,1779739162925,0.6,9.79,1.21,16.875,-6.0,-0.3125,0.7384033,0.6732788,-0.03338623,-0.01928711
4b,4,Right Wrist,35191141,1779739162930,7.62762,-1.6367911,-4.45065,53.06504,74.06111,-106.736275,-147.38887,5.8380303,129.58926,0.0
4b,1,Left Ankle,2752529,1779739162955,-0.31,10.11,0.6,19.6875,-1.3125,2.5,0.7362671,0.6755371,-0.034057617,-0.019348145
4b,2,Right Ankle,2479982,1779739162960,-6.3238897,-4.118069,4.103691,39.73718,-54.630657,-42.87682,-56.58686,25.318901,171.71803,0.0
4b,3,Left Wrist,8988249,1779739162963,3.6348991,10.849354,-3.6466618,35.325775,166.50969,200.16922,83.60859,-48.074814,348.35437,0.0
4b,1,Left Ankle,2752543,1779739162982,1.05,9.8,0.55,24.8125,6.8125,3.75,0.73358154,0.67852783,-0.033935547,-0.018127441
4b,4,Right Wrist,35191201,1779739162987,8.3670025,-2.184747,-4.2831526,80.99504,59.851112,-124.72627,-147.36076,5.74565,129.61453,0.0
4b,1,Left Ankle,2752572,1779739163012,-0.02,9.92,0.8,27.75,7.375,4.6875,0.7305298,0.68182373,-0.03387451,-0.016906738
4b,3,Left Wrist,8988309,1779739163024,4.228319,11.665307,-1.026521,94.825775,185.6897,254.34923,83.60144,-48.085842,348.43393,0.0
4b,1,Left Ankle,2752592,1779739163042,0.11,9.59,0.62,29.9375,5.25,5.625,0.72540283,0.6873169,-0.03387451,-0.014465332
4b,1,Left Ankle,2752607,1779739163046,0.0,10.37,-0.03,30.875,5.875,8.125,0.7236328,0.689209,-0.034118652,-0.01361084
4b,4,Right Wrist,35191261,1779739163046,8.558428,-4.591927,-4.156333,39.27504,25.061111,-117.79627,-147.33505,5.6659384,129.6455,0.0
4b,1,Left Ankle,2752632,1779739163072,0.4,10.06,0.74,29.4375,-2.75,10.0625,0.71832275,0.69470215,-0.035583496,-0.011291504
4b,3,Left Wrist,8988369,1779739163085,5.594621,10.368398,0.7010971,103.575775,159.64969,320.91922,83.57478,-48.116455,348.52603,0.0
4b,1,Left Ankle,2752656,1779739163114,0.16,9.98,0.24,25.0625,-15.75,13.4375,0.71520996,0.6977539,-0.038513184,-0.011047363
4b,1,Left Ankle,2752675,1779739163115,0.2,9.94,0.11,26.0625,-15.6875,15.5625,0.71209717,0.7006836,-0.042419434,-0.011047363
4b,4,Right Wrist,35191321,1779739163115,7.955437,-3.7855456,-4.599005,-20.854961,-10.358889,-99.03628,-147.33484,5.597103,129.67715,0.0
4b,1,Left Ankle,2752692,1779739163132,0.18,9.65,0.11,27.1875,-10.1875,19.5625,0.7088623,0.70373535,-0.045959473,-0.010070801
4b,3,Left Wrist,8988429,1779739163145,7.463415,12.131907,1.5888343,142.49577,110.0197,338.2092,83.561325,-48.1566,348.6074,0.0
4b,1,Left Ankle,2752715,1779739163167,0.21,9.76,-0.14,26.5625,-12.125,25.5,0.70562744,0.70684814,-0.049316406,-0.007385254
4b,1,Left Ankle,2752740,1779739163168,1.64,9.95,-0.75,26.5,-17.375,30.75,0.70233154,0.7097168,-0.05480957,-0.005493164
4b,1,Left Ankle,2752754,1779739163192,2.39,10.0,0.06,28.75,-32.1875,35.0625,0.69873047,0.7126465,-0.06213379,-0.004638672
4b,2,Right Ankle,2481036,1779739163200,-9.192884,0.37565178,0.31345975,92.09718,4.379342,-62.12682,-56.72072,25.4868,171.61517,0.0
4b,3,Left Wrist,8988489,1779739163208,10.454443,3.79292,0.930808,71.44577,49.819702,329.38922,83.53892,-48.342304,348.6628,0.0
4b,1,Left Ankle,2752780,1779739163222,-0.07,10.14,-0.63,25.0,-30.1875,38.0625,0.6935425,0.71661377,-0.07409668,-0.0025634766
4b,1,Left Ankle,2752794,1779739163223,0.12,9.63,-0.97,24.5,-12.25,39.5,0.6920166,0.71777344,-0.07720947,-8.544922E-4
4b,4,Right Wrist,35191485,1779739163227,4.19392,-2.065106,-1.7970098,-39.054962,-101.35889,6.523728,-147.34518,5.525554,129.71855,0.0
4b,1,Left Ankle,2752814,1779739163259,0.4,9.24,-1.14,22.6875,1.875,42.9375,0.68914795,0.71990967,-0.08239746,0.004272461
4b,3,Left Wrist,8988549,1779739163265,13.270796,1.5388817,-1.9645073,12.785776,-14.930301,283.32922,83.566536,-48.51413,348.64948,0.0
4b,1,Left Ankle,2752856,1779739163282,3.54,11.01,-1.4,22.0,2.5,43.75,0.6833496,0.7241821,-0.09106445,0.01727295
4b,1,Left Ankle,2752839,1779739163282,3.51,9.51,-1.32,25.25,11.625,44.25,0.6862793,0.72210693,-0.08660889,0.010925293
4b,4,Right Wrist,35191504,1779739163289,2.8180468,-2.3019958,-1.3950156,-58.65496,-104.08889,22.623728,-147.34596,5.513344,129.73334,0.0
4b,1,Left Ankle,2752882,1779739163316,2.44,10.01,-1.68,14.5,-12.25,40.0625,0.68011475,0.7258301,-0.10040283,0.022521973
4b,3,Left Wrist,8988609,1779739163325,12.830517,-1.5000032,-4.319045,39.805775,-33.9703,205.90923,83.62841,-48.656757,348.611,0.0
4b,1,Left Ankle,2752900,1779739163343,2.71,9.77,-0.96,13.6875,-17.75,38.5,0.6779175,0.7269287,-0.10626221,0.0256958
4b,4,Right Wrist,35191561,1779739163347,1.2914261,-2.9911282,0.0071784677,-94.21496,-92.25889,58.953728,-147.34315,5.5312967,129.73683,0.0
4b,1,Left Ankle,2752924,1779739163371,2.81,10.66,-0.9,9.875,-22.5625,39.625,0.67614746,0.727417,-0.11364746,0.02746582
4b,1,Left Ankle,2752944,1779739163372,2.39,9.45,-1.63,7.25,-14.9375,39.125,0.67456055,0.72772217,-0.12023926,0.030395508
4b,3,Left Wrist,8988668,1779739163384,13.653648,-0.87308365,-4.766503,-25.924223,-38.5903,137.02922,83.67652,-48.774345,348.5627,0.0
4b,1,Left Ankle,2752962,1779739163401,3.51,8.95,-2.1,3.625,-25.5,35.8125,0.67333984,0.7276001,-0.12719727,0.031921387
4b,1,Left Ankle,2752988,1779739163434,2.25,9.1,-2.26,1.3125,-48.3125,33.1875,0.6720581,0.7272339,-0.13616943,0.030639648
4b,1,Left Ankle,2753003,1779739163437,1.12,9.54,-1.49,1.9375,-52.625,31.25,0.67041016,0.7269287,-0.1461792,0.02746582
4b,4,Right Wrist,35191622,1779739163437,1.6001002,-0.38055882,0.6197411,-37.09496,-45.358887,85.623726,-147.347,5.535293,129.72115,0.0
4b,3,Left Wrist,8988729,1779739163443,13.629719,-0.9137616,-4.7282176,23.005777,-30.400301,104.96922,83.739746,-48.88056,348.51685,0.0
4b,1,Left Ankle,2753022,1779739163462,1.28,8.97,-1.08,1.5625,-43.4375,27.6875,0.6688843,0.72662354,-0.15478516,0.025146484
4b,1,Left Ankle,2753044,1779739163492,1.94,8.54,-1.11,0.375,-35.25,28.5625,0.6677246,0.7260742,-0.16247559,0.023742676
4b,4,Right Wrist,35191681,1779739163496,1.9781662,-0.44516546,0.05503492,58.66504,18.131111,83.873726,-147.32205,5.510717,129.69363,0.0
4b,2,Right Ankle,2481228,1779739163500,-3.2156138,-1.9382079,-2.4550362,4.3871794,-23.060658,3.6731796,-56.842777,25.55159,171.57954,0.0
4b,3,Left Wrist,8988789,1779739163504,14.452851,-0.6505512,-4.668397,-35.794224,-27.1803,79.34922,83.78095,-48.978203,348.47214,0.0
4b,1,Left Ankle,2753066,1779739163521,1.41,9.05,-1.47,1.25,-27.25,30.0,0.666687,0.72540283,-0.16967773,0.02331543
4b,1,Left Ankle,2753082,1779739163522,1.52,9.66,-1.07,3.0625,-18.6875,29.3125,0.6656494,0.72491455,-0.17565918,0.024169922
4b,1,Left Ankle,2753105,1779739163553,2.41,9.55,-0.51,2.4375,-11.75,29.25,0.6647339,0.72442627,-0.1807251,0.025878906
4b,1,Left Ankle,2753127,1779739163554,3.15,9.16,-0.49,0.6875,-7.75,28.0,0.6641846,0.72369385,-0.18511963,0.028076172
4b,3,Left Wrist,8988849,1779739163566,14.488743,-1.3301127,-5.692525,16.495775,-27.320301,68.28922,83.8464,-49.07033,348.42255,0.0
4b,1,Left Ankle,2753142,1779739163581,3.24,9.2,-0.55,-1.5625,-6.5625,26.875,0.6639404,0.7227783,-0.18920898,0.030273438
4b,2,Right Ankle,2481482,1779739163590,-0.40883273,0.35650897,0.86620176,-0.7228205,-4.930658,-3.3268204,-56.737335,25.679195,171.63826,0.0
4b,1,Left Ankle,2753168,1779739163612,3.17,9.55,-1.23,-1.9375,-3.5625,26.25,0.6638794,0.7217407,-0.19299316,0.032592773
4b,1,Left Ankle,2753187,1779739163613,2.78,9.94,-1.36,-1.125,6.625,24.3125,0.6640625,0.72076416,-0.19561768,0.035827637
4b,1,Left Ankle,2753202,1779739163642,3.35,9.55,-1.64,-1.1875,11.625,21.875,0.6644287,0.7197876,-0.19714355,0.03967285
4b,1,Left Ankle,2753226,1779739163677,3.34,9.34,-2.07,-2.9375,5.125,15.1875,0.66485596,0.7189331,-0.19836426,0.042419434
4b,1,Left Ankle,2753245,1779739163677,3.2,8.98,-1.91,-3.25,-6.3125,8.125,0.66503906,0.7182617,-0.20007324,0.042907715
4b,1,Left Ankle,2753261,1779739163701,2.89,9.12,-1.61,-2.6875,-7.875,5.6875,0.66503906,0.7178955,-0.20141602,0.042541504
4b,3,Left Wrist,8989012,1779739163714,15.711475,0.751643,-6.312266,-12.204224,-10.100301,54.149223,83.961525,-49.23863,348.32867,0.0
4b,1,Left Ankle,2753287,1779739163733,3.12,9.27,-0.84,-0.0625,0.6875,-1.3125,0.664978,0.7178955,-0.20153809,0.0423584
4b,2,Right Ankle,2481678,1779739163744,-0.729471,-0.39723012,0.9475578,9.287179,-0.31065774,-8.01682,-56.64294,25.768389,171.67476,0.0
4b,4,Right Wrist,35191771,1779739163744,3.155435,0.473679,-1.457229,13.51504,52.921112,68.543724,-147.33653,5.463827,129.6618,0.0
4b,1,Left Ankle,2753305,1779739163744,3.44,9.29,-0.46,1.6875,6.1875,-3.8125,0.66503906,0.7182007,-0.20031738,0.04284668
4b,1,Left Ankle,2753322,1779739163762,3.4,9.71,-0.52,1.8125,8.75,-4.5,0.6651001,0.71850586,-0.19885254,0.04345703
4b,3,Left Wrist,8989031,1779739163775,15.555943,0.7731784,-6.271588,-11.3642235,-10.8703,55.61922,84.019905,-49.32103,348.2803,0.0
4b,1,Left Ankle,2753345,1779739163792,3.48,9.72,-1.15,0.875,8.375,-7.375,0.6652832,0.71875,-0.19702148,0.043823242
4b,1,Left Ankle,2753366,1779739163793,3.33,9.74,-1.3,-0.625,5.0,-10.5,0.6655884,0.71899414,-0.19519043,0.043395996
4b,4,Right Wrist,35192039,1779739163795,6.438387,0.44975102,-2.7086754,-0.83496,13.0211115,-2.2262719,-147.37292,5.343226,129.61615,0.0
4b,1,Left Ankle,2753384,1779739163822,3.1,9.74,-1.66,-1.625,3.0625,-13.375,0.6659546,0.7192383,-0.1932373,0.0423584
4b,1,Left Ankle,2753403,1779739163853,3.14,9.53,-1.6,-1.0625,4.0625,-14.0,0.66625977,0.7199707,-0.1895752,0.042663574
4b,1,Left Ankle,2753423,1779739163854,2.65,9.66,-1.05,0.0625,8.3125,-13.375,0.66656494,0.7203369,-0.18713379,0.041992188
4b,4,Right Wrist,35192071,1779739163886,6.112964,-0.7323036,-2.7732813,8.82504,18.901112,-13.146273,-147.37659,5.2865005,129.61583,0.0
4b,1,Left Ankle,2753446,1779739163886,2.6,9.52,-1.03,1.0,12.3125,-12.875,0.66693115,0.72076416,-0.1842041,0.041992188
4b,3,Left Wrist,8989119,1779739163893,15.996221,0.07686697,-6.06102,-6.2542233,-9.470301,58.48922,84.07492,-49.406982,348.2361,0.0
4b,1,Left Ankle,2753470,1779739163912,3.18,9.59,-2.18,-1.25,11.5625,-17.0,0.66748047,0.72106934,-0.18096924,0.041748047
4b,1,Left Ankle,2753483,1779739163913,4.55,9.24,-1.67,-2.6875,11.25,-20.625,0.66833496,0.7213135,-0.1772461,0.040649414
4b,2,Right Ankle,2481904,1779739163919,-2.162772,-1.5529634,0.95952183,-2.3328204,-3.3206577,-7.8768196,-56.567627,25.951843,171.70203,0.0
4b,1,Left Ankle,2753503,1779739163942,4.45,11.01,-0.99,0.125,14.0,-20.5,0.6687622,0.7220459,-0.17266846,0.040649414
4b,1,Left Ankle,2753529,1779739163976,3.98,11.28,-1.4,-4.0,17.5625,-27.5,0.6697998,0.722229,-0.16778564,0.039489746
4b,4,Right Wrist,35192131,1779739163977,5.811468,-1.1510481,-2.928815,-0.20495987,17.011112,-24.276272,-147.38141,5.2261653,129.61932,0.0
4b,1,Left Ankle,2753544,1779739163977,4.75,10.86,-2.8,-4.9375,33.9375,-35.3125,0.6713867,0.72247314,-0.16040039,0.03930664
4b,3,Left Wrist,8989283,1779739163985,15.694725,-1.4377897,-5.460421,23.985777,-85.9803,16.979221,84.23484,-49.56425,348.1098,0.0
4b,1,Left Ankle,2753566,1779739164002,5.38,11.03,-3.48,-7.5,45.5625,-39.3125,0.673645,0.72247314,-0.15039062,0.04046631
4b,1,Left Ankle,2753585,1779739164033,5.45,10.84,-2.61,-3.25,44.375,-41.125,0.6755371,0.7227173,-0.14019775,0.041381836
4b,1,Left Ankle,2753608,1779739164034,3.99,10.72,-1.67,-8.0,35.1875,-44.8125,0.67749023,0.7227783,-0.13031006,0.040893555
4b,3,Left Wrist,8989302,1779739164045,14.1752825,-2.9572322,-5.4125648,44.845776,-130.0803,-8.08078,84.35003,-49.6354,348.00455,0.0
4b,1,Left Ankle,2753634,1779739164063,2.04,9.3,-1.31,-17.25,52.375,-39.0625,0.68182373,0.7211914,-0.11517334,0.041503906
4b,2,Right Ankle,2481923,1779739164076,-1.6291724,-1.275396,0.9260224,2.4271793,-3.0406575,-7.03682,-56.559452,26.024313,171.70482,0.0
4b,1,Left Ankle,2753650,1779739164093,1.64,8.3,-1.12,-20.75,62.0625,-35.8125,0.68603516,0.71868896,-0.10357666,0.04522705
4b,1,Left Ankle,2753671,1779739164094,0.5,8.59,-1.98,-30.25,64.75,-26.5625,0.69091797,0.715271,-0.09259033,0.049804688
4b,3,Left Wrist,8989389,1779739164109,3.4482589,-13.021443,4.709075,-55.674225,-410.2903,-328.2608,84.48548,-49.568203,347.7869,0.0
4b,1,Left Ankle,2753695,1779739164124,1.13,7.46,-1.58,-33.125,34.0625,-28.875,0.69573975,0.7114258,-0.08453369,0.050964355
4b,4,Right Wrist,35192325,1779739164128,2.612264,-3.0557349,-3.2709887,17.43504,4.971112,-72.36627,-147.35432,5.0789313,129.65173,0.0
4b,1,Left Ankle,2753710,1779739164154,1.29,6.63,-0.61,-30.9375,-2.125,-19.25,0.69958496,0.7081299,-0.082458496,0.04827881
4b,3,Left Wrist,8989449,1779739164163,-28.18725,-12.085851,25.339993,-245.44423,-436.2603,-425.0708,84.56147,-49.426197,347.55624,0.0
4b,1,Left Ankle,2753735,1779739164182,2.49,4.46,4.58,-18.5625,8.0625,-3.875,0.7022705,0.70562744,-0.081604004,0.047180176
4b,1,Left Ankle,2753759,1779739164183,2.83,5.37,4.16,5.875,141.0625,19.5,0.70391846,0.7041626,-0.07232666,0.05895996
4b,1,Left Ankle,2753775,1779739164212,3.88,4.32,5.31,14.375,191.6875,30.3125,0.7041626,0.703125,-0.055358887,0.08178711
4b,4,Right Wrist,35192448,1779739164219,-8.310971,3.3378878,3.7686956,-164.21497,-114.168884,-139.77628,-147.38054,5.0730357,129.7409,0.0
4b,3,Left Wrist,8989509,1779739164225,-40.419357,8.253141,23.928226,-230.11423,-542.5903,-494.02078,84.69313,-49.246593,347.26196,0.0
4b,1,Left Ankle,2753798,1779739164245,4.53,4.84,6.3,39.0625,344.25,60.75,0.7008667,0.70147705,-0.022949219,0.1272583
4b,1,Left Ankle,2753820,1779739164277,3.57,7.2,3.83,44.0,385.9375,66.625,0.69415283,0.69659424,0.015808105,0.1807251
4b,1,Left Ankle,2753840,1779739164277,1.99,8.65,0.24,28.0625,372.25,40.875,0.68621826,0.68725586,0.05645752,0.23156738
4b,3,Left Wrist,8989569,1779739164286,-37.875786,16.36481,11.502298,-95.714226,-412.2503,-381.1808,84.82518,-49.0911,347.03513,0.0
4b,1,Left Ankle,2753859,1779739164303,-0.43,10.43,-1.3,6.75,253.625,5.9375,0.68078613,0.67681885,0.088012695,0.26586914
4b,1,Left Ankle,2753879,1779739164313,-2.67,10.01,0.78,-19.75,136.8125,-39.9375,0.6809082,0.6672363,0.10961914,0.2814331
4b,1,Left Ankle,2753894,1779739164332,10.64,13.93,-14.73,-2.5,93.75,-72.25,0.6846924,0.6593628,0.12634277,0.2836914
4b,4,Right Wrist,35192467,1779739164336,-9.385348,2.663111,11.030912,-245.13496,-128.79889,-173.02628,-147.45377,5.094238,129.81683,0.0
4b,3,Left Wrist,8989629,1779739164343,-26.529022,23.18914,-1.3854443,-256.01422,-237.74031,-52.250782,84.840866,-49.028576,346.90045,0.0
4b,1,Left Ankle,2753920,1779739164392,9.74,29.43,-14.1,47.9375,46.4375,-85.25,0.6837158,0.6591797,0.15148926,0.2741089
4b,1,Left Ankle,2753940,1779739164393,7.66,7.3,1.18,-15.8125,-54.0,-137.8125,0.6884155,0.6576538,0.15563965,0.26330566
4b,1,Left Ankle,2753957,1779739164394,-3.63,-0.7,-4.46,-22.5625,-81.125,-106.0625,0.69781494,0.65460205,0.1586914,0.24365234
4b,4,Right Wrist,35192655,1779739164394,-4.5805607,19.049162,22.65046,-626.845,267.2611,-379.31628,-147.77493,4.9021335,129.99634,0.0
4b,3,Left Wrist,8989689,1779739164410,-8.712065,26.338095,-19.776678,-275.05423,-50.490303,142.27922,84.837395,-49.02397,346.822,0.0
4b,1,Left Ankle,2753980,1779739164421,-4.04,12.27,2.96,-19.25,-42.3125,-80.5625,0.7072754,0.6500244,0.16491699,0.22351074
4b,1,Left Ankle,2753998,1779739164421,-0.15,12.32,3.54,-26.25,53.125,-63.25,0.7091675,0.64660645,0.17108154,0.22302246
4b,1,Left Ankle,2754019,1779739164453,-0.15,12.65,-3.61,-44.875,80.5625,-48.4375,0.7127075,0.6368408,0.18579102,0.22790527
4b,4,Right Wrist,35192674,1779739164457,-4.870093,21.724337,13.964514,-550.40497,294.6311,-348.23627,-147.97272,4.7563043,130.04398,0.0
4b,3,Left Wrist,8989749,1779739164464,-4.402592,15.273684,-26.428724,-254.96423,160.6297,356.47922,84.775795,-49.11167,346.8453,0.0
4b,1,Left Ankle,2754037,1779739164486,-1.89,8.91,4.38,-70.3125,81.625,-41.75,0.7185669,0.62457275,0.1977539,0.23339844
4b,1,Left Ankle,2754054,1779739164486,-4.2,7.78,14.14,-95.625,117.3125,-15.625,0.7253418,0.6086426,0.20910645,0.24432373
4b,1,Left Ankle,2754082,1779739164522,-4.37,7.44,3.2,-81.5,184.0,21.625,0.727417,0.5910034,0.22521973,0.26617432
4b,4,Right Wrist,35192731,1779739164522,8.867103,12.074083,-1.5816557,-375.68497,159.3211,-245.19627,-148.1245,4.6455045,130.08536,0.0
4b,3,Left Wrist,8989809,1779739164523,-8.903491,17.341082,-24.327827,-225.49423,334.3697,586.42926,84.636795,-49.26291,346.97928,0.0
4b,1,Left Ankle,2754099,1779739164574,-1.07,7.44,-1.72,-52.5625,149.0625,50.5625,0.7246094,0.57769775,0.23852539,0.29040527
4b,4,Right Wrist,35192791,1779739164576,10.223833,5.1085763,-2.0099711,-156.65497,87.64111,-94.416275,-148.19525,4.570394,130.09592,0.0
4b,2,Right Ankle,2482128,1779739164587,-2.117308,-0.5312281,1.9932213,18.52718,17.819344,-3.9568202,-56.43756,26.0867,171.74542,0.0
4b,3,Left Wrist,8989869,1779739164587,-17.185051,11.682057,-4.208975,-1.3542236,201.1597,732.30927,84.54755,-49.460426,347.10788,0.0
4b,1,Left Ankle,2754116,1779739164601,1.92,15.36,1.58,-30.125,33.8125,60.8125,0.72247314,0.57250977,0.2387085,0.30541992
4b,1,Left Ankle,2754141,1779739164602,3.41,17.98,6.62,-5.0,7.6875,54.0,0.7182007,0.5739746,0.23236084,0.3173828
4b,1,Left Ankle,2754157,1779739164603,-0.13,8.98,4.83,20.3125,29.1875,55.0625,0.7151489,0.5755005,0.23205566,0.3217163
4b,4,Right Wrist,35192851,1779739164637,3.8469608,-5.723732,-2.3425734,-95.54496,13.791112,52.58373,-148.19768,4.5383267,130.08028,0.0
4b,1,Left Ankle,2754185,1779739164664,-0.2,9.64,11.81,23.8125,39.5625,54.0,0.7081909,0.5786133,0.23254395,0.3310547
4b,1,Left Ankle,2754201,1779739164665,0.1,8.25,10.67,19.75,72.125,47.8125,0.69659424,0.5786133,0.24066162,0.3493042
4b,1,Left Ankle,2754224,1779739164666,1.09,8.69,8.49,18.5,129.6875,37.9375,0.6871948,0.5736084,0.25445557,0.36602783
4b,3,Left Wrist,8989929,1779739164674,-2.165303,8.719742,2.5292134,302.79578,99.3097,678.40924,84.5685,-49.636604,347.20938,0.0
4b,1,Left Ankle,2754244,1779739164693,2.73,9.91,3.92,11.5625,159.625,18.125,0.6779785,0.5653076,0.27288818,0.38256836
4b,1,Left Ankle,2754258,1779739164694,2.24,8.23,2.48,21.125,168.875,-6.125,0.67315674,0.56085205,0.2835083,0.3897705
4b,2,Right Ankle,2482666,1779739164699,-1.6124223,24.612553,4.9459643,-191.61282,0.31934237,-321.47684,-56.654903,26.440434,171.60405,0.0
4b,1,Left Ankle,2754283,1779739164722,-1.13,0.96,-2.95,33.8125,149.3125,-18.3125,0.6593628,0.55059814,0.3135376,0.4046631
4b,1,Left Ankle,2754298,1779739164722,-2.71,-0.9,-8.07,36.5,79.25,-12.875,0.65600586,0.54956055,0.31976318,0.40667725
4b,4,Right Wrist,35192912,1779739164726,-10.789935,-15.283059,-8.626125,15.75504,11.481112,0.923728,-148.15747,4.5743785,130.08066,0.0
4b,3,Left Wrist,8990019,1779739164734,3.3022969,-5.656336,6.5204415,-359.61423,-115.170296,248.81923,84.43558,-49.75144,347.19443,0.0
4b,1,Left Ankle,2754323,1779739164751,-0.9,10.34,-11.49,34.75,6.25,-4.9375,0.64837646,0.5523071,0.32946777,0.40740967
4b,4,Right Wrist,35192971,1779739164786,-12.857334,-9.480464,-4.4841495,-111.85496,-27.71889,-92.17628,-148.1735,4.609008,130.11485,0.0
4b,2,Right Ankle,2482715,1779739164790,-3.1869,23.507069,3.6083765,-264.20282,10.329342,-379.22684,-56.74714,26.354385,171.53625,0.0
4b,3,Left Wrist,8990079,1779739164794,-5.046262,37.103405,-16.417156,1.7257764,187.64969,124.98923,84.41844,-49.725586,347.25284,0.0
4b,1,Left Ankle,2754364,1779739164814,-9.37,-8.18,1.15,-2.375,4.875,-105.0625,0.6609497,0.539978,0.34906006,0.38702393
4b,1,Left Ankle,2754345,1779739164814,23.26,39.7,8.63,17.0,15.4375,-46.6875,0.6519165,0.5479126,0.3392334,0.39959717
4b,1,Left Ankle,2754382,1779739164814,-5.9,11.65,5.79,12.9375,33.75,-52.375,0.66259766,0.5354614,0.3583374,0.38189697
4b,4,Right Wrist,35193061,1779739164846,-5.0758753,-17.438992,-4.1587257,-7.6949596,77.91111,-19.796272,-148.13266,4.596334,130.1099,0.0
4b,1,Left Ankle,2754403,1779739164870,-0.95,9.14,0.59,21.25,32.375,-23.0,0.66064453,0.5336914,0.3657837,0.38067627
4b,1,Left Ankle,2754423,1779739164901,-0.92,10.98,1.84,10.375,-12.25,-24.375,0.6607666,0.53375244,0.3690796,0.37719727
4b,1,Left Ankle,2754447,1779739164902,-3.81,11.68,4.81,11.625,-12.8125,-16.3125,0.6623535,0.53479004,0.36932373,0.37268066
4b,1,Left Ankle,2754463,1779739164903,2.95,6.66,-2.63,28.6875,28.25,-4.0625,0.6586914,0.5355835,0.37438965,0.37304688
4b,4,Right Wrist,35193122,1779739164906,-9.617453,-9.054542,2.1535404,-120.32496,-4.548888,56.92373,-148.15068,4.634895,130.09581,0.0
4b,2,Right Ankle,2482775,1779739164909,10.600544,-18.848286,1.0049856,-86.19282,8.999342,-562.4168,-56.872826,26.126385,171.39522,0.0
4b,3,Left Wrist,8990139,1779739164921,2.505487,0.26829278,2.1583261,-217.37422,366.5697,-53.860775,84.13099,-49.718258,347.4954,0.0
4b,1,Left Ankle,2754492,1779739164931,0.43,10.46,1.64,-6.75,-51.875,-30.9375,0.66137695,0.536499,0.37371826,0.3675537
4b,1,Left Ankle,2754503,1779739164932,-8.99,9.02,-1.24,-26.4375,-36.4375,-15.6875,0.6682739,0.5352783,0.3687744,0.36175537
4b,1,Left Ankle,2754526,1779739164961,-1.17,10.8,-1.01,-24.75,18.125,28.4375,0.66845703,0.5332031,0.36688232,0.36645508
4b,4,Right Wrist,35193181,1779739164971,-11.368998,-7.91795,-3.2374892,-89.80496,-47.318886,27.033728,-148.16225,4.69614,130.09811,0.0
4b,1,Left Ankle,2754548,1779739164995,-0.01,11.57,3.42,-40.625,-15.9375,25.9375,0.67059326,0.53100586,0.36114502,0.37139893
4b,1,Left Ankle,2754569,1779739164995,-0.82,9.47,6.71,-24.8125,-9.125,15.75,0.6729126,0.529541,0.35614014,0.37408447
4b,2,Right Ankle,2482968,1779739164999,-13.026186,8.989813,-3.603591,91.04718,8.089342,-203.17682,-56.925034,25.987469,171.21921,0.0
4b,1,Left Ankle,2754586,1779739165022,-0.66,9.63,3.24,-6.875,-12.5625,8.4375,0.6737671,0.529541,0.35351562,0.375
4b,4,Right Wrist,35193241,1779739165026,-6.557032,-0.9476579,-1.2777673,26.88504,-10.708889,33.683727,-148.15262,4.749188,130.09013,0.0
4b,1,Left Ankle,2754609,1779739165052,-1.01,10.29,1.47,-5.6875,-26.5625,5.375,0.675354,0.53082275,0.34991455,0.37384033
4b,1,Left Ankle,2754625,1779739165052,-3.14,10.85,1.01,-10.75,-19.5625,13.375,0.6766968,0.5317383,0.3460083,0.37365723
4b,1,Left Ankle,2754644,1779739165081,-1.51,10.31,1.46,-15.0,-9.1875,24.3125,0.6772461,0.5321655,0.34173584,0.37591553
4b,4,Right Wrist,35193301,1779739165086,-1.7737797,-15.582161,-3.1728828,107.17504,-9.028889,86.74372,-148.07156,4.771265,130.06978,0.0
4b,2,Right Ankle,2483090,1779739165090,-9.609236,-18.077797,4.1754756,85.09718,136.74933,400.85318,-56.930824,26.194096,171.22815,0.0
4b,1,Left Ankle,2754669,1779739165148,-1.54,10.52,1.44,-24.5625,-11.6875,25.3125,0.6782837,0.5317993,0.336792,0.37902832
4b,1,Left Ankle,2754690,1779739165149,-2.15,10.07,1.33,-33.4375,3.6875,29.5625,0.6793823,0.5300293,0.3319702,0.38378906
4b,4,Right Wrist,35193361,1779739165149,-6.63121,-11.327723,-5.575277,167.16504,-17.428888,86.53372,-147.97595,4.825847,130.05055,0.0
4b,1,Left Ankle,2754707,1779739165178,-2.24,10.19,2.74,-36.5625,40.0,42.3125,0.6793823,0.5267334,0.32843018,0.39135742
4b,2,Right Ankle,2483109,1779739165179,-3.9143176,-14.56992,1.59362,80.75719,126.38934,355.7032,-56.95616,26.301113,171.2321,0.0
4b,1,Left Ankle,2754731,1779739165179,-1.33,9.88,2.93,-32.9375,63.5625,57.625,0.6734619,0.51934814,0.32781982,0.41137695
4b,1,Left Ankle,2754750,1779739165201,1.29,8.93,4.07,-30.375,55.5625,57.4375,0.6703491,0.51641846,0.3251953,0.4220581
4b,1,Left Ankle,2754777,1779739165203,1.21,8.96,4.98,-27.6875,17.5625,48.0,0.6680298,0.5142212,0.32147217,0.43121338
4b,4,Right Wrist,35193421,1779739165206,-8.923534,-16.316757,-0.77048886,7.91504,-72.65889,173.26372,-147.94037,4.9011507,130.01564,0.0
4b,1,Left Ankle,2754792,1779739165231,-0.6,9.91,1.23,-21.6875,23.375,42.6875,0.66552734,0.5124512,0.31854248,0.43933105
4b,3,Left Wrist,8990333,1779739165244,27.917261,20.985352,13.818551,50.865776,-182.4403,-95.230774,83.886345,-49.8671,347.83917,0.0
4b,4,Right Wrist,35193481,1779739165266,-10.323335,-9.949457,1.4691932,61.67504,-38.00889,158.42372,-147.89618,4.969828,129.97789,0.0
4b,2,Right Ankle,2483165,1779739165270,-13.650713,-4.5463843,1.672583,60.87718,139.96933,334.9832,-56.932423,26.500439,171.25368,0.0
4b,1,Left Ankle,2754812,1779739165293,1.65,10.3,2.48,-24.1875,5.8125,27.4375,0.6644287,0.5108032,0.3154297,0.44519043
4b,1,Left Ankle,2754843,1779739165294,0.27,8.62,3.92,-22.25,2.125,15.125,0.6651001,0.50897217,0.3121338,0.44848633
4b,1,Left Ankle,2754853,1779739165294,0.16,8.08,2.75,-18.625,19.5625,9.6875,0.664917,0.50616455,0.31170654,0.4522705
4b,3,Left Wrist,8990559,1779739165304,12.093527,8.535495,-0.6125626,-10.524223,-16.1203,-8.640778,84.205574,-49.93589,347.51642,0.0
4b,1,Left Ankle,2754880,1779739165324,1.28,9.05,2.76,-20.8125,6.8125,3.4375,0.6655884,0.5031738,0.31097412,0.4550171
4b,1,Left Ankle,2754897,1779739165324,1.39,9.42,3.13,-18.1875,-8.125,-6.375,0.66778564,0.5013428,0.30926514,0.45507812
4b,4,Right Wrist,35193541,1779739165326,-10.766007,-7.9945207,-1.753939,-14.41496,-26.248888,109.21372,-147.88176,5.0359917,129.95226,0.0
4b,1,Left Ankle,2754913,1779739165353,-0.53,9.36,3.64,-18.4375,-21.5,-11.9375,0.67059326,0.49969482,0.30743408,0.4539795
4b,1,Left Ankle,2754940,1779739165383,-0.36,8.88,1.64,-17.625,-17.4375,-8.5625,0.6738281,0.49865723,0.3046875,0.45220947
4b,1,Left Ankle,2754958,1779739165386,0.06,9.64,3.16,-11.8125,-21.8125,-5.625,0.6766968,0.49853516,0.3015747,0.45007324
4b,4,Right Wrist,35193601,1779739165387,-9.581561,-6.051548,-0.19621146,-17.56496,-3.5688887,64.973724,-147.87004,5.084888,129.93535,0.0
4b,3,Left Wrist,8990649,1779739165395,10.136199,3.221036,-0.15792629,49.395775,43.5197,-72.55078,84.22166,-49.98426,347.5254,0.0
4b,4,Right Wrist,35193662,1779739165446,-7.3394856,-8.846365,0.8255238,-66.98496,-19.178888,58.81373,-147.8651,5.127323,129.92407,0.0
4b,2,Right Ankle,2483255,1779739165449,-15.658291,0.8781445,0.79681,41.20718,97.969345,337.71317,-56.893368,26.692442,171.29666,0.0
4b,1,Left Ankle,2754982,1779739165474,0.49,9.07,4.09,2.125,-39.75,-8.3125,0.680603,0.50128174,0.29626465,0.4446411
4b,1,Left Ankle,2755004,1779739165474,-0.66,8.69,4.35,7.75,-43.6875,-5.5,0.6826172,0.50494385,0.2923584,0.4399414
4b,1,Left Ankle,2755030,1779739165477,-2.46,7.05,3.41,6.4375,-34.25,4.8125,0.6837158,0.5085449,0.28851318,0.43670654
4b,3,Left Wrist,8990709,1779739165484,5.4534445,0.59610945,-1.2442678,59.755775,147.0497,-183.57077,84.23382,-49.98465,347.56073,0.0
4b,1,Left Ankle,2755048,1779739165501,-0.54,8.5,5.97,7.3125,-32.5,21.0,0.68341064,0.5126343,0.28375244,0.4354248
4b,1,Left Ankle,2755065,1779739165502,-0.97,8.62,4.03,4.1875,-26.125,33.125,0.68218994,0.51678467,0.27819824,0.4360962
4b,4,Right Wrist,35193721,1779739165506,-7.2294154,-6.1137624,4.2113676,-122.494965,-42.62889,89.82372,-147.8872,5.178318,129.90735,0.0
4b,2,Right Ankle,2483449,1779739165509,-5.9577885,-7.5709124,8.597412,79.637184,-134.01065,103.63318,-56.683876,26.814894,171.48071,0.0
4b,1,Left Ankle,2755090,1779739165531,0.41,8.82,3.69,3.875,-18.0625,45.0625,0.6795654,0.5206909,0.27246094,0.4390869
4b,1,Left Ankle,2755104,1779739165532,1.17,9.57,2.72,-4.8125,-24.125,51.4375,0.6766968,0.5241089,0.2658081,0.44348145
4b,3,Left Wrist,8990799,1779739165544,-3.7924225,5.477468,3.37388,-30.054224,55.6297,-263.7208,84.18412,-49.848026,347.5972,0.0
4b,1,Left Ankle,2755129,1779739165561,3.17,9.93,3.26,-12.5,-43.0625,44.8125,0.6758423,0.52783203,0.25634766,0.44604492
4b,4,Right Wrist,35193781,1779739165573,-7.3777704,-2.3211381,3.5006995,42.77504,-12.038889,54.12373,-147.86024,5.217867,129.89471,0.0
4b,1,Left Ankle,2755147,1779739165592,3.55,10.61,3.76,-11.5625,-64.5,26.25,0.677124,0.5321655,0.24584961,0.44482422
4b,2,Right Ankle,2483525,1779739165600,-1.9306676,-16.601425,10.018748,63.04718,-194.98065,-91.38682,-56.650738,26.677927,171.52083,0.0
4b,3,Left Wrist,8990889,1779739165603,1.6225352,9.918547,5.816952,9.215776,9.639699,-328.8208,84.15094,-49.690037,347.61966,0.0
4b,1,Left Ankle,2755170,1779739165622,1.91,12.0,0.62,1.5,-58.75,9.3125,0.67858887,0.5371704,0.23742676,0.44104004
4b,1,Left Ankle,2755209,1779739165656,6.16,15.11,-2.91,39.3125,-102.25,-26.5,0.67993164,0.55163574,0.22888184,0.42541504
4b,1,Left Ankle,2755226,1779739165656,4.9,15.28,-1.27,38.3125,-158.625,-52.625,0.68530273,0.56433105,0.21966553,0.40441895
4b,1,Left Ankle,2755191,1779739165656,4.38,12.12,-2.03,20.4375,-39.4375,-4.1875,0.678772,0.5461426,0.23217773,0.43255615
4b,3,Left Wrist,8990949,1779739165664,-1.8063796,11.476274,4.0007997,250.22577,-68.1303,-237.82079,84.252525,-49.55482,347.5881,0.0
4b,1,Left Ankle,2755245,1779739165682,1.94,12.42,4.8,11.75,-204.9375,-61.4375,0.694397,0.5772095,0.20458984,0.37786865
4b,4,Right Wrist,35193945,1779739165692,-3.9608197,-1.5745775,-0.1268196,175.84503,-46.33889,47.613728,-147.77063,5.3302145,129.88062,0.0
4b,1,Left Ankle,2755267,1779739165711,-2.74,10.18,6.09,12.875,-146.3125,-66.75,0.70306396,0.58654785,0.19207764,0.3531494
4b,1,Left Ankle,2755291,1779739165712,-2.74,8.11,2.33,22.9375,-95.75,-46.0625,0.70825195,0.5969238,0.18377686,0.3291626
4b,3,Left Wrist,8991009,1779739165724,-0.48554128,9.808477,-0.22731815,48.695778,-101.5203,-116.58078,84.33232,-49.448105,347.51486,0.0
4b,1,Left Ankle,2755310,1779739165749,-6.56,7.82,1.13,34.1875,-63.5625,-38.5625,0.70843506,0.6000366,0.18310547,0.32336426
4b,4,Right Wrist,35193964,1779739165749,-4.1833525,-2.3211381,-0.17228323,185.36504,-59.148888,63.15373,-147.68924,5.396737,129.8746,0.0
4b,1,Left Ankle,2755330,1779739165771,-3.05,8.96,-2.11,45.625,-75.0625,-36.875,0.708374,0.607666,0.18078613,0.31030273
4b,1,Left Ankle,2755347,1779739165773,-1.0,8.74,-2.57,56.875,-103.5625,-40.375,0.70751953,0.6178589,0.17633057,0.2942505
4b,3,Left Wrist,8991069,1779739165784,-3.9599197,9.272485,2.1152554,65.56577,-96.4803,-43.150776,84.385475,-49.380016,347.46912,0.0
4b,1,Left Ankle,2755372,1779739165807,0.09,6.86,-0.76,47.0625,-193.625,-55.625,0.70928955,0.63616943,0.15979004,0.25823975
4b,2,Right Ankle,2483585,1779739165810,-18.80246,24.7968,-9.829716,174.83719,-125.68066,-143.67682,-56.572445,26.671446,171.53667,0.0
4b,1,Left Ankle,2755391,1779739165835,1.85,6.21,0.09,38.375,-231.1875,-61.625,0.71466064,0.64868164,0.13793945,0.22235107
4b,1,Left Ankle,2755407,1779739165836,3.17,6.26,2.36,15.625,-312.5625,-73.8125,0.7185669,0.6543579,0.12335205,0.20050049
4b,4,Right Wrist,35194021,1779739165837,-6.762815,-2.1392834,-0.34695926,157.01505,-117.318886,166.40372,-147.62723,5.501932,129.84822,0.0
4b,1,Left Ankle,2755432,1779739165862,3.35,5.69,3.94,-21.5,-397.125,-87.375,0.7327881,0.66589355,0.068115234,0.12225342
4b,3,Left Wrist,8991129,1779739165873,-4.7782655,10.856533,3.0867412,27.135777,-55.0403,156.27922,84.39644,-49.381763,347.45898,0.0
4b,1,Left Ankle,2755447,1779739165891,3.44,5.25,5.31,-30.0,-396.5,-85.4375,0.73724365,0.6672363,0.048034668,0.0947876
4b,4,Right Wrist,35194082,1779739165925,-11.797313,-0.53369945,-1.5792629,226.38504,-92.18889,180.82373,-147.5531,5.6045537,129.81187,0.0
4b,3,Left Wrist,8991219,1779739165935,-6.7714863,2.9434686,6.0562344,224.11577,-10.8703,227.88922,84.43677,-49.43462,347.4904,0.0
4b,1,Left Ankle,2755493,1779739165959,3.75,3.41,4.19,-31.1875,-316.9375,-47.3125,0.7479248,0.6621704,-0.04260254,-0.018310547
4b,1,Left Ankle,2755473,1779739165959,4.48,4.79,4.68,-36.5,-367.1875,-70.4375,0.74609375,0.6654663,-0.009460449,0.020080566
4b,1,Left Ankle,2755511,1779739165960,2.39,3.38,3.63,-14.25,-229.1875,-11.125,0.7470703,0.65997314,-0.068359375,-0.041259766
4b,1,Left Ankle,2755531,1779739165960,6.21,4.93,3.26,20.6875,-49.6875,67.5625,0.7442627,0.6611328,-0.084472656,-0.042907715
4b,2,Right Ankle,2483882,1779739165961,-1.3587831,-2.8594446,2.4909284,5.8571796,6.2693424,-31.046822,-56.451553,26.571384,171.61476,0.0
4b,1,Left Ankle,2755555,1779739165981,15.47,29.39,23.15,-14.375,51.0,63.5625,0.7456665,0.6599121,-0.08477783,-0.036132812
4b,4,Right Wrist,35194171,1779739165988,-8.492826,-2.0459635,2.3641088,-23.304958,-97.85889,152.47372,-147.55309,5.692574,129.78621,0.0
4b,3,Left Wrist,8991279,1779739165994,-0.4041852,10.1674,1.2466606,142.28577,4.5296993,301.8792,84.46948,-49.4734,347.51096,0.0
4b,1,Left Ankle,2755576,1779739166011,11.8,13.36,-17.18,91.125,78.375,33.0,0.7383423,0.6702881,-0.07318115,-0.013000488
4b,2,Right Ankle,2484004,1779739166022,-1.6004584,-3.6036127,3.0556345,25.737179,12.359343,11.44318,-56.353603,26.486605,171.64685,0.0
4b,1,Left Ankle,2755612,1779739166045,3.1,9.77,2.36,-19.125,-93.6875,3.9375,0.73876953,0.66833496,-0.083496094,-0.023742676
4b,1,Left Ankle,2755595,1779739166045,1.0,-0.35,0.95,1.0625,-20.375,-10.5,0.73828125,0.670166,-0.074279785,-0.015625
4b,4,Right Wrist,35194261,1779739166046,-7.8132644,-0.80648124,3.115455,-80.21496,-111.08889,13.103728,-147.57117,5.7556076,129.80405,0.0
4b,3,Left Wrist,8991339,1779739166055,0.63429976,10.502396,-1.8113667,262.96576,55.2097,342.47922,84.56642,-49.52043,347.52695,0.0
4b,1,Left Ankle,2755638,1779739166072,0.45,9.42,3.74,-39.25,-143.125,-15.75,0.7406006,0.66345215,-0.09838867,-0.04095459
4b,1,Left Ankle,2755652,1779739166073,-2.23,10.84,-0.79,-17.75,-96.1875,-5.75,0.741333,0.65966797,-0.110961914,-0.054138184
4b,1,Left Ankle,2755677,1779739166101,0.49,10.18,1.63,11.5,13.625,-2.9375,0.7406006,0.66015625,-0.11212158,-0.05645752
4b,4,Right Wrist,35194321,1779739166107,-8.679465,2.598505,0.043070808,243.60504,10.991112,-120.03628,-147.4912,5.763951,129.8367,0.0
4b,2,Right Ankle,2484035,1779739166109,-4.3880973,-4.3142805,2.6464617,45.12718,18.029343,38.67318,-56.34583,26.573816,171.64531,0.0
4b,3,Left Wrist,8991399,1779739166113,1.7828543,6.245564,-1.1413764,332.26578,120.5897,365.6492,84.67074,-49.57592,347.57086,0.0
4b,1,Left Ankle,2755693,1779739166133,0.74,10.16,0.83,27.1875,59.625,1.5625,0.73883057,0.6636963,-0.10583496,-0.049682617
4b,1,Left Ankle,2755713,1779739166166,3.5,9.49,0.59,19.5,27.375,-4.125,0.7369995,0.6670532,-0.09954834,-0.043640137
4b,1,Left Ankle,2755733,1779739166166,2.67,9.46,0.41,-4.8125,-39.875,-18.125,0.7363281,0.6673584,-0.10083008,-0.04815674
4b,1,Left Ankle,2755757,1779739166199,0.48,9.93,0.4,-13.8125,-61.8125,-23.6875,0.73657227,0.66552734,-0.10559082,-0.058044434
4b,3,Left Wrist,8991459,1779739166204,5.3170533,8.8968115,-4.816752,27.345776,149.00969,314.3392,84.697464,-49.64967,347.59793,0.0
4b,1,Left Ankle,2755775,1779739166221,-0.81,10.19,0.84,-5.8125,-31.375,-17.8125,0.73657227,0.6644287,-0.10845947,-0.06524658
4b,1,Left Ankle,2755795,1779739166222,0.13,9.94,1.32,10.875,9.9375,-8.25,0.73565674,0.6654663,-0.10723877,-0.06640625
4b,1,Left Ankle,2755820,1779739166252,0.75,9.88,1.05,18.375,22.9375,-3.4375,0.73413086,0.6680908,-0.10345459,-0.06329346
4b,3,Left Wrist,8991519,1779739166264,5.948759,11.545666,-3.4480577,172.87578,116.3197,262.25922,84.77558,-49.686504,347.61603,0.0
4b,1,Left Ankle,2755841,1779739166282,1.36,10.11,0.69,19.375,12.9375,-3.375,0.7310791,0.6719971,-0.10070801,-0.061279297
4b,1,Left Ankle,2755855,1779739166283,1.67,9.6,0.78,18.5625,0.5,-6.125,0.7300415,0.6732178,-0.10040283,-0.061401367
4b,1,Left Ankle,2755880,1779739166311,0.23,10.4,0.82,20.0625,-5.6875,-9.0,0.72766113,0.6756592,-0.10028076,-0.062683105
4b,3,Left Wrist,8991609,1779739166323,9.2101755,4.5753736,-1.9142581,31.055777,52.2697,183.78923,84.82616,-49.798225,347.60123,0.0
4b,1,Left Ankle,2755899,1779739166343,0.07,10.8,0.06,26.9375,3.5,-10.875,0.72473145,0.67889404,-0.0993042,-0.0635376
4b,4,Right Wrist,35194381,1779739166346,-6.145467,-3.5845485,-3.9218361,273.84503,30.101112,-188.63628,-147.38145,5.7746644,129.88779,0.0
4b,1,Left Ankle,2755925,1779739166372,3.51,9.5,-0.61,40.9375,25.8125,-9.625,0.71850586,0.68652344,-0.093811035,-0.06036377
4b,1,Left Ankle,2755942,1779739166373,3.53,10.29,-0.68,42.875,29.625,-3.125,0.71398926,0.69195557,-0.09039307,-0.05718994
4b,3,Left Wrist,8991669,1779739166384,8.116656,4.0920234,-1.2394822,85.79578,28.1197,154.17921,84.90048,-49.90573,347.57672,0.0
4b,1,Left Ankle,2755962,1779739166403,2.41,13.75,-0.55,41.1875,29.0,-3.1875,0.70947266,0.69732666,-0.08666992,-0.05340576
4b,4,Right Wrist,35194648,1779739166407,-3.1711879,-10.083455,-3.6107695,71.05504,-24.00889,-104.28628,-147.2315,5.8507466,130.04442,0.0
4b,1,Left Ankle,2755983,1779739166433,0.59,15.72,-2.15,37.5,23.5,0.125,0.70526123,0.7020874,-0.08428955,-0.050109863
4b,1,Left Ankle,2756003,1779739166433,3.97,12.93,-3.11,34.125,26.8125,-6.5,0.701355,0.70666504,-0.08074951,-0.047058105
4b,3,Left Wrist,8991729,1779739166445,10.397017,-3.512367,-1.7706887,7.1157765,-9.7503,98.66922,84.920265,-50.011463,347.5632,0.0
4b,1,Left Ankle,2756028,1779739166463,3.49,12.84,-3.2,20.1875,18.625,-4.875,0.69873047,0.7097168,-0.07788086,-0.044799805
4b,1,Left Ankle,2756043,1779739166497,0.81,10.31,-3.55,2.5,-10.625,-5.0,0.697876,0.7105713,-0.07745361,-0.045654297
4b,1,Left Ankle,2756063,1779739166497,-0.13,6.97,-3.93,1.125,-37.125,-4.375,0.6973877,0.7104492,-0.080444336,-0.049804688
4b,4,Right Wrist,35194681,1779739166498,-2.3911278,-12.01207,-1.2299109,37.45504,-7.488888,-77.96628,-147.17285,5.8455086,130.07324,0.0
4b,2,Right Ankle,2484406,1779739166507,3.0105112,3.1728613,2.675176,-32.78282,-36.92066,28.17318,-56.270927,26.549015,171.66112,0.0
4b,1,Left Ankle,2756088,1779739166523,-0.89,5.18,-2.2,5.5,-74.8125,5.0,0.69592285,0.71032715,-0.08856201,-0.057250977
4b,3,Left Wrist,8991789,1779739166539,13.048264,-1.8996046,-3.4743786,-68.20422,-33.6203,40.77922,84.94546,-50.098362,347.51898,0.0
4b,1,Left Ankle,2756108,1779739166553,0.03,3.05,0.53,11.4375,-92.9375,16.6875,0.69348145,0.7102661,-0.10101318,-0.06665039
4b,1,Left Ankle,2756129,1779739166555,-1.52,4.11,2.25,28.375,-43.9375,39.125,0.6899414,0.7116699,-0.11236572,-0.069885254
4b,4,Right Wrist,35194741,1779739166556,-4.81745,-12.416456,-1.0983056,-103.17496,-19.318888,-17.276272,-147.16788,5.864185,130.08609,0.0
4b,1,Left Ankle,2756143,1779739166581,0.2,3.78,-0.87,57.3125,59.25,68.375,0.68518066,0.71673584,-0.11608887,-0.057556152
4b,3,Left Wrist,8991849,1779739166593,16.48675,-2.4236326,-6.37448,-20.744223,-5.9003005,21.319221,84.990746,-50.1742,347.47778,0.0
4b,1,Left Ankle,2756173,1779739166612,0.78,4.18,-1.48,82.625,130.25,103.9375,0.678833,0.7244873,-0.115234375,-0.03137207
4b,1,Left Ankle,2756183,1779739166613,4.54,6.11,0.22,88.0,170.0625,135.4375,0.6713257,0.73254395,-0.1126709,0.0049438477
4b,1,Left Ankle,2756203,1779739166641,2.38,5.65,2.8,65.375,170.8125,153.375,0.66503906,0.73706055,-0.111450195,0.044799805
4b,3,Left Wrist,8991939,1779739166653,19.032713,-2.5911303,-7.6474614,-66.384224,26.719698,60.65922,85.00729,-50.261963,347.45438,0.0
4b,1,Left Ankle,2756229,1779739166674,-1.95,8.37,2.46,29.9375,118.125,150.0625,0.6610718,0.73724365,-0.115112305,0.0791626
4b,1,Left Ankle,2756247,1779739166675,-6.32,13.95,-0.34,0.6875,72.4375,119.3125,0.65997314,0.7340698,-0.12182617,0.1038208
4b,4,Right Wrist,35194832,1779739166675,-7.8084784,-12.981163,-1.8329021,-96.80496,-19.178888,6.943728,-147.16515,5.896287,130.09142,0.0
4b,1,Left Ankle,2756263,1779739166707,-6.01,11.36,-0.73,5.6875,67.25,79.5,0.65930176,0.7312012,-0.12536621,0.12207031
4b,1,Left Ankle,2756283,1779739166708,24.88,11.99,-5.1,14.0,34.5625,48.625,0.6575928,0.7303467,-0.12670898,0.13439941
4b,3,Left Wrist,8992000,1779739166713,16.965313,-0.7414784,-5.288138,-35.584225,8.659699,40.149223,85.03762,-50.34471,347.4242,0.0
4b,1,Left Ankle,2756307,1779739166731,32.24,14.81,-2.86,27.8125,37.875,73.5625,0.6532593,0.7312622,-0.13171387,0.1453247
4b,1,Left Ankle,2756323,1779739166762,2.44,22.48,1.14,-36.625,-78.9375,53.875,0.6541748,0.72857666,-0.14453125,0.14276123
4b,4,Right Wrist,35194921,1779739166765,-7.5069833,-13.63919,-3.3116665,-22.11496,-0.9788885,28.783728,-147.13495,5.9276342,130.08711,0.0
4b,3,Left Wrist,8992059,1779739166774,15.594226,0.04576032,-7.453643,-10.734223,-68.2003,25.729221,85.12899,-50.415855,347.3363,0.0
4b,1,Left Ankle,2756344,1779739166792,-5.42,15.91,1.6,-37.4375,-48.375,-28.8125,0.6567383,0.7261963,-0.15014648,0.13708496
4b,1,Left Ankle,2756364,1779739166793,3.65,7.08,-2.74,-14.3125,-37.75,-25.125,0.6591797,0.725647,-0.15148926,0.12628174
4b,1,Left Ankle,2756384,1779739166821,1.24,7.61,-2.88,6.1875,38.875,-7.875,0.6599121,0.72558594,-0.1472168,0.12792969
4b,4,Right Wrist,35195011,1779739166825,-7.868299,-10.279666,-1.2897314,3.22504,9.5211115,48.87373,-147.10295,5.9632587,130.07423,0.0
4b,2,Right Ankle,2484529,1779739166829,-1.5454233,-0.9810788,2.347359,0.74717945,-12.700658,23.553179,-56.162792,26.619034,171.7368,0.0
4b,3,Left Wrist,8992119,1779739166832,13.462222,4.4820533,-6.757331,-38.104225,-12.830301,15.089222,85.20329,-50.462746,347.2662,0.0
4b,1,Left Ankle,2756406,1779739166852,5.56,10.15,0.25,8.6875,31.25,-8.8125,0.6598511,0.7260132,-0.14227295,0.13128662
4b,1,Left Ankle,2756431,1779739166852,4.58,8.36,0.13,-0.375,1.9375,-13.0625,0.6602783,0.72650146,-0.13757324,0.13134766
4b,1,Left Ankle,2756446,1779739166882,3.16,8.46,-1.96,-1.625,-6.6875,-11.1875,0.6604004,0.72662354,-0.1373291,0.13031006
4b,3,Left Wrist,8992179,1779739166894,14.168105,3.218643,-6.704689,-25.644224,-28.9303,41.47922,85.28239,-50.527325,347.19263,0.0
4b,1,Left Ankle,2756471,1779739166912,3.46,9.52,-1.79,-2.9375,-11.4375,-9.8125,0.6608887,0.7268677,-0.1373291,0.12652588
4b,1,Left Ankle,2756495,1779739166942,3.61,9.15,-0.78,-5.125,-8.75,-11.3125,0.6616821,0.72662354,-0.13690186,0.12426758
4b,1,Left Ankle,2756513,1779739166943,3.44,8.93,-0.98,-7.875,-0.6875,-9.4375,0.6628418,0.7260132,-0.13616943,0.122558594
4b,3,Left Wrist,8992239,1779739166953,16.280966,1.8786625,-7.1210403,-25.714224,-15.2103,52.88922,85.34787,-50.60335,347.13275,0.0
4b,1,Left Ankle,2756532,1779739166972,3.4,8.91,-1.12,-7.0,6.875,-8.0,0.66400146,0.72528076,-0.13476562,0.12207031
4b,1,Left Ankle,2756554,1779739167005,3.6,8.95,-0.94,-6.875,9.875,-8.25,0.6652832,0.72442627,-0.1326294,0.12243652
4b,1,Left Ankle,2756576,1779739167005,3.54,9.26,-0.76,-7.5625,17.1875,-8.625,0.6668701,0.7233887,-0.12976074,0.123291016
4b,3,Left Wrist,8992299,1779739167013,16.175682,2.043767,-5.4580283,-24.314224,5.0896997,39.519222,85.39688,-50.679268,347.09012,0.0
4b,1,Left Ankle,2756596,1779739167032,3.5,8.99,-0.8,-7.75,13.5,-8.9375,0.66833496,0.7223511,-0.12719727,0.1237793
4b,4,Right Wrist,35195205,1779739167042,-8.751251,-8.808081,-4.3166523,-7.7649603,19.95111,-1.876272,-147.06845,6.048823,130.06573,0.0
4b,2,Right Ankle,2484885,1779739167043,-1.4018542,-0.20341143,2.1296122,5.0171795,5.0793424,-6.82682,-55.92641,26.725307,171.84566,0.0
4b,1,Left Ankle,2756614,1779739167065,3.6,8.92,-0.68,-4.9375,13.1875,-7.75,0.6693115,0.72180176,-0.12371826,0.12548828
4b,1,Left Ankle,2756632,1779739167065,3.64,8.94,-0.66,-4.5625,10.0625,-6.5,0.67022705,0.7211304,-0.12188721,0.12609863
4b,1,Left Ankle,2756651,1779739167091,3.51,9.05,-0.49,-4.3125,8.6875,-6.375,0.67108154,0.72058105,-0.12036133,0.12640381
4b,4,Right Wrist,35195281,1779739167096,-7.2437725,-8.834401,-3.522235,-74.26496,-16.658888,9.743728,-147.06223,6.0926523,130.06943,0.0
4b,3,Left Wrist,8992359,1779739167104,16.560926,3.4842465,-6.6161547,1.1657764,-45.5903,35.039223,85.48721,-50.74695,347.01108,0.0
4b,1,Left Ankle,2756673,1779739167126,3.42,9.09,-0.55,-2.25,7.25,-5.625,0.6716919,0.7201538,-0.11895752,0.12664795
4b,1,Left Ankle,2756696,1779739167126,3.48,9.15,-0.57,-1.75,8.0,-6.1875,0.6722412,0.71990967,-0.11730957,0.12689209
4b,1,Left Ankle,2756713,1779739167151,3.41,9.08,-0.71,-3.8125,6.6875,-9.75,0.6729126,0.7196045,-0.11553955,0.12670898
4b,4,Right Wrist,35195372,1779739167158,-7.308378,-9.073684,-3.7543387,-13.15496,-6.718889,13.033729,-147.03455,6.134302,130.07033,0.0
4b,3,Left Wrist,8992419,1779739167163,15.768902,3.2401786,-5.300102,-92.84423,-11.990301,54.98922,85.52381,-50.82489,346.95596,0.0
4b,1,Left Ankle,2756739,1779739167183,3.26,9.0,-0.62,-3.9375,4.9375,-8.8125,0.673645,0.7192383,-0.11395264,0.1262207
4b,1,Left Ankle,2756757,1779739167184,3.28,9.0,-0.71,-3.5,5.8125,-6.375,0.6743164,0.71881104,-0.1126709,0.12591553
4b,1,Left Ankle,2756773,1779739167219,3.38,9.08,-0.54,-2.0,8.9375,-5.75,0.67492676,0.71850586,-0.11114502,0.1262207
4b,4,Right Wrist,35195431,1779739167219,-7.5739822,-7.314959,-2.931208,-47.804962,-15.958889,21.573729,-147.02473,6.1833205,130.06989,0.0
4b,3,Left Wrist,8992509,1779739167223,16.060827,0.61525196,-5.599205,45.335777,-24.240301,84.17922,85.60516,-50.919758,346.9012,0.0
4b,1,Left Ankle,2756796,1779739167243,3.55,8.95,-0.5,-1.0,7.625,-5.4375,0.67529297,0.7182617,-0.10961914,0.12670898
4b,1,Left Ankle,2756812,1779739167244,3.37,9.14,-0.48,-1.9375,2.5625,-4.6875,0.6755371,0.7182007,-0.107788086,0.12756348
4b,1,Left Ankle,2756833,1779739167273,3.12,9.16,-0.56,-1.125,0.0625,-3.6875,0.67578125,0.7180786,-0.107299805,0.12713623
4b,3,Left Wrist,8992569,1779739167284,16.407787,2.9673967,-5.6470613,-2.1942234,-2.8203006,69.05922,85.66899,-51.002968,346.8516,0.0
4b,1,Left Ankle,2756858,1779739167303,3.17,9.23,-0.54,0.25,1.375,-1.8125,0.6759033,0.7180786,-0.107177734,0.12677002
4b,1,Left Ankle,2756873,1779739167305,3.28,9.15,-0.46,0.875,2.1875,-1.25,0.6758423,0.71813965,-0.10675049,0.12689209
4b,1,Left Ankle,2756893,1779739167332,3.11,9.11,-0.68,0.875,2.5625,-0.4375,0.67578125,0.7182007,-0.10638428,0.12713623
4b,2,Right Ankle,2485039,1779739167342,-1.212821,-0.33740956,1.5122639,7.1871796,4.1693425,-1.8568203,-55.80404,26.773188,171.89276,0.0
4b,3,Left Wrist,8992629,1779739167344,18.379473,2.3859406,-5.826523,-2.7542238,-26.2703,88.02922,85.73637,-51.097416,346.79416,0.0
4b,1,Left Ankle,2756918,1779739167363,3.03,9.3,-0.69,2.5,7.75,-0.0625,0.67559814,0.71832275,-0.10559082,0.12792969
4b,1,Left Ankle,2756933,1779739167364,3.57,9.11,-0.48,3.5,11.9375,-2.125,0.67541504,0.71850586,-0.10412598,0.12921143
4b,1,Left Ankle,2756956,1779739167392,3.68,9.01,-0.45,1.5625,9.0,-4.375,0.6754761,0.7185669,-0.10272217,0.12976074
4b,3,Left Wrist,8992689,1779739167409,17.319452,1.2445643,-6.271588,50.865776,-57.560303,112.10922,85.837395,-51.200737,346.71854,0.0
4b,1,Left Ankle,2756973,1779739167422,3.54,9.27,-0.29,-0.625,3.25,-8.0625,0.6757202,0.7185669,-0.101379395,0.1295166
4b,1,Left Ankle,2756996,1779739167422,4.56,9.11,-1.35,-3.875,0.875,-19.125,0.67645264,0.7184448,-0.099365234,0.12786865
4b,1,Left Ankle,2757013,1779739167452,4.58,8.82,-0.61,-8.5625,-26.75,-26.3125,0.6776123,0.7183838,-0.09863281,0.12249756
4b,3,Left Wrist,8992750,1779739167464,14.979272,-0.66490805,-7.1282187,33.015778,-86.5403,102.659225,85.950584,-51.300034,346.62198,0.0
4b,1,Left Ankle,2757033,1779739167482,2.81,10.77,-0.52,-1.6875,-34.25,-22.125,0.6779785,0.7190552,-0.099731445,0.115478516
4b,1,Left Ankle,2757057,1779739167483,2.92,10.88,-0.53,0.875,-11.625,-21.4375,0.6781006,0.7197876,-0.099487305,0.1105957
4b,1,Left Ankle,2757073,1779739167512,5.87,12.09,-2.1,-1.3125,22.0625,-20.5625,0.6786499,0.71990967,-0.09515381,0.11004639
4b,1,Left Ankle,2757098,1779739167545,5.56,12.71,-2.04,-9.5625,35.1875,-21.1875,0.6804199,0.71881104,-0.08905029,0.111694336
4b,1,Left Ankle,2757119,1779739167545,5.07,11.65,-2.2,-25.3125,46.3125,-24.625,0.68414307,0.7158203,-0.0814209,0.11376953
4b,4,Right Wrist,35195491,1779739167549,-7.0044904,-7.496814,-2.7493532,4.5550404,8.681111,31.653728,-146.99503,6.224933,130.06207,0.0
4b,1,Left Ankle,2757133,1779739167576,4.19,10.51,-1.7,-34.8125,64.1875,-24.1875,0.68927,0.71118164,-0.07208252,0.11773682
4b,1,Left Ankle,2757153,1779739167603,3.08,8.48,-1.45,-43.125,67.8125,-27.3125,0.69555664,0.70532227,-0.061767578,0.12237549
4b,1,Left Ankle,2757175,1779739167605,2.14,6.38,0.29,-52.5,40.8125,-32.375,0.7026367,0.6986084,-0.053527832,0.1239624
4b,2,Right Ankle,2485425,1779739167610,-1.7631706,-1.1533622,1.7826529,11.457179,0.31934237,-9.97682,-55.576622,26.915203,171.98839,0.0
4b,1,Left Ankle,2757197,1779739167631,3.96,4.1,1.32,-56.5,25.3125,-23.6875,0.7098999,0.6917114,-0.047973633,0.12365723
4b,3,Left Wrist,8992809,1779739167644,13.660827,-0.49741045,-7.2526455,51.985775,-64.280304,77.59922,86.06679,-51.387142,346.53262,0.0
4b,1,Left Ankle,2757225,1779739167663,6.05,2.84,3.48,-58.6875,27.25,2.75,0.71691895,0.68414307,-0.04547119,0.12585449
4b,1,Left Ankle,2757234,1779739167664,5.67,3.13,3.24,-51.5,80.625,31.5,0.7230835,0.67596436,-0.04144287,0.13604736
4b,1,Left Ankle,2757259,1779739167691,6.17,4.72,1.57,-31.0,152.0,57.9375,0.7268677,0.66778564,-0.031799316,0.1572876
4b,3,Left Wrist,8992972,1779739167711,6.520643,-4.6920285,-1.8496519,57.305775,-173.2003,-63.940777,86.30819,-51.511974,346.3237,0.0
4b,1,Left Ankle,2757299,1779739167723,6.15,5.54,-0.64,4.25,209.6875,81.375,0.72369385,0.6533203,0.0014038086,0.22235107
4b,1,Left Ankle,2757276,1779739167723,6.71,5.17,-0.18,-3.25,212.0625,78.0625,0.72662354,0.6604004,-0.015930176,0.18865967
4b,4,Right Wrist,35195862,1779739167726,-5.607082,1.3494518,-2.2755742,18.835041,-73.638885,312.42374,-146.98204,6.596676,129.85307,0.0
4b,1,Left Ankle,2757319,1779739167751,2.52,7.39,1.0,-5.8125,164.0625,74.1875,0.72052,0.64611816,0.014587402,0.25134277
4b,3,Left Wrist,8993049,1779739167763,-17.283155,-20.099415,9.396614,-72.40423,-351.0703,-340.2308,86.42546,-51.406517,346.1313,0.0
4b,1,Left Ankle,2757334,1779739167781,-3.35,7.6,2.41,-27.1875,93.25,49.8125,0.72021484,0.6386719,0.020935059,0.2701416
4b,1,Left Ankle,2757358,1779739167782,-7.59,11.19,2.02,-25.1875,54.625,26.875,0.7213135,0.6326294,0.02355957,0.28094482
4b,1,Left Ankle,2757379,1779739167812,-14.03,12.2,3.45,-11.125,69.8125,-19.0,0.7227783,0.6279297,0.03100586,0.28686523
4b,3,Left Wrist,8993109,1779739167823,-37.772896,16.235598,16.52244,-310.61423,-412.5303,-403.5108,86.48611,-51.242783,345.90396,0.0
4b,1,Left Ankle,2757399,1779739167842,-5.33,5.9,3.6,2.875,122.5625,-77.0625,0.72473145,0.6222534,0.051452637,0.2913208
4b,1,Left Ankle,2757416,1779739167844,35.44,38.17,-6.9,40.4375,140.6875,-61.125,0.7241211,0.6182251,0.07678223,0.29595947
4b,4,Right Wrist,35195985,1779739167846,-14.161423,0.18893267,0.5024928,-14.48496,84.001114,108.793724,-147.0135,6.745755,129.72453,0.0
4b,1,Left Ankle,2757441,1779739167872,1.62,13.97,-5.39,40.5,10.625,-111.625,0.72180176,0.619751,0.09576416,0.29284668
4b,3,Left Wrist,8993169,1779739167883,-22.932608,41.812477,-2.428715,-490.30423,55.8397,-130.72078,86.30462,-51.135857,345.9223,0.0
4b,1,Left Ankle,2757457,1779739167910,-3.68,1.08,-1.61,18.375,-89.125,-124.1875,0.7272339,0.6220703,0.10449219,0.27062988
4b,1,Left Ankle,2757481,1779739167921,-1.19,8.03,8.02,-12.5,-162.625,-134.5,0.7406616,0.62615967,0.097595215,0.22320557
4b,1,Left Ankle,2757495,1779739167932,-5.86,16.83,-3.76,-8.3125,-71.0625,-112.625,0.7437744,0.6260376,0.09893799,0.21240234
4b,4,Right Wrist,35196165,1779739167936,-18.638393,50.632027,40.115673,-549.425,228.1311,-370.70627,-147.23907,6.6409984,129.79228,0.0
4b,1,Left Ankle,2757515,1779739167963,-2.75,8.43,-1.53,-10.375,18.6875,-73.5,0.74731445,0.6235962,0.10772705,0.20245361
4b,1,Left Ankle,2757562,1779739167996,-3.99,11.85,0.78,-54.8125,31.9375,-15.5625,0.7593994,0.60595703,0.121154785,0.20373535
4b,1,Left Ankle,2757544,1779739167996,-2.9,11.57,-1.09,-37.875,12.125,-43.4375,0.75177,0.6184082,0.11401367,0.19848633
4b,4,Right Wrist,35196184,1779739167996,-9.806486,68.49923,35.82534,-512.74493,410.7611,-482.2863,-147.42253,6.434632,129.85568,0.0
4b,3,Left Wrist,8993229,1779739168003,19.19064,47.655754,-10.427921,-552.8842,263.0397,172.79922,86.0506,-51.124573,346.02975,0.0
4b,1,Left Ankle,2757582,1779739168027,-1.3,10.6,2.79,-50.0,83.75,18.6875,0.7614746,0.59698486,0.12872314,0.21722412
4b,1,Left Ankle,2757598,1779739168027,0.57,10.17,3.63,-42.0625,106.0,39.9375,0.7616577,0.59277344,0.13275146,0.22558594
4b,1,Left Ankle,2757624,1779739168054,-0.09,8.81,6.01,-32.0625,92.6875,56.4375,0.75964355,0.5830078,0.14086914,0.25134277
4b,4,Right Wrist,35196271,1779739168060,21.91995,25.229822,11.552548,-411.24496,336.21112,-514.41626,-147.56728,6.225226,129.94345,0.0
4b,3,Left Wrist,8993319,1779739168064,4.9126663,40.941494,-12.435499,-181.67422,-228.7803,895.89923,86.11745,-51.375538,345.89175,0.0
4b,1,Left Ankle,2757643,1779739168082,0.64,9.11,5.24,4.4375,93.6875,64.4375,0.75476074,0.58032227,0.14624023,0.26861572
4b,2,Right Ankle,2485652,1779739168090,-1.9713457,-0.29673153,1.4333007,34.90718,32.169342,6.47318,-55.404488,27.060162,172.03587,0.0
4b,4,Right Wrist,35196332,1779739168117,16.093428,4.2184467,6.388837,-153.64496,217.4911,-307.77628,-147.61574,6.0808954,129.99379,0.0
4b,3,Left Wrist,8993409,1779739168123,5.879367,6.061317,4.8789654,-95.43423,-250.6203,553.7392,86.10328,-51.560837,345.83047,0.0
4b,1,Left Ankle,2757662,1779739168145,2.26,8.14,6.24,27.0625,86.6875,63.875,0.7474365,0.5805054,0.15234375,0.2849121
4b,1,Left Ankle,2757683,1779739168146,2.37,9.38,3.86,36.625,66.0,58.625,0.73913574,0.5830078,0.15716553,0.29858398
4b,1,Left Ankle,2757706,1779739168151,3.06,9.16,3.11,41.0,56.875,48.3125,0.73065186,0.5862427,0.1619873,0.31030273
4b,1,Left Ankle,2757723,1779739168171,2.31,9.16,3.02,38.6875,41.125,30.3125,0.7235718,0.5895996,0.16625977,0.31811523
4b,1,Left Ankle,2757747,1779739168172,2.9,9.79,2.16,37.75,16.1875,13.3125,0.7182617,0.5934448,0.16918945,0.32141113
4b,4,Right Wrist,35196391,1779739168176,8.381359,0.20568274,-2.6991038,-233.65497,64.12111,-71.24628,-147.70459,6.005525,130.00203,0.0
4b,3,Left Wrist,8993469,1779739168185,5.0873427,-3.8952186,6.8482585,-237.11423,-70.5103,291.5892,85.99084,-51.69052,345.84277,0.0
4b,1,Left Ankle,2757763,1779739168201,2.74,10.23,3.86,38.0625,-6.9375,-3.9375,0.71447754,0.59814453,0.17102051,0.3201294
4b,4,Right Wrist,35196452,1779739168236,3.1626134,-10.250953,-7.3722863,-55.22496,77.70111,-1.4562719,-147.68214,5.942583,129.99239,0.0
4b,1,Left Ankle,2757791,1779739168236,1.5,10.1,1.81,36.625,-30.375,-17.5,0.7122803,0.6035156,0.17138672,0.31469727
4b,3,Left Wrist,8993529,1779739168243,4.6662054,8.894419,7.152147,-147.51422,-308.5803,49.31922,86.00944,-51.687866,345.72186,0.0
4b,2,Right Ankle,2486099,1779739168270,-9.015816,15.541362,3.3810585,-363.18283,-85.43066,-124.35682,-55.592632,27.386665,172.07777,0.0
4b,1,Left Ankle,2757806,1779739168291,2.54,9.62,2.3,33.75,-39.3125,-30.125,0.7111206,0.6090088,0.17144775,0.30664062
4b,1,Left Ankle,2757836,1779739168291,2.04,9.63,1.86,29.4375,-20.4375,-43.5,0.71087646,0.61279297,0.1739502,0.29815674
4b,1,Left Ankle,2757851,1779739168292,1.82,8.95,2.08,25.4375,1.0,-56.375,0.71087646,0.614563,0.18029785,0.29058838
4b,4,Right Wrist,35196511,1779739168296,-2.6950166,-8.12134,-9.19801,-80.91496,34.16111,-24.626272,-147.65913,5.965211,129.9986,0.0
4b,3,Left Wrist,8993589,1779739168304,-0.35872167,4.2571282,-8.965906,-51.474224,124.299706,-2.3407784,86.051285,-51.66046,345.7017,0.0
4b,1,Left Ankle,2757874,1779739168327,2.09,8.33,1.25,18.1875,15.4375,-68.6875,0.7114258,0.6142578,0.18988037,0.28363037
4b,2,Right Ankle,2486269,1779739168329,9.191172,0.8183239,4.1611185,-151.64282,22.929342,-294.94684,-55.757175,27.208063,171.98633,0.0
4b,1,Left Ankle,2757894,1779739168353,-1.1,9.87,3.21,6.6875,17.875,-72.6875,0.7145996,0.6107788,0.20452881,0.27282715
4b,4,Right Wrist,35196571,1779739168356,-1.9293132,-18.467905,0.31585258,-274.11496,15.471111,-38.62627,-147.71307,5.9558077,130.0114,0.0
4b,1,Left Ankle,2757912,1779739168356,-1.4,9.21,1.98,-0.3125,15.1875,-52.125,0.7167969,0.6078491,0.21228027,0.26757812
4b,3,Left Wrist,8993649,1779739168367,13.794825,2.3644054,4.4075794,7.2557764,59.4797,76.689224,85.97231,-51.735786,345.77966,0.0
4b,1,Left Ankle,2757941,1779739168382,-0.78,9.99,-0.87,10.625,29.25,-28.4375,0.71655273,0.6064453,0.21936035,0.26586914
4b,1,Left Ankle,2757952,1779739168384,-0.87,10.2,-1.45,1.3125,7.1875,-14.75,0.71588135,0.6053467,0.22406006,0.26611328
4b,1,Left Ankle,2757973,1779739168410,-2.96,10.56,2.14,-8.625,-2.25,2.3125,0.71691895,0.6045532,0.22357178,0.26568604
4b,4,Right Wrist,35196631,1779739168416,-6.1239314,-8.776974,-3.7830527,149.73505,4.4811115,-48.566273,-147.62355,5.980206,130.02872,0.0
4b,3,Left Wrist,8993709,1779739168423,18.046871,-11.61925,0.069391854,155.37578,-27.1803,94.189224,86.031296,-51.83204,345.7715,0.0
4b,1,Left Ankle,2757997,1779739168442,3.91,7.81,-2.99,-0.875,30.5,19.875,0.7156372,0.6038208,0.22442627,0.2701416
4b,1,Left Ankle,2758014,1779739168443,8.5,12.1,7.07,-23.9375,-31.6875,-5.875,0.717041,0.60253906,0.22271729,0.2705078
4b,1,Left Ankle,2758034,1779739168470,-9.27,10.29,3.36,-43.5625,-61.625,-14.5625,0.7246704,0.59954834,0.21453857,0.2633667
4b,4,Right Wrist,35196691,1779739168479,-2.4653053,-8.329516,-7.8029943,155.89503,-23.798887,78.13373,-147.51636,6.0266204,130.01576,0.0
4b,1,Left Ankle,2758054,1779739168501,-3.25,10.32,0.3,1.25,6.3125,32.8125,0.72509766,0.5996704,0.21063232,0.26501465
4b,3,Left Wrist,8993769,1779739168513,15.043878,3.881455,3.3834512,-92.354225,215.8597,43.649223,85.85436,-51.899055,345.93243,0.0
4b,4,Right Wrist,35196751,1779739168536,-10.194122,-3.108377,-3.3547375,217.00504,-50.538887,96.68372,-147.43846,6.1079097,129.99713,0.0
4b,2,Right Ankle,2486345,1779739168540,29.57084,-37.184486,-3.5916266,-53.78282,6.549342,-569.69684,-55.877396,26.98111,171.83894,0.0
4b,1,Left Ankle,2758083,1779739168560,1.09,11.35,1.34,-1.625,-24.6875,46.875,0.7232666,0.60217285,0.20452881,0.269104
4b,1,Left Ankle,2758100,1779739168562,-1.19,9.72,3.11,-10.875,-57.25,49.375,0.7238159,0.60498047,0.19274902,0.27008057
4b,1,Left Ankle,2758121,1779739168568,1.78,9.86,1.55,-0.75,-28.3125,55.3125,0.72302246,0.60809326,0.1821289,0.27252197
4b,1,Left Ankle,2758146,1779739168592,2.38,9.16,1.91,-1.875,-18.1875,54.6875,0.7206421,0.61151123,0.1696167,0.27923584
4b,4,Right Wrist,35196811,1779739168596,-5.776972,-6.010871,3.481557,173.88504,-119.97889,247.88373,-147.35822,6.210273,129.94916,0.0
4b,1,Left Ankle,2758164,1779739168621,0.4,9.27,2.93,-12.5625,-40.5,47.875,0.7208252,0.6131592,0.15924072,0.28125
4b,1,Left Ankle,2758182,1779739168622,0.33,9.59,1.34,-9.375,-25.6875,50.5,0.7201538,0.614624,0.15014648,0.284729
4b,1,Left Ankle,2758201,1779739168623,2.34,9.85,1.06,-11.375,-28.25,50.0625,0.72039795,0.61590576,0.13964844,0.28674316
4b,2,Right Ankle,2486613,1779739168630,-13.19129,5.204368,2.7349963,144.73718,167.05936,347.37317,-55.784924,26.99317,172.1125,0.0
4b,1,Left Ankle,2758227,1779739168652,0.54,9.57,2.43,-16.6875,-27.4375,51.25,0.720459,0.61639404,0.12976074,0.2901001
4b,4,Right Wrist,35196872,1779739168663,-14.620844,-6.946464,3.3930225,246.75504,-86.30888,111.52373,-147.25728,6.2876115,129.93437,0.0
4b,3,Left Wrist,8993933,1779739168670,12.39263,10.521538,2.6057837,91.255775,-28.580301,-93.480774,85.8184,-51.958317,345.94168,0.0
4b,1,Left Ankle,2758243,1779739168680,1.61,9.08,1.99,-8.6875,-2.25,57.625,0.7189331,0.61676025,0.12237549,0.29626465
4b,2,Right Ankle,2486632,1779739168691,-14.720304,3.428893,4.9435716,153.90718,180.98935,372.22318,-55.687992,27.199291,172.15082,0.0
4b,3,Left Wrist,8994055,1779739168723,12.306489,8.34407,3.0317063,142.49577,58.7797,-82.49077,85.65998,-51.94558,346.2019,0.0
4b,1,Left Ankle,2758268,1779739168744,3.33,9.32,2.11,-9.9375,-8.6875,57.6875,0.71765137,0.6173706,0.11395264,0.30145264
4b,1,Left Ankle,2758292,1779739168744,0.72,9.43,2.72,-18.6875,-34.75,57.3125,0.717041,0.6178589,0.103515625,0.30566406
4b,1,Left Ankle,2758302,1779739168745,0.98,9.77,1.91,-7.8125,-13.125,60.9375,0.7161865,0.6187744,0.0927124,0.3092041
4b,4,Right Wrist,35196931,1779739168745,-13.182757,-11.449757,1.7491533,59.85504,-24.98889,98.43372,-147.21414,6.343021,129.91277,0.0
4b,1,Left Ankle,2758347,1779739168772,3.49,8.53,2.27,-12.5625,-19.4375,56.75,0.71240234,0.61968994,0.075683594,0.3204956
4b,2,Right Ankle,2486706,1779739168779,-19.115921,1.8687729,8.793623,114.427185,202.68933,438.58316,-55.596455,27.426802,172.19934,0.0
4b,3,Left Wrist,8994074,1779739168789,12.5673065,4.7428713,3.5150564,162.58577,90.4897,-60.930775,85.616455,-51.968327,346.29932,0.0
4b,1,Left Ankle,2758362,1779739168802,1.84,11.01,1.66,-10.9375,-12.3125,60.75,0.7103882,0.619812,0.06719971,0.32659912
4b,1,Left Ankle,2758383,1779739168802,3.96,8.93,2.18,-15.6875,-23.0625,49.9375,0.7090454,0.619751,0.05883789,0.33129883
4b,4,Right Wrist,35196992,1779739168805,-10.880862,-9.607284,1.8664017,77.14504,11.901112,56.78373,-147.16425,6.3787994,129.89653,0.0
4b,1,Left Ankle,2758406,1779739168832,4.22,7.92,3.47,-13.1875,-33.25,38.75,0.70892334,0.6203003,0.049072266,0.33203125
4b,3,Left Wrist,8994129,1779739168846,10.899508,6.408276,3.6346974,-26.974224,23.849699,-92.50078,85.52111,-51.958008,346.37057,0.0
4b,1,Left Ankle,2758423,1779739168862,3.96,8.04,2.16,-5.25,-14.5,37.5625,0.7079468,0.6208496,0.04168701,0.33416748
4b,4,Right Wrist,35197082,1779739168866,-8.150652,-6.7287173,-0.6125626,90.72504,56.281113,44.67373,-147.11084,6.4055257,129.87532,0.0
4b,1,Left Ankle,2758447,1779739168893,5.32,8.43,2.48,1.1875,-12.0625,27.0,0.7058716,0.62158203,0.038269043,0.33746338
4b,1,Left Ankle,2758467,1779739168894,3.82,8.72,4.14,-4.5,-38.6875,22.4375,0.7057495,0.62371826,0.029724121,0.33459473
4b,1,Left Ankle,2758483,1779739168921,1.91,9.81,3.16,3.8125,-28.125,28.625,0.70440674,0.62609863,0.022644043,0.3336792
4b,4,Right Wrist,35197141,1779739168930,-4.4585266,-8.092627,-0.14356935,27.93504,35.421112,64.623726,-147.06783,6.428395,129.85353,0.0
4b,2,Right Ankle,2486795,1779739168930,-13.559787,5.797788,13.686945,218.37718,138.56934,395.74316,-55.44706,27.602636,172.2671,0.0
4b,3,Left Wrist,8994189,1779739168933,12.976479,2.665901,7.008578,87.615776,170.28969,-59.040775,85.41179,-51.965614,346.5163,0.0
4b,1,Left Ankle,2758502,1779739168951,1.65,9.16,2.41,9.1875,-7.125,42.0625,0.701416,0.6278076,0.017700195,0.3369751
4b,1,Left Ankle,2758528,1779739168952,3.06,9.17,1.96,2.3125,-23.75,43.9375,0.6984253,0.6295166,0.010925293,0.34020996
4b,1,Left Ankle,2758546,1779739168983,5.1,8.09,1.77,2.0,-31.125,36.75,0.69610596,0.6314697,0.0032958984,0.34155273
4b,4,Right Wrist,35197202,1779739168987,-4.2096734,-5.9247293,0.14596218,55.23504,-17.078888,74.42372,-147.01797,6.4721785,129.83852,0.0
4b,3,Left Wrist,8994250,1779739168994,11.545571,5.6066804,4.790431,-80.104225,69.2097,-88.65077,85.28103,-51.958557,346.6106,0.0
4b,1,Left Ankle,2758583,1779739169014,1.58,9.46,2.97,15.25,3.6875,-10.6875,0.6932373,0.6361084,2.4414062E-4,0.3388672
4b,1,Left Ankle,2758562,1779739169014,2.23,11.55,3.22,14.5,-18.25,7.4375,0.69451904,0.63409424,-0.0014038086,0.34002686
4b,1,Left Ankle,2758607,1779739169047,1.21,8.36,2.34,11.125,10.5,11.75,0.69177246,0.63690186,0.0013427734,0.34033203
4b,3,Left Wrist,8994339,1779739169053,12.328024,4.539481,5.931807,-15.704224,200.8097,-146.40077,85.120224,-51.93074,346.77338,0.0
4b,2,Right Ankle,2486989,1779739169053,-40.780537,38.660816,18.807587,-68.62282,-1.5006576,-106.01682,-55.332424,27.632116,172.31685,0.0
4b,1,Left Ankle,2758630,1779739169071,4.08,9.81,1.21,0.5,-17.0,29.75,0.6899414,0.6378174,-0.002319336,0.3423462
4b,1,Left Ankle,2758644,1779739169072,0.36,13.71,3.36,-8.6875,-30.75,35.375,0.6884155,0.638855,-0.010131836,0.34332275
4b,1,Left Ankle,2758669,1779739169106,-4.57,12.4,4.27,-10.8125,-35.3125,12.5,0.68847656,0.6395874,-0.016845703,0.34155273
4b,1,Left Ankle,2758685,1779739169131,-1.84,11.41,4.71,-19.9375,-31.8125,-20.75,0.690979,0.63946533,-0.020324707,0.33654785
4b,1,Left Ankle,2758709,1779739169133,0.57,10.6,2.16,-27.4375,-33.5,-45.5625,0.6959839,0.63830566,-0.02130127,0.32818604
4b,4,Right Wrist,35197261,1779739169135,-3.123332,-5.4557357,0.7322037,95.97504,-67.61889,93.32372,-146.95233,6.5288863,129.82777,0.0
4b,3,Left Wrist,8994399,1779739169144,19.427528,2.4194403,16.541582,-168.44423,172.5997,-276.4608,84.92829,-51.85213,346.91006,0.0
4b,1,Left Ankle,2758724,1779739169163,4.63,9.94,-0.22,-25.8125,-57.1875,-60.75,0.7019043,0.6380615,-0.022399902,0.31567383
4b,1,Left Ankle,2758748,1779739169192,7.49,8.45,1.05,-28.9375,-92.5625,-75.25,0.708313,0.6394043,-0.026245117,0.29797363
4b,3,Left Wrist,8994459,1779739169205,5.8913307,34.966614,3.2159536,103.505775,-362.4103,-380.3408,85.13826,-51.66153,346.68845,0.0
4b,1,Left Ankle,2758775,1779739169223,4.72,8.55,0.45,-36.5625,-120.0625,-69.25,0.7149048,0.6411743,-0.033935547,0.2769165
4b,1,Left Ankle,2758785,1779739169223,2.71,9.53,-0.53,-34.6875,-121.5625,-73.9375,0.7213135,0.6427002,-0.042541504,0.25463867
4b,4,Right Wrist,35197455,1779739169225,-13.668501,-0.8830519,5.125426,113.755035,-178.5689,194.12372,-146.84125,6.7454195,129.79291,0.0
4b,1,Left Ankle,2758808,1779739169253,3.54,9.29,-0.93,-23.875,-116.5625,-74.0,0.72631836,0.6449585,-0.050231934,0.23236084
4b,1,Left Ankle,2758836,1779739169282,3.72,9.17,-0.98,-18.5,-104.0625,-75.0625,0.7319946,0.6483154,-0.05810547,0.20111084
4b,1,Left Ankle,2758852,1779739169285,4.12,9.58,-1.82,-8.0,-91.0,-83.125,0.73480225,0.6508789,-0.06085205,0.18084717
4b,4,Right Wrist,35197501,1779739169285,-13.168401,0.41864395,8.116454,-51.164963,-164.4289,167.45372,-146.85419,6.8492255,129.77605,0.0
4b,3,Left Wrist,8994549,1779739169294,-4.450448,11.402097,6.812366,-6.9542236,-149.68031,218.64923,85.1598,-51.698425,346.64136,0.0
4b,1,Left Ankle,2758873,1779739169316,4.81,8.73,-2.59,-1.75,-98.3125,-86.9375,0.7366333,0.6541748,-0.06329346,0.1595459
4b,1,Left Ankle,2758895,1779739169346,6.5,7.35,-2.35,-1.1875,-108.1875,-85.3125,0.7376709,0.6576538,-0.068359375,0.13641357
4b,1,Left Ankle,2758913,1779739169347,6.12,6.59,-1.62,-7.75,-134.875,-71.5,0.7384033,0.66052246,-0.07684326,0.11224365
4b,4,Right Wrist,35197561,1779739169348,-11.510175,0.7057821,6.4606214,59.64504,-51.79889,29.063728,-146.82716,6.8945775,129.77818,0.0
4b,3,Left Wrist,8994609,1779739169358,4.6135635,14.244771,1.6965113,177.21577,-100.6103,291.72922,85.24861,-51.73306,346.60382,0.0
4b,1,Left Ankle,2758933,1779739169373,4.66,6.55,-1.3,-3.9375,-127.875,-54.5,0.7382202,0.6628418,-0.08654785,0.090270996
4b,1,Left Ankle,2758953,1779739169402,4.47,6.79,-1.15,3.375,-114.4375,-39.375,0.7368164,0.66534424,-0.09643555,0.07165527
4b,4,Right Wrist,35197622,1779739169407,-7.815657,-4.240182,3.1274192,-30.72496,-35.41889,-3.836272,-146.81859,6.931175,129.78831,0.0
4b,3,Left Wrist,8994699,1779739169413,6.0468645,2.9985034,-0.7130611,247.63577,-55.740303,317.41922,85.40925,-51.90176,346.5391,0.0
4b,1,Left Ankle,2758983,1779739169433,3.43,7.38,-0.19,7.6875,-98.625,-28.625,0.73461914,0.6678467,-0.10571289,0.05633545
4b,1,Left Ankle,2758993,1779739169434,3.3,7.6,-0.02,13.125,-78.6875,-24.25,0.7319336,0.6704712,-0.113098145,0.044067383
4b,1,Left Ankle,2759016,1779739169462,4.03,7.14,0.19,13.125,-74.6875,-22.375,0.72906494,0.6730957,-0.119506836,0.03314209
4b,1,Left Ankle,2759041,1779739169462,4.76,6.28,0.73,6.3125,-82.625,-18.1875,0.72558594,0.67529297,-0.1315918,0.015991211
4b,4,Right Wrist,35197681,1779739169466,-6.5522466,-1.4788643,1.1389836,68.04504,-7.7688885,-51.296272,-146.78311,6.957366,129.8061,0.0
4b,3,Left Wrist,8994759,1779739169480,9.782061,-1.220043,-1.6342978,6.7657766,-49.5103,246.22923,85.45059,-52.062054,346.50198,0.0
4b,1,Left Ankle,2759058,1779739169492,4.58,5.94,0.48,-3.0,-84.75,-8.125,0.7247925,0.67529297,-0.1362915,0.010681152
4b,1,Left Ankle,2759087,1779739169523,4.41,6.18,0.1,-6.0,-77.375,7.5625,0.7229614,0.6739502,-0.1519165,-0.0014038086
4b,4,Right Wrist,35197742,1779739169532,-4.8150578,-5.5275207,0.5072784,110.53504,-4.4788885,-54.656273,-146.71295,6.974879,129.82664,0.0
4b,2,Right Ankle,2487112,1779739169534,-5.328476,-2.9647286,3.641876,-30.682821,-55.330658,8.50318,-55.31902,27.610397,172.32991,0.0
4b,3,Left Wrist,8994819,1779739169535,11.074184,0.8976051,-1.105484,65.075775,-37.2603,197.71922,85.50602,-52.2061,346.47156,0.0
4b,1,Left Ankle,2759123,1779739169558,2.46,9.69,0.87,1.0,-46.375,44.0,0.72039795,0.6711426,-0.17492676,-0.0064697266
4b,1,Left Ankle,2759102,1779739169558,4.21,7.49,0.26,-6.0,-71.75,25.6875,0.7217407,0.67248535,-0.16375732,-0.0057373047
4b,1,Left Ankle,2759145,1779739169584,0.89,11.07,1.95,2.6875,-35.25,44.8125,0.7192383,0.670166,-0.18310547,-0.003967285
4b,1,Left Ankle,2759159,1779739169584,3.06,11.13,1.55,6.0625,4.1875,43.6875,0.7189331,0.66986084,-0.1854248,-0.0010986328
4b,4,Right Wrist,35197801,1779739169585,-5.6692953,-4.548856,0.50009996,23.945042,-20.018888,-12.0962715,-146.6797,7.009755,129.83699,0.0
4b,3,Left Wrist,8994879,1779739169593,11.866208,1.5412743,-1.2107683,36.515778,-1.5603008,114.55922,85.54161,-52.319927,346.45505,0.0
4b,1,Left Ankle,2759187,1779739169612,8.78,13.72,-0.17,17.8125,47.3125,54.375,0.7180786,0.6702881,-0.1864624,0.016357422
4b,1,Left Ankle,2759199,1779739169643,8.34,12.53,-2.95,13.75,40.6875,40.8125,0.7178955,0.67041016,-0.1862793,0.021362305
4b,1,Left Ankle,2759222,1779739169644,3.53,9.12,-2.09,-9.8125,-19.9375,14.125,0.71868896,0.6682739,-0.19085693,0.023254395
4b,3,Left Wrist,8994939,1779739169655,13.531614,6.9705887,-3.5102708,-26.624224,9.639699,73.60922,85.607704,-52.382393,346.39865,0.0
4b,1,Left Ankle,2759247,1779739169672,1.84,9.56,-1.96,-7.5625,-31.0,10.375,0.7185669,0.6670532,-0.19561768,0.021362305
4b,4,Right Wrist,35197861,1779739169680,-6.6407814,-0.40209436,1.4333007,-9.72496,-6.6488876,15.133728,-146.67801,7.0471416,129.8345,0.0
4b,1,Left Ankle,2759262,1779739169703,2.84,9.13,0.02,-8.1875,-33.5,7.3125,0.71832275,0.6663208,-0.19915771,0.01977539
4b,2,Right Ankle,2487569,1779739169714,-1.2080355,-1.1892544,3.426522,-5.1328206,-7.380657,11.16318,-55.055897,27.526257,172.46867,0.0
4b,3,Left Wrist,8995000,1779739169714,16.056042,4.427018,-3.9194436,-13.534224,16.009699,80.32922,85.65643,-52.469486,346.36096,0.0
4b,1,Left Ankle,2759290,1779739169731,2.58,8.82,1.92,1.375,6.6875,15.375,0.7182007,0.66589355,-0.2006836,0.02154541
4b,1,Left Ankle,2759301,1779739169732,2.57,8.81,1.22,1.5,11.5625,15.5625,0.71832275,0.66571045,-0.2008667,0.02319336
4b,1,Left Ankle,2759323,1779739169764,3.64,9.03,-0.22,0.375,4.1875,10.5,0.7183838,0.6656494,-0.2000122,0.028381348
4b,1,Left Ankle,2759343,1779739169793,3.39,9.34,-0.5,-2.875,-1.125,5.5,0.7186279,0.66516113,-0.2008667,0.029052734
4b,1,Left Ankle,2759363,1779739169796,3.52,9.38,-0.31,-2.25,1.0625,0.625,0.7189331,0.66467285,-0.20141602,0.028930664
4b,4,Right Wrist,35197952,1779739169797,-3.8866422,-1.4357939,2.2181466,1.2650399,8.541112,10.653728,-146.66318,7.071206,129.83154,0.0
4b,1,Left Ankle,2759383,1779739169821,3.86,9.37,0.12,-2.875,1.6875,-5.0625,0.7192993,0.6644287,-0.20080566,0.028564453
4b,3,Left Wrist,8995059,1779739169832,16.087149,5.6162515,-3.1322048,-24.104223,0.25969934,80.25922,85.70739,-52.55655,346.31522,0.0
4b,1,Left Ankle,2759403,1779739169854,3.67,9.06,0.38,-3.25,3.5,-8.5,0.7197876,0.66467285,-0.19830322,0.02923584
4b,1,Left Ankle,2759423,1779739169856,3.22,9.2,0.2,-1.8125,8.0,-10.625,0.7202759,0.66467285,-0.19628906,0.028686523
4b,1,Left Ankle,2759445,1779739169884,3.37,9.2,-0.05,-0.125,11.25,-11.75,0.72076416,0.664978,-0.19372559,0.028503418
4b,1,Left Ankle,2759466,1779739169915,3.56,9.14,0.01,-1.1875,8.875,-12.9375,0.7211914,0.6652832,-0.19091797,0.028198242
4b,1,Left Ankle,2759484,1779739169915,3.51,9.1,0.14,-3.0,3.375,-13.375,0.7216797,0.6654053,-0.18884277,0.02709961
4b,4,Right Wrist,35198115,1779739169915,-3.9321058,-2.4503503,1.3471591,40.88504,3.7811117,9.533728,-146.62125,7.1270027,129.83173,0.0
4b,2,Right Ankle,2487812,1779739169921,-1.0333593,-1.0887557,2.7206395,-2.3328204,1.3693423,-5.42682,-54.87223,27.514126,172.55473,0.0
4b,1,Left Ankle,2759504,1779739169950,3.18,9.37,0.4,-4.0625,-1.375,-14.6875,0.72210693,0.66571045,-0.18621826,0.026367188
4b,3,Left Wrist,8995223,1779739169955,16.123041,3.3071775,-2.6105695,-9.684223,-29.910301,56.949223,85.798065,-52.743477,346.22787,0.0
4b,1,Left Ankle,2759531,1779739169973,3.12,9.77,0.26,-3.6875,-0.6875,-15.625,0.7225952,0.66571045,-0.18463135,0.024169922
4b,1,Left Ankle,2759548,1779739169974,2.92,9.15,0.24,-2.875,1.625,-16.9375,0.72302246,0.6658325,-0.18267822,0.022155762
4b,1,Left Ankle,2759576,1779739170002,3.02,9.26,0.24,-1.5625,4.875,-17.5625,0.7236328,0.6663208,-0.17883301,0.01965332
4b,2,Right Ankle,2487934,1779739170018,-1.5454233,-1.7778888,2.914458,-0.16282052,2.4893425,-1.0868201,-54.751743,27.498236,172.60834,0.0
4b,3,Left Wrist,8995345,1779739170018,15.972292,2.074874,-3.0747771,0.3257764,-24.5203,54.219223,85.911606,-52.91903,346.12296,0.0
4b,1,Left Ankle,2759593,1779739170032,3.0,9.4,0.02,-1.375,8.1875,-20.0,0.7241211,0.666687,-0.17565918,0.018127441
4b,4,Right Wrist,35198238,1779739170039,-5.853543,-0.3303098,1.7970098,-27.99496,-27.50889,-13.566273,-146.59074,7.1918793,129.84157,0.0
4b,1,Left Ankle,2759614,1779739170065,3.24,9.05,0.32,-1.9375,8.9375,-23.0,0.72424316,0.6673584,-0.17266846,0.017028809
4b,1,Left Ankle,2759634,1779739170067,3.29,9.23,0.23,-4.625,10.875,-24.8125,0.72473145,0.66760254,-0.16967773,0.015930176
4b,1,Left Ankle,2759654,1779739170091,3.05,9.58,0.2,-4.9375,15.8125,-25.75,0.7253418,0.66796875,-0.16583252,0.0154418945
4b,1,Left Ankle,2759677,1779739170122,3.39,9.7,0.42,-4.6875,15.375,-29.8125,0.7263794,0.66815186,-0.16064453,0.013671875
4b,1,Left Ankle,2759698,1779739170124,4.6,10.53,-0.71,-5.5,4.125,-37.0625,0.7272339,0.668396,-0.15576172,0.010009766
4b,1,Left Ankle,2759715,1779739170152,4.9,11.03,-0.48,-11.125,-5.625,-45.625,0.7282715,0.66864014,-0.15014648,0.0053100586
4b,3,Left Wrist,8995364,1779739170170,15.692332,2.8190415,-3.266203,7.0457764,-24.8003,50.50922,85.97584,-53.004166,346.06918,0.0
4b,1,Left Ankle,2759736,1779739170181,4.4,12.06,-0.06,-17.1875,-0.4375,-51.375,0.72998047,0.66796875,-0.14483643,-0.0015258789
4b,1,Left Ankle,2759760,1779739170181,4.37,12.65,-1.26,-15.9375,24.9375,-55.375,0.7322998,0.6675415,-0.13452148,-0.004760742
4b,4,Right Wrist,35198361,1779739170191,-4.0756755,-3.8812587,0.6867401,21.91504,3.0111117,-12.0962715,-146.56061,7.2511263,129.85954,0.0
4b,1,Left Ankle,2759781,1779739170214,4.48,11.66,-0.81,-16.3125,50.125,-57.25,0.73498535,0.6668701,-0.12261963,-0.0071411133
4b,3,Left Wrist,8995552,1779739170223,9.002,-5.7831554,-3.1609187,28.255777,-166.55031,-153.54077,86.16477,-53.102596,345.8898,0.0
4b,1,Left Ankle,2759799,1779739170245,3.92,11.68,-0.86,-19.0625,60.5625,-53.1875,0.7381592,0.66571045,-0.109069824,-0.0076293945
4b,1,Left Ankle,2759821,1779739170245,3.53,10.43,-1.64,-28.125,40.1875,-51.75,0.74176025,0.6636963,-0.0960083,-0.00793457
4b,1,Left Ankle,2759843,1779739170271,2.07,9.96,-2.07,-29.6875,9.3125,-51.3125,0.7470093,0.6591797,-0.08459473,-0.015808105
4b,3,Left Wrist,8995571,1779739170283,6.2693973,-10.762619,-0.31106696,61.855778,-208.27031,-307.2608,86.28955,-53.05225,345.75943,0.0
4b,1,Left Ankle,2759861,1779739170302,2.95,7.91,-1.74,-24.5625,15.8125,-49.0,0.7484741,0.65826416,-0.07873535,-0.015808105
4b,1,Left Ankle,2759899,1779739170333,6.35,5.79,-1.86,4.375,67.5,6.6875,0.7514038,0.6565552,-0.06451416,-0.010375977
4b,1,Left Ankle,2759883,1779739170333,4.65,7.0,-1.13,-7.5,48.6875,-8.6875,0.75128174,0.65625,-0.06842041,-0.014587402
4b,4,Right Wrist,35198504,1779739170336,-1.1660029,-7.3245306,-3.818945,101.64504,30.661112,194.61372,-146.43117,7.302327,129.79755,0.0
4b,3,Left Wrist,8995629,1779739170343,-11.047461,-22.171598,2.2205393,-110.97423,-631.9103,-759.1808,86.55515,-52.81808,345.3738,0.0
4b,1,Left Ankle,2759925,1779739170361,6.41,5.27,-2.3,23.5,108.75,37.25,0.74902344,0.66052246,-0.04937744,0.016235352
4b,1,Left Ankle,2759944,1779739170390,8.5,4.94,-2.96,44.5,147.375,80.1875,0.7449951,0.6646118,-0.03930664,0.041870117
4b,3,Left Wrist,8995689,1779739170404,-32.956142,0.87367684,14.833107,-78.77423,-255.24031,-599.09076,86.63753,-52.59414,345.22498,0.0
4b,1,Left Ankle,2759975,1779739170421,8.61,4.88,-3.07,46.6875,143.0625,105.75,0.739624,0.66845703,-0.03173828,0.07110596
4b,1,Left Ankle,2759984,1779739170422,8.74,5.32,-2.4,38.0625,105.375,124.875,0.7338867,0.67126465,-0.030273438,0.09954834
4b,1,Left Ankle,2760029,1779739170459,6.77,6.75,-0.57,4.0625,-8.125,148.3125,0.7246094,0.6722412,-0.05316162,0.14215088
4b,1,Left Ankle,2760008,1779739170459,8.27,5.56,-2.1,20.5,47.75,137.9375,0.7288208,0.6724243,-0.037231445,0.12359619
4b,4,Right Wrist,35198626,1779739170459,-6.4302125,4.01027,1.7252252,-52.984962,11.481112,151.91373,-146.40196,7.373063,129.67776,0.0
4b,3,Left Wrist,8995750,1779739170463,-36.09074,3.6613152,16.47219,-193.43423,-321.39032,-456.36078,86.704704,-52.419075,345.04428,0.0
4b,1,Left Ankle,2760044,1779739170481,4.86,8.38,0.75,-5.125,-36.4375,152.4375,0.7208252,0.6709595,-0.07434082,0.15698242
4b,1,Left Ankle,2760072,1779739170519,-1.08,11.22,4.15,-0.125,-16.9375,150.625,0.7168579,0.6690674,-0.09588623,0.17108154
4b,3,Left Wrist,8995809,1779739170525,-18.81217,6.5279174,13.275379,-58.12422,-282.5403,-294.3108,86.78873,-52.296745,344.89795,0.0
4b,1,Left Ankle,2760096,1779739170543,-4.54,12.07,5.47,20.75,70.0625,144.125,0.708374,0.6654663,-0.10595703,0.20996094
4b,1,Left Ankle,2760114,1779739170544,-6.01,11.92,4.88,47.4375,232.25,114.875,0.70214844,0.6605835,-0.09283447,0.24884033
4b,1,Left Ankle,2760133,1779739170574,-6.33,11.08,3.77,36.25,251.3125,72.8125,0.69732666,0.652771,-0.07055664,0.2874756
4b,3,Left Wrist,8995870,1779739170585,-13.495318,15.043973,-4.4913282,-5.4142237,-159.41031,-68.14078,86.88484,-52.21984,344.78568,0.0
4b,1,Left Ankle,2760153,1779739170603,-7.9,11.86,1.97,15.0,201.75,12.25,0.6958618,0.6437378,-0.04699707,0.31488037
4b,1,Left Ankle,2760173,1779739170605,-11.3,13.27,-1.46,7.0,130.3125,-52.4375,0.6980591,0.6368408,-0.0256958,0.32635498
4b,1,Left Ankle,2760193,1779739170632,-11.3,11.21,-4.01,18.5625,80.625,-100.1875,0.7015991,0.633728,-0.0040893555,0.32574463
4b,1,Left Ankle,2760209,1779739170633,28.31,6.76,30.46,18.4375,54.6875,-102.875,0.7034302,0.6333008,0.0051879883,0.3225708
4b,4,Right Wrist,35198702,1779739170639,-9.756236,4.586941,3.7423747,44.73504,20.02111,28.853727,-146.39227,7.398371,129.66484,0.0
4b,3,Left Wrist,8995929,1779739170644,-1.5000983,9.078666,-20.307886,-58.684223,9.639699,138.84923,86.972565,-52.243343,344.7038,0.0
4b,1,Left Ankle,2760234,1779739170661,25.9,36.56,-20.16,1.625,101.1875,-83.375,0.70355225,0.62609863,0.0413208,0.33361816
4b,1,Left Ankle,2760249,1779739170692,-15.48,7.05,9.04,-29.125,32.3125,-137.8125,0.7088623,0.6229248,0.049682617,0.32720947
4b,4,Right Wrist,35198895,1779739170697,13.470894,24.827827,16.850258,-133.41496,520.73114,-363.14627,-146.38307,7.083986,129.68321,0.0
4b,1,Left Ankle,2760273,1779739170724,-5.42,6.13,4.95,-11.5,58.5,-90.4375,0.7203369,0.6134033,0.077819824,0.3143921
4b,1,Left Ankle,2760295,1779739170725,3.29,16.5,0.52,-13.3125,52.8125,-90.125,0.72631836,0.6077881,0.09161377,0.3076172
4b,2,Right Ankle,2487995,1779739170736,-1.2798201,-1.4907501,2.6392832,2.9871795,4.4493423,-1.3668201,-54.68965,27.493214,172.63515,0.0
4b,3,Left Wrist,8995989,1779739170736,0.37348202,1.6465588,-17.644674,-316.21423,132.2797,266.8092,86.91947,-52.33248,344.68976,0.0
4b,1,Left Ankle,2760313,1779739170758,-0.82,10.52,6.38,-7.375,53.1875,-71.375,0.7312622,0.60253906,0.10406494,0.30230713
4b,4,Right Wrist,35198971,1779739170758,20.965216,9.556833,-4.1635113,-209.78496,165.6911,-234.76628,-146.46791,6.9584823,129.71785,0.0
4b,1,Left Ankle,2760333,1779739170784,-0.67,9.11,2.1,3.375,62.8125,-39.875,0.7319336,0.5987549,0.117126465,0.3032837
4b,1,Left Ankle,2760358,1779739170785,4.27,12.32,-0.18,-17.5,19.9375,-31.5,0.7338257,0.59490967,0.12463379,0.3034668
4b,1,Left Ankle,2760378,1779739170813,-1.23,10.23,1.89,-23.9375,2.0,-15.75,0.7371826,0.5913696,0.12573242,0.3017578
4b,1,Left Ankle,2760395,1779739170843,-0.26,10.24,3.28,-7.6875,36.1875,9.0,0.73779297,0.588501,0.12792969,0.3048706
4b,1,Left Ankle,2760417,1779739170844,1.88,8.31,4.4,6.375,59.5625,21.9375,0.73516846,0.5864258,0.13311768,0.31280518
4b,3,Left Wrist,8996049,1779739170854,-7.0969105,10.634001,-14.792429,-330.28424,145.9997,447.75922,86.822624,-52.43977,344.71143,0.0
4b,1,Left Ankle,2760442,1779739170875,2.44,9.21,4.5,16.875,43.5,22.125,0.7314453,0.5860596,0.13769531,0.32019043
4b,4,Right Wrist,35199032,1779739170876,14.727125,-0.9404794,-11.822936,-95.75496,50.751114,-30.296272,-146.52132,6.8834443,129.7145,0.0
4b,1,Left Ankle,2760458,1779739170901,1.82,8.96,3.49,23.6875,21.625,17.1875,0.7276001,0.58776855,0.14038086,0.32458496
4b,2,Right Ankle,2488707,1779739170909,-19.431772,-9.035319,13.811372,-39.642822,159.00934,163.4132,-54.46157,27.875465,172.68242,0.0
4b,3,Left Wrist,8996243,1779739170917,-21.884556,4.2068787,9.949356,350.11578,-172.0803,583.48926,86.883286,-52.84225,344.67828,0.0
4b,1,Left Ankle,2760483,1779739170932,2.15,9.03,3.38,32.875,5.125,8.1875,0.72180176,0.5928955,0.14294434,0.32720947
4b,1,Left Ankle,2760502,1779739170933,3.87,9.06,3.61,33.3125,-0.375,1.5,0.71881104,0.5968628,0.14465332,0.32574463
4b,4,Right Wrist,35199195,1779739170942,-18.121544,-3.646762,0.59342,-85.25496,130.97112,-97.28628,-146.61494,6.942912,129.70065,0.0
4b,1,Left Ankle,2760525,1779739170961,2.48,9.24,2.65,27.1875,-13.25,-16.9375,0.71759033,0.6005249,0.14642334,0.3209839
4b,3,Left Wrist,8996262,1779739170973,-15.730215,-13.220048,14.062618,285.01578,7.6096992,534.6292,86.9351,-53.029083,344.72403,0.0
4b,1,Left Ankle,2760546,1779739170992,1.36,11.09,1.57,31.125,-13.8125,-30.9375,0.71643066,0.6039429,0.1505127,0.31518555
4b,1,Left Ankle,2760563,1779739170993,1.96,10.33,1.36,34.1875,21.25,-51.0625,0.7150879,0.60595703,0.15893555,0.31018066
4b,4,Right Wrist,35199214,1779739170996,-12.960225,-8.453942,-0.74656063,-0.06496,200.90111,-162.80627,-146.59361,6.890027,129.71202,0.0
4b,1,Left Ankle,2760585,1779739171021,3.33,9.09,1.92,30.875,28.1875,-60.625,0.7147217,0.6060791,0.17071533,0.30444336
4b,2,Right Ankle,2488909,1779739171030,-1.5191022,22.894506,3.4719856,-301.23282,-56.380657,-229.56682,-54.51414,27.883034,172.68707,0.0
4b,3,Left Wrist,8996319,1779739171034,1.8354964,-7.6471643,1.6271194,-188.81422,-114.8903,204.08922,86.89974,-53.139633,344.6778,0.0
4b,1,Left Ankle,2760602,1779739171052,3.78,8.47,3.27,21.8125,28.25,-80.625,0.7163696,0.6045532,0.18310547,0.29626465
4b,1,Left Ankle,2760624,1779739171058,2.92,7.9,3.34,12.25,25.375,-93.125,0.7188721,0.60198975,0.19573975,0.2871704
4b,4,Right Wrist,35199271,1779739171058,-6.935098,-6.195118,2.6991038,-230.85497,204.40111,-272.56628,-146.64494,6.8026743,129.75546,0.0
4b,1,Left Ankle,2760647,1779739171083,1.16,8.3,4.88,7.8125,35.5625,-95.0,0.7213745,0.59820557,0.20996094,0.27874756
4b,2,Right Ankle,2489088,1779739171092,11.784991,-5.8097944,-0.7585248,-116.572815,10.819343,-354.72684,-54.708637,27.662796,172.55101,0.0
4b,3,Left Wrist,8996379,1779739171093,1.9551375,10.686644,-2.778067,-219.96423,19.929699,24.53922,86.86598,-53.079185,344.6478,0.0
4b,1,Left Ankle,2760674,1779739171116,-0.69,8.28,4.37,6.625,32.5,-96.0625,0.7238159,0.5939331,0.22418213,0.27038574
4b,4,Right Wrist,35199332,1779739171116,-0.56301147,-9.018648,3.7591243,-111.71496,175.4911,-201.72627,-146.64772,6.71392,129.78473,0.0
4b,1,Left Ankle,2760684,1779739171116,-1.12,10.31,0.11,-3.4375,-8.1875,-98.0625,0.72802734,0.5899658,0.23449707,0.25878906
4b,1,Left Ankle,2760704,1779739171142,-1.79,11.68,4.47,-7.4375,-17.75,-88.8125,0.73339844,0.5860596,0.24102783,0.24603271
4b,2,Right Ankle,2489107,1779739171150,20.509222,-17.01299,0.6053842,-128.05283,-13.120658,-378.38684,-54.81913,27.486462,172.45633,0.0
4b,3,Left Wrist,8996439,1779739171158,9.856238,13.122537,-10.983055,-10.804223,21.8197,-1.7107773,86.95457,-53.05669,344.57855,0.0
4b,1,Left Ankle,2760732,1779739171172,-2.14,8.75,5.15,-1.1875,22.25,-68.5625,0.7363281,0.5821533,0.24957275,0.23797607
4b,1,Left Ankle,2760750,1779739171172,-4.6,8.71,-2.68,1.25,53.1875,-39.75,0.73602295,0.57836914,0.26019287,0.23675537
4b,4,Right Wrist,35199391,1779739171175,4.923731,-9.243574,0.4953143,11.34504,128.3811,-3.836272,-146.61337,6.6533413,129.7649,0.0
4b,1,Left Ankle,2760775,1779739171203,-4.81,10.29,-5.46,-15.25,28.8125,-17.125,0.736084,0.5745239,0.26696777,0.23840332
4b,3,Left Wrist,8996500,1779739171213,6.7575326,10.215257,6.695118,143.26578,105.8197,-59.81078,86.8889,-53.004627,344.6925,0.0
4b,1,Left Ankle,2760793,1779739171232,-3.92,13.0,4.13,-31.75,11.0625,8.0,0.73846436,0.5684204,0.2677002,0.24487305
4b,1,Left Ankle,2760808,1779739171232,-0.26,11.22,10.06,-23.0,84.5,38.5625,0.7368164,0.56604004,0.27062988,0.25183105
4b,2,Right Ankle,2489166,1779739171239,35.416508,-27.802227,-6.506085,-19.342821,-139.54065,-435.71683,-54.888466,27.27067,172.38513,0.0
4b,4,Right Wrist,35199452,1779739171268,13.356038,10.631212,4.9052863,-2.7249599,-226.0289,263.7737,-146.62753,6.7518663,129.73009,0.0
4b,1,Left Ankle,2760836,1779739171294,1.04,3.29,-0.46,-14.875,154.25,46.0625,0.7293701,0.55999756,0.2833252,0.27227783
4b,1,Left Ankle,2760851,1779739171303,-1.96,9.69,-6.77,-27.6875,54.0625,7.25,0.72680664,0.5536499,0.29101562,0.28381348
4b,2,Right Ankle,2489225,1779739171303,21.255783,71.609985,58.57151,-797.60284,-400.57068,-94.67682,-55.07148,27.159866,172.5139,0.0
4b,3,Left Wrist,8996559,1779739171303,14.172891,5.434397,4.139583,102.105774,132.69969,-0.38077927,86.79632,-53.043873,344.82278,0.0
4b,1,Left Ankle,2760874,1779739171326,1.22,12.88,4.81,-38.0625,-44.375,-16.5625,0.7315674,0.54956055,0.2880249,0.2826538
4b,4,Right Wrist,35199511,1779739171326,-1.7785653,-1.2970103,4.359723,203.91504,-370.2989,244.59372,-146.54024,6.916552,129.73192,0.0
4b,1,Left Ankle,2760894,1779739171326,-2.14,10.45,3.16,-29.625,-24.4375,-20.125,0.73895264,0.5443115,0.2838745,0.27770996
4b,2,Right Ankle,2489315,1779739171359,-19.369558,6.2428527,-5.1349974,90.55718,-9.410658,-118.54682,-55.053215,27.19864,172.48914,0.0
4b,1,Left Ankle,2760911,1779739171382,-1.43,9.24,2.54,-22.125,-4.3125,-16.0,0.74072266,0.5429077,0.28326416,0.27630615
4b,1,Left Ankle,2760935,1779739171382,-2.81,7.85,4.52,-11.75,-17.9375,-1.625,0.7449951,0.5402832,0.27978516,0.2734375
4b,1,Left Ankle,2760953,1779739171383,-3.06,10.28,2.53,2.0,-3.6875,12.875,0.74505615,0.54089355,0.27789307,0.27404785
4b,4,Right Wrist,35199601,1779739171385,-19.672092,-9.377572,1.8257236,119.56504,-119.488884,143.37372,-146.48456,7.0137644,129.71501,0.0
4b,1,Left Ankle,2760974,1779739171413,-0.9,10.78,0.89,3.9375,-7.625,16.25,0.7445679,0.5425415,0.27490234,0.2750244
4b,1,Left Ankle,2760993,1779739171444,-1.75,9.73,2.63,-1.5625,-21.25,24.0,0.7446289,0.5444336,0.2701416,0.27593994
4b,1,Left Ankle,2761014,1779739171446,-1.45,10.24,2.66,0.8125,-14.125,29.4375,0.7440796,0.54644775,0.26550293,0.27807617
4b,4,Right Wrist,35199662,1779739171446,-9.497811,-4.1947184,3.8524444,60.27504,-37.72889,93.18372,-146.44965,7.070201,129.697,0.0
4b,2,Right Ankle,2489375,1779739171449,-23.714924,11.35153,5.386244,-7.5128207,50.999344,467.84317,-54.98344,27.40416,172.59258,0.0
4b,3,Left Wrist,8996620,1779739171453,24.172497,-5.7568345,-4.0031924,294.18576,487.5297,183.43922,86.69065,-53.170513,345.0937,0.0
4b,1,Left Ankle,2761034,1779739171473,-1.79,9.82,2.36,2.6875,-3.5625,36.625,0.74243164,0.548584,0.26171875,0.28173828
4b,1,Left Ankle,2761056,1779739171510,-2.01,9.69,2.88,2.5,-3.4375,45.1875,0.7402954,0.55096436,0.2574463,0.28668213
4b,1,Left Ankle,2761081,1779739171511,-1.03,9.76,3.41,5.875,-0.8125,54.5625,0.7373657,0.55389404,0.25256348,0.29278564
4b,4,Right Wrist,35199721,1779739171510,-3.9201417,1.7897313,4.682754,59.78504,-64.39889,89.333725,-146.4265,7.1222367,129.68382,0.0
4b,1,Left Ankle,2761099,1779739171532,-0.09,8.93,3.63,8.3125,8.0,63.375,0.73327637,0.55718994,0.24786377,0.30059814
4b,3,Left Wrist,8996813,1779739171545,10.531014,12.720542,0.09810573,27.975777,-75.4803,-25.020779,86.69727,-53.13872,345.02744,0.0
4b,4,Right Wrist,35199782,1779739171568,-5.5113688,9.616653,-0.014356935,144.55504,80.64111,17.513727,-146.40141,7.1194644,129.66016,0.0
4b,2,Right Ankle,2489435,1779739171576,-14.902161,-20.425154,1.0241281,127.23718,197.99933,439.56317,-54.984745,27.596027,172.59944,0.0
4b,1,Left Ankle,2761116,1779739171592,-0.1,9.8,2.16,7.8125,17.3125,65.375,0.7288208,0.56030273,0.24353027,0.30914307
4b,1,Left Ankle,2761143,1779739171593,-0.36,9.47,1.31,5.875,9.5,63.6875,0.7243042,0.56292725,0.23944092,0.3180542
4b,1,Left Ankle,2761161,1779739171595,-0.14,10.14,2.06,-2.3125,5.8125,66.75,0.7203369,0.5649414,0.23425293,0.32714844
4b,1,Left Ankle,2761181,1779739171625,-0.47,9.38,3.16,-3.625,13.5,74.125,0.71624756,0.5666504,0.22851562,0.33709717
4b,1,Left Ankle,2761198,1779739171626,0.4,9.12,3.78,0.3125,23.25,79.1875,0.7109375,0.5683594,0.22357178,0.3486328
4b,4,Right Wrist,35199841,1779739171627,-0.63001055,-2.1392834,-3.964907,142.73505,102.901115,23.253729,-146.42358,7.1054616,129.62482,0.0
4b,2,Right Ankle,2489628,1779739171632,-5.5701513,-2.0004213,0.54317075,63.04718,115.81934,249.51318,-54.981472,27.96337,172.62146,0.0
4b,1,Left Ankle,2761223,1779739171654,2.09,8.96,3.37,0.5625,18.125,77.3125,0.7055664,0.5701904,0.21838379,0.35968018
4b,3,Left Wrist,8996962,1779739171664,12.253847,2.290228,-1.4189439,28.045776,-26.760302,-54.910778,86.77027,-53.125233,344.9203,0.0
4b,1,Left Ankle,2761246,1779739171687,1.85,8.65,2.96,-1.125,5.0,72.8125,0.70080566,0.5722656,0.2121582,0.36932373
4b,4,Right Wrist,35199901,1779739171687,-0.6204392,-4.8048882,-4.7425747,127.545044,89.32111,27.593729,-146.32104,7.0759478,129.60689,0.0
4b,1,Left Ankle,2761264,1779739171720,1.45,8.43,3.68,-8.4375,-20.375,64.4375,0.69677734,0.5765381,0.1984253,0.37786865
4b,1,Left Ankle,2761284,1779739171720,0.59,9.43,2.37,-3.4375,-13.875,67.1875,0.6935425,0.5791626,0.18963623,0.38415527
4b,1,Left Ankle,2761301,1779739171745,3.18,9.95,2.8,-4.375,-16.3125,69.4375,0.69177246,0.5805664,0.18511963,0.38745117
4b,4,Right Wrist,35199961,1779739171752,-0.9721841,-0.34945232,-3.6586258,7.8450403,59.921112,-9.646272,-146.39183,7.0800667,129.5891,0.0
4b,3,Left Wrist,8996981,1779739171755,10.68894,3.2545354,-2.2731814,1.8657764,-45.5903,-81.51077,86.857155,-53.157913,344.84082,0.0
4b,1,Left Ankle,2761324,1779739171773,3.55,9.19,3.12,-19.1875,-57.5625,60.5625,0.6894531,0.5856323,0.1665039,0.39239502
4b,1,Left Ankle,2761346,1779739171774,1.56,8.92,2.81,-18.625,-56.8125,60.125,0.6882324,0.58862305,0.15362549,0.3953247
4b,1,Left Ankle,2761362,1779739171801,0.27,9.55,1.96,-8.1875,-15.5,70.0,0.6865845,0.5895386,0.14886475,0.39855957
4b,4,Right Wrist,35200021,1779739171807,-2.446163,0.50478494,-4.24726,78.19504,69.651115,-50.59627,-146.42238,7.0921082,129.58322,0.0
4b,3,Left Wrist,8997069,1779739171820,2.7280192,8.372783,-1.5337993,29.515776,39.3897,-110.28078,86.898636,-53.0485,344.82288,0.0
4b,1,Left Ankle,2761385,1779739171834,5.42,7.9,2.37,-11.5625,-6.625,70.1875,0.6798096,0.5909424,0.13781738,0.41192627
4b,1,Left Ankle,2761410,1779739171835,2.73,8.77,3.17,-30.375,-52.375,64.5,0.67889404,0.5923462,0.12438965,0.41558838
4b,2,Right Ankle,2489648,1779739171839,-4.359383,-0.38765872,0.82313097,71.79718,106.859344,226.06319,-54.937523,28.124163,172.64337,0.0
4b,1,Left Ankle,2761425,1779739171862,2.88,8.5,2.74,-24.0,-40.375,65.0625,0.67803955,0.5938721,0.11065674,0.4187622
4b,4,Right Wrist,35200082,1779739171867,-0.948256,-3.1131625,-3.089134,41.16504,32.90111,-45.48627,-146.3517,7.099263,129.597,0.0
4b,3,Left Wrist,8997160,1779739171873,2.790233,8.396712,1.6582261,-20.534224,124.2297,-148.29077,86.81289,-52.930737,344.90994,0.0
4b,1,Left Ankle,2761447,1779739171893,6.13,7.74,2.95,-15.625,-8.8125,66.5,0.6751709,0.59417725,0.10101318,0.425354
4b,4,Right Wrist,35200141,1779739171928,0.5927219,-3.1825545,-3.3906298,-14.69496,3.2911115,-23.716272,-146.3182,7.037395,129.60796,0.0
4b,1,Left Ankle,2761469,1779739171927,7.94,5.58,3.95,-33.5625,-49.375,53.0625,0.67456055,0.59454346,0.08917236,0.42840576
4b,1,Left Ankle,2761495,1779739171928,4.34,7.7,4.03,-57.375,-112.375,43.625,0.6779175,0.5961914,0.06958008,0.42437744
4b,1,Left Ankle,2761513,1779739171953,1.3,9.7,4.05,-51.75,-112.875,40.25,0.68273926,0.59973145,0.03955078,0.41552734
4b,1,Left Ankle,2761544,1779739171986,6.2,6.97,2.85,-21.75,-51.8125,31.1875,0.68341064,0.60113525,0.027709961,0.41333008
4b,4,Right Wrist,35200202,1779739171986,2.085843,-1.3711878,-3.9290147,-8.8149605,-6.788889,0.29372787,-146.34851,6.9722385,129.60587,0.0
4b,1,Left Ankle,2761553,1779739171987,3.16,9.1,3.42,-18.875,-50.8125,28.6875,0.68426514,0.60284424,0.01739502,0.4099121
4b,3,Left Wrist,8997219,1779739171995,5.077771,4.4724817,3.0652056,-47.974224,138.5797,-178.60077,86.65786,-52.854836,345.04727,0.0
4b,2,Right Ankle,2489913,1779739171995,-5.6826134,-9.635919,0.56470615,183.30719,-147.94064,-135.48682,-54.746704,28.11881,172.79048,0.0
4b,1,Left Ankle,2761577,1779739172014,2.43,11.42,4.21,9.125,-26.75,-6.625,0.68408203,0.6055298,0.013671875,0.4064331
4b,1,Left Ankle,2761594,1779739172043,2.8,11.52,3.96,31.75,15.1875,-24.4375,0.6826782,0.60821533,0.018310547,0.40454102
4b,1,Left Ankle,2761616,1779739172043,4.0,10.54,2.71,27.25,13.5,-35.0,0.68170166,0.6104126,0.025878906,0.40246582
4b,4,Right Wrist,35200261,1779739172046,2.8228326,-3.3644087,-4.15394,44.52504,-40.248886,-2.3662722,-146.32242,6.9181046,129.61554,0.0
4b,1,Left Ankle,2761634,1779739172071,5.55,10.18,2.09,2.25,-36.875,-28.5625,0.68304443,0.61273193,0.027160645,0.39660645
4b,3,Left Wrist,8997309,1779739172083,7.602199,7.516152,11.260624,-187.90422,42.259697,-215.56078,86.50677,-52.77106,345.1216,0.0
4b,1,Left Ankle,2761655,1779739172105,-1.29,12.97,2.26,-17.0625,-108.125,-34.5625,0.6865845,0.61712646,0.018981934,0.38391113
4b,1,Left Ankle,2761675,1779739172105,-2.4,12.22,5.11,-27.3125,-150.125,-59.5625,0.6932373,0.6231079,0.006225586,0.36206055
4b,4,Right Wrist,35200322,1779739172106,1.2172486,-4.0487556,-5.1230335,-81.12496,-124.03889,50.62373,-146.3311,6.894628,129.62715,0.0
4b,1,Left Ankle,2761698,1779739172135,-1.8,10.93,5.35,-21.375,-108.0625,-65.8125,0.6994629,0.62768555,-0.0025634766,0.3416748
4b,1,Left Ankle,2761726,1779739172161,-0.86,8.54,4.0,-13.8125,-42.75,-63.9375,0.7050781,0.6291504,-0.0040893555,0.32720947
4b,1,Left Ankle,2761735,1779739172161,-0.67,8.35,2.02,-10.9375,-2.5625,-62.1875,0.70965576,0.62841797,6.1035156E-4,0.31854248
4b,4,Right Wrist,35200381,1779739172165,-3.0228333,-0.70359015,-2.778067,-215.03496,-196.90889,130.21373,-146.42784,7.037416,129.62471,0.0
4b,3,Left Wrist,8997399,1779739172174,4.233105,18.102001,8.49452,73.615776,0.3996992,-67.79077,86.48741,-52.70041,345.15668,0.0
4b,1,Left Ankle,2761755,1779739172191,3.09,8.89,-0.98,-2.125,-0.25,-67.5,0.71362305,0.62768555,0.007751465,0.31097412
4b,1,Left Ankle,2761795,1779739172230,3.35,8.85,-1.63,-1.4375,-84.375,-87.4375,0.7215576,0.63238525,0.012634277,0.2816162
4b,1,Left Ankle,2761775,1779739172230,5.0,8.93,-1.85,2.0625,-36.3125,-74.4375,0.7172241,0.62908936,0.012512207,0.29943848
4b,4,Right Wrist,35200441,1779739172230,-7.0451684,6.0680985,-1.2299109,-96.10496,-178.98889,119.71372,-146.48369,7.1406155,129.62167,0.0
4b,2,Right Ankle,2490036,1779739172230,-19.761984,-11.270216,9.860823,-68.62282,-149.41064,-84.17682,-54.75078,28.053246,172.79079,0.0
4b,3,Left Wrist,8997489,1779739172233,3.7760758,13.701599,8.874979,346.19577,-180.9003,69.82922,86.633545,-52.690697,345.09927,0.0
4b,1,Left Ankle,2761822,1779739172251,3.19,8.86,-1.43,-7.75,-124.0,-105.75,0.7270508,0.63671875,0.009094238,0.25683594
4b,1,Left Ankle,2761856,1779739172284,6.31,6.85,-2.26,-3.5,-132.4375,-107.6875,0.7371826,0.64520264,-2.4414062E-4,0.2006836
4b,1,Left Ankle,2761837,1779739172284,5.34,7.58,-1.97,-8.0,-134.25,-112.875,0.73272705,0.6409912,0.0043945312,0.2286377
4b,4,Right Wrist,35200501,1779739172286,-6.2722864,2.1510477,1.026521,-129.28496,-174.57889,89.05373,-146.53374,7.2393465,129.6287,0.0
4b,3,Left Wrist,8997580,1779739172296,-2.2131588,8.296213,11.437692,312.94577,-228.1503,270.44922,86.7869,-52.764606,345.01935,0.0
4b,1,Left Ankle,2761882,1779739172313,6.64,6.1,-2.69,1.1875,-128.625,-92.9375,0.7402344,0.649292,-0.00592041,0.1743164
4b,1,Left Ankle,2761898,1779739172342,7.24,6.08,-2.76,14.0,-114.0,-69.6875,0.74102783,0.6539917,-0.012084961,0.15185547
4b,1,Left Ankle,2761916,1779739172343,7.09,5.98,-2.04,23.5,-104.25,-45.4375,0.73950195,0.6593628,-0.018676758,0.13415527
4b,4,Right Wrist,35200561,1779739172347,-9.114961,5.5656047,5.563313,-87.28496,-109.75889,-1.8062723,-146.56483,7.2923026,129.6501,0.0
4b,3,Left Wrist,8997639,1779739172354,0.5720862,5.34347,5.558527,15.305777,-107.6103,316.0192,86.77558,-52.849224,345.01364,0.0
4b,1,Left Ankle,2761942,1779739172372,6.53,5.95,-1.11,27.125,-101.9375,-23.5,0.7367554,0.664978,-0.02758789,0.119262695
4b,3,Left Wrist,8997699,1779739172414,3.0678,6.989732,3.3044882,104.76577,-167.88031,283.95923,86.82738,-52.907616,344.96954,0.0
4b,1,Left Ankle,2761956,1779739172433,5.34,7.06,0.2,24.25,-104.125,-5.3125,0.7335205,0.670166,-0.039123535,0.10632324
4b,1,Left Ankle,2761980,1779739172435,4.8,7.68,0.65,20.5625,-99.4375,8.5,0.7302246,0.6744995,-0.051818848,0.095703125
4b,1,Left Ankle,2762001,1779739172435,3.94,9.26,1.47,17.125,-95.5,18.9375,0.7269287,0.67803955,-0.06530762,0.08691406
4b,4,Right Wrist,35200622,1779739172435,-6.712566,-2.948058,3.842873,21.425041,-40.73889,-85.94627,-146.53677,7.3119454,129.68535,0.0
4b,1,Left Ankle,2762024,1779739172461,3.14,10.13,2.29,12.5625,-95.125,21.1875,0.723938,0.68078613,-0.079589844,0.07836914
4b,3,Left Wrist,8997759,1779739172474,4.515458,5.6952143,-0.39960137,30.775776,-115.5903,252.80922,86.93048,-52.92897,344.8745,0.0
4b,1,Left Ankle,2762044,1779739172492,2.07,10.52,3.47,7.6875,-88.0625,15.6875,0.7203369,0.68341064,-0.098083496,0.066345215
4b,1,Left Ankle,2762059,1779739172493,1.25,10.1,3.94,2.3125,-70.3125,7.625,0.7196045,0.6838379,-0.10308838,0.06237793
4b,1,Left Ankle,2762082,1779739172522,1.09,10.05,4.24,-3.0625,-45.0,1.875,0.71881104,0.68408203,-0.10974121,0.05682373
4b,1,Left Ankle,2762099,1779739172523,1.54,10.39,3.52,-5.8125,-13.375,-3.0,0.7191162,0.6836548,-0.11218262,0.053955078
4b,3,Left Wrist,8997819,1779739172537,6.7312117,4.161415,-2.251646,-7.724223,-85.0003,172.44922,87.05566,-53.009514,344.75653,0.0
4b,1,Left Ankle,2762122,1779739172551,3.88,10.66,2.07,-2.25,17.5625,-4.8125,0.71972656,0.68322754,-0.11035156,0.05456543
4b,1,Left Ankle,2762144,1779739172583,8.69,10.02,-1.12,5.3125,29.25,-1.75,0.71972656,0.6837158,-0.10491943,0.059265137
4b,1,Left Ankle,2762161,1779739172583,8.72,10.05,-2.07,8.875,28.875,3.9375,0.7194214,0.68408203,-0.10333252,0.061279297
4b,3,Left Wrist,8997879,1779739172594,9.114463,7.0830517,-3.5533416,-0.93422365,-47.9703,102.58922,87.17149,-53.04573,344.65475,0.0
4b,1,Left Ankle,2762186,1779739172618,4.26,9.74,-0.28,-1.0,12.75,0.0625,0.72003174,0.6836548,-0.10076904,0.06341553
4b,4,Right Wrist,35200681,1779739172645,-6.2220373,-3.7209396,3.0245278,12.74504,-29.25889,-115.83627,-146.50789,7.32327,129.72751,0.0
4b,1,Left Ankle,2762202,1779739172645,2.02,9.3,0.43,-14.875,-1.875,-10.0625,0.72094727,0.6828613,-0.10040283,0.062561035
4b,3,Left Wrist,8997939,1779739172653,10.217554,7.2936196,-3.2374892,-29.354223,-20.740301,52.399223,87.26443,-53.07142,344.56845,0.0
4b,1,Left Ankle,2762224,1779739172671,1.24,8.88,1.44,-19.5625,-1.875,-11.8125,0.723999,0.6799927,-0.0993042,0.05987549
4b,1,Left Ankle,2762245,1779739172679,0.62,8.48,-0.52,-13.875,12.4375,-6.625,0.7260132,0.6781006,-0.097351074,0.059692383
4b,1,Left Ankle,2762261,1779739172702,0.32,7.8,-0.44,-12.0,13.3125,-5.3125,0.72680664,0.6774292,-0.095825195,0.060546875
4b,3,Left Wrist,8998000,1779739172713,10.545371,7.968395,-2.7397819,17.125776,-1.6303005,27.549221,87.36473,-53.08242,344.49298,0.0
4b,1,Left Ankle,2762289,1779739172732,1.09,7.04,-0.48,-6.8125,15.875,-3.6875,0.7283325,0.6760864,-0.09240723,0.06262207
4b,1,Left Ankle,2762305,1779739172732,2.42,8.62,-0.63,-3.375,-8.5625,12.75,0.7284546,0.6756592,-0.09362793,0.0635376
4b,2,Right Ankle,2490272,1779739172745,-0.26047757,-0.16991189,0.6436693,10.057179,-23.900658,-25.09682,-54.557877,27.980328,172.89705,0.0
4b,1,Left Ankle,2762331,1779739172762,3.76,13.54,1.53,-3.25,-16.25,16.5625,0.7285156,0.6750488,-0.09820557,0.06311035
4b,3,Left Wrist,8998059,1779739172780,11.39243,6.027817,-1.9453648,-20.604223,18.9497,15.649221,87.42569,-53.131413,344.44263,0.0
4b,1,Left Ankle,2762349,1779739172791,5.05,12.28,-0.2,-6.625,10.6875,-10.75,0.72906494,0.6744995,-0.09753418,0.06323242
4b,4,Right Wrist,35200978,1779739172796,-7.2988076,-3.0198424,3.440879,-59.35496,65.59111,29.76373,-146.46819,7.371234,129.76793,0.0
4b,1,Left Ankle,2762377,1779739172824,1.37,6.68,0.01,-24.3125,-3.5625,-25.1875,0.73168945,0.67230225,-0.0947876,0.0602417
4b,1,Left Ankle,2762385,1779739172824,0.19,9.64,1.16,-22.375,-17.875,-22.4375,0.734375,0.66986084,-0.09436035,0.055114746
4b,3,Left Wrist,8998120,1779739172834,12.643876,5.7909274,-0.95712906,-42.094223,25.8797,14.809221,87.4442,-53.203342,344.4216,0.0
4b,1,Left Ankle,2762405,1779739172855,2.38,9.66,1.62,-10.6875,-1.5,-17.0625,0.7357788,0.66882324,-0.091674805,0.053588867
4b,1,Left Ankle,2762432,1779739172855,2.37,8.8,1.7,-12.5625,8.75,-13.1875,0.73742676,0.66748047,-0.08929443,0.052368164
4b,4,Right Wrist,35201100,1779739172855,-4.6260242,-3.5486565,2.6057837,-10.42496,77.63111,41.94373,-146.46046,7.3883786,129.7208,0.0
4b,2,Right Ankle,2490823,1779739172860,-1.0931798,-0.8997229,2.0841484,8.797179,25.099342,8.15318,-54.201538,27.963371,173.05002,0.0
4b,1,Left Ankle,2762449,1779739172888,1.86,9.62,0.96,-10.5,8.75,-10.625,0.7388916,0.6661377,-0.08703613,0.051818848
4b,1,Left Ankle,2762465,1779739172912,2.1,9.58,1.33,-9.8125,5.875,-9.0625,0.74017334,0.66503906,-0.0847168,0.051879883
4b,1,Left Ankle,2762485,1779739172913,2.45,8.99,1.69,-10.3125,7.125,-10.9375,0.7414551,0.6639404,-0.08270264,0.051208496
4b,1,Left Ankle,2762510,1779739172942,2.07,9.78,0.94,-14.625,1.8125,-11.875,0.74316406,0.6622925,-0.08111572,0.049926758
4b,2,Right Ankle,2490845,1779739172955,-1.4903883,-1.6295336,2.184647,8.72718,23.559341,11.93318,-54.135555,27.978409,173.07579,0.0
4b,1,Left Ankle,2762525,1779739172973,1.71,9.94,1.66,-12.0625,1.0,-16.375,0.744751,0.6608887,-0.07940674,0.047973633
4b,1,Left Ankle,2762545,1779739172974,1.63,9.59,1.44,-7.75,4.0,-17.125,0.74591064,0.6599121,-0.07714844,0.046020508
4b,4,Right Wrist,35201131,1779739172975,-3.8483572,-4.682854,2.5866413,-26.034962,55.861115,53.843727,-146.44618,7.4012656,129.69756,0.0
4b,3,Left Wrist,8998179,1779739172987,13.093728,6.307777,-0.19860429,1.4457765,33.2297,22.36922,87.449905,-53.28473,344.42456,0.0
4b,1,Left Ankle,2762571,1779739173002,1.63,9.59,1.04,-2.9375,6.0625,-15.0,0.746521,0.65966797,-0.07421875,0.04522705
4b,1,Left Ankle,2762595,1779739173035,1.51,9.69,0.97,-0.9375,8.8125,-13.5625,0.7468872,0.65960693,-0.07165527,0.04437256
4b,1,Left Ankle,2762605,1779739173035,1.72,9.54,0.7,-2.5,14.1875,-12.375,0.74731445,0.6594238,-0.068847656,0.043945312
4b,3,Left Wrist,8998343,1779739173043,12.9693,6.8413763,1.9525433,65.42577,39.179703,33.91922,87.341774,-53.426277,344.54263,0.0
4b,1,Left Ankle,2762630,1779739173064,1.09,10.1,0.47,-3.1875,14.25,-11.875,0.7479248,0.6590576,-0.06567383,0.043945312
4b,4,Right Wrist,35201295,1779739173068,-4.913163,-0.5839491,3.0604203,22.825039,37.101112,-25.466272,-146.4204,7.4305587,129.68066,0.0
4b,1,Left Ankle,2762647,1779739173093,1.91,9.59,1.57,-3.0,12.5,-11.0625,0.7484741,0.6586914,-0.062805176,0.043945312
4b,1,Left Ankle,2762677,1779739173123,1.58,9.64,1.43,-1.4375,8.25,-9.1875,0.74890137,0.65844727,-0.061767578,0.04260254
4b,1,Left Ankle,2762686,1779739173124,1.41,9.83,1.31,1.875,8.8125,-8.4375,0.7489624,0.65856934,-0.05987549,0.042297363
4b,4,Right Wrist,35201314,1779739173126,-5.0040903,-0.40927288,3.0484562,46.20504,48.23111,-42.546272,-146.39442,7.4325514,129.68497,0.0
4b,3,Left Wrist,8998389,1779739173134,12.344774,4.6423726,2.1104696,63.46578,26.2297,1.2292213,87.300026,-53.483852,344.59946,0.0
4b,1,Left Ankle,2762710,1779739173154,1.19,9.87,1.2,3.625,19.5625,-8.625,0.7487793,0.65893555,-0.056518555,0.04345703
4b,1,Left Ankle,2762725,1779739173155,1.97,9.39,0.96,5.0625,24.5625,-9.6875,0.74853516,0.65948486,-0.052368164,0.04498291
4b,1,Left Ankle,2762749,1779739173181,1.91,9.72,1.21,4.3125,18.0,-11.8125,0.748291,0.6600342,-0.048706055,0.045837402
4b,3,Left Wrist,8998479,1779739173195,12.129419,10.318148,0.5575277,159.29578,27.2797,-8.92078,87.33479,-53.405518,344.6218,0.0
4b,1,Left Ankle,2762765,1779739173211,1.46,9.64,1.53,3.9375,12.875,-13.4375,0.7481079,0.6604614,-0.04522705,0.045959473
4b,1,Left Ankle,2762787,1779739173211,1.57,9.37,1.37,6.25,14.0625,-13.3125,0.74768066,0.66119385,-0.041870117,0.045837402
4b,4,Right Wrist,35201402,1779739173216,-6.1981087,-0.5217355,1.8137596,44.24504,67.41111,-79.22627,-146.37059,7.4284654,129.69597,0.0
4b,1,Left Ankle,2762811,1779739173242,1.24,9.57,1.29,10.5,15.9375,-11.9375,0.7468262,0.6622925,-0.038269043,0.046325684
4b,3,Left Wrist,8998540,1779739173258,11.708282,6.695414,0.04546363,139.83577,8.029699,-25.790775,87.40096,-53.470264,344.60928,0.0
4b,1,Left Ankle,2762826,1779739173271,1.46,9.74,1.22,12.875,13.8125,-11.125,0.74560547,0.66381836,-0.03503418,0.046691895
4b,1,Left Ankle,2762849,1779739173272,1.58,9.37,1.05,14.8125,5.8125,-11.125,0.7441406,0.66552734,-0.03289795,0.04663086
4b,4,Right Wrist,35201461,1779739173280,-5.803293,-0.07667057,-1.2849457,122.64504,92.82111,-133.68628,-146.3302,7.4200163,129.7164,0.0
4b,1,Left Ankle,2762866,1779739173302,1.22,9.57,1.6,19.5625,-2.3125,-8.9375,0.7423706,0.66760254,-0.03173828,0.04650879
4b,2,Right Ankle,2490935,1779739173310,-3.6008582,-2.1320264,1.7156539,24.12718,20.759342,43.01318,-54.119236,28.069801,173.08209,0.0
4b,3,Left Wrist,8998599,1779739173314,10.507086,2.3644054,-0.41874397,29.305777,-9.470301,-77.730774,87.43248,-53.518303,344.58945,0.0
4b,1,Left Ankle,2762887,1779739173332,0.9,9.97,1.02,22.5625,-3.5625,-6.625,0.7401123,0.67022705,-0.031311035,0.04534912
4b,1,Left Ankle,2762906,1779739173332,0.84,9.93,1.16,24.9375,-2.0,-4.625,0.7373657,0.67333984,-0.030456543,0.04486084
4b,4,Right Wrist,35201551,1779739173336,-5.860721,-3.8334022,-2.8546374,-4.40496,30.941113,-111.63628,-146.31279,7.4393635,129.74507,0.0
4b,1,Left Ankle,2762932,1779739173361,0.9,9.88,0.96,27.625,-1.25,-0.25,0.7342529,0.6766968,-0.030273438,0.044677734
4b,3,Left Wrist,8998660,1779739173373,8.341581,4.3336983,-0.45224345,1.2357764,-16.3303,-124.28078,87.490944,-53.540813,344.5382,0.0
4b,1,Left Ankle,2762949,1779739173397,0.62,9.83,0.82,28.5625,-5.0,5.8125,0.73101807,0.6801758,-0.030883789,0.044799805
4b,4,Right Wrist,35201612,1779739173397,-6.7293153,-2.8427737,-1.6582261,0.6350398,32.27111,-106.806274,-146.29877,7.4548664,129.77145,0.0
4b,1,Left Ankle,2762977,1779739173421,0.6,9.85,0.56,30.125,-5.4375,13.5,0.727417,0.6838379,-0.031433105,0.047058105
4b,1,Left Ankle,2762994,1779739173421,0.6,9.98,0.39,31.5,-1.4375,25.0625,0.7216797,0.6894531,-0.03527832,0.05065918
4b,3,Left Wrist,8998719,1779739173434,5.5084796,4.2236285,-1.0456635,-58.964222,-14.1603,-181.05078,87.57463,-53.474117,344.44986,0.0
4b,1,Left Ankle,2763010,1779739173459,0.71,9.94,0.3,31.4375,-0.25,28.75,0.71972656,0.6912842,-0.036621094,0.05267334
4b,4,Right Wrist,35201671,1779739173459,-6.5115685,-4.4028935,-1.9262222,-2.37496,20.231112,-92.10628,-146.27734,7.474791,129.797,0.0
4b,1,Left Ankle,2763034,1779739173481,1.05,9.81,-0.06,29.75,4.8125,36.625,0.7139282,0.69641113,-0.041748047,0.059814453
4b,1,Left Ankle,2763054,1779739173483,1.48,9.64,-0.07,27.375,6.75,36.6875,0.7102051,0.6995239,-0.04437256,0.065979004
4b,3,Left Wrist,8998779,1779739173494,3.8311105,5.8770695,0.28953153,201.29578,-20.9503,-172.02077,87.65597,-53.34062,344.43512,0.0
4b,1,Left Ankle,2763073,1779739173512,2.01,9.4,-0.07,25.75,5.1875,35.9375,0.70684814,0.70214844,-0.047790527,0.07086182
4b,1,Left Ankle,2763094,1779739173544,1.87,9.57,0.06,23.6875,0.6875,35.125,0.7036133,0.7047119,-0.051635742,0.07525635
4b,1,Left Ankle,2763113,1779739173544,1.97,9.66,0.14,24.625,0.0625,34.625,0.70025635,0.7072754,-0.056274414,0.07861328
4b,3,Left Wrist,8998839,1779739173555,-4.9290123,7.260121,-2.012364,-17.454224,-102.5703,-202.05078,87.728004,-53.212112,344.34943,0.0
4b,1,Left Ankle,2763134,1779739173572,2.33,9.51,0.27,26.25,-3.3125,32.25,0.6966553,0.710083,-0.06011963,0.082458496
4b,1,Left Ankle,2763150,1779739173572,2.5,9.38,0.34,26.3125,-6.0,31.1875,0.6948242,0.71154785,-0.062194824,0.08404541
4b,4,Right Wrist,35201731,1779739173576,-6.513962,-5.197311,-1.2346964,6.3050404,11.481112,-48.566273,-146.24988,7.500477,129.81206,0.0
4b,1,Left Ankle,2763178,1779739173604,2.57,9.4,0.13,26.125,-11.125,29.0625,0.68933105,0.71588135,-0.06890869,0.087402344
4b,3,Left Wrist,8998899,1779739173614,-3.7565305,7.336691,-3.4289148,-10.454224,-88.2903,-125.61078,87.816055,-53.106903,344.25653,0.0
4b,1,Left Ankle,2763196,1779739173632,2.76,9.38,-0.12,25.3125,-18.75,25.25,0.68573,0.71875,-0.073913574,0.088012695
4b,1,Left Ankle,2763211,1779739173633,2.84,9.38,-0.24,22.125,-26.625,21.5,0.684021,0.7200928,-0.07647705,0.087890625
4b,1,Left Ankle,2763238,1779739173664,2.36,9.2,-0.58,16.5625,-30.0625,17.5,0.6795044,0.7236328,-0.084472656,0.08654785
4b,4,Right Wrist,35201895,1779739173669,-7.0308113,-10.801302,-0.8781659,18.835041,-28.55889,33.753727,-146.17186,7.5717096,129.8227,0.0
4b,3,Left Wrist,8998959,1779739173673,-2.6055822,4.9917245,-4.1754756,35.745777,-67.0803,-53.440777,87.93673,-53.032135,344.15558,0.0
4b,1,Left Ankle,2763254,1779739173691,2.35,9.19,-0.43,14.75,-27.375,18.5,0.677124,0.7253418,-0.08947754,0.0859375
4b,1,Left Ankle,2763275,1779739173723,1.77,9.95,-1.86,14.625,0.0625,19.5625,0.6749878,0.7267456,-0.09222412,0.08795166
4b,1,Left Ankle,2763298,1779739173724,2.26,8.88,-1.77,14.0,5.375,18.125,0.67303467,0.72802734,-0.093688965,0.09088135
4b,1,Left Ankle,2763315,1779739173750,3.57,9.04,-1.73,7.9375,-7.4375,15.0,0.67144775,0.7290039,-0.09527588,0.09301758
4b,4,Right Wrist,35201914,1779739173756,-7.2988076,-10.652946,-0.6963114,15.40504,-32.40889,40.40373,-146.13275,7.614704,129.8218,0.0
4b,3,Left Wrist,8999019,1779739173764,-1.4881343,4.350448,-7.159325,-19.904224,-39.990303,30.699223,88.05703,-53.00586,344.04578,0.0
4b,1,Left Ankle,2763337,1779739173784,3.07,8.82,-0.92,2.3125,-21.75,12.75,0.6705322,0.72943115,-0.09899902,0.09222412
4b,1,Left Ankle,2763356,1779739173785,2.7,9.16,-1.42,1.3125,-23.3125,12.0,0.6699219,0.7295532,-0.10443115,0.08959961
4b,1,Left Ankle,2763376,1779739173812,2.73,8.87,-1.15,2.5,-20.4375,10.375,0.6691284,0.72998047,-0.1081543,0.0881958
4b,3,Left Wrist,8999080,1779739173824,-1.0239263,3.527317,-8.262417,49.605778,-16.1203,79.41922,88.197716,-53.006687,343.9444,0.0
4b,1,Left Ankle,2763400,1779739173850,2.91,9.04,-1.13,3.125,-13.8125,10.1875,0.6682739,0.7303467,-0.11114502,0.08746338
4b,1,Left Ankle,2763445,1779739173876,3.25,9.1,-1.16,1.6875,-4.875,3.0,0.66656494,0.7312012,-0.11590576,0.0871582
4b,1,Left Ankle,2763422,1779739173877,3.04,9.08,-1.1,3.125,-9.25,8.25,0.66741943,0.7307739,-0.11376953,0.08721924
4b,1,Left Ankle,2763462,1779739173902,3.45,9.17,-1.18,1.6875,-5.0,0.75,0.6663208,0.73150635,-0.115112305,0.087890625
4b,3,Left Wrist,8999169,1779739173914,-1.0502473,-2.296813,-7.219146,56.535778,8.8696995,63.24922,88.32855,-53.04212,343.8579,0.0
4b,1,Left Ankle,2763484,1779739173932,3.55,9.16,-1.2,5.4375,-6.1875,-6.8125,0.6655884,0.7322998,-0.11517334,0.08630371
4b,1,Left Ankle,2763507,1779739173933,3.62,9.67,-0.42,7.1875,0.1875,-13.25,0.66485596,0.7333374,-0.11376953,0.08496094
4b,1,Left Ankle,2763531,1779739173963,2.99,10.86,-0.17,9.375,20.25,-17.875,0.6642456,0.7344971,-0.10998535,0.08496094
4b,1,Left Ankle,2763545,1779739173992,4.53,10.73,-0.1,5.5,40.625,-23.25,0.6643677,0.7351074,-0.103027344,0.08709717
4b,1,Left Ankle,2763566,1779739173996,3.56,10.58,3.93,-3.125,50.75,-30.1875,0.6656494,0.7348633,-0.09399414,0.09008789
4b,4,Right Wrist,35202105,1779739173996,-8.519147,-8.870294,0.6029913,22.47504,-19.668888,47.26373,-146.0645,7.706578,129.80942,0.0
4b,1,Left Ankle,2763593,1779739174027,3.05,11.15,0.66,-13.75,73.8125,-30.9375,0.6687012,0.73291016,-0.082214355,0.0947876
4b,3,Left Wrist,8999229,1779739174035,-2.9238276,-7.5442734,-3.117848,123.52577,-6.6703005,-44.20078,88.40266,-53.0513,343.83154,0.0
4b,1,Left Ankle,2763606,1779739174055,3.26,9.97,0.85,-24.125,82.5,-37.625,0.6726074,0.72979736,-0.0670166,0.10247803
4b,4,Right Wrist,35202331,1779739174056,-11.239785,-10.657733,1.0863415,-67.68496,78.611115,52.65373,-146.00075,7.7993455,129.75282,0.0
4b,1,Left Ankle,2763635,1779739174085,1.48,9.64,1.96,-28.625,88.375,-44.6875,0.67767334,0.7255249,-0.05255127,0.10772705
4b,1,Left Ankle,2763652,1779739174085,-2.4,9.1,5.05,-38.625,107.625,-54.375,0.68377686,0.71990967,-0.035217285,0.113708496
4b,3,Left Wrist,8999422,1779739174096,-12.925826,-6.326326,13.036098,86.285774,-327.7603,-168.10077,88.6854,-52.940002,343.61893,0.0
4b,1,Left Ankle,2763675,1779739174112,-2.48,9.05,7.42,-55.0,118.1875,-57.0625,0.6914673,0.7119751,-0.0154418945,0.121398926
4b,4,Right Wrist,35202351,1779739174116,-12.409876,-11.4689,1.8496519,-112.69496,79.73112,40.613728,-146.01756,7.812932,129.72879,0.0
4b,1,Left Ankle,2763696,1779739174141,-1.57,8.29,8.06,-77.0625,117.3125,-59.9375,0.7069702,0.6945801,0.0146484375,0.13256836
4b,1,Left Ankle,2763713,1779739174142,-2.07,7.78,6.23,-83.1875,169.875,-64.625,0.7164917,0.68029785,0.04345703,0.14819336
4b,3,Left Wrist,8999441,1779739174153,-16.026926,-2.0671022,11.255837,12.9257765,-276.9403,-102.44078,88.78852,-52.893055,343.48148,0.0
4b,1,Left Ankle,2763735,1779739174171,-2.36,9.14,2.06,-52.875,286.5,-50.8125,0.7188721,0.6730957,0.06304932,0.16174316
4b,1,Left Ankle,2763749,1779739174172,-1.8,8.0,-2.01,-13.375,398.5625,-42.4375,0.71710205,0.6583252,0.112854004,0.19897461
4b,1,Left Ankle,2763777,1779739174203,0.81,4.3,-6.59,0.6875,390.5625,-54.875,0.7095947,0.6422119,0.16687012,0.23712158
4b,3,Left Wrist,8999500,1779739174215,-9.15713,8.920739,-0.75613195,-100.05423,-148.07031,74.519226,88.827446,-52.869164,343.3917,0.0
4b,1,Left Ankle,2763794,1779739174235,5.0,0.83,-8.3,-12.8125,265.5,-68.25,0.70251465,0.6203003,0.22302246,0.2682495
4b,1,Left Ankle,2763809,1779739174242,33.45,-13.03,-5.76,-5.1875,96.8125,-15.75,0.7006836,0.61694336,0.23083496,0.27404785
4b,1,Left Ankle,2763834,1779739174264,-5.02,4.33,7.5,-139.1875,-168.5,3.75,0.7224121,0.6069946,0.19903564,0.26470947
4b,4,Right Wrist,35202391,1779739174268,-12.043775,-8.56162,3.8261235,-208.17496,78.471115,27.943727,-146.07147,7.823285,129.70815,0.0
4b,3,Left Wrist,8999559,1779739174273,2.4456666,12.24437,-12.509677,-433.04422,36.3097,165.16922,88.75993,-52.887615,343.3334,0.0
4b,1,Left Ankle,2763851,1779739174291,34.39,37.78,-19.8,-36.5625,-161.0,-11.25,0.72717285,0.60809326,0.18896484,0.2564087
4b,1,Left Ankle,2763875,1779739174325,-5.8,-12.46,2.58,-14.625,67.125,7.625,0.73498535,0.6011963,0.18774414,0.2512207
4b,1,Left Ankle,2763895,1779739174326,-5.65,15.94,2.13,-28.4375,1.125,16.125,0.73553467,0.5980835,0.18829346,0.25653076
4b,3,Left Wrist,8999620,1779739174334,10.071591,18.91556,-11.157732,-407.07422,52.969696,243.98923,88.681755,-52.93065,343.29477,0.0
4b,1,Left Ankle,2763912,1779739174351,6.33,5.55,-0.16,-39.125,-35.9375,6.8125,0.737854,0.59643555,0.1850586,0.25598145
4b,4,Right Wrist,35202555,1779739174359,-3.348257,-0.38055882,2.0745773,-217.20496,-103.87888,1.623728,-146.13861,7.8708215,129.71397,0.0
4b,2,Right Ankle,2491439,1779739174391,-6.163571,-5.580084,-4.8622155,32.45718,-9.200658,26.563179,-54.27613,28.16093,172.95937,0.0
4b,3,Left Wrist,8999679,1779739174393,-6.1134605,27.44597,-8.822337,-351.35422,-65.8903,512.71924,88.62575,-53.042637,343.2302,0.0
4b,1,Left Ankle,2763936,1779739174418,-3.61,9.03,4.97,-9.6875,54.4375,27.1875,0.7415161,0.5918579,0.17932129,0.26019287
4b,4,Right Wrist,35202601,1779739174418,-6.872885,2.4118648,4.0869412,-206.21497,-137.6189,-0.6162722,-146.20605,7.9339156,129.74127,0.0
4b,1,Left Ankle,2763952,1779739174440,-1.0,7.3,3.69,7.6875,96.125,38.125,0.73876953,0.5908203,0.18359375,0.26727295
4b,1,Left Ankle,2763977,1779739174443,2.2,11.8,2.02,-7.875,16.125,28.4375,0.73358154,0.5890503,0.18841553,0.28173828
4b,1,Left Ankle,2763998,1779739174443,1.09,9.22,3.4,-9.9375,0.1875,24.6875,0.7329712,0.5890503,0.18579102,0.2850952
4b,2,Right Ankle,2492389,1779739174451,-9.159385,4.7928023,15.144175,-226.05281,2.6993423,158.86319,-54.060226,28.557903,173.16504,0.0
4b,3,Left Wrist,8999740,1779739174454,-16.821342,28.661526,-6.0442696,12.365776,-171.1703,674.83923,88.723076,-53.21889,343.12323,0.0
4b,1,Left Ankle,2764017,1779739174479,0.96,8.91,3.93,8.4375,17.375,24.8125,0.73101807,0.5891113,0.18707275,0.28900146
4b,1,Left Ankle,2764035,1779739174479,2.15,8.27,3.84,16.25,31.9375,18.6875,0.7260132,0.59069824,0.19085693,0.29595947
4b,1,Left Ankle,2764057,1779739174501,2.2,9.62,2.46,9.1875,1.6875,-1.1875,0.72454834,0.59173584,0.1920166,0.29663086
4b,1,Left Ankle,2764075,1779739174507,1.84,9.94,2.74,5.875,-9.625,-16.5,0.72491455,0.5924072,0.19256592,0.29406738
4b,4,Right Wrist,35202692,1779739174507,-14.321742,-1.2276181,0.27996024,6.16504,47.321114,-41.07627,-146.2003,7.9504647,129.74448,0.0
4b,3,Left Wrist,8999799,1779739174514,-24.435303,19.741081,0.30149564,114.84577,-100.7503,778.0192,88.80289,-53.444794,343.0739,0.0
4b,1,Left Ankle,2764097,1779739174534,2.17,9.76,2.91,7.8125,-7.25,-24.125,0.725647,0.59265137,0.19519043,0.28997803
4b,1,Left Ankle,2764113,1779739174562,1.5,8.92,2.82,7.625,5.75,-39.125,0.7266846,0.5916748,0.2010498,0.28533936
4b,1,Left Ankle,2764138,1779739174562,1.57,8.62,2.82,1.125,14.0,-61.5625,0.72875977,0.58917236,0.2088623,0.27954102
4b,4,Right Wrist,35202782,1779739174566,-9.112567,-12.246566,0.64606214,-64.25496,158.9711,-16.366272,-146.19405,7.925946,129.72256,0.0
4b,3,Left Wrist,8999859,1779739174575,-16.771091,-0.705586,5.091926,308.18576,-60.850304,571.79926,88.9167,-53.625877,343.0587,0.0
4b,1,Left Ankle,2764158,1779739174591,0.96,10.15,1.54,5.125,14.375,-66.125,0.7307129,0.5866089,0.21789551,0.27288818
4b,2,Right Ankle,2492465,1779739174601,3.4364336,4.05342,1.942972,-310.19284,-88.44066,-145.28682,-54.134617,28.4825,173.17711,0.0
4b,1,Left Ankle,2764174,1779739174621,-0.1,8.6,3.17,2.1875,15.5,-63.9375,0.7328491,0.5836792,0.22650146,0.2662964
4b,3,Left Wrist,8999919,1779739174633,2.7495549,-16.605892,2.1655045,-8.214224,122.4797,118.689224,88.84419,-53.703503,343.14062,0.0
4b,1,Left Ankle,2764196,1779739174652,-2.71,10.9,2.5,10.9375,19.5,-53.8125,0.7338867,0.5817261,0.23461914,0.26080322
4b,1,Left Ankle,2764213,1779739174653,0.43,9.91,0.91,15.4375,18.75,-52.75,0.7340698,0.5802002,0.24291992,0.25585938
4b,4,Right Wrist,35202841,1779739174655,-7.2007017,-5.087241,3.5748768,-69.50496,166.1811,-53.116272,-146.19926,7.891786,129.70847,0.0
4b,2,Right Ankle,2492628,1779739174690,6.4154973,-2.811588,-0.57188463,-101.24281,36.929344,-367.81683,-54.324894,28.253523,173.02206,0.0
4b,3,Left Wrist,8999979,1779739174693,-1.6939164,19.250555,-7.001399,-139.53423,58.359703,52.329224,88.81883,-53.65356,343.13403,0.0
4b,1,Left Ankle,2764235,1779739174712,-1.57,9.9,1.39,-2.0625,-7.875,-57.9375,0.7367554,0.5780029,0.24798584,0.24816895
4b,1,Left Ankle,2764255,1779739174712,-3.72,9.83,1.82,-7.6875,4.9375,-42.6875,0.7387085,0.5745239,0.25390625,0.24450684
4b,1,Left Ankle,2764281,1779739174714,-3.05,10.09,1.86,-2.5,34.3125,-17.0,0.7388916,0.5718384,0.25946045,0.24438477
4b,4,Right Wrist,35202902,1779739174715,-2.8194432,-10.124133,3.78066,-52.70496,141.6811,-79.92628,-146.1846,7.842905,129.70871,0.0
4b,1,Left Ankle,2764295,1779739174741,-1.36,9.61,2.29,-1.6875,37.1875,-1.4375,0.73742676,0.56988525,0.26464844,0.24761963
4b,1,Left Ankle,2764316,1779739174742,-1.89,10.02,2.98,-2.4375,32.5625,5.625,0.73547363,0.567749,0.26953125,0.2531128
4b,2,Right Ankle,2492706,1779739174753,28.33854,-24.95477,3.0149567,-186.57281,-69.820656,-430.39682,-54.45188,28.050985,172.93324,0.0
4b,3,Left Wrist,9000040,1779739174754,14.395423,10.172186,-4.5535417,-72.47423,12.1596985,66.67922,88.88329,-53.681713,343.06458,0.0
4b,1,Left Ankle,2764346,1779739174772,-1.21,8.39,1.34,2.25,47.4375,12.0625,0.73291016,0.5665283,0.27392578,0.25860596
4b,4,Right Wrist,35202992,1779739174775,2.1863415,-0.9883359,3.6490545,-82.87496,-154.2089,35.643726,-146.19609,7.8852196,129.73053,0.0
4b,1,Left Ankle,2764356,1779739174802,2.53,9.06,1.84,-13.4375,20.375,-2.8125,0.7318115,0.56427,0.2775879,0.2626953
4b,1,Left Ankle,2764376,1779739174804,3.55,12.33,6.24,-30.75,-18.5625,-26.1875,0.7363281,0.56018066,0.2765503,0.26000977
4b,2,Right Ankle,2492765,1779739174810,-55.759605,75.84289,14.799608,-510.53284,-659.22064,242.37318,-54.46536,28.031343,173.21948,0.0
4b,3,Left Wrist,9000099,1779739174815,9.61217,4.6543365,-1.8759729,9.355777,69.4197,94.60922,88.93049,-53.760403,343.04388,0.0
4b,1,Left Ankle,2764396,1779739174832,-7.86,8.93,4.09,-3.1875,17.4375,-10.6875,0.73779297,0.5576782,0.27856445,0.25891113
4b,4,Right Wrist,35203051,1779739174845,-7.743872,-9.226825,-2.9024937,81.55504,-143.5689,23.043728,-146.13235,7.9664145,129.75642,0.0
4b,1,Left Ankle,2764436,1779739174867,0.35,10.05,1.91,9.625,-15.8125,21.0625,0.7327881,0.5618286,0.27886963,0.2637329
4b,1,Left Ankle,2764426,1779739174866,-3.68,9.19,0.2,18.1875,22.25,18.5625,0.7333374,0.5604248,0.28063965,0.26342773
4b,2,Right Ankle,2492826,1779739174871,-12.892188,-29.649485,8.537591,157.89719,144.37933,24.18318,-54.499397,28.053728,173.14572,0.0
4b,3,Left Wrist,9000160,1779739174873,13.610576,-5.6371937,1.8161523,58.21578,37.009697,17.11922,88.91707,-53.827538,343.07877,0.0
4b,1,Left Ankle,2764459,1779739174893,-1.29,9.05,2.53,6.3125,-27.5625,16.0,0.732666,0.56463623,0.27423096,0.2630005
4b,4,Right Wrist,35203112,1779739174897,-10.1821575,-10.920943,6.262017,-78.04496,-114.51888,68.61372,-146.13342,8.033289,129.76244,0.0
4b,1,Left Ankle,2764476,1779739174923,-2.17,9.93,0.71,5.5,-20.125,16.0625,0.7324829,0.5671387,0.27020264,0.26245117
4b,1,Left Ankle,2764497,1779739174925,-1.15,9.31,1.98,-0.75,-17.0,20.125,0.7322998,0.56884766,0.2662964,0.2631836
4b,2,Right Ankle,2492885,1779739174929,14.464953,7.8699718,-2.8115666,79.637184,-21.310658,15.08318,-54.457577,28.021845,173.16035,0.0
4b,3,Left Wrist,9000219,1779739174933,15.632512,24.371195,14.191832,-17.804224,288.3797,-260.64078,88.7077,-53.70299,343.30106,0.0
4b,1,Left Ankle,2764522,1779739174952,-1.44,9.4,3.48,-4.25,-22.75,23.25,0.73272705,0.5704346,0.26104736,0.2637329
4b,4,Right Wrist,35203171,1779739174957,-12.247164,3.1057835,14.959928,33.18504,-42.208885,80.02373,-146.11714,8.077593,129.74825,0.0
4b,1,Left Ankle,2764557,1779739174984,0.38,9.19,2.56,7.5625,-14.3125,28.0,0.7307129,0.5751953,0.2524414,0.26739502
4b,1,Left Ankle,2764539,1779739174984,-0.28,9.29,3.36,3.1875,-11.75,28.5,0.7321167,0.57244873,0.2565918,0.26556396
4b,3,Left Wrist,9000280,1779739174993,4.1732845,7.097409,1.0695918,-0.93422365,9.849699,13.409222,88.67192,-53.642307,343.33173,0.0
4b,1,Left Ankle,2764582,1779739175018,-0.33,9.55,2.53,4.6875,-26.6875,25.1875,0.7300415,0.5780029,0.24719238,0.26800537
4b,4,Right Wrist,35203232,1779739175018,-7.0714893,-1.8138597,1.9477576,56.63504,36.261112,-1.106272,-146.08672,8.098265,129.74309,0.0
4b,2,Right Ankle,2492945,1779739175020,2.902834,10.88493,-2.2636101,13.90718,-22.220657,167.40318,-54.404823,28.07641,173.21846,0.0
4b,1,Left Ankle,2764600,1779739175073,0.03,9.22,2.7,3.8125,-23.6875,25.8125,0.7295532,0.5806885,0.24176025,0.26843262
4b,1,Left Ankle,2764617,1779739175074,-1.01,9.89,2.0,6.5625,-19.1875,27.625,0.7279663,0.5829468,0.23809814,0.2711792
4b,1,Left Ankle,2764639,1779739175075,0.33,9.27,2.59,6.125,-19.1875,26.5,0.7269287,0.5856323,0.23327637,0.2722168
4b,4,Right Wrist,35203291,1779739175075,-5.3941207,-6.147261,1.253839,-16.79496,-9.868889,54.26373,-146.06549,8.136512,129.73323,0.0
4b,2,Right Ankle,2493005,1779739175084,-3.5577872,-0.263232,-1.753939,76.69718,61.709343,283.46317,-54.39102,28.237001,173.24773,0.0
4b,1,Left Ankle,2764662,1779739175102,-0.35,9.85,1.9,7.4375,-10.4375,29.9375,0.7255249,0.58813477,0.22912598,0.274292
4b,3,Left Wrist,9000339,1779739175120,11.055041,5.929712,-2.7613175,-30.964224,20.349699,-12.700779,88.73911,-53.670444,343.27307,0.0
4b,1,Left Ankle,2764683,1779739175132,-0.24,10.28,1.94,8.5625,-11.25,29.625,0.7235718,0.5908203,0.22546387,0.2767334
4b,1,Left Ankle,2764701,1779739175133,0.54,9.1,2.42,4.9375,-26.9375,22.375,0.7227173,0.5935669,0.22039795,0.2770996
4b,4,Right Wrist,35203351,1779739175136,-5.2433724,-5.9510503,1.617548,32.835037,-26.73889,85.34373,-146.0283,8.184657,129.71756,0.0
4b,2,Right Ankle,2493095,1779739175139,-7.467659,-4.1276407,3.9840498,58.21718,95.23934,351.99316,-54.3286,28.430162,173.30695,0.0
4b,1,Left Ankle,2764720,1779739175160,-0.03,9.65,2.49,2.4375,-30.9375,21.375,0.7225952,0.5961304,0.21459961,0.27642822
4b,3,Left Wrist,9000502,1779739175179,6.4440727,3.7091718,1.5266209,-32.714222,79.149704,-256.58078,88.58726,-53.65589,343.4477,0.0
4b,4,Right Wrist,35203412,1779739175196,-5.6597238,-3.6515474,3.8452659,89.53504,-20.018888,67.14372,-145.97934,8.22552,129.70473,0.0
4b,1,Left Ankle,2764744,1779739175223,-0.1,9.4,1.69,5.3125,-13.8125,23.3125,0.7210083,0.59936523,0.20874023,0.27819824
4b,1,Left Ankle,2764758,1779739175223,1.0,9.35,2.48,6.125,-3.0625,25.1875,0.72052,0.6005249,0.20666504,0.27856445
4b,1,Left Ankle,2764789,1779739175224,1.04,9.58,1.91,4.6875,-7.5625,25.875,0.71850586,0.6032715,0.20135498,0.28155518
4b,3,Left Wrist,9000522,1779739175235,4.3886385,7.066302,1.0983056,0.11577642,83.3497,-255.39076,88.51858,-53.501186,343.51895,0.0
4b,1,Left Ankle,2764823,1779739175253,1.01,9.61,1.87,-2.1875,-28.25,17.8125,0.71875,0.60595703,0.19317627,0.28094482
4b,1,Left Ankle,2764798,1779739175253,0.27,9.63,2.14,-0.875,-26.25,21.6875,0.7184448,0.604187,0.19866943,0.28155518
4b,4,Right Wrist,35203471,1779739175256,-7.358628,-3.7329035,1.2514462,18.34504,-38.148888,53.913727,-145.9565,8.279878,129.699,0.0
4b,1,Left Ankle,2764847,1779739175283,1.4,9.11,2.33,-4.5,-25.8125,13.75,0.71972656,0.60772705,0.18579102,0.27954102
4b,1,Left Ankle,2764866,1779739175313,0.36,10.13,1.72,-7.9375,-37.8125,8.6875,0.7214966,0.6090088,0.17938232,0.2763672
4b,4,Right Wrist,35203532,1779739175318,-8.121938,-4.419644,1.4883357,35.63504,-37.58889,20.453728,-145.92526,8.326894,129.70314,0.0
4b,1,Left Ankle,2764897,1779739175343,0.11,9.69,1.71,-6.5625,-24.5,8.6875,0.7227783,0.6096802,0.17456055,0.27459717
4b,1,Left Ankle,2764914,1779739175345,1.1,9.45,2.1,-4.4375,-7.75,9.6875,0.72320557,0.60998535,0.17108154,0.27508545
4b,2,Right Ankle,2493156,1779739175350,-5.2088346,-2.9623358,5.5680985,58.91718,74.16934,323.57318,-54.223053,28.572933,173.38695,0.0
4b,3,Left Wrist,9000580,1779739175353,1.6033927,9.499803,2.1870399,262.0558,69.8397,-241.74077,88.55133,-53.35679,343.5794,0.0
4b,1,Left Ankle,2764939,1779739175370,1.69,9.43,2.64,-3.9375,-15.8125,5.875,0.723938,0.6105957,0.16796875,0.27368164
4b,4,Right Wrist,35203591,1779739175375,-8.272686,-2.4024944,2.0985055,-34.78496,-27.64889,15.693728,-145.92488,8.369896,129.70583,0.0
4b,1,Left Ankle,2764955,1779739175402,1.47,9.27,2.46,-5.0625,-38.9375,-1.5,0.72540283,0.6116333,0.16345215,0.27008057
4b,1,Left Ankle,2764978,1779739175404,0.68,10.29,2.09,-4.1875,-40.0,-1.8125,0.7268677,0.61291504,0.15887451,0.2659912
4b,2,Right Ankle,2493422,1779739175410,-9.300562,-3.8093953,5.2307105,54.43718,-33.98066,-191.06682,-54.05986,28.563898,173.46603,0.0
4b,3,Left Wrist,9000743,1779739175420,-9.185844,1.426419,0.9499506,-143.31422,-138.8303,-172.93077,88.68085,-53.13315,343.45514,0.0
4b,1,Left Ankle,2764995,1779739175431,0.71,9.77,2.59,2.0,-16.4375,-1.625,0.727478,0.61395264,0.15631104,0.26342773
4b,4,Right Wrist,35203652,1779739175435,-7.1145597,-3.0198424,2.184647,79.94504,30.241112,-10.766272,-145.88135,8.389089,129.70534,0.0
4b,1,Left Ankle,2765015,1779739175461,0.38,9.15,2.24,7.6875,8.6875,0.9375,0.72680664,0.614624,0.15673828,0.26342773
4b,1,Left Ankle,2765046,1779739175492,1.99,9.82,1.8,10.5,24.6875,-0.1875,0.72509766,0.61499023,0.15985107,0.26556396
4b,1,Left Ankle,2765055,1779739175494,2.23,9.42,2.05,5.6875,11.1875,-8.125,0.7241211,0.61486816,0.16296387,0.2664795
4b,4,Right Wrist,35203711,1779739175496,-4.441777,-3.661119,1.0887343,34.86504,15.961111,15.833728,-145.84587,8.415599,129.70111,0.0
4b,3,Left Wrist,9000762,1779739175503,-10.221936,2.462511,1.2083755,-171.10423,-98.0903,-147.94078,88.661064,-53.05166,343.4019,0.0
4b,1,Left Ankle,2765085,1779739175522,1.92,11.31,1.4,4.375,0.5625,-15.3125,0.72424316,0.61499023,0.16473389,0.26483154
4b,2,Right Ankle,2493544,1779739175538,1.9863831,-5.950972,-5.7164536,-39.36282,-12.420658,-32.86682,-54.10467,28.528555,173.40356,0.0
4b,1,Left Ankle,2765102,1779739175554,2.21,13.39,1.29,11.25,17.25,-17.4375,0.72369385,0.6151123,0.16845703,0.26379395
4b,1,Left Ankle,2765124,1779739175554,0.8,14.47,1.84,15.0,45.9375,-20.25,0.72088623,0.6143799,0.17944336,0.2658081
4b,4,Right Wrist,35203771,1779739175556,-4.372385,-2.433601,0.634098,109.13504,24.36111,17.583727,-145.7904,8.445028,129.69391,0.0
4b,3,Left Wrist,9000849,1779739175571,-5.302293,5.451146,0.021535404,73.825775,-90.2503,-39.370777,88.73025,-52.988342,343.34808,0.0
4b,1,Left Ankle,2765146,1779739175582,0.48,10.56,1.25,10.0,46.4375,-26.3125,0.7194824,0.612854,0.18804932,0.2672119
4b,1,Left Ankle,2765163,1779739175615,2.43,12.28,-0.34,10.25,48.125,-29.375,0.71832275,0.6109619,0.1973877,0.26794434
4b,1,Left Ankle,2765189,1779739175617,2.08,11.7,-0.11,4.5625,32.0,-37.8125,0.71813965,0.6088257,0.20568848,0.26696777
4b,4,Right Wrist,35203832,1779739175618,-2.1255245,-3.4361932,2.2947168,125.02504,17.781113,67.07372,-145.72237,8.467018,129.6749,0.0
4b,1,Left Ankle,2765203,1779739175642,1.29,11.08,0.24,1.0,27.625,-40.0,0.71850586,0.607605,0.20947266,0.26593018
4b,3,Left Wrist,9000910,1779739175656,-2.280158,0.26350716,-0.8566305,72.075775,-26.0603,32.449223,88.79647,-52.967773,343.31,0.0
4b,1,Left Ankle,2765226,1779739175678,-0.03,9.84,-0.75,-10.6875,19.9375,-44.125,0.7211914,0.602417,0.21948242,0.26226807
4b,1,Left Ankle,2765247,1779739175679,0.57,10.6,-1.03,-11.9375,12.25,-44.0625,0.72406006,0.598999,0.22418213,0.25823975
4b,4,Right Wrist,35203891,1779739175680,-2.9534414,-0.9811574,1.1700902,156.52504,30.03111,61.40373,-145.65701,8.498942,129.6531,0.0
4b,1,Left Ankle,2765266,1779739175703,-0.19,10.71,-2.59,-7.0,4.625,-40.3125,0.7253418,0.59680176,0.22955322,0.2548828
4b,3,Left Wrist,9001000,1779739175714,-1.3804572,1.1440657,-1.8305094,155.16577,-47.9703,119.10922,88.955795,-52.96279,343.2165,0.0
4b,1,Left Ankle,2765286,1779739175731,-1.8,10.12,-3.96,19.3125,52.4375,-29.6875,0.72088623,0.5961304,0.24188232,0.2576294
4b,1,Left Ankle,2765305,1779739175731,-0.26,9.17,-4.74,65.625,135.5,-7.0,0.710083,0.59729004,0.26080322,0.26641846
4b,4,Right Wrist,35203952,1779739175736,-4.1666026,-1.7827532,1.3686945,52.36504,12.461112,77.43372,-145.6262,8.5402155,129.63046,0.0
4b,1,Left Ankle,2765331,1779739175762,2.51,8.15,-5.67,82.6875,142.4375,7.9375,0.6953125,0.60028076,0.28100586,0.27783203
4b,2,Right Ankle,2493564,1779739175771,-4.244527,-1.5840701,1.2610176,-33.06282,-39.650658,-4.58682,-54.107742,28.594383,173.41664,0.0
4b,3,Left Wrist,9001059,1779739175774,-2.9070776,-2.9021974,-3.2159536,267.65576,89.1597,97.89922,89.06525,-53.00318,343.22287,0.0
4b,1,Left Ankle,2765368,1779739175795,2.66,7.13,-4.03,85.9375,83.75,41.3125,0.6641846,0.6121826,0.3085327,0.29815674
4b,1,Left Ankle,2765349,1779739175795,3.19,7.28,-5.14,85.0625,111.125,23.9375,0.6798706,0.6054077,0.2970581,0.28814697
4b,4,Right Wrist,35204011,1779739175796,-6.0976105,0.28703883,1.1653047,-15.39496,28.141111,81.84373,-145.63368,8.581499,129.60132,0.0
4b,1,Left Ankle,2765393,1779739175829,2.03,7.46,-2.01,84.25,69.25,57.0625,0.6488037,0.6206665,0.31536865,0.30718994
4b,3,Left Wrist,9001120,1779739175835,1.1248282,-10.937296,-0.9236295,-72.47423,40.789696,3.8892212,89.02607,-53.043217,343.24252,0.0
4b,4,Right Wrist,35204072,1779739175863,-5.951648,1.2752748,0.31585258,-45.214962,64.751114,41.17373,-145.65836,8.6060915,129.57562,0.0
4b,2,Right Ankle,2493812,1779739175863,-1.6578865,-1.6534619,1.6630117,-5.5528207,14.949343,-5.00682,-53.97027,28.641735,173.46149,0.0
4b,1,Left Ankle,2765409,1779739175881,2.01,7.77,-0.48,78.8125,57.5,69.5,0.6334839,0.62976074,0.3192749,0.31658936
4b,1,Left Ankle,2765427,1779739175882,1.47,8.57,1.01,66.8125,50.125,80.6875,0.61901855,0.6385498,0.32006836,0.32647705
4b,1,Left Ankle,2765447,1779739175882,1.51,9.35,1.41,59.125,54.6875,92.3125,0.6045532,0.6466675,0.31933594,0.3381958
4b,4,Right Wrist,35204131,1779739175916,-4.322136,-0.68205464,-0.28953153,-52.77496,87.151115,8.833728,-145.67578,8.623966,129.55627,0.0
4b,2,Right Ankle,2493845,1779739175919,-1.6985645,-2.7756958,2.2660031,12.22718,21.459343,-1.5768201,-53.92398,28.600887,173.47601,0.0
4b,3,Left Wrist,9001179,1779739175925,-1.8757716,2.4864392,1.4069797,-227.10423,-4.1503005,52.81922,88.919075,-53.021336,343.26395,0.0
4b,1,Left Ankle,2765513,1779739175947,3.68,8.76,2.26,24.0625,58.9375,106.4375,0.5631714,0.66503906,0.3093872,0.38049316
4b,1,Left Ankle,2765494,1779739175948,2.55,9.02,2.84,40.0,63.875,103.1875,0.5685425,0.66223145,0.31341553,0.3741455
4b,1,Left Ankle,2765470,1779739175948,1.85,9.01,2.32,52.25,60.8125,99.1875,0.5897217,0.65393066,0.317688,0.35168457
4b,1,Left Ankle,2765539,1779739175972,3.73,9.35,1.94,8.3125,40.875,111.6875,0.54730225,0.6708374,0.29711914,0.40264893
4b,4,Right Wrist,35204192,1779739175977,-3.5277188,-1.146262,-0.66041905,7.5650396,106.751114,-14.0562725,-145.66788,8.635154,129.54028,0.0
4b,3,Left Wrist,9001240,1779739176018,0.54576516,-1.1985075,-0.81834537,5.6457767,-23.750301,25.029222,88.98674,-53.083973,343.20657,0.0
4b,1,Left Ankle,2765555,1779739176036,3.08,10.51,2.21,4.3125,40.0625,131.125,0.53656006,0.6749878,0.2859497,0.41809082
4b,1,Left Ankle,2765579,1779739176037,1.38,9.76,2.81,10.125,55.5625,136.625,0.52197266,0.6779175,0.2769165,0.4373169
4b,4,Right Wrist,35204251,1779739176037,-3.2980075,-3.3668017,-0.6556334,24.855042,104.02111,-5.0962715,-145.6329,8.638787,129.52544,0.0
4b,1,Left Ankle,2765597,1779739176037,-0.22,10.57,3.71,20.0625,100.375,139.75,0.50354004,0.6776123,0.27252197,0.46154785
4b,2,Right Ankle,2493935,1779739176040,-1.9833097,-1.8807802,1.8927227,-0.30282053,28.949343,15.50318,-53.873386,28.664494,173.49593,0.0
4b,3,Left Wrist,9001330,1779739176080,-1.2991011,-2.8854473,0.19621146,-12.694223,-15.280301,22.929222,88.98428,-53.110413,343.20187,0.0
4b,1,Left Ankle,2765611,1779739176093,-1.06,10.16,3.95,28.1875,157.125,139.0625,0.49279785,0.67578125,0.27227783,0.475708
4b,1,Left Ankle,2765638,1779739176094,-2.03,8.8,3.49,30.875,200.5,131.9375,0.45758057,0.66363525,0.2774048,0.5227661
4b,1,Left Ankle,2765654,1779739176095,-2.75,9.23,3.41,22.75,206.0,114.1875,0.43579102,0.6516113,0.2826538,0.5527954
4b,4,Right Wrist,35204311,1779739176096,-3.2357945,-2.5747774,-0.16031912,20.72504,97.09111,21.083729,-145.60515,8.649944,129.50359,0.0
4b,2,Right Ankle,2494025,1779739176099,-1.6483144,-1.6702117,1.4500505,-19.692822,41.19934,4.93318,-53.849117,28.741985,173.50159,0.0
4b,1,Left Ankle,2765675,1779739176151,-2.89,8.94,2.71,4.0625,189.75,79.8125,0.41741943,0.6376953,0.2880249,0.57977295
4b,1,Left Ankle,2765716,1779739176155,-7.38,10.07,-0.07,5.25,129.1875,10.5625,0.39544678,0.611084,0.29943848,0.6168823
4b,1,Left Ankle,2765698,1779739176154,-4.52,8.74,1.24,-3.1875,162.5,50.5,0.40350342,0.6234131,0.293396,0.6021118
4b,3,Left Wrist,9001419,1779739176164,-2.4380853,-3.177372,0.2943172,-85.214226,-18.150301,50.29922,88.95713,-53.13797,343.19614,0.0
4b,4,Right Wrist,35204372,1779739176164,-3.2549372,-1.3185452,-0.47856453,-23.444962,94.361115,47.683727,-145.60663,8.675124,129.4726,0.0
4b,2,Right Ankle,2494116,1779739176190,-1.9761318,-2.167919,0.79920274,-22.63282,51.62934,-0.106820196,-53.91408,28.797638,173.46135,0.0
4b,4,Right Wrist,35204431,1779739176224,-2.2762725,0.8948153,-0.768096,84.21504,142.9411,29.973728,-145.60397,8.679606,129.43214,0.0
4b,1,Left Ankle,2765743,1779739176244,8.04,11.43,0.44,11.75,100.0625,-28.625,0.39086914,0.59942627,0.30969238,0.62609863
4b,1,Left Ankle,2765756,1779739176245,37.13,14.71,-2.85,26.0625,81.25,-22.9375,0.38909912,0.59155273,0.31860352,0.630188
4b,1,Left Ankle,2765776,1779739176246,-5.7,16.24,1.72,-1.6875,62.375,-23.125,0.38452148,0.5824585,0.32763672,0.6367798
4b,2,Right Ankle,2494175,1779739176250,-2.8303697,-3.0628345,0.67716885,-10.38282,62.759342,11.16318,-53.979576,28.854443,173.41801,0.0
4b,3,Left Wrist,9001583,1779739176254,-6.661416,0.100795105,-1.0887343,-192.38423,-59.030304,56.24922,88.92038,-53.17868,343.12906,0.0
4b,1,Left Ankle,2765796,1779739176271,-2.51,7.64,6.3,-51.125,-32.4375,-108.25,0.3991089,0.57702637,0.32946777,0.63183594
4b,1,Left Ankle,2765843,1779739176273,1.69,9.23,6.27,-18.875,20.5625,-82.125,0.42492676,0.5644531,0.3399048,0.62072754
4b,4,Right Wrist,35204492,1779739176279,0.6357927,3.8332024,-3.1920252,109.90504,144.20111,27.733728,-145.62184,8.636458,129.38763,0.0
4b,1,Left Ankle,2765882,1779739176307,1.8,9.38,0.82,2.875,66.125,-54.9375,0.4350586,0.5465698,0.35668945,0.6203003
4b,1,Left Ankle,2765859,1779739176307,0.33,10.11,0.67,-11.5,37.75,-68.75,0.43243408,0.5560913,0.34710693,0.6190796
4b,2,Right Ankle,2494265,1779739176309,-5.9266815,-6.252467,2.8043883,-4.2228203,75.219345,60.86318,-54.028465,28.938757,173.38744,0.0
4b,4,Right Wrist,35204551,1779739176338,3.4425735,1.7753742,-5.4125648,94.92504,129.78111,15.203728,-145.64215,8.56007,129.34999,0.0
4b,3,Left Wrist,9001602,1779739176344,-6.9868407,2.0844452,-0.5910272,-184.05423,-1.2803006,57.789223,88.862564,-53.163372,343.12384,0.0
4b,2,Right Ankle,2494326,1779739176372,-3.148615,1.141355,4.802395,-74.432816,51.069344,93.55318,-53.99244,28.9966,173.42163,0.0
4b,1,Left Ankle,2765896,1779739176393,3.73,9.71,0.89,-0.4375,59.1875,-50.125,0.4362793,0.53686523,0.366333,0.62231445
4b,1,Left Ankle,2765916,1779739176395,2.9,9.23,1.85,-11.6875,25.3125,-52.5,0.44262695,0.5307617,0.37060547,0.6204834
4b,1,Left Ankle,2765942,1779739176397,1.34,9.32,2.83,-12.125,17.8125,-48.5625,0.44799805,0.52471924,0.37506104,0.6190796
4b,4,Right Wrist,35204612,1779739176397,6.6752768,-3.8429732,-7.1282187,121.17504,122.291115,-16.996271,-145.60971,8.457913,129.32951,0.0
4b,1,Left Ankle,2765999,1779739176423,2.29,9.49,1.99,1.25,24.625,-19.0625,0.45111084,0.508728,0.39038086,0.6206665
4b,1,Left Ankle,2765977,1779739176422,2.38,9.14,2.11,5.6875,46.25,-25.4375,0.45129395,0.51312256,0.3859253,0.619751
4b,2,Right Ankle,2494385,1779739176429,2.7018368,-3.6801827,5.563313,-152.13281,0.73934233,71.57318,-54.011127,28.963676,173.45099,0.0
4b,3,Left Wrist,9001660,1779739176433,-2.8305075,0.39750513,-0.2943172,-125.604225,48.9097,86.20922,88.80274,-53.162766,343.14722,0.0
4b,1,Left Ankle,2766020,1779739176455,1.09,9.52,2.08,-2.1875,10.8125,-14.1875,0.45251465,0.50653076,0.39215088,0.62042236
4b,4,Right Wrist,35204671,1779739176456,7.606085,-8.255339,-6.6999035,-47.38496,47.251114,-8.456272,-145.60873,8.38795,129.32529,0.0
4b,1,Left Ankle,2766044,1779739176482,1.12,9.65,2.21,1.375,17.625,-7.9375,0.45251465,0.5043335,0.394104,0.6209717
4b,1,Left Ankle,2766062,1779739176511,1.85,9.64,1.98,6.125,26.6875,-2.125,0.4524536,0.5029297,0.39544678,0.6212158
4b,1,Left Ankle,2766089,1779739176512,1.99,9.44,2.02,6.875,29.125,1.125,0.44854736,0.4993286,0.39971924,0.6242676
4b,4,Right Wrist,35204732,1779739176516,6.16082,-7.2503524,-4.709075,-153.64496,7.4911118,69.03372,-145.64244,8.349497,129.30707,0.0
4b,2,Right Ankle,2494446,1779739176520,1.2302508,-2.7565532,3.0843484,-24.942822,16.279343,-0.3868202,-54.002872,28.907616,173.45511,0.0
4b,1,Left Ankle,2766103,1779739176547,1.9,9.37,2.26,5.4375,24.6875,3.1875,0.44732666,0.49835205,0.40075684,0.62524414
4b,1,Left Ankle,2766125,1779739176572,1.77,9.41,2.28,7.0,28.125,6.0625,0.4451294,0.49542236,0.4033203,0.62750244
4b,1,Left Ankle,2766146,1779739176573,2.32,9.28,2.1,8.6875,34.6875,6.625,0.44195557,0.4923706,0.40637207,0.630188
4b,4,Right Wrist,35204791,1779739176578,5.7205405,-4.3526444,-3.5102708,-152.24496,5.951112,123.56372,-145.68779,8.319902,129.2718,0.0
4b,1,Left Ankle,2766162,1779739176603,2.47,9.27,2.1,8.625,35.4375,5.4375,0.44018555,0.49108887,0.4078369,0.6314697
4b,2,Right Ankle,2494505,1779739176610,1.905027,-2.8881583,3.0029924,-103.34282,-35.10066,-47.566822,-54.024864,28.82583,173.46207,0.0
4b,3,Left Wrist,9001750,1779739176613,-0.76550156,0.026617667,0.37567315,-137.43423,53.4597,117.00922,88.70386,-53.18393,343.19965,0.0
4b,1,Left Ankle,2766185,1779739176631,2.58,9.27,2.18,7.375,29.0,-2.5625,0.43597412,0.48693848,0.4124756,0.6345825
4b,4,Right Wrist,35204851,1779739176635,5.6463633,-2.6369905,-2.754139,-19.104961,32.34111,146.31372,-145.6963,8.288507,129.22348,0.0
4b,1,Left Ankle,2766207,1779739176662,2.39,9.13,2.37,8.25,29.6875,-8.9375,0.43426514,0.4840088,0.41589355,0.6357422
4b,1,Left Ankle,2766232,1779739176663,2.93,9.1,2.57,9.0,30.625,-16.0,0.43310547,0.4798584,0.41955566,0.63726807
4b,2,Right Ankle,2494595,1779739176669,-0.17672902,1.3016739,4.673183,-154.16281,-61.21066,-95.93682,-54.025005,28.779152,173.48587,0.0
4b,1,Left Ankle,2766267,1779739176694,3.32,8.51,3.56,2.75,10.25,-36.6875,0.43579102,0.4725952,0.42791748,0.63531494
4b,1,Left Ankle,2766249,1779739176693,2.84,9.06,2.73,5.6875,21.0625,-25.6875,0.4333496,0.47613525,0.42388916,0.6370239
4b,4,Right Wrist,35204912,1779739176696,7.027022,-5.0704913,-1.6749759,45.57504,63.071114,167.59372,-145.67136,8.262082,129.16464,0.0
4b,1,Left Ankle,2766297,1779739176751,3.06,8.26,3.28,-3.75,-1.875,-47.875,0.44067383,0.46899414,0.43145752,0.6322632
4b,4,Right Wrist,35204971,1779739176756,9.278667,-3.0605204,-2.1248264,-79.09496,21.071112,187.82373,-145.70148,8.249933,129.10657,0.0
4b,2,Right Ankle,2494685,1779739176760,-2.7298703,1.8161309,4.677968,-82.06282,-100.48066,-130.5868,-53.994637,28.740307,173.5157,0.0
4b,3,Left Wrist,9001943,1779739176764,-2.4093711,-1.205686,1.8329021,-44.824223,42.399696,136.60922,88.5794,-53.219673,343.28748,0.0
4b,1,Left Ankle,2766314,1779739176781,1.0,10.73,1.86,-3.125,-19.0625,-59.5625,0.4486084,0.46636963,0.43395996,0.62677
4b,1,Left Ankle,2766375,1779739176817,-0.8,10.33,2.08,-1.5,-10.0625,-63.9375,0.47717285,0.4534912,0.44702148,0.60565186
4b,1,Left Ankle,2766337,1779739176817,0.83,9.75,1.15,0.3125,-8.8125,-65.1875,0.45996094,0.4607544,0.4404297,0.6182251
4b,1,Left Ankle,2766358,1779739176818,1.13,9.63,1.51,-3.125,-5.25,-65.8125,0.46368408,0.45843506,0.44262695,0.61553955
4b,4,Right Wrist,35205032,1779739176819,9.70459,-2.065106,-1.536192,-16.79496,25.061111,160.38373,-145.71129,8.233782,129.05531,0.0
4b,2,Right Ankle,2494775,1779739176821,-3.7468204,-1.0911486,0.038285162,-83.182816,-114.97066,-124.986824,-54.037544,28.753515,173.515,0.0
4b,3,Left Wrist,9002123,1779739176825,0.7539409,-0.19112916,-0.27756742,-78.84423,-2.1903007,62.969223,88.52031,-53.35544,343.28766,0.0
4b,1,Left Ankle,2766399,1779739176872,-0.31,10.0,1.9,4.0625,10.4375,-56.5625,0.4824829,0.44873047,0.4522705,0.6010742
4b,1,Left Ankle,2766418,1779739176874,0.02,9.77,1.51,4.5625,15.875,-53.5625,0.48712158,0.44403076,0.45739746,0.5969238
4b,1,Left Ankle,2766435,1779739176876,0.24,9.49,1.97,2.8125,10.875,-52.8125,0.49121094,0.4389038,0.46270752,0.5932617
4b,4,Right Wrist,35205091,1779739176876,9.386345,-2.2230327,-1.9740787,43.82504,56.77111,100.74372,-145.69862,8.1950035,129.01512,0.0
4b,3,Left Wrist,9002169,1779739176884,0.5098726,1.15603,0.19860429,-28.654224,0.60969925,8.229221,88.48111,-53.294235,343.31125,0.0
4b,1,Left Ankle,2766456,1779739176901,0.05,10.14,2.22,5.5,14.4375,-53.1875,0.49658203,0.43493652,0.46710205,0.58825684
4b,2,Right Ankle,2494835,1779739176911,-4.4957743,0.48572132,0.29192436,-15.14282,-79.97066,-134.78682,-54.034653,28.773445,173.51451,0.0
4b,1,Left Ankle,2766480,1779739176934,-0.02,10.22,1.98,8.375,16.5625,-51.3125,0.49987793,0.42980957,0.47302246,0.58447266
4b,1,Left Ankle,2766500,1779739176935,-1.0,10.41,2.08,15.125,16.125,-48.4375,0.5024414,0.42541504,0.47924805,0.5803833
4b,1,Left Ankle,2766519,1779739176960,-1.11,10.59,1.93,20.25,22.125,-44.4375,0.50512695,0.42230225,0.4852295,0.5753784
4b,4,Right Wrist,35205152,1779739176966,9.522736,-2.6561337,-2.7014968,60.905037,72.24111,42.08373,-145.67809,8.1377735,128.9889,0.0
4b,2,Right Ankle,2494895,1779739176970,-4.7159133,-0.8757946,-1.3328022,50.517178,-36.290657,-110.00682,-54.053665,28.80344,173.4861,0.0
4b,3,Left Wrist,9002229,1779739176973,0.08155776,0.42382616,0.0071784677,35.255775,-1.4203005,-71.22078,88.4966,-53.19891,343.30804,0.0
4b,1,Left Ankle,2766541,1779739176993,-0.98,10.86,1.81,25.1875,31.875,-39.5,0.50494385,0.41809082,0.49291992,0.5720215
4b,1,Left Ankle,2766558,1779739176994,-0.06,10.89,1.99,33.375,34.3125,-37.6875,0.50354004,0.4142456,0.5015869,0.5685425
4b,1,Left Ankle,2766589,1779739177021,-0.57,11.17,1.75,34.625,25.875,-38.625,0.5020752,0.40979004,0.51397705,0.5619507
4b,4,Right Wrist,35205211,1779739177033,9.706984,-3.4649072,-3.1609187,35.425037,59.01111,-6.4262714,-145.6622,8.073354,128.97974,0.0
4b,2,Right Ankle,2494985,1779739177033,-3.26347,2.0482347,-0.16749758,41.06718,20.969343,2.2031798,-54.0204,28.875048,173.49043,0.0
4b,3,Left Wrist,9002319,1779739177033,-5.4769692,1.0603172,-0.2727818,-17.454224,10.4797,-175.52077,88.49157,-53.105946,343.30838,0.0
4b,1,Left Ankle,2766604,1779739177057,-0.45,11.21,0.94,32.75,24.125,-42.8125,0.5019531,0.4081421,0.5180664,0.5595703
4b,1,Left Ankle,2766625,1779739177057,-0.2,11.54,0.89,34.0,19.4375,-46.9375,0.50231934,0.4052124,0.526001,0.5539551
4b,1,Left Ankle,2766649,1779739177081,-0.07,12.21,0.79,36.8125,14.5,-54.0,0.5041504,0.40075684,0.53826904,0.54364014
4b,2,Right Ankle,2495045,1779739177090,-2.9332607,2.5124424,0.8063812,81.107185,58.55934,60.44318,-53.95573,28.956884,173.5044,0.0
4b,4,Right Wrist,35205301,1779739177090,10.336296,-4.2521462,-3.7686956,-33.94496,20.721111,-43.66627,-145.66684,8.011456,128.98917,0.0
4b,3,Left Wrist,9002379,1779739177094,-8.824529,0.67507267,0.35653055,-112.51423,10.9697,-180.07077,88.44689,-53.016617,343.31396,0.0
4b,1,Left Ankle,2766690,1779739177116,1.45,13.18,1.35,40.375,-7.6875,-69.8125,0.5114136,0.39569092,0.5540161,0.524353
4b,1,Left Ankle,2766666,1779739177116,1.56,13.48,1.67,42.3125,-2.1875,-62.6875,0.5067749,0.39849854,0.54626465,0.53479004
4b,1,Left Ankle,2766702,1779739177143,1.42,14.31,1.04,36.875,-2.5625,-84.1875,0.51397705,0.39349365,0.5583496,0.5189209
4b,4,Right Wrist,35205362,1779739177146,10.862717,-4.371787,-3.345166,-64.11496,-2.0988884,-54.37627,-145.68008,7.955783,129.00638,0.0
4b,2,Right Ankle,2495105,1779739177150,-10.099765,-2.947979,-0.12203395,-12.27282,9.769342,55.05318,-53.9747,29.045912,173.50476,0.0
4b,3,Left Wrist,9002439,1779739177157,-7.541975,4.21645,-1.0743773,-140.23422,-3.1703007,-115.46077,88.41187,-52.93244,343.3015,0.0
4b,1,Left Ankle,2766725,1779739177173,3.09,15.31,1.64,41.375,31.8125,-104.25,0.5204468,0.38256836,0.5753174,0.50177
4b,1,Left Ankle,2766745,1779739177173,4.09,15.66,2.16,49.125,69.0625,-111.1875,0.5206909,0.37091064,0.59155273,0.49127197
4b,1,Left Ankle,2766770,1779739177202,4.75,15.29,2.51,53.1875,93.875,-113.8125,0.5164795,0.35546875,0.6121826,0.4817505
4b,4,Right Wrist,35205421,1779739177207,13.540286,-4.0678988,-1.2083755,-91.83496,-22.118887,-55.07627,-145.70178,7.912692,129.02788,0.0
4b,2,Right Ankle,2495166,1779739177210,1.3498919,-2.6823757,5.206782,5.2271795,8.089342,41.19318,-53.93272,29.013832,173.52963,0.0
4b,1,Left Ankle,2766792,1779739177264,1.19,16.6,1.93,34.5625,70.75,-152.625,0.51623535,0.33709717,0.6314697,0.47021484
4b,1,Left Ankle,2766805,1779739177267,5.44,16.63,2.76,9.75,-18.5625,-194.875,0.5298462,0.3182373,0.6430664,0.45214844
4b,1,Left Ankle,2766831,1779739177267,3.93,13.01,2.52,-4.1875,-66.9375,-181.8125,0.55041504,0.30187988,0.647522,0.43200684
4b,4,Right Wrist,35205482,1779739177268,12.075877,-4.938886,-0.9020941,-116.12496,-20.438889,-81.25628,-145.7275,7.8644857,129.05714,0.0
4b,2,Right Ankle,2495225,1779739177270,-0.38490418,-4.811988,3.4097722,-26.62282,-2.2706575,24.32318,-53.941357,28.949306,173.5349,0.0
4b,3,Left Wrist,9002500,1779739177274,-6.0632105,3.6828506,-0.971486,62.555775,19.7197,-80.53078,88.43793,-52.85877,343.30185,0.0
4b,1,Left Ankle,2766869,1779739177295,0.02,6.85,2.43,21.5625,-77.9375,-112.625,0.58880615,0.28735352,0.64501953,0.39337158
4b,1,Left Ankle,2766847,1779739177295,1.82,8.46,1.65,-4.5625,-95.125,-155.875,0.57214355,0.28979492,0.64678955,0.41271973
4b,1,Left Ankle,2766897,1779739177325,2.01,4.75,1.25,40.3125,-35.3125,-46.8125,0.59820557,0.28863525,0.64624023,0.37579346
4b,4,Right Wrist,35205541,1779739177328,9.771589,-5.8098736,-1.7491533,75.39504,40.671112,-98.47627,-145.68324,7.7928524,129.0798,0.0
4b,2,Right Ankle,2495286,1779739177331,-0.8347551,-2.9216578,5.556134,-18.99282,-7.240658,16.34318,-53.894512,28.920603,173.56549,0.0
4b,1,Left Ankle,2766915,1779739177352,3.58,2.67,0.83,49.25,-40.8125,-7.5,0.60198975,0.29766846,0.64453125,0.36547852
4b,3,Left Wrist,9002663,1779739177366,2.0532436,-3.526724,2.1176481,132.41577,-10.800301,112.039215,88.62589,-52.862545,343.2672,0.0
4b,4,Right Wrist,35205601,1779739177386,10.496615,-6.5875406,0.026321048,-60.964962,-11.0588875,-78.736275,-145.68355,7.745736,129.1073,0.0
4b,1,Left Ankle,2766939,1779739177411,2.77,2.36,1.04,57.1875,-71.5,45.1875,0.60406494,0.30999756,0.64019775,0.35931396
4b,1,Left Ankle,2766959,1779739177414,1.91,2.81,1.67,63.125,-79.0625,62.3125,0.60528564,0.32977295,0.63171387,0.35479736
4b,1,Left Ankle,2766980,1779739177414,1.75,3.23,1.91,82.1875,-100.625,118.0625,0.6045532,0.35516357,0.62005615,0.3519287
4b,3,Left Wrist,9002682,1779739177424,1.2588264,-3.8425765,2.3952155,58.775776,-1.6303005,123.44922,88.612816,-52.935875,343.2943,0.0
4b,2,Right Ankle,2495345,1779739177424,-0.4758318,-4.8478804,4.436293,28.397179,5.219342,5.91318,-53.86569,28.860428,173.57442,0.0
4b,1,Left Ankle,2767020,1779739177442,0.79,6.01,4.71,108.0,-82.25,184.625,0.59143066,0.41937256,0.59198,0.35198975
4b,1,Left Ankle,2766996,1779739177442,0.81,4.91,3.12,97.8125,-97.375,153.25,0.60040283,0.38562012,0.6064453,0.350708
4b,4,Right Wrist,35205662,1779739177447,9.300203,-5.998906,0.7010971,-110.80496,-42.068886,-35.476273,-145.70139,7.718252,129.12848,0.0
4b,1,Left Ankle,2767035,1779739177471,-0.52,7.18,6.53,108.3125,-59.0625,207.5,0.5778198,0.4539795,0.5770874,0.35632324
4b,2,Right Ankle,2495406,1779739177480,-0.18390754,-4.3358164,5.534599,44.56718,14.669342,13.40318,-53.815514,28.816948,173.58989,0.0
4b,3,Left Wrist,9002769,1779739177484,-0.86360717,-0.90419036,2.5507488,-64.494225,-2.6103008,174.12923,88.543564,-52.998314,343.33194,0.0
4b,1,Left Ankle,2767059,1779739177505,-0.67,8.14,7.77,94.6875,-36.125,228.25,0.56030273,0.48754883,0.56140137,0.36499023
4b,1,Left Ankle,2767078,1779739177506,-0.94,9.26,9.31,63.25,-31.625,242.875,0.54211426,0.5185547,0.5426636,0.37786865
4b,4,Right Wrist,35205721,1779739177508,7.888438,-4.5392847,-0.26081768,-35.34496,-34.788887,-22.456272,-145.69585,7.6876945,129.14407,0.0
4b,1,Left Ankle,2767099,1779739177532,-0.44,9.99,9.26,22.625,-55.5,250.0625,0.52716064,0.5469971,0.5180664,0.3930664
4b,2,Right Ankle,2495496,1779739177540,-0.45190322,-3.785467,4.5320063,39.87718,24.539343,36.71318,-53.76615,28.781204,173.60753,0.0
4b,1,Left Ankle,2767120,1779739177563,-0.33,11.85,8.95,-0.0625,-78.125,246.75,0.51971436,0.572876,0.48608398,0.40673828
4b,1,Left Ankle,2767140,1779739177563,-0.17,11.87,8.78,-67.8125,-182.8125,219.375,0.5227051,0.5969238,0.44555664,0.4147339
4b,4,Right Wrist,35205782,1779739177565,8.154041,-3.816652,-0.7298109,35.56504,-28.62889,-12.656271,-145.66959,7.655016,129.1551,0.0
4b,3,Left Wrist,9002830,1779739177573,-3.309072,1.1464587,0.72263247,30.845776,-49.2303,188.26923,88.56229,-53.032345,343.31628,0.0
4b,1,Left Ankle,2767159,1779739177592,0.74,12.84,9.91,-101.4375,-235.75,207.0625,0.5336304,0.6192627,0.39733887,0.4169922
4b,2,Right Ankle,2495555,1779739177600,-0.7892916,-3.6897542,4.194618,27.557178,23.699343,41.33318,-53.71941,28.746794,173.62701,0.0
4b,1,Left Ankle,2767196,1779739177624,0.26,13.78,9.53,-107.3125,-219.3125,213.5625,0.5562744,0.6566162,0.2927246,0.41680908
4b,1,Left Ankle,2767182,1779739177624,0.72,12.96,10.0,-113.6875,-248.8125,205.5625,0.5466919,0.6394043,0.3449707,0.4163208
4b,4,Right Wrist,35205841,1779739177626,7.5103717,-3.9626143,-0.930808,53.55504,-39.968887,-6.3562717,-145.63571,7.6260233,129.16675,0.0
4b,3,Left Wrist,9002889,1779739177634,-7.149553,-8.051552,-6.178268,349.97577,8.029699,101.67922,88.72177,-53.077293,343.28867,0.0
4b,1,Left Ankle,2767226,1779739177651,-1.05,14.21,8.41,-89.1875,-149.8125,224.6875,0.55877686,0.6697998,0.2453003,0.4230957
4b,2,Right Ankle,2495616,1779739177660,-0.44233227,-3.3571517,4.342973,17.897179,20.689342,57.78318,-53.671364,28.71948,173.65247,0.0
4b,1,Left Ankle,2767236,1779739177683,-1.49,14.09,7.86,-72.125,-69.6875,229.1875,0.55426025,0.6777954,0.20532227,0.4373169
4b,1,Left Ankle,2767259,1779739177684,-0.72,14.34,4.5,-58.75,-1.875,227.3125,0.54473877,0.680603,0.17279053,0.45843506
4b,4,Right Wrist,35205902,1779739177686,6.4288163,-3.9985068,-1.5050855,20.515041,-38.218887,9.673728,-145.61269,7.596854,129.17355,0.0
4b,1,Left Ankle,2767285,1779739177716,-0.33,14.93,2.46,-53.4375,41.1875,222.5625,0.53234863,0.67907715,0.14562988,0.4840088
4b,2,Right Ankle,2495675,1779739177724,-1.2774271,-1.9836715,3.8380873,15.587179,14.109343,79.48318,-53.601303,28.72517,173.69446,0.0
4b,3,Left Wrist,9002979,1779739177724,-2.8544354,-3.3448694,2.4646075,17.125776,-43.630302,30.909222,88.721054,-53.094185,343.285,0.0
4b,1,Left Ankle,2767301,1779739177741,-2.73,14.48,1.29,-51.125,60.9375,202.4375,0.51934814,0.6744995,0.12243652,0.5102539
4b,4,Right Wrist,35205961,1779739177747,6.1273203,-2.4790642,-2.778067,17.085041,-28.48889,21.573729,-145.60313,7.5592003,129.17343,0.0
4b,1,Left Ankle,2767347,1779739177774,-6.27,13.48,-2.03,-58.4375,46.125,107.25,0.5036011,0.6560669,0.08331299,0.5559082
4b,1,Left Ankle,2767327,1779739177774,-3.29,13.38,0.47,-61.25,63.0,162.5625,0.5095215,0.66711426,0.103149414,0.53356934
4b,2,Right Ankle,2495736,1779739177782,-2.057488,-0.112484224,4.6636114,25.247179,9.349342,88.93318,-53.522408,28.758379,173.74202,0.0
4b,3,Left Wrist,9003070,1779739177783,-1.3014941,0.4453617,2.1774685,-144.57423,-10.0303,10.119221,88.62957,-53.08293,343.31573,0.0
4b,1,Left Ankle,2767365,1779739177801,-7.58,12.73,-1.93,-45.5625,12.8125,29.0,0.5079956,0.6520996,0.07788086,0.55737305
4b,4,Right Wrist,35206022,1779739177806,6.0244293,-3.3261237,-2.8283165,27.515041,-23.028887,33.053726,-145.58531,7.522322,129.16957,0.0
4b,1,Left Ankle,2767389,1779739177832,-4.86,12.53,-0.76,-43.125,-39.125,-72.4375,0.5185547,0.65045166,0.077697754,0.54956055
4b,1,Left Ankle,2767404,1779739177832,-4.54,12.59,-0.95,-45.4375,-56.875,-95.6875,0.5258179,0.65045166,0.07836914,0.5425415
4b,2,Right Ankle,2495795,1779739177840,-2.6413364,-0.39723012,1.9334008,37.287178,13.269342,77.80318,-53.452778,28.83613,173.78018,0.0
4b,1,Left Ankle,2767431,1779739177866,-4.81,12.66,-2.28,-46.5625,-93.375,-141.6875,0.5524292,0.6524658,0.08190918,0.51226807
4b,4,Right Wrist,35206082,1779739177866,9.446166,-3.9985068,-2.8522444,-8.25496,-33.94889,75.89372,-145.58244,7.501643,129.15527,0.0
4b,3,Left Wrist,9003129,1779739177874,-1.6556314,2.2016935,0.28235307,-4.7142234,27.419699,3.3992233,88.608086,-53.032825,343.33734,0.0
4b,1,Left Ankle,2767450,1779739177891,-1.4,11.48,-4.97,-36.875,-123.875,-153.0625,0.5715332,0.6560669,0.084350586,0.48565674
4b,1,Left Ankle,2767469,1779739177891,23.98,18.44,-1.85,-24.0,-157.375,-141.8125,0.5877075,0.66516113,0.08117676,0.45343018
4b,2,Right Ankle,2495855,1779739177899,-2.9093328,1.8855227,4.4051867,61.29718,20.409342,83.75318,-53.36677,28.88584,173.82161,0.0
4b,1,Left Ankle,2767490,1779739177922,-0.98,19.25,-6.83,-92.25,-213.5625,-172.5625,0.6102295,0.67071533,0.07269287,0.41534424
4b,4,Right Wrist,35206141,1779739177933,11.011071,-4.115755,-1.1653047,-111.64496,-66.988884,116.14372,-145.61453,7.5045934,129.13611,0.0
4b,3,Left Wrist,9003189,1779739177935,-1.8996997,1.0866382,-0.4833502,121.42577,44.8497,-13.120777,88.649185,-52.98225,343.34778,0.0
4b,1,Left Ankle,2767504,1779739177953,-13.67,14.62,2.24,-88.5625,-163.9375,-200.4375,0.6231079,0.6704712,0.07244873,0.39611816
4b,1,Left Ankle,2767527,1779739177954,-1.35,11.97,3.82,-21.25,35.8125,-122.125,0.6437378,0.66296387,0.093688965,0.37054443
4b,1,Left Ankle,2767548,1779739177982,-1.02,12.74,2.93,-17.0,33.6875,-112.25,0.65167236,0.65740967,0.10870361,0.36242676
4b,4,Right Wrist,35206202,1779739177988,14.076278,-3.7999027,-0.0071784677,-217.34496,-74.54889,146.45372,-145.68611,7.519026,129.1094,0.0
4b,2,Right Ankle,2495916,1779739177990,-10.99468,-4.804809,4.5559344,126.957184,35.249344,100.903175,-53.305794,28.99638,173.83948,0.0
4b,3,Left Wrist,9003280,1779739177993,-5.9770694,-0.16480814,-0.28953153,71.51577,7.3296995,-59.110775,88.67462,-52.937817,343.34863,0.0
4b,1,Left Ankle,2767566,1779739178011,-0.7,10.37,2.05,6.5,56.0,-74.875,0.6546631,0.65270996,0.125,0.36016846
4b,1,Left Ankle,2767593,1779739178045,-0.06,11.08,0.48,13.75,67.875,-54.125,0.6550293,0.6488037,0.14001465,0.36114502
4b,1,Left Ankle,2767611,1779739178045,3.94,10.07,0.41,-7.1875,16.1875,-50.5625,0.6574707,0.6454468,0.14910889,0.35906982
4b,2,Right Ankle,2495975,1779739178049,-13.157792,1.6342765,6.1854463,102.457184,12.849342,225.78319,-53.205734,29.123268,173.90878,0.0
4b,3,Left Wrist,9003339,1779739178055,-5.055833,1.4886323,1.5840486,-18.434223,95.5997,6.75922,88.60646,-52.910316,343.41806,0.0
4b,1,Left Ankle,2767638,1779739178077,1.55,10.08,1.12,-11.4375,-8.5,-41.75,0.66156006,0.64331055,0.15258789,0.3538208
4b,4,Right Wrist,35206261,1779739178077,11.027822,-2.4982069,0.6197411,-211.18497,-90.01888,130.63373,-145.75499,7.5366197,129.09024,0.0
4b,1,Left Ankle,2767654,1779739178104,1.26,9.41,2.52,-3.375,1.8125,-33.625,0.6643677,0.6418457,0.15594482,0.34973145
4b,1,Left Ankle,2767675,1779739178105,1.29,9.03,3.3,13.25,33.875,-24.25,0.66326904,0.6401367,0.16638184,0.3501587
4b,2,Right Ankle,2496065,1779739178110,5.152087,-8.063834,0.9212367,125.97718,-14.800657,-28.31682,-53.20165,29.04653,173.88782,0.0
4b,3,Left Wrist,9003399,1779739178114,-5.235294,0.017046412,0.5407779,88.87577,33.509697,115.32922,88.614204,-52.92715,343.4443,0.0
4b,1,Left Ankle,2767697,1779739178133,3.81,9.02,1.19,22.75,38.4375,-22.5,0.6621094,0.6399536,0.17041016,0.35064697
4b,1,Left Ankle,2767711,1779739178133,3.66,9.35,0.87,13.3125,6.0,-33.8125,0.6613159,0.63983154,0.17712402,0.3491211
4b,4,Right Wrist,35206322,1779739178142,8.979565,-3.5845485,-0.8733803,-54.03496,-36.678886,49.08373,-145.76433,7.51795,129.0846,0.0
4b,1,Left Ankle,2767736,1779739178162,2.37,9.19,1.48,9.4375,-1.0,-49.5625,0.6638794,0.6395874,0.18475342,0.34069824
4b,2,Right Ankle,2496125,1779739178175,6.343713,-6.960743,0.016749758,23.70718,-90.54066,-145.70682,-53.23353,28.922003,173.86383,0.0
4b,1,Left Ankle,2767751,1779739178191,2.27,9.36,1.92,11.625,3.9375,-53.3125,0.66467285,0.6392822,0.18817139,0.33770752
4b,4,Right Wrist,35206412,1779739178197,6.833203,-6.487043,0.57906306,10.29504,-35.068886,51.74373,-145.73769,7.508044,129.07962,0.0
4b,3,Left Wrist,9003459,1779739178212,-3.5842462,-2.7275212,2.0554345,101.47577,42.259697,202.19922,88.604866,-52.997242,343.48996,0.0
4b,1,Left Ankle,2767779,1779739178223,2.38,9.39,1.74,11.25,6.0625,-63.0,0.66778564,0.6374512,0.20056152,0.3277588
4b,1,Left Ankle,2767796,1779739178224,1.6,9.77,1.14,8.5,3.0625,-78.8125,0.6709595,0.6356201,0.20965576,0.31915283
4b,2,Right Ankle,2496185,1779739178229,2.0557747,-3.7160752,2.17029,-15.14282,-101.320656,-271.91684,-53.264355,28.75592,173.8266,0.0
4b,1,Left Ankle,2767811,1779739178252,1.87,9.96,1.37,9.4375,3.8125,-83.4375,0.6725464,0.6345215,0.21466064,0.3145752
4b,4,Right Wrist,35206471,1779739178257,6.1081777,-6.2381883,-1.5529418,-98.76496,-44.93889,67.35373,-145.74895,7.4961267,129.07214,0.0
4b,1,Left Ankle,2767838,1779739178281,1.01,10.25,1.41,9.6875,6.5,-89.3125,0.67755127,0.63067627,0.23083496,0.2998047
4b,1,Left Ankle,2767853,1779739178282,0.64,10.16,1.47,11.875,8.8125,-91.875,0.67907715,0.6293335,0.23651123,0.29473877
4b,2,Right Ankle,2496246,1779739178290,-3.258684,-3.3451877,-1.3950156,183.30719,-77.80066,-330.99683,-53.28845,28.681501,173.74275,0.0
4b,1,Left Ankle,2767876,1779739178312,-0.09,10.24,1.3,17.25,9.875,-90.875,0.6824951,0.6255493,0.2541504,0.27978516
4b,4,Right Wrist,35206532,1779739178316,7.2878394,-4.501,-1.1030912,-74.26496,-16.588888,61.19373,-145.76067,7.473426,129.05974,0.0
4b,3,Left Wrist,9003549,1779739178323,-1.3637072,-0.9879391,1.8759729,-35.654224,10.829699,248.18922,88.54662,-53.082973,343.5301,0.0
4b,1,Left Ankle,2767899,1779739178344,-0.51,10.05,1.34,17.6875,8.25,-88.1875,0.6843872,0.623291,0.26538086,0.26965332
4b,1,Left Ankle,2767913,1779739178345,-0.95,10.52,1.0,17.5625,8.6875,-86.5,0.6851196,0.62213135,0.2709961,0.26483154
4b,2,Right Ankle,2496305,1779739178349,-7.470052,-4.5727053,-3.6011982,81.317184,-154.45065,-285.14682,-53.322548,28.618265,173.69852,0.0
4b,1,Left Ankle,2767939,1779739178373,-1.2,10.54,0.87,19.125,9.8125,-82.5,0.6868286,0.61901855,0.2868042,0.2506714
4b,4,Right Wrist,35206591,1779739178377,8.323932,-3.6084769,-2.7014968,-18.61496,19.11111,39.28373,-145.76143,7.429547,129.0455,0.0
4b,3,Left Wrist,9003713,1779739178386,-1.3445647,-1.6675007,1.6295122,10.965776,-1.3503008,148.15923,88.453514,-53.224556,343.60275,0.0
4b,1,Left Ankle,2767958,1779739178403,-1.06,9.88,0.66,22.0625,3.125,-77.25,0.6871948,0.61712646,0.2972412,0.24194336
4b,2,Right Ankle,2496366,1779739178410,-10.41801,2.718225,-2.536392,25.10718,-90.61066,-244.75682,-53.331017,28.606127,173.66772,0.0
4b,1,Left Ankle,2767977,1779739178410,-1.52,10.03,1.19,21.875,-3.4375,-74.9375,0.68811035,0.61590576,0.30566406,0.23175049
4b,1,Left Ankle,2767998,1779739178437,-1.7,11.0,0.97,24.0625,3.25,-72.125,0.6884155,0.6148071,0.31427002,0.22216797
4b,4,Right Wrist,35206652,1779739178445,8.376574,-5.005885,-4.0127635,16.945042,42.98111,2.183728,-145.74628,7.367634,129.0377,0.0
4b,3,Left Wrist,9003732,1779739178445,-1.203388,-1.4665036,1.4476578,10.055777,-2.9603007,129.11922,88.42448,-53.275166,343.62894,0.0
4b,1,Left Ankle,2768017,1779739178462,-1.62,11.76,0.74,26.125,7.0,-70.6875,0.6881714,0.61431885,0.31884766,0.2177124
4b,2,Right Ankle,2496425,1779739178477,-7.233163,4.122812,-1.7324035,84.607185,-1.9206576,-136.88681,-53.306374,28.639006,173.64081,0.0
4b,1,Left Ankle,2768039,1779739178492,-1.52,11.99,0.86,28.5625,10.9375,-74.0,0.6867676,0.61260986,0.33374023,0.20410156
4b,1,Left Ankle,2768057,1779739178493,-0.87,12.63,0.4,34.6875,13.5625,-83.75,0.6850586,0.6109619,0.34558105,0.19488525
4b,4,Right Wrist,35206711,1779739178504,8.180363,-2.2756746,-4.8119664,-21.624962,14.841112,-34.98627,-145.75798,7.303074,129.0443,0.0
4b,3,Left Wrist,9003790,1779739178505,-0.95453477,-0.73908556,0.3924229,21.535776,-27.4603,64.08922,88.42585,-53.29813,343.6285,0.0
4b,1,Left Ankle,2768080,1779739178524,-0.51,14.62,0.83,37.9375,9.3125,-87.0,0.6834717,0.6099243,0.35687256,0.1829834
4b,1,Left Ankle,2768097,1779739178525,-0.24,14.56,1.57,42.5,5.75,-103.1875,0.68188477,0.6084595,0.36895752,0.16931152
4b,2,Right Ankle,2496486,1779739178536,-7.97733,3.3451445,-1.1581261,-82.06282,24.399342,68.28318,-53.320656,28.736116,173.65419,0.0
4b,1,Left Ankle,2768113,1779739178551,1.59,17.93,2.97,44.1875,10.9375,-111.0,0.680603,0.6069336,0.37664795,0.16290283
4b,4,Right Wrist,35206772,1779739178563,8.175577,-0.38295186,-3.481557,-1.4649601,1.4711113,-69.986275,-145.76506,7.242093,129.06323,0.0
4b,3,Left Wrist,9003849,1779739178564,-1.1052824,-0.2533426,0.41156548,46.455776,-46.0803,-18.720776,88.4443,-53.27898,343.617,0.0
4b,1,Left Ankle,2768138,1779739178582,4.23,17.78,3.14,17.5625,5.4375,-155.625,0.68133545,0.5979004,0.3994751,0.13671875
4b,1,Left Ankle,2768158,1779739178585,3.9,18.78,2.3,30.9375,81.25,-168.375,0.6781616,0.58776855,0.42388916,0.12213135
4b,2,Right Ankle,2496545,1779739178590,-1.0501088,-2.299524,10.236495,15.37718,26.359343,179.09319,-53.24395,28.771292,173.71478,0.0
4b,1,Left Ankle,2768180,1779739178619,5.3,19.44,1.59,43.1875,109.6875,-168.4375,0.668396,0.5784912,0.4543457,0.1105957
4b,4,Right Wrist,35206832,1779739178619,10.455937,-0.11495558,-2.184647,-58.58496,-27.788889,-79.64628,-145.78627,7.1940002,129.09137,0.0
4b,3,Left Wrist,9003910,1779739178624,-2.4093711,0.49082524,-1.1724831,-50.914223,-54.5503,-97.33078,88.492325,-53.2098,343.55234,0.0
4b,2,Right Ankle,2496605,1779739178649,-10.006444,-0.95236486,7.7240314,42.25718,49.03934,91.66318,-53.174324,28.85714,173.746,0.0
4b,1,Left Ankle,2768198,1779739178674,-0.07,16.14,3.36,39.9375,45.75,-187.0625,0.661438,0.5680542,0.4807129,0.093444824
4b,1,Left Ankle,2768217,1779739178675,5.32,10.54,4.23,23.1875,-16.8125,-187.8125,0.6654053,0.55578613,0.49353027,0.068847656
4b,4,Right Wrist,35206891,1779739178675,9.57777,-3.09402,0.79441714,-256.33496,-30.23889,-81.81628,-145.86156,7.153201,129.1225,0.0
4b,1,Left Ankle,2768240,1779739178676,3.22,5.24,3.06,15.625,-76.125,-131.6875,0.67144775,0.54833984,0.49621582,0.047424316
4b,3,Left Wrist,9003969,1779739178683,0.057629183,8.064109,-5.56092,-18.014223,-39.570297,-49.660778,88.5899,-53.137196,343.46066,0.0
4b,2,Right Ankle,2496666,1779739178711,-2.8806186,-4.151569,4.7114677,-33.27282,41.19934,63.17318,-53.12424,28.864994,173.77728,0.0
4b,1,Left Ankle,2768258,1779739178732,3.63,5.38,2.48,8.0625,-56.8125,-78.125,0.67578125,0.5430298,0.49713135,0.036071777
4b,1,Left Ankle,2768276,1779739178733,5.02,2.39,2.0,-4.875,-36.375,12.25,0.6791382,0.5427246,0.49310303,0.03253174
4b,1,Left Ankle,2768296,1779739178734,4.76,0.66,1.33,-11.0625,-29.4375,73.0625,0.68237305,0.5465088,0.48406982,0.037109375
4b,4,Right Wrist,35206952,1779739178736,8.515358,-3.103591,2.1535404,-148.81496,64.96111,-85.736275,-145.89908,7.0888815,129.13629,0.0
4b,3,Left Wrist,9004030,1779739178744,2.0628147,5.175972,-1.4237295,-43.004223,-51.960304,49.879223,88.6576,-53.089203,343.38388,0.0
4b,1,Left Ankle,2768316,1779739178762,4.05,0.68,0.02,-11.625,-17.9375,131.3125,0.68426514,0.55474854,0.47070312,0.049621582
4b,1,Left Ankle,2768348,1779739178798,3.67,2.41,-1.08,-11.125,-8.9375,187.125,0.68444824,0.56707764,0.4529419,0.06958008
4b,4,Right Wrist,35207011,1779739178798,11.123535,-4.7713885,2.0793629,91.63504,115.361115,-82.236275,-145.85284,7.008981,129.1392,0.0
4b,1,Left Ankle,2768357,1779739178798,3.53,3.6,-1.46,-11.75,-5.1875,237.4375,0.6828613,0.5826416,0.43011475,0.095825195
4b,3,Left Wrist,9004089,1779739178803,0.54576516,5.6545362,-0.80159557,-131.76422,-62.880302,83.82922,88.66657,-53.047207,343.32715,0.0
4b,1,Left Ankle,2768377,1779739178822,3.48,5.42,-1.82,-15.0625,-7.1875,282.125,0.6795654,0.6002197,0.4020996,0.1274414
4b,1,Left Ankle,2768400,1779739178823,2.7,8.64,-2.14,-18.5,-22.4375,320.375,0.67492676,0.6188965,0.3675537,0.16247559
4b,1,Left Ankle,2768423,1779739178852,1.26,11.86,-2.09,-25.1875,-59.0,342.0625,0.6699219,0.63757324,0.32543945,0.19708252
4b,2,Right Ankle,2496725,1779739178862,-2.0742366,-2.9431934,2.6081767,21.11718,53.589344,32.79318,-53.05767,28.872221,173.79877,0.0
4b,4,Right Wrist,35207072,1779739178862,7.73769,-6.8675013,1.6845471,165.06503,96.88111,-64.596275,-145.77217,6.9407277,129.14165,0.0
4b,3,Left Wrist,9004149,1779739178865,2.2063842,6.145065,1.2634103,19.855776,-59.450302,89.07922,88.66842,-53.017426,343.31918,0.0
4b,1,Left Ankle,2768441,1779739178884,-4.72,14.87,-2.07,-44.0625,-140.375,327.5625,0.66815186,0.6542969,0.2744751,0.22387695
4b,1,Left Ankle,2768456,1779739178884,-7.62,17.06,-0.5,-51.75,-199.8125,303.0625,0.66955566,0.66882324,0.21655273,0.2397461
4b,1,Left Ankle,2768481,1779739178918,-13.86,21.01,2.94,-39.6875,-197.625,276.0,0.6691284,0.6812134,0.15960693,0.25042725
4b,4,Right Wrist,35207131,1779739178919,9.699805,-6.812466,-0.2536392,86.10504,23.871113,-28.266272,-145.72247,6.893133,129.14745,0.0
4b,2,Right Ankle,2496918,1779739178921,-1.1793214,-3.5748985,2.9958138,19.85718,13.339342,12.00318,-53.018703,28.749039,173.80934,0.0
4b,1,Left Ankle,2768500,1779739178942,-19.01,20.41,6.04,-19.6875,-164.0,213.0,0.6661377,0.69122314,0.11199951,0.25683594
4b,3,Left Wrist,9004209,1779739178954,1.1296138,1.9145547,2.2779672,108.40577,-88.4303,86.83922,88.677986,-53.03204,343.32364,0.0
4b,1,Left Ankle,2768523,1779739178973,-19.2,16.22,6.14,-12.625,-118.0625,127.5,0.663208,0.69781494,0.079589844,0.25854492
4b,1,Left Ankle,2768547,1779739178973,-14.8,9.55,4.2,-21.125,-86.875,59.8125,0.66326904,0.70062256,0.059570312,0.25628662
4b,4,Right Wrist,35207192,1779739178977,9.99173,-4.910172,-0.57906306,-14.69496,-21.55889,21.363728,-145.71416,6.8660793,129.14714,0.0
4b,1,Left Ankle,2768564,1779739179003,-12.51,7.31,3.68,-31.375,-96.875,23.4375,0.66619873,0.7015991,0.044311523,0.24902344
4b,2,Right Ankle,2496938,1779739179011,-1.2750345,-4.1276407,3.7495532,26.78718,16.629341,19.633179,-52.986397,28.69623,173.81992,0.0
4b,3,Left Wrist,9004269,1779739179013,1.2875404,1.95284,1.9022939,113.37577,-83.4603,98.94922,88.685196,-53.048637,343.3325,0.0
4b,1,Left Ankle,2768589,1779739179034,-10.24,6.95,2.27,-43.75,-106.9375,-5.3125,0.6748657,0.70080566,0.024536133,0.2298584
4b,1,Left Ankle,2768606,1779739179034,11.46,3.71,-7.28,26.375,-101.6875,59.5625,0.6744385,0.704895,0.008666992,0.21960449
4b,4,Right Wrist,35207251,1779739179037,11.097214,-1.2324036,-2.0386848,-12.3149605,-38.778885,33.193726,-145.71916,6.84289,129.14511,0.0
4b,1,Left Ankle,2768632,1779739179069,-2.55,27.31,-4.61,-12.625,-104.5,-15.9375,0.6742554,0.7077637,-0.001953125,0.2107544
4b,3,Left Wrist,9004360,1779739179076,1.6919273,0.29222092,1.89033,59.405777,-55.460304,83.549225,88.663055,-53.094437,343.3555,0.0
4b,1,Left Ankle,2768651,1779739179092,13.0,-9.02,-3.64,-99.875,-65.3125,-178.625,0.68878174,0.70092773,0.00592041,0.18518066
4b,1,Left Ankle,2768667,1779739179093,-4.9,-3.96,-2.98,-33.875,34.625,-65.25,0.69744873,0.694397,0.018005371,0.17614746
4b,2,Right Ankle,2496996,1779739179103,-2.0598798,-3.608398,2.9838498,37.84718,12.709342,33.28318,-52.939777,28.650404,173.83897,0.0
4b,4,Right Wrist,35207312,1779739179103,7.804689,-4.3909297,-1.4715859,-55.15496,-70.138885,-7.0562716,-145.72238,6.8205748,129.16275,0.0
4b,1,Left Ankle,2768692,1779739179125,5.62,12.78,4.7,-16.5625,115.0625,-70.5,0.701355,0.68896484,0.036315918,0.17938232
4b,3,Left Wrist,9004419,1779739179139,0.88793904,2.8501484,2.0051854,16.005775,-76.0403,82.84922,88.643074,-53.09083,343.3604,0.0
4b,1,Left Ankle,2768711,1779739179155,4.84,8.67,3.9,-16.25,114.9375,-69.5,0.70428467,0.6828613,0.05859375,0.1850586
4b,2,Right Ankle,2497085,1779739179158,-8.783712,-2.6704116,5.2019963,78.02718,-5.490658,36.29318,-52.87051,28.72549,173.8672,0.0
4b,4,Right Wrist,35207372,1779739179159,6.019644,-4.9341006,-0.77048886,-193.05496,-69.92889,-25.116272,-145.76602,6.798831,129.18645,0.0
4b,1,Left Ankle,2768736,1779739179183,2.49,9.46,-0.22,-26.875,37.8125,-69.6875,0.70874023,0.67718506,0.072509766,0.18389893
4b,1,Left Ankle,2768747,1779739179184,3.63,10.06,1.18,-42.5,-42.625,-67.875,0.7156372,0.6723633,0.076171875,0.17303467
4b,3,Left Wrist,9004479,1779739179194,-2.251445,1.2565286,2.629712,45.265778,-42.7903,39.72922,88.63782,-53.082523,343.36847,0.0
4b,1,Left Ankle,2768776,1779739179210,-1.1,9.35,1.67,-37.625,-54.25,-59.625,0.7225952,0.66833496,0.07550049,0.15966797
4b,1,Left Ankle,2768787,1779739179212,-0.9,9.39,1.4,-23.5625,-28.9375,-42.9375,0.72735596,0.66534424,0.075805664,0.15014648
4b,2,Right Ankle,2497175,1779739179221,5.1066236,2.1965897,-0.05742774,114.427185,-6.540658,-28.386822,-52.81834,28.680248,173.8694,0.0
4b,4,Right Wrist,35207431,1779739179221,6.5771713,-2.8140597,0.18185452,-24.214958,6.2311115,-31.276272,-145.76073,6.755791,129.19583,0.0
4b,1,Left Ankle,2768806,1779739179246,-1.37,11.24,1.35,-9.1875,-4.75,-19.625,0.7293091,0.66363525,0.07800293,0.14709473
4b,3,Left Wrist,9004540,1779739179253,-1.7082734,1.1225305,2.859423,-4.0142236,-14.930301,12.5692215,88.59738,-53.067806,343.3966,0.0
4b,1,Left Ankle,2768836,1779739179271,0.42,9.56,1.52,-2.9375,8.5625,-2.1875,0.7297363,0.66296387,0.0793457,0.14715576
4b,1,Left Ankle,2768847,1779739179272,-0.06,10.25,1.4,-8.0,6.125,7.375,0.73028564,0.66204834,0.07946777,0.14868164
4b,4,Right Wrist,35207492,1779739179276,5.4453664,-3.7448676,0.94037926,-10.77496,18.411112,9.113728,-145.7456,6.722364,129.19183,0.0
4b,1,Left Ankle,2768866,1779739179303,0.45,10.03,0.95,-8.4375,8.125,10.375,0.73065186,0.6608887,0.079589844,0.15179443
4b,3,Left Wrist,9004599,1779739179314,-3.0051837,1.5101676,0.91405827,15.655777,8.7997,-8.15078,88.58224,-53.030293,343.4149,0.0
4b,1,Left Ankle,2768887,1779739179332,1.44,10.03,1.46,-7.0,10.0625,11.625,0.73095703,0.6599121,0.07946777,0.15460205
4b,4,Right Wrist,35207551,1779739179336,6.3522453,-1.0625135,0.45702913,-16.30496,17.151112,14.993729,-145.74615,6.6867743,129.18478,0.0
4b,2,Right Ankle,2497236,1779739179341,-7.577729,-4.900522,0.2943172,-39.78282,14.249342,-16.276821,-52.875145,28.73731,173.8423,0.0
4b,1,Left Ankle,2768910,1779739179361,0.6,9.48,2.42,-7.0625,9.9375,10.3125,0.7312012,0.6588745,0.079956055,0.15777588
4b,1,Left Ankle,2768929,1779739179362,1.64,10.46,1.19,-2.6875,16.6875,12.0,0.7310791,0.6581421,0.0803833,0.16101074
4b,3,Left Wrist,9004660,1779739179373,-3.8570285,2.9673967,2.7613175,-63.724224,12.1596985,8.57922,88.52348,-53.00048,343.44666,0.0
4b,1,Left Ankle,2768953,1779739179391,2.24,9.36,1.56,-1.4375,10.5625,7.75,0.7307739,0.65771484,0.08099365,0.16363525
4b,1,Left Ankle,2768968,1779739179394,1.29,9.82,1.4,-6.0,-4.875,1.75,0.7312622,0.65722656,0.08026123,0.16394043
4b,4,Right Wrist,35207612,1779739179396,7.2471614,-0.5384855,-0.16989042,28.63504,30.381111,-6.1462717,-145.7349,6.6409397,129.18077,0.0
4b,1,Left Ankle,2768995,1779739179421,1.27,9.72,1.04,-5.75,0.75,-1.625,0.73205566,0.6564331,0.079956055,0.16369629
4b,2,Right Ankle,2497399,1779739179429,3.1899726,-2.1727045,2.4502504,-22.842821,10.399343,-17.466822,-52.838253,28.644365,173.84863,0.0
4b,3,Left Wrist,9004719,1779739179433,-1.4091712,3.1277158,1.6103697,-44.824223,-13.740301,49.73922,88.480896,-52.974476,343.4655,0.0
4b,1,Left Ankle,2769010,1779739179455,1.3,9.76,1.2,-6.4375,3.1875,-4.0625,0.7329712,0.6557007,0.079589844,0.16259766
4b,4,Right Wrist,35207671,1779739179456,8.651749,-1.617648,-0.8877372,18.695042,15.331112,1.4837279,-145.72504,6.59782,129.17773,0.0
4b,1,Left Ankle,2769037,1779739179482,1.31,9.91,1.42,-9.0,-2.375,-6.125,0.73413086,0.65460205,0.079833984,0.16186523
4b,1,Left Ankle,2769052,1779739179483,1.15,9.9,1.32,-8.375,-3.4375,-7.375,0.7352295,0.65356445,0.07977295,0.1609497
4b,2,Right Ankle,2497417,1779739179497,-0.5667589,-2.9049082,3.4073796,-17.592821,8.019342,-17.25682,-52.812283,28.589632,173.85887,0.0
4b,3,Left Wrist,9004780,1779739179497,-3.225323,3.5823522,1.2921243,1.7957764,-24.240301,59.539223,88.47384,-52.95129,343.46692,0.0
4b,1,Left Ankle,2769072,1779739179510,0.96,9.86,1.47,-9.25,-9.6875,-8.625,0.73651123,0.6525879,0.07952881,0.1593628
4b,4,Right Wrist,35207732,1779739179521,9.096813,0.12193361,-0.124426775,20.65504,16.101112,17.023727,-145.71942,6.5617175,129.16951,0.0
4b,1,Left Ankle,2769110,1779739179546,0.68,9.72,1.86,-6.375,-0.9375,-7.0,0.7390137,0.65063477,0.07897949,0.15570068
4b,1,Left Ankle,2769093,1779739179546,0.42,9.95,1.73,-9.0,-9.375,-8.9375,0.73791504,0.6515503,0.07904053,0.15722656
4b,3,Left Wrist,9004839,1779739179554,-2.9788628,3.9963105,0.70348984,33.295776,-4.6403008,71.57922,88.476776,-52.926174,343.47327,0.0
4b,1,Left Ankle,2769139,1779739179571,0.97,10.06,1.66,-3.875,4.8125,-4.3125,0.739563,0.6499634,0.07989502,0.15557861
4b,1,Left Ankle,2769150,1779739179572,0.84,9.69,1.48,-3.9375,2.3125,-4.3125,0.74005127,0.649353,0.08068848,0.15545654
4b,4,Right Wrist,35207791,1779739179576,8.304789,-1.1151556,-0.22013968,49.355038,38.15111,15.763728,-145.70006,6.517413,129.15778,0.0
4b,1,Left Ankle,2769175,1779739179602,0.41,9.63,1.65,-4.5625,1.125,-4.0625,0.7406616,0.64868164,0.08117676,0.15515137
4b,2,Right Ankle,2497505,1779739179610,-1.6028514,-2.869016,2.6057837,-4.5028205,4.5193424,0.2431798,-52.772205,28.542805,173.87773,0.0
4b,3,Left Wrist,9004899,1779739179613,-0.9066782,4.001096,1.5074784,-24.244223,-20.9503,59.04922,88.44665,-52.897285,343.48645,0.0
4b,1,Left Ankle,2769195,1779739179634,0.48,9.69,1.77,-4.9375,4.625,-2.0625,0.74121094,0.6479492,0.08178711,0.15527344
4b,1,Left Ankle,2769210,1779739179635,0.85,9.75,1.61,-4.8125,8.875,-0.25,0.7416382,0.6470947,0.08270264,0.15612793
4b,4,Right Wrist,35207852,1779739179637,7.933902,-0.63659114,0.1914258,52.785038,41.30111,11.213728,-145.68013,6.4731517,129.14664,0.0
4b,1,Left Ankle,2769235,1779739179664,0.82,10.0,1.23,-4.5625,10.1875,0.8125,0.7421875,0.645813,0.084350586,0.15802002
4b,3,Left Wrist,9004959,1779739179674,-0.2917226,4.352841,2.2157538,22.235777,-21.7203,52.18922,88.42178,-52.871056,343.50818,0.0
4b,1,Left Ankle,2769250,1779739179692,0.99,9.78,1.62,-4.8125,10.0,0.875,0.7423706,0.64538574,0.08483887,0.1586914
4b,4,Right Wrist,35207912,1779739179696,7.579764,-0.31834581,-2.033899,2.10504,4.411112,10.303728,-145.68474,6.4311604,129.14223,0.0
4b,2,Right Ankle,2497668,1779739179702,-1.3372476,-2.8977296,1.9214365,-17.66282,9.699343,7.24318,-52.837013,28.40779,173.84886,0.0
4b,1,Left Ankle,2769277,1779739179722,0.85,9.72,1.77,-5.8125,7.6875,1.0,0.7428589,0.6444702,0.085632324,0.15979004
4b,1,Left Ankle,2769295,1779739179722,0.83,9.63,1.81,-5.125,6.8125,0.875,0.7435303,0.6431885,0.08660889,0.16113281
4b,3,Left Wrist,9005019,1779739179734,0.58883566,4.836191,1.8041883,-10.664224,-11.3603,50.719223,88.38279,-52.83785,343.5342,0.0
4b,4,Right Wrist,35207971,1779739179757,7.7400827,-2.1679976,-1.8568304,-19.59496,-6.4388885,12.123728,-145.68774,6.391727,129.14043,0.0
4b,1,Left Ankle,2769311,1779739179757,0.92,9.86,1.86,-4.5,5.625,0.6875,0.7437134,0.64282227,0.08685303,0.16149902
4b,2,Right Ankle,2497688,1779739179760,-1.2869985,-2.7565532,1.9597218,-16.05282,8.719342,6.89318,-52.8612,28.338379,173.83919,0.0
4b,1,Left Ankle,2769336,1779739179787,0.82,9.76,1.88,-2.875,4.75,0.125,0.74438477,0.6416626,0.087524414,0.16259766
4b,1,Left Ankle,2769354,1779739179787,1.04,9.76,1.85,-2.375,4.125,-0.0625,0.7445679,0.6413574,0.087646484,0.16290283
4b,3,Left Wrist,9005080,1779739179793,0.76351184,2.5462599,1.8161523,22.025776,-16.3303,35.31922,88.338066,-52.817184,343.57272,0.0
4b,1,Left Ankle,2769372,1779739179815,1.04,9.82,1.86,-1.5,1.8125,-0.875,0.7449341,0.64086914,0.08770752,0.16339111
4b,4,Right Wrist,35208032,1779739179816,6.9576297,-2.644169,-1.6462619,-126.34496,-45.358887,34.453728,-145.72435,6.36798,129.14027,0.0
4b,2,Right Ankle,2497775,1779739179819,-1.5454233,-3.1298337,1.713261,-4.0828204,-0.80065775,4.79318,-52.927826,28.304655,173.80934,0.0
4b,1,Left Ankle,2769397,1779739179844,0.81,9.62,1.82,-0.625,-1.0625,-1.1875,0.7451782,0.640625,0.087646484,0.16326904
4b,1,Left Ankle,2769415,1779739179846,0.79,9.73,1.84,0.75,-1.9375,-0.75,0.7453003,0.640625,0.08728027,0.16278076
4b,3,Left Wrist,9005139,1779739179854,-0.059618894,2.7783637,2.629712,-58.194225,-11.990301,30.559221,88.26823,-52.798027,343.60986,0.0
4b,1,Left Ankle,2769439,1779739179871,0.84,9.67,1.66,1.0625,-0.6875,-0.75,0.74523926,0.6408081,0.0871582,0.16247559
4b,2,Right Ankle,2497835,1779739179882,-1.4903883,-2.813981,1.8927227,1.2371795,-1.2206576,2.2731798,-52.97233,28.242008,173.78877,0.0
4b,4,Right Wrist,35208091,1779739179882,7.0150576,-0.3542378,1.3926228,-30.02496,2.2411118,9.743728,-145.73056,6.339709,129.13751,0.0
4b,1,Left Ankle,2769461,1779739179908,0.9,9.7,1.59,0.8125,0.0625,-0.125,0.74505615,0.6409302,0.08746338,0.16278076
4b,1,Left Ankle,2769481,1779739179908,0.79,9.72,1.69,-0.125,-1.0625,0.4375,0.74505615,0.6409302,0.08734131,0.16271973
4b,3,Left Wrist,9005200,1779739179913,-0.22711657,2.9171474,2.888137,96.575775,-6.040301,36.509224,88.250305,-52.78136,343.64993,0.0
4b,1,Left Ankle,2769500,1779739179930,0.75,9.63,1.59,-0.25,0.0625,1.3125,0.74505615,0.6409302,0.08721924,0.1628418
4b,4,Right Wrist,35208152,1779739179935,8.005686,-2.227818,-0.33499515,-21.83496,4.6911116,-6.496272,-145.7304,6.2996316,129.13933,0.0
4b,2,Right Ankle,2497895,1779739179947,-1.4329607,-2.8642304,1.8664017,-0.58282053,-2.3406577,0.66317976,-53.01901,28.179798,173.7675,0.0
4b,1,Left Ankle,2769515,1779739179961,0.77,9.79,1.85,-0.1875,0.625,1.6875,0.7451782,0.6409912,0.08660889,0.16235352
4b,1,Left Ankle,2769536,1779739179962,0.88,9.58,1.85,-0.1875,-0.0625,2.9375,0.7451782,0.64086914,0.086242676,0.16296387
4b,3,Left Wrist,9005259,1779739179972,0.60797876,-0.21505745,2.4933212,-23.194223,-19.5503,34.61922,88.19141,-52.800503,343.6865,0.0
4b,1,Left Ankle,2769559,1779739179992,0.74,9.75,1.67,0.3125,-0.6875,3.9375,0.74487305,0.6408081,0.08679199,0.16455078
4b,4,Right Wrist,35208211,1779739179996,7.5151577,-1.2443682,2.7349963,-123.40496,-8.958889,2.6037278,-145.76422,6.276804,129.14137,0.0
4b,2,Right Ankle,2497956,1779739179998,-1.3994612,-2.8857656,1.9453648,0.2571795,-2.7606578,-1.0168202,-53.053524,28.109913,173.75166,0.0
4b,1,Left Ankle,2769578,1779739180021,0.86,9.73,1.87,1.5625,-0.0625,4.75,0.7446289,0.6409302,0.08630371,0.1651001
4b,1,Left Ankle,2769598,1779739180022,0.92,9.62,1.8,2.0,-0.4375,5.375,0.74438477,0.6411133,0.085754395,0.16577148
4b,3,Left Wrist,9005320,1779739180033,-1.5958114,5.0682945,1.8424734,-49.724224,-15.9103,50.789223,88.15321,-52.768642,343.70004,0.0
4b,1,Left Ankle,2769619,1779739180052,0.95,9.74,1.61,1.8125,-1.375,5.625,0.7439575,0.64141846,0.085510254,0.16687012
4b,4,Right Wrist,35208272,1779739180056,7.811867,-2.6298125,1.7204396,11.83504,27.301111,-16.016272,-145.74805,6.235963,129.14194,0.0
4b,2,Right Ankle,2498015,1779739180059,-1.5214953,-3.041299,1.9453648,0.46717948,-3.1806579,-3.1868203,-53.104202,28.050108,173.72794,0.0
4b,1,Left Ankle,2769639,1779739180081,0.9,9.7,1.58,1.8125,-1.25,5.4375,0.7435913,0.64172363,0.08477783,0.16741943
4b,1,Left Ankle,2769660,1779739180082,0.97,9.74,1.73,1.875,-0.3125,5.9375,0.7434082,0.6420288,0.08380127,0.16766357
4b,3,Left Wrist,9005379,1779739180094,-1.8063796,7.0926228,3.531806,-53.714222,-31.170301,74.72922,88.111626,-52.749958,343.71216,0.0
4b,1,Left Ankle,2769678,1779739180112,0.98,9.71,1.85,2.4375,-0.875,6.0,0.743042,0.642334,0.08312988,0.168396
4b,4,Right Wrist,35208332,1779739180123,9.05135,0.5813561,1.5337993,-127.25496,-12.738888,-24.556273,-145.79016,6.2053366,129.15173,0.0
4b,2,Right Ankle,2498076,1779739180123,-1.4568887,-2.9216578,1.9214365,-2.9628205,-4.6506577,-4.30682,-53.149204,27.98413,173.70763,0.0
4b,1,Left Ankle,2769700,1779739180145,1.04,9.7,1.73,3.5625,-0.75,6.125,0.74261475,0.64276123,0.082336426,0.16906738
4b,1,Left Ankle,2769715,1779739180145,1.03,9.73,1.78,4.375,-0.9375,5.875,0.7421875,0.6430054,0.08239746,0.16992188
4b,3,Left Wrist,9005439,1779739180157,-3.9910266,5.518145,3.359523,-74.50423,-34.1103,94.11922,88.069374,-52.74315,343.71857,0.0
4b,1,Left Ankle,2769741,1779739180172,1.06,9.72,1.83,5.5625,-3.1875,5.4375,0.741333,0.64398193,0.08111572,0.17059326
4b,4,Right Wrist,35208391,1779739180178,9.125527,1.1963105,1.8951156,-62.08496,2.8711119,-59.206272,-145.8098,6.164948,129.1684,0.0
4b,2,Right Ankle,2498135,1779739180181,-1.4401392,-3.148976,2.1535404,-0.30282053,-4.510658,-2.6968203,-53.17497,27.9105,173.69621,0.0
4b,1,Left Ankle,2769755,1779739180205,1.06,9.72,1.78,6.0,-3.375,5.25,0.7406616,0.6447754,0.080322266,0.17089844
4b,1,Left Ankle,2769776,1779739180206,1.12,9.71,1.69,6.875,-4.0625,4.1875,0.7399292,0.64575195,0.07940674,0.17102051
4b,3,Left Wrist,9005500,1779739180216,-2.8831496,5.7502494,5.6470613,-14.444223,-51.1903,117.63922,88.04139,-52.75275,343.7268,0.0
4b,1,Left Ankle,2769799,1779739180231,1.21,9.65,1.57,7.5625,-5.5625,3.5,0.73913574,0.64678955,0.078552246,0.1708374
4b,4,Right Wrist,35208452,1779739180236,7.388338,2.1079764,4.4578285,10.22504,55.931114,-85.94627,-145.8026,6.112911,129.18257,0.0
4b,2,Right Ankle,2498196,1779739180240,-1.4999592,-3.340402,2.1966112,-1.6328206,-2.1306577,0.03317979,-53.21026,27.841131,173.68051,0.0
4b,1,Left Ankle,2769815,1779739180261,1.02,9.69,1.66,7.875,-6.5,3.25,0.7387085,0.6473999,0.07800293,0.1706543
4b,1,Left Ankle,2769840,1779739180263,0.99,9.67,1.56,9.25,-6.25,3.625,0.7373657,0.649292,0.076538086,0.16992188
4b,3,Left Wrist,9005559,1779739180274,-1.4402777,5.5707884,5.6087766,34.555775,-58.890297,128.20923,88.02844,-52.767693,343.73517,0.0
4b,1,Left Ankle,2769860,1779739180292,1.17,9.69,1.57,10.125,-4.5,4.125,0.7367554,0.6500244,0.076171875,0.16992188
4b,4,Right Wrist,35208511,1779739180297,6.0914283,-0.7801602,2.5938196,1.5450401,55.02111,-79.29627,-145.79198,6.05701,129.19568,0.0
4b,2,Right Ankle,2498255,1779739180301,-1.4449247,-3.125048,2.2061825,6.4871793,0.10934234,2.2031798,-53.22486,27.768433,173.67302,0.0
4b,1,Left Ankle,2769879,1779739180323,1.2,9.69,1.41,10.8125,-3.9375,4.125,0.7344971,0.6519165,0.0770874,0.1720581
4b,3,Left Wrist,9005620,1779739180333,2.0604222,5.49661,4.4841495,35.955776,-44.890297,107.13922,87.99724,-52.77692,343.76132,0.0
4b,1,Left Ankle,2769904,1779739180352,0.98,9.88,1.59,11.3125,-4.9375,4.5,0.73321533,0.6534424,0.07635498,0.17193604
4b,1,Left Ankle,2769922,1779739180352,1.26,9.68,1.5,13.0625,-4.25,5.625,0.73168945,0.6550293,0.07611084,0.17254639
4b,4,Right Wrist,35208572,1779739180356,4.7227335,0.18175475,4.278367,-15.81496,59.08111,-64.736275,-145.78842,6.0113864,129.20369,0.0
4b,2,Right Ankle,2498315,1779739180363,-1.4592817,-3.2279391,2.1870399,-0.58282053,0.59934235,8.78318,-53.252052,27.699562,173.66194,0.0
4b,1,Left Ankle,2769959,1779739180390,1.02,9.78,1.36,14.75,-6.25,6.5,0.7284546,0.6586914,0.074645996,0.1729126
4b,1,Left Ankle,2769943,1779739180390,1.26,9.68,1.47,14.375,-3.75,5.625,0.7301636,0.6567993,0.07537842,0.17272949
4b,3,Left Wrist,9005679,1779739180394,2.8165538,5.7406783,5.4293146,27.065777,-42.7903,106.36922,87.95841,-52.791443,343.79153,0.0
4b,1,Left Ankle,2769985,1779739180412,1.22,9.74,1.22,16.125,-5.4375,8.0,0.72662354,0.66082764,0.07354736,0.17297363
4b,2,Right Ankle,2498375,1779739180423,-1.4473177,-3.189654,2.0889342,-1.2828205,1.7893424,12.14318,-53.288364,27.635326,173.6471,0.0
4b,1,Left Ankle,2770001,1779739180442,1.27,9.65,1.28,17.25,-5.125,8.875,0.72454834,0.663147,0.07244873,0.17327881
4b,4,Right Wrist,35208631,1779739180447,2.640978,-1.2898318,3.8117664,-2.79496,73.71111,-54.516273,-145.77379,5.968017,129.20659,0.0
4b,3,Left Wrist,9005740,1779739180453,4.3407817,4.8888335,4.1587257,41.345776,-40.130302,97.409225,87.9156,-52.81037,343.8294,0.0
4b,1,Left Ankle,2770025,1779739180473,1.2,9.79,1.23,17.8125,-6.3125,9.9375,0.7225952,0.66552734,0.070739746,0.1730957
4b,1,Left Ankle,2770046,1779739180474,1.26,9.7,1.09,18.375,-7.875,10.8125,0.72039795,0.6680298,0.0690918,0.17333984
4b,2,Right Ankle,2498435,1779739180480,-0.97114575,-2.6704116,2.1224337,6.6271796,-0.24065757,14.03318,-53.273197,27.570646,173.6557,0.0
4b,1,Left Ankle,2770063,1779739180502,1.14,9.86,0.95,18.3125,-7.875,11.6875,0.7180786,0.6704712,0.06774902,0.1739502
4b,4,Right Wrist,35208692,1779739180506,3.1745777,-2.043571,1.8687946,-4.19496,74.62112,-48.566273,-145.7565,5.915636,129.20789,0.0
4b,3,Left Wrist,9005799,1779739180513,4.6303134,6.358026,4.424329,18.385777,-40.200302,85.99922,87.86825,-52.816444,343.8644,0.0
4b,1,Left Ankle,2770087,1779739180533,1.24,9.72,0.89,19.0,-4.3125,13.875,0.71435547,0.67437744,0.06530762,0.17504883
4b,2,Right Ankle,2498496,1779739180540,-1.4449247,-2.8020167,1.8879371,8.86718,-3.4606576,13.47318,-53.310383,27.50885,173.64043,0.0
4b,1,Left Ankle,2770111,1779739180561,1.51,9.79,0.85,19.6875,-2.1875,14.625,0.71154785,0.6769409,0.06439209,0.17681885
4b,1,Left Ankle,2770132,1779739180562,1.54,9.82,0.78,19.0625,-4.625,14.75,0.7089844,0.6795044,0.062805176,0.17791748
4b,4,Right Wrist,35208782,1779739180566,0.9301098,-1.4525434,3.156133,-15.46496,46.62111,-39.25627,-145.74277,5.889786,129.21202,0.0
4b,3,Left Wrist,9005860,1779739180582,4.793025,4.269092,2.682354,50.025776,-27.6003,84.94922,87.817635,-52.835384,343.9135,0.0
4b,1,Left Ankle,2770150,1779739180598,1.58,9.61,0.74,18.9375,-5.8125,14.8125,0.7064209,0.6821289,0.061035156,0.17883301
4b,1,Left Ankle,2770166,1779739180598,1.71,9.72,0.61,18.875,-6.0,14.625,0.70391846,0.6846924,0.05895996,0.1795044
4b,2,Right Ankle,2498555,1779739180599,-1.5167092,-2.6632333,2.120041,2.3571794,-5.1406574,13.05318,-53.27588,27.453274,173.65965,0.0
4b,1,Left Ankle,2770187,1779739180621,1.68,9.65,0.66,18.6875,-7.25,14.5625,0.701416,0.6871948,0.0569458,0.18023682
4b,4,Right Wrist,35208841,1779739180630,0.6668993,-2.5388849,2.3234308,-18.12496,44.31111,-28.406273,-145.72296,5.866719,129.2142,0.0
4b,3,Left Wrist,9005919,1779739180634,5.8482594,5.6665,3.0293133,36.865776,-29.840302,80.189224,87.76486,-52.845818,343.9602,0.0
4b,1,Left Ankle,2770209,1779739180653,1.48,9.64,0.4,17.8125,-9.0,15.1875,0.6989746,0.68969727,0.05480957,0.18084717
4b,1,Left Ankle,2770230,1779739180653,1.92,9.75,0.42,18.625,-8.3125,16.3125,0.69641113,0.69226074,0.052490234,0.18157959
4b,2,Right Ankle,2498616,1779739180661,-1.4521033,-2.2014184,1.847259,1.7271795,-9.130657,9.90318,-53.20936,27.442402,173.69414,0.0
4b,4,Right Wrist,35208902,1779739180690,-0.29262248,-1.8760734,2.859423,-6.22496,44.87111,-24.626272,-145.70319,5.8518853,129.21472,0.0
4b,3,Left Wrist,9005979,1779739180695,6.185648,5.214257,2.225325,17.335777,-17.9403,83.33922,87.69578,-52.863228,344.017,0.0
4b,1,Left Ankle,2770278,1779739180720,1.82,9.69,0.3,15.875,-14.3125,14.1875,0.69158936,0.69732666,0.047546387,0.18231201
4b,1,Left Ankle,2770253,1779739180720,2.15,9.58,0.35,17.9375,-10.125,15.0625,0.69384766,0.69488525,0.050109863,0.1821289
4b,1,Left Ankle,2770289,1779739180720,1.85,9.72,0.29,15.125,-14.1875,13.5625,0.6894531,0.699646,0.044677734,0.18206787
4b,2,Right Ankle,2498675,1779739180720,-1.4521033,-2.246882,2.28036,2.2871795,-13.960657,8.57318,-53.145313,27.422935,173.72833,0.0
4b,1,Left Ankle,2770313,1779739180741,1.8,9.93,0.29,15.125,-10.5,13.8125,0.68743896,0.7017822,0.042175293,0.1821289
4b,4,Right Wrist,35208961,1779739180745,0.61186445,-2.18714,2.4143581,11.90504,50.961113,-24.626272,-145.67477,5.8282366,129.21428,0.0
